acc_x,acc_y,acc_z,gyro_x,gyro_y,gyro_z,label
0.111,0.437,0.85,-2.327,-11.007,-3.377,cleaning
0.111,0.437,0.85,-1.557,-8.977,-3.57,cleaning
0.103,0.441,0.852,-1.557,-8.977,-3.57,cleaning
0.103,0.441,0.852,-1.085,-8.575,-4.235,cleaning
0.098,0.44,0.852,-1.085,-8.575,-4.235,cleaning
0.098,0.44,0.852,-0.455,-7.875,-4.882,cleaning
0.097,0.438,0.859,-0.455,-7.875,-4.882,cleaning
0.097,0.438,0.859,0.577,-5.6,-4.777,cleaning
0.102,0.434,0.867,0.577,-5.6,-4.777,cleaning
0.102,0.434,0.867,1.802,-3.15,-4.69,cleaning
0.112,0.433,0.87,1.802,-3.15,-4.69,cleaning
0.115,0.439,0.874,2.677,-1.697,-4.567,cleaning
0.109,0.442,0.877,2.677,-1.697,-4.567,cleaning
0.109,0.442,0.877,3.132,-1.732,-4.287,cleaning
0.106,0.441,0.879,3.132,-1.732,-4.287,cleaning
0.106,0.441,0.879,3.377,-2.257,-3.885,cleaning
0.104,0.452,0.878,3.377,-2.257,-3.885,cleaning
0.104,0.452,0.878,3.202,-3.657,-3.85,cleaning
0.096,0.454,0.876,3.202,-3.657,-3.85,cleaning
0.096,0.454,0.876,2.957,-5.285,-3.482,cleaning
0.095,0.444,0.871,2.957,-5.285,-3.482,cleaning
0.095,0.444,0.871,2.747,-5.95,-3.272,cleaning
0.102,0.432,0.867,2.747,-5.95,-3.272,cleaning
0.102,0.432,0.867,2.432,-5.582,-3.762,cleaning
0.105,0.427,0.862,2.432,-5.582,-3.762,cleaning
0.105,0.427,0.862,2.222,-3.92,-3.797,cleaning
0.104,0.433,0.862,2.222,-3.92,-3.797,cleaning
0.104,0.433,0.862,1.872,-4.392,-3.815,cleaning
0.098,0.449,0.864,1.872,-4.392,-3.815,cleaning
0.094,0.451,0.859,1.872,-4.392,-3.815,cleaning
0.094,0.451,0.859,1.662,-6.58,-3.447,cleaning
0.098,0.449,0.855,1.662,-6.58,-3.447,cleaning
0.098,0.449,0.855,1.645,-8.225,-2.712,cleaning
0.097,0.434,0.852,1.645,-8.225,-2.712,cleaning
0.097,0.434,0.852,1.995,-9.38,-2.1,cleaning
0.097,0.421,0.854,1.995,-9.38,-2.1,cleaning
0.097,0.421,0.854,2.765,-8.942,-1.995,cleaning
0.093,0.424,0.864,2.765,-8.942,-1.995,cleaning
0.093,0.424,0.864,3.657,-5.932,-2.117,cleaning
0.095,0.436,0.874,3.657,-5.932,-2.117,cleaning
0.095,0.436,0.874,4.637,-3.5,-2.59,cleaning
0.103,0.447,0.872,4.637,-3.5,-2.59,cleaning
0.103,0.447,0.872,5.18,-3.237,-2.817,cleaning
0.111,0.449,0.865,5.18,-3.237,-2.817,cleaning
0.111,0.449,0.865,4.707,-4.217,-2.782,cleaning
0.112,0.447,0.87,4.707,-4.217,-2.782,cleaning
0.112,0.447,0.87,4.095,-5.057,-2.642,cleaning
0.108,0.445,0.879,4.095,-5.057,-2.642,cleaning
0.102,0.438,0.885,4.095,-5.057,-2.642,cleaning
0.102,0.438,0.885,3.762,-5.617,-2.275,cleaning
0.097,0.436,0.884,3.762,-5.617,-2.275,cleaning
0.097,0.436,0.884,3.5,-6.072,-1.942,cleaning
0.098,0.433,0.877,3.5,-6.072,-1.942,cleaning
0.098,0.433,0.877,2.922,-6.93,-1.872,cleaning
0.098,0.438,0.875,2.922,-6.93,-1.872,cleaning
0.098,0.438,0.875,2.1,-8.26,-1.89,cleaning
0.098,0.45,0.876,2.1,-8.26,-1.89,cleaning
0.098,0.45,0.876,1.645,-10.762,-1.785,cleaning
0.096,0.455,0.885,1.645,-10.762,-1.785,cleaning
0.096,0.455,0.885,2.625,-12.075,-0.962,cleaning
0.103,0.45,0.882,2.625,-12.075,-0.962,cleaning
0.103,0.45,0.882,4.69,-12.232,-0.21,cleaning
0.116,0.44,0.858,4.69,-12.232,-0.21,cleaning
0.116,0.44,0.858,5.442,-14.07,-0.262,cleaning
0.115,0.451,0.833,5.442,-14.07,-0.262,cleaning
0.115,0.451,0.833,4.637,-15.61,1.12,cleaning
0.109,0.439,0.843,4.637,-15.61,1.12,cleaning
0.112,0.411,0.866,4.637,-15.61,1.12,cleaning
0.112,0.411,0.866,3.622,-17.097,1.837,cleaning
0.11,0.378,0.892,3.622,-17.097,1.837,cleaning
0.11,0.378,0.892,3.745,-14.77,1.155,cleaning
0.103,0.37,0.909,3.745,-14.77,1.155,cleaning
0.103,0.37,0.909,5.705,-7.14,0.472,cleaning
0.107,0.381,0.91,5.705,-7.14,0.472,cleaning
0.107,0.381,0.91,8.172,0.21,-0.28,cleaning
0.112,0.413,0.899,8.172,0.21,-0.28,cleaning
0.112,0.413,0.899,9.187,1.627,-0.892,cleaning
0.112,0.435,0.887,9.187,1.627,-0.892,cleaning
0.112,0.435,0.887,8.137,-2.345,-0.577,cleaning
0.113,0.438,0.879,8.137,-2.345,-0.577,cleaning
0.113,0.438,0.879,5.862,-7.647,0.28,cleaning
0.118,0.414,0.871,5.862,-7.647,0.28,cleaning
0.118,0.414,0.871,3.36,-10.78,0.822,cleaning
0.11,0.38,0.872,3.36,-10.78,0.822,cleaning
0.097,0.363,0.879,2.327,-8.33,0.717,cleaning
0.092,0.377,0.887,2.327,-8.33,0.717,cleaning
0.092,0.377,0.887,3.185,-3.167,-0.157,cleaning
0.1,0.41,0.875,3.185,-3.167,-0.157,cleaning
0.1,0.41,0.875,4.882,1.155,-1.015,cleaning
0.114,0.445,0.869,4.882,1.155,-1.015,cleaning
0.114,0.445,0.869,5.477,1.365,-1.452,cleaning
0.12,0.46,0.868,5.477,1.365,-1.452,cleaning
0.12,0.46,0.868,5.127,-2.415,-1.33,cleaning
0.123,0.45,0.869,5.127,-2.415,-1.33,cleaning
0.123,0.45,0.869,4.462,-6.755,-1.225,cleaning
0.121,0.425,0.871,4.462,-6.755,-1.225,cleaning
0.121,0.425,0.871,4.287,-8.05,-1.207,cleaning
0.114,0.407,0.875,4.287,-8.05,-1.207,cleaning
0.114,0.407,0.875,4.707,-6.23,-1.137,cleaning
0.115,0.395,0.875,4.707,-6.23,-1.137,cleaning
0.115,0.395,0.875,5.127,-3.85,-1.277,cleaning
0.108,0.397,0.877,5.127,-3.85,-1.277,cleaning
0.114,0.403,0.874,5.302,-2.047,-1.26,cleaning
0.117,0.412,0.875,5.302,-2.047,-1.26,cleaning
0.117,0.412,0.875,5.057,-1.347,-1.295,cleaning
0.121,0.42,0.874,5.057,-1.347,-1.295,cleaning
0.121,0.42,0.874,4.655,-2.24,-1.382,cleaning
0.122,0.429,0.877,4.655,-2.24,-1.382,cleaning
0.122,0.429,0.877,4.287,-2.327,-1.015,cleaning
0.12,0.434,0.883,4.287,-2.327,-1.015,cleaning
0.12,0.434,0.883,4.27,-2.8,-0.525,cleaning
0.125,0.427,0.878,4.27,-2.8,-0.525,cleaning
0.125,0.427,0.878,4.48,-3.395,-0.63,cleaning
0.124,0.422,0.869,4.48,-3.395,-0.63,cleaning
0.124,0.422,0.869,4.375,-3.587,-0.717,cleaning
0.131,0.422,0.87,4.375,-3.587,-0.717,cleaning
0.131,0.422,0.87,3.902,-4.76,-0.805,cleaning
0.119,0.422,0.881,3.902,-4.76,-0.805,cleaning
0.119,0.422,0.881,4.2,-4.445,-0.892,cleaning
0.132,0.413,0.877,4.2,-4.445,-0.892,cleaning
0.134,0.417,0.87,4.2,-4.445,-0.892,cleaning
0.134,0.417,0.87,4.077,-3.535,-0.98,cleaning
0.132,0.416,0.868,4.077,-3.535,-0.98,cleaning
0.132,0.416,0.868,3.447,-3.867,-0.927,cleaning
0.13,0.408,0.867,3.447,-3.867,-0.927,cleaning
0.13,0.408,0.867,2.817,-3.675,-0.997,cleaning
0.12,0.419,0.877,2.817,-3.675,-0.997,cleaning
0.12,0.419,0.877,2.695,-2.59,-0.875,cleaning
0.117,0.43,0.882,2.695,-2.59,-0.875,cleaning
0.117,0.43,0.882,3.307,-2.87,-0.56,cleaning
0.112,0.432,0.883,3.307,-2.87,-0.56,cleaning
0.112,0.432,0.883,4.077,-3.045,0.035,cleaning
0.115,0.427,0.876,4.077,-3.045,0.035,cleaning
0.115,0.427,0.876,4.742,-2.887,0.332,cleaning
0.115,0.42,0.866,4.742,-2.887,0.332,cleaning
0.115,0.42,0.866,4.935,-2.362,0.385,cleaning
0.123,0.416,0.863,4.935,-2.362,0.385,cleaning
0.123,0.416,0.863,4.9,-2.1,0.192,cleaning
0.128,0.413,0.858,4.9,-2.1,0.192,cleaning
0.127,0.421,0.864,4.9,-2.1,0.192,cleaning
0.127,0.421,0.864,4.62,-1.347,-0.105,cleaning
0.129,0.433,0.881,4.62,-1.347,-0.105,cleaning
0.129,0.433,0.881,4.34,-1.207,-0.157,cleaning
0.13,0.441,0.89,4.34,-1.207,-0.157,cleaning
0.13,0.441,0.89,4.112,-2.502,-0.157,cleaning
0.129,0.433,0.887,4.112,-2.502,-0.157,cleaning
0.129,0.433,0.887,3.902,-3.255,-0.07,cleaning
0.134,0.43,0.885,3.902,-3.255,-0.07,cleaning
0.134,0.43,0.885,3.692,-3.43,-0.157,cleaning
0.137,0.423,0.87,3.692,-3.43,-0.157,cleaning
0.137,0.423,0.87,3.22,-3.482,0.052,cleaning
0.131,0.427,0.868,3.22,-3.482,0.052,cleaning
0.131,0.427,0.868,2.415,-4.48,0.332,cleaning
0.127,0.419,0.866,2.415,-4.48,0.332,cleaning
0.127,0.419,0.866,1.715,-4.602,0.28,cleaning
0.129,0.419,0.867,1.715,-4.602,0.28,cleaning
0.129,0.419,0.867,1.155,-4.165,0.035,cleaning
0.128,0.427,0.874,1.155,-4.165,0.035,cleaning
0.128,0.426,0.873,1.155,-4.165,0.035,cleaning
0.128,0.426,0.873,1.032,-4.252,-0.105,cleaning
0.129,0.426,0.868,1.032,-4.252,-0.105,cleaning
0.129,0.426,0.868,1.172,-3.43,-0.35,cleaning
0.126,0.432,0.869,1.172,-3.43,-0.35,cleaning
0.126,0.432,0.869,1.382,-2.817,-0.752,cleaning
0.125,0.429,0.87,1.382,-2.817,-0.752,cleaning
0.125,0.429,0.87,1.96,-2.397,-1.33,cleaning
0.126,0.426,0.863,1.96,-2.397,-1.33,cleaning
0.126,0.426,0.863,2.782,-1.347,-1.82,cleaning
0.125,0.428,0.854,2.782,-1.347,-1.82,cleaning
0.125,0.428,0.854,3.167,-0.665,-1.942,cleaning
0.128,0.439,0.856,3.167,-0.665,-1.942,cleaning
0.128,0.439,0.856,2.835,-1.382,-2.187,cleaning
0.128,0.447,0.869,2.835,-1.382,-2.187,cleaning
0.128,0.447,0.869,2.625,-2.782,-2.415,cleaning
0.133,0.445,0.877,2.625,-2.782,-2.415,cleaning
0.132,0.438,0.883,2.747,-3.71,-2.432,cleaning
0.132,0.432,0.881,2.747,-3.71,-2.432,cleaning
0.132,0.432,0.881,3.29,-4.392,-2.327,cleaning
0.131,0.426,0.874,3.29,-4.392,-2.327,cleaning
0.131,0.426,0.874,3.85,-4.287,-2.082,cleaning
0.131,0.425,0.867,3.85,-4.287,-2.082,cleaning
0.131,0.425,0.867,4.41,-2.695,-1.942,cleaning
0.13,0.433,0.864,4.41,-2.695,-1.942,cleaning
0.13,0.433,0.864,4.707,-1.54,-1.925,cleaning
0.132,0.44,0.859,4.707,-1.54,-1.925,cleaning
0.132,0.44,0.859,4.602,-1.54,-1.96,cleaning
0.132,0.446,0.865,4.602,-1.54,-1.96,cleaning
0.132,0.446,0.865,4.392,-1.995,-1.715,cleaning
0.14,0.447,0.865,4.392,-1.995,-1.715,cleaning
0.14,0.447,0.865,3.92,-2.8,-1.522,cleaning
0.159,0.447,0.856,3.92,-2.8,-1.522,cleaning
0.159,0.447,0.856,2.45,-2.957,-1.417,cleaning
0.182,0.457,0.856,2.45,-2.957,-1.417,cleaning
0.202,0.475,0.867,0.157,-3.535,-1.26,cleaning
0.196,0.506,0.878,0.157,-3.535,-1.26,cleaning
0.196,0.506,0.878,-2.24,-6.545,-0.63,cleaning
0.186,0.506,0.87,-2.24,-6.545,-0.63,cleaning
0.186,0.506,0.87,-4.655,-12.722,1.452,cleaning
0.152,0.482,0.865,-4.655,-12.722,1.452,cleaning
0.152,0.482,0.865,-7.21,-18.672,4.497,cleaning
0.125,0.434,0.858,-7.21,-18.672,4.497,cleaning
0.125,0.434,0.858,-9.012,-21.612,7.017,cleaning
0.096,0.396,0.864,-9.012,-21.612,7.017,cleaning
0.096,0.396,0.864,-9.24,-21.542,7.997,cleaning
0.051,0.358,0.887,-9.24,-21.542,7.997,cleaning
0.051,0.358,0.887,-6.405,-18.725,7.21,cleaning
0.026,0.327,0.887,-6.405,-18.725,7.21,cleaning
0.026,0.327,0.887,-1.382,-12.302,4.795,cleaning
-0.007,0.313,0.895,-1.382,-12.302,4.795,cleaning
-0.007,0.313,0.895,4.707,-4.48,1.015,cleaning
0.004,0.298,0.867,4.707,-4.48,1.015,cleaning
0.081,0.317,0.812,9.012,4.777,-2.992,cleaning
0.123,0.411,0.815,9.012,4.777,-2.992,cleaning
0.123,0.411,0.815,8.942,12.775,-4.935,cleaning
0.134,0.489,0.866,8.942,12.775,-4.935,cleaning
0.134,0.489,0.866,6.3,9.257,-5.547,cleaning
0.152,0.521,0.905,6.3,9.257,-5.547,cleaning
0.152,0.521,0.905,4.76,2.152,-4.445,cleaning
0.162,0.509,0.928,4.76,2.152,-4.445,cleaning
0.162,0.509,0.928,4.462,-4.217,-2.625,cleaning
0.174,0.467,0.919,4.462,-4.217,-2.625,cleaning
0.174,0.467,0.919,4.462,-9.082,-1.295,cleaning
0.168,0.419,0.904,4.462,-9.082,-1.295,cleaning
0.168,0.419,0.904,4.235,-11.147,-0.735,cleaning
0.138,0.386,0.889,4.235,-11.147,-0.735,cleaning
0.138,0.386,0.889,4.147,-7.682,-0.21,cleaning
0.115,0.387,0.878,4.147,-7.682,-0.21,cleaning
0.115,0.387,0.878,3.745,-3.832,0.332,cleaning
0.111,0.411,0.861,3.745,-3.832,0.332,cleaning
0.109,0.423,0.861,3.745,-3.832,0.332,cleaning
0.109,0.423,0.861,2.012,-4.742,0.35,cleaning
0.119,0.417,0.863,2.012,-4.742,0.35,cleaning
0.119,0.417,0.863,0.437,-7.192,0.017,cleaning
0.126,0.414,0.877,0.437,-7.192,0.017,cleaning
0.126,0.414,0.877,0.017,-7.49,-0.437,cleaning
0.128,0.415,0.888,0.017,-7.49,-0.437,cleaning
0.128,0.415,0.888,1.155,-5.39,-0.752,cleaning
0.127,0.419,0.884,1.155,-5.39,-0.752,cleaning
0.127,0.419,0.884,2.747,-3.447,-0.875,cleaning
0.123,0.426,0.869,2.747,-3.447,-0.875,cleaning
0.123,0.426,0.869,3.587,-3.342,-0.997,cleaning
0.117,0.421,0.862,3.587,-3.342,-0.997,cleaning
0.117,0.421,0.862,3.727,-3.797,-1.225,cleaning
0.115,0.416,0.859,3.727,-3.797,-1.225,cleaning
0.115,0.416,0.859,3.675,-3.115,-1.645,cleaning
0.117,0.426,0.864,3.675,-3.115,-1.645,cleaning
0.117,0.426,0.864,3.395,-3.08,-1.925,cleaning
0.121,0.428,0.874,3.395,-3.08,-1.925,cleaning
0.128,0.42,0.877,3.395,-3.08,-1.925,cleaning
0.128,0.42,0.877,3.342,-3.657,-2.17,cleaning
0.131,0.42,0.884,3.342,-3.657,-2.17,cleaning
0.131,0.42,0.884,3.43,-3.307,-2.31,cleaning
0.13,0.427,0.889,3.43,-3.307,-2.31,cleaning
0.13,0.427,0.889,3.605,-3.185,-2.1,cleaning
0.126,0.427,0.881,3.605,-3.185,-2.1,cleaning
0.126,0.427,0.881,3.587,-3.955,-1.872,cleaning
0.124,0.427,0.875,3.587,-3.955,-1.872,cleaning
0.124,0.427,0.875,3.395,-4.112,-1.68,cleaning
0.126,0.433,0.873,3.395,-4.112,-1.68,cleaning
0.126,0.433,0.873,3.202,-4.725,-1.785,cleaning
0.129,0.431,0.87,3.202,-4.725,-1.785,cleaning
0.129,0.431,0.87,2.975,-5.67,-2.135,cleaning
0.127,0.423,0.872,2.975,-5.67,-2.135,cleaning
0.127,0.423,0.872,3.062,-4.637,-2.38,cleaning
0.127,0.422,0.87,3.062,-4.637,-2.38,cleaning
0.127,0.422,0.87,3.255,-3.797,-2.607,cleaning
0.125,0.43,0.869,3.255,-3.797,-2.607,cleaning
0.124,0.427,0.867,3.255,-3.797,-2.607,cleaning
0.124,0.427,0.867,3.29,-4.917,-2.922,cleaning
0.124,0.422,0.866,3.29,-4.917,-2.922,cleaning
0.124,0.422,0.866,3.29,-5.145,-2.94,cleaning
0.122,0.422,0.878,3.29,-5.145,-2.94,cleaning
0.122,0.422,0.878,3.622,-4.427,-2.94,cleaning
0.125,0.419,0.875,3.622,-4.427,-2.94,cleaning
0.125,0.419,0.875,4.287,-3.832,-3.185,cleaning
0.125,0.423,0.871,4.287,-3.832,-3.185,cleaning
0.125,0.423,0.871,4.392,-3.15,-3.167,cleaning
0.124,0.429,0.877,4.392,-3.15,-3.167,cleaning
0.124,0.429,0.877,4.13,-4.112,-3.342,cleaning
0.127,0.425,0.876,4.13,-4.112,-3.342,cleaning
0.127,0.425,0.876,3.762,-4.795,-3.622,cleaning
0.128,0.427,0.877,3.762,-4.795,-3.622,cleaning
0.128,0.427,0.877,3.377,-5.302,-3.57,cleaning
0.129,0.424,0.878,3.377,-5.302,-3.57,cleaning
0.126,0.422,0.876,3.377,-5.11,-3.272,cleaning
0.128,0.417,0.867,3.377,-5.11,-3.272,cleaning
0.128,0.417,0.867,3.675,-4.69,-3.08,cleaning
0.126,0.419,0.872,3.675,-4.69,-3.08,cleaning
0.126,0.419,0.872,3.727,-4.637,-3.167,cleaning
0.12,0.424,0.875,3.727,-4.637,-3.167,cleaning
0.12,0.424,0.875,4.13,-4.182,-3.342,cleaning
0.124,0.435,0.873,4.13,-4.182,-3.342,cleaning
0.124,0.435,0.873,4.375,-4.375,-3.167,cleaning
0.127,0.43,0.87,4.375,-4.375,-3.167,cleaning
0.127,0.43,0.87,4.27,-5.337,-3.132,cleaning
0.13,0.426,0.869,4.27,-5.337,-3.132,cleaning
0.13,0.426,0.869,4.095,-5.092,-3.062,cleaning
0.127,0.426,0.873,4.095,-5.092,-3.062,cleaning
0.127,0.426,0.873,3.832,-5.18,-3.185,cleaning
0.129,0.426,0.874,3.832,-5.18,-3.185,cleaning
0.129,0.426,0.874,3.465,-5.967,-3.517,cleaning
0.125,0.419,0.874,3.465,-5.967,-3.517,cleaning
0.126,0.417,0.873,3.255,-5.302,-3.552,cleaning
0.126,0.424,0.876,3.255,-5.302,-3.552,cleaning
0.126,0.424,0.876,2.957,-4.795,-3.29,cleaning
0.128,0.423,0.878,2.957,-4.795,-3.29,cleaning
0.128,0.423,0.878,2.625,-5.267,-2.94,cleaning
0.127,0.419,0.883,2.625,-5.267,-2.94,cleaning
0.127,0.419,0.883,2.52,-5.407,-2.765,cleaning
0.124,0.418,0.88,2.52,-5.407,-2.765,cleaning
0.124,0.418,0.88,2.817,-5.022,-2.66,cleaning
0.122,0.422,0.87,2.817,-5.022,-2.66,cleaning
0.122,0.422,0.87,2.8,-4.707,-2.59,cleaning
0.12,0.429,0.868,2.8,-4.707,-2.59,cleaning
0.12,0.429,0.868,2.38,-5.337,-2.467,cleaning
0.121,0.418,0.867,2.38,-5.337,-2.467,cleaning
0.121,0.418,0.867,2.065,-5.81,-2.66,cleaning
0.12,0.416,0.873,2.065,-5.81,-2.66,cleaning
0.12,0.416,0.873,2.257,-5.197,-2.817,cleaning
0.122,0.416,0.873,2.257,-5.197,-2.817,cleaning
0.125,0.419,0.878,2.257,-5.197,-2.817,cleaning
0.125,0.419,0.878,2.432,-4.322,-2.8,cleaning
0.124,0.421,0.88,2.432,-4.322,-2.8,cleaning
0.124,0.421,0.88,2.292,-4.445,-2.835,cleaning
0.122,0.422,0.88,2.292,-4.445,-2.835,cleaning
0.122,0.422,0.88,2.222,-4.602,-2.625,cleaning
0.127,0.422,0.876,2.222,-4.602,-2.625,cleaning
0.127,0.422,0.876,2.17,-4.2,-1.977,cleaning
0.13,0.416,0.871,2.17,-4.2,-1.977,cleaning
0.13,0.416,0.871,1.68,-4.235,-1.382,cleaning
0.125,0.409,0.875,1.68,-4.235,-1.382,cleaning
0.125,0.409,0.875,1.12,-4.672,-1.032,cleaning
0.121,0.409,0.878,1.12,-4.672,-1.032,cleaning
0.121,0.409,0.878,0.822,-3.867,-0.63,cleaning
0.117,0.421,0.878,0.822,-3.867,-0.63,cleaning
0.117,0.421,0.878,0.56,-3.587,-0.175,cleaning
0.113,0.431,0.878,0.56,-3.587,-0.175,cleaning
0.113,0.431,0.878,0.332,-4.567,0.087,cleaning
0.115,0.427,0.873,0.332,-4.567,0.087,cleaning
0.119,0.409,0.862,0.332,-4.567,0.087,cleaning
0.119,0.409,0.862,0.367,-5.547,-0.122,cleaning
0.121,0.398,0.857,0.367,-5.547,-0.122,cleaning
0.121,0.398,0.857,0.105,-5.565,-1.155,cleaning
0.102,0.411,0.87,0.105,-5.565,-1.155,cleaning
0.102,0.411,0.87,-0.245,-3.395,-2.222,cleaning
0.102,0.43,0.883,-0.245,-3.395,-2.222,cleaning
0.102,0.43,0.883,0.21,-2.327,-2.905,cleaning
0.118,0.434,0.879,0.21,-2.327,-2.905,cleaning
0.118,0.434,0.879,0.822,-2.397,-2.87,cleaning
0.129,0.442,0.879,0.822,-2.397,-2.87,cleaning
0.129,0.442,0.879,1.05,-1.837,-2.415,cleaning
0.129,0.454,0.886,1.05,-1.837,-2.415,cleaning
0.129,0.454,0.886,1.312,-2.765,-1.662,cleaning
0.133,0.45,0.88,1.312,-2.765,-1.662,cleaning
0.133,0.45,0.88,1.242,-5.022,-0.717,cleaning
0.132,0.438,0.876,1.242,-5.022,-0.717,cleaning
0.132,0.438,0.876,0.857,-6.86,0.262,cleaning
0.121,0.418,0.876,0.857,-6.86,0.262,cleaning
0.11,0.405,0.879,0.857,-6.86,0.262,cleaning
0.11,0.405,0.879,0.507,-6.982,1.015,cleaning
0.108,0.399,0.875,0.507,-6.982,1.015,cleaning
0.108,0.399,0.875,0.542,-6.02,1.417,cleaning
0.108,0.397,0.873,0.542,-6.02,1.417,cleaning
0.108,0.397,0.873,0.437,-5.39,1.33,cleaning
0.112,0.412,0.871,0.437,-5.39,1.33,cleaning
0.112,0.412,0.871,0.385,-4.217,1.365,cleaning
0.109,0.429,0.878,0.385,-4.217,1.365,cleaning
0.109,0.429,0.878,0.402,-4.532,1.26,cleaning
0.112,0.431,0.879,0.402,-4.532,1.26,cleaning
0.112,0.431,0.879,1.102,-5.092,1.207,cleaning
0.115,0.425,0.869,1.102,-5.092,1.207,cleaning
0.115,0.425,0.869,1.68,-4.97,0.927,cleaning
0.112,0.423,0.868,1.68,-4.97,0.927,cleaning
0.112,0.423,0.868,2.03,-4.252,0.665,cleaning
0.104,0.429,0.876,2.03,-4.252,0.665,cleaning
0.111,0.428,0.871,2.432,-4.445,0.525,cleaning
0.113,0.427,0.873,2.432,-4.445,0.525,cleaning
0.113,0.427,0.873,2.222,-5.127,0.385,cleaning
0.113,0.423,0.877,2.222,-5.127,0.385,cleaning
0.113,0.423,0.877,1.89,-5.337,0.332,cleaning
0.112,0.418,0.878,1.89,-5.337,0.332,cleaning
0.112,0.418,0.878,1.715,-5.39,0.07,cleaning
0.113,0.417,0.88,1.715,-5.39,0.07,cleaning
0.113,0.417,0.88,1.68,-4.952,-0.017,cleaning
0.112,0.413,0.878,1.68,-4.952,-0.017,cleaning
0.112,0.413,0.878,1.662,-4.585,-0.122,cleaning
0.112,0.411,0.874,1.662,-4.585,-0.122,cleaning
0.112,0.411,0.874,1.277,-3.78,-0.035,cleaning
0.115,0.417,0.873,1.277,-3.78,-0.035,cleaning
0.115,0.417,0.873,0.577,-3.762,0.175,cleaning
0.113,0.423,0.879,0.577,-3.762,0.175,cleaning
0.113,0.423,0.879,0.192,-4.602,0.332,cleaning
0.112,0.427,0.888,0.192,-4.602,0.332,cleaning
0.112,0.415,0.882,0.437,-5.005,0.507,cleaning
0.114,0.397,0.87,0.437,-5.005,0.507,cleaning
0.114,0.397,0.87,0.787,-4.34,0.28,cleaning
0.109,0.395,0.872,0.787,-4.34,0.28,cleaning
0.109,0.395,0.872,1.207,-1.312,-0.262,cleaning
0.103,0.416,0.875,1.207,-1.312,-0.262,cleaning
0.103,0.416,0.875,2.397,2.17,-0.367,cleaning
0.112,0.446,0.862,2.397,2.17,-0.367,cleaning
0.112,0.446,0.862,3.412,4.095,0.175,cleaning
0.116,0.49,0.855,3.412,4.095,0.175,cleaning
0.116,0.49,0.855,3.85,4.112,1.47,cleaning
0.12,0.508,0.855,3.85,4.112,1.47,cleaning
0.12,0.508,0.855,3.867,-0.577,2.73,cleaning
0.122,0.485,0.842,3.867,-0.577,2.73,cleaning
0.122,0.485,0.842,3.272,-6.737,3.307,cleaning
0.109,0.427,0.861,3.272,-6.737,3.307,cleaning
0.109,0.427,0.861,4.007,-8.522,2.607,cleaning
0.092,0.361,0.874,4.007,-8.522,2.607,cleaning
0.089,0.337,0.876,4.007,-8.522,2.607,cleaning
0.089,0.337,0.876,6.51,-2.117,1.172,cleaning
0.094,0.38,0.884,6.51,-2.117,1.172,cleaning
0.094,0.38,0.884,8.995,6.58,-0.245,cleaning
0.118,0.432,0.875,8.995,6.58,-0.245,cleaning
0.118,0.432,0.875,10.22,8.802,-1.12,cleaning
0.134,0.477,0.879,10.22,8.802,-1.12,cleaning
0.134,0.477,0.879,9.485,5.18,-0.84,cleaning
0.141,0.483,0.889,9.485,5.18,-0.84,cleaning
0.141,0.483,0.889,7.805,-2.94,-0.455,cleaning
0.146,0.455,0.891,7.805,-2.94,-0.455,cleaning
0.146,0.455,0.891,6.125,-6.16,0,cleaning
0.141,0.426,0.879,6.125,-6.16,0,cleaning
0.141,0.426,0.879,5.162,-3.272,0.822,cleaning
0.131,0.416,0.868,5.162,-3.272,0.822,cleaning
0.131,0.416,0.868,4.742,0.42,1.015,cleaning
0.121,0.43,0.872,4.742,0.42,1.015,cleaning
0.121,0.43,0.872,4.655,0.805,0.437,cleaning
0.12,0.439,0.869,4.655,0.805,0.437,cleaning
0.125,0.446,0.858,4.655,0.805,0.437,cleaning
0.125,0.446,0.858,4.567,0.21,-0.122,cleaning
0.125,0.456,0.856,4.567,0.21,-0.122,cleaning
0.125,0.456,0.856,4.165,-0.245,-0.315,cleaning
0.125,0.455,0.858,4.165,-0.245,-0.315,cleaning
0.125,0.455,0.858,3.92,-1.592,-0.105,cleaning
0.123,0.441,0.856,3.92,-1.592,-0.105,cleaning
0.123,0.441,0.856,4.217,-2.38,0.315,cleaning
0.126,0.429,0.851,4.217,-2.38,0.315,cleaning
0.126,0.429,0.851,4.777,-1.19,0.892,cleaning
0.132,0.424,0.847,4.777,-1.19,0.892,cleaning
0.132,0.424,0.847,4.952,-0.157,1.102,cleaning
0.129,0.44,0.864,4.952,-0.157,1.102,cleaning
0.129,0.44,0.864,5.092,-0.647,1.312,cleaning
0.13,0.455,0.878,5.092,-0.647,1.312,cleaning
0.13,0.455,0.878,5.477,-0.367,1.907,cleaning
0.142,0.457,0.868,5.477,-0.367,1.907,cleaning
0.142,0.457,0.868,4.97,0.035,2.327,cleaning
0.146,0.452,0.861,4.97,0.035,2.327,cleaning
0.143,0.443,0.863,4.97,0.035,2.327,cleaning
0.143,0.443,0.863,4.13,0.07,2.292,cleaning
0.144,0.441,0.867,4.13,0.07,2.292,cleaning
0.144,0.441,0.867,4.252,2.257,1.662,cleaning
0.148,0.457,0.855,4.252,2.257,1.662,cleaning
0.148,0.457,0.855,5.337,5.127,1.487,cleaning
0.147,0.482,0.843,5.337,5.127,1.487,cleaning
0.147,0.482,0.843,5.827,5.39,2.59,cleaning
0.144,0.495,0.835,5.827,5.39,2.59,cleaning
0.144,0.495,0.835,5.407,0.052,3.71,cleaning
0.129,0.484,0.843,5.407,0.052,3.71,cleaning
0.129,0.484,0.843,4.987,-6.23,4.427,cleaning
0.128,0.458,0.86,4.987,-6.23,4.427,cleaning
0.128,0.458,0.86,5.722,-8.365,4.2,cleaning
0.126,0.429,0.865,5.722,-8.365,4.2,cleaning
0.126,0.429,0.865,7.577,-5.95,2.415,cleaning
0.134,0.415,0.863,7.577,-5.95,2.415,cleaning
0.134,0.415,0.863,9.992,-0.595,0.105,cleaning
0.132,0.435,0.856,9.992,-0.595,0.105,cleaning
0.145,0.473,0.836,9.992,-0.595,0.105,cleaning
0.145,0.473,0.836,11.637,2.292,-1.68,cleaning
0.155,0.493,0.823,11.637,2.292,-1.68,cleaning
0.155,0.493,0.823,10.71,-0.63,-3.045,cleaning
0.161,0.481,0.825,10.71,-0.63,-3.045,cleaning
0.161,0.481,0.825,7.98,-5.565,-4.252,cleaning
0.16,0.471,0.856,7.98,-5.565,-4.252,cleaning
0.16,0.471,0.856,5.145,-8.032,-4.76,cleaning
0.162,0.445,0.88,5.145,-8.032,-4.76,cleaning
0.162,0.445,0.88,3.535,-6.737,-4.305,cleaning
0.167,0.401,0.874,3.535,-6.737,-4.305,cleaning
0.167,0.401,0.874,2.537,0.507,-3.867,cleaning
0.16,0.409,0.863,2.537,0.507,-3.867,cleaning
0.16,0.409,0.863,1.662,8.26,-3.412,cleaning
0.148,0.44,0.863,1.662,8.26,-3.412,cleaning
0.148,0.44,0.863,0.612,8.26,-3.29,cleaning
0.14,0.481,0.861,0.612,8.26,-3.29,cleaning
0.146,0.508,0.851,-0.017,2.782,-2.467,cleaning
0.154,0.483,0.835,-0.017,2.782,-2.467,cleaning
0.154,0.483,0.835,-0.962,-5.057,-2.205,cleaning
0.16,0.472,0.831,-0.962,-5.057,-2.205,cleaning
0.16,0.472,0.831,-1.347,-5.547,-1.522,cleaning
0.164,0.492,0.845,-1.347,-5.547,-1.522,cleaning
0.164,0.492,0.845,-1.137,-2.345,-0.525,cleaning
0.164,0.501,0.853,-1.137,-2.345,-0.525,cleaning
0.164,0.501,0.853,-0.857,-3.377,-0.297,cleaning
0.158,0.498,0.849,-0.857,-3.377,-0.297,cleaning
0.158,0.498,0.849,-0.647,-6.072,-0.437,cleaning
0.154,0.489,0.841,-0.647,-6.072,-0.437,cleaning
0.154,0.489,0.841,-0.822,-8.925,-0.542,cleaning
0.139,0.469,0.837,-0.822,-8.925,-0.542,cleaning
0.139,0.469,0.837,-0.805,-9.817,-0.367,cleaning
0.131,0.455,0.838,-0.805,-9.817,-0.367,cleaning
0.131,0.455,0.838,-0.367,-8.557,0.105,cleaning
0.135,0.453,0.837,-0.367,-8.557,0.105,cleaning
0.138,0.459,0.841,0,-7.665,0.42,cleaning
0.149,0.468,0.847,0,-7.665,0.42,cleaning
0.149,0.468,0.847,0.385,-6.335,0.84,cleaning
0.148,0.481,0.854,0.385,-6.335,0.84,cleaning
0.148,0.481,0.854,0.98,-5.565,1.102,cleaning
0.149,0.478,0.857,0.98,-5.565,1.102,cleaning
0.149,0.478,0.857,1.61,-6.702,0.997,cleaning
0.142,0.463,0.847,1.61,-6.702,0.997,cleaning
0.142,0.463,0.847,2.31,-7.402,0.507,cleaning
0.138,0.459,0.84,2.31,-7.402,0.507,cleaning
0.138,0.459,0.84,2.642,-7.087,-0.192,cleaning
0.139,0.463,0.837,2.642,-7.087,-0.192,cleaning
0.139,0.463,0.837,2.835,-6.265,-0.7,cleaning
0.134,0.463,0.841,2.835,-6.265,-0.7,cleaning
0.134,0.463,0.841,3.15,-5.985,-1.54,cleaning
0.137,0.455,0.842,3.15,-5.985,-1.54,cleaning
0.137,0.455,0.842,3.57,-5.075,-2.555,cleaning
0.132,0.442,0.845,3.57,-5.075,-2.555,cleaning
0.136,0.452,0.849,3.57,-5.075,-2.555,cleaning
0.136,0.452,0.849,4.217,-4.007,-3.762,cleaning
0.133,0.461,0.851,4.217,-4.007,-3.762,cleaning
0.133,0.461,0.851,4.987,-3.71,-4.287,cleaning
0.144,0.478,0.859,4.987,-3.71,-4.287,cleaning
0.144,0.478,0.859,5.862,-3.237,-4.077,cleaning
0.147,0.478,0.861,5.862,-3.237,-4.077,cleaning
0.147,0.478,0.861,6.492,-4.602,-4.2,cleaning
0.16,0.458,0.851,6.492,-4.602,-4.2,cleaning
0.16,0.458,0.851,6.142,-5.04,-4.97,cleaning
0.148,0.447,0.845,6.142,-5.04,-4.97,cleaning
0.148,0.447,0.845,5.162,-4.777,-6.142,cleaning
0.137,0.432,0.839,5.162,-4.777,-6.142,cleaning
0.137,0.432,0.839,3.517,-5.442,-7.595,cleaning
0.123,0.405,0.843,3.517,-5.442,-7.595,cleaning
0.123,0.405,0.843,2.625,-3.92,-8.435,cleaning
0.115,0.414,0.871,2.625,-3.92,-8.435,cleaning
0.115,0.414,0.871,3.99,3.902,-6.3,cleaning
0.133,0.47,0.882,3.99,3.902,-6.3,cleaning
0.161,0.51,0.863,3.99,3.902,-6.3,cleaning
0.161,0.51,0.863,5.897,8.417,-3.325,cleaning
0.183,0.54,0.833,5.897,8.417,-3.325,cleaning
0.183,0.54,0.833,6.23,4.865,-1.242,cleaning
0.177,0.553,0.826,6.23,4.865,-1.242,cleaning
0.177,0.553,0.826,5.075,-3.255,0.192,cleaning
0.156,0.53,0.832,5.075,-3.255,0.192,cleaning
0.156,0.53,0.832,4.375,-11.375,1.12,cleaning
0.144,0.476,0.83,4.375,-11.375,1.12,cleaning
0.144,0.476,0.83,3.99,-16.852,0.175,cleaning
0.131,0.441,0.848,3.99,-16.852,0.175,cleaning
0.131,0.441,0.848,4.655,-16.047,-0.997,cleaning
0.135,0.429,0.862,4.655,-16.047,-0.997,cleaning
0.135,0.429,0.862,5.547,-10.64,-1.907,cleaning
0.14,0.435,0.868,5.547,-10.64,-1.907,cleaning
0.14,0.435,0.868,6.107,-4.165,-2.17,cleaning
0.148,0.448,0.855,6.107,-4.165,-2.17,cleaning
0.148,0.448,0.855,5.617,-1.575,-2.03,cleaning
0.15,0.465,0.848,5.617,-1.575,-2.03,cleaning
0.154,0.478,0.843,5.617,-1.575,-2.03,cleaning
0.154,0.478,0.843,4.602,-2.1,-1.732,cleaning
0.16,0.477,0.841,4.602,-2.1,-1.732,cleaning
0.16,0.477,0.841,3.307,-4.637,-1.907,cleaning
0.152,0.469,0.852,3.307,-4.637,-1.907,cleaning
0.152,0.469,0.852,2.572,-6.282,-2.082,cleaning
0.15,0.459,0.854,2.572,-6.282,-2.082,cleaning
0.15,0.459,0.854,2.817,-5.302,-2.257,cleaning
0.149,0.459,0.854,2.817,-5.302,-2.257,cleaning
0.149,0.459,0.854,3.43,-3.517,-2.275,cleaning
0.149,0.465,0.853,3.43,-3.517,-2.275,cleaning
0.149,0.465,0.853,3.955,-2.8,-2.24,cleaning
0.152,0.469,0.842,3.955,-2.8,-2.24,cleaning
0.152,0.469,0.842,3.99,-3.71,-1.96,cleaning
0.151,0.466,0.838,3.99,-3.71,-1.96,cleaning
0.151,0.466,0.838,3.5,-5.215,-1.89,cleaning
0.148,0.461,0.845,3.5,-5.215,-1.89,cleaning
0.148,0.461,0.845,3.027,-5.88,-1.942,cleaning
0.146,0.454,0.848,3.027,-5.88,-1.942,cleaning
0.146,0.453,0.857,3.027,-5.88,-1.942,cleaning
0.146,0.453,0.857,2.537,-4.952,-2.047,cleaning
0.144,0.449,0.858,2.537,-4.952,-2.047,cleaning
0.144,0.449,0.858,2.485,-2.38,-2.065,cleaning
0.144,0.45,0.85,2.485,-2.38,-2.065,cleaning
0.144,0.45,0.85,2.502,0.665,-2.292,cleaning
0.154,0.461,0.841,2.502,0.665,-2.292,cleaning
0.154,0.461,0.841,2.205,1.645,-2.887,cleaning
0.152,0.484,0.839,2.205,1.645,-2.887,cleaning
0.152,0.484,0.839,1.277,-0.665,-3.447,cleaning
0.154,0.518,0.849,1.277,-0.665,-3.447,cleaning
0.154,0.518,0.849,0.507,-4.13,-3.062,cleaning
0.16,0.508,0.847,0.507,-4.13,-3.062,cleaning
0.16,0.508,0.847,-0.262,-7.07,-3.202,cleaning
0.157,0.486,0.838,-0.262,-7.07,-3.202,cleaning
0.157,0.486,0.838,-1.33,-8.54,-4.217,cleaning
0.149,0.458,0.835,-1.33,-8.54,-4.217,cleaning
0.134,0.445,0.846,-2.03,-7.315,-5.092,cleaning
0.132,0.452,0.858,-2.03,-7.315,-5.092,cleaning
0.132,0.452,0.858,-1.925,-4.532,-4.935,cleaning
0.136,0.449,0.863,-1.925,-4.532,-4.935,cleaning
0.136,0.449,0.863,-1.837,-2.8,-3.727,cleaning
0.142,0.45,0.858,-1.837,-2.8,-3.727,cleaning
0.142,0.45,0.858,-2.345,-1.522,-1.995,cleaning
0.142,0.465,0.862,-2.345,-1.522,-1.995,cleaning
0.142,0.465,0.862,-4.042,-2.625,-0.577,cleaning
0.141,0.474,0.875,-4.042,-2.625,-0.577,cleaning
0.141,0.474,0.875,-5.705,-5.285,0.577,cleaning
0.141,0.471,0.877,-5.705,-5.285,0.577,cleaning
0.141,0.471,0.877,-6.422,-6.02,2.87,cleaning
0.146,0.457,0.864,-6.422,-6.02,2.87,cleaning
0.146,0.457,0.864,-7.087,-6.965,5.6,cleaning
0.145,0.437,0.851,-7.087,-6.965,5.6,cleaning
0.145,0.437,0.851,-8.12,-7.7,7.472,cleaning
0.143,0.437,0.844,-8.12,-7.7,7.472,cleaning
0.137,0.455,0.859,-8.12,-7.7,7.472,cleaning
0.137,0.455,0.859,-9.642,-8.032,8.155,cleaning
0.131,0.49,0.892,-9.642,-8.032,8.155,cleaning
0.131,0.49,0.892,-10.552,-8.085,7.227,cleaning
0.12,0.51,0.904,-10.552,-8.085,7.227,cleaning
0.12,0.51,0.904,-9.922,-8.487,4.882,cleaning
0.12,0.51,0.875,-9.922,-8.487,4.882,cleaning
0.12,0.51,0.875,-8.855,-10.517,2.1,cleaning
0.115,0.498,0.835,-8.855,-10.517,2.1,cleaning
0.115,0.498,0.835,-9.502,-13.737,-0.052,cleaning
0.099,0.492,0.828,-9.502,-13.737,-0.052,cleaning
0.099,0.492,0.828,-11.27,-18.042,-1.225,cleaning
0.093,0.477,0.823,-11.27,-18.042,-1.225,cleaning
0.093,0.477,0.823,-13.195,-23.362,-1.75,cleaning
0.086,0.445,0.829,-13.195,-23.362,-1.75,cleaning
0.086,0.445,0.829,-14.437,-25.9,-1.767,cleaning
0.092,0.415,0.844,-14.437,-25.9,-1.767,cleaning
0.092,0.415,0.844,-14.332,-23.537,-1.435,cleaning
0.103,0.389,0.862,-14.332,-23.537,-1.435,cleaning
0.11,0.391,0.88,-14.332,-23.537,-1.435,cleaning
0.11,0.391,0.88,-12.95,-17.57,-1.487,cleaning
0.106,0.413,0.887,-12.95,-17.57,-1.487,cleaning
0.106,0.413,0.887,-10.517,-12.005,-1.435,cleaning
0.094,0.447,0.876,-10.517,-12.005,-1.435,cleaning
0.094,0.447,0.876,-8.295,-9.695,-0.682,cleaning
0.084,0.456,0.854,-8.295,-9.695,-0.682,cleaning
0.084,0.456,0.854,-8.015,-13.195,0.122,cleaning
0.075,0.448,0.848,-8.015,-13.195,0.122,cleaning
0.075,0.448,0.848,-9.712,-17.71,0.542,cleaning
0.063,0.434,0.866,-9.712,-17.71,0.542,cleaning
0.063,0.434,0.866,-11.445,-19.67,0.455,cleaning
0.059,0.411,0.894,-11.445,-19.67,0.455,cleaning
0.059,0.411,0.894,-11.602,-18.812,-0.157,cleaning
0.062,0.391,0.906,-11.602,-18.812,-0.157,cleaning
0.062,0.391,0.906,-9.957,-14.595,-0.245,cleaning
0.063,0.382,0.904,-9.957,-14.595,-0.245,cleaning
0.063,0.382,0.904,-7.262,-9.222,1.277,cleaning
0.059,0.398,0.887,-7.262,-9.222,1.277,cleaning
0.067,0.414,0.868,-7.262,-9.222,1.277,cleaning
0.067,0.414,0.868,-4.9,-9.187,3.255,cleaning
0.073,0.408,0.854,-4.9,-9.187,3.255,cleaning
0.073,0.408,0.854,-3.657,-13.72,5.005,cleaning
0.056,0.396,0.853,-3.657,-13.72,5.005,cleaning
0.056,0.396,0.853,-2.957,-16.187,6.107,cleaning
0.022,0.382,0.854,-2.957,-16.187,6.107,cleaning
0.022,0.382,0.854,-0.927,-15.54,6.177,cleaning
0.032,0.346,0.837,-0.927,-15.54,6.177,cleaning
0.032,0.346,0.837,1.382,-10.972,5.355,cleaning
0.047,0.337,0.832,1.382,-10.972,5.355,cleaning
0.047,0.337,0.832,2.59,-1.12,2.625,cleaning
0.057,0.39,0.853,2.59,-1.12,2.625,cleaning
0.057,0.39,0.853,3.972,11.06,0.21,cleaning
0.062,0.488,0.912,3.972,11.06,0.21,cleaning
0.062,0.488,0.912,5.302,7.647,-2.625,cleaning
0.05,0.509,0.963,5.302,7.647,-2.625,cleaning
0.05,0.509,0.963,8.085,-2.327,-4.602,cleaning
0.048,0.438,0.951,8.085,-2.327,-4.602,cleaning
0.061,0.375,0.915,8.085,-2.327,-4.602,cleaning
0.061,0.375,0.915,11.602,-4.042,-5.18,cleaning
0.068,0.336,0.9,11.602,-4.042,-5.18,cleaning
0.068,0.336,0.9,13.475,-0.455,-5.022,cleaning
0.061,0.368,0.925,13.475,-0.455,-5.022,cleaning
0.061,0.368,0.925,14.682,3.377,-4.69,cleaning
0.071,0.4,0.92,14.682,3.377,-4.69,cleaning
0.071,0.4,0.92,15.977,3.99,-4.147,cleaning
0.096,0.395,0.87,15.977,3.99,-4.147,cleaning
0.096,0.395,0.87,14.84,3.675,-4.497,cleaning
0.102,0.41,0.836,14.84,3.675,-4.497,cleaning
0.102,0.41,0.836,11.847,3.412,-4.48,cleaning
0.098,0.426,0.831,11.847,3.412,-4.48,cleaning
0.098,0.426,0.831,8.872,1.347,-4.55,cleaning
0.086,0.426,0.838,8.872,1.347,-4.55,cleaning
0.086,0.426,0.838,7.542,1.382,-4.375,cleaning
0.08,0.425,0.852,7.542,1.382,-4.375,cleaning
0.076,0.435,0.887,7.98,3.99,-4.217,cleaning
0.085,0.443,0.904,7.98,3.99,-4.217,cleaning
0.085,0.443,0.904,10.202,5.355,-4.567,cleaning
0.098,0.452,0.902,10.202,5.355,-4.567,cleaning
0.098,0.452,0.902,12.565,4.637,-4.97,cleaning
0.108,0.443,0.886,12.565,4.637,-4.97,cleaning
0.108,0.443,0.886,13.387,2.135,-5.337,cleaning
0.107,0.431,0.873,13.387,2.135,-5.337,cleaning
0.107,0.431,0.873,12.46,0.437,-5.862,cleaning
0.1,0.429,0.869,12.46,0.437,-5.862,cleaning
0.1,0.429,0.869,10.482,-1.4,-6.247,cleaning
0.085,0.432,0.869,10.482,-1.4,-6.247,cleaning
0.085,0.432,0.869,8.19,-2.502,-5.845,cleaning
0.072,0.433,0.878,8.19,-2.502,-5.845,cleaning
0.072,0.433,0.878,6.492,-3.587,-5.11,cleaning
0.078,0.426,0.881,6.492,-3.587,-5.11,cleaning
0.078,0.426,0.881,5.092,-5.197,-4.76,cleaning
0.096,0.416,0.882,5.092,-5.197,-4.76,cleaning
0.097,0.425,0.902,5.092,-5.197,-4.76,cleaning
0.097,0.425,0.902,4.06,-5.302,-4.357,cleaning
0.104,0.428,0.885,4.06,-5.302,-4.357,cleaning
0.104,0.428,0.885,4.217,-5.022,-4.095,cleaning
0.113,0.439,0.856,4.217,-5.022,-4.095,cleaning
0.113,0.439,0.856,3.57,-4.777,-3.972,cleaning
0.107,0.45,0.846,3.57,-4.777,-3.972,cleaning
0.107,0.45,0.846,1.855,-5.705,-3.22,cleaning
0.097,0.456,0.865,1.855,-5.705,-3.22,cleaning
0.097,0.456,0.865,0.28,-8.05,-2.222,cleaning
0.092,0.437,0.874,0.28,-8.05,-2.222,cleaning
0.092,0.437,0.874,-0.35,-10.237,-1.592,cleaning
0.088,0.424,0.886,-0.35,-10.237,-1.592,cleaning
0.088,0.424,0.886,-0.402,-10.955,-1.137,cleaning
0.086,0.407,0.887,-0.402,-10.955,-1.137,cleaning
0.086,0.407,0.887,0.017,-9.257,-0.455,cleaning
0.086,0.408,0.883,0.017,-9.257,-0.455,cleaning
0.086,0.408,0.883,0.577,-6.58,0.28,cleaning
0.091,0.409,0.875,0.577,-6.58,0.28,cleaning
0.076,0.4,0.861,0.577,-6.58,0.28,cleaning
0.076,0.4,0.861,0.472,-6.475,-0.455,cleaning
0.048,0.401,0.871,0.472,-6.475,-0.455,cleaning
0.048,0.401,0.871,0.175,-5.862,-2.625,cleaning
0.05,0.412,0.923,0.175,-5.862,-2.625,cleaning
0.05,0.412,0.923,3.465,-4.147,-4.392,cleaning
0.113,0.366,0.907,3.465,-4.147,-4.392,cleaning
0.113,0.366,0.907,10.237,0.455,-6.492,cleaning
0.178,0.399,0.877,10.237,0.455,-6.492,cleaning
0.178,0.399,0.877,15.347,10.832,-7.7,cleaning
0.154,0.53,0.876,15.347,10.832,-7.7,cleaning
0.154,0.53,0.876,17.062,7.63,-4.655,cleaning
0.117,0.622,0.847,17.062,7.63,-4.655,cleaning
0.117,0.622,0.847,13.667,-14.822,-3.657,cleaning
0.076,0.597,0.827,13.667,-14.822,-3.657,cleaning
0.076,0.597,0.827,6.93,-32.935,-5.81,cleaning
0.055,0.47,0.829,6.93,-32.935,-5.81,cleaning
0.055,0.47,0.829,1.802,-33.005,-9.555,cleaning
0.055,0.335,0.866,1.802,-33.005,-9.555,cleaning
0.058,0.271,0.892,1.802,-33.005,-9.555,cleaning
0.058,0.271,0.892,0.892,-17.01,-12.74,cleaning
0.087,0.267,0.894,0.892,-17.01,-12.74,cleaning
0.087,0.267,0.894,2.1,3.395,-12.267,cleaning
0.114,0.328,0.896,2.1,3.395,-12.267,cleaning
0.114,0.328,0.896,1.785,14.822,-9.17,cleaning
0.129,0.406,0.902,1.785,14.822,-9.17,cleaning
0.129,0.406,0.902,-0.28,12.74,-5.022,cleaning
0.128,0.462,0.904,-0.28,12.74,-5.022,cleaning
0.128,0.462,0.904,-2.467,4.795,-0.98,cleaning
0.114,0.496,0.901,-2.467,4.795,-0.98,cleaning
0.114,0.496,0.901,-3.797,-3.535,1.557,cleaning
0.104,0.477,0.879,-3.797,-3.535,1.557,cleaning
0.104,0.477,0.879,-4.532,-8.89,1.907,cleaning
0.098,0.443,0.864,-4.532,-8.89,1.907,cleaning
0.098,0.443,0.864,-4.707,-9.45,0.927,cleaning
0.078,0.431,0.866,-4.707,-9.45,0.927,cleaning
0.078,0.431,0.866,-3.517,-6.825,0.385,cleaning
0.072,0.44,0.86,-3.517,-6.825,0.385,cleaning
0.075,0.437,0.848,-3.517,-6.825,0.385,cleaning
0.075,0.437,0.848,-2.45,-6.545,0.525,cleaning
0.075,0.425,0.848,-2.45,-6.545,0.525,cleaning
0.075,0.425,0.848,-2.24,-8.277,0.315,cleaning
0.071,0.412,0.854,-2.24,-8.277,0.315,cleaning
0.071,0.412,0.854,-1.785,-7.735,-0.192,cleaning
0.065,0.41,0.865,-1.785,-7.735,-0.192,cleaning
0.065,0.41,0.865,-0.63,-4.462,-1.032,cleaning
0.067,0.416,0.873,-0.63,-4.462,-1.032,cleaning
0.067,0.416,0.873,1.19,-0.122,-1.802,cleaning
0.084,0.437,0.845,1.19,-0.122,-1.802,cleaning
0.084,0.437,0.845,2.082,1.19,-2.047,cleaning
0.1,0.451,0.815,2.082,1.19,-2.047,cleaning
0.1,0.451,0.815,-0.192,-4.147,-1.715,cleaning
0.08,0.473,0.832,-0.192,-4.147,-1.715,cleaning
0.08,0.473,0.832,-2.1,-10.99,0.087,cleaning
0.053,0.472,0.887,-2.1,-10.99,0.087,cleaning
0.057,0.417,0.915,-0.332,-13.562,2.205,cleaning
0.07,0.352,0.911,-0.332,-13.562,2.205,cleaning
0.07,0.352,0.911,3.307,-8.207,2.817,cleaning
0.086,0.335,0.901,3.307,-8.207,2.817,cleaning
0.086,0.335,0.901,6.247,0.28,1.575,cleaning
0.091,0.37,0.884,6.247,0.28,1.575,cleaning
0.091,0.37,0.884,6.982,6.72,0,cleaning
0.092,0.436,0.885,6.982,6.72,0,cleaning
0.092,0.436,0.885,5.302,8.277,0.595,cleaning
0.086,0.488,0.893,5.302,8.277,0.595,cleaning
0.086,0.488,0.893,2.31,0.577,1.662,cleaning
0.082,0.46,0.904,2.31,0.577,1.662,cleaning
0.082,0.46,0.904,-0.332,-8.575,1.365,cleaning
0.075,0.411,0.908,-0.332,-8.575,1.365,cleaning
0.075,0.411,0.908,-0.822,-7.087,0.42,cleaning
0.074,0.402,0.915,-0.822,-7.087,0.42,cleaning
0.074,0.402,0.915,0.157,-2.1,-0.91,cleaning
0.086,0.414,0.891,0.157,-2.1,-0.91,cleaning
0.093,0.43,0.86,0.192,0.297,-1.837,cleaning
0.088,0.447,0.851,0.192,0.297,-1.837,cleaning
0.088,0.447,0.851,-1.26,0.892,-1.452,cleaning
0.076,0.468,0.872,-1.26,0.892,-1.452,cleaning
0.076,0.468,0.872,-2.642,-1.767,-0.472,cleaning
0.081,0.45,0.872,-2.642,-1.767,-0.472,cleaning
0.081,0.45,0.872,-3.115,-6.93,0.42,cleaning
0.089,0.418,0.865,-3.115,-6.93,0.42,cleaning
0.089,0.418,0.865,-2.905,-7.42,1.715,cleaning
0.081,0.402,0.86,-2.905,-7.42,1.715,cleaning
0.081,0.402,0.86,-2.432,-5.95,2.765,cleaning
0.056,0.402,0.869,-2.432,-5.95,2.765,cleaning
0.056,0.402,0.869,-2.52,-3.57,1.4,cleaning
0.043,0.429,0.883,-2.52,-3.57,1.4,cleaning
0.043,0.429,0.883,-2.17,0.402,-0.35,cleaning
0.066,0.449,0.88,-2.17,0.402,-0.35,cleaning
0.066,0.449,0.88,-2.187,1.942,-1.487,cleaning
0.076,0.467,0.888,-2.187,1.942,-1.487,cleaning
0.089,0.449,0.871,-2.187,1.942,-1.487,cleaning
0.089,0.449,0.871,-2.292,-0.735,-1.085,cleaning
0.096,0.43,0.872,-2.292,-0.735,-1.085,cleaning
0.096,0.43,0.872,-3.412,-3.78,0.402,cleaning
0.076,0.423,0.887,-3.412,-3.78,0.402,cleaning
0.076,0.423,0.887,-4.357,-5.337,2.1,cleaning
0.06,0.429,0.884,-4.357,-5.337,2.1,cleaning
0.06,0.429,0.884,-4.27,-5.407,3.307,cleaning
0.054,0.428,0.871,-4.27,-5.407,3.307,cleaning
0.054,0.428,0.871,-3.937,-5.862,3.762,cleaning
0.053,0.418,0.864,-3.937,-5.862,3.762,cleaning
0.053,0.418,0.864,-3.71,-6.387,3.587,cleaning
0.05,0.42,0.868,-3.71,-6.387,3.587,cleaning
0.05,0.42,0.868,-2.782,-5.11,3.78,cleaning
0.05,0.429,0.871,-2.782,-5.11,3.78,cleaning
0.05,0.429,0.871,-1.4,-2.765,4.34,cleaning
0.055,0.438,0.861,-1.4,-2.765,4.34,cleaning
0.055,0.438,0.861,-0.49,-3.342,4.322,cleaning
0.051,0.438,0.849,-0.49,-3.342,4.322,cleaning
0.056,0.434,0.847,-0.49,-3.342,4.322,cleaning
0.056,0.434,0.847,-0.035,-3.622,4.165,cleaning
0.05,0.44,0.865,-0.035,-3.622,4.165,cleaning
0.05,0.44,0.865,0.717,-1.907,3.867,cleaning
0.053,0.434,0.871,0.717,-1.907,3.867,cleaning
0.053,0.434,0.871,2.31,-1.33,3.027,cleaning
0.063,0.431,0.866,2.31,-1.33,3.027,cleaning
0.063,0.431,0.866,3.727,-0.192,2.362,cleaning
0.063,0.439,0.865,3.727,-0.192,2.362,cleaning
0.063,0.439,0.865,4.777,1.19,2.327,cleaning
0.062,0.44,0.865,4.777,1.19,2.327,cleaning
0.062,0.44,0.865,5.32,0.14,1.925,cleaning
0.059,0.431,0.868,5.32,0.14,1.925,cleaning
0.059,0.431,0.868,5.6,-0.087,0.962,cleaning
0.051,0.44,0.882,5.6,-0.087,0.962,cleaning
0.051,0.44,0.882,6.317,1.61,0.157,cleaning
0.06,0.454,0.881,6.317,1.61,0.157,cleaning
0.06,0.454,0.881,6.335,1.89,-0.577,cleaning
0.071,0.468,0.876,6.335,1.89,-0.577,cleaning
0.081,0.477,0.873,6.335,1.89,-0.577,cleaning
0.081,0.477,0.873,5.425,-0.122,-0.945,cleaning
0.083,0.467,0.87,5.425,-0.122,-0.945,cleaning
0.083,0.467,0.87,3.867,-3.325,-0.595,cleaning
0.075,0.445,0.882,3.867,-3.325,-0.595,cleaning
0.075,0.445,0.882,2.327,-5.635,-0.035,cleaning
0.062,0.415,0.888,2.327,-5.635,-0.035,cleaning
0.062,0.415,0.888,2.012,-6.02,0.192,cleaning
0.059,0.398,0.875,2.012,-6.02,0.192,cleaning
0.059,0.398,0.875,2.415,-3.08,0.21,cleaning
0.059,0.422,0.863,2.415,-3.08,0.21,cleaning
0.059,0.422,0.863,2.572,-0.262,0.507,cleaning
0.068,0.453,0.855,2.572,-0.262,0.507,cleaning
0.068,0.453,0.855,2.065,-1.312,0.787,cleaning
0.068,0.467,0.86,2.065,-1.312,0.787,cleaning
0.068,0.467,0.86,1.802,-3.727,0.91,cleaning
0.073,0.46,0.859,1.802,-3.727,0.91,cleaning
0.073,0.46,0.859,2.065,-4.567,0.665,cleaning
0.068,0.455,0.863,2.065,-4.567,0.665,cleaning
0.067,0.452,0.864,2.065,-4.567,0.665,cleaning
0.067,0.452,0.864,2.765,-3.797,0.157,cleaning
0.066,0.459,0.863,2.765,-3.797,0.157,cleaning
0.066,0.459,0.863,3.5,-2.835,-0.21,cleaning
0.069,0.454,0.865,3.5,-2.835,-0.21,cleaning
0.069,0.454,0.865,3.832,-3.027,-0.35,cleaning
0.066,0.445,0.869,3.832,-3.027,-0.35,cleaning
0.066,0.445,0.869,4.305,-3.202,-0.192,cleaning
0.072,0.43,0.858,4.305,-3.202,-0.192,cleaning
0.072,0.43,0.858,4.322,-2.8,-0.21,cleaning
0.069,0.435,0.864,4.322,-2.8,-0.21,cleaning
0.069,0.435,0.864,3.78,-2.572,-0.77,cleaning
0.065,0.449,0.872,3.78,-2.572,-0.77,cleaning
0.065,0.449,0.872,3.517,-2.625,-1.137,cleaning
0.069,0.467,0.875,3.517,-2.625,-1.137,cleaning
0.069,0.467,0.875,3.692,-2.817,-1.067,cleaning
0.074,0.466,0.868,3.692,-2.817,-1.067,cleaning
0.082,0.449,0.85,3.762,-3.85,-1.05,cleaning
0.079,0.442,0.85,3.762,-3.85,-1.05,cleaning
0.079,0.442,0.85,3.43,-3.115,-0.875,cleaning
0.079,0.452,0.856,3.43,-3.115,-0.875,cleaning
0.079,0.452,0.856,3.377,-1.172,-0.315,cleaning
0.08,0.468,0.858,3.377,-1.172,-0.315,cleaning
0.08,0.468,0.858,2.765,-0.875,0.805,cleaning
0.078,0.473,0.864,2.765,-0.875,0.805,cleaning
0.078,0.473,0.864,1.4,-3.08,2.31,cleaning
0.073,0.467,0.879,1.4,-3.08,2.31,cleaning
0.073,0.467,0.879,0.332,-6.72,3.867,cleaning
0.072,0.449,0.879,0.332,-6.72,3.867,cleaning
0.072,0.449,0.879,-0.227,-9.17,5.022,cleaning
0.083,0.436,0.867,-0.227,-9.17,5.022,cleaning
0.083,0.436,0.867,-1.207,-7.805,5.022,cleaning
0.083,0.464,0.884,-1.207,-7.805,5.022,cleaning
0.083,0.464,0.884,-2.1,-6.58,3.92,cleaning
0.079,0.488,0.906,-2.1,-6.58,3.92,cleaning
0.084,0.482,0.897,-1.995,-8.907,2.467,cleaning
0.079,0.459,0.872,-1.995,-8.907,2.467,cleaning
0.079,0.459,0.872,-1.872,-11.025,1.837,cleaning
0.064,0.434,0.854,-1.872,-11.025,1.837,cleaning
0.064,0.434,0.854,-1.662,-11.462,2.292,cleaning
0.056,0.409,0.846,-1.662,-11.462,2.292,cleaning
0.056,0.409,0.846,-0.997,-11.252,2.817,cleaning
0.06,0.395,0.841,-0.997,-11.252,2.817,cleaning
0.06,0.395,0.841,0.297,-7.962,3.045,cleaning
0.057,0.414,0.849,0.297,-7.962,3.045,cleaning
0.057,0.414,0.849,2.082,-3.377,3.115,cleaning
0.049,0.451,0.865,2.082,-3.377,3.115,cleaning
0.049,0.451,0.865,4.637,-2.52,3.202,cleaning
0.044,0.455,0.867,4.637,-2.52,3.202,cleaning
0.044,0.455,0.867,8.33,-3.535,2.975,cleaning
0.053,0.429,0.84,8.33,-3.535,2.975,cleaning
0.053,0.429,0.84,12.075,-2.082,2.152,cleaning
0.053,0.401,0.823,12.075,-2.082,2.152,cleaning
0.06,0.376,0.804,12.075,-2.082,2.152,cleaning
0.06,0.376,0.804,15.662,1.785,0.262,cleaning
0.087,0.409,0.837,15.662,1.785,0.262,cleaning
0.087,0.409,0.837,17.657,9.152,-3.342,cleaning
0.093,0.531,0.91,17.657,9.152,-3.342,cleaning
0.093,0.531,0.91,19.232,14.262,-5.407,cleaning
0.103,0.596,0.942,19.232,14.262,-5.407,cleaning
0.103,0.596,0.942,21,5.075,-4.48,cleaning
0.125,0.534,0.891,21,5.075,-4.48,cleaning
0.125,0.534,0.891,21.175,-10.395,-3.01,cleaning
0.123,0.437,0.824,21.175,-10.395,-3.01,cleaning
0.123,0.437,0.824,19.075,-13.772,-1.557,cleaning
0.086,0.417,0.842,19.075,-13.772,-1.557,cleaning
0.086,0.417,0.842,17.272,-13.09,-0.945,cleaning
0.074,0.42,0.874,17.272,-13.09,-0.945,cleaning
0.074,0.42,0.874,16.607,-12.705,-1.382,cleaning
0.095,0.41,0.874,16.607,-12.705,-1.382,cleaning
0.095,0.41,0.874,15.47,-7.665,-1.19,cleaning
0.126,0.429,0.877,15.47,-7.665,-1.19,cleaning
0.141,0.452,0.881,15.47,-7.665,-1.19,cleaning
0.141,0.452,0.881,13.037,-4.13,-1.12,cleaning
0.15,0.467,0.872,13.037,-4.13,-1.12,cleaning
0.15,0.467,0.872,9.852,-2.362,-0.857,cleaning
0.149,0.47,0.86,9.852,-2.362,-0.857,cleaning
0.149,0.47,0.86,6.037,-3.465,-0.787,cleaning
0.131,0.455,0.857,6.037,-3.465,-0.787,cleaning
0.131,0.455,0.857,3.167,-5.565,-0.682,cleaning
0.117,0.43,0.856,3.167,-5.565,-0.682,cleaning
0.117,0.43,0.856,2.607,-5.88,-1.067,cleaning
0.111,0.419,0.867,2.607,-5.88,-1.067,cleaning
0.111,0.419,0.867,4.095,-3.867,-1.715,cleaning
0.114,0.447,0.867,4.095,-3.867,-1.715,cleaning
0.114,0.447,0.867,6.3,-1.697,-1.505,cleaning
0.127,0.471,0.867,6.3,-1.697,-1.505,cleaning
0.127,0.471,0.867,7.682,-2.905,-0.717,cleaning
0.128,0.464,0.857,7.682,-2.905,-0.717,cleaning
0.128,0.464,0.857,8.592,-4.235,0.665,cleaning
0.125,0.456,0.855,8.592,-4.235,0.665,cleaning
0.127,0.444,0.851,8.592,-4.235,0.665,cleaning
0.127,0.444,0.851,9.292,-4.287,2.03,cleaning
0.132,0.437,0.858,9.292,-4.287,2.03,cleaning
0.132,0.437,0.858,9.555,-4.935,2.082,cleaning
0.132,0.437,0.868,9.555,-4.935,2.082,cleaning
0.132,0.437,0.868,9.485,-5.075,0.962,cleaning
0.13,0.452,0.873,9.485,-5.075,0.962,cleaning
0.13,0.452,0.873,9.485,-3.097,-0.052,cleaning
0.142,0.454,0.856,9.485,-3.097,-0.052,cleaning
0.142,0.454,0.856,8.837,-2.152,-0.892,cleaning
0.147,0.457,0.846,8.837,-2.152,-0.892,cleaning
0.147,0.457,0.846,7.21,-2.327,-1.522,cleaning
0.147,0.46,0.856,7.21,-2.327,-1.522,cleaning
0.147,0.46,0.856,5.285,-3.115,-1.522,cleaning
0.147,0.449,0.855,5.285,-3.115,-1.522,cleaning
0.147,0.449,0.855,3.412,-3.08,-1.137,cleaning
0.149,0.444,0.855,3.412,-3.08,-1.137,cleaning
0.144,0.443,0.861,1.417,-3.027,-0.682,cleaning
0.143,0.441,0.865,1.417,-3.027,-0.682,cleaning
0.143,0.441,0.865,-0.105,-2.695,-0.105,cleaning
0.139,0.445,0.864,-0.105,-2.695,-0.105,cleaning
0.139,0.445,0.864,-1.102,-1.872,0.647,cleaning
0.139,0.443,0.855,-1.102,-1.872,0.647,cleaning
0.139,0.443,0.855,-1.715,-1.347,1.522,cleaning
0.135,0.448,0.856,-1.715,-1.347,1.522,cleaning
0.135,0.448,0.856,-1.785,-1.487,2.117,cleaning
0.129,0.454,0.856,-1.785,-1.487,2.117,cleaning
0.129,0.454,0.856,-0.822,-1.802,2.712,cleaning
0.135,0.457,0.855,-0.822,-1.802,2.712,cleaning
0.135,0.457,0.855,0.402,-2.502,2.817,cleaning
0.13,0.453,0.854,0.402,-2.502,2.817,cleaning
0.13,0.453,0.854,1.89,-2.695,2.572,cleaning
0.124,0.457,0.851,1.89,-2.695,2.572,cleaning
0.124,0.457,0.851,3.185,-2.66,2.222,cleaning
0.126,0.462,0.851,3.185,-2.66,2.222,cleaning
0.128,0.468,0.853,3.867,-3.272,1.75,cleaning
0.136,0.465,0.854,3.867,-3.272,1.75,cleaning
0.136,0.465,0.854,3.885,-4.41,1.12,cleaning
0.141,0.46,0.857,3.885,-4.41,1.12,cleaning
0.141,0.46,0.857,3.325,-5.25,0.472,cleaning
0.142,0.449,0.856,3.325,-5.25,0.472,cleaning
0.142,0.449,0.856,2.572,-4.812,-0.017,cleaning
0.143,0.451,0.861,2.572,-4.812,-0.017,cleaning
0.143,0.451,0.861,1.627,-3.43,-0.175,cleaning
0.144,0.446,0.857,1.627,-3.43,-0.175,cleaning
0.144,0.446,0.857,0.7,-1.61,-0.455,cleaning
0.144,0.459,0.856,0.7,-1.61,-0.455,cleaning
0.144,0.459,0.856,-0.525,-1.05,-1.085,cleaning
0.139,0.471,0.862,-0.525,-1.05,-1.085,cleaning
0.139,0.471,0.862,-1.172,-1.925,-1.68,cleaning
0.135,0.467,0.858,-1.172,-1.925,-1.68,cleaning
0.135,0.467,0.858,-1.12,-3.5,-2.467,cleaning
0.131,0.464,0.853,-1.12,-3.5,-2.467,cleaning
0.125,0.457,0.854,-1.12,-3.5,-2.467,cleaning
0.125,0.457,0.854,-0.49,-4.777,-3.01,cleaning
0.129,0.452,0.851,-0.49,-4.777,-3.01,cleaning
0.129,0.452,0.851,0.927,-5.075,-3.377,cleaning
0.129,0.45,0.842,0.927,-5.075,-3.377,cleaning
0.129,0.45,0.842,2.537,-4.182,-3.43,cleaning
0.128,0.456,0.845,2.537,-4.182,-3.43,cleaning
0.128,0.456,0.845,3.885,-3.062,-3.272,cleaning
0.123,0.464,0.854,3.885,-3.062,-3.272,cleaning
0.123,0.464,0.854,5.302,-3.045,-2.992,cleaning
0.128,0.47,0.858,5.302,-3.045,-2.992,cleaning
0.128,0.47,0.858,6.335,-3.71,-2.887,cleaning
0.136,0.466,0.853,6.335,-3.71,-2.887,cleaning
0.136,0.466,0.853,6.737,-4.427,-2.712,cleaning
0.138,0.464,0.854,6.737,-4.427,-2.712,cleaning
0.138,0.464,0.854,6.755,-4.112,-2.73,cleaning
0.138,0.46,0.854,6.755,-4.112,-2.73,cleaning
0.138,0.46,0.854,6.545,-3.307,-2.975,cleaning
0.138,0.456,0.851,6.545,-3.307,-2.975,cleaning
0.136,0.458,0.854,6.545,-3.307,-2.975,cleaning
0.136,0.458,0.854,6.142,-1.907,-3.255,cleaning
0.14,0.459,0.853,6.142,-1.907,-3.255,cleaning
0.14,0.459,0.853,5.792,-0.385,-3.272,cleaning
0.139,0.463,0.847,5.792,-0.385,-3.272,cleaning
0.139,0.463,0.847,5.355,0.367,-3.622,cleaning
0.14,0.471,0.849,5.355,0.367,-3.622,cleaning
0.14,0.471,0.849,4.9,-0.227,-3.832,cleaning
0.139,0.47,0.846,4.9,-0.227,-3.832,cleaning
0.139,0.47,0.846,4.445,-0.91,-4.06,cleaning
0.137,0.467,0.849,4.445,-0.91,-4.06,cleaning
0.137,0.467,0.849,4.287,-0.962,-4.182,cleaning
0.138,0.467,0.848,4.287,-0.962,-4.182,cleaning
0.138,0.467,0.848,4.427,-0.385,-4.305,cleaning
0.139,0.473,0.847,4.427,-0.385,-4.305,cleaning
0.139,0.473,0.847,4.497,-0.385,-4.48,cleaning
0.138,0.475,0.846,4.497,-0.385,-4.48,cleaning
0.138,0.475,0.846,4.725,-0.577,-4.532,cleaning
0.136,0.475,0.845,4.725,-0.577,-4.532,cleaning
0.138,0.477,0.844,4.725,-0.577,-4.532,cleaning
0.138,0.477,0.844,5.075,-0.735,-4.357,cleaning
0.14,0.477,0.844,5.075,-0.735,-4.357,cleaning
0.14,0.477,0.844,5.285,-1.382,-4.252,cleaning
0.137,0.472,0.845,5.285,-1.382,-4.252,cleaning
0.137,0.472,0.845,5.495,-2.047,-4.095,cleaning
0.134,0.471,0.847,5.495,-2.047,-4.095,cleaning
0.134,0.471,0.847,5.67,-2.345,-3.937,cleaning
0.134,0.471,0.843,5.67,-2.345,-3.937,cleaning
0.134,0.471,0.843,5.757,-2.467,-3.78,cleaning
0.137,0.476,0.844,5.757,-2.467,-3.78,cleaning
0.137,0.476,0.844,5.635,-3.412,-3.57,cleaning
0.138,0.477,0.845,5.635,-3.412,-3.57,cleaning
0.138,0.477,0.845,5.53,-4.882,-3.482,cleaning
0.145,0.479,0.84,5.53,-4.882,-3.482,cleaning
0.145,0.479,0.84,5.162,-5.215,-3.15,cleaning
0.148,0.487,0.84,5.162,-5.215,-3.15,cleaning
0.148,0.487,0.84,4.445,-6.16,-2.852,cleaning
0.147,0.488,0.843,4.445,-6.16,-2.852,cleaning
0.142,0.478,0.843,4.445,-6.16,-2.852,cleaning
0.142,0.478,0.843,3.937,-6.72,-2.572,cleaning
0.139,0.471,0.838,3.937,-6.72,-2.572,cleaning
0.139,0.471,0.838,3.832,-5.775,-2.38,cleaning
0.137,0.476,0.841,3.832,-5.775,-2.38,cleaning
0.137,0.476,0.841,3.692,-5.88,-2.607,cleaning
0.137,0.477,0.843,3.692,-5.88,-2.607,cleaning
0.137,0.477,0.843,3.325,-7.07,-2.905,cleaning
0.135,0.476,0.846,3.325,-7.07,-2.905,cleaning
0.135,0.476,0.846,2.992,-7.175,-2.87,cleaning
0.137,0.477,0.847,2.992,-7.175,-2.87,cleaning
0.137,0.477,0.847,2.747,-6.79,-2.345,cleaning
0.137,0.476,0.852,2.747,-6.79,-2.345,cleaning
0.137,0.476,0.852,3.132,-5.67,-1.05,cleaning
0.136,0.475,0.849,3.132,-5.67,-1.05,cleaning
0.136,0.475,0.849,3.885,-6.23,0.647,cleaning
0.135,0.492,0.847,3.885,-6.23,0.647,cleaning
0.135,0.521,0.853,4.585,-8.785,3.92,cleaning
0.143,0.557,0.846,4.585,-8.785,3.92,cleaning
0.143,0.557,0.846,4.585,-11.62,9.222,cleaning
0.151,0.592,0.844,4.585,-11.62,9.222,cleaning
0.151,0.592,0.844,1.697,-17.622,14.63,cleaning
0.142,0.645,0.852,1.697,-17.622,14.63,cleaning
0.142,0.645,0.852,-4.725,-28.91,19.162,cleaning
0.113,0.664,0.821,-4.725,-28.91,19.162,cleaning
0.113,0.664,0.821,-13.755,-35.542,26.092,cleaning
0.121,0.677,0.765,-13.755,-35.542,26.092,cleaning
0.121,0.677,0.765,-24.08,-27.335,38.325,cleaning
0.159,0.7,0.69,-24.08,-27.335,38.325,cleaning
0.159,0.7,0.69,-36.89,-9.73,55.685,cleaning
0.196,0.763,0.633,-36.89,-9.73,55.685,cleaning
0.196,0.763,0.633,-51.555,-0.192,74.13,cleaning
0.247,0.843,0.589,-51.555,-0.192,74.13,cleaning
0.247,0.843,0.589,-65.852,-11.27,88.235,cleaning
0.294,0.8,0.581,-65.852,-11.27,88.235,cleaning
0.341,0.663,0.669,-65.852,-11.27,88.235,cleaning
0.341,0.663,0.669,-76.44,-29.085,94.412,cleaning
0.372,0.494,0.828,-76.44,-29.085,94.412,cleaning
0.372,0.494,0.828,-79.152,-35.56,95.007,cleaning
0.387,0.331,0.944,-79.152,-35.56,95.007,cleaning
0.387,0.331,0.944,-72.415,-26.355,93.205,cleaning
0.374,0.234,0.973,-72.415,-26.355,93.205,cleaning
0.374,0.234,0.973,-61.635,-6.09,92.277,cleaning
0.366,0.13,0.925,-61.635,-6.09,92.277,cleaning
0.366,0.13,0.925,-54.512,8.907,90.002,cleaning
0.34,0.066,0.914,-54.512,8.907,90.002,cleaning
0.34,0.066,0.914,-51.957,18.287,84.07,cleaning
0.24,0.02,1.004,-51.957,18.287,84.07,cleaning
0.24,0.02,1.004,-49.752,7.017,68.04,cleaning
0.121,-0.076,1.13,-49.752,7.017,68.04,cleaning
0.121,-0.076,1.13,-44.695,-17.027,43.627,cleaning
0.015,-0.187,1.258,-44.695,-17.027,43.627,cleaning
0.015,-0.187,1.258,-36.575,-33.81,15.82,cleaning
-0.073,-0.272,1.339,-36.575,-33.81,15.82,cleaning
-0.187,-0.296,1.345,-36.575,-33.81,15.82,cleaning
-0.187,-0.296,1.345,-25.095,-27.475,-11.27,cleaning
-0.345,-0.227,1.313,-25.095,-27.475,-11.27,cleaning
-0.345,-0.227,1.313,-13.335,-11.462,-37.467,cleaning
-0.567,-0.114,1.246,-13.335,-11.462,-37.467,cleaning
-0.567,-0.114,1.246,0.612,6.16,-60.007,cleaning
-0.57,-0.018,1.089,0.612,6.16,-60.007,cleaning
-0.57,-0.018,1.089,16.747,21.7,-80.447,cleaning
-0.589,0.14,0.962,16.747,21.7,-80.447,cleaning
-0.589,0.14,0.962,28.875,18.55,-100.975,cleaning
-0.589,0.23,0.86,28.875,18.55,-100.975,cleaning
-0.589,0.23,0.86,33.145,-18.847,-125.597,cleaning
-0.648,0.154,0.803,33.145,-18.847,-125.597,cleaning
-0.648,0.154,0.803,35.735,-40.6,-143.71,cleaning
-0.692,0.152,0.735,35.735,-40.6,-143.71,cleaning
-0.692,0.152,0.735,40.127,-17.692,-150.85,cleaning
-0.704,0.322,0.657,40.127,-17.692,-150.85,cleaning
-0.704,0.322,0.657,40.915,14.087,-143.78,cleaning
-0.616,0.609,0.616,40.915,14.087,-143.78,cleaning
-0.526,0.899,0.679,40.915,14.087,-143.78,cleaning
-0.526,0.899,0.679,32.83,22.575,-124.442,cleaning
-0.47,1.083,0.792,32.83,22.575,-124.442,cleaning
-0.47,1.083,0.792,23.835,5.81,-101.062,cleaning
-0.355,1.084,0.759,23.835,5.81,-101.062,cleaning
-0.355,1.084,0.759,18.27,-19.985,-82.915,cleaning
-0.223,1.117,0.64,18.27,-19.985,-82.915,cleaning
-0.223,1.117,0.64,13.002,-19.495,-65.38,cleaning
-0.048,1.214,0.546,13.002,-19.495,-65.38,cleaning
-0.048,1.214,0.546,3.062,-17.92,-46.287,cleaning
0.108,1.233,0.526,3.062,-17.92,-46.287,cleaning
0.108,1.233,0.526,-12.022,-28.297,-24.097,cleaning
0.216,1.146,0.588,-12.022,-28.297,-24.097,cleaning
0.216,1.146,0.588,-22.575,-26.635,1.872,cleaning
0.294,1.024,0.668,-22.575,-26.635,1.872,cleaning
0.294,1.024,0.668,-25.865,-9.467,27.982,cleaning
0.321,0.921,0.747,-25.865,-9.467,27.982,cleaning
0.321,0.921,0.747,-23.52,15.172,51.905,cleaning
0.424,0.827,0.745,-23.52,15.172,51.905,cleaning
0.538,0.743,0.689,-23.52,15.172,51.905,cleaning
0.538,0.743,0.689,-21.402,36.855,70.945,cleaning
0.617,0.645,0.674,-21.402,36.855,70.945,cleaning
0.617,0.645,0.674,-24.587,38.482,83.3,cleaning
0.644,0.487,0.726,-24.587,38.482,83.3,cleaning
0.644,0.487,0.726,-32.532,28.63,95.27,cleaning
0.566,0.358,0.94,-32.532,28.63,95.27,cleaning
0.566,0.358,0.94,-36.662,22.522,106.75,cleaning
0.469,0.174,1.066,-36.662,22.522,106.75,cleaning
0.469,0.174,1.066,-33.915,17.605,114.642,cleaning
0.45,-0.001,1.036,-33.915,17.605,114.642,cleaning
0.45,-0.001,1.036,-33.687,23.957,117.53,cleaning
0.368,-0.153,1.07,-33.687,23.957,117.53,cleaning
0.368,-0.153,1.07,-37.747,23.52,107.17,cleaning
0.229,-0.134,1.2,-37.747,23.52,107.17,cleaning
0.229,-0.134,1.2,-40.897,14.087,88.2,cleaning
0.024,-0.056,1.38,-40.897,14.087,88.2,cleaning
-0.082,-0.216,1.405,-42.227,-21.402,61.932,cleaning
-0.194,-0.274,1.434,-42.227,-21.402,61.932,cleaning
-0.194,-0.274,1.434,-45.867,-52.237,29.557,cleaning
-0.463,-0.274,1.467,-45.867,-52.237,29.557,cleaning
-0.463,-0.274,1.467,-45.08,-64.347,-1.68,cleaning
-0.629,-0.329,1.359,-45.08,-64.347,-1.68,cleaning
-0.629,-0.329,1.359,-35.297,-60.795,-33.775,cleaning
-0.843,-0.254,1.153,-35.297,-60.795,-33.775,cleaning
-0.843,-0.254,1.153,-20.247,-23.695,-62.545,cleaning
-0.809,0.001,0.8,-20.247,-23.695,-62.545,cleaning
-0.809,0.001,0.8,-10.762,25.9,-74.672,cleaning
-0.717,0.274,0.798,-10.762,25.9,-74.672,cleaning
-0.717,0.274,0.798,-8.382,12.04,-91.682,cleaning
-0.817,0.406,0.817,-8.382,12.04,-91.682,cleaning
-0.817,0.406,0.817,-1.347,-42.49,-114.677,cleaning
-0.874,0.395,0.789,-1.347,-42.49,-114.677,cleaning
-0.874,0.395,0.789,11.287,-64.242,-128.275,cleaning
-0.863,0.372,0.675,11.287,-64.242,-128.275,cleaning
-0.756,0.424,0.545,22.33,-43.102,-128.485,cleaning
-0.665,0.578,0.517,22.33,-43.102,-128.485,cleaning
-0.665,0.578,0.517,26.915,-4.13,-116.69,cleaning
-0.615,0.865,0.596,26.915,-4.13,-116.69,cleaning
-0.615,0.865,0.596,29.54,18.83,-100.397,cleaning
-0.532,1.092,0.595,29.54,18.83,-100.397,cleaning
-0.532,1.092,0.595,29.802,13.72,-78.382,cleaning
-0.363,1.179,0.512,29.802,13.72,-78.382,cleaning
-0.363,1.179,0.512,21.28,-0.157,-52.605,cleaning
-0.101,1.259,0.437,21.28,-0.157,-52.605,cleaning
-0.101,1.259,0.437,1.872,2.135,-19.582,cleaning
0.14,1.33,0.531,1.872,2.135,-19.582,cleaning
0.14,1.33,0.531,-18.532,8.627,15.365,cleaning
0.279,1.331,0.751,-18.532,8.627,15.365,cleaning
0.279,1.331,0.751,-27.65,4.007,44.205,cleaning
0.306,1.263,0.911,-27.65,4.007,44.205,cleaning
0.306,1.263,0.911,-24.587,-3.447,72.117,cleaning
0.382,0.966,0.883,-24.587,-3.447,72.117,cleaning
0.495,0.618,0.694,-24.587,-3.447,72.117,cleaning
0.495,0.618,0.694,-17.237,9.17,97.352,cleaning
0.628,0.393,0.495,-17.237,9.17,97.352,cleaning
0.628,0.393,0.495,-17.255,43.645,117.67,cleaning
0.703,0.327,0.469,-17.255,43.645,117.67,cleaning
0.703,0.327,0.469,-34.842,62.685,132.492,cleaning
0.626,0.361,0.855,-34.842,62.685,132.492,cleaning
0.626,0.361,0.855,-64.225,21.77,141.172,cleaning
0.317,0.153,1.45,-64.225,21.77,141.172,cleaning
0.317,0.153,1.45,-74.935,-61.932,134.067,cleaning
-0.009,-0.374,1.803,-74.935,-61.932,134.067,cleaning
-0.009,-0.374,1.803,-56.875,-104.51,109.287,cleaning
-0.125,-0.813,1.771,-56.875,-104.51,109.287,cleaning
-0.125,-0.813,1.771,-33.285,-83.527,70.402,cleaning
-0.211,-0.823,1.562,-33.285,-83.527,70.402,cleaning
-0.211,-0.823,1.562,-23.922,-54.477,23.817,cleaning
-0.446,-0.582,1.42,-23.922,-54.477,23.817,cleaning
-0.446,-0.582,1.42,-23.922,-56.682,-29.05,cleaning
-0.828,-0.516,1.26,-23.922,-56.682,-29.05,cleaning
-0.911,-0.612,1.054,-23.922,-56.682,-29.05,cleaning
-0.911,-0.612,1.054,-24.465,-64.995,-84.402,cleaning
-1.036,-0.613,0.958,-24.465,-64.995,-84.402,cleaning
-1.036,-0.613,0.958,-21.105,-49.052,-129.815,cleaning
-1.134,-0.634,0.883,-21.105,-49.052,-129.815,cleaning
-1.134,-0.634,0.883,-12.6,-21.157,-164.605,cleaning
-1.177,-0.476,0.797,-12.6,-21.157,-164.605,cleaning
-1.177,-0.476,0.797,1.802,22.925,-180.792,cleaning
-1.191,-0.138,0.743,1.802,22.925,-180.792,cleaning
-1.191,-0.138,0.743,17.377,40.652,-192.465,cleaning
-1.136,0.041,0.637,17.377,40.652,-192.465,cleaning
-1.136,0.041,0.637,27.492,15.085,-210.105,cleaning
-1.071,-0.031,0.511,27.492,15.085,-210.105,cleaning
-1.071,-0.031,0.511,31.465,-2.975,-225.207,cleaning
-1.069,-0.09,0.551,31.465,-2.975,-225.207,cleaning
-1.069,-0.09,0.551,37.922,10.535,-233.24,cleaning
-1.17,0.03,0.659,37.922,10.535,-233.24,cleaning
-1.17,0.03,0.659,51.642,46.007,-227.902,cleaning
-1.136,0.397,0.602,51.642,46.007,-227.902,cleaning
-1.005,0.795,0.517,51.642,46.007,-227.902,cleaning
-1.005,0.795,0.517,57.172,66.727,-202.632,cleaning
-0.885,0.919,0.501,57.172,66.727,-202.632,cleaning
-0.885,0.919,0.501,47.512,41.825,-172.112,cleaning
-0.851,1.123,0.503,47.512,41.825,-172.112,cleaning
-0.851,1.123,0.503,37.362,37.31,-131.162,cleaning
-0.791,1.379,0.47,37.362,37.31,-131.162,cleaning
-0.791,1.379,0.47,34.352,55.177,-80.377,cleaning
-0.585,1.544,0.368,34.352,55.177,-80.377,cleaning
-0.585,1.544,0.368,27.86,46.392,-37.747,cleaning
-0.368,1.563,0.404,27.86,46.392,-37.747,cleaning
-0.368,1.563,0.404,17.01,13.265,-9.625,cleaning
-0.171,1.451,0.563,17.01,13.265,-9.625,cleaning
-0.171,1.451,0.563,11.987,-13.335,13.72,cleaning
-0.015,1.296,0.783,11.987,-13.335,13.72,cleaning
-0.015,1.296,0.783,18.322,-9.607,40.005,cleaning
0.119,1.195,0.935,18.322,-9.607,40.005,cleaning
0.119,1.195,0.935,28.28,1.347,68.845,cleaning
0.207,1.173,0.977,28.28,1.347,68.845,cleaning
0.236,1.013,0.936,28.28,1.347,68.845,cleaning
0.236,1.013,0.936,28.595,-13.457,98.997,cleaning
0.301,0.724,0.697,28.595,-13.457,98.997,cleaning
0.301,0.724,0.697,18.322,-17.937,130.55,cleaning
0.446,0.492,0.575,18.322,-17.937,130.55,cleaning
0.446,0.492,0.575,-5.11,7.91,160.597,cleaning
0.486,0.34,0.699,-5.11,7.91,160.597,cleaning
0.486,0.34,0.699,-36.295,27.492,180.635,cleaning
0.353,0.262,1.188,-36.295,27.492,180.635,cleaning
0.353,0.262,1.188,-56.63,8.715,187.197,cleaning
0.134,-0.066,1.524,-56.63,8.715,187.197,cleaning
0.134,-0.066,1.524,-56.175,-45.465,173.565,cleaning
0.124,-0.586,1.456,-56.175,-45.465,173.565,cleaning
0.124,-0.586,1.456,-52.045,-77.227,145.32,cleaning
0.094,-0.99,1.388,-52.045,-77.227,145.32,cleaning
0.094,-0.99,1.388,-47.81,-93.082,95.567,cleaning
-0.164,-1.216,1.535,-47.81,-93.082,95.567,cleaning
-0.436,-1.251,1.528,-31.797,-108.57,24.955,cleaning
-0.572,-1.07,1.388,-31.797,-108.57,24.955,cleaning
-0.572,-1.07,1.388,-7.175,-78.662,-38.272,cleaning
-0.821,-0.974,1.207,-7.175,-78.662,-38.272,cleaning
-0.821,-0.974,1.207,19.565,-23.642,-95.812,cleaning
-1.164,-0.851,0.931,19.565,-23.642,-95.812,cleaning
-1.164,-0.851,0.931,43.19,2.747,-157.272,cleaning
-1.483,-0.569,0.62,43.19,2.747,-157.272,cleaning
-1.483,-0.569,0.62,57.75,17.08,-196.577,cleaning
-1.592,-0.283,0.373,57.75,17.08,-196.577,cleaning
-1.592,-0.283,0.373,60.375,29.977,-208.197,cleaning
-1.542,-0.02,0.274,60.375,29.977,-208.197,cleaning
-1.542,-0.02,0.274,54.407,55.825,-197.155,cleaning
-1.401,0.356,0.268,54.407,55.825,-197.155,cleaning
-1.401,0.356,0.268,48.405,101.535,-164.045,cleaning
-1.198,0.894,0.392,48.405,101.535,-164.045,cleaning
-1.198,0.894,0.392,49.262,125.65,-125.422,cleaning
-1.054,1.467,0.68,49.262,125.65,-125.422,cleaning
-0.784,1.722,0.719,49.262,125.65,-125.422,cleaning
-0.784,1.722,0.719,60.392,94.115,-93.8,cleaning
-0.42,1.714,0.594,60.392,94.115,-93.8,cleaning
-0.42,1.714,0.594,68.547,43.015,-68.197,cleaning
-0.099,1.615,0.508,68.547,43.015,-68.197,cleaning
-0.099,1.615,0.508,68.757,13.895,-41.09,cleaning
0.142,1.547,0.488,68.757,13.895,-41.09,cleaning
0.142,1.547,0.488,66.29,15.137,-7.857,cleaning
0.326,1.471,0.588,66.29,15.137,-7.857,cleaning
0.326,1.471,0.588,66.027,28.332,28.7,cleaning
0.526,1.307,0.599,66.027,28.332,28.7,cleaning
0.526,1.307,0.599,67.935,45.937,62.422,cleaning
0.737,1.115,0.491,67.935,45.937,62.422,cleaning
0.737,1.115,0.491,59.482,67.69,94.762,cleaning
0.823,0.99,0.472,59.482,67.69,94.762,cleaning
0.823,0.99,0.472,37.362,78.487,127.33,cleaning
0.837,0.96,0.527,37.362,78.487,127.33,cleaning
0.837,0.96,0.527,5.687,63.945,160.807,cleaning
0.85,0.804,0.653,5.687,63.945,160.807,cleaning
0.742,0.43,0.939,5.687,63.945,160.807,cleaning
0.742,0.43,0.939,-27.23,24.657,187.565,cleaning
0.552,0.043,1.238,-27.23,24.657,187.565,cleaning
0.552,0.043,1.238,-43.347,1.522,202.002,cleaning
0.353,-0.168,1.342,-43.347,1.522,202.002,cleaning
0.353,-0.168,1.342,-45.255,16.537,210.63,cleaning
0.129,-0.257,1.323,-45.255,16.537,210.63,cleaning
0.129,-0.257,1.323,-52.745,27.947,205.66,cleaning
-0.145,-0.427,1.35,-52.745,27.947,205.66,cleaning
-0.145,-0.427,1.35,-63.437,4.987,174.072,cleaning
-0.386,-0.69,1.422,-63.437,4.987,174.072,cleaning
-0.386,-0.69,1.422,-60.83,-27.527,116.305,cleaning
-0.66,-0.87,1.609,-60.83,-27.527,116.305,cleaning
-0.66,-0.87,1.609,-38.5,-36.155,47.477,cleaning
-0.849,-0.875,1.647,-38.5,-36.155,47.477,cleaning
-0.849,-0.875,1.647,-3.92,0.017,-12.687,cleaning
-0.915,-0.615,1.452,-3.92,0.017,-12.687,cleaning
-0.915,-0.615,1.452,28.105,38.482,-58.887,cleaning
-0.853,-0.228,1.211,28.105,38.482,-58.887,cleaning
-0.88,0,1.152,28.105,38.482,-58.887,cleaning
-0.88,0,1.152,48.282,4.917,-105.962,cleaning
-0.836,-0.072,1.087,48.282,4.917,-105.962,cleaning
-0.836,-0.072,1.087,64.47,-60.34,-153.685,cleaning
-0.719,-0.192,0.99,64.47,-60.34,-153.685,cleaning
-0.719,-0.192,0.99,78.592,-72.922,-188.72,cleaning
-0.55,-0.226,0.869,78.592,-72.922,-188.72,cleaning
-0.55,-0.226,0.869,87.325,-39.637,-211.032,cleaning
-0.442,-0.169,1.022,87.325,-39.637,-211.032,cleaning
-0.442,-0.169,1.022,93.835,-5.6,-228.497,cleaning
-0.429,0.079,1.225,93.835,-5.6,-228.497,cleaning
-0.429,0.079,1.225,112.682,27.335,-235.62,cleaning
-0.381,0.479,1.215,112.682,27.335,-235.62,cleaning
-0.381,0.479,1.215,132.177,52.517,-226.59,cleaning
-0.324,0.843,0.925,132.177,52.517,-226.59,cleaning
-0.324,0.843,0.925,133.962,28.367,-214.025,cleaning
-0.285,1.02,0.605,133.962,28.367,-214.025,cleaning
-0.285,1.02,0.605,116.322,-18.147,-201.092,cleaning
-0.286,1.122,0.399,116.322,-18.147,-201.092,cleaning
-0.283,1.287,0.283,116.322,-18.147,-201.092,cleaning
-0.283,1.287,0.283,87.71,-50.19,-179.515,cleaning
-0.203,1.312,0.1,87.71,-50.19,-179.515,cleaning
-0.203,1.312,0.1,55.037,-32.987,-138.302,cleaning
-0.091,1.506,-0.171,55.037,-32.987,-138.302,cleaning
-0.091,1.506,-0.171,15.715,63.437,-76.912,cleaning
0.057,2.359,-0.104,15.715,63.437,-76.912,cleaning
0.057,2.359,-0.104,-20.3,148.995,8.225,cleaning
0.212,2.751,0.284,-20.3,148.995,8.225,cleaning
0.212,2.751,0.284,-53.707,34.16,57.26,cleaning
0.101,2.057,0.618,-53.707,34.16,57.26,cleaning
0.101,2.057,0.618,-65.415,-164.027,67.602,cleaning
0.181,0.959,0.73,-65.415,-164.027,67.602,cleaning
0.181,0.959,0.73,-50.697,-247.537,68.215,cleaning
0.255,0.267,0.846,-50.697,-247.537,68.215,cleaning
0.255,0.267,0.846,-27.65,-225.487,67.165,cleaning
0.23,-0.097,0.842,-27.65,-225.487,67.165,cleaning
0.206,-0.411,1.006,-4.532,-122.587,76.3,cleaning
0.272,-0.584,0.742,-4.532,-122.587,76.3,cleaning
0.272,-0.584,0.742,16.835,52.85,90.842,cleaning
0.411,-0.248,0.378,16.835,52.85,90.842,cleaning
0.411,-0.248,0.378,10.675,257.792,108.465,cleaning
0.233,0.963,0.959,10.675,257.792,108.465,cleaning
0.233,0.963,0.959,-12.25,317.327,107.87,cleaning
0.107,1.483,1.518,-12.25,317.327,107.87,cleaning
0.107,1.483,1.518,-34.702,70.91,76.702,cleaning
0.02,0.523,1.577,-34.702,70.91,76.702,cleaning
0.02,0.523,1.577,-34.545,-200.812,35.595,cleaning
-0.175,-0.848,1.318,-34.545,-200.812,35.595,cleaning
-0.175,-0.848,1.318,-8.662,-200.182,2.205,cleaning
-0.317,-1.05,1.123,-8.662,-200.182,2.205,cleaning
-0.317,-1.05,1.123,25.917,1.417,3.412,cleaning
-0.156,-0.232,0.949,25.917,1.417,3.412,cleaning
-0.156,-0.232,0.949,33.81,127.207,21.367,cleaning
0.1,0.669,0.662,33.81,127.207,21.367,cleaning
0.256,1.155,0.411,3.377,85.732,32.742,cleaning
0.258,1.129,0.393,3.377,85.732,32.742,cleaning
0.258,1.129,0.393,-37.397,0.98,40.705,cleaning
0.237,0.902,0.471,-37.397,0.98,40.705,cleaning
0.237,0.902,0.471,-57.785,-17.57,53.69,cleaning
0.315,0.855,0.467,-57.785,-17.57,53.69,cleaning
0.315,0.855,0.467,-65.24,24.202,78.277,cleaning
0.424,0.853,0.49,-65.24,24.202,78.277,cleaning
0.424,0.853,0.49,-81.882,56.07,111.44,cleaning
0.436,0.801,0.635,-81.882,56.07,111.44,cleaning
0.436,0.801,0.635,-107.572,36.102,134.05,cleaning
0.312,0.513,0.972,-107.572,36.102,134.05,cleaning
0.312,0.513,0.972,-127.487,-45.587,131.967,cleaning
0.12,-0.125,1.228,-127.487,-45.587,131.967,cleaning
0.12,-0.125,1.228,-125.825,-116.025,101.99,cleaning
-0.062,-0.71,1.419,-125.825,-116.025,101.99,cleaning
-0.062,-0.71,1.419,-100.642,-112.98,54.302,cleaning
-0.266,-0.978,1.676,-100.642,-112.98,54.302,cleaning
-0.378,-1.088,1.744,-100.642,-112.98,54.302,cleaning
-0.378,-1.088,1.744,-54.635,-75.95,-6.457,cleaning
-0.325,-0.95,1.56,-54.635,-75.95,-6.457,cleaning
-0.325,-0.95,1.56,-5.565,-33.652,-71.732,cleaning
-0.494,-0.726,1.418,-5.565,-33.652,-71.732,cleaning
-0.494,-0.726,1.418,30.8,-9.66,-131.862,cleaning
-0.691,-0.444,1.144,30.8,-9.66,-131.862,cleaning
-0.691,-0.444,1.144,54.757,3.465,-173.425,cleaning
-0.873,-0.119,0.855,54.757,3.465,-173.425,cleaning
-0.873,-0.119,0.855,67.427,35.927,-188.737,cleaning
-1.044,0.396,0.501,67.427,35.927,-188.737,cleaning
-1.044,0.396,0.501,69.3,75.53,-175.367,cleaning
-1.165,1.093,0.279,69.3,75.53,-175.367,cleaning
-1.165,1.093,0.279,62.335,86.38,-131.687,cleaning
-0.999,1.694,0.097,62.335,86.38,-131.687,cleaning
-0.999,1.694,0.097,39.06,29.732,-87.517,cleaning
-0.737,1.823,0.15,39.06,29.732,-87.517,cleaning
-0.737,1.823,0.15,15.067,-14.997,-45.395,cleaning
-0.551,1.727,0.187,15.067,-14.997,-45.395,cleaning
-0.293,1.687,0.338,15.067,-14.997,-45.395,cleaning
-0.293,1.687,0.338,9.432,20.23,6.387,cleaning
-0.085,1.468,0.425,9.432,20.23,6.387,cleaning
-0.085,1.468,0.425,9.782,36.05,47.407,cleaning
0.146,1.257,0.41,9.782,36.05,47.407,cleaning
0.146,1.257,0.41,5.932,37.625,79.905,cleaning
0.406,1.06,0.465,5.932,37.625,79.905,cleaning
0.406,1.06,0.465,-2.415,50.645,108.027,cleaning
0.643,0.92,0.604,-2.415,50.645,108.027,cleaning
0.643,0.92,0.604,-14,53.812,129.29,cleaning
0.839,0.754,0.768,-14,53.812,129.29,cleaning
0.839,0.754,0.768,-31.29,29.592,146.002,cleaning
0.941,0.488,0.945,-31.29,29.592,146.002,cleaning
0.941,0.488,0.945,-54.6,-10.43,156.17,cleaning
0.82,0.081,1.171,-54.6,-10.43,156.17,cleaning
0.82,0.081,1.171,-72.695,-44.695,154.28,cleaning
0.615,-0.303,1.358,-72.695,-44.695,154.28,cleaning
0.615,-0.303,1.358,-78.365,-47.722,142.117,cleaning
0.396,-0.48,1.494,-78.365,-47.722,142.117,cleaning
0.138,-0.619,1.611,-78.365,-47.722,142.117,cleaning
0.138,-0.619,1.611,-71.942,-39.707,112.437,cleaning
-0.082,-0.83,1.533,-71.942,-39.707,112.437,cleaning
-0.082,-0.83,1.533,-57.89,-52.745,55.615,cleaning
-0.166,-0.899,1.365,-57.89,-52.745,55.615,cleaning
-0.166,-0.899,1.365,-43.767,-50.645,-8.82,cleaning
-0.433,-0.687,1.552,-43.767,-50.645,-8.82,cleaning
-0.433,-0.687,1.552,-25.375,-34.632,-66.5,cleaning
-0.724,-0.435,1.576,-25.375,-34.632,-66.5,cleaning
-0.724,-0.435,1.576,8.295,-24.255,-111.72,cleaning
-0.843,-0.312,1.328,8.295,-24.255,-111.72,cleaning
-0.843,-0.312,1.328,41.16,9.695,-139.055,cleaning
-0.877,-0.06,0.944,41.16,9.695,-139.055,cleaning
-0.877,-0.06,0.944,58.327,42.262,-148.767,cleaning
-0.881,0.321,0.646,58.327,42.262,-148.767,cleaning
-0.881,0.321,0.646,56.875,29.785,-149.222,cleaning
-0.893,0.599,0.518,56.875,29.785,-149.222,cleaning
-0.893,0.599,0.518,47.635,-6.475,-142.59,cleaning
-0.919,0.77,0.482,47.635,-6.475,-142.59,cleaning
-0.868,0.858,0.474,47.635,-6.475,-142.59,cleaning
-0.868,0.858,0.474,44.38,-2.66,-120.172,cleaning
-0.77,0.99,0.509,44.38,-2.66,-120.172,cleaning
-0.77,0.99,0.509,48.177,37.572,-86.73,cleaning
-0.619,1.168,0.485,48.177,37.572,-86.73,cleaning
-0.619,1.168,0.485,54.775,75.547,-43.75,cleaning
-0.402,1.259,0.32,54.775,75.547,-43.75,cleaning
-0.402,1.259,0.32,47.862,71.96,-1.995,cleaning
-0.164,1.224,0.131,47.862,71.96,-1.995,cleaning
-0.164,1.224,0.131,24.272,46.34,22.82,cleaning
-0.049,1.251,0.273,24.272,46.34,22.82,cleaning
-0.049,1.251,0.273,6.002,17.447,29.89,cleaning
0.058,1.243,0.492,6.002,17.447,29.89,cleaning
0.058,1.243,0.492,2.835,-9.817,37.765,cleaning
0.138,1.132,0.636,2.835,-9.817,37.765,cleaning
0.138,1.132,0.636,8.277,-14.367,50.767,cleaning
0.213,0.936,0.705,8.277,-14.367,50.767,cleaning
0.343,0.872,0.668,15.715,16.187,67.83,cleaning
0.496,0.918,0.578,15.715,16.187,67.83,cleaning
0.496,0.918,0.578,10.342,46.987,92.19,cleaning
0.645,0.821,0.503,10.342,46.987,92.19,cleaning
0.645,0.821,0.503,-16.59,45.955,119.14,cleaning
0.677,0.651,0.568,-16.59,45.955,119.14,cleaning
0.677,0.651,0.568,-56.455,26.477,139.982,cleaning
0.603,0.528,0.839,-56.455,26.477,139.982,cleaning
0.603,0.528,0.839,-91.507,-3.43,153.037,cleaning
0.47,0.317,1.151,-91.507,-3.43,153.037,cleaning
0.47,0.317,1.151,-108.377,-36.47,154.91,cleaning
0.384,-0.042,1.345,-108.377,-36.47,154.91,cleaning
0.384,-0.042,1.345,-107.572,-48.037,142.327,cleaning
0.347,-0.37,1.406,-107.572,-48.037,142.327,cleaning
0.347,-0.37,1.406,-96.215,-41.23,112.875,cleaning
0.339,-0.435,1.364,-96.215,-41.23,112.875,cleaning
0.339,-0.435,1.364,-81.847,-35.665,70.717,cleaning
0.178,-0.464,1.443,-81.847,-35.665,70.717,cleaning
0.072,-0.508,1.403,-81.847,-35.665,70.717,cleaning
0.072,-0.508,1.403,-62.002,-53.445,12.565,cleaning
-0.053,-0.431,1.414,-62.002,-53.445,12.565,cleaning
-0.053,-0.431,1.414,-39.585,-54.285,-38.22,cleaning
-0.306,-0.362,1.475,-39.585,-54.285,-38.22,cleaning
-0.306,-0.362,1.475,-17.552,-56.507,-80.902,cleaning
-0.514,-0.335,1.36,-17.552,-56.507,-80.902,cleaning
-0.514,-0.335,1.36,5.46,-52.482,-117.232,cleaning
-0.666,-0.304,1.17,5.46,-52.482,-117.232,cleaning
-0.666,-0.304,1.17,21.91,-25.777,-143.71,cleaning
-0.882,-0.15,1.104,21.91,-25.777,-143.71,cleaning
-0.882,-0.15,1.104,33.88,-18.392,-162.68,cleaning
-1.035,0.019,1.011,33.88,-18.392,-162.68,cleaning
-1.035,0.019,1.011,46.252,-24.762,-172.042,cleaning
-1.086,0.124,0.851,46.252,-24.762,-172.042,cleaning
-1.086,0.124,0.851,57.277,-8.347,-170.677,cleaning
-1.068,0.289,0.709,57.277,-8.347,-170.677,cleaning
-1.068,0.289,0.709,64.19,24.202,-159.005,cleaning
-1.019,0.573,0.515,64.19,24.202,-159.005,cleaning
-0.958,0.867,0.356,64.19,24.202,-159.005,cleaning
-0.958,0.867,0.356,63.56,47.232,-133.245,cleaning
-0.916,1.323,0.177,63.56,47.232,-133.245,cleaning
-0.916,1.323,0.177,58.975,69.212,-98.63,cleaning
-0.659,2.047,-0.039,58.975,69.212,-98.63,cleaning
-0.659,2.047,-0.039,50.68,90.51,-42.822,cleaning
-0.159,2.332,-0.218,50.68,90.51,-42.822,cleaning
-0.159,2.332,-0.218,20.702,43.54,20.545,cleaning
0.04,2.02,-0.119,20.702,43.54,20.545,cleaning
0.04,2.02,-0.119,-16.135,-28.682,68.18,cleaning
0.032,1.525,0.15,-16.135,-28.682,68.18,cleaning
0.032,1.525,0.15,-31.92,-53.305,105.787,cleaning
0.187,1.135,0.292,-31.92,-53.305,105.787,cleaning
0.187,1.135,0.292,-40.67,-11.322,146.317,cleaning
0.399,0.933,0.507,-40.67,-11.322,146.317,cleaning
0.399,0.933,0.507,-56.087,26.775,177.572,cleaning
0.516,0.787,0.765,-56.087,26.775,177.572,cleaning
0.516,0.787,0.765,-73.167,31.692,196.525,cleaning
0.607,0.637,0.87,-73.167,31.692,196.525,cleaning
0.597,0.502,1.062,-73.167,31.692,196.525,cleaning
0.597,0.502,1.062,-93.73,14,200.987,cleaning
0.39,0.155,1.385,-93.73,14,200.987,cleaning
0.39,0.155,1.385,-109.707,-50.225,187.582,cleaning
0.221,-0.341,1.521,-109.707,-50.225,187.582,cleaning
0.221,-0.341,1.521,-107.082,-105.682,159.53,cleaning
0.1,-0.642,1.646,-107.082,-105.682,159.53,cleaning
0.1,-0.642,1.646,-87.43,-82.635,131.46,cleaning
-0.085,-0.744,1.695,-87.43,-82.635,131.46,cleaning
-0.085,-0.744,1.695,-55.667,-35.665,89.32,cleaning
-0.267,-0.942,1.557,-55.667,-35.665,89.32,cleaning
-0.267,-0.942,1.557,-22.085,-16.975,23.607,cleaning
-0.346,-1.076,1.328,-22.085,-16.975,23.607,cleaning
-0.346,-1.076,1.328,7.507,5.74,-47.372,cleaning
-0.411,-0.908,1.128,7.507,5.74,-47.372,cleaning
-0.411,-0.908,1.128,22.907,14.385,-104.912,cleaning
-0.558,-0.663,1.089,22.907,14.385,-104.912,cleaning
-0.558,-0.663,1.089,27.562,-22.47,-154.612,cleaning
-0.895,-0.455,1.264,27.562,-22.47,-154.612,cleaning
-1.103,-0.438,1.249,27.562,-22.47,-154.612,cleaning
-1.103,-0.438,1.249,39.935,-60.252,-193.077,cleaning
-1.17,-0.29,1.196,39.935,-60.252,-193.077,cleaning
-1.17,-0.29,1.196,62.702,-21.927,-213.675,cleaning
-1.141,0.104,0.914,62.702,-21.927,-213.675,cleaning
-1.141,0.104,0.914,83.965,34.142,-218.19,cleaning
-1.026,0.544,0.701,83.965,34.142,-218.19,cleaning
-1.026,0.544,0.701,86.8,43.75,-211.96,cleaning
-0.987,0.798,0.582,86.8,43.75,-211.96,cleaning
-0.987,0.798,0.582,76.072,0.962,-198.905,cleaning
-0.943,0.865,0.465,76.072,0.962,-198.905,cleaning
-0.943,0.865,0.465,63.035,-10.605,-168.175,cleaning
-0.809,1.086,0.32,63.035,-10.605,-168.175,cleaning
-0.809,1.086,0.32,48.387,26.53,-116.637,cleaning
-0.582,1.653,0.216,48.387,26.53,-116.637,cleaning
-0.582,1.653,0.216,25.13,47.495,-46.34,cleaning
-0.29,2.055,0.123,25.13,47.495,-46.34,cleaning
-0.097,2.078,0.124,-5.687,34.807,29.347,cleaning
-0.195,1.892,0.437,-5.687,34.807,29.347,cleaning
-0.195,1.892,0.437,-27.072,3.517,87.08,cleaning
-0.119,1.429,0.423,-27.072,3.517,87.08,cleaning
-0.119,1.429,0.423,-35.245,-38.272,130.83,cleaning
0.111,1.188,0.364,-35.245,-38.272,130.83,cleaning
0.111,1.188,0.364,-50.575,-12.827,180.425,cleaning
0.116,1.077,0.559,-50.575,-12.827,180.425,cleaning
0.116,1.077,0.559,-71.907,12.897,221.2,cleaning
0.209,0.817,0.723,-71.907,12.897,221.2,cleaning
0.209,0.817,0.723,-87.587,11.112,241.36,cleaning
0.224,0.602,0.879,-87.587,11.112,241.36,cleaning
0.224,0.602,0.879,-101.675,-2.45,248.517,cleaning
0.055,0.5,1.072,-101.675,-2.45,248.517,cleaning
0.055,0.5,1.072,-109.462,-25.637,249.305,cleaning
-0.035,0.281,1.193,-109.462,-25.637,249.305,cleaning
-0.035,0.281,1.193,-109.34,-46.322,240.695,cleaning
-0.036,-0.027,1.143,-109.34,-46.322,240.695,cleaning
-0.029,-0.151,1.108,-108.972,-45.99,225.785,cleaning
-0.153,-0.375,1.233,-108.972,-45.99,225.785,cleaning
-0.153,-0.375,1.233,-110.775,-66.115,196.332,cleaning
-0.389,-0.9,1.404,-110.775,-66.115,196.332,cleaning
-0.389,-0.9,1.404,-100.905,-126.735,134.085,cleaning
-0.545,-1.526,1.415,-100.905,-126.735,134.085,cleaning
-0.545,-1.526,1.415,-69.387,-151.707,50.697,cleaning
-0.603,-1.828,1.311,-69.387,-151.707,50.697,cleaning
-0.603,-1.828,1.311,-28.612,-87.097,-32.375,cleaning
-0.567,-1.542,1.213,-28.612,-87.097,-32.375,cleaning
-0.567,-1.542,1.213,8.26,11.165,-101.972,cleaning
-0.674,-1.099,1.304,8.26,11.165,-101.972,cleaning
-0.674,-1.099,1.304,39.97,29.767,-174.282,cleaning
-0.847,-0.677,1.345,39.97,29.767,-174.282,cleaning
-0.847,-0.677,1.345,66.867,-15.47,-235.007,cleaning
-0.912,-0.499,1.162,66.867,-15.47,-235.007,cleaning
-0.912,-0.499,1.162,81.567,-32.252,-274.26,cleaning
-0.928,-0.331,1.003,81.567,-32.252,-274.26,cleaning
-1.015,0.007,0.93,81.567,-32.252,-274.26,cleaning
-1.015,0.007,0.93,87.535,2.432,-290.745,cleaning
-1.01,0.388,0.797,87.535,2.432,-290.745,cleaning
-1.01,0.388,0.797,94.36,48.3,-284.13,cleaning
-0.916,0.69,0.585,94.36,48.3,-284.13,cleaning
-0.916,0.69,0.585,100.292,83.282,-265.615,cleaning
-0.762,0.966,0.396,100.292,83.282,-265.615,cleaning
-0.762,0.966,0.396,99.872,94.815,-244.615,cleaning
-0.626,1.337,0.328,99.872,94.815,-244.615,cleaning
-0.626,1.337,0.328,89.372,78.767,-213.062,cleaning
-0.5,1.723,0.303,89.372,78.767,-213.062,cleaning
-0.5,1.723,0.303,67.182,49.7,-157.412,cleaning
-0.398,1.932,0.426,67.182,49.7,-157.412,cleaning
-0.398,1.932,0.426,39.62,34.37,-80.29,cleaning
-0.305,1.906,0.366,39.62,34.37,-80.29,cleaning
-0.305,1.906,0.366,21.595,78.19,10.185,cleaning
-0.079,1.82,0.391,21.595,78.19,10.185,cleaning
-0.079,1.82,0.391,6.107,24.902,49.332,cleaning
-0.2,1.534,0.832,6.107,24.902,49.332,cleaning
-0.218,0.937,0.473,6.107,24.902,49.332,cleaning
-0.218,0.937,0.473,-2.17,-98.455,66.92,cleaning
-0.164,0.824,0.414,-2.17,-98.455,66.92,cleaning
-0.164,0.824,0.414,-14.595,-45.972,120.995,cleaning
-0.179,0.945,0.475,-14.595,-45.972,120.995,cleaning
-0.179,0.945,0.475,-34.982,19.285,176.137,cleaning
-0.202,1.055,0.59,-34.982,19.285,176.137,cleaning
-0.202,1.055,0.59,-63.175,35.507,218.645,cleaning
-0.34,1,0.773,-63.175,35.507,218.645,cleaning
-0.34,1,0.773,-91.192,2.957,243.355,cleaning
-0.436,0.657,0.949,-91.192,2.957,243.355,cleaning
-0.436,0.657,0.949,-104.51,-52.465,244.965,cleaning
-0.423,0.059,0.953,-104.51,-52.465,244.965,cleaning
-0.423,0.059,0.953,-106.47,-74.13,226.8,cleaning
-0.305,-0.519,1.077,-106.47,-74.13,226.8,cleaning
-0.305,-0.519,1.077,-107.607,-70.49,188.282,cleaning
-0.224,-1.121,1.39,-107.607,-70.49,188.282,cleaning
-0.224,-1.121,1.39,-91.595,-83.79,120.557,cleaning
-0.146,-1.695,1.573,-91.595,-83.79,120.557,cleaning
-0.273,-2.122,1.813,-91.595,-83.79,120.557,cleaning
-0.273,-2.122,1.813,-61.372,-101.167,23.66,cleaning
-0.226,-1.596,1.535,-61.372,-101.167,23.66,cleaning
-0.226,-1.596,1.535,-17.587,-43.382,-56.14,cleaning
-0.011,-0.805,1.6,-17.587,-43.382,-56.14,cleaning
-0.011,-0.805,1.6,25.375,85.47,-90.3,cleaning
-0.02,-0.245,1.537,25.375,85.47,-90.3,cleaning
-0.02,-0.245,1.537,54.88,25.847,-154.175,cleaning
-0.024,-0.009,1.169,54.88,25.847,-154.175,cleaning
-0.024,-0.009,1.169,69.86,-17.045,-188.142,cleaning
-0.108,0.202,0.915,69.86,-17.045,-188.142,cleaning
-0.108,0.202,0.915,79.38,5.25,-204.872,cleaning
-0.14,0.327,0.692,79.38,5.25,-204.872,cleaning
-0.14,0.327,0.692,84.595,39.357,-212.187,cleaning
-0.203,0.467,0.6,84.595,39.357,-212.187,cleaning
-0.203,0.467,0.6,88.427,71.82,-216.352,cleaning
-0.38,0.692,0.573,88.427,71.82,-216.352,cleaning
-0.38,0.692,0.573,94.552,98.98,-214.025,cleaning
-0.602,0.921,0.554,94.552,98.98,-214.025,cleaning
-0.637,1.156,0.379,94.552,98.98,-214.025,cleaning
-0.637,1.156,0.379,100.905,139.527,-191.17,cleaning
-0.459,1.532,0.185,100.905,139.527,-191.17,cleaning
-0.459,1.532,0.185,90.44,195.16,-133.98,cleaning
-0.312,1.939,0.226,90.44,195.16,-133.98,cleaning
-0.312,1.939,0.226,52.115,185.15,-56.28,cleaning
-0.174,1.987,0.417,52.115,185.15,-56.28,cleaning
-0.174,1.987,0.417,-4.322,44.327,11.025,cleaning
-0.274,1.481,0.401,-4.322,44.327,11.025,cleaning
-0.274,1.481,0.401,-53.27,-95.9,70.612,cleaning
-0.479,0.975,0.326,-53.27,-95.9,70.612,cleaning
-0.479,0.975,0.326,-74.637,-94.325,132.632,cleaning
-0.59,0.791,0.425,-74.637,-94.325,132.632,cleaning
-0.59,0.791,0.425,-82.617,-62.247,177.257,cleaning
-0.549,0.844,0.531,-82.617,-62.247,177.257,cleaning
-0.549,0.844,0.531,-94.447,-90.387,201.145,cleaning
-0.522,0.796,0.781,-94.447,-90.387,201.145,cleaning
-0.581,0.366,0.943,-106.89,-176.662,209.055,cleaning
-0.608,-0.246,1.062,-106.89,-176.662,209.055,cleaning
-0.608,-0.246,1.062,-107.677,-236.81,207.287,cleaning
-0.554,-0.798,1.12,-107.677,-236.81,207.287,cleaning
-0.554,-0.798,1.12,-96.565,-235.9,190.4,cleaning
-0.446,-1.09,1.202,-96.565,-235.9,190.4,cleaning
-0.446,-1.09,1.202,-80.447,-193.305,161.42,cleaning
-0.41,-1.24,1.258,-80.447,-193.305,161.42,cleaning
-0.41,-1.24,1.258,-64.697,-166.267,111.002,cleaning
-0.336,-1.497,1.189,-64.697,-166.267,111.002,cleaning
-0.336,-1.497,1.189,-50.68,-161.822,37.887,cleaning
-0.222,-1.765,1.059,-50.68,-161.822,37.887,cleaning
-0.222,-1.765,1.059,-32.777,-94.272,-33.022,cleaning
-0.246,-1.343,0.904,-32.777,-94.272,-33.022,cleaning
-0.246,-1.343,0.904,-10.622,25.812,-74.602,cleaning
-0.249,-0.936,0.96,-10.622,25.812,-74.602,cleaning
-0.249,-0.936,0.96,4.287,42.49,-126.42,cleaning
-0.208,-0.787,0.848,4.287,42.49,-126.42,cleaning
-0.263,-0.615,0.824,4.287,42.49,-126.42,cleaning
-0.263,-0.615,0.824,8.872,30.835,-168.595,cleaning
-0.32,-0.369,0.869,8.872,30.835,-168.595,cleaning
-0.32,-0.369,0.869,13.422,50.26,-193.2,cleaning
-0.398,-0.077,0.943,13.422,50.26,-193.2,cleaning
-0.398,-0.077,0.943,22.96,80.447,-210.577,cleaning
-0.481,0.244,0.926,22.96,80.447,-210.577,cleaning
-0.481,0.244,0.926,39.532,107.432,-221.935,cleaning
-0.493,0.608,0.805,39.532,107.432,-221.935,cleaning
-0.493,0.608,0.805,52.832,116.462,-224.367,cleaning
-0.464,0.84,0.668,52.832,116.462,-224.367,cleaning
-0.464,0.84,0.668,53.567,109.62,-210.997,cleaning
-0.451,0.927,0.563,53.567,109.62,-210.997,cleaning
-0.451,0.927,0.563,48.947,134.33,-173.477,cleaning
-0.532,1.141,0.558,48.947,134.33,-173.477,cleaning
-0.532,1.141,0.558,53.287,196.385,-112.752,cleaning
-0.499,1.56,0.499,53.287,196.385,-112.752,cleaning
-0.499,1.56,0.499,56.052,232.82,-39.357,cleaning
-0.42,1.977,0.407,56.052,232.82,-39.357,cleaning
-0.245,1.776,0.449,56.052,232.82,-39.357,cleaning
-0.245,1.776,0.449,41.72,162.872,12.022,cleaning
-0.078,1.184,0.493,41.72,162.872,12.022,cleaning
-0.078,1.184,0.493,2.712,-8.295,19.127,cleaning
-0.257,0.84,0.605,2.712,-8.295,19.127,cleaning
-0.257,0.84,0.605,-16.835,-18.095,62.177,cleaning
-0.257,0.878,0.621,-16.835,-18.095,62.177,cleaning
-0.257,0.878,0.621,-19.162,61.582,115.167,cleaning
-0.16,0.981,0.48,-19.162,61.582,115.167,cleaning
-0.16,0.981,0.48,-34.545,87.482,146.195,cleaning
-0.172,0.97,0.519,-34.545,87.482,146.195,cleaning
-0.172,0.97,0.519,-61.687,39.602,151.287,cleaning
-0.24,0.778,0.813,-61.687,39.602,151.287,cleaning
-0.24,0.778,0.813,-85.54,-49.997,144.62,cleaning
-0.283,0.406,1.176,-85.54,-49.997,144.62,cleaning
-0.283,0.406,1.176,-96.53,-136.5,133.367,cleaning
-0.384,-0.139,1.512,-96.53,-136.5,133.367,cleaning
-0.384,-0.139,1.512,-88.742,-188.352,112.63,cleaning
-0.488,-0.821,1.65,-88.742,-188.352,112.63,cleaning
-0.49,-1.346,1.491,-88.742,-188.352,112.63,cleaning
-0.49,-1.346,1.491,-61.39,-169.925,80.675,cleaning
-0.421,-1.418,1.326,-61.39,-169.925,80.675,cleaning
-0.421,-1.418,1.326,-33.985,-101.412,39.357,cleaning
-0.321,-1.314,1.26,-33.985,-101.412,39.357,cleaning
-0.321,-1.314,1.26,-16.537,-55.702,-11.445,cleaning
-0.29,-0.895,0.996,-16.537,-55.702,-11.445,cleaning
-0.29,-0.895,0.996,-4.497,6.702,-42.56,cleaning
-0.349,-0.453,0.987,-4.497,6.702,-42.56,cleaning
-0.349,-0.453,0.987,5.617,49.437,-66.045,cleaning
-0.296,-0.292,1.068,5.617,49.437,-66.045,cleaning
-0.296,-0.292,1.068,7.787,-7.315,-106.592,cleaning
-0.295,-0.369,1.1,7.787,-7.315,-106.592,cleaning
-0.295,-0.369,1.1,13.037,-36.33,-138.845,cleaning
-0.32,-0.435,1.092,13.037,-36.33,-138.845,cleaning
-0.32,-0.435,1.092,22.82,-9.677,-162.487,cleaning
-0.362,-0.373,1.077,22.82,-9.677,-162.487,cleaning
-0.362,-0.373,1.077,35.787,46.97,-175.682,cleaning
-0.351,-0.106,0.98,35.787,46.97,-175.682,cleaning
-0.364,0.307,0.915,35.787,46.97,-175.682,cleaning
-0.364,0.307,0.915,43.872,91.332,-176.225,cleaning
-0.384,0.648,0.847,43.872,91.332,-176.225,cleaning
-0.384,0.648,0.847,44.835,91.875,-172.182,cleaning
-0.371,0.941,0.757,44.835,91.875,-172.182,cleaning
-0.371,0.941,0.757,41.282,66.727,-164.92,cleaning
-0.396,1.15,0.621,41.282,66.727,-164.92,cleaning
-0.396,1.15,0.621,37.467,42.857,-150.85,cleaning
-0.383,1.214,0.401,37.467,42.857,-150.85,cleaning
-0.383,1.214,0.401,37.397,53.865,-125.475,cleaning
-0.184,1.334,0.131,37.397,53.865,-125.475,cleaning
-0.184,1.334,0.131,28.822,84.595,-87.255,cleaning
-0.033,1.506,0.068,28.822,84.595,-87.255,cleaning
-0.033,1.506,0.068,8.225,90.877,-37.502,cleaning
-0.1,1.669,0.284,8.225,90.877,-37.502,cleaning
-0.1,1.669,0.284,-9.117,52.815,10.57,cleaning
-0.171,1.398,0.61,-9.117,52.815,10.57,cleaning
-0.136,1.026,0.768,-22.54,-41.65,28.332,cleaning
-0.184,0.754,0.843,-22.54,-41.65,28.332,cleaning
-0.184,0.754,0.843,-28.017,-70.402,53.357,cleaning
-0.221,0.62,0.918,-28.017,-70.402,53.357,cleaning
-0.221,0.62,0.918,-24.727,-26.46,82.652,cleaning
-0.438,1.017,0.916,-24.727,-26.46,82.652,cleaning
-0.438,1.017,0.916,-17.325,12.705,105.945,cleaning
-0.719,0.299,1.192,-17.325,12.705,105.945,cleaning
-0.719,0.299,1.192,-10.552,-92.592,64.732,cleaning
-0.244,0.044,0.943,-10.552,-92.592,64.732,cleaning
-0.244,0.044,0.943,-20.335,-197.575,28.472,cleaning
-0.342,-0.233,0.907,-20.335,-197.575,28.472,cleaning
-0.342,-0.233,0.907,-21.927,-136.045,50.942,cleaning
-0.56,-0.136,0.864,-21.927,-136.045,50.942,cleaning
-0.56,-0.136,0.864,-18.9,-72.642,75.53,cleaning
-0.649,0.035,0.786,-18.9,-72.642,75.53,cleaning
-0.649,0.035,0.786,-26.337,-82.617,86.187,cleaning
-0.686,-0.146,0.706,-26.337,-82.617,86.187,cleaning
-0.636,-0.387,0.744,-28.98,-69.772,91.122,cleaning
-0.619,-0.428,0.88,-28.98,-69.772,91.122,cleaning
-0.619,-0.428,0.88,-17.762,-2.187,86.642,cleaning
-0.544,-0.248,0.954,-17.762,-2.187,86.642,cleaning
-0.544,-0.248,0.954,1.365,78.89,74.532,cleaning
-0.516,-0.008,0.992,1.365,78.89,74.532,cleaning
-0.516,-0.008,0.992,19.915,121.87,53.935,cleaning
-0.423,0.235,0.892,19.915,121.87,53.935,cleaning
-0.423,0.235,0.892,30.082,117.985,40.687,cleaning
-0.302,0.472,0.742,30.082,117.985,40.687,cleaning
-0.302,0.472,0.742,27.3,95.06,45.255,cleaning
-0.21,0.689,0.703,27.3,95.06,45.255,cleaning
-0.21,0.689,0.703,15.837,46.34,57.452,cleaning
-0.125,0.808,0.666,15.837,46.34,57.452,cleaning
-0.125,0.808,0.666,-3.64,-21.385,70.577,cleaning
-0.061,0.669,0.759,-3.64,-21.385,70.577,cleaning
-0.061,0.669,0.759,-19.005,-69.58,74.007,cleaning
-0.149,0.526,0.963,-19.005,-69.58,74.007,cleaning
-0.133,0.407,1.032,-19.005,-69.58,74.007,cleaning
-0.133,0.407,1.032,-16.817,-75.145,73.08,cleaning
-0.036,0.346,0.99,-16.817,-75.145,73.08,cleaning
-0.036,0.346,0.99,-10.535,-52.377,69.947,cleaning
0.03,0.36,0.962,-10.535,-52.377,69.947,cleaning
0.03,0.36,0.962,-11.322,-32.077,64.977,cleaning
0.013,0.314,0.942,-11.322,-32.077,64.977,cleaning
0.013,0.314,0.942,-15.715,-26.372,61.722,cleaning
-0.017,0.176,0.952,-15.715,-26.372,61.722,cleaning
-0.017,0.176,0.952,-20.79,-30.537,60.13,cleaning
-0.023,-0.007,0.921,-20.79,-30.537,60.13,cleaning
-0.023,-0.007,0.921,-26.302,-33.95,58.87,cleaning
-0.005,-0.187,0.986,-26.302,-33.95,58.87,cleaning
-0.005,-0.187,0.986,-30.87,-34.3,51.222,cleaning
-0.116,-0.363,1.081,-30.87,-34.3,51.222,cleaning
-0.116,-0.363,1.081,-27.597,-30.677,29.557,cleaning
-0.209,-0.613,1.159,-27.597,-30.677,29.557,cleaning
-0.209,-0.613,1.159,-19.355,-23.117,-5.582,cleaning
-0.206,-0.838,1.216,-19.355,-23.117,-5.582,cleaning
-0.261,-0.697,1.163,-19.355,-23.117,-5.582,cleaning
-0.261,-0.697,1.163,-5.057,28.28,-29.837,cleaning
-0.377,-0.296,1.228,-5.057,28.28,-29.837,cleaning
-0.377,-0.296,1.228,15.085,110.337,-34.772,cleaning
-0.336,-0.124,1.206,15.085,110.337,-34.772,cleaning
-0.336,-0.124,1.206,32.812,96.162,-59.482,cleaning
-0.193,-0.265,1.024,32.812,96.162,-59.482,cleaning
-0.193,-0.265,1.024,34.037,27.212,-96.302,cleaning
-0.259,-0.411,1.102,34.037,27.212,-96.302,cleaning
-0.259,-0.411,1.102,34.947,16.222,-123.287,cleaning
-0.363,-0.326,1.153,34.947,16.222,-123.287,cleaning
-0.363,-0.326,1.153,48.457,56.525,-135.94,cleaning
-0.349,-0.055,1.159,48.457,56.525,-135.94,cleaning
-0.349,-0.055,1.159,65.66,94.185,-136.29,cleaning
-0.277,0.201,0.981,65.66,94.185,-136.29,cleaning
-0.277,0.201,0.981,69.72,80.465,-135.45,cleaning
-0.266,0.392,0.726,69.72,80.465,-135.45,cleaning
-0.266,0.392,0.726,57.732,36.977,-135.1,cleaning
-0.326,0.595,0.631,57.732,36.977,-135.1,cleaning
-0.267,0.784,0.581,57.732,36.977,-135.1,cleaning
-0.267,0.784,0.581,44.082,-5.687,-126.805,cleaning
-0.192,1.005,0.621,44.082,-5.687,-126.805,cleaning
-0.192,1.005,0.621,32.2,-37.187,-106.907,cleaning
-0.188,1.179,0.573,32.2,-37.187,-106.907,cleaning
-0.188,1.179,0.573,21.63,-66.482,-85.015,cleaning
-0.258,1.352,0.578,21.63,-66.482,-85.015,cleaning
-0.258,1.352,0.578,15.19,-58.362,-60.48,cleaning
-0.264,1.353,0.608,15.19,-58.362,-60.48,cleaning
-0.264,1.353,0.608,18.812,-8.26,-40.337,cleaning
-0.158,1.607,0.476,18.812,-8.26,-40.337,cleaning
-0.158,1.607,0.476,21.42,53.532,-7.595,cleaning
-0.197,1.669,0.469,21.42,53.532,-7.595,cleaning
-0.197,1.669,0.469,11.305,6.93,2.24,cleaning
-0.079,1.145,0.544,11.305,6.93,2.24,cleaning
-0.079,1.145,0.544,-11.147,-92.295,-4.725,cleaning
-0.087,0.758,0.642,-11.147,-92.295,-4.725,cleaning
-0.227,0.517,0.792,-23.8,-87.64,21.665,cleaning
-0.236,0.633,0.711,-23.8,-87.64,21.665,cleaning
-0.236,0.633,0.711,-24.5,-16.31,63.175,cleaning
-0.27,0.909,0.701,-24.5,-16.31,63.175,cleaning
-0.27,0.909,0.701,-30.782,25.795,95.83,cleaning
-0.392,0.918,0.768,-30.782,25.795,95.83,cleaning
-0.392,0.918,0.768,-37.992,-6.475,104.842,cleaning
-0.472,0.669,0.813,-37.992,-6.475,104.842,cleaning
-0.472,0.669,0.813,-35.052,-37.327,102.13,cleaning
-0.452,0.486,0.79,-35.052,-37.327,102.13,cleaning
-0.452,0.486,0.79,-28.157,-21.297,106.837,cleaning
-0.488,0.479,0.798,-28.157,-21.297,106.837,cleaning
-0.488,0.479,0.798,-24.57,2.257,117.652,cleaning
-0.51,0.491,0.824,-24.57,2.257,117.652,cleaning
-0.51,0.491,0.824,-27.842,-10.517,123.48,cleaning
-0.57,0.337,0.867,-27.842,-10.517,123.48,cleaning
-0.57,0.337,0.867,-31.062,-35.49,119.612,cleaning
-0.582,0.1,0.923,-31.062,-35.49,119.612,cleaning
-0.521,-0.078,1.045,-31.307,-49.997,108.692,cleaning
-0.447,-0.144,1.116,-31.307,-49.997,108.692,cleaning
-0.447,-0.144,1.116,-29.19,-57.015,98.367,cleaning
-0.36,-0.259,1.126,-29.19,-57.015,98.367,cleaning
-0.36,-0.259,1.126,-27.352,-63.49,91.84,cleaning
-0.225,-0.488,1.108,-27.352,-63.49,91.84,cleaning
-0.225,-0.488,1.108,-29.995,-80.64,75.232,cleaning
-0.043,-0.753,1.094,-29.995,-80.64,75.232,cleaning
-0.043,-0.753,1.094,-34.58,-86.625,52.027,cleaning
0.003,-1.055,1.182,-34.58,-86.625,52.027,cleaning
0.003,-1.055,1.182,-34.265,-77.682,14.017,cleaning
-0.05,-1.476,1.234,-34.265,-77.682,14.017,cleaning
-0.05,-1.476,1.234,-20.965,-49.752,-44.905,cleaning
0.08,-1.192,0.976,-20.965,-49.752,-44.905,cleaning
0.08,-1.192,0.976,5.005,90.335,-68.04,cleaning
0.077,-0.709,1.212,5.005,90.335,-68.04,cleaning
0.077,-0.709,1.212,26.232,121.572,-114.17,cleaning
0.022,-0.398,1.43,26.232,121.572,-114.17,cleaning
-0.085,-0.086,1.285,26.232,121.572,-114.17,cleaning
-0.085,-0.086,1.285,36.977,75.18,-148.89,cleaning
-0.21,0.192,1.233,36.977,75.18,-148.89,cleaning
-0.21,0.192,1.233,37.852,58.17,-155.662,cleaning
-0.324,0.497,1.161,37.852,58.17,-155.662,cleaning
-0.324,0.497,1.161,34.002,27.562,-153.457,cleaning
-0.526,0.719,1.027,34.002,27.562,-153.457,cleaning
-0.526,0.719,1.027,37.24,-5.512,-148.172,cleaning
-0.673,0.862,0.648,37.24,-5.512,-148.172,cleaning
-0.673,0.862,0.648,39.182,-36.4,-152.11,cleaning
-0.756,1.046,0.285,39.182,-36.4,-152.11,cleaning
-0.756,1.046,0.285,40.915,-0.227,-149.695,cleaning
-0.788,1.337,-0.092,40.915,-0.227,-149.695,cleaning
-0.788,1.337,-0.092,45.115,111.37,-117.285,cleaning
-0.647,2.102,-0.48,45.115,111.37,-117.285,cleaning
-0.647,2.102,-0.48,29.417,184.642,-38.255,cleaning
-0.568,2.454,-0.238,29.417,184.642,-38.255,cleaning
-0.568,2.454,-0.238,-18.9,17.132,16.397,cleaning
-0.368,2.017,0.142,-18.9,17.132,16.397,cleaning
-0.65,1.326,0.325,-18.9,17.132,16.397,cleaning
-0.65,1.326,0.325,-63.665,-113.277,97.3,cleaning
-0.86,0.954,0.527,-63.665,-113.277,97.3,cleaning
-0.86,0.954,0.527,-65.31,-37.8,181.667,cleaning
-0.849,0.605,0.66,-65.31,-37.8,181.667,cleaning
-0.849,0.605,0.66,-62.912,16.31,209.107,cleaning
-0.788,0.315,0.857,-62.912,16.31,209.107,cleaning
-0.788,0.315,0.857,-60.707,36.697,194.337,cleaning
-0.656,0.163,0.991,-60.707,36.697,194.337,cleaning
-0.656,0.163,0.991,-61.67,45.43,173.985,cleaning
-0.554,0.307,0.99,-61.67,45.43,173.985,cleaning
-0.554,0.307,0.99,-63.122,65.432,175.315,cleaning
-0.606,0.516,0.9,-63.122,65.432,175.315,cleaning
-0.606,0.516,0.9,-67.515,38.85,174.545,cleaning
-0.766,0.501,0.893,-67.515,38.85,174.545,cleaning
-0.766,0.501,0.893,-66.027,-24.412,165.182,cleaning
-0.792,0.253,0.794,-66.027,-24.412,165.182,cleaning
-0.792,0.253,0.794,-65.327,-78.995,155.295,cleaning
-0.763,0.108,0.814,-65.327,-78.995,155.295,cleaning
-0.77,-0.033,0.99,-65.327,-78.995,155.295,cleaning
-0.77,-0.033,0.99,-66.57,-112.682,147.192,cleaning
-0.749,-0.21,1.245,-66.57,-112.682,147.192,cleaning
-0.749,-0.21,1.245,-58.537,-127.942,137.322,cleaning
-0.675,-0.557,1.388,-58.537,-127.942,137.322,cleaning
-0.675,-0.557,1.388,-41.212,-141.837,117.302,cleaning
-0.582,-0.777,1.292,-41.212,-141.837,117.302,cleaning
-0.582,-0.777,1.292,-22.977,-140.787,96.46,cleaning
-0.57,-0.729,1.089,-22.977,-140.787,96.46,cleaning
-0.57,-0.729,1.089,-15.89,-108.045,95.287,cleaning
-0.687,-0.603,1.025,-15.89,-108.045,95.287,cleaning
-0.687,-0.603,1.025,-15.995,-96.757,90.037,cleaning
-0.457,-0.669,0.834,-15.995,-96.757,90.037,cleaning
-0.457,-0.669,0.834,-29.452,-101.85,66.815,cleaning
-0.227,-0.69,1.069,-29.452,-101.85,66.815,cleaning
-0.227,-0.69,1.069,-41.16,-105.892,26.845,cleaning
-0.257,-0.635,1.441,-41.16,-105.892,26.845,cleaning
-0.257,-0.635,1.441,-28.805,-79.012,-10.395,cleaning
-0.294,-0.512,1.453,-28.805,-79.012,-10.395,cleaning
-0.154,-0.495,1.184,-28.805,-79.012,-10.395,cleaning
-0.154,-0.495,1.184,-9.642,-39.935,-44.467,cleaning
-0.006,-0.502,0.901,-9.642,-39.935,-44.467,cleaning
-0.006,-0.502,0.901,0.035,-7.525,-80.71,cleaning
0.064,-0.396,0.733,0.035,-7.525,-80.71,cleaning
0.064,-0.396,0.733,1.155,23.712,-109.147,cleaning
0.051,-0.198,0.854,1.155,23.712,-109.147,cleaning
0.051,-0.198,0.854,2.73,41.545,-126.262,cleaning
0.006,-0.005,1.045,2.73,41.545,-126.262,cleaning
0.006,-0.005,1.045,18.375,50.872,-134.715,cleaning
0.052,0.12,1.009,18.375,50.872,-134.715,cleaning
0.052,0.12,1.009,41.895,74.27,-137.882,cleaning
0.137,0.246,0.988,41.895,74.27,-137.882,cleaning
0.137,0.246,0.988,56.017,77.297,-146.58,cleaning
0.104,0.44,0.842,56.017,77.297,-146.58,cleaning
0.104,0.44,0.842,60.952,90.16,-142.8,cleaning
-0.039,0.654,0.724,60.952,90.16,-142.8,cleaning
-0.226,0.89,0.502,57.785,121.257,-126.752,cleaning
-0.434,1.489,0.34,57.785,121.257,-126.752,cleaning
-0.434,1.489,0.34,55.492,196.595,-82.145,cleaning
-0.552,2.256,0.259,55.492,196.595,-82.145,cleaning
-0.552,2.256,0.259,43.435,213.132,-22.855,cleaning
-0.605,2.257,0.55,43.435,213.132,-22.855,cleaning
-0.605,2.257,0.55,12.005,45.412,10.657,cleaning
-0.45,1.304,0.488,12.005,45.412,10.657,cleaning
-0.45,1.304,0.488,-16.835,-151.077,16.275,cleaning
-0.571,0.696,0.414,-16.835,-151.077,16.275,cleaning
-0.571,0.696,0.414,-17.78,-102.095,60.095,cleaning
-0.637,0.874,0.309,-17.78,-102.095,60.095,cleaning
-0.637,0.874,0.309,-10.29,36.767,124.302,cleaning
-0.495,1.169,0.283,-10.29,36.767,124.302,cleaning
-0.495,1.169,0.283,-22.855,51.205,164.045,cleaning
-0.493,1.111,0.429,-22.855,51.205,164.045,cleaning
-0.493,1.111,0.429,-40.372,-17.71,180.757,cleaning
-0.553,0.704,0.695,-40.372,-17.71,180.757,cleaning
-0.677,0.191,1.069,-51.205,-97.422,180.092,cleaning
-0.673,-0.315,1.159,-51.205,-97.422,180.092,cleaning
-0.673,-0.315,1.159,-49,-140.542,175.997,cleaning
-0.544,-0.697,1.217,-49,-140.542,175.997,cleaning
-0.544,-0.697,1.217,-49.07,-138.18,167.895,cleaning
-0.519,-1,1.371,-49.07,-138.18,167.895,cleaning
-0.519,-1,1.371,-50.225,-130.007,145.635,cleaning
-0.634,-1.158,1.459,-50.225,-130.007,145.635,cleaning
-0.634,-1.158,1.459,-40.67,-111.58,108.885,cleaning
-0.654,-1.169,1.408,-40.67,-111.58,108.885,cleaning
-0.654,-1.169,1.408,-23.152,-71.872,64.435,cleaning
-0.422,-1.014,1.194,-23.152,-71.872,64.435,cleaning
-0.422,-1.014,1.194,-10.255,-12.897,25.917,cleaning
-0.24,-0.674,1.014,-10.255,-12.897,25.917,cleaning
-0.24,-0.674,1.014,-6.195,23.537,-9.59,cleaning
-0.068,-0.357,1.001,-6.195,23.537,-9.59,cleaning
-0.068,-0.357,1.001,-9.362,-1.26,-48.947,cleaning
0.067,-0.344,1.009,-9.362,-1.26,-48.947,cleaning
0.148,-0.427,1.203,-9.362,-1.26,-48.947,cleaning
0.148,-0.427,1.203,-11.515,-38.342,-88.305,cleaning
0.164,-0.431,1.332,-11.515,-38.342,-88.305,cleaning
0.164,-0.431,1.332,-0.07,-41.51,-118.965,cleaning
0.169,-0.33,1.37,-0.07,-41.51,-118.965,cleaning
0.169,-0.33,1.37,25.27,-3.692,-143.937,cleaning
0.205,-0.142,1.22,25.27,-3.692,-143.937,cleaning
0.205,-0.142,1.22,63.087,55.3,-173.39,cleaning
0.304,0.217,0.869,63.087,55.3,-173.39,cleaning
0.304,0.217,0.869,95.462,111.405,-199.307,cleaning
0.371,0.708,0.531,95.462,111.405,-199.307,cleaning
0.371,0.708,0.531,96.197,105.56,-210.857,cleaning
0.214,1.079,0.439,96.197,105.56,-210.857,cleaning
0.214,1.079,0.439,68.285,61.967,-203.49,cleaning
-0.052,1.255,0.529,68.285,61.967,-203.49,cleaning
-0.052,1.255,0.529,37.502,46.672,-172.27,cleaning
-0.352,1.469,0.613,37.502,46.672,-172.27,cleaning
-0.352,1.469,0.613,15.277,71.12,-113.487,cleaning
-0.656,1.787,0.625,15.277,71.12,-113.487,cleaning
-0.962,2.032,0.69,15.277,71.12,-113.487,cleaning
-0.962,2.032,0.69,-1.12,58.782,-51.87,cleaning
-1.082,1.867,0.482,-1.12,58.782,-51.87,cleaning
-1.082,1.867,0.482,-11.305,-29.61,2.94,cleaning
-0.99,1.442,0.057,-11.305,-29.61,2.94,cleaning
-0.99,1.442,0.057,-21.49,-85.977,73.465,cleaning
-1.018,1.186,-0.14,-21.49,-85.977,73.465,cleaning
-1.018,1.186,-0.14,-34.597,-52.22,156.52,cleaning
-1.043,1.103,0.098,-34.597,-52.22,156.52,cleaning
-1.043,1.103,0.098,-48.667,-17.57,220.815,cleaning
-1.154,1.075,0.558,-48.667,-17.57,220.815,cleaning
-1.154,1.075,0.558,-51.765,-38.272,253.417,cleaning
-1.277,0.668,0.813,-51.765,-38.272,253.417,cleaning
-1.277,0.668,0.813,-41.597,-96.477,254.625,cleaning
-1.154,-0.01,0.761,-41.597,-96.477,254.625,cleaning
-1.154,-0.01,0.761,-32.077,-111.562,241.797,cleaning
-0.954,-0.536,0.618,-32.077,-111.562,241.797,cleaning
-0.954,-0.536,0.618,-33.74,-51.835,229.985,cleaning
-0.784,-0.706,0.729,-33.74,-51.835,229.985,cleaning
-0.794,-0.625,1.101,-33.74,-51.835,229.985,cleaning
-0.794,-0.625,1.101,-40.932,8.365,208.425,cleaning
-0.874,-0.515,1.402,-40.932,8.365,208.425,cleaning
-0.874,-0.515,1.402,-38.815,19.757,173.39,cleaning
-0.836,-0.526,1.39,-38.815,19.757,173.39,cleaning
-0.836,-0.526,1.39,-27.492,12.775,140.84,cleaning
-0.55,-0.804,1.063,-27.492,12.775,140.84,cleaning
-0.55,-0.804,1.063,-27.772,13.492,105.35,cleaning
-0.325,-0.839,1.064,-27.772,13.492,105.35,cleaning
-0.325,-0.839,1.064,-38.797,44.992,64.242,cleaning
-0.435,-0.523,1.472,-38.797,44.992,64.242,cleaning
-0.435,-0.523,1.472,-28.735,79.065,25.305,cleaning
-0.467,-0.177,1.481,-28.735,79.065,25.305,cleaning
-0.467,-0.177,1.481,-0.49,104.3,-9.817,cleaning
-0.118,-0.014,0.774,-0.49,104.3,-9.817,cleaning
-0.118,-0.014,0.774,-5.757,107.59,-45.447,cleaning
0.356,0.479,0.588,-5.757,107.59,-45.447,cleaning
0.505,0.891,1.076,-27.352,70.42,-64.907,cleaning
0.697,0.801,1.312,-27.352,70.42,-64.907,cleaning
0.697,0.801,1.312,-25.27,-3.5,-74.725,cleaning
0.93,0.472,1.143,-25.27,-3.5,-74.725,cleaning
0.93,0.472,1.143,-11.235,-35.84,-61.267,cleaning
1.049,0.351,1.006,-11.235,-35.84,-61.267,cleaning
1.049,0.351,1.006,-2.642,-16.992,-35.245,cleaning
0.765,0.307,1.103,-2.642,-16.992,-35.245,cleaning
0.765,0.307,1.103,3.167,-16.975,-17.22,cleaning
0.503,0.442,0.944,3.167,-16.975,-17.22,cleaning
0.503,0.442,0.944,8.75,-6.632,6.387,cleaning
0.604,0.706,0.818,8.75,-6.632,6.387,cleaning
0.604,0.706,0.818,1.4,12.11,44.275,cleaning
0.483,0.758,0.791,1.4,12.11,44.275,cleaning
0.483,0.758,0.791,-18.69,-4.462,75.022,cleaning
0.284,0.687,0.763,-18.69,-4.462,75.022,cleaning
0.284,0.687,0.763,-41.3,-26.722,96.39,cleaning
0.134,0.471,0.874,-41.3,-26.722,96.39,cleaning
-0.06,0.168,1.115,-54.215,-45.325,99.732,cleaning
-0.252,0.002,1.272,-54.215,-45.325,99.732,cleaning
-0.252,0.002,1.272,-50.557,-46.147,87.325,cleaning
-0.444,0,1.237,-50.557,-46.147,87.325,cleaning
-0.444,0,1.237,-40.32,-31.01,66.132,cleaning
-0.724,-0.005,1.212,-40.32,-31.01,66.132,cleaning
-0.724,-0.005,1.212,-31.867,-40.267,32.217,cleaning
-0.886,0.024,0.841,-31.867,-40.267,32.217,cleaning
-0.886,0.024,0.841,-20.282,-23.782,6.002,cleaning
-0.919,0.165,0.759,-20.282,-23.782,6.002,cleaning
-0.919,0.165,0.759,-23.607,3.622,-3.377,cleaning
-0.839,0.307,0.729,-23.607,3.622,-3.377,cleaning
-0.839,0.307,0.729,-30.065,-56.7,-33.635,cleaning
-0.911,-0.033,0.923,-30.065,-56.7,-33.635,cleaning
-0.911,-0.033,0.923,-20.737,-93.24,-67.917,cleaning
-1.157,-0.243,0.913,-20.737,-93.24,-67.917,cleaning
-1.157,-0.243,0.913,9.03,-18.042,-76.247,cleaning
-1,0.02,0.65,9.03,-18.042,-76.247,cleaning
-0.828,0.331,0.502,9.03,-18.042,-76.247,cleaning
-0.828,0.331,0.502,23.555,34.387,-74.427,cleaning
-0.855,0.623,0.556,23.555,34.387,-74.427,cleaning
-0.855,0.623,0.556,22.207,15.155,-75.547,cleaning
-0.888,0.799,0.538,22.207,15.155,-75.547,cleaning
-0.888,0.799,0.538,22.365,-3.64,-63.647,cleaning
-0.644,0.965,0.334,22.365,-3.64,-63.647,cleaning
-0.644,0.965,0.334,20.107,18.76,-34.947,cleaning
-0.181,1.197,0.269,20.107,18.76,-34.947,cleaning
-0.181,1.197,0.269,2.782,53.847,-0.962,cleaning
0.198,1.379,0.577,2.782,53.847,-0.962,cleaning
0.198,1.379,0.577,-13.93,59.325,18.83,cleaning
0.482,1.539,0.962,-13.93,59.325,18.83,cleaning
0.482,1.539,0.962,-14.647,21.91,36.697,cleaning
0.637,1.376,1.09,-14.647,21.91,36.697,cleaning
0.637,1.376,1.09,-12.39,-39.62,69.125,cleaning
0.788,0.829,0.853,-12.39,-39.62,69.125,cleaning
0.788,0.829,0.853,-21.07,-62.002,108.29,cleaning
0.902,0.273,0.666,-21.07,-62.002,108.29,cleaning
0.722,-0.06,0.771,-21.07,-62.002,108.29,cleaning
0.722,-0.06,0.771,-39.707,-41.475,133.525,cleaning
0.306,-0.202,1.095,-39.707,-41.475,133.525,cleaning
0.306,-0.202,1.095,-50.995,-37.065,130.322,cleaning
-0.115,-0.469,1.474,-50.995,-37.065,130.322,cleaning
-0.115,-0.469,1.474,-47.022,-104.16,87.972,cleaning
-0.596,-1.057,1.627,-47.022,-104.16,87.972,cleaning
-0.596,-1.057,1.627,-14.367,-109.76,28.42,cleaning
-0.961,-0.956,1.482,-14.367,-109.76,28.42,cleaning
-0.961,-0.956,1.482,27.002,-12.32,-20.65,cleaning
-1.344,-0.495,1.122,27.002,-12.32,-20.65,cleaning
-1.344,-0.495,1.122,59.29,143.132,-31.132,cleaning
-1.36,0.092,0.581,59.29,143.132,-31.132,cleaning
-1.36,0.092,0.581,63,218.767,-30.292,cleaning
-0.862,0.327,0.531,63,218.767,-30.292,cleaning
-0.862,0.327,0.531,31.517,62.335,-66.272,cleaning
-0.826,0.646,0.603,31.517,62.335,-66.272,cleaning
-0.826,0.646,0.603,-2.362,-92.575,-80.08,cleaning
-0.93,0.432,0.895,-2.362,-92.575,-80.08,cleaning
-0.805,0.266,1.012,-2.362,-92.575,-80.08,cleaning
-0.805,0.266,1.012,-4.497,-116.27,-78.452,cleaning
-0.655,0.418,0.812,-4.497,-116.27,-78.452,cleaning
-0.655,0.418,0.812,16.607,-42.227,-66.115,cleaning
-0.428,0.734,0.467,16.607,-42.227,-66.115,cleaning
-0.428,0.734,0.467,30.572,13.212,-57.242,cleaning
-0.24,1.023,0.308,30.572,13.212,-57.242,cleaning
-0.24,1.023,0.308,23.852,7.787,-47.372,cleaning
-0.11,1.209,0.377,23.852,7.787,-47.372,cleaning
-0.11,1.209,0.377,12.407,-0.367,-24.185,cleaning
0.072,1.339,0.515,12.407,-0.367,-24.185,cleaning
0.072,1.339,0.515,7.455,9.975,11.27,cleaning
0.179,1.322,0.749,7.455,9.975,11.27,cleaning
0.179,1.322,0.749,4.987,-7.227,41.562,cleaning
0.135,0.983,0.882,4.987,-7.227,41.562,cleaning
0.135,0.983,0.882,2.887,-35.507,66.342,cleaning
0.294,0.692,0.696,2.887,-35.507,66.342,cleaning
0.294,0.692,0.696,-9.59,-15.47,97.195,cleaning
0.508,0.455,0.569,-9.59,-15.47,97.195,cleaning
0.43,0.237,0.796,-9.59,-15.47,97.195,cleaning
0.43,0.237,0.796,-33.775,7.98,114.922,cleaning
0.141,0.057,1.194,-33.775,7.98,114.922,cleaning
0.141,0.057,1.194,-47.565,1.75,111.125,cleaning
-0.147,-0.355,1.488,-47.565,1.75,111.125,cleaning
-0.147,-0.355,1.488,-41.02,-35.665,77.472,cleaning
-0.359,-0.874,1.602,-41.02,-35.665,77.472,cleaning
-0.359,-0.874,1.602,-18.322,-59.622,22.102,cleaning
-0.477,-1.001,1.436,-18.322,-59.622,22.102,cleaning
-0.477,-1.001,1.436,10.272,-20.982,-29.33,cleaning
-0.448,-0.671,1.186,10.272,-20.982,-29.33,cleaning
-0.448,-0.671,1.186,24.57,35.997,-64.172,cleaning
-0.57,-0.317,1.202,24.57,35.997,-64.172,cleaning
-0.57,-0.317,1.202,26.845,25.427,-95.55,cleaning
-0.78,-0.121,1.236,26.845,25.427,-95.55,cleaning
-0.78,-0.121,1.236,30.292,-12.512,-116.27,cleaning
-0.77,-0.102,1.082,30.292,-12.512,-116.27,cleaning
-0.663,-0.119,0.97,31.867,-25.725,-128.065,cleaning
-0.633,-0.033,0.937,31.867,-25.725,-128.065,cleaning
-0.633,-0.033,0.937,35.437,-10.15,-135.45,cleaning
-0.69,0.058,0.905,35.437,-10.15,-135.45,cleaning
-0.69,0.058,0.905,41.947,-4.462,-154,cleaning
-0.69,0.208,0.864,41.947,-4.462,-154,cleaning
-0.69,0.208,0.864,42.805,-29.627,-173.582,cleaning
-0.8,0.432,0.797,42.805,-29.627,-173.582,cleaning
-0.8,0.432,0.797,45.272,-20.667,-164.57,cleaning
-0.86,0.794,0.654,45.272,-20.667,-164.57,cleaning
-0.86,0.794,0.654,47.215,4.742,-134.662,cleaning
-0.722,1.129,0.396,47.215,4.742,-134.662,cleaning
-0.722,1.129,0.396,37.17,9.362,-88.515,cleaning
-0.531,1.328,0.154,37.17,9.362,-88.515,cleaning
-0.531,1.328,0.154,10.395,-13.107,-39.917,cleaning
-0.379,1.368,0.086,10.395,-13.107,-39.917,cleaning
-0.379,1.368,0.086,-16.117,-27.212,5.022,cleaning
-0.371,1.346,0.248,-16.117,-27.212,5.022,cleaning
-0.377,1.387,0.483,-19.32,0.262,46.795,cleaning
-0.399,1.459,0.574,-19.32,0.262,46.795,cleaning
-0.399,1.459,0.574,-15.207,2.45,84.367,cleaning
-0.394,1.327,0.547,-15.207,2.45,84.367,cleaning
-0.394,1.327,0.547,-27.72,-48.16,130.462,cleaning
-0.364,1.043,0.544,-27.72,-48.16,130.462,cleaning
-0.364,1.043,0.544,-50.172,-71.785,181.265,cleaning
-0.403,0.824,0.673,-50.172,-71.785,181.265,cleaning
-0.403,0.824,0.673,-69.79,-44.397,228.252,cleaning
-0.389,0.638,0.803,-69.79,-44.397,228.252,cleaning
-0.389,0.638,0.803,-85.347,-29.767,254.835,cleaning
-0.311,0.398,0.918,-85.347,-29.767,254.835,cleaning
-0.311,0.398,0.918,-96.81,-39.83,264.477,cleaning
-0.35,0.115,1.139,-96.81,-39.83,264.477,cleaning
-0.35,0.115,1.139,-93.1,-63.577,254.31,cleaning
-0.274,-0.594,1.163,-93.1,-63.577,254.31,cleaning
-0.274,-0.594,1.163,-79.292,-101.097,205.59,cleaning
0.08,-1.33,1.122,-79.292,-101.097,205.59,cleaning
0.102,-1.901,1.436,-79.292,-101.097,205.59,cleaning
0.102,-1.901,1.436,-60.182,-118.387,127.382,cleaning
-0.37,-1.879,1.896,-60.182,-118.387,127.382,cleaning
-0.37,-1.879,1.896,-19.092,-120.12,17.465,cleaning
-0.579,-1.244,1.937,-19.092,-120.12,17.465,cleaning
-0.579,-1.244,1.937,57.977,-19.022,-51.345,cleaning
-0.315,-0.696,1.478,57.977,-19.022,-51.345,cleaning
-0.315,-0.696,1.478,127.015,90.142,-93.905,cleaning
-0.37,-0.349,0.775,127.015,90.142,-93.905,cleaning
-0.37,-0.349,0.775,139.02,78.33,-138.897,cleaning
-0.524,0.244,0.299,139.02,78.33,-138.897,cleaning
-0.524,0.244,0.299,109.2,96.617,-131.162,cleaning
-0.745,0.917,0.418,109.2,96.617,-131.162,cleaning
-0.745,0.917,0.418,70.402,98.91,-97.265,cleaning
-0.936,1.536,0.633,70.402,98.91,-97.265,cleaning
-0.936,1.536,0.633,40.267,69.072,-40.897,cleaning
-0.902,1.783,0.632,40.267,69.072,-40.897,cleaning
-0.902,1.783,0.632,6.212,21.77,24.132,cleaning
-0.701,1.519,0.375,6.212,21.77,24.132,cleaning
-0.541,0.806,0.475,6.212,21.77,24.132,cleaning
-0.541,0.806,0.475,-27.562,-23.642,65.415,cleaning
-0.515,0.349,0.579,-27.562,-23.642,65.415,cleaning
-0.515,0.349,0.579,-42.367,-57.085,73.972,cleaning
-0.295,0.453,0.608,-42.367,-57.085,73.972,cleaning
-0.295,0.453,0.608,-41.877,-5.477,93.975,cleaning
-0.129,0.657,0.826,-41.877,-5.477,93.975,cleaning
-0.129,0.657,0.826,-44.975,25.655,112,cleaning
-0.066,0.614,0.982,-44.975,25.655,112,cleaning
-0.066,0.614,0.982,-50.75,-11.742,116.427,cleaning
-0.001,0.402,0.985,-50.75,-11.742,116.427,cleaning
-0.001,0.402,0.985,-56.577,-53.112,115.797,cleaning
0.015,0.039,1.035,-56.577,-53.112,115.797,cleaning
0.015,0.039,1.035,-59.045,-82.127,104.58,cleaning
0.008,-0.385,1.041,-59.045,-82.127,104.58,cleaning
0.008,-0.385,1.041,-52.92,-79.747,82.337,cleaning
0.014,-0.625,1.103,-52.92,-79.747,82.337,cleaning
0.014,-0.625,1.103,-38.605,-52.64,49.42,cleaning
-0.027,-0.645,1.181,-38.605,-52.64,49.42,cleaning
-0.176,-0.476,1.198,-38.605,-52.64,49.42,cleaning
-0.176,-0.476,1.198,-20.58,-27.37,12.617,cleaning
-0.311,-0.048,1.053,-20.58,-27.37,12.617,cleaning
-0.311,-0.048,1.053,-4.2,16.66,-6.947,cleaning
-0.421,0.448,0.94,-4.2,16.66,-6.947,cleaning
-0.421,0.448,0.94,5.057,58.292,-4.27,cleaning
-0.46,0.722,0.767,5.057,58.292,-4.27,cleaning
-0.46,0.722,0.767,-0.245,43.715,-1.382,cleaning
-0.411,0.636,0.705,-0.245,43.715,-1.382,cleaning
-0.411,0.636,0.705,-13.055,5.215,-3.22,cleaning
-0.349,0.211,0.718,-13.055,5.215,-3.22,cleaning
-0.349,0.211,0.718,-21.682,-30.047,-20.965,cleaning
-0.367,-0.201,0.863,-21.682,-30.047,-20.965,cleaning
-0.367,-0.201,0.863,-16.747,-30.17,-46.935,cleaning
-0.398,-0.372,1.125,-16.747,-30.17,-46.935,cleaning
-0.398,-0.372,1.125,7.087,4.812,-71.085,cleaning
-0.435,-0.261,1.328,7.087,4.812,-71.085,cleaning
-0.364,-0.126,1.173,45.727,42.962,-91.875,cleaning
-0.24,0.03,0.869,45.727,42.962,-91.875,cleaning
-0.24,0.03,0.869,74.095,65.502,-109.812,cleaning
-0.158,0.189,0.67,74.095,65.502,-109.812,cleaning
-0.158,0.189,0.67,83.615,75.95,-117.477,cleaning
-0.131,0.531,0.635,83.615,75.95,-117.477,cleaning
-0.131,0.531,0.635,80.64,73.535,-115.552,cleaning
-0.184,0.732,0.746,80.64,73.535,-115.552,cleaning
-0.184,0.732,0.746,73.255,59.377,-104.947,cleaning
-0.292,0.792,0.956,73.255,59.377,-104.947,cleaning
-0.292,0.792,0.956,73.92,45.15,-89.512,cleaning
-0.348,0.784,0.969,73.92,45.15,-89.512,cleaning
-0.348,0.784,0.969,81.847,32.445,-74.847,cleaning
-0.301,0.645,0.791,81.847,32.445,-74.847,cleaning
-0.301,0.645,0.791,81.567,24.552,-66.745,cleaning
-0.243,0.555,0.565,81.567,24.552,-66.745,cleaning
-0.243,0.555,0.565,67.672,36.855,-56.98,cleaning
-0.188,0.518,0.538,67.672,36.855,-56.98,cleaning
-0.117,0.473,0.69,46.795,38.272,-48.527,cleaning
-0.124,0.455,0.959,46.795,38.272,-48.527,cleaning
-0.124,0.455,0.959,29.872,19.32,-44.625,cleaning
-0.154,0.31,1.164,29.872,19.32,-44.625,cleaning
-0.154,0.31,1.164,25.777,-0.507,-46.357,cleaning
-0.106,0.036,1.233,25.777,-0.507,-46.357,cleaning
-0.106,0.036,1.233,30.52,-9.082,-56.945,cleaning
-0.013,-0.155,1.255,30.52,-9.082,-56.945,cleaning
-0.013,-0.155,1.255,39.777,-2.607,-75.565,cleaning
-0.04,-0.186,1.192,39.777,-2.607,-75.565,cleaning
-0.04,-0.186,1.192,53.9,16.59,-100.817,cleaning
-0.126,-0.092,1.084,53.9,16.59,-100.817,cleaning
-0.126,-0.092,1.084,63.315,25.655,-129.36,cleaning
-0.284,0.05,0.974,63.315,25.655,-129.36,cleaning
-0.284,0.05,0.974,64.61,17.64,-152.267,cleaning
-0.352,0.229,0.913,64.61,17.64,-152.267,cleaning
-0.352,0.229,0.913,58.012,15.12,-154.105,cleaning
-0.426,0.472,0.875,58.012,15.12,-154.105,cleaning
-0.538,0.759,0.799,46.742,18.287,-135.502,cleaning
-0.609,1.147,0.595,46.742,18.287,-135.502,cleaning
-0.609,1.147,0.595,31.71,25.357,-99.295,cleaning
-0.661,1.471,0.292,31.71,25.357,-99.295,cleaning
-0.661,1.471,0.292,1.26,33.425,-43.522,cleaning
-0.579,1.739,0.024,1.26,33.425,-43.522,cleaning
-0.579,1.739,0.024,-44.45,12.022,17.097,cleaning
-0.552,1.649,0.093,-44.45,12.022,17.097,cleaning
-0.552,1.649,0.093,-95.69,-71.995,53.585,cleaning
-0.659,1.315,0.189,-95.69,-71.995,53.585,cleaning
-0.659,1.315,0.189,-136.377,-172.742,76.142,cleaning
-0.661,0.936,0.382,-136.377,-172.742,76.142,cleaning
-0.661,0.936,0.382,-159.092,-192.395,110.985,cleaning
-0.696,0.658,0.704,-159.092,-192.395,110.985,cleaning
-0.696,0.658,0.704,-159.81,-160.3,143.675,cleaning
-0.696,0.462,0.831,-159.81,-160.3,143.675,cleaning
-0.696,0.462,0.831,-150.307,-118.457,170.012,cleaning
-0.616,0.38,0.813,-150.307,-118.457,170.012,cleaning
-0.543,0.265,0.754,-150.307,-118.457,170.012,cleaning
-0.543,0.265,0.754,-144.025,-103.022,182.98,cleaning
-0.453,-0.104,0.705,-144.025,-103.022,182.98,cleaning
-0.453,-0.104,0.705,-137.2,-110.495,177.362,cleaning
-0.271,-0.699,0.698,-137.2,-110.495,177.362,cleaning
-0.271,-0.699,0.698,-133.682,-129.78,147.665,cleaning
-0.164,-1.417,0.949,-133.682,-129.78,147.665,cleaning
-0.164,-1.417,0.949,-128.117,-131.722,98.647,cleaning
-0.156,-1.946,1.453,-128.117,-131.722,98.647,cleaning
-0.156,-1.946,1.453,-96.705,-105.49,27.632,cleaning
-0.227,-2.103,1.929,-96.705,-105.49,27.632,cleaning
-0.227,-2.103,1.929,-29.802,-34.737,-54.985,cleaning
-0.389,-1.301,1.633,-29.802,-34.737,-54.985,cleaning
-0.389,-1.301,1.633,41.212,86.31,-100.222,cleaning
-0.46,-0.476,1.337,41.212,86.31,-100.222,cleaning
-0.46,-0.476,1.337,84.577,124.407,-131.547,cleaning
-0.257,-0.65,1.083,84.577,124.407,-131.547,cleaning
-0.257,-0.65,1.083,100.222,88.532,-174.65,cleaning
-0.338,-0.468,0.766,100.222,88.532,-174.65,cleaning
-0.496,0.042,0.71,100.222,88.532,-174.65,cleaning
-0.496,0.042,0.71,99.417,83.65,-188.107,cleaning
-0.65,0.394,0.738,99.417,83.65,-188.107,cleaning
-0.65,0.394,0.738,88.62,86.275,-189,cleaning
-0.82,0.604,0.819,88.62,86.275,-189,cleaning
-0.82,0.604,0.819,84.227,103.67,-178.202,cleaning
-0.917,0.911,0.619,84.227,103.67,-178.202,cleaning
-0.917,0.911,0.619,86.922,121.135,-156.922,cleaning
-1,1.204,0.314,86.922,121.135,-156.922,cleaning
-1,1.204,0.314,72.59,125.825,-121.152,cleaning
-0.981,1.358,0.186,72.59,125.825,-121.152,cleaning
-0.981,1.358,0.186,35,78.592,-76.86,cleaning
-0.965,1.599,0.12,35,78.592,-76.86,cleaning
-0.965,1.599,0.12,-7.542,17.517,-8.505,cleaning
-0.897,1.676,0.182,-7.542,17.517,-8.505,cleaning
-0.897,1.676,0.182,-38.01,-7.42,62.93,cleaning
-0.91,0.902,0.538,-38.01,-7.42,62.93,cleaning
-0.91,0.902,0.538,-47.932,-27.755,94.867,cleaning
-0.928,0.685,0.31,-47.932,-27.755,94.867,cleaning
-0.743,0.82,0.208,-47.932,-27.755,94.867,cleaning
-0.743,0.82,0.208,-62.597,-22.015,133.752,cleaning
-0.74,0.689,0.338,-62.597,-22.015,133.752,cleaning
-0.74,0.689,0.338,-85.172,-29.295,157.955,cleaning
-0.727,0.601,0.473,-85.172,-29.295,157.955,cleaning
-0.727,0.601,0.473,-101.885,-41.562,168.402,cleaning
-0.741,0.495,0.644,-101.885,-41.562,168.402,cleaning
-0.741,0.495,0.644,-113.172,-58.642,171.797,cleaning
-0.728,0.123,0.698,-113.172,-58.642,171.797,cleaning
-0.728,0.123,0.698,-119.962,-93.38,154.035,cleaning
-0.691,-0.314,0.766,-119.962,-93.38,154.035,cleaning
-0.691,-0.314,0.766,-125.807,-118.317,122.745,cleaning
-0.765,-0.699,0.958,-125.807,-118.317,122.745,cleaning
-0.765,-0.699,0.958,-121.52,-114.817,84.35,cleaning
-0.705,-1.102,1.198,-121.52,-114.817,84.35,cleaning
-0.705,-1.102,1.198,-106.715,-101.762,34.632,cleaning
-0.5,-1.395,1.537,-106.715,-101.762,34.632,cleaning
-0.344,-1.338,1.79,-79.817,-86.52,-19.197,cleaning
-0.305,-0.796,1.787,-79.817,-86.52,-19.197,cleaning
-0.305,-0.796,1.787,-40.162,-47.88,-60.567,cleaning
-0.302,-0.31,1.595,-40.162,-47.88,-60.567,cleaning
-0.302,-0.31,1.595,4.62,-17.097,-88.007,cleaning
-0.24,-0.46,1.284,4.62,-17.097,-88.007,cleaning
-0.24,-0.46,1.284,50.645,3.832,-114.485,cleaning
-0.183,-0.557,0.968,50.645,3.832,-114.485,cleaning
-0.183,-0.557,0.968,89.757,50.295,-138.267,cleaning
-0.265,-0.224,0.75,89.757,50.295,-138.267,cleaning
-0.265,-0.224,0.75,114.66,95.217,-148.365,cleaning
-0.422,0.317,0.583,114.66,95.217,-148.365,cleaning
-0.422,0.317,0.583,127.557,111.282,-146.422,cleaning
-0.595,0.833,0.378,127.557,111.282,-146.422,cleaning
-0.595,0.833,0.378,128.73,116.007,-127.26,cleaning
-0.714,1.25,0.132,128.73,116.007,-127.26,cleaning
-0.714,1.25,0.132,109.27,116.83,-85.435,cleaning
-0.851,1.734,-0.045,109.27,116.83,-85.435,cleaning
-0.941,2.144,-0.153,68.302,78.417,-27.72,cleaning
-0.904,2.006,0.064,68.302,78.417,-27.72,cleaning
-0.904,2.006,0.064,13.387,16.467,43.277,cleaning
-0.899,1.059,0.678,13.387,16.467,43.277,cleaning
-0.899,1.059,0.678,-24.5,-49.63,81.585,cleaning
-0.995,0.824,0.633,-24.5,-49.63,81.585,cleaning
-0.995,0.824,0.633,-34.23,-68.95,117.302,cleaning
-0.7,0.846,0.493,-34.23,-68.95,117.302,cleaning
-0.7,0.846,0.493,-49.997,-34.86,165.357,cleaning
-0.514,0.692,0.497,-49.997,-34.86,165.357,cleaning
-0.514,0.692,0.497,-75.197,16.17,197.855,cleaning
-0.48,0.535,0.741,-75.197,16.17,197.855,cleaning
-0.48,0.535,0.741,-90.265,15.032,204.207,cleaning
-0.343,0.309,0.951,-90.265,15.032,204.207,cleaning
-0.343,0.309,0.951,-96.565,-73.045,184.31,cleaning
-0.276,-0.24,1.237,-96.565,-73.045,184.31,cleaning
-0.276,-0.24,1.237,-82.162,-153.072,149.292,cleaning
-0.366,-0.964,1.502,-82.162,-153.072,149.292,cleaning
-0.314,-1.418,1.608,-82.162,-153.072,149.292,cleaning
-0.314,-1.418,1.608,-35.647,-132.002,106.872,cleaning
-0.341,-1.414,1.613,-35.647,-132.002,106.872,cleaning
-0.341,-1.414,1.613,14.997,-64.347,52.325,cleaning
-0.414,-0.875,1.434,14.997,-64.347,52.325,cleaning
-0.414,-0.875,1.434,56.07,-13.667,-1.47,cleaning
-0.227,-0.079,1.11,56.07,-13.667,-1.47,cleaning
-0.227,-0.079,1.11,76.597,13.807,-24.902,cleaning
-0.041,0.357,0.9,76.597,13.807,-24.902,cleaning
-0.041,0.357,0.9,73.797,16.555,-25.025,cleaning
-0.055,0.311,0.759,73.797,16.555,-25.025,cleaning
-0.055,0.311,0.759,53.917,6.58,-23.45,cleaning
-0.11,0.306,0.701,53.917,6.58,-23.45,cleaning
-0.11,0.306,0.701,28.402,-5.355,-22.12,cleaning
-0.136,0.216,0.753,28.402,-5.355,-22.12,cleaning
-0.136,0.216,0.753,6.545,-36.137,-33.915,cleaning
-0.214,-0.149,0.844,6.545,-36.137,-33.915,cleaning
-0.214,-0.149,0.844,-0.525,-40.057,-62.247,cleaning
-0.372,-0.508,0.92,-0.525,-40.057,-62.247,cleaning
-0.479,-0.668,1.022,-0.525,-40.057,-62.247,cleaning
-0.479,-0.668,1.022,11.882,-3.832,-99.925,cleaning
-0.585,-0.591,1.244,11.882,-3.832,-99.925,cleaning
-0.585,-0.591,1.244,35.525,34.212,-135.432,cleaning
-0.838,-0.312,1.34,35.525,34.212,-135.432,cleaning
-0.838,-0.312,1.34,70.35,72.642,-163.502,cleaning
-0.89,0.011,1.091,70.35,72.642,-163.502,cleaning
-0.89,0.011,1.091,101.552,94.517,-181.282,cleaning
-0.863,0.318,0.634,101.552,94.517,-181.282,cleaning
-0.863,0.318,0.634,99.697,85.365,-186.357,cleaning
-1.003,0.468,0.574,99.697,85.365,-186.357,cleaning
-1.003,0.468,0.574,77.42,57.19,-186.76,cleaning
-1.192,0.811,0.396,77.42,57.19,-186.76,cleaning
-1.192,0.811,0.396,54.232,46.917,-159.372,cleaning
-1.216,1.347,0.223,54.232,46.917,-159.372,cleaning
-1.216,1.347,0.223,19.355,37.572,-102.9,cleaning
-1.12,1.685,0.05,19.355,37.572,-102.9,cleaning
-1.12,1.685,0.05,-18.655,38.447,-23.817,cleaning
-0.803,1.859,-0.037,-18.655,38.447,-23.817,cleaning
-0.744,1.254,0.436,-18.655,38.447,-23.817,cleaning
-0.744,1.254,0.436,-48.352,11.06,28.157,cleaning
-0.752,0.998,0.311,-48.352,11.06,28.157,cleaning
-0.752,0.998,0.311,-57.802,-39.917,54.792,cleaning
-0.473,1.133,0.359,-57.802,-39.917,54.792,cleaning
-0.473,1.133,0.359,-66.237,-9.292,103.145,cleaning
-0.379,0.987,0.495,-66.237,-9.292,103.145,cleaning
-0.379,0.987,0.495,-80.745,15.47,139.912,cleaning
-0.325,0.789,0.665,-80.745,15.47,139.912,cleaning
-0.325,0.789,0.665,-91.385,-12.145,152.075,cleaning
-0.247,0.237,0.728,-91.385,-12.145,152.075,cleaning
-0.247,0.237,0.728,-104.317,-69.475,145.46,cleaning
-0.315,-0.46,0.962,-104.317,-69.475,145.46,cleaning
-0.315,-0.46,0.962,-108.5,-100.59,122.412,cleaning
-0.372,-1.144,1.206,-108.5,-100.59,122.412,cleaning
-0.372,-1.144,1.206,-97.405,-109.637,73.832,cleaning
-0.379,-1.811,1.447,-97.405,-109.637,73.832,cleaning
-0.644,-2.053,1.866,-71.435,-114.24,-11.13,cleaning
-0.65,-0.396,1.481,-71.435,-114.24,-11.13,cleaning
-0.65,-0.396,1.481,-34.772,-102.655,-79.887,cleaning
-0.415,0.121,1.465,-34.772,-102.655,-79.887,cleaning
-0.415,0.121,1.465,-16.677,-67.847,-73.027,cleaning
-0.358,-0.688,1.22,-16.677,-67.847,-73.027,cleaning
-0.358,-0.688,1.22,-8.557,-93.222,-106.522,cleaning
-0.498,-0.38,1,-8.557,-93.222,-106.522,cleaning
-0.498,-0.38,1,2.45,-42.752,-119.647,cleaning
-0.492,-0.043,0.906,2.45,-42.752,-119.647,cleaning
-0.492,-0.043,0.906,9.66,-8.89,-127.172,cleaning
-0.517,0.071,0.765,9.66,-8.89,-127.172,cleaning
-0.517,0.071,0.765,13.842,-2.922,-131.792,cleaning
-0.674,0.424,0.719,13.842,-2.922,-131.792,cleaning
-0.674,0.424,0.719,18.375,0.665,-120.662,cleaning
-0.863,0.715,0.566,18.375,0.665,-120.662,cleaning
-0.863,0.715,0.566,19.267,18.427,-90.475,cleaning
-0.911,0.96,0.258,19.267,18.427,-90.475,cleaning
-0.964,1.466,0.018,6.895,65.992,-28.735,cleaning
-0.964,1.177,0.273,6.895,65.992,-28.735,cleaning
-0.964,1.177,0.273,-16.327,72.397,33.04,cleaning
-0.791,0.615,0.446,-16.327,72.397,33.04,cleaning
-0.791,0.615,0.446,-31.465,10.027,45.832,cleaning
-0.86,0.969,0.411,-31.465,10.027,45.832,cleaning
-0.86,0.969,0.411,-32.707,22.575,91.315,cleaning
-0.692,1.074,0.506,-32.707,22.575,91.315,cleaning
-0.692,1.074,0.506,-34.597,52.552,131.792,cleaning
-0.616,0.874,0.592,-34.597,52.552,131.792,cleaning
-0.616,0.874,0.592,-43.68,16.135,153.825,cleaning
-0.494,0.406,0.666,-43.68,16.135,153.825,cleaning
-0.494,0.406,0.666,-53.077,-53.235,153.72,cleaning
-0.331,-0.402,0.7,-53.077,-53.235,153.72,cleaning
-0.331,-0.402,0.7,-58.17,-90.825,127.137,cleaning
-0.347,-1.208,0.999,-58.17,-90.825,127.137,cleaning
-0.347,-1.208,0.999,-45.482,-74.637,77.052,cleaning
-0.523,-1.744,1.426,-45.482,-74.637,77.052,cleaning
-0.733,-1.958,1.614,-45.482,-74.637,77.052,cleaning
-0.733,-1.958,1.614,-11.917,-49.175,0.175,cleaning
-0.639,-0.394,1.275,-11.917,-49.175,0.175,cleaning
-0.639,-0.394,1.275,20.352,2.8,-49.875,cleaning
-0.391,-0.001,1.359,20.352,2.8,-49.875,cleaning
-0.391,-0.001,1.359,36.452,40.25,-52.5,cleaning
-0.451,-0.648,1.087,36.452,40.25,-52.5,cleaning
-0.451,-0.648,1.087,44.747,6.842,-89.057,cleaning
-0.458,-0.508,0.882,44.747,6.842,-89.057,cleaning
-0.458,-0.508,0.882,48.352,26.565,-105.892,cleaning
-0.399,-0.269,0.85,48.352,26.565,-105.892,cleaning
-0.399,-0.269,0.85,47.092,48.685,-118.562,cleaning
-0.52,-0.062,1.031,47.092,48.685,-118.562,cleaning
-0.52,-0.062,1.031,57.942,68.25,-125.282,cleaning
-0.723,0.107,1.093,57.942,68.25,-125.282,cleaning
-0.723,0.107,1.093,83.685,99.277,-124.092,cleaning
-0.693,0.325,0.841,83.685,99.277,-124.092,cleaning
-0.693,0.325,0.841,95.357,91,-122.71,cleaning
-0.539,0.423,0.579,95.357,91,-122.71,cleaning
-0.439,0.337,0.478,95.357,91,-122.71,cleaning
-0.439,0.337,0.478,81.655,37.677,-128.922,cleaning
-0.473,0.186,0.594,81.655,37.677,-128.922,cleaning
-0.473,0.186,0.594,58.362,4.567,-135.275,cleaning
-0.695,0.144,0.853,58.362,4.567,-135.275,cleaning
-0.695,0.144,0.853,46.585,17.552,-134.137,cleaning
-0.76,0.31,0.938,46.585,17.552,-134.137,cleaning
-0.76,0.31,0.938,50.82,39.707,-123.585,cleaning
-0.664,0.339,0.822,50.82,39.707,-123.585,cleaning
-0.664,0.339,0.822,48.282,46.777,-111.212,cleaning
-0.627,0.336,0.714,48.282,46.777,-111.212,cleaning
-0.627,0.336,0.714,37.047,44.17,-99.68,cleaning
-0.653,0.307,0.644,37.047,44.17,-99.68,cleaning
-0.653,0.307,0.644,26.687,45.237,-88.515,cleaning
-0.683,0.5,0.488,26.687,45.237,-88.515,cleaning
-0.683,0.5,0.488,14.227,68.127,-58.835,cleaning
-0.721,0.868,0.535,14.227,68.127,-58.835,cleaning
-0.721,0.868,0.535,0.245,37.24,-28.805,cleaning
-0.793,0.972,0.578,0.245,37.24,-28.805,cleaning
-0.831,0.686,0.459,0.245,37.24,-28.805,cleaning
-0.831,0.686,0.459,-9.782,-41.23,-9.117,cleaning
-0.841,0.298,0.387,-9.782,-41.23,-9.117,cleaning
-0.841,0.298,0.387,-17.482,-79.327,11.497,cleaning
-0.764,0.034,0.495,-17.482,-79.327,11.497,cleaning
-0.764,0.034,0.495,-22.155,-60.707,34.387,cleaning
-0.862,0.294,0.399,-22.155,-60.707,34.387,cleaning
-0.862,0.294,0.399,-25.235,0.035,72.135,cleaning
-0.864,0.665,0.31,-25.235,0.035,72.135,cleaning
-0.864,0.665,0.31,-39.182,45.22,117.845,cleaning
-0.783,0.9,0.468,-39.182,45.22,117.845,cleaning
-0.783,0.9,0.468,-60.34,5.757,143.465,cleaning
-0.816,0.648,0.609,-60.34,5.757,143.465,cleaning
-0.816,0.648,0.609,-66.902,-52.692,148.907,cleaning
-0.71,0.171,0.659,-66.902,-52.692,148.907,cleaning
-0.71,0.171,0.659,-61.372,-80.815,132.772,cleaning
-0.438,-0.36,0.752,-61.372,-80.815,132.772,cleaning
-0.438,-0.36,0.752,-54.005,-72.345,99.4,cleaning
-0.21,-0.849,1.128,-54.005,-72.345,99.4,cleaning
-0.142,-1.189,1.591,-54.005,-72.345,99.4,cleaning
-0.142,-1.189,1.591,-29.19,-38.272,52.71,cleaning
0.016,-1.297,1.809,-29.19,-38.272,52.71,cleaning
0.016,-1.297,1.809,18.882,19.075,2.397,cleaning
-0.034,-0.648,1.416,18.882,19.075,2.397,cleaning
-0.034,-0.648,1.416,63.857,97.457,-26.897,cleaning
-0.186,0.291,1.173,63.857,97.457,-26.897,cleaning
-0.186,0.291,1.173,85.417,153.597,-22.697,cleaning
-0.047,0.139,1.278,85.417,153.597,-22.697,cleaning
-0.047,0.139,1.278,94.71,107.065,-48.86,cleaning
-0.044,-0.069,1.19,94.71,107.065,-48.86,cleaning
-0.044,-0.069,1.19,99.522,57.977,-75.565,cleaning
-0.117,0.122,1.036,99.522,57.977,-75.565,cleaning
-0.117,0.122,1.036,97.002,51.572,-86.135,cleaning
-0.189,0.214,1.013,97.002,51.572,-86.135,cleaning
-0.189,0.214,1.013,93.397,51.8,-96.267,cleaning
-0.313,0.28,0.996,93.397,51.8,-96.267,cleaning
-0.405,0.346,0.945,92.592,49.035,-103.407,cleaning
-0.462,0.372,0.832,92.592,49.035,-103.407,cleaning
-0.462,0.372,0.832,89.302,36.452,-112.402,cleaning
-0.563,0.406,0.824,89.302,36.452,-112.402,cleaning
-0.563,0.406,0.824,83.3,26.145,-116.812,cleaning
-0.68,0.458,0.751,83.3,26.145,-116.812,cleaning
-0.68,0.458,0.751,82.495,28.787,-113.68,cleaning
-0.733,0.437,0.587,82.495,28.787,-113.68,cleaning
-0.733,0.437,0.587,79.24,37.975,-107.87,cleaning
-0.792,0.556,0.375,79.24,37.975,-107.87,cleaning
-0.792,0.556,0.375,63.14,42.752,-89.652,cleaning
-0.949,0.636,0.211,63.14,42.752,-89.652,cleaning
-0.949,0.636,0.211,34.282,38.535,-50.907,cleaning
-1.215,0.857,0.051,34.282,38.535,-50.907,cleaning
-1.215,0.857,0.051,-0.367,16.222,6.702,cleaning
-0.978,0.475,0.557,-0.367,16.222,6.702,cleaning
-0.978,0.475,0.557,-20.597,-62.772,24.447,cleaning
-0.658,0.176,0.917,-20.597,-62.772,24.447,cleaning
-0.948,0.165,0.76,-17.43,-92.575,39.147,cleaning
-1.112,0.247,0.512,-17.43,-92.575,39.147,cleaning
-1.112,0.247,0.512,-9.905,-27.16,75.722,cleaning
-0.919,0.236,0.458,-9.905,-27.16,75.722,cleaning
-0.919,0.236,0.458,-14.035,35.542,107.275,cleaning
-0.754,0.317,0.532,-14.035,35.542,107.275,cleaning
-0.754,0.317,0.532,-26.25,55.562,118.72,cleaning
-0.653,0.405,0.685,-26.25,55.562,118.72,cleaning
-0.653,0.405,0.685,-37.292,39.077,115.185,cleaning
-0.513,0.454,0.863,-37.292,39.077,115.185,cleaning
-0.513,0.454,0.863,-42.857,3.465,103.862,cleaning
-0.355,0.321,0.995,-42.857,3.465,103.862,cleaning
-0.355,0.321,0.995,-39.13,-22.732,87.167,cleaning
-0.084,0.02,1.052,-39.13,-22.732,87.167,cleaning
-0.084,0.02,1.052,-31.867,-18.55,61.6,cleaning
0.21,-0.143,1.254,-31.867,-18.55,61.6,cleaning
0.21,-0.143,1.254,-20.842,-1.225,35.612,cleaning
0.325,-0.049,1.539,-20.842,-1.225,35.612,cleaning
0.433,-0.064,1.55,-20.842,-1.225,35.612,cleaning
0.433,-0.064,1.55,-3.272,-5.565,12.775,cleaning
0.591,-0.038,1.469,-3.272,-5.565,12.775,cleaning
0.591,-0.038,1.469,8.645,-15.085,-10.482,cleaning
0.506,0.281,1.256,8.645,-15.085,-10.482,cleaning
0.506,0.281,1.256,15.575,9.222,-19.337,cleaning
0.074,0.594,1.015,15.575,9.222,-19.337,cleaning
0.074,0.594,1.015,13.562,43.662,-11.917,cleaning
0.099,0.488,1.087,13.562,43.662,-11.917,cleaning
0.099,0.488,1.087,4.095,-3.132,-21.805,cleaning
0.071,0.38,1.058,4.095,-3.132,-21.805,cleaning
0.071,0.38,1.058,-3.78,-62.825,-34.265,cleaning
-0.105,0.289,1.025,-3.78,-62.825,-34.265,cleaning
-0.105,0.289,1.025,-2.817,-72.712,-38.185,cleaning
-0.228,0.221,0.997,-2.817,-72.712,-38.185,cleaning
-0.228,0.221,0.997,7.945,-50.82,-37.677,cleaning
-0.304,0.239,0.902,7.945,-50.82,-37.677,cleaning
-0.304,0.239,0.902,17.815,-30.94,-35.91,cleaning
-0.347,0.249,0.769,17.815,-30.94,-35.91,cleaning
-0.451,0.236,0.574,17.815,-30.94,-35.91,cleaning
-0.451,0.236,0.574,20.002,-28.192,-38.867,cleaning
-0.643,0.268,0.446,20.002,-28.192,-38.867,cleaning
-0.643,0.268,0.446,13.247,-25.567,-42.962,cleaning
-0.837,0.355,0.541,13.247,-25.567,-42.962,cleaning
-0.837,0.355,0.541,5.582,-22.855,-40.407,cleaning
-0.971,0.236,0.624,5.582,-22.855,-40.407,cleaning
-0.971,0.236,0.624,9.467,-21.28,-30.607,cleaning
-0.928,0,0.547,9.467,-21.28,-30.607,cleaning
-0.928,0,0.547,18.602,-2.695,-25.882,cleaning
-0.767,-0.117,0.495,18.602,-2.695,-25.882,cleaning
-0.767,-0.117,0.495,22.61,28.42,-26.355,cleaning
-0.643,-0.11,0.65,22.61,28.42,-26.355,cleaning
-0.643,-0.11,0.65,26.915,37.292,-41.895,cleaning
-0.728,-0.271,0.955,26.915,37.292,-41.895,cleaning
-0.728,-0.271,0.955,37.782,2.59,-78.89,cleaning
-0.672,-0.39,1.031,37.782,2.59,-78.89,cleaning
-0.672,-0.39,1.031,45.552,-5.022,-101.15,cleaning
-0.631,-0.268,0.947,45.552,-5.022,-101.15,cleaning
-0.586,-0.085,0.747,45.552,-5.022,-101.15,cleaning
-0.586,-0.085,0.747,41.335,15.155,-110.652,cleaning
-0.58,0.241,0.764,41.335,15.155,-110.652,cleaning
-0.58,0.241,0.764,18.777,10.027,-112.63,cleaning
-0.842,0.619,1.034,18.777,10.027,-112.63,cleaning
-0.842,0.619,1.034,-0.735,-16.45,-95.322,cleaning
-1.032,0.828,1.129,-0.735,-16.45,-95.322,cleaning
-1.032,0.828,1.129,5.197,-18.515,-66.885,cleaning
-0.774,0.615,0.811,5.197,-18.515,-66.885,cleaning
-0.774,0.615,0.811,9.52,-36.977,-56.245,cleaning
-0.29,0.01,0.661,9.52,-36.977,-56.245,cleaning
-0.29,0.01,0.661,-2.817,-86.03,-80.762,cleaning
-0.07,-0.313,0.851,-2.817,-86.03,-80.762,cleaning
-0.07,-0.313,0.851,-2.187,-63.245,-110.53,cleaning
-0.17,-0.267,1.147,-2.187,-63.245,-110.53,cleaning
-0.17,-0.267,1.147,18.882,9.502,-122.132,cleaning
-0.163,-0.054,1.165,18.882,9.502,-122.132,cleaning
-0.163,-0.054,1.165,35.91,50.225,-124.722,cleaning
-0.093,0.208,1.048,35.91,50.225,-124.722,cleaning
-0.148,0.339,1.02,35.91,50.225,-124.722,cleaning
-0.148,0.339,1.02,40.81,55.107,-125.037,cleaning
-0.181,0.449,0.992,40.81,55.107,-125.037,cleaning
-0.181,0.449,0.992,45.377,66.482,-117.285,cleaning
-0.123,0.714,0.859,45.377,66.482,-117.285,cleaning
-0.123,0.714,0.859,48.912,90.335,-100.012,cleaning
-0.072,1.048,0.775,48.912,90.335,-100.012,cleaning
-0.072,1.048,0.775,44.59,101.605,-77.752,cleaning
-0.042,1.266,0.754,44.59,101.605,-77.752,cleaning
-0.042,1.266,0.754,37.432,81.06,-50.557,cleaning
0.001,1.411,0.644,37.432,81.06,-50.557,cleaning
0.001,1.411,0.644,25.27,56.472,-9.8,cleaning
-0.062,1.352,0.676,25.27,56.472,-9.8,cleaning
-0.062,1.352,0.676,10.832,28.962,27.055,cleaning
-0.236,0.869,0.967,10.832,28.962,27.055,cleaning
-0.236,0.869,0.967,4.952,-64.837,30.625,cleaning
-0.225,0.606,0.82,4.952,-64.837,30.625,cleaning
-0.187,0.668,0.548,-0.717,-92.05,57.33,cleaning
-0.282,0.813,0.597,-0.717,-92.05,57.33,cleaning
-0.282,0.813,0.597,-10.167,-14.367,112.612,cleaning
-0.291,1.167,0.629,-10.167,-14.367,112.612,cleaning
-0.291,1.167,0.629,-20.142,27.037,165.007,cleaning
-0.337,1.383,0.611,-20.142,27.037,165.007,cleaning
-0.337,1.383,0.611,-35.595,-10.745,207.725,cleaning
-0.545,1.066,0.631,-35.595,-10.745,207.725,cleaning
-0.545,1.066,0.631,-53.147,-93.275,226.502,cleaning
-0.706,0.593,0.511,-53.147,-93.275,226.502,cleaning
-0.706,0.593,0.511,-75.337,-150.622,226.555,cleaning
-0.924,0.136,0.564,-75.337,-150.622,226.555,cleaning
-0.924,0.136,0.564,-99.4,-158.847,215.582,cleaning
-1.361,-0.317,0.939,-99.4,-158.847,215.582,cleaning
-1.361,-0.317,0.939,-86.73,-154.42,191.03,cleaning
-1.492,-0.807,0.938,-86.73,-154.42,191.03,cleaning
-1.492,-0.807,0.938,-54.775,-132.877,161.455,cleaning
-1.371,-1.248,0.579,-54.775,-132.877,161.455,cleaning
-1.165,-1.468,0.264,-54.775,-132.877,161.455,cleaning
-1.165,-1.468,0.264,-34.107,-66.622,127.242,cleaning
-1.042,-1.421,0.456,-34.107,-66.622,127.242,cleaning
-1.042,-1.421,0.456,-28.997,18.392,77.052,cleaning
-0.978,-1.157,0.788,-28.997,18.392,77.052,cleaning
-0.978,-1.157,0.788,-18.602,69.02,16.047,cleaning
-0.85,-0.89,1.051,-18.602,69.02,16.047,cleaning
-0.85,-0.89,1.051,-4.235,72.782,-43.242,cleaning
-0.771,-0.836,1.365,-4.235,72.782,-43.242,cleaning
-0.771,-0.836,1.365,13.37,55.667,-100.66,cleaning
-0.627,-0.796,1.471,13.37,55.667,-100.66,cleaning
-0.627,-0.796,1.471,39.357,64.382,-148.732,cleaning
-0.407,-0.558,1.278,39.357,64.382,-148.732,cleaning
-0.407,-0.558,1.278,56.28,90.667,-177.572,cleaning
-0.193,-0.35,1.135,56.28,90.667,-177.572,cleaning
-0.193,-0.35,1.135,56.297,82.355,-198.835,cleaning
-0.044,-0.186,1.134,56.297,82.355,-198.835,cleaning
-0.044,-0.186,1.134,56.262,57.522,-219.52,cleaning
0.064,-0.082,1.169,56.262,57.522,-219.52,cleaning
0.242,0.309,1.142,56.262,57.522,-219.52,cleaning
0.242,0.309,1.142,66.99,56.367,-240.642,cleaning
0.361,1.009,1.032,66.99,56.367,-240.642,cleaning
0.361,1.009,1.032,73.01,69.65,-240.362,cleaning
0.358,1.655,0.874,73.01,69.65,-240.362,cleaning
0.358,1.655,0.874,63.087,48.912,-215.775,cleaning
0.218,2.108,0.792,63.087,48.912,-215.775,cleaning
0.218,2.108,0.792,38.797,-15.47,-179.095,cleaning
-0.111,2.34,0.823,38.797,-15.47,-179.095,cleaning
-0.111,2.34,0.823,18.287,-66.745,-107.397,cleaning
-0.548,2.456,0.785,18.287,-66.745,-107.397,cleaning
-0.548,2.456,0.785,13.755,-87.867,-5.355,cleaning
-0.753,2.063,0.657,13.755,-87.867,-5.355,cleaning
-0.753,2.063,0.657,9.345,-146.65,72.187,cleaning
-0.608,1.407,0.297,9.345,-146.65,72.187,cleaning
-0.608,1.407,0.297,4.9,-152.39,139.02,cleaning
-0.693,0.999,0.04,4.9,-152.39,139.02,cleaning
-0.693,0.999,0.04,4.13,-53.06,204.435,cleaning
-0.846,0.733,0.023,4.13,-53.06,204.435,cleaning
-0.947,0.688,0.128,4.13,-53.06,204.435,cleaning
-0.947,0.688,0.128,-3.5,34.615,247.257,cleaning
-1.094,0.576,0.437,-3.5,34.615,247.257,cleaning
-1.094,0.576,0.437,-20.755,59.867,272.86,cleaning
-1.3,0.183,0.773,-20.755,59.867,272.86,cleaning
-1.3,0.183,0.773,-31.762,18.41,270.812,cleaning
-1.405,-0.34,0.874,-31.762,18.41,270.812,cleaning
-1.405,-0.34,0.874,-23.852,-20.247,248.29,cleaning
-1.168,-1.045,0.826,-23.852,-20.247,248.29,cleaning
-1.168,-1.045,0.826,-12.495,-32.62,197.575,cleaning
-0.726,-1.587,0.848,-12.495,-32.62,197.575,cleaning
-0.726,-1.587,0.848,-15.242,-14.822,129.92,cleaning
-0.668,-1.731,1.362,-15.242,-14.822,129.92,cleaning
-0.668,-1.731,1.362,-7.945,14.122,53.672,cleaning
-0.758,-1.606,1.935,-7.945,14.122,53.672,cleaning
-0.758,-1.606,1.935,22.12,27.212,-18.707,cleaning
-0.553,-0.976,1.802,22.12,27.212,-18.707,cleaning
-0.553,-0.976,1.802,46.707,96.687,-35.682,cleaning
-0.388,-0.216,1.279,46.707,96.687,-35.682,cleaning
-0.086,0.177,0.947,46.707,96.687,-35.682,cleaning
-0.086,0.177,0.947,40.845,117.145,-38.5,cleaning
0.109,0.389,0.962,40.845,117.145,-38.5,cleaning
0.109,0.389,0.962,13.282,51.1,-43.837,cleaning
0.081,0.163,1.097,13.282,51.1,-43.837,cleaning
0.081,0.163,1.097,-6.037,-36.382,-59.22,cleaning
0.12,-0.129,1.061,-6.037,-36.382,-59.22,cleaning
0.12,-0.129,1.061,-7.91,-76.947,-76.597,cleaning
0.136,-0.228,1.114,-7.91,-76.947,-76.597,cleaning
0.136,-0.228,1.114,2.835,-57.715,-88.077,cleaning
0.117,-0.106,1.108,2.835,-57.715,-88.077,cleaning
0.117,-0.106,1.108,23.152,-28.875,-100.205,cleaning
0.113,0.093,1.039,23.152,-28.875,-100.205,cleaning
0.113,0.093,1.039,45.202,-8.855,-113.767,cleaning
0.121,0.381,0.873,45.202,-8.855,-113.767,cleaning
0.121,0.381,0.873,61.88,18.235,-118.755,cleaning
0.115,0.766,0.716,61.88,18.235,-118.755,cleaning
0,1.222,0.672,67.042,41.107,-107.957,cleaning
-0.169,1.541,0.535,67.042,41.107,-107.957,cleaning
-0.169,1.541,0.535,63.21,36.837,-79.082,cleaning
-0.379,1.606,0.469,63.21,36.837,-79.082,cleaning
-0.379,1.606,0.469,46.812,14.542,-36.365,cleaning
-0.605,1.349,0.487,46.812,14.542,-36.365,cleaning
-0.605,1.349,0.487,23.275,-28.7,2.17,cleaning
-0.694,0.84,0.484,23.275,-28.7,2.17,cleaning
-0.694,0.84,0.484,0.297,-60.917,31.972,cleaning
-0.764,0.496,0.519,0.297,-60.917,31.972,cleaning
-0.764,0.496,0.519,-18.847,-27.947,72.975,cleaning
-0.859,0.36,0.624,-18.847,-27.947,72.975,cleaning
-0.859,0.36,0.624,-28.525,41.16,123.427,cleaning
-0.936,0.449,0.773,-28.525,41.16,123.427,cleaning
-0.936,0.449,0.773,-28.472,71.697,161.752,cleaning
-0.989,0.438,0.824,-28.472,71.697,161.752,cleaning
-0.989,0.438,0.824,-26.005,18.287,167.212,cleaning
-0.951,0,0.744,-26.005,18.287,167.212,cleaning
-0.88,-0.525,0.842,-26.005,18.287,167.212,cleaning
-0.88,-0.525,0.842,-23.45,-38.85,144.427,cleaning
-0.866,-0.71,1.107,-23.45,-38.85,144.427,cleaning
-0.866,-0.71,1.107,-9.66,-31.01,112.805,cleaning
-0.792,-0.647,1.2,-9.66,-31.01,112.805,cleaning
-0.792,-0.647,1.2,12.565,9.03,85.907,cleaning
-0.488,-0.603,1.053,12.565,9.03,85.907,cleaning
-0.488,-0.603,1.053,22.802,31.36,59.867,cleaning
-0.278,-0.54,1.122,22.802,31.36,59.867,cleaning
-0.278,-0.54,1.122,17.325,33.32,32.725,cleaning
-0.196,-0.437,1.27,17.325,33.32,32.725,cleaning
-0.196,-0.437,1.27,14.437,23.922,3.15,cleaning
-0.026,-0.431,1.423,14.437,23.922,3.15,cleaning
-0.026,-0.431,1.423,17.692,16.957,-26.652,cleaning
0.129,-0.5,1.507,17.692,16.957,-26.652,cleaning
0.129,-0.5,1.507,29.96,29.942,-57.33,cleaning
0.214,-0.411,1.495,29.96,29.942,-57.33,cleaning
0.214,-0.411,1.495,46.795,44.992,-87.85,cleaning
0.178,-0.312,1.499,46.795,44.992,-87.85,cleaning
0.121,-0.344,1.472,46.795,44.992,-87.85,cleaning
0.121,-0.344,1.472,63.28,17.272,-125.79,cleaning
0.036,-0.431,1.345,63.28,17.272,-125.79,cleaning
0.036,-0.431,1.345,77.542,-17.045,-164.605,cleaning
-0.044,-0.419,1.132,77.542,-17.045,-164.605,cleaning
-0.044,-0.419,1.132,87.832,-16.17,-197.75,cleaning
-0.093,-0.214,0.865,87.832,-16.17,-197.75,cleaning
-0.093,-0.214,0.865,87.587,16.187,-216.79,cleaning
-0.092,0.198,0.63,87.587,16.187,-216.79,cleaning
-0.092,0.198,0.63,64.697,32.935,-219.485,cleaning
-0.164,0.651,0.708,64.697,32.935,-219.485,cleaning
-0.164,0.651,0.708,26.757,-5.512,-209.457,cleaning
-0.468,0.955,1.004,26.757,-5.512,-209.457,cleaning
-0.468,0.955,1.004,3.517,-76.247,-193.97,cleaning
-0.742,1.173,0.962,3.517,-76.247,-193.97,cleaning
-0.742,1.173,0.962,6.23,-88.795,-164.657,cleaning
-0.75,1.228,0.717,6.23,-88.795,-164.657,cleaning
-0.75,1.228,0.717,19.057,-31.22,-127.662,cleaning
-0.542,1.426,0.411,19.057,-31.22,-127.662,cleaning
-0.345,1.642,0.178,19.057,-31.22,-127.662,cleaning
-0.345,1.642,0.178,28.84,24.045,-83.02,cleaning
-0.25,1.702,0.091,28.84,24.045,-83.02,cleaning
-0.25,1.702,0.091,25.847,13.405,-37.712,cleaning
-0.299,1.629,0.187,25.847,13.405,-37.712,cleaning
-0.299,1.629,0.187,18.55,4.847,18.41,cleaning
-0.234,1.178,0.494,18.55,4.847,18.41,cleaning
-0.234,1.178,0.494,8.417,-45.78,49.875,cleaning
-0.07,0.311,0.67,8.417,-45.78,49.875,cleaning
-0.07,0.311,0.67,-0.157,-86.345,53.672,cleaning
-0.127,-0.091,0.806,-0.157,-86.345,53.672,cleaning
-0.127,-0.091,0.806,9.362,81.987,91.63,cleaning
-0.167,0.332,0.929,9.362,81.987,91.63,cleaning
-0.167,0.332,0.929,23.362,269.92,132.72,cleaning
-0.057,1.009,0.755,23.362,269.92,132.72,cleaning
-0.057,1.009,0.755,10.885,306.425,156.555,cleaning
0.084,1.456,0.468,10.885,306.425,156.555,cleaning
0.084,1.456,0.468,-32.9,195.667,150.762,cleaning
-0.035,1.183,0.6,-32.9,195.667,150.762,cleaning
-0.166,0.884,0.602,-32.9,195.667,150.762,cleaning
-0.166,0.884,0.602,-75.162,47.74,127.82,cleaning
-0.399,0.739,0.902,-75.162,47.74,127.82,cleaning
-0.399,0.739,0.902,-96.197,0.997,124.74,cleaning
-0.513,0.533,1.212,-96.197,0.997,124.74,cleaning
-0.513,0.533,1.212,-99.767,-44.152,116.83,cleaning
-0.479,0.268,1.198,-99.767,-44.152,116.83,cleaning
-0.479,0.268,1.198,-96.127,-83.107,107.8,cleaning
-0.586,-0.142,1.231,-96.127,-83.107,107.8,cleaning
-0.586,-0.142,1.231,-87.43,-83.335,94.062,cleaning
-0.717,-0.448,1.213,-87.43,-83.335,94.062,cleaning
-0.717,-0.448,1.213,-69.702,-61.057,71.47,cleaning
-0.776,-0.541,1.182,-69.702,-61.057,71.47,cleaning
-0.776,-0.541,1.182,-49.875,-39.952,43.96,cleaning
-0.721,-0.633,1.241,-49.875,-39.952,43.96,cleaning
-0.721,-0.633,1.241,-33.18,-62.282,-0.7,cleaning
-0.582,-0.763,1.322,-33.18,-62.282,-0.7,cleaning
-0.582,-0.763,1.322,-15.417,-58.135,-29.855,cleaning
-0.556,-0.472,1.079,-15.417,-58.135,-29.855,cleaning
-0.633,-0.158,1.015,-15.417,-58.135,-29.855,cleaning
-0.633,-0.158,1.015,6.44,39.305,-20.387,cleaning
-0.514,-0.013,0.996,6.44,39.305,-20.387,cleaning
-0.514,-0.013,0.996,22.242,70.56,-27.79,cleaning
-0.41,0.006,0.962,22.242,70.56,-27.79,cleaning
-0.41,0.006,0.962,25.935,18.795,-52.867,cleaning
-0.397,-0.124,0.967,25.935,18.795,-52.867,cleaning
-0.397,-0.124,0.967,24.78,-34.58,-84.297,cleaning
-0.45,-0.195,1.039,24.78,-34.58,-84.297,cleaning
-0.45,-0.195,1.039,31.342,-35.63,-108.01,cleaning
-0.49,-0.155,1.066,31.342,-35.63,-108.01,cleaning
-0.49,-0.155,1.066,45.22,-3.587,-124.302,cleaning
-0.499,-0.102,1.036,45.22,-3.587,-124.302,cleaning
-0.499,-0.102,1.036,58.712,31.657,-136.622,cleaning
-0.504,0.038,1.03,58.712,31.657,-136.622,cleaning
-0.504,0.038,1.03,71.102,53.2,-145.302,cleaning
-0.532,0.204,0.98,71.102,53.2,-145.302,cleaning
-0.462,0.386,0.808,80.832,62.02,-148.085,cleaning
-0.392,0.625,0.627,80.832,62.02,-148.085,cleaning
-0.392,0.625,0.627,81.48,77.175,-139.247,cleaning
-0.34,0.856,0.591,81.48,77.175,-139.247,cleaning
-0.34,0.856,0.591,71.522,62.895,-133,cleaning
-0.3,1.026,0.622,71.522,62.895,-133,cleaning
-0.3,1.026,0.622,56.21,3.08,-134.627,cleaning
-0.303,0.9,0.685,56.21,3.08,-134.627,cleaning
-0.303,0.9,0.685,44.397,-55.107,-139.86,cleaning
-0.27,0.683,0.709,44.397,-55.107,-139.86,cleaning
-0.27,0.683,0.709,40.547,-60.147,-140.052,cleaning
-0.163,0.657,0.669,40.547,-60.147,-140.052,cleaning
-0.163,0.657,0.669,42.315,-4.935,-122.99,cleaning
-0.083,0.773,0.739,42.315,-4.935,-122.99,cleaning
-0.083,0.773,0.739,44.747,33.547,-102.392,cleaning
-0.104,0.882,0.722,44.747,33.547,-102.392,cleaning
-0.104,0.882,0.722,44.135,42.49,-80.587,cleaning
-0.147,1.013,0.573,44.135,42.49,-80.587,cleaning
-0.169,1.171,0.489,44.135,42.49,-80.587,cleaning
-0.169,1.171,0.489,38.675,47.53,-58.765,cleaning
-0.115,1.216,0.478,38.675,47.53,-58.765,cleaning
-0.115,1.216,0.478,32.34,33.932,-42.437,cleaning
-0.039,1.194,0.428,32.34,33.932,-42.437,cleaning
-0.039,1.194,0.428,26.512,17.342,-24.412,cleaning
-0.063,1.258,0.373,26.512,17.342,-24.412,cleaning
-0.063,1.258,0.373,19.372,21.28,4.042,cleaning
-0.175,1.096,0.501,19.372,21.28,4.042,cleaning
-0.175,1.096,0.501,12.39,1.995,19.355,cleaning
-0.102,0.832,0.599,12.39,1.995,19.355,cleaning
-0.102,0.832,0.599,4.322,-52.832,13.72,cleaning
-0.106,0.598,0.689,4.322,-52.832,13.72,cleaning
-0.106,0.598,0.689,-0.717,-73.552,11.025,cleaning
-0.179,0.438,0.769,-0.717,-73.552,11.025,cleaning
-0.179,0.438,0.769,-0.262,-46.97,16.555,cleaning
-0.164,0.5,0.737,-0.262,-46.97,16.555,cleaning
-0.164,0.5,0.737,0.455,20.58,42.227,cleaning
-0.137,0.693,0.665,0.455,20.58,42.227,cleaning
-0.093,0.813,0.647,0.455,20.58,42.227,cleaning
-0.093,0.813,0.647,-5.932,69.107,67.182,cleaning
-0.07,0.98,0.652,-5.932,69.107,67.182,cleaning
-0.07,0.98,0.652,-18.322,65.695,77.612,cleaning
-0.125,1.124,0.73,-18.322,65.695,77.612,cleaning
-0.125,1.124,0.73,-28.7,29.645,83.177,cleaning
-0.179,1.031,0.762,-28.7,29.645,83.177,cleaning
-0.179,1.031,0.762,-32.532,-21.805,81.34,cleaning
-0.169,0.882,0.713,-32.532,-21.805,81.34,cleaning
-0.169,0.882,0.713,-34.86,-52.185,79.835,cleaning
-0.186,0.737,0.636,-34.86,-52.185,79.835,cleaning
-0.186,0.737,0.636,-40.267,-49.35,84.105,cleaning
-0.212,0.615,0.569,-40.267,-49.35,84.105,cleaning
-0.212,0.615,0.569,-49.63,-26.407,89.845,cleaning
-0.252,0.648,0.593,-49.63,-26.407,89.845,cleaning
-0.252,0.648,0.593,-58.747,-1.102,96.845,cleaning
-0.335,0.814,0.721,-58.747,-1.102,96.845,cleaning
-0.335,0.814,0.721,-60.9,-5.705,102.34,cleaning
-0.39,0.863,0.784,-60.9,-5.705,102.34,cleaning
-0.388,0.734,0.754,-60.9,-5.705,102.34,cleaning
-0.388,0.734,0.754,-61.39,-38.64,103.46,cleaning
-0.395,0.615,0.669,-61.39,-38.64,103.46,cleaning
-0.395,0.615,0.669,-63.665,-55.982,108.027,cleaning
-0.486,0.481,0.701,-63.665,-55.982,108.027,cleaning
-0.486,0.481,0.701,-66.587,-58.082,111.23,cleaning
-0.54,0.414,0.701,-66.587,-58.082,111.23,cleaning
-0.54,0.414,0.701,-67.62,-57.015,111.912,cleaning
-0.613,0.324,0.758,-67.62,-57.015,111.912,cleaning
-0.613,0.324,0.758,-65.205,-40.39,114.17,cleaning
-0.582,0.211,0.795,-65.205,-40.39,114.17,cleaning
-0.582,0.211,0.795,-62.912,-22.68,112.717,cleaning
-0.511,0.267,0.83,-62.912,-22.68,112.717,cleaning
-0.511,0.267,0.83,-65.59,-3.08,115.412,cleaning
-0.596,0.28,1.001,-65.59,-3.08,115.412,cleaning
-0.596,0.28,1.001,-65.222,-21.822,102.62,cleaning
-0.644,0.133,1.179,-65.222,-21.822,102.62,cleaning
-0.644,0.133,1.179,-58.327,-61.775,79.572,cleaning
-0.537,-0.08,1.146,-58.327,-61.775,79.572,cleaning
-0.453,-0.255,1.155,-58.327,-61.775,79.572,cleaning
-0.453,-0.255,1.155,-48.475,-60.515,64.767,cleaning
-0.391,-0.349,1.147,-48.475,-60.515,64.767,cleaning
-0.391,-0.349,1.147,-38.815,-44.135,51.537,cleaning
-0.282,-0.39,1.149,-38.815,-44.135,51.537,cleaning
-0.282,-0.39,1.149,-33.565,-36.015,36.645,cleaning
-0.286,-0.398,1.241,-33.565,-36.015,36.645,cleaning
-0.286,-0.398,1.241,-28.35,-39.987,14.56,cleaning
-0.363,-0.411,1.323,-28.35,-39.987,14.56,cleaning
-0.363,-0.411,1.323,-13.895,-43.067,-10.15,cleaning
-0.401,-0.478,1.276,-13.895,-43.067,-10.15,cleaning
-0.401,-0.478,1.276,4.83,-33.075,-32.637,cleaning
-0.145,-0.325,0.996,4.83,-33.075,-32.637,cleaning
-0.145,-0.325,0.996,9.87,8.855,-36.4,cleaning
0.054,0.022,0.898,9.87,8.855,-36.4,cleaning
0.054,0.022,0.898,0.472,20.58,-42.262,cleaning
-0.007,0.326,1.013,0.472,20.58,-42.262,cleaning
-0.209,0.324,1.187,-8.417,-41.807,-62.352,cleaning
-0.329,0.105,1.183,-8.417,-41.807,-62.352,cleaning
-0.329,0.105,1.183,-3.937,-102.287,-87.78,cleaning
-0.374,-0.046,1.037,-3.937,-102.287,-87.78,cleaning
-0.374,-0.046,1.037,10.22,-86.607,-101.885,cleaning
-0.437,0.012,0.898,10.22,-86.607,-101.885,cleaning
-0.437,0.012,0.898,23.222,-21.42,-106.05,cleaning
-0.504,0.318,0.779,23.222,-21.42,-106.05,cleaning
-0.504,0.318,0.779,29.557,25.305,-98.77,cleaning
-0.55,0.503,0.661,29.557,25.305,-98.77,cleaning
-0.55,0.503,0.661,26.915,24.64,-80.762,cleaning
-0.572,0.574,0.583,26.915,24.64,-80.762,cleaning
-0.572,0.574,0.583,21.297,6.457,-58.03,cleaning
-0.599,0.608,0.506,21.297,6.457,-58.03,cleaning
-0.599,0.608,0.506,16.835,-9.047,-36.75,cleaning
-0.606,0.714,0.405,16.835,-9.047,-36.75,cleaning
-0.606,0.714,0.405,13.72,-3.762,-7.752,cleaning
-0.535,0.727,0.351,13.72,-3.762,-7.752,cleaning
-0.486,0.587,0.428,11.497,10.972,18.182,cleaning
-0.449,0.425,0.585,11.497,10.972,18.182,cleaning
-0.449,0.425,0.585,7.437,18.287,24.815,cleaning
-0.336,0.334,0.678,7.437,18.287,24.815,cleaning
-0.336,0.334,0.678,6.685,48.58,27.422,cleaning
-0.168,0.456,0.816,6.685,48.58,27.422,cleaning
-0.168,0.456,0.816,6.212,86.607,25.462,cleaning
0.069,0.575,1.005,6.212,86.607,25.462,cleaning
0.069,0.575,1.005,4.217,89.302,19.775,cleaning
0.122,0.615,1.106,4.217,89.302,19.775,cleaning
0.122,0.615,1.106,4.375,62.615,9.73,cleaning
0.031,0.592,0.994,4.375,62.615,9.73,cleaning
0.031,0.592,0.994,6.177,41.23,0.367,cleaning
-0.008,0.555,0.796,6.177,41.23,0.367,cleaning
-0.008,0.555,0.796,-1.365,39.987,-0.84,cleaning
-0.037,0.51,0.832,-1.365,39.987,-0.84,cleaning
-0.037,0.51,0.832,-9.66,38.167,-0.227,cleaning
-0.025,0.503,0.959,-9.66,38.167,-0.227,cleaning
0.033,0.507,0.963,-9.66,38.167,-0.227,cleaning
0.033,0.507,0.963,-8.102,37.485,5.565,cleaning
-0.005,0.48,0.97,-8.102,37.485,5.565,cleaning
-0.005,0.48,0.97,-2.397,38.325,13.877,cleaning
-0.117,0.464,0.975,-2.397,38.325,13.877,cleaning
-0.117,0.464,0.975,0.157,23.765,12.88,cleaning
-0.262,0.45,0.957,0.157,23.765,12.88,cleaning
-0.262,0.45,0.957,-2.695,-6.615,1.907,cleaning
-0.388,0.4,0.932,-2.695,-6.615,1.907,cleaning
-0.388,0.4,0.932,-4.252,-20.79,-5.005,cleaning
-0.414,0.359,0.912,-4.252,-20.79,-5.005,cleaning
-0.414,0.359,0.912,-3.29,-15.802,-5.39,cleaning
-0.437,0.386,0.92,-3.29,-15.802,-5.39,cleaning
-0.437,0.386,0.92,-1.732,-22.085,-7.56,cleaning
-0.428,0.383,0.88,-1.732,-22.085,-7.56,cleaning
-0.428,0.383,0.88,-3.255,-48.352,-14.052,cleaning
-0.436,0.295,0.827,-3.255,-48.352,-14.052,cleaning
-0.436,0.295,0.827,-7.577,-71.487,-19.862,cleaning
-0.518,0.182,0.803,-7.577,-71.487,-19.862,cleaning
-0.584,0.147,0.778,-7.577,-71.487,-19.862,cleaning
-0.584,0.147,0.778,-7.052,-71.435,-21.105,cleaning
-0.61,0.192,0.707,-7.052,-71.435,-21.105,cleaning
-0.61,0.192,0.707,-2.817,-54.022,-15.89,cleaning
-0.595,0.252,0.668,-2.817,-54.022,-15.89,cleaning
-0.595,0.252,0.668,1.12,-35.997,-4.917,cleaning
-0.571,0.235,0.711,1.12,-35.997,-4.917,cleaning
-0.571,0.235,0.711,1.907,-27.685,5.88,cleaning
-0.582,0.25,0.797,1.907,-27.685,5.88,cleaning
-0.582,0.25,0.797,4.217,-10.377,17.115,cleaning
-0.601,0.369,0.904,4.217,-10.377,17.115,cleaning
-0.601,0.369,0.904,8.732,9.205,30.66,cleaning
-0.574,0.492,0.969,8.732,9.205,30.66,cleaning
-0.574,0.492,0.969,12.95,12.005,43.452,cleaning
-0.491,0.407,1.036,12.95,12.005,43.452,cleaning
-0.491,0.407,1.036,13.755,-2.397,45.937,cleaning
-0.354,0.149,0.932,13.755,-2.397,45.937,cleaning
-0.354,0.149,0.932,8.522,-0.927,36.977,cleaning
-0.132,-0.022,0.684,8.522,-0.927,36.977,cleaning
0.089,0.125,0.572,8.522,-0.927,36.977,cleaning
0.089,0.125,0.572,-2.222,20.58,28.227,cleaning
-0.02,0.576,1.031,-2.222,20.58,28.227,cleaning
-0.02,0.576,1.031,-8.137,10.552,25.48,cleaning
-0.061,0.563,1.285,-8.137,10.552,25.48,cleaning
-0.061,0.563,1.285,-0.665,-42.875,19.46,cleaning
0.097,0.329,1.14,-0.665,-42.875,19.46,cleaning
0.097,0.329,1.14,4.165,-87.08,6.86,cleaning
0.131,0.244,0.919,4.165,-87.08,6.86,cleaning
0.131,0.244,0.919,6.667,-63.56,9.625,cleaning
0.09,0.343,0.872,6.667,-63.56,9.625,cleaning
0.09,0.343,0.872,2.047,-39.585,14.175,cleaning
0.012,0.422,0.946,2.047,-39.585,14.175,cleaning
0.012,0.422,0.946,-3.885,-45.587,8.61,cleaning
-0.06,0.394,0.968,-3.885,-45.587,8.61,cleaning
-0.06,0.394,0.968,-4.007,-49.945,3.36,cleaning
-0.09,0.419,0.944,-4.007,-49.945,3.36,cleaning
-0.09,0.419,0.944,1.452,-37.345,5.425,cleaning
-0.117,0.426,0.904,1.452,-37.345,5.425,cleaning
-0.09,0.403,0.884,1.452,-37.345,5.425,cleaning
-0.09,0.403,0.884,4.742,-37.45,3.36,cleaning
-0.066,0.385,0.812,4.742,-37.45,3.36,cleaning
-0.066,0.385,0.812,0.192,-50.05,2.03,cleaning
-0.12,0.374,0.789,0.192,-50.05,2.03,cleaning
-0.12,0.374,0.789,-7.945,-65.432,4.655,cleaning
-0.172,0.431,0.777,-7.945,-65.432,4.655,cleaning
-0.172,0.431,0.777,-14.927,-82.617,7.14,cleaning
-0.245,0.367,0.787,-14.927,-82.617,7.14,cleaning
-0.245,0.367,0.787,-20.79,-112.98,3.482,cleaning
-0.365,0.17,0.843,-20.79,-112.98,3.482,cleaning
-0.365,0.17,0.843,-23.765,-130.462,-5.092,cleaning
-0.508,-0.01,0.953,-23.765,-130.462,-5.092,cleaning
-0.508,-0.01,0.953,-18.97,-112.857,-9.625,cleaning
-0.623,-0.129,1.044,-18.97,-112.857,-9.625,cleaning
-0.623,-0.129,1.044,-9.905,-73.167,-9.975,cleaning
-0.626,-0.106,0.951,-9.905,-73.167,-9.975,cleaning
-0.599,-0.083,0.856,-8.102,-41.282,-10.062,cleaning
-0.511,-0.104,0.809,-8.102,-41.282,-10.062,cleaning
-0.511,-0.104,0.809,-11.48,-28.647,-12.582,cleaning
-0.412,-0.149,0.813,-11.48,-28.647,-12.582,cleaning
-0.412,-0.149,0.813,-12.897,-19.32,-16.992,cleaning
-0.394,-0.15,0.914,-12.897,-19.32,-16.992,cleaning
-0.394,-0.15,0.914,-8.61,-15.12,-25.585,cleaning
-0.436,-0.335,0.906,-8.61,-15.12,-25.585,cleaning
-0.436,-0.335,0.906,-4.2,-33.915,-46.83,cleaning
-0.458,-0.583,0.89,-4.2,-33.915,-46.83,cleaning
-0.458,-0.583,0.89,-0.857,-25.025,-66.902,cleaning
-0.482,-0.642,0.905,-0.857,-25.025,-66.902,cleaning
-0.482,-0.642,0.905,7.402,29.872,-71.767,cleaning
-0.498,-0.472,0.922,7.402,29.872,-71.767,cleaning
-0.498,-0.472,0.922,16.45,88.672,-65.065,cleaning
-0.513,-0.227,0.917,16.45,88.672,-65.065,cleaning
-0.513,-0.227,0.917,21.542,112.595,-57.522,cleaning
-0.529,0.02,0.915,21.542,112.595,-57.522,cleaning
-0.534,0.118,0.881,21.542,112.595,-57.522,cleaning
-0.534,0.118,0.881,22.662,91.105,-53.462,cleaning
-0.502,0.07,0.773,22.662,91.105,-53.462,cleaning
-0.502,0.07,0.773,19.74,55.597,-51.887,cleaning
-0.472,-0.05,0.717,19.74,55.597,-51.887,cleaning
-0.472,-0.05,0.717,14.787,40.11,-54.705,cleaning
-0.475,-0.122,0.72,14.787,40.11,-54.705,cleaning
-0.475,-0.122,0.72,13.387,53.83,-60.655,cleaning
-0.508,-0.113,0.792,13.387,53.83,-60.655,cleaning
-0.508,-0.113,0.792,19.197,78.225,-69.055,cleaning
-0.512,-0.124,0.863,19.197,78.225,-69.055,cleaning
-0.512,-0.124,0.863,31.377,99.155,-76.492,cleaning
-0.44,-0.076,0.871,31.377,99.155,-76.492,cleaning
-0.44,-0.076,0.871,44.765,125.405,-82.775,cleaning
-0.349,0.023,0.914,44.765,125.405,-82.775,cleaning
-0.349,0.023,0.914,51.817,130.62,-94.57,cleaning
-0.321,0.12,0.938,51.817,130.62,-94.57,cleaning
-0.321,0.12,0.938,55.247,123.042,-103.32,cleaning
-0.349,0.243,0.989,55.247,123.042,-103.32,cleaning
-0.363,0.309,0.999,55.247,123.042,-103.32,cleaning
-0.363,0.309,0.999,58.397,109.497,-107.082,cleaning
-0.34,0.348,0.974,58.397,109.497,-107.082,cleaning
-0.34,0.348,0.974,59.78,94.867,-109.165,cleaning
-0.289,0.452,0.961,59.78,94.867,-109.165,cleaning
-0.289,0.452,0.961,58.73,78.085,-110.092,cleaning
-0.257,0.548,0.958,58.73,78.085,-110.092,cleaning
-0.257,0.548,0.958,55.212,53.602,-110.127,cleaning
-0.26,0.595,0.963,55.212,53.602,-110.127,cleaning
-0.26,0.595,0.963,52.412,25.777,-110.285,cleaning
-0.262,0.564,0.926,52.412,25.777,-110.285,cleaning
-0.262,0.564,0.926,52.675,13.457,-106.96,cleaning
-0.239,0.627,0.789,52.675,13.457,-106.96,cleaning
-0.239,0.627,0.789,56.28,40.25,-91.315,cleaning
-0.233,0.805,0.653,56.28,40.25,-91.315,cleaning
-0.233,0.805,0.653,57.697,59.57,-76.755,cleaning
-0.278,0.954,0.52,57.697,59.57,-76.755,cleaning
-0.278,0.954,0.52,54.74,52.675,-69.16,cleaning
-0.309,1.046,0.378,54.74,52.675,-69.16,cleaning
-0.234,1.099,0.238,54.74,52.675,-69.16,cleaning
-0.234,1.099,0.238,47.372,44.87,-58.642,cleaning
-0.066,1.16,0.179,47.372,44.87,-58.642,cleaning
-0.066,1.16,0.179,34.632,46.305,-40.827,cleaning
0.043,1.264,0.242,34.632,46.305,-40.827,cleaning
0.043,1.264,0.242,18.882,58.397,-11.497,cleaning
-0.091,1.375,0.33,18.882,58.397,-11.497,cleaning
-0.091,1.375,0.33,4.427,46.007,16.03,cleaning
-0.196,1.216,0.559,4.427,46.007,16.03,cleaning
-0.196,1.216,0.559,-8.207,-29.452,18.847,cleaning
-0.136,0.814,0.518,-8.207,-29.452,18.847,cleaning
-0.136,0.814,0.518,-20.352,-74.62,19.74,cleaning
-0.137,0.653,0.555,-20.352,-74.62,19.74,cleaning
-0.137,0.653,0.555,-26.355,-27.825,39.445,cleaning
-0.234,0.822,0.719,-26.355,-27.825,39.445,cleaning
-0.234,0.822,0.719,-24.57,27.037,64.995,cleaning
-0.253,0.945,0.739,-24.57,27.037,64.995,cleaning
-0.253,0.945,0.739,-25.602,49.122,85.715,cleaning
-0.23,1.011,0.7,-25.602,49.122,85.715,cleaning
-0.236,1.092,0.625,-25.602,49.122,85.715,cleaning
-0.236,1.092,0.625,-35.192,26.967,98.385,cleaning
-0.292,0.97,0.564,-35.192,26.967,98.385,cleaning
-0.292,0.97,0.564,-48.895,-16.152,105.577,cleaning
-0.362,0.814,0.552,-48.895,-16.152,105.577,cleaning
-0.362,0.814,0.552,-56.98,-33.145,112.717,cleaning
-0.435,0.695,0.6,-56.98,-33.145,112.717,cleaning
-0.435,0.695,0.6,-60.147,-34.807,116.2,cleaning
-0.413,0.571,0.615,-60.147,-34.807,116.2,cleaning
-0.413,0.571,0.615,-64.12,-36.715,114.975,cleaning
-0.44,0.508,0.689,-64.12,-36.715,114.975,cleaning
-0.44,0.508,0.689,-68.512,-37.345,113.33,cleaning
-0.467,0.443,0.81,-68.512,-37.345,113.33,cleaning
-0.467,0.443,0.81,-68.547,-31.832,113.382,cleaning
-0.439,0.39,0.884,-68.547,-31.832,113.382,cleaning
-0.439,0.39,0.884,-66.08,-19.092,115.307,cleaning
-0.423,0.34,0.907,-66.08,-19.092,115.307,cleaning
-0.412,0.335,0.943,-63.087,-8.68,113.505,cleaning
-0.433,0.297,1.01,-63.087,-8.68,113.505,cleaning
-0.433,0.297,1.01,-59.167,-12.232,103.792,cleaning
-0.413,0.212,1.051,-59.167,-12.232,103.792,cleaning
-0.413,0.212,1.051,-52.64,-18.41,91.227,cleaning
-0.456,0.062,1.1,-52.64,-18.41,91.227,cleaning
-0.456,0.062,1.1,-47.355,-30.38,74.585,cleaning
-0.431,-0.039,1.1,-47.355,-30.38,74.585,cleaning
-0.431,-0.039,1.1,-44.03,-37.835,56.035,cleaning
-0.422,-0.09,1.173,-44.03,-37.835,56.035,cleaning
-0.422,-0.09,1.173,-38.325,-32.007,40.775,cleaning
-0.434,-0.151,1.247,-38.325,-32.007,40.775,cleaning
-0.434,-0.151,1.247,-30.782,-29.435,26.915,cleaning
-0.444,-0.149,1.253,-30.782,-29.435,26.915,cleaning
-0.444,-0.149,1.253,-22.82,-40.267,12.582,cleaning
-0.451,-0.237,1.277,-22.82,-40.267,12.582,cleaning
-0.451,-0.237,1.277,-15.767,-68.005,-9.24,cleaning
-0.421,-0.391,1.21,-15.767,-68.005,-9.24,cleaning
-0.391,-0.218,1.014,-8.242,-53.375,-17.57,cleaning
-0.425,-0.012,0.986,-8.242,-53.375,-17.57,cleaning
-0.425,-0.012,0.986,-0.507,-9.03,-10.202,cleaning
-0.44,0.041,0.963,-0.507,-9.03,-10.202,cleaning
-0.44,0.041,0.963,5.372,-8.907,-15.435,cleaning
-0.444,-0.114,0.957,5.372,-8.907,-15.435,cleaning
-0.444,-0.114,0.957,10.15,-43.435,-37.187,cleaning
-0.431,-0.28,0.884,10.15,-43.435,-37.187,cleaning
-0.431,-0.28,0.884,15.155,-51.292,-59.622,cleaning
-0.429,-0.296,0.847,15.155,-51.292,-59.622,cleaning
-0.429,-0.296,0.847,20.772,-20.79,-74.707,cleaning
-0.456,-0.152,0.864,20.772,-20.79,-74.707,cleaning
-0.456,-0.152,0.864,26.355,12.057,-82.04,cleaning
-0.438,0.056,0.891,26.355,12.057,-82.04,cleaning
-0.438,0.056,0.891,28.367,17.57,-84.752,cleaning
-0.487,0.117,0.978,28.367,17.57,-84.752,cleaning
-0.487,0.117,0.978,30.695,3.01,-89.092,cleaning
-0.491,0.152,0.99,30.695,3.01,-89.092,cleaning
-0.486,0.172,0.976,30.695,3.01,-89.092,cleaning
-0.486,0.172,0.976,35.052,-1.12,-91.017,cleaning
-0.462,0.141,0.948,35.052,-1.12,-91.017,cleaning
-0.462,0.141,0.948,39.882,6.492,-93.537,cleaning
-0.413,0.187,0.885,39.882,6.492,-93.537,cleaning
-0.413,0.187,0.885,41.79,16.975,-98.332,cleaning
-0.414,0.201,0.897,41.79,16.975,-98.332,cleaning
-0.414,0.201,0.897,40.757,17.062,-106.12,cleaning
-0.412,0.227,0.907,40.757,17.062,-106.12,cleaning
-0.412,0.227,0.907,41.422,18.13,-111.895,cleaning
-0.384,0.247,0.919,41.422,18.13,-111.895,cleaning
-0.384,0.247,0.919,43.085,19.407,-115.5,cleaning
-0.381,0.243,0.921,43.085,19.407,-115.5,cleaning
-0.381,0.243,0.921,44.607,20.79,-117.862,cleaning
-0.357,0.313,0.858,44.607,20.79,-117.862,cleaning
-0.357,0.313,0.858,46.165,34.825,-111.51,cleaning
-0.32,0.544,0.812,46.165,34.825,-111.51,cleaning
-0.32,0.544,0.812,44.222,27.23,-103.425,cleaning
-0.313,0.609,0.845,44.222,27.23,-103.425,cleaning
-0.328,0.496,0.87,44.222,27.23,-103.425,cleaning
-0.328,0.496,0.87,39.795,-11.497,-105.577,cleaning
-0.337,0.494,0.845,39.795,-11.497,-105.577,cleaning
-0.337,0.494,0.845,37.065,-27.685,-104.632,cleaning
-0.41,0.539,0.831,37.065,-27.685,-104.632,cleaning
-0.41,0.539,0.831,41.37,-3.08,-93.59,cleaning
-0.452,0.543,0.72,41.37,-3.08,-93.59,cleaning
-0.452,0.543,0.72,49.962,31.937,-83.86,cleaning
-0.411,0.726,0.588,49.962,31.937,-83.86,cleaning
-0.411,0.726,0.588,54.075,70.857,-67.97,cleaning
-0.366,0.92,0.527,54.075,70.857,-67.97,cleaning
-0.366,0.92,0.527,50.207,86.31,-52.255,cleaning
-0.222,1.176,0.416,50.207,86.31,-52.255,cleaning
-0.222,1.176,0.416,40.127,75.022,-37.94,cleaning
-0.144,1.222,0.461,40.127,75.022,-37.94,cleaning
-0.144,1.222,0.461,25.2,26.39,-34.685,cleaning
-0.12,1.082,0.505,25.2,26.39,-34.685,cleaning
-0.12,1.082,0.505,13.055,-4.427,-26.005,cleaning
-0.077,1.004,0.52,13.055,-4.427,-26.005,cleaning
-0.103,0.986,0.56,13.055,-4.427,-26.005,cleaning
-0.103,0.986,0.56,5.477,2.765,-4.9,cleaning
-0.135,0.987,0.621,5.477,2.765,-4.9,cleaning
-0.135,0.987,0.621,2.17,14.892,17.325,cleaning
-0.191,0.862,0.707,2.17,14.892,17.325,cleaning
-0.191,0.862,0.707,-0.28,-1.05,22.942,cleaning
-0.193,0.641,0.686,-0.28,-1.05,22.942,cleaning
-0.193,0.641,0.686,-2.17,-12.722,19.985,cleaning
-0.158,0.581,0.643,-2.17,-12.722,19.985,cleaning
-0.158,0.581,0.643,-4.025,15.032,24.937,cleaning
-0.123,0.687,0.673,-4.025,15.032,24.937,cleaning
-0.123,0.687,0.673,-8.26,46.34,36.96,cleaning
-0.146,0.819,0.714,-8.26,46.34,36.96,cleaning
-0.146,0.819,0.714,-15.12,45.762,49.525,cleaning
-0.139,0.941,0.666,-15.12,45.762,49.525,cleaning
-0.139,0.941,0.666,-26.495,16.362,61.74,cleaning
-0.176,1.008,0.622,-26.495,16.362,61.74,cleaning
-0.243,1.001,0.606,-38.657,-25.777,72.38,cleaning
-0.313,0.83,0.592,-38.657,-25.777,72.38,cleaning
-0.313,0.83,0.592,-46.112,-59.272,82.425,cleaning
-0.361,0.676,0.572,-46.112,-59.272,82.425,cleaning
-0.361,0.676,0.572,-49.752,-66.5,93.397,cleaning
-0.376,0.587,0.55,-49.752,-66.5,93.397,cleaning
-0.376,0.587,0.55,-52.447,-48.93,108.202,cleaning
-0.355,0.55,0.602,-52.447,-48.93,108.202,cleaning
-0.355,0.55,0.602,-58.415,-22.592,123.795,cleaning
-0.4,0.515,0.693,-58.415,-22.592,123.795,cleaning
-0.4,0.515,0.693,-65.31,-11.987,128.415,cleaning
-0.585,0.555,0.952,-65.31,-11.987,128.415,cleaning
-0.585,0.555,0.952,-62.002,-35.245,118.037,cleaning
-0.642,0.338,1.109,-62.002,-35.245,118.037,cleaning
-0.642,0.338,1.109,-49.56,-77.77,94.937,cleaning
-0.55,-0.007,1.08,-49.56,-77.77,94.937,cleaning
-0.55,-0.007,1.08,-38.395,-73.342,74.06,cleaning
-0.508,-0.229,1.049,-38.395,-73.342,74.06,cleaning
-0.495,-0.284,1.132,-29.68,-31.622,58.905,cleaning
-0.484,-0.284,1.251,-29.68,-31.622,58.905,cleaning
-0.484,-0.284,1.251,-20.055,-1.89,44.59,cleaning
-0.462,-0.351,1.278,-20.055,-1.89,44.59,cleaning
-0.462,-0.351,1.278,-9.537,2.397,27.142,cleaning
-0.392,-0.42,1.235,-9.537,2.397,27.142,cleaning
-0.392,-0.42,1.235,-1.54,-0.525,7.962,cleaning
-0.321,-0.414,1.173,-1.54,-0.525,7.962,cleaning
-0.321,-0.414,1.173,3.587,8.522,-6.895,cleaning
-0.293,-0.09,1.102,3.587,8.522,-6.895,cleaning
-0.293,-0.09,1.102,8.96,23.887,-8.68,cleaning
-0.301,0.088,1.107,8.96,23.887,-8.68,cleaning
-0.301,0.088,1.107,13.86,-2.082,-17.412,cleaning
-0.303,-0.061,1.09,13.86,-2.082,-17.412,cleaning
-0.303,-0.061,1.09,20.597,-31.412,-35.91,cleaning
-0.298,-0.192,1.022,20.597,-31.412,-35.91,cleaning
-0.298,-0.192,1.022,28.735,-29.505,-54.827,cleaning
-0.296,-0.206,0.958,28.735,-29.505,-54.827,cleaning
-0.289,-0.087,0.879,28.735,-29.505,-54.827,cleaning
-0.289,-0.087,0.879,36.417,-1.557,-68.127,cleaning
-0.288,0.133,0.837,36.417,-1.557,-68.127,cleaning
-0.288,0.133,0.837,42.227,31.5,-74.06,cleaning
-0.302,0.304,0.836,42.227,31.5,-74.06,cleaning
-0.302,0.304,0.836,44.17,36.907,-78.732,cleaning
-0.332,0.364,0.805,44.17,36.907,-78.732,cleaning
-0.332,0.364,0.805,41.772,12.057,-87.78,cleaning
-0.344,0.342,0.756,41.772,12.057,-87.78,cleaning
-0.344,0.342,0.756,38.99,-1.61,-94.22,cleaning
-0.328,0.398,0.71,38.99,-1.61,-94.22,cleaning
-0.328,0.398,0.71,38.062,12.582,-93.852,cleaning
-0.303,0.521,0.729,38.062,12.582,-93.852,cleaning
-0.303,0.521,0.729,35.997,23.082,-91.437,cleaning
-0.31,0.597,0.789,35.997,23.082,-91.437,cleaning
-0.31,0.597,0.789,34.825,21.297,-86.222,cleaning
-0.316,0.7,0.841,34.825,21.297,-86.222,cleaning
-0.316,0.7,0.841,34.282,9.187,-76.195,cleaning
-0.313,0.791,0.85,34.282,9.187,-76.195,cleaning
-0.295,0.862,0.808,34.282,9.187,-76.195,cleaning
-0.295,0.862,0.808,33.757,2.205,-60.357,cleaning
-0.268,0.918,0.719,33.757,2.205,-60.357,cleaning
-0.268,0.918,0.719,30.73,-0.857,-42.752,cleaning
-0.241,0.918,0.615,30.73,-0.857,-42.752,cleaning
-0.241,0.918,0.615,23.66,-4.725,-29.312,cleaning
-0.241,0.834,0.608,23.66,-4.725,-29.312,cleaning
-0.241,0.834,0.608,15.137,-9.205,-22.627,cleaning
-0.263,0.852,0.676,15.137,-9.205,-22.627,cleaning
-0.263,0.852,0.676,11.567,-11.13,-16.712,cleaning
-0.274,0.761,0.679,11.567,-11.13,-16.712,cleaning
-0.274,0.761,0.679,13.842,5.827,-7.665,cleaning
-0.257,0.825,0.628,13.842,5.827,-7.665,cleaning
-0.257,0.825,0.628,18.235,33.897,6.527,cleaning
-0.218,0.858,0.558,18.235,33.897,6.527,cleaning
-0.218,0.858,0.558,12.285,24.465,14.087,cleaning
-0.168,0.838,0.592,12.285,24.465,14.087,cleaning
-0.168,0.838,0.592,1.26,-13.177,13.037,cleaning
-0.203,0.648,0.7,1.26,-13.177,13.037,cleaning
-0.285,0.47,0.798,1.26,-13.177,13.037,cleaning
-0.285,0.47,0.798,-5.372,-37.24,9.135,cleaning
-0.323,0.425,0.837,-5.372,-37.24,9.135,cleaning
-0.323,0.425,0.837,-3.92,-31.115,10.622,cleaning
-0.319,0.422,0.804,-3.92,-31.115,10.622,cleaning
-0.319,0.422,0.804,-3.325,-23.887,14.63,cleaning
-0.301,0.489,0.753,-3.325,-23.887,14.63,cleaning
-0.301,0.489,0.753,-9.292,-25.392,21.42,cleaning
-0.314,0.639,0.771,-9.292,-25.392,21.42,cleaning
-0.314,0.639,0.771,-17.43,-13.562,38.78,cleaning
-0.377,0.794,0.911,-17.43,-13.562,38.78,cleaning
-0.377,0.794,0.911,-16.747,-0.892,58.415,cleaning
-0.476,0.785,1.13,-16.747,-0.892,58.415,cleaning
-0.476,0.785,1.13,-3.64,-0.577,69.947,cleaning
-0.43,0.64,1.151,-3.64,-0.577,69.947,cleaning
-0.43,0.64,1.151,9.677,8.505,76.16,cleaning
-0.319,0.551,1.008,9.677,8.505,76.16,cleaning
-0.319,0.551,1.008,12.757,33.46,77.787,cleaning
-0.273,0.567,0.833,12.757,33.46,77.787,cleaning
-0.251,0.572,0.679,12.757,33.46,77.787,cleaning
-0.251,0.572,0.679,8.995,55.65,73.447,cleaning
-0.243,0.562,0.555,8.995,55.65,73.447,cleaning
-0.243,0.562,0.555,3.01,67.497,65.537,cleaning
-0.183,0.559,0.42,3.01,67.497,65.537,cleaning
-0.183,0.559,0.42,-3.727,78.54,59.762,cleaning
-0.102,0.647,0.308,-3.727,78.54,59.762,cleaning
-0.102,0.647,0.308,-15.855,95.217,62.667,cleaning
-0.08,0.837,0.298,-15.855,95.217,62.667,cleaning
-0.08,0.837,0.298,-35.297,93.677,71.102,cleaning
-0.12,0.965,0.372,-35.297,93.677,71.102,cleaning
-0.12,0.965,0.372,-55.597,61.005,79.94,cleaning
-0.186,0.964,0.463,-55.597,61.005,79.94,cleaning
-0.186,0.964,0.463,-70.472,18.55,88.095,cleaning
-0.219,0.892,0.542,-70.472,18.55,88.095,cleaning
-0.219,0.892,0.542,-80.587,-19.372,93.205,cleaning
-0.252,0.755,0.625,-80.587,-19.372,93.205,cleaning
-0.285,0.61,0.686,-84.682,-38.447,96.04,cleaning
-0.307,0.47,0.701,-84.682,-38.447,96.04,cleaning
-0.307,0.47,0.701,-83.09,-32.97,98.455,cleaning
-0.307,0.396,0.686,-83.09,-32.97,98.455,cleaning
-0.307,0.396,0.686,-80.202,-9.555,99.697,cleaning
-0.338,0.379,0.716,-80.202,-9.555,99.697,cleaning
-0.338,0.379,0.716,-78.032,10.57,96.32,cleaning
-0.362,0.421,0.767,-78.032,10.57,96.32,cleaning
-0.362,0.421,0.767,-72.135,27.405,91.7,cleaning
-0.388,0.386,0.855,-72.135,27.405,91.7,cleaning
-0.388,0.386,0.855,-63.7,30.572,81.182,cleaning
-0.378,0.278,0.91,-63.7,30.572,81.182,cleaning
-0.378,0.278,0.91,-54.705,33.582,68.915,cleaning
-0.377,0.196,0.942,-54.705,33.582,68.915,cleaning
-0.377,0.196,0.942,-45.71,49.262,58.117,cleaning
-0.401,0.185,0.985,-45.71,49.262,58.117,cleaning
-0.401,0.185,0.985,-40.127,57.452,45.675,cleaning
-0.406,0.193,1.063,-40.127,57.452,45.675,cleaning
-0.406,0.191,1.19,-40.127,57.452,45.675,cleaning
-0.406,0.191,1.19,-36.872,48.457,31.01,cleaning
-0.398,0.115,1.349,-36.872,48.457,31.01,cleaning
-0.398,0.115,1.349,-30.922,22.155,14.77,cleaning
-0.37,0.012,1.426,-30.922,22.155,14.77,cleaning
-0.37,0.012,1.426,-17.552,-1.452,-0.297,cleaning
-0.362,-0.026,1.428,-17.552,-1.452,-0.297,cleaning
-0.362,-0.026,1.428,0.822,-8.347,-15.365,cleaning
-0.346,0.051,1.309,0.822,-8.347,-15.365,cleaning
-0.346,0.051,1.309,19.81,12.442,-23.432,cleaning
-0.37,0.329,1.187,19.81,12.442,-23.432,cleaning
-0.37,0.329,1.187,37.905,40.127,-22.557,cleaning
-0.385,0.523,1.121,37.905,40.127,-22.557,cleaning
-0.385,0.523,1.121,51.1,14.91,-33.53,cleaning
-0.329,0.415,0.984,51.1,14.91,-33.53,cleaning
-0.329,0.415,0.984,58.257,-27.912,-56.455,cleaning
-0.314,0.21,0.912,58.257,-27.912,-56.455,cleaning
-0.314,0.21,0.912,65.082,-34.982,-79.257,cleaning
-0.367,0.162,0.884,65.082,-34.982,-79.257,cleaning
-0.432,0.242,0.873,65.082,-34.982,-79.257,cleaning
-0.432,0.242,0.873,74.69,-8.085,-92.977,cleaning
-0.48,0.401,0.869,74.69,-8.085,-92.977,cleaning
-0.48,0.401,0.869,86.047,28.437,-95.427,cleaning
-0.47,0.617,0.797,86.047,28.437,-95.427,cleaning
-0.47,0.617,0.797,94.447,45.08,-91.77,cleaning
-0.437,0.725,0.745,94.447,45.08,-91.77,cleaning
-0.437,0.725,0.745,93.782,29.732,-90.842,cleaning
-0.442,0.77,0.712,93.782,29.732,-90.842,cleaning
-0.442,0.77,0.712,88.865,0.507,-94.832,cleaning
-0.457,0.807,0.667,88.865,0.507,-94.832,cleaning
-0.457,0.807,0.667,84.49,-14.892,-97.842,cleaning
-0.429,0.856,0.592,84.49,-14.892,-97.842,cleaning
-0.429,0.856,0.592,82.915,-2.992,-93.292,cleaning
-0.39,0.907,0.515,82.915,-2.992,-93.292,cleaning
-0.39,0.907,0.515,82.372,13.282,-86.1,cleaning
-0.357,0.96,0.391,82.372,13.282,-86.1,cleaning
-0.357,0.96,0.391,80.15,22.977,-79.975,cleaning
-0.329,1.004,0.274,80.15,22.977,-79.975,cleaning
-0.293,0.984,0.228,80.15,22.977,-79.975,cleaning
-0.293,0.984,0.228,72.66,14.997,-79.94,cleaning
-0.244,0.945,0.228,72.66,14.997,-79.94,cleaning
-0.244,0.945,0.228,63.21,7.245,-79.17,cleaning
-0.163,1.026,0.185,63.21,7.245,-79.17,cleaning
-0.163,1.026,0.185,56.367,28.14,-64.137,cleaning
-0.09,1.171,0.147,56.367,28.14,-64.137,cleaning
-0.09,1.171,0.147,48.247,45.412,-42.577,cleaning
-0.014,1.277,0.126,48.247,45.412,-42.577,cleaning
-0.014,1.277,0.126,32.602,21.017,-28.385,cleaning
0.025,1.257,0.144,32.602,21.017,-28.385,cleaning
0.025,1.257,0.144,13.667,-18.427,-17.377,cleaning
0.054,1.169,0.191,13.667,-18.427,-17.377,cleaning
0.054,1.169,0.191,-2.572,-37.03,-4.532,cleaning
0.05,1.127,0.294,-2.572,-37.03,-4.532,cleaning
0.05,1.127,0.294,-14.192,-40.6,7.455,cleaning
0.004,1.043,0.45,-14.192,-40.6,7.455,cleaning
0.004,1.043,0.45,-21.787,-40.95,15.96,cleaning
-0.002,0.965,0.56,-21.787,-40.95,15.96,cleaning
0.008,0.92,0.597,-21.787,-40.95,15.96,cleaning
0.008,0.92,0.597,-29.33,-35.875,25.375,cleaning
0.004,0.95,0.572,-29.33,-35.875,25.375,cleaning
0.004,0.95,0.572,-37.607,-24.115,37.432,cleaning
-0.026,1.027,0.55,-37.607,-24.115,37.432,cleaning
-0.026,1.027,0.55,-47.302,-23.397,46.55,cleaning
-0.117,1.034,0.572,-47.302,-23.397,46.55,cleaning
-0.117,1.034,0.572,-56.892,-40.425,52.5,cleaning
-0.215,0.96,0.554,-56.892,-40.425,52.5,cleaning
-0.215,0.96,0.554,-63.297,-52.692,59.99,cleaning
-0.308,0.888,0.548,-63.297,-52.692,59.99,cleaning
-0.308,0.888,0.548,-67.935,-57.82,68.32,cleaning
-0.366,0.82,0.504,-67.935,-57.82,68.32,cleaning
-0.366,0.82,0.504,-71.4,-57.487,77.157,cleaning
-0.369,0.782,0.519,-71.4,-57.487,77.157,cleaning
-0.369,0.782,0.519,-74.795,-66.255,82.705,cleaning
-0.394,0.683,0.619,-74.795,-66.255,82.705,cleaning
-0.416,0.48,0.751,-74.305,-85.977,81.462,cleaning
-0.411,0.366,0.833,-74.305,-85.977,81.462,cleaning
-0.411,0.366,0.833,-68.705,-89.88,79.695,cleaning
-0.5,0.352,0.938,-68.705,-89.88,79.695,cleaning
-0.5,0.352,0.938,-60.567,-85.627,77.787,cleaning
-0.544,0.261,0.996,-60.567,-85.627,77.787,cleaning
-0.544,0.261,0.996,-48.142,-89.46,71.627,cleaning
-0.504,0.091,0.96,-48.142,-89.46,71.627,cleaning
-0.504,0.091,0.96,-35.017,-85.872,63,cleaning
-0.39,-0.001,0.892,-35.017,-85.872,63,cleaning
-0.39,-0.001,0.892,-27.317,-71.925,53.06,cleaning
-0.299,-0.043,0.895,-27.317,-71.925,53.06,cleaning
-0.299,-0.043,0.895,-24.36,-67.497,37.047,cleaning
-0.243,-0.038,0.868,-24.36,-67.497,37.047,cleaning
-0.243,-0.038,0.868,-21.542,-57.155,21.98,cleaning
-0.189,0.023,0.886,-21.542,-57.155,21.98,cleaning
-0.189,0.023,0.886,-18.322,-45.115,7.77,cleaning
-0.207,0.033,0.989,-18.322,-45.115,7.77,cleaning
-0.252,0.049,1.057,-15.855,-39.9,-9.852,cleaning
-0.29,0.203,1.06,-15.855,-39.9,-9.852,cleaning
-0.29,0.203,1.06,-8.557,-7.245,-15.802,cleaning
-0.297,0.356,1.052,-8.557,-7.245,-15.802,cleaning
-0.297,0.356,1.052,0.84,27.195,-13.667,cleaning
-0.244,0.477,1,0.84,27.195,-13.667,cleaning
-0.244,0.477,1,4.077,25.48,-12.775,cleaning
-0.269,0.55,0.987,4.077,25.48,-12.775,cleaning
-0.269,0.55,0.987,0.595,-11.427,-14.175,cleaning
-0.378,0.43,1.005,0.595,-11.427,-14.175,cleaning
-0.378,0.43,1.005,-0.367,-54.39,-19.285,cleaning
-0.436,0.232,1.017,-0.367,-54.39,-19.285,cleaning
-0.436,0.232,1.017,12.337,-51.205,-19.81,cleaning
-0.43,0.056,0.953,12.337,-51.205,-19.81,cleaning
-0.43,0.056,0.953,27.562,-21,-22.19,cleaning
-0.292,-0.061,0.842,27.562,-21,-22.19,cleaning
-0.292,-0.061,0.842,31.045,-7.122,-33.302,cleaning
-0.223,-0.248,0.857,31.045,-7.122,-33.302,cleaning
-0.182,-0.384,0.858,31.045,-7.122,-33.302,cleaning
-0.182,-0.384,0.858,29.89,-12.145,-56,cleaning
-0.174,-0.35,0.819,29.89,-12.145,-56,cleaning
-0.174,-0.35,0.819,30.1,1.54,-76.422,cleaning
-0.216,-0.166,0.854,30.1,1.54,-76.422,cleaning
-0.216,-0.166,0.854,31.867,36.995,-85.277,cleaning
-0.264,0.032,0.941,31.867,36.995,-85.277,cleaning
-0.264,0.032,0.941,34.002,48.247,-91.525,cleaning
-0.318,0.134,1.026,34.002,48.247,-91.525,cleaning
-0.318,0.134,1.026,37.222,28.91,-100.922,cleaning
-0.362,0.225,1.043,37.222,28.91,-100.922,cleaning
-0.362,0.225,1.043,42.77,16.222,-105.35,cleaning
-0.412,0.303,1.025,42.77,16.222,-105.35,cleaning
-0.412,0.303,1.025,50.05,21,-105.49,cleaning
-0.473,0.417,0.963,50.05,21,-105.49,cleaning
-0.473,0.417,0.963,57.61,46.217,-100.292,cleaning
-0.502,0.656,0.886,57.61,46.217,-100.292,cleaning
-0.502,0.656,0.886,64.295,77.717,-89.687,cleaning
-0.398,0.884,0.782,64.295,77.717,-89.687,cleaning
-0.304,1.105,0.656,64.295,77.717,-89.687,cleaning
-0.304,1.105,0.656,62.702,82.915,-83.055,cleaning
-0.206,1.352,0.433,62.702,82.915,-83.055,cleaning
-0.206,1.352,0.433,49.56,53.515,-82.705,cleaning
-0.022,1.653,0.188,49.56,53.515,-82.705,cleaning
-0.022,1.653,0.188,25.445,11.305,-71.89,cleaning
0.132,1.92,0.1,25.445,11.305,-71.89,cleaning
0.132,1.92,0.1,-5.512,-36.54,-42.822,cleaning
0.113,1.985,0.098,-5.512,-36.54,-42.822,cleaning
0.113,1.985,0.098,-29.89,-86.905,-2.38,cleaning
0.049,1.619,0.231,-29.89,-86.905,-2.38,cleaning
0.049,1.619,0.231,-40.6,-147.49,24.377,cleaning
0.097,1.199,0.27,-40.6,-147.49,24.377,cleaning
0.097,1.199,0.27,-44.765,-138.757,54.232,cleaning
-0.064,0.986,0.409,-44.765,-138.757,54.232,cleaning
-0.064,0.986,0.409,-37.555,-70.525,85.382,cleaning
-0.268,0.95,0.604,-37.555,-70.525,85.382,cleaning
-0.268,0.95,0.604,-23.87,-25.55,101.342,cleaning
-0.376,0.905,0.692,-23.87,-25.55,101.342,cleaning
-0.432,0.802,0.673,-23.87,-25.55,101.342,cleaning
-0.432,0.802,0.673,-17.57,-17.342,102.812,cleaning
-0.486,0.615,0.718,-17.57,-17.342,102.812,cleaning
-0.486,0.615,0.718,-15.627,-9.852,103.39,cleaning
-0.508,0.556,0.694,-15.627,-9.852,103.39,cleaning
-0.508,0.556,0.694,-15.452,12.74,111.457,cleaning
-0.564,0.597,0.669,-15.452,12.74,111.457,cleaning
-0.564,0.597,0.669,-21.595,26.022,123.235,cleaning
-0.636,0.597,0.676,-21.595,26.022,123.235,cleaning
-0.636,0.597,0.676,-34.492,2.94,127.172,cleaning
-0.694,0.552,0.652,-34.492,2.94,127.172,cleaning
-0.694,0.552,0.652,-49.175,-27.895,126.56,cleaning
-0.791,0.529,0.707,-49.175,-27.895,126.56,cleaning
-0.791,0.529,0.707,-56.56,-45.832,124.81,cleaning
-0.836,0.434,0.78,-56.56,-45.832,124.81,cleaning
-0.836,0.434,0.78,-54.81,-44.467,125.02,cleaning
-0.77,0.319,0.791,-54.81,-44.467,125.02,cleaning
-0.77,0.319,0.791,-55.002,-47.547,124.722,cleaning
-0.699,0.241,0.808,-55.002,-47.547,124.722,cleaning
-0.73,0.06,0.964,-55.002,-47.547,124.722,cleaning
-0.73,0.06,0.964,-62.212,-80.867,115.937,cleaning
-0.739,-0.276,1.167,-62.212,-80.867,115.937,cleaning
-0.739,-0.276,1.167,-63.28,-122.465,99.645,cleaning
-0.723,-0.65,1.339,-63.28,-122.465,99.645,cleaning
-0.723,-0.65,1.339,-51.537,-136.797,80.64,cleaning
-0.676,-1.02,1.401,-51.537,-136.797,80.64,cleaning
-0.676,-1.02,1.401,-26.512,-119.665,52.622,cleaning
-0.615,-1.259,1.277,-26.512,-119.665,52.622,cleaning
-0.615,-1.259,1.277,1.855,-78.277,13.667,cleaning
-0.552,-1.412,1.099,1.855,-78.277,13.667,cleaning
-0.552,-1.412,1.099,23.992,-6.632,-22.487,cleaning
-0.464,-1.263,0.919,23.992,-6.632,-22.487,cleaning
-0.464,-1.263,0.919,36.347,97.387,-36.995,cleaning
-0.506,-0.795,0.996,36.347,97.387,-36.995,cleaning
-0.506,-0.795,0.996,45.115,129.657,-58.975,cleaning
-0.588,-0.359,1.191,45.115,129.657,-58.975,cleaning
-0.595,-0.364,1.187,51.572,53.515,-102.182,cleaning
-0.609,-0.488,1.076,51.572,53.515,-102.182,cleaning
-0.609,-0.488,1.076,55.405,-1.855,-140.91,cleaning
-0.688,-0.508,1.005,55.405,-1.855,-140.91,cleaning
-0.688,-0.508,1.005,61.565,13.125,-165.322,cleaning
-0.752,-0.325,0.921,61.565,13.125,-165.322,cleaning
-0.752,-0.325,0.921,72.415,67.462,-176.54,cleaning
-0.772,0.027,0.865,72.415,67.462,-176.54,cleaning
-0.772,0.027,0.865,84.927,112.892,-175.682,cleaning
-0.757,0.28,0.827,84.927,112.892,-175.682,cleaning
-0.757,0.28,0.827,92.33,107.59,-176.785,cleaning
-0.703,0.442,0.722,92.33,107.59,-176.785,cleaning
-0.703,0.442,0.722,94.412,86.66,-177.625,cleaning
-0.687,0.55,0.66,94.412,86.66,-177.625,cleaning
-0.687,0.55,0.66,95.06,76.79,-177.957,cleaning
-0.69,0.67,0.584,95.06,76.79,-177.957,cleaning
-0.69,0.67,0.584,98.647,87.22,-176.75,cleaning
-0.695,0.828,0.537,98.647,87.22,-176.75,cleaning
-0.634,0.936,0.435,98.647,87.22,-176.75,cleaning
-0.634,0.936,0.435,104.265,99.155,-177.817,cleaning
-0.481,1.141,0.259,104.265,99.155,-177.817,cleaning
-0.481,1.141,0.259,109.375,133.7,-165.357,cleaning
-0.321,1.521,0.103,109.375,133.7,-165.357,cleaning
-0.321,1.521,0.103,106.225,162.61,-134.085,cleaning
-0.154,1.77,0.07,106.225,162.61,-134.085,cleaning
-0.154,1.77,0.07,84.42,119.105,-102.795,cleaning
-0.031,1.867,0.013,84.42,119.105,-102.795,cleaning
-0.031,1.867,0.013,49.472,44.817,-64.12,cleaning
-0.024,1.806,0.009,49.472,44.817,-64.12,cleaning
-0.024,1.806,0.009,16.485,-7.577,-20.3,cleaning
0.023,1.69,-0.059,16.485,-7.577,-20.3,cleaning
0.023,1.69,-0.059,-7.997,-30.117,17.465,cleaning
-0.081,1.657,0.196,-7.997,-30.117,17.465,cleaning
-0.081,1.657,0.196,-23.94,-97.265,25.042,cleaning
-0.195,1.187,0.372,-23.94,-97.265,25.042,cleaning
-0.195,1.187,0.372,-29.872,-133.822,25.182,cleaning
-0.157,0.811,0.521,-29.872,-133.822,25.182,cleaning
-0.201,0.69,0.628,-29.872,-133.822,25.182,cleaning
-0.201,0.69,0.628,-30.677,-98.997,38.412,cleaning
-0.262,0.85,0.662,-30.677,-98.997,38.412,cleaning
-0.262,0.85,0.662,-30.205,-35.28,62.772,cleaning
-0.364,1.012,0.65,-30.205,-35.28,62.772,cleaning
-0.364,1.012,0.65,-33.722,-8.137,89.6,cleaning
-0.332,0.963,0.528,-33.722,-8.137,89.6,cleaning
-0.332,0.963,0.528,-43.75,-22.295,109.672,cleaning
-0.321,0.853,0.533,-43.75,-22.295,109.672,cleaning
-0.321,0.853,0.533,-58.047,-53.602,118.58,cleaning
-0.38,0.691,0.642,-58.047,-53.602,118.58,cleaning
-0.38,0.691,0.642,-62.09,-64.382,124.967,cleaning
-0.406,0.608,0.73,-62.09,-64.382,124.967,cleaning
-0.406,0.608,0.73,-55.142,-40.267,137.392,cleaning
-0.391,0.604,0.752,-55.142,-40.267,137.392,cleaning
-0.391,0.604,0.752,-48.387,-19.845,150.01,cleaning
-0.362,0.534,0.731,-48.387,-19.845,150.01,cleaning
-0.362,0.534,0.731,-49.525,-22.295,154.175,cleaning
-0.285,0.438,0.663,-49.525,-22.295,154.175,cleaning
-0.294,0.37,0.782,-49.525,-22.295,154.175,cleaning
-0.294,0.37,0.782,-58.555,-40.092,149.625,cleaning
-0.381,0.181,0.978,-58.555,-40.092,149.625,cleaning
-0.381,0.181,0.978,-59.727,-58.31,139.352,cleaning
-0.336,-0.022,1.091,-59.727,-58.31,139.352,cleaning
-0.336,-0.022,1.091,-50.155,-61.495,123.41,cleaning
-0.302,-0.184,1.2,-50.155,-61.495,123.41,cleaning
-0.302,-0.184,1.2,-36.89,-49.7,102.742,cleaning
-0.322,-0.357,1.282,-36.89,-49.7,102.742,cleaning
-0.322,-0.357,1.282,-21.595,-26.757,76.09,cleaning
-0.334,-0.473,1.423,-21.595,-26.757,76.09,cleaning
-0.334,-0.473,1.423,-6.51,-20.825,40.092,cleaning
-0.382,-0.594,1.448,-6.51,-20.825,40.092,cleaning
-0.382,-0.594,1.448,9.03,-11.97,4.795,cleaning
-0.457,-0.725,1.485,9.03,-11.97,4.795,cleaning
-0.457,-0.725,1.485,24.412,21.315,-21.175,cleaning
-0.362,-0.568,1.27,24.412,21.315,-21.175,cleaning
-0.362,-0.568,1.27,32.077,83.86,-21.647,cleaning
-0.292,-0.109,1.162,32.077,83.86,-21.647,cleaning
-0.317,0.243,1.162,32.077,83.86,-21.647,cleaning
-0.317,0.243,1.162,33.897,95.847,-24.412,cleaning
-0.329,0.232,1.176,33.897,95.847,-24.412,cleaning
-0.329,0.232,1.176,35.122,16.59,-52.29,cleaning
-0.292,-0.124,1.073,35.122,16.59,-52.29,cleaning
-0.292,-0.124,1.073,37.065,-65.73,-91.84,cleaning
-0.32,-0.366,0.977,37.065,-65.73,-91.84,cleaning
-0.32,-0.366,0.977,42.945,-54.792,-119.297,cleaning
-0.388,-0.298,0.916,42.945,-54.792,-119.297,cleaning
-0.388,-0.298,0.916,53.515,19.722,-130.077,cleaning
-0.429,-0.011,0.899,53.515,19.722,-130.077,cleaning
-0.429,-0.011,0.899,65.275,77.997,-132.79,cleaning
-0.437,0.287,0.879,65.275,77.997,-132.79,cleaning
-0.437,0.287,0.879,73.622,87.745,-133.385,cleaning
-0.429,0.487,0.844,73.622,87.745,-133.385,cleaning
-0.429,0.487,0.844,77.42,69.002,-134.26,cleaning
-0.396,0.573,0.784,77.42,69.002,-134.26,cleaning
-0.336,0.601,0.704,77.77,49.525,-136.08,cleaning
-0.28,0.686,0.622,77.77,49.525,-136.08,cleaning
-0.28,0.686,0.622,74.445,41.79,-137.322,cleaning
-0.265,0.872,0.583,74.445,41.79,-137.322,cleaning
-0.265,0.872,0.583,69.912,50.627,-136.815,cleaning
-0.259,1.151,0.556,69.912,50.627,-136.815,cleaning
-0.259,1.151,0.556,70.052,71.137,-130.112,cleaning
-0.186,1.395,0.431,70.052,71.137,-130.112,cleaning
-0.186,1.395,0.431,70.21,83.65,-116.672,cleaning
-0.086,1.546,0.238,70.21,83.65,-116.672,cleaning
-0.086,1.546,0.238,58.765,70.245,-97.58,cleaning
-0.021,1.618,0.028,58.765,70.245,-97.58,cleaning
-0.021,1.618,0.028,33.495,43.365,-68.18,cleaning
-0.062,1.614,-0.114,33.495,43.365,-68.18,cleaning
-0.062,1.614,-0.114,2.345,18.217,-29.47,cleaning
-0.196,1.62,-0.075,2.345,18.217,-29.47,cleaning
-0.196,1.62,-0.075,-25.602,-55.772,-11.55,cleaning
-0.247,1.19,0.175,-25.602,-55.772,-11.55,cleaning
-0.279,0.761,0.21,-46.602,-128.397,-7.49,cleaning
-0.434,0.792,0.368,-46.602,-128.397,-7.49,cleaning
-0.434,0.792,0.368,-52.797,-67.025,32.06,cleaning
-0.546,0.912,0.572,-52.797,-67.025,32.06,cleaning
-0.546,0.912,0.572,-49.665,-6.23,66.395,cleaning
-0.523,0.937,0.553,-49.665,-6.23,66.395,cleaning
-0.523,0.937,0.553,-46.532,15.382,88.41,cleaning
-0.485,0.907,0.524,-46.532,15.382,88.41,cleaning
-0.485,0.907,0.524,-50.487,12.88,101.762,cleaning
-0.455,0.788,0.544,-50.487,12.88,101.762,cleaning
-0.455,0.788,0.544,-58.642,-2.887,105.227,cleaning
-0.422,0.687,0.632,-58.642,-2.887,105.227,cleaning
-0.422,0.687,0.632,-64.977,-23.642,103.792,cleaning
-0.355,0.579,0.687,-64.977,-23.642,103.792,cleaning
-0.355,0.579,0.687,-68.512,-35.122,106.435,cleaning
-0.283,0.437,0.776,-68.512,-35.122,106.435,cleaning
-0.283,0.437,0.776,-70.087,-44.695,107.642,cleaning
-0.172,0.206,0.848,-70.087,-44.695,107.642,cleaning
-0.069,-0.053,1,-70.087,-44.695,107.642,cleaning
-0.069,-0.053,1,-69.685,-47.967,97.877,cleaning
-0.09,-0.238,1.244,-69.685,-47.967,97.877,cleaning
-0.09,-0.238,1.244,-63.245,-43.977,70.647,cleaning
-0.211,-0.299,1.43,-63.245,-43.977,70.647,cleaning
-0.211,-0.299,1.43,-41.982,-15.347,36.12,cleaning
-0.351,-0.216,1.516,-41.982,-15.347,36.12,cleaning
-0.351,-0.216,1.516,-13.702,37.8,10.325,cleaning
-0.453,-0.116,1.52,-13.702,37.8,10.325,cleaning
-0.453,-0.116,1.52,8.575,75.355,-3.255,cleaning
-0.523,-0.002,1.441,8.575,75.355,-3.255,cleaning
-0.523,-0.002,1.441,19.005,80.71,-9.975,cleaning
-0.505,0.226,1.26,19.005,80.71,-9.975,cleaning
-0.505,0.226,1.26,22.295,60.567,-8.417,cleaning
-0.517,0.401,1.131,22.295,60.567,-8.417,cleaning
-0.517,0.401,1.131,27.58,24.307,-4.865,cleaning
-0.493,0.433,0.968,27.58,24.307,-4.865,cleaning
-0.493,0.433,0.968,38.797,3.325,-0.455,cleaning
-0.398,0.403,0.773,38.797,3.325,-0.455,cleaning
-0.359,0.279,0.686,38.797,3.325,-0.455,cleaning
-0.359,0.279,0.686,45.867,-21.49,-7.017,cleaning
-0.354,-0.001,0.71,45.867,-21.49,-7.017,cleaning
-0.354,-0.001,0.71,47.005,-67.585,-32.375,cleaning
-0.282,-0.194,0.64,47.005,-67.585,-32.375,cleaning
-0.282,-0.194,0.64,47.355,-63.297,-51.73,cleaning
-0.269,-0.091,0.599,47.355,-63.297,-51.73,cleaning
-0.269,-0.091,0.599,44.677,-4.48,-56.7,cleaning
-0.352,0.172,0.688,44.677,-4.48,-56.7,cleaning
-0.352,0.172,0.688,41.615,51.94,-58.87,cleaning
-0.381,0.517,0.823,41.615,51.94,-58.87,cleaning
-0.381,0.517,0.823,47.022,93.485,-55.825,cleaning
-0.296,0.923,0.895,47.022,93.485,-55.825,cleaning
-0.296,0.923,0.895,54.81,80.797,-52.675,cleaning
-0.069,1.141,0.825,54.81,80.797,-52.675,cleaning
-0.069,1.141,0.825,53.515,5.005,-54.6,cleaning
0.063,1.179,0.582,53.515,5.005,-54.6,cleaning
0.063,1.179,0.582,38.22,-61.495,-61.267,cleaning
0.124,1.172,0.369,38.22,-61.495,-61.267,cleaning
0.173,1.429,0.291,38.22,-61.495,-61.267,cleaning
0.173,1.429,0.291,19.652,-47.32,-62.965,cleaning
0.094,1.899,0.297,19.652,-47.32,-62.965,cleaning
0.094,1.899,0.297,8.697,6.51,-43.942,cleaning
0.048,2.158,0.186,8.697,6.51,-43.942,cleaning
0.048,2.158,0.186,-0.735,13.247,-8.295,cleaning
-0.06,1.85,0.205,-0.735,13.247,-8.295,cleaning
-0.06,1.85,0.205,-18.83,-75.215,13.09,cleaning
-0.135,1.137,0.092,-18.83,-75.215,13.09,cleaning
-0.135,1.137,0.092,-41.16,-142.59,29.995,cleaning
-0.272,0.865,0.004,-41.16,-142.59,29.995,cleaning
-0.272,0.865,0.004,-58.205,-90.037,81.025,cleaning
-0.429,0.948,0.101,-58.205,-90.037,81.025,cleaning
-0.429,0.948,0.101,-73.237,-50.05,126.577,cleaning
-0.615,0.993,0.335,-73.237,-50.05,126.577,cleaning
-0.615,0.993,0.335,-84.542,-87.412,146.282,cleaning
-0.693,1.011,0.534,-84.542,-87.412,146.282,cleaning
-0.693,1.011,0.534,-88.637,-158.83,163.905,cleaning
-0.725,0.829,0.745,-88.637,-158.83,163.905,cleaning
-0.752,0.555,0.81,-88.637,-158.83,163.905,cleaning
-0.752,0.555,0.81,-82.407,-231.035,186.672,cleaning
-0.804,0.284,0.742,-82.407,-231.035,186.672,cleaning
-0.804,0.284,0.742,-73.43,-270.252,217.857,cleaning
-0.854,-0.08,0.593,-73.43,-270.252,217.857,cleaning
-0.854,-0.08,0.593,-69.457,-271.267,243.425,cleaning
-0.759,-0.543,0.705,-69.457,-271.267,243.425,cleaning
-0.759,-0.543,0.705,-68.88,-233.17,242.585,cleaning
-0.848,-0.842,1.139,-68.88,-233.17,242.585,cleaning
-0.848,-0.842,1.139,-40.985,-163.677,208.267,cleaning
-0.908,-0.979,1.378,-40.985,-163.677,208.267,cleaning
-0.908,-0.979,1.378,12.127,-66.972,160.702,cleaning
-0.762,-0.944,1.268,12.127,-66.972,160.702,cleaning
-0.762,-0.944,1.268,54.775,32.147,121.765,cleaning
-0.597,-0.705,1.085,54.775,32.147,121.765,cleaning
-0.597,-0.705,1.085,72.817,85.032,91.525,cleaning
-0.466,-0.393,0.923,72.817,85.032,91.525,cleaning
-0.413,-0.102,0.884,73.5,88.042,68.617,cleaning
-0.356,0.075,0.762,73.5,88.042,68.617,cleaning
-0.356,0.075,0.762,68.46,70.595,51.257,cleaning
-0.258,0.17,0.718,68.46,70.595,51.257,cleaning
-0.258,0.17,0.718,59.22,57.26,36.872,cleaning
-0.171,0.316,0.773,59.22,57.26,36.872,cleaning
-0.171,0.316,0.773,47.967,42.84,22.522,cleaning
-0.097,0.417,0.874,47.967,42.84,22.522,cleaning
-0.097,0.417,0.874,40.687,24.045,9.135,cleaning
-0.058,0.487,0.948,40.687,24.045,9.135,cleaning
-0.058,0.487,0.948,40.442,8.032,0.507,cleaning
0.025,0.455,0.925,40.442,8.032,0.507,cleaning
0.025,0.455,0.925,44.1,8.837,-4.182,cleaning
0.127,0.372,0.892,44.1,8.837,-4.182,cleaning
0.127,0.372,0.892,46.287,19.967,-11.06,cleaning
0.203,0.35,0.898,46.287,19.967,-11.06,cleaning
0.203,0.35,0.898,49.28,33.145,-19.337,cleaning
0.216,0.392,0.896,49.28,33.145,-19.337,cleaning
0.226,0.448,0.885,49.28,33.145,-19.337,cleaning
0.226,0.448,0.885,54.635,42.017,-23.817,cleaning
0.26,0.448,0.833,54.635,42.017,-23.817,cleaning
0.26,0.448,0.833,58.31,40.722,-25.322,cleaning
0.299,0.401,0.766,58.31,40.722,-25.322,cleaning
0.299,0.401,0.766,56.455,32.69,-26.18,cleaning
0.309,0.379,0.731,56.455,32.69,-26.18,cleaning
0.309,0.379,0.731,50.102,23.835,-26.495,cleaning
0.321,0.381,0.705,50.102,23.835,-26.495,cleaning
0.321,0.381,0.705,40.722,13.93,-27.09,cleaning
0.317,0.408,0.713,40.722,13.93,-27.09,cleaning
0.317,0.408,0.713,28.892,2.362,-26.512,cleaning
0.323,0.426,0.761,28.892,2.362,-26.512,cleaning
0.323,0.426,0.761,16.1,-7.98,-24.57,cleaning
0.298,0.435,0.828,16.1,-7.98,-24.57,cleaning
0.298,0.435,0.828,5.757,-12.25,-20.982,cleaning
0.271,0.426,0.887,5.757,-12.25,-20.982,cleaning
0.271,0.426,0.887,0.332,-9.135,-15.872,cleaning
0.243,0.447,0.946,0.332,-9.135,-15.872,cleaning
0.228,0.459,0.988,0.332,-9.135,-15.872,cleaning
0.228,0.459,0.988,-1.417,-6.79,-10.57,cleaning
0.226,0.447,1.002,-1.417,-6.79,-10.57,cleaning
0.226,0.447,1.002,-1.505,-3.902,-7.42,cleaning
0.197,0.459,1.001,-1.505,-3.902,-7.42,cleaning
0.197,0.459,1.001,-1.487,-3.972,-6.265,cleaning
0.156,0.435,0.99,-1.487,-3.972,-6.265,cleaning
0.156,0.435,0.99,-1.207,-10.92,-6.265,cleaning
0.127,0.427,0.967,-1.207,-10.92,-6.265,cleaning
0.127,0.427,0.967,-0.595,-13.44,-5.705,cleaning
0.091,0.453,0.974,-0.595,-13.44,-5.705,cleaning
0.091,0.453,0.974,1.837,-9.922,-2.992,cleaning
0.066,0.487,0.999,1.837,-9.922,-2.992,cleaning
0.066,0.487,0.999,5.967,-8.942,-0.805,cleaning
0.094,0.478,0.945,5.967,-8.942,-0.805,cleaning
0.094,0.478,0.945,7.367,-11.287,0.542,cleaning
0.128,0.461,0.86,7.367,-11.287,0.542,cleaning
0.128,0.461,0.86,4.48,-11.567,3.045,cleaning
0.185,0.458,0.791,4.48,-11.567,3.045,cleaning
0.246,0.498,0.754,4.48,-11.567,3.045,cleaning
0.246,0.498,0.754,-2.467,-8.137,7.822,cleaning
0.293,0.519,0.765,-2.467,-8.137,7.822,cleaning
0.293,0.519,0.765,-12.81,-7.98,16.03,cleaning
0.351,0.508,0.81,-12.81,-7.98,16.03,cleaning
0.351,0.508,0.81,-23.8,-13.142,25.9,cleaning
0.45,0.416,0.929,-23.8,-13.142,25.9,cleaning
0.45,0.416,0.929,-33.932,-24.797,31.762,cleaning
0.468,0.276,1.124,-33.932,-24.797,31.762,cleaning
0.468,0.276,1.124,-37.065,-42.665,27.632,cleaning
0.412,-0.039,1.12,-37.065,-42.665,27.632,cleaning
0.412,-0.039,1.12,-33.775,-42.98,15.19,cleaning
0.296,-0.28,1.065,-33.775,-42.98,15.19,cleaning
0.296,-0.28,1.065,-31.097,-28.175,-7.91,cleaning
0.118,-0.369,1.118,-31.097,-28.175,-7.91,cleaning
0.118,-0.369,1.118,-24.797,-15.995,-43.435,cleaning
0.014,-0.362,1.092,-24.797,-15.995,-43.435,cleaning
0.014,-0.362,1.092,-18.62,-16.625,-86.887,cleaning
-0.143,-0.306,1.099,-18.62,-16.625,-86.887,cleaning
-0.352,-0.2,1.109,-18.62,-16.625,-86.887,cleaning
-0.352,-0.2,1.109,-9.345,-16.467,-124.967,cleaning
-0.568,-0.087,1.138,-9.345,-16.467,-124.967,cleaning
-0.568,-0.087,1.138,1.855,-19.67,-154.665,cleaning
-0.739,-0.016,1.117,1.855,-19.67,-154.665,cleaning
-0.739,-0.016,1.117,13.492,-28.525,-174.965,cleaning
-0.797,0.019,1.013,13.492,-28.525,-174.965,cleaning
-0.797,0.019,1.013,21.787,-33.617,-188.475,cleaning
-0.867,0.046,0.946,21.787,-33.617,-188.475,cleaning
-0.867,0.046,0.946,27.58,-27.72,-193.427,cleaning
-0.938,0.165,0.838,27.58,-27.72,-193.427,cleaning
-0.938,0.165,0.838,35.787,4.007,-179.655,cleaning
-0.954,0.36,0.732,35.787,4.007,-179.655,cleaning
-0.954,0.36,0.732,45.062,21.682,-157.272,cleaning
-0.981,0.464,0.592,45.062,21.682,-157.272,cleaning
-0.981,0.464,0.592,58.572,29.242,-135.152,cleaning
-1.013,0.42,0.389,58.572,29.242,-135.152,cleaning
-1.013,0.42,0.389,75.092,55.002,-113.54,cleaning
-0.917,0.453,0.208,75.092,55.002,-113.54,cleaning
-0.761,0.722,0.207,75.092,55.002,-113.54,cleaning
-0.761,0.722,0.207,83.72,96.915,-86.905,cleaning
-0.605,1.234,0.298,83.72,96.915,-86.905,cleaning
-0.605,1.234,0.298,82.705,110.512,-53.725,cleaning
-0.363,1.731,0.424,82.705,110.512,-53.725,cleaning
-0.363,1.731,0.424,67.392,81.462,-14.192,cleaning
-0.068,2.097,0.609,67.392,81.462,-14.192,cleaning
-0.068,2.097,0.609,43.715,25.795,22.452,cleaning
0.228,2.094,0.814,43.715,25.795,22.452,cleaning
0.228,2.094,0.814,16.03,-63.98,51.205,cleaning
0.388,1.636,0.842,16.03,-63.98,51.205,cleaning
0.388,1.636,0.842,-4.847,-121.677,76.3,cleaning
0.458,1.086,0.828,-4.847,-121.677,76.3,cleaning
0.458,1.086,0.828,-12.39,-102.165,99.872,cleaning
0.48,0.674,0.83,-12.39,-102.165,99.872,cleaning
0.48,0.674,0.83,-11.847,-34.702,120.487,cleaning
0.507,0.444,0.832,-11.847,-34.702,120.487,cleaning
0.549,0.478,0.824,-9.432,50.942,142.275,cleaning
0.634,0.634,0.762,-9.432,50.942,142.275,cleaning
0.634,0.634,0.762,-13.492,116.2,167.265,cleaning
0.704,0.715,0.64,-13.492,116.2,167.265,cleaning
0.704,0.715,0.64,-28.35,137.515,189.507,cleaning
0.677,0.641,0.526,-28.35,137.515,189.507,cleaning
0.677,0.641,0.526,-56.98,106.522,200.97,cleaning
0.584,0.457,0.525,-56.98,106.522,200.97,cleaning
0.584,0.457,0.525,-93.152,46.2,202.475,cleaning
0.371,0.188,0.74,-93.152,46.2,202.475,cleaning
0.371,0.188,0.74,-119.367,-9.45,196.56,cleaning
0.165,-0.127,0.976,-119.367,-9.45,196.56,cleaning
0.165,-0.127,0.976,-126.332,-37.8,179.987,cleaning
-0.031,-0.352,1.209,-126.332,-37.8,179.987,cleaning
-0.031,-0.352,1.209,-117.285,-49.035,147.402,cleaning
-0.167,-0.554,1.431,-117.285,-49.035,147.402,cleaning
-0.167,-0.554,1.431,-96.127,-57.82,96.985,cleaning
-0.278,-0.725,1.596,-96.127,-57.82,96.985,cleaning
-0.405,-0.831,1.691,-96.127,-57.82,96.985,cleaning
-0.405,-0.831,1.691,-63.472,-54.547,35.84,cleaning
-0.567,-0.767,1.655,-63.472,-54.547,35.84,cleaning
-0.567,-0.767,1.655,-21.892,-14.84,-21.157,cleaning
-0.773,-0.526,1.499,-21.892,-14.84,-21.157,cleaning
-0.773,-0.526,1.499,21.525,34.37,-71.96,cleaning
-0.95,-0.224,1.238,21.525,34.37,-71.96,cleaning
-0.95,-0.224,1.238,60.497,53.042,-116.9,cleaning
-1.097,-0.016,0.961,60.497,53.042,-116.9,cleaning
-1.097,-0.016,0.961,90.23,39.847,-152.232,cleaning
-1.136,0.127,0.734,90.23,39.847,-152.232,cleaning
-1.136,0.127,0.734,107.135,12.81,-176.365,cleaning
-1.116,0.218,0.65,107.135,12.81,-176.365,cleaning
-1.116,0.218,0.65,114.485,-0.91,-190.452,cleaning
-1.132,0.395,0.674,114.485,-0.91,-190.452,cleaning
-1.132,0.395,0.674,122.832,13.142,-189.7,cleaning
-1.079,0.625,0.668,122.832,13.142,-189.7,cleaning
-1.079,0.625,0.668,130.532,28.542,-173.197,cleaning
-0.943,0.767,0.672,130.532,28.542,-173.197,cleaning
-0.713,0.831,0.45,130.532,28.542,-173.197,cleaning
-0.713,0.831,0.45,131.722,35.735,-154.84,cleaning
-0.4,1.079,0.168,131.722,35.735,-154.84,cleaning
-0.4,1.079,0.168,123.847,91.752,-125.58,cleaning
0,1.519,0.094,123.847,91.752,-125.58,cleaning
0,1.519,0.094,104.632,171.622,-82.355,cleaning
0.38,2.158,-0.059,104.632,171.622,-82.355,cleaning
0.38,2.158,-0.059,71.942,195.09,-32.48,cleaning
0.763,2.499,-0.075,71.942,195.09,-32.48,cleaning
0.763,2.499,-0.075,20.3,117.442,10.272,cleaning
0.847,2.434,0.087,20.3,117.442,10.272,cleaning
0.847,2.434,0.087,-24.027,-6.247,40.705,cleaning
0.787,1.921,0.172,-24.027,-6.247,40.705,cleaning
0.787,1.921,0.172,-48.055,-88.847,65.765,cleaning
0.706,1.166,0.164,-48.055,-88.847,65.765,cleaning
0.706,1.166,0.164,-61.005,-85.452,90.16,cleaning
0.696,0.452,0.109,-61.005,-85.452,90.16,cleaning
0.696,0.452,0.109,-76.527,0.962,117.232,cleaning
0.765,0.152,0.171,-76.527,0.962,117.232,cleaning
0.733,0.327,0.552,-76.527,0.962,117.232,cleaning
0.733,0.327,0.552,-101.01,91.175,143.132,cleaning
0.58,0.555,1.102,-101.01,91.175,143.132,cleaning
0.58,0.555,1.102,-124.88,84.21,151.97,cleaning
0.325,0.35,1.569,-124.88,84.21,151.97,cleaning
0.325,0.35,1.569,-129.465,-10.062,139.65,cleaning
0.102,-0.192,1.74,-129.465,-10.062,139.65,cleaning
0.102,-0.192,1.74,-109.095,-94.657,105.997,cleaning
-0.066,-0.595,1.787,-109.095,-94.657,105.997,cleaning
-0.066,-0.595,1.787,-69.247,-117.862,52.832,cleaning
-0.277,-0.819,1.799,-69.247,-117.862,52.832,cleaning
-0.277,-0.819,1.799,-18.83,-92.19,-14.717,cleaning
-0.243,-0.766,1.524,-18.83,-92.19,-14.717,cleaning
-0.243,-0.766,1.524,25.917,-9.625,-68.04,cleaning
-0.254,-0.345,1.377,25.917,-9.625,-68.04,cleaning
-0.254,-0.345,1.377,57.68,35.84,-109.41,cleaning
-0.351,0.06,1.322,57.68,35.84,-109.41,cleaning
-0.351,0.06,1.322,69.405,-26.687,-157.027,cleaning
-0.378,0.089,1.139,69.405,-26.687,-157.027,cleaning
-0.358,-0.073,0.946,69.405,-26.687,-157.027,cleaning
-0.358,-0.073,0.946,61.32,-104.107,-201.985,cleaning
-0.328,-0.07,0.846,61.32,-104.107,-201.985,cleaning
-0.328,-0.07,0.846,41.492,-121.187,-228.917,cleaning
-0.377,0.162,0.934,41.492,-121.187,-228.917,cleaning
-0.377,0.162,0.934,23.975,-91.122,-229.792,cleaning
-0.488,0.472,1.135,23.975,-91.122,-229.792,cleaning
-0.488,0.472,1.135,21.175,-55.212,-219.817,cleaning
-0.68,0.711,1.184,21.175,-55.212,-219.817,cleaning
-0.68,0.711,1.184,37.852,-10.797,-202.405,cleaning
-0.751,0.937,0.93,37.852,-10.797,-202.405,cleaning
-0.751,0.937,0.93,64.382,49.63,-176.172,cleaning
-0.731,1.125,0.556,64.382,49.63,-176.172,cleaning
-0.731,1.125,0.556,81.427,58.537,-154.367,cleaning
-0.643,1.129,0.208,81.427,58.537,-154.367,cleaning
-0.643,1.129,0.208,77.945,9.52,-141.697,cleaning
-0.507,0.956,-0.064,77.945,9.52,-141.697,cleaning
-0.386,0.928,-0.187,59.36,-19.705,-126.017,cleaning
-0.317,1.095,-0.058,59.36,-19.705,-126.017,cleaning
-0.317,1.095,-0.058,37.572,-1.61,-92.172,cleaning
-0.209,1.317,0.042,37.572,-1.61,-92.172,cleaning
-0.209,1.317,0.042,21.28,33.162,-42.805,cleaning
-0.054,1.552,0.15,21.28,33.162,-42.805,cleaning
-0.054,1.552,0.15,7.21,58.8,9.625,cleaning
-0.07,1.772,0.534,7.21,58.8,9.625,cleaning
-0.07,1.772,0.534,-7,-3.482,36.697,cleaning
-0.213,1.419,0.699,-7,-3.482,36.697,cleaning
-0.213,1.419,0.699,-11.9,-79.73,52.85,cleaning
-0.19,1.109,0.665,-11.9,-79.73,52.85,cleaning
-0.19,1.109,0.665,-9.432,-79.502,80.85,cleaning
-0.15,0.952,0.607,-9.432,-79.502,80.85,cleaning
-0.15,0.952,0.607,-15.89,-44.852,114.8,cleaning
-0.15,0.818,0.567,-15.89,-44.852,114.8,cleaning
-0.15,0.818,0.567,-33.372,4.112,151.9,cleaning
-0.152,0.794,0.572,-33.372,4.112,151.9,cleaning
-0.217,0.788,0.64,-33.372,4.112,151.9,cleaning
-0.217,0.788,0.64,-59.272,32.515,184.94,cleaning
-0.287,0.768,0.696,-59.272,32.515,184.94,cleaning
-0.287,0.768,0.696,-88.585,33.285,208.407,cleaning
-0.348,0.771,0.768,-88.585,33.285,208.407,cleaning
-0.348,0.771,0.768,-116.48,24.097,227.185,cleaning
-0.436,0.757,0.883,-116.48,24.097,227.185,cleaning
-0.436,0.757,0.883,-136.622,9.992,242.077,cleaning
-0.551,0.728,1.015,-136.622,9.992,242.077,cleaning
-0.551,0.728,1.015,-146.475,-14.822,248.622,cleaning
-0.702,0.603,1.202,-146.475,-14.822,248.622,cleaning
-0.702,0.603,1.202,-142.73,-64.102,242.217,cleaning
-0.764,0.198,1.319,-142.73,-64.102,242.217,cleaning
-0.764,0.198,1.319,-120.592,-123.655,216.86,cleaning
-0.731,-0.326,1.326,-120.592,-123.655,216.86,cleaning
-0.731,-0.326,1.326,-89.337,-155.767,175.332,cleaning
-0.694,-0.889,1.309,-89.337,-155.767,175.332,cleaning
-0.694,-0.889,1.309,-54.495,-131.705,122.885,cleaning
-0.597,-1.29,1.256,-54.495,-131.705,122.885,cleaning
-0.433,-1.348,1.277,-54.495,-131.705,122.885,cleaning
-0.433,-1.348,1.277,-23.677,-68.617,61.687,cleaning
-0.338,-1.153,1.289,-23.677,-68.617,61.687,cleaning
-0.338,-1.153,1.289,2.1,-2.24,1.26,cleaning
-0.278,-0.755,1.299,2.1,-2.24,1.26,cleaning
-0.278,-0.755,1.299,26.372,58.292,-49.56,cleaning
-0.181,-0.281,1.277,26.372,58.292,-49.56,cleaning
-0.181,-0.281,1.277,50.662,87.832,-86.747,cleaning
-0.135,0.154,1.247,50.662,87.832,-86.747,cleaning
-0.135,0.154,1.247,71.4,59.902,-117.215,cleaning
-0.021,0.325,1.159,71.4,59.902,-117.215,cleaning
-0.021,0.325,1.159,82.495,-22.715,-148.487,cleaning
0.072,0.252,1.068,82.495,-22.715,-148.487,cleaning
0.072,0.252,1.068,90.23,-81.042,-175.192,cleaning
0.166,0.224,0.998,90.23,-81.042,-175.192,cleaning
0.166,0.224,0.998,107.957,-63.49,-189.192,cleaning
0.203,0.323,0.849,107.957,-63.49,-189.192,cleaning
0.203,0.323,0.849,134.487,47.74,-181.02,cleaning
0.217,0.916,0.477,134.487,47.74,-181.02,cleaning
0.21,2.172,-0.048,134.487,47.74,-181.02,cleaning
0.21,2.172,-0.048,147.77,192.167,-130.987,cleaning
0.638,3.199,-0.696,147.77,192.167,-130.987,cleaning
0.638,3.199,-0.696,111.142,201.53,-34.037,cleaning
0.712,2.945,-0.323,111.142,201.53,-34.037,cleaning
0.712,2.945,-0.323,7.822,-24.08,42.35,cleaning
0.194,1.338,0.169,7.822,-24.08,42.35,cleaning
0.194,1.338,0.169,-63.192,-188.107,82.512,cleaning
0.125,0.347,0.198,-63.192,-188.107,82.512,cleaning
0.125,0.347,0.198,-70.962,-52.657,138.862,cleaning
0.202,0.343,0.343,-70.962,-52.657,138.862,cleaning
0.202,0.343,0.343,-74.882,133.035,182.892,cleaning
0.222,0.731,0.622,-74.882,133.035,182.892,cleaning
0.222,0.731,0.622,-90.72,159.74,196.49,cleaning
0.232,0.782,0.742,-90.72,159.74,196.49,cleaning
0.232,0.782,0.742,-107.152,120.452,202.51,cleaning
0.194,0.712,0.906,-107.152,120.452,202.51,cleaning
0.194,0.712,0.906,-114.52,78.662,206.815,cleaning
0.19,0.567,1.05,-114.52,78.662,206.815,cleaning
0.251,0.324,1.094,-114.52,78.662,206.815,cleaning
0.251,0.324,1.094,-112.717,38.955,205.082,cleaning
0.288,0.169,1.161,-112.717,38.955,205.082,cleaning
0.288,0.169,1.161,-104.475,19.267,196.385,cleaning
0.282,0.171,1.212,-104.475,19.267,196.385,cleaning
0.282,0.171,1.212,-92.592,5.267,182.945,cleaning
0.216,0.147,1.216,-92.592,5.267,182.945,cleaning
0.216,0.147,1.216,-82.565,-19.197,165.97,cleaning
0.047,-0.025,1.192,-82.565,-19.197,165.97,cleaning
0.047,-0.025,1.192,-74.445,-56.227,135.152,cleaning
-0.093,-0.34,1.208,-74.445,-56.227,135.152,cleaning
-0.093,-0.34,1.208,-61.285,-93.047,79.327,cleaning
-0.284,-0.546,1.188,-61.285,-93.047,79.327,cleaning
-0.284,-0.546,1.188,-37.117,-95.252,8.855,cleaning
-0.48,-0.448,1.227,-37.117,-95.252,8.855,cleaning
-0.48,-0.448,1.227,-6.562,-55.37,-50.085,cleaning
-0.705,-0.079,1.37,-6.562,-55.37,-50.085,cleaning
-0.901,0.274,1.306,23.905,-34.282,-92.557,cleaning
-1.007,0.584,1.111,23.905,-34.282,-92.557,cleaning
-1.007,0.584,1.111,44.397,-35.927,-117.425,cleaning
-1.016,0.96,0.971,44.397,-35.927,-117.425,cleaning
-1.016,0.96,0.971,52.71,-32.602,-108.325,cleaning
-0.869,1.122,0.756,52.71,-32.602,-108.325,cleaning
-0.869,1.122,0.756,46.83,-33.617,-75.197,cleaning
-0.682,1.089,0.583,46.83,-33.617,-75.197,cleaning
-0.682,1.089,0.583,29.19,-31.482,-33.617,cleaning
-0.513,0.996,0.506,29.19,-31.482,-33.617,cleaning
-0.513,0.996,0.506,11.497,-6.335,3.99,cleaning
-0.342,0.889,0.5,11.497,-6.335,3.99,cleaning
-0.342,0.889,0.5,-1.96,37.747,30.747,cleaning
-0.169,0.849,0.558,-1.96,37.747,30.747,cleaning
-0.169,0.849,0.558,-9.87,86.572,48.842,cleaning
0.087,0.84,0.53,-9.87,86.572,48.842,cleaning
0.087,0.84,0.53,-18.795,119.472,58.397,cleaning
0.401,0.833,0.467,-18.795,119.472,58.397,cleaning
0.639,0.844,0.436,-34.825,131.302,63.84,cleaning
0.764,0.779,0.488,-34.825,131.302,63.84,cleaning
0.764,0.779,0.488,-55.195,123.725,69.965,cleaning
0.808,0.669,0.547,-55.195,123.725,69.965,cleaning
0.808,0.669,0.547,-73.167,115.377,80.15,cleaning
0.818,0.568,0.61,-73.167,115.377,80.15,cleaning
0.818,0.568,0.61,-90.037,93.677,89.075,cleaning
0.74,0.386,0.737,-90.037,93.677,89.075,cleaning
0.74,0.386,0.737,-103.477,51.187,91.892,cleaning
0.581,0.117,0.779,-103.477,51.187,91.892,cleaning
0.581,0.117,0.779,-109.777,-0.14,81.917,cleaning
0.358,-0.164,0.945,-109.777,-0.14,81.917,cleaning
0.358,-0.164,0.945,-101.85,-37.957,55.877,cleaning
0.101,-0.293,1.26,-101.85,-37.957,55.877,cleaning
0.101,-0.293,1.26,-70.437,-53.795,17.36,cleaning
-0.082,-0.253,1.487,-70.437,-53.795,17.36,cleaning
-0.082,-0.253,1.487,-20.3,-37.187,-22.75,cleaning
-0.223,-0.061,1.496,-20.3,-37.187,-22.75,cleaning
-0.453,0.275,1.451,-20.3,-37.187,-22.75,cleaning
-0.453,0.275,1.451,29.767,-11.305,-62.335,cleaning
-0.78,0.529,1.387,29.767,-11.305,-62.335,cleaning
-0.78,0.529,1.387,71.68,-19.11,-100.205,cleaning
-1.067,0.651,1.165,71.68,-19.11,-100.205,cleaning
-1.067,0.651,1.165,104.37,-44.712,-130.602,cleaning
-1.23,0.696,0.861,104.37,-44.712,-130.602,cleaning
-1.23,0.696,0.861,120.417,-52.237,-145.547,cleaning
-1.231,0.742,0.555,120.417,-52.237,-145.547,cleaning
-1.231,0.742,0.555,116.847,-29.085,-141.365,cleaning
-1.116,0.94,0.396,116.847,-29.085,-141.365,cleaning
-1.116,0.94,0.396,100.537,16.222,-119.14,cleaning
-0.915,1.247,0.385,100.537,16.222,-119.14,cleaning
-0.915,1.247,0.385,81.672,57.96,-87.937,cleaning
-0.731,1.432,0.47,81.672,57.96,-87.937,cleaning
-0.731,1.432,0.47,68.915,61.722,-64.155,cleaning
-0.393,1.484,0.383,68.915,61.722,-64.155,cleaning
-0.393,1.484,0.383,59.307,38.815,-54.827,cleaning
0.048,1.301,0.274,59.307,38.815,-54.827,cleaning
0.559,1.092,0.195,59.307,38.815,-54.827,cleaning
0.559,1.092,0.195,44.817,13.387,-55.755,cleaning
1.043,0.947,0.219,44.817,13.387,-55.755,cleaning
1.043,0.947,0.219,25.357,7.367,-56,cleaning
1.3,0.823,0.382,25.357,7.367,-56,cleaning
1.3,0.823,0.382,14.385,34.895,-39.007,cleaning
1.4,0.742,0.486,14.385,34.895,-39.007,cleaning
1.4,0.742,0.486,13.212,62.772,-0.175,cleaning
1.378,0.591,0.524,13.212,62.772,-0.175,cleaning
1.378,0.591,0.524,8.137,65.082,43.382,cleaning
1.229,0.467,0.528,8.137,65.082,43.382,cleaning
1.229,0.467,0.528,-6.79,50.732,79.047,cleaning
1.031,0.411,0.466,-6.79,50.732,79.047,cleaning
1.031,0.411,0.466,-31.447,38.22,106.505,cleaning
0.807,0.416,0.557,-31.447,38.22,106.505,cleaning
0.807,0.416,0.557,-62.335,9.065,118.02,cleaning
0.498,0.421,0.86,-62.335,9.065,118.02,cleaning
0.498,0.421,0.86,-84.087,-44.17,106.925,cleaning
0.142,0.334,1.219,-84.087,-44.17,106.925,cleaning
-0.264,0.249,1.549,-84.087,-44.17,106.925,cleaning
-0.264,0.249,1.549,-82.425,-87.85,73.762,cleaning
-0.627,0.167,1.775,-82.425,-87.85,73.762,cleaning
-0.627,0.167,1.775,-52.22,-107.625,25.742,cleaning
-0.841,0.064,1.748,-52.22,-107.625,25.742,cleaning
-0.841,0.064,1.748,-2.31,-100.572,-23.502,cleaning
-0.907,0.025,1.537,-2.31,-100.572,-23.502,cleaning
-0.907,0.025,1.537,46.27,-81.655,-70.052,cleaning
-0.932,0.037,1.231,46.27,-81.655,-70.052,cleaning
-0.932,0.037,1.231,79.572,-67.725,-112.14,cleaning
-0.891,0.122,0.97,79.572,-67.725,-112.14,cleaning
-0.891,0.122,0.97,94.605,-60.427,-145.425,cleaning
-0.834,0.287,0.76,94.605,-60.427,-145.425,cleaning
-0.834,0.287,0.76,95.445,-54.267,-169.592,cleaning
-0.771,0.595,0.755,95.445,-54.267,-169.592,cleaning
-0.771,0.595,0.755,91.175,-58.835,-181.16,cleaning
-0.728,0.848,0.779,91.175,-58.835,-181.16,cleaning
-0.649,1.094,0.761,87.692,-56.787,-178.675,cleaning
-0.527,1.199,0.636,87.692,-56.787,-178.675,cleaning
-0.527,1.199,0.636,83.265,-54.495,-164.22,cleaning
-0.361,1.183,0.454,83.265,-54.495,-164.22,cleaning
-0.361,1.183,0.454,73.517,-49.7,-145.547,cleaning
-0.154,1.167,0.313,73.517,-49.7,-145.547,cleaning
-0.154,1.167,0.313,57.4,-35.927,-124.617,cleaning
0.038,1.234,0.292,57.4,-35.927,-124.617,cleaning
0.038,1.234,0.292,39.095,-21.192,-104.3,cleaning
0.231,1.297,0.291,39.095,-21.192,-104.3,cleaning
0.231,1.297,0.291,24.902,-4.095,-78.977,cleaning
0.411,1.36,0.284,24.902,-4.095,-78.977,cleaning
0.411,1.36,0.284,16.485,16.152,-46.602,cleaning
0.62,1.322,0.298,16.485,16.152,-46.602,cleaning
0.62,1.322,0.298,9.572,22.715,-14.857,cleaning
0.775,1.159,0.317,9.572,22.715,-14.857,cleaning
0.775,1.159,0.317,2.187,26.74,15.662,cleaning
0.869,0.951,0.371,2.187,26.74,15.662,cleaning
0.91,0.734,0.475,-6.982,31.64,44.135,cleaning
0.908,0.588,0.569,-6.982,31.64,44.135,cleaning
0.908,0.588,0.569,-20.282,42.42,73.885,cleaning
0.855,0.543,0.683,-20.282,42.42,73.885,cleaning
0.855,0.543,0.683,-39.375,55.282,105.087,cleaning
0.721,0.545,0.84,-39.375,55.282,105.087,cleaning
0.721,0.545,0.84,-62.982,50.242,129.29,cleaning
0.552,0.609,1.026,-62.982,50.242,129.29,cleaning
0.552,0.609,1.026,-82.775,28.822,144.655,cleaning
0.395,0.757,1.225,-82.775,28.822,144.655,cleaning
0.395,0.757,1.225,-92.522,-12.267,154.56,cleaning
0.278,0.826,1.341,-92.522,-12.267,154.56,cleaning
0.278,0.826,1.341,-94.605,-86.345,159.39,cleaning
0.168,0.555,1.294,-94.605,-86.345,159.39,cleaning
0.168,0.555,1.294,-93.187,-173.005,150.377,cleaning
0.094,-0.1,1.222,-93.187,-173.005,150.377,cleaning
0.094,-0.1,1.222,-84.192,-215.162,126.56,cleaning
0.194,-0.635,1.009,-84.192,-215.162,126.56,cleaning
0.16,-0.746,0.94,-74.917,-155.627,103.792,cleaning
0.14,-0.462,1.027,-74.917,-155.627,103.792,cleaning
0.14,-0.462,1.027,-71.802,-85.277,73.78,cleaning
-0.033,-0.177,1.185,-71.802,-85.277,73.78,cleaning
-0.033,-0.177,1.185,-65.992,-51.012,44.415,cleaning
-0.135,0.019,1.168,-65.992,-51.012,44.415,cleaning
-0.135,0.019,1.168,-52.43,-40.845,13.772,cleaning
-0.13,0.113,0.989,-52.43,-40.845,13.772,cleaning
-0.13,0.113,0.989,-40.582,-46.847,-20.685,cleaning
-0.141,0.173,0.833,-40.582,-46.847,-20.685,cleaning
-0.141,0.173,0.833,-37.117,-72.817,-54.687,cleaning
-0.213,0.164,0.83,-37.117,-72.817,-54.687,cleaning
-0.213,0.164,0.83,-40.827,-123.882,-85.732,cleaning
-0.328,0.054,0.864,-40.827,-123.882,-85.732,cleaning
-0.328,0.054,0.864,-45.43,-167.93,-113.75,cleaning
-0.473,-0.177,0.87,-45.43,-167.93,-113.75,cleaning
-0.473,-0.177,0.87,-42.857,-148.802,-133.56,cleaning
-0.58,-0.357,0.852,-42.857,-148.802,-133.56,cleaning
-0.599,-0.424,0.777,-42.857,-148.802,-133.56,cleaning
-0.599,-0.424,0.777,-34.335,-83.685,-148.68,cleaning
-0.599,-0.37,0.686,-34.335,-83.685,-148.68,cleaning
-0.599,-0.37,0.686,-28.752,-19.547,-162.19,cleaning
-0.71,-0.158,0.81,-28.752,-19.547,-162.19,cleaning
-0.71,-0.158,0.81,-26.67,11.76,-180.285,cleaning
-0.852,0.105,1.002,-26.67,11.76,-180.285,cleaning
-0.852,0.105,1.002,-14.735,11.375,-193.672,cleaning
-0.943,0.165,1.087,-14.735,11.375,-193.672,cleaning
-0.943,0.165,1.087,0,-29.015,-210.647,cleaning
-1.052,0.035,1.106,0,-29.015,-210.647,cleaning
-1.052,0.035,1.106,17.78,-33.04,-214.83,cleaning
-1.139,0.028,1.046,17.78,-33.04,-214.83,cleaning
-1.139,0.028,1.046,46.427,40.617,-193.69,cleaning
-1.209,0.235,0.955,46.427,40.617,-193.69,cleaning
-1.209,0.235,0.955,80.237,130.585,-150.535,cleaning
-1.092,0.523,0.767,80.237,130.585,-150.535,cleaning
-1.092,0.523,0.767,99.82,182.315,-96.477,cleaning
-0.886,0.843,0.557,99.82,182.315,-96.477,cleaning
-0.627,1.048,0.401,99.82,182.315,-96.477,cleaning
-0.627,1.048,0.401,95.06,182.437,-39.97,cleaning
-0.514,1.177,0.43,95.06,182.437,-39.97,cleaning
-0.514,1.177,0.43,71.522,147.122,8.96,cleaning
-0.461,1.35,0.494,71.522,147.122,8.96,cleaning
-0.461,1.35,0.494,46.375,85.89,46.847,cleaning
-0.404,1.335,0.601,46.375,85.89,46.847,cleaning
-0.404,1.335,0.601,23.432,4.935,72.887,cleaning
-0.345,1.135,0.668,23.432,4.935,72.887,cleaning
-0.345,1.135,0.668,10.01,-38.027,94.57,cleaning
-0.199,0.905,0.672,10.01,-38.027,94.57,cleaning
-0.199,0.905,0.672,2.747,-25.917,115.185,cleaning
-0.02,0.815,0.701,2.747,-25.917,115.185,cleaning
-0.02,0.815,0.701,-7.245,4.165,134.102,cleaning
0.127,0.799,0.816,-7.245,4.165,134.102,cleaning
0.127,0.799,0.816,-16.572,28.21,153.545,cleaning
0.256,0.769,0.848,-16.572,28.21,153.545,cleaning
0.256,0.769,0.848,-26.547,44.695,170.38,cleaning
0.424,0.633,0.82,-26.547,44.695,170.38,cleaning
0.51,0.568,0.836,-26.547,44.695,170.38,cleaning
0.51,0.568,0.836,-40.32,55.125,183.715,cleaning
0.579,0.414,0.823,-40.32,55.125,183.715,cleaning
0.579,0.414,0.823,-54.897,56.245,192.832,cleaning
0.576,0.318,0.879,-54.897,56.245,192.832,cleaning
0.576,0.318,0.879,-68.232,59.815,200.165,cleaning
0.527,0.245,0.964,-68.232,59.815,200.165,cleaning
0.527,0.245,0.964,-78.907,36.592,200.672,cleaning
0.407,0.074,1.085,-78.907,36.592,200.672,cleaning
0.407,0.074,1.085,-84.437,-16.292,190.977,cleaning
0.291,-0.34,1.156,-84.437,-16.292,190.977,cleaning
0.291,-0.34,1.156,-79.835,-51.607,171.517,cleaning
0.221,-0.732,1.172,-79.835,-51.607,171.517,cleaning
0.221,-0.732,1.172,-68.792,-39.602,142.432,cleaning
0.141,-0.906,1.268,-68.792,-39.602,142.432,cleaning
0.141,-0.906,1.268,-54.6,-15.172,99.855,cleaning
0.031,-0.924,1.405,-54.6,-15.172,99.855,cleaning
-0.058,-0.856,1.508,-35.945,-5.075,47.407,cleaning
-0.051,-0.76,1.472,-35.945,-5.075,47.407,cleaning
-0.051,-0.76,1.472,-13.562,-1.435,-4.672,cleaning
0.042,-0.586,1.319,-13.562,-1.435,-4.672,cleaning
0.042,-0.586,1.319,3.272,13.702,-49.542,cleaning
0.094,-0.439,1.194,3.272,13.702,-49.542,cleaning
0.094,-0.439,1.194,6.825,11.252,-89.635,cleaning
-0.013,-0.566,1.032,6.825,11.252,-89.635,cleaning
-0.013,-0.566,1.032,3.675,-26.932,-147.787,cleaning
-0.131,-0.64,0.852,3.675,-26.932,-147.787,cleaning
-0.131,-0.64,0.852,-1.942,-45.027,-217.647,cleaning
-0.315,-0.498,0.931,-1.942,-45.027,-217.647,cleaning
-0.315,-0.498,0.931,-2.87,-27.562,-274.225,cleaning
-0.608,-0.108,1.303,-2.87,-27.562,-274.225,cleaning
-0.608,-0.108,1.303,8.137,-41.317,-307.632,cleaning
-0.929,0.18,1.523,8.137,-41.317,-307.632,cleaning
-0.929,0.18,1.523,22.137,-93.327,-325.062,cleaning
-1.11,0.081,1.356,22.137,-93.327,-325.062,cleaning
-1.265,0.071,1.08,32.235,-52.797,-319.952,cleaning
-1.309,0.404,0.872,32.235,-52.797,-319.952,cleaning
-1.309,0.404,0.872,50.382,81.252,-279.65,cleaning
-1.036,0.787,0.561,50.382,81.252,-279.65,cleaning
-1.036,0.787,0.561,64.732,168.56,-216.982,cleaning
-0.709,1.127,0.363,64.732,168.56,-216.982,cleaning
-0.709,1.127,0.363,55.737,177.765,-154.245,cleaning
-0.528,1.327,0.307,55.737,177.765,-154.245,cleaning
-0.528,1.327,0.307,34.72,113.487,-110.32,cleaning
-0.414,1.304,0.255,34.72,113.487,-110.32,cleaning
-0.414,1.304,0.255,15.75,20.002,-84.157,cleaning
-0.328,1.115,0.234,15.75,20.002,-84.157,cleaning
-0.328,1.115,0.234,5.285,-32.742,-60.27,cleaning
-0.244,1.02,0.255,5.285,-32.742,-60.27,cleaning
-0.244,1.02,0.255,4.322,-18.322,-24.482,cleaning
-0.171,1.152,0.3,4.322,-18.322,-24.482,cleaning
-0.171,1.152,0.3,2.257,12.512,15.085,cleaning
-0.098,1.312,0.376,2.257,12.512,15.085,cleaning
-0.129,1.134,0.603,2.257,12.512,15.085,cleaning
-0.129,1.134,0.603,-13.79,-53.882,26.162,cleaning
-0.324,0.792,0.632,-13.79,-53.882,26.162,cleaning
-0.324,0.792,0.632,-24.622,-108.447,43.102,cleaning
-0.547,0.706,0.678,-24.622,-108.447,43.102,cleaning
-0.547,0.706,0.678,-22.435,-50.172,80.255,cleaning
-0.744,0.905,0.664,-22.435,-50.172,80.255,cleaning
-0.744,0.905,0.664,-25.095,28.035,124.915,cleaning
-0.894,1.099,0.679,-25.095,28.035,124.915,cleaning
-0.894,1.099,0.679,-45.395,38.867,170.677,cleaning
-0.948,1.03,0.612,-45.395,38.867,170.677,cleaning
-0.948,1.03,0.612,-73.937,-7.507,209.317,cleaning
-0.996,0.741,0.588,-73.937,-7.507,209.317,cleaning
-0.996,0.741,0.588,-94.482,-51.135,230.965,cleaning
-1.121,0.443,0.631,-94.482,-51.135,230.965,cleaning
-1.121,0.443,0.631,-97.212,-51.362,237.422,cleaning
-1.204,0.284,0.764,-97.212,-51.362,237.422,cleaning
-1.204,0.284,0.764,-83.772,-29.872,229.687,cleaning
-1.116,0.103,0.844,-83.772,-29.872,229.687,cleaning
-0.854,-0.174,0.842,-83.772,-29.872,229.687,cleaning
-0.854,-0.174,0.842,-68.617,-13.107,205.222,cleaning
-0.639,-0.578,0.941,-68.617,-13.107,205.222,cleaning
-0.639,-0.578,0.941,-59.937,-20.842,158.777,cleaning
-0.5,-0.912,1.186,-59.937,-20.842,158.777,cleaning
-0.5,-0.912,1.186,-45.465,-12.775,98.997,cleaning
-0.406,-0.936,1.485,-45.465,-12.775,98.997,cleaning
-0.406,-0.936,1.485,-15.627,38.377,40.6,cleaning
-0.227,-0.84,1.677,-15.627,38.377,40.6,cleaning
-0.227,-0.84,1.677,23.677,89.95,-15.575,cleaning
0.013,-0.719,1.623,23.677,89.95,-15.575,cleaning
0.013,-0.719,1.623,54.11,108.115,-67.987,cleaning
0.246,-0.575,1.548,54.11,108.115,-67.987,cleaning
0.246,-0.575,1.548,70.857,88.322,-111.772,cleaning
0.414,-0.44,1.545,70.857,88.322,-111.772,cleaning
0.414,-0.44,1.545,80.832,44.677,-147.105,cleaning
0.417,-0.317,1.626,80.832,44.677,-147.105,cleaning
0.417,-0.317,1.626,87.482,-32.095,-188.212,cleaning
0.36,-0.442,1.598,87.482,-32.095,-188.212,cleaning
0.272,-0.432,1.414,87.482,-32.095,-188.212,cleaning
0.272,-0.432,1.414,96.932,-68.232,-224.7,cleaning
0.226,-0.157,1.211,96.932,-68.232,-224.7,cleaning
0.226,-0.157,1.211,106.242,-40.407,-241.115,cleaning
0.191,0.177,1.029,106.242,-40.407,-241.115,cleaning
0.191,0.177,1.029,108.185,-10.272,-240.1,cleaning
0.197,0.483,0.808,108.185,-10.272,-240.1,cleaning
0.197,0.483,0.808,105.087,9.065,-231.192,cleaning
0.192,0.928,0.498,105.087,9.065,-231.192,cleaning
0.192,0.928,0.498,102.76,46.532,-209.195,cleaning
0.189,1.515,0.329,102.76,46.532,-209.195,cleaning
0.189,1.515,0.329,89.04,57.277,-173.022,cleaning
0.095,1.886,0.413,89.04,57.277,-173.022,cleaning
0.095,1.886,0.413,61.897,-22.767,-142.047,cleaning
-0.117,1.904,0.652,61.897,-22.767,-142.047,cleaning
-0.117,1.904,0.652,47.967,-95.06,-108.447,cleaning
-0.377,1.725,0.748,47.967,-95.06,-108.447,cleaning
-0.377,1.725,0.748,53.62,-76.002,-59.482,cleaning
-0.431,1.447,0.601,53.62,-76.002,-59.482,cleaning
-0.359,1.145,0.354,53.62,-76.002,-59.482,cleaning
-0.359,1.145,0.354,48.247,-54.932,-20.912,cleaning
-0.378,0.843,0.21,48.247,-54.932,-20.912,cleaning
-0.378,0.843,0.21,20.195,-70.402,0,cleaning
-0.481,0.637,0.297,20.195,-70.402,0,cleaning
-0.481,0.637,0.297,-9.45,-47.04,31.097,cleaning
-0.625,0.723,0.52,-9.45,-47.04,31.097,cleaning
-0.625,0.723,0.52,-22.96,33.355,82.162,cleaning
-0.747,0.979,0.656,-22.96,33.355,82.162,cleaning
-0.747,0.979,0.656,-30.485,96.67,136.972,cleaning
-0.847,1.247,0.567,-30.485,96.67,136.972,cleaning
-0.847,1.247,0.567,-50.54,105.28,189.7,cleaning
-0.966,1.341,0.536,-50.54,105.28,189.7,cleaning
-0.966,1.341,0.536,-83.702,35.28,228.725,cleaning
-1.098,1.131,0.535,-83.702,35.28,228.725,cleaning
-1.098,1.131,0.535,-107.485,-42.437,256.375,cleaning
-1.285,0.828,0.635,-107.485,-42.437,256.375,cleaning
-1.381,0.358,0.774,-107.765,-90.58,266.455,cleaning
-1.28,-0.029,0.76,-107.765,-90.58,266.455,cleaning
-1.28,-0.029,0.76,-91.192,-93.415,258.16,cleaning
-1.253,-0.391,1.035,-91.192,-93.415,258.16,cleaning
-1.253,-0.391,1.035,-71.505,-87.15,230.44,cleaning
-1.193,-0.863,1.192,-71.505,-87.15,230.44,cleaning
-1.193,-0.863,1.192,-36.802,-83.457,177.275,cleaning
-1.006,-1.148,1.21,-36.802,-83.457,177.275,cleaning
-1.006,-1.148,1.21,11.497,1.102,119.507,cleaning
-0.757,-1.086,1.195,11.497,1.102,119.507,cleaning
-0.757,-1.086,1.195,56.717,113.557,57.75,cleaning
-0.537,-0.761,1.194,56.717,113.557,57.75,cleaning
-0.537,-0.761,1.194,91.052,166.127,-5.022,cleaning
-0.264,-0.47,1.127,91.052,166.127,-5.022,cleaning
-0.264,-0.47,1.127,107.205,149.695,-64.855,cleaning
0.058,-0.344,1.114,107.205,149.695,-64.855,cleaning
0.058,-0.344,1.114,106.26,101.272,-113.347,cleaning
0.292,-0.28,1.27,106.26,101.272,-113.347,cleaning
0.439,-0.108,1.565,104.93,57.627,-145.582,cleaning
0.583,-0.037,1.78,104.93,57.627,-145.582,cleaning
0.583,-0.037,1.78,113.645,10.01,-165.322,cleaning
0.745,-0.193,1.712,113.645,10.01,-165.322,cleaning
0.745,-0.193,1.712,124.687,-42.962,-181.16,cleaning
0.835,-0.236,1.451,124.687,-42.962,-181.16,cleaning
0.835,-0.236,1.451,129.727,-64.032,-190.732,cleaning
0.803,-0.123,1.242,129.727,-64.032,-190.732,cleaning
0.803,-0.123,1.242,127.89,-64.68,-197.102,cleaning
0.718,0.066,1.048,127.89,-64.68,-197.102,cleaning
0.718,0.066,1.048,122.465,-77.612,-205.625,cleaning
0.639,0.164,0.844,122.465,-77.612,-205.625,cleaning
0.639,0.164,0.844,116.375,-70.822,-208.565,cleaning
0.583,0.299,0.6,116.375,-70.822,-208.565,cleaning
0.583,0.299,0.6,108.815,-37.695,-205.31,cleaning
0.501,0.495,0.389,108.815,-37.695,-205.31,cleaning
0.501,0.495,0.389,99.085,0.717,-203.175,cleaning
0.292,0.696,0.396,99.085,0.717,-203.175,cleaning
0.114,1.143,0.353,99.085,0.717,-203.175,cleaning
0.114,1.143,0.353,99.96,67.287,-189.262,cleaning
-0.005,1.626,0.424,99.96,67.287,-189.262,cleaning
-0.005,1.626,0.424,106.907,140.21,-149.835,cleaning
-0.146,1.957,0.366,106.907,140.21,-149.835,cleaning
-0.146,1.957,0.366,102.847,133.35,-113.155,cleaning
-0.282,2.062,0.107,102.847,133.35,-113.155,cleaning
-0.282,2.062,0.107,66.377,64.802,-82.985,cleaning
-0.658,2.12,-0.032,66.377,64.802,-82.985,cleaning
-0.658,2.12,-0.032,-3.675,-21.385,-40.512,cleaning
-1.048,2.013,0.127,-3.675,-21.385,-40.512,cleaning
-1.048,2.013,0.127,-71.89,-132.317,21.017,cleaning
-1.129,1.372,0.254,-71.89,-132.317,21.017,cleaning
-1.129,1.372,0.254,-106.592,-169.89,105.857,cleaning
-1.173,0.712,0.268,-106.592,-169.89,105.857,cleaning
-1.173,0.712,0.268,-111.492,-57.697,197.627,cleaning
-1.139,0.552,0.368,-111.492,-57.697,197.627,cleaning
-1.139,0.552,0.368,-113.435,51.415,256.182,cleaning
-1.15,0.775,0.59,-113.435,51.415,256.182,cleaning
-1.136,0.926,0.754,-113.435,51.415,256.182,cleaning
-1.136,0.926,0.754,-122.552,65.31,278.25,cleaning
-1.203,0.89,0.937,-122.552,65.31,278.25,cleaning
-1.203,0.89,0.937,-130.41,17.062,282.065,cleaning
-1.272,0.451,1.085,-130.41,17.062,282.065,cleaning
-1.272,0.451,1.085,-126.035,-51.292,269.167,cleaning
-1.24,-0.163,1.166,-126.035,-51.292,269.167,cleaning
-1.24,-0.163,1.166,-97.632,-44.292,246.82,cleaning
-1.047,-0.486,1.214,-97.632,-44.292,246.82,cleaning
-1.047,-0.486,1.214,-57.155,53.882,215.495,cleaning
-0.713,-0.543,1.359,-57.155,53.882,215.495,cleaning
-0.713,-0.543,1.359,-23.537,97.895,156.94,cleaning
-0.429,-0.763,1.538,-23.537,97.895,156.94,cleaning
-0.429,-0.763,1.538,6.125,80.395,81.445,cleaning
-0.2,-0.959,1.654,6.125,80.395,81.445,cleaning
-0.2,-0.959,1.654,36.82,84.77,15.12,cleaning
-0.012,-0.868,1.815,36.82,84.77,15.12,cleaning
-0.012,-0.868,1.815,64.242,108.045,-31.605,cleaning
0.145,-0.561,1.901,64.242,108.045,-31.605,cleaning
0.361,-0.299,1.935,64.242,108.045,-31.605,cleaning
0.361,-0.299,1.935,83.405,102.077,-62.125,cleaning
0.373,-0.033,1.772,83.405,102.077,-62.125,cleaning
0.373,-0.033,1.772,97.527,51.397,-93.992,cleaning
0.366,0.131,1.313,97.527,51.397,-93.992,cleaning
0.366,0.131,1.313,107.765,-19.46,-129.465,cleaning
0.367,0.163,0.899,107.765,-19.46,-129.465,cleaning
0.367,0.163,0.899,105.122,-98.087,-167.86,cleaning
0.394,0.12,0.637,105.122,-98.087,-167.86,cleaning
0.394,0.12,0.637,91.612,-177.03,-205.485,cleaning
0.415,0.117,0.555,91.612,-177.03,-205.485,cleaning
0.415,0.117,0.555,81.917,-196.367,-224.717,cleaning
0.464,0.386,0.492,81.917,-196.367,-224.717,cleaning
0.464,0.386,0.492,82.652,-148.26,-216.562,cleaning
0.437,0.908,0.513,82.652,-148.26,-216.562,cleaning
0.437,0.908,0.513,89.495,-99.995,-186.06,cleaning
0.332,1.438,0.305,89.495,-99.995,-186.06,cleaning
0.248,1.88,0.05,83.737,-59.832,-142.695,cleaning
0.161,2.386,0.085,83.737,-59.832,-142.695,cleaning
0.161,2.386,0.085,48.685,-5.442,-77.997,cleaning
-0.071,2.654,0.209,48.685,-5.442,-77.997,cleaning
-0.071,2.654,0.209,-4.007,22.435,13.195,cleaning
-0.196,2.123,0.456,-4.007,22.435,13.195,cleaning
-0.196,2.123,0.456,-61.757,-59.85,82.355,cleaning
-0.253,0.934,0.409,-61.757,-59.85,82.355,cleaning
-0.253,0.934,0.409,-100.257,-73.85,136.675,cleaning
-0.262,0.654,0.409,-100.257,-73.85,136.675,cleaning
-0.262,0.654,0.409,-122.692,79.66,198.66,cleaning
-0.279,0.849,0.618,-122.692,79.66,198.66,cleaning
-0.279,0.849,0.618,-156.135,125.422,227.605,cleaning
-0.367,0.771,0.875,-156.135,125.422,227.605,cleaning
-0.367,0.771,0.875,-182.14,66.885,224.367,cleaning
-0.546,0.282,1.347,-182.14,66.885,224.367,cleaning
-0.546,0.282,1.347,-171.412,-34.317,188.965,cleaning
-0.589,-0.529,1.564,-171.412,-34.317,188.965,cleaning
-0.544,-1.43,1.592,-131.285,-94.622,124.6,cleaning
-0.387,-1.877,1.596,-131.285,-94.622,124.6,cleaning
-0.387,-1.877,1.596,-79.082,-78.627,38.57,cleaning
-0.228,-1.483,1.589,-79.082,-78.627,38.57,cleaning
-0.228,-1.483,1.589,-22.802,-10.885,-43.505,cleaning
-0.163,-0.606,1.593,-22.802,-10.885,-43.505,cleaning
-0.163,-0.606,1.593,34.335,55.615,-94.622,cleaning
-0.084,-0.072,1.582,34.335,55.615,-94.622,cleaning
-0.084,-0.072,1.582,76.615,-45.692,-157.815,cleaning
0.03,-0.226,1.131,76.615,-45.692,-157.815,cleaning
0.03,-0.226,1.131,97.16,-139.807,-212.327,cleaning
0.067,-0.147,0.707,97.16,-139.807,-212.327,cleaning
0.067,-0.147,0.707,105.98,-99.015,-228.567,cleaning
0.051,0.387,0.572,105.98,-99.015,-228.567,cleaning
0.051,0.387,0.572,110.565,-30.537,-216.142,cleaning
-0.065,1.027,0.563,110.565,-30.537,-216.142,cleaning
-0.065,1.027,0.563,119.822,28.612,-183.75,cleaning
-0.208,1.779,0.548,119.822,28.612,-183.75,cleaning
-0.254,2.63,0.35,119.822,28.612,-183.75,cleaning
-0.254,2.63,0.35,120.19,74.375,-123.34,cleaning
-0.23,3.04,0.066,120.19,74.375,-123.34,cleaning
-0.23,3.04,0.066,86.852,72.047,-29.242,cleaning
-0.265,2.75,0.016,86.852,72.047,-29.242,cleaning
-0.265,2.75,0.016,16.187,-16.537,62.58,cleaning
-0.283,1.625,0.24,16.187,-16.537,62.58,cleaning
-0.283,1.625,0.24,-58.327,-139.755,125.632,cleaning
-0.368,0.862,0.362,-58.327,-139.755,125.632,cleaning
-0.368,0.862,0.362,-89.862,-13.65,217.297,cleaning
-0.272,0.948,0.638,-89.862,-13.65,217.297,cleaning
-0.272,0.948,0.638,-115.22,114.17,287.7,cleaning
-0.363,1.02,0.895,-115.22,114.17,287.7,cleaning
-0.363,1.02,0.895,-143.885,81.497,315.91,cleaning
-0.468,0.614,1.225,-143.885,81.497,315.91,cleaning
-0.468,0.614,1.225,-148.557,-45.675,309.47,cleaning
-0.654,-0.612,1.5,-148.557,-45.675,309.47,cleaning
-0.654,-0.612,1.5,-110.722,-105.035,263.515,cleaning
-0.594,-1.977,1.493,-110.722,-105.035,263.515,cleaning
-0.39,-2.541,1.441,-110.722,-105.035,263.515,cleaning
-0.39,-2.541,1.441,-54.897,-34.72,175.945,cleaning
-0.356,-2.152,1.713,-54.897,-34.72,175.945,cleaning
-0.356,-2.152,1.713,-6.177,21.402,47.95,cleaning
-0.147,-1.486,1.467,-6.177,21.402,47.95,cleaning
-0.147,-1.486,1.467,38.482,29.015,-69.247,cleaning
-0.073,-0.378,1.542,38.482,29.015,-69.247,cleaning
-0.073,-0.378,1.542,71.977,-3.027,-142.817,cleaning
-0.068,-0.094,1.533,71.977,-3.027,-142.817,cleaning
-0.068,-0.094,1.533,82.6,-187.775,-219.327,cleaning
-0.002,-0.5,1.088,82.6,-187.775,-219.327,cleaning
-0.002,-0.5,1.088,83.79,-229.617,-268.502,cleaning
-0.026,-0.241,0.921,83.79,-229.617,-268.502,cleaning
-0.026,-0.241,0.921,89.075,-123.06,-270.987,cleaning
-0.042,0.525,0.932,89.075,-123.06,-270.987,cleaning
-0.042,0.525,0.932,93.992,-28.455,-237.982,cleaning
-0.108,1.273,1.072,93.992,-28.455,-237.982,cleaning
-0.108,1.273,1.072,88.235,4.287,-183.872,cleaning
-0.388,1.958,1.143,88.235,4.287,-183.872,cleaning
-0.45,2.356,0.826,88.235,4.287,-183.872,cleaning
-0.45,2.356,0.826,74.515,-14.035,-111.51,cleaning
-0.351,2.348,0.355,74.515,-14.035,-111.51,cleaning
-0.351,2.348,0.355,40.302,-17.99,-11.112,cleaning
-0.237,2.19,0.019,40.302,-17.99,-11.112,cleaning
-0.237,2.19,0.019,-18.672,-27.247,89.46,cleaning
-0.326,1.426,0.266,-18.672,-27.247,89.46,cleaning
-0.326,1.426,0.266,-81.672,-80.395,160.58,cleaning
-0.445,0.937,0.515,-81.672,-80.395,160.58,cleaning
-0.445,0.937,0.515,-106.627,13.72,238.91,cleaning
-0.465,0.864,0.941,-106.627,13.72,238.91,cleaning
-0.465,0.864,0.941,-117.46,80.955,281.802,cleaning
-0.496,0.667,1.115,-117.46,80.955,281.802,cleaning
-0.496,0.667,1.115,-123.27,61.897,287.647,cleaning
-0.53,0.008,1.279,-123.27,61.897,287.647,cleaning
-0.53,0.008,1.279,-114.1,27.09,269.255,cleaning
-0.442,-0.847,1.444,-114.1,27.09,269.255,cleaning
-0.245,-1.811,1.452,-84.315,-6.177,219.205,cleaning
-0.003,-2.659,1.344,-84.315,-6.177,219.205,cleaning
-0.003,-2.659,1.344,-45.622,-46.515,110.81,cleaning
-0.042,-2.89,1.479,-45.622,-46.515,110.81,cleaning
-0.042,-2.89,1.479,0.42,-63.595,-44.065,cleaning
-0.032,-2.245,1.33,0.42,-63.595,-44.065,cleaning
-0.032,-2.245,1.33,61.197,-1.925,-174.825,cleaning
0.019,-1.08,1.277,61.197,-1.925,-174.825,cleaning
0.019,-1.08,1.277,119.84,64.33,-250.53,cleaning
-0.097,-0.212,1.257,119.84,64.33,-250.53,cleaning
-0.097,-0.212,1.257,163.012,32.357,-296.537,cleaning
-0.069,0.244,0.847,163.012,32.357,-296.537,cleaning
-0.069,0.244,0.847,180.302,46.567,-300.405,cleaning
-0.07,0.793,0.53,180.302,46.567,-300.405,cleaning
-0.07,0.793,0.53,179.095,133.227,-255.552,cleaning
-0.179,1.651,0.264,179.095,133.227,-255.552,cleaning
-0.179,1.651,0.264,152.88,202.72,-175.105,cleaning
-0.202,2.577,0.044,152.88,202.72,-175.105,cleaning
-0.245,3.333,-0.105,82.88,196.087,-65.082,cleaning
-0.239,3.316,-0.148,82.88,196.087,-65.082,cleaning
-0.239,3.316,-0.148,-28.157,70.472,58.275,cleaning
-0.249,2.152,0.011,-28.157,70.472,58.275,cleaning
-0.249,2.152,0.011,-143.447,-118.685,148.102,cleaning
-0.518,1.072,0.348,-143.447,-118.685,148.102,cleaning
-0.518,1.072,0.348,-205.345,-151.077,221.445,cleaning
-0.61,0.347,0.826,-205.345,-151.077,221.445,cleaning
-0.61,0.347,0.826,-215.425,-104.055,257.302,cleaning
-0.494,-0.378,1.197,-215.425,-104.055,257.302,cleaning
-0.494,-0.378,1.197,-197.172,-91.717,239.96,cleaning
-0.323,-1.349,1.626,-197.172,-91.717,239.96,cleaning
-0.323,-1.349,1.626,-142.345,-113.26,163.52,cleaning
-0.078,-2.219,1.867,-142.345,-113.26,163.52,cleaning
-0.078,-2.219,1.867,-46.532,-92.207,39.06,cleaning
-0.05,-2.556,1.975,-46.532,-92.207,39.06,cleaning
-0.05,-2.556,1.975,69.44,-1.54,-97.772,cleaning
-0.058,-2.013,1.404,69.44,-1.54,-97.772,cleaning
0.043,-0.888,0.707,69.44,-1.54,-97.772,cleaning
0.043,-0.888,0.707,167.755,143.132,-184.152,cleaning
-0.131,-0.037,0.222,167.755,143.132,-184.152,cleaning
-0.131,-0.037,0.222,222.022,205.432,-235.532,cleaning
-0.249,0.44,-0.179,222.022,205.432,-235.532,cleaning
-0.249,0.44,-0.179,224.315,168.91,-277.567,cleaning
-0.216,0.83,-0.346,224.315,168.91,-277.567,cleaning
-0.216,0.83,-0.346,180.425,129.902,-295.995,cleaning
-0.22,1.2,-0.188,180.425,129.902,-295.995,cleaning
-0.22,1.2,-0.188,116.095,115.22,-283.202,cleaning
-0.488,1.891,0.495,116.095,115.22,-283.202,cleaning
-0.488,1.891,0.495,63.07,125.09,-229.127,cleaning
-0.627,2.88,0.998,63.07,125.09,-229.127,cleaning
-0.627,2.88,0.998,20.037,128.38,-101.64,cleaning
-0.517,3.352,1.239,20.037,128.38,-101.64,cleaning
-0.517,3.352,1.239,-39.095,2.992,47.827,cleaning
-0.27,2.482,0.968,-39.095,2.992,47.827,cleaning
-0.27,2.482,0.968,-104.772,-183.995,154.735,cleaning
-0.35,1.093,0.098,-104.772,-183.995,154.735,cleaning
-0.369,0.403,-0.198,-104.772,-183.995,154.735,cleaning
-0.369,0.403,-0.198,-153.807,-151.252,244.16,cleaning
-0.387,-0.003,-0.039,-153.807,-151.252,244.16,cleaning
-0.387,-0.003,-0.039,-202.317,-73.167,278.372,cleaning
-0.219,-0.405,0.39,-202.317,-73.167,278.372,cleaning
-0.219,-0.405,0.39,-242.375,-68.792,244.457,cleaning
0.019,-0.756,1.202,-242.375,-68.792,244.457,cleaning
0.019,-0.756,1.202,-237.265,-116.882,152.407,cleaning
-0.003,-0.993,2.186,-237.265,-116.882,152.407,cleaning
-0.003,-0.993,2.186,-147.717,-153.597,32.182,cleaning
-0.228,-1.33,2.547,-147.717,-153.597,32.182,cleaning
-0.228,-1.33,2.547,-10.885,-169.785,-99.802,cleaning
-0.191,-1.515,1.778,-10.885,-169.785,-99.802,cleaning
-0.191,-1.515,1.778,106.802,6.51,-177.467,cleaning
-0.467,-0.904,1.018,106.802,6.51,-177.467,cleaning
-0.467,-0.904,1.018,179.97,236.88,-211.487,cleaning
-0.838,-0.097,0.413,179.97,236.88,-211.487,cleaning
-0.838,-0.097,0.413,210.875,347.13,-220.115,cleaning
-0.927,0.561,-0.15,210.875,347.13,-220.115,cleaning
-0.428,1.417,-0.635,210.875,347.13,-220.115,cleaning
-0.428,1.417,-0.635,191.432,375.095,-191.082,cleaning
0.306,2.482,-0.515,191.432,375.095,-191.082,cleaning
0.306,2.482,-0.515,89.722,281.592,-116.935,cleaning
0.156,2.971,0.394,89.722,281.592,-116.935,cleaning
0.156,2.971,0.394,-65.835,-14.945,-25.655,cleaning
-0.489,2.397,0.985,-65.835,-14.945,-25.655,cleaning
-0.489,2.397,0.985,-165.532,-411.11,42.35,cleaning
-0.638,0.808,0.807,-165.532,-411.11,42.35,cleaning
-0.638,0.808,0.807,-164.972,-566.002,102.567,cleaning
-0.591,-0.243,0.495,-164.972,-566.002,102.567,cleaning
-0.591,-0.243,0.495,-122.062,-459.777,176.767,cleaning
-0.318,-0.799,0.304,-122.062,-459.777,176.767,cleaning
-0.318,-0.799,0.304,-112.787,-272.405,196.595,cleaning
0.138,-1.163,0.326,-112.787,-272.405,196.595,cleaning
0.138,-1.163,0.326,-138.757,-152.145,150.815,cleaning
0.154,-1.39,0.845,-138.757,-152.145,150.815,cleaning
0.154,-1.39,0.845,-138.11,-98.49,57.505,cleaning
-0.229,-1.26,1.714,-138.11,-98.49,57.505,cleaning
-0.448,-0.96,2.067,-138.11,-98.49,57.505,cleaning
-0.448,-0.96,2.067,-73.237,-40.232,-42.385,cleaning
-0.472,-1.011,1.74,-73.237,-40.232,-42.385,cleaning
-0.472,-1.011,1.74,21.245,97.772,-117.862,cleaning
-0.455,-0.712,0.958,21.245,97.772,-117.862,cleaning
-0.455,-0.712,0.958,106.522,320.075,-156.1,cleaning
-0.665,-0.043,0.297,106.522,320.075,-156.1,cleaning
-0.665,-0.043,0.297,161.455,473.41,-168.017,cleaning
-0.805,0.444,-0.241,161.455,473.41,-168.017,cleaning
-0.805,0.444,-0.241,180.775,521.36,-153.335,cleaning
-0.525,0.889,-0.76,180.775,521.36,-153.335,cleaning
-0.525,0.889,-0.76,154.682,508.462,-115.342,cleaning
0.349,1.845,-1.095,154.682,508.462,-115.342,cleaning
0.349,1.845,-1.095,35.122,355.232,-49.647,cleaning
0.365,2.657,-0.087,35.122,355.232,-49.647,cleaning
0.365,2.657,-0.087,-109.76,-78.347,-4.375,cleaning
-0.579,2.919,0.916,-109.76,-78.347,-4.375,cleaning
-0.83,1.856,1.064,-162.732,-509.005,23.835,cleaning
-0.728,0.355,0.519,-162.732,-509.005,23.835,cleaning
-0.728,0.355,0.519,-123.97,-573.37,77.507,cleaning
-0.735,-0.62,0.468,-123.97,-573.37,77.507,cleaning
-0.735,-0.62,0.468,-57.82,-545.002,161.875,cleaning
-0.617,-1.382,0.42,-57.82,-545.002,161.875,cleaning
-0.617,-1.382,0.42,-15.575,-312.97,198.275,cleaning
0.011,-1.914,0.294,-15.575,-312.97,198.275,cleaning
0.011,-1.914,0.294,-29.295,-37.765,162.172,cleaning
0.241,-2.033,0.921,-29.295,-37.765,162.172,cleaning
0.241,-2.033,0.921,-45.797,163.24,60.025,cleaning
-0.084,-0.871,1.461,-45.797,163.24,60.025,cleaning
-0.084,-0.871,1.461,15.767,351.907,-28.14,cleaning
-0.642,0.026,1.544,15.767,351.907,-28.14,cleaning
-0.642,0.026,1.544,122.43,430.447,-98.56,cleaning
-0.627,0.519,0.95,122.43,430.447,-98.56,cleaning
-0.627,0.519,0.95,187.792,338.852,-154.035,cleaning
-0.398,0.634,0.053,187.792,338.852,-154.035,cleaning
-0.23,0.626,-0.72,167.825,228.987,-181.072,cleaning
0.214,1.203,-0.933,167.825,228.987,-181.072,cleaning
0.214,1.203,-0.933,78.837,180.53,-163.8,cleaning
0.059,1.837,0.102,78.837,180.53,-163.8,cleaning
0.059,1.837,0.102,-54.302,43.102,-99.767,cleaning
-0.669,2.09,1.119,-54.302,43.102,-99.767,cleaning
-0.669,2.09,1.119,-142.94,-277.182,-25.567,cleaning
-0.83,1.904,1.552,-142.94,-277.182,-25.567,cleaning
-0.83,1.904,1.552,-139.72,-538.247,50.12,cleaning
-0.91,0.701,1.165,-139.72,-538.247,50.12,cleaning
-0.91,0.701,1.165,-72.887,-570.622,132.807,cleaning
-0.994,-0.314,0.787,-72.887,-570.622,132.807,cleaning
-0.994,-0.314,0.787,3.587,-447.247,223.212,cleaning
-0.957,-1.032,0.465,3.587,-447.247,223.212,cleaning
-0.957,-1.032,0.465,35.14,-197.645,234.15,cleaning
-0.077,-1.891,-0.134,35.14,-197.645,234.15,cleaning
-0.077,-1.891,-0.134,-21.542,-51.642,140.507,cleaning
0.691,-1.772,0.591,-21.542,-51.642,140.507,cleaning
-0.14,-0.773,1.502,-21.542,-51.642,140.507,cleaning
-0.14,-0.773,1.502,-39.69,60.217,3.377,cleaning
-0.567,-0.901,1.435,-39.69,60.217,3.377,cleaning
-0.567,-0.901,1.435,28.07,156.765,-105.77,cleaning
-0.277,-0.374,0.504,28.07,156.765,-105.77,cleaning
-0.277,-0.374,0.504,95.427,310.712,-153.072,cleaning
-0.045,0.816,-0.082,95.427,310.712,-153.072,cleaning
-0.045,0.816,-0.082,86.66,367.692,-134.4,cleaning
-0.191,1.526,0.223,86.66,367.692,-134.4,cleaning
-0.191,1.526,0.223,11.602,209.317,-79.257,cleaning
-0.614,1.855,0.97,11.602,209.317,-79.257,cleaning
-0.614,1.855,0.97,-54.425,-44.852,2.555,cleaning
-0.959,1.784,1.613,-54.425,-44.852,2.555,cleaning
-0.959,1.784,1.613,-47.722,-249.777,105.857,cleaning
-1.092,1.15,1.066,-47.722,-249.777,105.857,cleaning
-1.092,1.15,1.066,-6.982,-227.657,242.357,cleaning
-1.155,0.846,0.561,-6.982,-227.657,242.357,cleaning
-1.155,0.846,0.561,-1.277,-67.025,366.835,cleaning
-1.349,0.779,0.409,-1.277,-67.025,366.835,cleaning
-1.192,0.677,0.209,-1.277,-67.025,366.835,cleaning
-1.192,0.677,0.209,-24.027,25.515,412.107,cleaning
-0.337,-0.034,-0.147,-24.027,25.515,412.107,cleaning
-0.337,-0.034,-0.147,-74.742,-55.037,351.697,cleaning
0.617,-1.187,0.219,-74.742,-55.037,351.697,cleaning
0.617,-1.187,0.219,-141.575,-224.857,214.41,cleaning
0.7,-2.057,1.13,-141.575,-224.857,214.41,cleaning
0.7,-2.057,1.13,-138.582,-263.007,65.747,cleaning
-0.427,-2.451,2.185,-138.582,-263.007,65.747,cleaning
-0.427,-2.451,2.185,-41.492,-137.025,-70.42,cleaning
-0.708,-1.968,2.027,-41.492,-137.025,-70.42,cleaning
-0.708,-1.968,2.027,92.067,118.58,-128.135,cleaning
-0.567,-0.987,1.27,92.067,118.58,-128.135,cleaning
-0.567,-0.987,1.27,179.497,327.862,-140.787,cleaning
-0.555,-0.351,0.468,179.497,327.862,-140.787,cleaning
-0.555,-0.351,0.468,204.47,420.262,-139.265,cleaning
-0.461,0.061,-0.214,204.47,420.262,-139.265,cleaning
-0.461,0.061,-0.214,173.162,449.26,-117.092,cleaning
-0.33,0.898,-0.615,173.162,449.26,-117.092,cleaning
-0.293,1.988,-0.396,173.162,449.26,-117.092,cleaning
-0.293,1.988,-0.396,77.14,322.227,-86.87,cleaning
-0.654,2.671,0.625,77.14,322.227,-86.87,cleaning
-0.654,2.671,0.625,-57.68,11.585,-35.927,cleaning
-0.938,2.103,1.352,-57.68,11.585,-35.927,cleaning
-0.938,2.103,1.352,-140.665,-395.01,10.937,cleaning
-1.022,0.742,1.25,-140.665,-395.01,10.937,cleaning
-1.022,0.742,1.25,-139.422,-566.335,71.522,cleaning
-1.182,-0.274,1.017,-139.422,-566.335,71.522,cleaning
-1.182,-0.274,1.017,-90.755,-443.205,177.607,cleaning
-1.222,-0.691,0.962,-90.755,-443.205,177.607,cleaning
-1.222,-0.691,0.962,-45.657,-145.6,262.885,cleaning
-1.051,-0.44,0.824,-45.657,-145.6,262.885,cleaning
-1.051,-0.44,0.824,-35.245,50.837,294.35,cleaning
-0.852,-0.31,0.626,-35.245,50.837,294.35,cleaning
-0.852,-0.31,0.626,-50.96,76.615,254.852,cleaning
-0.395,-0.673,0.255,-50.96,76.615,254.852,cleaning
0.286,-1.165,0.273,-87.237,36.82,168.787,cleaning
0.714,-0.789,0.601,-87.237,36.82,168.787,cleaning
0.714,-0.789,0.601,-116.41,-39.165,54.897,cleaning
0.21,-1.122,1.426,-116.41,-39.165,54.897,cleaning
0.21,-1.122,1.426,-102.585,-120.995,-54.687,cleaning
-0.421,-1.251,1.691,-102.585,-120.995,-54.687,cleaning
-0.421,-1.251,1.691,-23.485,-86.152,-137.987,cleaning
-0.502,-1.043,1.663,-23.485,-86.152,-137.987,cleaning
-0.502,-1.043,1.663,78.96,44.502,-187.145,cleaning
-0.572,-0.588,1.06,78.96,44.502,-187.145,cleaning
-0.572,-0.588,1.06,161.892,198.59,-202.65,cleaning
-0.624,0.137,0.181,161.892,198.59,-202.65,cleaning
-0.624,0.137,0.181,191.607,356.072,-164.657,cleaning
-0.72,1.499,-0.495,191.607,356.072,-164.657,cleaning
-0.72,1.499,-0.495,130.462,360.115,-78.575,cleaning
-0.724,2.815,-0.468,130.462,360.115,-78.575,cleaning
-0.724,2.815,-0.468,-6.877,134.662,32.83,cleaning
-0.682,2.958,0.466,-6.877,134.662,32.83,cleaning
-1.336,1.858,1.206,-105.367,-204.33,97.615,cleaning
-1.307,0.804,0.983,-105.367,-204.33,97.615,cleaning
-1.307,0.804,0.983,-109.62,-321.352,166.547,cleaning
-1.064,0.078,0.609,-109.62,-321.352,166.547,cleaning
-1.064,0.078,0.609,-90.072,-172.41,249.725,cleaning
-0.721,-0.293,0.47,-90.072,-172.41,249.725,cleaning
-0.721,-0.293,0.47,-88.69,18.917,279.755,cleaning
-0.406,-0.432,0.549,-88.69,18.917,279.755,cleaning
-0.406,-0.432,0.549,-103.04,86.03,238.717,cleaning
-0.061,-0.751,0.777,-103.04,86.03,238.717,cleaning
-0.061,-0.751,0.777,-118.16,9.572,152.425,cleaning
0.167,-1.472,1.238,-118.16,9.572,152.425,cleaning
0.167,-1.472,1.238,-111.195,-153.055,33.005,cleaning
0.157,-2.179,1.732,-111.195,-153.055,33.005,cleaning
0.157,-2.179,1.732,-59.955,-193.655,-77.945,cleaning
-0.161,-1.878,2.031,-59.955,-193.655,-77.945,cleaning
-0.161,-1.878,2.031,39.025,38.657,-102.165,cleaning
-0.525,-0.662,1.88,39.025,38.657,-102.165,cleaning
-0.355,-0.304,1.675,39.025,38.657,-102.165,cleaning
-0.355,-0.304,1.675,143.587,230.51,-108.062,cleaning
-0.297,-0.209,0.94,143.587,230.51,-108.062,cleaning
-0.297,-0.209,0.94,215.092,218.365,-154.945,cleaning
-0.184,0.137,0.069,215.092,218.365,-154.945,cleaning
-0.184,0.137,0.069,240.747,227.272,-169.522,cleaning
-0.35,0.824,-0.444,240.747,227.272,-169.522,cleaning
-0.35,0.824,-0.444,210.665,209.842,-174.265,cleaning
-0.657,1.727,-0.747,210.665,209.842,-174.265,cleaning
-0.657,1.727,-0.747,128.432,129.132,-157.535,cleaning
-0.913,2.554,-0.388,128.432,129.132,-157.535,cleaning
-0.913,2.554,-0.388,12.652,-14.402,-95.707,cleaning
-0.986,2.694,0.261,12.652,-14.402,-95.707,cleaning
-0.986,2.694,0.261,-81.06,-183.977,8.802,cleaning
-1.05,1.779,1.136,-81.06,-183.977,8.802,cleaning
-1.05,1.779,1.136,-108.85,-315.437,85.26,cleaning
-1.451,0.561,1.298,-108.85,-315.437,85.26,cleaning
-1.451,0.561,1.298,-74.917,-206.167,168.35,cleaning
-1.202,0.078,0.941,-74.917,-206.167,168.35,cleaning
-0.906,-0.037,0.592,-74.917,-206.167,168.35,cleaning
-0.906,-0.037,0.592,-54.512,-12.005,231.805,cleaning
-0.595,-0.154,0.455,-54.512,-12.005,231.805,cleaning
-0.595,-0.154,0.455,-66.657,83.317,234.78,cleaning
-0.257,-0.136,0.498,-66.657,83.317,234.78,cleaning
-0.257,-0.136,0.498,-93.292,60.917,191.922,cleaning
-0.205,-0.338,0.85,-93.292,60.917,191.922,cleaning
-0.205,-0.338,0.85,-108.237,-26.442,134.102,cleaning
-0.093,-1.073,1.283,-108.237,-26.442,134.102,cleaning
-0.093,-1.073,1.283,-96.757,-153.387,52.64,cleaning
0.168,-1.827,1.527,-96.757,-153.387,52.64,cleaning
0.168,-1.827,1.527,-56.63,-175.63,-30.852,cleaning
0.122,-1.803,1.833,-56.63,-175.63,-30.852,cleaning
0.122,-1.803,1.833,21.297,2.607,-78.627,cleaning
-0.243,-0.653,1.762,21.297,2.607,-78.627,cleaning
-0.243,-0.653,1.762,118.335,211.732,-84.087,cleaning
-0.394,0.179,1.407,118.335,211.732,-84.087,cleaning
-0.394,0.179,1.407,187.197,200.445,-116.357,cleaning
-0.32,0.354,0.841,187.197,200.445,-116.357,cleaning
-0.327,0.611,0.048,187.197,200.445,-116.357,cleaning
-0.327,0.611,0.048,197.19,79.327,-149.415,cleaning
-0.579,1.293,-0.353,197.19,79.327,-149.415,cleaning
-0.579,1.293,-0.353,148.942,8.82,-143.727,cleaning
-0.829,1.884,-0.373,148.942,8.82,-143.727,cleaning
-0.829,1.884,-0.373,62.772,-26.11,-93.065,cleaning
-0.828,2.053,0.084,62.772,-26.11,-93.065,cleaning
-0.828,2.053,0.084,-30.94,-11.042,21.262,cleaning
-1.128,1.8,1.039,-30.94,-11.042,21.262,cleaning
-1.128,1.8,1.039,-85.715,-60.585,110.057,cleaning
-1.141,1.158,1.192,-85.715,-60.585,110.057,cleaning
-1.141,1.158,1.192,-93.397,-80.202,162.837,cleaning
-0.775,0.693,0.906,-93.397,-80.202,162.837,cleaning
-0.775,0.693,0.906,-94.78,-19.617,195.02,cleaning
-0.473,0.256,0.71,-94.78,-19.617,195.02,cleaning
-0.473,0.256,0.71,-104.002,17.15,188.3,cleaning
-0.176,-0.129,0.719,-104.002,17.15,188.3,cleaning
-0.176,-0.129,0.719,-108.36,17.727,158.742,cleaning
0,-0.523,0.947,-108.36,17.727,158.742,cleaning
0.049,-0.942,1.29,-108.36,17.727,158.742,cleaning
0.049,-0.942,1.29,-94.202,-5.092,109.41,cleaning
0.018,-1.274,1.609,-94.202,-5.092,109.41,cleaning
0.018,-1.274,1.609,-51.415,-33.495,36.855,cleaning
-0.036,-1.41,1.802,-51.415,-33.495,36.855,cleaning
-0.036,-1.41,1.802,18.62,-46.935,-57.697,cleaning
-0.225,-0.792,1.413,18.62,-46.935,-57.697,cleaning
-0.225,-0.792,1.413,101.675,41.597,-114.152,cleaning
-0.422,0.119,1.229,101.675,41.597,-114.152,cleaning
-0.422,0.119,1.229,170.135,82.88,-145.932,cleaning
-0.536,0.355,1.015,170.135,82.88,-145.932,cleaning
-0.536,0.355,1.015,206.465,-17.745,-190.417,cleaning
-0.573,0.56,0.402,206.465,-17.745,-190.417,cleaning
-0.573,0.56,0.402,206.57,-22.715,-193.882,cleaning
-0.513,1.022,-0.006,206.57,-22.715,-193.882,cleaning
-0.513,1.022,-0.006,169.54,70.052,-149.275,cleaning
-0.514,1.433,-0.072,169.54,70.052,-149.275,cleaning
-0.369,1.914,-0.052,105.07,186.97,-56.735,cleaning
-0.29,2.044,0.456,105.07,186.97,-56.735,cleaning
-0.29,2.044,0.456,17.92,186.165,37.502,cleaning
-0.36,1.533,0.77,17.92,186.165,37.502,cleaning
-0.36,1.533,0.77,-64.925,62.02,87.867,cleaning
-0.247,0.865,0.754,-64.925,62.02,87.867,cleaning
-0.247,0.865,0.754,-115.237,37.012,127.015,cleaning
-0.159,0.338,0.743,-115.237,37.012,127.015,cleaning
-0.159,0.338,0.743,-142.135,69.195,142.415,cleaning
-0.048,0.269,0.923,-142.135,69.195,142.415,cleaning
-0.048,0.269,0.923,-155.592,33.687,126.262,cleaning
-0.206,-0.05,1.52,-155.592,33.687,126.262,cleaning
-0.206,-0.05,1.52,-132.615,-103.372,75.932,cleaning
-0.388,-0.985,1.94,-132.615,-103.372,75.932,cleaning
-0.388,-0.985,1.94,-54.477,-182.577,-9.852,cleaning
-0.29,-1.571,1.911,-54.477,-182.577,-9.852,cleaning
-0.29,-1.571,1.911,48.58,-85.732,-86.765,cleaning
-0.289,-1.05,1.309,48.58,-85.732,-86.765,cleaning
-0.482,-0.211,1.209,136.43,76.632,-127.347,cleaning
-0.599,0.131,1.021,136.43,76.632,-127.347,cleaning
-0.599,0.131,1.021,196.647,56.21,-179.13,cleaning
-0.678,0.597,0.625,196.647,56.21,-179.13,cleaning
-0.678,0.597,0.625,221.9,16.117,-207.742,cleaning
-0.563,1.312,0.284,221.9,16.117,-207.742,cleaning
-0.563,1.312,0.284,210.665,42.087,-182.84,cleaning
-0.316,1.897,-0.08,210.665,42.087,-182.84,cleaning
-0.316,1.897,-0.08,150.85,89.145,-103.127,cleaning
-0.025,2.117,-0.189,150.85,89.145,-103.127,cleaning
-0.025,2.117,-0.189,46.602,86.712,-5.985,cleaning
0.062,1.858,-0.004,46.602,86.712,-5.985,cleaning
0.062,1.858,-0.004,-63.98,16.957,58.835,cleaning
-0.098,1.203,0.392,-63.98,16.957,58.835,cleaning
-0.098,1.203,0.392,-135.047,3.78,99.155,cleaning
-0.154,0.667,0.529,-135.047,3.78,99.155,cleaning
-0.154,0.667,0.529,-171.815,64.575,123.2,cleaning
-0.116,0.325,0.696,-171.815,64.575,123.2,cleaning
-0.128,0.363,1.109,-171.815,64.575,123.2,cleaning
-0.128,0.363,1.109,-188.037,91.822,118.79,cleaning
-0.267,0.262,1.68,-188.037,91.822,118.79,cleaning
-0.267,0.262,1.68,-164.885,20.86,86.047,cleaning
-0.383,-0.499,2.121,-164.885,20.86,86.047,cleaning
-0.383,-0.499,2.121,-96.582,-154.35,8.925,cleaning
-0.224,-1.328,1.824,-96.582,-154.35,8.925,cleaning
-0.224,-1.328,1.824,7.875,-176.715,-70.297,cleaning
-0.259,-0.915,1.189,7.875,-176.715,-70.297,cleaning
-0.259,-0.915,1.189,105.577,23.415,-103.967,cleaning
-0.345,-0.116,0.982,105.577,23.415,-103.967,cleaning
-0.345,-0.116,0.982,178.972,185.08,-102.83,cleaning
-0.227,0.437,0.577,178.972,185.08,-102.83,cleaning
-0.227,0.437,0.577,211.277,156.1,-117.197,cleaning
-0.303,0.883,0.893,211.277,156.1,-117.197,cleaning
-0.303,0.883,0.893,205.292,-55.72,-150.797,cleaning
-0.41,0.728,0.47,205.292,-55.72,-150.797,cleaning
-0.41,0.728,0.47,181.947,-60.217,-142.1,cleaning
-0.155,0.881,-0.028,181.947,-60.217,-142.1,cleaning
-0.086,1.393,-0.007,181.947,-60.217,-142.1,cleaning
-0.086,1.393,-0.007,131.792,37.047,-94.867,cleaning
-0.158,1.989,0.154,131.792,37.047,-94.867,cleaning
-0.158,1.989,0.154,64.137,82.25,-32.445,cleaning
-0.051,2.117,0.266,64.137,82.25,-32.445,cleaning
-0.051,2.117,0.266,-8.925,50.995,29.015,cleaning
-0.198,1.575,0.761,-8.925,50.995,29.015,cleaning
-0.198,1.575,0.761,-67.252,-67.497,55.212,cleaning
-0.284,0.762,0.707,-67.252,-67.497,55.212,cleaning
-0.284,0.762,0.707,-92.715,-99.032,71.89,cleaning
-0.195,0.246,0.56,-92.715,-99.032,71.89,cleaning
-0.195,0.246,0.56,-101.57,-9.555,90.492,cleaning
-0.218,0.058,0.665,-101.57,-9.555,90.492,cleaning
-0.218,0.058,0.665,-104.16,47.95,80.57,cleaning
-0.283,0.068,0.999,-104.16,47.95,80.57,cleaning
-0.283,0.068,0.999,-88.777,12.46,43.872,cleaning
-0.347,-0.149,1.472,-88.777,12.46,43.872,cleaning
-0.347,-0.149,1.472,-40.04,-73.062,-16.187,cleaning
-0.285,-0.618,1.708,-40.04,-73.062,-16.187,cleaning
-0.278,-0.632,1.413,-40.04,-73.062,-16.187,cleaning
-0.278,-0.632,1.413,34.44,-75.617,-78.207,cleaning
-0.426,-0.231,1.24,34.44,-75.617,-78.207,cleaning
-0.426,-0.231,1.24,117.495,13.51,-124.792,cleaning
-0.481,0.072,1.021,117.495,13.51,-124.792,cleaning
-0.481,0.072,1.021,185.78,6.737,-185.115,cleaning
-0.485,0.541,0.607,185.78,6.737,-185.115,cleaning
-0.485,0.541,0.607,216.247,-21.595,-216.177,cleaning
-0.343,1.048,0.355,216.247,-21.595,-216.177,cleaning
-0.343,1.048,0.355,214.532,-0.262,-196.822,cleaning
-0.177,1.527,0.166,214.532,-0.262,-196.822,cleaning
-0.177,1.527,0.166,172.585,55.265,-139.755,cleaning
-0.074,2.068,-0.037,172.585,55.265,-139.755,cleaning
-0.074,2.068,-0.037,84.28,63.98,-50.277,cleaning
0.193,2.147,-0.225,84.28,63.98,-50.277,cleaning
0.193,2.147,-0.225,-35.752,5.46,32.34,cleaning
0.061,1.579,0.113,-35.752,5.46,32.34,cleaning
0.061,1.579,0.113,-124.67,-37.782,80.22,cleaning
-0.217,0.864,0.549,-124.67,-37.782,80.22,cleaning
-0.206,0.514,0.848,-124.67,-37.782,80.22,cleaning
-0.206,0.514,0.848,-155.19,15.452,112.98,cleaning
-0.154,0.334,1.221,-155.19,15.452,112.98,cleaning
-0.154,0.334,1.221,-148.172,49.472,119.28,cleaning
-0.143,0.016,1.522,-148.172,49.472,119.28,cleaning
-0.143,0.016,1.522,-110.967,-7.017,86.362,cleaning
-0.245,-0.746,1.763,-110.967,-7.017,86.362,cleaning
-0.245,-0.746,1.763,-42.665,-107.625,9.012,cleaning
-0.188,-1.168,1.5,-42.665,-107.625,9.012,cleaning
-0.188,-1.168,1.5,45.167,-95.882,-72.152,cleaning
-0.182,-0.798,1.061,45.167,-95.882,-72.152,cleaning
-0.182,-0.798,1.061,124.88,29.732,-119.437,cleaning
-0.235,-0.316,1.057,124.88,29.732,-119.437,cleaning
-0.235,-0.316,1.057,183.855,52.237,-167.562,cleaning
-0.289,0.049,0.871,183.855,52.237,-167.562,cleaning
-0.289,0.049,0.871,214.41,21.665,-201.652,cleaning
-0.302,0.511,0.659,214.41,21.665,-201.652,cleaning
-0.295,1.263,0.484,215.74,24.517,-200.497,cleaning
-0.244,2.04,0.364,215.74,24.517,-200.497,cleaning
-0.244,2.04,0.364,178.132,46.882,-152.092,cleaning
-0.045,2.349,0.149,178.132,46.882,-152.092,cleaning
-0.045,2.349,0.149,95.217,50.995,-53.62,cleaning
0.103,2.083,0.036,95.217,50.995,-53.62,cleaning
0.103,2.083,0.036,-22.4,-2.345,43.4,cleaning
-0.162,1.276,0.46,-22.4,-2.345,43.4,cleaning
-0.162,1.276,0.46,-121.922,-104.195,88.025,cleaning
-0.373,0.392,0.597,-121.922,-104.195,88.025,cleaning
-0.373,0.392,0.597,-160.685,-64.75,122.99,cleaning
-0.309,-0.013,0.835,-160.685,-64.75,122.99,cleaning
-0.309,-0.013,0.835,-155.785,27.475,127.417,cleaning
-0.248,-0.217,1.184,-155.785,27.475,127.417,cleaning
-0.248,-0.217,1.184,-116.497,46.742,88.112,cleaning
-0.186,-0.432,1.546,-116.497,46.742,88.112,cleaning
-0.186,-0.432,1.546,-44.887,1.575,20.44,cleaning
-0.083,-0.771,1.815,-44.887,1.575,20.44,cleaning
0.032,-0.773,1.505,-44.887,1.575,20.44,cleaning
0.032,-0.773,1.505,46.427,-22.522,-50.4,cleaning
-0.039,-0.306,1.264,46.427,-22.522,-50.4,cleaning
-0.039,-0.306,1.264,129.115,26.705,-97.3,cleaning
-0.245,-0.062,1.26,129.115,26.705,-97.3,cleaning
-0.245,-0.062,1.26,195.335,-8.575,-156.24,cleaning
-0.351,0.043,0.745,195.335,-8.575,-156.24,cleaning
-0.351,0.043,0.745,234.5,-40.687,-207.287,cleaning
-0.318,0.572,0.22,234.5,-40.687,-207.287,cleaning
-0.318,0.572,0.22,226.975,18.812,-208.915,cleaning
-0.333,1.445,0.099,226.975,18.812,-208.915,cleaning
-0.333,1.445,0.099,172.69,78.347,-157.132,cleaning
-0.214,2.23,0.07,172.69,78.347,-157.132,cleaning
-0.214,2.23,0.07,75.18,81.865,-63.21,cleaning
-0.117,2.584,0.055,75.18,81.865,-63.21,cleaning
-0.117,2.584,0.055,-45.062,36.505,41.685,cleaning
-0.101,2.303,0.231,-45.062,36.505,41.685,cleaning
-0.101,2.303,0.231,-141.925,-82.285,100.905,cleaning
-0.401,1.274,0.689,-141.925,-82.285,100.905,cleaning
-0.372,0.546,0.551,-141.925,-82.285,100.905,cleaning
-0.372,0.546,0.551,-173.757,-103.425,134.522,cleaning
-0.245,0.079,0.873,-173.757,-103.425,134.522,cleaning
-0.245,0.079,0.873,-168.087,-26.425,146.982,cleaning
-0.134,-0.379,1.33,-168.087,-26.425,146.982,cleaning
-0.134,-0.379,1.33,-129.15,-16.152,110.617,cleaning
0,-0.859,1.656,-129.15,-16.152,110.617,cleaning
0,-0.859,1.656,-56.612,-63.157,37.187,cleaning
0.088,-1.183,1.603,-56.612,-63.157,37.187,cleaning
0.088,-1.183,1.603,37.712,-65.047,-46.76,cleaning
0.055,-0.895,1.095,37.712,-65.047,-46.76,cleaning
0.055,-0.895,1.095,125.93,35.857,-109.077,cleaning
-0.161,-0.463,1.167,125.93,35.857,-109.077,cleaning
-0.161,-0.463,1.167,202.3,54.18,-175.332,cleaning
-0.403,-0.125,0.974,202.3,54.18,-175.332,cleaning
-0.403,-0.125,0.974,253.855,34.037,-228.235,cleaning
-0.516,0.285,0.634,253.855,34.037,-228.235,cleaning
-0.516,0.285,0.634,263.76,54.145,-240.1,cleaning
-0.433,1.111,0.268,263.76,54.145,-240.1,cleaning
-0.275,2.221,0.13,263.76,54.145,-240.1,cleaning
-0.275,2.221,0.13,214.357,87.027,-188.842,cleaning
0.022,2.837,0.15,214.357,87.027,-188.842,cleaning
0.022,2.837,0.15,104.527,65.957,-74.69,cleaning
0.128,2.83,-0.041,104.527,65.957,-74.69,cleaning
0.128,2.83,-0.041,-40.302,-6.58,50.557,cleaning
-0.163,1.899,0.619,-40.302,-6.58,50.557,cleaning
-0.163,1.899,0.619,-154.017,-147.052,121.59,cleaning
-0.294,0.766,0.321,-154.017,-147.052,121.59,cleaning
-0.294,0.766,0.321,-193.585,-153.79,164.202,cleaning
-0.119,0.009,0.384,-193.585,-153.79,164.202,cleaning
-0.119,0.009,0.384,-197.137,-49.052,171.062,cleaning
-0.086,-0.438,0.927,-197.137,-49.052,171.062,cleaning
-0.086,-0.438,0.927,-155.82,-10.587,113.995,cleaning
-0.186,-0.9,1.681,-155.82,-10.587,113.995,cleaning
-0.186,-0.9,1.681,-43.89,-62.51,2.17,cleaning
-0.113,-1.381,1.859,-43.89,-62.51,2.17,cleaning
-0.113,-1.381,1.859,97.562,-16.31,-106.4,cleaning
-0.014,-1.267,0.901,97.562,-16.31,-106.4,cleaning
-0.25,-0.688,0.851,97.562,-16.31,-106.4,cleaning
-0.25,-0.688,0.851,210.157,104.545,-194.897,cleaning
-0.475,0.15,0.595,210.157,104.545,-194.897,cleaning
-0.475,0.15,0.595,284.725,121.852,-260.977,cleaning
-0.52,1.358,0.247,284.725,121.852,-260.977,cleaning
-0.52,1.358,0.247,297.78,158.987,-251.545,cleaning
-0.33,2.968,-0.085,297.78,158.987,-251.545,cleaning
-0.33,2.968,-0.085,220.78,187.11,-149.152,cleaning
0.305,3.487,-0.429,220.78,187.11,-149.152,cleaning
0.305,3.487,-0.429,41.772,93.467,16.205,cleaning
0.049,2.931,0.413,41.772,93.467,16.205,cleaning
0.049,2.931,0.413,-136.657,-166.827,122.552,cleaning
-0.282,1.414,0.5,-136.657,-166.827,122.552,cleaning
-0.282,1.414,0.5,-212.135,-259.035,190.26,cleaning
-0.304,0.39,0.131,-212.135,-259.035,190.26,cleaning
-0.304,0.39,0.131,-227.99,-97.23,239.365,cleaning
-0.292,-0.108,0.477,-227.99,-97.23,239.365,cleaning
-0.157,-0.523,0.853,-215.565,-12.197,210,cleaning
-0.054,-0.875,1.461,-215.565,-12.197,210,cleaning
-0.054,-0.875,1.461,-165.147,-5.687,134.277,cleaning
-0.049,-1.217,2.08,-165.147,-5.687,134.277,cleaning
-0.049,-1.217,2.08,-65.152,-33.757,31.045,cleaning
-0.072,-1.217,1.588,-65.152,-33.757,31.045,cleaning
-0.072,-1.217,1.588,64.767,14.367,-62.16,cleaning
0.127,-0.421,0.943,64.767,14.367,-62.16,cleaning
0.127,-0.421,0.943,168.087,166.985,-100.782,cleaning
-0.125,0.347,0.969,168.087,166.985,-100.782,cleaning
-0.125,0.347,0.969,228.2,118.527,-150.08,cleaning
-0.32,0.665,0.636,228.2,118.527,-150.08,cleaning
-0.32,0.665,0.636,237.457,34.702,-188.615,cleaning
-0.299,1.184,0.383,237.457,34.702,-188.615,cleaning
-0.299,1.184,0.383,187.25,45.657,-160.842,cleaning
-0.129,2.045,0.275,187.25,45.657,-160.842,cleaning
-0.129,2.045,0.275,71.225,42.595,-58.555,cleaning
0.119,2.608,0.137,71.225,42.595,-58.555,cleaning
-0.126,2.383,0.489,71.225,42.595,-58.555,cleaning
-0.126,2.383,0.489,-84.77,-51.012,72.712,cleaning
-0.499,1.236,0.715,-84.77,-51.012,72.712,cleaning
-0.499,1.236,0.715,-193.375,-230.86,142.782,cleaning
-0.608,0.364,0.354,-193.375,-230.86,142.782,cleaning
-0.608,0.364,0.354,-228.882,-204.767,200.462,cleaning
-0.506,-0.171,0.398,-228.882,-204.767,200.462,cleaning
-0.506,-0.171,0.398,-234.045,-69.51,222.267,cleaning
-0.129,-0.522,0.487,-234.045,-69.51,222.267,cleaning
-0.129,-0.522,0.487,-228.655,18.62,181.107,cleaning
0.127,-0.448,1.08,-228.655,18.62,181.107,cleaning
0.127,-0.448,1.08,-187.722,62.492,112.997,cleaning
0.096,-0.52,2.023,-187.722,62.492,112.997,cleaning
0.096,-0.52,2.023,-84.822,-10.535,15.785,cleaning
0.219,-0.61,2.035,-84.822,-10.535,15.785,cleaning
0.219,-0.61,2.035,43.032,-30.835,-59.342,cleaning
0.126,-0.225,1.488,43.032,-30.835,-59.342,cleaning
0.126,-0.225,1.488,147.157,-19.232,-112.245,cleaning
-0.007,-0.127,1.173,147.157,-19.232,-112.245,cleaning
-0.112,-0.09,0.487,147.157,-19.232,-112.245,cleaning
-0.112,-0.09,0.487,207.2,-71.54,-176.225,cleaning
-0.319,0.336,0.071,207.2,-71.54,-176.225,cleaning
-0.319,0.336,0.071,218.942,-31.955,-202.825,cleaning
-0.513,1.183,-0.033,218.942,-31.955,-202.825,cleaning
-0.513,1.183,-0.033,187.302,59.675,-179.025,cleaning
-0.305,2.161,-0.157,187.302,59.675,-179.025,cleaning
-0.305,2.161,-0.157,101.692,144.147,-81.112,cleaning
-0.178,2.729,-0.02,101.692,144.147,-81.112,cleaning
-0.178,2.729,-0.02,-24.692,128.555,41.877,cleaning
-0.271,2.636,1.088,-24.692,128.555,41.877,cleaning
-0.271,2.636,1.088,-129.85,-145.95,89.53,cleaning
-0.432,1.009,1.249,-129.85,-145.95,89.53,cleaning
-0.432,1.009,1.249,-157.71,-293.807,112.665,cleaning
-0.172,-0.167,0.132,-157.71,-293.807,112.665,cleaning
-0.172,-0.167,0.132,-156.712,-100.047,158.497,cleaning
-0.055,-0.366,0.607,-156.712,-100.047,158.497,cleaning
-0.055,-0.366,0.607,-138.04,-7.017,138.477,cleaning
-0.04,-0.297,1.263,-138.04,-7.017,138.477,cleaning
0.068,-0.736,1.489,-138.04,-7.017,138.477,cleaning
0.068,-0.736,1.489,-88.76,-82.215,62.947,cleaning
0.193,-0.854,1.404,-88.76,-82.215,62.947,cleaning
0.193,-0.854,1.404,-14.927,-74.287,-5.915,cleaning
0.124,-0.072,1.047,-14.927,-74.287,-5.915,cleaning
0.124,-0.072,1.047,56.175,58.677,-31.85,cleaning
0.091,0.444,1,56.175,58.677,-31.85,cleaning
0.091,0.444,1,106.872,93.187,-53.445,cleaning
0.116,0.551,0.6,106.872,93.187,-53.445,cleaning
0.116,0.551,0.6,125.545,42.07,-79.24,cleaning
0.054,0.697,0.331,125.545,42.07,-79.24,cleaning
0.054,0.697,0.331,114.747,41.86,-80.517,cleaning
0.054,1.034,0.338,114.747,41.86,-80.517,cleaning
0.054,1.034,0.338,80.99,75.985,-45.29,cleaning
0.042,1.59,0.54,80.99,75.985,-45.29,cleaning
0.042,1.59,0.54,35.98,74.357,15.277,cleaning
-0.007,1.794,1.004,35.98,74.357,15.277,cleaning
-0.007,1.794,1.004,-8.715,-9.8,64.592,cleaning
0.11,1.3,0.89,-8.715,-9.8,64.592,cleaning
0.14,1.045,0.594,-8.715,-9.8,64.592,cleaning
0.14,1.045,0.594,-55.702,-22.995,120.645,cleaning
0.087,0.796,0.555,-55.702,-22.995,120.645,cleaning
0.087,0.796,0.555,-108.832,-16.275,167.58,cleaning
0.081,0.461,0.577,-108.832,-16.275,167.58,cleaning
0.081,0.461,0.577,-152.827,-27.16,187.897,cleaning
-0.07,-0.001,1.005,-152.827,-27.16,187.897,cleaning
-0.07,-0.001,1.005,-172.06,-55.177,177.8,cleaning
-0.211,-0.663,1.484,-172.06,-55.177,177.8,cleaning
-0.211,-0.663,1.484,-147.91,-98.035,127.207,cleaning
-0.347,-1.331,1.848,-147.91,-98.035,127.207,cleaning
-0.347,-1.331,1.848,-82.285,-109.392,40.32,cleaning
-0.37,-1.561,1.634,-82.285,-109.392,40.32,cleaning
-0.37,-1.561,1.634,-0.91,-18.847,-46.69,cleaning
-0.123,-0.908,1.342,-0.91,-18.847,-46.69,cleaning
-0.123,-0.908,1.342,71.155,61.092,-114.975,cleaning
-0.303,-0.17,1.429,71.155,61.092,-114.975,cleaning
-0.38,0.223,1.001,123.375,9.677,-176.435,cleaning
-0.327,0.578,0.516,123.375,9.677,-176.435,cleaning
-0.327,0.578,0.516,140.28,8.137,-187.722,cleaning
-0.263,1.182,0.147,140.28,8.137,-187.722,cleaning
-0.263,1.182,0.147,120.26,96.355,-145.617,cleaning
-0.175,2.213,-0.027,120.26,96.355,-145.617,cleaning
-0.175,2.213,-0.027,55.195,174.527,-45.692,cleaning
-0.282,2.769,0.324,55.195,174.527,-45.692,cleaning
-0.282,2.769,0.324,-41.44,69.772,42.822,cleaning
-0.191,2.142,0.516,-41.44,69.772,42.822,cleaning
-0.191,2.142,0.516,-117.652,-139.597,82.477,cleaning
-0.228,0.952,0.472,-117.652,-139.597,82.477,cleaning
-0.228,0.952,0.472,-141.172,-148.015,118.877,cleaning
-0.105,0.086,0.633,-141.172,-148.015,118.877,cleaning
-0.105,0.086,0.633,-131.407,-87.902,123.392,cleaning
0.078,-0.599,0.88,-131.407,-87.902,123.392,cleaning
0.078,-0.599,0.88,-98.612,-43.645,83.86,cleaning
0.046,-0.978,1.232,-98.612,-43.645,83.86,cleaning
-0.14,-1.212,1.335,-44.327,-41.335,8.575,cleaning
-0.032,-0.769,1.01,-44.327,-41.335,8.575,cleaning
-0.032,-0.769,1.01,15.155,7.98,-56.21,cleaning
-0.073,-0.234,1.081,15.155,7.98,-56.21,cleaning
-0.073,-0.234,1.081,67.725,60.952,-96.005,cleaning
-0.163,0.235,0.878,67.725,60.952,-96.005,cleaning
-0.163,0.235,0.878,104.58,39.147,-134.785,cleaning
-0.262,0.692,0.632,104.58,39.147,-134.785,cleaning
-0.262,0.692,0.632,115.92,38.482,-136.5,cleaning
-0.348,1.413,0.36,115.92,38.482,-136.5,cleaning
-0.348,1.413,0.36,95.34,84.525,-93.677,cleaning
-0.303,2.172,0.229,95.34,84.525,-93.677,cleaning
-0.303,2.172,0.229,32.865,79.327,-13.475,cleaning
-0.305,2.439,0.355,32.865,79.327,-13.475,cleaning
-0.305,2.439,0.355,-47.11,-40.565,54.897,cleaning
-0.25,1.72,0.716,-47.11,-40.565,54.897,cleaning
-0.25,1.72,0.716,-99.732,-141.627,100.31,cleaning
-0.025,0.795,0.25,-99.732,-141.627,100.31,cleaning
0.068,0.339,0.489,-99.732,-141.627,100.31,cleaning
0.068,0.339,0.489,-130.602,-62.807,146.615,cleaning
0.124,-0.045,0.929,-130.602,-62.807,146.615,cleaning
0.124,-0.045,0.929,-138.39,-21.56,148.505,cleaning
0.161,-0.567,1.361,-138.39,-21.56,148.505,cleaning
0.161,-0.567,1.361,-113.365,-30.03,112.262,cleaning
0.11,-0.99,1.645,-113.365,-30.03,112.262,cleaning
0.11,-0.99,1.645,-57.085,-40.985,49.542,cleaning
-0.005,-1.134,1.572,-57.085,-40.985,49.542,cleaning
-0.005,-1.134,1.572,13.877,-0.7,-19.32,cleaning
0.084,-0.722,1.094,13.877,-0.7,-19.32,cleaning
0.084,-0.722,1.094,75.232,103.53,-61.442,cleaning
0.113,-0.013,0.849,75.232,103.53,-61.442,cleaning
0.113,-0.013,0.849,113.872,150.097,-85.312,cleaning
0.049,0.491,0.661,113.872,150.097,-85.312,cleaning
0.049,0.491,0.661,125.93,125.212,-100.45,cleaning
0.008,0.856,0.459,125.93,125.212,-100.45,cleaning
0.008,0.856,0.459,112.14,114.257,-96.617,cleaning
-0.147,1.171,0.338,112.14,114.257,-96.617,cleaning
-0.361,1.61,0.327,112.14,114.257,-96.617,cleaning
-0.361,1.61,0.327,75.46,125.597,-71.54,cleaning
-0.516,2.107,0.578,75.46,125.597,-71.54,cleaning
-0.516,2.107,0.578,24.097,102.62,-21.227,cleaning
-0.655,2.34,0.814,24.097,102.62,-21.227,cleaning
-0.655,2.34,0.814,-26.827,-13.65,37.1,cleaning
-0.468,1.853,0.701,-26.827,-13.65,37.1,cleaning
-0.468,1.853,0.701,-73.692,-194.425,76.982,cleaning
-0.316,1.05,0.386,-73.692,-194.425,76.982,cleaning
-0.316,1.05,0.386,-112,-250.687,124.057,cleaning
-0.305,0.354,0.235,-112,-250.687,124.057,cleaning
-0.305,0.354,0.235,-134.172,-179.83,167.422,cleaning
-0.115,-0.278,0.151,-134.172,-179.83,167.422,cleaning
-0.115,-0.278,0.151,-159.11,-86.187,172.515,cleaning
0.06,-0.823,0.417,-159.11,-86.187,172.515,cleaning
0.06,-0.823,0.417,-174.107,-16.03,133.542,cleaning
0.147,-0.815,1.035,-174.107,-16.03,133.542,cleaning
0.147,-0.815,1.035,-147.035,12.425,67.865,cleaning
-0.187,-0.629,1.969,-147.035,12.425,67.865,cleaning
-0.551,-0.692,2.375,-147.035,12.425,67.865,cleaning
-0.551,-0.692,2.375,-60.655,-37.555,-23.257,cleaning
-0.236,-0.563,1.736,-60.655,-37.555,-23.257,cleaning
-0.236,-0.563,1.736,56.192,-15.54,-90.842,cleaning
-0.183,-0.255,0.897,56.192,-15.54,-90.842,cleaning
-0.183,-0.255,0.897,148.487,90.475,-128.17,cleaning
-0.185,0.127,0.192,148.487,90.475,-128.17,cleaning
-0.185,0.127,0.192,173.302,138.827,-156.975,cleaning
-0.351,0.738,-0.095,173.302,138.827,-156.975,cleaning
-0.351,0.738,-0.095,142.66,124.792,-150.85,cleaning
-0.627,1.481,-0.201,142.66,124.792,-150.85,cleaning
-0.627,1.481,-0.201,78.802,86.082,-105.927,cleaning
-1.031,2.173,0.142,78.802,86.082,-105.927,cleaning
-1.031,2.173,0.142,-0.507,12.6,-25.76,cleaning
-1.188,2.399,0.513,-0.507,12.6,-25.76,cleaning
-1.188,2.399,0.513,-66.605,-107.992,70.035,cleaning
-0.932,1.558,1.012,-66.605,-107.992,70.035,cleaning
-0.932,1.558,1.012,-93.117,-177.362,134.872,cleaning
-0.758,0.747,0.44,-93.117,-177.362,134.872,cleaning
-0.646,0.75,0.315,-93.117,-177.362,134.872,cleaning
-0.646,0.75,0.315,-100.205,-15.907,213.815,cleaning
-0.493,0.515,0.366,-100.205,-15.907,213.815,cleaning
-0.493,0.515,0.366,-118.142,60.392,231.84,cleaning
-0.165,0.178,0.423,-118.142,60.392,231.84,cleaning
-0.165,0.178,0.423,-142.817,23.625,200.462,cleaning
0.027,-0.211,0.892,-142.817,23.625,200.462,cleaning
0.027,-0.211,0.892,-153.877,-70.42,142.397,cleaning
0.101,-0.732,1.503,-153.877,-70.42,142.397,cleaning
0.101,-0.732,1.503,-120.452,-159.932,64.155,cleaning
-0.146,-1.232,2.266,-120.452,-159.932,64.155,cleaning
-0.146,-1.232,2.266,-33.407,-179.812,-22.365,cleaning
-0.342,-1.151,1.929,-33.407,-179.812,-22.365,cleaning
-0.342,-1.151,1.929,72.31,-19.81,-58.555,cleaning
-0.096,-0.391,1.207,72.31,-19.81,-58.555,cleaning
-0.096,-0.391,1.207,133.647,128.082,-66.027,cleaning
-0.098,0.432,0.801,133.647,128.082,-66.027,cleaning
-0.23,0.955,0.513,131.197,34.842,-89.81,cleaning
-0.306,1.077,0.403,131.197,34.842,-89.81,cleaning
-0.306,1.077,0.403,89.652,-105.297,-97.352,cleaning
-0.464,1.099,0.574,89.652,-105.297,-97.352,cleaning
-0.464,1.099,0.574,33.81,-141.365,-71.277,cleaning
-0.539,1.222,0.846,33.81,-141.365,-71.277,cleaning
-0.539,1.222,0.846,-5.285,-65.87,2.555,cleaning
-0.526,1.242,1.316,-5.285,-65.87,2.555,cleaning
-0.526,1.242,1.316,-22.172,-57.26,57.61,cleaning
-0.614,0.739,1.173,-22.172,-57.26,57.61,cleaning
-0.614,0.739,1.173,-21.227,-69.65,85.54,cleaning
-0.508,0.523,0.797,-21.227,-69.65,85.54,cleaning
-0.508,0.523,0.797,-21.402,1.767,124.582,cleaning
-0.372,0.482,0.548,-21.402,1.767,124.582,cleaning
-0.372,0.482,0.548,-39.812,38.972,143.955,cleaning
-0.256,0.331,0.418,-39.812,38.972,143.955,cleaning
-0.256,0.331,0.418,-68.127,36.54,141.137,cleaning
-0.144,0.088,0.502,-68.127,36.54,141.137,cleaning
-0.126,-0.185,0.903,-88.55,33.18,124.932,cleaning
-0.067,-0.501,1.338,-88.55,33.18,124.932,cleaning
-0.067,-0.501,1.338,-79.397,32.55,99.47,cleaning
0.099,-0.896,1.502,-79.397,32.55,99.47,cleaning
0.099,-0.896,1.502,-44.852,34.65,59.255,cleaning
0.261,-1.075,1.523,-44.852,34.65,59.255,cleaning
0.261,-1.075,1.523,1.417,28.805,-15.26,cleaning
0.161,-0.871,1.404,1.417,28.805,-15.26,cleaning
0.161,-0.871,1.404,58.695,50.085,-92.015,cleaning
-0.083,-0.143,1.134,58.695,50.085,-92.015,cleaning
-0.083,-0.143,1.134,113.137,96.845,-130.707,cleaning
-0.204,0.355,1.189,113.137,96.845,-130.707,cleaning
-0.204,0.355,1.189,148.627,-10.062,-178.342,cleaning
-0.159,0.242,0.701,148.627,-10.062,-178.342,cleaning
-0.159,0.242,0.701,147.84,-72.45,-207.62,cleaning
-0.182,0.298,0.207,147.84,-72.45,-207.62,cleaning
-0.182,0.298,0.207,119.612,-14.402,-193.34,cleaning
-0.364,0.775,0.143,119.612,-14.402,-193.34,cleaning
-0.64,1.5,0.365,119.612,-14.402,-193.34,cleaning
-0.64,1.5,0.365,80.115,64.47,-148.102,cleaning
-0.691,2.14,0.504,80.115,64.47,-148.102,cleaning
-0.691,2.14,0.504,43.4,119.052,-65.677,cleaning
-0.451,2.442,0.578,43.4,119.052,-65.677,cleaning
-0.451,2.442,0.578,-7.227,80.08,23.8,cleaning
-0.435,1.976,0.916,-7.227,80.08,23.8,cleaning
-0.435,1.976,0.916,-59.78,-123.567,58.66,cleaning
-0.546,0.894,0.667,-59.78,-123.567,58.66,cleaning
-0.546,0.894,0.667,-87.325,-222.197,86.03,cleaning
-0.395,0.07,0.486,-87.325,-222.197,86.03,cleaning
-0.395,0.07,0.486,-97.807,-169.365,111.51,cleaning
-0.085,-0.711,0.402,-97.807,-169.365,111.51,cleaning
-0.085,-0.711,0.402,-113.68,-68.757,105.472,cleaning
0.142,-1.047,0.93,-113.68,-68.757,105.472,cleaning
0.142,-1.047,0.93,-103.512,-8.802,59.447,cleaning
0.174,-1.007,1.604,-103.512,-8.802,59.447,cleaning
0.174,-1.007,1.604,-51.835,-36.785,-25.06,cleaning
0.202,-1.265,2.044,-51.835,-36.785,-25.06,cleaning
0.084,-0.778,1.572,-51.835,-36.785,-25.06,cleaning
0.084,-0.778,1.572,32.165,30.677,-89.11,cleaning
0.006,-0.037,1.441,32.165,30.677,-89.11,cleaning
0.006,-0.037,1.441,116.077,168.927,-111.755,cleaning
-0.032,0.249,1.079,116.077,168.927,-111.755,cleaning
-0.032,0.249,1.079,164.22,95.742,-165.637,cleaning
-0.043,0.252,0.424,164.22,95.742,-165.637,cleaning
-0.043,0.252,0.424,179.095,57.732,-192.955,cleaning
-0.04,0.577,0.049,179.095,57.732,-192.955,cleaning
-0.04,0.577,0.049,158.392,90.772,-185.675,cleaning
-0.178,1.199,-0.011,158.392,90.772,-185.675,cleaning
-0.178,1.199,-0.011,107.87,107.065,-151.462,cleaning
-0.505,1.979,0.212,107.87,107.065,-151.462,cleaning
-0.505,1.979,0.212,42.227,79.327,-81.847,cleaning
-0.854,2.623,0.621,42.227,79.327,-81.847,cleaning
-0.854,2.623,0.621,-18.97,-29.26,6.492,cleaning
-0.848,2.253,0.852,-18.97,-29.26,6.492,cleaning
-0.848,2.253,0.852,-67.585,-201.687,65.38,cleaning
-0.591,1.036,0.702,-67.585,-201.687,65.38,cleaning
-0.643,0.495,0.4,-67.585,-201.687,65.38,cleaning
-0.643,0.495,0.4,-84.052,-146.142,141.872,cleaning
-0.549,0.664,0.445,-84.052,-146.142,141.872,cleaning
-0.549,0.664,0.445,-95.69,-2.03,207.112,cleaning
-0.496,0.739,0.473,-95.69,-2.03,207.112,cleaning
-0.496,0.739,0.473,-117.635,28,232.33,cleaning
-0.331,0.504,0.469,-117.635,28,232.33,cleaning
-0.331,0.504,0.469,-144.602,-38.622,222.582,cleaning
-0.119,-0.132,0.69,-144.602,-38.622,222.582,cleaning
-0.119,-0.132,0.69,-165.725,-142.152,185.342,cleaning
-0.047,-0.987,1.245,-165.725,-142.152,185.342,cleaning
-0.047,-0.987,1.245,-145.11,-220.815,117.827,cleaning
-0.056,-1.932,1.818,-145.11,-220.815,117.827,cleaning
-0.056,-1.932,1.818,-75.11,-257.53,1.925,cleaning
-0.125,-2.448,1.909,-75.11,-257.53,1.925,cleaning
-0.125,-2.448,1.909,11.917,-137.812,-97.597,cleaning
0.097,-1.91,1.471,11.917,-137.812,-97.597,cleaning
-0.062,-0.936,1.526,88.532,81.917,-144.917,cleaning
-0.286,-0.328,1.156,88.532,81.917,-144.917,cleaning
-0.286,-0.328,1.156,140.805,118.947,-211.085,cleaning
-0.338,0.268,0.592,140.805,118.947,-211.085,cleaning
-0.338,0.268,0.592,165.812,151.497,-235.322,cleaning
-0.339,1.145,0.217,165.812,151.497,-235.322,cleaning
-0.339,1.145,0.217,156.992,203.77,-207.427,cleaning
-0.351,2.092,0.154,156.992,203.77,-207.427,cleaning
-0.351,2.092,0.154,103.95,171.815,-151.06,cleaning
-0.546,2.773,0.368,103.95,171.815,-151.06,cleaning
-0.546,2.773,0.368,29.767,55.667,-64.872,cleaning
-0.756,2.745,0.512,29.767,55.667,-64.872,cleaning
-0.756,2.745,0.512,-34.247,-96.67,33.302,cleaning
-0.71,1.804,0.534,-34.247,-96.67,33.302,cleaning
-0.71,1.804,0.534,-73.937,-180.04,125.51,cleaning
-0.727,0.91,0.293,-73.937,-180.04,125.51,cleaning
-0.727,0.91,0.293,-89.18,-93.992,216.107,cleaning
-0.599,0.69,0.294,-89.18,-93.992,216.107,cleaning
-0.385,0.647,0.214,-114.8,-52.185,254.38,cleaning
-0.067,-0.028,0.304,-114.8,-52.185,254.38,cleaning
-0.067,-0.028,0.304,-154.07,-121.17,244.982,cleaning
0.024,-1.364,0.888,-154.07,-121.17,244.982,cleaning
0.024,-1.364,0.888,-169.435,-235.515,175.472,cleaning
-0.133,-2.675,1.545,-169.435,-235.515,175.472,cleaning
-0.133,-2.675,1.545,-121.992,-296.992,47.355,cleaning
-0.535,-3.076,1.764,-121.992,-296.992,47.355,cleaning
-0.535,-3.076,1.764,-30.397,-147.35,-73.202,cleaning
-0.468,-1.988,1.613,-30.397,-147.35,-73.202,cleaning
-0.468,-1.988,1.613,69.125,163.992,-119.105,cleaning
-0.518,-0.572,1.433,69.125,163.992,-119.105,cleaning
-0.518,-0.572,1.433,137.252,258.877,-164.867,cleaning
-0.523,0.227,0.873,137.252,258.877,-164.867,cleaning
-0.523,0.227,0.873,149.852,172.445,-195.947,cleaning
-0.439,0.77,0.316,149.852,172.445,-195.947,cleaning
-0.439,0.77,0.316,115.902,99.417,-179.252,cleaning
-0.309,1.244,0.039,115.902,99.417,-179.252,cleaning
-0.411,1.756,0.275,115.902,99.417,-179.252,cleaning
-0.411,1.756,0.275,52.01,55.895,-129.185,cleaning
-0.669,2.185,0.708,52.01,55.895,-129.185,cleaning
-0.669,2.185,0.708,-0.122,30.1,-44.537,cleaning
-0.742,1.946,1.019,-0.122,30.1,-44.537,cleaning
-0.742,1.946,1.019,-24.395,-44.432,38.08,cleaning
-0.784,1.113,0.999,-24.395,-44.432,38.08,cleaning
-0.784,1.113,0.999,-28,-127.855,98.91,cleaning
-0.569,0.623,0.64,-28,-127.855,98.91,cleaning
-0.569,0.623,0.64,-18.672,-21.297,184.87,cleaning
-0.385,0.579,0.557,-18.672,-21.297,184.87,cleaning
-0.385,0.579,0.557,-30.555,80.64,235.812,cleaning
-0.274,0.586,0.514,-30.555,80.64,235.812,cleaning
-0.274,0.586,0.514,-58.502,92.172,249.532,cleaning
-0.127,0.364,0.512,-58.502,92.172,249.532,cleaning
-0.127,0.364,0.512,-89.477,53.847,231.402,cleaning
0.044,-0.002,0.645,-89.477,53.847,231.402,cleaning
0.044,-0.002,0.645,-112.717,-33.04,180.565,cleaning
0.072,-0.57,1.128,-112.717,-33.04,180.565,cleaning
-0.062,-1.379,1.583,-112.717,-33.04,180.565,cleaning
-0.062,-1.379,1.583,-102.252,-175.682,85.872,cleaning
-0.282,-1.888,1.737,-102.252,-175.682,85.872,cleaning
-0.282,-1.888,1.737,-54.897,-241.517,-23.747,cleaning
-0.503,-1.825,1.647,-54.897,-241.517,-23.747,cleaning
-0.503,-1.825,1.647,12.827,-83.982,-85.522,cleaning
-0.344,-0.989,1.383,12.827,-83.982,-85.522,cleaning
-0.344,-0.989,1.383,82.827,187.46,-90.842,cleaning
-0.33,-0.063,1.132,82.827,187.46,-90.842,cleaning
-0.33,-0.063,1.132,134.697,313.6,-96.477,cleaning
-0.245,0.592,0.747,134.697,313.6,-96.477,cleaning
-0.245,0.592,0.747,154.367,268.1,-108.815,cleaning
-0.149,1.002,0.431,154.367,268.1,-108.815,cleaning
-0.149,1.002,0.431,133.07,118.72,-123.427,cleaning
-0.207,1.245,0.236,133.07,118.72,-123.427,cleaning
-0.207,1.245,0.236,84,-31.605,-127.61,cleaning
-0.383,1.273,0.208,84,-31.605,-127.61,cleaning
-0.383,1.273,0.208,38.08,-70.84,-93.607,cleaning
-0.52,1.308,0.237,38.08,-70.84,-93.607,cleaning
-0.491,1.559,0.322,38.08,-70.84,-93.607,cleaning
-0.491,1.559,0.322,0.402,-21.017,-15.207,cleaning
-0.584,1.463,0.649,0.402,-21.017,-15.207,cleaning
-0.584,1.463,0.649,-46.83,-70.787,55.982,cleaning
-0.709,0.852,0.7,-46.83,-70.787,55.982,cleaning
-0.709,0.852,0.7,-78.347,-160.44,108.255,cleaning
-0.588,0.38,0.731,-78.347,-160.44,108.255,cleaning
-0.588,0.38,0.731,-85.032,-126.157,161.927,cleaning
-0.498,0.299,0.901,-85.032,-126.157,161.927,cleaning
-0.498,0.299,0.901,-80.552,-53.042,190.907,cleaning
-0.367,0.309,1.093,-80.552,-53.042,190.907,cleaning
-0.367,0.309,1.093,-72.45,-23.135,195.23,cleaning
-0.268,0.124,1.269,-72.45,-23.135,195.23,cleaning
-0.268,0.124,1.269,-59.622,-41.405,180.32,cleaning
-0.076,-0.299,1.273,-59.622,-41.405,180.32,cleaning
-0.076,-0.299,1.273,-46.165,-65.275,149.555,cleaning
0.188,-0.795,1.22,-46.165,-65.275,149.555,cleaning
0.188,-0.795,1.22,-34.02,-63.262,101.972,cleaning
0.371,-1.082,1.207,-34.02,-63.262,101.972,cleaning
0.393,-1.032,1.275,-34.02,-63.262,101.972,cleaning
0.393,-1.032,1.275,-19.005,-31.185,47.547,cleaning
0.191,-0.836,1.4,-19.005,-31.185,47.547,cleaning
0.191,-0.836,1.4,2.415,6.562,-5.197,cleaning
0.064,-0.501,1.359,2.415,6.562,-5.197,cleaning
0.064,-0.501,1.359,31.272,48.86,-45.062,cleaning
0.147,-0.036,1.132,31.272,48.86,-45.062,cleaning
0.147,-0.036,1.132,55.825,90.65,-62.597,cleaning
0.097,0.278,0.942,55.825,90.65,-62.597,cleaning
0.097,0.278,0.942,63.21,79.712,-79.555,cleaning
-0.014,0.396,0.77,63.21,79.712,-79.555,cleaning
-0.014,0.396,0.77,58.52,43.557,-96.092,cleaning
-0.163,0.479,0.593,58.52,43.557,-96.092,cleaning
-0.163,0.479,0.593,44.432,12.32,-105.42,cleaning
-0.325,0.664,0.416,44.432,12.32,-105.42,cleaning
-0.325,0.664,0.416,18.497,-6.387,-92.61,cleaning
-0.513,0.986,0.351,18.497,-6.387,-92.61,cleaning
-0.736,1.257,0.551,-15.47,-24.902,-50.855,cleaning
-0.94,1.394,0.782,-15.47,-24.902,-50.855,cleaning
-0.94,1.394,0.782,-41.755,-53.725,14.105,cleaning
-0.867,1.002,1.05,-41.755,-53.725,14.105,cleaning
-0.867,1.002,1.05,-57.82,-126.367,67.567,cleaning
-0.808,0.334,1.115,-57.82,-126.367,67.567,cleaning
-0.808,0.334,1.115,-52.325,-159.915,99.68,cleaning
-0.615,0.215,0.917,-52.325,-159.915,99.68,cleaning
-0.615,0.215,0.917,-40.075,-47.95,144.602,cleaning
-0.336,0.265,0.763,-40.075,-47.95,144.602,cleaning
-0.336,0.265,0.763,-46.007,63.665,169.837,cleaning
-0.062,0.381,0.594,-46.007,63.665,169.837,cleaning
-0.062,0.381,0.594,-71.995,79.852,164.132,cleaning
0.175,0.31,0.59,-71.995,79.852,164.132,cleaning
0.175,0.31,0.59,-107.415,-4.655,134.645,cleaning
0.315,-0.022,0.791,-107.415,-4.655,134.645,cleaning
0.315,-0.022,0.791,-127.155,-86.537,102.165,cleaning
0.243,-0.63,1.127,-127.155,-86.537,102.165,cleaning
0.142,-1.066,1.513,-127.155,-86.537,102.165,cleaning
0.142,-1.066,1.513,-110.915,-95.41,61.39,cleaning
-0.045,-1.347,1.803,-110.915,-95.41,61.39,cleaning
-0.045,-1.347,1.803,-62.072,-56.332,8.207,cleaning
-0.019,-1.089,1.481,-62.072,-56.332,8.207,cleaning
-0.019,-1.089,1.481,-1.697,3.762,-50.697,cleaning
0.179,-0.475,1.187,-1.697,3.762,-50.697,cleaning
0.179,-0.475,1.187,44.922,95.707,-75.6,cleaning
0.097,-0.105,1.179,44.922,95.707,-75.6,cleaning
0.097,-0.105,1.179,77.087,98.227,-108.99,cleaning
-0.065,-0.072,1.109,77.087,98.227,-108.99,cleaning
-0.065,-0.072,1.109,101.675,39.725,-149.485,cleaning
-0.215,-0.094,1.011,101.675,39.725,-149.485,cleaning
-0.215,-0.094,1.011,120.697,31.22,-172.025,cleaning
-0.34,-0.005,0.804,120.697,31.22,-172.025,cleaning
-0.34,-0.005,0.804,128.782,75.25,-170.345,cleaning
-0.395,0.285,0.545,128.782,75.25,-170.345,cleaning
-0.395,0.285,0.545,116.952,113.925,-148.61,cleaning
-0.482,0.686,0.348,116.952,113.925,-148.61,cleaning
-0.691,1.092,0.335,116.952,113.925,-148.61,cleaning
-0.691,1.092,0.335,82.39,111.895,-116.13,cleaning
-1.036,1.405,0.546,82.39,111.895,-116.13,cleaning
-1.036,1.405,0.546,41.335,87.167,-78.085,cleaning
-1.228,1.72,0.707,41.335,87.167,-78.085,cleaning
-1.228,1.72,0.707,10.29,65.642,-19.547,cleaning
-1.129,1.769,0.704,10.29,65.642,-19.547,cleaning
-1.129,1.769,0.704,-15.155,11.392,45.202,cleaning
-0.711,1.284,0.724,-15.155,11.392,45.202,cleaning
-0.711,1.284,0.724,-44.03,-117.145,72.572,cleaning
-0.525,0.64,0.605,-44.03,-117.145,72.572,cleaning
-0.525,0.64,0.605,-60.34,-172.777,95.987,cleaning
-0.455,0.316,0.457,-60.34,-172.777,95.987,cleaning
-0.455,0.316,0.457,-68.495,-91.735,130.392,cleaning
-0.258,0.283,0.567,-68.495,-91.735,130.392,cleaning
-0.258,0.283,0.567,-78.347,-11.497,150.237,cleaning
-0.072,0.317,0.723,-78.347,-11.497,150.237,cleaning
-0.072,0.317,0.723,-87.535,5.775,151.06,cleaning
0.089,0.197,0.925,-87.535,5.775,151.06,cleaning
0.31,-0.062,0.989,-87.535,5.775,151.06,cleaning
0.31,-0.062,0.989,-94.097,-62.667,119.56,cleaning
0.388,-0.63,1.111,-94.097,-62.667,119.56,cleaning
0.388,-0.63,1.111,-101.202,-152.425,75.915,cleaning
0.286,-1.076,1.465,-101.202,-152.425,75.915,cleaning
0.286,-1.076,1.465,-88.585,-167.615,33.565,cleaning
0.011,-1.243,1.74,-88.585,-167.615,33.565,cleaning
0.011,-1.243,1.74,-45.972,-79.432,-7,cleaning
-0.083,-0.782,1.617,-45.972,-79.432,-7,cleaning
-0.083,-0.782,1.617,10.902,59.867,-35.717,cleaning
0.06,-0.069,1.375,10.902,59.867,-35.717,cleaning
0.06,-0.069,1.375,49.997,96.6,-61.687,cleaning
0.06,0.294,1.01,49.997,96.6,-61.687,cleaning
0.06,0.294,1.01,57.75,20.055,-91.875,cleaning
-0.05,0.25,0.71,57.75,20.055,-91.875,cleaning
-0.05,0.25,0.71,44.677,-59.587,-118.842,cleaning
-0.277,0.066,0.545,44.677,-59.587,-118.842,cleaning
-0.277,0.066,0.545,31.885,-51.065,-125.755,cleaning
-0.619,0.252,0.475,31.885,-51.065,-125.755,cleaning
-1.124,0.984,0.568,31.885,-51.065,-125.755,cleaning
-1.124,0.984,0.568,30.537,20.387,-98.42,cleaning
-1.563,1.548,0.564,30.537,20.387,-98.42,cleaning
-1.563,1.548,0.564,30.835,49.07,-43.54,cleaning
-1.607,1.725,0.304,30.835,49.07,-43.54,cleaning
-1.607,1.725,0.304,19.757,21.91,31.15,cleaning
-1.079,1.055,0.351,19.757,21.91,31.15,cleaning
-1.079,1.055,0.351,-11.585,-72.782,77.787,cleaning
-0.886,0.567,0.109,-11.585,-72.782,77.787,cleaning
-0.886,0.567,0.109,-36.75,-25.41,137.34,cleaning
-0.849,0.718,0.421,-36.75,-25.41,137.34,cleaning
-0.849,0.718,0.421,-51.275,69.527,180.372,cleaning
-0.686,0.816,0.629,-51.275,69.527,180.372,cleaning
-0.686,0.816,0.629,-61.512,81.672,192.622,cleaning
-0.517,0.838,0.77,-61.512,81.672,192.622,cleaning
-0.517,0.838,0.77,-71.067,37.362,181.807,cleaning
-0.329,0.656,0.918,-71.067,37.362,181.807,cleaning
-0.128,0.057,1.119,-77.98,-38.29,156.012,cleaning
0.047,-0.472,1.32,-77.98,-38.29,156.012,cleaning
0.047,-0.472,1.32,-74.375,-80.237,132.702,cleaning
0.061,-0.827,1.471,-74.375,-80.237,132.702,cleaning
0.061,-0.827,1.471,-57.05,-51.082,116.76,cleaning
0.092,-0.987,1.529,-57.05,-51.082,116.76,cleaning
0.092,-0.987,1.529,-37.8,-10.465,91.525,cleaning
0.154,-0.945,1.529,-37.8,-10.465,91.525,cleaning
0.154,-0.945,1.529,-22.872,-1.855,53.777,cleaning
0.083,-0.909,1.626,-22.872,-1.855,53.777,cleaning
0.083,-0.909,1.626,-5.88,-24.132,3.885,cleaning
-0.021,-0.702,1.337,-5.88,-24.132,3.885,cleaning
-0.021,-0.702,1.337,14.315,16.257,-21.28,cleaning
0.149,-0.202,1.252,14.315,16.257,-21.28,cleaning
0.149,-0.202,1.252,26.232,15.645,-44.555,cleaning
0.121,-0.22,1.233,26.232,15.645,-44.555,cleaning
0.121,-0.22,1.233,33.81,-44.292,-84.42,cleaning
0.068,-0.466,1.037,33.81,-44.292,-84.42,cleaning
0.028,-0.387,0.982,38.307,-33.547,-109.147,cleaning
-0.137,-0.135,1.03,38.307,-33.547,-109.147,cleaning
-0.137,-0.135,1.03,42.14,8.732,-122.745,cleaning
-0.307,0.164,1.087,42.14,8.732,-122.745,cleaning
-0.307,0.164,1.087,50.225,36.627,-131.512,cleaning
-0.412,0.415,1.036,50.225,36.627,-131.512,cleaning
-0.412,0.415,1.036,57.207,43.295,-132.51,cleaning
-0.475,0.56,0.93,57.207,43.295,-132.51,cleaning
-0.475,0.56,0.93,59.43,40.197,-124.635,cleaning
-0.49,0.664,0.752,59.43,40.197,-124.635,cleaning
-0.49,0.664,0.752,54.757,27.037,-113.452,cleaning
-0.52,0.712,0.623,54.757,27.037,-113.452,cleaning
-0.52,0.712,0.623,43.12,7.752,-104.912,cleaning
-0.59,0.703,0.589,43.12,7.752,-104.912,cleaning
-0.59,0.703,0.589,31.237,-11.147,-97.65,cleaning
-0.712,0.601,0.649,31.237,-11.147,-97.65,cleaning
-0.712,0.601,0.649,27.265,-13.3,-85.82,cleaning
-0.798,0.589,0.635,27.265,-13.3,-85.82,cleaning
-0.888,0.729,0.607,27.265,-13.3,-85.82,cleaning
-0.888,0.729,0.607,28.472,11.637,-62.545,cleaning
-0.963,0.919,0.473,28.472,11.637,-62.545,cleaning
-0.963,0.919,0.473,28.595,37.572,-26.652,cleaning
-0.945,1.077,0.294,28.595,37.572,-26.652,cleaning
-0.945,1.077,0.294,16.38,36.522,15.172,cleaning
-0.705,0.881,0.536,16.38,36.522,15.172,cleaning
-0.705,0.881,0.536,-7.665,-38.552,37.922,cleaning
-0.892,0.667,0.65,-7.665,-38.552,37.922,cleaning
-0.892,0.667,0.65,-16.59,-72.66,66.57,cleaning
-0.832,0.619,0.645,-16.59,-72.66,66.57,cleaning
-0.832,0.619,0.645,-15.697,-26.722,103.582,cleaning
-0.628,0.613,0.616,-15.697,-26.722,103.582,cleaning
-0.628,0.613,0.616,-21.682,22.715,132.072,cleaning
-0.489,0.654,0.658,-21.682,22.715,132.072,cleaning
-0.489,0.654,0.658,-31.902,29.995,144.375,cleaning
-0.383,0.665,0.761,-31.902,29.995,144.375,cleaning
-0.383,0.665,0.761,-39.585,2.047,141.12,cleaning
-0.23,0.494,0.843,-39.585,2.047,141.12,cleaning
0.02,0.099,0.934,-39.585,2.047,141.12,cleaning
0.02,0.099,0.934,-43.68,-40.425,126.892,cleaning
0.231,-0.281,1.048,-43.68,-40.425,126.892,cleaning
0.231,-0.281,1.048,-42.945,-54.25,110.022,cleaning
0.379,-0.619,1.169,-42.945,-54.25,110.022,cleaning
0.379,-0.619,1.169,-36.75,-42.612,88.795,cleaning
0.542,-0.959,1.298,-36.75,-42.612,88.795,cleaning
0.542,-0.959,1.298,-29.452,-45.482,49.525,cleaning
0.368,-1.151,1.647,-29.452,-45.482,49.525,cleaning
0.368,-1.151,1.647,-11.06,-27.352,1.505,cleaning
0.037,-0.66,1.557,-11.06,-27.352,1.505,cleaning
0.037,-0.66,1.557,23.712,70.28,-15.977,cleaning
0.159,-0.115,1.574,23.712,70.28,-15.977,cleaning
0.159,-0.115,1.574,51.31,90.475,-41.177,cleaning
-0.04,0.007,1.432,51.31,90.475,-41.177,cleaning
-0.04,0.007,1.432,68.827,22.05,-94.097,cleaning
-0.37,-0.217,1.232,68.827,22.05,-94.097,cleaning
-0.37,-0.217,1.232,84.175,-19.985,-152.022,cleaning
-0.737,-0.443,0.988,84.175,-19.985,-152.022,cleaning
-1.024,-0.546,0.722,84.175,-19.985,-152.022,cleaning
-1.024,-0.546,0.722,92.33,-6.405,-194.442,cleaning
-1.103,-0.491,0.606,92.33,-6.405,-194.442,cleaning
-1.103,-0.491,0.606,88.97,28.577,-214.41,cleaning
-1.167,-0.366,0.711,88.97,28.577,-214.41,cleaning
-1.167,-0.366,0.711,79.17,46.76,-224.175,cleaning
-1.094,-0.244,0.806,79.17,46.76,-224.175,cleaning
-1.094,-0.244,0.806,71.26,53.462,-230.212,cleaning
-0.987,-0.035,0.951,71.26,53.462,-230.212,cleaning
-0.987,-0.035,0.951,67.97,69.632,-227.92,cleaning
-0.955,0.202,1.074,67.97,69.632,-227.92,cleaning
-0.955,0.202,1.074,71.82,69.807,-226.922,cleaning
-0.913,0.313,1.066,71.82,69.807,-226.922,cleaning
-0.913,0.313,1.066,77.98,45.43,-232.347,cleaning
-0.853,0.314,0.895,77.98,45.43,-232.347,cleaning
-0.853,0.314,0.895,80.447,33.442,-237.807,cleaning
-0.805,0.294,0.696,80.447,33.442,-237.807,cleaning
-0.805,0.294,0.696,78.802,40.285,-238.56,cleaning
-0.794,0.337,0.634,78.802,40.285,-238.56,cleaning
-0.835,0.432,0.66,78.802,40.285,-238.56,cleaning
-0.835,0.432,0.66,80.727,56.157,-232.05,cleaning
-0.797,0.501,0.573,80.727,56.157,-232.05,cleaning
-0.797,0.501,0.573,89.74,73.045,-222.337,cleaning
-0.7,0.601,0.459,89.74,73.045,-222.337,cleaning
-0.7,0.601,0.459,95.987,100.677,-205.607,cleaning
-0.578,0.787,0.372,95.987,100.677,-205.607,cleaning
-0.578,0.787,0.372,96.25,139.422,-174.667,cleaning
-0.456,1.032,0.424,96.25,139.422,-174.667,cleaning
-0.456,1.032,0.424,89.285,144.042,-137.392,cleaning
-0.295,1.192,0.515,89.285,144.042,-137.392,cleaning
-0.295,1.192,0.515,73.377,97.16,-101.29,cleaning
-0.145,1.269,0.575,73.377,97.16,-101.29,cleaning
-0.145,1.269,0.575,51.31,34.212,-64.925,cleaning
-0.046,1.187,0.658,51.31,34.212,-64.925,cleaning
-0.046,1.187,0.658,31.815,-25.27,-40.215,cleaning
0.099,0.898,0.728,31.815,-25.27,-40.215,cleaning
0.186,0.62,0.855,17.272,-63.98,-33.652,cleaning
0.2,0.479,0.933,17.272,-63.98,-33.652,cleaning
0.2,0.479,0.933,14.63,-59.202,-35.175,cleaning
0.212,0.397,0.985,14.63,-59.202,-35.175,cleaning
0.212,0.397,0.985,20.177,-29.995,-41.807,cleaning
0.213,0.379,0.986,20.177,-29.995,-41.807,cleaning
0.213,0.379,0.986,27.317,3.237,-52.325,cleaning
0.202,0.523,0.943,27.317,3.237,-52.325,cleaning
0.202,0.523,0.943,32.602,34.457,-57.05,cleaning
0.165,0.657,0.891,32.602,34.457,-57.05,cleaning
0.165,0.657,0.891,32.725,39.252,-57.54,cleaning
0.166,0.687,0.817,32.725,39.252,-57.54,cleaning
0.166,0.687,0.817,26.81,27.352,-55.02,cleaning
0.16,0.712,0.765,26.81,27.352,-55.02,cleaning
0.16,0.712,0.765,18.392,14.49,-48.51,cleaning
0.099,0.711,0.753,18.392,14.49,-48.51,cleaning
0.099,0.711,0.753,11.252,0.997,-39.392,cleaning
0.005,0.687,0.768,11.252,0.997,-39.392,cleaning
-0.01,0.685,0.69,11.252,0.997,-39.392,cleaning
-0.01,0.685,0.69,6.44,-9.817,-28.227,cleaning
-0.082,0.764,0.644,6.44,-9.817,-28.227,cleaning
-0.082,0.764,0.644,0.227,-13.247,-13.65,cleaning
-0.179,0.872,0.615,0.227,-13.247,-13.65,cleaning
-0.179,0.872,0.615,-3.045,-6.142,6.597,cleaning
-0.222,0.911,0.635,-3.045,-6.142,6.597,cleaning
-0.222,0.911,0.635,-6.545,-16.135,26.355,cleaning
-0.25,0.916,0.62,-6.545,-16.135,26.355,cleaning
-0.25,0.916,0.62,-14.122,-52.797,41.807,cleaning
-0.301,0.823,0.607,-14.122,-52.797,41.807,cleaning
-0.301,0.823,0.607,-22.365,-76.597,60.077,cleaning
-0.327,0.752,0.59,-22.365,-76.597,60.077,cleaning
-0.327,0.752,0.59,-27.825,-57.172,86.677,cleaning
-0.338,0.82,0.589,-27.825,-57.172,86.677,cleaning
-0.338,0.82,0.589,-33.547,-16.572,122.5,cleaning
-0.465,0.957,0.69,-33.547,-16.572,122.5,cleaning
-0.465,0.957,0.69,-40.075,-8.12,155.54,cleaning
-0.64,1.035,0.655,-40.075,-8.12,155.54,cleaning
-0.802,1.024,0.473,-40.075,-8.12,155.54,cleaning
-0.802,1.024,0.473,-53.55,-26.285,185.85,cleaning
-0.935,0.936,0.438,-53.55,-26.285,185.85,cleaning
-0.935,0.936,0.438,-82.005,-44.625,217.735,cleaning
-0.983,0.828,0.619,-82.005,-44.625,217.735,cleaning
-0.983,0.828,0.619,-112.227,-80.15,244.247,cleaning
-1.001,0.561,0.811,-112.227,-80.15,244.247,cleaning
-1.001,0.561,0.811,-123.392,-136.5,253.802,cleaning
-1.057,0.05,0.862,-123.392,-136.5,253.802,cleaning
-1.057,0.05,0.862,-112.245,-162.347,241.972,cleaning
-1.009,-0.393,0.862,-112.245,-162.347,241.972,cleaning
-1.009,-0.393,0.862,-91.052,-118.597,221.042,cleaning
-0.92,-0.6,0.859,-91.052,-118.597,221.042,cleaning
-0.92,-0.6,0.859,-71.977,-26.757,200.62,cleaning
-0.751,-0.448,0.931,-71.977,-26.757,200.62,cleaning
-0.751,-0.448,0.931,-63.542,35.472,176.907,cleaning
-0.627,-0.228,1.044,-63.542,35.472,176.907,cleaning
-0.627,-0.228,1.044,-61.022,41.125,151.252,cleaning
-0.584,-0.041,1.059,-61.022,41.125,151.252,cleaning
-0.569,0.056,0.994,-61.022,41.125,151.252,cleaning
-0.569,0.056,0.994,-60.865,21.42,128.065,cleaning
-0.515,-0.008,1,-60.865,21.42,128.065,cleaning
-0.515,-0.008,1,-64.435,-6.002,105.472,cleaning
-0.41,-0.119,1.03,-64.435,-6.002,105.472,cleaning
-0.41,-0.119,1.03,-64.54,-29.242,79.17,cleaning
-0.304,-0.263,1.107,-64.54,-29.242,79.17,cleaning
-0.304,-0.263,1.107,-59.657,-35.035,49.49,cleaning
-0.202,-0.41,1.206,-59.657,-35.035,49.49,cleaning
-0.202,-0.41,1.206,-49.28,-27.352,18.392,cleaning
-0.112,-0.489,1.304,-49.28,-27.352,18.392,cleaning
-0.112,-0.489,1.304,-32.917,-13.93,-15.26,cleaning
-0.034,-0.492,1.36,-32.917,-13.93,-15.26,cleaning
-0.034,-0.492,1.36,-11.095,1.365,-49.717,cleaning
0.027,-0.396,1.362,-11.095,1.365,-49.717,cleaning
0.027,-0.396,1.362,11.83,8.05,-81.427,cleaning
0.071,-0.303,1.315,11.83,8.05,-81.427,cleaning
0.071,-0.303,1.315,30.485,3.517,-109.095,cleaning
0.084,-0.238,1.247,30.485,3.517,-109.095,cleaning
0.117,-0.107,1.056,30.485,3.517,-109.095,cleaning
0.117,-0.107,1.056,44.835,8.54,-129.64,cleaning
0.193,0.088,0.894,44.835,8.54,-129.64,cleaning
0.193,0.088,0.894,50.225,24.027,-139.842,cleaning
0.233,0.284,0.819,50.225,24.027,-139.842,cleaning
0.233,0.284,0.819,49.682,33.74,-143.097,cleaning
0.24,0.451,0.831,49.682,33.74,-143.097,cleaning
0.24,0.451,0.831,50.627,35.35,-144.952,cleaning
0.207,0.56,0.881,50.627,35.35,-144.952,cleaning
0.207,0.56,0.881,52.552,24.132,-143.657,cleaning
0.11,0.638,0.948,52.552,24.132,-143.657,cleaning
0.11,0.638,0.948,58.415,19.022,-132.632,cleaning
0.015,0.69,0.972,58.415,19.022,-132.632,cleaning
0.015,0.69,0.972,69.737,19.862,-117.582,cleaning
-0.061,0.772,0.898,69.737,19.862,-117.582,cleaning
-0.061,0.772,0.898,82.565,37.24,-97.492,cleaning
-0.149,0.972,0.655,82.565,37.24,-97.492,cleaning
-0.282,1.281,0.361,82.092,56.017,-68.162,cleaning
-0.631,1.651,0.276,82.092,56.017,-68.162,cleaning
-0.631,1.651,0.276,56.997,54.862,-25.13,cleaning
-1.062,1.884,0.207,56.997,54.862,-25.13,cleaning
-1.062,1.884,0.207,17.745,15.697,29.925,cleaning
-1.258,1.665,0.236,17.745,15.697,29.925,cleaning
-1.258,1.665,0.236,-27.965,-44.292,90.79,cleaning
-1.156,1.167,0.167,-27.965,-44.292,90.79,cleaning
-1.156,1.167,0.167,-61.617,-47.775,159.057,cleaning
-1.061,0.886,0.208,-61.617,-47.775,159.057,cleaning
-1.061,0.886,0.208,-85.242,-7.84,213.342,cleaning
-1.033,0.782,0.316,-85.242,-7.84,213.342,cleaning
-1.033,0.782,0.316,-100.87,-4.217,235.952,cleaning
-1.057,0.604,0.57,-100.87,-4.217,235.952,cleaning
-1.057,0.604,0.57,-105.77,-48.16,226.327,cleaning
-0.976,0.154,0.867,-105.77,-48.16,226.327,cleaning
-0.976,0.154,0.867,-95.76,-83.457,198.87,cleaning
-0.761,-0.247,1.093,-95.76,-83.457,198.87,cleaning
-0.542,-0.386,1.2,-95.76,-83.457,198.87,cleaning
-0.542,-0.386,1.2,-78.382,-70.542,172.987,cleaning
-0.487,-0.361,1.226,-78.382,-70.542,172.987,cleaning
-0.487,-0.361,1.226,-66.99,-28.49,153.457,cleaning
-0.561,-0.201,1.232,-66.99,-28.49,153.457,cleaning
-0.561,-0.201,1.232,-63.28,5.792,136.972,cleaning
-0.583,-0.128,1.213,-63.28,5.792,136.972,cleaning
-0.583,-0.128,1.213,-60.882,2.607,118.562,cleaning
-0.477,-0.253,1.147,-60.882,2.607,118.562,cleaning
-0.477,-0.253,1.147,-54.67,-30.625,88.217,cleaning
-0.311,-0.47,1.084,-54.67,-30.625,88.217,cleaning
-0.311,-0.47,1.084,-44.222,-57.26,52.045,cleaning
-0.183,-0.823,1.109,-44.222,-57.26,52.045,cleaning
-0.183,-0.823,1.109,-28.402,-51.24,8.872,cleaning
-0.084,-0.942,1.163,-28.402,-51.24,8.872,cleaning
-0.084,-0.942,1.163,-5.127,8.47,-26.18,cleaning
-0.07,-0.676,1.252,-5.127,8.47,-26.18,cleaning
-0.07,-0.676,1.252,23.292,69.037,-51.187,cleaning
-0.035,-0.24,1.305,23.292,69.037,-51.187,cleaning
0.027,0.005,1.356,23.292,69.037,-51.187,cleaning
0.027,0.005,1.356,47.827,68.075,-73.955,cleaning
0.115,-0.055,1.342,47.827,68.075,-73.955,cleaning
0.115,-0.055,1.342,63.385,9.467,-100.327,cleaning
0.203,-0.232,1.229,63.385,9.467,-100.327,cleaning
0.203,-0.232,1.229,72.59,-32.147,-127.995,cleaning
0.246,-0.175,1.087,72.59,-32.147,-127.995,cleaning
0.246,-0.175,1.087,76.457,-13.825,-146.807,cleaning
0.162,0.112,1.009,76.457,-13.825,-146.807,cleaning
0.162,0.112,1.009,76.632,32.025,-154.07,cleaning
0.014,0.413,1.048,76.632,32.025,-154.07,cleaning
0.014,0.413,1.048,78.575,50.417,-156.73,cleaning
-0.13,0.628,1.031,78.575,50.417,-156.73,cleaning
-0.13,0.628,1.031,84.682,31.185,-159.075,cleaning
-0.214,0.584,0.897,84.682,31.185,-159.075,cleaning
-0.214,0.584,0.897,86.782,2.765,-165.515,cleaning
-0.28,0.418,0.724,86.782,2.765,-165.515,cleaning
-0.28,0.418,0.724,80.675,-1.05,-172.97,cleaning
-0.367,0.364,0.554,80.675,-1.05,-172.97,cleaning
-0.551,0.595,0.572,80.675,-1.05,-172.97,cleaning
-0.551,0.595,0.572,68.722,29.19,-170.94,cleaning
-0.769,0.847,0.716,68.722,29.19,-170.94,cleaning
-0.769,0.847,0.716,64.312,56.087,-156.012,cleaning
-0.898,0.953,0.679,64.312,56.087,-156.012,cleaning
-0.898,0.953,0.679,66.132,51.17,-136.097,cleaning
-0.869,0.928,0.507,66.132,51.17,-136.097,cleaning
-0.869,0.928,0.507,57.627,29.225,-105.28,cleaning
-0.752,0.862,0.428,57.627,29.225,-105.28,cleaning
-0.752,0.862,0.428,36.172,6.282,-63.98,cleaning
-0.7,0.763,0.44,36.172,6.282,-63.98,cleaning
-0.7,0.763,0.44,16.502,2.905,-15.085,cleaning
-0.697,0.694,0.601,16.502,2.905,-15.085,cleaning
-0.697,0.694,0.601,3.832,-1.785,25.025,cleaning
-0.629,0.53,0.659,3.832,-1.785,25.025,cleaning
-0.629,0.53,0.659,-5.827,-31.85,39.62,cleaning
-0.395,0.213,0.691,-5.827,-31.85,39.62,cleaning
-0.395,0.213,0.691,-10.22,-42.822,33.372,cleaning
-0.494,0.095,0.876,-10.22,-42.822,33.372,cleaning
-0.613,0.171,1.016,-10.22,-42.822,33.372,cleaning
-0.613,0.171,1.016,3.482,6.212,33.32,cleaning
-0.442,0.323,0.969,3.482,6.212,33.32,cleaning
-0.442,0.323,0.969,18.06,49.14,37.24,cleaning
-0.387,0.436,0.862,18.06,49.14,37.24,cleaning
-0.387,0.436,0.862,16.1,52.167,40.39,cleaning
-0.42,0.513,0.847,16.1,52.167,40.39,cleaning
-0.42,0.513,0.847,4.777,37.257,44.957,cleaning
-0.452,0.561,0.88,4.777,37.257,44.957,cleaning
-0.452,0.561,0.88,-4.532,18.27,51.572,cleaning
-0.462,0.544,0.881,-4.532,18.27,51.572,cleaning
-0.462,0.544,0.881,-10.045,3.675,56.945,cleaning
-0.436,0.492,0.889,-10.045,3.675,56.945,cleaning
-0.436,0.492,0.889,-12.11,1.26,60.042,cleaning
-0.384,0.488,0.879,-12.11,1.26,60.042,cleaning
-0.384,0.488,0.879,-12.372,3.587,61.81,cleaning
-0.267,0.498,0.855,-12.372,3.587,61.81,cleaning
-0.154,0.464,0.874,-13.685,-3.412,58.712,cleaning
-0.054,0.415,0.907,-13.685,-3.412,58.712,cleaning
-0.054,0.415,0.907,-12.652,-10.185,52.01,cleaning
0.077,0.365,0.962,-12.652,-10.185,52.01,cleaning
0.077,0.365,0.962,-8.032,-6.16,46.025,cleaning
0.35,0.25,1.069,-8.032,-6.16,46.025,cleaning
0.35,0.25,1.069,0.42,-6.177,35.332,cleaning
0.727,0.127,1.147,0.42,-6.177,35.332,cleaning
0.727,0.127,1.147,16.52,-8.627,17.762,cleaning
0.983,0.017,1.096,16.52,-8.627,17.762,cleaning
0.983,0.017,1.096,30.782,3.92,-1.75,cleaning
0.943,0.077,0.989,30.782,3.92,-1.75,cleaning
0.943,0.077,0.989,37.24,40.582,-12.495,cleaning
0.555,0.345,0.97,37.24,40.582,-12.495,cleaning
0.555,0.345,0.97,38.36,70.332,-17.29,cleaning
0.626,0.478,0.911,38.36,70.332,-17.29,cleaning
0.626,0.478,0.911,28.822,14,-34.02,cleaning
0.742,0.302,0.788,28.822,14,-34.02,cleaning
0.491,-0.065,0.754,15.785,-33.442,-61.285,cleaning
0.235,0.046,0.978,15.785,-33.442,-61.285,cleaning
0.235,0.046,0.978,13.51,-13.895,-90.965,cleaning
-0.111,0.402,1.181,13.51,-13.895,-90.965,cleaning
-0.111,0.402,1.181,29.89,29.172,-106.995,cleaning
-0.313,0.757,1.085,29.89,29.172,-106.995,cleaning
-0.313,0.757,1.085,45.692,34.475,-111.405,cleaning
-0.477,0.861,0.915,45.692,34.475,-111.405,cleaning
-0.477,0.861,0.915,44.817,-4.217,-110.967,cleaning
-0.639,0.747,0.722,44.817,-4.217,-110.967,cleaning
-0.639,0.747,0.722,31.745,-38.465,-103.845,cleaning
-0.81,0.526,0.706,31.745,-38.465,-103.845,cleaning
-0.81,0.526,0.706,24.272,-34.3,-89.757,cleaning
-0.856,0.423,0.629,24.272,-34.3,-89.757,cleaning
-0.856,0.423,0.629,22.155,-2.992,-65.275,cleaning
-0.736,0.51,0.585,22.155,-2.992,-65.275,cleaning
-0.736,0.51,0.585,15.645,-1.68,-40.337,cleaning
-0.588,0.606,0.552,15.645,-1.68,-40.337,cleaning
-0.485,0.606,0.586,15.645,-1.68,-40.337,cleaning
-0.485,0.606,0.586,6.475,-25.707,-18.095,cleaning
-0.299,0.503,0.643,6.475,-25.707,-18.095,cleaning
-0.299,0.503,0.643,0.84,-42.84,0.542,cleaning
-0.103,0.403,0.687,0.84,-42.84,0.542,cleaning
-0.103,0.403,0.687,-4.042,-49.665,12.215,cleaning
0.016,0.488,0.791,-4.042,-49.665,12.215,cleaning
0.016,0.488,0.791,-3.097,-36.54,21.595,cleaning
0.109,0.645,0.879,-3.097,-36.54,21.595,cleaning
0.109,0.645,0.879,7.472,-10.272,34.51,cleaning
0.032,0.778,0.706,7.472,-10.272,34.51,cleaning
0.032,0.778,0.706,18.13,25.725,49.892,cleaning
-0.1,0.808,0.446,18.13,25.725,49.892,cleaning
-0.1,0.808,0.446,12.215,54.635,58.695,cleaning
-0.216,0.93,0.443,12.215,54.635,58.695,cleaning
-0.216,0.93,0.443,-6.51,41.72,67.27,cleaning
-0.303,0.881,0.561,-6.51,41.72,67.27,cleaning
-0.303,0.881,0.561,-23.73,24.937,82.687,cleaning
-0.301,0.789,0.731,-23.73,24.937,82.687,cleaning
-0.285,0.744,0.753,-23.73,24.937,82.687,cleaning
-0.285,0.744,0.753,-34.79,34.072,102.9,cleaning
-0.318,0.871,0.766,-34.79,34.072,102.9,cleaning
-0.318,0.871,0.766,-45.99,48.93,122.097,cleaning
-0.361,0.927,0.753,-45.99,48.93,122.097,cleaning
-0.361,0.927,0.753,-56.315,32.637,132.37,cleaning
-0.321,0.966,0.837,-56.315,32.637,132.37,cleaning
-0.321,0.966,0.837,-67.62,-14.98,136.482,cleaning
-0.256,0.773,0.905,-67.62,-14.98,136.482,cleaning
-0.256,0.773,0.905,-75.092,-76.895,136.08,cleaning
-0.24,0.455,0.961,-75.092,-76.895,136.08,cleaning
-0.24,0.455,0.961,-73.377,-102.76,129.535,cleaning
-0.244,0.2,0.927,-73.377,-102.76,129.535,cleaning
-0.244,0.2,0.927,-66.5,-81.375,123.532,cleaning
-0.275,0.117,0.98,-66.5,-81.375,123.532,cleaning
-0.275,0.117,0.98,-65.992,-82.74,107.38,cleaning
-0.312,-0.134,1.058,-65.992,-82.74,107.38,cleaning
-0.312,-0.134,1.058,-68.407,-103.145,80.342,cleaning
-0.354,-0.279,1.153,-68.407,-103.145,80.342,cleaning
-0.465,-0.43,1.292,-68.407,-103.145,80.342,cleaning
-0.465,-0.43,1.292,-65.835,-111.597,56.84,cleaning
-0.544,-0.626,1.375,-65.835,-111.597,56.84,cleaning
-0.544,-0.626,1.375,-52.762,-120.54,28.227,cleaning
-0.473,-0.975,1.258,-52.762,-120.54,28.227,cleaning
-0.473,-0.975,1.258,-35.927,-129.15,-11.305,cleaning
-0.408,-0.804,0.979,-35.927,-129.15,-11.305,cleaning
-0.408,-0.804,0.979,-18.567,-22.96,-21.175,cleaning
-0.618,-0.247,1.102,-18.567,-22.96,-21.175,cleaning
-0.618,-0.247,1.102,0.525,55.3,-30.992,cleaning
-0.537,-0.075,1.094,0.525,55.3,-30.992,cleaning
-0.537,-0.075,1.094,11.392,-0.717,-63.157,cleaning
-0.441,-0.179,0.968,11.392,-0.717,-63.157,cleaning
-0.441,-0.179,0.968,13.825,-61.057,-94.22,cleaning
-0.418,-0.296,0.862,13.825,-61.057,-94.22,cleaning
-0.418,-0.296,0.862,14.735,-58.362,-113.505,cleaning
-0.451,-0.182,0.894,14.735,-58.362,-113.505,cleaning
-0.452,0.077,0.918,22.225,-26.162,-122.762,cleaning
-0.393,0.266,0.876,22.225,-26.162,-122.762,cleaning
-0.393,0.266,0.876,28.35,-13.912,-128.327,cleaning
-0.359,0.47,0.792,28.35,-13.912,-128.327,cleaning
-0.359,0.47,0.792,35.735,15.75,-127.417,cleaning
-0.305,0.631,0.754,35.735,15.75,-127.417,cleaning
-0.305,0.631,0.754,56.927,90.825,-118.02,cleaning
-0.081,0.853,0.49,56.927,90.825,-118.02,cleaning
-0.081,0.853,0.49,84.035,186.655,-103.862,cleaning
0.234,1.388,0.149,84.035,186.655,-103.862,cleaning
0.234,1.388,0.149,91.017,244.51,-77.105,cleaning
0.493,1.958,0.094,91.017,244.51,-77.105,cleaning
0.493,1.958,0.094,67.375,193.795,-43.435,cleaning
0.72,2.089,0.268,67.375,193.795,-43.435,cleaning
0.72,2.089,0.268,37.17,89.075,-10.395,cleaning
0.538,1.925,0.73,37.17,89.075,-10.395,cleaning
0.538,1.925,0.73,19.582,-48.545,-2.957,cleaning
0.401,1.172,0.789,19.582,-48.545,-2.957,cleaning
0.43,0.435,0.638,7.525,-102.637,-2.38,cleaning
0.356,0.218,0.509,7.525,-102.637,-2.38,cleaning
0.356,0.218,0.509,-6.632,7.42,23.24,cleaning
0.136,0.851,0.666,-6.632,7.42,23.24,cleaning
0.136,0.851,0.666,-21.542,156.012,66.675,cleaning
0.006,1.309,0.691,-21.542,156.012,66.675,cleaning
0.006,1.309,0.691,-40.565,149.502,86.52,cleaning
-0.138,1.361,0.727,-40.565,149.502,86.52,cleaning
-0.138,1.361,0.727,-61.95,28.017,84.997,cleaning
-0.193,0.843,0.679,-61.95,28.017,84.997,cleaning
-0.193,0.843,0.679,-80.255,-95.585,75.95,cleaning
-0.307,0.367,0.705,-80.255,-95.585,75.95,cleaning
-0.307,0.367,0.705,-87.972,-136.272,71.977,cleaning
-0.55,0.018,0.839,-87.972,-136.272,71.977,cleaning
-0.55,0.018,0.839,-81.917,-109.637,64.925,cleaning
-0.744,-0.04,1.067,-81.917,-109.637,64.925,cleaning
-0.744,-0.04,1.067,-65.695,-57.032,61.827,cleaning
-0.822,-0.031,1.232,-65.695,-57.032,61.827,cleaning
-0.812,-0.125,1.239,-46.06,-34.807,58.765,cleaning
-0.772,-0.297,1.16,-46.06,-34.807,58.765,cleaning
-0.772,-0.297,1.16,-31.185,-47.81,45.15,cleaning
-0.719,-0.468,1.154,-31.185,-47.81,45.15,cleaning
-0.719,-0.468,1.154,-22.645,-71.505,23.905,cleaning
-0.671,-0.719,1.174,-22.645,-71.505,23.905,cleaning
-0.671,-0.719,1.174,-16.747,-98.385,-7.262,cleaning
-0.431,-0.804,0.951,-16.747,-98.385,-7.262,cleaning
-0.431,-0.804,0.951,-8.645,-31.57,-16.065,cleaning
-0.542,-0.288,1.077,-8.645,-31.57,-16.065,cleaning
-0.542,-0.288,1.077,11.34,78.032,-5.407,cleaning
-0.526,0.071,1.148,11.34,78.032,-5.407,cleaning
-0.526,0.071,1.148,25.077,54.845,-23.065,cleaning
-0.391,0.033,1.07,25.077,54.845,-23.065,cleaning
-0.391,0.033,1.07,24.395,-38.92,-64.837,cleaning
-0.374,-0.245,1.035,24.395,-38.92,-64.837,cleaning
-0.374,-0.245,1.035,24.307,-73.535,-103.267,cleaning
-0.378,-0.401,1.033,24.307,-73.535,-103.267,cleaning
-0.386,-0.231,1.01,24.307,-73.535,-103.267,cleaning
-0.386,-0.231,1.01,35.42,-13.807,-116.41,cleaning
-0.417,0.062,1.034,35.42,-13.807,-116.41,cleaning
-0.417,0.062,1.034,48.422,46.55,-115.395,cleaning
-0.432,0.31,0.947,48.422,46.55,-115.395,cleaning
-0.432,0.31,0.947,56.682,64.662,-113.207,cleaning
-0.378,0.564,0.873,56.682,64.662,-113.207,cleaning
-0.378,0.564,0.873,64.907,71.837,-107.712,cleaning
-0.303,0.657,0.776,64.907,71.837,-107.712,cleaning
-0.303,0.657,0.776,67.427,44.73,-113.4,cleaning
-0.255,0.783,0.65,67.427,44.73,-113.4,cleaning
-0.255,0.783,0.65,62.51,24.412,-119.857,cleaning
-0.224,1.002,0.618,62.51,24.412,-119.857,cleaning
-0.224,1.002,0.618,56.455,21.542,-114.677,cleaning
-0.144,1.13,0.601,56.455,21.542,-114.677,cleaning
-0.144,1.13,0.601,55.982,35.07,-92.487,cleaning
-0.01,1.156,0.507,55.982,35.07,-92.487,cleaning
-0.01,1.156,0.507,56.07,62.177,-58.205,cleaning
0.054,1.179,0.376,56.07,62.177,-58.205,cleaning
0.147,1.162,0.191,56.07,62.177,-58.205,cleaning
0.147,1.162,0.191,50.347,89.127,-20.667,cleaning
0.225,1.447,0.221,50.347,89.127,-20.667,cleaning
0.225,1.447,0.221,38.15,106.207,15.225,cleaning
0.142,1.36,0.444,38.15,106.207,15.225,cleaning
0.142,1.36,0.444,19.722,7.717,11.76,cleaning
0.129,1.112,0.57,19.722,7.717,11.76,cleaning
0.129,1.112,0.57,2.502,-96.862,2.03,cleaning
0.091,0.884,0.632,2.502,-96.862,2.03,cleaning
0.091,0.884,0.632,-9.975,-116.97,12.775,cleaning
0.06,0.701,0.652,-9.975,-116.97,12.775,cleaning
0.06,0.701,0.652,-16.1,-30.345,49.892,cleaning
-0.043,0.884,0.622,-16.1,-30.345,49.892,cleaning
-0.043,0.884,0.622,-19.687,72.73,92.715,cleaning
-0.172,1.102,0.612,-19.687,72.73,92.715,cleaning
-0.172,1.102,0.612,-29.365,83.58,110.372,cleaning
-0.2,1.1,0.51,-29.365,83.58,110.372,cleaning
-0.2,1.1,0.51,-44.87,43.855,114.695,cleaning
-0.196,0.986,0.415,-44.87,43.855,114.695,cleaning
-0.211,0.909,0.498,-44.87,43.855,114.695,cleaning
-0.211,0.909,0.498,-63.122,-2.537,113.47,cleaning
-0.271,0.763,0.694,-63.122,-2.537,113.47,cleaning
-0.271,0.763,0.694,-73.745,-39.095,112.595,cleaning
-0.323,0.581,0.812,-73.745,-39.095,112.595,cleaning
-0.323,0.581,0.812,-72.415,-45.727,115.185,cleaning
-0.341,0.465,0.852,-72.415,-45.727,115.185,cleaning
-0.341,0.465,0.852,-66.867,-12.302,124.495,cleaning
-0.341,0.375,0.888,-66.867,-12.302,124.495,cleaning
-0.341,0.375,0.888,-64.54,13.65,127.802,cleaning
-0.305,0.386,0.833,-64.54,13.65,127.802,cleaning
-0.305,0.386,0.833,-70.192,13.405,123.322,cleaning
-0.339,0.599,0.893,-70.192,13.405,123.322,cleaning
-0.339,0.599,0.893,-77.175,-13.177,118.807,cleaning
-0.468,0.611,1.053,-77.175,-13.177,118.807,cleaning
-0.468,0.611,1.053,-77.542,-73.535,109.165,cleaning
-0.496,0.453,1.061,-77.542,-73.535,109.165,cleaning
-0.555,0.231,1.047,-75.477,-119.052,103.687,cleaning
-0.598,-0.002,1.001,-75.477,-119.052,103.687,cleaning
-0.598,-0.002,1.001,-68.67,-116.095,103.215,cleaning
-0.556,-0.072,0.912,-68.67,-116.095,103.215,cleaning
-0.556,-0.072,0.912,-58.555,-58.8,105.612,cleaning
-0.598,0.026,0.916,-58.555,-58.8,105.612,cleaning
-0.598,0.026,0.916,-48.527,14.682,110.215,cleaning
-0.577,0.325,0.878,-48.527,14.682,110.215,cleaning
-0.577,0.325,0.878,-50.137,32.13,115.43,cleaning
-0.565,0.541,0.955,-50.137,32.13,115.43,cleaning
-0.565,0.541,0.955,-67.007,-40.005,122.395,cleaning
-0.609,0.456,0.953,-67.007,-40.005,122.395,cleaning
-0.609,0.456,0.953,-80.027,-118.895,132.982,cleaning
-0.567,-0.01,0.901,-80.027,-118.895,132.982,cleaning
-0.567,-0.01,0.901,-88.095,-130.55,132.895,cleaning
-0.554,-0.197,1.027,-88.095,-130.55,132.895,cleaning
-0.554,-0.197,1.027,-83.527,-65.817,134.277,cleaning
-0.651,-0.006,1.175,-83.527,-65.817,134.277,cleaning
-0.725,0.167,1.27,-70.437,-21.105,133.385,cleaning
-0.626,0.113,1.007,-70.437,-21.105,133.385,cleaning
-0.626,0.113,1.007,-60.725,-42.892,120.382,cleaning
-0.442,-0.262,0.809,-60.725,-42.892,120.382,cleaning
-0.442,-0.262,0.809,-61.95,-53.672,99.47,cleaning
-0.268,-0.422,0.767,-61.95,-53.672,99.47,cleaning
-0.268,-0.422,0.767,-68.075,-32.165,64.942,cleaning
-0.332,-0.177,0.853,-68.075,-32.165,64.942,cleaning
-0.332,-0.177,0.853,-70.192,4.34,40.687,cleaning
-0.47,0.008,1.042,-70.192,4.34,40.687,cleaning
-0.47,0.008,1.042,-59.99,11.795,18.83,cleaning
-0.315,-0.217,1.061,-59.99,11.795,18.83,cleaning
-0.315,-0.217,1.061,-43.925,1.557,-19.512,cleaning
-0.081,-0.394,0.974,-43.925,1.557,-19.512,cleaning
-0.081,-0.394,0.974,-31.22,36.47,-53.182,cleaning
-0.106,-0.236,0.962,-31.22,36.47,-53.182,cleaning
-0.106,-0.236,0.962,-13.265,89.477,-74.06,cleaning
-0.148,0.081,1.007,-13.265,89.477,-74.06,cleaning
-0.081,0.351,0.991,-13.265,89.477,-74.06,cleaning
-0.081,0.351,0.991,3.622,86.625,-93.047,cleaning
-0.08,0.457,0.969,3.622,86.625,-93.047,cleaning
-0.08,0.457,0.969,13.37,25.235,-114.765,cleaning
-0.176,0.336,0.947,13.37,25.235,-114.765,cleaning
-0.176,0.336,0.947,16.275,-50.347,-137.742,cleaning
-0.269,0.147,0.998,16.275,-50.347,-137.742,cleaning
-0.269,0.147,0.998,18.97,-87.5,-156.852,cleaning
-0.413,0.107,0.968,18.97,-87.5,-156.852,cleaning
-0.413,0.107,0.968,28.542,-56.087,-163.012,cleaning
-0.498,0.294,0.876,28.542,-56.087,-163.012,cleaning
-0.498,0.294,0.876,41.107,14.822,-152.565,cleaning
-0.522,0.701,0.701,41.107,14.822,-152.565,cleaning
-0.522,0.701,0.701,45.867,65.45,-127.05,cleaning
-0.531,1.042,0.482,45.867,65.45,-127.05,cleaning
-0.531,1.042,0.482,35.682,78.855,-92.802,cleaning
-0.529,1.234,0.336,35.682,78.855,-92.802,cleaning
-0.529,1.234,0.336,14.175,59.71,-55.982,cleaning
-0.473,1.256,0.255,14.175,59.71,-55.982,cleaning
-0.428,1.085,0.346,14.175,59.71,-55.982,cleaning
-0.428,1.085,0.346,-10.08,26.442,-24.937,cleaning
-0.415,1.01,0.445,-10.08,26.442,-24.937,cleaning
-0.415,1.01,0.445,-26.827,5.88,2.625,cleaning
-0.459,0.944,0.605,-26.827,5.88,2.625,cleaning
-0.459,0.944,0.605,-33.775,-5.25,26.425,cleaning
-0.469,0.812,0.684,-33.775,-5.25,26.425,cleaning
-0.469,0.812,0.684,-31.08,-10.5,44.695,cleaning
-0.424,0.755,0.624,-31.08,-10.5,44.695,cleaning
-0.424,0.755,0.624,-27.335,4.952,63.7,cleaning
-0.35,0.729,0.536,-27.335,4.952,63.7,cleaning
-0.35,0.729,0.536,-29.89,33.547,84.035,cleaning
-0.236,0.803,0.49,-29.89,33.547,84.035,cleaning
-0.236,0.803,0.49,-36.067,62.405,102.987,cleaning
-0.134,0.87,0.494,-36.067,62.405,102.987,cleaning
-0.134,0.87,0.494,-44.135,78.26,117.53,cleaning
0.051,0.914,0.501,-44.135,78.26,117.53,cleaning
0.051,0.914,0.501,-55.982,73.955,128.957,cleaning
0.22,1.009,0.642,-55.982,73.955,128.957,cleaning
0.322,1.055,0.772,-55.982,73.955,128.957,cleaning
0.322,1.055,0.772,-65.047,45.22,141.33,cleaning
0.381,0.951,0.971,-65.047,45.22,141.33,cleaning
0.381,0.951,0.971,-73.517,-25.322,151.62,cleaning
0.321,0.607,1.092,-73.517,-25.322,151.62,cleaning
0.321,0.607,1.092,-76.405,-105.507,158.62,cleaning
0.163,0.263,1.191,-76.405,-105.507,158.62,cleaning
0.163,0.263,1.191,-67.672,-133.577,162.837,cleaning
0.094,0.044,1.199,-67.672,-133.577,162.837,cleaning
0.094,0.044,1.199,-49.927,-106.627,166.057,cleaning
0.087,-0.095,1.141,-49.927,-106.627,166.057,cleaning
0.087,-0.095,1.141,-34.842,-55.037,165.165,cleaning
0.059,-0.141,1.137,-34.842,-55.037,165.165,cleaning
0.059,-0.141,1.137,-25.252,-23.187,150.395,cleaning
-0.005,-0.123,1.14,-25.252,-23.187,150.395,cleaning
-0.005,-0.123,1.14,-19.18,-25.707,121.765,cleaning
-0.152,-0.112,1.248,-19.18,-25.707,121.765,cleaning
-0.152,-0.112,1.248,-8.365,-60.41,75.74,cleaning
-0.361,-0.307,1.433,-8.365,-60.41,75.74,cleaning
-0.527,-0.424,1.433,-8.365,-60.41,75.74,cleaning
-0.527,-0.424,1.433,16.275,-82.512,18.252,cleaning
-0.73,-0.437,1.398,16.275,-82.512,18.252,cleaning
-0.73,-0.437,1.398,49.105,-42.7,-31.885,cleaning
-0.905,-0.311,1.281,49.105,-42.7,-31.885,cleaning
-0.905,-0.311,1.281,83.842,15.33,-80.5,cleaning
-1.066,-0.104,1.064,83.842,15.33,-80.5,cleaning
-1.066,-0.104,1.064,103.425,45.465,-118.895,cleaning
-1.187,0.084,0.899,103.425,45.465,-118.895,cleaning
-1.187,0.084,0.899,103.88,33.565,-147.787,cleaning
-1.257,0.252,0.764,103.88,33.565,-147.787,cleaning
-1.257,0.252,0.764,94.342,18.812,-165.48,cleaning
-1.286,0.465,0.675,94.342,18.812,-165.48,cleaning
-1.286,0.465,0.675,84.297,28.297,-166.915,cleaning
-1.238,0.726,0.591,84.297,28.297,-166.915,cleaning
-1.238,0.726,0.591,74.48,28.577,-159.057,cleaning
-1.076,0.897,0.534,74.48,28.577,-159.057,cleaning
-0.913,0.881,0.462,60.042,-1.382,-150.867,cleaning
-0.803,0.774,0.463,60.042,-1.382,-150.867,cleaning
-0.803,0.774,0.463,44.222,-32.672,-145.04,cleaning
-0.744,0.697,0.469,44.222,-32.672,-145.04,cleaning
-0.744,0.697,0.469,32.34,-37.152,-136.815,cleaning
-0.687,0.785,0.438,32.34,-37.152,-136.815,cleaning
-0.687,0.785,0.438,27.212,-6.947,-118.79,cleaning
-0.626,1.047,0.313,27.212,-6.947,-118.79,cleaning
-0.626,1.047,0.313,26.005,45.185,-85.627,cleaning
-0.545,1.327,0.135,26.005,45.185,-85.627,cleaning
-0.545,1.327,0.135,21.63,83.93,-45.57,cleaning
-0.372,1.584,0.016,21.63,83.93,-45.57,cleaning
-0.372,1.584,0.016,8.907,69.195,-10.78,cleaning
-0.184,1.469,0.096,8.907,69.195,-10.78,cleaning
-0.184,1.469,0.096,-1.19,24.517,6.457,cleaning
0.03,1.225,0.15,-1.19,24.517,6.457,cleaning
0.03,1.225,0.15,0.805,32.427,25.69,cleaning
0.182,1.109,0.296,0.805,32.427,25.69,cleaning
0.329,1.182,0.444,0.805,32.427,25.69,cleaning
0.329,1.182,0.444,7.175,70.455,51.905,cleaning
0.488,1.287,0.647,7.175,70.455,51.905,cleaning
0.488,1.287,0.647,7.14,85.715,81.27,cleaning
0.64,1.236,0.822,7.14,85.715,81.27,cleaning
0.64,1.236,0.822,-1.89,60.707,107.047,cleaning
0.697,1.063,0.91,-1.89,60.707,107.047,cleaning
0.697,1.063,0.91,-15.522,27.457,132.632,cleaning
0.701,0.845,0.992,-15.522,27.457,132.632,cleaning
0.701,0.845,0.992,-31.465,-8.19,151.2,cleaning
0.636,0.623,1.263,-31.465,-8.19,151.2,cleaning
0.636,0.623,1.263,-44.397,-79.257,153.002,cleaning
0.469,0.25,1.659,-44.397,-79.257,153.002,cleaning
0.469,0.25,1.659,-36.785,-179.585,137.585,cleaning
0.401,-0.243,1.692,-36.785,-179.585,137.585,cleaning
0.401,-0.243,1.692,-17.902,-223.597,118.982,cleaning
0.303,-0.789,1.612,-17.902,-223.597,118.982,cleaning
0.303,-0.789,1.612,1.837,-191.782,92.137,cleaning
0.219,-1.105,1.408,1.837,-191.782,92.137,cleaning
0.149,-1.139,1.255,1.837,-191.782,92.137,cleaning
0.149,-1.139,1.255,14.997,-125.107,51.537,cleaning
0.009,-0.998,1.181,14.997,-125.107,51.537,cleaning
0.009,-0.998,1.181,22.855,-75.302,-6.562,cleaning
-0.19,-0.834,1.184,22.855,-75.302,-6.562,cleaning
-0.19,-0.834,1.184,35.297,-46.637,-73.272,cleaning
-0.383,-0.635,1.141,35.297,-46.637,-73.272,cleaning
-0.383,-0.635,1.141,50.837,-14.822,-129.15,cleaning
-0.588,-0.355,1.1,50.837,-14.822,-129.15,cleaning
-0.588,-0.355,1.1,57.4,8.085,-165.707,cleaning
-0.864,-0.091,1.05,57.4,8.085,-165.707,cleaning
-0.864,-0.091,1.05,56.787,8.82,-188.142,cleaning
-1.097,0.129,0.969,56.787,8.82,-188.142,cleaning
-1.097,0.129,0.969,54.757,15.89,-197.802,cleaning
-1.243,0.354,0.87,54.757,15.89,-197.802,cleaning
-1.243,0.354,0.87,52.325,35.84,-190.05,cleaning
-1.302,0.655,0.794,52.325,35.84,-190.05,cleaning
-1.302,0.655,0.794,47.512,30.905,-171.342,cleaning
-1.306,0.836,0.713,47.512,30.905,-171.342,cleaning
-1.254,0.91,0.571,47.512,30.905,-171.342,cleaning
-1.254,0.91,0.571,39.935,8.33,-147.49,cleaning
-1.1,0.95,0.418,39.935,8.33,-147.49,cleaning
-1.1,0.95,0.418,31.675,8.627,-112.385,cleaning
-0.89,1.147,0.323,31.675,8.627,-112.385,cleaning
-0.89,1.147,0.323,19.075,20.265,-69.527,cleaning
-0.73,1.266,0.377,19.075,20.265,-69.527,cleaning
-0.73,1.266,0.377,1.977,-11.515,-35.56,cleaning
-0.613,1.106,0.43,1.977,-11.515,-35.56,cleaning
-0.613,1.106,0.43,-14.752,-49.157,-10.99,cleaning
-0.451,0.961,0.447,-14.752,-49.157,-10.99,cleaning
-0.451,0.961,0.447,-28.84,-35.98,17.132,cleaning
-0.253,0.927,0.49,-28.84,-35.98,17.132,cleaning
-0.253,0.927,0.49,-41.51,13.265,48.335,cleaning
-0.146,0.896,0.714,-41.51,13.265,48.335,cleaning
-0.146,0.896,0.714,-41.125,72.677,71.452,cleaning
0.027,1.021,0.86,-41.125,72.677,71.452,cleaning
0.027,1.021,0.86,-32.795,103.652,86.625,cleaning
0.389,1.13,0.739,-32.795,103.652,86.625,cleaning
0.656,0.997,0.626,-32.795,103.652,86.625,cleaning
0.656,0.997,0.626,-41.685,86.1,102.602,cleaning
0.748,0.684,0.586,-41.685,86.1,102.602,cleaning
0.748,0.684,0.586,-69.44,45.045,120.68,cleaning
0.773,0.451,0.686,-69.44,45.045,120.68,cleaning
0.773,0.451,0.686,-100.397,21.245,134.96,cleaning
0.703,0.341,0.97,-100.397,21.245,134.96,cleaning
0.703,0.341,0.97,-122.727,5.022,144.9,cleaning
0.476,0.231,1.378,-122.727,5.022,144.9,cleaning
0.476,0.231,1.378,-126.542,-44.625,149.082,cleaning
0.238,-0.142,1.547,-126.542,-44.625,149.082,cleaning
0.238,-0.142,1.547,-107.065,-92.452,143.202,cleaning
0.166,-0.547,1.44,-107.065,-92.452,143.202,cleaning
0.166,-0.547,1.44,-82.267,-85.925,130.375,cleaning
0.102,-0.771,1.378,-82.267,-85.925,130.375,cleaning
0.102,-0.771,1.378,-57.347,-50.54,104.527,cleaning
0.063,-0.734,1.347,-57.347,-50.54,104.527,cleaning
0,-0.625,1.355,-31.272,-23.222,68.88,cleaning
-0.101,-0.491,1.352,-31.272,-23.222,68.88,cleaning
-0.101,-0.491,1.352,-2.975,-21.14,20.772,cleaning
-0.198,-0.376,1.32,-2.975,-21.14,20.772,cleaning
-0.198,-0.376,1.32,30.765,-18.357,-31.045,cleaning
-0.308,-0.257,1.233,30.765,-18.357,-31.045,cleaning
-0.308,-0.257,1.233,62.352,-8.085,-76.335,cleaning
-0.407,-0.09,1.161,62.352,-8.085,-76.335,cleaning
-0.407,-0.09,1.161,81.287,-7.997,-112.245,cleaning
-0.597,0.044,1.15,81.287,-7.997,-112.245,cleaning
-0.597,0.044,1.15,90.457,-16.047,-141.242,cleaning
-0.766,0.052,1.108,90.457,-16.047,-141.242,cleaning
-0.766,0.052,1.108,98.035,-16.852,-168.437,cleaning
-0.899,0.024,0.957,98.035,-16.852,-168.437,cleaning
-0.899,0.024,0.957,103.057,-7.577,-197.26,cleaning
-1.111,0.016,0.879,103.057,-7.577,-197.26,cleaning
-1.111,0.016,0.879,106.697,1.242,-228.41,cleaning
-1.417,0.074,0.824,106.697,1.242,-228.41,cleaning
-1.633,0.284,0.738,109.672,21.77,-249.357,cleaning
-1.654,0.652,0.524,109.672,21.77,-249.357,cleaning
-1.654,0.652,0.524,104.37,54.722,-239.82,cleaning
-1.536,1.101,0.336,104.37,54.722,-239.82,cleaning
-1.536,1.101,0.336,81.077,77.857,-197.207,cleaning
-1.361,1.378,0.325,81.077,77.857,-197.207,cleaning
-1.361,1.378,0.325,44.572,62.65,-138.005,cleaning
-1.075,1.458,0.38,44.572,62.65,-138.005,cleaning
-1.075,1.458,0.38,3.255,14.087,-74.602,cleaning
-0.894,1.409,0.485,3.255,14.087,-74.602,cleaning
-0.894,1.409,0.485,-30.17,-38.15,-20.335,cleaning
-0.822,1.14,0.546,-30.17,-38.15,-20.335,cleaning
-0.822,1.14,0.546,-43.067,-67.147,15.067,cleaning
-0.654,0.866,0.432,-43.067,-67.147,15.067,cleaning
-0.654,0.866,0.432,-46.742,-50.452,37.712,cleaning
-0.461,0.795,0.366,-46.742,-50.452,37.712,cleaning
-0.461,0.795,0.366,-48.982,-6.877,56.14,cleaning
-0.289,0.853,0.402,-48.982,-6.877,56.14,cleaning
-0.146,1.004,0.507,-48.982,-6.877,56.14,cleaning
-0.146,1.004,0.507,-50.12,22.295,73.605,cleaning
0.011,1.109,0.57,-50.12,22.295,73.605,cleaning
0.011,1.109,0.57,-49.42,25.795,91.787,cleaning
0.195,1.013,0.586,-49.42,25.795,91.787,cleaning
0.195,1.013,0.586,-51.257,11.935,106.4,cleaning
0.393,0.846,0.631,-51.257,11.935,106.4,cleaning
0.393,0.846,0.631,-58.222,0,121.345,cleaning
0.542,0.69,0.751,-58.222,0,121.345,cleaning
0.542,0.69,0.751,-67.34,-12.092,140.595,cleaning
0.606,0.545,0.873,-67.34,-12.092,140.595,cleaning
0.606,0.545,0.873,-77.14,-26.005,161.595,cleaning
0.588,0.399,1.005,-77.14,-26.005,161.595,cleaning
0.588,0.399,1.005,-85.032,-44.765,179.025,cleaning
0.501,0.269,1.116,-85.032,-44.765,179.025,cleaning
0.501,0.269,1.116,-88.707,-84.087,186.025,cleaning
0.355,0.051,1.277,-88.707,-84.087,186.025,cleaning
0.355,0.051,1.277,-80.99,-153.037,175.227,cleaning
0.24,-0.556,1.279,-80.99,-153.037,175.227,cleaning
0.228,-1.518,1.336,-80.99,-153.037,175.227,cleaning
0.228,-1.518,1.336,-60.812,-174.947,144.095,cleaning
0.158,-2.083,1.474,-60.812,-174.947,144.095,cleaning
0.158,-2.083,1.474,-32.48,-107.695,85.137,cleaning
0.103,-1.651,1.616,-32.48,-107.695,85.137,cleaning
0.103,-1.651,1.616,3.325,13.562,20.755,cleaning
-0.015,-0.862,1.873,3.325,13.562,20.755,cleaning
-0.015,-0.862,1.873,46.462,84.822,-39.217,cleaning
-0.212,-0.326,1.961,46.462,84.822,-39.217,cleaning
-0.212,-0.326,1.961,91,57.767,-102.182,cleaning
-0.32,-0.292,1.672,91,57.767,-102.182,cleaning
-0.32,-0.292,1.672,120.907,9.59,-159.25,cleaning
-0.412,-0.525,1.232,120.907,9.59,-159.25,cleaning
-0.412,-0.525,1.232,125.895,11.672,-201.53,cleaning
-0.582,-0.504,0.826,125.895,11.672,-201.53,cleaning
-0.582,-0.504,0.826,107.327,43.627,-228.655,cleaning
-0.832,-0.187,0.809,107.327,43.627,-228.655,cleaning
-0.832,-0.187,0.809,83.475,51.52,-246.242,cleaning
-1.206,0.183,0.988,83.475,51.52,-246.242,cleaning
-1.572,0.537,1.017,83.475,51.52,-246.242,cleaning
-1.572,0.537,1.017,71.942,28.21,-255.92,cleaning
-1.898,0.772,0.897,71.942,28.21,-255.92,cleaning
-1.898,0.772,0.897,73.08,1.942,-248.57,cleaning
-1.953,0.897,0.431,73.08,1.942,-248.57,cleaning
-1.953,0.897,0.431,78.54,3.237,-212.835,cleaning
-1.779,0.9,-0.012,78.54,3.237,-212.835,cleaning
-1.779,0.9,-0.012,67.13,15.417,-157.465,cleaning
-1.527,0.959,-0.174,67.13,15.417,-157.465,cleaning
-1.527,0.959,-0.174,37.8,17.062,-96.285,cleaning
-1.391,1.305,0.003,37.8,17.062,-96.285,cleaning
-1.391,1.305,0.003,9.047,5.705,-28.332,cleaning
-1.286,1.477,0.286,9.047,5.705,-28.332,cleaning
-1.286,1.477,0.286,-9.852,-29.96,26.18,cleaning
-1.072,1.41,0.458,-9.852,-29.96,26.18,cleaning
-1.072,1.41,0.458,-22.032,-56.927,66.045,cleaning
-0.827,1.288,0.554,-22.032,-56.927,66.045,cleaning
-0.827,1.288,0.554,-29.33,-56.455,94.972,cleaning
-0.503,1.09,0.547,-29.33,-56.455,94.972,cleaning
-0.151,0.918,0.647,-29.33,-56.455,94.972,cleaning
-0.151,0.918,0.647,-36.347,-26.652,117.005,cleaning
0.282,0.813,0.621,-36.347,-26.652,117.005,cleaning
0.282,0.813,0.621,-47.355,9.887,135.1,cleaning
0.805,0.703,0.89,-47.355,9.887,135.1,cleaning
0.805,0.703,0.89,-76.02,12.075,147.297,cleaning
1.045,0.583,1.194,-76.02,12.075,147.297,cleaning
1.045,0.583,1.194,-100.24,-34.58,149.362,cleaning
1.028,0.348,1.405,-100.24,-34.58,149.362,cleaning
1.028,0.348,1.405,-110.11,-85.557,147.84,cleaning
0.883,-0.057,1.532,-110.11,-85.557,147.84,cleaning
0.883,-0.057,1.532,-102.567,-105.017,149.345,cleaning
0.73,-0.353,1.543,-102.567,-105.017,149.345,cleaning
0.73,-0.353,1.543,-82.285,-95.585,147.542,cleaning
0.613,-0.529,1.407,-82.285,-95.585,147.542,cleaning
0.613,-0.529,1.407,-62.51,-82.565,136.36,cleaning
0.441,-0.648,1.275,-62.51,-82.565,136.36,cleaning
0.259,-0.724,1.16,-43.767,-68.687,116.532,cleaning
0.114,-0.922,0.984,-43.767,-68.687,116.532,cleaning
0.114,-0.922,0.984,-21.507,-50.4,85.05,cleaning
0.078,-1.009,0.827,-21.507,-50.4,85.05,cleaning
0.078,-1.009,0.827,0,-36.487,32.48,cleaning
-0.091,-1.007,0.871,0,-36.487,32.48,cleaning
-0.091,-1.007,0.871,25.865,-14.35,-30.047,cleaning
-0.362,-0.831,0.917,25.865,-14.35,-30.047,cleaning
-0.362,-0.831,0.917,58.292,25.515,-96.67,cleaning
-0.693,-0.493,0.93,58.292,25.515,-96.67,cleaning
-0.693,-0.493,0.93,75.757,64.05,-158.077,cleaning
-1.119,0.04,1.059,75.757,64.05,-158.077,cleaning
-1.119,0.04,1.059,86.257,69.422,-198.152,cleaning
-1.423,0.502,0.992,86.257,69.422,-198.152,cleaning
-1.423,0.502,0.992,86.012,29.942,-213.08,cleaning
-1.514,0.457,0.893,86.012,29.942,-213.08,cleaning
-1.514,0.457,0.893,70.892,-2.625,-216.825,cleaning
-1.665,0.214,0.868,70.892,-2.625,-216.825,cleaning
-1.615,0.414,0.697,70.892,-2.625,-216.825,cleaning
-1.615,0.414,0.697,59.377,28.84,-197.032,cleaning
-1.382,0.897,0.636,59.377,28.84,-197.032,cleaning
-1.382,0.897,0.636,43.557,75.6,-143.045,cleaning
-1.134,1.269,0.545,43.557,75.6,-143.045,cleaning
-1.134,1.269,0.545,25.112,70,-85.435,cleaning
-0.869,1.318,0.505,25.112,70,-85.435,cleaning
-0.869,1.318,0.505,4.76,26.232,-38.972,cleaning
-0.734,1.287,0.554,4.76,26.232,-38.972,cleaning
-0.734,1.287,0.554,-6.825,-12.162,-2.992,cleaning
-0.701,1.16,0.563,-6.825,-12.162,-2.992,cleaning
-0.701,1.16,0.563,-3.815,-16.117,32.795,cleaning
-0.631,0.996,0.519,-3.815,-16.117,32.795,cleaning
-0.631,0.996,0.519,4.515,-4.462,67.497,cleaning
-0.486,0.824,0.509,4.515,-4.462,67.497,cleaning
-0.486,0.824,0.509,11.83,13.247,95.742,cleaning
-0.332,0.664,0.493,11.83,13.247,95.742,cleaning
-0.332,0.664,0.493,15.557,39.567,117.862,cleaning
-0.126,0.606,0.529,15.557,39.567,117.862,cleaning
0.115,0.558,0.61,15.557,39.567,117.862,cleaning
0.115,0.558,0.61,13.317,58.24,135.887,cleaning
0.42,0.406,0.77,13.317,58.24,135.887,cleaning
0.42,0.406,0.77,1.015,46.34,147.577,cleaning
0.709,0.161,0.961,1.015,46.34,147.577,cleaning
0.709,0.161,0.961,-15.347,1.12,145.11,cleaning
0.886,-0.157,1.152,-15.347,1.12,145.11,cleaning
0.886,-0.157,1.152,-26.932,-50.96,130.217,cleaning
0.942,-0.635,1.326,-26.932,-50.96,130.217,cleaning
0.942,-0.635,1.326,-30.73,-87.605,99.575,cleaning
0.851,-1.004,1.482,-30.73,-87.605,99.575,cleaning
0.851,-1.004,1.482,-23.922,-75.407,52.902,cleaning
0.545,-1.049,1.726,-23.922,-75.407,52.902,cleaning
0.545,-1.049,1.726,1.102,-14.997,3.307,cleaning
0.261,-0.818,1.751,1.102,-14.997,3.307,cleaning
0.261,-0.818,1.751,40.092,66.535,-35.997,cleaning
0.173,-0.539,1.487,40.092,66.535,-35.997,cleaning
0.173,-0.539,1.487,68.862,116.217,-73.272,cleaning
0.126,-0.304,1.106,68.862,116.217,-73.272,cleaning
-0.004,-0.096,0.811,68.862,116.217,-73.272,cleaning
-0.004,-0.096,0.811,73.185,119.997,-111.597,cleaning
-0.21,0.145,0.7,73.185,119.997,-111.597,cleaning
-0.21,0.145,0.7,57.312,97.79,-143.097,cleaning
-0.46,0.391,0.884,57.312,97.79,-143.097,cleaning
-0.46,0.391,0.884,34.807,63.402,-161.892,cleaning
-0.631,0.535,1.045,34.807,63.402,-161.892,cleaning
-0.631,0.535,1.045,19.547,30.117,-164.99,cleaning
-0.726,0.615,1.19,19.547,30.117,-164.99,cleaning
-0.726,0.615,1.19,3.36,-21.472,-161.525,cleaning
-1.054,0.397,1.461,3.36,-21.472,-161.525,cleaning
-1.054,0.397,1.461,3.797,-113.015,-166.215,cleaning
-1.344,-0.061,1.477,3.797,-113.015,-166.215,cleaning
-1.344,-0.061,1.477,40.477,-132.247,-161.455,cleaning
-1.265,-0.389,1.016,40.477,-132.247,-161.455,cleaning
-1.265,-0.389,1.016,77.945,-44.502,-141.942,cleaning
-1.048,-0.414,0.539,77.945,-44.502,-141.942,cleaning
-1.048,-0.414,0.539,92.505,53.322,-125.23,cleaning
-0.929,-0.285,0.32,92.505,53.322,-125.23,cleaning
-0.904,-0.029,0.258,92.505,53.322,-125.23,cleaning
-0.904,-0.029,0.258,91.7,90.51,-118.562,cleaning
-0.856,0.159,0.264,91.7,90.51,-118.562,cleaning
-0.856,0.159,0.264,80.027,53.182,-124.04,cleaning
-0.803,0.209,0.361,80.027,53.182,-124.04,cleaning
-0.803,0.209,0.361,64.505,1.767,-131.81,cleaning
-0.802,0.293,0.549,64.505,1.767,-131.81,cleaning
-0.802,0.293,0.549,56.752,-3.587,-134.19,cleaning
-0.84,0.477,0.807,56.752,-3.587,-134.19,cleaning
-0.84,0.477,0.807,64.645,29.61,-122.867,cleaning
-0.714,0.721,0.882,64.645,29.61,-122.867,cleaning
-0.714,0.721,0.882,71.347,51.957,-100.555,cleaning
-0.573,1.001,0.949,71.347,51.957,-100.555,cleaning
-0.573,1.001,0.949,62.947,42.122,-66.552,cleaning
-0.538,1.144,0.942,62.947,42.122,-66.552,cleaning
-0.538,1.144,0.942,48.177,23.695,-26.915,cleaning
-0.462,1.21,0.815,48.177,23.695,-26.915,cleaning
-0.369,1.248,0.673,27.055,-0.175,9.992,cleaning
-0.309,1.258,0.615,27.055,-0.175,9.992,cleaning
-0.309,1.258,0.615,2.03,-31.937,38.902,cleaning
-0.289,1.287,0.639,2.03,-31.937,38.902,cleaning
-0.289,1.287,0.639,-15.382,-45.57,64.067,cleaning
-0.139,1.3,0.587,-15.382,-45.57,64.067,cleaning
-0.139,1.3,0.587,-22.942,-25.83,92.89,cleaning
0.143,1.346,0.54,-22.942,-25.83,92.89,cleaning
0.143,1.346,0.54,-28.542,8.137,128.852,cleaning
0.493,1.365,0.54,-28.542,8.137,128.852,cleaning
0.493,1.365,0.54,-45.552,-0.945,170.94,cleaning
0.667,1.254,0.555,-45.552,-0.945,170.94,cleaning
0.667,1.254,0.555,-71.68,-59.15,202.125,cleaning
0.753,0.966,0.612,-71.68,-59.15,202.125,cleaning
0.753,0.966,0.612,-91.665,-111.475,217.98,cleaning
0.901,0.619,0.754,-91.665,-111.475,217.98,cleaning
0.901,0.619,0.754,-92.575,-131.74,219.555,cleaning
1,0.299,0.946,-92.575,-131.74,219.555,cleaning
0.968,-0.001,1.097,-92.575,-131.74,219.555,cleaning
0.968,-0.001,1.097,-75.81,-122.57,216.597,cleaning
0.834,-0.245,1.133,-75.81,-122.57,216.597,cleaning
0.834,-0.245,1.133,-54.792,-97.09,213.15,cleaning
0.704,-0.326,1.025,-54.792,-97.09,213.15,cleaning
0.704,-0.326,1.025,-38.167,-49.017,211.207,cleaning
0.544,-0.289,0.919,-38.167,-49.017,211.207,cleaning
0.544,-0.289,0.919,-33.722,12.092,206.762,cleaning
0.408,-0.133,0.858,-33.722,12.092,206.762,cleaning
0.408,-0.133,0.858,-40.425,50.645,193.13,cleaning
0.246,-0.008,0.86,-40.425,50.645,193.13,cleaning
0.246,-0.008,0.86,-51.117,47.145,167.317,cleaning
0.093,-0.004,0.873,-51.117,47.145,167.317,cleaning
0.093,-0.004,0.873,-56.227,17.99,130.445,cleaning
-0.013,-0.127,0.891,-56.227,17.99,130.445,cleaning
-0.013,-0.127,0.891,-53.602,-4.27,86.537,cleaning
-0.129,-0.163,0.99,-53.602,-4.27,86.537,cleaning
-0.129,-0.163,0.99,-39.077,-11.9,39.602,cleaning
-0.31,-0.181,1.254,-39.077,-11.9,39.602,cleaning
-0.514,-0.286,1.391,-39.077,-11.9,39.602,cleaning
-0.514,-0.286,1.391,-3.22,-16.922,-10.797,cleaning
-0.626,-0.395,1.282,-3.22,-16.922,-10.797,cleaning
-0.626,-0.395,1.282,38.167,-10.15,-60.917,cleaning
-0.787,-0.447,1.016,38.167,-10.15,-60.917,cleaning
-0.787,-0.447,1.016,67.427,15.207,-102.55,cleaning
-0.968,-0.325,0.832,67.427,15.207,-102.55,cleaning
-0.968,-0.325,0.832,74.97,37.52,-140.472,cleaning
-1.142,-0.263,0.818,74.97,37.52,-140.472,cleaning
-1.142,-0.263,0.818,66.255,31.062,-174.842,cleaning
-1.302,-0.151,1.024,66.255,31.062,-174.842,cleaning
-1.302,-0.151,1.024,57.47,24.675,-197.61,cleaning
-1.429,0.03,1.301,57.47,24.675,-197.61,cleaning
-1.429,0.03,1.301,63.14,30.87,-203.577,cleaning
-1.384,0.138,1.405,63.14,30.87,-203.577,cleaning
-1.384,0.138,1.405,75.582,27.142,-204.802,cleaning
-1.162,-0.009,1.279,75.582,27.142,-204.802,cleaning
-1.162,-0.009,1.279,84.472,39.655,-209.09,cleaning
-0.896,-0.201,1,84.472,39.655,-209.09,cleaning
-0.761,-0.155,0.968,84.472,39.655,-209.09,cleaning
-0.761,-0.155,0.968,86.572,74.34,-227.08,cleaning
-0.91,0.1,1.041,86.572,74.34,-227.08,cleaning
-0.91,0.1,1.041,97.422,111.737,-245.105,cleaning
-0.888,0.492,0.964,97.422,111.737,-245.105,cleaning
-0.888,0.492,0.964,119.245,141.68,-235.515,cleaning
-0.662,0.823,0.706,119.245,141.68,-235.515,cleaning
-0.662,0.823,0.706,126.402,136.29,-204.505,cleaning
-0.394,1.071,0.487,126.402,136.29,-204.505,cleaning
-0.394,1.071,0.487,105.087,92.137,-164.832,cleaning
-0.261,1.259,0.4,105.087,92.137,-164.832,cleaning
-0.261,1.259,0.4,67.83,18.235,-124.845,cleaning
-0.304,1.415,0.395,67.83,18.235,-124.845,cleaning
-0.304,1.415,0.395,36.435,-64.855,-88.655,cleaning
-0.436,1.412,0.433,36.435,-64.855,-88.655,cleaning
-0.436,1.412,0.433,19.722,-136.272,-62.895,cleaning
-0.397,1.249,0.373,19.722,-136.272,-62.895,cleaning
-0.397,1.249,0.373,13.335,-149.765,-36.96,cleaning
-0.267,1.061,0.335,13.335,-149.765,-36.96,cleaning
-0.184,1.044,0.355,13.335,-149.765,-36.96,cleaning
-0.184,1.044,0.355,13.037,-101.115,-4.707,cleaning
-0.1,1.18,0.298,13.037,-101.115,-4.707,cleaning
-0.1,1.18,0.298,14.525,-19.477,42.91,cleaning
-0.043,1.39,0.286,14.525,-19.477,42.91,cleaning
-0.043,1.39,0.286,2.765,27.632,95.112,cleaning
-0.088,1.411,0.357,2.765,27.632,95.112,cleaning
-0.088,1.411,0.357,-21.455,11.025,135.082,cleaning
-0.075,1.252,0.374,-21.455,11.025,135.082,cleaning
-0.075,1.252,0.374,-41.457,7.91,165.725,cleaning
-0.036,1.166,0.393,-41.457,7.91,165.725,cleaning
-0.036,1.166,0.393,-58.152,47.547,189.98,cleaning
0.036,1.207,0.419,-58.152,47.547,189.98,cleaning
0.036,1.207,0.419,-79.012,73.762,206.255,cleaning
0.226,1.219,0.522,-79.012,73.762,206.255,cleaning
0.226,1.219,0.522,-106.68,48.125,215.827,cleaning
0.36,1.057,0.654,-106.68,48.125,215.827,cleaning
0.36,1.057,0.654,-129.482,-12.285,215.145,cleaning
0.424,0.71,0.84,-129.482,-12.285,215.145,cleaning
0.329,0.27,1.068,-129.482,-12.285,215.145,cleaning
0.329,0.27,1.068,-134.277,-75.267,198.432,cleaning
0.254,-0.095,1.143,-134.277,-75.267,198.432,cleaning
0.254,-0.095,1.143,-116.322,-105.21,174.002,cleaning
0.286,-0.44,1.144,-116.322,-105.21,174.002,cleaning
0.286,-0.44,1.144,-89.635,-100.992,146.02,cleaning
0.358,-0.754,1.135,-89.635,-100.992,146.02,cleaning
0.358,-0.754,1.135,-64.225,-75.845,107.065,cleaning
0.281,-0.878,1.163,-64.225,-75.845,107.065,cleaning
0.281,-0.878,1.163,-34.265,-16.642,61.075,cleaning
0.098,-0.785,1.315,-34.265,-16.642,61.075,cleaning
0.098,-0.785,1.315,5.18,33.355,0.752,cleaning
-0.07,-0.529,1.457,5.18,33.355,0.752,cleaning
-0.07,-0.529,1.457,51.03,61.88,-54.827,cleaning
-0.259,-0.247,1.482,51.03,61.88,-54.827,cleaning
-0.259,-0.247,1.482,91.91,88.567,-86.782,cleaning
-0.379,-0.031,1.213,91.91,88.567,-86.782,cleaning
-0.374,0.026,0.819,106.96,121.222,-98.42,cleaning
-0.39,0.143,0.467,106.96,121.222,-98.42,cleaning
-0.39,0.143,0.467,90.492,154.455,-103.11,cleaning
-0.534,0.407,0.428,90.492,154.455,-103.11,cleaning
-0.534,0.407,0.428,53.375,181.317,-101.902,cleaning
-0.624,0.756,0.621,53.375,181.317,-101.902,cleaning
-0.624,0.756,0.621,13.79,163.292,-91.682,cleaning
-0.602,1.009,0.941,13.79,163.292,-91.682,cleaning
-0.602,1.009,0.941,-19.687,86.292,-72.345,cleaning
-0.735,1.024,1.214,-19.687,86.292,-72.345,cleaning
-0.735,1.024,1.214,-34.842,-13.055,-46.165,cleaning
-0.885,0.767,1.283,-34.842,-13.055,-46.165,cleaning
-0.885,0.767,1.283,-25.2,-91.035,-22.435,cleaning
-0.759,0.313,1.018,-25.2,-91.035,-22.435,cleaning
-0.759,0.313,1.018,-5.757,-99.347,-10.097,cleaning
-0.523,-0.054,0.758,-5.757,-99.347,-10.097,cleaning
-0.523,-0.054,0.758,9.957,-58.187,-19.46,cleaning
-0.365,-0.25,0.795,9.957,-58.187,-19.46,cleaning
-0.373,-0.356,1.119,27.545,-34.142,-55.842,cleaning
-0.397,-0.277,1.272,27.545,-34.142,-55.842,cleaning
-0.397,-0.277,1.272,56.437,-9.992,-90.457,cleaning
-0.295,0.189,1.149,56.437,-9.992,-90.457,cleaning
-0.295,0.189,1.149,86.24,63.49,-91.875,cleaning
-0.197,0.627,1.018,86.24,63.49,-91.875,cleaning
-0.197,0.627,1.018,98.595,95.27,-79.94,cleaning
-0.132,0.834,0.894,98.595,95.27,-79.94,cleaning
-0.132,0.834,0.894,92.907,53.952,-77.052,cleaning
-0.183,0.762,0.846,92.907,53.952,-77.052,cleaning
-0.183,0.762,0.846,82.477,-10.412,-88.795,cleaning
-0.228,0.539,0.872,82.477,-10.412,-88.795,cleaning
-0.228,0.539,0.872,79.31,-41.195,-109.287,cleaning
-0.212,0.452,0.835,79.31,-41.195,-109.287,cleaning
-0.212,0.452,0.835,82.442,-20.807,-123.41,cleaning
-0.194,0.542,0.796,82.442,-20.807,-123.41,cleaning
-0.194,0.542,0.796,80.937,-8.347,-135.327,cleaning
-0.175,0.658,0.792,80.937,-8.347,-135.327,cleaning
-0.052,0.843,0.732,80.937,-8.347,-135.327,cleaning
-0.052,0.843,0.732,72.677,-8.767,-139.51,cleaning
0.049,1.042,0.759,72.677,-8.767,-139.51,cleaning
0.049,1.042,0.759,63.7,0.402,-130.532,cleaning
0.003,1.213,0.636,63.7,0.402,-130.532,cleaning
0.003,1.213,0.636,59.657,17.342,-120.592,cleaning
-0.116,1.394,0.438,59.657,17.342,-120.592,cleaning
-0.116,1.394,0.438,62.93,46.445,-109.445,cleaning
-0.018,1.474,0.091,62.93,46.445,-109.445,cleaning
-0.018,1.474,0.091,65.8,77.227,-84.665,cleaning
0.182,1.55,-0.293,65.8,77.227,-84.665,cleaning
0.182,1.55,-0.293,50.697,87.902,-45.237,cleaning
0.305,1.642,-0.497,50.697,87.902,-45.237,cleaning
0.305,1.642,-0.497,7.035,-3.307,-23.467,cleaning
0.313,1.334,-0.324,7.035,-3.307,-23.467,cleaning
0.313,1.334,-0.324,-49.927,-157.027,-20.667,cleaning
0.018,1.034,-0.131,-49.927,-157.027,-20.667,cleaning
0.018,1.034,-0.131,-78.732,-178.885,16.415,cleaning
-0.306,0.964,0.159,-78.732,-178.885,16.415,cleaning
-0.533,0.963,0.314,-78.732,-178.885,16.415,cleaning
-0.533,0.963,0.314,-87.36,-163.625,57.557,cleaning
-0.754,0.936,0.536,-87.36,-163.625,57.557,cleaning
-0.754,0.936,0.536,-93.905,-194.25,78.697,cleaning
-0.869,0.447,0.774,-93.905,-194.25,78.697,cleaning
-0.869,0.447,0.774,-95.025,-272.597,73.762,cleaning
-0.812,-0.065,0.971,-95.025,-272.597,73.762,cleaning
-0.812,-0.065,0.971,-89.005,-239.942,82.687,cleaning
-0.845,-0.287,1.281,-89.005,-239.942,82.687,cleaning
-0.845,-0.287,1.281,-74.847,-101.202,104.142,cleaning
-0.737,-0.234,1.367,-74.847,-101.202,104.142,cleaning
-0.737,-0.234,1.367,-60.112,28.49,112.052,cleaning
-0.581,-0.001,1.216,-60.112,28.49,112.052,cleaning
-0.581,-0.001,1.216,-56.612,78.715,95.392,cleaning
-0.474,0.254,1.148,-56.612,78.715,95.392,cleaning
-0.474,0.254,1.148,-56.087,61.477,74.952,cleaning
-0.309,0.375,1.073,-56.087,61.477,74.952,cleaning
-0.309,0.375,1.073,-53.882,28.945,69.44,cleaning
-0.189,0.381,1.01,-53.882,28.945,69.44,cleaning
-0.116,0.316,0.873,-53.882,28.945,69.44,cleaning
-0.116,0.316,0.873,-52.01,-12.582,73.15,cleaning
-0.043,0.222,0.792,-52.01,-12.582,73.15,cleaning
-0.043,0.222,0.792,-48.177,-39.585,85.295,cleaning
-0.004,0.133,0.766,-48.177,-39.585,85.295,cleaning
-0.004,0.133,0.766,-39.76,-54.862,91.63,cleaning
-0.008,0.089,0.784,-39.76,-54.862,91.63,cleaning
-0.008,0.089,0.784,-29.295,-68.127,86.572,cleaning
-0.072,-0.037,0.811,-29.295,-68.127,86.572,cleaning
-0.072,-0.037,0.811,-21.315,-96.722,66.465,cleaning
-0.212,-0.261,0.744,-21.315,-96.722,66.465,cleaning
-0.212,-0.261,0.744,-18.55,-130.672,33.53,cleaning
-0.397,-0.709,0.798,-18.55,-130.672,33.53,cleaning
-0.397,-0.709,0.798,-8.032,-63.665,14.402,cleaning
-0.513,-0.877,0.919,-8.032,-63.665,14.402,cleaning
-0.513,-0.877,0.919,4.76,45.885,3.255,cleaning
-0.593,-0.577,1.137,4.76,45.885,3.255,cleaning
-0.634,-0.322,1.251,13.405,92.89,-3.342,cleaning
-0.553,-0.117,1.234,13.405,92.89,-3.342,cleaning
-0.553,-0.117,1.234,17.22,90.335,-4.672,cleaning
-0.384,0.256,1.179,17.22,90.335,-4.672,cleaning
-0.384,0.256,1.179,13.685,66.36,-5.687,cleaning
-0.397,0.498,1.259,13.685,66.36,-5.687,cleaning
-0.397,0.498,1.259,9.38,23.852,-12.267,cleaning
-0.402,0.486,1.231,9.38,23.852,-12.267,cleaning
-0.402,0.486,1.231,15.417,-18.095,-25.585,cleaning
-0.391,0.437,1.084,15.417,-18.095,-25.585,cleaning
-0.391,0.437,1.084,28.157,-7.98,-26.582,cleaning
-0.317,0.643,0.765,28.157,-7.98,-26.582,cleaning
-0.317,0.643,0.765,41.545,71.26,-1.89,cleaning
-0.277,0.638,0.691,41.545,71.26,-1.89,cleaning
-0.277,0.638,0.691,48.352,99.225,1.05,cleaning
-0.212,0.409,0.652,48.352,99.225,1.05,cleaning
-0.212,0.409,0.652,42.857,55.772,-23.047,cleaning
-0.225,0.071,0.587,42.857,55.772,-23.047,cleaning
-0.264,-0.172,0.723,24.237,-56.875,-73.412,cleaning
-0.409,-0.414,0.782,24.237,-56.875,-73.412,cleaning
-0.409,-0.414,0.782,18.812,-77.927,-91.052,cleaning
-0.357,-0.101,0.803,18.812,-77.927,-91.052,cleaning
-0.357,-0.101,0.803,31.027,59.552,-58.817,cleaning
-0.357,0.332,0.976,31.027,59.552,-58.817,cleaning
-0.357,0.332,0.976,41.702,122.99,-36.767,cleaning
-0.36,0.557,1.042,41.702,122.99,-36.767,cleaning
-0.36,0.557,1.042,45.255,38.622,-46.725,cleaning
-0.312,0.286,0.976,45.255,38.622,-46.725,cleaning
-0.312,0.286,0.976,37.24,-78.172,-74.9,cleaning
-0.285,-0.055,0.92,37.24,-78.172,-74.9,cleaning
-0.285,-0.055,0.92,29.172,-95.445,-93.292,cleaning
-0.36,-0.129,0.985,29.172,-95.445,-93.292,cleaning
-0.36,-0.129,0.985,32.13,-35.245,-96.285,cleaning
-0.418,-0.012,1.069,32.13,-35.245,-96.285,cleaning
-0.418,-0.012,1.069,39.567,18.112,-92.295,cleaning
-0.421,0.136,1.084,39.567,18.112,-92.295,cleaning
-0.425,0.172,1.057,39.567,18.112,-92.295,cleaning
-0.425,0.172,1.057,43.61,22.68,-93.362,cleaning
-0.419,0.02,0.976,43.61,22.68,-93.362,cleaning
-0.419,0.02,0.976,45.342,-5.477,-106.61,cleaning
-0.423,-0.155,0.879,45.342,-5.477,-106.61,cleaning
-0.423,-0.155,0.879,43.277,-27.65,-128.012,cleaning
-0.549,-0.109,0.856,43.277,-27.65,-128.012,cleaning
-0.549,-0.109,0.856,40.845,-13.125,-136.465,cleaning
-0.689,-0.021,0.899,40.845,-13.125,-136.465,cleaning
-0.689,-0.021,0.899,43.575,-3.867,-137.742,cleaning
-0.693,0.004,0.827,43.575,-3.867,-137.742,cleaning
-0.693,0.004,0.827,44.31,-7.35,-136.447,cleaning
-0.677,0.078,0.804,44.31,-7.35,-136.447,cleaning
-0.677,0.078,0.804,42.07,-10.902,-134.592,cleaning
-0.69,0.194,0.783,42.07,-10.902,-134.592,cleaning
-0.69,0.194,0.783,40.302,-10.692,-135.012,cleaning
-0.634,0.266,0.714,40.302,-10.692,-135.012,cleaning
-0.634,0.266,0.714,34.107,18.287,-131.285,cleaning
-0.64,0.569,0.685,34.107,18.287,-131.285,cleaning
-0.597,0.932,0.732,34.107,18.287,-131.285,cleaning
-0.597,0.932,0.732,27.737,75.302,-115.762,cleaning
-0.509,1.197,0.854,27.737,75.302,-115.762,cleaning
-0.509,1.197,0.854,30.257,113.47,-97.685,cleaning
-0.27,1.284,0.704,30.257,113.47,-97.685,cleaning
-0.27,1.284,0.704,37.975,133.035,-77.227,cleaning
-0.074,1.175,0.65,37.975,133.035,-77.227,cleaning
-0.074,1.175,0.65,39.462,121.292,-68.32,cleaning
0.078,1.067,0.544,39.462,121.292,-68.32,cleaning
0.078,1.067,0.544,33.04,98.752,-65.1,cleaning
0.107,1.099,0.459,33.04,98.752,-65.1,cleaning
0.107,1.099,0.459,27.755,106.207,-50.4,cleaning
0.084,1.112,0.457,27.755,106.207,-50.4,cleaning
0.084,1.112,0.457,27.912,128.642,-26.827,cleaning
0.12,1.214,0.399,27.912,128.642,-26.827,cleaning
0.12,1.214,0.399,30.065,160.895,8.802,cleaning
0.069,1.428,0.37,30.065,160.895,8.802,cleaning
0.069,1.428,0.37,24.92,106.54,24.797,cleaning
0.005,1.302,0.388,24.92,106.54,24.797,cleaning
0.008,1.075,0.186,24.92,106.54,24.797,cleaning
0.008,1.075,0.186,8.312,-0.437,27.492,cleaning
-0.112,1.047,0.138,8.312,-0.437,27.492,cleaning
-0.112,1.047,0.138,-10.255,-29.575,53.585,cleaning
-0.289,1.061,0.201,-10.255,-29.575,53.585,cleaning
-0.289,1.061,0.201,-25.777,-35.665,83.44,cleaning
-0.439,0.999,0.225,-25.777,-35.665,83.44,cleaning
-0.439,0.999,0.225,-41.037,-49.962,108.342,cleaning
-0.501,1.059,0.19,-41.037,-49.962,108.342,cleaning
-0.501,1.059,0.19,-61.39,-56.49,131.512,cleaning
-0.572,1.059,0.329,-61.39,-56.49,131.512,cleaning
-0.572,1.059,0.329,-82.775,-77.28,143.43,cleaning
-0.618,0.942,0.578,-82.775,-77.28,143.43,cleaning
-0.618,0.942,0.578,-96.11,-104.09,147.875,cleaning
-0.583,0.903,0.818,-96.11,-104.09,147.875,cleaning
-0.583,0.903,0.818,-98.052,-111.667,158.48,cleaning
-0.51,0.87,0.926,-98.052,-111.667,158.48,cleaning
-0.51,0.87,0.926,-95.48,-78.295,186.077,cleaning
-0.331,0.94,0.881,-95.48,-78.295,186.077,cleaning
-0.269,0.957,0.856,-95.48,-78.295,186.077,cleaning
-0.269,0.957,0.856,-100.905,-48.387,216.807,cleaning
-0.416,1.006,0.764,-100.905,-48.387,216.807,cleaning
-0.416,1.006,0.764,-111.912,-49.612,240.59,cleaning
-0.725,1.02,0.6,-111.912,-49.612,240.59,cleaning
-0.725,1.02,0.6,-122.657,-71.487,264.827,cleaning
-1.004,0.928,0.41,-122.657,-71.487,264.827,cleaning
-1.004,0.928,0.41,-139.23,-100.782,296.397,cleaning
-1.203,0.795,0.255,-139.23,-100.782,296.397,cleaning
-1.203,0.795,0.255,-169.96,-160.877,314.247,cleaning
-1.484,0.518,0.362,-169.96,-160.877,314.247,cleaning
-1.484,0.518,0.362,-191.975,-254.187,295.942,cleaning
-1.71,0.011,0.616,-191.975,-254.187,295.942,cleaning
-1.71,0.011,0.616,-170.607,-284.76,269.01,cleaning
-1.86,-0.632,0.876,-170.607,-284.76,269.01,cleaning
-1.86,-0.632,0.876,-111.842,-204.382,244.632,cleaning
-1.715,-1.111,0.876,-111.842,-204.382,244.632,cleaning
-1.356,-1.165,0.688,-62.72,-52.062,224.49,cleaning
-1.16,-0.787,0.597,-62.72,-52.062,224.49,cleaning
-1.16,-0.787,0.597,-51.467,81.445,204.977,cleaning
-1.078,-0.304,0.574,-51.467,81.445,204.977,cleaning
-1.078,-0.304,0.574,-67.9,121.292,180.775,cleaning
-1.106,0.075,0.663,-67.9,121.292,180.775,cleaning
-1.106,0.075,0.663,-96.81,75.04,153.177,cleaning
-1.16,0.257,0.824,-96.81,75.04,153.177,cleaning
-1.16,0.257,0.824,-116.882,-3.01,127.172,cleaning
-1.078,0.216,0.935,-116.882,-3.01,127.172,cleaning
-1.078,0.216,0.935,-114.065,-40.652,108.062,cleaning
-0.809,0.242,0.831,-114.065,-40.652,108.062,cleaning
-0.809,0.242,0.831,-102.567,8.347,101.202,cleaning
-0.591,0.317,0.852,-102.567,8.347,101.202,cleaning
-0.591,0.317,0.852,-89.897,48.055,75.215,cleaning
-0.388,0.041,1.06,-89.897,48.055,75.215,cleaning
-0.388,0.041,1.06,-77.997,-23.765,12.355,cleaning
-0.226,-0.447,1.07,-77.997,-23.765,12.355,cleaning
-0.125,-0.892,1.078,-77.997,-23.765,12.355,cleaning
-0.125,-0.892,1.078,-71.96,-91.56,-53.077,cleaning
-0.017,-0.958,1.301,-71.96,-91.56,-53.077,cleaning
-0.017,-0.958,1.301,-61.39,-60.9,-103.232,cleaning
-0.014,-0.629,1.762,-61.39,-60.9,-103.232,cleaning
-0.014,-0.629,1.762,-29.907,27.877,-136.57,cleaning
-0.135,-0.125,2.08,-29.907,27.877,-136.57,cleaning
-0.135,-0.125,2.08,21.315,64.225,-162.207,cleaning
-0.127,0.199,1.944,21.315,64.225,-162.207,cleaning
-0.127,0.199,1.944,68.18,34.755,-183.067,cleaning
-0.037,0.18,1.566,68.18,34.755,-183.067,cleaning
-0.037,0.18,1.566,89.547,-7.822,-199.71,cleaning
0.041,0.064,1.218,89.547,-7.822,-199.71,cleaning
0.041,0.064,1.218,87.08,-19.232,-206.062,cleaning
0.117,0.09,1.027,87.08,-19.232,-206.062,cleaning
0.117,0.09,1.027,68.565,-13.23,-199.01,cleaning
0.171,0.209,0.973,68.565,-13.23,-199.01,cleaning
0.171,0.209,0.973,41.93,-13.825,-180.582,cleaning
0.219,0.329,0.995,41.93,-13.825,-180.582,cleaning
0.228,0.419,1.051,41.93,-13.825,-180.582,cleaning
0.228,0.419,1.051,16.38,-25.725,-158.165,cleaning
0.139,0.431,1.074,16.38,-25.725,-158.165,cleaning
0.139,0.431,1.074,-1.575,-49.035,-145.092,cleaning
0.013,0.406,1.056,-1.575,-49.035,-145.092,cleaning
0.013,0.406,1.056,-7.332,-74.445,-147.822,cleaning
-0.068,0.402,0.995,-7.332,-74.445,-147.822,cleaning
-0.068,0.402,0.995,-2.222,-93.572,-157.622,cleaning
-0.115,0.315,0.884,-2.222,-93.572,-157.622,cleaning
-0.115,0.315,0.884,3.972,-107.695,-166.757,cleaning
-0.199,0.136,0.76,3.972,-107.695,-166.757,cleaning
-0.199,0.136,0.76,9.625,-97.475,-175.017,cleaning
-0.337,0.012,0.644,9.625,-97.475,-175.017,cleaning
-0.337,0.012,0.644,17.115,-46.322,-179.55,cleaning
-0.508,0.071,0.612,17.115,-46.322,-179.55,cleaning
-0.508,0.071,0.612,30.712,22.82,-175.437,cleaning
-0.668,0.176,0.564,30.712,22.82,-175.437,cleaning
-0.668,0.176,0.564,44.31,85.75,-167.09,cleaning
-0.77,0.274,0.416,44.31,85.75,-167.09,cleaning
-0.876,0.455,0.405,44.31,85.75,-167.09,cleaning
-0.876,0.455,0.405,52.745,139.457,-150.71,cleaning
-0.966,0.69,0.447,52.745,139.457,-150.71,cleaning
-0.966,0.69,0.447,58.502,159.582,-121.922,cleaning
-1.11,0.848,0.415,58.502,159.582,-121.922,cleaning
-1.11,0.848,0.415,58.765,148.732,-77.577,cleaning
-1.265,1.053,0.335,58.765,148.732,-77.577,cleaning
-1.265,1.053,0.335,40.145,119.402,-10.342,cleaning
-1.315,1.203,0.506,40.145,119.402,-10.342,cleaning
-1.315,1.203,0.506,-0.315,25.812,79.082,cleaning
-1.334,0.833,0.808,-0.315,25.812,79.082,cleaning
-1.334,0.833,0.808,-24.045,-80.185,168.262,cleaning
-1.486,0.36,0.812,-24.045,-80.185,168.262,cleaning
-1.486,0.36,0.812,-17.867,-82.95,243.705,cleaning
-1.604,0.05,0.569,-17.867,-82.95,243.705,cleaning
-1.604,0.05,0.569,-15.085,-12.215,293.3,cleaning
-1.496,-0.147,0.326,-15.085,-12.215,293.3,cleaning
-1.496,-0.147,0.326,-36.435,29.557,298.462,cleaning
-1.25,-0.129,0.278,-36.435,29.557,298.462,cleaning
-1.171,-0.18,0.597,-36.435,29.557,298.462,cleaning
-1.171,-0.18,0.597,-71.277,-0.77,267.47,cleaning
-1.053,-0.625,1.016,-71.277,-0.77,267.47,cleaning
-1.053,-0.625,1.016,-92.837,-104.02,205.537,cleaning
-0.649,-1.49,1.194,-92.837,-104.02,205.537,cleaning
-0.649,-1.49,1.194,-94.027,-206.657,113.05,cleaning
-0.261,-2.292,1.371,-94.027,-206.657,113.05,cleaning
-0.261,-2.292,1.371,-87.045,-208.74,21.315,cleaning
-0.215,-2.591,1.514,-87.045,-208.74,21.315,cleaning
-0.215,-2.591,1.514,-62.212,-62.16,-40.442,cleaning
-0.16,-1.963,1.639,-62.212,-62.16,-40.442,cleaning
-0.16,-1.963,1.639,-33.355,111.37,-79.887,cleaning
-0.035,-0.791,1.668,-33.355,111.37,-79.887,cleaning
-0.035,-0.791,1.668,-9.572,161.577,-115.675,cleaning
0.057,0.187,1.653,-9.572,161.577,-115.675,cleaning
0.057,0.187,1.653,7.455,70.192,-147.332,cleaning
0.262,0.455,1.357,7.455,70.192,-147.332,cleaning
0.505,0.134,1.087,9.905,-67.532,-191.415,cleaning
0.465,-0.108,0.918,9.905,-67.532,-191.415,cleaning
0.465,-0.108,0.918,4.742,-124.267,-223.195,cleaning
0.14,-0.06,0.793,4.742,-124.267,-223.195,cleaning
0.14,-0.06,0.793,11.602,-63.157,-227.097,cleaning
-0.172,0.184,0.779,11.602,-63.157,-227.097,cleaning
-0.172,0.184,0.779,33.985,64.155,-207.655,cleaning
-0.516,0.724,0.812,33.985,64.155,-207.655,cleaning
-0.516,0.724,0.812,71.137,158.882,-175.7,cleaning
-0.806,1.266,0.611,71.137,158.882,-175.7,cleaning
-0.806,1.266,0.611,105.56,156.905,-139.65,cleaning
-0.942,1.491,0.185,105.56,156.905,-139.65,cleaning
-0.942,1.491,0.185,107.765,101.255,-105.385,cleaning
-1.048,1.508,-0.224,107.765,101.255,-105.385,cleaning
-1.048,1.508,-0.224,73.132,57.557,-46.707,cleaning
-1.182,1.481,-0.244,73.132,57.557,-46.707,cleaning
-1.182,1.481,-0.244,23.59,-6.265,36.032,cleaning
-1.242,1.154,0.143,23.59,-6.265,36.032,cleaning
-1.298,0.509,0.675,-14.647,-106.575,119.77,cleaning
-1.481,-0.025,1.03,-14.647,-106.575,119.77,cleaning
-1.481,-0.025,1.03,-18.095,-138.81,196.437,cleaning
-1.534,-0.292,1.147,-18.095,-138.81,196.437,cleaning
-1.534,-0.292,1.147,5.985,-61.985,254.345,cleaning
-1.397,-0.177,1.108,5.985,-61.985,254.345,cleaning
-1.397,-0.177,1.108,22.26,58.94,292.18,cleaning
-1.114,-0.1,1.016,22.26,58.94,292.18,cleaning
-1.114,-0.1,1.016,9.992,80.797,286.475,cleaning
-0.72,-0.262,0.919,9.992,80.797,286.475,cleaning
-0.72,-0.262,0.919,-25.655,-21.052,239.487,cleaning
-0.4,-0.855,0.863,-25.655,-21.052,239.487,cleaning
-0.4,-0.855,0.863,-66.325,-148.365,167.807,cleaning
-0.203,-1.883,0.915,-66.325,-148.365,167.807,cleaning
-0.203,-1.883,0.915,-94.377,-186.077,77.42,cleaning
0.1,-2.703,0.906,-94.377,-186.077,77.42,cleaning
0.1,-2.703,0.906,-115.255,-101.535,-2.835,cleaning
0.056,-2.603,1.357,-115.255,-101.535,-2.835,cleaning
-0.213,-1.69,1.895,-115.255,-101.535,-2.835,cleaning
-0.213,-1.69,1.895,-109.27,39.847,-54.757,cleaning
-0.278,-0.521,2.036,-109.27,39.847,-54.757,cleaning
-0.278,-0.521,2.036,-73.552,153.335,-76.142,cleaning
-0.207,0.334,1.943,-73.552,153.335,-76.142,cleaning
-0.207,0.334,1.943,-35.49,139.072,-99.995,cleaning
0.031,0.413,1.694,-35.49,139.072,-99.995,cleaning
0.031,0.413,1.694,-16.065,-42.56,-152.162,cleaning
0.288,0.146,1.116,-16.065,-42.56,-152.162,cleaning
0.288,0.146,1.116,-13.877,-190.085,-196.122,cleaning
0.363,-0.037,0.62,-13.877,-190.085,-196.122,cleaning
0.363,-0.037,0.62,-19.337,-181.737,-212.782,cleaning
0.259,-0.177,0.402,-19.337,-181.737,-212.782,cleaning
0.259,-0.177,0.402,-29.96,-134.032,-236.495,cleaning
0.026,-0.023,0.308,-29.96,-134.032,-236.495,cleaning
0.026,-0.023,0.308,-35.682,-80.447,-249.252,cleaning
-0.436,0.054,0.434,-35.682,-80.447,-249.252,cleaning
-0.436,0.054,0.434,-19.897,-12.687,-259.665,cleaning
-1.008,0.279,0.498,-19.897,-12.687,-259.665,cleaning
-1.568,0.684,0.195,-19.897,-12.687,-259.665,cleaning
-1.568,0.684,0.195,18.602,76.002,-248.5,cleaning
-1.859,1.14,-0.304,18.602,76.002,-248.5,cleaning
-1.859,1.14,-0.304,53.69,172.55,-186.76,cleaning
-1.461,1.441,-0.353,53.69,172.55,-186.76,cleaning
-1.461,1.441,-0.353,58.1,214.095,-64.4,cleaning
-1.095,1.3,0.362,58.1,214.095,-64.4,cleaning
-1.095,1.3,0.362,21.63,101.587,67.095,cleaning
-1.373,0.504,1.299,21.63,101.587,67.095,cleaning
-1.373,0.504,1.299,0.455,-114.275,148.61,cleaning
-1.796,-0.512,1.718,0.455,-114.275,148.61,cleaning
-1.796,-0.512,1.718,44.992,-122.342,225.417,cleaning
-1.778,-0.84,1.463,44.992,-122.342,225.417,cleaning
-1.778,-0.84,1.463,96.407,99.382,320.022,cleaning
-1.371,-0.299,0.773,96.407,99.382,320.022,cleaning
-1.371,-0.299,0.773,81.637,314.457,401.485,cleaning
-0.992,0.551,0.265,81.637,314.457,401.485,cleaning
-0.992,0.551,0.265,-3.202,296.87,411.39,cleaning
-0.88,1.384,0.207,-3.202,296.87,411.39,cleaning
-0.871,1.483,0.31,-3.202,296.87,411.39,cleaning
-0.871,1.483,0.31,-105.297,-6.072,356.3,cleaning
-0.898,-0.223,0.279,-105.297,-6.072,356.3,cleaning
-0.898,-0.223,0.279,-167.177,-410.235,267.942,cleaning
-0.69,-2.389,0.251,-167.177,-410.235,267.942,cleaning
-0.69,-2.389,0.251,-156.397,-505.855,183.452,cleaning
-0.429,-3.611,0.654,-156.397,-505.855,183.452,cleaning
-0.429,-3.611,0.654,-111.107,-183.68,146.877,cleaning
-0.336,-2.936,1.052,-111.107,-183.68,146.877,cleaning
-0.336,-2.936,1.052,-79.485,157.85,118.16,cleaning
-0.175,-1.918,1.432,-79.485,157.85,118.16,cleaning
-0.175,-1.918,1.432,-83.422,151.025,26.18,cleaning
-0.205,-1.2,1.641,-83.422,151.025,26.18,cleaning
-0.205,-1.2,1.641,-91.717,-23.852,-68.757,cleaning
-0.398,-0.77,1.622,-91.717,-23.852,-68.757,cleaning
-0.398,-0.77,1.622,-79.012,-68.652,-105.297,cleaning
-0.54,-0.381,1.544,-79.012,-68.652,-105.297,cleaning
-0.54,-0.381,1.544,-51.345,-39.69,-120.68,cleaning
-0.445,-0.135,1.467,-51.345,-39.69,-120.68,cleaning
-0.284,-0.277,1.202,-51.345,-39.69,-120.68,cleaning
-0.284,-0.277,1.202,-28.507,-57.47,-150.115,cleaning
-0.137,-0.27,0.899,-28.507,-57.47,-150.115,cleaning
-0.137,-0.27,0.899,-15.872,-72.502,-173.302,cleaning
-0.1,-0.049,0.723,-15.872,-72.502,-173.302,cleaning
-0.1,-0.049,0.723,-8.802,-53.322,-176.942,cleaning
-0.119,0.16,0.713,-8.802,-53.322,-176.942,cleaning
-0.119,0.16,0.713,8.19,-11.795,-173.442,cleaning
-0.238,0.457,0.814,8.19,-11.795,-173.442,cleaning
-0.238,0.457,0.814,39.532,27.282,-162.767,cleaning
-0.422,0.779,0.866,39.532,27.282,-162.767,cleaning
-0.422,0.779,0.866,75.845,34.86,-143.465,cleaning
-0.702,0.826,0.789,75.845,34.86,-143.465,cleaning
-0.702,0.826,0.789,106.995,11.165,-126.21,cleaning
-1.087,0.774,0.422,106.995,11.165,-126.21,cleaning
-1.087,0.774,0.422,122.762,46.532,-86.59,cleaning
-1.671,0.913,-0.059,122.762,46.532,-86.59,cleaning
-1.76,1.426,-0.481,113.015,131.005,3.482,cleaning
-1.294,1.326,-0.478,113.015,131.005,3.482,cleaning
-1.294,1.326,-0.478,59.15,181.282,145.302,cleaning
-1.508,1.45,0.14,59.15,181.282,145.302,cleaning
-1.508,1.45,0.14,-11.357,247.765,283.412,cleaning
-1.872,1.546,1.101,-11.357,247.765,283.412,cleaning
-1.872,1.546,1.101,-61.53,170.537,332.955,cleaning
-1.971,0.624,1.484,-61.53,170.537,332.955,cleaning
-1.971,0.624,1.484,-66.675,-27.3,310.397,cleaning
-1.565,-0.225,1.023,-66.675,-27.3,310.397,cleaning
-1.565,-0.225,1.023,-48.895,-146.16,270.812,cleaning
-1.055,-1.038,0.362,-48.895,-146.16,270.812,cleaning
-1.055,-1.038,0.362,-48.212,-131.722,225.347,cleaning
-0.782,-1.728,0.203,-48.212,-131.722,225.347,cleaning
-0.782,-1.728,0.203,-56.997,-28.07,161.017,cleaning
-0.804,-2.147,0.618,-56.997,-28.07,161.017,cleaning
-0.804,-2.147,0.618,-48.912,92.61,80.15,cleaning
-0.815,-2.05,1.177,-48.912,92.61,80.15,cleaning
-0.707,-1.604,1.536,-48.912,92.61,80.15,cleaning
-0.707,-1.604,1.536,-24.552,163.52,-2.205,cleaning
-0.597,-0.954,1.596,-24.552,163.52,-2.205,cleaning
-0.597,-0.954,1.596,3.745,166.985,-74.445,cleaning
-0.612,-0.411,1.55,3.745,166.985,-74.445,cleaning
-0.612,-0.411,1.55,30.45,124.95,-127.067,cleaning
-0.583,-0.206,1.345,30.45,124.95,-127.067,cleaning
-0.583,-0.206,1.345,54.425,73.377,-165.497,cleaning
-0.541,-0.121,1.029,54.425,73.377,-165.497,cleaning
-0.541,-0.121,1.029,72.187,65.205,-186.322,cleaning
-0.523,0.059,0.779,72.187,65.205,-186.322,cleaning
-0.523,0.059,0.779,86.1,92.435,-192.5,cleaning
-0.548,0.319,0.6,86.1,92.435,-192.5,cleaning
-0.548,0.319,0.6,100.205,112.997,-190.855,cleaning
-0.506,0.65,0.475,100.205,112.997,-190.855,cleaning
-0.506,0.65,0.475,115.185,128.292,-172.445,cleaning
-0.464,1.07,0.405,115.185,128.292,-172.445,cleaning
-0.464,1.07,0.405,133.017,134.155,-137.2,cleaning
-0.403,1.565,0.199,133.017,134.155,-137.2,cleaning
-0.222,1.902,-0.238,133.017,134.155,-137.2,cleaning
-0.222,1.902,-0.238,142.415,128.835,-90.597,cleaning
0.1,2.249,-0.337,142.415,128.835,-90.597,cleaning
0.1,2.249,-0.337,131.145,115.43,-31.71,cleaning
0.171,2.523,-0.07,131.145,115.43,-31.71,cleaning
0.171,2.523,-0.07,116.777,120.347,47.075,cleaning
0.026,2.418,0.13,116.777,120.347,47.075,cleaning
0.026,2.418,0.13,78.102,99.872,121.082,cleaning
-0.126,1.954,0.339,78.102,99.872,121.082,cleaning
-0.126,1.954,0.339,3.622,33.005,183.96,cleaning
-0.497,1.122,0.803,3.622,33.005,183.96,cleaning
-0.497,1.122,0.803,-66.202,-73.15,217.997,cleaning
-0.833,0.08,1.315,-66.202,-73.15,217.997,cleaning
-0.833,0.08,1.315,-90.3,-165.952,216.44,cleaning
-1.132,-1.139,1.684,-90.3,-165.952,216.44,cleaning
-1.132,-1.139,1.684,-60.602,-176.172,158.27,cleaning
-1.194,-2.25,1.768,-60.602,-176.172,158.27,cleaning
-1.194,-2.25,1.768,-0.962,-88.112,48.335,cleaning
-1.134,-2.714,1.713,-0.962,-88.112,48.335,cleaning
-1.04,-2.104,1.506,-0.962,-88.112,48.335,cleaning
-1.04,-2.104,1.506,68.635,44.905,-75.74,cleaning
-1.219,-1.027,1.312,68.635,44.905,-75.74,cleaning
-1.219,-1.027,1.312,130.462,131.705,-170.24,cleaning
-1.1,-0.484,1.111,130.462,131.705,-170.24,cleaning
-1.1,-0.484,1.111,169.995,89.285,-247.73,cleaning
-0.869,-0.119,0.738,169.995,89.285,-247.73,cleaning
-0.869,-0.119,0.738,182.875,49.98,-290.587,cleaning
-0.543,0.366,0.532,182.875,49.98,-290.587,cleaning
-0.543,0.366,0.532,178.57,59.255,-292.617,cleaning
-0.12,0.936,0.415,178.57,59.255,-292.617,cleaning
-0.12,0.936,0.415,166.757,78.225,-266.07,cleaning
0.27,1.646,0.335,166.757,78.225,-266.07,cleaning
0.27,1.646,0.335,154.56,96.057,-211.96,cleaning
0.52,2.339,0.225,154.56,96.057,-211.96,cleaning
0.52,2.339,0.225,133.175,83.842,-137.462,cleaning
0.669,2.719,0.08,133.175,83.842,-137.462,cleaning
0.669,2.719,0.08,94.797,70.945,-36.96,cleaning
0.844,2.689,-0.205,94.797,70.945,-36.96,cleaning
0.516,2.095,0.094,94.797,70.945,-36.96,cleaning
0.516,2.095,0.094,40.932,32.987,56.227,cleaning
0.288,1.148,0.127,40.932,32.987,56.227,cleaning
0.288,1.148,0.127,-7.525,-8.312,105.122,cleaning
0.318,1.139,0.148,-7.525,-8.312,105.122,cleaning
0.318,1.139,0.148,-39.025,101.902,171.587,cleaning
0.212,1.06,0.516,-39.025,101.902,171.587,cleaning
0.212,1.06,0.516,-78.487,119.98,206.097,cleaning
0.008,0.793,0.874,-78.487,119.98,206.097,cleaning
0.008,0.793,0.874,-108.045,68.092,210.857,cleaning
-0.321,0.458,1.264,-108.045,68.092,210.857,cleaning
-0.321,0.458,1.264,-119.612,18.2,203.017,cleaning
-0.714,0.054,1.483,-119.612,18.2,203.017,cleaning
-0.714,0.054,1.483,-113.032,-16.485,177.852,cleaning
-1.029,-0.254,1.615,-113.032,-16.485,177.852,cleaning
-1.029,-0.254,1.615,-84.875,-38.972,125.457,cleaning
-1.231,-0.7,1.762,-84.875,-38.972,125.457,cleaning
-1.21,-1.097,1.787,-38.202,-52.692,44.765,cleaning
-0.904,-0.952,1.295,-38.202,-52.692,44.765,cleaning
-0.904,-0.952,1.295,13.247,-14.507,-31.255,cleaning
-0.868,-0.086,1.039,13.247,-14.507,-31.255,cleaning
-0.868,-0.086,1.039,51.222,88.952,-60.165,cleaning
-0.748,0.156,1.26,51.222,88.952,-60.165,cleaning
-0.748,0.156,1.26,73.57,7.7,-113.872,cleaning
-0.599,-0.179,1.006,73.57,7.7,-113.872,cleaning
-0.599,-0.179,1.006,88.672,-64.102,-170.817,cleaning
-0.488,-0.031,0.819,88.672,-64.102,-170.817,cleaning
-0.488,-0.031,0.819,100.362,-22.645,-192.64,cleaning
-0.445,0.423,0.865,100.362,-22.645,-192.64,cleaning
-0.445,0.423,0.865,101.01,-10.762,-198.922,cleaning
-0.388,0.86,1.006,101.01,-10.762,-198.922,cleaning
-0.388,0.86,1.006,100.45,-15.96,-188.212,cleaning
-0.107,1.151,0.814,100.45,-15.96,-188.212,cleaning
-0.107,1.151,0.814,90.965,3.622,-158.462,cleaning
0.297,1.445,0.403,90.965,3.622,-158.462,cleaning
0.651,1.827,0.053,59.867,23.782,-117.6,cleaning
0.898,2.13,-0.206,59.867,23.782,-117.6,cleaning
0.898,2.13,-0.206,12.495,30.905,-59.395,cleaning
0.962,2.331,-0.248,12.495,30.905,-59.395,cleaning
0.962,2.331,-0.248,-39.165,30.94,13.142,cleaning
0.614,2.128,0.22,-39.165,30.94,13.142,cleaning
0.614,2.128,0.22,-69.3,-24.202,69.317,cleaning
0.419,1.348,0.206,-69.3,-24.202,69.317,cleaning
0.419,1.348,0.206,-70.56,-48.65,108.85,cleaning
0.445,1.225,-0.009,-70.56,-48.65,108.85,cleaning
0.445,1.225,-0.009,-65.345,17.57,160.002,cleaning
0.456,1.079,-0.055,-65.345,17.57,160.002,cleaning
0.456,1.079,-0.055,-75.04,48.545,193.62,cleaning
0.333,0.934,0.077,-75.04,48.545,193.62,cleaning
0.333,0.934,0.077,-85.592,59.99,213.552,cleaning
0.156,0.954,0.394,-85.592,59.99,213.552,cleaning
0.156,0.954,0.394,-87.99,43.802,216.685,cleaning
0.004,0.889,0.678,-87.99,43.802,216.685,cleaning
-0.155,0.766,0.888,-87.99,43.802,216.685,cleaning
-0.155,0.766,0.888,-77.84,38.062,206.657,cleaning
-0.325,0.701,1.057,-77.84,38.062,206.657,cleaning
-0.325,0.701,1.057,-61.512,40.39,186.567,cleaning
-0.467,0.654,1.076,-61.512,40.39,186.567,cleaning
-0.467,0.654,1.076,-45.972,31.097,157.92,cleaning
-0.627,0.516,1.113,-45.972,31.097,157.92,cleaning
-0.627,0.516,1.113,-34.212,12.862,126.577,cleaning
-0.849,0.241,1.217,-34.212,12.862,126.577,cleaning
-0.849,0.241,1.217,-23.327,-9.712,89.442,cleaning
-1,-0.058,1.366,-23.327,-9.712,89.442,cleaning
-1,-0.058,1.366,-4.427,-18.742,49.91,cleaning
-1.049,-0.276,1.497,-4.427,-18.742,49.91,cleaning
-1.049,-0.276,1.497,26.162,-19.46,1.802,cleaning
-0.986,-0.349,1.487,26.162,-19.46,1.802,cleaning
-0.986,-0.349,1.487,65.747,0.017,-50.242,cleaning
-0.697,-0.193,1.164,65.747,0.017,-50.242,cleaning
-0.697,-0.193,1.164,100.082,39.357,-89.775,cleaning
-0.501,0.236,1.036,100.082,39.357,-89.775,cleaning
-0.484,0.51,1.042,100.082,39.357,-89.775,cleaning
-0.484,0.51,1.042,122.587,-1.47,-130.707,cleaning
-0.511,0.483,0.904,122.587,-1.47,-130.707,cleaning
-0.511,0.483,0.904,137.882,-59.71,-166.932,cleaning
-0.48,0.732,0.59,137.882,-59.71,-166.932,cleaning
-0.48,0.732,0.59,152.862,-34.387,-173.267,cleaning
-0.161,1.337,0.005,152.862,-34.387,-173.267,cleaning
-0.161,1.337,0.005,151.445,31.832,-140.857,cleaning
0.542,1.898,-0.523,151.445,31.832,-140.857,cleaning
0.542,1.898,-0.523,105.455,65.24,-88.602,cleaning
1.145,2.28,-0.753,105.455,65.24,-88.602,cleaning
1.145,2.28,-0.753,27.335,44.047,-36.4,cleaning
1.265,2.333,-0.43,27.335,44.047,-36.4,cleaning
1.265,2.333,-0.43,-35.612,-16.03,15.225,cleaning
1.04,1.761,-0.073,-35.612,-16.03,15.225,cleaning
1.04,1.761,-0.073,-69.405,-6.632,65.187,cleaning
1.092,1.305,-0.248,-69.405,-6.632,65.187,cleaning
1.092,1.305,-0.248,-94.587,62.457,123.025,cleaning
0.931,1.043,-0.155,-94.587,62.457,123.025,cleaning
0.759,0.784,0.093,-94.587,62.457,123.025,cleaning
0.759,0.784,0.093,-124.46,67.567,154.157,cleaning
0.459,0.63,0.617,-124.46,67.567,154.157,cleaning
0.459,0.63,0.617,-145.285,49.752,172.217,cleaning
0.022,0.37,1.199,-145.285,49.752,172.217,cleaning
0.022,0.37,1.199,-149.695,25.672,176.155,cleaning
-0.363,0.244,1.505,-149.695,25.672,176.155,cleaning
-0.363,0.244,1.505,-139.107,5.705,168.84,cleaning
-0.606,0.247,1.589,-139.107,5.705,168.84,cleaning
-0.606,0.247,1.589,-116.62,-25.165,132.632,cleaning
-0.815,0.192,1.62,-116.62,-25.165,132.632,cleaning
-0.815,0.192,1.62,-81.445,-78.295,65.695,cleaning
-0.831,-0.076,1.608,-81.445,-78.295,65.695,cleaning
-0.831,-0.076,1.608,-33.635,-94.482,-2.835,cleaning
-0.843,-0.106,1.527,-33.635,-94.482,-2.835,cleaning
-0.843,-0.106,1.527,16.642,-50.575,-47.092,cleaning
-0.788,0.221,1.305,16.642,-50.575,-47.092,cleaning
-0.788,0.221,1.305,50.942,-25.165,-71.382,cleaning
-0.699,0.512,1.042,50.942,-25.165,-71.382,cleaning
-0.621,0.622,0.872,50.942,-25.165,-71.382,cleaning
-0.621,0.622,0.872,63.612,-45.78,-90.615,cleaning
-0.553,0.599,0.773,63.612,-45.78,-90.615,cleaning
-0.553,0.599,0.773,63.577,-71.557,-105.717,cleaning
-0.442,0.694,0.649,63.577,-71.557,-105.717,cleaning
-0.442,0.694,0.649,56.612,-63.577,-109.532,cleaning
-0.33,0.955,0.556,56.612,-63.577,-109.532,cleaning
-0.33,0.955,0.556,42.822,-41.877,-97.265,cleaning
-0.15,1.191,0.418,42.822,-41.877,-97.265,cleaning
-0.15,1.191,0.418,20.807,-28.595,-73.552,cleaning
0.089,1.305,0.277,20.807,-28.595,-73.552,cleaning
0.089,1.305,0.277,-8.995,-15.662,-45.885,cleaning
0.308,1.283,0.213,-8.995,-15.662,-45.885,cleaning
0.308,1.283,0.213,-39.987,-9.59,-21.735,cleaning
0.477,1.194,0.231,-39.987,-9.59,-21.735,cleaning
0.477,1.194,0.231,-63.542,-8.312,-2.537,cleaning
0.598,0.998,0.257,-63.542,-8.312,-2.537,cleaning
0.679,0.759,0.294,-75.127,4.585,14.192,cleaning
0.691,0.533,0.41,-75.127,4.585,14.192,cleaning
0.691,0.533,0.41,-76.597,26.81,30.24,cleaning
0.671,0.524,0.633,-76.597,26.81,30.24,cleaning
0.671,0.524,0.633,-70.192,44.03,44.257,cleaning
0.525,0.391,0.914,-70.192,44.03,44.257,cleaning
0.525,0.391,0.914,-55.055,36.855,55.247,cleaning
0.346,0.247,1.09,-55.055,36.855,55.247,cleaning
0.346,0.247,1.09,-35,15.575,58.257,cleaning
0.142,0.105,1.18,-35,15.575,58.257,cleaning
0.142,0.105,1.18,-15.75,4.305,49.262,cleaning
-0.098,0.161,1.235,-15.75,4.305,49.262,cleaning
-0.098,0.161,1.235,0.14,-7,25.007,cleaning
-0.316,0.227,1.271,0.14,-7,25.007,cleaning
-0.316,0.227,1.271,13.632,-28.84,-8.977,cleaning
-0.445,0.271,1.272,13.632,-28.84,-8.977,cleaning
-0.445,0.271,1.272,28.437,-36.067,-38.377,cleaning
-0.556,0.376,1.291,28.437,-36.067,-38.377,cleaning
-0.643,0.563,1.184,44.852,-31.255,-57.452,cleaning
-0.684,0.669,1.005,44.852,-31.255,-57.452,cleaning
-0.684,0.669,1.005,57.82,-25.585,-67.567,cleaning
-0.68,0.659,0.769,57.82,-25.585,-67.567,cleaning
-0.68,0.659,0.769,62.947,-34.09,-75.652,cleaning
-0.626,0.657,0.575,62.947,-34.09,-75.652,cleaning
-0.626,0.657,0.575,59.097,-38.71,-78.75,cleaning
-0.515,0.706,0.448,59.097,-38.71,-78.75,cleaning
-0.515,0.706,0.448,50.522,-23.555,-75.04,cleaning
-0.307,0.875,0.384,50.522,-23.555,-75.04,cleaning
-0.307,0.875,0.384,38.307,1.96,-62.72,cleaning
-0.036,1.078,0.366,38.307,1.96,-62.72,cleaning
-0.036,1.078,0.366,20.492,21.787,-42.63,cleaning
0.228,1.246,0.401,20.492,21.787,-42.63,cleaning
0.228,1.246,0.401,0.595,29.925,-16.957,cleaning
0.453,1.271,0.451,0.595,29.925,-16.957,cleaning
0.453,1.271,0.451,-18.9,15.715,9.625,cleaning
0.625,1.235,0.45,-18.9,15.715,9.625,cleaning
0.702,0.861,0.501,-18.9,15.715,9.625,cleaning
0.702,0.861,0.501,-38.885,-12.355,32.812,cleaning
0.722,0.467,0.591,-38.885,-12.355,32.812,cleaning
0.722,0.467,0.591,-53.252,-23.502,53.707,cleaning
0.668,0.2,0.789,-53.252,-23.502,53.707,cleaning
0.668,0.2,0.789,-59.885,-20.072,70.332,cleaning
0.538,0.06,0.996,-59.885,-20.072,70.332,cleaning
0.538,0.06,0.996,-56.84,-22.785,76.037,cleaning
0.422,0.009,1.126,-56.84,-22.785,76.037,cleaning
0.422,0.009,1.126,-46.375,-39.952,66.115,cleaning
0.255,-0.015,1.302,-46.375,-39.952,66.115,cleaning
0.255,-0.015,1.302,-25.392,-53.9,44.065,cleaning
0.138,0,1.371,-25.392,-53.9,44.065,cleaning
0.138,0,1.371,5.127,-51.31,15.26,cleaning
0.009,0.122,1.359,5.127,-51.31,15.26,cleaning
0.009,0.122,1.359,35.857,-42.927,-17.675,cleaning
-0.142,0.203,1.347,35.857,-42.927,-17.675,cleaning
-0.142,0.203,1.347,63.875,-45.465,-51.572,cleaning
-0.251,0.181,1.273,63.875,-45.465,-51.572,cleaning
-0.315,0.136,1.148,63.875,-45.465,-51.572,cleaning
-0.315,0.136,1.148,86.187,-50.452,-81.217,cleaning
-0.435,0.112,1.007,86.187,-50.452,-81.217,cleaning
-0.435,0.112,1.007,98.997,-47.075,-103.32,cleaning
-0.601,0.179,0.849,98.997,-47.075,-103.32,cleaning
-0.601,0.179,0.849,104.177,-24.78,-119.385,cleaning
-0.774,0.383,0.717,104.177,-24.78,-119.385,cleaning
-0.774,0.383,0.717,104.265,11.83,-127.4,cleaning
-0.917,0.645,0.643,104.265,11.83,-127.4,cleaning
-0.917,0.645,0.643,103.757,53.655,-123.62,cleaning
-0.947,0.867,0.68,103.757,53.655,-123.62,cleaning
-0.947,0.867,0.68,104.072,51.275,-115.762,cleaning
-0.865,0.939,0.659,104.072,51.275,-115.762,cleaning
-0.865,0.939,0.659,102.042,21.507,-102.935,cleaning
-0.727,0.912,0.52,102.042,21.507,-102.935,cleaning
-0.727,0.912,0.52,93.555,5.425,-84.892,cleaning
-0.591,0.904,0.4,93.555,5.425,-84.892,cleaning
-0.591,0.904,0.4,77.332,-0.997,-65.065,cleaning
-0.479,0.971,0.309,77.332,-0.997,-65.065,cleaning
-0.343,1.122,0.237,77.332,-0.997,-65.065,cleaning
-0.343,1.122,0.237,54.775,-3.972,-41.842,cleaning
-0.135,1.296,0.229,54.775,-3.972,-41.842,cleaning
-0.135,1.296,0.229,27.072,-0.297,-13.492,cleaning
0.084,1.434,0.341,27.072,-0.297,-13.492,cleaning
0.084,1.434,0.341,-3.605,-10.99,11.567,cleaning
0.288,1.39,0.462,-3.605,-10.99,11.567,cleaning
0.288,1.39,0.462,-29.347,-27.965,33.967,cleaning
0.431,1.129,0.544,-29.347,-27.965,33.967,cleaning
0.431,1.129,0.544,-43.68,-24.64,54.6,cleaning
0.56,0.876,0.566,-43.68,-24.64,54.6,cleaning
0.56,0.876,0.566,-47.775,5.845,73.482,cleaning
0.621,0.602,0.572,-47.775,5.845,73.482,cleaning
0.621,0.602,0.572,-51.555,36.137,85.837,cleaning
0.654,0.352,0.535,-51.555,36.137,85.837,cleaning
0.654,0.352,0.535,-63.017,55.58,94.027,cleaning
0.695,0.249,0.687,-63.017,55.58,94.027,cleaning
0.523,0.045,1.198,-75.285,25.952,90.807,cleaning
0.251,-0.37,1.612,-75.285,25.952,90.807,cleaning
0.251,-0.37,1.612,-59.657,-34.195,61.95,cleaning
-0.081,-0.751,1.869,-59.657,-34.195,61.95,cleaning
-0.081,-0.751,1.869,-12.845,-57.68,6.772,cleaning
-0.246,-0.828,1.656,-12.845,-57.68,6.772,cleaning
-0.246,-0.828,1.656,44.17,-9.24,-51.747,cleaning
-0.289,-0.388,1.457,44.17,-9.24,-51.747,cleaning
-0.289,-0.388,1.457,84.542,43.75,-92.085,cleaning
-0.515,-0.048,1.474,84.542,43.75,-92.085,cleaning
-0.515,-0.048,1.474,107.712,-6.335,-136.675,cleaning
-0.687,-0.04,1.314,107.712,-6.335,-136.675,cleaning
-0.687,-0.04,1.314,123.322,-48.247,-174.667,cleaning
-0.805,0.068,1.054,123.322,-48.247,-174.667,cleaning
-0.805,0.068,1.054,133.752,-26.302,-189.332,cleaning
-0.842,0.286,0.885,133.752,-26.302,-189.332,cleaning
-0.842,0.286,0.885,135.817,-23.957,-200.777,cleaning
-0.793,0.494,0.821,135.817,-23.957,-200.777,cleaning
-0.71,0.763,0.756,131.582,-37.03,-203.105,cleaning
-0.604,1.177,0.713,131.582,-37.03,-203.105,cleaning
-0.604,1.177,0.713,123.55,-30.1,-183.89,cleaning
-0.459,1.48,0.589,123.55,-30.1,-183.89,cleaning
-0.459,1.48,0.589,112.525,-12.075,-147.28,cleaning
-0.203,1.611,0.376,112.525,-12.075,-147.28,cleaning
-0.203,1.611,0.376,91.315,-7.682,-105.875,cleaning
0.025,1.731,0.109,91.315,-7.682,-105.875,cleaning
0.025,1.731,0.109,57.312,-12.495,-63.35,cleaning
0.257,1.667,-0.046,57.312,-12.495,-63.35,cleaning
0.257,1.667,-0.046,15.137,-23.38,-23.52,cleaning
0.424,1.477,-0.048,15.137,-23.38,-23.52,cleaning
0.424,1.477,-0.048,-20.615,-24.535,8.75,cleaning
0.541,1.128,0.069,-20.615,-24.535,8.75,cleaning
0.541,1.128,0.069,-39.165,1.452,32.97,cleaning
0.591,0.843,0.265,-39.165,1.452,32.97,cleaning
0.591,0.843,0.265,-37.817,45.202,47.617,cleaning
0.611,0.689,0.509,-37.817,45.202,47.617,cleaning
0.638,0.584,0.746,-37.817,45.202,47.617,cleaning
0.638,0.584,0.746,-21.682,79.327,54.057,cleaning
0.671,0.532,0.934,-21.682,79.327,54.057,cleaning
0.671,0.532,0.934,-6.37,70.28,54.897,cleaning
0.655,0.412,1.09,-6.37,70.28,54.897,cleaning
0.655,0.412,1.09,-2.712,20.965,54.862,cleaning
0.491,0.187,1.241,-2.712,20.965,54.862,cleaning
0.491,0.187,1.241,-9.257,-21.63,57.225,cleaning
0.247,-0.031,1.328,-9.257,-21.63,57.225,cleaning
0.247,-0.031,1.328,-13.02,-8.487,59.692,cleaning
0.127,0.113,1.308,-13.02,-8.487,59.692,cleaning
0.127,0.113,1.308,-6.72,44.31,61.127,cleaning
0.127,0.431,1.16,-6.72,44.31,61.127,cleaning
0.127,0.431,1.16,2.905,65.205,57.085,cleaning
0.242,0.66,0.92,2.905,65.205,57.085,cleaning
0.242,0.66,0.92,4.62,31.342,44.607,cleaning
0.229,0.624,0.79,4.62,31.342,44.607,cleaning
0.229,0.624,0.79,-0.91,-40.04,21.367,cleaning
0.227,0.316,0.755,-0.91,-40.04,21.367,cleaning
0.193,0.022,0.783,-0.91,-40.04,21.367,cleaning
0.193,0.022,0.783,0.525,-90.002,-8.767,cleaning
0.135,-0.103,0.863,0.525,-90.002,-8.767,cleaning
0.135,-0.103,0.863,13.58,-72.047,-35.262,cleaning
0.044,0.061,0.991,13.58,-72.047,-35.262,cleaning
0.044,0.061,0.991,31.185,-31.15,-56.63,cleaning
-0.044,0.286,1.026,31.185,-31.15,-56.63,cleaning
-0.044,0.286,1.026,47.53,-13.09,-72.695,cleaning
-0.188,0.471,1.089,47.53,-13.09,-72.695,cleaning
-0.188,0.471,1.089,61.215,-19.915,-85.872,cleaning
-0.426,0.684,1.112,61.215,-19.915,-85.872,cleaning
-0.426,0.684,1.112,75.565,-26.687,-92.067,cleaning
-0.593,0.803,1.006,75.565,-26.687,-92.067,cleaning
-0.593,0.803,1.006,86.222,-27.72,-91.245,cleaning
-0.651,0.855,0.748,86.222,-27.72,-91.245,cleaning
-0.651,0.855,0.748,83.125,-26.495,-86.117,cleaning
-0.695,0.958,0.572,83.125,-26.495,-86.117,cleaning
-0.695,0.958,0.572,68.67,-12.39,-71.925,cleaning
-0.821,1.217,0.599,68.67,-12.39,-71.925,cleaning
-0.743,1.505,0.471,68.67,-12.39,-71.925,cleaning
-0.743,1.505,0.471,53.06,28.087,-36.312,cleaning
-0.255,1.611,0.044,53.06,28.087,-36.312,cleaning
-0.255,1.611,0.044,20.86,40.302,14.437,cleaning
0.171,1.45,-0.161,20.86,40.302,14.437,cleaning
0.171,1.45,-0.161,-40.407,-14.647,43.47,cleaning
0.386,1.129,-0.004,-40.407,-14.647,43.47,cleaning
0.386,1.129,-0.004,-93.747,-55.282,51.607,cleaning
0.607,0.82,0.258,-93.747,-55.282,51.607,cleaning
0.607,0.82,0.258,-110.81,-5.232,64.085,cleaning
0.801,0.689,0.45,-110.81,-5.232,64.085,cleaning
0.801,0.689,0.45,-104.72,87.237,85.382,cleaning
0.942,0.793,0.606,-104.72,87.237,85.382,cleaning
0.942,0.793,0.606,-99.75,117.337,105.997,cleaning
1.002,0.714,0.793,-99.75,117.337,105.997,cleaning
1.002,0.714,0.793,-103.162,63.35,122.395,cleaning
0.897,0.394,0.963,-103.162,63.35,122.395,cleaning
0.615,-0.024,1.203,-103.39,-7.157,131.11,cleaning
0.388,-0.299,1.321,-103.39,-7.157,131.11,cleaning
0.388,-0.299,1.321,-84.875,-31.08,124.092,cleaning
0.379,-0.235,1.139,-84.875,-31.08,124.092,cleaning
0.379,-0.235,1.139,-58.607,0.35,98.892,cleaning
0.091,0.157,1.163,-58.607,0.35,98.892,cleaning
0.091,0.157,1.163,-39.41,26.145,62.492,cleaning
-0.204,0.308,1.351,-39.41,26.145,62.492,cleaning
-0.204,0.308,1.351,-13.825,-33.722,5.18,cleaning
-0.369,0.149,1.245,-13.825,-33.722,5.18,cleaning
-0.369,0.149,1.245,19.32,-102.06,-56.402,cleaning
-0.664,-0.009,1.163,19.32,-102.06,-56.402,cleaning
-0.664,-0.009,1.163,58.747,-100.537,-105.822,cleaning
-0.894,0.124,1.104,58.747,-100.537,-105.822,cleaning
-0.894,0.124,1.104,95.847,-58.082,-135.345,cleaning
-0.991,0.513,1.021,95.847,-58.082,-135.345,cleaning
-0.991,0.513,1.021,117.985,-15.47,-141.837,cleaning
-0.995,0.957,0.923,117.985,-15.47,-141.837,cleaning
-0.799,1.27,0.639,117.442,1.697,-124.215,cleaning
-0.449,1.373,0.29,117.442,1.697,-124.215,cleaning
-0.449,1.373,0.29,88.55,0.35,-89.232,cleaning
-0.145,1.464,0.097,88.55,0.35,-89.232,cleaning
-0.145,1.464,0.097,40.005,1.925,-50.452,cleaning
0.07,1.608,0.163,40.005,1.925,-50.452,cleaning
0.07,1.608,0.163,-4.672,17.745,-10.64,cleaning
0.267,1.627,0.338,-4.672,17.745,-10.64,cleaning
0.267,1.627,0.338,-30.1,35.315,24.272,cleaning
0.422,1.412,0.379,-30.1,35.315,24.272,cleaning
0.422,1.412,0.379,-36.487,49.175,46.62,cleaning
0.63,1.009,0.194,-36.487,49.175,46.62,cleaning
0.63,1.009,0.194,-41.58,67.672,60.655,cleaning
0.795,0.622,0.082,-41.58,67.672,60.655,cleaning
0.795,0.622,0.082,-57.26,83.667,71.102,cleaning
0.884,0.309,0.237,-57.26,83.667,71.102,cleaning
0.884,0.309,0.237,-74.515,84.35,80.237,cleaning
0.874,0.196,0.542,-74.515,84.35,80.237,cleaning
0.711,0.112,1.001,-74.515,84.35,80.237,cleaning
0.711,0.112,1.001,-84.612,48.335,87.01,cleaning
0.475,-0.058,1.363,-84.612,48.335,87.01,cleaning
0.475,-0.058,1.363,-76.265,-19.11,81.812,cleaning
0.399,-0.112,1.391,-76.265,-19.11,81.812,cleaning
0.399,-0.112,1.391,-47.215,-39.322,67.882,cleaning
0.376,0.19,1.325,-47.215,-39.322,67.882,cleaning
0.376,0.19,1.325,-12.337,0.21,57.54,cleaning
0.413,0.44,1.159,-12.337,0.21,57.54,cleaning
0.413,0.44,1.159,11.742,-5.477,41.142,cleaning
0.348,0.544,0.926,11.742,-5.477,41.142,cleaning
0.348,0.544,0.926,16.065,-48.422,15.592,cleaning
0.137,0.445,0.916,16.065,-48.422,15.592,cleaning
0.137,0.445,0.916,15.382,-91.14,-22.032,cleaning
-0.056,0.368,0.97,15.382,-91.14,-22.032,cleaning
-0.056,0.368,0.97,25.725,-86.852,-56.402,cleaning
-0.268,0.476,1.041,25.725,-86.852,-56.402,cleaning
-0.268,0.476,1.041,46.357,-50.452,-76.422,cleaning
-0.541,0.663,1.118,46.357,-50.452,-76.422,cleaning
-0.768,0.918,1.098,46.357,-50.452,-76.422,cleaning
-0.768,0.918,1.098,69.562,-29.61,-88.2,cleaning
-0.85,1.049,0.841,69.562,-29.61,-88.2,cleaning
-0.85,1.049,0.841,89.407,-17.92,-84.297,cleaning
-0.762,1.05,0.494,89.407,-17.92,-84.297,cleaning
-0.762,1.05,0.494,89.512,-21.157,-68.915,cleaning
-0.599,1.007,0.232,89.512,-21.157,-68.915,cleaning
-0.599,1.007,0.232,63.787,-33.95,-48.265,cleaning
-0.436,0.97,0.147,63.787,-33.95,-48.265,cleaning
-0.436,0.97,0.147,26.162,-27.02,-25.707,cleaning
-0.233,1.12,0.275,26.162,-27.02,-25.707,cleaning
-0.233,1.12,0.275,-5.81,1.907,-1.155,cleaning
-0.041,1.409,0.582,-5.81,1.907,-1.155,cleaning
-0.041,1.409,0.582,-20.527,17.622,22.837,cleaning
0.242,1.444,0.618,-20.527,17.622,22.837,cleaning
0.242,1.444,0.618,-25.13,6.335,36.855,cleaning
0.625,1.195,0.44,-25.13,6.335,36.855,cleaning
0.625,1.195,0.44,-34.737,8.75,47.18,cleaning
0.806,0.772,0.301,-34.737,8.75,47.18,cleaning
0.927,0.513,0.286,-34.737,8.75,47.18,cleaning
0.927,0.513,0.286,-50.452,42.28,64.907,cleaning
0.974,0.395,0.442,-50.452,42.28,64.907,cleaning
0.974,0.395,0.442,-72.642,71.75,89.757,cleaning
0.949,0.37,0.597,-72.642,71.75,89.757,cleaning
0.949,0.37,0.597,-98.437,70.542,112.612,cleaning
0.84,0.307,0.729,-98.437,70.542,112.612,cleaning
0.84,0.307,0.729,-119.612,40.985,128.152,cleaning
0.734,0.289,0.809,-119.612,40.985,128.152,cleaning
0.734,0.289,0.809,-131.81,-2.975,131.005,cleaning
0.573,0.262,0.962,-131.81,-2.975,131.005,cleaning
0.573,0.262,0.962,-130.27,-40.11,124.495,cleaning
0.344,0.101,1.19,-130.27,-40.11,124.495,cleaning
0.344,0.101,1.19,-112.175,-75.862,100.03,cleaning
0.189,-0.051,1.33,-112.175,-75.862,100.03,cleaning
0.189,-0.051,1.33,-84.385,-95.007,63,cleaning
0.038,-0.135,1.383,-84.385,-95.007,63,cleaning
0.038,-0.135,1.383,-51.922,-87.622,18.41,cleaning
-0.133,-0.17,1.419,-51.922,-87.622,18.41,cleaning
-0.37,-0.088,1.421,-51.922,-87.622,18.41,cleaning
-0.37,-0.088,1.421,-15.47,-68.215,-35.805,cleaning
-0.617,0.089,1.328,-15.47,-68.215,-35.805,cleaning
-0.617,0.089,1.328,24.832,-48.86,-89.915,cleaning
-0.892,0.394,1.16,24.832,-48.86,-89.915,cleaning
-0.892,0.394,1.16,61.932,-35,-129.027,cleaning
-1.204,0.809,1.04,61.932,-35,-129.027,cleaning
-1.204,0.809,1.04,94.552,-31.255,-145.915,cleaning
-1.362,1.117,0.845,94.552,-31.255,-145.915,cleaning
-1.362,1.117,0.845,120.05,-40.127,-139.755,cleaning
-1.272,1.116,0.509,120.05,-40.127,-139.755,cleaning
-1.272,1.116,0.509,123.27,-42.997,-118.3,cleaning
-1.052,1.026,0.227,123.27,-42.997,-118.3,cleaning
-1.052,1.026,0.227,105.28,-19.092,-91.927,cleaning
-0.668,1.01,0.107,105.28,-19.092,-91.927,cleaning
-0.668,1.01,0.107,80.307,31.447,-70.647,cleaning
-0.286,1.227,0.286,80.307,31.447,-70.647,cleaning
0.032,1.572,0.496,67.392,80.902,-54.967,cleaning
0.395,1.773,0.48,67.392,80.902,-54.967,cleaning
0.395,1.773,0.48,66.465,93.187,-31.272,cleaning
0.894,1.567,0.186,66.465,93.187,-31.272,cleaning
0.894,1.567,0.186,53.112,76.79,7.84,cleaning
1.251,1.108,0.009,53.112,76.79,7.84,cleaning
1.251,1.108,0.009,10.342,61.845,55.282,cleaning
1.418,0.631,0.025,10.342,61.845,55.282,cleaning
1.418,0.631,0.025,-49.857,53.445,100.065,cleaning
1.37,0.246,0.107,-49.857,53.445,100.065,cleaning
1.37,0.246,0.107,-107.292,64.75,131.285,cleaning
1.146,0.18,0.405,-107.292,64.75,131.285,cleaning
1.146,0.18,0.405,-144.06,59.92,141.715,cleaning
0.819,0.223,0.904,-144.06,59.92,141.715,cleaning
0.819,0.223,0.904,-146.895,5.687,129.552,cleaning
0.441,0.086,1.396,-146.895,5.687,129.552,cleaning
0.441,0.086,1.396,-114.922,-60.392,94.097,cleaning
0.144,-0.267,1.66,-114.922,-60.392,94.097,cleaning
-0.08,-0.591,1.63,-64.172,-92.96,37.415,cleaning
-0.268,-0.63,1.39,-64.172,-92.96,37.415,cleaning
-0.268,-0.63,1.39,-13.895,-79.047,-32.952,cleaning
-0.481,-0.387,1.191,-13.895,-79.047,-32.952,cleaning
-0.481,-0.387,1.191,22.715,-53.112,-98.017,cleaning
-0.728,-0.006,1.116,22.715,-53.112,-98.017,cleaning
-0.728,-0.006,1.116,44.642,-48.807,-148.067,cleaning
-0.993,0.391,1.091,44.642,-48.807,-148.067,cleaning
-0.993,0.391,1.091,58.887,-57.855,-177.012,cleaning
-1.212,0.842,1.114,58.887,-57.855,-177.012,cleaning
-1.212,0.842,1.114,70.91,-60.97,-172.97,cleaning
-1.274,1.197,1.005,70.91,-60.97,-172.97,cleaning
-1.274,1.197,1.005,80.552,-41.422,-137.777,cleaning
-1.067,1.348,0.773,80.552,-41.422,-137.777,cleaning
-1.067,1.348,0.773,80.027,-21.7,-93.17,cleaning
-0.786,1.432,0.544,80.027,-21.7,-93.17,cleaning
-0.786,1.432,0.544,71.557,-13.93,-57.032,cleaning
-0.443,1.507,0.336,71.557,-13.93,-57.032,cleaning
-0.14,1.559,0.266,71.557,-13.93,-57.032,cleaning
-0.14,1.559,0.266,58.66,3.867,-27.947,cleaning
0.215,1.535,0.213,58.66,3.867,-27.947,cleaning
0.215,1.535,0.213,43.925,15.977,-1.907,cleaning
0.497,1.31,0.163,43.925,15.977,-1.907,cleaning
0.497,1.31,0.163,24.395,32.112,30.362,cleaning
0.751,0.975,0.096,24.395,32.112,30.362,cleaning
0.751,0.975,0.096,0.63,82.057,71.19,cleaning
1.017,0.693,0.077,0.63,82.057,71.19,cleaning
1.017,0.693,0.077,-32.847,147.595,116.095,cleaning
1.183,0.525,0.155,-32.847,147.595,116.095,cleaning
1.183,0.525,0.155,-76.09,182.35,153.685,cleaning
1.186,0.424,0.364,-76.09,182.35,153.685,cleaning
1.186,0.424,0.364,-124.39,159.932,176.347,cleaning
0.902,0.324,0.984,-124.39,159.932,176.347,cleaning
0.902,0.324,0.984,-150.675,66.64,169.505,cleaning
0.506,0.009,1.567,-150.675,66.64,169.505,cleaning
0.506,0.009,1.567,-129.412,-20.667,133.56,cleaning
0.254,-0.403,1.896,-129.412,-20.667,133.56,cleaning
0.056,-0.711,1.957,-129.412,-20.667,133.56,cleaning
0.056,-0.711,1.957,-78.05,-59.692,74.077,cleaning
-0.111,-0.822,1.869,-78.05,-59.692,74.077,cleaning
-0.111,-0.822,1.869,-21,-75.722,-3.587,cleaning
-0.165,-0.679,1.567,-21,-75.722,-3.587,cleaning
-0.165,-0.679,1.567,27.457,-73.01,-78.33,cleaning
-0.318,-0.33,1.399,27.457,-73.01,-78.33,cleaning
-0.318,-0.33,1.399,64.347,-54.022,-133.315,cleaning
-0.6,0.057,1.304,64.347,-54.022,-133.315,cleaning
-0.6,0.057,1.304,94.325,-65.415,-175.315,cleaning
-0.838,0.24,1.09,94.325,-65.415,-175.315,cleaning
-0.838,0.24,1.09,111.107,-85.487,-204.225,cleaning
-1.037,0.557,0.928,111.107,-85.487,-204.225,cleaning
-1.037,0.557,0.928,114.397,-78.767,-210.525,cleaning
-1.196,1.109,0.887,114.397,-78.767,-210.525,cleaning
-1.196,1.109,0.887,113.645,-55.107,-186.357,cleaning
-1.158,1.583,0.68,113.645,-55.107,-186.357,cleaning
-1.158,1.583,0.68,102.462,-26.005,-138.687,cleaning
-0.845,1.808,0.326,102.462,-26.005,-138.687,cleaning
-0.473,1.973,0.029,102.462,-26.005,-138.687,cleaning
-0.473,1.973,0.029,75.092,1.995,-82.775,cleaning
-0.183,2.091,-0.127,75.092,1.995,-82.775,cleaning
-0.183,2.091,-0.127,38.622,14.98,-29.837,cleaning
0.081,1.875,-0.105,38.622,14.98,-29.837,cleaning
0.081,1.875,-0.105,-2.415,-9.275,10.167,cleaning
0.359,1.345,-0.02,-2.415,-9.275,10.167,cleaning
0.359,1.345,-0.02,-36.54,-11.305,40.32,cleaning
0.675,0.827,0.036,-36.54,-11.305,40.32,cleaning
0.675,0.827,0.036,-65.572,55.475,73.902,cleaning
1.047,0.579,0.227,-65.572,55.475,73.902,cleaning
1.047,0.579,0.227,-103.6,115.167,110.25,cleaning
1.271,0.43,0.734,-103.6,115.167,110.25,cleaning
1.271,0.43,0.734,-140.857,108.325,143.255,cleaning
1.237,0.278,1.424,-140.857,108.325,143.255,cleaning
1.237,0.278,1.424,-151.917,50.137,163.082,cleaning
0.905,-0.007,1.922,-151.917,50.137,163.082,cleaning
0.905,-0.007,1.922,-128.31,-24.535,149.782,cleaning
0.659,-0.42,1.982,-128.31,-24.535,149.782,cleaning
0.429,-0.808,1.898,-128.31,-24.535,149.782,cleaning
0.429,-0.808,1.898,-90.387,-79.66,98.157,cleaning
0.239,-0.984,1.686,-90.387,-79.66,98.157,cleaning
0.239,-0.984,1.686,-51.38,-99.085,25.445,cleaning
0.157,-0.88,1.425,-51.38,-99.085,25.445,cleaning
0.157,-0.88,1.425,-21.07,-87.972,-44.17,cleaning
-0.086,-0.631,1.322,-21.07,-87.972,-44.17,cleaning
-0.086,-0.631,1.322,2.642,-81.305,-106.557,cleaning
-0.435,-0.481,1.215,2.642,-81.305,-106.557,cleaning
-0.435,-0.481,1.215,26.95,-98.437,-164.5,cleaning
-0.724,-0.366,0.992,26.95,-98.437,-164.5,cleaning
-0.724,-0.366,0.992,48.37,-98.682,-207.305,cleaning
-0.928,-0.109,0.758,48.37,-98.682,-207.305,cleaning
-0.928,-0.109,0.758,54.652,-67.042,-228.987,cleaning
-1.162,0.398,0.765,54.652,-67.042,-228.987,cleaning
-1.162,0.398,0.765,54.67,-33.88,-229.53,cleaning
-1.461,1.059,0.843,54.67,-33.88,-229.53,cleaning
-1.658,1.692,0.723,58.712,26.285,-189.787,cleaning
-1.448,1.989,0.522,58.712,26.285,-189.787,cleaning
-1.448,1.989,0.522,67.112,108.622,-106.75,cleaning
-0.868,1.892,0.036,67.112,108.622,-106.75,cleaning
-0.868,1.892,0.036,54.74,96.617,-28.63,cleaning
-0.449,1.595,-0.141,54.74,96.617,-28.63,cleaning
-0.449,1.595,-0.141,11.69,-12.075,11.532,cleaning
-0.294,1.201,0.029,11.69,-12.075,11.532,cleaning
-0.294,1.201,0.029,-21.385,-100.415,28.647,cleaning
-0.182,1.055,0.334,-21.385,-100.415,28.647,cleaning
-0.182,1.055,0.334,-21.297,-87.867,49.157,cleaning
-0.059,1.061,0.671,-21.297,-87.867,49.157,cleaning
-0.059,1.061,0.671,-1.277,-25.182,73.675,cleaning
0.141,1.069,0.833,-1.277,-25.182,73.675,cleaning
0.141,1.069,0.833,16.432,46.095,102.305,cleaning
0.475,1.127,0.748,16.432,46.095,102.305,cleaning
0.475,1.127,0.748,6.79,90.825,142.397,cleaning
0.844,1.038,0.498,6.79,90.825,142.397,cleaning
1.194,0.779,0.275,-44.152,102.217,191.082,cleaning
1.353,0.42,0.262,-44.152,102.217,191.082,cleaning
1.353,0.42,0.262,-123.847,79.607,230.142,cleaning
1.095,0.004,0.848,-123.847,79.607,230.142,cleaning
1.095,0.004,0.848,-198.782,-0.14,235.532,cleaning
0.516,-0.553,1.702,-198.782,-0.14,235.532,cleaning
0.516,-0.553,1.702,-213.43,-104.125,196.77,cleaning
0.113,-1.235,2.243,-213.43,-104.125,196.77,cleaning
0.113,-1.235,2.243,-161.21,-156.135,124.022,cleaning
-0.115,-1.562,2.401,-161.21,-156.135,124.022,cleaning
-0.115,-1.562,2.401,-79.607,-122.657,43.085,cleaning
-0.261,-1.542,2.133,-79.607,-122.657,43.085,cleaning
-0.261,-1.542,2.133,-0.332,-36.26,-36.4,cleaning
-0.452,-1.245,1.71,-0.332,-36.26,-36.4,cleaning
-0.452,-1.245,1.71,53.742,13.877,-117.005,cleaning
-0.771,-0.865,1.244,53.742,13.877,-117.005,cleaning
-0.771,-0.865,1.244,78.785,10.99,-187.635,cleaning
-1.069,-0.432,0.794,78.785,10.99,-187.635,cleaning
-1.322,0.159,0.695,78.785,10.99,-187.635,cleaning
-1.322,0.159,0.695,70.7,-12.46,-225.452,cleaning
-1.575,0.874,0.764,70.7,-12.46,-225.452,cleaning
-1.575,0.874,0.764,45.307,-39.305,-218.592,cleaning
-1.685,1.649,0.695,45.307,-39.305,-218.592,cleaning
-1.685,1.649,0.695,25.847,-38.22,-160.317,cleaning
-1.391,1.91,0.382,25.847,-38.22,-160.317,cleaning
-1.391,1.91,0.382,8.417,-17.92,-64.12,cleaning
-0.975,1.887,-0.001,8.417,-17.92,-64.12,cleaning
-0.975,1.887,-0.001,-18.042,-13.492,16.852,cleaning
-0.622,1.828,-0.092,-18.042,-13.492,16.852,cleaning
-0.622,1.828,-0.092,-40.442,-18.112,65.152,cleaning
-0.437,1.687,0.121,-40.442,-18.112,65.152,cleaning
-0.437,1.687,0.121,-42.595,-31.045,91.402,cleaning
-0.242,1.481,0.311,-42.595,-31.045,91.402,cleaning
-0.242,1.481,0.311,-33.145,-31.5,122.255,cleaning
-0.021,1.257,0.409,-33.145,-31.5,122.255,cleaning
-0.021,1.257,0.409,-29.015,-6.457,156.362,cleaning
0.174,0.98,0.426,-29.015,-6.457,156.362,cleaning
0.364,0.855,0.519,-29.015,-6.457,156.362,cleaning
0.364,0.855,0.519,-45.01,41.405,195.545,cleaning
0.5,0.757,0.695,-45.01,41.405,195.545,cleaning
0.5,0.757,0.695,-76.947,59.657,232.557,cleaning
0.552,0.426,0.859,-76.947,59.657,232.557,cleaning
0.552,0.426,0.859,-110.46,39.795,254.362,cleaning
0.542,0.04,1.155,-110.46,39.795,254.362,cleaning
0.542,0.04,1.155,-134.015,4.742,256.742,cleaning
0.409,-0.408,1.455,-134.015,4.742,256.742,cleaning
0.409,-0.408,1.455,-133.105,-40.005,232.54,cleaning
0.297,-0.897,1.614,-133.105,-40.005,232.54,cleaning
0.297,-0.897,1.614,-108.885,-61.407,182.665,cleaning
0.088,-1.377,1.789,-108.885,-61.407,182.665,cleaning
0.088,-1.377,1.789,-69.422,-80.675,95.147,cleaning
-0.163,-1.635,1.83,-69.422,-80.675,95.147,cleaning
-0.163,-1.635,1.83,-16.397,-51.1,-3.692,cleaning
-0.166,-1.391,1.604,-16.397,-51.1,-3.692,cleaning
-0.166,-1.391,1.604,33.425,10.692,-83.37,cleaning
-0.398,-0.836,1.616,33.425,10.692,-83.37,cleaning
-0.796,-0.502,1.439,33.425,10.692,-83.37,cleaning
-0.796,-0.502,1.439,72.852,6.93,-154.122,cleaning
-1.146,-0.197,1.08,72.852,6.93,-154.122,cleaning
-1.146,-0.197,1.08,94.395,-8.347,-207.165,cleaning
-1.462,0.261,0.786,94.395,-8.347,-207.165,cleaning
-1.462,0.261,0.786,93.047,-3.307,-230.405,cleaning
-1.693,0.849,0.602,93.047,-3.307,-230.405,cleaning
-1.693,0.849,0.602,74.795,-5.425,-215.022,cleaning
-1.674,1.361,0.472,74.795,-5.425,-215.022,cleaning
-1.674,1.361,0.472,45.885,-28.157,-164.85,cleaning
-1.443,1.577,0.337,45.885,-28.157,-164.85,cleaning
-1.443,1.577,0.337,8.015,-27.545,-89.53,cleaning
-1.135,1.738,0.394,8.015,-27.545,-89.53,cleaning
-1.135,1.738,0.394,-23.607,6.457,-6.79,cleaning
-0.741,1.84,0.506,-23.607,6.457,-6.79,cleaning
-0.741,1.84,0.506,-33.355,37.695,53.847,cleaning
-0.289,1.846,0.617,-33.355,37.695,53.847,cleaning
0.273,1.732,0.366,-24.202,28.175,80.325,cleaning
0.769,1.362,0.232,-24.202,28.175,80.325,cleaning
0.769,1.362,0.232,-30.222,-5.67,103.075,cleaning
1.035,0.904,0.288,-30.222,-5.67,103.075,cleaning
1.035,0.904,0.288,-56.42,-43.032,130.812,cleaning
1.047,0.463,0.551,-56.42,-43.032,130.812,cleaning
1.047,0.463,0.551,-86.817,-68.88,159.11,cleaning
0.864,0.072,0.99,-86.817,-68.88,159.11,cleaning
0.864,0.072,0.99,-102.06,-84,178.71,cleaning
0.616,-0.302,1.344,-102.06,-84,178.71,cleaning
0.616,-0.302,1.344,-91.437,-83.282,181.352,cleaning
0.444,-0.544,1.45,-91.437,-83.282,181.352,cleaning
0.444,-0.544,1.45,-66.622,-64.96,167.317,cleaning
0.296,-0.683,1.361,-66.622,-64.96,167.317,cleaning
0.296,-0.683,1.361,-44.38,-51.275,133.227,cleaning
0.227,-0.774,1.131,-44.38,-51.275,133.227,cleaning
0.227,-0.774,1.131,-32.182,-36.417,84.98,cleaning
0.167,-0.822,0.945,-32.182,-36.417,84.98,cleaning
0.007,-0.751,0.895,-27.475,-15.47,25.095,cleaning
-0.211,-0.551,1.025,-27.475,-15.47,25.095,cleaning
-0.211,-0.551,1.025,-21.21,-10.36,-43.347,cleaning
-0.442,-0.352,1.307,-21.21,-10.36,-43.347,cleaning
-0.442,-0.352,1.307,-5.18,-23.52,-103.11,cleaning
-0.763,-0.297,1.433,-5.18,-23.52,-103.11,cleaning
-0.763,-0.297,1.433,23.677,-40.075,-152.267,cleaning
-1.044,-0.223,1.287,23.677,-40.075,-152.267,cleaning
-1.044,-0.223,1.287,53.567,-25.917,-187.617,cleaning
-1.252,0.016,1.015,53.567,-25.917,-187.617,cleaning
-1.252,0.016,1.015,74.48,22.347,-200.97,cleaning
-1.393,0.315,0.779,74.48,22.347,-200.97,cleaning
-1.393,0.315,0.779,80.71,63.28,-190.47,cleaning
-1.482,0.687,0.626,80.71,63.28,-190.47,cleaning
-1.482,0.687,0.626,73.01,62.317,-158.777,cleaning
-1.428,1.098,0.485,73.01,62.317,-158.777,cleaning
-1.428,1.098,0.485,49.84,34.177,-103.967,cleaning
-1.255,1.267,0.432,49.84,34.177,-103.967,cleaning
-0.987,1.287,0.471,49.84,34.177,-103.967,cleaning
-0.987,1.287,0.471,20.457,3.867,-42.63,cleaning
-0.787,1.274,0.643,20.457,3.867,-42.63,cleaning
-0.787,1.274,0.643,-3.99,-9.327,14.21,cleaning
-0.651,1.166,0.796,-3.99,-9.327,14.21,cleaning
-0.651,1.166,0.796,-10.622,-2.905,54.547,cleaning
-0.446,1.034,0.796,-10.622,-2.905,54.547,cleaning
-0.446,1.034,0.796,-2.24,26.967,82.162,cleaning
-0.15,1.011,0.607,-2.24,26.967,82.162,cleaning
-0.15,1.011,0.607,-0.105,58.31,108.447,cleaning
0.118,0.901,0.499,-0.105,58.31,108.447,cleaning
0.118,0.901,0.499,-14.175,62.842,126.542,cleaning
0.347,0.718,0.416,-14.175,62.842,126.542,cleaning
0.347,0.718,0.416,-34.002,65.87,139.807,cleaning
0.6,0.543,0.412,-34.002,65.87,139.807,cleaning
0.6,0.543,0.412,-60.235,66.325,152.67,cleaning
0.769,0.474,0.578,-60.235,66.325,152.67,cleaning
0.769,0.474,0.578,-85.347,27.895,155.942,cleaning
0.666,0.402,0.962,-85.347,27.895,155.942,cleaning
0.456,0.158,1.232,-85.347,27.895,155.942,cleaning
0.456,0.158,1.232,-91.035,-45.342,145.617,cleaning
0.333,-0.16,1.316,-91.035,-45.342,145.617,cleaning
0.333,-0.16,1.316,-79.03,-105.21,128.467,cleaning
0.233,-0.474,1.337,-79.03,-105.21,128.467,cleaning
0.233,-0.474,1.337,-59.22,-116.34,111.79,cleaning
0.147,-0.697,1.279,-59.22,-116.34,111.79,cleaning
0.147,-0.697,1.279,-35.017,-73.762,91.857,cleaning
0.122,-0.794,1.129,-35.017,-73.762,91.857,cleaning
0.122,-0.794,1.129,-16.94,-5.46,61.722,cleaning
0.054,-0.775,1.037,-16.94,-5.46,61.722,cleaning
0.054,-0.775,1.037,-10.78,38.097,15.592,cleaning
-0.1,-0.623,1.075,-10.78,38.097,15.592,cleaning
-0.1,-0.623,1.075,-8.977,27.527,-40.95,cleaning
-0.404,-0.489,1.265,-8.977,27.527,-40.95,cleaning
-0.404,-0.489,1.265,5.652,-10.972,-100.922,cleaning
-0.679,-0.485,1.438,5.652,-10.972,-100.922,cleaning
-0.679,-0.485,1.438,36.4,-34.755,-158.55,cleaning
-0.912,-0.5,1.405,36.4,-34.755,-158.55,cleaning
-1.172,-0.326,1.235,36.4,-34.755,-158.55,cleaning
-1.172,-0.326,1.235,69.982,-6.72,-199.097,cleaning
-1.438,0.109,1.058,69.982,-6.72,-199.097,cleaning
-1.438,0.109,1.058,98.21,50.855,-214.322,cleaning
-1.571,0.609,0.877,98.21,50.855,-214.322,cleaning
-1.571,0.609,0.877,114.38,87.692,-205.712,cleaning
-1.472,1.129,0.561,114.38,87.692,-205.712,cleaning
-1.472,1.129,0.561,108.325,81.725,-169.12,cleaning
-1.246,1.401,0.284,108.325,81.725,-169.12,cleaning
-1.246,1.401,0.284,72.117,35.525,-118.86,cleaning
-0.99,1.485,0.155,72.117,35.525,-118.86,cleaning
-0.99,1.485,0.155,22.522,1.312,-65.59,cleaning
-0.829,1.446,0.263,22.522,1.312,-65.59,cleaning
-0.829,1.446,0.263,-16.415,-9.327,-19.442,cleaning
-0.744,1.368,0.451,-16.415,-9.327,-19.442,cleaning
-0.744,1.368,0.451,-34.93,-6.335,18.252,cleaning
-0.6,1.242,0.554,-34.93,-6.335,18.252,cleaning
-0.6,1.242,0.554,-40.687,-7.717,43.715,cleaning
-0.381,1.067,0.591,-40.687,-7.717,43.715,cleaning
-0.19,0.903,0.573,-40.687,-7.717,43.715,cleaning
-0.19,0.903,0.573,-42.612,-7.525,62.212,cleaning
0.025,0.811,0.539,-42.612,-7.525,62.212,cleaning
0.025,0.811,0.539,-44.8,10.78,77.962,cleaning
0.21,0.691,0.599,-44.8,10.78,77.962,cleaning
0.21,0.691,0.599,-47.285,33.81,85.54,cleaning
0.428,0.548,0.665,-47.285,33.81,85.54,cleaning
0.428,0.548,0.665,-45.465,60.462,88.427,cleaning
0.655,0.412,0.819,-45.465,60.462,88.427,cleaning
0.655,0.412,0.819,-42.927,70.717,92.05,cleaning
0.8,0.29,0.994,-42.927,70.717,92.05,cleaning
0.8,0.29,0.994,-46.76,43.645,95.725,cleaning
0.713,0.104,1.256,-46.76,43.645,95.725,cleaning
0.713,0.104,1.256,-47.705,-17.517,87.167,cleaning
0.504,-0.185,1.385,-47.705,-17.517,87.167,cleaning
0.504,-0.185,1.385,-36.12,-57.33,69.177,cleaning
0.394,-0.505,1.372,-36.12,-57.33,69.177,cleaning
0.304,-0.87,1.332,-20.317,-59.587,43.347,cleaning
0.218,-0.96,1.173,-20.317,-59.587,43.347,cleaning
0.218,-0.96,1.173,-5.915,-36.925,2.152,cleaning
0.055,-0.679,1.129,-5.915,-36.925,2.152,cleaning
0.055,-0.679,1.129,12.95,22.925,-37.642,cleaning
-0.258,-0.264,1.208,12.95,22.925,-37.642,cleaning
-0.258,-0.264,1.208,41.247,61.775,-82.967,cleaning
-0.62,0.085,1.331,41.247,61.775,-82.967,cleaning
-0.62,0.085,1.331,76.475,38.15,-130.165,cleaning
-0.99,0.348,1.309,76.475,38.15,-130.165,cleaning
-0.99,0.348,1.309,111.615,-14.682,-161.262,cleaning
-1.292,0.538,1.013,111.615,-14.682,-161.262,cleaning
-1.292,0.538,1.013,130.235,-45.745,-173.425,cleaning
-1.423,0.918,0.666,130.235,-45.745,-173.425,cleaning
-1.423,0.918,0.666,123.48,-33.617,-159.285,cleaning
-1.402,1.322,0.366,123.48,-33.617,-159.285,cleaning
-1.402,1.322,0.366,93.03,5.792,-106.295,cleaning
-1.114,1.451,0.121,93.03,5.792,-106.295,cleaning
-0.778,1.542,0.086,93.03,5.792,-106.295,cleaning
-0.778,1.542,0.086,39.34,27.807,-46.935,cleaning
-0.652,1.366,0.354,39.34,27.807,-46.935,cleaning
-0.652,1.366,0.354,-14.455,7.752,-6.002,cleaning
-0.626,1.189,0.668,-14.455,7.752,-6.002,cleaning
-0.626,1.189,0.668,-37.887,-1.085,19.127,cleaning
-0.506,1.036,0.876,-37.887,-1.085,19.127,cleaning
-0.506,1.036,0.876,-31.447,7.455,35.087,cleaning
-0.319,0.798,0.779,-31.447,7.455,35.087,cleaning
-0.319,0.798,0.779,-22.26,-9.922,37.8,cleaning
-0.141,0.575,0.629,-22.26,-9.922,37.8,cleaning
-0.141,0.575,0.629,-22.872,-13.3,39.847,cleaning
-0.054,0.435,0.613,-22.872,-13.3,39.847,cleaning
-0.054,0.435,0.613,-27.16,-6.51,35.98,cleaning
-0.038,0.341,0.751,-27.16,-6.51,35.98,cleaning
-0.038,0.341,0.751,-24.43,-3.517,25.41,cleaning
-0.035,0.28,0.871,-24.43,-3.517,25.41,cleaning
-0.035,0.28,0.871,-12.81,10.92,14.542,cleaning
-0.003,0.225,0.951,-12.81,10.92,14.542,cleaning
0.023,0.296,1.001,-12.81,10.92,14.542,cleaning
0.023,0.296,1.001,2.152,34.475,5.32,cleaning
0.017,0.294,1.015,2.152,34.475,5.32,cleaning
0.017,0.294,1.015,17.692,43.137,-2.922,cleaning
0.046,0.283,0.937,17.692,43.137,-2.922,cleaning
0.046,0.283,0.937,29.435,40.477,-11.025,cleaning
0.067,0.254,0.888,29.435,40.477,-11.025,cleaning
0.067,0.254,0.888,36.802,36.785,-19.67,cleaning
0.078,0.251,0.83,36.802,36.785,-19.67,cleaning
0.078,0.251,0.83,41.107,42.507,-26.827,cleaning
0.089,0.323,0.832,41.107,42.507,-26.827,cleaning
0.089,0.323,0.832,42.472,53.217,-29.295,cleaning
0.096,0.406,0.87,42.472,53.217,-29.295,cleaning
0.096,0.406,0.87,41.37,55.545,-28.245,cleaning
0.112,0.493,0.943,41.37,55.545,-28.245,cleaning
0.112,0.493,0.943,40.32,47.005,-24.552,cleaning
0.15,0.528,0.979,40.32,47.005,-24.552,cleaning
0.15,0.528,0.979,38.657,36.155,-18.462,cleaning
0.201,0.525,0.98,38.657,36.155,-18.462,cleaning
0.257,0.489,0.979,38.657,36.155,-18.462,cleaning
0.257,0.489,0.979,34.492,20.545,-11.34,cleaning
0.306,0.384,0.972,34.492,20.545,-11.34,cleaning
0.306,0.384,0.972,27.195,-6.51,-7.455,cleaning
0.342,0.232,0.979,27.195,-6.51,-7.455,cleaning
0.342,0.232,0.979,18.147,-29.4,-5.582,cleaning
0.283,0.159,1.101,18.147,-29.4,-5.582,cleaning
0.283,0.159,1.101,13.527,-25.357,-1.05,cleaning
0.224,0.239,1.155,13.527,-25.357,-1.05,cleaning
0.224,0.239,1.155,14.157,-4.532,6.3,cleaning
0.359,0.322,1.064,14.157,-4.532,6.3,cleaning
0.359,0.322,1.064,8.032,-12.652,9.047,cleaning
0.478,0.296,0.993,8.032,-12.652,9.047,cleaning
0.478,0.296,0.993,-7.752,-52.745,6.09,cleaning
0.539,0.173,1.043,-7.752,-52.745,6.09,cleaning
0.539,0.173,1.043,-23.887,-91.437,3.29,cleaning
0.605,0.009,1.195,-23.887,-91.437,3.29,cleaning
0.605,0.009,1.195,-26.81,-99.907,4.48,cleaning
0.673,-0.108,1.286,-26.81,-99.907,4.48,cleaning
0.661,-0.051,1.26,-26.81,-99.907,4.48,cleaning
0.661,-0.051,1.26,-17.01,-61.53,6.597,cleaning
0.592,0.15,1.178,-17.01,-61.53,6.597,cleaning
0.592,0.15,1.178,-3.15,3.64,7.77,cleaning
0.505,0.49,1.119,-3.15,3.64,7.77,cleaning
0.505,0.49,1.119,9.59,49.332,9.87,cleaning
0.396,0.898,0.979,9.59,49.332,9.87,cleaning
0.396,0.898,0.979,16.327,26.425,10.727,cleaning
0.306,1.077,0.762,16.327,26.425,10.727,cleaning
0.306,1.077,0.762,12.04,-45.657,5.442,cleaning
0.161,0.947,0.623,12.04,-45.657,5.442,cleaning
0.161,0.947,0.623,7.805,-105.402,-6.982,cleaning
0.019,0.66,0.454,7.805,-105.402,-6.982,cleaning
0.019,0.66,0.454,8.137,-104.265,-21.98,cleaning
-0.157,0.539,0.379,8.137,-104.265,-21.98,cleaning
-0.157,0.539,0.379,4.357,-55.317,-35.192,cleaning
-0.407,0.649,0.531,4.357,-55.317,-35.192,cleaning
-0.611,0.816,0.823,2.992,-32.76,-47.862,cleaning
-0.786,0.81,1.04,2.992,-32.76,-47.862,cleaning
-0.786,0.81,1.04,8.96,-54.215,-53.2,cleaning
-0.939,0.682,0.857,8.96,-54.215,-53.2,cleaning
-0.939,0.682,0.857,17.78,-70.665,-52.132,cleaning
-1.112,0.684,0.721,17.78,-70.665,-52.132,cleaning
-1.112,0.684,0.721,13.317,-72.31,-44.467,cleaning
-1.344,0.517,0.613,13.317,-72.31,-44.467,cleaning
-1.344,0.517,0.613,5.215,-63.56,-33.722,cleaning
-1.513,0.395,0.536,5.215,-63.56,-33.722,cleaning
-1.513,0.395,0.536,0.14,-46.06,-20.142,cleaning
-1.645,0.405,0.532,0.14,-46.06,-20.142,cleaning
-1.645,0.405,0.532,-0.752,-39.83,-4.445,cleaning
-1.441,0.37,0.315,-0.752,-39.83,-4.445,cleaning
-1.441,0.37,0.315,-10.097,-71.067,3.867,cleaning
-1.066,0.111,0.441,-10.097,-71.067,3.867,cleaning
-1.066,0.111,0.441,-13.02,-43.907,20.65,cleaning
-1.287,0.011,0.652,-13.02,-43.907,20.65,cleaning
-1.24,0.306,0.721,-13.02,-43.907,20.65,cleaning
-1.24,0.306,0.721,3.972,53.165,44.485,cleaning
-1.021,0.59,0.643,3.972,53.165,44.485,cleaning
-1.021,0.59,0.643,12.057,94.062,60.13,cleaning
-0.922,0.625,0.634,12.057,94.062,60.13,cleaning
-0.922,0.625,0.634,3.062,74.742,60.007,cleaning
-0.847,0.578,0.692,3.062,74.742,60.007,cleaning
-0.847,0.578,0.692,-6.055,57.75,50.925,cleaning
-0.758,0.587,0.766,-6.055,57.75,50.925,cleaning
-0.758,0.587,0.766,-7.91,66.465,39.287,cleaning
-0.621,0.666,0.775,-7.91,66.465,39.287,cleaning
-0.621,0.666,0.775,-8.872,79.975,26.075,cleaning
-0.454,0.732,0.82,-8.872,79.975,26.075,cleaning
-0.454,0.732,0.82,-10.01,81.287,9.31,cleaning
-0.295,0.717,0.848,-10.01,81.287,9.31,cleaning
-0.295,0.717,0.848,-9.572,77.367,-10.482,cleaning
-0.148,0.683,0.856,-9.572,77.367,-10.482,cleaning
-0.148,0.683,0.856,-6.142,75.827,-31.045,cleaning
-0.034,0.702,0.884,-6.142,75.827,-31.045,cleaning
0.067,0.607,0.932,-6.142,75.827,-31.045,cleaning
0.067,0.607,0.932,1.155,59.08,-54.862,cleaning
0.165,0.399,0.937,1.155,59.08,-54.862,cleaning
0.165,0.399,0.937,12.985,45.097,-75.67,cleaning
0.302,0.277,0.997,12.985,45.097,-75.67,cleaning
0.302,0.277,0.997,26.705,52.71,-91.595,cleaning
0.542,0.229,1.028,26.705,52.71,-91.595,cleaning
0.542,0.229,1.028,38.29,59.797,-105.857,cleaning
0.844,0.265,1.052,38.29,59.797,-105.857,cleaning
0.844,0.265,1.052,43.155,61.057,-115.062,cleaning
0.986,0.331,1.156,43.155,61.057,-115.062,cleaning
0.986,0.331,1.156,45.29,46.217,-116.025,cleaning
0.926,0.418,1.302,45.29,46.217,-116.025,cleaning
0.926,0.418,1.302,51.782,15.645,-105.682,cleaning
0.818,0.455,1.378,51.782,15.645,-105.682,cleaning
0.818,0.455,1.378,60.847,-13.055,-89.215,cleaning
0.768,0.398,1.159,60.847,-13.055,-89.215,cleaning
0.768,0.398,1.159,58.362,-27.755,-69.895,cleaning
0.69,0.342,0.991,58.362,-27.755,-69.895,cleaning
0.621,0.345,0.792,58.362,-27.755,-69.895,cleaning
0.621,0.345,0.792,47.845,-13.09,-49.612,cleaning
0.534,0.536,0.549,47.845,-13.09,-49.612,cleaning
0.534,0.536,0.549,26.04,-5.775,-33.197,cleaning
0.343,0.735,0.456,26.04,-5.775,-33.197,cleaning
0.343,0.735,0.456,-4.97,-14.682,-14.052,cleaning
0.169,0.836,0.689,-4.97,-14.682,-14.052,cleaning
0.169,0.836,0.689,-28.91,-32.952,7.875,cleaning
-0.069,0.754,1.223,-28.91,-32.952,7.875,cleaning
-0.069,0.754,1.223,-28.332,-24.395,25.48,cleaning
-0.329,0.675,1.146,-28.332,-24.395,25.48,cleaning
-0.329,0.675,1.146,-8.032,9.502,36.417,cleaning
-0.418,0.801,1.155,-8.032,9.502,36.417,cleaning
-0.418,0.801,1.155,11.217,18.97,50.225,cleaning
0.007,0.93,0.743,11.217,18.97,50.225,cleaning
0.007,0.93,0.743,8.925,-44.625,50.837,cleaning
0.348,0.71,0.932,8.925,-44.625,50.837,cleaning
0.348,0.71,0.932,6.3,-104.632,48.387,cleaning
-0.111,0.439,0.91,6.3,-104.632,48.387,cleaning
-0.147,0.357,0.93,6.3,-104.632,48.387,cleaning
-0.147,0.357,0.93,20.702,-84.49,49.385,cleaning
0.008,0.508,0.862,20.702,-84.49,49.385,cleaning
0.008,0.508,0.862,37.87,-32.042,57.977,cleaning
0.124,0.553,0.727,37.87,-32.042,57.977,cleaning
0.124,0.553,0.727,34.37,-35.122,58.467,cleaning
0.156,0.45,0.659,34.37,-35.122,58.467,cleaning
0.156,0.45,0.659,16.275,-61.512,55.16,cleaning
0.142,0.266,0.637,16.275,-61.512,55.16,cleaning
0.142,0.266,0.637,-3.325,-73.692,46.55,cleaning
0.145,0.156,0.693,-3.325,-73.692,46.55,cleaning
0.145,0.156,0.693,-18.585,-67.532,34.212,cleaning
0.104,0.12,0.779,-18.585,-67.532,34.212,cleaning
0.104,0.12,0.779,-26.46,-38.78,27.702,cleaning
0.061,0.182,0.87,-26.46,-38.78,27.702,cleaning
0.061,0.182,0.87,-27.825,-7.052,22.942,cleaning
0.01,0.309,1.013,-27.825,-7.052,22.942,cleaning
-0.104,0.353,1.108,-20.807,8.47,17.937,cleaning
-0.09,0.387,1.042,-20.807,8.47,17.937,cleaning
-0.09,0.387,1.042,-7.682,13.755,10.692,cleaning
0.017,0.444,0.955,-7.682,13.755,10.692,cleaning
0.017,0.444,0.955,1.155,4.917,1.732,cleaning
0.013,0.371,0.876,1.155,4.917,1.732,cleaning
0.013,0.371,0.876,3.465,-11.847,-7.42,cleaning
-0.008,0.317,0.83,3.465,-11.847,-7.42,cleaning
-0.008,0.317,0.83,3.71,-15.295,-17.64,cleaning
-0.061,0.3,0.836,3.71,-15.295,-17.64,cleaning
-0.061,0.3,0.836,5.757,-1.207,-25.27,cleaning
-0.063,0.385,0.808,5.757,-1.207,-25.27,cleaning
-0.063,0.385,0.808,5.67,12.687,-29.19,cleaning
-0.096,0.519,0.889,5.67,12.687,-29.19,cleaning
-0.096,0.519,0.889,4.882,18.392,-28.84,cleaning
-0.197,0.581,0.963,4.882,18.392,-28.84,cleaning
-0.197,0.581,0.963,8.75,15.662,-32.217,cleaning
-0.224,0.617,0.903,8.75,15.662,-32.217,cleaning
-0.258,0.653,0.834,12.127,12.25,-39.655,cleaning
-0.346,0.662,0.805,12.127,12.25,-39.655,cleaning
-0.346,0.662,0.805,13.177,11.305,-47.32,cleaning
-0.428,0.658,0.802,13.177,11.305,-47.32,cleaning
-0.428,0.658,0.802,13.79,7.857,-52.342,cleaning
-0.46,0.674,0.754,13.79,7.857,-52.342,cleaning
-0.46,0.674,0.754,13.072,1.54,-54.18,cleaning
-0.523,0.637,0.696,13.072,1.54,-54.18,cleaning
-0.523,0.637,0.696,8.785,-5.337,-52.325,cleaning
-0.526,0.58,0.618,8.785,-5.337,-52.325,cleaning
-0.526,0.58,0.618,0.56,-6.965,-47.897,cleaning
-0.593,0.545,0.624,0.56,-6.965,-47.897,cleaning
-0.593,0.545,0.624,-8.435,-4.655,-38.255,cleaning
-0.715,0.564,0.702,-8.435,-4.655,-38.255,cleaning
-0.715,0.564,0.702,-12.232,-6.877,-22.96,cleaning
-0.793,0.516,0.741,-12.232,-6.877,-22.96,cleaning
-0.793,0.516,0.741,-13.632,-20.002,-7.595,cleaning
-0.762,0.426,0.754,-13.632,-20.002,-7.595,cleaning
-0.794,0.334,0.791,-13.632,-20.002,-7.595,cleaning
-0.794,0.334,0.791,-15.242,-30.905,8.33,cleaning
-0.815,0.221,0.813,-15.242,-30.905,8.33,cleaning
-0.815,0.221,0.813,-14.525,-44.502,22.312,cleaning
-0.833,0.147,0.776,-14.525,-44.502,22.312,cleaning
-0.833,0.147,0.776,-9.922,-42.472,39.06,cleaning
-0.809,0.142,0.691,-9.922,-42.472,39.06,cleaning
-0.809,0.142,0.691,-5.18,-17.255,58.8,cleaning
-0.72,0.19,0.679,-5.18,-17.255,58.8,cleaning
-0.72,0.19,0.679,-6.667,-2.52,72.415,cleaning
-0.634,0.188,0.742,-6.667,-2.52,72.415,cleaning
-0.634,0.188,0.742,-12.285,-5.81,77.052,cleaning
-0.604,0.208,0.832,-12.285,-5.81,77.052,cleaning
-0.604,0.208,0.832,-15.12,-8.277,77.787,cleaning
-0.568,0.203,0.946,-15.12,-8.277,77.787,cleaning
-0.568,0.203,0.946,-12.827,-14.332,72.275,cleaning
-0.503,0.156,1.015,-12.827,-14.332,72.275,cleaning
-0.503,0.156,1.015,-7.192,-22.487,59.902,cleaning
-0.385,0.152,1.035,-7.192,-22.487,59.902,cleaning
-0.293,0.202,1.023,-7.192,-22.487,59.902,cleaning
-0.293,0.202,1.023,0.21,-16.117,50.207,cleaning
-0.132,0.238,0.973,0.21,-16.117,50.207,cleaning
-0.132,0.238,0.973,5.442,-14.98,42,cleaning
0.165,0.139,0.947,5.442,-14.98,42,cleaning
0.165,0.139,0.947,1.085,-40.932,29.907,cleaning
0.417,-0.014,0.969,1.085,-40.932,29.907,cleaning
0.417,-0.014,0.969,-10.15,-63.157,18.217,cleaning
0.528,-0.13,1.099,-10.15,-63.157,18.217,cleaning
0.528,-0.13,1.099,-16.66,-53.585,10.08,cleaning
0.575,-0.097,1.231,-16.66,-53.585,10.08,cleaning
0.575,-0.097,1.231,-10.465,-17.902,1.382,cleaning
0.667,-0.078,1.295,-10.465,-17.902,1.382,cleaning
0.667,-0.078,1.295,1.907,19.88,-12.95,cleaning
0.761,0.04,1.304,1.907,19.88,-12.95,cleaning
0.761,0.04,1.304,14.087,53.112,-22.505,cleaning
0.763,0.283,1.277,14.087,53.112,-22.505,cleaning
0.763,0.283,1.277,24.237,56.332,-26.407,cleaning
0.706,0.464,1.258,24.237,56.332,-26.407,cleaning
0.612,0.351,1.184,24.237,56.332,-26.407,cleaning
0.612,0.351,1.184,30.537,2.17,-37.362,cleaning
0.509,0.04,1.003,30.537,2.17,-37.362,cleaning
0.509,0.04,1.003,38.762,-44.362,-54.04,cleaning
0.474,-0.251,0.786,38.762,-44.362,-54.04,cleaning
0.474,-0.251,0.786,48.685,-21.98,-71.68,cleaning
0.45,-0.252,0.643,48.685,-21.98,-71.68,cleaning
0.45,-0.252,0.643,53.392,62.055,-79.572,cleaning
0.279,0.186,0.621,53.392,62.055,-79.572,cleaning
0.279,0.186,0.621,56.192,145.775,-75.775,cleaning
0.058,0.716,0.663,56.192,145.775,-75.775,cleaning
0.058,0.716,0.663,59.85,162.68,-67.742,cleaning
-0.081,1.079,0.656,59.85,162.68,-67.742,cleaning
-0.081,1.079,0.656,55.51,126.595,-57.365,cleaning
-0.134,1.289,0.655,55.51,126.595,-57.365,cleaning
-0.134,1.289,0.655,39.445,60.252,-41.072,cleaning
-0.229,1.342,0.592,39.445,60.252,-41.072,cleaning
-0.229,1.342,0.592,14.945,4.952,-20.947,cleaning
-0.247,1.224,0.543,14.945,4.952,-20.947,cleaning
-0.293,1.051,0.518,14.945,4.952,-20.947,cleaning
-0.293,1.051,0.518,-9.905,-32.602,-6.265,cleaning
-0.356,0.999,0.525,-9.905,-32.602,-6.265,cleaning
-0.356,0.999,0.525,-27.632,-37.8,10.08,cleaning
-0.486,1.011,0.626,-27.632,-37.8,10.08,cleaning
-0.486,1.011,0.626,-33.372,-30.415,29.382,cleaning
-0.519,0.862,0.649,-33.372,-30.415,29.382,cleaning
-0.519,0.862,0.649,-30.59,-32.655,42.542,cleaning
-0.465,0.706,0.565,-30.59,-32.655,42.542,cleaning
-0.465,0.706,0.565,-29.382,-15.82,53.252,cleaning
-0.476,0.678,0.519,-29.382,-15.82,53.252,cleaning
-0.476,0.678,0.519,-32.812,9.66,63.91,cleaning
-0.531,0.719,0.526,-32.812,9.66,63.91,cleaning
-0.531,0.719,0.526,-38.727,18.882,74.13,cleaning
-0.583,0.72,0.561,-38.727,18.882,74.13,cleaning
-0.583,0.72,0.561,-44.537,16.625,85.26,cleaning
-0.609,0.733,0.582,-44.537,16.625,85.26,cleaning
-0.661,0.733,0.606,-51.222,15.085,99.435,cleaning
-0.732,0.817,0.674,-51.222,15.085,99.435,cleaning
-0.732,0.817,0.674,-59.412,11.305,114.572,cleaning
-0.8,0.804,0.746,-59.412,11.305,114.572,cleaning
-0.8,0.804,0.746,-67.83,-19.145,125.545,cleaning
-0.849,0.674,0.756,-67.83,-19.145,125.545,cleaning
-0.849,0.674,0.756,-76.93,-64.19,132.72,cleaning
-0.883,0.561,0.757,-76.93,-64.19,132.72,cleaning
-0.883,0.561,0.757,-84.49,-80.167,144.287,cleaning
-0.932,0.433,0.864,-84.49,-80.167,144.287,cleaning
-0.932,0.433,0.864,-86.222,-87.412,151.795,cleaning
-0.92,0.271,0.814,-86.222,-87.412,151.795,cleaning
-0.92,0.271,0.814,-84.262,-72.24,160.947,cleaning
-0.883,0.194,0.691,-84.262,-72.24,160.947,cleaning
-0.883,0.194,0.691,-86.362,-33.075,169.645,cleaning
-0.864,0.171,0.652,-86.362,-33.075,169.645,cleaning
-0.864,0.171,0.652,-94.482,1.365,169.015,cleaning
-0.825,0.22,0.622,-94.482,1.365,169.015,cleaning
-0.793,0.36,0.769,-94.482,1.365,169.015,cleaning
-0.793,0.36,0.769,-103.495,31.062,164.202,cleaning
-0.783,0.467,0.985,-103.495,31.062,164.202,cleaning
-0.783,0.467,0.985,-105.052,24.675,149.52,cleaning
-0.702,0.438,1.085,-105.052,24.675,149.52,cleaning
-0.702,0.438,1.085,-98.105,-13.772,126.997,cleaning
-0.574,0.191,1.103,-98.105,-13.772,126.997,cleaning
-0.574,0.191,1.103,-87.307,-50.522,103.425,cleaning
-0.442,-0.137,1.04,-87.307,-50.522,103.425,cleaning
-0.442,-0.137,1.04,-73.465,-52.027,73.22,cleaning
-0.301,-0.36,1.062,-73.465,-52.027,73.22,cleaning
-0.301,-0.36,1.062,-56.525,-11.655,38.395,cleaning
-0.194,-0.475,1.223,-56.525,-11.655,38.395,cleaning
-0.194,-0.475,1.223,-33.74,28.332,-2.905,cleaning
-0.095,-0.441,1.333,-33.74,28.332,-2.905,cleaning
-0.095,-0.441,1.333,-5.53,54.775,-42.542,cleaning
0.036,-0.27,1.388,-5.53,54.775,-42.542,cleaning
0.036,-0.27,1.388,23.94,65.975,-74.375,cleaning
0.08,-0.065,1.419,23.94,65.975,-74.375,cleaning
0.127,0.113,1.405,23.94,65.975,-74.375,cleaning
0.127,0.113,1.405,54.722,59.185,-101.447,cleaning
0.25,0.197,1.331,54.722,59.185,-101.447,cleaning
0.25,0.197,1.331,83.317,35.805,-123.742,cleaning
0.441,0.191,1.213,83.317,35.805,-123.742,cleaning
0.441,0.191,1.213,105.385,8.68,-143.36,cleaning
0.601,0.101,1.128,105.385,8.68,-143.36,cleaning
0.601,0.101,1.128,122.325,-7.455,-163.432,cleaning
0.666,0.042,0.934,122.325,-7.455,-163.432,cleaning
0.666,0.042,0.934,134.592,12.337,-176.4,cleaning
0.696,0.234,0.68,134.592,12.337,-176.4,cleaning
0.696,0.234,0.68,133.227,65.397,-166.74,cleaning
0.716,0.619,0.603,133.227,65.397,-166.74,cleaning
0.716,0.619,0.603,117.092,93.45,-142.887,cleaning
0.657,1.055,0.69,117.092,93.45,-142.887,cleaning
0.657,1.055,0.69,97.667,66.692,-120.767,cleaning
0.544,1.237,0.774,97.667,66.692,-120.767,cleaning
0.544,1.237,0.774,83.107,16.345,-108.535,cleaning
0.343,1.141,0.897,83.107,16.345,-108.535,cleaning
0.143,0.777,0.914,83.107,16.345,-108.535,cleaning
0.143,0.777,0.914,81.34,-31.92,-111.282,cleaning
-0.004,0.464,0.794,81.34,-31.92,-111.282,cleaning
-0.004,0.464,0.794,89.145,-35.857,-125.72,cleaning
-0.234,0.43,0.732,89.145,-35.857,-125.72,cleaning
-0.234,0.43,0.732,104.265,26.6,-136.745,cleaning
-0.392,0.677,0.61,104.265,26.6,-136.745,cleaning
-0.392,0.677,0.61,120.382,92.295,-138.88,cleaning
-0.515,0.923,0.442,120.382,92.295,-138.88,cleaning
-0.515,0.923,0.442,121.555,117.285,-134.452,cleaning
-0.639,1.198,0.245,121.555,117.285,-134.452,cleaning
-0.639,1.198,0.245,102.375,121.222,-117.512,cleaning
-0.767,1.498,0.184,102.375,121.222,-117.512,cleaning
-0.767,1.498,0.184,64.277,95.917,-82.565,cleaning
-0.767,1.664,0.237,64.277,95.917,-82.565,cleaning
-0.767,1.664,0.237,14.7,9.73,-40.477,cleaning
-0.75,1.549,0.273,14.7,9.73,-40.477,cleaning
-0.75,1.549,0.273,-37.205,-93.625,4.777,cleaning
-0.796,1.275,0.257,-37.205,-93.625,4.777,cleaning
-0.925,0.927,0.256,-37.205,-93.625,4.777,cleaning
-0.925,0.927,0.256,-77.612,-149.152,57.172,cleaning
-0.99,0.679,0.383,-77.612,-149.152,57.172,cleaning
-0.99,0.679,0.383,-99.19,-126.122,113.155,cleaning
-1.031,0.467,0.631,-99.19,-126.122,113.155,cleaning
-1.031,0.467,0.631,-100.065,-103.477,149.975,cleaning
-0.973,0.186,0.664,-100.065,-103.477,149.975,cleaning
-0.973,0.186,0.664,-90.842,-119.315,159.075,cleaning
-0.956,-0.169,0.691,-90.842,-119.315,159.075,cleaning
-0.956,-0.169,0.691,-75.652,-117.845,152.215,cleaning
-0.932,-0.432,0.786,-75.652,-117.845,152.215,cleaning
-0.932,-0.432,0.786,-51.432,-83.562,136.465,cleaning
-0.807,-0.566,0.897,-51.432,-83.562,136.465,cleaning
-0.807,-0.566,0.897,-21.35,-32.235,114.047,cleaning
-0.645,-0.57,0.905,-21.35,-32.235,114.047,cleaning
-0.645,-0.57,0.905,3.377,24.902,93.135,cleaning
-0.468,-0.376,0.953,3.377,24.902,93.135,cleaning
-0.449,-0.058,1.049,20.335,70.577,80.902,cleaning
-0.47,0.294,1.13,20.335,70.577,80.902,cleaning
-0.47,0.294,1.13,36.207,97.772,79.082,cleaning
-0.413,0.561,1.097,36.207,97.772,79.082,cleaning
-0.413,0.561,1.097,47.775,104.79,82.04,cleaning
-0.242,0.673,0.981,47.775,104.79,82.04,cleaning
-0.242,0.673,0.981,47.145,92.627,81.725,cleaning
-0.032,0.651,0.873,47.145,92.627,81.725,cleaning
-0.032,0.651,0.873,36.995,70.945,74.445,cleaning
0.156,0.557,0.826,36.995,70.945,74.445,cleaning
0.156,0.557,0.826,23.8,59.43,60.252,cleaning
0.345,0.545,0.848,23.8,59.43,60.252,cleaning
0.345,0.545,0.848,11.567,60.9,45.482,cleaning
0.457,0.655,0.959,11.567,60.9,45.482,cleaning
0.457,0.655,0.959,1.242,43.452,30.362,cleaning
0.6,0.648,1.068,1.242,43.452,30.362,cleaning
0.6,0.648,1.068,-6.02,-6.212,11.077,cleaning
0.726,0.515,1.162,-6.02,-6.212,11.077,cleaning
0.701,0.409,1.23,-5.757,-40.512,-7.665,cleaning
0.667,0.325,1.196,-5.757,-40.512,-7.665,cleaning
0.667,0.325,1.196,3.605,-47.075,-23.59,cleaning
0.633,0.287,1.093,3.605,-47.075,-23.59,cleaning
0.633,0.287,1.093,14.14,-37.012,-38.727,cleaning
0.635,0.368,0.963,14.14,-37.012,-38.727,cleaning
0.635,0.368,0.963,19.285,-28.665,-53.165,cleaning
0.603,0.485,0.876,19.285,-28.665,-53.165,cleaning
0.603,0.485,0.876,15.977,-53.41,-69.912,cleaning
0.538,0.525,0.785,15.977,-53.41,-69.912,cleaning
0.538,0.525,0.785,9.887,-100.065,-91.507,cleaning
0.454,0.511,0.679,9.887,-100.065,-91.507,cleaning
0.454,0.511,0.679,7.14,-121.012,-112.735,cleaning
0.344,0.539,0.573,7.14,-121.012,-112.735,cleaning
0.344,0.539,0.573,9.502,-101.202,-124.617,cleaning
0.24,0.667,0.437,9.502,-101.202,-124.617,cleaning
0.24,0.667,0.437,10.535,-56.63,-119.735,cleaning
0.072,0.842,0.412,10.535,-56.63,-119.735,cleaning
-0.127,0.987,0.354,10.535,-56.63,-119.735,cleaning
-0.127,0.987,0.354,9.852,-16.45,-101.167,cleaning
-0.319,1.155,0.212,9.852,-16.45,-101.167,cleaning
-0.319,1.155,0.212,4.165,21.035,-73.902,cleaning
-0.585,1.345,0.089,4.165,21.035,-73.902,cleaning
-0.585,1.345,0.089,-14.875,14.892,-52.412,cleaning
-0.807,1.552,0.055,-14.875,14.892,-52.412,cleaning
-0.807,1.552,0.055,-52.202,-69.895,-30.852,cleaning
-0.974,1.302,0.398,-52.202,-69.895,-30.852,cleaning
-0.974,1.302,0.398,-89.547,-207.725,-2.205,cleaning
-1.002,0.594,0.655,-89.547,-207.725,-2.205,cleaning
-1.002,0.594,0.655,-100.975,-267.977,31.185,cleaning
-1.054,-0.008,0.788,-100.975,-267.977,31.185,cleaning
-1.054,-0.008,0.788,-83.387,-146.58,85.172,cleaning
-1.17,0.086,0.825,-83.387,-146.58,85.172,cleaning
-1.17,0.086,0.825,-60.462,29.557,141.575,cleaning
-1.063,0.602,0.753,-60.462,29.557,141.575,cleaning
-1.063,0.602,0.753,-63.56,43.995,168.787,cleaning
-0.942,0.847,0.602,-63.56,43.995,168.787,cleaning
-0.944,0.554,0.58,-63.56,43.995,168.787,cleaning
-0.944,0.554,0.58,-83.317,-55.79,169.977,cleaning
-0.903,0.193,0.663,-83.317,-55.79,169.977,cleaning
-0.903,0.193,0.663,-95.655,-114.047,165.69,cleaning
-0.807,-0.057,0.726,-95.655,-114.047,165.69,cleaning
-0.807,-0.057,0.726,-95.655,-91.035,164.29,cleaning
-0.604,-0.127,0.776,-95.655,-91.035,164.29,cleaning
-0.604,-0.127,0.776,-97.125,-30.975,156.397,cleaning
-0.368,-0.201,0.834,-97.125,-30.975,156.397,cleaning
-0.368,-0.201,0.834,-104.527,11.06,133,cleaning
-0.164,-0.18,0.944,-104.527,11.06,133,cleaning
-0.164,-0.18,0.944,-112.175,28.945,100.537,cleaning
-0.051,-0.291,1.203,-112.175,28.945,100.537,cleaning
-0.051,-0.291,1.203,-113.172,2.292,54.67,cleaning
0.141,-0.562,1.436,-113.172,2.292,54.67,cleaning
0.141,-0.562,1.436,-103.022,-21.962,10.342,cleaning
0.326,-0.726,1.66,-103.022,-21.962,10.342,cleaning
0.326,-0.726,1.66,-79.817,-13.86,-20.807,cleaning
0.448,-0.635,1.809,-79.817,-13.86,-20.807,cleaning
0.482,-0.15,1.911,-79.817,-13.86,-20.807,cleaning
0.482,-0.15,1.911,-45.937,8.4,-39.077,cleaning
0.389,0.446,1.786,-45.937,8.4,-39.077,cleaning
0.389,0.446,1.786,0.105,39.305,-37.432,cleaning
0.412,0.609,1.528,0.105,39.305,-37.432,cleaning
0.412,0.609,1.528,43.592,24.255,-37.117,cleaning
0.522,0.257,1.14,43.592,24.255,-37.117,cleaning
0.522,0.257,1.14,69.807,-35.157,-52.972,cleaning
0.501,0.09,0.744,69.807,-35.157,-52.972,cleaning
0.501,0.09,0.744,79.747,-37.1,-60.41,cleaning
0.362,0.279,0.598,79.747,-37.1,-60.41,cleaning
0.362,0.279,0.598,84.367,5.67,-54.827,cleaning
0.135,0.504,0.575,84.367,5.67,-54.827,cleaning
0.135,0.504,0.575,92.855,45.29,-46.147,cleaning
-0.145,0.725,0.593,92.855,45.29,-46.147,cleaning
-0.145,0.725,0.593,101.902,70.857,-39.9,cleaning
-0.622,0.908,0.521,101.902,70.857,-39.9,cleaning
-0.622,0.908,0.521,99.907,87.762,-37.66,cleaning
-1.237,1.331,0.312,99.907,87.762,-37.66,cleaning
-1.776,1.707,0.245,99.907,87.762,-37.66,cleaning
-1.776,1.707,0.245,69.842,68.985,-19.582,cleaning
-1.735,1.491,0.315,69.842,68.985,-19.582,cleaning
-1.735,1.491,0.315,14.892,-28.7,18.655,cleaning
-1.435,0.866,0.341,14.892,-28.7,18.655,cleaning
-1.435,0.866,0.341,-42.332,-108.99,72.52,cleaning
-1.396,0.577,0.402,-42.332,-108.99,72.52,cleaning
-1.396,0.577,0.402,-74.13,-42.892,140.77,cleaning
-1.264,0.589,0.429,-74.13,-42.892,140.77,cleaning
-1.264,0.589,0.429,-88.077,27.877,180.04,cleaning
-0.98,0.439,0.444,-88.077,27.877,180.04,cleaning
-0.98,0.439,0.444,-98.525,7.77,172.55,cleaning
-0.667,0.126,0.644,-98.525,7.77,172.55,cleaning
-0.667,0.126,0.644,-99.085,-45.85,135.362,cleaning
-0.368,-0.462,0.941,-99.085,-45.85,135.362,cleaning
-0.368,-0.462,0.941,-85.995,-76.335,77.455,cleaning
0.014,-1.13,1.291,-85.995,-76.335,77.455,cleaning
0.462,-1.494,1.687,-64.627,-66.202,10.482,cleaning
0.619,-1.297,2.116,-64.627,-66.202,10.482,cleaning
0.619,-1.297,2.116,-27.422,-5.425,-45.132,cleaning
0.392,-0.324,2.108,-27.422,-5.425,-45.132,cleaning
0.392,-0.324,2.108,27.965,106.697,-57.872,cleaning
0.256,0.468,1.894,27.965,106.697,-57.872,cleaning
0.256,0.468,1.894,73.71,137.637,-56.735,cleaning
0.292,0.099,1.882,73.71,137.637,-56.735,cleaning
0.292,0.099,1.882,100.625,-25.2,-110.6,cleaning
0.271,-0.386,1.28,100.625,-25.2,-110.6,cleaning
0.271,-0.386,1.28,124.04,-72.957,-156.047,cleaning
0.194,-0.282,0.855,124.04,-72.957,-156.047,cleaning
0.194,-0.282,0.855,138.827,21.892,-167.125,cleaning
-0.017,0.178,0.645,138.827,21.892,-167.125,cleaning
-0.017,0.178,0.645,140.735,88.427,-169.732,cleaning
-0.333,0.707,0.479,140.735,88.427,-169.732,cleaning
-0.333,0.707,0.479,131.617,112.787,-161.84,cleaning
-0.773,1.307,0.312,131.617,112.787,-161.84,cleaning
-1.32,1.955,0.061,131.617,112.787,-161.84,cleaning
-1.32,1.955,0.061,112.105,119.227,-135.555,cleaning
-1.702,2.482,-0.254,112.105,119.227,-135.555,cleaning
-1.702,2.482,-0.254,69.037,96.495,-70.77,cleaning
-1.634,2.428,-0.292,69.037,96.495,-70.77,cleaning
-1.634,2.428,-0.292,-23.24,-47.075,18.287,cleaning
-1.108,1.263,0.107,-23.24,-47.075,18.287,cleaning
-1.108,1.263,0.107,-124.862,-318.762,76.055,cleaning
-1.463,0.25,0.305,-124.862,-318.762,76.055,cleaning
-1.463,0.25,0.305,-149.415,-341.127,149.152,cleaning
-1.485,0.064,0.62,-149.415,-341.127,149.152,cleaning
-1.485,0.064,0.62,-113.102,-123.83,218.54,cleaning
-1.221,0.333,0.742,-113.102,-123.83,218.54,cleaning
-1.221,0.333,0.742,-80.36,46.532,247.677,cleaning
-0.949,0.538,0.68,-80.36,46.532,247.677,cleaning
-0.949,0.538,0.68,-75.267,70.367,237.527,cleaning
-0.645,0.441,0.582,-75.267,70.367,237.527,cleaning
-0.645,0.441,0.582,-83.842,9.957,201.162,cleaning
-0.356,-0.006,0.503,-83.842,9.957,201.162,cleaning
-0.046,-0.633,0.493,-83.842,9.957,201.162,cleaning
-0.046,-0.633,0.493,-92.33,-49.91,142.765,cleaning
0.134,-0.948,0.738,-92.33,-49.91,142.765,cleaning
0.134,-0.948,0.738,-90.86,-37.257,82.267,cleaning
-0.025,-0.888,1.299,-90.86,-37.257,82.267,cleaning
-0.025,-0.888,1.299,-65.31,20.09,23.362,cleaning
-0.183,-0.686,1.839,-65.31,20.09,23.362,cleaning
-0.183,-0.686,1.839,-3.43,38.255,-40.652,cleaning
-0.158,-0.431,1.885,-3.43,38.255,-40.652,cleaning
-0.158,-0.431,1.885,85.487,50.697,-91.542,cleaning
-0.139,0.084,1.302,85.487,50.697,-91.542,cleaning
-0.139,0.084,1.302,171.237,113.19,-113.435,cleaning
-0.169,0.724,0.535,171.237,113.19,-113.435,cleaning
-0.169,0.724,0.535,225.26,152.985,-119.455,cleaning
-0.279,1.554,0.123,225.26,152.985,-119.455,cleaning
-0.279,1.554,0.123,247.502,138.232,-98.805,cleaning
-0.383,2.493,0.16,247.502,138.232,-98.805,cleaning
-0.383,2.493,0.16,249.182,71.662,-50.89,cleaning
0.025,2.88,-0.086,249.182,71.662,-50.89,cleaning
0.572,2.033,-0.11,249.182,71.662,-50.89,cleaning
0.572,2.033,-0.11,196.21,-53.83,-6.107,cleaning
0.74,0.689,0.023,196.21,-53.83,-6.107,cleaning
0.74,0.689,0.023,121.73,-85.365,22.942,cleaning
0.819,-0.188,0.226,121.73,-85.365,22.942,cleaning
0.819,-0.188,0.226,68.95,57.68,53.952,cleaning
0.95,0.035,0.413,68.95,57.68,53.952,cleaning
0.95,0.035,0.413,27.142,240.677,97.895,cleaning
1.051,0.748,0.701,27.142,240.677,97.895,cleaning
1.051,0.748,0.701,-25.235,282.187,143.902,cleaning
0.976,0.88,1.062,-25.235,282.187,143.902,cleaning
0.976,0.88,1.062,-81.462,173.705,180.635,cleaning
0.671,0.454,1.439,-81.462,173.705,180.635,cleaning
0.671,0.454,1.439,-108.71,54.792,200.042,cleaning
0.381,-0.048,1.677,-108.71,54.792,200.042,cleaning
0.381,-0.048,1.677,-100.45,10.64,204.47,cleaning
0.208,-0.436,1.839,-100.45,10.64,204.47,cleaning
0.208,-0.436,1.839,-70.91,-8.732,162.33,cleaning
0.208,-0.371,1.923,-70.91,-8.732,162.33,cleaning
-0.164,-0.24,2.012,-70.91,-8.732,162.33,cleaning
-0.164,-0.24,2.012,-28.28,-69.79,66.15,cleaning
-0.524,-0.369,2.068,-28.28,-69.79,66.15,cleaning
-0.524,-0.369,2.068,35.385,-123.462,-39.427,cleaning
-1.048,-0.309,1.919,35.385,-123.462,-39.427,cleaning
-1.048,-0.309,1.919,108.465,-122.535,-136.937,cleaning
-1.673,-0.096,1.557,108.465,-122.535,-136.937,cleaning
-1.673,-0.096,1.557,179.287,-81.182,-210.245,cleaning
-1.942,0.221,1.052,179.287,-81.182,-210.245,cleaning
-1.942,0.221,1.052,225.505,-42.35,-241.815,cleaning
-1.881,0.529,0.563,225.505,-42.35,-241.815,cleaning
-1.881,0.529,0.563,229.635,-29.977,-247.922,cleaning
-1.529,0.899,0.438,229.635,-29.977,-247.922,cleaning
-1.529,0.899,0.438,201.915,-48.772,-238.91,cleaning
-1.171,1.229,0.574,201.915,-48.772,-238.91,cleaning
-1.171,1.229,0.574,172.077,-53.462,-214.567,cleaning
-0.887,1.542,0.625,172.077,-53.462,-214.567,cleaning
-0.54,1.853,0.334,150.5,-26.897,-176.452,cleaning
-0.069,1.902,-0.015,150.5,-26.897,-176.452,cleaning
-0.069,1.902,-0.015,122.132,-7.91,-136.605,cleaning
0.319,2.123,-0.167,122.132,-7.91,-136.605,cleaning
0.319,2.123,-0.167,90.317,3.307,-117.635,cleaning
0.637,2.32,-0.154,90.317,3.307,-117.635,cleaning
0.637,2.32,-0.154,57.242,-4.532,-85.872,cleaning
0.874,1.909,-0.213,57.242,-4.532,-85.872,cleaning
0.874,1.909,-0.213,13.982,-18.707,-28.577,cleaning
0.987,1.188,-0.287,13.982,-18.707,-28.577,cleaning
0.987,1.188,-0.287,-38.955,12.197,36.47,cleaning
1.021,0.545,-0.297,-38.955,12.197,36.47,cleaning
1.021,0.545,-0.297,-98.332,72.292,92.12,cleaning
1.044,0.203,-0.016,-98.332,72.292,92.12,cleaning
1.044,0.203,-0.016,-152.425,118.037,128.922,cleaning
1.013,0.224,0.581,-152.425,118.037,128.922,cleaning
1.013,0.224,0.581,-182.945,95.812,145.127,cleaning
0.731,0.221,1.302,-182.945,95.812,145.127,cleaning
0.353,-0.076,1.882,-175.437,4.865,134.54,cleaning
0.179,-0.488,2.07,-175.437,4.865,134.54,cleaning
0.179,-0.488,2.07,-131.582,-86.117,97.352,cleaning
0.054,-0.756,2.004,-131.582,-86.117,97.352,cleaning
0.054,-0.756,2.004,-68.985,-127.382,34.562,cleaning
-0.093,-0.797,1.799,-68.985,-127.382,34.562,cleaning
-0.093,-0.797,1.799,-8.295,-117.582,-39.882,cleaning
-0.173,-0.571,1.523,-8.295,-117.582,-39.882,cleaning
-0.173,-0.571,1.523,34.86,-81.9,-103.687,cleaning
-0.396,-0.157,1.494,34.86,-81.9,-103.687,cleaning
-0.396,-0.157,1.494,60.795,-74.637,-154.35,cleaning
-0.706,0.074,1.461,60.795,-74.637,-154.35,cleaning
-0.706,0.074,1.461,78.452,-92.907,-198.887,cleaning
-0.952,0.173,1.303,78.452,-92.907,-198.887,cleaning
-0.952,0.173,1.303,94.465,-89.337,-230.247,cleaning
-1.168,0.287,1.035,94.465,-89.337,-230.247,cleaning
-1.168,0.287,1.035,106.277,-61.197,-243.705,cleaning
-1.361,0.588,0.721,106.277,-61.197,-243.705,cleaning
-1.492,1.044,0.485,106.277,-61.197,-243.705,cleaning
-1.492,1.044,0.485,106.715,-43.855,-233.782,cleaning
-1.505,1.471,0.28,106.715,-43.855,-233.782,cleaning
-1.505,1.471,0.28,98.542,-41.895,-198.485,cleaning
-1.105,1.717,0.046,98.542,-41.895,-198.485,cleaning
-1.105,1.717,0.046,78.19,-35.717,-142.555,cleaning
-0.614,2.008,-0.076,78.19,-35.717,-142.555,cleaning
-0.614,2.008,-0.076,44.45,-12.547,-79.24,cleaning
-0.126,2.289,-0.132,44.45,-12.547,-79.24,cleaning
-0.126,2.289,-0.132,11.777,4.497,-19.022,cleaning
0.235,2.251,-0.05,11.777,4.497,-19.022,cleaning
0.235,2.251,-0.05,-13.527,2.17,32.672,cleaning
0.512,1.947,0.045,-13.527,2.17,32.672,cleaning
0.512,1.947,0.045,-33.005,10.447,86.712,cleaning
0.799,1.471,0.14,-33.005,10.447,86.712,cleaning
0.799,1.471,0.14,-54.827,42.35,144.62,cleaning
1.106,0.934,0.342,-54.827,42.35,144.62,cleaning
1.106,0.934,0.342,-83.58,83.282,196.14,cleaning
1.293,0.479,0.46,-83.58,83.282,196.14,cleaning
1.223,0.17,0.807,-83.58,83.282,196.14,cleaning
1.223,0.17,0.807,-125.527,87.867,232.085,cleaning
0.728,-0.298,1.403,-125.527,87.867,232.085,cleaning
0.728,-0.298,1.403,-160.422,16.152,237.23,cleaning
0.375,-0.639,1.723,-160.422,16.152,237.23,cleaning
0.375,-0.639,1.723,-154.682,-63.752,197.365,cleaning
0.031,-0.952,1.928,-154.682,-63.752,197.365,cleaning
0.031,-0.952,1.928,-120.942,-93.572,135.782,cleaning
-0.291,-1.242,2.086,-120.942,-93.572,135.782,cleaning
-0.291,-1.242,2.086,-75.215,-109.637,48.702,cleaning
-0.404,-1.302,1.917,-75.215,-109.637,48.702,cleaning
-0.404,-1.302,1.917,-33.652,-98,-37.152,cleaning
-0.384,-1.167,1.55,-33.652,-98,-37.152,cleaning
-0.384,-1.167,1.55,-12.565,-61.6,-109.847,cleaning
-0.411,-0.945,1.312,-12.565,-61.6,-109.847,cleaning
-0.411,-0.945,1.312,-12.25,-58.747,-177.59,cleaning
-0.463,-0.724,1.315,-12.25,-58.747,-177.59,cleaning
-0.463,-0.724,1.315,-19.005,-89.407,-232.627,cleaning
-0.698,-0.484,1.43,-19.005,-89.407,-232.627,cleaning
-1.09,-0.202,1.399,-19.005,-89.407,-232.627,cleaning
-1.09,-0.202,1.399,-15.802,-108.675,-270.917,cleaning
-1.73,-0.012,1.125,-15.802,-108.675,-270.917,cleaning
-1.73,-0.012,1.125,-1.172,-101.815,-304.85,cleaning
-2.324,0.296,0.656,-1.172,-101.815,-304.85,cleaning
-2.324,0.296,0.656,25.62,-21.717,-313.705,cleaning
-2.461,0.788,0.112,25.62,-21.717,-313.705,cleaning
-2.461,0.788,0.112,58.292,97.125,-257.635,cleaning
-2.031,1.279,-0.305,58.292,97.125,-257.635,cleaning
-2.031,1.279,-0.305,61.372,114.957,-167.737,cleaning
-1.569,1.563,-0.4,61.372,114.957,-167.737,cleaning
-1.569,1.563,-0.4,31.097,49.42,-85.732,cleaning
-1.28,1.782,-0.147,31.097,49.42,-85.732,cleaning
-1.28,1.782,-0.147,8.627,24.762,-9.537,cleaning
-0.993,1.999,0.238,8.627,24.762,-9.537,cleaning
-0.993,1.999,0.238,14.262,42.997,44.607,cleaning
-0.577,2.213,0.429,14.262,42.997,44.607,cleaning
-0.577,2.213,0.429,34.142,61.95,88.777,cleaning
-0.099,2.177,0.33,34.142,61.95,88.777,cleaning
0.361,1.86,0.155,34.142,61.95,88.777,cleaning
0.361,1.86,0.155,38.815,64.54,132.947,cleaning
0.734,1.533,-0.01,38.815,64.54,132.947,cleaning
0.734,1.533,-0.01,19.81,76.37,174.282,cleaning
1.188,1.075,0.156,19.81,76.37,174.282,cleaning
1.188,1.075,0.156,-25.2,91.315,211.54,cleaning
1.438,0.651,0.605,-25.2,91.315,211.54,cleaning
1.438,0.651,0.605,-82.81,56.227,234.027,cleaning
1.139,0.083,1.502,-82.81,56.227,234.027,cleaning
1.139,0.083,1.502,-123.707,-56.21,228.497,cleaning
0.483,-0.746,2.2,-123.707,-56.21,228.497,cleaning
0.483,-0.746,2.2,-108.64,-150.097,184.922,cleaning
0.16,-1.621,2.387,-108.64,-150.097,184.922,cleaning
0.16,-1.621,2.387,-62.125,-136.692,119.28,cleaning
-0.173,-2.06,2.396,-62.125,-136.692,119.28,cleaning
-0.173,-2.06,2.396,-11.655,-56.385,35.822,cleaning
-0.521,-1.861,2.173,-11.655,-56.385,35.822,cleaning
-0.63,-1.319,1.746,28.805,39.672,-36.05,cleaning
-0.771,-0.767,1.421,28.805,39.672,-36.05,cleaning
-0.771,-0.767,1.421,51.852,84.122,-96.215,cleaning
-1.119,-0.561,1.165,51.852,84.122,-96.215,cleaning
-1.119,-0.561,1.165,64.662,34.807,-165.322,cleaning
-1.506,-0.555,0.808,64.662,34.807,-165.322,cleaning
-1.506,-0.555,0.808,73.185,-36.995,-238.332,cleaning
-1.944,-0.37,0.619,73.185,-36.995,-238.332,cleaning
-1.944,-0.37,0.619,80.202,-57.557,-284.427,cleaning
-2.472,0.238,0.6,80.202,-57.557,-284.427,cleaning
-2.472,0.238,0.6,98.612,-34.755,-284.602,cleaning
-2.597,0.89,0.455,98.612,-34.755,-284.602,cleaning
-2.597,0.89,0.455,108.605,-35.875,-246.872,cleaning
-2.111,1.247,0.273,108.605,-35.875,-246.872,cleaning
-2.111,1.247,0.273,88.392,-48.16,-176.662,cleaning
-1.538,1.357,-0.011,88.392,-48.16,-176.662,cleaning
-1.538,1.357,-0.011,43.137,-12.25,-95.48,cleaning
-0.907,1.701,-0.198,43.137,-12.25,-95.48,cleaning
-0.206,2.437,0.27,43.137,-12.25,-95.48,cleaning
-0.206,2.437,0.27,-3.815,67.042,-33.565,cleaning
0.435,3.233,0.683,-3.815,67.042,-33.565,cleaning
0.435,3.233,0.683,-0.875,124.057,0.822,cleaning
1.114,3.144,0.219,-0.875,124.057,0.822,cleaning
1.114,3.144,0.219,28.577,92.575,48.912,cleaning
1.761,2.188,-0.331,28.577,92.575,48.912,cleaning
1.761,2.188,-0.331,21.665,35.577,113.067,cleaning
2.047,1.271,-0.363,21.665,35.577,113.067,cleaning
2.047,1.271,-0.363,-16.065,58.975,186.9,cleaning
2.125,0.769,0.05,-16.065,58.975,186.9,cleaning
2.125,0.769,0.05,-70.367,110.337,262.71,cleaning
1.887,0.521,0.424,-70.367,110.337,262.71,cleaning
1.887,0.521,0.424,-132.93,100.94,315.052,cleaning
1.259,0.324,1.103,-132.93,100.94,315.052,cleaning
1.259,0.324,1.103,-176.032,1.575,326.287,cleaning
0.254,-0.197,1.951,-176.032,1.575,326.287,cleaning
0.254,-0.197,1.951,-149.257,-97.107,277.777,cleaning
-0.254,-0.923,2.349,-149.257,-97.107,277.777,cleaning
-0.436,-1.467,2.407,-149.257,-97.107,277.777,cleaning
-0.436,-1.467,2.407,-80.15,-122.902,189.035,cleaning
-0.633,-1.644,2.243,-80.15,-122.902,189.035,cleaning
-0.633,-1.644,2.243,-6.93,-93.065,67.882,cleaning
-0.702,-1.306,1.778,-6.93,-93.065,67.882,cleaning
-0.702,-1.306,1.778,46.69,-17.692,-46.025,cleaning
-0.916,-0.744,1.561,46.69,-17.692,-46.025,cleaning
-0.916,-0.744,1.561,71.435,41.475,-126.542,cleaning
-1.02,-0.227,1.37,71.435,41.475,-126.542,cleaning
-1.02,-0.227,1.37,72.66,17.71,-179.095,cleaning
-1.159,-0.039,1.195,72.66,17.71,-179.095,cleaning
-1.159,-0.039,1.195,60.567,-34.055,-208.827,cleaning
-1.367,-0.029,1.049,60.567,-34.055,-208.827,cleaning
-1.367,-0.029,1.049,53.672,-49.787,-222.355,cleaning
-1.588,0.125,0.874,53.672,-49.787,-222.355,cleaning
-1.588,0.125,0.874,61.792,-19.162,-216.125,cleaning
-1.76,0.489,0.731,61.792,-19.162,-216.125,cleaning
-1.76,0.489,0.731,74.007,-19.18,-201.32,cleaning
-1.863,0.823,0.537,74.007,-19.18,-201.32,cleaning
-1.866,0.965,0.387,74.007,-19.18,-201.32,cleaning
-1.866,0.965,0.387,77.35,-59.377,-180.267,cleaning
-1.811,1.224,0.263,77.35,-59.377,-180.267,cleaning
-1.811,1.224,0.263,77.927,-47.127,-132.842,cleaning
-1.431,1.574,0.056,77.927,-47.127,-132.842,cleaning
-1.431,1.574,0.056,73.045,19.215,-57.925,cleaning
-0.769,1.949,0.017,73.045,19.215,-57.925,cleaning
-0.769,1.949,0.017,53.725,71.96,2.222,cleaning
-0.22,2.405,0.198,53.725,71.96,2.222,cleaning
-0.22,2.405,0.198,51.117,95.182,37.817,cleaning
0.294,2.566,0.089,51.117,95.182,37.817,cleaning
0.294,2.566,0.089,62.387,86.607,69.772,cleaning
0.694,1.952,-0.127,62.387,86.607,69.772,cleaning
0.694,1.952,-0.127,64.487,111.842,94.797,cleaning
0.999,1.351,-0.17,64.487,111.842,94.797,cleaning
0.999,1.351,-0.17,61.197,186.305,122.167,cleaning
1.529,0.99,-0.006,61.197,186.305,122.167,cleaning
1.529,0.99,-0.006,39.147,232.05,157.342,cleaning
2.096,0.733,0.078,39.147,232.05,157.342,cleaning
2.145,0.498,0.079,39.147,232.05,157.342,cleaning
2.145,0.498,0.079,-36.82,203.665,190.872,cleaning
1.61,0.33,0.354,-36.82,203.665,190.872,cleaning
1.61,0.33,0.354,-159.267,121.887,218.207,cleaning
0.554,-0.112,1.306,-159.267,121.887,218.207,cleaning
0.554,-0.112,1.306,-258.3,18.76,233.135,cleaning
-0.457,-0.525,2.299,-258.3,18.76,233.135,cleaning
-0.457,-0.525,2.299,-256.48,-42.332,193.515,cleaning
-1.125,-0.782,3.125,-256.48,-42.332,193.515,cleaning
-1.125,-0.782,3.125,-154.455,-68.582,100.327,cleaning
-1.348,-1.158,3.122,-154.455,-68.582,100.327,cleaning
-1.348,-1.158,3.122,-10.132,-49.157,-16.012,cleaning
-1.339,-1.186,2.262,-10.132,-49.157,-16.012,cleaning
-1.339,-1.186,2.262,112.35,46.707,-100.03,cleaning
-1.403,-0.646,1.247,112.35,46.707,-100.03,cleaning
-1.403,-0.646,1.247,178.342,86.467,-152.162,cleaning
-1.555,0.22,0.741,178.342,86.467,-152.162,cleaning
-1.497,0.86,0.578,185.587,-37.012,-198.047,cleaning
-1.283,1.117,0.638,185.587,-37.012,-198.047,cleaning
-1.283,1.117,0.638,151.69,-208.092,-233.677,cleaning
-1.131,1.194,0.866,151.69,-208.092,-233.677,cleaning
-1.131,1.194,0.866,108.972,-264.827,-236.32,cleaning
-0.859,1.446,0.73,108.972,-264.827,-236.32,cleaning
-0.859,1.446,0.73,80.517,-151.48,-173.827,cleaning
-0.082,2.16,0.068,80.517,-151.48,-173.827,cleaning
-0.082,2.16,0.068,34.492,1.977,-66.552,cleaning
0.767,2.893,-0.209,34.492,1.977,-66.552,cleaning
0.767,2.893,-0.209,-51.782,6.16,10.027,cleaning
1.357,2.972,-0.097,-51.782,6.16,10.027,cleaning
1.357,2.972,-0.097,-118.317,-55.037,56.822,cleaning
1.421,2.434,0.082,-118.317,-55.037,56.822,cleaning
1.421,2.434,0.082,-133.857,-36.785,120.942,cleaning
1.243,1.395,0.094,-133.857,-36.785,120.942,cleaning
1.243,1.395,0.094,-129.202,50.907,191.992,cleaning
1.236,0.526,-0.097,-129.202,50.907,191.992,cleaning
1.144,-0.058,-0.048,-138.075,143.185,252.42,cleaning
0.818,-0.237,0.48,-138.075,143.185,252.42,cleaning
0.818,-0.237,0.48,-160.527,168.472,278.425,cleaning
0.247,-0.338,1.322,-160.527,168.472,278.425,cleaning
0.247,-0.338,1.322,-164.5,81.112,254.695,cleaning
-0.218,-0.752,2.043,-164.5,81.112,254.695,cleaning
-0.218,-0.752,2.043,-120.435,-52.535,170.992,cleaning
-0.55,-1.029,2.346,-120.435,-52.535,170.992,cleaning
-0.55,-1.029,2.346,-36.12,-98.14,51.537,cleaning
-1.016,-0.767,2.244,-36.12,-98.14,51.537,cleaning
-1.016,-0.767,2.244,57.085,-43.312,-52.675,cleaning
-1.605,-0.145,1.759,57.085,-43.312,-52.675,cleaning
-1.605,-0.145,1.759,125.527,4.217,-119.035,cleaning
-1.948,0.383,1.272,125.527,4.217,-119.035,cleaning
-1.948,0.383,1.272,147.087,-20.3,-154.997,cleaning
-1.816,0.532,0.836,147.087,-20.3,-154.997,cleaning
-1.816,0.532,0.836,126.35,-58.695,-168.332,cleaning
-1.402,0.538,0.668,126.35,-58.695,-168.332,cleaning
-0.994,0.724,0.735,126.35,-58.695,-168.332,cleaning
-0.994,0.724,0.735,90.79,-65.94,-170.922,cleaning
-0.642,1.11,0.825,90.79,-65.94,-170.922,cleaning
-0.642,1.11,0.825,63.087,-50.592,-164.465,cleaning
-0.245,1.498,0.836,63.087,-50.592,-164.465,cleaning
-0.245,1.498,0.836,47.862,-36.4,-144.392,cleaning
0.423,1.797,0.495,47.862,-36.4,-144.392,cleaning
0.423,1.797,0.495,32.06,-5.302,-107.852,cleaning
1.14,2.144,0.218,32.06,-5.302,-107.852,cleaning
1.14,2.144,0.218,5.967,42.227,-54.355,cleaning
1.719,2.41,-0.216,5.967,42.227,-54.355,cleaning
1.719,2.41,-0.216,-36.452,55.562,18.042,cleaning
1.752,2.124,-0.425,-36.452,55.562,18.042,cleaning
1.752,2.124,-0.425,-95.34,23.66,93.765,cleaning
1.353,1.099,-0.306,-95.34,23.66,93.765,cleaning
1.353,1.099,-0.306,-140.682,41.16,164.99,cleaning
1.168,0.258,-0.245,-140.682,41.16,164.99,cleaning
1.168,0.258,-0.245,-174.772,107.222,230.912,cleaning
0.869,0.137,0.3,-174.772,107.222,230.912,cleaning
0.306,0.182,1.225,-174.772,107.222,230.912,cleaning
0.306,0.182,1.225,-195.702,59.15,249.287,cleaning
-0.173,-0.245,1.852,-195.702,59.15,249.287,cleaning
-0.173,-0.245,1.852,-165.917,-61.407,206.92,cleaning
-0.566,-0.673,2.103,-165.917,-61.407,206.92,cleaning
-0.566,-0.673,2.103,-86.835,-109.427,113.592,cleaning
-1.02,-0.49,1.974,-86.835,-109.427,113.592,cleaning
-1.02,-0.49,1.974,11.112,-64.68,5.232,cleaning
-1.504,0.066,1.386,11.112,-64.68,5.232,cleaning
-1.504,0.066,1.386,86.502,-3.465,-75.005,cleaning
-1.739,0.547,0.811,86.502,-3.465,-75.005,cleaning
-1.739,0.547,0.811,108.587,-13.09,-120.47,cleaning
-1.583,0.666,0.522,108.587,-13.09,-120.47,cleaning
-1.583,0.666,0.522,84.035,-68.355,-145.075,cleaning
-1.277,0.635,0.535,84.035,-68.355,-145.075,cleaning
-1.277,0.635,0.535,44.275,-77.332,-146.3,cleaning
-0.891,0.783,0.698,44.275,-77.332,-146.3,cleaning
-0.891,0.783,0.698,13.02,-44.817,-128.555,cleaning
-0.523,1.072,0.894,13.02,-44.817,-128.555,cleaning
-0.11,1.235,0.838,13.02,-44.817,-128.555,cleaning
-0.11,1.235,0.838,-2.66,-27.072,-109.935,cleaning
0.427,1.282,0.552,-2.66,-27.072,-109.935,cleaning
0.427,1.282,0.552,-14.14,-18.27,-91.752,cleaning
1.062,1.365,0.371,-14.14,-18.27,-91.752,cleaning
1.062,1.365,0.371,-27.335,6.405,-67.637,cleaning
1.483,1.59,0.263,-27.335,6.405,-67.637,cleaning
1.483,1.59,0.263,-34.527,41.982,-22.662,cleaning
1.477,1.76,0.252,-34.527,41.982,-22.662,cleaning
1.477,1.76,0.252,-41.055,31.902,37.782,cleaning
1.217,1.361,0.18,-41.055,31.902,37.782,cleaning
1.217,1.361,0.18,-51.03,9.782,101.062,cleaning
1.065,0.877,-0.063,-51.03,9.782,101.062,cleaning
1.065,0.877,-0.063,-70.787,44.1,164.115,cleaning
0.844,0.69,-0.055,-70.787,44.1,164.115,cleaning
0.844,0.69,-0.055,-105.822,57.172,206.57,cleaning
0.504,0.627,0.275,-105.822,57.172,206.57,cleaning
0.504,0.627,0.275,-138.355,2.45,213.447,cleaning
-0.038,0.401,0.923,-138.355,2.45,213.447,cleaning
-0.622,0.083,1.536,-138.355,2.45,213.447,cleaning
-0.622,0.083,1.536,-131.915,-60.445,174.492,cleaning
-1.153,-0.136,1.85,-131.915,-60.445,174.492,cleaning
-1.153,-0.136,1.85,-76.562,-68.355,98.245,cleaning
-1.454,-0.228,1.676,-76.562,-68.355,98.245,cleaning
-1.454,-0.228,1.676,-2.975,-34.755,14.63,cleaning
-1.585,-0.163,1.281,-2.975,-34.755,14.63,cleaning
-1.585,-0.163,1.281,53.077,0.07,-56.157,cleaning
-1.52,0.028,0.775,53.077,0.07,-56.157,cleaning
-1.52,0.028,0.775,78.47,12.722,-101.885,cleaning
-1.282,0.188,0.486,78.47,12.722,-101.885,cleaning
-1.282,0.188,0.486,76.055,-6.44,-135.887,cleaning
-0.957,0.246,0.384,76.055,-6.44,-135.887,cleaning
-0.957,0.246,0.384,56.647,-14.787,-165.007,cleaning
-0.544,0.54,0.392,56.647,-14.787,-165.007,cleaning
-0.544,0.54,0.392,38.395,31.482,-164.762,cleaning
-0.008,1.113,0.429,38.395,31.482,-164.762,cleaning
0.584,1.702,0.663,23.607,88.69,-132.247,cleaning
1.188,2.352,0.832,23.607,88.69,-132.247,cleaning
1.188,2.352,0.832,9.222,101.955,-80.64,cleaning
1.237,2.307,0.839,9.222,101.955,-80.64,cleaning
1.237,2.307,0.839,-0.91,54.372,-8.522,cleaning
1.079,1.548,0.343,-0.91,54.372,-8.522,cleaning
1.079,1.548,0.343,-26.985,-15.522,60.76,cleaning
1.034,1.08,-0.176,-26.985,-15.522,60.76,cleaning
1.034,1.08,-0.176,-74.795,-6.195,137.725,cleaning
0.685,0.664,-0.139,-74.795,-6.195,137.725,cleaning
0.685,0.664,-0.139,-136.097,0.14,192.797,cleaning
0.188,0.416,0.371,-136.097,0.14,192.797,cleaning
0.188,0.416,0.371,-172.812,-31.885,212.957,cleaning
-0.295,0.1,1.11,-172.812,-31.885,212.957,cleaning
-0.295,0.1,1.11,-160.405,-82.932,189.052,cleaning
-0.716,-0.346,1.576,-160.405,-82.932,189.052,cleaning
-0.716,-0.346,1.576,-102.427,-104.702,117.897,cleaning
-1.001,-0.675,1.767,-102.427,-104.702,117.897,cleaning
-1.145,-0.694,1.67,-102.427,-104.702,117.897,cleaning
-1.145,-0.694,1.67,-18.62,-73.482,23.047,cleaning
-1.227,-0.237,1.354,-18.62,-73.482,23.047,cleaning
-1.227,-0.237,1.354,60.812,-16.117,-63.122,cleaning
-1.36,0.416,0.977,60.812,-16.117,-63.122,cleaning
-1.36,0.416,0.977,109.095,16.1,-118.755,cleaning
-1.326,0.931,0.517,109.095,16.1,-118.755,cleaning
-1.326,0.931,0.517,108.237,2.222,-142.957,cleaning
-1.027,1.257,0.211,108.237,2.222,-142.957,cleaning
-1.027,1.257,0.211,61.915,-9.975,-127.19,cleaning
-0.58,1.416,0.135,61.915,-9.975,-127.19,cleaning
-0.58,1.416,0.135,-5.565,-14.42,-89.302,cleaning
-0.188,1.45,0.285,-5.565,-14.42,-89.302,cleaning
-0.188,1.45,0.285,-62.335,-16.467,-53.55,cleaning
0.173,1.256,0.494,-62.335,-16.467,-53.55,cleaning
0.173,1.256,0.494,-88.217,8.295,-25.48,cleaning
0.516,1.066,0.493,-88.217,8.295,-25.48,cleaning
0.516,1.066,0.493,-91.35,62.335,5.757,cleaning
0.787,1.051,0.356,-91.35,62.335,5.757,cleaning
0.885,0.963,0.399,-91.35,62.335,5.757,cleaning
0.885,0.963,0.399,-96.337,91.42,48.44,cleaning
0.778,0.714,0.669,-96.337,91.42,48.44,cleaning
0.778,0.714,0.669,-108.045,50.82,90.457,cleaning
0.421,0.276,1.002,-108.045,50.82,90.457,cleaning
0.421,0.276,1.002,-112.157,-37.467,115.36,cleaning
-0.115,-0.301,1.325,-112.157,-37.467,115.36,cleaning
-0.115,-0.301,1.325,-90.09,-99.802,106.26,cleaning
-0.579,-0.556,1.537,-90.09,-99.802,106.26,cleaning
-0.579,-0.556,1.537,-38.605,-89.39,57.61,cleaning
-1.044,-0.407,1.578,-38.605,-89.39,57.61,cleaning
-1.044,-0.407,1.578,28.56,-21.28,-1.592,cleaning
-1.069,-0.058,1.266,28.56,-21.28,-1.592,cleaning
-1.069,-0.058,1.266,74.865,8.137,-54.687,cleaning
-1.086,0.305,0.942,74.865,8.137,-54.687,cleaning
-1.086,0.305,0.942,81.48,-17.99,-92.715,cleaning
-1.122,0.583,0.685,81.48,-17.99,-92.715,cleaning
-1.122,0.583,0.685,57.82,-12.215,-97.282,cleaning
-0.979,0.988,0.54,57.82,-12.215,-97.282,cleaning
-0.648,1.278,0.384,57.82,-12.215,-97.282,cleaning
-0.648,1.278,0.384,17.885,1.54,-74.812,cleaning
-0.314,1.308,0.396,17.885,1.54,-74.812,cleaning
-0.314,1.308,0.396,-25.235,-8.015,-48.58,cleaning
-0.049,1.005,0.433,-25.235,-8.015,-48.58,cleaning
-0.049,1.005,0.433,-52.867,-21.665,-30.152,cleaning
0.182,0.811,0.453,-52.867,-21.665,-30.152,cleaning
0.182,0.811,0.453,-59.78,3.762,-11.62,cleaning
0.378,0.798,0.49,-59.78,3.762,-11.62,cleaning
0.378,0.798,0.49,-55.265,36.207,15.12,cleaning
0.502,0.75,0.556,-55.265,36.207,15.12,cleaning
0.502,0.75,0.556,-54.617,35.682,46.76,cleaning
0.501,0.73,0.709,-54.617,35.682,46.76,cleaning
0.501,0.73,0.709,-59.867,-7.822,78.032,cleaning
0.307,0.438,0.929,-59.867,-7.822,78.032,cleaning
0.307,0.438,0.929,-59.797,-65.432,96.022,cleaning
0.061,0.146,1.149,-59.797,-65.432,96.022,cleaning
0.061,0.146,1.149,-43.05,-97.037,91.927,cleaning
-0.264,-0.151,1.349,-43.05,-97.037,91.927,cleaning
-0.603,-0.248,1.35,-43.05,-97.037,91.927,cleaning
-0.603,-0.248,1.35,-6.615,-87.692,56.21,cleaning
-0.819,-0.159,1.203,-6.615,-87.692,56.21,cleaning
-0.819,-0.159,1.203,43.172,-42.77,2.152,cleaning
-0.947,-0.023,0.899,43.172,-42.77,2.152,cleaning
-0.947,-0.023,0.899,88.287,-7.332,-49.735,cleaning
-1.06,0.163,0.583,88.287,-7.332,-49.735,cleaning
-1.06,0.163,0.583,104.51,8.417,-89.022,cleaning
-1.107,0.543,0.433,104.51,8.417,-89.022,cleaning
-1.107,0.543,0.433,88.182,21.665,-101.202,cleaning
-0.981,1.142,0.388,88.182,21.665,-101.202,cleaning
-0.981,1.142,0.388,48.23,34.492,-77.892,cleaning
-0.654,1.591,0.477,48.23,34.492,-77.892,cleaning
-0.654,1.591,0.477,-0.542,28.175,-36.96,cleaning
-0.373,1.643,0.565,-0.542,28.175,-36.96,cleaning
-0.373,1.643,0.565,-38.692,-10.062,-4.707,cleaning
-0.168,1.179,0.474,-38.692,-10.062,-4.707,cleaning
0.088,0.822,0.274,-59.22,-6.072,20.02,cleaning
0.363,0.792,0.206,-59.22,-6.072,20.02,cleaning
0.363,0.792,0.206,-70.542,55.247,52.062,cleaning
0.508,0.827,0.488,-70.542,55.247,52.062,cleaning
0.508,0.827,0.488,-85.872,75.67,86.957,cleaning
0.422,0.527,0.947,-85.872,75.67,86.957,cleaning
0.422,0.527,0.947,-94.132,25.392,114.135,cleaning
0.202,0.023,1.378,-94.132,25.392,114.135,cleaning
0.202,0.023,1.378,-82.705,-59.85,117.705,cleaning
-0.064,-0.561,1.568,-82.705,-59.85,117.705,cleaning
-0.064,-0.561,1.568,-49.28,-113.347,88.06,cleaning
-0.329,-0.754,1.627,-49.28,-113.347,88.06,cleaning
-0.329,-0.754,1.627,0.367,-74.917,42.735,cleaning
-0.57,-0.352,1.567,0.367,-74.917,42.735,cleaning
-0.57,-0.352,1.567,53.952,25.935,9.835,cleaning
-0.65,0.157,1.196,53.952,25.935,9.835,cleaning
-0.65,0.157,1.196,92.032,21.087,-36.662,cleaning
-0.648,0.207,1.254,92.032,21.087,-36.662,cleaning
-1.038,-0.064,0.682,92.032,21.087,-36.662,cleaning
-1.038,-0.064,0.682,109.34,-104.737,-105.087,cleaning
-1.275,0.375,0.502,109.34,-104.737,-105.087,cleaning
-1.275,0.375,0.502,109.76,-39.83,-124.74,cleaning
-1.223,1.235,0.399,109.76,-39.83,-124.74,cleaning
-1.223,1.235,0.399,82.337,38.64,-102.252,cleaning
-0.892,1.851,0.26,82.337,38.64,-102.252,cleaning
-0.892,1.851,0.26,23.747,33.372,-56.332,cleaning
-0.454,1.884,0.086,23.747,33.372,-56.332,cleaning
-0.454,1.884,0.086,-48.93,-16.975,-8.785,cleaning
-0.099,1.452,0.221,-48.93,-16.975,-8.785,cleaning
-0.099,1.452,0.221,-99.557,-42.105,19.46,cleaning
0.127,0.996,0.318,-99.557,-42.105,19.46,cleaning
0.127,0.996,0.318,-109.62,14.035,44.747,cleaning
0.323,0.925,0.316,-109.62,14.035,44.747,cleaning
0.323,0.925,0.316,-106.732,77.437,77.735,cleaning
0.466,0.889,0.423,-106.732,77.437,77.735,cleaning
0.466,0.889,0.423,-112.227,64.592,110.442,cleaning
0.464,0.69,0.764,-112.227,64.592,110.442,cleaning
0.252,0.159,1.255,-112.227,64.592,110.442,cleaning
0.252,0.159,1.255,-111.877,-13.93,136.132,cleaning
0.049,-0.48,1.499,-111.877,-13.93,136.132,cleaning
0.049,-0.48,1.499,-90.177,-112.717,130.34,cleaning
-0.242,-0.915,1.736,-90.177,-112.717,130.34,cleaning
-0.242,-0.915,1.736,-43.452,-143.85,92.417,cleaning
-0.406,-0.743,1.722,-43.452,-143.85,92.417,cleaning
-0.406,-0.743,1.722,22.732,-53.322,47.39,cleaning
-0.432,-0.148,1.312,22.732,-53.322,47.39,cleaning
-0.432,-0.148,1.312,83.177,36.505,0.332,cleaning
-0.519,0.283,1.24,83.177,36.505,0.332,cleaning
-0.519,0.283,1.24,118.037,-74.987,-76.177,cleaning
-0.923,-0.074,0.817,118.037,-74.987,-76.177,cleaning
-0.923,-0.074,0.817,136.535,-105.297,-130.48,cleaning
-1.092,0.085,0.431,136.535,-105.297,-130.48,cleaning
-1.092,0.085,0.431,133.07,-7.682,-139.492,cleaning
-1.162,0.962,0.281,133.07,-7.682,-139.492,cleaning
-1.162,0.962,0.281,102.287,46.917,-112.875,cleaning
-1.087,1.758,0.275,102.287,46.917,-112.875,cleaning
-0.781,2.103,0.168,102.287,46.917,-112.875,cleaning
-0.781,2.103,0.168,49.087,29.295,-64.225,cleaning
-0.437,2.005,0.172,49.087,29.295,-64.225,cleaning
-0.437,2.005,0.172,-11.55,4.322,-9.327,cleaning
-0.351,1.357,0.493,-11.55,4.322,-9.327,cleaning
-0.351,1.357,0.493,-51.87,-25.007,24.36,cleaning
-0.137,0.796,0.482,-51.87,-25.007,24.36,cleaning
-0.137,0.796,0.482,-61.495,9.502,44.397,cleaning
0.192,0.66,0.422,-61.495,9.502,44.397,cleaning
0.192,0.66,0.422,-64.347,72.292,67.497,cleaning
0.447,0.5,0.493,-64.347,72.292,67.497,cleaning
0.447,0.5,0.493,-79.642,77.542,85.242,cleaning
0.502,0.36,0.783,-79.642,77.542,85.242,cleaning
0.502,0.36,0.783,-95.865,39.427,100.87,cleaning
0.299,0.041,1.354,-95.865,39.427,100.87,cleaning
0.299,0.041,1.354,-88.305,-19.915,103.022,cleaning
0.129,-0.301,1.699,-88.305,-19.915,103.022,cleaning
0.129,-0.301,1.699,-54.092,-66.202,82.95,cleaning
-0.11,-0.585,1.845,-54.092,-66.202,82.95,cleaning
-0.131,-0.635,1.452,-54.092,-66.202,82.95,cleaning
-0.131,-0.635,1.452,-10.272,-87.605,39.41,cleaning
-0.123,-0.304,1.291,-10.272,-87.605,39.41,cleaning
-0.123,-0.304,1.291,26.477,-71.137,-4.2,cleaning
-0.376,-0.165,1.333,26.477,-71.137,-4.2,cleaning
-0.376,-0.165,1.333,62.09,-90.51,-56.717,cleaning
-0.572,-0.048,1.069,62.09,-90.51,-56.717,cleaning
-0.572,-0.048,1.069,93.1,-100.222,-99.435,cleaning
-0.753,0.197,0.872,93.1,-100.222,-99.435,cleaning
-0.753,0.197,0.872,103.635,-87.972,-124.162,cleaning
-0.983,0.483,0.65,103.635,-87.972,-124.162,cleaning
-0.983,0.483,0.65,95.795,-37.625,-126.577,cleaning
-1.09,1.121,0.375,95.795,-37.625,-126.577,cleaning
-1.09,1.121,0.375,71.05,52.815,-85.347,cleaning
-0.963,1.883,0.189,71.05,52.815,-85.347,cleaning
-0.963,1.883,0.189,17.097,43.312,-28.28,cleaning
-0.636,2.154,0.026,17.097,43.312,-28.28,cleaning
-0.413,1.689,0.341,-47.005,-35.7,19.722,cleaning
-0.52,0.922,0.837,-47.005,-35.7,19.722,cleaning
-0.52,0.922,0.837,-75.285,-84.017,46.602,cleaning
-0.379,0.482,0.826,-75.285,-84.017,46.602,cleaning
-0.379,0.482,0.826,-62.387,-26.705,68.337,cleaning
-0.039,0.469,0.507,-62.387,-26.705,68.337,cleaning
-0.039,0.469,0.507,-52.78,66.867,89.565,cleaning
0.207,0.523,0.344,-52.78,66.867,89.565,cleaning
0.207,0.523,0.344,-73.43,85.995,99.26,cleaning
0.289,0.42,0.475,-73.43,85.995,99.26,cleaning
0.289,0.42,0.475,-103.88,40.46,103.32,cleaning
0.233,0.189,0.894,-103.88,40.46,103.32,cleaning
0.233,0.189,0.894,-117.407,1.872,110.495,cleaning
0.085,-0.084,1.424,-117.407,1.872,110.495,cleaning
0.085,-0.084,1.424,-100.205,-27.107,103.985,cleaning
-0.033,-0.255,1.76,-100.205,-27.107,103.985,cleaning
-0.033,-0.255,1.76,-60.987,-69.44,72.747,cleaning
-0.163,-0.523,1.682,-60.987,-69.44,72.747,cleaning
0.049,-0.479,1.225,-21.42,-77.927,30.957,cleaning
-0.016,-0.375,1.262,-21.42,-77.927,30.957,cleaning
-0.016,-0.375,1.262,7.647,-64.627,-6.055,cleaning
-0.321,-0.458,1.325,7.647,-64.627,-6.055,cleaning
-0.321,-0.458,1.325,43.277,-82.827,-61.88,cleaning
-0.575,-0.339,1.234,43.277,-82.827,-61.88,cleaning
-0.575,-0.339,1.234,90.317,-52.955,-106.19,cleaning
-0.769,0.055,0.922,90.317,-52.955,-106.19,cleaning
-0.769,0.055,0.922,127.05,-4.34,-129.395,cleaning
-0.939,0.605,0.411,127.05,-4.34,-129.395,cleaning
-0.939,0.605,0.411,131.18,33.267,-132.317,cleaning
-1.127,1.274,0.027,131.18,33.267,-132.317,cleaning
-1.127,1.274,0.027,98.875,78.82,-97.177,cleaning
-1.213,2.136,-0.221,98.875,78.82,-97.177,cleaning
-1.213,2.136,-0.221,35.84,104.755,-22.155,cleaning
-0.925,2.565,-0.369,35.84,104.755,-22.155,cleaning
-0.925,2.565,-0.369,-38.132,66.692,50.645,cleaning
-0.774,2.132,0.35,-38.132,66.692,50.645,cleaning
-0.667,1.153,0.566,-76.317,-15.155,72.677,cleaning
-0.238,0.927,0.492,-76.317,-15.155,72.677,cleaning
-0.238,0.927,0.492,-79.205,38.237,100.975,cleaning
0.08,0.821,0.499,-79.205,38.237,100.975,cleaning
0.08,0.821,0.499,-85.75,102.97,125.912,cleaning
0.279,0.509,0.541,-85.75,102.97,125.912,cleaning
0.279,0.509,0.541,-108.325,94.972,135.222,cleaning
0.42,0.195,0.673,-108.325,94.972,135.222,cleaning
0.42,0.195,0.673,-140.315,49.35,138.232,cleaning
0.239,-0.032,1.392,-140.315,49.35,138.232,cleaning
0.239,-0.032,1.392,-150.482,-26.337,131.145,cleaning
-0.125,-0.5,2.059,-150.482,-26.337,131.145,cleaning
-0.125,-0.5,2.059,-105.21,-99.837,94.867,cleaning
-0.428,-1.111,2.388,-105.21,-99.837,94.867,cleaning
-0.428,-1.111,2.388,-25.9,-119.805,24.692,cleaning
-0.387,-1.194,1.704,-25.9,-119.805,24.692,cleaning
-0.387,-1.194,1.704,44.222,-28.35,-28.56,cleaning
-0.182,-0.456,1.464,44.222,-28.35,-28.56,cleaning
-0.438,-0.075,1.45,44.222,-28.35,-28.56,cleaning
-0.438,-0.075,1.45,96.95,-20.947,-75.425,cleaning
-0.577,-0.039,1.148,96.95,-20.947,-75.425,cleaning
-0.577,-0.039,1.148,136.325,-86.572,-129.15,cleaning
-0.61,0.184,0.649,136.325,-86.572,-129.15,cleaning
-0.61,0.184,0.649,157.5,-72.905,-152.127,cleaning
-0.696,0.648,0.358,157.5,-72.905,-152.127,cleaning
-0.696,0.648,0.358,149.327,-8.627,-149.537,cleaning
-0.851,1.394,0.189,149.327,-8.627,-149.537,cleaning
-0.851,1.394,0.189,123.27,42.717,-119.612,cleaning
-0.909,2.164,0.029,123.27,42.717,-119.612,cleaning
-0.909,2.164,0.029,74.462,41.387,-66.587,cleaning
-0.73,2.439,-0.29,74.462,41.387,-66.587,cleaning
-0.73,2.439,-0.29,-0.385,13.807,4.392,cleaning
-0.515,2.246,-0.02,-0.385,13.807,4.392,cleaning
-0.515,2.246,-0.02,-61.512,-61.32,48.947,cleaning
-0.707,1.368,0.612,-61.512,-61.32,48.947,cleaning
-0.707,1.368,0.612,-73.552,-58.012,77.14,cleaning
-0.523,0.823,0.399,-73.552,-58.012,77.14,cleaning
-0.259,0.676,0.345,-73.552,-58.012,77.14,cleaning
-0.259,0.676,0.345,-76.86,45.062,111.002,cleaning
-0.074,0.285,0.368,-76.86,45.062,111.002,cleaning
-0.074,0.285,0.368,-97.195,70.962,115.727,cleaning
0.085,-0.148,0.612,-97.195,70.962,115.727,cleaning
0.085,-0.148,0.612,-125.072,44.24,99.015,cleaning
0.039,-0.47,1.376,-125.072,44.24,99.015,cleaning
0.039,-0.47,1.376,-131.057,0.367,70.945,cleaning
-0.113,-0.877,2.203,-131.057,0.367,70.945,cleaning
-0.113,-0.877,2.203,-82.95,-41.09,25.777,cleaning
-0.245,-1.177,2.579,-82.95,-41.09,25.777,cleaning
-0.245,-1.177,2.579,1.75,-41.597,-31.832,cleaning
0.033,-0.492,1.665,1.75,-41.597,-31.832,cleaning
0.033,-0.492,1.665,63.192,45.027,-48.807,cleaning
0.112,0.143,1.663,63.192,45.027,-48.807,cleaning
0.112,0.143,1.663,97.475,-43.925,-87.255,cleaning
-0.098,-0.104,1.357,97.475,-43.925,-87.255,cleaning
-0.098,-0.104,1.357,120.697,-111.93,-132.265,cleaning
-0.214,-0.299,0.878,120.697,-111.93,-132.265,cleaning
-0.316,-0.063,0.608,120.697,-111.93,-132.265,cleaning
-0.316,-0.063,0.608,131.757,-71.242,-154.875,cleaning
-0.546,0.246,0.622,131.757,-71.242,-154.875,cleaning
-0.546,0.246,0.622,125.965,-33.46,-167.51,cleaning
-0.711,0.559,0.53,125.965,-33.46,-167.51,cleaning
-0.711,0.559,0.53,113.96,2.082,-163.59,cleaning
-0.705,0.798,0.372,113.96,2.082,-163.59,cleaning
-0.705,0.798,0.372,90.16,34.632,-143.832,cleaning
-0.621,1.082,0.406,90.16,34.632,-143.832,cleaning
-0.621,1.082,0.406,54.32,44.957,-120.137,cleaning
-0.721,1.244,0.803,54.32,44.957,-120.137,cleaning
-0.721,1.244,0.803,29.907,27.72,-96.18,cleaning
-0.67,1.254,0.962,29.907,27.72,-96.18,cleaning
-0.67,1.254,0.962,23.415,6.562,-70.385,cleaning
-0.522,0.97,0.949,23.415,6.562,-70.385,cleaning
-0.522,0.97,0.949,23.537,6.387,-50.4,cleaning
-0.264,0.608,0.753,23.537,6.387,-50.4,cleaning
-0.058,0.485,0.639,16.187,24.185,-38.36,cleaning
-0.043,0.614,0.664,16.187,24.185,-38.36,cleaning
-0.043,0.614,0.664,4.165,22.505,-35.945,cleaning
-0.067,0.564,0.788,4.165,22.505,-35.945,cleaning
-0.067,0.564,0.788,-6.965,-37.257,-44.45,cleaning
-0.069,0.258,0.843,-6.965,-37.257,-44.45,cleaning
-0.069,0.258,0.843,-12.932,-120.295,-64.75,cleaning
-0.108,-0.043,0.95,-12.932,-120.295,-64.75,cleaning
-0.108,-0.043,0.95,-4.76,-103.6,-74.095,cleaning
-0.125,-0.019,1.041,-4.76,-103.6,-74.095,cleaning
-0.125,-0.019,1.041,16.607,-31.045,-75.53,cleaning
-0.16,0.151,1.036,16.607,-31.045,-75.53,cleaning
-0.16,0.151,1.036,37.397,20.947,-74.165,cleaning
-0.151,0.253,0.908,37.397,20.947,-74.165,cleaning
-0.151,0.253,0.908,49.175,47.267,-73.325,cleaning
-0.13,0.411,0.821,49.175,47.267,-73.325,cleaning
-0.13,0.411,0.821,53.725,48.737,-73.167,cleaning
-0.118,0.482,0.768,53.725,48.737,-73.167,cleaning
-0.136,0.473,0.728,53.305,26.285,-78.82,cleaning
-0.221,0.44,0.767,53.305,26.285,-78.82,cleaning
-0.221,0.44,0.767,52.902,14.98,-83.317,cleaning
-0.3,0.482,0.783,52.902,14.98,-83.317,cleaning
-0.3,0.482,0.783,59.255,33.6,-81.305,cleaning
-0.309,0.577,0.745,59.255,33.6,-81.305,cleaning
-0.309,0.577,0.745,67.707,55.405,-75.775,cleaning
-0.337,0.617,0.684,67.707,55.405,-75.775,cleaning
-0.337,0.617,0.684,70.7,68.775,-69.072,cleaning
-0.38,0.636,0.611,70.7,68.775,-69.072,cleaning
-0.38,0.636,0.611,65.695,75.512,-61.145,cleaning
-0.364,0.592,0.594,65.695,75.512,-61.145,cleaning
-0.364,0.592,0.594,52.29,68.775,-57.225,cleaning
-0.361,0.587,0.646,52.29,68.775,-57.225,cleaning
-0.361,0.587,0.646,37.397,64.312,-51.397,cleaning
-0.393,0.647,0.752,37.397,64.312,-51.397,cleaning
-0.393,0.647,0.752,26.477,59.447,-40.687,cleaning
-0.431,0.741,0.862,26.477,59.447,-40.687,cleaning
-0.42,0.705,0.969,26.477,59.447,-40.687,cleaning
-0.42,0.705,0.969,18.305,30.415,-30.712,cleaning
-0.393,0.516,0.932,18.305,30.415,-30.712,cleaning
-0.393,0.516,0.932,11.55,-10.272,-26.775,cleaning
-0.336,0.356,0.906,11.55,-10.272,-26.775,cleaning
-0.336,0.356,0.906,2.747,-34.965,-28.752,cleaning
-0.365,0.305,0.913,2.747,-34.965,-28.752,cleaning
-0.365,0.305,0.913,-3.692,-38.745,-29.662,cleaning
-0.346,0.268,0.886,-3.692,-38.745,-29.662,cleaning
-0.346,0.268,0.886,-7.28,-36.225,-29.96,cleaning
-0.293,0.225,0.884,-7.28,-36.225,-29.96,cleaning
-0.293,0.225,0.884,-9.537,-24.745,-28.77,cleaning
-0.328,0.286,0.893,-9.537,-24.745,-28.77,cleaning
-0.328,0.286,0.893,-6.107,7.052,-20.597,cleaning
-0.32,0.34,0.905,-6.107,7.052,-20.597,cleaning
-0.32,0.34,0.905,-0.735,23.607,-15.312,cleaning
-0.244,0.37,0.858,-0.735,23.607,-15.312,cleaning
-0.244,0.37,0.858,0.437,16.327,-15.557,cleaning
-0.188,0.404,0.832,0.437,16.327,-15.557,cleaning
-0.185,0.411,0.808,0.437,16.327,-15.557,cleaning
-0.185,0.411,0.808,0.77,1.155,-15.802,cleaning
-0.172,0.401,0.79,0.77,1.155,-15.802,cleaning
-0.172,0.401,0.79,2.8,-8.085,-12.687,cleaning
-0.181,0.403,0.785,2.8,-8.085,-12.687,cleaning
-0.181,0.403,0.785,6.16,-4.882,-5.915,cleaning
-0.213,0.416,0.794,6.16,-4.882,-5.915,cleaning
-0.213,0.416,0.794,10.377,3.832,2.31,cleaning
-0.219,0.375,0.744,10.377,3.832,2.31,cleaning
-0.219,0.375,0.744,12.075,9.327,5.407,cleaning
-0.194,0.382,0.725,12.075,9.327,5.407,cleaning
-0.194,0.382,0.725,8.89,14.157,3.972,cleaning
-0.207,0.407,0.771,8.89,14.157,3.972,cleaning
-0.207,0.407,0.771,5.722,18.725,2.415,cleaning
-0.212,0.479,0.858,5.722,18.725,2.415,cleaning
-0.212,0.479,0.858,4.707,20.247,1.942,cleaning
-0.205,0.501,0.92,4.707,20.247,1.942,cleaning
-0.205,0.501,0.92,3.36,15.4,-0.455,cleaning
-0.16,0.547,0.983,3.36,15.4,-0.455,cleaning
-0.15,0.549,1.016,3.36,15.4,-0.455,cleaning
-0.15,0.549,1.016,1.96,3.587,-2.642,cleaning
-0.127,0.553,0.994,1.96,3.587,-2.642,cleaning
-0.127,0.553,0.994,1.365,-7.42,-3.325,cleaning
-0.139,0.512,0.97,1.365,-7.42,-3.325,cleaning
-0.139,0.512,0.97,2.135,-14.787,-1.662,cleaning
-0.135,0.452,0.899,2.135,-14.787,-1.662,cleaning
-0.135,0.452,0.899,3.377,-20.335,-0.98,cleaning
-0.136,0.4,0.841,3.377,-20.335,-0.98,cleaning
-0.136,0.4,0.841,3.15,-24.43,-1.82,cleaning
-0.152,0.328,0.791,3.15,-24.43,-1.82,cleaning
-0.152,0.328,0.791,3.5,-20.86,-3.64,cleaning
-0.158,0.322,0.785,3.5,-20.86,-3.64,cleaning
-0.158,0.322,0.785,4.252,-10.832,-5.565,cleaning
-0.193,0.347,0.801,4.252,-10.832,-5.565,cleaning
-0.193,0.347,0.801,7.105,1.697,-5.092,cleaning
-0.19,0.379,0.782,7.105,1.697,-5.092,cleaning
-0.19,0.379,0.782,7.7,9.187,-3.605,cleaning
-0.194,0.431,0.796,7.7,9.187,-3.605,cleaning
-0.233,0.443,0.811,7.7,9.187,-3.605,cleaning
-0.233,0.443,0.811,7.28,6.387,-1.172,cleaning
-0.216,0.409,0.815,7.28,6.387,-1.172,cleaning
-0.216,0.409,0.815,6.965,1.802,1.54,cleaning
-0.227,0.396,0.839,6.965,1.802,1.54,cleaning
-0.227,0.396,0.839,6.982,2.8,2.922,cleaning
-0.226,0.396,0.821,6.982,2.8,2.922,cleaning
-0.226,0.396,0.821,7.962,6.247,3.395,cleaning
-0.195,0.405,0.8,7.962,6.247,3.395,cleaning
-0.195,0.405,0.8,6.405,9.625,2.327,cleaning
-0.208,0.424,0.826,6.405,9.625,2.327,cleaning
-0.208,0.424,0.826,5.827,14.665,1.645,cleaning
-0.208,0.468,0.853,5.827,14.665,1.645,cleaning
-0.208,0.468,0.853,6.527,18.042,0.962,cleaning
-0.198,0.507,0.854,6.527,18.042,0.962,cleaning
-0.198,0.507,0.854,7.175,17.5,0.682,cleaning
-0.167,0.52,0.837,7.175,17.5,0.682,cleaning
-0.161,0.563,0.871,6.265,13.615,0.577,cleaning
-0.166,0.581,0.878,6.265,13.615,0.577,cleaning
-0.166,0.581,0.878,5.337,5.267,0.805,cleaning
-0.16,0.543,0.856,5.337,5.267,0.805,cleaning
-0.16,0.543,0.856,4.34,-2.642,1.277,cleaning
-0.157,0.503,0.842,4.34,-2.642,1.277,cleaning
-0.157,0.503,0.842,2.415,-7.367,0.577,cleaning
-0.181,0.487,0.846,2.415,-7.367,0.577,cleaning
-0.181,0.487,0.846,1.592,-7.822,0.402,cleaning
-0.196,0.488,0.853,1.592,-7.822,0.402,cleaning
-0.196,0.488,0.853,2.537,-6.23,1.155,cleaning
-0.188,0.477,0.838,2.537,-6.23,1.155,cleaning
-0.188,0.477,0.838,3.115,-7.035,1.487,cleaning
-0.175,0.462,0.806,3.115,-7.035,1.487,cleaning
-0.175,0.462,0.806,1.417,-7.735,1.68,cleaning
-0.194,0.471,0.813,1.417,-7.735,1.68,cleaning
-0.194,0.471,0.813,0.105,-8.277,2.887,cleaning
-0.215,0.486,0.833,0.105,-8.277,2.887,cleaning
-0.216,0.481,0.858,0.105,-8.277,2.887,cleaning
-0.216,0.481,0.858,0.052,-12.372,5.18,cleaning
-0.189,0.467,0.842,0.052,-12.372,5.18,cleaning
-0.189,0.467,0.842,0.595,-22.26,8.697,cleaning
-0.199,0.487,0.901,0.595,-22.26,8.697,cleaning
-0.199,0.487,0.901,-1.925,-39.217,15.662,cleaning
-0.249,0.645,0.917,-1.925,-39.217,15.662,cleaning
-0.249,0.645,0.917,-6.965,-75.53,30.345,cleaning
-0.422,0.704,0.993,-6.965,-75.53,30.345,cleaning
-0.422,0.704,0.993,-12.722,-115.5,61.757,cleaning
-0.654,0.699,0.834,-12.722,-115.5,61.757,cleaning
-0.654,0.699,0.834,-14.84,-109.812,112.315,cleaning
-0.777,0.723,0.551,-14.84,-109.812,112.315,cleaning
-0.777,0.723,0.551,-26.81,-78.4,166.32,cleaning
-0.788,0.776,0.347,-26.81,-78.4,166.32,cleaning
-0.788,0.776,0.347,-53.34,-62.685,207.392,cleaning
-0.756,0.788,0.272,-53.34,-62.685,207.392,cleaning
-0.756,0.788,0.272,-82.74,-70.507,226.432,cleaning
-0.736,0.697,0.362,-82.74,-70.507,226.432,cleaning
-0.649,0.547,0.5,-82.74,-70.507,226.432,cleaning
-0.649,0.547,0.5,-100.677,-79.485,226.345,cleaning
-0.529,0.459,0.631,-100.677,-79.485,226.345,cleaning
-0.529,0.459,0.631,-106.172,-59.85,221.182,cleaning
-0.433,0.441,0.814,-106.172,-59.85,221.182,cleaning
-0.433,0.441,0.814,-104.807,-22.032,215.495,cleaning
-0.302,0.399,0.885,-104.807,-22.032,215.495,cleaning
-0.302,0.399,0.885,-102.165,1.627,205.94,cleaning
-0.118,0.302,0.874,-102.165,1.627,205.94,cleaning
-0.118,0.302,0.874,-105.787,18.655,194.582,cleaning
-0.001,0.239,0.943,-105.787,18.655,194.582,cleaning
-0.001,0.239,0.943,-117.565,25.655,186.515,cleaning
0.025,0.244,1.086,-117.565,25.655,186.515,cleaning
0.025,0.244,1.086,-127.785,12.372,178.675,cleaning
0.012,0.182,1.283,-127.785,12.372,178.675,cleaning
0.012,0.182,1.283,-128.117,-30.502,161.63,cleaning
-0.043,-0.069,1.445,-128.117,-30.502,161.63,cleaning
-0.043,-0.069,1.445,-115.902,-62.422,137.462,cleaning
-0.058,-0.363,1.444,-115.902,-62.422,137.462,cleaning
-0.065,-0.607,1.376,-115.902,-62.422,137.462,cleaning
-0.065,-0.607,1.376,-95.41,-51.922,108.412,cleaning
-0.064,-0.725,1.324,-95.41,-51.922,108.412,cleaning
-0.064,-0.725,1.324,-77.892,-27.37,70.612,cleaning
-0.071,-0.673,1.268,-77.892,-27.37,70.612,cleaning
-0.071,-0.673,1.268,-63.717,-10.115,31.447,cleaning
-0.148,-0.561,1.206,-63.717,-10.115,31.447,cleaning
-0.148,-0.561,1.206,-51.38,10.692,-1.277,cleaning
-0.181,-0.221,1.066,-51.38,10.692,-1.277,cleaning
-0.181,-0.221,1.066,-41.492,64.855,-13.615,cleaning
-0.138,0.164,1.075,-41.492,64.855,-13.615,cleaning
-0.138,0.164,1.075,-35.472,67.515,-27.3,cleaning
-0.203,0.281,1.231,-35.472,67.515,-27.3,cleaning
-0.203,0.281,1.231,-26.232,-11.445,-54.687,cleaning
-0.319,0.145,1.264,-26.232,-11.445,-54.687,cleaning
-0.319,0.145,1.264,-8.347,-67.165,-78.82,cleaning
-0.36,0.049,1.135,-8.347,-67.165,-78.82,cleaning
-0.36,0.049,1.135,13.492,-70.717,-96.355,cleaning
-0.323,-0.032,0.984,13.492,-70.717,-96.355,cleaning
-0.309,-0.137,0.843,13.492,-70.717,-96.355,cleaning
-0.309,-0.137,0.843,32.235,-61.022,-117.127,cleaning
-0.341,-0.139,0.696,32.235,-61.022,-117.127,cleaning
-0.341,-0.139,0.696,46.585,-34.93,-137.585,cleaning
-0.404,-0.105,0.699,46.585,-34.93,-137.585,cleaning
-0.404,-0.105,0.699,58.047,-0.472,-153.545,cleaning
-0.463,-0.036,0.746,58.047,-0.472,-153.545,cleaning
-0.463,-0.036,0.746,71.82,23.117,-167.895,cleaning
-0.56,0.003,0.823,71.82,23.117,-167.895,cleaning
-0.56,0.003,0.823,87.797,30.415,-186.917,cleaning
-0.556,0.045,0.828,87.797,30.415,-186.917,cleaning
-0.556,0.045,0.828,104.072,34.23,-202.265,cleaning
-0.561,0.129,0.78,104.072,34.23,-202.265,cleaning
-0.561,0.129,0.78,112.035,38.832,-212.922,cleaning
-0.587,0.194,0.719,112.035,38.832,-212.922,cleaning
-0.587,0.194,0.719,109.725,34.51,-224.21,cleaning
-0.707,0.172,0.83,109.725,34.51,-224.21,cleaning
-0.832,0.303,0.776,111.37,46.497,-227.92,cleaning
-0.906,0.497,0.755,111.37,46.497,-227.92,cleaning
-0.906,0.497,0.755,114.922,84.105,-217.227,cleaning
-0.976,0.725,0.651,114.922,84.105,-217.227,cleaning
-0.976,0.725,0.651,112.892,114.24,-198.94,cleaning
-1.327,1.091,-0.274,112.892,114.24,-198.94,cleaning
-1.327,1.091,-0.274,95.095,164.85,-153.212,cleaning
-2.653,2.896,-0.393,95.095,164.85,-153.212,cleaning
-2.653,2.896,-0.393,52.657,220.062,-5.302,cleaning
-0.733,2.227,-0.136,52.657,220.062,-5.302,cleaning
-0.733,2.227,-0.136,-28.892,47.81,67.637,cleaning
0.003,1.071,0.464,-28.892,47.81,67.637,cleaning
0.003,1.071,0.464,-72.432,-83.107,73.885,cleaning
-0.94,0.85,0.715,-72.432,-83.107,73.885,cleaning
-0.94,0.85,0.715,-65.73,-95.095,114.397,cleaning
-1.077,0.908,0.841,-65.73,-95.095,114.397,cleaning
-1.077,0.908,0.841,-57.47,-120.19,135.73,cleaning
-0.461,0.689,0.644,-57.47,-120.19,135.73,cleaning
-0.302,0.295,0.522,-61.985,-92.732,157.745,cleaning
-0.285,0.318,0.665,-61.985,-92.732,157.745,cleaning
-0.285,0.318,0.665,-70.28,-8.487,177.222,cleaning
-0.304,0.46,0.792,-70.28,-8.487,177.222,cleaning
-0.304,0.46,0.792,-77.49,32.48,185.167,cleaning
-0.289,0.519,0.909,-77.49,32.48,185.167,cleaning
-0.289,0.519,0.909,-84.437,16.52,177.555,cleaning
-0.246,0.437,1.035,-84.437,16.52,177.555,cleaning
-0.246,0.437,1.035,-87.185,-34.65,157.097,cleaning
-0.125,0.245,1.136,-87.185,-34.65,157.097,cleaning
-0.125,0.245,1.136,-86.047,-101.465,135.642,cleaning
-0.092,0.02,1.2,-86.047,-101.465,135.642,cleaning
-0.092,0.02,1.2,-79.485,-164.552,110.022,cleaning
-0.1,-0.375,1.245,-79.485,-164.552,110.022,cleaning
-0.1,-0.375,1.245,-69.44,-267.452,59.027,cleaning
-0.032,-0.986,1.141,-69.44,-267.452,59.027,cleaning
-0.032,-0.986,1.141,-61.04,-362.88,-8.662,cleaning
0.058,-1.417,0.95,-61.04,-362.88,-8.662,cleaning
-0.156,-1.339,1.089,-61.04,-362.88,-8.662,cleaning
-0.156,-1.339,1.089,-52.43,-305.585,-43.855,cleaning
-0.274,-0.846,1.553,-52.43,-305.585,-43.855,cleaning
-0.274,-0.846,1.553,-24.972,-102.2,-35.787,cleaning
-0.333,-0.472,1.773,-24.972,-102.2,-35.787,cleaning
-0.333,-0.472,1.773,22.26,47.845,-32.322,cleaning
-0.276,-0.186,1.538,22.26,47.845,-32.322,cleaning
-0.276,-0.186,1.538,62.947,80.115,-41.09,cleaning
-0.106,-0.026,1.036,62.947,80.115,-41.09,cleaning
-0.106,-0.026,1.036,68.285,10.605,-57.732,cleaning
0.082,-0.085,0.644,68.285,10.605,-57.732,cleaning
0.082,-0.085,0.644,41.247,-63.682,-73.762,cleaning
0.118,-0.081,0.495,41.247,-63.682,-73.762,cleaning
0.118,-0.081,0.495,7.402,-81.865,-78.47,cleaning
-0.017,-0.141,0.603,7.402,-81.865,-78.47,cleaning
-0.017,-0.141,0.603,-15.715,-68.285,-84.192,cleaning
-0.214,-0.107,0.819,-15.715,-68.285,-84.192,cleaning
-0.214,-0.107,0.819,-22.207,-54.267,-95.375,cleaning
-0.384,-0.125,0.944,-22.207,-54.267,-95.375,cleaning
-0.448,-0.117,0.918,-22.207,-54.267,-95.375,cleaning
-0.448,-0.117,0.918,-17.692,-37.012,-105.367,cleaning
-0.539,-0.054,0.945,-17.692,-37.012,-105.367,cleaning
-0.539,-0.054,0.945,-12.162,-12.127,-107.835,cleaning
-0.629,0.005,0.964,-12.162,-12.127,-107.835,cleaning
-0.629,0.005,0.964,-4.095,2.275,-108.972,cleaning
-0.672,0.139,0.884,-4.095,2.275,-108.972,cleaning
-0.672,0.139,0.884,6.16,21.017,-101.395,cleaning
-0.687,0.357,0.815,6.16,21.017,-101.395,cleaning
-0.687,0.357,0.815,8.487,25.62,-84.892,cleaning
-0.735,0.488,0.813,8.487,25.62,-84.892,cleaning
-0.735,0.488,0.813,4.392,2.782,-63.157,cleaning
-0.785,0.425,0.793,4.392,2.782,-63.157,cleaning
-0.785,0.425,0.793,3.745,9.59,-29.365,cleaning
-0.916,0.532,0.801,3.745,9.59,-29.365,cleaning
-0.916,0.532,0.801,10.202,63.49,24.465,cleaning
-0.825,0.678,0.775,10.202,63.49,24.465,cleaning
-0.825,0.678,0.775,8.172,61.792,61.67,cleaning
-0.569,0.35,0.826,8.172,61.792,61.67,cleaning
-0.626,0.118,0.764,8.172,61.792,61.67,cleaning
-0.626,0.118,0.764,2.695,41.492,75.862,cleaning
-0.623,0.109,0.723,2.695,41.492,75.862,cleaning
-0.623,0.109,0.723,1.085,69.527,94.5,cleaning
-0.49,0.123,0.689,1.085,69.527,94.5,cleaning
-0.49,0.123,0.689,-1.89,120.33,117.285,cleaning
-0.369,0.117,0.696,-1.89,120.33,117.285,cleaning
-0.369,0.117,0.696,-14.42,141.347,125.912,cleaning
-0.253,-0.158,0.668,-14.42,141.347,125.912,cleaning
-0.253,-0.158,0.668,-31.36,121.432,107.082,cleaning
0.037,-0.414,0.611,-31.36,121.432,107.082,cleaning
0.037,-0.414,0.611,-52.29,100.642,69.405,cleaning
0.236,-0.298,0.919,-52.29,100.642,69.405,cleaning
0.236,-0.298,0.919,-63.542,41.09,16.66,cleaning
0.004,-0.479,1.65,-63.542,41.09,16.66,cleaning
0.004,-0.479,1.65,-35.017,-43.067,-42.192,cleaning
-0.351,-0.651,1.832,-35.017,-43.067,-42.192,cleaning
-0.274,-0.086,1.39,22.54,24.85,-50.19,cleaning
-0.042,0.209,1.173,22.54,24.85,-50.19,cleaning
-0.042,0.209,1.173,57.767,80.57,-49.542,cleaning
-0.101,0.207,0.862,57.767,80.57,-49.542,cleaning
-0.101,0.207,0.862,66.43,42.49,-68.687,cleaning
-0.135,0.179,0.665,66.43,42.49,-68.687,cleaning
-0.135,0.179,0.665,58.73,5.285,-82.582,cleaning
-0.143,0.202,0.552,58.73,5.285,-82.582,cleaning
-0.143,0.202,0.552,38.447,-18.305,-91.21,cleaning
-0.239,0.459,0.574,38.447,-18.305,-91.21,cleaning
-0.239,0.459,0.574,15.452,-12.897,-78.032,cleaning
-0.515,0.641,0.883,15.452,-12.897,-78.032,cleaning
-0.515,0.641,0.883,0.297,-58.695,-70.84,cleaning
-0.649,0.6,0.959,0.297,-58.695,-70.84,cleaning
-0.649,0.6,0.959,-8.435,-119.28,-63.63,cleaning
-0.589,0.476,0.919,-8.435,-119.28,-63.63,cleaning
-0.589,0.476,0.919,-13.632,-124.442,-45.325,cleaning
-0.608,0.291,0.904,-13.632,-124.442,-45.325,cleaning
-0.66,0.385,0.874,-15.575,-86.572,-23.66,cleaning
-0.631,0.427,1.078,-15.575,-86.572,-23.66,cleaning
-0.631,0.427,1.078,-13.527,-45.22,2.975,cleaning
-0.431,0.24,1.09,-13.527,-45.22,2.975,cleaning
-0.431,0.24,1.09,-7.525,-61.005,8.925,cleaning
-0.235,-0.086,0.95,-7.525,-61.005,8.925,cleaning
-0.235,-0.086,0.95,-6.457,-98.35,-0.42,cleaning
-0.219,-0.295,0.815,-6.457,-98.35,-0.42,cleaning
-0.219,-0.295,0.815,-9.555,-94.71,-10.867,cleaning
-0.338,-0.26,0.785,-9.555,-94.71,-10.867,cleaning
-0.338,-0.26,0.785,-9.73,-41.405,-11.375,cleaning
-0.386,-0.104,0.849,-9.73,-41.405,-11.375,cleaning
-0.386,-0.104,0.849,-5.88,5.81,-6.895,cleaning
-0.401,0.039,0.854,-5.88,5.81,-6.895,cleaning
-0.401,0.039,0.854,-4.742,9.17,-5.442,cleaning
-0.426,0.091,0.822,-4.742,9.17,-5.442,cleaning
-0.426,0.091,0.822,-7.035,-11.935,-7.367,cleaning
-0.462,0.008,0.82,-7.035,-11.935,-7.367,cleaning
-0.56,-0.122,0.804,-7.035,-11.935,-7.367,cleaning
-0.56,-0.122,0.804,-6.16,-27.09,-13.527,cleaning
-0.585,-0.242,0.746,-6.16,-27.09,-13.527,cleaning
-0.585,-0.242,0.746,-0.84,-20.422,-19.337,cleaning
-0.563,-0.293,0.692,-0.84,-20.422,-19.337,cleaning
-0.563,-0.293,0.692,2.712,-0.997,-23.17,cleaning
-0.558,-0.308,0.701,2.712,-0.997,-23.17,cleaning
-0.558,-0.308,0.701,0.507,10.185,-30.782,cleaning
-0.615,-0.313,0.786,0.507,10.185,-30.782,cleaning
-0.615,-0.313,0.786,-2.66,12.285,-40.705,cleaning
-0.654,-0.298,0.871,-2.66,12.285,-40.705,cleaning
-0.654,-0.298,0.871,-1.592,16.135,-51.397,cleaning
-0.644,-0.309,0.882,-1.592,16.135,-51.397,cleaning
-0.644,-0.309,0.882,0.7,23.817,-61.6,cleaning
-0.599,-0.279,0.861,0.7,23.817,-61.6,cleaning
-0.599,-0.279,0.861,-0.857,25.62,-70.822,cleaning
-0.579,-0.282,0.847,-0.857,25.62,-70.822,cleaning
-0.579,-0.282,0.847,-4.672,24.377,-79.975,cleaning
-0.552,-0.327,0.846,-4.672,24.377,-79.975,cleaning
-0.509,-0.363,0.846,-4.672,24.377,-79.975,cleaning
-0.509,-0.363,0.846,-7.367,35.752,-89.11,cleaning
-0.475,-0.286,0.885,-7.367,35.752,-89.11,cleaning
-0.475,-0.286,0.885,-8.802,50.802,-100.59,cleaning
-0.456,-0.186,0.933,-8.802,50.802,-100.59,cleaning
-0.456,-0.186,0.933,-9.835,46.9,-115.377,cleaning
-0.435,-0.202,0.933,-9.835,46.9,-115.377,cleaning
-0.435,-0.202,0.933,-10.29,29.312,-130.83,cleaning
-0.404,-0.213,0.896,-10.29,29.312,-130.83,cleaning
-0.404,-0.213,0.896,-11.147,23.362,-142.905,cleaning
-0.401,-0.218,0.871,-11.147,23.362,-142.905,cleaning
-0.401,-0.218,0.871,-11.305,30.082,-153.3,cleaning
-0.385,-0.208,0.853,-11.305,30.082,-153.3,cleaning
-0.385,-0.208,0.853,-10.92,38.99,-163.8,cleaning
-0.375,-0.195,0.835,-10.92,38.99,-163.8,cleaning
-0.375,-0.195,0.835,-10.115,45.062,-176.4,cleaning
-0.424,-0.141,0.841,-10.115,45.062,-176.4,cleaning
-0.424,-0.141,0.841,-5.88,55.335,-184.922,cleaning
-0.414,-0.044,0.844,-5.88,55.335,-184.922,cleaning
-0.412,0.04,0.865,-5.88,55.335,-184.922,cleaning
-0.412,0.04,0.865,1.032,63.997,-187.932,cleaning
-0.4,0.094,0.839,1.032,63.997,-187.932,cleaning
-0.4,0.094,0.839,9.502,64.522,-190.347,cleaning
-0.39,0.17,0.813,9.502,64.522,-190.347,cleaning
-0.39,0.17,0.813,17.097,66.395,-190.382,cleaning
-0.432,0.204,0.829,17.097,66.395,-190.382,cleaning
-0.432,0.204,0.829,25.357,83.072,-182.665,cleaning
-0.48,0.34,0.771,25.357,83.072,-182.665,cleaning
-0.48,0.34,0.771,37.152,125.055,-161.332,cleaning
-0.484,0.573,0.737,37.152,125.055,-161.332,cleaning
-0.484,0.573,0.737,41.125,149.817,-134.96,cleaning
-0.438,0.856,0.799,41.125,149.817,-134.96,cleaning
-0.438,0.856,0.799,40.372,147.595,-98.105,cleaning
-0.453,1.029,0.919,40.372,147.595,-98.105,cleaning
-0.453,1.029,0.919,40.197,113.207,-58.187,cleaning
-0.391,1.1,0.862,40.197,113.207,-58.187,cleaning
-0.391,1.1,0.862,32.97,74.305,-11.707,cleaning
-0.34,1.109,0.774,32.97,74.305,-11.707,cleaning
-0.293,0.862,0.854,32.97,74.305,-11.707,cleaning
-0.293,0.862,0.854,14,5.95,21.787,cleaning
-0.269,0.412,0.929,14,5.95,21.787,cleaning
-0.269,0.412,0.929,-7.525,-113.592,21.7,cleaning
-0.371,0.062,0.955,-7.525,-113.592,21.7,cleaning
-0.371,0.062,0.955,-14.805,-161.525,24.762,cleaning
-0.465,-0.392,1.065,-14.805,-161.525,24.762,cleaning
-0.465,-0.392,1.065,-6.02,-94.43,39.76,cleaning
-0.471,-0.398,1.051,-6.02,-94.43,39.76,cleaning
-0.471,-0.398,1.051,13.982,61.775,70.455,cleaning
-0.392,0.228,1.02,13.982,61.775,70.455,cleaning
-0.392,0.228,1.02,21.245,141.505,101.727,cleaning
-0.376,0.696,0.981,21.245,141.505,101.727,cleaning
-0.376,0.696,0.981,12.267,87.815,115.43,cleaning
-0.39,0.754,0.901,12.267,87.815,115.43,cleaning
-0.39,0.754,0.901,-0.927,-10.062,121.905,cleaning
-0.386,0.669,0.783,-0.927,-10.062,121.905,cleaning
-0.431,0.562,0.787,-9.467,-77.42,131.617,cleaning
-0.482,0.368,0.847,-9.467,-77.42,131.617,cleaning
-0.482,0.368,0.847,-6.965,-96.652,144.077,cleaning
-0.445,0.274,0.876,-6.965,-96.652,144.077,cleaning
-0.445,0.274,0.876,5.46,-68.862,159.04,cleaning
-0.377,0.278,0.852,5.46,-68.862,159.04,cleaning
-0.377,0.278,0.852,17.185,-35.752,170.555,cleaning
-0.324,0.306,0.826,17.185,-35.752,170.555,cleaning
-0.324,0.306,0.826,23.362,-12.302,177.887,cleaning
-0.276,0.309,0.844,23.362,-12.302,177.887,cleaning
-0.276,0.309,0.844,30.012,4.637,181.142,cleaning
-0.193,0.271,0.843,30.012,4.637,181.142,cleaning
-0.193,0.271,0.843,35.892,19.827,179.235,cleaning
-0.12,0.234,0.83,35.892,19.827,179.235,cleaning
-0.12,0.234,0.83,38.027,31.517,173.652,cleaning
-0.06,0.194,0.797,38.027,31.517,173.652,cleaning
-0.06,0.194,0.797,35.21,37.975,163.905,cleaning
-0.044,0.177,0.791,35.21,37.975,163.905,cleaning
-0.045,0.226,0.844,29.627,37.59,151.445,cleaning
-0.13,0.269,0.955,29.627,37.59,151.445,cleaning
-0.13,0.269,0.955,22.435,16.24,135.59,cleaning
-0.192,0.226,0.948,22.435,16.24,135.59,cleaning
-0.192,0.226,0.948,15.907,-22.995,117.442,cleaning
-0.22,0.058,0.87,15.907,-22.995,117.442,cleaning
-0.22,0.058,0.87,8.417,-28.927,103.617,cleaning
-0.227,-0.052,0.855,8.417,-28.927,103.617,cleaning
-0.227,-0.052,0.855,-3.972,0.315,88.095,cleaning
-0.26,-0.053,0.986,-3.972,0.315,88.095,cleaning
-0.26,-0.053,0.986,-17.307,27.23,71.382,cleaning
-0.376,0.01,1.22,-17.307,27.23,71.382,cleaning
-0.376,0.01,1.22,-21.14,18.585,50.12,cleaning
-0.404,-0.016,1.327,-21.14,18.585,50.12,cleaning
-0.404,-0.016,1.327,-19.652,-26.652,19.705,cleaning
-0.326,-0.078,1.114,-19.652,-26.652,19.705,cleaning
-0.326,-0.078,1.114,-27.142,-94.78,-16.187,cleaning
-0.39,-0.421,1.098,-27.142,-94.78,-16.187,cleaning
-0.485,-0.666,1.029,-27.142,-94.78,-16.187,cleaning
-0.485,-0.666,1.029,-25.76,-79.205,-38.5,cleaning
-0.587,-0.481,1.098,-25.76,-79.205,-38.5,cleaning
-0.587,-0.481,1.098,-13.387,14.035,-45.36,cleaning
-0.648,-0.355,1.129,-13.387,14.035,-45.36,cleaning
-0.648,-0.355,1.129,-0.227,66.57,-53.165,cleaning
-0.56,-0.274,1.038,-0.227,66.57,-53.165,cleaning
-0.56,-0.274,1.038,9.537,87.937,-58.152,cleaning
-0.365,-0.167,0.862,9.537,87.937,-58.152,cleaning
-0.365,-0.167,0.862,9.135,113.592,-56.717,cleaning
-0.358,0.105,0.874,9.135,113.592,-56.717,cleaning
-0.358,0.105,0.874,6.702,143.71,-45.867,cleaning
-0.369,0.442,0.971,6.702,143.71,-45.867,cleaning
-0.369,0.442,0.971,8.4,128.345,-33.967,cleaning
-0.281,0.681,0.915,8.4,128.345,-33.967,cleaning
-0.281,0.681,0.915,2.922,64.4,-26.337,cleaning
-0.203,0.75,0.835,2.922,64.4,-26.337,cleaning
-0.203,0.75,0.835,-10.657,-12.355,-23.327,cleaning
-0.202,0.641,0.749,-10.657,-12.355,-23.327,cleaning
-0.244,0.583,0.695,-10.657,-12.355,-23.327,cleaning
-0.244,0.583,0.695,-22.802,-49.665,-16.117,cleaning
-0.29,0.521,0.689,-22.802,-49.665,-16.117,cleaning
-0.29,0.521,0.689,-32.76,-62.44,-12.757,cleaning
-0.366,0.534,0.716,-32.76,-62.44,-12.757,cleaning
-0.366,0.534,0.716,-39.515,-62.562,-9.222,cleaning
-0.443,0.517,0.824,-39.515,-62.562,-9.222,cleaning
-0.443,0.517,0.824,-42.507,-61.687,-6.702,cleaning
-0.513,0.393,0.904,-42.507,-61.687,-6.702,cleaning
-0.513,0.393,0.904,-37.87,-52.867,-5.967,cleaning
-0.462,0.269,0.898,-37.87,-52.867,-5.967,cleaning
-0.462,0.269,0.898,-32.2,-27.02,-7.507,cleaning
-0.448,0.204,0.968,-32.2,-27.02,-7.507,cleaning
-0.448,0.204,0.968,-25.147,1.662,-12.057,cleaning
-0.421,0.134,1.016,-25.147,1.662,-12.057,cleaning
-0.421,0.134,1.016,-10.587,33.95,-10.92,cleaning
-0.371,0.083,0.978,-10.587,33.95,-10.92,cleaning
-0.371,0.083,0.978,3.325,69.265,3.535,cleaning
-0.132,-0.101,0.889,3.325,69.265,3.535,cleaning
-0.063,-0.006,0.856,3.325,69.265,3.535,cleaning
-0.063,-0.006,0.856,5.95,93.065,15.312,cleaning
-0.051,0.138,0.798,5.95,93.065,15.312,cleaning
-0.051,0.138,0.798,2.205,68.407,5.285,cleaning
-0.115,0.138,0.828,2.205,68.407,5.285,cleaning
-0.115,0.138,0.828,0.84,44.922,3.797,cleaning
-0.153,0.188,0.805,0.84,44.922,3.797,cleaning
-0.153,0.188,0.805,0.385,20.912,1.557,cleaning
-0.151,0.145,0.759,0.385,20.912,1.557,cleaning
-0.151,0.145,0.759,-10.797,-13.842,-4.077,cleaning
-0.291,0.143,0.87,-10.797,-13.842,-4.077,cleaning
-0.291,0.143,0.87,-16.327,-29.487,-4.357,cleaning
-0.382,0.134,0.959,-16.327,-29.487,-4.357,cleaning
-0.382,0.134,0.959,-13.72,-37.905,-12.355,cleaning
-0.337,0.068,0.976,-13.72,-37.905,-12.355,cleaning
-0.337,0.068,0.976,-9.275,-39.2,-24.552,cleaning
-0.373,-0.017,1.027,-9.275,-39.2,-24.552,cleaning
-0.373,-0.017,1.027,-1.487,-21.63,-37.642,cleaning
-0.405,-0.075,1.018,-1.487,-21.63,-37.642,cleaning
-0.378,-0.017,1.029,-1.487,-21.63,-37.642,cleaning
-0.378,-0.017,1.029,7.665,13.965,-40.267,cleaning
-0.356,0.099,1.054,7.665,13.965,-40.267,cleaning
-0.356,0.099,1.054,17.657,46.935,-34.72,cleaning
-0.344,0.174,1.011,17.657,46.935,-34.72,cleaning
-0.344,0.174,1.011,25.41,50.855,-32.252,cleaning
-0.355,0.189,0.945,25.41,50.855,-32.252,cleaning
-0.355,0.189,0.945,30.52,41.317,-34.825,cleaning
-0.377,0.159,0.849,30.52,41.317,-34.825,cleaning
-0.377,0.159,0.849,32.917,30.765,-41.16,cleaning
-0.403,0.144,0.768,32.917,30.765,-41.16,cleaning
-0.403,0.144,0.768,30.327,26.057,-49.245,cleaning
-0.451,0.118,0.743,30.327,26.057,-49.245,cleaning
-0.451,0.118,0.743,27.562,35.437,-54.022,cleaning
-0.477,0.163,0.756,27.562,35.437,-54.022,cleaning
-0.477,0.163,0.756,26.617,49.787,-55.335,cleaning
-0.456,0.249,0.8,26.617,49.787,-55.335,cleaning
-0.426,0.289,0.835,27.667,52.482,-56.297,cleaning
-0.378,0.343,0.867,27.667,52.482,-56.297,cleaning
-0.378,0.343,0.867,29.347,44.502,-58.135,cleaning
-0.354,0.361,0.869,29.347,44.502,-58.135,cleaning
-0.354,0.361,0.869,29.417,25.34,-62.282,cleaning
-0.349,0.334,0.848,29.417,25.34,-62.282,cleaning
-0.349,0.334,0.848,30.642,12.792,-66.412,cleaning
-0.329,0.336,0.812,30.642,12.792,-66.412,cleaning
-0.329,0.336,0.812,28.962,5.285,-73.762,cleaning
-0.345,0.408,0.854,28.962,5.285,-73.762,cleaning
-0.345,0.408,0.854,25.97,-0.192,-78.382,cleaning
-0.394,0.457,0.909,25.97,-0.192,-78.382,cleaning
-0.394,0.457,0.909,26.74,-8.977,-81.322,cleaning
-0.43,0.492,0.918,26.74,-8.977,-81.322,cleaning
-0.43,0.492,0.918,28.525,-16.38,-83.702,cleaning
-0.484,0.482,0.893,28.525,-16.38,-83.702,cleaning
-0.484,0.482,0.893,31.832,-4.795,-83.667,cleaning
-0.551,0.504,0.86,31.832,-4.795,-83.667,cleaning
-0.576,0.512,0.829,38.237,19.862,-85.89,cleaning
-0.519,0.552,0.741,38.237,19.862,-85.89,cleaning
-0.519,0.552,0.741,48.615,57.137,-86.73,cleaning
-0.474,0.692,0.629,48.615,57.137,-86.73,cleaning
-0.474,0.692,0.629,60.34,105.595,-78.75,cleaning
-0.386,0.816,0.551,60.34,105.595,-78.75,cleaning
-0.386,0.816,0.551,64.575,122.78,-69.667,cleaning
-0.322,0.901,0.531,64.575,122.78,-69.667,cleaning
-0.322,0.901,0.531,59.255,96.932,-63.927,cleaning
-0.297,0.903,0.528,59.255,96.932,-63.927,cleaning
-0.297,0.903,0.528,52.552,55.23,-61.005,cleaning
-0.279,0.894,0.479,52.552,55.23,-61.005,cleaning
-0.279,0.894,0.479,47.302,30.817,-53.305,cleaning
-0.261,0.874,0.441,47.302,30.817,-53.305,cleaning
-0.261,0.874,0.441,41.282,23.537,-40.757,cleaning
-0.204,0.922,0.45,41.282,23.537,-40.757,cleaning
-0.204,0.922,0.45,33.915,15.155,-24.325,cleaning
-0.152,0.995,0.502,33.915,15.155,-24.325,cleaning
-0.143,1.063,0.625,33.915,15.155,-24.325,cleaning
-0.143,1.063,0.625,25.27,-15.312,-9.397,cleaning
-0.174,1.108,0.73,25.27,-15.312,-9.397,cleaning
-0.174,1.108,0.73,21.35,-59.255,8.102,cleaning
-0.233,1.032,0.773,21.35,-59.255,8.102,cleaning
-0.233,1.032,0.773,27.352,-83.685,34.912,cleaning
-0.257,0.907,0.739,27.352,-83.685,34.912,cleaning
-0.257,0.907,0.739,39.27,-77.332,64.995,cleaning
-0.282,0.835,0.663,39.27,-77.332,64.995,cleaning
-0.282,0.835,0.663,47.897,-61.635,90.86,cleaning
-0.304,0.772,0.607,47.897,-61.635,90.86,cleaning
-0.304,0.772,0.607,50.032,-49.07,110.74,cleaning
-0.261,0.727,0.496,50.032,-49.07,110.74,cleaning
-0.261,0.727,0.496,43.067,-40.617,123.9,cleaning
-0.162,0.712,0.422,43.067,-40.617,123.9,cleaning
-0.162,0.712,0.422,26.162,-34.352,131.932,cleaning
-0.056,0.735,0.424,26.162,-34.352,131.932,cleaning
-0.056,0.735,0.424,5.267,-32.392,136.482,cleaning
0.014,0.781,0.53,5.267,-32.392,136.482,cleaning
-0.01,0.792,0.708,5.267,-32.392,136.482,cleaning
-0.01,0.792,0.708,-13.247,-48.335,137.462,cleaning
-0.058,0.698,0.827,-13.247,-48.335,137.462,cleaning
-0.058,0.698,0.827,-23.747,-69.142,142.432,cleaning
-0.117,0.581,0.875,-23.747,-69.142,142.432,cleaning
-0.117,0.581,0.875,-27.177,-63.595,156.275,cleaning
-0.147,0.523,0.85,-27.177,-63.595,156.275,cleaning
-0.147,0.523,0.85,-29.137,-42.437,173.005,cleaning
-0.154,0.485,0.813,-29.137,-42.437,173.005,cleaning
-0.154,0.485,0.813,-35.157,-30.852,182.927,cleaning
-0.22,0.502,0.832,-35.157,-30.852,182.927,cleaning
-0.22,0.502,0.832,-40.81,-36.82,186.637,cleaning
-0.327,0.465,0.905,-40.81,-36.82,186.637,cleaning
-0.327,0.465,0.905,-40.372,-59.955,186.76,cleaning
-0.39,0.271,0.905,-40.372,-59.955,186.76,cleaning
-0.39,0.271,0.905,-31.937,-59.29,185.395,cleaning
-0.406,0.09,0.859,-31.937,-59.29,185.395,cleaning
-0.406,0.09,0.859,-20.982,-33.39,176.645,cleaning
-0.447,0.039,0.912,-20.982,-33.39,176.645,cleaning
-0.474,-0.068,1.013,-20.982,-33.39,176.645,cleaning
-0.474,-0.068,1.013,-9.397,-23.187,156.677,cleaning
-0.428,-0.208,0.985,-9.397,-23.187,156.677,cleaning
-0.428,-0.208,0.985,5.267,-3.99,135.957,cleaning
-0.345,-0.222,0.992,5.267,-3.99,135.957,cleaning
-0.345,-0.222,0.992,18.025,35.945,116.077,cleaning
-0.257,-0.209,1.011,18.025,35.945,116.077,cleaning
-0.257,-0.209,1.011,22.365,58.94,91.56,cleaning
-0.147,-0.231,1.043,22.365,58.94,91.56,cleaning
-0.147,-0.231,1.043,20.177,66.465,64.907,cleaning
-0.077,-0.267,1.122,20.177,66.465,64.907,cleaning
-0.077,-0.267,1.122,15.575,62.195,33.897,cleaning
-0.065,-0.279,1.262,15.575,62.195,33.897,cleaning
-0.065,-0.279,1.262,19.74,51.625,-3.622,cleaning
-0.076,-0.242,1.389,19.74,51.625,-3.622,cleaning
-0.076,-0.242,1.389,37.555,44.642,-42.805,cleaning
-0.144,-0.167,1.425,37.555,44.642,-42.805,cleaning
-0.204,-0.025,1.321,66.15,51.765,-76.93,cleaning
-0.267,0.168,1.147,66.15,51.765,-76.93,cleaning
-0.267,0.168,1.147,92.12,56.595,-106.627,cleaning
-0.242,0.233,1.006,92.12,56.595,-106.627,cleaning
-0.242,0.233,1.006,105.612,33.127,-135.31,cleaning
-0.223,0.233,0.887,105.612,33.127,-135.31,cleaning
-0.223,0.233,0.887,106.925,-0.525,-160.615,cleaning
-0.18,0.202,0.874,106.925,-0.525,-160.615,cleaning
-0.18,0.202,0.874,103.127,-22.382,-179.497,cleaning
-0.126,0.182,0.892,103.127,-22.382,-179.497,cleaning
-0.126,0.182,0.892,101.5,-23.1,-193.707,cleaning
-0.077,0.266,0.952,101.5,-23.1,-193.707,cleaning
-0.077,0.266,0.952,104.405,-16.467,-203.49,cleaning
-0.044,0.379,1.018,104.405,-16.467,-203.49,cleaning
-0.044,0.379,1.018,113.312,-20.107,-209.737,cleaning
-0.003,0.451,1.023,113.312,-20.107,-209.737,cleaning
-0.003,0.451,1.023,128.047,-27.597,-211.977,cleaning
0.019,0.558,0.946,128.047,-27.597,-211.977,cleaning
-0.011,0.67,0.871,144.515,-43.382,-211.802,cleaning
-0.054,0.669,0.773,144.515,-43.382,-211.802,cleaning
-0.054,0.669,0.773,159.845,-69.597,-211.05,cleaning
-0.058,0.621,0.578,159.845,-69.597,-211.05,cleaning
-0.058,0.621,0.578,174.895,-79.187,-210.087,cleaning
0,0.694,0.394,174.895,-79.187,-210.087,cleaning
0,0.694,0.394,182.787,-57.732,-213.57,cleaning
-0.001,1.008,0.281,182.787,-57.732,-213.57,cleaning
-0.001,1.008,0.281,183.382,-14.91,-211.925,cleaning
0.019,1.478,0.258,183.382,-14.91,-211.925,cleaning
0.019,1.478,0.258,176.295,24.237,-185.482,cleaning
0.077,1.943,0.326,176.295,24.237,-185.482,cleaning
0.077,1.943,0.326,154.98,40.232,-134.645,cleaning
0.238,2.052,0.179,154.98,40.232,-134.645,cleaning
0.238,2.052,0.179,113.312,51.117,-70.822,cleaning
0.441,1.991,-0.095,113.312,51.117,-70.822,cleaning
0.441,1.991,-0.095,51.205,50.085,-1.452,cleaning
0.502,1.817,-0.056,51.205,50.085,-1.452,cleaning
0.396,1.375,0.21,51.205,50.085,-1.452,cleaning
0.396,1.375,0.21,-15.312,8.837,52.535,cleaning
0.368,0.889,0.357,-15.312,8.837,52.535,cleaning
0.368,0.889,0.357,-61.722,2.905,94.71,cleaning
0.334,0.685,0.546,-61.722,2.905,94.71,cleaning
0.334,0.685,0.546,-89.057,36.732,124.985,cleaning
0.37,0.498,0.723,-89.057,36.732,124.985,cleaning
0.37,0.498,0.723,-105.017,59.272,141.47,cleaning
0.447,0.445,0.677,-105.017,59.272,141.47,cleaning
0.447,0.445,0.677,-118.16,86.782,152.915,cleaning
0.426,0.529,0.898,-118.16,86.782,152.915,cleaning
0.426,0.529,0.898,-128.555,81.97,159.6,cleaning
0.395,0.569,1.019,-128.555,81.97,159.6,cleaning
0.395,0.569,1.019,-136.657,51.572,162.907,cleaning
0.337,0.647,1.063,-136.657,51.572,162.907,cleaning
0.337,0.647,1.063,-147.717,18.55,172.322,cleaning
0.153,0.612,1.123,-147.717,18.55,172.322,cleaning
0.153,0.612,1.123,-156.1,-22.015,177.257,cleaning
-0.098,0.409,1.195,-156.1,-22.015,177.257,cleaning
-0.333,0.063,1.21,-156.1,-22.015,177.257,cleaning
-0.333,0.063,1.21,-157.307,-75.74,167.282,cleaning
-0.487,-0.233,1.166,-157.307,-75.74,167.282,cleaning
-0.487,-0.233,1.166,-149.695,-95.217,145.302,cleaning
-0.633,-0.415,1.149,-149.695,-95.217,145.302,cleaning
-0.633,-0.415,1.149,-136.202,-66.797,116.97,cleaning
-0.703,-0.58,1.248,-136.202,-66.797,116.97,cleaning
-0.703,-0.58,1.248,-116.707,-41.79,74.637,cleaning
-0.593,-0.739,1.287,-116.707,-41.79,74.637,cleaning
-0.593,-0.739,1.287,-90.457,-28.437,18.987,cleaning
-0.435,-0.731,1.228,-90.457,-28.437,18.987,cleaning
-0.435,-0.731,1.228,-58.292,20.772,-34.597,cleaning
-0.3,-0.387,1.235,-58.292,20.772,-34.597,cleaning
-0.3,-0.387,1.235,-22.295,57.89,-82.617,cleaning
-0.185,0.015,1.338,-22.295,57.89,-82.617,cleaning
-0.185,0.015,1.338,12.46,6.807,-137.217,cleaning
-0.101,0.228,1.449,12.46,6.807,-137.217,cleaning
-0.101,0.228,1.449,45.237,-85.277,-187.582,cleaning
-0.025,0.222,1.342,45.237,-85.277,-187.582,cleaning
0.042,0.205,1.106,45.237,-85.277,-187.582,cleaning
0.042,0.205,1.106,76.79,-115.622,-218.33,cleaning
0.074,0.361,0.85,76.79,-115.622,-218.33,cleaning
0.074,0.361,0.85,104.79,-76.44,-227.15,cleaning
0.127,0.696,0.488,104.79,-76.44,-227.15,cleaning
0.127,0.696,0.488,125.107,-16.135,-213.605,cleaning
0.264,1.142,0.152,125.107,-16.135,-213.605,cleaning
0.264,1.142,0.152,123.725,24.325,-178.255,cleaning
0.35,1.794,-0.034,123.725,24.325,-178.255,cleaning
0.35,1.794,-0.034,93.782,19.722,-124.355,cleaning
0.297,2.206,-0.061,93.782,19.722,-124.355,cleaning
0.297,2.206,-0.061,46.357,1.12,-57.732,cleaning
0.107,2.283,0.009,46.357,1.12,-57.732,cleaning
0.107,2.283,0.009,3.972,18.2,17.99,cleaning
-0.02,2.043,0.391,3.972,18.2,17.99,cleaning
-0.02,2.043,0.391,-29.557,-50.592,59.307,cleaning
-0.047,1.203,0.651,-29.557,-50.592,59.307,cleaning
-0.047,1.203,0.651,-39.13,-18.567,101.167,cleaning
-0.05,0.666,0.523,-39.13,-18.567,101.167,cleaning
-0.026,0.701,0.741,-39.13,-18.567,101.167,cleaning
-0.026,0.701,0.741,-37.135,95.9,136.08,cleaning
0.123,0.77,0.652,-37.135,95.9,136.08,cleaning
0.123,0.77,0.652,-43.61,135.817,154.857,cleaning
0.101,0.782,0.788,-43.61,135.817,154.857,cleaning
0.101,0.782,0.788,-63.087,112.98,161.07,cleaning
0.104,0.601,0.788,-63.087,112.98,161.07,cleaning
0.104,0.601,0.788,-86.135,61.477,163.257,cleaning
0.058,0.451,0.838,-86.135,61.477,163.257,cleaning
0.058,0.451,0.838,-104.072,48.335,168.892,cleaning
-0.109,0.322,1.192,-104.072,48.335,168.892,cleaning
-0.109,0.322,1.192,-111.825,-3.412,161.402,cleaning
-0.221,-0.029,1.396,-111.825,-3.412,161.402,cleaning
-0.221,-0.029,1.396,-101.885,-55.737,141.592,cleaning
-0.33,-0.514,1.542,-101.885,-55.737,141.592,cleaning
-0.33,-0.514,1.542,-77.385,-75.705,101.465,cleaning
-0.364,-0.947,1.562,-77.385,-75.705,101.465,cleaning
-0.405,-1.195,1.644,-46.357,-79.94,38.675,cleaning
-0.296,-1.041,1.385,-46.357,-79.94,38.675,cleaning
-0.296,-1.041,1.385,-10.535,-25.882,-21.525,cleaning
-0.139,-0.489,1.166,-10.535,-25.882,-21.525,cleaning
-0.139,-0.489,1.166,23.572,109.935,-47.477,cleaning
-0.095,0.159,1.234,23.572,109.935,-47.477,cleaning
-0.095,0.159,1.234,49.035,122.762,-80.797,cleaning
-0.15,0.377,1.316,49.035,122.762,-80.797,cleaning
-0.15,0.377,1.316,65.292,10.57,-126.192,cleaning
-0.084,0.234,1.148,65.292,10.57,-126.192,cleaning
-0.084,0.234,1.148,76.23,-74.812,-162.172,cleaning
-0.045,0.061,1.106,76.23,-74.812,-162.172,cleaning
-0.045,0.061,1.106,85.225,-129.185,-198.345,cleaning
-0.112,-0.14,1.167,85.225,-129.185,-198.345,cleaning
-0.112,-0.14,1.167,100.205,-138.88,-236.285,cleaning
-0.266,-0.246,1.138,100.205,-138.88,-236.285,cleaning
-0.266,-0.246,1.138,132.86,-56.77,-263.235,cleaning
-0.337,-0.048,1.026,132.86,-56.77,-263.235,cleaning
-0.309,0.55,0.739,132.86,-56.77,-263.235,cleaning
-0.309,0.55,0.739,177.345,62.93,-269.307,cleaning
-0.257,1.295,0.552,177.345,62.93,-269.307,cleaning
-0.257,1.295,0.552,207.445,120.032,-250.635,cleaning
-0.241,1.94,0.367,207.445,120.032,-250.635,cleaning
-0.241,1.94,0.367,209.265,78.417,-218.82,cleaning
-0.242,2.268,0.137,209.265,78.417,-218.82,cleaning
-0.242,2.268,0.137,172.497,21.875,-165.13,cleaning
-0.248,2.245,-0.302,172.497,21.875,-165.13,cleaning
-0.248,2.245,-0.302,105.927,36.767,-78.032,cleaning
-0.293,2.385,-0.571,105.927,36.767,-78.032,cleaning
-0.293,2.385,-0.571,25.847,59.132,28.682,cleaning
-0.26,2.374,0.156,25.847,59.132,28.682,cleaning
-0.26,2.374,0.156,-47.337,-136.01,70.437,cleaning
-0.299,1.164,0.438,-47.337,-136.01,70.437,cleaning
-0.299,1.164,0.438,-72.957,-209.877,94.027,cleaning
-0.411,0.295,0.452,-72.957,-209.877,94.027,cleaning
-0.411,0.295,0.452,-62.335,-4.917,148.54,cleaning
-0.157,0.305,0.204,-62.335,-4.917,148.54,cleaning
-0.009,0.945,0.548,-62.335,-4.917,148.54,cleaning
-0.009,0.945,0.548,-61.302,178.92,189.752,cleaning
0.115,0.907,0.628,-61.302,178.92,189.752,cleaning
0.115,0.907,0.628,-72.45,158.357,186.655,cleaning
0.17,0.721,0.684,-72.45,158.357,186.655,cleaning
0.17,0.721,0.684,-81.917,105.332,173.792,cleaning
0.391,0.434,0.686,-81.917,105.332,173.792,cleaning
0.391,0.434,0.686,-95.935,60.655,161.84,cleaning
0.532,0.197,0.907,-95.935,60.655,161.84,cleaning
0.532,0.197,0.907,-118.737,42,160.247,cleaning
0.405,0.082,1.352,-118.737,42,160.247,cleaning
0.405,0.082,1.352,-139.475,13.982,165.62,cleaning
0.174,-0.159,1.723,-139.475,13.982,165.62,cleaning
0.174,-0.159,1.723,-142.38,-13.842,169.837,cleaning
-0.081,-0.404,1.804,-142.38,-13.842,169.837,cleaning
-0.081,-0.404,1.804,-118.44,-25.725,149.992,cleaning
-0.09,-0.604,1.666,-118.44,-25.725,149.992,cleaning
-0.09,-0.604,1.666,-86.17,-50.347,95.62,cleaning
-0.196,-0.803,1.649,-86.17,-50.347,95.62,cleaning
-0.125,-1.008,1.372,-86.17,-50.347,95.62,cleaning
-0.125,-1.008,1.372,-49.035,-53.287,25.077,cleaning
0.032,-0.656,1.215,-49.035,-53.287,25.077,cleaning
0.032,-0.656,1.215,-13.02,27.912,-26.652,cleaning
-0.081,0.02,1.313,-13.02,27.912,-26.652,cleaning
-0.081,0.02,1.313,26.635,76.23,-69.3,cleaning
-0.187,0.366,1.387,26.635,76.23,-69.3,cleaning
-0.187,0.366,1.387,63.402,-12.057,-121.52,cleaning
-0.291,0.133,1.223,63.402,-12.057,-121.52,cleaning
-0.291,0.133,1.223,91.63,-111.09,-171.412,cleaning
-0.312,0.002,0.953,91.63,-111.09,-171.412,cleaning
-0.312,0.002,0.953,111.055,-98.7,-194.04,cleaning
-0.267,0.235,0.759,111.055,-98.7,-194.04,cleaning
-0.267,0.235,0.759,116.27,-32.83,-188.107,cleaning
-0.223,0.851,0.605,116.27,-32.83,-188.107,cleaning
-0.223,0.851,0.605,103.932,-10.745,-169.085,cleaning
-0.295,1.487,0.444,103.932,-10.745,-169.085,cleaning
-0.27,1.952,0.294,76.86,-40.547,-142.52,cleaning
-0.08,2.049,0.152,76.86,-40.547,-142.52,cleaning
-0.08,2.049,0.152,37.275,-82.11,-96.46,cleaning
0.06,1.92,-0.058,37.275,-82.11,-96.46,cleaning
0.06,1.92,-0.058,-6.09,-75.95,-26.88,cleaning
0.216,1.919,-0.105,-6.09,-75.95,-26.88,cleaning
0.216,1.919,-0.105,-41.72,-33.11,44.555,cleaning
-0.024,1.667,0.376,-41.72,-33.11,44.555,cleaning
-0.024,1.667,0.376,-62.23,-74.725,74.935,cleaning
0.002,0.977,0.418,-62.23,-74.725,74.935,cleaning
0.002,0.977,0.418,-60.2,-24.08,111.142,cleaning
0.157,0.939,0.451,-60.2,-24.08,111.142,cleaning
0.157,0.939,0.451,-57.575,95.532,158.147,cleaning
0.173,0.944,0.507,-57.575,95.532,158.147,cleaning
0.173,0.944,0.507,-68.512,155.277,184.642,cleaning
0.136,0.879,0.52,-68.512,155.277,184.642,cleaning
0.136,0.879,0.52,-85.767,167.685,193.55,cleaning
0.072,0.827,0.561,-85.767,167.685,193.55,cleaning
-0.1,0.667,0.777,-100.852,166.267,195.177,cleaning
-0.239,0.348,1.135,-100.852,166.267,195.177,cleaning
-0.239,0.348,1.135,-99.872,155.627,181.545,cleaning
-0.395,-0.284,1.668,-99.872,155.627,181.545,cleaning
-0.395,-0.284,1.668,-96.775,111.615,149.327,cleaning
-0.683,-0.826,2.223,-96.775,111.615,149.327,cleaning
-0.683,-0.826,2.223,-90.737,53.13,109.602,cleaning
-0.702,-1.041,2.305,-90.737,53.13,109.602,cleaning
-0.702,-1.041,2.305,-42.28,15.557,49.7,cleaning
-0.488,-1.034,2.276,-42.28,15.557,49.7,cleaning
-0.488,-1.034,2.276,36.067,-2.187,-38.727,cleaning
-0.264,-0.619,1.555,36.067,-2.187,-38.727,cleaning
-0.264,-0.619,1.555,110.267,81.707,-85.172,cleaning
-0.204,0.197,1.292,110.267,81.707,-85.172,cleaning
-0.204,0.197,1.292,159.967,63.402,-120.207,cleaning
-0.192,0.695,1.197,159.967,63.402,-120.207,cleaning
-0.192,0.695,1.197,177.975,-97.282,-165.69,cleaning
-0.173,0.426,0.938,177.975,-97.282,-165.69,cleaning
-0.1,0.249,0.654,177.975,-97.282,-165.69,cleaning
-0.1,0.249,0.654,180.635,-154.472,-198.17,cleaning
0.058,0.618,0.371,180.635,-154.472,-198.17,cleaning
0.058,0.618,0.371,177.257,-79.31,-194.845,cleaning
0.277,1.327,0.076,177.257,-79.31,-194.845,cleaning
0.277,1.327,0.076,157.045,-3.465,-164.43,cleaning
0.443,2.074,-0.098,157.045,-3.465,-164.43,cleaning
0.443,2.074,-0.098,115.535,0.105,-117.705,cleaning
0.52,2.494,-0.257,115.535,0.105,-117.705,cleaning
0.52,2.494,-0.257,60.515,-36.68,-59.22,cleaning
0.476,2.491,-0.45,60.515,-36.68,-59.22,cleaning
0.476,2.491,-0.45,8.12,-32.077,15.995,cleaning
0.343,2.179,-0.352,8.12,-32.077,15.995,cleaning
0.343,2.179,-0.352,-41.282,-93.345,59.325,cleaning
0.447,1.159,-0.332,-41.282,-93.345,59.325,cleaning
0.447,1.159,-0.332,-87.885,-101.5,86.625,cleaning
0.457,0.558,-0.295,-87.885,-101.5,86.625,cleaning
0.457,0.558,-0.295,-120.435,36.732,137.865,cleaning
0.357,0.952,0.338,-120.435,36.732,137.865,cleaning
0.119,1.057,0.935,-120.435,36.732,137.865,cleaning
0.119,1.057,0.935,-146.352,42.122,164.675,cleaning
-0.153,0.753,1.239,-146.352,42.122,164.675,cleaning
-0.153,0.753,1.239,-148.452,-13.562,169.96,cleaning
-0.292,0.375,1.206,-148.452,-13.562,169.96,cleaning
-0.292,0.375,1.206,-127.715,-14.332,170.1,cleaning
-0.344,0.138,1.052,-127.715,-14.332,170.1,cleaning
-0.344,0.138,1.052,-105.595,16.992,159.67,cleaning
-0.433,0.016,1.062,-105.595,16.992,159.67,cleaning
-0.433,0.016,1.062,-86.047,21.98,126.542,cleaning
-0.543,-0.223,1.259,-86.047,21.98,126.542,cleaning
-0.543,-0.223,1.259,-60.9,-10.08,72.205,cleaning
-0.657,-0.518,1.482,-60.9,-10.08,72.205,cleaning
-0.657,-0.518,1.482,-26.722,-42.49,8.575,cleaning
-0.771,-0.69,1.718,-26.722,-42.49,8.575,cleaning
-0.771,-0.69,1.718,17.395,-2.922,-36.382,cleaning
-0.444,-0.476,1.4,17.395,-2.922,-36.382,cleaning
-0.444,-0.476,1.4,63.735,93.485,-52.307,cleaning
-0.248,0.084,1.368,63.735,93.485,-52.307,cleaning
-0.239,0.228,1.43,63.735,93.485,-52.307,cleaning
-0.239,0.228,1.43,98.525,28.315,-95.305,cleaning
-0.187,-0.205,1.19,98.525,28.315,-95.305,cleaning
-0.187,-0.205,1.19,120.347,-75.652,-151.182,cleaning
-0.127,-0.018,0.943,120.347,-75.652,-151.182,cleaning
-0.127,-0.018,0.943,143.605,-23.45,-174.825,cleaning
-0.031,0.625,0.765,143.605,-23.45,-174.825,cleaning
-0.031,0.625,0.765,159.53,34.79,-175.77,cleaning
0.109,1.204,0.496,159.53,34.79,-175.77,cleaning
0.109,1.204,0.496,156.257,14.385,-167.545,cleaning
0.273,1.591,0.174,156.257,14.385,-167.545,cleaning
0.273,1.591,0.174,131.932,-38.342,-146.65,cleaning
0.39,1.753,-0.149,131.932,-38.342,-146.65,cleaning
0.39,1.753,-0.149,90.002,-62.615,-108.08,cleaning
0.447,1.866,-0.357,90.002,-62.615,-108.08,cleaning
0.447,1.866,-0.357,40.11,-23.1,-41.982,cleaning
0.453,2.087,-0.455,40.11,-23.1,-41.982,cleaning
0.453,2.087,-0.455,-11.007,1.645,30.275,cleaning
0.388,2.113,-0.164,-11.007,1.645,30.275,cleaning
0.275,1.285,0.122,-11.007,1.645,30.275,cleaning
0.275,1.285,0.122,-60.637,-107.695,60.06,cleaning
0.29,0.721,0.182,-60.637,-107.695,60.06,cleaning
0.29,0.721,0.182,-89.81,-64.767,104.405,cleaning
0.198,0.949,0.587,-89.81,-64.767,104.405,cleaning
0.198,0.949,0.587,-106.487,22.277,147.332,cleaning
0.067,0.814,0.941,-106.487,22.277,147.332,cleaning
0.067,0.814,0.941,-118.055,-23.397,151.672,cleaning
-0.139,0.143,1.089,-118.055,-23.397,151.672,cleaning
-0.139,0.143,1.089,-107.065,-40.6,136.762,cleaning
-0.265,-0.292,1.275,-107.065,-40.6,136.762,cleaning
-0.265,-0.292,1.275,-80.15,-14.805,105.857,cleaning
-0.373,-0.443,1.542,-80.15,-14.805,105.857,cleaning
-0.373,-0.443,1.542,-48.807,-15.4,61.337,cleaning
-0.458,-0.665,1.711,-48.807,-15.4,61.337,cleaning
-0.458,-0.665,1.711,-6.965,-20.265,6.51,cleaning
-0.48,-0.873,1.722,-6.965,-20.265,6.51,cleaning
-0.274,-0.59,1.315,40.897,46.147,-32.235,cleaning
-0.084,0.005,1.119,40.897,46.147,-32.235,cleaning
-0.084,0.005,1.119,77.437,133.35,-49.087,cleaning
-0.084,0.442,1.143,77.437,133.35,-49.087,cleaning
-0.084,0.442,1.143,101.657,83.93,-84.035,cleaning
-0.04,0.275,1.031,101.657,83.93,-84.035,cleaning
-0.04,0.275,1.031,111.597,-38.202,-128.642,cleaning
-0.005,0.106,0.873,111.597,-38.202,-128.642,cleaning
-0.005,0.106,0.873,119.665,-58.992,-155.837,cleaning
0.071,0.34,0.761,119.665,-58.992,-155.837,cleaning
0.071,0.34,0.761,128.782,-1.102,-162.4,cleaning
0.148,0.868,0.681,128.782,-1.102,-162.4,cleaning
0.148,0.868,0.681,133.927,40.985,-153.755,cleaning
0.283,1.441,0.442,133.927,40.985,-153.755,cleaning
0.283,1.441,0.442,119.472,22.872,-132.877,cleaning
0.413,1.746,0.107,119.472,22.872,-132.877,cleaning
0.413,1.746,0.107,79.152,-31.115,-101.57,cleaning
0.474,1.705,-0.162,79.152,-31.115,-101.57,cleaning
0.457,1.706,-0.356,32.025,-21.245,-52.587,cleaning
0.284,1.877,-0.196,32.025,-21.245,-52.587,cleaning
0.284,1.877,-0.196,-13.702,9.73,1.75,cleaning
0.175,1.509,0.051,-13.702,9.73,1.75,cleaning
0.175,1.509,0.051,-60.777,-80.972,22.75,cleaning
0.07,1.004,0.133,-60.777,-80.972,22.75,cleaning
0.07,1.004,0.133,-93.275,-71.855,60.76,cleaning
-0.001,1.086,0.357,-93.275,-71.855,60.76,cleaning
-0.001,1.086,0.357,-104.842,17.71,110.95,cleaning
-0.017,0.98,0.462,-104.842,17.71,110.95,cleaning
-0.017,0.98,0.462,-118.965,11.97,131.477,cleaning
-0.042,0.758,0.612,-118.965,11.97,131.477,cleaning
-0.042,0.758,0.612,-132.142,-35.385,133.962,cleaning
-0.158,0.494,0.894,-132.142,-35.385,133.962,cleaning
-0.158,0.494,0.894,-129.43,-70.7,128.012,cleaning
-0.286,0.082,1.214,-129.43,-70.7,128.012,cleaning
-0.286,0.082,1.214,-103.197,-64.12,111.457,cleaning
-0.344,-0.331,1.434,-103.197,-64.12,111.457,cleaning
-0.385,-0.647,1.547,-103.197,-64.12,111.457,cleaning
-0.385,-0.647,1.547,-63.105,-30.94,79.03,cleaning
-0.429,-0.834,1.683,-63.105,-30.94,79.03,cleaning
-0.429,-0.834,1.683,-22.557,-11.095,28.21,cleaning
-0.442,-1.064,1.639,-22.557,-11.095,28.21,cleaning
-0.442,-1.064,1.639,20.755,26.407,-27.737,cleaning
-0.261,-0.342,1.258,20.755,26.407,-27.737,cleaning
-0.261,-0.342,1.258,63.7,181.177,-34.23,cleaning
-0.102,0.532,1.172,63.7,181.177,-34.23,cleaning
-0.102,0.532,1.172,93.87,211.592,-35.735,cleaning
0.044,0.938,1.095,93.87,211.592,-35.735,cleaning
0.044,0.938,1.095,103.162,56.227,-69.002,cleaning
0.035,0.63,0.958,103.162,56.227,-69.002,cleaning
0.035,0.63,0.958,103.197,-88.62,-111.02,cleaning
0.08,0.262,0.74,103.197,-88.62,-111.02,cleaning
0.08,0.262,0.74,107.73,-79.24,-130.375,cleaning
0.214,0.365,0.533,107.73,-79.24,-130.375,cleaning
0.214,0.365,0.533,108.57,12.442,-122.115,cleaning
0.385,1.042,0.346,108.57,12.442,-122.115,cleaning
0.514,1.692,0.133,108.57,12.442,-122.115,cleaning
0.514,1.692,0.133,89.652,40.04,-92.417,cleaning
0.593,2,-0.141,89.652,40.04,-92.417,cleaning
0.593,2,-0.141,45.5,1.977,-49.175,cleaning
0.489,2.082,-0.339,45.5,1.977,-49.175,cleaning
0.489,2.082,-0.339,-7.385,-25.725,3.517,cleaning
0.34,1.736,-0.093,-7.385,-25.725,3.517,cleaning
0.34,1.736,-0.093,-56.542,-120.802,23.975,cleaning
0.307,0.836,-0.023,-56.542,-120.802,23.975,cleaning
0.307,0.836,-0.023,-92.82,-176.697,36.137,cleaning
0.191,0.501,0.115,-92.82,-176.697,36.137,cleaning
0.191,0.501,0.115,-104.807,-36.837,84.21,cleaning
0.022,0.897,0.535,-104.807,-36.837,84.21,cleaning
0.022,0.897,0.535,-108.622,30.852,113.54,cleaning
-0.099,1.021,0.754,-108.622,30.852,113.54,cleaning
-0.099,1.021,0.754,-110.512,10.395,123.235,cleaning
-0.216,0.924,0.782,-110.512,10.395,123.235,cleaning
-0.216,0.924,0.782,-108.57,-18.077,127.347,cleaning
-0.353,0.639,0.803,-108.57,-18.077,127.347,cleaning
-0.452,0.212,0.889,-108.57,-18.077,127.347,cleaning
-0.452,0.212,0.889,-101.64,-43.96,118.86,cleaning
-0.485,-0.153,1.016,-101.64,-43.96,118.86,cleaning
-0.485,-0.153,1.016,-86.537,-39.987,99.96,cleaning
-0.506,-0.31,1.236,-86.537,-39.987,99.96,cleaning
-0.506,-0.31,1.236,-65.327,-11.83,76.422,cleaning
-0.515,-0.42,1.495,-65.327,-11.83,76.422,cleaning
-0.515,-0.42,1.495,-39.025,-9.677,43.47,cleaning
-0.387,-0.658,1.644,-39.025,-9.677,43.47,cleaning
-0.387,-0.658,1.644,-8.242,-21.245,-0.892,cleaning
-0.213,-0.772,1.608,-8.242,-21.245,-0.892,cleaning
-0.213,-0.772,1.608,27.912,49.875,-29.05,cleaning
-0.103,-0.232,1.297,27.912,49.875,-29.05,cleaning
-0.103,-0.232,1.297,67.69,182.647,-28.385,cleaning
-0.035,0.517,1.231,67.69,182.647,-28.385,cleaning
-0.035,0.517,1.231,87.517,117.81,-59.885,cleaning
0.016,0.66,1.096,87.517,117.81,-59.885,cleaning
0.016,0.66,1.096,83.737,-25.497,-102.865,cleaning
-0.02,0.412,0.875,83.737,-25.497,-102.865,cleaning
-0.055,0.426,0.724,83.737,-25.497,-102.865,cleaning
-0.055,0.426,0.724,76.737,-60.917,-121.642,cleaning
0.007,0.775,0.519,76.737,-60.917,-121.642,cleaning
0.007,0.775,0.519,67.235,-29.225,-113.242,cleaning
0.15,1.229,0.292,67.235,-29.225,-113.242,cleaning
0.15,1.229,0.292,45.762,-19.932,-85.872,cleaning
0.325,1.569,0.057,45.762,-19.932,-85.872,cleaning
0.325,1.569,0.057,10.08,-53.515,-58.327,cleaning
0.407,1.751,-0.034,10.08,-53.515,-58.327,cleaning
0.407,1.751,-0.034,-26.932,-83.65,-25.795,cleaning
0.455,1.857,-0.059,-26.932,-83.65,-25.795,cleaning
0.455,1.857,-0.059,-57.032,-100.695,16.852,cleaning
0.425,1.745,0.169,-57.032,-100.695,16.852,cleaning
0.425,1.745,0.169,-78.907,-189.297,32.357,cleaning
0.122,1.056,0.489,-78.907,-189.297,32.357,cleaning
0.122,1.056,0.489,-74.55,-174.492,59.29,cleaning
0.121,0.542,0.442,-74.55,-174.492,59.29,cleaning
0.078,0.808,0.528,-59.15,-8.33,113.19,cleaning
-0.007,0.97,0.664,-59.15,-8.33,113.19,cleaning
-0.007,0.97,0.664,-62.3,47.722,139.842,cleaning
-0.16,0.673,0.822,-62.3,47.722,139.842,cleaning
-0.16,0.673,0.822,-76.422,-8.855,138.565,cleaning
-0.278,0.166,1.027,-76.422,-8.855,138.565,cleaning
-0.278,0.166,1.027,-81.48,-45.115,128.362,cleaning
-0.374,-0.258,1.226,-81.48,-45.115,128.362,cleaning
-0.374,-0.258,1.226,-71.89,-31.132,113.347,cleaning
-0.447,-0.635,1.441,-71.89,-31.132,113.347,cleaning
-0.447,-0.635,1.441,-50.417,7.647,88.27,cleaning
-0.506,-0.861,1.56,-50.417,7.647,88.27,cleaning
-0.506,-0.861,1.56,-23.327,26.985,32.515,cleaning
-0.612,-0.734,1.699,-23.327,26.985,32.515,cleaning
-0.612,-0.734,1.699,5.092,6.877,-23.835,cleaning
-0.605,-0.777,1.564,5.092,6.877,-23.835,cleaning
-0.605,-0.777,1.564,34.877,48.265,-55.125,cleaning
-0.287,-0.429,1.239,34.877,48.265,-55.125,cleaning
-0.314,-0.064,1.262,55.422,78.575,-81.112,cleaning
-0.373,-0.072,1.167,55.422,78.575,-81.112,cleaning
-0.373,-0.072,1.167,68.722,18.375,-125.422,cleaning
-0.392,-0.036,0.997,68.722,18.375,-125.422,cleaning
-0.392,-0.036,0.997,80.64,-0.472,-152.32,cleaning
-0.382,0.202,0.847,80.64,-0.472,-152.32,cleaning
-0.382,0.202,0.847,91.507,33.6,-157.587,cleaning
-0.314,0.575,0.685,91.507,33.6,-157.587,cleaning
-0.314,0.575,0.685,96.512,56.472,-149.17,cleaning
-0.174,0.974,0.453,96.512,56.472,-149.17,cleaning
-0.174,0.974,0.453,87.727,39.865,-135.432,cleaning
-0.05,1.325,0.244,87.727,39.865,-135.432,cleaning
-0.05,1.325,0.244,64.837,2.975,-117.32,cleaning
0.031,1.621,0.115,64.837,2.975,-117.32,cleaning
0.031,1.621,0.115,37.047,-21.647,-83.02,cleaning
0.05,1.808,0.055,37.047,-21.647,-83.02,cleaning
0.05,1.808,0.055,12.652,-22.347,-31.832,cleaning
0.114,1.828,0.005,12.652,-22.347,-31.832,cleaning
0.18,1.649,0.144,12.652,-22.347,-31.832,cleaning
0.18,1.649,0.144,-9.66,-30.8,15.05,cleaning
-0.105,1.118,0.539,-9.66,-30.8,15.05,cleaning
-0.105,1.118,0.539,-30.31,-113.015,26.547,cleaning
-0.161,0.513,0.622,-30.31,-113.015,26.547,cleaning
-0.161,0.513,0.622,-34.492,-124.705,46.445,cleaning
-0.191,0.408,0.714,-34.492,-124.705,46.445,cleaning
-0.191,0.408,0.714,-32.06,-30.992,87.71,cleaning
-0.227,0.574,0.831,-32.06,-30.992,87.71,cleaning
-0.227,0.574,0.831,-35.017,17.587,116.287,cleaning
-0.263,0.495,0.934,-35.017,17.587,116.287,cleaning
-0.263,0.495,0.934,-41.3,-14.682,117.302,cleaning
-0.262,0.136,1.013,-41.3,-14.682,117.302,cleaning
-0.262,0.136,1.013,-41.072,-49.455,99.067,cleaning
-0.247,-0.248,1.131,-41.072,-49.455,99.067,cleaning
-0.247,-0.248,1.131,-32.217,-59.587,66.36,cleaning
-0.176,-0.571,1.234,-32.217,-59.587,66.36,cleaning
-0.176,-0.571,1.234,-17.307,-42.875,23.082,cleaning
-0.051,-0.704,1.309,-17.307,-42.875,23.082,cleaning
0.074,-0.625,1.394,-17.307,-42.875,23.082,cleaning
0.074,-0.625,1.394,-2.887,-10.605,-18.62,cleaning
0.066,-0.103,1.388,-2.887,-10.605,-18.62,cleaning
0.066,-0.103,1.388,14.052,70.997,-28.262,cleaning
0.043,0.458,1.445,14.052,70.997,-28.262,cleaning
0.043,0.458,1.445,31.08,115.657,-23.502,cleaning
0.076,0.53,1.341,31.08,115.657,-23.502,cleaning
0.076,0.53,1.341,36.627,25.69,-44.642,cleaning
0.1,0.204,1.052,36.627,25.69,-44.642,cleaning
0.1,0.204,1.052,34.86,-47.215,-67.567,cleaning
0.08,0.035,0.864,34.86,-47.215,-67.567,cleaning
0.08,0.035,0.864,31.482,-47.687,-83.93,cleaning
0.052,0.11,0.751,31.482,-47.687,-83.93,cleaning
0.052,0.11,0.751,28.402,-14.192,-92.05,cleaning
0.038,0.36,0.694,28.402,-14.192,-92.05,cleaning
0.038,0.36,0.694,28.42,20.16,-93.415,cleaning
0.026,0.685,0.663,28.42,20.16,-93.415,cleaning
0.026,0.685,0.663,28.157,25.602,-91.105,cleaning
0.024,0.956,0.589,28.157,25.602,-91.105,cleaning
0.003,1.142,0.492,28.157,25.602,-91.105,cleaning
0.003,1.142,0.492,26.057,17.99,-78.435,cleaning
-0.038,1.267,0.409,26.057,17.99,-78.435,cleaning
-0.038,1.267,0.409,20.212,8.645,-55.545,cleaning
-0.096,1.335,0.381,20.212,8.645,-55.545,cleaning
-0.096,1.335,0.381,9.275,1.487,-23.257,cleaning
-0.204,1.358,0.472,9.275,1.487,-23.257,cleaning
-0.204,1.358,0.472,-6.685,-25.62,6.72,cleaning
-0.248,1.101,0.61,-6.685,-25.62,6.72,cleaning
-0.248,1.101,0.61,-23.992,-102.532,20.247,cleaning
-0.232,0.629,0.596,-23.992,-102.532,20.247,cleaning
-0.232,0.629,0.596,-34.475,-112.857,44.17,cleaning
-0.265,0.376,0.639,-34.475,-112.857,44.17,cleaning
-0.265,0.376,0.639,-35.927,-21.892,80.482,cleaning
-0.284,0.473,0.743,-35.927,-21.892,80.482,cleaning
-0.284,0.473,0.743,-39.445,39.095,107.922,cleaning
-0.283,0.62,0.819,-39.445,39.095,107.922,cleaning
-0.274,0.633,0.899,-49.682,29.697,122.99,cleaning
-0.306,0.432,1.042,-49.682,29.697,122.99,cleaning
-0.306,0.432,1.042,-57.82,-11.9,127.33,cleaning
-0.277,0.12,1.122,-57.82,-11.9,127.33,cleaning
-0.277,0.12,1.122,-50.802,-41.09,118.195,cleaning
-0.172,-0.257,1.144,-50.802,-41.09,118.195,cleaning
-0.172,-0.257,1.144,-33.6,-42.682,93.03,cleaning
0,-0.571,1.125,-33.6,-42.682,93.03,cleaning
0,-0.571,1.125,-14.857,-30.275,49.787,cleaning
0.109,-0.725,1.163,-14.857,-30.275,49.787,cleaning
0.109,-0.725,1.163,2.205,-18.515,-5.932,cleaning
-0.001,-0.674,1.233,2.205,-18.515,-5.932,cleaning
-0.001,-0.674,1.233,22.015,29.347,-46.9,cleaning
0.107,-0.382,1.104,22.015,29.347,-46.9,cleaning
0.107,-0.382,1.104,40.967,104.685,-63.7,cleaning
0.09,0.132,1.184,40.967,104.685,-63.7,cleaning
0.09,0.132,1.184,52.01,90.527,-84.402,cleaning
-0.009,0.392,1.217,52.01,90.527,-84.402,cleaning
-0.057,0.373,1.108,55.02,29.067,-104.755,cleaning
-0.083,0.398,0.976,55.02,29.067,-104.755,cleaning
-0.083,0.398,0.976,53.392,6.912,-113.365,cleaning
-0.124,0.505,0.866,53.392,6.912,-113.365,cleaning
-0.124,0.505,0.866,50.82,20.615,-111.737,cleaning
-0.131,0.668,0.757,50.82,20.615,-111.737,cleaning
-0.131,0.668,0.757,49.28,37.817,-106.05,cleaning
-0.161,0.799,0.645,49.28,37.817,-106.05,cleaning
-0.161,0.799,0.645,48.912,46.725,-99.785,cleaning
-0.141,0.897,0.502,48.912,46.725,-99.785,cleaning
-0.141,0.897,0.502,49.14,59.465,-89.53,cleaning
-0.114,1.023,0.366,49.14,59.465,-89.53,cleaning
-0.114,1.023,0.366,43.575,68.46,-70.927,cleaning
-0.124,1.169,0.28,43.575,68.46,-70.927,cleaning
-0.124,1.169,0.28,28.21,63.227,-41.755,cleaning
-0.189,1.317,0.264,28.21,63.227,-41.755,cleaning
-0.189,1.317,0.264,6.247,21.437,-14.035,cleaning
-0.331,1.284,0.377,6.247,21.437,-14.035,cleaning
-0.354,0.987,0.48,6.247,21.437,-14.035,cleaning
-0.354,0.987,0.48,-14.577,-51.31,0.752,cleaning
-0.338,0.732,0.441,-14.577,-51.31,0.752,cleaning
-0.338,0.732,0.441,-28.14,-69.282,24.92,cleaning
-0.367,0.764,0.495,-28.14,-69.282,24.92,cleaning
-0.367,0.764,0.495,-35.595,-1.067,69.002,cleaning
-0.355,0.894,0.552,-35.595,-1.067,69.002,cleaning
-0.355,0.894,0.552,-42.087,41.107,102.112,cleaning
-0.298,0.935,0.549,-42.087,41.107,102.112,cleaning
-0.298,0.935,0.549,-52.867,28.21,120.172,cleaning
-0.246,0.781,0.574,-52.867,28.21,120.172,cleaning
-0.246,0.781,0.574,-67.725,-8.382,128.012,cleaning
-0.205,0.555,0.676,-67.725,-8.382,128.012,cleaning
-0.205,0.555,0.676,-82.95,-46.497,127.015,cleaning
-0.16,0.348,0.878,-82.95,-46.497,127.015,cleaning
-0.16,0.348,0.878,-90.142,-64.54,123.567,cleaning
-0.154,0.147,1.145,-90.142,-64.54,123.567,cleaning
-0.154,0.147,1.145,-83.3,-67.427,110.25,cleaning
-0.16,-0.083,1.39,-83.3,-67.427,110.25,cleaning
-0.123,-0.287,1.545,-83.3,-67.427,110.25,cleaning
-0.123,-0.287,1.545,-62.895,-60.375,85.242,cleaning
-0.058,-0.501,1.601,-62.895,-60.375,85.242,cleaning
-0.058,-0.501,1.601,-35.437,-57.855,45.972,cleaning
-0.126,-0.636,1.596,-35.437,-57.855,45.972,cleaning
-0.126,-0.636,1.596,-7.997,-56.525,-5.967,cleaning
-0.123,-0.431,1.267,-7.997,-56.525,-5.967,cleaning
-0.123,-0.431,1.267,16.432,18.76,-31.272,cleaning
-0.039,0.05,1.186,16.432,18.76,-31.272,cleaning
-0.039,0.05,1.186,28.28,75.512,-46.2,cleaning
-0.165,0.311,1.177,28.28,75.512,-46.2,cleaning
-0.165,0.311,1.177,28.595,31.167,-71.12,cleaning
-0.17,0.286,1.033,28.595,31.167,-71.12,cleaning
-0.17,0.286,1.033,22.12,-17.972,-86.835,cleaning
-0.18,0.283,0.909,22.12,-17.972,-86.835,cleaning
-0.18,0.283,0.909,11.777,-43.785,-94.727,cleaning
-0.197,0.34,0.845,11.777,-43.785,-94.727,cleaning
-0.197,0.34,0.845,3.815,-55.055,-99.627,cleaning
-0.241,0.391,0.805,3.815,-55.055,-99.627,cleaning
-0.25,0.538,0.754,3.815,-55.055,-99.627,cleaning
-0.25,0.538,0.754,8.347,-36.732,-104.807,cleaning
-0.218,0.713,0.674,8.347,-36.732,-104.807,cleaning
-0.218,0.713,0.674,21,-5.827,-108.78,cleaning
-0.158,0.897,0.548,21,-5.827,-108.78,cleaning
-0.158,0.897,0.548,31.465,12.302,-106.225,cleaning
-0.081,1.064,0.402,31.465,12.302,-106.225,cleaning
-0.081,1.064,0.402,31.29,5.915,-92.452,cleaning
-0.079,1.157,0.315,31.29,5.915,-92.452,cleaning
-0.079,1.157,0.315,22.102,-10.727,-68.792,cleaning
-0.128,1.222,0.294,22.102,-10.727,-68.792,cleaning
-0.128,1.222,0.294,10.71,-9.572,-32.585,cleaning
-0.248,1.29,0.373,10.71,-9.572,-32.585,cleaning
-0.248,1.29,0.373,0.595,-14.84,4.392,cleaning
-0.286,1.181,0.519,0.595,-14.84,4.392,cleaning
-0.286,1.181,0.519,-12.897,-73.832,20.527,cleaning
-0.271,0.835,0.527,-12.897,-73.832,20.527,cleaning
-0.271,0.835,0.527,-23.747,-62.702,53.97,cleaning
-0.35,0.705,0.549,-23.747,-62.702,53.97,cleaning
-0.412,0.778,0.677,-23.747,-62.702,53.97,cleaning
-0.412,0.778,0.677,-33.512,4.637,102.602,cleaning
-0.456,0.823,0.757,-33.512,4.637,102.602,cleaning
-0.456,0.823,0.757,-47.652,32.182,143.657,cleaning
-0.458,0.768,0.761,-47.652,32.182,143.657,cleaning
-0.458,0.768,0.761,-63.472,10.745,165.305,cleaning
-0.442,0.575,0.762,-63.472,10.745,165.305,cleaning
-0.442,0.575,0.762,-80.64,-29.137,172.287,cleaning
-0.465,0.298,0.89,-80.64,-29.137,172.287,cleaning
-0.465,0.298,0.89,-91.875,-63.21,169.645,cleaning
-0.522,-0.046,1.089,-91.875,-63.21,169.645,cleaning
-0.522,-0.046,1.089,-83.107,-86.362,153.755,cleaning
-0.396,-0.514,1.155,-83.107,-86.362,153.755,cleaning
-0.396,-0.514,1.155,-62.685,-86.537,117.582,cleaning
-0.143,-0.857,1.189,-62.685,-86.537,117.582,cleaning
-0.143,-0.857,1.189,-41.545,-64.085,65.59,cleaning
-0.029,-1.001,1.294,-41.545,-64.085,65.59,cleaning
-0.142,-0.858,1.485,-16.887,-32.655,5.845,cleaning
-0.277,-0.441,1.307,-16.887,-32.655,5.845,cleaning
-0.277,-0.441,1.307,18.83,57.592,-22.837,cleaning
-0.19,0.09,1.318,18.83,57.592,-22.837,cleaning
-0.19,0.09,1.318,51.362,148.75,-32.515,cleaning
-0.143,0.372,1.231,51.362,148.75,-32.515,cleaning
-0.143,0.372,1.231,66.01,110.985,-58.8,cleaning
-0.093,0.318,1.064,66.01,110.985,-58.8,cleaning
-0.093,0.318,1.064,65.957,32.217,-85.522,cleaning
-0.036,0.293,0.896,65.957,32.217,-85.522,cleaning
-0.036,0.293,0.896,56.525,-23.152,-106.295,cleaning
-0.005,0.302,0.795,56.525,-23.152,-106.295,cleaning
-0.005,0.302,0.795,43.47,-46.847,-121.905,cleaning
-0.015,0.325,0.76,43.47,-46.847,-121.905,cleaning
-0.015,0.325,0.76,34.877,-34.842,-130.112,cleaning
-0.066,0.449,0.758,34.877,-34.842,-130.112,cleaning
-0.066,0.449,0.758,34.317,-5.267,-130.725,cleaning
-0.132,0.65,0.763,34.317,-5.267,-130.725,cleaning
-0.193,0.815,0.721,34.317,-5.267,-130.725,cleaning
-0.193,0.815,0.721,39.707,17.902,-123.375,cleaning
-0.23,0.952,0.627,39.707,17.902,-123.375,cleaning
-0.23,0.952,0.627,46.707,35.21,-108.5,cleaning
-0.269,1.086,0.515,46.707,35.21,-108.5,cleaning
-0.269,1.086,0.515,49.595,48.335,-87.167,cleaning
-0.312,1.213,0.416,49.595,48.335,-87.167,cleaning
-0.312,1.213,0.416,44.922,52.447,-59.745,cleaning
-0.362,1.304,0.347,44.922,52.447,-59.745,cleaning
-0.362,1.304,0.347,33.722,40.39,-27.492,cleaning
-0.417,1.245,0.34,33.722,40.39,-27.492,cleaning
-0.417,1.245,0.34,17.307,3.237,0.42,cleaning
-0.416,1.041,0.426,17.307,3.237,0.42,cleaning
-0.416,1.041,0.426,-2.222,-63.542,15.155,cleaning
-0.391,0.685,0.466,-2.222,-63.542,15.155,cleaning
-0.391,0.685,0.466,-20.562,-86.922,36.592,cleaning
-0.411,0.502,0.517,-20.562,-86.922,36.592,cleaning
-0.411,0.502,0.517,-32.725,-26.862,77.612,cleaning
-0.48,0.579,0.706,-32.725,-26.862,77.612,cleaning
-0.493,0.683,0.841,-32.725,-26.862,77.612,cleaning
-0.493,0.683,0.841,-38.692,22.505,113.155,cleaning
-0.411,0.599,0.848,-38.692,22.505,113.155,cleaning
-0.411,0.599,0.848,-46.095,11.917,128.642,cleaning
-0.254,0.302,0.846,-46.095,11.917,128.642,cleaning
-0.254,0.302,0.846,-62.422,-33.162,123.847,cleaning
-0.127,-0.035,1.023,-62.422,-33.162,123.847,cleaning
-0.127,-0.035,1.023,-79.082,-82.512,99.89,cleaning
-0.063,-0.315,1.361,-79.082,-82.512,99.89,cleaning
-0.063,-0.315,1.361,-74.235,-113.172,63,cleaning
-0.127,-0.624,1.684,-74.235,-113.172,63,cleaning
-0.127,-0.624,1.684,-41.79,-117.757,11.48,cleaning
-0.271,-0.797,1.707,-41.79,-117.757,11.48,cleaning
-0.271,-0.797,1.707,7.455,-31.202,-26.547,cleaning
-0.143,-0.586,1.334,7.455,-31.202,-26.547,cleaning
-0.143,-0.586,1.334,51.362,119.227,-40.127,cleaning
-0.081,-0.142,1.216,51.362,119.227,-40.127,cleaning
-0.081,-0.142,1.216,76.055,148.592,-70.245,cleaning
-0.147,0.142,1.037,76.055,148.592,-70.245,cleaning
-0.224,0.305,0.823,76.055,148.592,-70.245,cleaning
-0.224,0.305,0.823,85.137,109.83,-100.065,cleaning
-0.252,0.52,0.611,85.137,109.83,-100.065,cleaning
-0.252,0.52,0.611,83.86,71.872,-118.51,cleaning
-0.244,0.722,0.443,83.86,71.872,-118.51,cleaning
-0.244,0.722,0.443,70.805,41.195,-122.517,cleaning
-0.267,0.985,0.371,70.805,41.195,-122.517,cleaning
-0.267,0.985,0.371,48.58,10.867,-109.777,cleaning
-0.382,1.268,0.363,48.58,10.867,-109.777,cleaning
-0.382,1.268,0.363,23.975,-24.762,-77.262,cleaning
-0.462,1.383,0.337,23.975,-24.762,-77.262,cleaning
-0.462,1.383,0.337,0.07,-34.23,-22.61,cleaning
-0.505,1.434,0.337,0.07,-34.23,-22.61,cleaning
-0.505,1.434,0.337,-24.395,-61.967,26.407,cleaning
-0.463,1.129,0.638,-24.395,-61.967,26.407,cleaning
-0.463,1.129,0.638,-42.315,-150.972,46.69,cleaning
-0.551,0.63,0.569,-42.315,-150.972,46.69,cleaning
-0.551,0.63,0.569,-44.38,-119.7,87.92,cleaning
-0.555,0.455,0.57,-44.38,-119.7,87.92,cleaning
-0.49,0.485,0.625,-44.38,-119.7,87.92,cleaning
-0.49,0.485,0.625,-43.96,-40.32,130.952,cleaning
-0.425,0.468,0.683,-43.96,-40.32,130.952,cleaning
-0.425,0.468,0.683,-49.682,-1.417,156.905,cleaning
-0.349,0.348,0.783,-49.682,-1.417,156.905,cleaning
-0.349,0.348,0.783,-55.912,-1.785,162.697,cleaning
-0.157,-0.013,0.891,-55.912,-1.785,162.697,cleaning
-0.157,-0.013,0.891,-60.042,-32.427,140.437,cleaning
0.093,-0.451,1.105,-60.042,-32.427,140.437,cleaning
0.093,-0.451,1.105,-56.595,-62.65,89.39,cleaning
0.204,-0.659,1.419,-56.595,-62.65,89.39,cleaning
0.204,-0.659,1.419,-32.2,-74.725,20.16,cleaning
0.081,-0.712,1.718,-32.2,-74.725,20.16,cleaning
0.081,-0.712,1.718,16.345,-43.68,-43.715,cleaning
-0.183,-0.489,1.467,16.345,-43.68,-43.715,cleaning
-0.183,-0.489,1.467,76.195,90.825,-64.627,cleaning
-0.091,-0.064,1.183,76.195,90.825,-64.627,cleaning
-0.034,0.137,0.92,110.547,137.182,-86.59,cleaning
-0.133,0.232,0.555,110.547,137.182,-86.59,cleaning
-0.133,0.232,0.555,113.697,117.897,-108.29,cleaning
-0.298,0.515,0.417,113.697,117.897,-108.29,cleaning
-0.298,0.515,0.417,98.787,123.882,-115.272,cleaning
-0.381,0.966,0.37,98.787,123.882,-115.272,cleaning
-0.381,0.966,0.37,74.042,116.585,-110.915,cleaning
-0.383,1.383,0.442,74.042,116.585,-110.915,cleaning
-0.383,1.383,0.442,40.88,79.432,-85.837,cleaning
-0.381,1.674,0.531,40.88,79.432,-85.837,cleaning
-0.381,1.674,0.531,4.27,14.647,-40.337,cleaning
-0.268,1.739,0.522,4.27,14.647,-40.337,cleaning
-0.268,1.739,0.522,-34.247,-76.86,8.347,cleaning
-0.37,1.404,0.807,-34.247,-76.86,8.347,cleaning
-0.37,1.404,0.807,-55.807,-192.517,34.3,cleaning
-0.508,0.74,0.713,-55.807,-192.517,34.3,cleaning
-0.508,0.74,0.713,-54.635,-181.93,71.575,cleaning
-0.406,0.378,0.599,-54.635,-181.93,71.575,cleaning
-0.364,0.272,0.565,-53.13,-96.845,110.565,cleaning
-0.319,0.171,0.569,-53.13,-96.845,110.565,cleaning
-0.319,0.171,0.569,-57.872,-18.882,132.79,cleaning
-0.201,0.136,0.661,-57.872,-18.882,132.79,cleaning
-0.201,0.136,0.661,-66.622,20.702,131.967,cleaning
-0.114,0.131,0.91,-66.622,20.702,131.967,cleaning
-0.114,0.131,0.91,-72.065,10.797,110.057,cleaning
-0.093,0.03,1.227,-72.065,10.797,110.057,cleaning
-0.093,0.03,1.227,-59.535,-33.285,72.467,cleaning
-0.077,-0.188,1.425,-59.535,-33.285,72.467,cleaning
-0.077,-0.188,1.425,-28.612,-75.127,25.147,cleaning
-0.057,-0.398,1.48,-28.612,-75.127,25.147,cleaning
-0.057,-0.398,1.48,11.812,-71.487,-18.585,cleaning
-0.117,-0.348,1.303,11.812,-71.487,-18.585,cleaning
-0.117,-0.348,1.303,54.53,27.492,-31.885,cleaning
-0.197,-0.034,1.008,54.53,27.492,-31.885,cleaning
-0.197,-0.034,1.008,82.337,128.047,-33.827,cleaning
-0.177,0.228,0.911,82.337,128.047,-33.827,cleaning
-0.169,0.322,0.79,82.337,128.047,-33.827,cleaning
-0.169,0.322,0.79,89.617,121.537,-49.42,cleaning
-0.161,0.393,0.653,89.617,121.537,-49.42,cleaning
-0.161,0.393,0.653,83.317,83.37,-61.722,cleaning
-0.18,0.518,0.588,83.317,83.37,-61.722,cleaning
-0.18,0.518,0.588,69.3,52.132,-66.57,cleaning
-0.203,0.61,0.575,69.3,52.132,-66.57,cleaning
-0.203,0.61,0.575,52.552,21.77,-66.43,cleaning
-0.212,0.712,0.587,52.552,21.77,-66.43,cleaning
-0.212,0.712,0.587,36.61,15.33,-55.352,cleaning
-0.186,0.889,0.594,36.61,15.33,-55.352,cleaning
-0.186,0.889,0.594,18.2,17.99,-30.572,cleaning
-0.106,1.104,0.61,18.2,17.99,-30.572,cleaning
-0.106,1.104,0.61,-13.3,-6.002,4.165,cleaning
-0.157,1.278,0.789,-13.3,-6.002,4.165,cleaning
-0.157,1.278,0.789,-46.112,-91.98,31.202,cleaning
-0.39,1.083,0.97,-46.112,-91.98,31.202,cleaning
-0.39,1.083,0.97,-59.412,-150.657,57.61,cleaning
-0.398,0.708,0.926,-59.412,-150.657,57.61,cleaning
-0.348,0.44,0.821,-59.412,-150.657,57.61,cleaning
-0.348,0.44,0.821,-58.275,-120.4,89.862,cleaning
-0.214,0.25,0.736,-58.275,-120.4,89.862,cleaning
-0.214,0.25,0.736,-59.15,-64.557,110.425,cleaning
-0.077,0.057,0.82,-59.15,-64.557,110.425,cleaning
-0.077,0.057,0.82,-65.432,-37.257,107.677,cleaning
-0.005,-0.109,1.023,-65.432,-37.257,107.677,cleaning
-0.005,-0.109,1.023,-61.985,-44.222,79.467,cleaning
0.049,-0.186,1.216,-61.985,-44.222,79.467,cleaning
0.049,-0.186,1.216,-40.985,-65.397,32.252,cleaning
0.051,-0.266,1.323,-40.985,-65.397,32.252,cleaning
0.051,-0.266,1.323,-6.212,-68.285,-18.987,cleaning
-0.069,-0.272,1.265,-6.212,-68.285,-18.987,cleaning
-0.069,-0.272,1.265,37.66,2.135,-51.782,cleaning
-0.192,-0.043,1.032,37.66,2.135,-51.782,cleaning
-0.192,-0.043,1.032,74.252,83.125,-73.482,cleaning
-0.175,0.134,0.877,74.252,83.125,-73.482,cleaning
-0.175,0.134,0.877,91.175,94.815,-97.632,cleaning
-0.158,0.2,0.647,91.175,94.815,-97.632,cleaning
-0.13,0.322,0.466,91.175,94.815,-97.632,cleaning
-0.13,0.322,0.466,86.87,95.322,-110.267,cleaning
-0.118,0.553,0.402,86.87,95.322,-110.267,cleaning
-0.118,0.553,0.402,66.797,92.627,-107.397,cleaning
-0.117,0.829,0.428,66.797,92.627,-107.397,cleaning
-0.117,0.829,0.428,34.422,67.13,-92.557,cleaning
-0.218,1.094,0.662,34.422,67.13,-92.557,cleaning
-0.218,1.094,0.662,-1.242,19.145,-63.525,cleaning
-0.363,1.271,0.904,-1.242,19.145,-63.525,cleaning
-0.363,1.271,0.904,-26.302,-36.33,-19.267,cleaning
-0.364,1.281,1.006,-26.302,-36.33,-19.267,cleaning
-0.364,1.281,1.006,-40.932,-101.482,24.377,cleaning
-0.444,0.922,1.075,-40.932,-101.482,24.377,cleaning
-0.444,0.922,1.075,-43.277,-157.762,50.995,cleaning
-0.425,0.449,0.872,-43.277,-157.762,50.995,cleaning
-0.425,0.449,0.872,-37.782,-125.002,77.315,cleaning
-0.279,0.191,0.758,-37.782,-125.002,77.315,cleaning
-0.279,0.191,0.758,-34.545,-73.815,86.415,cleaning
-0.15,-0.098,0.779,-34.545,-73.815,86.415,cleaning
0.03,-0.381,0.843,-34.545,-73.815,86.415,cleaning
0.03,-0.381,0.843,-27.23,-35,64.33,cleaning
0.212,-0.498,0.894,-27.23,-35,64.33,cleaning
0.212,-0.498,0.894,-11.847,-5.04,8.697,cleaning
0.186,-0.33,1.054,-11.847,-5.04,8.697,cleaning
0.186,-0.33,1.054,13.072,25.357,-61.932,cleaning
-0.063,-0.094,1.063,13.072,25.357,-61.932,cleaning
-0.063,-0.094,1.063,49.647,78.732,-115.027,cleaning
-0.233,-0.012,1.066,49.647,78.732,-115.027,cleaning
-0.233,-0.012,1.066,79.852,93.66,-162.61,cleaning
-0.426,0.17,0.834,79.852,93.66,-162.61,cleaning
-0.426,0.17,0.834,97.755,151.917,-169.347,cleaning
-0.409,0.65,0.562,97.755,151.917,-169.347,cleaning
-0.409,0.65,0.562,95.182,234.202,-125.475,cleaning
-0.202,1.351,0.378,95.182,234.202,-125.475,cleaning
-0.202,1.351,0.378,51.205,224.542,-48.685,cleaning
-0.121,1.921,0.469,51.205,224.542,-48.685,cleaning
-0.291,1.969,0.786,-19.53,54.915,21.49,cleaning
-0.547,1.246,0.78,-19.53,54.915,21.49,cleaning
-0.547,1.246,0.78,-73.535,-199.657,55.702,cleaning
-0.562,0.679,0.563,-73.535,-199.657,55.702,cleaning
-0.562,0.679,0.563,-85.452,-262.937,103.355,cleaning
-0.497,0.38,0.475,-85.452,-262.937,103.355,cleaning
-0.497,0.38,0.475,-84.997,-211.417,142.695,cleaning
-0.32,-0.022,0.416,-84.997,-211.417,142.695,cleaning
-0.32,-0.022,0.416,-90.755,-146.65,152.267,cleaning
-0.067,-0.37,0.599,-90.755,-146.65,152.267,cleaning
-0.067,-0.37,0.599,-100.607,-94.22,128.1,cleaning
-0.005,-0.526,1.194,-100.607,-94.22,128.1,cleaning
-0.005,-0.526,1.194,-83.44,-75.88,73.062,cleaning
-0.105,-0.708,1.672,-83.44,-75.88,73.062,cleaning
-0.105,-0.708,1.672,-24.482,-70.962,-5.705,cleaning
-0.214,-0.858,1.808,-24.482,-70.962,-5.705,cleaning
-0.214,-0.858,1.808,53.025,22.82,-65.257,cleaning
-0.286,-0.617,1.335,53.025,22.82,-65.257,cleaning
-0.303,-0.239,1.027,118.16,176.54,-89.985,cleaning
-0.4,-0.033,0.713,118.16,176.54,-89.985,cleaning
-0.4,-0.033,0.713,152.46,225.82,-113.662,cleaning
-0.412,0.154,0.371,152.46,225.82,-113.662,cleaning
-0.412,0.154,0.371,155.242,229.145,-121.8,cleaning
-0.367,0.386,0.221,155.242,229.145,-121.8,cleaning
-0.367,0.386,0.221,132.16,226.275,-110.775,cleaning
-0.329,0.754,0.248,132.16,226.275,-110.775,cleaning
-0.329,0.754,0.248,94.762,196.595,-90.282,cleaning
-0.259,1.167,0.302,94.762,196.595,-90.282,cleaning
-0.259,1.167,0.302,49.017,118.37,-62.755,cleaning
-0.226,1.509,0.461,49.017,118.37,-62.755,cleaning
-0.226,1.509,0.461,-1.417,-6.772,-31.01,cleaning
-0.312,1.617,0.675,-1.417,-6.772,-31.01,cleaning
-0.312,1.617,0.675,-42.297,-136.237,7.857,cleaning
-0.308,1.455,0.652,-42.297,-136.237,7.857,cleaning
-0.308,1.455,0.652,-65.817,-203.91,51.625,cleaning
-0.318,1.262,0.652,-65.817,-203.91,51.625,cleaning
-0.43,0.888,0.703,-65.817,-203.91,51.625,cleaning
-0.43,0.888,0.703,-75.32,-217.56,86.45,cleaning
-0.396,0.567,0.692,-75.32,-217.56,86.45,cleaning
-0.396,0.567,0.692,-74.13,-189.892,113.767,cleaning
-0.342,0.423,0.679,-74.13,-189.892,113.767,cleaning
-0.342,0.423,0.679,-73.955,-156.31,131.232,cleaning
-0.326,0.353,0.689,-73.955,-156.31,131.232,cleaning
-0.326,0.353,0.689,-78.61,-128.677,141.172,cleaning
-0.328,0.276,0.766,-78.61,-128.677,141.172,cleaning
-0.328,0.276,0.766,-81.655,-101.15,142.73,cleaning
-0.353,0.221,0.868,-81.655,-101.15,142.73,cleaning
-0.353,0.221,0.868,-77.665,-75.6,136.605,cleaning
-0.328,0.176,0.951,-77.665,-75.6,136.605,cleaning
-0.328,0.176,0.951,-68.302,-57.505,124.915,cleaning
-0.289,0.073,1.011,-68.302,-57.505,124.915,cleaning
-0.289,0.073,1.011,-55.09,-47.67,106.312,cleaning
-0.194,-0.098,1.031,-55.09,-47.67,106.312,cleaning
-0.194,-0.098,1.031,-41.02,-39.83,79.292,cleaning
-0.061,-0.297,1.023,-41.02,-39.83,79.292,cleaning
0.055,-0.467,1.068,-41.02,-39.83,79.292,cleaning
0.055,-0.467,1.068,-29.785,-28.507,45.465,cleaning
0.159,-0.574,1.095,-29.785,-28.507,45.465,cleaning
0.159,-0.574,1.095,-17.185,-14.875,6.107,cleaning
0.22,-0.579,1.159,-17.185,-14.875,6.107,cleaning
0.22,-0.579,1.159,-2.257,4.357,-34.667,cleaning
0.096,-0.347,1.144,-2.257,4.357,-34.667,cleaning
0.096,-0.347,1.144,18.497,60.095,-58.835,cleaning
0.042,-0.057,1.13,18.497,60.095,-58.835,cleaning
0.042,-0.057,1.13,38.727,102.515,-78.417,cleaning
0.047,0.19,1.148,38.727,102.515,-78.417,cleaning
0.047,0.19,1.148,49.805,64.557,-107.572,cleaning
-0.071,0.236,1.071,49.805,64.557,-107.572,cleaning
-0.071,0.236,1.071,53.882,12.635,-130.41,cleaning
-0.178,0.226,0.955,53.882,12.635,-130.41,cleaning
-0.178,0.226,0.955,53.375,0.42,-140.017,cleaning
-0.279,0.319,0.848,53.375,0.42,-140.017,cleaning
-0.279,0.319,0.848,47.635,20.37,-132.405,cleaning
-0.377,0.517,0.779,47.635,20.37,-132.405,cleaning
-0.469,0.759,0.767,47.635,20.37,-132.405,cleaning
-0.469,0.759,0.767,37.747,36.855,-109.952,cleaning
-0.557,0.93,0.765,37.747,36.855,-109.952,cleaning
-0.557,0.93,0.765,27.877,22.715,-80.85,cleaning
-0.597,1.008,0.655,27.877,22.715,-80.85,cleaning
-0.597,1.008,0.655,18.147,-4.322,-46.515,cleaning
-0.611,1.037,0.531,18.147,-4.322,-46.515,cleaning
-0.611,1.037,0.531,8.137,-12.67,-6.842,cleaning
-0.563,1.043,0.36,8.137,-12.67,-6.842,cleaning
-0.563,1.043,0.36,-7.455,-10.552,31.78,cleaning
-0.421,0.888,0.452,-7.455,-10.552,31.78,cleaning
-0.421,0.888,0.452,-27.982,-45.675,52.867,cleaning
-0.465,0.729,0.511,-27.982,-45.675,52.867,cleaning
-0.465,0.729,0.511,-41.86,-65.362,77.35,cleaning
-0.445,0.649,0.541,-41.86,-65.362,77.35,cleaning
-0.445,0.649,0.541,-51.17,-54.145,106.522,cleaning
-0.395,0.623,0.582,-51.17,-54.145,106.522,cleaning
-0.404,0.589,0.681,-62.282,-39.462,127.347,cleaning
-0.416,0.528,0.824,-62.282,-39.462,127.347,cleaning
-0.416,0.528,0.824,-71.102,-36.872,138.617,cleaning
-0.409,0.423,0.917,-71.102,-36.872,138.617,cleaning
-0.409,0.423,0.917,-73.307,-47.775,142.677,cleaning
-0.406,0.307,0.987,-73.307,-47.775,142.677,cleaning
-0.406,0.307,0.987,-70.297,-54.442,142.8,cleaning
-0.412,0.124,1.076,-70.297,-54.442,142.8,cleaning
-0.412,0.124,1.076,-61.652,-50.662,136.272,cleaning
-0.325,-0.135,1.102,-61.652,-50.662,136.272,cleaning
-0.325,-0.135,1.102,-48.142,-36.942,120.505,cleaning
-0.201,-0.385,1.113,-48.142,-36.942,120.505,cleaning
-0.201,-0.385,1.113,-35.892,-21.21,93.502,cleaning
-0.1,-0.624,1.178,-35.892,-21.21,93.502,cleaning
-0.1,-0.624,1.178,-24.517,-21.805,51.03,cleaning
-0.012,-0.89,1.278,-24.517,-21.805,51.03,cleaning
-0.012,-0.89,1.278,-9.415,-38.29,-9.345,cleaning
-0.044,-1.12,1.36,-9.415,-38.29,-9.345,cleaning
-0.126,-0.718,1.196,13.912,12.25,-53.847,cleaning
-0.047,-0.321,1.293,13.912,12.25,-53.847,cleaning
-0.047,-0.321,1.293,41.825,103.057,-72.975,cleaning
-0.12,-0.219,1.321,41.825,103.057,-72.975,cleaning
-0.12,-0.219,1.321,67.585,97.72,-111.982,cleaning
-0.176,-0.085,1.181,67.585,97.72,-111.982,cleaning
-0.176,-0.085,1.181,89.162,76.475,-143.972,cleaning
-0.232,0.138,0.983,89.162,76.475,-143.972,cleaning
-0.232,0.138,0.983,99.89,73.587,-158.13,cleaning
-0.384,0.392,0.82,99.89,73.587,-158.13,cleaning
-0.384,0.392,0.82,103.442,83.037,-160.37,cleaning
-0.671,0.629,0.65,103.442,83.037,-160.37,cleaning
-0.671,0.629,0.65,114.677,113.19,-151.445,cleaning
-0.958,0.871,0.335,114.677,113.19,-151.445,cleaning
-0.958,0.871,0.335,123.48,165.392,-130.007,cleaning
-1.047,1.112,-0.03,123.48,165.392,-130.007,cleaning
-1.047,1.112,-0.03,100.94,208.477,-84.875,cleaning
-0.917,1.411,-0.09,100.94,208.477,-84.875,cleaning
-0.707,1.563,-0.143,100.94,208.477,-84.875,cleaning
-0.707,1.563,-0.143,46.987,188.597,-19.775,cleaning
-0.749,1.606,0.23,46.987,188.597,-19.775,cleaning
-0.749,1.606,0.23,-17.517,87.71,27.807,cleaning
-0.967,1.19,0.409,-17.517,87.71,27.807,cleaning
-0.967,1.19,0.409,-59.15,-61.705,46.917,cleaning
-0.843,0.84,0.466,-59.15,-61.705,46.917,cleaning
-0.843,0.84,0.466,-78.067,-119.682,70.7,cleaning
-0.806,0.581,0.586,-78.067,-119.682,70.7,cleaning
-0.806,0.581,0.586,-84.332,-119.805,83.545,cleaning
-0.697,0.32,0.701,-84.332,-119.805,83.545,cleaning
-0.697,0.32,0.701,-75.88,-73.605,86.59,cleaning
-0.575,0.229,0.81,-75.88,-73.605,86.59,cleaning
-0.575,0.229,0.81,-59.727,-17.412,75.425,cleaning
-0.459,0.209,0.915,-59.727,-17.412,75.425,cleaning
-0.459,0.209,0.915,-42.752,11.13,51.485,cleaning
-0.358,0.158,1.059,-42.752,11.13,51.485,cleaning
-0.358,0.158,1.059,-24.955,10.517,21.927,cleaning
-0.29,0.147,1.198,-24.955,10.517,21.927,cleaning
-0.229,0.134,1.207,-24.955,10.517,21.927,cleaning
-0.229,0.134,1.207,-4.112,4.2,-5.915,cleaning
-0.132,0.149,1.108,-4.112,4.2,-5.915,cleaning
-0.132,0.149,1.108,17.237,18.375,-26.407,cleaning
-0.064,0.213,0.997,17.237,18.375,-26.407,cleaning
-0.064,0.213,0.997,32.077,44.52,-38.465,cleaning
-0.036,0.288,0.896,32.077,44.52,-38.465,cleaning
-0.036,0.288,0.896,36.137,57.662,-48.422,cleaning
-0.028,0.408,0.842,36.137,57.662,-48.422,cleaning
-0.028,0.408,0.842,30.852,51.31,-59.342,cleaning
-0.031,0.553,0.848,30.852,51.31,-59.342,cleaning
-0.031,0.553,0.848,22.54,40.582,-67.147,cleaning
-0.021,0.621,0.929,22.54,40.582,-67.147,cleaning
-0.021,0.621,0.929,18.935,41.877,-68.547,cleaning
-0.082,0.659,1.059,18.935,41.877,-68.547,cleaning
-0.082,0.659,1.059,22.33,43.977,-67.655,cleaning
-0.151,0.647,1.19,22.33,43.977,-67.655,cleaning
-0.151,0.647,1.19,34.335,28,-70.175,cleaning
-0.133,0.583,1.13,34.335,28,-70.175,cleaning
-0.06,0.516,0.923,34.335,28,-70.175,cleaning
-0.06,0.516,0.923,43.96,4.585,-72.712,cleaning
0.031,0.512,0.698,43.96,4.585,-72.712,cleaning
0.031,0.512,0.698,41.615,-4.882,-70.665,cleaning
0.076,0.445,0.648,41.615,-4.882,-70.665,cleaning
0.076,0.445,0.648,28.875,-14.805,-67.83,cleaning
0.109,0.36,0.678,28.875,-14.805,-67.83,cleaning
0.109,0.36,0.678,14.997,-30.642,-66.027,cleaning
0.185,0.314,0.666,14.997,-30.642,-66.027,cleaning
0.185,0.314,0.666,3.29,-31.675,-58.31,cleaning
0.277,0.471,0.635,3.29,-31.675,-58.31,cleaning
0.277,0.471,0.635,-7.665,-8.435,-39.06,cleaning
0.296,0.735,0.683,-7.665,-8.435,-39.06,cleaning
0.296,0.735,0.683,-15.225,17.132,-9.555,cleaning
0.207,0.848,0.828,-15.225,17.132,-9.555,cleaning
0.207,0.848,0.828,-18.042,-0.332,10.325,cleaning
0.16,0.844,0.94,-18.042,-0.332,10.325,cleaning
0.16,0.844,0.94,-17.062,-60.69,19.407,cleaning
0.134,0.633,0.978,-17.062,-60.69,19.407,cleaning
0.135,0.396,0.918,-17.062,-60.69,19.407,cleaning
0.135,0.396,0.918,-12.04,-102.847,23.765,cleaning
0.148,0.283,0.859,-12.04,-102.847,23.765,cleaning
0.148,0.283,0.859,-6.37,-92.172,30.047,cleaning
0.119,0.312,0.882,-6.37,-92.172,30.047,cleaning
0.119,0.312,0.882,-3.202,-57.82,40.005,cleaning
0.092,0.434,0.915,-3.202,-57.82,40.005,cleaning
0.092,0.434,0.915,-2.852,-44.887,50.242,cleaning
0.078,0.575,0.853,-2.852,-44.887,50.242,cleaning
0.078,0.575,0.853,-7.437,-58.66,57.995,cleaning
0.083,0.697,0.818,-7.437,-58.66,57.995,cleaning
0.083,0.697,0.818,-15.155,-77.455,68.897,cleaning
-0.009,0.801,0.915,-15.155,-77.455,68.897,cleaning
-0.009,0.801,0.915,-17.377,-89.985,82.635,cleaning
-0.132,0.858,0.968,-17.377,-89.985,82.635,cleaning
-0.132,0.858,0.968,-12.092,-88.847,95.917,cleaning
-0.133,0.829,0.933,-12.092,-88.847,95.917,cleaning
-0.086,0.611,0.838,-5.565,-88.672,101.727,cleaning
-0.035,0.368,0.755,-5.565,-88.672,101.727,cleaning
-0.035,0.368,0.755,-1.575,-92.872,91.857,cleaning
-0.093,0.116,0.757,-1.575,-92.872,91.857,cleaning
-0.093,0.116,0.757,0.822,-80.675,73.937,cleaning
-0.169,0.006,0.814,0.822,-80.675,73.937,cleaning
-0.169,0.006,0.814,4.2,-51.555,48.02,cleaning
-0.279,0.109,0.951,4.2,-51.555,48.02,cleaning
-0.279,0.109,0.951,9.52,-16.292,22.33,cleaning
-0.437,0.287,1.058,9.52,-16.292,22.33,cleaning
-0.437,0.287,1.058,19.775,5.932,3.955,cleaning
-0.538,0.433,1.037,19.775,5.932,3.955,cleaning
-0.538,0.433,1.037,25.672,-7.7,-12.005,cleaning
-0.672,0.445,0.917,25.672,-7.7,-12.005,cleaning
-0.672,0.445,0.917,24.552,-25.567,-19.197,cleaning
-0.828,0.395,0.717,24.552,-25.567,-19.197,cleaning
-0.828,0.395,0.717,18.165,-11.777,-5.18,cleaning
-0.989,0.579,0.458,18.165,-11.777,-5.18,cleaning
-1.323,0.779,0.436,18.165,-11.777,-5.18,cleaning
-1.323,0.779,0.436,8.277,19.022,15.487,cleaning
-1.64,0.802,0.466,8.277,19.022,15.487,cleaning
-1.64,0.802,0.466,7.49,-7.63,12.372,cleaning
-1.651,0.633,0.214,7.49,-7.63,12.372,cleaning
-1.651,0.633,0.214,14.612,-37.625,12.95,cleaning
-1.275,0.414,0.101,14.612,-37.625,12.95,cleaning
-1.275,0.414,0.101,10.902,-35.752,21.105,cleaning
-1.203,0.283,0.329,10.902,-35.752,21.105,cleaning
-1.203,0.283,0.329,6.597,-8.61,24.622,cleaning
-1.308,0.441,0.614,6.597,-8.61,24.622,cleaning
-1.308,0.441,0.614,13.615,42.35,32.83,cleaning
-1.129,0.547,0.744,13.615,42.35,32.83,cleaning
-1.129,0.547,0.744,20.982,69.177,32.672,cleaning
-0.945,0.595,0.767,20.982,69.177,32.672,cleaning
-0.945,0.595,0.767,21.087,75.495,24.097,cleaning
-0.727,0.61,0.763,21.087,75.495,24.097,cleaning
-0.727,0.61,0.763,15.662,66.762,7.315,cleaning
-0.535,0.584,0.838,15.662,66.762,7.315,cleaning
-0.351,0.6,0.879,15.662,66.762,7.315,cleaning
-0.351,0.6,0.879,12.512,62.055,-14.035,cleaning
-0.151,0.685,0.943,12.512,62.055,-14.035,cleaning
-0.151,0.685,0.943,8.225,56.787,-37.24,cleaning
0.036,0.662,0.995,8.225,56.787,-37.24,cleaning
0.036,0.662,0.995,5.197,42.402,-58.03,cleaning
0.171,0.589,1.014,5.197,42.402,-58.03,cleaning
0.171,0.589,1.014,3.885,37.415,-72.975,cleaning
0.235,0.514,0.962,3.885,37.415,-72.975,cleaning
0.235,0.514,0.962,3.167,51.1,-81.795,cleaning
0.299,0.525,0.898,3.167,51.1,-81.795,cleaning
0.299,0.525,0.898,2.17,72.485,-83.772,cleaning
0.357,0.542,0.905,2.17,72.485,-83.772,cleaning
0.357,0.542,0.905,1.26,77.665,-83.895,cleaning
0.439,0.514,0.922,1.26,77.665,-83.895,cleaning
0.439,0.514,0.922,-0.525,62.072,-83.3,cleaning
0.538,0.482,0.967,-0.525,62.072,-83.3,cleaning
0.538,0.482,0.967,-2.52,29.592,-77.525,cleaning
0.613,0.351,0.999,-2.52,29.592,-77.525,cleaning
0.675,0.184,1.015,-2.52,29.592,-77.525,cleaning
0.675,0.184,1.015,-2.432,-3.745,-70.017,cleaning
0.686,0.097,1.029,-2.432,-3.745,-70.017,cleaning
0.686,0.097,1.029,2.012,-6.037,-57.312,cleaning
0.707,0.245,1.084,2.012,-6.037,-57.312,cleaning
0.707,0.245,1.084,10.692,16.957,-34.562,cleaning
0.476,0.499,1.201,10.692,16.957,-34.562,cleaning
0.476,0.499,1.201,21.227,31.22,-3.605,cleaning
0.408,0.558,1.099,21.227,31.22,-3.605,cleaning
0.408,0.558,1.099,24.36,5.932,16.642,cleaning
0.548,0.525,1.053,24.36,5.932,16.642,cleaning
0.548,0.525,1.053,17.745,-39.585,28.647,cleaning
0.392,0.468,1.059,17.745,-39.585,28.647,cleaning
0.392,0.468,1.059,11.427,-60.2,39.427,cleaning
0.264,0.485,1.131,11.427,-60.2,39.427,cleaning
0.264,0.485,1.131,12.915,-50.61,50.995,cleaning
0.206,0.548,1.079,12.915,-50.61,50.995,cleaning
0.206,0.548,1.079,14.56,-52.43,51.642,cleaning
0.206,0.552,0.882,14.56,-52.43,51.642,cleaning
0.181,0.592,0.756,14.56,-52.43,51.642,cleaning
0.181,0.592,0.756,6.212,-54.6,48.335,cleaning
0.093,0.784,1.018,6.212,-54.6,48.335,cleaning
0.093,0.784,1.018,-7.56,-53.97,51.852,cleaning
-0.021,0.923,1.151,-7.56,-53.97,51.852,cleaning
-0.021,0.923,1.151,-6.72,-73.727,60.917,cleaning
-0.008,0.632,0.961,-6.72,-73.727,60.917,cleaning
-0.008,0.632,0.961,-2.362,-103.932,57.19,cleaning
0.014,0.282,0.746,-2.362,-103.932,57.19,cleaning
0.014,0.282,0.746,-4.112,-100.852,42.245,cleaning
-0.084,0.127,0.754,-4.112,-100.852,42.245,cleaning
-0.084,0.127,0.754,-2.922,-56,28.175,cleaning
-0.155,0.307,0.866,-2.922,-56,28.175,cleaning
-0.155,0.307,0.866,3.377,-21.437,21.122,cleaning
-0.176,0.604,0.913,3.377,-21.437,21.122,cleaning
-0.176,0.604,0.913,6.3,-39.987,13.965,cleaning
-0.243,0.662,0.985,6.3,-39.987,13.965,cleaning
-0.284,0.503,0.915,11.742,-75.25,0.56,cleaning
-0.324,0.316,0.83,11.742,-75.25,0.56,cleaning
-0.324,0.316,0.83,18.235,-70.98,-13.457,cleaning
-0.421,0.384,0.755,18.235,-70.98,-13.457,cleaning
-0.421,0.384,0.755,20.895,-36.872,-25.777,cleaning
-0.516,0.537,0.754,20.895,-36.872,-25.777,cleaning
-0.516,0.537,0.754,15.645,-24.307,-36.05,cleaning
-0.662,0.626,0.821,15.645,-24.307,-36.05,cleaning
-0.662,0.626,0.821,9.205,-36.05,-43.645,cleaning
-0.855,0.65,0.831,9.205,-36.05,-43.645,cleaning
-0.855,0.65,0.831,6.545,-54.25,-43.837,cleaning
-1.049,0.544,0.73,6.545,-54.25,-43.837,cleaning
-1.049,0.544,0.73,5.092,-58.047,-37.117,cleaning
-1.241,0.485,0.644,5.092,-58.047,-37.117,cleaning
-1.241,0.485,0.644,3.22,-56.927,-23.345,cleaning
-1.355,0.456,0.546,3.22,-56.927,-23.345,cleaning
-1.355,0.456,0.546,-1.837,-70.962,-7.665,cleaning
-1.409,0.334,0.514,-1.837,-70.962,-7.665,cleaning
-0.995,0.021,0.203,-10.692,-90.142,5.425,cleaning
-0.727,-0.241,0.416,-10.692,-90.142,5.425,cleaning
-0.727,-0.241,0.416,-27.072,-80.36,18.182,cleaning
-0.991,-0.305,0.759,-27.072,-80.36,18.182,cleaning
-0.991,-0.305,0.759,-23.782,-24.325,26.687,cleaning
-0.948,-0.103,0.86,-23.782,-24.325,26.687,cleaning
-0.948,-0.103,0.86,-5.425,48.09,36.435,cleaning
-0.758,0.116,0.825,-5.425,48.09,36.435,cleaning
-0.758,0.116,0.825,2.31,78.575,39.672,cleaning
-0.676,0.278,0.763,2.31,78.575,39.672,cleaning
-0.676,0.278,0.763,-5.792,58.397,35.525,cleaning
-0.641,0.255,0.761,-5.792,58.397,35.525,cleaning
-0.641,0.255,0.761,-18.287,38.797,28.28,cleaning
-0.678,0.292,0.81,-18.287,38.797,28.28,cleaning
-0.678,0.292,0.81,-27.16,44.887,24.43,cleaning
-0.624,0.449,0.901,-27.16,44.887,24.43,cleaning
-0.624,0.449,0.901,-37.31,35.98,19.285,cleaning
-0.458,0.489,0.985,-37.31,35.98,19.285,cleaning
-0.313,0.301,1.012,-37.31,35.98,19.285,cleaning
-0.313,0.301,1.012,-51.187,-4.55,3.85,cleaning
-0.237,0.111,0.95,-51.187,-4.55,3.85,cleaning
-0.237,0.111,0.95,-59.412,-10.727,-9.905,cleaning
-0.246,0.273,0.978,-59.412,-10.727,-9.905,cleaning
-0.246,0.273,0.978,-60.672,39.742,-8.452,cleaning
-0.205,0.539,1.111,-60.672,39.742,-8.452,cleaning
-0.205,0.539,1.111,-55.212,66.43,-10.29,cleaning
-0.1,0.613,1.133,-55.212,66.43,-10.29,cleaning
-0.1,0.613,1.133,-47.722,36.452,-19.967,cleaning
0.015,0.482,0.978,-47.722,36.452,-19.967,cleaning
0.015,0.482,0.978,-44.38,8.155,-25.672,cleaning
0.088,0.28,0.859,-44.38,8.155,-25.672,cleaning
0.088,0.28,0.859,-43.802,13.457,-30.555,cleaning
0.138,0.175,0.869,-43.802,13.457,-30.555,cleaning
0.138,0.175,0.869,-40.127,27.58,-38.412,cleaning
0.127,0.162,0.903,-40.127,27.58,-38.412,cleaning
0.127,0.162,0.903,-31.727,39.007,-44.607,cleaning
0.108,0.178,0.887,-31.727,39.007,-44.607,cleaning
0.143,0.261,0.929,-31.727,39.007,-44.607,cleaning
0.143,0.261,0.929,-23.87,46.882,-47.075,cleaning
0.142,0.373,1.04,-23.87,46.882,-47.075,cleaning
0.142,0.373,1.04,-16.292,50.627,-44.362,cleaning
0.135,0.413,1.184,-16.292,50.627,-44.362,cleaning
0.135,0.413,1.184,-4.76,46.48,-37.555,cleaning
0.179,0.405,1.191,-4.76,46.48,-37.555,cleaning
0.179,0.405,1.191,9.537,31.027,-28.49,cleaning
0.254,0.393,1.122,9.537,31.027,-28.49,cleaning
0.254,0.393,1.122,18.182,14.192,-16.922,cleaning
0.13,0.352,1.162,18.182,14.192,-16.922,cleaning
0.13,0.352,1.162,23.117,-0.91,-6.212,cleaning
-0.077,0.337,1.087,23.117,-0.91,-6.212,cleaning
-0.077,0.337,1.087,23.817,-10.482,1.435,cleaning
0.047,0.368,0.994,23.817,-10.482,1.435,cleaning
0.047,0.368,0.994,19.04,-10.115,12.022,cleaning
0.058,0.473,0.999,19.04,-10.115,12.022,cleaning
0.058,0.473,0.999,12.232,-26.74,20.755,cleaning
0.03,0.424,1.03,12.232,-26.74,20.755,cleaning
-0.012,0.349,1.061,12.232,-26.74,20.755,cleaning
-0.012,0.349,1.061,8.942,-41.965,25.865,cleaning
-0.031,0.33,1.076,8.942,-41.965,25.865,cleaning
-0.031,0.33,1.076,10.255,-42.35,30.17,cleaning
-0.047,0.326,1.038,10.255,-42.35,30.17,cleaning
-0.047,0.326,1.038,13.912,-41.545,32.06,cleaning
-0.029,0.294,0.935,13.912,-41.545,32.06,cleaning
-0.029,0.294,0.935,15.732,-39.952,31.78,cleaning
-0.004,0.152,0.852,15.732,-39.952,31.78,cleaning
-0.004,0.152,0.852,14.385,-37.362,25.147,cleaning
0,0.07,0.828,14.385,-37.362,25.147,cleaning
0,0.07,0.828,13.352,-28.175,13.807,cleaning
-0.071,0.049,0.899,13.352,-28.175,13.807,cleaning
-0.071,0.049,0.899,21.14,-6.685,-1.785,cleaning
-0.173,0.145,1.016,21.14,-6.685,-1.785,cleaning
-0.173,0.145,1.016,37.45,20.23,-16.607,cleaning
-0.223,0.41,1.138,37.45,20.23,-16.607,cleaning
-0.223,0.41,1.138,54.95,13.195,-28.437,cleaning
-0.255,0.658,1.09,54.95,13.195,-28.437,cleaning
-0.278,0.484,0.838,54.95,13.195,-28.437,cleaning
-0.278,0.484,0.838,60.987,-28.805,-40.442,cleaning
-0.223,0.381,0.657,60.987,-28.805,-40.442,cleaning
-0.223,0.381,0.657,51.45,-33.915,-47.705,cleaning
-0.344,0.598,0.732,51.45,-33.915,-47.705,cleaning
-0.344,0.598,0.732,37.345,2.8,-35.437,cleaning
-0.449,0.752,0.911,37.345,2.8,-35.437,cleaning
-0.449,0.752,0.911,26.425,-1.382,-27.02,cleaning
-0.514,0.805,0.937,26.425,-1.382,-27.02,cleaning
-0.514,0.805,0.937,20.65,-35.717,-23.992,cleaning
-0.47,0.785,0.815,20.65,-35.717,-23.992,cleaning
-0.47,0.785,0.815,11.2,-76.86,-13.405,cleaning
-0.465,0.639,0.774,11.2,-76.86,-13.405,cleaning
-0.465,0.639,0.774,0.507,-110.127,-5.495,cleaning
-0.511,0.421,0.747,0.507,-110.127,-5.495,cleaning
-0.511,0.421,0.747,-2.292,-99.172,2.467,cleaning
-0.453,0.202,0.662,-2.292,-99.172,2.467,cleaning
-0.496,-0.013,0.732,-3.01,-67.672,-1.067,cleaning
-0.65,-0.023,0.857,-3.01,-67.672,-1.067,cleaning
-0.65,-0.023,0.857,4.637,-31.587,-16.012,cleaning
-0.641,0.143,0.917,4.637,-31.587,-16.012,cleaning
-0.641,0.143,0.917,16.205,-13.37,-27.632,cleaning
-0.619,0.22,0.833,16.205,-13.37,-27.632,cleaning
-0.619,0.22,0.833,21.84,-27.702,-36.907,cleaning
-0.531,0.096,0.741,21.84,-27.702,-36.907,cleaning
-0.531,0.096,0.741,18.217,-43.417,-43.925,cleaning
-0.513,-0.14,0.693,18.217,-43.417,-43.925,cleaning
-0.513,-0.14,0.693,12.232,-31.622,-50.942,cleaning
-0.438,-0.218,0.715,12.232,-31.622,-50.942,cleaning
-0.438,-0.218,0.715,8.417,1.837,-59.99,cleaning
-0.501,-0.156,0.903,8.417,1.837,-59.99,cleaning
-0.501,-0.156,0.903,14.035,25.392,-71.172,cleaning
-0.501,-0.032,0.937,14.035,25.392,-71.172,cleaning
-0.501,-0.032,0.937,19.215,28.402,-82.425,cleaning
-0.471,0.07,0.872,19.215,28.402,-82.425,cleaning
-0.523,0.108,0.905,19.215,28.402,-82.425,cleaning
-0.523,0.108,0.905,16.012,19.46,-89.075,cleaning
-0.569,0.174,0.937,16.012,19.46,-89.075,cleaning
-0.569,0.174,0.937,13.352,14.56,-84.192,cleaning
-0.57,0.308,0.927,13.352,14.56,-84.192,cleaning
-0.57,0.308,0.927,12.635,17.43,-63.98,cleaning
-0.564,0.409,0.859,12.635,17.43,-63.98,cleaning
-0.564,0.409,0.859,10.762,8.155,-35.857,cleaning
-0.551,0.434,0.794,10.762,8.155,-35.857,cleaning
-0.551,0.434,0.794,4.917,-16.327,-10.185,cleaning
-0.552,0.358,0.802,4.917,-16.327,-10.185,cleaning
-0.552,0.358,0.802,0.245,-46.742,9.047,cleaning
-0.496,0.233,0.743,0.245,-46.742,9.047,cleaning
-0.496,0.233,0.743,-0.507,-61.337,24.57,cleaning
-0.352,0.086,0.726,-0.507,-61.337,24.57,cleaning
-0.352,0.086,0.726,-0.56,-56.787,31.972,cleaning
-0.253,-0.007,0.745,-0.56,-56.787,31.972,cleaning
-0.253,-0.007,0.745,1.225,-12.582,48.002,cleaning
-0.19,0.196,0.747,1.225,-12.582,48.002,cleaning
-0.165,0.515,0.858,1.225,-12.582,48.002,cleaning
-0.165,0.515,0.858,4.375,45.202,78.802,cleaning
-0.153,0.662,0.929,4.375,45.202,78.802,cleaning
-0.153,0.662,0.929,6.457,56.14,104.072,cleaning
-0.155,0.572,0.932,6.457,56.14,104.072,cleaning
-0.155,0.572,0.932,5.95,24.342,113.015,cleaning
-0.145,0.272,0.892,5.95,24.342,113.015,cleaning
-0.145,0.272,0.892,-0.052,-30.905,96.39,cleaning
-0.118,-0.23,0.883,-0.052,-30.905,96.39,cleaning
-0.118,-0.23,0.883,-9.852,-55.265,60.83,cleaning
-0.16,-0.571,1.061,-9.852,-55.265,60.83,cleaning
-0.16,-0.571,1.061,-15.417,-36.662,17.237,cleaning
-0.237,-0.642,1.311,-15.417,-36.662,17.237,cleaning
-0.237,-0.642,1.311,-8.767,-5.565,-23.415,cleaning
-0.282,-0.535,1.359,-8.767,-5.565,-23.415,cleaning
-0.282,-0.535,1.359,4.427,34.212,-47.25,cleaning
-0.373,-0.257,1.223,4.427,34.212,-47.25,cleaning
-0.373,-0.257,1.223,13.212,75.18,-52.29,cleaning
-0.477,0.21,1.076,13.212,75.18,-52.29,cleaning
-0.564,0.611,0.919,13.212,75.18,-52.29,cleaning
-0.564,0.611,0.919,23.485,92.802,-42.245,cleaning
-0.521,0.488,0.748,23.485,92.802,-42.245,cleaning
-0.521,0.488,0.748,32.41,51.817,-42.35,cleaning
-0.427,0.22,0.567,32.41,51.817,-42.35,cleaning
-0.427,0.22,0.567,38.762,15.995,-59.272,cleaning
-0.295,0.186,0.412,38.762,15.995,-59.272,cleaning
-0.295,0.186,0.412,47.25,74.637,-63.367,cleaning
-0.253,0.508,0.334,47.25,74.637,-63.367,cleaning
-0.253,0.508,0.334,51.887,159.25,-42.98,cleaning
-0.306,1.106,0.45,51.887,159.25,-42.98,cleaning
-0.306,1.106,0.45,46.567,174.632,-3.5,cleaning
-0.318,1.412,0.73,46.567,174.632,-3.5,cleaning
-0.318,1.412,0.73,25.235,61.95,23.782,cleaning
-0.243,1.326,0.734,25.235,61.95,23.782,cleaning
-0.243,1.326,0.734,-0.455,-28.98,62.51,cleaning
-0.279,1.111,0.78,-0.455,-28.98,62.51,cleaning
-0.279,1.111,0.78,-20.685,-73.955,99.067,cleaning
-0.307,0.736,0.679,-20.685,-73.955,99.067,cleaning
-0.33,0.66,0.557,-20.685,-73.955,99.067,cleaning
-0.33,0.66,0.557,-31.78,-20.09,146.51,cleaning
-0.362,0.678,0.642,-31.78,-20.09,146.51,cleaning
-0.362,0.678,0.642,-47.215,20.457,172.34,cleaning
-0.317,0.702,0.763,-47.215,20.457,172.34,cleaning
-0.317,0.702,0.763,-62.422,1.61,176.575,cleaning
-0.359,0.544,0.891,-62.422,1.61,176.575,cleaning
-0.359,0.544,0.891,-70.84,-42.577,173.81,cleaning
-0.333,0.191,0.937,-70.84,-42.577,173.81,cleaning
-0.333,0.191,0.937,-78.155,-90.895,160.895,cleaning
-0.36,-0.16,0.963,-78.155,-90.895,160.895,cleaning
-0.36,-0.16,0.963,-83.895,-106.837,144.935,cleaning
-0.432,-0.394,1.115,-83.895,-106.837,144.935,cleaning
-0.432,-0.394,1.115,-78.505,-83.422,131.215,cleaning
-0.522,-0.524,1.297,-78.505,-83.422,131.215,cleaning
-0.522,-0.524,1.297,-58.047,-31.622,118.86,cleaning
-0.532,-0.666,1.306,-58.047,-31.622,118.86,cleaning
-0.532,-0.666,1.306,-37.782,28.455,103.407,cleaning
-0.409,-0.667,1.138,-37.782,28.455,103.407,cleaning
-0.288,-0.675,1.057,-37.782,28.455,103.407,cleaning
-0.288,-0.675,1.057,-31.22,49.507,74.427,cleaning
-0.28,-0.59,1.044,-31.22,49.507,74.427,cleaning
-0.28,-0.59,1.044,-28.945,36.365,29.872,cleaning
-0.352,-0.233,1.022,-28.945,36.365,29.872,cleaning
-0.352,-0.233,1.022,-20.072,20.002,-8.137,cleaning
-0.448,-0.028,1.061,-20.072,20.002,-8.137,cleaning
-0.448,-0.028,1.061,-2.03,30.695,-29.242,cleaning
-0.471,0.135,0.936,-2.03,30.695,-29.242,cleaning
-0.471,0.135,0.936,24.517,94.22,-34.142,cleaning
-0.399,0.49,0.85,24.517,94.22,-34.142,cleaning
-0.399,0.49,0.85,43.54,118.51,-36.137,cleaning
-0.307,0.657,0.762,43.54,118.51,-36.137,cleaning
-0.307,0.657,0.762,46.357,62.615,-56.63,cleaning
-0.29,0.58,0.843,46.357,62.615,-56.63,cleaning
-0.29,0.58,0.843,49.997,7.77,-78.68,cleaning
-0.334,0.362,0.941,49.997,7.77,-78.68,cleaning
-0.261,0.391,0.857,65.38,25.077,-88.06,cleaning
-0.165,0.689,0.776,65.38,25.077,-88.06,cleaning
-0.165,0.689,0.776,81.252,86.747,-80.202,cleaning
-0.1,0.905,0.775,81.252,86.747,-80.202,cleaning
-0.1,0.905,0.775,89.407,117.547,-69.737,cleaning
-0.112,1.166,0.835,89.407,117.547,-69.737,cleaning
-0.112,1.166,0.835,95.497,100.8,-60.9,cleaning
-0.176,1.196,0.745,95.497,100.8,-60.9,cleaning
-0.176,1.196,0.745,101.22,45.15,-57.33,cleaning
-0.164,0.953,0.451,101.22,45.15,-57.33,cleaning
-0.164,0.953,0.451,96.827,15.207,-59.867,cleaning
-0.058,0.95,0.103,96.827,15.207,-59.867,cleaning
-0.058,0.95,0.103,79.03,45.237,-49.945,cleaning
-0.035,1.088,0.026,79.03,45.237,-49.945,cleaning
-0.035,1.088,0.026,49.56,60.585,-32.41,cleaning
-0.061,1.321,0.14,49.56,60.585,-32.41,cleaning
-0.061,1.321,0.14,17.657,3.01,-18.532,cleaning
-0.12,1.341,0.405,17.657,3.01,-18.532,cleaning
-0.268,0.968,0.622,17.657,3.01,-18.532,cleaning
-0.268,0.968,0.622,-8.207,-88.375,-10.36,cleaning
-0.289,0.624,0.642,-8.207,-88.375,-10.36,cleaning
-0.289,0.624,0.642,-18.69,-100.52,13.107,cleaning
-0.241,0.533,0.595,-18.69,-100.52,13.107,cleaning
-0.241,0.533,0.595,-24.657,-29.82,53.952,cleaning
-0.24,0.466,0.641,-24.657,-29.82,53.952,cleaning
-0.24,0.466,0.641,-38.115,25.13,80.395,cleaning
-0.238,0.368,0.788,-38.115,25.13,80.395,cleaning
-0.238,0.368,0.788,-55.965,33.53,84.297,cleaning
-0.265,0.344,0.955,-55.965,33.53,84.297,cleaning
-0.265,0.344,0.955,-69.335,27.807,80.745,cleaning
-0.34,0.313,1.042,-69.335,27.807,80.745,cleaning
-0.34,0.313,1.042,-76.335,15.575,69.597,cleaning
-0.393,0.257,0.991,-76.335,15.575,69.597,cleaning
-0.393,0.257,0.991,-82.337,-20.422,48.702,cleaning
-0.362,0.268,1.006,-82.337,-20.422,48.702,cleaning
-0.362,0.268,1.006,-82.04,-76.772,29.26,cleaning
-0.276,0.367,0.993,-82.04,-76.772,29.26,cleaning
-0.353,0.279,1.063,-82.04,-76.772,29.26,cleaning
-0.353,0.279,1.063,-76.282,-122.955,16.695,cleaning
-0.394,-0.112,1.309,-76.282,-122.955,16.695,cleaning
-0.394,-0.112,1.309,-55.195,-147.84,-10.64,cleaning
-0.318,-0.436,1.447,-55.195,-147.84,-10.64,cleaning
-0.318,-0.436,1.447,-17.062,-146.755,-55.282,cleaning
-0.3,-0.331,1.183,-17.062,-146.755,-55.282,cleaning
-0.3,-0.331,1.183,26.162,-63.857,-78.575,cleaning
-0.258,-0.026,0.976,26.162,-63.857,-78.575,cleaning
-0.258,-0.026,0.976,52.675,11.55,-91.14,cleaning
-0.24,0.19,0.842,52.675,11.55,-91.14,cleaning
-0.24,0.19,0.842,60.2,0.875,-115.43,cleaning
-0.276,0.216,0.683,60.2,0.875,-115.43,cleaning
-0.276,0.216,0.683,58.065,-34.177,-139.755,cleaning
-0.328,0.134,0.634,58.065,-34.177,-139.755,cleaning
-0.328,0.134,0.634,57.452,-26.267,-156.922,cleaning
-0.31,0.214,0.65,57.452,-26.267,-156.922,cleaning
-0.31,0.214,0.65,58.38,31.85,-158.025,cleaning
-0.277,0.534,0.778,58.38,31.85,-158.025,cleaning
-0.405,0.996,0.825,58.38,31.85,-158.025,cleaning
-0.405,0.996,0.825,63.49,100.24,-136.815,cleaning
-0.338,1.407,0.74,63.49,100.24,-136.815,cleaning
-0.338,1.407,0.74,67.882,131.267,-94.85,cleaning
-0.203,1.641,0.626,67.882,131.267,-94.85,cleaning
-0.203,1.641,0.626,58.835,96.355,-46.322,cleaning
-0.167,1.455,0.496,58.835,96.355,-46.322,cleaning
-0.167,1.455,0.496,36.942,20.195,-6.44,cleaning
-0.195,1.112,0.47,36.942,20.195,-6.44,cleaning
-0.195,1.112,0.47,13.72,-49.595,17.867,cleaning
-0.202,0.76,0.488,13.72,-49.595,17.867,cleaning
-0.202,0.76,0.488,-0.455,-68.915,40.53,cleaning
-0.216,0.567,0.638,-0.455,-68.915,40.53,cleaning
-0.216,0.567,0.638,-5.6,-53.497,67.147,cleaning
-0.244,0.517,0.81,-5.6,-53.497,67.147,cleaning
-0.244,0.517,0.81,-8.802,-50.505,91.28,cleaning
-0.285,0.465,0.892,-8.802,-50.505,91.28,cleaning
-0.285,0.465,0.892,-15.295,-58.817,109.585,cleaning
-0.345,0.283,0.858,-15.295,-58.817,109.585,cleaning
-0.368,0.09,0.744,-15.295,-58.817,109.585,cleaning
-0.368,0.09,0.744,-22.89,-47.302,123.777,cleaning
-0.353,-0.08,0.706,-22.89,-47.302,123.777,cleaning
-0.353,-0.08,0.706,-34.632,-19.39,128.135,cleaning
-0.35,-0.265,0.8,-34.632,-19.39,128.135,cleaning
-0.35,-0.265,0.8,-44.275,2.555,115.517,cleaning
-0.318,-0.381,0.901,-44.275,2.555,115.517,cleaning
-0.318,-0.381,0.901,-43.662,24.167,89.565,cleaning
-0.232,-0.352,0.884,-43.662,24.167,89.565,cleaning
-0.232,-0.352,0.884,-39.077,48.422,57.942,cleaning
-0.171,0.063,0.929,-39.077,48.422,57.942,cleaning
-0.171,0.063,0.929,-35.805,44.572,30.642,cleaning
-0.309,0.464,1.125,-35.805,44.572,30.642,cleaning
-0.309,0.464,1.125,-20.265,-4.007,10.132,cleaning
-0.434,0.446,1.454,-20.265,-4.007,10.132,cleaning
-0.434,0.446,1.454,13.405,-67.445,-16.012,cleaning
-0.394,0.284,1.345,13.405,-67.445,-16.012,cleaning
-0.279,0.295,1.069,48.737,-60.532,-26.687,cleaning
-0.159,0.402,0.802,48.737,-60.532,-26.687,cleaning
-0.159,0.402,0.802,65.695,-39.865,-37.362,cleaning
-0.082,0.435,0.654,65.695,-39.865,-37.362,cleaning
-0.082,0.435,0.654,59.675,-73.955,-65.275,cleaning
-0.112,0.254,0.615,59.675,-73.955,-65.275,cleaning
-0.112,0.254,0.615,51.52,-95.672,-90.912,cleaning
-0.186,0.219,0.717,51.52,-95.672,-90.912,cleaning
-0.186,0.219,0.717,60.655,-52.045,-108.622,cleaning
-0.194,0.52,0.882,60.655,-52.045,-108.622,cleaning
-0.194,0.52,0.882,78.137,7.472,-110.442,cleaning
-0.039,0.808,0.909,78.137,7.472,-110.442,cleaning
-0.039,0.808,0.909,83.702,33.18,-91.682,cleaning
-0.004,0.92,0.894,83.702,33.18,-91.682,cleaning
-0.004,0.92,0.894,81.077,45.185,-58.047,cleaning
0.019,1.038,0.839,81.077,45.185,-58.047,cleaning
0.019,1.038,0.839,74.217,58.59,-12.057,cleaning
0.061,1.089,0.786,74.217,58.59,-12.057,cleaning
0.04,0.98,0.788,74.217,58.59,-12.057,cleaning
0.04,0.98,0.788,60.725,57.715,28.752,cleaning
-0.006,0.763,0.805,60.725,57.715,28.752,cleaning
-0.006,0.763,0.805,44.432,42.665,58.432,cleaning
0.08,0.497,0.674,44.432,42.665,58.432,cleaning
0.08,0.497,0.674,24.412,38.097,82.477,cleaning
0.176,0.249,0.583,24.412,38.097,82.477,cleaning
0.176,0.249,0.583,-5.827,42.682,98.35,cleaning
0.22,0.084,0.527,-5.827,42.682,98.35,cleaning
0.22,0.084,0.527,-41.545,42.262,101.71,cleaning
0.132,0.03,0.588,-41.545,42.262,101.71,cleaning
0.132,0.03,0.588,-74.34,37.117,91.752,cleaning
0.022,0.166,0.783,-74.34,37.117,91.752,cleaning
0.022,0.166,0.783,-87.5,61.6,91.122,cleaning
-0.176,0.263,1.17,-87.5,61.6,91.122,cleaning
-0.176,0.263,1.17,-70,77.315,77.28,cleaning
-0.396,0.347,1.755,-70,77.315,77.28,cleaning
-0.396,0.347,1.755,-21.787,2.747,37.94,cleaning
-0.315,0.31,1.75,-21.787,2.747,37.94,cleaning
-0.116,0.159,1.396,-21.787,2.747,37.94,cleaning
-0.116,0.159,1.396,25.025,-59.08,8.05,cleaning
-0.045,0.151,1.095,25.025,-59.08,8.05,cleaning
-0.045,0.151,1.095,53.357,-40.845,-6.597,cleaning
-0.03,0.273,0.97,53.357,-40.845,-6.597,cleaning
-0.03,0.273,0.97,67.585,-15.242,-17.937,cleaning
0.033,0.341,0.792,67.585,-15.242,-17.937,cleaning
0.033,0.341,0.792,68.547,-44.502,-38.43,cleaning
0.094,0.259,0.543,68.547,-44.502,-38.43,cleaning
0.094,0.259,0.543,50.295,-87.22,-63.98,cleaning
0.083,0.214,0.462,50.295,-87.22,-63.98,cleaning
0.083,0.214,0.462,25.602,-90.475,-75.355,cleaning
0.095,0.251,0.597,25.602,-90.475,-75.355,cleaning
0.095,0.251,0.597,12.477,-49.157,-68.53,cleaning
0.012,0.617,0.854,12.477,-49.157,-68.53,cleaning
0.012,0.617,0.854,13.072,-23.17,-57.12,cleaning
0.01,0.943,1.08,13.072,-23.17,-57.12,cleaning
0.01,0.943,1.08,20.037,-40.757,-45.377,cleaning
0.064,0.943,1.105,20.037,-40.757,-45.377,cleaning
0.144,0.842,0.943,20.037,-40.757,-45.377,cleaning
0.144,0.842,0.943,29.75,-38.22,-25.41,cleaning
0.22,0.732,0.77,29.75,-38.22,-25.41,cleaning
0.22,0.732,0.77,32.812,-14.14,-0.857,cleaning
0.243,0.583,0.657,32.812,-14.14,-0.857,cleaning
0.243,0.583,0.657,27.825,11.48,20.317,cleaning
0.235,0.476,0.667,27.825,11.48,20.317,cleaning
0.235,0.476,0.667,18.392,24.815,33.25,cleaning
0.202,0.443,0.705,18.392,24.815,33.25,cleaning
0.202,0.443,0.705,7.472,29.05,42.945,cleaning
0.188,0.344,0.683,7.472,29.05,42.945,cleaning
0.188,0.344,0.683,-5.932,37.415,51.275,cleaning
0.169,0.216,0.603,-5.932,37.415,51.275,cleaning
0.169,0.216,0.603,-21.245,68.11,55.562,cleaning
0.132,0.116,0.62,-21.245,68.11,55.562,cleaning
0.132,0.116,0.62,-32.9,105.367,52.325,cleaning
0.062,0.137,0.772,-32.9,105.367,52.325,cleaning
0.062,0.137,0.772,-34.842,122.29,40.635,cleaning
-0.046,0.206,0.976,-34.842,122.29,40.635,cleaning
-0.13,0.316,1.161,-34.842,122.29,40.635,cleaning
-0.13,0.316,1.161,-23.835,101.377,19.635,cleaning
-0.074,0.561,1.156,-23.835,101.377,19.635,cleaning
-0.074,0.561,1.156,-3.202,74.55,5.897,cleaning
-0.027,0.744,1.153,-3.202,74.55,5.897,cleaning
-0.027,0.744,1.153,17.325,64.96,2.065,cleaning
-0.012,0.843,1.219,17.325,64.96,2.065,cleaning
-0.012,0.843,1.219,33.092,-2.135,-13.65,cleaning
0.02,0.678,1.05,33.092,-2.135,-13.65,cleaning
0.02,0.678,1.05,40.775,-80.377,-26.46,cleaning
0.101,0.524,0.797,40.775,-80.377,-26.46,cleaning
0.101,0.524,0.797,37.012,-114.485,-35,cleaning
0.17,0.366,0.63,37.012,-114.485,-35,cleaning
0.17,0.366,0.63,21.175,-126,-46.392,cleaning
0.14,0.225,0.491,21.175,-126,-46.392,cleaning
0.14,0.225,0.491,-1.47,-122.482,-54.477,cleaning
0.087,0.149,0.63,-1.47,-122.482,-54.477,cleaning
0.087,0.149,0.63,-6.23,-59.045,-38.15,cleaning
0.099,0.528,0.821,-6.23,-59.045,-38.15,cleaning
0.105,0.902,1.019,-6.23,-59.045,-38.15,cleaning
0.105,0.902,1.019,-3.727,-19.022,-19.232,cleaning
0.146,0.848,1.051,-3.727,-19.022,-19.232,cleaning
0.146,0.848,1.051,-0.35,-32.655,-3.867,cleaning
0.208,0.737,0.92,-0.35,-32.655,-3.867,cleaning
0.208,0.737,0.92,5.407,-22.75,14.787,cleaning
0.245,0.663,0.817,5.407,-22.75,14.787,cleaning
0.245,0.663,0.817,8.05,3.22,33.512,cleaning
0.216,0.558,0.801,8.05,3.22,33.512,cleaning
0.216,0.558,0.801,7.595,17.01,43.452,cleaning
0.167,0.477,0.847,7.595,17.01,43.452,cleaning
0.167,0.477,0.847,8.487,26.18,50.207,cleaning
0.15,0.421,0.816,8.487,26.18,50.207,cleaning
0.15,0.421,0.816,8.295,44.03,57.067,cleaning
0.202,0.371,0.624,8.295,44.03,57.067,cleaning
0.202,0.371,0.624,-0.717,77.735,64.732,cleaning
0.222,0.345,0.46,-0.717,77.735,64.732,cleaning
0.178,0.351,0.5,-19.495,108.29,69.37,cleaning
0.076,0.35,0.659,-19.495,108.29,69.37,cleaning
0.076,0.35,0.659,-35.577,123.602,67.375,cleaning
0.015,0.42,0.838,-35.577,123.602,67.375,cleaning
0.015,0.42,0.838,-40.967,109.497,53.13,cleaning
0.06,0.623,0.97,-40.967,109.497,53.13,cleaning
0.06,0.623,0.97,-35.245,69.23,36.4,cleaning
0.105,0.871,1.091,-35.245,69.23,36.4,cleaning
0.105,0.871,1.091,-23.835,17.29,28.157,cleaning
0.09,0.928,1.118,-23.835,17.29,28.157,cleaning
0.09,0.928,1.118,-7.997,-29.54,27.545,cleaning
0.081,0.843,1.154,-7.997,-29.54,27.545,cleaning
0.081,0.843,1.154,9.327,-76.755,22.33,cleaning
0.097,0.681,1.159,9.327,-76.755,22.33,cleaning
0.097,0.681,1.159,22.225,-129.08,9.817,cleaning
0.195,0.392,0.847,22.225,-129.08,9.817,cleaning
0.195,0.392,0.847,23.135,-124.495,6.912,cleaning
0.27,0.246,0.627,23.135,-124.495,6.912,cleaning
0.27,0.26,0.461,23.135,-124.495,6.912,cleaning
0.27,0.26,0.461,10.57,-79.327,13.335,cleaning
0.247,0.415,0.455,10.57,-79.327,13.335,cleaning
0.247,0.415,0.455,-12.127,-35.227,26.635,cleaning
0.261,0.695,0.572,-12.127,-35.227,26.635,cleaning
0.261,0.695,0.572,-32.182,-4.742,47.477,cleaning
0.233,0.708,0.733,-32.182,-4.742,47.477,cleaning
0.233,0.708,0.733,-52.01,-29.085,58.065,cleaning
0.156,0.521,0.881,-52.01,-29.085,58.065,cleaning
0.156,0.521,0.881,-58.45,-46.427,64.347,cleaning
0.112,0.407,0.995,-58.45,-46.427,64.347,cleaning
0.112,0.407,0.995,-49.017,-26.792,71.015,cleaning
0.097,0.299,1.094,-49.017,-26.792,71.015,cleaning
0.097,0.299,1.094,-32.62,-1.995,71.487,cleaning
0.121,0.18,1.06,-32.62,-1.995,71.487,cleaning
0.121,0.18,1.06,-16.992,31.92,69.982,cleaning
0.131,0.126,1.006,-16.992,31.92,69.982,cleaning
0.131,0.126,1.006,-4.462,75.145,68.512,cleaning
0.13,0.156,0.988,-4.462,75.145,68.512,cleaning
0.156,0.273,0.926,-4.462,75.145,68.512,cleaning
0.156,0.273,0.926,4.83,103.355,64.365,cleaning
0.204,0.461,0.834,4.83,103.355,64.365,cleaning
0.204,0.461,0.834,6.405,99.155,57.435,cleaning
0.226,0.602,0.743,6.405,99.155,57.435,cleaning
0.226,0.602,0.743,-3.692,58.345,47.582,cleaning
0.227,0.611,0.63,-3.692,58.345,47.582,cleaning
0.227,0.611,0.63,-24.045,-4.2,35.542,cleaning
0.193,0.482,0.642,-24.045,-4.2,35.542,cleaning
0.193,0.482,0.642,-46.2,-51.327,25.602,cleaning
0.087,0.318,0.827,-46.2,-51.327,25.602,cleaning
0.087,0.318,0.827,-56.087,-62.23,15.155,cleaning
-0.002,0.312,0.957,-56.087,-62.23,15.155,cleaning
-0.002,0.312,0.957,-51.03,-46.62,9.73,cleaning
-0.005,0.517,0.982,-51.03,-46.62,9.73,cleaning
-0.005,0.517,0.982,-39.655,-14.14,18.725,cleaning
-0.013,0.727,1.064,-39.655,-14.14,18.725,cleaning
-0.013,0.727,1.064,-28.892,-8.365,26.407,cleaning
0.002,0.881,1.068,-28.892,-8.365,26.407,cleaning
0.075,0.868,0.935,-28.892,-8.365,26.407,cleaning
0.075,0.868,0.935,-23.782,-46.725,30.835,cleaning
0.131,0.723,0.704,-23.782,-46.725,30.835,cleaning
0.131,0.723,0.704,-29.085,-89.932,35.875,cleaning
0.069,0.496,0.654,-29.085,-89.932,35.875,cleaning
0.069,0.496,0.654,-41.247,-113.995,38.99,cleaning
-0.031,0.3,0.717,-41.247,-113.995,38.99,cleaning
-0.031,0.3,0.717,-47.18,-108.01,41.107,cleaning
-0.017,0.313,0.747,-47.18,-108.01,41.107,cleaning
-0.017,0.313,0.747,-45.272,-78.155,48.527,cleaning
0.012,0.401,0.785,-45.272,-78.155,48.527,cleaning
0.012,0.401,0.785,-44.782,-55.265,56.175,cleaning
0.007,0.334,0.849,-44.782,-55.265,56.175,cleaning
0.007,0.334,0.849,-44.135,-46.462,56.717,cleaning
0,0.236,0.924,-44.135,-46.462,56.717,cleaning
0,0.236,0.924,-38.377,-30.24,55.527,cleaning
-0.036,0.2,1.026,-38.377,-30.24,55.527,cleaning
-0.036,0.2,1.026,-26.88,-15.907,51.712,cleaning
-0.085,0.146,1.125,-26.88,-15.907,51.712,cleaning
-0.091,-0.033,1.147,-26.88,-15.907,51.712,cleaning
-0.091,-0.033,1.147,-11.287,-9.765,40.25,cleaning
-0.01,-0.177,1.024,-11.287,-9.765,40.25,cleaning
-0.01,-0.177,1.024,3.325,0.717,21.892,cleaning
0.081,-0.162,0.894,3.325,0.717,21.892,cleaning
0.081,-0.162,0.894,13.265,40.705,12.11,cleaning
0.104,0.014,0.942,13.265,40.705,12.11,cleaning
0.104,0.014,0.942,20.072,89.372,10.395,cleaning
0.092,0.219,0.851,20.072,89.372,10.395,cleaning
0.092,0.219,0.851,24.832,134.75,14.21,cleaning
0.131,0.412,0.691,24.832,134.75,14.21,cleaning
0.131,0.412,0.691,20.09,161.752,18.567,cleaning
0.158,0.599,0.578,20.09,161.752,18.567,cleaning
0.158,0.599,0.578,1.627,137.672,17.097,cleaning
0.135,0.727,0.647,1.627,137.672,17.097,cleaning
0.135,0.727,0.647,-20.09,67.06,10.657,cleaning
0.054,0.72,0.743,-20.09,67.06,10.657,cleaning
-0.011,0.623,0.882,-34.23,-8.435,0.752,cleaning
-0.056,0.615,0.985,-34.23,-8.435,0.752,cleaning
-0.056,0.615,0.985,-34.912,-42.14,-3.22,cleaning
-0.049,0.716,1.032,-34.912,-42.14,-3.22,cleaning
-0.049,0.716,1.032,-23.905,-31.395,3.99,cleaning
0.051,0.851,1.002,-23.905,-31.395,3.99,cleaning
0.051,0.851,1.002,-12.582,-32.13,13.002,cleaning
0.159,0.873,0.817,-12.582,-32.13,13.002,cleaning
0.159,0.873,0.817,-12.407,-69.982,18.97,cleaning
0.2,0.69,0.62,-12.407,-69.982,18.97,cleaning
0.2,0.69,0.62,-28.315,-123.847,18.287,cleaning
0.101,0.371,0.644,-28.315,-123.847,18.287,cleaning
0.101,0.371,0.644,-41.335,-151.34,13.65,cleaning
0.014,0.129,0.695,-41.335,-151.34,13.65,cleaning
0.014,0.129,0.695,-42.21,-125.86,15.365,cleaning
0.011,0.178,0.783,-42.21,-125.86,15.365,cleaning
0.011,0.178,0.783,-36.4,-74.2,24.272,cleaning
0.003,0.288,0.906,-36.4,-74.2,24.272,cleaning
-0.008,0.278,0.992,-32.235,-64.767,21.017,cleaning
-0.076,0.137,1.077,-32.235,-64.767,21.017,cleaning
-0.076,0.137,1.077,-28.227,-81.532,13.597,cleaning
-0.146,-0.005,1.153,-28.227,-81.532,13.597,cleaning
-0.146,-0.005,1.153,-15.032,-62.125,11.987,cleaning
-0.161,0.035,1.15,-15.032,-62.125,11.987,cleaning
-0.161,0.035,1.15,4.445,-8.487,14.472,cleaning
-0.138,0.076,1.14,4.445,-8.487,14.472,cleaning
-0.138,0.076,1.14,20.212,35.98,13.65,cleaning
-0.092,0.069,1.116,20.212,35.98,13.65,cleaning
-0.092,0.069,1.116,30.992,52.045,6.825,cleaning
-0.068,0.007,1.075,30.992,52.045,6.825,cleaning
-0.068,0.007,1.075,37.432,52.377,-2.397,cleaning
-0.007,0.062,0.917,37.432,52.377,-2.397,cleaning
-0.007,0.062,0.917,34.02,50.26,-9.205,cleaning
0.093,0.28,0.679,34.02,50.26,-9.205,cleaning
0.093,0.28,0.679,16.187,43.68,-8.47,cleaning
0.152,0.458,0.582,16.187,43.68,-8.47,cleaning
0.099,0.397,0.644,16.187,43.68,-8.47,cleaning
0.099,0.397,0.644,-8.715,18.235,-9.38,cleaning
-0.002,0.265,0.787,-8.715,18.235,-9.38,cleaning
-0.002,0.265,0.787,-26.845,-9.66,-15.295,cleaning
-0.07,0.306,0.967,-26.845,-9.66,-15.295,cleaning
-0.07,0.306,0.967,-32.375,-15.68,-19.04,cleaning
-0.104,0.473,1.273,-32.375,-15.68,-19.04,cleaning
-0.104,0.473,1.273,-22.102,-17.657,-16.73,cleaning
-0.133,0.625,1.536,-22.102,-17.657,-16.73,cleaning
-0.133,0.625,1.536,5.39,-19.775,-8.4,cleaning
-0.078,0.702,1.48,5.39,-19.775,-8.4,cleaning
-0.078,0.702,1.48,34.492,-43.732,-2.047,cleaning
0.107,0.53,1.003,34.492,-43.732,-2.047,cleaning
0.107,0.53,1.003,37.905,-78.26,-2.327,cleaning
0.25,0.226,0.474,37.905,-78.26,-2.327,cleaning
0.25,0.226,0.474,13.177,-83.422,-3.482,cleaning
0.203,-0.021,0.309,13.177,-83.422,-3.482,cleaning
0.203,-0.021,0.309,-16.03,-58.152,-3.85,cleaning
0.128,-0.069,0.433,-16.03,-58.152,-3.85,cleaning
0.06,0.009,0.737,-16.03,-58.152,-3.85,cleaning
0.06,0.009,0.737,-34.23,-31.01,-5.495,cleaning
-0.09,0.207,1.026,-34.23,-31.01,-5.495,cleaning
-0.09,0.207,1.026,-36.155,-9.24,-6.335,cleaning
-0.165,0.338,1.262,-36.155,-9.24,-6.335,cleaning
-0.165,0.338,1.262,-20.825,21.07,-1.102,cleaning
-0.17,0.43,1.276,-20.825,21.07,-1.102,cleaning
-0.17,0.43,1.276,2.975,46.882,3.29,cleaning
-0.118,0.405,1.183,2.975,46.882,3.29,cleaning
-0.118,0.405,1.183,18.235,31.57,0.245,cleaning
-0.078,0.283,1.05,18.235,31.57,0.245,cleaning
-0.078,0.283,1.05,22.102,-10.64,-10.29,cleaning
-0.013,0.084,0.878,22.102,-10.64,-10.29,cleaning
-0.013,0.084,0.878,16.45,-39.882,-22.05,cleaning
0.083,-0.012,0.678,16.45,-39.882,-22.05,cleaning
0.083,-0.012,0.678,3.5,-24.045,-24.64,cleaning
0.055,-0.053,0.657,3.5,-24.045,-24.64,cleaning
0.055,-0.053,0.657,-7.192,26.792,-22.89,cleaning
-0.056,0.026,0.782,-7.192,26.792,-22.89,cleaning
-0.14,0.266,0.986,-7.192,26.792,-22.89,cleaning
-0.14,0.266,0.986,-10.167,56.7,-24.447,cleaning
-0.166,0.543,1.144,-10.167,56.7,-24.447,cleaning
-0.166,0.543,1.144,-4.865,52.08,-21.315,cleaning
-0.139,0.687,1.256,-4.865,52.08,-21.315,cleaning
-0.139,0.687,1.256,4.777,20.72,-16.642,cleaning
-0.09,0.643,1.247,4.777,20.72,-16.642,cleaning
-0.09,0.643,1.247,14.875,-24.185,-14.682,cleaning
-0.013,0.452,1.093,14.875,-24.185,-14.682,cleaning
-0.013,0.452,1.093,20.335,-56.472,-15.102,cleaning
0.052,0.228,0.829,20.335,-56.472,-15.102,cleaning
0.052,0.228,0.829,16.415,-60.06,-16.73,cleaning
0.127,0.027,0.546,16.415,-60.06,-16.73,cleaning
0.127,0.027,0.546,-2.117,-50.33,-23.87,cleaning
0.105,-0.028,0.406,-2.117,-50.33,-23.87,cleaning
0.105,-0.028,0.406,-23.66,-22.312,-26.81,cleaning
-0.018,0.052,0.633,-23.66,-22.312,-26.81,cleaning
-0.018,0.052,0.633,-31.272,-2.555,-25.27,cleaning
-0.109,0.361,0.925,-31.272,-2.555,-25.27,cleaning
-0.242,0.505,1.186,-31.272,-2.555,-25.27,cleaning
-0.242,0.505,1.186,-23.852,-0.577,-14.962,cleaning
-0.302,0.505,1.271,-23.852,-0.577,-14.962,cleaning
-0.302,0.505,1.271,-3.797,-0.245,-7.577,cleaning
-0.233,0.468,1.166,-3.797,-0.245,-7.577,cleaning
-0.233,0.468,1.166,17.867,15.015,5.197,cleaning
-0.143,0.391,0.961,17.867,15.015,5.197,cleaning
-0.143,0.391,0.961,25.97,13.72,10.185,cleaning
-0.032,0.258,0.72,25.97,13.72,10.185,cleaning
-0.032,0.258,0.72,16.327,-7.332,8.732,cleaning
0.04,0.08,0.541,16.327,-7.332,8.732,cleaning
0.04,0.08,0.541,-6.282,-34.335,-0.875,cleaning
0.093,0.006,0.408,-6.282,-34.335,-0.875,cleaning
0.093,0.006,0.408,-35.525,-52.097,-11.112,cleaning
0.065,-0.039,0.47,-35.525,-52.097,-11.112,cleaning
0.065,-0.039,0.47,-60.62,-60.095,-20.177,cleaning
-0.04,-0.042,0.736,-60.62,-60.095,-20.177,cleaning
-0.165,0.003,0.968,-69.93,-57.295,-26.792,cleaning
-0.272,0.141,1.148,-69.93,-57.295,-26.792,cleaning
-0.272,0.141,1.148,-63.892,-41.265,-29.26,cleaning
-0.347,0.364,1.408,-63.892,-41.265,-29.26,cleaning
-0.347,0.364,1.408,-43.137,-20.37,-24.57,cleaning
-0.326,0.445,1.547,-43.137,-20.37,-24.57,cleaning
-0.326,0.445,1.547,-15.872,-38.5,-25.69,cleaning
-0.271,0.365,1.447,-15.872,-38.5,-25.69,cleaning
-0.271,0.365,1.447,7.175,-81.095,-31.85,cleaning
-0.168,0.254,1.196,7.175,-81.095,-31.85,cleaning
-0.168,0.254,1.196,17.535,-105.822,-34.002,cleaning
-0.024,0.037,0.885,17.535,-105.822,-34.002,cleaning
-0.024,0.037,0.885,11.41,-103.197,-35.822,cleaning
0.05,-0.255,0.659,11.41,-103.197,-35.822,cleaning
0.05,-0.255,0.659,-5.267,-73.377,-41.282,cleaning
-0.017,-0.287,0.634,-5.267,-73.377,-41.282,cleaning
-0.017,-0.287,0.634,-16.362,-16.992,-33.705,cleaning
-0.201,-0.091,0.89,-16.362,-16.992,-33.705,cleaning
-0.227,0.287,1.168,-16.362,-16.992,-33.705,cleaning
-0.227,0.287,1.168,-12.197,14.857,-18.165,cleaning
-0.268,0.201,1.235,-12.197,14.857,-18.165,cleaning
-0.268,0.201,1.235,-4.252,-3.64,-15.365,cleaning
-0.291,0.104,1.153,-4.252,-3.64,-15.365,cleaning
-0.291,0.104,1.153,8.26,-3.92,-13.072,cleaning
-0.213,0.008,0.996,8.26,-3.92,-13.072,cleaning
-0.213,0.008,0.996,18.427,15.295,-7.052,cleaning
-0.161,-0.091,0.88,18.427,15.295,-7.052,cleaning
-0.161,-0.091,0.88,19.915,27.475,-7.56,cleaning
-0.096,-0.148,0.733,19.915,27.475,-7.56,cleaning
-0.096,-0.148,0.733,12.18,32.182,-13.16,cleaning
-0.015,-0.117,0.596,12.18,32.182,-13.16,cleaning
-0.015,-0.117,0.596,-6.51,20.772,-22.522,cleaning
-0.008,-0.081,0.584,-6.51,20.772,-22.522,cleaning
-0.008,-0.081,0.584,-25.41,14.105,-28.105,cleaning
-0.059,-0.022,0.67,-25.41,14.105,-28.105,cleaning
-0.059,-0.022,0.67,-35.735,29.732,-27.457,cleaning
-0.169,0.018,0.886,-35.735,29.732,-27.457,cleaning
-0.316,0.167,1.121,-35.735,29.732,-27.457,cleaning
-0.316,0.167,1.121,-31.115,57.207,-26.075,cleaning
-0.426,0.417,1.399,-31.115,57.207,-26.075,cleaning
-0.426,0.417,1.399,-13.737,52.045,-28.805,cleaning
-0.476,0.52,1.556,-13.737,52.045,-28.805,cleaning
-0.476,0.52,1.556,14,12.372,-28.77,cleaning
-0.324,0.482,1.399,14,12.372,-28.77,cleaning
-0.324,0.482,1.399,36.925,-50.995,-31.902,cleaning
-0.204,0.21,1.088,36.925,-50.995,-31.902,cleaning
-0.204,0.21,1.088,42.297,-88.865,-33.617,cleaning
-0.012,-0.179,0.571,42.297,-88.865,-33.617,cleaning
-0.012,-0.179,0.571,24.692,-79.03,-40.005,cleaning
0.074,-0.326,0.314,24.692,-79.03,-40.005,cleaning
0.074,-0.326,0.314,-5.25,-15.032,-35.525,cleaning
-0.123,-0.129,0.513,-5.25,-15.032,-35.525,cleaning
-0.123,-0.129,0.513,-22.522,35.892,-23.1,cleaning
-0.224,0.213,0.868,-22.522,35.892,-23.1,cleaning
-0.224,0.213,0.868,-26.67,25.637,-12.197,cleaning
-0.277,0.463,1.075,-26.67,25.637,-12.197,cleaning
-0.374,0.388,1.233,-26.67,25.637,-12.197,cleaning
-0.374,0.388,1.233,-21.507,-5.582,-7.21,cleaning
-0.335,0.267,1.164,-21.507,-5.582,-7.21,cleaning
-0.335,0.267,1.164,-6.58,-21.612,-2.222,cleaning
-0.223,0.057,0.964,-6.58,-21.612,-2.222,cleaning
-0.223,0.057,0.964,1.662,-30.03,0.332,cleaning
-0.176,-0.163,0.828,1.662,-30.03,0.332,cleaning
-0.176,-0.163,0.828,2.257,-15.435,-0.437,cleaning
-0.122,-0.204,0.719,2.257,-15.435,-0.437,cleaning
-0.122,-0.204,0.719,-4.235,8.557,-3.972,cleaning
-0.08,-0.103,0.694,-4.235,8.557,-3.972,cleaning
-0.08,-0.103,0.694,-17.587,5.635,-13.125,cleaning
-0.123,-0.035,0.736,-17.587,5.635,-13.125,cleaning
-0.123,-0.035,0.736,-31.062,-8.155,-21.437,cleaning
-0.2,-0.059,0.835,-31.062,-8.155,-21.437,cleaning
-0.2,-0.059,0.835,-35.105,3.29,-23.747,cleaning
-0.29,-0.063,0.99,-35.105,3.29,-23.747,cleaning
-0.29,-0.063,0.99,-27.79,20.457,-27.107,cleaning
-0.409,0.042,1.194,-27.79,20.457,-27.107,cleaning
-0.506,0.192,1.397,-27.79,20.457,-27.107,cleaning
-0.506,0.192,1.397,-10.377,21.717,-30.66,cleaning
-0.482,0.285,1.41,-10.377,21.717,-30.66,cleaning
-0.482,0.285,1.41,14.105,13.912,-27.002,cleaning
-0.345,0.331,1.284,14.105,13.912,-27.002,cleaning
-0.345,0.331,1.284,30.625,-13.265,-24.027,cleaning
-0.232,0.209,1.067,30.625,-13.265,-24.027,cleaning
-0.232,0.209,1.067,33.11,-45.22,-21.402,cleaning
-0.082,-0.082,0.699,33.11,-45.22,-21.402,cleaning
-0.082,-0.082,0.699,19.285,-53.025,-23.782,cleaning
0.002,-0.272,0.514,19.285,-53.025,-23.782,cleaning
0.002,-0.272,0.514,-4.655,-18.287,-24.29,cleaning
-0.137,-0.2,0.556,-4.655,-18.287,-24.29,cleaning
-0.137,-0.2,0.556,-19.425,34.44,-16.852,cleaning
-0.262,0,0.817,-19.425,34.44,-16.852,cleaning
-0.262,0,0.817,-17.622,56.035,-8.155,cleaning
-0.317,0.285,1.078,-17.622,56.035,-8.155,cleaning
-0.377,0.349,1.167,-5.792,48.895,-1.312,cleaning
-0.357,0.263,1.071,-5.792,48.895,-1.312,cleaning
-0.357,0.263,1.071,7.7,40.25,0.997,cleaning
-0.295,0.145,0.931,7.7,40.25,0.997,cleaning
-0.295,0.145,0.931,17.237,46.847,6.037,cleaning
-0.185,0.063,0.799,17.237,46.847,6.037,cleaning
-0.185,0.063,0.799,15.89,41.23,4.147,cleaning
-0.125,0.005,0.829,15.89,41.23,4.147,cleaning
-0.125,0.005,0.829,6.475,14.455,-4.83,cleaning
-0.07,0.033,0.821,6.475,14.455,-4.83,cleaning
-0.07,0.033,0.821,-6.3,-10.15,-13.107,cleaning
-0.102,0.063,0.803,-6.3,-10.15,-13.107,cleaning
-0.102,0.063,0.803,-18.515,-13.545,-17.5,cleaning
-0.181,0.09,0.819,-18.515,-13.545,-17.5,cleaning
-0.181,0.09,0.819,-25.287,-0.07,-21.035,cleaning
-0.26,0.077,0.904,-25.287,-0.07,-21.035,cleaning
-0.26,0.077,0.904,-23.712,16.905,-27.37,cleaning
-0.318,0.007,1.007,-23.712,16.905,-27.37,cleaning
-0.365,0.006,1.028,-16.415,22.785,-37.572,cleaning
-0.351,0.15,1.017,-16.415,22.785,-37.572,cleaning
-0.351,0.15,1.017,-7.227,22.417,-39.672,cleaning
-0.367,0.317,1.064,-7.227,22.417,-39.672,cleaning
-0.367,0.317,1.064,0.945,28.385,-29.592,cleaning
-0.386,0.323,1.103,0.945,28.385,-29.592,cleaning
-0.386,0.323,1.103,8.522,13.825,-25.375,cleaning
-0.356,0.237,1.034,8.522,13.825,-25.375,cleaning
-0.356,0.237,1.034,12.722,-15.837,-28.14,cleaning
-0.287,0.09,0.909,12.722,-15.837,-28.14,cleaning
-0.287,0.09,0.909,10.657,-31.115,-30.572,cleaning
-0.244,0.034,0.773,10.657,-31.115,-30.572,cleaning
-0.244,0.034,0.773,3.92,-24.57,-28.297,cleaning
-0.263,0.098,0.743,3.92,-24.57,-28.297,cleaning
-0.263,0.098,0.743,-4.217,-17.937,-24.955,cleaning
-0.297,0.174,0.807,-4.217,-17.937,-24.955,cleaning
-0.297,0.174,0.807,-7.052,-13.58,-17.832,cleaning
-0.346,0.156,0.97,-7.052,-13.58,-17.832,cleaning
-0.419,0.187,1.131,-7.052,-13.58,-17.832,cleaning
-0.419,0.187,1.131,2.415,-2.432,-7.787,cleaning
-0.417,0.174,1.128,2.415,-2.432,-7.787,cleaning
-0.417,0.174,1.128,17.867,8.522,0.892,cleaning
-0.359,0.128,1.041,17.867,8.522,0.892,cleaning
-0.359,0.128,1.041,32.637,32.602,9.275,cleaning
-0.267,0.133,0.907,32.637,32.602,9.275,cleaning
-0.267,0.133,0.907,36.067,44.625,10.15,cleaning
-0.177,0.091,0.774,36.067,44.625,10.15,cleaning
-0.177,0.091,0.774,26.162,32.042,4.06,cleaning
-0.135,0.089,0.691,26.162,32.042,4.06,cleaning
-0.135,0.089,0.691,10.167,16.03,-3.657,cleaning
-0.146,0.158,0.709,10.167,16.03,-3.657,cleaning
-0.146,0.158,0.709,-6.23,-21.665,-14.595,cleaning
-0.228,0.139,0.884,-6.23,-21.665,-14.595,cleaning
-0.228,0.139,0.884,-13.125,-61.827,-26.425,cleaning
-0.329,0.013,0.968,-13.125,-61.827,-26.425,cleaning
-0.329,0.013,0.968,-8.54,-48.44,-30.625,cleaning
-0.364,-0.099,0.97,-8.54,-48.44,-30.625,cleaning
-0.349,-0.021,1.034,-8.54,-48.44,-30.625,cleaning
-0.349,-0.021,1.034,2.257,-5.967,-30.94,cleaning
-0.348,0.226,1.096,2.257,-5.967,-30.94,cleaning
-0.348,0.226,1.096,17.272,39.532,-21.087,cleaning
-0.334,0.27,1.088,17.272,39.532,-21.087,cleaning
-0.334,0.27,1.088,24.605,19.162,-22.487,cleaning
-0.271,0.127,0.985,24.605,19.162,-22.487,cleaning
-0.271,0.127,0.985,21.28,-37.695,-35.472,cleaning
-0.187,-0.018,0.804,21.28,-37.695,-35.472,cleaning
-0.187,-0.018,0.804,11.182,-60.882,-42.332,cleaning
-0.173,-0.055,0.714,11.182,-60.882,-42.332,cleaning
-0.173,-0.055,0.714,-1.435,-32.97,-35.962,cleaning
-0.257,-0.001,0.763,-1.435,-32.97,-35.962,cleaning
-0.257,-0.001,0.763,-4.812,21.63,-20.3,cleaning
-0.342,0.14,0.913,-4.812,21.63,-20.3,cleaning
-0.342,0.14,0.913,2.327,51.012,-6.632,cleaning
-0.364,0.331,1.055,2.327,51.012,-6.632,cleaning
-0.364,0.331,1.055,11.865,34.86,1.732,cleaning
-0.346,0.314,1.103,11.865,34.86,1.732,cleaning
-0.3,0.228,0.996,11.865,34.86,1.732,cleaning
-0.3,0.228,0.996,19.512,6.352,4.007,cleaning
-0.229,0.104,0.83,19.512,6.352,4.007,cleaning
-0.229,0.104,0.83,21.07,-3.22,5.232,cleaning
-0.194,-0.008,0.735,21.07,-3.22,5.232,cleaning
-0.194,-0.008,0.735,13.86,2.362,3.885,cleaning
-0.179,0.027,0.716,13.86,2.362,3.885,cleaning
-0.179,0.027,0.716,1.347,0.297,-0.367,cleaning
-0.231,0.079,0.782,1.347,0.297,-0.367,cleaning
-0.231,0.079,0.782,-9.887,-21.612,-8.155,cleaning
-0.267,0.1,0.852,-9.887,-21.612,-8.155,cleaning
-0.267,0.1,0.852,-17.097,-53.952,-15.435,cleaning
-0.285,-0.004,0.868,-17.097,-53.952,-15.435,cleaning
-0.285,-0.004,0.868,-19.232,-58.187,-18.217,cleaning
-0.262,-0.017,0.853,-19.232,-58.187,-18.217,cleaning
-0.262,-0.017,0.853,-16.257,-23.992,-14.052,cleaning
-0.323,0.012,0.961,-16.257,-23.992,-14.052,cleaning
-0.349,0.144,1.047,-8.347,0.175,-13.335,cleaning
-0.359,0.264,1.101,-8.347,0.175,-13.335,cleaning
-0.359,0.264,1.101,-0.525,-4.62,-11.06,cleaning
-0.375,0.217,1.184,-0.525,-4.62,-11.06,cleaning
-0.375,0.217,1.184,6.807,-33.88,-13.457,cleaning
-0.34,0.083,1.109,6.807,-33.88,-13.457,cleaning
-0.34,0.083,1.109,11.252,-73.657,-22.295,cleaning
-0.286,-0.109,0.918,11.252,-73.657,-22.295,cleaning
-0.286,-0.109,0.918,9.555,-68.057,-24.412,cleaning
-0.219,-0.192,0.709,9.555,-68.057,-24.412,cleaning
-0.219,-0.192,0.709,0.735,-16.275,-21.35,cleaning
-0.251,-0.159,0.647,0.735,-16.275,-21.35,cleaning
-0.251,-0.159,0.647,-8.47,57.977,-10.692,cleaning
-0.392,-0.008,0.908,-8.47,57.977,-10.692,cleaning
-0.392,-0.008,0.908,-2.572,94.955,-1.067,cleaning
-0.392,0.294,1.184,-2.572,94.955,-1.067,cleaning
-0.392,0.294,1.184,12.915,72.292,7.367,cleaning
-0.381,0.411,1.26,12.915,72.292,7.367,cleaning
-0.362,0.303,1.131,25.672,38.71,9.607,cleaning
-0.275,0.201,0.976,25.672,38.71,9.607,cleaning
-0.275,0.201,0.976,31.622,23.327,12.67,cleaning
-0.203,0.086,0.837,31.622,23.327,12.67,cleaning
-0.203,0.086,0.837,27.93,22.085,14.892,cleaning
-0.158,0.096,0.801,27.93,22.085,14.892,cleaning
-0.158,0.096,0.801,17.675,19.46,11.322,cleaning
-0.147,0.163,0.776,17.675,19.46,11.322,cleaning
-0.147,0.163,0.776,5.6,5.372,6.055,cleaning
-0.165,0.187,0.8,5.6,5.372,6.055,cleaning
-0.165,0.187,0.8,-6.212,-20.37,0.017,cleaning
-0.223,0.035,0.815,-6.212,-20.37,0.017,cleaning
-0.223,0.035,0.815,-13.44,-37.415,-7.805,cleaning
-0.244,-0.02,0.87,-13.44,-37.415,-7.805,cleaning
-0.244,-0.02,0.87,-11.602,-22.26,-10.062,cleaning
-0.265,0.07,0.94,-11.602,-22.26,-10.062,cleaning
-0.265,0.07,0.94,-4.235,1.592,-9.065,cleaning
-0.327,0.123,1.067,-4.235,1.592,-9.065,cleaning
-0.337,0.184,1.119,-4.235,1.592,-9.065,cleaning
-0.337,0.184,1.119,7.262,-0.35,-12.162,cleaning
-0.298,0.141,1.063,7.262,-0.35,-12.162,cleaning
-0.298,0.141,1.063,17.762,-13.86,-14.577,cleaning
-0.182,0.019,0.822,17.762,-13.86,-14.577,cleaning
-0.182,0.019,0.822,17.045,-27.51,-20.597,cleaning
-0.153,-0.074,0.627,17.045,-27.51,-20.597,cleaning
-0.153,-0.074,0.627,5.827,7.752,-15.75,cleaning
-0.273,0.05,0.757,5.827,7.752,-15.75,cleaning
-0.273,0.05,0.757,2.677,64.417,-4.55,cleaning
-0.303,0.357,0.965,2.677,64.417,-4.55,cleaning
-0.303,0.357,0.965,7.542,59.902,3.027,cleaning
-0.285,0.451,1.062,7.542,59.902,3.027,cleaning
-0.285,0.451,1.062,12.53,21.577,5.18,cleaning
-0.292,0.333,1.025,12.53,21.577,5.18,cleaning
-0.292,0.333,1.025,17.027,7.595,8.54,cleaning
-0.241,0.258,0.897,17.027,7.595,8.54,cleaning
-0.241,0.258,0.897,15.435,8.767,12.18,cleaning
-0.162,0.221,0.753,15.435,8.767,12.18,cleaning
-0.131,0.183,0.739,15.435,8.767,12.18,cleaning
-0.131,0.183,0.739,5.302,4.375,13.317,cleaning
-0.132,0.202,0.757,5.302,4.375,13.317,cleaning
-0.132,0.202,0.757,-7.105,-12.81,10.237,cleaning
-0.177,0.214,0.84,-7.105,-12.81,10.237,cleaning
-0.177,0.214,0.84,-18.567,-44.467,3.99,cleaning
-0.239,0.12,0.922,-18.567,-44.467,3.99,cleaning
-0.239,0.12,0.922,-22.067,-55.965,2.45,cleaning
-0.264,0.06,1.004,-22.067,-55.965,2.45,cleaning
-0.264,0.06,1.004,-16.502,-31.43,3.605,cleaning
-0.325,0.13,1.238,-16.502,-31.43,3.605,cleaning
-0.325,0.13,1.238,0.157,-11.322,4.357,cleaning
-0.364,0.16,1.387,0.157,-11.322,4.357,cleaning
-0.364,0.16,1.387,21.665,-19.88,1.277,cleaning
-0.32,0.15,1.355,21.665,-19.88,1.277,cleaning
-0.32,0.15,1.355,38.097,-31.36,-1.925,cleaning
-0.222,0.123,1.16,38.097,-31.36,-1.925,cleaning
-0.222,0.123,1.16,40.477,-25.882,-0.63,cleaning
-0.074,0.081,0.81,40.477,-25.882,-0.63,cleaning
-0.024,0.035,0.608,40.477,-25.882,-0.63,cleaning
-0.024,0.035,0.608,23.922,6.3,7.472,cleaning
-0.161,0.025,0.679,23.922,6.3,7.472,cleaning
-0.161,0.025,0.679,5.81,43.592,15.942,cleaning
-0.168,0.401,0.753,5.81,43.592,15.942,cleaning
-0.168,0.401,0.753,-3.027,43.96,24.465,cleaning
-0.164,0.511,0.967,-3.027,43.96,24.465,cleaning
-0.164,0.511,0.967,-7.542,-5.827,28.262,cleaning
-0.235,0.382,1.056,-7.542,-5.827,28.262,cleaning
-0.235,0.382,1.056,-5.355,-47.39,26.687,cleaning
-0.238,0.255,0.936,-5.355,-47.39,26.687,cleaning
-0.238,0.255,0.936,1.487,-37.555,34.685,cleaning
-0.174,0.24,0.846,1.487,-37.555,34.685,cleaning
-0.174,0.24,0.846,3.482,-16.66,44.17,cleaning
-0.181,0.183,0.901,3.482,-16.66,44.17,cleaning
-0.181,0.183,0.901,4.392,-2.135,50.732,cleaning
-0.142,0.223,0.89,4.392,-2.135,50.732,cleaning
-0.142,0.223,0.89,-0.227,-14.595,50.33,cleaning
-0.107,0.308,0.767,-0.227,-14.595,50.33,cleaning
-0.124,0.229,0.798,-0.227,-14.595,50.33,cleaning
-0.124,0.229,0.798,-13.562,-54.162,45.657,cleaning
-0.209,0.022,0.948,-13.562,-54.162,45.657,cleaning
-0.209,0.022,0.948,-19.355,-72.275,42.175,cleaning
-0.283,-0.142,1.076,-19.355,-72.275,42.175,cleaning
-0.283,-0.142,1.076,-11.06,-54.617,33.302,cleaning
-0.297,-0.091,1.14,-11.06,-54.617,33.302,cleaning
-0.297,-0.091,1.14,3.062,-30.065,24.185,cleaning
-0.303,-0.046,1.229,3.062,-30.065,24.185,cleaning
-0.303,-0.046,1.229,18.882,-22.067,17.727,cleaning
-0.274,-0.03,1.185,18.882,-22.067,17.727,cleaning
-0.274,-0.03,1.185,30.485,-26.827,10.237,cleaning
-0.216,-0.006,1.049,30.485,-26.827,10.237,cleaning
-0.216,-0.006,1.049,33.617,-27.107,5.845,cleaning
-0.163,-0.101,0.843,33.617,-27.107,5.845,cleaning
-0.163,-0.101,0.843,25.41,-10.727,1.907,cleaning
-0.118,-0.107,0.6,25.41,-10.727,1.907,cleaning
-0.166,-0.016,0.59,10.447,34.352,8.872,cleaning
-0.253,0.222,0.783,10.447,34.352,8.872,cleaning
-0.253,0.222,0.783,1.277,53.795,15.557,cleaning
-0.234,0.386,0.97,1.277,53.795,15.557,cleaning
-0.234,0.386,0.97,-1.015,23.975,21.157,cleaning
-0.255,0.268,1.062,-1.015,23.975,21.157,cleaning
-0.255,0.268,1.062,1.82,-6.825,22.225,cleaning
-0.223,0.134,0.976,1.82,-6.825,22.225,cleaning
-0.223,0.134,0.976,7.437,-3.115,22.855,cleaning
-0.133,0.116,0.853,7.437,-3.115,22.855,cleaning
-0.133,0.116,0.853,7.682,11.182,24.045,cleaning
-0.069,0.19,0.722,7.682,11.182,24.045,cleaning
-0.069,0.19,0.722,-2.712,-3.325,21.472,cleaning
-0.082,0.22,0.829,-2.712,-3.325,21.472,cleaning
-0.082,0.22,0.829,-14.63,-46.217,15.837,cleaning
-0.159,0.11,0.952,-14.63,-46.217,15.837,cleaning
-0.159,0.11,0.952,-15.872,-46.147,16.117,cleaning
-0.218,-0.04,1.043,-15.872,-46.147,16.117,cleaning
-0.238,-0.018,1.127,-7.525,-13.23,14.157,cleaning
-0.234,0.119,1.279,-7.525,-13.23,14.157,cleaning
-0.234,0.119,1.279,3.36,-14.98,5.53,cleaning
-0.226,0.078,1.274,3.36,-14.98,5.53,cleaning
-0.226,0.078,1.274,14.56,-45.885,-1.61,cleaning
-0.224,-0.034,1.188,14.56,-45.885,-1.61,cleaning
-0.224,-0.034,1.188,25.112,-47.162,-2.677,cleaning
-0.175,-0.083,1.071,25.112,-47.162,-2.677,cleaning
-0.175,-0.083,1.071,33.915,-20.352,-0.805,cleaning
-0.129,-0.062,0.962,33.915,-20.352,-0.805,cleaning
-0.129,-0.062,0.962,35.28,14.175,1.925,cleaning
-0.114,-0.046,0.859,35.28,14.175,1.925,cleaning
-0.114,-0.046,0.859,30.117,35.07,3.342,cleaning
-0.063,0.046,0.784,30.117,35.07,3.342,cleaning
-0.063,0.046,0.784,19.897,40.95,7.542,cleaning
-0.119,0.121,0.803,19.897,40.95,7.542,cleaning
-0.119,0.121,0.803,14.332,45.342,14.962,cleaning
-0.154,0.212,0.983,14.332,45.342,14.962,cleaning
-0.148,0.312,1.139,14.332,45.342,14.962,cleaning
-0.148,0.312,1.139,19.372,33.897,20.405,cleaning
-0.139,0.205,1.067,19.372,33.897,20.405,cleaning
-0.139,0.205,1.067,24.85,5.81,17.57,cleaning
-0.103,0.015,0.968,24.85,5.81,17.57,cleaning
-0.103,0.015,0.968,28.542,-2.45,13.807,cleaning
-0.051,-0.044,0.88,28.542,-2.45,13.807,cleaning
-0.051,-0.044,0.88,28.56,9.8,11.777,cleaning
-0.02,-0.022,0.77,28.56,9.8,11.777,cleaning
-0.02,-0.022,0.77,21.105,18.217,7.945,cleaning
-0.018,-0.006,0.719,21.105,18.217,7.945,cleaning
-0.018,-0.006,0.719,8.225,19.092,3.5,cleaning
-0.032,-0.039,0.782,8.225,19.092,3.5,cleaning
-0.032,-0.039,0.782,-0.752,39.637,3.797,cleaning
-0.06,-0.024,0.849,-0.752,39.637,3.797,cleaning
-0.06,-0.024,0.849,-4.41,71.977,3.71,cleaning
-0.102,0.092,0.947,-4.41,71.977,3.71,cleaning
-0.102,0.092,0.947,-4.182,68.932,-2.222,cleaning
-0.11,0.21,1.046,-4.182,68.932,-2.222,cleaning
-0.111,0.247,1.109,-4.182,68.932,-2.222,cleaning
-0.111,0.247,1.109,-1.102,37.467,-9.87,cleaning
-0.102,0.299,1.092,-1.102,37.467,-9.87,cleaning
-0.102,0.299,1.092,2.397,2.607,-19.145,cleaning
-0.087,0.528,1.072,2.397,2.607,-19.145,cleaning
-0.087,0.528,1.072,2.275,-41.23,-25.112,cleaning
-0.101,0.523,1.074,2.275,-41.23,-25.112,cleaning
-0.101,0.523,1.074,-0.332,-103.11,-28.857,cleaning
-0.079,0.335,1.01,-0.332,-103.11,-28.857,cleaning
-0.079,0.335,1.01,-5.127,-158.585,-35.507,cleaning
-0.036,-0.016,0.904,-5.127,-158.585,-35.507,cleaning
-0.036,-0.016,0.904,-11.095,-167.685,-42.98,cleaning
-0.047,-0.296,0.848,-11.095,-167.685,-42.98,cleaning
-0.047,-0.296,0.848,-14.77,-111.755,-44.905,cleaning
-0.102,-0.436,0.824,-14.77,-111.755,-44.905,cleaning
-0.102,-0.436,0.824,-13.632,-17.815,-39.55,cleaning
-0.092,-0.326,0.859,-13.632,-17.815,-39.55,cleaning
-0.092,-0.326,0.859,-10.727,51.537,-33.565,cleaning
-0.075,-0.047,0.992,-10.727,51.537,-33.565,cleaning
-0.167,0.118,1.2,-10.727,51.537,-33.565,cleaning
-0.167,0.118,1.2,-4.182,75.022,-28.77,cleaning
-0.213,0.288,1.295,-4.182,75.022,-28.77,cleaning
-0.213,0.288,1.295,10.22,68.635,-26.162,cleaning
-0.158,0.359,1.254,10.22,68.635,-26.162,cleaning
-0.158,0.359,1.254,23.082,29.995,-25.235,cleaning
-0.101,0.206,1.11,23.082,29.995,-25.235,cleaning
-0.101,0.206,1.11,29.207,-11.462,-26.67,cleaning
-0.059,0.048,0.951,29.207,-11.462,-26.67,cleaning
-0.059,0.048,0.951,30.922,-13.65,-23.8,cleaning
-0.008,-0.038,0.825,30.922,-13.65,-23.8,cleaning
-0.008,-0.038,0.825,25.847,-1.015,-22.4,cleaning
0.043,-0.055,0.702,25.847,-1.015,-22.4,cleaning
0.043,-0.055,0.702,10.185,-4.55,-25.427,cleaning
0.063,-0.026,0.598,10.185,-4.55,-25.427,cleaning
0.063,-0.026,0.598,-12.582,-29.435,-32.112,cleaning
0.004,-0.07,0.682,-12.582,-29.435,-32.112,cleaning
-0.061,-0.058,0.805,-27.387,-32.515,-32.567,cleaning
-0.137,0.014,0.99,-27.387,-32.515,-32.567,cleaning
-0.137,0.014,0.99,-31.412,-9.135,-29.767,cleaning
-0.199,0.092,1.102,-31.412,-9.135,-29.767,cleaning
-0.199,0.092,1.102,-25.112,-3.15,-32.76,cleaning
-0.214,0.206,1.232,-25.112,-3.15,-32.76,cleaning
-0.214,0.206,1.232,-9.677,-12.267,-34.037,cleaning
-0.183,0.258,1.311,-9.677,-12.267,-34.037,cleaning
-0.183,0.258,1.311,7.7,-48.247,-38.272,cleaning
-0.056,0.112,1.117,7.7,-48.247,-38.272,cleaning
-0.056,0.112,1.117,14.315,-90.02,-48.107,cleaning
-0.042,-0.079,0.992,14.315,-90.02,-48.107,cleaning
-0.042,-0.079,0.992,13.912,-92.575,-53.427,cleaning
-0.098,-0.177,0.901,13.912,-92.575,-53.427,cleaning
-0.098,-0.177,0.901,12.477,-65.065,-52.115,cleaning
-0.084,-0.277,0.844,12.477,-65.065,-52.115,cleaning
-0.084,-0.277,0.844,11.497,-10.657,-42.892,cleaning
-0.131,-0.275,0.907,11.497,-10.657,-42.892,cleaning
-0.158,-0.03,1.012,17.36,65.1,-26.757,cleaning
-0.092,0.157,1.034,17.36,65.1,-26.757,cleaning
-0.092,0.157,1.034,24.535,106.505,-14.28,cleaning
-0.042,0.222,0.958,24.535,106.505,-14.28,cleaning
-0.042,0.222,0.958,24.325,92.312,-12.915,cleaning
0.019,0.154,0.825,24.325,92.312,-12.915,cleaning
0.019,0.154,0.825,14.49,43.417,-18.585,cleaning
0.078,0.011,0.705,14.49,43.417,-18.585,cleaning
0.078,0.011,0.705,-1.645,-1.19,-25.427,cleaning
0.075,-0.062,0.672,-1.645,-1.19,-25.427,cleaning
0.075,-0.062,0.672,-19.635,-34.055,-34.107,cleaning
0.021,-0.072,0.736,-19.635,-34.055,-34.107,cleaning
0.021,-0.072,0.736,-32.445,-38.85,-34.947,cleaning
-0.031,-0.07,0.842,-32.445,-38.85,-34.947,cleaning
-0.031,-0.07,0.842,-35.612,-5.25,-28.472,cleaning
-0.11,0.107,1.03,-35.612,-5.25,-28.472,cleaning
-0.11,0.107,1.03,-25.935,37.065,-17.237,cleaning
-0.252,0.234,1.326,-25.935,37.065,-17.237,cleaning
-0.285,0.325,1.489,-25.935,37.065,-17.237,cleaning
-0.285,0.325,1.489,-4.532,29.855,-19.302,cleaning
-0.214,0.263,1.412,-4.532,29.855,-19.302,cleaning
-0.214,0.263,1.412,20.422,2.345,-19.932,cleaning
-0.063,0.135,1.111,20.422,2.345,-19.932,cleaning
-0.063,0.135,1.111,34.93,-21.297,-20.265,cleaning
0.033,-0.045,0.851,34.93,-21.297,-20.265,cleaning
0.033,-0.045,0.851,31.377,-28.892,-23.257,cleaning
0.035,-0.12,0.737,31.377,-28.892,-23.257,cleaning
0.035,-0.12,0.737,18.235,-15.382,-22.855,cleaning
-0.023,-0.111,0.741,18.235,-15.382,-22.855,cleaning
-0.023,-0.111,0.741,7.192,27.562,-10.202,cleaning
-0.132,0.03,0.935,7.192,27.562,-10.202,cleaning
-0.132,0.03,0.935,6.842,66.395,4.042,cleaning
-0.168,0.294,1.014,6.842,66.395,4.042,cleaning
-0.168,0.294,1.014,7.42,60.97,12.39,cleaning
-0.125,0.284,1.011,7.42,60.97,12.39,cleaning
-0.125,0.284,1.011,3.657,21.315,7.49,cleaning
-0.051,0.15,0.94,3.657,21.315,7.49,cleaning
-0.014,0.017,0.842,3.657,21.315,7.49,cleaning
-0.014,0.017,0.842,-2.502,-8.68,3.062,cleaning
0.013,-0.016,0.784,-2.502,-8.68,3.062,cleaning
0.013,-0.016,0.784,-11.27,-20.3,-1.487,cleaning
-0.013,-0.06,0.773,-11.27,-20.3,-1.487,cleaning
-0.013,-0.06,0.773,-21.98,-24.972,-7.245,cleaning
-0.059,-0.071,0.842,-21.98,-24.972,-7.245,cleaning
-0.059,-0.071,0.842,-28.017,-10.745,-9.467,cleaning
-0.148,0.02,0.979,-28.017,-10.745,-9.467,cleaning
-0.148,0.02,0.979,-24.465,26.845,-4.305,cleaning
-0.237,0.173,1.149,-24.465,26.845,-4.305,cleaning
-0.237,0.173,1.149,-12.372,43.907,-1.61,cleaning
-0.272,0.283,1.283,-12.372,43.907,-1.61,cleaning
-0.272,0.283,1.283,4.165,22.942,-4.655,cleaning
-0.242,0.289,1.291,4.165,22.942,-4.655,cleaning
-0.242,0.289,1.291,19.617,-1.61,-6.405,cleaning
-0.151,0.223,1.146,19.617,-1.61,-6.405,cleaning
-0.151,0.223,1.146,26.67,-9.555,-5.127,cleaning
-0.088,0.197,0.992,26.67,-9.555,-5.127,cleaning
-0.052,0.205,0.898,26.67,-9.555,-5.127,cleaning
-0.052,0.205,0.898,25.707,-6.107,-1.155,cleaning
-0.029,0.187,0.871,25.707,-6.107,-1.155,cleaning
-0.029,0.187,0.871,20.037,-3.29,3.937,cleaning
-0.018,0.102,0.804,20.037,-3.29,3.937,cleaning
-0.018,0.102,0.804,11.69,-7.665,5.25,cleaning
-0.025,0.144,0.805,11.69,-7.665,5.25,cleaning
-0.025,0.144,0.805,2.345,-10.342,5.845,cleaning
-0.066,0.139,0.863,2.345,-10.342,5.845,cleaning
-0.066,0.139,0.863,-4.742,-10.5,8.89,cleaning
-0.119,0.166,0.958,-4.742,-10.5,8.89,cleaning
-0.119,0.166,0.958,-4.672,-1.96,14.77,cleaning
-0.132,0.224,0.993,-4.672,-1.96,14.77,cleaning
-0.132,0.224,0.993,-2.922,-3.92,18.48,cleaning
-0.12,0.186,0.976,-2.922,-3.92,18.48,cleaning
-0.12,0.186,0.976,-1.277,-1.277,21.455,cleaning
-0.107,0.12,0.941,-1.277,-1.277,21.455,cleaning
-0.107,0.12,0.941,-0.63,4.462,21.402,cleaning
-0.07,0.092,0.932,-0.63,4.462,21.402,cleaning
-0.055,0.085,0.931,-0.63,4.462,21.402,cleaning
-0.055,0.085,0.931,-1.942,-1.522,17.867,cleaning
-0.029,0.106,0.875,-1.942,-1.522,17.867,cleaning
-0.029,0.106,0.875,-5.81,-12.127,13.02,cleaning
-0.031,0.125,0.882,-5.81,-12.127,13.02,cleaning
-0.031,0.125,0.882,-11.375,-18.392,10.92,cleaning
-0.065,0.142,0.891,-11.375,-18.392,10.92,cleaning
-0.065,0.142,0.891,-15.61,-10.587,13.527,cleaning
-0.097,0.074,0.924,-15.61,-10.587,13.527,cleaning
-0.097,0.074,0.924,-17.465,2.292,13.72,cleaning
-0.105,0.038,0.967,-17.465,2.292,13.72,cleaning
-0.105,0.038,0.967,-16.222,15.015,12.477,cleaning
-0.101,0.099,1.002,-16.222,15.015,12.477,cleaning
-0.101,0.099,1.002,-15.662,8.697,8.61,cleaning
-0.092,0.131,1.017,-15.662,8.697,8.61,cleaning
-0.092,0.131,1.017,-17.377,-11.392,2.765,cleaning
-0.094,0.151,1.026,-17.377,-11.392,2.765,cleaning
-0.134,0.208,1.113,-17.43,-24.255,0.735,cleaning
-0.208,0.184,1.199,-17.43,-24.255,0.735,cleaning
-0.208,0.184,1.199,-11.602,-30.782,-0.175,cleaning
-0.199,0.11,1.176,-11.602,-30.782,-0.175,cleaning
-0.199,0.11,1.176,-2.205,-35.927,-4.62,cleaning
-0.143,-0.002,1.078,-2.205,-35.927,-4.62,cleaning
-0.143,-0.002,1.078,4.515,-29.907,-6.72,cleaning
-0.139,0.001,0.957,4.515,-29.907,-6.72,cleaning
-0.139,0.001,0.957,6.195,-10.5,-5.39,cleaning
-0.147,0.113,0.923,6.195,-10.5,-5.39,cleaning
-0.147,0.113,0.923,4.48,6.597,0.682,cleaning
-0.191,0.271,0.978,4.48,6.597,0.682,cleaning
-0.191,0.271,0.978,4.62,5.67,7.402,cleaning
-0.236,0.309,1.026,4.62,5.67,7.402,cleaning
-0.236,0.309,1.026,10.027,-3.167,12.775,cleaning
-0.228,0.209,1.051,10.027,-3.167,12.775,cleaning
-0.228,0.209,1.051,18.567,-8.137,15.155,cleaning
-0.167,0.158,1.029,18.567,-8.137,15.155,cleaning
-0.12,0.162,0.987,22.435,-11.935,17.202,cleaning
-0.111,0.13,0.914,22.435,-11.935,17.202,cleaning
-0.111,0.13,0.914,22.785,-5.547,21.21,cleaning
-0.096,0.092,0.829,22.785,-5.547,21.21,cleaning
-0.096,0.092,0.829,19.267,0.787,22.12,cleaning
-0.112,0.062,0.781,19.267,0.787,22.12,cleaning
-0.112,0.062,0.781,11.97,4.007,21.297,cleaning
-0.122,0.078,0.83,11.97,4.007,21.297,cleaning
-0.122,0.078,0.83,4.462,0.42,19.582,cleaning
-0.119,0.097,0.845,4.462,0.42,19.582,cleaning
-0.119,0.097,0.845,-2.992,-11.235,16.485,cleaning
-0.123,0.084,0.863,-2.992,-11.235,16.485,cleaning
-0.123,0.084,0.863,-9.082,-17.78,14.192,cleaning
-0.135,0.078,0.844,-9.082,-17.78,14.192,cleaning
-0.135,0.078,0.844,-13.842,-16.975,12.827,cleaning
-0.146,0.064,0.863,-13.842,-16.975,12.827,cleaning
-0.146,0.064,0.863,-16.957,-15.47,10.692,cleaning
-0.162,0.059,0.86,-16.957,-15.47,10.692,cleaning
-0.17,0.058,0.86,-16.957,-15.47,10.692,cleaning
-0.17,0.058,0.86,-20.842,-23.607,5.372,cleaning
-0.185,0.014,0.88,-20.842,-23.607,5.372,cleaning
-0.185,0.014,0.88,-25.077,-36.977,-0.42,cleaning
-0.21,-0.055,0.879,-25.077,-36.977,-0.42,cleaning
-0.21,-0.055,0.879,-28.245,-40.862,-6.055,cleaning
-0.225,-0.104,0.888,-28.245,-40.862,-6.055,cleaning
-0.225,-0.104,0.888,-29.347,-31.605,-11.777,cleaning
-0.292,-0.074,0.977,-29.347,-31.605,-11.777,cleaning
-0.292,-0.074,0.977,-25.952,-11.812,-14.84,cleaning
-0.323,-0.02,1.03,-25.952,-11.812,-14.84,cleaning
-0.323,-0.02,1.03,-19.687,1.452,-18.602,cleaning
-0.347,0.018,1.108,-19.687,1.452,-18.602,cleaning
-0.347,0.018,1.108,-9.397,9.975,-20.457,cleaning
-0.397,0.095,1.15,-9.397,9.975,-20.457,cleaning
-0.397,0.095,1.15,2.362,14.997,-19.46,cleaning
-0.376,0.116,1.148,2.362,14.997,-19.46,cleaning
-0.376,0.116,1.148,10.92,4.917,-22.102,cleaning
-0.315,0.075,1.062,10.92,4.917,-22.102,cleaning
-0.252,0.015,0.967,10.92,4.917,-22.102,cleaning
-0.252,0.015,0.967,12.32,-2.817,-24.902,cleaning
-0.208,-0.021,0.866,12.32,-2.817,-24.902,cleaning
-0.208,-0.021,0.866,7.77,-1.207,-25.847,cleaning
-0.229,-0.033,0.816,7.77,-1.207,-25.847,cleaning
-0.229,-0.033,0.816,1.172,6.965,-27.632,cleaning
-0.232,-0.001,0.752,1.172,6.965,-27.632,cleaning
-0.232,-0.001,0.752,-7.385,3.395,-33.95,cleaning
-0.266,0.033,0.777,-7.385,3.395,-33.95,cleaning
-0.266,0.033,0.777,-12.827,8.557,-32.917,cleaning
-0.314,0.087,0.847,-12.827,8.557,-32.917,cleaning
-0.314,0.087,0.847,-13.387,0.682,-36.4,cleaning
-0.349,0.096,0.928,-13.387,0.682,-36.4,cleaning
-0.349,0.096,0.928,-11.812,-27.055,-44.135,cleaning
-0.369,-0.007,0.935,-11.812,-27.055,-44.135,cleaning
-0.369,-0.007,0.935,-9.327,-37.31,-49.14,cleaning
-0.357,-0.111,0.906,-9.327,-37.31,-49.14,cleaning
-0.357,-0.111,0.906,-4.427,-3.657,-41.895,cleaning
-0.37,-0.164,0.902,-4.427,-3.657,-41.895,cleaning
-0.394,-0.121,0.983,-4.427,-3.657,-41.895,cleaning
-0.394,-0.121,0.983,5.267,57.137,-29.19,cleaning
-0.365,0.043,0.982,5.267,57.137,-29.19,cleaning
-0.365,0.043,0.982,16.975,97.842,-21.507,cleaning
-0.35,0.22,1.036,16.975,97.842,-21.507,cleaning
-0.35,0.22,1.036,23.677,93.082,-19.757,cleaning
-0.345,0.305,1.066,23.677,93.082,-19.757,cleaning
-0.345,0.305,1.066,26.722,60.812,-21.297,cleaning
-0.341,0.261,1.066,26.722,60.812,-21.297,cleaning
-0.341,0.261,1.066,29.295,34.02,-22.505,cleaning
-0.314,0.19,1.016,29.295,34.02,-22.505,cleaning
-0.314,0.19,1.016,31.692,27.265,-20.79,cleaning
-0.268,0.18,0.962,31.692,27.265,-20.79,cleaning
-0.268,0.18,0.962,32.952,35.962,-16.467,cleaning
-0.256,0.301,0.976,32.952,35.962,-16.467,cleaning
-0.256,0.301,0.976,31.85,29.767,-13.247,cleaning
-0.265,0.34,0.988,31.85,29.767,-13.247,cleaning
-0.265,0.34,0.988,30.065,13.755,-12.775,cleaning
-0.253,0.267,0.951,30.065,13.755,-12.775,cleaning
-0.213,0.29,0.895,30.065,13.755,-12.775,cleaning
-0.213,0.29,0.895,28.122,8.26,-12.215,cleaning
-0.193,0.309,0.81,28.122,8.26,-12.215,cleaning
-0.193,0.309,0.81,21.77,-2.992,-13.02,cleaning
-0.182,0.293,0.777,21.77,-2.992,-13.02,cleaning
-0.182,0.293,0.777,10.692,-29.82,-17.587,cleaning
-0.205,0.246,0.767,10.692,-29.82,-17.587,cleaning
-0.205,0.246,0.767,0.91,-49.805,-20.65,cleaning
-0.261,0.201,0.782,0.91,-49.805,-20.65,cleaning
-0.261,0.201,0.782,-5.092,-62.317,-26.092,cleaning
-0.271,0.077,0.789,-5.092,-62.317,-26.092,cleaning
-0.271,0.077,0.789,-6.422,-56.49,-29.277,cleaning
-0.29,0.024,0.821,-6.422,-56.49,-29.277,cleaning
-0.29,0.024,0.821,-1.33,-22.032,-25.655,cleaning
-0.311,0.098,0.85,-1.33,-22.032,-25.655,cleaning
-0.311,0.098,0.85,5.67,10.132,-20.545,cleaning
-0.295,0.142,0.87,5.67,10.132,-20.545,cleaning
-0.268,0.21,0.836,12.512,36.855,-14.525,cleaning
-0.228,0.328,0.847,12.512,36.855,-14.525,cleaning
-0.228,0.328,0.847,15.172,52.29,-7.332,cleaning
-0.182,0.372,0.812,15.172,52.29,-7.332,cleaning
-0.182,0.372,0.812,11.007,38.797,-4.497,cleaning
-0.141,0.366,0.811,11.007,38.797,-4.497,cleaning
-0.141,0.366,0.811,2.502,6.335,-5.582,cleaning
-0.129,0.256,0.841,2.502,6.335,-5.582,cleaning
-0.129,0.256,0.841,-4.62,-17.937,-5.967,cleaning
-0.166,0.163,0.964,-4.62,-17.937,-5.967,cleaning
-0.166,0.163,0.964,-2.17,-10.395,-7,cleaning
-0.213,0.095,1.131,-2.17,-10.395,-7,cleaning
-0.213,0.095,1.131,19.337,35.175,-10.955,cleaning
-0.163,-0.058,1.2,19.337,35.175,-10.955,cleaning
-0.163,-0.058,1.2,47.127,80.045,-31.552,cleaning
-0.019,-0.09,1.082,47.127,80.045,-31.552,cleaning
-0.019,-0.09,1.082,59.115,84.21,-60.34,cleaning
0.056,-0.08,0.962,59.115,84.21,-60.34,cleaning
0.042,0.035,0.866,59.115,84.21,-60.34,cleaning
0.042,0.035,0.866,56.875,87.115,-77.385,cleaning
0,0.301,0.842,56.875,87.115,-77.385,cleaning
0,0.301,0.842,52.272,122.64,-71.032,cleaning
-0.026,0.636,0.842,52.272,122.64,-71.032,cleaning
-0.026,0.636,0.842,49.63,154.192,-51.327,cleaning
-0.02,0.914,0.775,49.63,154.192,-51.327,cleaning
-0.02,0.914,0.775,44.852,140.927,-31.202,cleaning
0.046,1.066,0.62,44.852,140.927,-31.202,cleaning
0.046,1.066,0.62,29.207,79.887,-15.347,cleaning
0.091,1.004,0.552,29.207,79.887,-15.347,cleaning
0.091,1.004,0.552,4.655,3.5,-5.88,cleaning
0.087,0.828,0.527,4.655,3.5,-5.88,cleaning
0.087,0.828,0.527,-17.237,-49.035,0.98,cleaning
0.034,0.683,0.575,-17.237,-49.035,0.98,cleaning
0.034,0.683,0.575,-31.395,-68.022,7.035,cleaning
-0.063,0.538,0.665,-31.395,-68.022,7.035,cleaning
-0.063,0.538,0.665,-35.682,-57.505,14.35,cleaning
-0.149,0.425,0.755,-35.682,-57.505,14.35,cleaning
-0.195,0.413,0.817,-35.682,-57.505,14.35,cleaning
-0.195,0.413,0.817,-32.795,-26.547,24.99,cleaning
-0.252,0.474,0.883,-32.795,-26.547,24.99,cleaning
-0.252,0.474,0.883,-29.347,13.37,39.427,cleaning
-0.281,0.586,0.927,-29.347,13.37,39.427,cleaning
-0.281,0.586,0.927,-28.315,42.472,53.357,cleaning
-0.267,0.63,0.983,-28.315,42.472,53.357,cleaning
-0.267,0.63,0.983,-29.96,47.11,67.287,cleaning
-0.29,0.634,1.052,-29.96,47.11,67.287,cleaning
-0.29,0.634,1.052,-34.982,28.402,77.542,cleaning
-0.307,0.501,1.1,-34.982,28.402,77.542,cleaning
-0.307,0.501,1.1,-40.25,-10.902,78.802,cleaning
-0.252,0.167,1.05,-40.25,-10.902,78.802,cleaning
-0.252,0.167,1.05,-47.215,-45.482,67.865,cleaning
-0.212,-0.114,1.052,-47.215,-45.482,67.865,cleaning
-0.212,-0.114,1.052,-51.537,-58.135,48.02,cleaning
-0.221,-0.278,1.137,-51.537,-58.135,48.02,cleaning
-0.221,-0.278,1.137,-43.137,-43.12,23.782,cleaning
-0.25,-0.314,1.25,-43.137,-43.12,23.782,cleaning
-0.26,-0.298,1.323,-43.137,-43.12,23.782,cleaning
-0.26,-0.298,1.323,-20.475,-15.312,-9.1,cleaning
-0.255,-0.367,1.273,-20.475,-15.312,-9.1,cleaning
-0.255,-0.367,1.273,8.312,11.83,-46.497,cleaning
-0.241,0.004,0.982,8.312,11.83,-46.497,cleaning
-0.241,0.004,0.982,33.075,80.902,-56.84,cleaning
-0.301,0.372,0.969,33.075,80.902,-56.84,cleaning
-0.301,0.372,0.969,44.992,102.987,-55.755,cleaning
-0.324,0.53,0.883,44.992,102.987,-55.755,cleaning
-0.324,0.53,0.883,45.395,45.36,-67.585,cleaning
-0.347,0.643,0.826,45.395,45.36,-67.585,cleaning
-0.347,0.643,0.826,41.65,-18.025,-72.73,cleaning
-0.385,0.584,0.795,41.65,-18.025,-72.73,cleaning
-0.385,0.584,0.795,41.282,-51.275,-71.26,cleaning
-0.391,0.439,0.744,41.282,-51.275,-71.26,cleaning
-0.391,0.439,0.744,43.715,-39.602,-65.082,cleaning
-0.363,0.355,0.752,43.715,-39.602,-65.082,cleaning
-0.363,0.355,0.752,49.735,0,-55.107,cleaning
-0.294,0.45,0.764,49.735,0,-55.107,cleaning
-0.158,0.638,0.661,49.735,0,-55.107,cleaning
-0.158,0.638,0.661,51.66,30.012,-44.975,cleaning
-0.101,0.857,0.666,51.66,30.012,-44.975,cleaning
-0.101,0.857,0.666,40.915,29.19,-31.115,cleaning
-0.154,1.025,0.76,40.915,29.19,-31.115,cleaning
-0.154,1.025,0.76,26.915,-2.52,-13.195,cleaning
-0.176,1.113,0.717,26.915,-2.52,-13.195,cleaning
-0.176,1.113,0.717,16.502,-33.757,12.442,cleaning
-0.196,1.15,0.724,16.502,-33.757,12.442,cleaning
-0.196,1.15,0.724,5.67,-65.415,40.617,cleaning
-0.209,1.151,0.684,5.67,-65.415,40.617,cleaning
-0.209,1.151,0.684,-10.465,-118.737,62.212,cleaning
-0.212,0.998,0.661,-10.465,-118.737,62.212,cleaning
-0.212,0.998,0.661,-28.98,-177.59,76.702,cleaning
-0.213,0.739,0.697,-28.98,-177.59,76.702,cleaning
-0.213,0.739,0.697,-42.455,-215.057,87.43,cleaning
-0.199,0.44,0.698,-42.455,-215.057,87.43,cleaning
-0.162,0.198,0.671,-55.072,-203.315,102.567,cleaning
-0.219,0.08,0.808,-55.072,-203.315,102.567,cleaning
-0.219,0.08,0.808,-72.922,-148.767,122.202,cleaning
-0.328,0.044,1.035,-72.922,-148.767,122.202,cleaning
-0.328,0.044,1.035,-81.952,-102.9,134.662,cleaning
-0.369,-0.117,1.107,-81.952,-102.9,134.662,cleaning
-0.369,-0.117,1.107,-77.647,-74.655,132.86,cleaning
-0.335,-0.43,1.072,-77.647,-74.655,132.86,cleaning
-0.335,-0.43,1.072,-67.725,-42.035,111.737,cleaning
-0.178,-0.694,0.924,-67.725,-42.035,111.737,cleaning
-0.178,-0.694,0.924,-60.637,21.385,82.757,cleaning
-0.102,-0.759,0.838,-60.637,21.385,82.757,cleaning
-0.102,-0.759,0.838,-53.06,121.94,53.322,cleaning
-0.229,-0.543,0.928,-53.06,121.94,53.322,cleaning
-0.229,-0.543,0.928,-36.382,181.65,11.095,cleaning
-0.332,-0.045,1.2,-36.382,181.65,11.095,cleaning
-0.332,-0.045,1.2,-8.995,118.702,-40.162,cleaning
-0.383,0.275,1.322,-8.995,118.702,-40.162,cleaning
-0.379,0.252,1.142,24.167,5.705,-80.657,cleaning
-0.38,0.062,0.748,24.167,5.705,-80.657,cleaning
-0.38,0.062,0.748,49.245,-49.28,-105.875,cleaning
-0.32,0.038,0.446,49.245,-49.28,-105.875,cleaning
-0.32,0.038,0.446,55.772,-31.552,-120.942,cleaning
-0.31,0.192,0.287,55.772,-31.552,-120.942,cleaning
-0.31,0.192,0.287,46.69,-0.262,-124.547,cleaning
-0.306,0.362,0.3,46.69,-0.262,-124.547,cleaning
-0.306,0.362,0.3,26.6,11.34,-116.182,cleaning
-0.375,0.531,0.499,26.6,11.34,-116.182,cleaning
-0.375,0.531,0.499,10.745,14.105,-95.427,cleaning
-0.496,0.72,0.736,10.745,14.105,-95.427,cleaning
-0.496,0.72,0.736,6.23,9.327,-72.922,cleaning
-0.501,0.85,0.863,6.23,9.327,-72.922,cleaning
-0.501,0.85,0.863,0.49,-33.95,-55.387,cleaning
-0.462,0.831,0.961,0.49,-33.95,-55.387,cleaning
-0.462,0.831,0.961,-5.11,-95.13,-35.227,cleaning
-0.49,0.566,1.049,-5.11,-95.13,-35.227,cleaning
-0.599,0.414,1.205,-5.11,-95.13,-35.227,cleaning
-0.599,0.414,1.205,3.832,-117.845,-6.632,cleaning
-0.48,0.535,1.102,3.832,-117.845,-6.632,cleaning
-0.48,0.535,1.102,19.967,-86.065,31.815,cleaning
-0.346,0.498,0.994,19.967,-86.065,31.815,cleaning
-0.346,0.498,0.994,18.235,-43.89,74.2,cleaning
-0.369,0.343,1.021,18.235,-43.89,74.2,cleaning
-0.369,0.343,1.021,6.667,-22.592,105.157,cleaning
-0.41,0.257,1.039,6.667,-22.592,105.157,cleaning
-0.41,0.257,1.039,-2.66,-22.015,124.145,cleaning
-0.361,0.283,0.999,-2.66,-22.015,124.145,cleaning
-0.361,0.283,0.999,-10.132,-19.11,138.25,cleaning
-0.346,0.231,0.988,-10.132,-19.11,138.25,cleaning
-0.346,0.231,0.988,-20.387,-10.622,144.637,cleaning
-0.358,0.052,1.004,-20.387,-10.622,144.637,cleaning
-0.358,0.052,1.004,-27.965,1.277,141.592,cleaning
-0.312,-0.249,1.054,-27.965,1.277,141.592,cleaning
-0.312,-0.249,1.054,-28.262,22.96,126.367,cleaning
-0.227,-0.567,1.038,-28.262,22.96,126.367,cleaning
-0.12,-0.758,0.936,-28.262,22.96,126.367,cleaning
-0.12,-0.758,0.936,-22.085,52.99,98,cleaning
-0.053,-0.724,0.788,-22.085,52.99,98,cleaning
-0.053,-0.724,0.788,-18.725,71.032,58.257,cleaning
-0.025,-0.501,0.687,-18.725,71.032,58.257,cleaning
-0.025,-0.501,0.687,-22.96,49,9.905,cleaning
-0.049,-0.245,0.664,-22.96,49,9.905,cleaning
-0.049,-0.245,0.664,-32.497,-11.34,-33.022,cleaning
-0.181,-0.24,0.719,-32.497,-11.34,-33.022,cleaning
-0.181,-0.24,0.719,-33.635,-48.86,-65.642,cleaning
-0.336,-0.326,0.984,-33.635,-48.86,-65.642,cleaning
-0.336,-0.326,0.984,-15.575,-42.332,-99.715,cleaning
-0.472,-0.204,1.167,-15.575,-42.332,-99.715,cleaning
-0.472,-0.204,1.167,17.832,-25.077,-127.697,cleaning
-0.486,-0.038,1.185,17.832,-25.077,-127.697,cleaning
-0.486,-0.038,1.185,48.667,-16.87,-147.577,cleaning
-0.453,0.095,1.051,48.667,-16.87,-147.577,cleaning
-0.453,0.095,1.051,67.13,2.362,-154.595,cleaning
-0.388,0.211,0.869,67.13,2.362,-154.595,cleaning
-0.318,0.407,0.757,67.13,2.362,-154.595,cleaning
-0.318,0.407,0.757,72.065,37.082,-142.695,cleaning
-0.277,0.622,0.799,72.065,37.082,-142.695,cleaning
-0.277,0.622,0.799,67.375,54.337,-120.26,cleaning
-0.211,0.79,0.901,67.375,54.337,-120.26,cleaning
-0.211,0.79,0.901,61.547,42.227,-95.707,cleaning
-0.16,0.824,0.945,61.547,42.227,-95.707,cleaning
-0.16,0.824,0.945,57.785,26.547,-68.582,cleaning
-0.141,0.908,1.089,57.785,26.547,-68.582,cleaning
-0.141,0.908,1.089,57.015,-6.895,-45.5,cleaning
-0.144,0.923,1.141,57.015,-6.895,-45.5,cleaning
-0.144,0.923,1.141,57.102,-77.105,-30.03,cleaning
-0.105,0.718,1.038,57.102,-77.105,-30.03,cleaning
-0.105,0.718,1.038,56.14,-134.12,-18.27,cleaning
-0.05,0.398,0.849,56.14,-134.12,-18.27,cleaning
-0.05,0.398,0.849,56.017,-118.58,-2.607,cleaning
-0.004,0.217,0.774,56.017,-118.58,-2.607,cleaning
-0.004,0.217,0.774,54.95,-50.802,23.432,cleaning
-0.007,0.162,0.847,54.95,-50.802,23.432,cleaning
-0.06,0.154,0.997,54.95,-50.802,23.432,cleaning
-0.06,0.154,0.997,51.502,-5.355,48.405,cleaning
-0.061,0.132,1.098,51.502,-5.355,48.405,cleaning
-0.061,0.132,1.098,51.187,2.94,65.922,cleaning
-0.012,0.082,1.047,51.187,2.94,65.922,cleaning
-0.012,0.082,1.047,55.212,16.887,79.835,cleaning
0.027,0.086,0.989,55.212,16.887,79.835,cleaning
0.027,0.086,0.989,58.747,51.887,94.01,cleaning
0.081,0.199,0.942,58.747,51.887,94.01,cleaning
0.081,0.199,0.942,54.39,67.777,105.822,cleaning
0.095,0.214,0.898,54.39,67.777,105.822,cleaning
0.095,0.214,0.898,41.09,52.202,115.15,cleaning
0.083,0.086,0.813,41.09,52.202,115.15,cleaning
0.083,0.086,0.813,23.415,35,120.837,cleaning
0.046,-0.07,0.765,23.415,35,120.837,cleaning
0.046,-0.07,0.765,6.667,40.897,124.67,cleaning
-0.024,-0.2,0.798,6.667,40.897,124.67,cleaning
-0.124,-0.346,0.875,-8.47,45.342,116.27,cleaning
-0.234,-0.456,0.997,-8.47,45.342,116.27,cleaning
-0.234,-0.456,0.997,-18.707,40.967,95.165,cleaning
-0.316,-0.507,1.117,-18.707,40.967,95.165,cleaning
-0.316,-0.507,1.117,-19.337,48.265,71.732,cleaning
-0.36,-0.491,1.189,-19.337,48.265,71.732,cleaning
-0.36,-0.491,1.189,-13.23,63.735,46.882,cleaning
-0.37,-0.404,1.129,-13.23,63.735,46.882,cleaning
-0.37,-0.404,1.129,-5.862,75.565,20.527,cleaning
-0.293,-0.172,0.988,-5.862,75.565,20.527,cleaning
-0.293,-0.172,0.988,-7.35,67.462,-1.417,cleaning
-0.202,0.056,0.953,-7.35,67.462,-1.417,cleaning
-0.202,0.056,0.953,-18.532,36.225,-14.227,cleaning
-0.221,0.049,1.039,-18.532,36.225,-14.227,cleaning
-0.221,0.049,1.039,-22.295,32.987,-22.662,cleaning
-0.234,-0.109,1.108,-22.295,32.987,-22.662,cleaning
-0.234,-0.109,1.108,-10.64,88.2,-28.42,cleaning
-0.207,-0.06,1.16,-10.64,88.2,-28.42,cleaning
-0.116,0.355,1.147,8.522,135.03,-34.895,cleaning
-0.023,0.635,1.112,8.522,135.03,-34.895,cleaning
-0.023,0.635,1.112,18.97,87.815,-50.155,cleaning
0.038,0.595,0.996,18.97,87.815,-50.155,cleaning
0.038,0.595,0.996,19.792,-5.617,-68.127,cleaning
0.041,0.335,0.934,19.792,-5.617,-68.127,cleaning
0.041,0.335,0.934,21.822,-52.045,-81.62,cleaning
0.012,0.171,0.95,21.822,-52.045,-81.62,cleaning
0.012,0.171,0.95,34.685,-35.945,-89.792,cleaning
0.008,0.237,0.92,34.685,-35.945,-89.792,cleaning
0.008,0.237,0.92,50.802,-9.992,-95.217,cleaning
0.026,0.457,0.829,50.802,-9.992,-95.217,cleaning
0.026,0.457,0.829,57.575,-13.807,-98.262,cleaning
0.072,0.613,0.737,57.575,-13.807,-98.262,cleaning
0.072,0.613,0.737,53.83,-30.52,-94.57,cleaning
0.089,0.707,0.696,53.83,-30.52,-94.57,cleaning
0.089,0.707,0.696,46.112,-41.615,-83.982,cleaning
0.095,0.772,0.709,46.112,-41.615,-83.982,cleaning
0.091,0.785,0.709,46.112,-41.615,-83.982,cleaning
0.091,0.785,0.709,39.375,-44.03,-66.517,cleaning
0.124,0.768,0.667,39.375,-44.03,-66.517,cleaning
0.124,0.768,0.667,31.57,-46.585,-47.827,cleaning
0.148,0.738,0.644,31.57,-46.585,-47.827,cleaning
0.148,0.738,0.644,20.825,-48.737,-28.735,cleaning
0.127,0.609,0.734,20.825,-48.737,-28.735,cleaning
0.127,0.609,0.734,12.495,-48.037,-13.422,cleaning
0.101,0.5,0.799,12.495,-48.037,-13.422,cleaning
0.101,0.5,0.799,12.582,-27.142,1.032,cleaning
0.099,0.458,0.824,12.582,-27.142,1.032,cleaning
0.099,0.458,0.824,16.065,1.155,13.93,cleaning
0.124,0.419,0.834,16.065,1.155,13.93,cleaning
0.124,0.419,0.834,16.432,17.395,24.22,cleaning
0.089,0.378,0.984,16.432,17.395,24.22,cleaning
0.089,0.378,0.984,20.685,23.695,31.622,cleaning
0.072,0.384,1.139,20.685,23.695,31.622,cleaning
0.072,0.384,1.139,30.082,19.565,36.68,cleaning
0.062,0.399,1.226,30.082,19.565,36.68,cleaning
0.13,0.418,1.145,30.082,19.565,36.68,cleaning
0.13,0.418,1.145,42.017,32.462,47.337,cleaning
0.226,0.533,1.018,42.017,32.462,47.337,cleaning
0.226,0.533,1.018,47.302,54.845,62.772,cleaning
0.261,0.543,0.972,47.302,54.845,62.772,cleaning
0.261,0.543,0.972,42.717,56.98,76.79,cleaning
0.301,0.514,0.972,42.717,56.98,76.79,cleaning
0.301,0.514,0.972,34.405,44.415,86.66,cleaning
0.419,0.547,1.04,34.405,44.415,86.66,cleaning
0.419,0.547,1.04,31.832,55.982,103.967,cleaning
0.521,0.6,1.11,31.832,55.982,103.967,cleaning
0.521,0.6,1.11,33.232,62.685,119.7,cleaning
0.561,0.538,1.009,33.232,62.685,119.7,cleaning
0.561,0.538,1.009,30.642,58.765,133.875,cleaning
0.574,0.512,0.798,30.642,58.765,133.875,cleaning
0.574,0.512,0.798,17.482,59.552,149.887,cleaning
0.547,0.464,0.639,17.482,59.552,149.887,cleaning
0.547,0.464,0.639,-5.04,63.35,163.362,cleaning
0.463,0.444,0.591,-5.04,63.35,163.362,cleaning
0.357,0.451,0.582,-5.04,63.35,163.362,cleaning
0.357,0.451,0.582,-31.832,61.197,170.082,cleaning
0.216,0.394,0.579,-31.832,61.197,170.082,cleaning
0.216,0.394,0.579,-64.365,49.595,172.042,cleaning
-0.021,0.403,0.67,-64.365,49.595,172.042,cleaning
-0.021,0.403,0.67,-101.517,38.85,171.517,cleaning
-0.354,0.233,0.908,-101.517,38.85,171.517,cleaning
-0.354,0.233,0.908,-132.615,-10.972,154.315,cleaning
-0.521,-0.091,0.972,-132.615,-10.972,154.315,cleaning
-0.521,-0.091,0.972,-147.437,-46.042,126.315,cleaning
-0.666,-0.303,1.08,-147.437,-46.042,126.315,cleaning
-0.666,-0.303,1.08,-144.112,-30.292,97.947,cleaning
-0.749,-0.39,1.204,-144.112,-30.292,97.947,cleaning
-0.749,-0.39,1.204,-126.77,15.715,71.557,cleaning
-0.72,-0.422,1.196,-126.77,15.715,71.557,cleaning
-0.72,-0.422,1.196,-107.922,64.575,42.367,cleaning
-0.635,-0.389,1.15,-107.922,64.575,42.367,cleaning
-0.497,-0.109,1.064,-89.915,112.962,17.255,cleaning
-0.411,0.204,1.059,-89.915,112.962,17.255,cleaning
-0.411,0.204,1.059,-71.82,170.922,4.112,cleaning
-0.381,0.55,1.275,-71.82,170.922,4.112,cleaning
-0.381,0.55,1.275,-48.335,192.307,-15.592,cleaning
-0.331,0.884,1.575,-48.335,192.307,-15.592,cleaning
-0.331,0.884,1.575,-12.18,126.385,-37.292,cleaning
-0.299,0.925,1.571,-12.18,126.385,-37.292,cleaning
-0.299,0.925,1.571,30.922,41.562,-51.082,cleaning
-0.228,0.779,1.41,30.922,41.562,-51.082,cleaning
-0.228,0.779,1.41,68.337,-11.532,-65.345,cleaning
-0.115,0.711,1.183,68.337,-11.532,-65.345,cleaning
-0.115,0.711,1.183,94.675,-36.015,-75.6,cleaning
-0.007,0.658,0.809,94.675,-36.015,-75.6,cleaning
-0.007,0.658,0.809,101.097,-48.545,-84.07,cleaning
0.023,0.695,0.675,101.097,-48.545,-84.07,cleaning
0.023,0.695,0.675,97.947,-73.57,-93.24,cleaning
0.092,0.668,0.58,97.947,-73.57,-93.24,cleaning
0.142,0.631,0.459,88.41,-114.66,-106.435,cleaning
0.111,0.579,0.431,88.41,-114.66,-106.435,cleaning
0.111,0.579,0.431,75.04,-135.31,-113.242,cleaning
0.152,0.475,0.407,75.04,-135.31,-113.242,cleaning
0.152,0.475,0.407,62.142,-148.137,-124.11,cleaning
0.147,0.382,0.399,62.142,-148.137,-124.11,cleaning
0.147,0.382,0.399,49.892,-145.81,-133.91,cleaning
0.121,0.321,0.37,49.892,-145.81,-133.91,cleaning
0.121,0.321,0.37,40.495,-130.655,-143.115,cleaning
0.101,0.261,0.424,40.495,-130.655,-143.115,cleaning
0.101,0.261,0.424,36.732,-96.075,-148.645,cleaning
0.072,0.3,0.541,36.732,-96.075,-148.645,cleaning
0.072,0.3,0.541,42.962,-48.755,-149.012,cleaning
0.05,0.393,0.565,42.962,-48.755,-149.012,cleaning
0.05,0.393,0.565,51.555,-6.825,-147.087,cleaning
0.043,0.504,0.535,51.555,-6.825,-147.087,cleaning
0.043,0.504,0.535,55.195,21.595,-140.175,cleaning
0.116,0.662,0.485,55.195,21.595,-140.175,cleaning
0.175,0.903,0.501,55.195,21.595,-140.175,cleaning
0.175,0.903,0.501,51.66,36.925,-126.962,cleaning
0.206,0.993,0.625,51.66,36.925,-126.962,cleaning
0.206,0.993,0.625,42.98,21.332,-116.567,cleaning
0.221,0.982,0.807,42.98,21.332,-116.567,cleaning
0.221,0.982,0.807,35.472,-12.582,-113.225,cleaning
0.184,0.984,0.917,35.472,-12.582,-113.225,cleaning
0.184,0.984,0.917,30.957,-38.307,-107.992,cleaning
0.157,1.024,0.778,30.957,-38.307,-107.992,cleaning
0.157,1.024,0.778,21.822,-45.342,-94.64,cleaning
0.118,1.008,0.851,21.822,-45.342,-94.64,cleaning
0.118,1.008,0.851,13.545,-27.982,-76.107,cleaning
-0.099,1.112,1.028,13.545,-27.982,-76.107,cleaning
-0.099,1.112,1.028,17.482,-12.6,-58.8,cleaning
-0.142,1.261,1.033,17.482,-12.6,-58.8,cleaning
-0.142,1.261,1.033,12.302,-50.995,-43.837,cleaning
-0.054,0.879,0.937,12.302,-50.995,-43.837,cleaning
-0.054,0.879,0.937,-6.475,-54.495,-9.905,cleaning
-0.129,0.574,0.779,-6.475,-54.495,-9.905,cleaning
-0.181,0.862,0.767,-6.475,-54.495,-9.905,cleaning
-0.181,0.862,0.767,-16.485,68.057,75.04,cleaning
-0.209,1.156,0.763,-16.485,68.057,75.04,cleaning
-0.209,1.156,0.763,-30.1,124.722,144.515,cleaning
-0.282,1.093,0.759,-30.1,124.722,144.515,cleaning
-0.282,1.093,0.759,-49.28,64.89,173.582,cleaning
-0.375,0.746,0.802,-49.28,64.89,173.582,cleaning
-0.375,0.746,0.802,-63.63,-40.582,178.762,cleaning
-0.394,0.126,0.807,-63.63,-40.582,178.762,cleaning
-0.394,0.126,0.807,-65.222,-91.07,180.512,cleaning
-0.376,-0.22,0.869,-65.222,-91.07,180.512,cleaning
-0.376,-0.22,0.869,-62.422,-73.692,181.51,cleaning
-0.368,-0.37,0.99,-62.422,-73.692,181.51,cleaning
-0.368,-0.37,0.99,-58.117,-49.997,177.8,cleaning
-0.424,-0.507,1.153,-58.117,-49.997,177.8,cleaning
-0.424,-0.507,1.153,-47.215,-28.595,164.115,cleaning
-0.431,-0.551,1.23,-47.215,-28.595,164.115,cleaning
-0.431,-0.551,1.23,-31.115,2.065,144.077,cleaning
-0.445,-0.567,1.298,-31.115,2.065,144.077,cleaning
-0.425,-0.528,1.294,-31.115,2.065,144.077,cleaning
-0.425,-0.528,1.294,-13.212,36.925,120.96,cleaning
-0.35,-0.41,1.214,-13.212,36.925,120.96,cleaning
-0.35,-0.41,1.214,2.1,68.565,100.94,cleaning
-0.28,-0.203,1.15,2.1,68.565,100.94,cleaning
-0.28,-0.203,1.15,8.33,89.005,85.732,cleaning
-0.286,-0.098,1.192,8.33,89.005,85.732,cleaning
-0.286,-0.098,1.192,9.905,75.687,66.727,cleaning
-0.285,-0.082,1.263,9.905,75.687,66.727,cleaning
-0.285,-0.082,1.263,14.77,28,38.57,cleaning
-0.208,-0.199,1.19,14.77,28,38.57,cleaning
-0.208,-0.199,1.19,22.067,6.212,13.545,cleaning
-0.075,-0.315,1.031,22.067,6.212,13.545,cleaning
-0.075,-0.315,1.031,25.812,48.335,-0.665,cleaning
0.053,-0.295,0.912,25.812,48.335,-0.665,cleaning
0.053,-0.295,0.912,23.537,109.725,-12.145,cleaning
0.167,-0.033,0.866,23.537,109.725,-12.145,cleaning
0.167,-0.033,0.866,14.577,128.992,-28.787,cleaning
0.204,0.246,0.922,14.577,128.992,-28.787,cleaning
0.2,0.395,1.075,14.577,128.992,-28.787,cleaning
0.2,0.395,1.075,9.152,107.94,-50.207,cleaning
0.235,0.461,1.151,9.152,107.94,-50.207,cleaning
0.235,0.461,1.151,14.332,74.427,-71.592,cleaning
0.248,0.544,1.197,14.332,74.427,-71.592,cleaning
0.248,0.544,1.197,27.51,50.907,-87.08,cleaning
0.209,0.703,1.164,27.51,50.907,-87.08,cleaning
0.209,0.703,1.164,46.742,40.442,-95.182,cleaning
0.174,0.878,1.044,46.742,40.442,-95.182,cleaning
0.174,0.878,1.044,63.367,15.505,-99.627,cleaning
0.161,0.998,0.935,63.367,15.505,-99.627,cleaning
0.161,0.998,0.935,72.817,-38.727,-104.65,cleaning
0.16,0.95,0.859,72.817,-38.727,-104.65,cleaning
0.16,0.95,0.859,76.58,-97.825,-112.28,cleaning
0.163,0.785,0.773,76.58,-97.825,-112.28,cleaning
0.163,0.785,0.773,76.212,-135.432,-121.432,cleaning
0.186,0.571,0.674,76.212,-135.432,-121.432,cleaning
0.195,0.429,0.625,72.152,-141.067,-130.427,cleaning
0.141,0.386,0.574,72.152,-141.067,-130.427,cleaning
0.141,0.386,0.574,67.165,-118.737,-136.657,cleaning
0.106,0.378,0.517,67.165,-118.737,-136.657,cleaning
0.106,0.378,0.517,63.455,-80.99,-138.705,cleaning
0.057,0.482,0.474,63.455,-80.99,-138.705,cleaning
0.057,0.482,0.474,61.915,-39.935,-138.425,cleaning
0.03,0.569,0.431,61.915,-39.935,-138.425,cleaning
0.03,0.569,0.431,61.53,-17.832,-140.63,cleaning
0.046,0.615,0.278,61.53,-17.832,-140.63,cleaning
0.046,0.615,0.278,54.652,-14.332,-149.065,cleaning
0.08,0.624,0.136,54.652,-14.332,-149.065,cleaning
0.08,0.624,0.136,36.382,-14.367,-161.577,cleaning
0.031,0.607,0.155,36.382,-14.367,-161.577,cleaning
0.031,0.607,0.155,17.885,5.897,-168.63,cleaning
-0.102,0.603,0.194,17.885,5.897,-168.63,cleaning
-0.102,0.603,0.194,7.332,70.262,-158.077,cleaning
-0.181,0.713,0.186,7.332,70.262,-158.077,cleaning
-0.23,0.945,0.277,7.332,70.262,-158.077,cleaning
-0.23,0.945,0.277,-0.7,153.527,-127.435,cleaning
-0.293,1.255,0.402,-0.7,153.527,-127.435,cleaning
-0.293,1.255,0.402,-4.305,223.79,-81.935,cleaning
-0.293,1.659,0.481,-4.305,223.79,-81.935,cleaning
-0.293,1.659,0.481,-5.127,250.285,-29.697,cleaning
-0.185,1.943,0.594,-5.127,250.285,-29.697,cleaning
-0.185,1.943,0.594,-23.607,156.38,1.802,cleaning
-0.155,1.714,0.733,-23.607,156.38,1.802,cleaning
-0.155,1.714,0.733,-56.542,-14.07,15.54,cleaning
-0.199,1.082,0.733,-56.542,-14.07,15.54,cleaning
-0.199,1.082,0.733,-78.155,-76.335,42.542,cleaning
-0.163,0.9,0.607,-78.155,-76.335,42.542,cleaning
-0.163,0.9,0.607,-88.567,-8.942,92.61,cleaning
-0.147,1.132,0.54,-88.567,-8.942,92.61,cleaning
-0.147,1.132,0.54,-107.012,11.9,123.672,cleaning
-0.227,1.207,0.562,-107.012,11.9,123.672,cleaning
-0.227,1.207,0.562,-127.225,-62.23,126.77,cleaning
-0.329,1.035,0.647,-127.225,-62.23,126.77,cleaning
-0.425,0.65,0.782,-127.225,-62.23,126.77,cleaning
-0.425,0.65,0.782,-136.937,-145.337,125.3,cleaning
-0.5,0.191,0.956,-136.937,-145.337,125.3,cleaning
-0.5,0.191,0.956,-128.975,-166.53,128.24,cleaning
-0.556,0.055,1.081,-128.975,-166.53,128.24,cleaning
-0.556,0.055,1.081,-103.302,-131.565,127.12,cleaning
-0.589,0.026,1.107,-103.302,-131.565,127.12,cleaning
-0.589,0.026,1.107,-77.49,-112.07,114.082,cleaning
-0.448,-0.201,1.04,-77.49,-112.07,114.082,cleaning
-0.448,-0.201,1.04,-65.537,-100.677,96.53,cleaning
-0.343,-0.239,1.06,-65.537,-100.677,96.53,cleaning
-0.343,-0.239,1.06,-63.175,-77.77,89.022,cleaning
-0.357,-0.132,1.152,-63.175,-77.77,89.022,cleaning
-0.357,-0.132,1.152,-65.012,-81.34,88.917,cleaning
-0.453,-0.122,1.245,-65.012,-81.34,88.917,cleaning
-0.453,-0.122,1.245,-63.63,-109.917,86.975,cleaning
-0.555,-0.184,1.314,-63.63,-109.917,86.975,cleaning
-0.555,-0.184,1.314,-52.727,-133.227,80.342,cleaning
-0.615,-0.231,1.35,-52.727,-133.227,80.342,cleaning
-0.627,-0.351,1.297,-52.727,-133.227,80.342,cleaning
-0.627,-0.351,1.297,-33.547,-137.112,69.265,cleaning
-0.555,-0.488,1.159,-33.547,-137.112,69.265,cleaning
-0.555,-0.488,1.159,-13.23,-104.352,56.682,cleaning
-0.452,-0.523,1.019,-13.23,-104.352,56.682,cleaning
-0.452,-0.523,1.019,0.682,-36.592,45.867,cleaning
-0.419,-0.441,0.924,0.682,-36.592,45.867,cleaning
-0.419,-0.441,0.924,6.352,36.102,34.3,cleaning
-0.384,-0.219,0.8,6.352,36.102,34.3,cleaning
-0.384,-0.219,0.8,4.567,87.202,23.52,cleaning
-0.352,0.146,0.725,4.567,87.202,23.52,cleaning
-0.352,0.146,0.725,-3.307,111.912,19.53,cleaning
-0.362,0.5,0.764,-3.307,111.912,19.53,cleaning
-0.362,0.5,0.764,-13.475,80.832,10.15,cleaning
-0.385,0.772,0.863,-13.475,80.832,10.15,cleaning
-0.385,0.772,0.863,-20.177,-17.36,-7.875,cleaning
-0.4,0.685,0.943,-20.177,-17.36,-7.875,cleaning
-0.4,0.685,0.943,-18.742,-115.657,-32.952,cleaning
-0.363,0.362,0.928,-18.742,-115.657,-32.952,cleaning
-0.306,0.041,0.9,-18.742,-115.657,-32.952,cleaning
-0.306,0.041,0.9,-10.78,-150.22,-58.8,cleaning
-0.291,-0.143,0.866,-10.78,-150.22,-58.8,cleaning
-0.291,-0.143,0.866,0.192,-124.18,-80.955,cleaning
-0.314,-0.167,0.825,0.192,-124.18,-80.955,cleaning
-0.314,-0.167,0.825,13.195,-62.772,-98.647,cleaning
-0.37,-0.053,0.83,13.195,-62.772,-98.647,cleaning
-0.37,-0.053,0.83,27.072,1.61,-113.207,cleaning
-0.399,0.103,0.823,27.072,1.61,-113.207,cleaning
-0.399,0.103,0.823,42.245,45.447,-125.965,cleaning
-0.406,0.278,0.8,42.245,45.447,-125.965,cleaning
-0.406,0.278,0.8,57.032,67.042,-134.837,cleaning
-0.391,0.388,0.744,57.032,67.042,-134.837,cleaning
-0.391,0.388,0.744,67.83,69.982,-142.957,cleaning
-0.311,0.508,0.657,67.83,69.982,-142.957,cleaning
-0.311,0.508,0.657,71.137,67.252,-146.947,cleaning
-0.272,0.638,0.587,71.137,67.252,-146.947,cleaning
-0.238,0.753,0.546,68.652,63.332,-150.097,cleaning
-0.171,0.904,0.498,68.652,63.332,-150.097,cleaning
-0.171,0.904,0.498,63.63,57.942,-150.657,cleaning
-0.071,1.128,0.462,63.63,57.942,-150.657,cleaning
-0.071,1.128,0.462,55.265,44.642,-142.275,cleaning
0.052,1.412,0.468,55.265,44.642,-142.275,cleaning
0.052,1.412,0.468,39.445,7.752,-125.457,cleaning
0.027,1.561,0.673,39.445,7.752,-125.457,cleaning
0.027,1.561,0.673,20.772,-53.742,-105.175,cleaning
-0.111,1.561,0.86,20.772,-53.742,-105.175,cleaning
-0.111,1.561,0.86,9.012,-126.542,-86.712,cleaning
-0.163,1.398,0.985,9.012,-126.542,-86.712,cleaning
-0.163,1.398,0.985,4.41,-165.497,-54.775,cleaning
-0.134,1.057,1.065,4.41,-165.497,-54.775,cleaning
-0.134,1.057,1.065,10.78,-132.16,-1.172,cleaning
-0.172,0.912,1.149,10.78,-132.16,-1.172,cleaning
-0.172,0.912,1.149,23.642,-67.707,53.042,cleaning
-0.179,0.752,1.116,23.642,-67.707,53.042,cleaning
-0.169,0.616,1.004,34.842,-9.222,91.507,cleaning
-0.127,0.649,0.873,34.842,-9.222,91.507,cleaning
-0.127,0.649,0.873,40.757,35.455,123.445,cleaning
-0.074,0.666,0.753,40.757,35.455,123.445,cleaning
-0.074,0.666,0.753,36.137,50.697,149.047,cleaning
-0.063,0.658,0.7,36.137,50.697,149.047,cleaning
-0.063,0.658,0.7,24.325,44.467,166.372,cleaning
-0.074,0.579,0.684,24.325,44.467,166.372,cleaning
-0.074,0.579,0.684,9.817,20.317,176.085,cleaning
-0.123,0.445,0.688,9.817,20.317,176.085,cleaning
-0.123,0.445,0.688,-3.797,-7.21,181.737,cleaning
-0.184,0.299,0.747,-3.797,-7.21,181.737,cleaning
-0.184,0.299,0.747,-13.142,-22.82,185.885,cleaning
-0.248,0.178,0.848,-13.142,-22.82,185.885,cleaning
-0.248,0.178,0.848,-20.562,-53.515,181.982,cleaning
-0.352,-0.109,0.916,-20.562,-53.515,181.982,cleaning
-0.352,-0.109,0.916,-23.222,-64.242,178.727,cleaning
-0.436,-0.342,0.964,-23.222,-64.242,178.727,cleaning
-0.503,-0.488,0.999,-23.222,-64.242,178.727,cleaning
-0.503,-0.488,0.999,-21.315,-41.107,175.77,cleaning
-0.567,-0.539,1.029,-21.315,-41.107,175.77,cleaning
-0.567,-0.539,1.029,-17.745,2.537,166.162,cleaning
-0.578,-0.517,1.06,-17.745,2.537,166.162,cleaning
-0.578,-0.517,1.06,-13.79,43.33,150.202,cleaning
-0.594,-0.45,1.105,-13.79,43.33,150.202,cleaning
-0.594,-0.45,1.105,-7.087,80.29,134.767,cleaning
-0.597,-0.379,1.186,-7.087,80.29,134.767,cleaning
-0.597,-0.379,1.186,5.162,109.252,116.76,cleaning
-0.516,-0.284,1.14,5.162,109.252,116.76,cleaning
-0.516,-0.284,1.14,16.17,121.082,90.02,cleaning
-0.417,-0.256,0.973,16.17,121.082,90.02,cleaning
-0.417,-0.256,0.973,18.375,131.005,63.315,cleaning
-0.327,-0.171,0.912,18.375,131.005,63.315,cleaning
-0.327,-0.171,0.912,14.157,128.345,38.22,cleaning
-0.275,-0.041,0.974,14.157,128.345,38.22,cleaning
-0.275,-0.041,0.974,8.47,95.2,9.695,cleaning
-0.262,0.017,1.06,8.47,95.2,9.695,cleaning
-0.184,0.154,1.088,8.47,95.2,9.695,cleaning
-0.184,0.154,1.088,6.125,69.93,-15.785,cleaning
-0.147,0.315,1.206,6.125,69.93,-15.785,cleaning
-0.147,0.315,1.206,4.707,63.21,-32.515,cleaning
-0.129,0.336,1.348,4.707,63.21,-32.515,cleaning
-0.129,0.336,1.348,5.792,31.325,-52.832,cleaning
-0.051,0.17,1.289,5.792,31.325,-52.832,cleaning
-0.051,0.17,1.289,4.112,-46.112,-86.082,cleaning
0.043,-0.128,1.107,4.112,-46.112,-86.082,cleaning
0.043,-0.128,1.107,-7.77,-112.455,-125.842,cleaning
0.099,-0.208,0.998,-7.77,-112.455,-125.842,cleaning
0.099,-0.208,0.998,-20.405,-103.145,-149.415,cleaning
0.049,-0.176,1.102,-20.405,-103.145,-149.415,cleaning
0.049,-0.176,1.102,-22.575,-68.687,-168.332,cleaning
-0.055,-0.034,1.312,-22.575,-68.687,-168.332,cleaning
-0.055,-0.034,1.312,-8.662,-60.865,-190.26,cleaning
-0.147,0.07,1.447,-8.662,-60.865,-190.26,cleaning
-0.147,0.07,1.447,16.66,-68.075,-210.892,cleaning
-0.158,0.071,1.384,16.66,-68.075,-210.892,cleaning
-0.123,0.141,1.145,16.66,-68.075,-210.892,cleaning
-0.123,0.141,1.145,43.697,-52.78,-222.967,cleaning
-0.122,0.282,0.934,43.697,-52.78,-222.967,cleaning
-0.122,0.282,0.934,64.365,-25.97,-224.122,cleaning
-0.111,0.352,0.724,64.365,-25.97,-224.122,cleaning
-0.111,0.352,0.724,74.69,-23.345,-226.852,cleaning
-0.091,0.366,0.553,74.69,-23.345,-226.852,cleaning
-0.091,0.366,0.553,76.23,-22.452,-226.537,cleaning
-0.119,0.483,0.491,76.23,-22.452,-226.537,cleaning
-0.119,0.483,0.491,73.99,-13.492,-219.152,cleaning
-0.211,0.771,0.549,73.99,-13.492,-219.152,cleaning
-0.211,0.771,0.549,73.955,-12.46,-203.21,cleaning
-0.311,1.154,0.655,73.955,-12.46,-203.21,cleaning
-0.311,1.154,0.655,76.93,-14.945,-169.33,cleaning
-0.45,1.488,0.76,76.93,-14.945,-169.33,cleaning
-0.45,1.488,0.76,83.107,-6.877,-118.405,cleaning
-0.566,1.498,0.776,83.107,-6.877,-118.405,cleaning
-0.46,1.294,0.602,89.985,29.75,-58.187,cleaning
-0.144,1.35,0.379,89.985,29.75,-58.187,cleaning
-0.144,1.35,0.379,86.205,73.325,1.592,cleaning
0.086,1.468,0.263,86.205,73.325,1.592,cleaning
0.086,1.468,0.263,56.717,75.512,57.225,cleaning
0.055,1.48,0.429,56.717,75.512,57.225,cleaning
0.055,1.48,0.429,19.372,27.737,96.915,cleaning
-0.034,1.166,0.651,19.372,27.737,96.915,cleaning
-0.034,1.166,0.651,-0.805,-17.85,122.167,cleaning
-0.008,0.906,0.797,-0.805,-17.85,122.167,cleaning
-0.008,0.906,0.797,0.332,-4.672,146.912,cleaning
0.055,0.831,0.868,0.332,-4.672,146.912,cleaning
0.055,0.831,0.868,5.215,31.99,172.357,cleaning
0.153,0.786,0.806,5.215,31.99,172.357,cleaning
0.153,0.786,0.806,2.1,59.587,193.235,cleaning
0.243,0.748,0.75,2.1,59.587,193.235,cleaning
0.243,0.748,0.75,-10.15,67.305,210.892,cleaning
0.264,0.656,0.815,-10.15,67.305,210.892,cleaning
0.274,0.394,0.856,-24.64,45.045,222.267,cleaning
0.303,0.108,0.833,-24.64,45.045,222.267,cleaning
0.303,0.108,0.833,-35.682,39.48,227.692,cleaning
0.258,0.136,0.876,-35.682,39.48,227.692,cleaning
0.258,0.136,0.876,-43.05,72.31,231.192,cleaning
0.119,0.358,1.044,-43.05,72.31,231.192,cleaning
0.119,0.358,1.044,-50.067,94.115,229.162,cleaning
-0.019,0.417,1.123,-50.067,94.115,229.162,cleaning
-0.019,0.417,1.123,-58.047,74.795,216.825,cleaning
-0.159,0.377,1.095,-58.047,74.795,216.825,cleaning
-0.159,0.377,1.095,-67.095,39.917,199.57,cleaning
-0.368,0.27,1.108,-67.095,39.917,199.57,cleaning
-0.368,0.27,1.108,-74.165,11.007,179.602,cleaning
-0.541,0.173,1.175,-74.165,11.007,179.602,cleaning
-0.541,0.173,1.175,-72.31,-2.205,161.892,cleaning
-0.711,0.084,1.28,-72.31,-2.205,161.892,cleaning
-0.711,0.084,1.28,-59.57,-4.602,144.025,cleaning
-0.778,-0.048,1.311,-59.57,-4.602,144.025,cleaning
-0.744,-0.213,1.241,-42.665,-5.04,120.557,cleaning
-0.65,-0.323,1.161,-42.665,-5.04,120.557,cleaning
-0.65,-0.323,1.161,-29.05,-10.08,85.225,cleaning
-0.524,-0.397,1.152,-29.05,-10.08,85.225,cleaning
-0.524,-0.397,1.152,-18.13,-19.845,39.2,cleaning
-0.411,-0.368,1.129,-18.13,-19.845,39.2,cleaning
-0.411,-0.368,1.129,-5.442,-8.312,-3.64,cleaning
-0.323,-0.142,1.155,-5.442,-8.312,-3.64,cleaning
-0.323,-0.142,1.155,8.312,5.53,-41.037,cleaning
-0.206,0.015,1.189,8.312,5.53,-41.037,cleaning
-0.206,0.015,1.189,19.337,-10.727,-77.315,cleaning
-0.121,0.055,1.21,19.337,-10.727,-77.315,cleaning
-0.121,0.055,1.21,28.595,-32.76,-110.46,cleaning
-0.031,0.07,1.159,28.595,-32.76,-110.46,cleaning
-0.031,0.07,1.159,36.732,-33.757,-134.12,cleaning
0.071,0.138,1.094,36.732,-33.757,-134.12,cleaning
0.071,0.138,1.094,43.172,-19.285,-149.782,cleaning
0.178,0.271,1.076,43.172,-19.285,-149.782,cleaning
0.233,0.318,1.111,43.172,-19.285,-149.782,cleaning
0.233,0.318,1.111,47.74,-29.347,-165.042,cleaning
0.302,0.287,1.051,47.74,-29.347,-165.042,cleaning
0.302,0.287,1.051,54.687,-37.152,-174.352,cleaning
0.363,0.323,0.982,54.687,-37.152,-174.352,cleaning
0.363,0.323,0.982,64.12,-26.495,-177.117,cleaning
0.433,0.388,0.908,64.12,-26.495,-177.117,cleaning
0.433,0.388,0.908,72.975,-21.017,-177.362,cleaning
0.499,0.454,0.863,72.975,-21.017,-177.362,cleaning
0.499,0.454,0.863,80.675,-31.062,-180.162,cleaning
0.563,0.477,0.756,80.675,-31.062,-180.162,cleaning
0.563,0.477,0.756,87.377,-42.63,-182.49,cleaning
0.703,0.5,0.534,87.377,-42.63,-182.49,cleaning
0.703,0.5,0.534,87.692,-31.027,-179.882,cleaning
0.859,0.681,0.46,87.692,-31.027,-179.882,cleaning
0.859,0.681,0.46,83.475,4.637,-164.605,cleaning
0.948,0.962,0.509,83.475,4.637,-164.605,cleaning
0.948,0.962,0.509,82.337,38.43,-140.35,cleaning
1.01,1.218,0.503,82.337,38.43,-140.35,cleaning
0.926,1.268,0.382,82.337,38.43,-140.35,cleaning
0.926,1.268,0.382,72.117,41.632,-118.44,cleaning
0.78,1.205,0.244,72.117,41.632,-118.44,cleaning
0.78,1.205,0.244,45.29,36.75,-104.457,cleaning
0.527,1.161,0.329,45.29,36.75,-104.457,cleaning
0.527,1.161,0.329,7.28,34.912,-92.102,cleaning
0.179,1.169,0.552,7.28,34.912,-92.102,cleaning
0.179,1.169,0.552,-22.207,38.692,-84.175,cleaning
-0.151,1.352,0.774,-22.207,38.692,-84.175,cleaning
-0.151,1.352,0.774,-40.127,47.985,-65.94,cleaning
-0.48,1.576,0.847,-40.127,47.985,-65.94,cleaning
-0.48,1.576,0.847,-56.49,25.34,-30.345,cleaning
-0.74,1.633,0.77,-56.49,25.34,-30.345,cleaning
-0.74,1.633,0.77,-75.845,-37.012,17.255,cleaning
-0.867,1.28,0.588,-75.845,-37.012,17.255,cleaning
-0.867,1.28,0.588,-91.175,-95.83,65.012,cleaning
-0.936,0.89,0.422,-91.175,-95.83,65.012,cleaning
-0.936,0.89,0.422,-95.077,-112.577,106.61,cleaning
-0.972,0.594,0.392,-95.077,-112.577,106.61,cleaning
-0.955,0.364,0.463,-95.077,-112.577,106.61,cleaning
-0.955,0.364,0.463,-91.332,-102.34,132.597,cleaning
-0.943,0.305,0.641,-91.332,-102.34,132.597,cleaning
-0.943,0.305,0.641,-80.447,-73.115,145.652,cleaning
-0.899,0.288,0.841,-80.447,-73.115,145.652,cleaning
-0.899,0.288,0.841,-62.177,-45.5,150.955,cleaning
-0.814,0.236,0.976,-62.177,-45.5,150.955,cleaning
-0.814,0.236,0.976,-39.287,-29.067,152.6,cleaning
-0.708,0.183,1.001,-39.287,-29.067,152.6,cleaning
-0.708,0.183,1.001,-18.217,-14.612,159.337,cleaning
-0.642,0.172,0.94,-18.217,-14.612,159.337,cleaning
-0.642,0.172,0.94,-6.107,-5.46,177.135,cleaning
-0.629,0.114,0.817,-6.107,-5.46,177.135,cleaning
-0.629,0.114,0.817,-5.022,10.517,198.117,cleaning
-0.703,0.102,0.865,-5.022,10.517,198.117,cleaning
-0.703,0.102,0.865,-2.345,21.402,206.867,cleaning
-0.835,0.033,1.016,-2.345,21.402,206.867,cleaning
-0.87,-0.141,1.102,15.872,29.662,196.052,cleaning
-0.669,-0.269,1.012,15.872,29.662,196.052,cleaning
-0.669,-0.269,1.012,43.61,59.535,165.795,cleaning
-0.396,-0.229,0.977,43.61,59.535,165.795,cleaning
-0.396,-0.229,0.977,64.015,106.33,127.487,cleaning
-0.12,-0.183,1.092,64.015,106.33,127.487,cleaning
-0.12,-0.183,1.092,74.287,102.795,77.035,cleaning
0.135,-0.228,1.125,74.287,102.795,77.035,cleaning
0.135,-0.228,1.125,76.195,53.497,19.337,cleaning
0.359,-0.344,1.132,76.195,53.497,19.337,cleaning
0.359,-0.344,1.132,74.585,20.965,-34.247,cleaning
0.531,-0.39,1.136,74.585,20.965,-34.247,cleaning
0.531,-0.39,1.136,70.21,21.595,-78.855,cleaning
0.712,-0.305,1.21,70.21,21.595,-78.855,cleaning
0.712,-0.305,1.21,66.132,25.182,-116.567,cleaning
0.847,-0.092,1.34,66.132,25.182,-116.567,cleaning
0.847,-0.092,1.34,69.492,9.52,-144.672,cleaning
0.973,0.098,1.388,69.492,9.52,-144.672,cleaning
1.014,0.235,1.335,75.792,-28.787,-162.26,cleaning
0.983,0.268,1.16,75.792,-28.787,-162.26,cleaning
0.983,0.268,1.16,79.642,-74.217,-172.252,cleaning
0.904,0.184,0.916,79.642,-74.217,-172.252,cleaning
0.904,0.184,0.916,77.28,-110.985,-178.99,cleaning
0.809,0.115,0.683,77.28,-110.985,-178.99,cleaning
0.809,0.115,0.683,68.11,-125.93,-186.987,cleaning
0.711,0.096,0.52,68.11,-125.93,-186.987,cleaning
0.711,0.096,0.52,55.44,-108.43,-193.41,cleaning
0.561,0.219,0.49,55.44,-108.43,-193.41,cleaning
0.561,0.219,0.49,45.955,-67.252,-194.407,cleaning
0.409,0.387,0.462,45.955,-67.252,-194.407,cleaning
0.409,0.387,0.462,48.195,-21.472,-193.655,cleaning
0.319,0.598,0.399,48.195,-21.472,-193.655,cleaning
0.319,0.598,0.399,58.345,37.957,-191.905,cleaning
0.059,1.383,0.328,58.345,37.957,-191.905,cleaning
0.059,1.383,0.328,66.412,88.935,-166.512,cleaning
-0.377,2.638,0.414,66.412,88.935,-166.512,cleaning
-0.681,3.469,0.341,66.412,88.935,-166.512,cleaning
-0.681,3.469,0.341,59.377,65.747,-97.755,cleaning
-0.812,3.077,0.111,59.377,65.747,-97.755,cleaning
-0.812,3.077,0.111,29.032,-47.757,-17.552,cleaning
-0.836,1.729,-0.308,29.032,-47.757,-17.552,cleaning
-0.836,1.729,-0.308,-11.007,-146.562,49.507,cleaning
-0.865,0.75,-0.466,-11.007,-146.562,49.507,cleaning
-0.865,0.75,-0.466,-41.475,-46.847,128.59,cleaning
-0.684,0.578,-0.204,-41.475,-46.847,128.59,cleaning
-0.684,0.578,-0.204,-67.795,124.162,193.637,cleaning
-0.595,0.842,0.299,-67.795,124.162,193.637,cleaning
-0.595,0.842,0.299,-92.557,212.24,228.27,cleaning
-0.555,1.02,0.756,-92.557,212.24,228.27,cleaning
-0.555,1.02,0.756,-104.86,225.89,242.917,cleaning
-0.481,1.154,1.302,-104.86,225.89,242.917,cleaning
-0.481,1.154,1.302,-115.657,148.435,242.112,cleaning
-0.299,0.843,1.854,-115.657,148.435,242.112,cleaning
-0.299,0.843,1.854,-144.917,-22.785,226.94,cleaning
-0.199,-0.244,2.468,-144.917,-22.785,226.94,cleaning
-0.372,-1.493,2.792,-144.917,-22.785,226.94,cleaning
-0.372,-1.493,2.792,-140.07,-129.5,187.512,cleaning
-0.239,-2.054,2.613,-140.07,-129.5,187.512,cleaning
-0.239,-2.054,2.613,-59.325,-70.402,107.415,cleaning
-0.062,-1.743,2.169,-59.325,-70.402,107.415,cleaning
-0.062,-1.743,2.169,31.78,8.085,2.38,cleaning
0.031,-1.242,1.656,31.78,8.085,2.38,cleaning
0.031,-1.242,1.656,92.505,17.132,-87.92,cleaning
-0.019,-0.673,1.087,92.505,17.132,-87.92,cleaning
-0.019,-0.673,1.087,125.65,45.237,-138.547,cleaning
-0.013,0.002,0.904,125.65,45.237,-138.547,cleaning
-0.013,0.002,0.904,132.352,-12.722,-176.242,cleaning
0.1,0.178,0.812,132.352,-12.722,-176.242,cleaning
0.1,0.178,0.812,110.04,-136.955,-212.607,cleaning
0.208,-0.081,0.803,110.04,-136.955,-212.607,cleaning
0.208,-0.081,0.803,79.607,-181.737,-234.937,cleaning
0.324,-0.204,0.869,79.607,-181.737,-234.937,cleaning
0.324,-0.204,0.869,57.96,-131.617,-239.732,cleaning
0.425,0.001,0.964,57.96,-131.617,-239.732,cleaning
0.429,0.444,1.127,57.96,-131.617,-239.732,cleaning
0.429,0.444,1.127,48.265,-61.547,-233.065,cleaning
0.415,0.966,1.174,48.265,-61.547,-233.065,cleaning
0.415,0.966,1.174,47.53,-36.155,-220.08,cleaning
0.434,1.222,0.924,47.53,-36.155,-220.08,cleaning
0.434,1.222,0.924,43.085,-57.767,-201.04,cleaning
0.51,1.29,0.498,43.085,-57.767,-201.04,cleaning
0.51,1.29,0.498,24.902,-66.762,-170.485,cleaning
0.467,1.385,0.346,24.902,-66.762,-170.485,cleaning
0.467,1.385,0.346,-10.64,-91.07,-138.985,cleaning
0.311,1.468,0.33,-10.64,-91.07,-138.985,cleaning
0.311,1.468,0.33,-52.395,-133.805,-113.627,cleaning
0.04,1.488,0.534,-52.395,-133.805,-113.627,cleaning
0.04,1.488,0.534,-76.37,-133,-85.05,cleaning
-0.399,1.392,0.86,-76.37,-133,-85.05,cleaning
-0.399,1.392,0.86,-62.877,-105.997,-59.92,cleaning
-0.681,1.327,1.016,-62.877,-105.997,-59.92,cleaning
-0.681,1.327,1.016,-31.57,-93.327,-40.46,cleaning
-0.616,1.199,0.798,-31.57,-93.327,-40.46,cleaning
-0.454,1.031,0.497,-31.57,-93.327,-40.46,cleaning
-0.454,1.031,0.497,-15.575,-103.337,-24.01,cleaning
-0.382,0.765,0.287,-15.575,-103.337,-24.01,cleaning
-0.382,0.765,0.287,-21.28,-125.877,-4.655,cleaning
-0.416,0.45,0.229,-21.28,-125.877,-4.655,cleaning
-0.416,0.45,0.229,-35.157,-128.152,19.512,cleaning
-0.538,0.19,0.303,-35.157,-128.152,19.512,cleaning
-0.538,0.19,0.303,-41.177,-82.81,51.45,cleaning
-0.646,0.26,0.431,-41.177,-82.81,51.45,cleaning
-0.646,0.26,0.431,-36.382,-6.3,93.38,cleaning
-0.709,0.545,0.613,-36.382,-6.3,93.38,cleaning
-0.709,0.545,0.613,-29.907,41.37,138.215,cleaning
-0.761,0.742,0.804,-29.907,41.37,138.215,cleaning
-0.761,0.742,0.804,-27.142,18.095,173.267,cleaning
-0.782,0.753,0.879,-27.142,18.095,173.267,cleaning
-0.782,0.753,0.879,-28.525,-36.242,207.322,cleaning
-0.858,0.615,0.956,-28.525,-36.242,207.322,cleaning
-0.96,0.412,0.985,-22.82,-64.05,242.48,cleaning
-0.982,0.281,0.933,-22.82,-64.05,242.48,cleaning
-0.982,0.281,0.933,-11.06,-49.21,271.04,cleaning
-0.956,0.239,0.917,-11.06,-49.21,271.04,cleaning
-0.956,0.239,0.917,-4.9,-18.112,293.317,cleaning
-0.888,0.152,0.94,-4.9,-18.112,293.317,cleaning
-0.888,0.152,0.94,-6.195,1.47,301.787,cleaning
-0.807,0.06,0.99,-6.195,1.47,301.787,cleaning
-0.807,0.06,0.99,-10.01,15.417,302.207,cleaning
-0.707,-0.092,1.095,-10.01,15.417,302.207,cleaning
-0.707,-0.092,1.095,-13.317,11.287,285.617,cleaning
-0.573,-0.339,1.18,-13.317,11.287,285.617,cleaning
-0.573,-0.339,1.18,-14.192,-12.687,250.705,cleaning
-0.395,-0.669,1.254,-14.192,-12.687,250.705,cleaning
-0.395,-0.669,1.254,-8.715,-18.217,210.525,cleaning
-0.263,-0.945,1.31,-8.715,-18.217,210.525,cleaning
-0.263,-0.945,1.31,2.607,0.28,165.042,cleaning
-0.19,-1.175,1.388,2.607,0.28,165.042,cleaning
-0.059,-1.347,1.375,2.607,0.28,165.042,cleaning
-0.059,-1.347,1.375,16.695,21.875,107.082,cleaning
0.084,-1.505,1.275,16.695,21.875,107.082,cleaning
0.084,-1.505,1.275,25.882,24.255,37.992,cleaning
0.23,-1.53,1.106,25.882,24.255,37.992,cleaning
0.23,-1.53,1.106,28.455,31.972,-29.295,cleaning
0.317,-1.343,1.021,28.455,31.972,-29.295,cleaning
0.317,-1.343,1.021,24.762,51.38,-87.447,cleaning
0.328,-0.947,1.038,24.762,51.38,-87.447,cleaning
0.328,-0.947,1.038,17.972,44.887,-135.012,cleaning
0.322,-0.614,1.167,17.972,44.887,-135.012,cleaning
0.322,-0.614,1.167,12.232,-5.547,-173.81,cleaning
0.297,-0.513,1.274,12.232,-5.547,-173.81,cleaning
0.297,-0.513,1.274,11.97,-60.112,-204.995,cleaning
0.292,-0.511,1.208,11.97,-60.112,-204.995,cleaning
0.292,-0.511,1.208,13.86,-74.34,-224.787,cleaning
0.236,-0.432,1.244,13.86,-74.34,-224.787,cleaning
0.236,-0.432,1.244,21,-59.36,-235.445,cleaning
0.149,-0.215,1.244,21,-59.36,-235.445,cleaning
0.104,-0.07,1.144,21,-59.36,-235.445,cleaning
0.104,-0.07,1.144,32.987,-38.605,-240.31,cleaning
0.049,0.035,1.023,32.987,-38.605,-240.31,cleaning
0.049,0.035,1.023,45.36,-3.92,-240.782,cleaning
-0.069,0.233,0.991,45.36,-3.92,-240.782,cleaning
-0.069,0.233,0.991,58.905,31.132,-236.722,cleaning
-0.108,0.512,0.772,58.905,31.132,-236.722,cleaning
-0.108,0.512,0.772,72.205,66.675,-220.377,cleaning
-0.053,0.79,0.57,72.205,66.675,-220.377,cleaning
-0.053,0.79,0.57,66.167,85.505,-198.24,cleaning
-0.048,1.013,0.4,66.167,85.505,-198.24,cleaning
-0.048,1.013,0.4,34.702,75.635,-175.192,cleaning
-0.165,1.265,0.413,34.702,75.635,-175.192,cleaning
-0.165,1.265,0.413,0.315,90.195,-133.927,cleaning
-0.415,1.454,0.59,0.315,90.195,-133.927,cleaning
-0.415,1.454,0.59,-13.265,108.325,-89.022,cleaning
-0.573,1.587,0.853,-13.265,108.325,-89.022,cleaning
-0.573,1.587,0.853,-8.557,91.525,-41.335,cleaning
-0.541,1.66,0.971,-8.557,91.525,-41.335,cleaning
-0.483,1.515,0.815,-8.557,91.525,-41.335,cleaning
-0.483,1.515,0.815,-3.202,29.172,5.845,cleaning
-0.379,1.279,0.585,-3.202,29.172,5.845,cleaning
-0.379,1.279,0.585,-6.317,-41.755,45.57,cleaning
-0.298,0.947,0.368,-6.317,-41.755,45.57,cleaning
-0.298,0.947,0.368,-18.095,-97.947,76.195,cleaning
-0.344,0.678,0.246,-18.095,-97.947,76.195,cleaning
-0.344,0.678,0.246,-34.79,-108.307,103.425,cleaning
-0.505,0.552,0.302,-34.79,-108.307,103.425,cleaning
-0.505,0.552,0.302,-49.052,-63.647,131.372,cleaning
-0.658,0.691,0.447,-49.052,-63.647,131.372,cleaning
-0.658,0.691,0.447,-61.95,-1.172,164.237,cleaning
-0.702,0.93,0.638,-61.95,-1.172,164.237,cleaning
-0.702,0.93,0.638,-77.612,23.94,202.125,cleaning
-0.677,1.083,0.724,-77.612,23.94,202.125,cleaning
-0.677,1.083,0.724,-100.94,-2.082,240.677,cleaning
-0.721,1.096,0.803,-100.94,-2.082,240.677,cleaning
-0.721,1.096,0.803,-123.935,-52.185,275.59,cleaning
-0.802,0.933,0.872,-123.935,-52.185,275.59,cleaning
-0.896,0.685,0.908,-123.935,-52.185,275.59,cleaning
-0.896,0.685,0.908,-132.842,-76.93,306.302,cleaning
-0.929,0.51,0.916,-132.842,-76.93,306.302,cleaning
-0.929,0.51,0.916,-126.962,-59.552,330.207,cleaning
-0.928,0.434,0.876,-126.962,-59.552,330.207,cleaning
-0.928,0.434,0.876,-118.055,-30.782,341.267,cleaning
-0.847,0.349,0.825,-118.055,-30.782,341.267,cleaning
-0.847,0.349,0.825,-116.515,-25.602,336.997,cleaning
-0.752,0.144,0.837,-116.515,-25.602,336.997,cleaning
-0.752,0.144,0.837,-118.475,-61.162,312.917,cleaning
-0.69,-0.262,0.969,-118.475,-61.162,312.917,cleaning
-0.69,-0.262,0.969,-108.675,-92.522,282.59,cleaning
-0.659,-0.879,1.127,-108.675,-92.522,282.59,cleaning
-0.659,-0.879,1.127,-80.92,-97.527,231.262,cleaning
-0.472,-1.46,1.151,-80.92,-97.527,231.262,cleaning
-0.472,-1.46,1.151,-45.85,-58.87,161.122,cleaning
-0.275,-1.773,1.212,-45.85,-58.87,161.122,cleaning
-0.108,-2.056,1.351,-10.36,-30.397,67.637,cleaning
0.111,-2.21,1.183,-10.36,-30.397,67.637,cleaning
0.111,-2.21,1.183,25.235,-32.042,-46.007,cleaning
0.153,-1.491,1.127,25.235,-32.042,-46.007,cleaning
0.153,-1.491,1.127,56.875,75.915,-118.702,cleaning
0.22,-0.724,1.47,56.875,75.915,-118.702,cleaning
0.22,-0.724,1.47,94.815,115.937,-178.062,cleaning
0.254,-0.037,1.474,94.815,115.937,-178.062,cleaning
0.254,-0.037,1.474,138.495,89.775,-209.755,cleaning
0.251,0.424,1.213,138.495,89.775,-209.755,cleaning
0.251,0.424,1.213,162.995,59.85,-209.65,cleaning
0.307,0.635,0.819,162.995,59.85,-209.65,cleaning
0.307,0.635,0.819,142.555,22.592,-199.062,cleaning
0.162,0.669,0.641,142.555,22.592,-199.062,cleaning
0.162,0.669,0.641,103.67,31.132,-176.47,cleaning
0.02,0.9,0.716,103.67,31.132,-176.47,cleaning
0.02,0.9,0.716,71.942,54.582,-133.91,cleaning
-0.094,1.164,0.8,71.942,54.582,-133.91,cleaning
-0.155,1.315,0.863,47.477,54.512,-89.985,cleaning
-0.131,1.5,0.908,47.477,54.512,-89.985,cleaning
-0.131,1.5,0.908,26.39,29.715,-51.782,cleaning
-0.21,1.439,0.829,26.39,29.715,-51.782,cleaning
-0.21,1.439,0.829,7.63,-6.405,-11.392,cleaning
-0.138,1.193,0.685,7.63,-6.405,-11.392,cleaning
-0.138,1.193,0.685,-10.377,-50.575,16.135,cleaning
-0.085,0.891,0.548,-10.377,-50.575,16.135,cleaning
-0.085,0.891,0.548,-29.837,-81.042,32.602,cleaning
-0.081,0.705,0.494,-29.837,-81.042,32.602,cleaning
-0.081,0.705,0.494,-49.402,-82.88,49.717,cleaning
-0.204,0.569,0.584,-49.402,-82.88,49.717,cleaning
-0.204,0.569,0.584,-65.747,-69.965,72.205,cleaning
-0.315,0.484,0.708,-65.747,-69.965,72.205,cleaning
-0.315,0.484,0.708,-76.79,-45.692,102.882,cleaning
-0.373,0.523,0.701,-76.79,-45.692,102.882,cleaning
-0.373,0.523,0.701,-85.645,-1.977,139.79,cleaning
-0.418,0.756,0.657,-85.645,-1.977,139.79,cleaning
-0.542,0.996,0.698,-85.645,-1.977,139.79,cleaning
-0.542,0.996,0.698,-99.33,22.4,174.3,cleaning
-0.686,1.09,0.772,-99.33,22.4,174.3,cleaning
-0.686,1.09,0.772,-114.327,-7.087,199.325,cleaning
-0.749,0.927,0.805,-114.327,-7.087,199.325,cleaning
-0.749,0.927,0.805,-122.465,-72.275,213.377,cleaning
-0.741,0.649,0.746,-122.465,-72.275,213.377,cleaning
-0.741,0.649,0.746,-123.777,-124.04,224.227,cleaning
-0.723,0.315,0.734,-123.777,-124.04,224.227,cleaning
-0.723,0.315,0.734,-119.42,-129.71,232.697,cleaning
-0.646,0.01,0.723,-119.42,-129.71,232.697,cleaning
-0.646,0.01,0.723,-113.977,-94.115,235.637,cleaning
-0.554,-0.195,0.774,-113.977,-94.115,235.637,cleaning
-0.554,-0.195,0.774,-108.99,-43.172,227.202,cleaning
-0.444,-0.271,0.83,-108.99,-43.172,227.202,cleaning
-0.444,-0.271,0.83,-106.89,-4.83,202.65,cleaning
-0.369,-0.321,0.917,-106.89,-4.83,202.65,cleaning
-0.369,-0.321,0.917,-105.332,13.825,164.185,cleaning
-0.314,-0.303,1.045,-105.332,13.825,164.185,cleaning
-0.306,-0.416,1.182,-105.332,13.825,164.185,cleaning
-0.306,-0.416,1.182,-96.53,15.837,121.327,cleaning
-0.3,-0.626,1.232,-96.53,15.837,121.327,cleaning
-0.3,-0.626,1.232,-82.04,-8.365,69.982,cleaning
-0.264,-0.87,1.197,-82.04,-8.365,69.982,cleaning
-0.264,-0.87,1.197,-69.037,-57.82,6.895,cleaning
-0.367,-1.275,1.205,-69.037,-57.82,6.895,cleaning
-0.367,-1.275,1.205,-58.257,-95.742,-63.787,cleaning
-0.393,-1.226,0.945,-58.257,-95.742,-63.787,cleaning
-0.393,-1.226,0.945,-43.89,-49.262,-119.577,cleaning
-0.397,-0.708,0.921,-43.89,-49.262,-119.577,cleaning
-0.397,-0.708,0.921,-30.1,10.482,-154.577,cleaning
-0.444,-0.497,0.975,-30.1,10.482,-154.577,cleaning
-0.444,-0.497,0.975,-21.805,-27.737,-206.92,cleaning
-0.521,-0.48,0.89,-21.805,-27.737,-206.92,cleaning
-0.521,-0.48,0.89,-13.597,-40.845,-246.995,cleaning
-0.689,-0.402,0.915,-13.597,-40.845,-246.995,cleaning
-0.689,-0.402,0.915,5.04,-3.325,-272.825,cleaning
-0.826,-0.295,0.839,5.04,-3.325,-272.825,cleaning
-0.867,0.047,0.645,5.04,-3.325,-272.825,cleaning
-0.867,0.047,0.645,29.522,49.175,-294.035,cleaning
-0.937,0.743,0.57,29.522,49.175,-294.035,cleaning
-0.937,0.743,0.57,44.485,95.865,-296.1,cleaning
-1.03,1.436,0.668,44.485,95.865,-296.1,cleaning
-1.03,1.436,0.668,45.045,107.852,-266.98,cleaning
-1.055,1.694,0.69,45.045,107.852,-266.98,cleaning
-1.055,1.694,0.69,29.575,74.077,-213.832,cleaning
-0.872,1.559,0.507,29.575,74.077,-213.832,cleaning
-0.872,1.559,0.507,-8.312,9.625,-152.792,cleaning
-0.728,1.174,0.422,-8.312,9.625,-152.792,cleaning
-0.728,1.174,0.422,-57.172,-50.19,-91.682,cleaning
-0.775,0.708,0.656,-57.172,-50.19,-91.682,cleaning
-0.775,0.708,0.656,-86.642,-80.412,-43.33,cleaning
-0.85,0.471,1.059,-86.642,-80.412,-43.33,cleaning
-0.85,0.471,1.059,-78.015,-51.73,2.502,cleaning
-0.85,0.344,1.326,-78.015,-51.73,2.502,cleaning
-0.85,0.344,1.326,-44.205,34.387,36.54,cleaning
-0.696,0.295,1.33,-44.205,34.387,36.54,cleaning
-0.424,0.45,1.171,-44.205,34.387,36.54,cleaning
-0.424,0.45,1.171,-9.87,132.44,59.937,cleaning
-0.187,0.575,1.021,-9.87,132.44,59.937,cleaning
-0.187,0.575,1.021,7.227,165.97,71.452,cleaning
0.038,0.567,0.916,7.227,165.97,71.452,cleaning
0.038,0.567,0.916,10.57,137.357,78.592,cleaning
0.21,0.444,0.84,10.57,137.357,78.592,cleaning
0.21,0.444,0.84,3.78,79.625,89.355,cleaning
0.315,0.221,0.807,3.78,79.625,89.355,cleaning
0.315,0.221,0.807,-10.395,30.485,106.942,cleaning
0.301,-0.017,0.889,-10.395,30.485,106.942,cleaning
0.301,-0.017,0.889,-24.727,-0.455,125.615,cleaning
0.195,-0.218,0.983,-24.727,-0.455,125.615,cleaning
0.195,-0.218,0.983,-34.09,-18.847,136.937,cleaning
0.082,-0.429,1.034,-34.09,-18.847,136.937,cleaning
0.082,-0.429,1.034,-39.952,-27.79,134.102,cleaning
-0.009,-0.542,1.073,-39.952,-27.79,134.102,cleaning
-0.039,-0.267,0.96,-42.91,-26.005,122.92,cleaning
-0.198,-0.222,0.992,-42.91,-26.005,122.92,cleaning
-0.198,-0.222,0.992,-49.437,-40.547,107.8,cleaning
-0.635,-1.029,1.129,-49.437,-40.547,107.8,cleaning
-0.635,-1.029,1.129,-53.007,-121.065,46.095,cleaning
-0.925,-1.513,1.069,-53.007,-121.065,46.095,cleaning
-0.925,-1.513,1.069,-35.105,-149.73,-46.357,cleaning
-1.101,-1.326,0.993,-35.105,-149.73,-46.357,cleaning
-1.101,-1.326,0.993,-6.352,-73.885,-115.955,cleaning
-1.234,-0.88,0.877,-6.352,-73.885,-115.955,cleaning
-1.234,-0.88,0.877,19.162,28.332,-159.162,cleaning
-1.392,-0.385,0.766,19.162,28.332,-159.162,cleaning
-1.392,-0.385,0.766,35.962,87.482,-188.895,cleaning
-1.452,-0.006,0.589,35.962,87.482,-188.895,cleaning
-1.452,-0.006,0.589,39.742,86.047,-206.22,cleaning
-1.417,0.269,0.41,39.742,86.047,-206.22,cleaning
-1.417,0.269,0.41,29.347,73.535,-205.292,cleaning
-1.347,0.561,0.303,29.347,73.535,-205.292,cleaning
-1.24,0.899,0.331,10.675,59.43,-186.462,cleaning
-1.09,1.136,0.42,10.675,59.43,-186.462,cleaning
-1.09,1.136,0.42,-9.502,41.982,-150.727,cleaning
-0.837,1.273,0.477,-9.502,41.982,-150.727,cleaning
-0.837,1.273,0.477,-25.322,24.85,-108.587,cleaning
-0.571,1.203,0.549,-25.322,24.85,-108.587,cleaning
-0.571,1.203,0.549,-36.26,17.657,-66.902,cleaning
-0.399,1.131,0.732,-36.26,17.657,-66.902,cleaning
-0.399,1.131,0.732,-36.4,29.557,-28.472,cleaning
-0.295,1.068,0.882,-36.4,29.557,-28.472,cleaning
-0.295,1.068,0.882,-24.097,47.022,8.417,cleaning
-0.198,0.926,0.953,-24.097,47.022,8.417,cleaning
-0.198,0.926,0.953,-9.607,61.757,46.445,cleaning
-0.068,0.805,0.971,-9.607,61.757,46.445,cleaning
-0.068,0.805,0.971,-1.12,67.952,89.932,cleaning
0.056,0.707,0.974,-1.12,67.952,89.932,cleaning
0.056,0.707,0.974,-1.75,56.07,134.715,cleaning
0.119,0.583,1.001,-1.75,56.07,134.715,cleaning
0.109,0.433,1.045,-1.75,56.07,134.715,cleaning
0.109,0.433,1.045,-8.942,24.99,172.882,cleaning
-0.013,0.287,1.106,-8.942,24.99,172.882,cleaning
-0.013,0.287,1.106,-16.66,-10.447,202.3,cleaning
-0.162,0.062,1.184,-16.66,-10.447,202.3,cleaning
-0.162,0.062,1.184,-20.23,-45.43,218.505,cleaning
-0.286,-0.182,1.238,-20.23,-45.43,218.505,cleaning
-0.286,-0.182,1.238,-14.087,-71.61,218.54,cleaning
-0.352,-0.347,1.212,-14.087,-71.61,218.54,cleaning
-0.352,-0.347,1.212,0.035,-79.502,206.22,cleaning
-0.388,-0.356,1.128,0.035,-79.502,206.22,cleaning
-0.388,-0.356,1.128,13.3,-76.457,184.887,cleaning
-0.487,-0.574,1.046,13.3,-76.457,184.887,cleaning
-0.487,-0.574,1.046,21.455,-90.842,135.152,cleaning
-0.671,-1.03,1.006,21.455,-90.842,135.152,cleaning
-0.671,-1.03,1.006,31.587,-109.235,39.13,cleaning
-0.878,-1.205,0.849,31.587,-109.235,39.13,cleaning
-0.878,-1.205,0.849,48.09,-77.857,-73.395,cleaning
-1.25,-0.861,0.722,48.09,-77.857,-73.395,cleaning
-1.587,-0.475,0.631,48.09,-77.857,-73.395,cleaning
-1.587,-0.475,0.631,69.65,-2.992,-152.075,cleaning
-1.722,-0.142,0.466,69.65,-2.992,-152.075,cleaning
-1.722,-0.142,0.466,86.712,58.782,-189.332,cleaning
-1.65,0.247,0.344,86.712,58.782,-189.332,cleaning
-1.65,0.247,0.344,81.515,67.742,-201.162,cleaning
-1.461,0.777,0.38,81.515,67.742,-201.162,cleaning
-1.461,0.777,0.38,56.07,31.675,-194.355,cleaning
-1.18,1.229,0.533,56.07,31.675,-194.355,cleaning
-1.18,1.229,0.533,27.562,5.092,-161.7,cleaning
-0.774,1.371,0.668,27.562,5.092,-161.7,cleaning
-0.774,1.371,0.668,10.692,23.345,-111.93,cleaning
-0.266,1.535,0.735,10.692,23.345,-111.93,cleaning
-0.266,1.535,0.735,9.047,67.97,-59.097,cleaning
0.15,1.733,0.822,9.047,67.97,-59.097,cleaning
0.15,1.733,0.822,16.852,81.707,-6.405,cleaning
0.362,1.702,0.755,16.852,81.707,-6.405,cleaning
0.362,1.702,0.755,21.472,53.322,41.86,cleaning
0.452,1.298,0.639,21.472,53.322,41.86,cleaning
0.472,0.758,0.541,21.472,53.322,41.86,cleaning
0.472,0.758,0.541,14.192,25.165,85.767,cleaning
0.489,0.31,0.532,14.192,25.165,85.767,cleaning
0.489,0.31,0.532,-1.26,36.33,132.877,cleaning
0.455,0.107,0.643,-1.26,36.33,132.877,cleaning
0.455,0.107,0.643,-22.942,69.125,174.562,cleaning
0.276,0.222,0.983,-22.942,69.125,174.562,cleaning
0.276,0.222,0.983,-45.727,59.692,199.885,cleaning
-0.073,0.231,1.366,-45.727,59.692,199.885,cleaning
-0.073,0.231,1.366,-53.392,-15.19,199.815,cleaning
-0.412,-0.077,1.655,-53.392,-15.19,199.815,cleaning
-0.412,-0.077,1.655,-35.787,-80.815,175.857,cleaning
-0.648,-0.46,1.714,-35.787,-80.815,175.857,cleaning
-0.648,-0.46,1.714,-1.015,-96.81,125.825,cleaning
-0.791,-0.633,1.531,-1.015,-96.81,125.825,cleaning
-0.791,-0.633,1.531,34.037,-76.422,57.102,cleaning
-0.851,-0.549,1.196,34.037,-76.422,57.102,cleaning
-0.889,-0.247,0.872,59.727,-26.285,-8.925,cleaning
-0.963,0.182,0.694,59.727,-26.285,-8.925,cleaning
-0.963,0.182,0.694,68.722,6.475,-55.79,cleaning
-1.044,0.505,0.63,68.722,6.475,-55.79,cleaning
-1.044,0.505,0.63,63.42,-11.567,-80.132,cleaning
-0.996,0.67,0.565,63.42,-11.567,-80.132,cleaning
-0.996,0.67,0.565,51.66,-32.48,-80.605,cleaning
-0.839,0.73,0.558,51.66,-32.48,-80.605,cleaning
-0.839,0.73,0.558,38.535,-14.21,-64.575,cleaning
-0.557,0.892,0.544,38.535,-14.21,-64.575,cleaning
-0.557,0.892,0.544,25.865,27.16,-41.265,cleaning
-0.226,0.972,0.563,25.865,27.16,-41.265,cleaning
-0.226,0.972,0.563,13.3,55.3,-20.737,cleaning
0.03,0.96,0.603,13.3,55.3,-20.737,cleaning
0.03,0.96,0.603,3.185,66.395,-4.147,cleaning
0.176,0.888,0.613,3.185,66.395,-4.147,cleaning
0.176,0.888,0.613,-6.212,65.922,14.245,cleaning
0.296,0.695,0.599,-6.212,65.922,14.245,cleaning
0.344,0.483,0.668,-18.392,63.98,35.595,cleaning
0.33,0.324,0.828,-18.392,63.98,35.595,cleaning
0.33,0.324,0.828,-29.872,56.805,55.527,cleaning
0.255,0.196,1.05,-29.872,56.805,55.527,cleaning
0.255,0.196,1.05,-34.877,33.005,67.182,cleaning
0.11,0.067,1.237,-34.877,33.005,67.182,cleaning
0.11,0.067,1.237,-30.765,-13.055,64.365,cleaning
-0.102,-0.2,1.392,-30.765,-13.055,64.365,cleaning
-0.102,-0.2,1.392,-13.93,-55.282,43.505,cleaning
-0.267,-0.351,1.368,-13.93,-55.282,43.505,cleaning
-0.267,-0.351,1.368,14.507,-42.507,11.76,cleaning
-0.342,-0.053,1.187,14.507,-42.507,11.76,cleaning
-0.342,-0.053,1.187,42.262,10.955,-11.707,cleaning
-0.372,0.299,1.03,42.262,10.955,-11.707,cleaning
-0.372,0.299,1.03,60.55,32.48,-33.18,cleaning
-0.402,0.477,0.89,60.55,32.48,-33.18,cleaning
-0.402,0.477,0.89,65.275,-3.272,-58.135,cleaning
-0.479,0.466,0.774,65.275,-3.272,-58.135,cleaning
-0.58,0.339,0.769,65.275,-3.272,-58.135,cleaning
-0.58,0.339,0.769,61.057,-44.17,-80.237,cleaning
-0.599,0.391,0.745,61.057,-44.17,-80.237,cleaning
-0.599,0.391,0.745,58.117,-29.61,-85.662,cleaning
-0.542,0.669,0.757,58.117,-29.61,-85.662,cleaning
-0.542,0.669,0.757,53.935,6.422,-74.077,cleaning
-0.483,0.848,0.781,53.935,6.422,-74.077,cleaning
-0.483,0.848,0.781,42.962,11.83,-56.315,cleaning
-0.397,0.911,0.782,42.962,11.83,-56.315,cleaning
-0.397,0.911,0.782,28.367,-0.892,-37.765,cleaning
-0.31,0.878,0.792,28.367,-0.892,-37.765,cleaning
-0.31,0.878,0.792,16.677,-7.175,-20.79,cleaning
-0.193,0.758,0.803,16.677,-7.175,-20.79,cleaning
-0.193,0.758,0.803,10.15,-2.467,-8.505,cleaning
-0.081,0.687,0.828,10.15,-2.467,-8.505,cleaning
-0.081,0.687,0.828,8.855,6.527,-0.787,cleaning
0.046,0.646,0.807,8.855,6.527,-0.787,cleaning
0.046,0.646,0.807,9.362,14.437,7.437,cleaning
0.178,0.572,0.762,9.362,14.437,7.437,cleaning
0.286,0.469,0.708,9.362,14.437,7.437,cleaning
0.286,0.469,0.708,6.527,15.82,17.815,cleaning
0.311,0.373,0.675,6.527,15.82,17.815,cleaning
0.311,0.373,0.675,-1.26,11.13,29.365,cleaning
0.305,0.297,0.687,-1.26,11.13,29.365,cleaning
0.305,0.297,0.687,-10.185,6.912,40.46,cleaning
0.26,0.263,0.734,-10.185,6.912,40.46,cleaning
0.26,0.263,0.734,-17.132,0.56,47.355,cleaning
0.174,0.225,0.796,-17.132,0.56,47.355,cleaning
0.174,0.225,0.796,-19.775,-10.342,46.287,cleaning
0.049,0.223,0.839,-19.775,-10.342,46.287,cleaning
0.049,0.223,0.839,-17.15,-10.64,37.73,cleaning
-0.105,0.271,0.896,-17.15,-10.64,37.73,cleaning
-0.105,0.271,0.896,-9.73,-2.065,22.995,cleaning
-0.253,0.388,0.944,-9.73,-2.065,22.995,cleaning
-0.253,0.388,0.944,2.275,7.647,8.417,cleaning
-0.365,0.485,0.973,2.275,7.647,8.417,cleaning
-0.365,0.485,0.973,15.627,11.812,-3.027,cleaning
-0.399,0.522,0.965,15.627,11.812,-3.027,cleaning
-0.374,0.482,0.94,15.627,11.812,-3.027,cleaning
-0.374,0.482,0.94,28.472,13.387,-11.9,cleaning
-0.314,0.433,0.87,28.472,13.387,-11.9,cleaning
-0.314,0.433,0.87,39.462,16.8,-18.322,cleaning
-0.307,0.412,0.797,39.462,16.8,-18.322,cleaning
-0.307,0.412,0.797,44.1,23.975,-23.537,cleaning
-0.297,0.505,0.768,44.1,23.975,-23.537,cleaning
-0.297,0.505,0.768,42.262,31.237,-27.422,cleaning
-0.223,0.584,0.781,42.262,31.237,-27.422,cleaning
-0.223,0.584,0.781,37.38,28.665,-29.312,cleaning
-0.219,0.634,0.854,37.38,28.665,-29.312,cleaning
-0.219,0.634,0.854,32.62,16.572,-28.595,cleaning
-0.232,0.56,0.878,32.62,16.572,-28.595,cleaning
-0.232,0.56,0.878,28.245,4.935,-29.802,cleaning
-0.215,0.467,0.854,28.245,4.935,-29.802,cleaning
-0.215,0.467,0.854,24.377,7.332,-31.43,cleaning
-0.209,0.442,0.836,24.377,7.332,-31.43,cleaning
-0.192,0.45,0.82,21.035,12.74,-34.16,cleaning
-0.175,0.465,0.827,21.035,12.74,-34.16,cleaning
-0.175,0.465,0.827,18.13,12.337,-38.972,cleaning
-0.17,0.43,0.856,18.13,12.337,-38.972,cleaning
-0.17,0.43,0.856,18.532,10.377,-44.45,cleaning
-0.173,0.403,0.878,18.532,10.377,-44.45,cleaning
-0.173,0.403,0.878,22.662,8.995,-52.115,cleaning
-0.161,0.398,0.872,22.662,8.995,-52.115,cleaning
-0.161,0.398,0.872,28.787,9.52,-59.937,cleaning
-0.137,0.42,0.851,28.787,9.52,-59.937,cleaning
-0.137,0.42,0.851,34.615,12.757,-65.537,cleaning
-0.122,0.447,0.832,34.615,12.757,-65.537,cleaning
-0.122,0.447,0.832,39.305,11.392,-70.577,cleaning
-0.107,0.469,0.82,39.305,11.392,-70.577,cleaning
-0.107,0.469,0.82,42.857,8.435,-75.057,cleaning
-0.091,0.515,0.816,42.857,8.435,-75.057,cleaning
-0.091,0.515,0.816,46.865,11.55,-75.512,cleaning
-0.076,0.581,0.826,46.865,11.55,-75.512,cleaning
-0.062,0.628,0.846,51.485,11.83,-73.57,cleaning
-0.059,0.592,0.843,51.485,11.83,-73.57,cleaning
-0.059,0.592,0.843,56.21,4.357,-72.607,cleaning
-0.057,0.551,0.818,56.21,4.357,-72.607,cleaning
-0.057,0.551,0.818,60.882,1.435,-72.782,cleaning
-0.024,0.544,0.766,60.882,1.435,-72.782,cleaning
-0.024,0.544,0.766,64.225,8.995,-70.892,cleaning
0.013,0.595,0.726,64.225,8.995,-70.892,cleaning
0.013,0.595,0.726,64.085,14.717,-66.535,cleaning
0.041,0.66,0.737,64.085,14.717,-66.535,cleaning
0.041,0.66,0.737,62.37,13.667,-59.01,cleaning
0.05,0.695,0.78,62.37,13.667,-59.01,cleaning
0.05,0.695,0.78,62.597,13.772,-47.53,cleaning
0.063,0.712,0.803,62.597,13.772,-47.53,cleaning
0.063,0.712,0.803,63.665,11.655,-34.527,cleaning
0.102,0.717,0.773,63.665,11.655,-34.527,cleaning
0.102,0.717,0.773,61.6,7.997,-20.09,cleaning
0.152,0.719,0.7,61.6,7.997,-20.09,cleaning
0.181,0.758,0.664,54.722,10.08,-3.465,cleaning
0.188,0.82,0.669,54.722,10.08,-3.465,cleaning
0.188,0.82,0.669,45.535,15.837,13.755,cleaning
0.085,0.867,0.879,45.535,15.837,13.755,cleaning
0.085,0.867,0.879,39.27,10.92,28.682,cleaning
0.007,0.755,1.052,39.27,10.92,28.682,cleaning
0.007,0.755,1.052,43.802,-17.325,32.655,cleaning
0.024,0.595,1.026,43.802,-17.325,32.655,cleaning
0.024,0.595,1.026,57.05,-26.355,33.25,cleaning
0.069,0.548,0.906,57.05,-26.355,33.25,cleaning
0.069,0.548,0.906,68.565,-7.63,38.01,cleaning
0.123,0.55,0.757,68.565,-7.63,38.01,cleaning
0.123,0.55,0.757,70.735,5.407,43.61,cleaning
0.198,0.556,0.612,70.735,5.407,43.61,cleaning
0.198,0.556,0.612,61.67,10.255,51.082,cleaning
0.275,0.604,0.487,61.67,10.255,51.082,cleaning
0.275,0.604,0.487,43.907,15.645,63.717,cleaning
0.368,0.643,0.369,43.907,15.645,63.717,cleaning
0.433,0.704,0.294,43.907,15.645,63.717,cleaning
0.433,0.704,0.294,18.9,32.007,83.737,cleaning
0.455,0.782,0.322,18.9,32.007,83.737,cleaning
0.455,0.782,0.322,-10.885,44.222,106.015,cleaning
0.388,0.735,0.481,-10.885,44.222,106.015,cleaning
0.388,0.735,0.481,-36.155,33.845,118.79,cleaning
0.341,0.647,0.62,-36.155,33.845,118.79,cleaning
0.341,0.647,0.62,-48.597,14.07,120.505,cleaning
0.323,0.556,0.711,-48.597,14.07,120.505,cleaning
0.323,0.556,0.711,-48.807,15.12,119.577,cleaning
0.314,0.55,0.78,-48.807,15.12,119.577,cleaning
0.314,0.55,0.78,-42,29.627,117.512,cleaning
0.288,0.586,0.867,-42,29.627,117.512,cleaning
0.288,0.586,0.867,-31.482,34.212,112.84,cleaning
0.28,0.588,0.871,-31.482,34.212,112.84,cleaning
0.28,0.588,0.871,-22.26,28.402,106.102,cleaning
0.297,0.57,0.806,-22.26,28.402,106.102,cleaning
0.297,0.57,0.806,-18.165,26.985,98.577,cleaning
0.286,0.544,0.775,-18.165,26.985,98.577,cleaning
0.271,0.578,0.796,-18.165,26.985,98.577,cleaning
0.271,0.578,0.796,-18.007,29.347,89.005,cleaning
0.186,0.633,0.957,-18.007,29.347,89.005,cleaning
0.186,0.633,0.957,-17.5,30.275,79.31,cleaning
0.132,0.737,1.078,-17.5,30.275,79.31,cleaning
0.132,0.737,1.078,-10.027,23.817,69.685,cleaning
0.143,0.876,1.068,-10.027,23.817,69.685,cleaning
0.143,0.876,1.068,0.28,17.36,66.412,cleaning
0.093,0.907,1.137,0.28,17.36,66.412,cleaning
0.093,0.907,1.137,10.832,7.192,66.15,cleaning
0.015,0.729,1.266,10.832,7.192,66.15,cleaning
0.015,0.729,1.266,23.327,-41.562,48.37,cleaning
-0.076,0.427,1.259,23.327,-41.562,48.37,cleaning
-0.076,0.427,1.259,34.352,-78.942,19.547,cleaning
-0.107,0.201,1.193,34.352,-78.942,19.547,cleaning
-0.107,0.201,1.193,41.51,-79.712,-8.067,cleaning
-0.057,0.135,1.042,41.51,-79.712,-8.067,cleaning
-0.057,0.135,1.042,40.11,-62.247,-28.63,cleaning
0,0.203,0.872,40.11,-62.247,-28.63,cleaning
-0.009,0.328,0.812,40.11,-62.247,-28.63,cleaning
-0.009,0.328,0.812,30.257,-51.047,-44.765,cleaning
-0.008,0.466,0.81,30.257,-51.047,-44.765,cleaning
-0.008,0.466,0.81,17.867,-70.297,-62.405,cleaning
0.004,0.448,0.798,17.867,-70.297,-62.405,cleaning
0.004,0.448,0.798,9.1,-105.63,-76.387,cleaning
0.023,0.372,0.795,9.1,-105.63,-76.387,cleaning
0.023,0.372,0.795,3.482,-137.357,-89.985,cleaning
0.025,0.251,0.804,3.482,-137.357,-89.985,cleaning
0.025,0.251,0.804,0.052,-164.885,-106.802,cleaning
0.001,0.182,0.856,0.052,-164.885,-106.802,cleaning
0.001,0.182,0.856,2.502,-153.125,-118.072,cleaning
-0.042,0.307,0.981,2.502,-153.125,-118.072,cleaning
-0.042,0.307,0.981,15.225,-114.887,-118.667,cleaning
-0.051,0.533,1.027,15.225,-114.887,-118.667,cleaning
-0.051,0.533,1.027,31.727,-77.245,-104.72,cleaning
0.027,0.757,0.903,31.727,-77.245,-104.72,cleaning
0.139,0.93,0.715,39.375,-48.142,-79.292,cleaning
0.352,1.004,0.533,39.375,-48.142,-79.292,cleaning
0.352,1.004,0.533,29.75,-34.387,-48.51,cleaning
0.631,1.001,0.485,29.75,-34.387,-48.51,cleaning
0.631,1.001,0.485,4.06,-23.695,-16.485,cleaning
0.839,0.978,0.489,4.06,-23.695,-16.485,cleaning
0.839,0.978,0.489,-23.835,-6.685,13.877,cleaning
0.984,0.863,0.469,-23.835,-6.685,13.877,cleaning
0.984,0.863,0.469,-45.797,16.765,42.28,cleaning
1.061,0.72,0.468,-45.797,16.765,42.28,cleaning
1.061,0.72,0.468,-62.247,47.512,69.37,cleaning
1.074,0.56,0.485,-62.247,47.512,69.37,cleaning
1.074,0.56,0.485,-76.877,73.43,95.375,cleaning
1.037,0.37,0.447,-76.877,73.43,95.375,cleaning
1.037,0.37,0.447,-95.112,89.67,119.122,cleaning
0.944,0.204,0.422,-95.112,89.67,119.122,cleaning
0.944,0.204,0.422,-118.282,95.917,136.675,cleaning
0.802,0.027,0.467,-118.282,95.917,136.675,cleaning
0.61,-0.091,0.592,-141.96,86.38,139.177,cleaning
0.439,-0.108,0.761,-141.96,86.38,139.177,cleaning
0.439,-0.108,0.761,-156.905,70.07,126.805,cleaning
0.301,-0.062,0.985,-156.905,70.07,126.805,cleaning
0.301,-0.062,0.985,-160.562,36.067,99.032,cleaning
0.173,-0.116,1.232,-160.562,36.067,99.032,cleaning
0.173,-0.116,1.232,-148.732,-26.985,56.98,cleaning
0.09,-0.429,1.294,-148.732,-26.985,56.98,cleaning
0.09,-0.429,1.294,-121.38,-95.707,-1.802,cleaning
0.065,-0.812,1.184,-121.38,-95.707,-1.802,cleaning
0.065,-0.812,1.184,-87.867,-124.267,-76.772,cleaning
-0.066,-0.879,1.13,-87.867,-124.267,-76.772,cleaning
-0.066,-0.879,1.13,-51.922,-84.7,-149.537,cleaning
-0.353,-0.723,1.183,-51.922,-84.7,-149.537,cleaning
-0.353,-0.723,1.183,-10.342,-9.45,-217.332,cleaning
-0.627,-0.24,1.304,-10.342,-9.45,-217.332,cleaning
-0.627,-0.24,1.304,33.477,36.522,-262.272,cleaning
-0.954,0.194,1.491,33.477,36.522,-262.272,cleaning
-1.21,0.44,1.458,33.477,36.522,-262.272,cleaning
-1.21,0.44,1.458,77.997,60.305,-281.767,cleaning
-1.235,0.651,1.173,77.997,60.305,-281.767,cleaning
-1.235,0.651,1.173,115.43,99.802,-272.125,cleaning
-1.051,0.762,0.759,115.43,99.802,-272.125,cleaning
-1.051,0.762,0.759,129.237,135.345,-244.195,cleaning
-0.877,0.809,0.486,129.237,135.345,-244.195,cleaning
-0.877,0.809,0.486,111.125,131.932,-217.035,cleaning
-0.779,0.853,0.386,111.125,131.932,-217.035,cleaning
-0.779,0.853,0.386,73.99,98.717,-188.107,cleaning
-0.769,0.955,0.524,73.99,98.717,-188.107,cleaning
-0.769,0.955,0.524,35.91,51.677,-154.157,cleaning
-0.858,1.073,0.783,35.91,51.677,-154.157,cleaning
-0.858,1.073,0.783,19.11,14.542,-109.375,cleaning
-0.818,1.044,0.783,19.11,14.542,-109.375,cleaning
-0.818,1.044,0.783,19.425,-2.677,-62.037,cleaning
-0.707,1.023,0.667,19.425,-2.677,-62.037,cleaning
-0.707,1.023,0.667,22.19,-22.4,-21.665,cleaning
-0.611,1.028,0.593,22.19,-22.4,-21.665,cleaning
-0.546,0.95,0.459,22.19,-22.4,-21.665,cleaning
-0.546,0.95,0.459,21.997,-61.092,9.345,cleaning
-0.484,0.839,0.395,21.997,-61.092,9.345,cleaning
-0.484,0.839,0.395,17.062,-86.1,34.107,cleaning
-0.447,0.759,0.429,17.062,-86.1,34.107,cleaning
-0.447,0.759,0.429,15.365,-76.072,56.297,cleaning
-0.358,0.69,0.458,15.365,-76.072,56.297,cleaning
-0.358,0.69,0.458,20.265,-47.617,72.502,cleaning
-0.179,0.653,0.436,20.265,-47.617,72.502,cleaning
-0.179,0.653,0.436,22.715,-20.055,82.285,cleaning
-0.029,0.656,0.453,22.715,-20.055,82.285,cleaning
-0.029,0.656,0.453,16.59,-8.102,89.582,cleaning
0.111,0.612,0.523,16.59,-8.102,89.582,cleaning
0.111,0.612,0.523,5.6,-6.895,95.882,cleaning
0.256,0.539,0.617,5.6,-6.895,95.882,cleaning
0.256,0.539,0.617,-9.24,-8.627,99.942,cleaning
0.381,0.49,0.731,-9.24,-8.627,99.942,cleaning
0.381,0.49,0.731,-29.487,-15.33,105.297,cleaning
0.454,0.428,0.911,-29.487,-15.33,105.297,cleaning
0.441,0.273,1.146,-29.487,-15.33,105.297,cleaning
0.441,0.273,1.146,-49.665,-22.085,112.157,cleaning
0.42,0.106,1.301,-49.665,-22.085,112.157,cleaning
0.42,0.106,1.301,-57.26,-10.482,113.977,cleaning
0.438,0.01,1.302,-57.26,-10.482,113.977,cleaning
0.438,0.01,1.302,-53.672,17.08,108.745,cleaning
0.45,0.012,1.221,-53.672,17.08,108.745,cleaning
0.45,0.012,1.221,-48.247,37.87,96.74,cleaning
0.408,-0.008,1.139,-48.247,37.87,96.74,cleaning
0.408,-0.008,1.139,-47.197,31.272,78.435,cleaning
0.364,-0.166,1.008,-47.197,31.272,78.435,cleaning
0.364,-0.166,1.008,-52.132,-1.715,48.72,cleaning
0.398,-0.329,0.813,-52.132,-1.715,48.72,cleaning
0.398,-0.329,0.813,-59.517,-23.24,15.102,cleaning
0.333,-0.445,0.821,-59.517,-23.24,15.102,cleaning
0.333,-0.445,0.821,-66.045,-32.147,-27.632,cleaning
0.067,-0.742,1.116,-66.045,-32.147,-27.632,cleaning
-0.138,-0.848,1.323,-55.457,-49.612,-96.722,cleaning
-0.446,-0.67,1.513,-55.457,-49.612,-96.722,cleaning
-0.446,-0.67,1.513,-24.22,-32.637,-156.082,cleaning
-0.841,-0.409,1.609,-24.22,-32.637,-156.082,cleaning
-0.841,-0.409,1.609,17.762,15.96,-194.057,cleaning
-1.122,-0.078,1.489,17.762,15.96,-194.057,cleaning
-1.122,-0.078,1.489,64.172,89.355,-205.467,cleaning
-1.181,0.371,1.176,64.172,89.355,-205.467,cleaning
-1.181,0.371,1.176,102.987,159.337,-186.392,cleaning
-1.053,0.872,0.761,102.987,159.337,-186.392,cleaning
-1.053,0.872,0.761,112.612,157.307,-150.692,cleaning
-0.914,1.171,0.475,112.612,157.307,-150.692,cleaning
-0.914,1.171,0.475,86.572,58.345,-113.4,cleaning
-0.844,1.208,0.399,86.572,58.345,-113.4,cleaning
-0.844,1.208,0.399,49.175,-67.62,-75.862,cleaning
-0.87,1.106,0.457,49.175,-67.62,-75.862,cleaning
-0.87,1.106,0.457,27.527,-116.917,-29.382,cleaning
-0.875,1.052,0.559,27.527,-116.917,-29.382,cleaning
-0.771,1.082,0.542,25.865,-90.475,20.072,cleaning
-0.526,1.218,0.484,25.865,-90.475,20.072,cleaning
-0.526,1.218,0.484,28.875,-50.067,51.537,cleaning
-0.225,1.486,0.478,28.875,-50.067,51.537,cleaning
-0.225,1.486,0.478,31.062,-20.037,65.905,cleaning
0.137,1.722,0.515,31.062,-20.037,65.905,cleaning
0.137,1.722,0.515,37.87,-13.527,80.062,cleaning
0.654,1.768,0.237,37.87,-13.527,80.062,cleaning
0.654,1.768,0.237,37.59,-33.565,96.897,cleaning
0.923,1.474,0.068,37.59,-33.565,96.897,cleaning
0.923,1.474,0.068,14.402,-76.825,117.11,cleaning
1.017,1.053,0.06,14.402,-76.825,117.11,cleaning
1.017,1.053,0.06,-20.37,-118.177,139.545,cleaning
1.15,0.48,0.188,-20.37,-118.177,139.545,cleaning
1.15,0.48,0.188,-59.307,-123.112,171.097,cleaning
1.128,-0.127,0.422,-59.307,-123.112,171.097,cleaning
1.128,-0.127,0.422,-89.88,-79.327,201.022,cleaning
0.943,-0.657,0.819,-89.88,-79.327,201.022,cleaning
0.608,-0.96,1.386,-89.88,-79.327,201.022,cleaning
0.608,-0.96,1.386,-103.022,-14.507,213.657,cleaning
0.364,-0.843,1.768,-103.022,-14.507,213.657,cleaning
0.364,-0.843,1.768,-87.64,48.51,191.362,cleaning
0.071,-0.65,1.905,-87.64,48.51,191.362,cleaning
0.071,-0.65,1.905,-59.325,69.545,140.84,cleaning
-0.056,-0.704,1.693,-59.325,69.545,140.84,cleaning
-0.056,-0.704,1.693,-34.492,29.137,67.76,cleaning
-0.07,-0.859,1.318,-34.492,29.137,67.76,cleaning
-0.07,-0.859,1.318,-22.732,0.84,-5.267,cleaning
-0.154,-0.681,1.286,-22.732,0.84,-5.267,cleaning
-0.154,-0.681,1.286,-15.207,0.945,-57.347,cleaning
-0.331,-0.274,1.336,-15.207,0.945,-57.347,cleaning
-0.331,-0.274,1.336,-4.375,-13.93,-81.515,cleaning
-0.415,0.02,1.153,-4.375,-13.93,-81.515,cleaning
-0.415,0.02,1.153,-12.39,-66.062,-87.675,cleaning
-0.562,0.034,0.999,-12.39,-66.062,-87.675,cleaning
-0.562,0.034,0.999,-31.535,-105.07,-91.14,cleaning
-0.767,-0.148,0.889,-31.535,-105.07,-91.14,cleaning
-1.111,-0.075,0.922,-31.535,-105.07,-91.14,cleaning
-1.111,-0.075,0.922,-39.182,-68.39,-96.162,cleaning
-1.356,0.312,0.974,-39.182,-68.39,-96.162,cleaning
-1.356,0.312,0.974,-24.185,-2.1,-95.007,cleaning
-1.333,0.672,0.724,-24.185,-2.1,-95.007,cleaning
-1.333,0.672,0.724,0.56,37.52,-73.132,cleaning
-1.153,0.958,0.299,0.56,37.52,-73.132,cleaning
-1.153,0.958,0.299,11.532,56.192,-36.645,cleaning
-1.117,1.26,0.093,11.532,56.192,-36.645,cleaning
-1.117,1.26,0.093,7.962,66.01,12.162,cleaning
-1.006,1.726,-0.052,7.962,66.01,12.162,cleaning
-1.006,1.726,-0.052,-3.71,66.062,81.777,cleaning
-0.912,1.897,0.155,-3.71,66.062,81.777,cleaning
-0.912,1.897,0.155,-25.427,-17.202,123.567,cleaning
-0.837,1.614,0.274,-25.427,-17.202,123.567,cleaning
-0.837,1.614,0.274,-48.807,-109.27,146.492,cleaning
-0.632,1.048,0.381,-48.807,-109.27,146.492,cleaning
-0.632,1.048,0.381,-64.505,-102.445,176.785,cleaning
-0.509,0.72,0.607,-64.505,-102.445,176.785,cleaning
-0.342,0.593,0.74,-64.505,-102.445,176.785,cleaning
-0.342,0.593,0.74,-75.81,-40.6,207.357,cleaning
-0.164,0.532,0.939,-75.81,-40.6,207.357,cleaning
-0.164,0.532,0.939,-86.187,31.622,230.44,cleaning
-0.018,0.52,1.052,-86.187,31.622,230.44,cleaning
-0.018,0.52,1.052,-92.61,55.527,234.552,cleaning
0.135,0.263,1.012,-92.61,55.527,234.552,cleaning
0.135,0.263,1.012,-102.602,36.837,224.105,cleaning
0.276,-0.023,1.065,-102.602,36.837,224.105,cleaning
0.276,-0.023,1.065,-118.212,0.07,205.572,cleaning
0.289,-0.4,1.334,-118.212,0.07,205.572,cleaning
0.289,-0.4,1.334,-123.462,-32.637,183.68,cleaning
0.314,-0.779,1.556,-123.462,-32.637,183.68,cleaning
0.314,-0.779,1.556,-110.687,-21.962,162.085,cleaning
0.351,-1.038,1.645,-110.687,-21.962,162.085,cleaning
0.351,-1.038,1.645,-92.452,4.357,136.587,cleaning
0.359,-1.067,1.552,-92.452,4.357,136.587,cleaning
0.359,-1.067,1.552,-80.797,4.882,100.852,cleaning
0.222,-0.996,1.476,-80.797,4.882,100.852,cleaning
0.142,-0.919,1.344,-80.797,4.882,100.852,cleaning
0.142,-0.919,1.344,-74.55,-12.145,56.577,cleaning
0.187,-0.412,1.417,-74.55,-12.145,56.577,cleaning
0.187,-0.412,1.417,-65.817,-18.515,24.115,cleaning
0.015,-0.129,1.632,-65.817,-18.515,24.115,cleaning
0.015,-0.129,1.632,-52.727,-81.235,-11.672,cleaning
-0.127,-0.245,1.694,-52.727,-81.235,-11.672,cleaning
-0.127,-0.245,1.694,-28.91,-152.915,-50.575,cleaning
-0.239,-0.546,1.616,-28.91,-152.915,-50.575,cleaning
-0.239,-0.546,1.616,4.55,-152.407,-86.887,cleaning
-0.397,-0.716,1.337,4.55,-152.407,-86.887,cleaning
-0.397,-0.716,1.337,41.16,-51.957,-117.687,cleaning
-0.689,-0.549,0.919,41.16,-51.957,-117.687,cleaning
-0.689,-0.549,0.919,77.35,99.54,-145.46,cleaning
-0.999,0.345,0.386,77.35,99.54,-145.46,cleaning
-0.999,0.345,0.386,93.187,144.97,-166.197,cleaning
-1.25,0.932,0.16,93.187,144.97,-166.197,cleaning
-1.25,0.932,0.16,79.205,33.18,-190.54,cleaning
-1.209,0.963,-0.008,79.205,33.18,-190.54,cleaning
-1.199,0.958,-0.034,79.205,33.18,-190.54,cleaning
-1.199,0.958,-0.034,47.127,-50.12,-191.082,cleaning
-1.419,1.475,0.078,47.127,-50.12,-191.082,cleaning
-1.419,1.475,0.078,23.345,-37.222,-162.627,cleaning
-1.658,1.98,0.249,23.345,-37.222,-162.627,cleaning
-1.658,1.98,0.249,13.23,18.497,-96.582,cleaning
-1.278,2.084,0.014,13.23,18.497,-96.582,cleaning
-1.278,2.084,0.014,2.257,79.992,-5.372,cleaning
-0.825,1.824,0.03,2.257,79.992,-5.372,cleaning
-0.825,1.824,0.03,-36.312,59.465,55.65,cleaning
-0.767,1.26,0.169,-36.312,59.465,55.65,cleaning
-0.767,1.26,0.169,-74.27,58.502,98.087,cleaning
-0.603,1.219,0.498,-74.27,58.502,98.087,cleaning
-0.603,1.219,0.498,-93.537,106.277,137.007,cleaning
-0.468,1.236,0.816,-93.537,106.277,137.007,cleaning
-0.468,1.236,0.816,-102.97,103.845,152.582,cleaning
-0.31,1.054,0.933,-102.97,103.845,152.582,cleaning
-0.177,0.807,0.953,-113.977,47.11,153.265,cleaning
-0.122,0.522,0.926,-113.977,47.11,153.265,cleaning
-0.122,0.522,0.926,-129.517,-20.195,151.007,cleaning
-0.143,0.138,1.062,-129.517,-20.195,151.007,cleaning
-0.143,0.138,1.062,-145.827,-63.682,151.445,cleaning
-0.179,-0.532,1.387,-145.827,-63.682,151.445,cleaning
-0.179,-0.532,1.387,-155.785,-129.832,138.18,cleaning
-0.26,-1.375,1.526,-155.785,-129.832,138.18,cleaning
-0.26,-1.375,1.526,-144.742,-155.557,108.955,cleaning
-0.366,-1.817,1.682,-144.742,-155.557,108.955,cleaning
-0.366,-1.817,1.682,-112.857,-87.727,62.44,cleaning
-0.459,-1.995,1.943,-112.857,-87.727,62.44,cleaning
-0.459,-1.995,1.943,-64.75,4.392,-5.407,cleaning
-0.416,-1.214,1.799,-64.75,4.392,-5.407,cleaning
-0.416,-1.214,1.799,-16.747,124.075,-31.325,cleaning
-0.369,0.184,1.61,-16.747,124.075,-31.325,cleaning
-0.369,0.184,1.61,15.47,107.87,-42.42,cleaning
-0.266,0.312,1.666,15.47,107.87,-42.42,cleaning
-0.307,-0.25,1.351,15.47,107.87,-42.42,cleaning
-0.307,-0.25,1.351,28.28,-70.14,-92.207,cleaning
-0.317,-0.33,1.05,28.28,-70.14,-92.207,cleaning
-0.317,-0.33,1.05,38.062,-148.015,-127.96,cleaning
-0.297,-0.42,0.863,38.062,-148.015,-127.96,cleaning
-0.297,-0.42,0.863,47.25,-133.402,-154.402,cleaning
-0.348,-0.408,0.755,47.25,-133.402,-154.402,cleaning
-0.348,-0.408,0.755,48.422,-80.92,-178.15,cleaning
-0.511,-0.148,0.832,48.422,-80.92,-178.15,cleaning
-0.511,-0.148,0.832,41.615,-42.385,-190.837,cleaning
-0.726,0.102,0.917,41.615,-42.385,-190.837,cleaning
-0.726,0.102,0.917,37.31,-55.632,-207.882,cleaning
-0.925,0.209,0.807,37.31,-55.632,-207.882,cleaning
-0.925,0.209,0.807,34.772,-72.45,-225.872,cleaning
-0.99,0.201,0.507,34.772,-72.45,-225.872,cleaning
-0.99,0.201,0.507,26.95,-49.822,-231.927,cleaning
-0.995,0.252,0.256,26.95,-49.822,-231.927,cleaning
-0.995,0.252,0.256,8.82,-15.61,-222.425,cleaning
-1.051,0.665,0.135,8.82,-15.61,-222.425,cleaning
-1.258,1.169,0.144,8.82,-15.61,-222.425,cleaning
-1.258,1.169,0.144,-14.63,-31.57,-194.88,cleaning
-1.557,1.412,0.262,-14.63,-31.57,-194.88,cleaning
-1.557,1.412,0.262,-36.75,-75.407,-145.88,cleaning
-1.621,1.52,0.203,-36.75,-75.407,-145.88,cleaning
-1.621,1.52,0.203,-39.9,-49.28,-55.055,cleaning
-1.247,1.641,0.068,-39.9,-49.28,-55.055,cleaning
-1.247,1.641,0.068,-42.63,33.67,60.042,cleaning
-1.081,1.29,0.401,-42.63,33.67,60.042,cleaning
-1.081,1.29,0.401,-57.47,31.325,117.092,cleaning
-1.179,0.96,0.516,-57.47,31.325,117.092,cleaning
-1.179,0.96,0.516,-55.177,24.08,157.57,cleaning
-0.949,0.768,0.427,-55.177,24.08,157.57,cleaning
-0.949,0.768,0.427,-55.107,60.532,191.31,cleaning
-0.717,0.683,0.507,-55.107,60.532,191.31,cleaning
-0.717,0.683,0.507,-70.577,61.18,198.24,cleaning
-0.548,0.549,0.58,-70.577,61.18,198.24,cleaning
-0.548,0.549,0.58,-87.062,62.002,201.285,cleaning
-0.441,0.361,0.768,-87.062,62.002,201.285,cleaning
-0.433,0.348,1.044,-87.062,62.002,201.285,cleaning
-0.433,0.348,1.044,-96.687,71.89,203.35,cleaning
-0.442,0.305,1.312,-96.687,71.89,203.35,cleaning
-0.442,0.305,1.312,-91.595,38.08,197.225,cleaning
-0.366,-0.144,1.452,-91.595,38.08,197.225,cleaning
-0.366,-0.144,1.452,-76.492,-78.067,167.86,cleaning
-0.301,-1.066,1.349,-76.492,-78.067,167.86,cleaning
-0.301,-1.066,1.349,-59.43,-204.82,111.265,cleaning
-0.429,-2.155,1.255,-59.43,-204.82,111.265,cleaning
-0.429,-2.155,1.255,-28.192,-222.355,30.87,cleaning
-0.744,-2.852,1.213,-28.192,-222.355,30.87,cleaning
-0.744,-2.852,1.213,21.35,-40.39,-55.44,cleaning
-0.731,-1.69,1.374,21.35,-40.39,-55.44,cleaning
-0.731,-1.69,1.374,87.57,175.052,-103.88,cleaning
-0.862,-0.79,1.829,87.57,175.052,-103.88,cleaning
-0.862,-0.79,1.829,155.382,166.635,-169.295,cleaning
-0.918,-0.685,1.583,155.382,166.635,-169.295,cleaning
-0.883,-0.46,0.855,193.357,110.81,-212.695,cleaning
-0.836,-0.106,0.315,193.357,110.81,-212.695,cleaning
-0.836,-0.106,0.315,187.407,87.43,-226.887,cleaning
-1.028,0.317,0.093,187.407,87.43,-226.887,cleaning
-1.028,0.317,0.093,149.572,60.112,-242.742,cleaning
-1.346,0.757,-0.018,149.572,60.112,-242.742,cleaning
-1.346,0.757,-0.018,103.372,42.997,-240.03,cleaning
-1.532,1.21,0.04,103.372,42.997,-240.03,cleaning
-1.532,1.21,0.04,53.707,20.405,-206.99,cleaning
-1.477,1.633,0.084,53.707,20.405,-206.99,cleaning
-1.477,1.633,0.084,0.385,-26.407,-140.752,cleaning
-1.362,1.79,0.215,0.385,-26.407,-140.752,cleaning
-1.362,1.79,0.215,-39.042,-30.975,-45.535,cleaning
-1.162,1.879,0.276,-39.042,-30.975,-45.535,cleaning
-1.162,1.879,0.276,-54.582,6.387,48.055,cleaning
-1.174,1.527,0.403,-54.582,6.387,48.055,cleaning
-1.174,1.527,0.403,-63.98,-28.07,97.755,cleaning
-0.834,1.082,0.221,-63.98,-28.07,97.755,cleaning
-0.521,0.85,0.349,-82.53,-59.43,140.595,cleaning
-0.337,0.46,0.952,-82.53,-59.43,140.595,cleaning
-0.337,0.46,0.952,-91.385,-88.235,154.787,cleaning
-0.025,-0.221,1.35,-91.385,-88.235,154.787,cleaning
-0.025,-0.221,1.35,-69.002,-180.897,130.795,cleaning
0.319,-1.215,1.297,-69.002,-180.897,130.795,cleaning
0.319,-1.215,1.297,-37.992,-309.155,64.767,cleaning
0.072,-2.452,1.067,-37.992,-309.155,64.767,cleaning
0.072,-2.452,1.067,-2.292,-290.797,-18.515,cleaning
-0.067,-2.77,0.904,-2.292,-290.797,-18.515,cleaning
-0.067,-2.77,0.904,37.222,-41.125,-67.567,cleaning
-0.16,-1.605,0.991,37.222,-41.125,-67.567,cleaning
-0.16,-1.605,0.991,83.387,196.7,-95.97,cleaning
-0.506,-0.54,1.078,83.387,196.7,-95.97,cleaning
-0.506,-0.54,1.078,118.282,205.397,-133.56,cleaning
-0.689,0.21,0.733,118.282,205.397,-133.56,cleaning
-0.689,0.21,0.733,112.787,94.745,-145.897,cleaning
-0.858,0.867,0.397,112.787,94.745,-145.897,cleaning
-1.091,1.095,0.345,112.787,94.745,-145.897,cleaning
-1.091,1.095,0.345,73.255,-17.062,-127.505,cleaning
-1.375,1.136,0.462,73.255,-17.062,-127.505,cleaning
-1.375,1.136,0.462,39.935,-45.902,-78.452,cleaning
-1.455,1.214,0.545,39.935,-45.902,-78.452,cleaning
-1.455,1.214,0.545,22.942,-26.267,-1.347,cleaning
-1.143,0.85,0.762,22.942,-26.267,-1.347,cleaning
-1.143,0.85,0.762,4.585,-74.445,51.135,cleaning
-0.807,0.068,0.931,4.585,-74.445,51.135,cleaning
-0.807,0.068,0.931,-1.487,-150.692,56.98,cleaning
-0.679,-0.441,0.694,-1.487,-150.692,56.98,cleaning
-0.679,-0.441,0.694,4.55,-101.517,66.482,cleaning
-0.347,-0.961,0.687,4.55,-101.517,66.482,cleaning
-0.347,-0.961,0.687,3.832,-21.35,44.975,cleaning
-0.249,-1.256,0.688,3.832,-21.35,44.975,cleaning
-0.249,-1.256,0.688,-1.68,21.647,-8.067,cleaning
-0.322,-1.306,0.814,-1.68,21.647,-8.067,cleaning
-0.322,-1.306,0.814,4.235,55.37,-58.467,cleaning
-0.579,-0.978,0.869,4.235,55.37,-58.467,cleaning
-0.868,-0.444,0.783,4.235,55.37,-58.467,cleaning
-0.868,-0.444,0.783,28.297,111.737,-86.17,cleaning
-0.938,-0.511,0.576,28.297,111.737,-86.17,cleaning
-0.938,-0.511,0.576,48.107,104.79,-118.982,cleaning
-0.895,-0.505,0.269,48.107,104.79,-118.982,cleaning
-0.895,-0.505,0.269,45.99,75.757,-146.912,cleaning
-0.921,-0.406,0.193,45.99,75.757,-146.912,cleaning
-0.921,-0.406,0.193,28.612,72.695,-157.01,cleaning
-0.936,-0.335,0.342,28.612,72.695,-157.01,cleaning
-0.936,-0.335,0.342,7.647,65.152,-171.167,cleaning
-1.051,-0.187,0.628,7.647,65.152,-171.167,cleaning
-1.051,-0.187,0.628,-2.38,64.137,-183.295,cleaning
-1.059,0.115,0.801,-2.38,64.137,-183.295,cleaning
-1.059,0.115,0.801,3.797,101.5,-177.257,cleaning
-0.938,0.126,0.926,3.797,101.5,-177.257,cleaning
-0.938,0.126,0.926,17.832,118.44,-185.64,cleaning
-0.589,-0.213,0.897,17.832,118.44,-185.64,cleaning
-0.589,-0.213,0.897,29.417,115.36,-218.837,cleaning
-0.496,-0.532,0.89,29.417,115.36,-218.837,cleaning
-0.774,-0.263,0.834,29.417,115.36,-218.837,cleaning
-0.774,-0.263,0.834,61.372,201.845,-247.852,cleaning
-0.788,0.559,0.634,61.372,201.845,-247.852,cleaning
-0.788,0.559,0.634,106.89,327.075,-241.377,cleaning
-0.496,1.652,0.484,106.89,327.075,-241.377,cleaning
-0.496,1.652,0.484,130.095,341.74,-197.522,cleaning
-0.15,2.017,0.437,130.095,341.74,-197.522,cleaning
-0.15,2.017,0.437,120.137,231.542,-154.402,cleaning
0.026,2.016,0.498,120.137,231.542,-154.402,cleaning
0.026,2.016,0.498,98.087,146.475,-103.355,cleaning
0.201,2.139,0.516,98.087,146.475,-103.355,cleaning
0.201,2.139,0.516,82.775,148.977,-22.312,cleaning
0.346,2.28,0.668,82.775,148.977,-22.312,cleaning
0.346,2.28,0.668,58.835,69.772,29.172,cleaning
0.257,1.829,0.705,58.835,69.772,29.172,cleaning
0.257,1.829,0.705,25.935,-74.042,40.285,cleaning
0.244,1.296,0.48,25.935,-74.042,40.285,cleaning
0.244,1.296,0.48,-2.257,-95.795,68.11,cleaning
0.143,0.902,0.513,-2.257,-95.795,68.11,cleaning
-0.062,0.837,0.673,-2.257,-95.795,68.11,cleaning
-0.062,0.837,0.673,-15.785,0.787,111.807,cleaning
-0.239,1.074,0.61,-15.785,0.787,111.807,cleaning
-0.239,1.074,0.61,-22.732,91.56,151.322,cleaning
-0.469,1.334,0.532,-22.732,91.56,151.322,cleaning
-0.469,1.334,0.532,-44.467,90.335,174.23,cleaning
-0.811,1.191,0.508,-44.467,90.335,174.23,cleaning
-0.811,1.191,0.508,-74.025,14.822,186.252,cleaning
-1.15,0.971,0.523,-74.025,14.822,186.252,cleaning
-1.15,0.971,0.523,-96.18,-55.422,201.46,cleaning
-1.385,0.669,0.669,-96.18,-55.422,201.46,cleaning
-1.385,0.669,0.669,-110.022,-126.682,216.58,cleaning
-1.497,0.189,0.694,-110.022,-126.682,216.58,cleaning
-1.497,0.189,0.694,-115.22,-183.382,222.232,cleaning
-1.551,-0.349,0.703,-115.22,-183.382,222.232,cleaning
-1.551,-0.349,0.703,-109.62,-190.33,217.945,cleaning
-1.513,-1.01,0.827,-109.62,-190.33,217.945,cleaning
-1.459,-1.317,0.955,-88.567,-142.187,194.285,cleaning
-1.216,-1.673,0.976,-88.567,-142.187,194.285,cleaning
-1.216,-1.673,0.976,-58.537,-85.785,146.247,cleaning
-0.829,-1.999,1.049,-58.537,-85.785,146.247,cleaning
-0.829,-1.999,1.049,-39.287,-77.997,60.55,cleaning
-0.661,-2.088,1.176,-39.287,-77.997,60.55,cleaning
-0.661,-2.088,1.176,-21.805,-58.537,-33.95,cleaning
-0.678,-1.759,1.259,-21.805,-58.537,-33.95,cleaning
-0.678,-1.759,1.259,6.492,32.392,-104.055,cleaning
-0.715,-1.355,1.504,6.492,32.392,-104.055,cleaning
-0.715,-1.355,1.504,40.827,78.557,-168.192,cleaning
-0.587,-1,1.499,40.827,78.557,-168.192,cleaning
-0.587,-1,1.499,69.527,64.102,-227.832,cleaning
-0.488,-0.87,1.382,69.527,64.102,-227.832,cleaning
-0.488,-0.87,1.382,91.42,74.305,-262.815,cleaning
-0.334,-0.525,1.261,91.42,74.305,-262.815,cleaning
-0.334,-0.525,1.261,112.367,121.012,-264.407,cleaning
-0.208,-0.174,1.321,112.367,121.012,-264.407,cleaning
-0.197,0.292,1.261,133.21,121.397,-269.64,cleaning
-0.2,0.606,1.017,133.21,121.397,-269.64,cleaning
-0.2,0.606,1.017,150.15,85.627,-282.275,cleaning
-0.265,0.883,0.641,150.15,85.627,-282.275,cleaning
-0.265,0.883,0.641,170.292,108.272,-295.96,cleaning
-0.266,1.557,0.114,170.292,108.272,-295.96,cleaning
-0.266,1.557,0.114,179.217,179.497,-292.582,cleaning
-0.196,2.263,-0.351,179.217,179.497,-292.582,cleaning
-0.196,2.263,-0.351,158.707,210.385,-239.312,cleaning
-0.04,2.797,-0.584,158.707,210.385,-239.312,cleaning
-0.04,2.797,-0.584,99.4,165.392,-151.06,cleaning
0.088,3.015,-0.667,99.4,165.392,-151.06,cleaning
0.088,3.015,-0.667,19.197,106.312,-33.215,cleaning
-0.207,2.995,-0.302,19.197,106.312,-33.215,cleaning
-0.207,2.995,-0.302,-40.477,-27.737,54.547,cleaning
-0.329,2.281,0.145,-40.477,-27.737,54.547,cleaning
-0.329,2.281,0.145,-72.065,-217.56,87.027,cleaning
-0.327,1.096,0.033,-72.065,-217.56,87.027,cleaning
-0.481,0.418,0.058,-72.065,-217.56,87.027,cleaning
-0.481,0.418,0.058,-78.995,-193.987,127.75,cleaning
-0.582,0.305,0.299,-78.995,-193.987,127.75,cleaning
-0.582,0.305,0.299,-77.927,-45.097,165.742,cleaning
-0.625,0.518,0.464,-77.927,-45.097,165.742,cleaning
-0.625,0.518,0.464,-75.53,89.372,191.415,cleaning
-0.732,1.306,0.722,-75.53,89.372,191.415,cleaning
-0.732,1.306,0.722,-81.445,109.865,203.245,cleaning
-0.956,1.576,0.904,-81.445,109.865,203.245,cleaning
-0.956,1.576,0.904,-103.53,-33.005,205.415,cleaning
-1.241,0.988,0.995,-103.53,-33.005,205.415,cleaning
-1.241,0.988,0.995,-105.595,-146.93,212.537,cleaning
-1.159,0.331,0.908,-105.595,-146.93,212.537,cleaning
-1.159,0.331,0.908,-99.82,-155.82,227.062,cleaning
-1.065,-0.062,0.912,-99.82,-155.82,227.062,cleaning
-1.065,-0.062,0.912,-93.957,-111.44,232.47,cleaning
-1.115,-0.048,1.182,-93.957,-111.44,232.47,cleaning
-1.115,-0.048,1.182,-76.352,-122.482,221.865,cleaning
-1.177,-0.317,1.293,-76.352,-122.482,221.865,cleaning
-1.168,-0.779,1.136,-76.352,-122.482,221.865,cleaning
-1.168,-0.779,1.136,-43.137,-144.322,204.155,cleaning
-0.944,-1.157,0.817,-43.137,-144.322,204.155,cleaning
-0.944,-1.157,0.817,-10.64,-108.097,184.817,cleaning
-0.767,-1.19,0.663,-10.64,-108.097,184.817,cleaning
-0.767,-1.19,0.663,5.162,-24.85,161.35,cleaning
-0.732,-0.886,0.776,5.162,-24.85,161.35,cleaning
-0.732,-0.886,0.776,11.602,39.585,131.775,cleaning
-0.779,-0.64,1.021,11.602,39.585,131.775,cleaning
-0.779,-0.64,1.021,20.072,29.347,91.98,cleaning
-0.756,-0.678,1.13,20.072,29.347,91.98,cleaning
-0.756,-0.678,1.13,38.99,13.142,53.69,cleaning
-0.551,-0.819,1.022,38.99,13.142,53.69,cleaning
-0.551,-0.819,1.022,59.22,49.682,14.297,cleaning
-0.309,-0.779,0.94,59.22,49.682,14.297,cleaning
-0.309,-0.779,0.94,71.4,96.967,-26.32,cleaning
-0.161,-0.46,0.999,71.4,96.967,-26.32,cleaning
-0.161,-0.46,0.999,77.805,104.825,-57.855,cleaning
-0.063,-0.18,1.138,77.805,104.825,-57.855,cleaning
0.093,-0.013,1.19,77.805,104.825,-57.855,cleaning
0.093,-0.013,1.19,82.722,79.152,-82.495,cleaning
0.31,0.091,1.197,82.722,79.152,-82.495,cleaning
0.31,0.091,1.197,82.635,47.722,-105.035,cleaning
0.506,0.182,1.214,82.635,47.722,-105.035,cleaning
0.506,0.182,1.214,75.127,20.282,-122.605,cleaning
0.645,0.295,1.273,75.127,20.282,-122.605,cleaning
0.645,0.295,1.273,62.86,-0.77,-138.145,cleaning
0.658,0.439,1.354,62.86,-0.77,-138.145,cleaning
0.658,0.439,1.354,55.702,-10.797,-150.22,cleaning
0.608,0.639,1.401,55.702,-10.797,-150.22,cleaning
0.608,0.639,1.401,57.645,-17.045,-154.35,cleaning
0.563,0.747,1.351,57.645,-17.045,-154.35,cleaning
0.563,0.747,1.351,63.962,-31.132,-159.267,cleaning
0.64,0.806,1.069,63.962,-31.132,-159.267,cleaning
0.64,0.806,1.069,64.47,-34.23,-160.055,cleaning
0.675,0.864,0.781,64.47,-34.23,-160.055,cleaning
0.675,0.864,0.781,54.215,-25.182,-148.697,cleaning
0.628,1.026,0.554,54.215,-25.182,-148.697,cleaning
0.527,1.219,0.399,54.215,-25.182,-148.697,cleaning
0.527,1.219,0.399,38.867,-13.317,-122.412,cleaning
0.327,1.405,0.389,38.867,-13.317,-122.412,cleaning
0.327,1.405,0.389,24.342,-12.32,-95.27,cleaning
0.102,1.569,0.222,24.342,-12.32,-95.27,cleaning
0.102,1.569,0.222,13.667,3.22,-59.78,cleaning
-0.167,1.853,0.11,13.667,3.22,-59.78,cleaning
-0.167,1.853,0.11,4.235,28.647,-10.36,cleaning
-0.342,2.019,0.095,4.235,28.647,-10.36,cleaning
-0.342,2.019,0.095,-15.82,-34.597,31.762,cleaning
-0.385,1.631,-0.131,-15.82,-34.597,31.762,cleaning
-0.385,1.631,-0.131,-47.862,-104.877,71.715,cleaning
-0.486,1.17,-0.149,-47.862,-104.877,71.715,cleaning
-0.486,1.17,-0.149,-75.53,-94.447,118.44,cleaning
-0.65,0.853,0.123,-75.53,-94.447,118.44,cleaning
-0.65,0.853,0.123,-86.257,-28.717,159.74,cleaning
-0.79,0.814,0.529,-86.257,-28.717,159.74,cleaning
-0.825,0.901,0.809,-80.675,42.612,191.502,cleaning
-0.914,0.93,1.119,-80.675,42.612,191.502,cleaning
-0.914,0.93,1.119,-70.297,72.24,205.275,cleaning
-0.977,0.718,1.133,-70.297,72.24,205.275,cleaning
-0.977,0.718,1.133,-64.015,5.53,190.54,cleaning
-0.97,0.376,0.953,-64.015,5.53,190.54,cleaning
-0.97,0.376,0.953,-67.83,-57.347,188.002,cleaning
-0.998,-0.002,0.885,-67.83,-57.347,188.002,cleaning
-0.998,-0.002,0.885,-75.057,-78.68,195.877,cleaning
-0.983,-0.384,0.87,-75.057,-78.68,195.877,cleaning
-0.983,-0.384,0.87,-76.212,-66.395,192.29,cleaning
-0.954,-0.62,1.008,-76.212,-66.395,192.29,cleaning
-0.954,-0.62,1.008,-65.782,-33.512,172.917,cleaning
-0.952,-0.706,1.243,-65.782,-33.512,172.917,cleaning
-0.952,-0.706,1.243,-38.167,-12.967,137.182,cleaning
-0.922,-0.866,1.425,-38.167,-12.967,137.182,cleaning
-0.922,-0.866,1.425,3.832,8.312,91.822,cleaning
-0.735,-1.075,1.377,3.832,8.312,91.822,cleaning
-0.388,-0.998,1.244,3.832,8.312,91.822,cleaning
-0.388,-0.998,1.244,45.185,59.92,40.355,cleaning
-0.14,-0.673,1.153,45.185,59.92,40.355,cleaning
-0.14,-0.673,1.153,73.465,101.132,-12.18,cleaning
0.021,-0.243,1.169,73.465,101.132,-12.18,cleaning
0.021,-0.243,1.169,89.95,96.215,-56.927,cleaning
0.146,0.018,1.201,89.95,96.215,-56.927,cleaning
0.146,0.018,1.201,94.867,45.447,-92.365,cleaning
0.356,0.105,1.209,94.867,45.447,-92.365,cleaning
0.356,0.105,1.209,92.82,-12.635,-120.137,cleaning
0.584,0.157,1.23,92.82,-12.635,-120.137,cleaning
0.584,0.157,1.23,86.887,-53.235,-146.545,cleaning
0.775,0.185,1.223,86.887,-53.235,-146.545,cleaning
0.775,0.185,1.223,80.605,-67.217,-173.88,cleaning
0.822,0.321,1.21,80.605,-67.217,-173.88,cleaning
0.822,0.321,1.21,78.522,-67.025,-188.912,cleaning
0.773,0.397,1.154,78.522,-67.025,-188.912,cleaning
0.773,0.397,1.154,73.395,-90.562,-200.147,cleaning
0.76,0.241,1.009,73.395,-90.562,-200.147,cleaning
0.763,0.137,0.775,73.395,-90.562,-200.147,cleaning
0.763,0.137,0.775,61.302,-95.445,-211.662,cleaning
0.665,0.208,0.651,61.302,-95.445,-211.662,cleaning
0.665,0.208,0.651,43.837,-51.957,-218.697,cleaning
0.494,0.414,0.632,43.837,-51.957,-218.697,cleaning
0.494,0.414,0.632,23.975,-14.595,-224.682,cleaning
0.312,0.7,0.705,23.975,-14.595,-224.682,cleaning
0.312,0.7,0.705,4.165,-2.677,-222.407,cleaning
0.083,1.018,0.824,4.165,-2.677,-222.407,cleaning
0.083,1.018,0.824,-7.717,-1.82,-210.14,cleaning
-0.085,1.197,0.898,-7.717,-1.82,-210.14,cleaning
-0.085,1.197,0.898,-8.295,-0.245,-187.95,cleaning
-0.195,1.242,0.915,-8.295,-0.245,-187.95,cleaning
-0.195,1.242,0.915,-1.68,6.195,-156.45,cleaning
-0.231,1.158,0.795,-1.68,6.195,-156.45,cleaning
-0.231,1.158,0.795,3.517,17.71,-121.66,cleaning
-0.176,1.086,0.594,3.517,17.71,-121.66,cleaning
-0.176,1.086,0.594,-1.032,28.035,-84.402,cleaning
-0.067,1.003,0.469,-1.032,28.035,-84.402,cleaning
-0.092,0.898,0.486,-1.032,28.035,-84.402,cleaning
-0.092,0.898,0.486,-12.407,29.837,-45.937,cleaning
-0.242,0.856,0.542,-12.407,29.837,-45.937,cleaning
-0.242,0.856,0.542,-16.537,45.727,-3.29,cleaning
-0.431,0.909,0.596,-16.537,45.727,-3.29,cleaning
-0.431,0.909,0.596,-9.292,73.535,42.14,cleaning
-0.528,0.988,0.531,-9.292,73.535,42.14,cleaning
-0.528,0.988,0.531,-2.45,72.467,79.205,cleaning
-0.539,1.043,0.33,-2.45,72.467,79.205,cleaning
-0.539,1.043,0.33,-12.582,34.072,108.902,cleaning
-0.575,0.988,0.18,-12.582,34.072,108.902,cleaning
-0.575,0.988,0.18,-45.412,-31.832,132.002,cleaning
-0.732,0.855,0.354,-45.412,-31.832,132.002,cleaning
-0.732,0.855,0.354,-80.115,-91.49,152.88,cleaning
-0.985,0.617,0.679,-80.115,-91.49,152.88,cleaning
-0.985,0.617,0.679,-89.075,-98.035,173.32,cleaning
-1.133,0.456,1.035,-89.075,-98.035,173.32,cleaning
-1.133,0.456,1.035,-70.105,-51.73,194.442,cleaning
-1.137,0.389,1.112,-70.105,-51.73,194.442,cleaning
-1.123,0.375,1.067,-70.105,-51.73,194.442,cleaning
-1.123,0.375,1.067,-50.785,-23.187,201.722,cleaning
-0.988,0.166,0.862,-50.785,-23.187,201.722,cleaning
-0.988,0.166,0.862,-48.352,-71.382,188.492,cleaning
-0.94,-0.024,0.717,-48.352,-71.382,188.492,cleaning
-0.94,-0.024,0.717,-54.775,-109.287,180.407,cleaning
-0.982,-0.148,0.743,-54.775,-109.287,180.407,cleaning
-0.982,-0.148,0.743,-58.397,-97.037,177.94,cleaning
-1.019,-0.195,0.907,-58.397,-97.037,177.94,cleaning
-1.019,-0.195,0.907,-53.515,-81.585,169.47,cleaning
-0.981,-0.312,1.006,-53.515,-81.585,169.47,cleaning
-0.981,-0.312,1.006,-41.177,-63.42,157.657,cleaning
-0.928,-0.444,1.032,-41.177,-63.42,157.657,cleaning
-0.928,-0.444,1.032,-23.555,-18.742,144.357,cleaning
-0.807,-0.435,0.988,-23.555,-18.742,144.357,cleaning
-0.807,-0.435,0.988,-9.922,19.915,123.9,cleaning
-0.585,-0.331,0.871,-9.922,19.915,123.9,cleaning
-0.585,-0.331,0.871,-6.125,34.562,99.732,cleaning
-0.436,-0.285,0.941,-6.125,34.562,99.732,cleaning
-0.301,-0.456,0.997,-6.125,34.562,99.732,cleaning
-0.301,-0.456,0.997,-1.54,8.172,61.215,cleaning
-0.039,-0.687,0.981,-1.54,8.172,61.215,cleaning
-0.039,-0.687,0.981,6.72,-15.907,13.737,cleaning
0.109,-0.759,1.106,6.72,-15.907,13.737,cleaning
0.109,-0.759,1.106,17.377,-0.647,-30.957,cleaning
0.138,-0.602,1.278,17.377,-0.647,-30.957,cleaning
0.138,-0.602,1.278,39.025,31.202,-73.29,cleaning
0.208,-0.301,1.354,39.025,31.202,-73.29,cleaning
0.208,-0.301,1.354,69.352,59.237,-110.232,cleaning
0.347,0.029,1.385,69.352,59.237,-110.232,cleaning
0.347,0.029,1.385,99.102,71.12,-139.72,cleaning
0.495,0.264,1.333,99.102,71.12,-139.72,cleaning
0.495,0.264,1.333,116.882,58.817,-156.117,cleaning
0.574,0.375,1.229,116.882,58.817,-156.117,cleaning
0.574,0.375,1.229,116.97,20.475,-164.867,cleaning
0.608,0.319,1.072,116.97,20.475,-164.867,cleaning
0.678,0.207,0.901,102.147,-9.257,-167.37,cleaning
0.739,0.305,0.818,102.147,-9.257,-167.37,cleaning
0.739,0.305,0.818,78.82,3.797,-157.587,cleaning
0.754,0.523,0.854,78.82,3.797,-157.587,cleaning
0.754,0.523,0.854,50.575,15.645,-142.765,cleaning
0.675,0.688,0.932,50.575,15.645,-142.765,cleaning
0.675,0.688,0.932,23.012,-1.732,-131.39,cleaning
0.567,0.767,1.01,23.012,-1.732,-131.39,cleaning
0.567,0.767,1.01,1.365,-31.692,-120.592,cleaning
0.431,0.748,1.029,1.365,-31.692,-120.592,cleaning
0.431,0.748,1.029,-9.695,-44.152,-107.695,cleaning
0.3,0.695,1.022,-9.695,-44.152,-107.695,cleaning
0.3,0.695,1.022,-11.06,-36.155,-97.947,cleaning
0.125,0.702,0.962,-11.06,-36.155,-97.947,cleaning
0.125,0.702,0.962,-5.495,-19.652,-89.6,cleaning
-0.005,0.707,0.826,-5.495,-19.652,-89.6,cleaning
-0.005,0.707,0.826,0.297,-6.37,-83.107,cleaning
-0.139,0.747,0.655,0.297,-6.37,-83.107,cleaning
-0.27,0.832,0.54,0.297,-6.37,-83.107,cleaning
-0.27,0.832,0.54,-0.175,-3.727,-76.86,cleaning
-0.394,0.885,0.413,-0.175,-3.727,-76.86,cleaning
-0.394,0.885,0.413,-7.42,-4.97,-63.052,cleaning
-0.576,0.947,0.309,-7.42,-4.97,-63.052,cleaning
-0.576,0.947,0.309,-23.31,-9.03,-42.14,cleaning
-0.821,1.084,0.303,-23.31,-9.03,-42.14,cleaning
-0.821,1.084,0.303,-46.042,-24.43,-7.787,cleaning
-1.112,1.165,0.435,-46.042,-24.43,-7.787,cleaning
-1.112,1.165,0.435,-60.112,-45.657,45.465,cleaning
-1.241,1.088,0.569,-60.112,-45.657,45.465,cleaning
-1.241,1.088,0.569,-60.2,-71.452,104.755,cleaning
-1.166,0.823,0.616,-60.2,-71.452,104.755,cleaning
-1.166,0.823,0.616,-61.39,-123.147,150.097,cleaning
-0.957,0.479,0.524,-61.39,-123.147,150.097,cleaning
-0.957,0.479,0.524,-77.77,-170.59,196.542,cleaning
-0.882,0.205,0.363,-77.77,-170.59,196.542,cleaning
-0.882,0.205,0.363,-105.035,-196.122,240.205,cleaning
-1.058,-0.036,0.505,-105.035,-196.122,240.205,cleaning
-1.264,-0.389,0.863,-105.035,-196.122,240.205,cleaning
-1.264,-0.389,0.863,-115.552,-236.355,247.485,cleaning
-1.304,-0.879,1.039,-115.552,-236.355,247.485,cleaning
-1.304,-0.879,1.039,-87.325,-251.93,224.385,cleaning
-1.117,-1.172,0.997,-87.325,-251.93,224.385,cleaning
-1.117,-1.172,0.997,-47.092,-192.71,191.572,cleaning
-0.995,-1.298,0.974,-47.092,-192.71,191.572,cleaning
-0.995,-1.298,0.974,-16.485,-91.385,163.065,cleaning
-0.778,-1.164,0.91,-16.485,-91.385,163.065,cleaning
-0.778,-1.164,0.91,1.225,7.14,134.942,cleaning
-0.552,-0.948,0.856,1.225,7.14,134.942,cleaning
-0.552,-0.948,0.856,3.132,60.06,99.96,cleaning
-0.515,-0.574,0.843,3.132,60.06,99.96,cleaning
-0.515,-0.574,0.843,-1.242,67.812,67.9,cleaning
-0.564,-0.289,0.847,-1.242,67.812,67.9,cleaning
-0.564,-0.289,0.847,-8.225,48.737,41.09,cleaning
-0.452,-0.273,0.812,-8.225,48.737,41.09,cleaning
-0.452,-0.273,0.812,-17.115,24.115,8.75,cleaning
-0.208,-0.383,0.81,-17.115,24.115,8.75,cleaning
0.007,-0.595,0.864,-17.115,24.115,8.75,cleaning
0.007,-0.595,0.864,-26.302,6.545,-28.14,cleaning
0.171,-0.755,1.058,-26.302,6.545,-28.14,cleaning
0.171,-0.755,1.058,-30.695,2.975,-64.33,cleaning
0.172,-0.691,1.31,-30.695,2.975,-64.33,cleaning
0.172,-0.691,1.31,-18.27,21.035,-96.372,cleaning
0.153,-0.464,1.544,-18.27,21.035,-96.372,cleaning
0.153,-0.464,1.544,12.775,44.205,-124.6,cleaning
0.237,-0.223,1.594,12.775,44.205,-124.6,cleaning
0.237,-0.223,1.594,52.307,59.482,-152.145,cleaning
0.338,0.043,1.457,52.307,59.482,-152.145,cleaning
0.338,0.043,1.457,90.265,78.785,-175.735,cleaning
0.352,0.281,1.174,90.265,78.785,-175.735,cleaning
0.352,0.281,1.174,114.887,97.16,-184.17,cleaning
0.337,0.492,0.86,114.887,97.16,-184.17,cleaning
0.337,0.492,0.86,118.807,101.255,-179.952,cleaning
0.315,0.663,0.586,118.807,101.255,-179.952,cleaning
0.315,0.663,0.586,106.12,106.82,-165.182,cleaning
0.3,0.816,0.404,106.12,106.82,-165.182,cleaning
0.313,1.015,0.344,106.12,106.82,-165.182,cleaning
0.313,1.015,0.344,92.82,122.727,-147.717,cleaning
0.33,1.304,0.364,92.82,122.727,-147.717,cleaning
0.33,1.304,0.364,82.67,150.202,-128.66,cleaning
0.082,1.65,0.668,82.67,150.202,-128.66,cleaning
0.082,1.65,0.668,71.47,171.412,-105.07,cleaning
-0.37,1.746,0.829,71.47,171.412,-105.07,cleaning
-0.37,1.746,0.829,67.095,171.832,-71.82,cleaning
-0.57,1.59,0.608,67.095,171.832,-71.82,cleaning
-0.57,1.59,0.608,43.347,153.457,-33.845,cleaning
-0.511,1.388,0.516,43.347,153.457,-33.845,cleaning
-0.511,1.388,0.516,-6.387,121.502,17.692,cleaning
-0.462,1.364,0.545,-6.387,121.502,17.692,cleaning
-0.462,1.364,0.545,-56.577,83.177,83.562,cleaning
-0.553,1.293,0.616,-56.577,83.177,83.562,cleaning
-0.553,1.293,0.616,-91.892,22.365,134.767,cleaning
-0.711,1.062,0.658,-91.892,22.365,134.767,cleaning
-0.742,0.853,0.604,-103.46,-43.627,156.765,cleaning
-0.81,0.429,0.755,-103.46,-43.627,156.765,cleaning
-0.81,0.429,0.755,-100.117,-114.135,152.687,cleaning
-0.836,-0.006,0.859,-100.117,-114.135,152.687,cleaning
-0.836,-0.006,0.859,-80.937,-163.31,133.35,cleaning
-0.849,-0.329,0.89,-80.937,-163.31,133.35,cleaning
-0.849,-0.329,0.89,-49.77,-119.612,130.97,cleaning
-0.798,-0.331,0.915,-49.77,-119.612,130.97,cleaning
-0.798,-0.331,0.915,-20.177,-33.652,136.237,cleaning
-0.695,-0.188,0.884,-20.177,-33.652,136.237,cleaning
-0.695,-0.188,0.884,-2.415,12.565,141.592,cleaning
-0.605,-0.115,0.919,-2.415,12.565,141.592,cleaning
-0.605,-0.115,0.919,7.07,3.675,138.81,cleaning
-0.643,-0.125,1.012,7.07,3.675,138.81,cleaning
-0.643,-0.125,1.012,22.33,-19.547,131.582,cleaning
-0.691,-0.192,1.037,22.33,-19.547,131.582,cleaning
-0.691,-0.192,1.037,41.86,-18.392,126.612,cleaning
-0.657,-0.263,0.997,41.86,-18.392,126.612,cleaning
-0.54,-0.261,0.932,41.86,-18.392,126.612,cleaning
-0.54,-0.261,0.932,55.23,5.127,120.715,cleaning
-0.29,-0.26,0.855,55.23,5.127,120.715,cleaning
-0.29,-0.26,0.855,56.875,23.625,104.667,cleaning
0.002,-0.292,0.879,56.875,23.625,104.667,cleaning
0.002,-0.292,0.879,46.777,19.46,70.49,cleaning
0.19,-0.264,1.08,46.777,19.46,70.49,cleaning
0.19,-0.264,1.08,38.78,8.592,25.672,cleaning
0.24,-0.111,1.285,38.78,8.592,25.672,cleaning
0.24,-0.111,1.285,46.287,14.805,-15.697,cleaning
0.34,0.094,1.332,46.287,14.805,-15.697,cleaning
0.34,0.094,1.332,62.317,18.095,-50.452,cleaning
0.599,0.158,1.188,62.317,18.095,-50.452,cleaning
0.599,0.158,1.188,71.19,14.892,-86.222,cleaning
0.737,0.232,1.129,71.19,14.892,-86.222,cleaning
0.737,0.232,1.129,74.34,-3.5,-127.627,cleaning
0.701,0.24,1.201,74.34,-3.5,-127.627,cleaning
0.701,0.24,1.201,81.97,-10.902,-153.737,cleaning
0.658,0.353,1.134,81.97,-10.902,-153.737,cleaning
0.613,0.531,1.006,81.97,-10.902,-153.737,cleaning
0.613,0.531,1.006,93.397,23.957,-148.207,cleaning
0.543,0.709,0.855,93.397,23.957,-148.207,cleaning
0.543,0.709,0.855,96.757,46.655,-133.49,cleaning
0.488,0.802,0.706,96.757,46.655,-133.49,cleaning
0.488,0.802,0.706,88.62,40.617,-119.63,cleaning
0.488,0.786,0.593,88.62,40.617,-119.63,cleaning
0.488,0.786,0.593,69.212,15.802,-108.71,cleaning
0.47,0.735,0.531,69.212,15.802,-108.71,cleaning
0.47,0.735,0.531,44.8,-4.41,-100.38,cleaning
0.432,0.765,0.576,44.8,-4.41,-100.38,cleaning
0.432,0.765,0.576,23.292,-12.74,-90.947,cleaning
0.354,0.844,0.675,23.292,-12.74,-90.947,cleaning
0.354,0.844,0.675,10.185,-17.832,-80.832,cleaning
0.313,0.871,0.711,10.185,-17.832,-80.832,cleaning
0.313,0.871,0.711,3.29,-20.667,-74.847,cleaning
0.332,0.844,0.673,3.29,-20.667,-74.847,cleaning
0.332,0.844,0.673,-3.535,-17.85,-70.402,cleaning
0.343,0.827,0.649,-3.535,-17.85,-70.402,cleaning
0.298,0.809,0.659,-3.535,-17.85,-70.402,cleaning
0.298,0.809,0.659,-12.792,-24.692,-67.357,cleaning
0.233,0.759,0.658,-12.792,-24.692,-67.357,cleaning
0.233,0.759,0.658,-22.417,-34.02,-65.975,cleaning
0.115,0.717,0.683,-22.417,-34.02,-65.975,cleaning
0.115,0.717,0.683,-30.327,-38.815,-64.995,cleaning
-0.032,0.7,0.72,-30.327,-38.815,-64.995,cleaning
-0.032,0.7,0.72,-33.425,-39.865,-62.807,cleaning
-0.158,0.688,0.675,-33.425,-39.865,-62.807,cleaning
-0.158,0.688,0.675,-31.412,-25.76,-55.37,cleaning
-0.226,0.78,0.64,-31.412,-25.76,-55.37,cleaning
-0.226,0.78,0.64,-28.42,-6.65,-40.302,cleaning
-0.308,0.924,0.587,-28.42,-6.65,-40.302,cleaning
-0.308,0.924,0.587,-27.58,-11.112,-22.26,cleaning
-0.381,0.986,0.499,-27.58,-11.112,-22.26,cleaning
-0.381,0.986,0.499,-32.847,-37.03,-4.952,cleaning
-0.453,0.924,0.437,-32.847,-37.03,-4.952,cleaning
-0.453,0.924,0.437,-41.037,-60.48,13.597,cleaning
-0.525,0.821,0.423,-41.037,-60.48,13.597,cleaning
-0.63,0.804,0.505,-41.037,-60.48,13.597,cleaning
-0.63,0.804,0.505,-50.26,-69.685,36.977,cleaning
-0.832,0.692,0.742,-50.26,-69.685,36.977,cleaning
-0.832,0.692,0.742,-51.607,-77.612,61.407,cleaning
-1.052,0.522,0.864,-51.607,-77.612,61.407,cleaning
-1.052,0.522,0.864,-37.1,-77.752,83.002,cleaning
-1.194,0.342,0.858,-37.1,-77.752,83.002,cleaning
-1.194,0.342,0.858,-8.925,-48.247,112.717,cleaning
-1.18,0.188,0.68,-8.925,-48.247,112.717,cleaning
-1.18,0.188,0.68,20.685,-1.277,143.885,cleaning
-1.076,0.155,0.452,20.685,-1.277,143.885,cleaning
-1.076,0.155,0.452,37.555,48.632,168.017,cleaning
-1.012,0.234,0.459,37.555,48.632,168.017,cleaning
-1.012,0.234,0.459,42.262,58.24,171.29,cleaning
-0.916,0.191,0.662,42.262,58.24,171.29,cleaning
-0.916,0.191,0.662,42.35,2.887,145.25,cleaning
-0.681,-0.141,0.829,42.35,2.887,145.25,cleaning
-0.681,-0.141,0.829,41.352,-29.557,106.942,cleaning
-0.343,-0.543,0.984,41.352,-29.557,106.942,cleaning
0.137,-0.692,1.262,41.352,-29.557,106.942,cleaning
0.137,-0.692,1.262,37.852,9.747,65.572,cleaning
0.557,-0.544,1.659,37.852,9.747,65.572,cleaning
0.557,-0.544,1.659,34.037,48.317,18.812,cleaning
0.769,-0.305,1.939,34.037,48.317,18.812,cleaning
0.769,-0.305,1.939,40.057,51.485,-28.332,cleaning
0.889,-0.085,1.993,40.057,51.485,-28.332,cleaning
0.889,-0.085,1.993,55.737,31.885,-64.505,cleaning
0.914,-0.006,1.776,55.737,31.885,-64.505,cleaning
0.914,-0.006,1.776,71.592,15.767,-85.837,cleaning
0.956,0.036,1.472,71.592,15.767,-85.837,cleaning
0.956,0.036,1.472,82.582,1.872,-101.22,cleaning
1.025,0.092,1.185,82.582,1.872,-101.22,cleaning
1.025,0.092,1.185,84.682,-28.14,-118.212,cleaning
1.024,0.06,0.915,84.682,-28.14,-118.212,cleaning
1.024,0.06,0.915,78.417,-57.96,-134.645,cleaning
0.972,0.003,0.644,78.417,-57.96,-134.645,cleaning
0.879,0.02,0.434,63.665,-64.032,-149.117,cleaning
0.73,0.191,0.361,63.665,-64.032,-149.117,cleaning
0.73,0.191,0.361,42.227,-48.037,-158.41,cleaning
0.524,0.473,0.431,42.227,-48.037,-158.41,cleaning
0.524,0.473,0.431,20.177,-33.022,-159.162,cleaning
0.229,0.689,0.551,20.177,-33.022,-159.162,cleaning
0.229,0.689,0.551,2.94,-33.635,-155.242,cleaning
-0.273,0.952,0.699,2.94,-33.635,-155.242,cleaning
-0.273,0.952,0.699,-2.835,-24.587,-149.607,cleaning
-1.03,1.418,0.728,-2.835,-24.587,-149.607,cleaning
-1.03,1.418,0.728,7.857,28.367,-123.742,cleaning
-1.809,2.149,0.625,7.857,28.367,-123.742,cleaning
-1.809,2.149,0.625,24.237,80.237,-49.63,cleaning
-1.89,2.437,0.373,24.237,80.237,-49.63,cleaning
-1.89,2.437,0.373,14.367,2.782,34.597,cleaning
-1.307,1.705,0.061,14.367,2.782,34.597,cleaning
-1.307,1.705,0.061,-29.05,-111.282,105.822,cleaning
-1.231,0.928,-0.125,-29.05,-111.282,105.822,cleaning
-1.004,0.32,0.001,-29.05,-111.282,105.822,cleaning
-1.004,0.32,0.001,-66.482,-111.457,170.555,cleaning
-0.742,0,0.329,-66.482,-111.457,170.555,cleaning
-0.742,0,0.329,-87.15,-15.54,209.195,cleaning
-0.494,0.159,0.797,-87.15,-15.54,209.195,cleaning
-0.494,0.159,0.797,-91.56,94.64,216.317,cleaning
-0.214,0.44,1.235,-91.56,94.64,216.317,cleaning
-0.214,0.44,1.235,-82.53,146.615,201.687,cleaning
-0.069,0.361,1.616,-82.53,146.615,201.687,cleaning
-0.069,0.361,1.616,-62.755,125.072,165.655,cleaning
0.059,0.012,1.701,-62.755,125.072,165.655,cleaning
0.059,0.012,1.701,-32.375,91.367,114.432,cleaning
0.276,-0.369,1.537,-32.375,91.367,114.432,cleaning
0.276,-0.369,1.537,-0.927,116.515,66.92,cleaning
0.553,-0.491,1.367,-0.927,116.515,66.92,cleaning
0.553,-0.491,1.367,19.477,163.677,27.562,cleaning
0.787,-0.345,1.347,19.477,163.677,27.562,cleaning
0.787,-0.345,1.347,23.975,156.327,-3.115,cleaning
0.837,-0.084,1.472,23.975,156.327,-3.115,cleaning
0.701,-0.063,1.567,23.975,156.327,-3.115,cleaning
0.701,-0.063,1.567,19.932,50.085,-31.885,cleaning
0.581,-0.067,1.347,19.932,50.085,-31.885,cleaning
0.581,-0.067,1.347,27.177,-39.357,-54.267,cleaning
0.438,0.251,1.186,27.177,-39.357,-54.267,cleaning
0.438,0.251,1.186,47.25,-24.115,-52.36,cleaning
0.38,0.497,1.044,47.25,-24.115,-52.36,cleaning
0.38,0.497,1.044,63.77,-29.312,-54.74,cleaning
0.319,0.607,0.867,63.77,-29.312,-54.74,cleaning
0.319,0.607,0.867,70.927,-67.76,-64.627,cleaning
0.245,0.578,0.695,70.927,-67.76,-64.627,cleaning
0.245,0.578,0.695,70.192,-97.335,-74.112,cleaning
0.206,0.548,0.555,70.192,-97.335,-74.112,cleaning
0.206,0.548,0.555,64.242,-83.055,-73.657,cleaning
0.284,0.811,0.427,64.242,-83.055,-73.657,cleaning
0.284,0.811,0.427,46.655,-49.35,-54.67,cleaning
0.307,1.252,0.423,46.655,-49.35,-54.67,cleaning
0.307,1.252,0.423,19.897,-25.077,-14.052,cleaning
0.318,1.689,0.421,19.897,-25.077,-14.052,cleaning
0.276,1.845,0.461,19.897,-25.077,-14.052,cleaning
0.276,1.845,0.461,-12.302,-24.832,41.895,cleaning
0.185,1.487,0.458,-12.302,-24.832,41.895,cleaning
0.185,1.487,0.458,-44.695,-58.712,88.392,cleaning
0.001,1.005,0.284,-44.695,-58.712,88.392,cleaning
0.001,1.005,0.284,-76.037,-59.937,123.935,cleaning
-0.212,0.771,0.131,-76.037,-59.937,123.935,cleaning
-0.212,0.771,0.131,-115.185,-15.47,150.535,cleaning
-0.408,0.683,0.173,-115.185,-15.47,150.535,cleaning
-0.408,0.683,0.173,-160.982,3.552,158.97,cleaning
-0.677,0.612,0.471,-160.982,3.552,158.97,cleaning
-0.677,0.612,0.471,-188.982,3.027,156.905,cleaning
-1.081,0.454,1.098,-188.982,3.027,156.905,cleaning
-1.081,0.454,1.098,-169.4,-8.715,135.38,cleaning
-1.337,-0.001,1.714,-169.4,-8.715,135.38,cleaning
-1.337,-0.001,1.714,-101.482,-50.47,82.845,cleaning
-1.154,-0.818,1.807,-101.482,-50.47,82.845,cleaning
-1.154,-0.818,1.807,-27.37,-68.407,3.902,cleaning
-0.799,-1.279,1.423,-27.37,-68.407,3.902,cleaning
-0.586,-1.014,1.146,-27.37,-68.407,3.902,cleaning
-0.586,-1.014,1.146,25.777,-8.12,-69.615,cleaning
-0.478,-0.461,1.208,25.777,-8.12,-69.615,cleaning
-0.478,-0.461,1.208,61.705,35.28,-131.372,cleaning
-0.404,-0.103,1.296,61.705,35.28,-131.372,cleaning
-0.404,-0.103,1.296,88.357,-21.42,-196.822,cleaning
-0.374,0.084,1.168,88.357,-21.42,-196.822,cleaning
-0.374,0.084,1.168,111.737,-60.847,-244.947,cleaning
-0.296,0.448,1.031,111.737,-60.847,-244.947,cleaning
-0.296,0.448,1.031,134.995,-38.885,-261.275,cleaning
-0.153,0.8,0.918,134.995,-38.885,-261.275,cleaning
-0.153,0.8,0.918,152.04,-21.472,-256.305,cleaning
0.162,1.182,0.676,152.04,-21.472,-256.305,cleaning
0.162,1.182,0.676,156.31,-15.802,-230.982,cleaning
0.513,1.519,0.416,156.31,-15.802,-230.982,cleaning
0.513,1.519,0.416,142.59,-23.52,-182.367,cleaning
0.721,1.772,0.282,142.59,-23.52,-182.367,cleaning
0.752,1.826,0.184,115.027,-33.827,-114.817,cleaning
0.723,1.794,0.064,115.027,-33.827,-114.817,cleaning
0.723,1.794,0.064,83.142,-8.382,-32.97,cleaning
0.692,1.769,-0.002,83.142,-8.382,-32.97,cleaning
0.692,1.769,-0.002,46.917,40.705,52.99,cleaning
0.5,1.265,0.233,46.917,40.705,52.99,cleaning
0.5,1.265,0.233,5.67,21.35,102.9,cleaning
0.338,0.865,0.272,5.67,21.35,102.9,cleaning
0.338,0.865,0.272,-22.522,44.135,141.855,cleaning
0.341,0.768,0.331,-22.522,44.135,141.855,cleaning
0.341,0.768,0.331,-48.842,96.95,175.157,cleaning
0.264,0.823,0.433,-48.842,96.95,175.157,cleaning
0.264,0.823,0.433,-82.845,121.275,199.955,cleaning
0.016,0.944,0.748,-82.845,121.275,199.955,cleaning
0.016,0.944,0.748,-114.607,80.22,208.53,cleaning
-0.402,0.762,1.186,-114.607,80.22,208.53,cleaning
-0.402,0.762,1.186,-124.075,9.607,192.99,cleaning
-0.899,0.252,1.612,-124.075,9.607,192.99,cleaning
-1.198,-0.357,1.911,-99.627,-19.967,162.032,cleaning
-1.169,-0.888,2.043,-99.627,-19.967,162.032,cleaning
-1.169,-0.888,2.043,-55.772,-15.89,115.237,cleaning
-0.903,-1.212,1.843,-55.772,-15.89,115.237,cleaning
-0.903,-1.212,1.843,-6.37,-25.095,41.475,cleaning
-0.617,-1.089,1.357,-6.37,-25.095,41.475,cleaning
-0.617,-1.089,1.357,37.695,7.052,-32.725,cleaning
-0.475,-0.476,1.133,37.695,7.052,-32.725,cleaning
-0.475,-0.476,1.133,71.032,64.347,-84.822,cleaning
-0.348,0.011,1.161,71.032,64.347,-84.822,cleaning
-0.348,0.011,1.161,89.652,5.145,-142.905,cleaning
-0.285,0.077,1.079,89.652,5.145,-142.905,cleaning
-0.285,0.077,1.079,102.13,-50.102,-191.082,cleaning
-0.244,0.239,1.011,102.13,-50.102,-191.082,cleaning
-0.244,0.239,1.011,115.202,-48.195,-215.32,cleaning
-0.173,0.433,1.043,115.202,-48.195,-215.32,cleaning
-0.173,0.433,1.043,126.262,-48.3,-224.56,cleaning
-0.101,0.552,1.036,126.262,-48.3,-224.56,cleaning
-0.005,0.632,0.933,126.262,-48.3,-224.56,cleaning
-0.005,0.632,0.933,131.757,-53.41,-221.83,cleaning
0.081,0.623,0.859,131.757,-53.41,-221.83,cleaning
0.081,0.623,0.859,131.792,-57.925,-210.245,cleaning
0.152,0.617,0.763,131.792,-57.925,-210.245,cleaning
0.152,0.617,0.763,126.595,-71.33,-202.807,cleaning
0.226,0.669,0.678,126.595,-71.33,-202.807,cleaning
0.226,0.669,0.678,117.652,-77.385,-196.332,cleaning
0.297,0.917,0.631,117.652,-77.385,-196.332,cleaning
0.297,0.917,0.631,109.76,-53.62,-176.312,cleaning
0.377,1.18,0.596,109.76,-53.62,-176.312,cleaning
0.377,1.18,0.596,100.992,-21.77,-143.57,cleaning
0.377,1.53,0.547,100.992,-21.77,-143.57,cleaning
0.377,1.53,0.547,87.29,-13.912,-98.507,cleaning
0.333,1.881,0.319,87.29,-13.912,-98.507,cleaning
0.333,1.881,0.319,61.32,-22.82,-39.427,cleaning
0.243,1.947,0.073,61.32,-22.82,-39.427,cleaning
0.243,1.947,0.073,26.232,-29.697,22.452,cleaning
0.168,1.779,-0.049,26.232,-29.697,22.452,cleaning
0.216,1.495,-0.158,26.232,-29.697,22.452,cleaning
0.216,1.495,-0.158,-11.042,-29.295,73.92,cleaning
0.17,1.18,0.023,-11.042,-29.295,73.92,cleaning
0.17,1.18,0.023,-48.072,-21.77,109.252,cleaning
0.102,0.961,0.234,-48.072,-21.77,109.252,cleaning
0.102,0.961,0.234,-68.355,28.612,141.75,cleaning
0.082,1.137,0.513,-68.355,28.612,141.75,cleaning
0.082,1.137,0.513,-74.795,99.732,173.757,cleaning
0.17,1.176,0.63,-74.795,99.732,173.757,cleaning
0.17,1.176,0.63,-82.985,118.93,200.112,cleaning
0.127,1.086,0.542,-82.985,118.93,200.112,cleaning
0.127,1.086,0.542,-101.08,124.215,220.622,cleaning
0.039,1.047,0.532,-101.08,124.215,220.622,cleaning
0.039,1.047,0.532,-127.172,107.625,235.077,cleaning
-0.101,1.024,0.626,-127.172,107.625,235.077,cleaning
-0.101,1.024,0.626,-151.252,77.157,243.39,cleaning
-0.35,0.902,0.949,-151.252,77.157,243.39,cleaning
-0.35,0.902,0.949,-157.71,23.572,237.422,cleaning
-0.534,0.563,1.231,-157.71,23.572,237.422,cleaning
-0.684,0.096,1.422,-157.71,23.572,237.422,cleaning
-0.684,0.096,1.422,-141.697,-10.937,222.005,cleaning
-0.752,-0.319,1.517,-141.697,-10.937,222.005,cleaning
-0.752,-0.319,1.517,-107.275,3.622,193.06,cleaning
-0.743,-0.602,1.645,-107.275,3.622,193.06,cleaning
-0.743,-0.602,1.645,-67.375,21.297,138.565,cleaning
-0.639,-0.867,1.658,-67.375,21.297,138.565,cleaning
-0.639,-0.867,1.658,-29.277,-6.58,58.73,cleaning
-0.431,-1.083,1.508,-29.277,-6.58,58.73,cleaning
-0.431,-1.083,1.508,5.197,-19.215,-22.907,cleaning
-0.365,-0.745,1.288,5.197,-19.215,-22.907,cleaning
-0.365,-0.745,1.288,38.92,36.61,-80.605,cleaning
-0.31,-0.06,1.341,38.92,36.61,-80.605,cleaning
-0.31,-0.06,1.341,66.395,7.49,-132.475,cleaning
-0.266,0.144,1.405,66.395,7.49,-132.475,cleaning
-0.266,0.144,1.405,85.26,-91.63,-185.745,cleaning
-0.248,0.072,1.338,85.26,-91.63,-185.745,cleaning
-0.248,0.072,1.338,102.515,-122.517,-220.605,cleaning
-0.2,0.125,1.226,102.515,-122.517,-220.605,cleaning
-0.135,0.316,1.106,102.515,-122.517,-220.605,cleaning
-0.135,0.316,1.106,118.807,-97.877,-236.092,cleaning
-0.027,0.583,0.96,118.807,-97.877,-236.092,cleaning
-0.027,0.583,0.96,131.442,-77.035,-239.907,cleaning
0.15,0.77,0.703,131.442,-77.035,-239.907,cleaning
0.15,0.77,0.703,136.937,-71.225,-234.657,cleaning
0.405,1.019,0.358,136.937,-71.225,-234.657,cleaning
0.405,1.019,0.358,127.925,-46.655,-217.875,cleaning
0.52,1.502,0.233,127.925,-46.655,-217.875,cleaning
0.52,1.502,0.233,105.612,-13.737,-179.462,cleaning
0.564,2.119,0.104,105.612,-13.737,-179.462,cleaning
0.564,2.119,0.104,79.87,10.325,-112.805,cleaning
0.556,2.5,-0.167,79.87,10.325,-112.805,cleaning
0.556,2.5,-0.167,38.465,29.032,-22.155,cleaning
0.41,2.58,-0.391,38.465,29.032,-22.155,cleaning
0.41,2.58,-0.391,-16.835,13.212,58.257,cleaning
0.197,1.965,-0.21,-16.835,13.212,58.257,cleaning
0.087,1.182,-0.183,-61.775,-18.497,101.202,cleaning
0.073,1.003,-0.084,-61.775,-18.497,101.202,cleaning
0.073,1.003,-0.084,-82.25,76.772,150.657,cleaning
0.113,1.102,0.168,-82.25,76.772,150.657,cleaning
0.113,1.102,0.168,-99.522,172.935,185.762,cleaning
0.1,1.205,0.371,-99.522,172.935,185.762,cleaning
0.1,1.205,0.371,-119.98,184.975,200.62,cleaning
0.027,1.19,0.582,-119.98,184.975,200.62,cleaning
0.027,1.19,0.582,-140.49,151.567,208.845,cleaning
-0.115,1.093,0.799,-140.49,151.567,208.845,cleaning
-0.115,1.093,0.799,-166.792,97.492,216.3,cleaning
-0.422,0.807,1.152,-166.792,97.492,216.3,cleaning
-0.422,0.807,1.152,-198.992,32.655,226.59,cleaning
-0.849,0.189,1.771,-198.992,32.655,226.59,cleaning
-0.849,0.189,1.771,-198.1,-19.862,221.882,cleaning
-0.983,-0.5,2.083,-198.1,-19.862,221.882,cleaning
-0.983,-0.5,2.083,-142.222,-1.242,181.545,cleaning
-0.867,-0.791,2.251,-142.222,-1.242,181.545,cleaning
-0.703,-0.829,2.176,-142.222,-1.242,181.545,cleaning
-0.703,-0.829,2.176,-57.225,6.65,96.215,cleaning
-0.474,-0.889,1.764,-57.225,6.65,96.215,cleaning
-0.474,-0.889,1.764,23.31,-38.115,-12.565,cleaning
-0.386,-0.538,1.222,23.31,-38.115,-12.565,cleaning
-0.386,-0.538,1.222,84.77,-5.075,-86.135,cleaning
-0.362,-0.005,1.066,84.77,-5.075,-86.135,cleaning
-0.362,-0.005,1.066,122.115,19.075,-136.43,cleaning
-0.358,0.184,0.979,122.115,19.075,-136.43,cleaning
-0.358,0.184,0.979,138.075,-51.52,-188.037,cleaning
-0.376,0.166,0.851,138.075,-51.52,-188.037,cleaning
-0.376,0.166,0.851,146.475,-84.245,-223.387,cleaning
-0.353,0.251,0.7,146.475,-84.245,-223.387,cleaning
-0.353,0.251,0.7,150.08,-63.525,-243.652,cleaning
-0.346,0.436,0.671,150.08,-63.525,-243.652,cleaning
-0.346,0.436,0.671,149.187,-42.56,-251.72,cleaning
-0.266,0.799,0.847,149.187,-42.56,-251.72,cleaning
-0.266,0.799,0.847,149.152,-45.972,-242.042,cleaning
-0.12,1.077,0.915,149.152,-45.972,-242.042,cleaning
0.055,1.244,0.818,149.152,-45.972,-242.042,cleaning
0.055,1.244,0.818,148.085,-51.047,-216.492,cleaning
0.266,1.405,0.574,148.085,-51.047,-216.492,cleaning
0.266,1.405,0.574,141.015,-27.562,-173.967,cleaning
0.512,1.581,0.257,141.015,-27.562,-173.967,cleaning
0.512,1.581,0.257,117.162,-11.165,-126.367,cleaning
0.68,1.764,-0.066,117.162,-11.165,-126.367,cleaning
0.68,1.764,-0.066,75.04,-27.352,-81.777,cleaning
0.685,1.702,-0.173,75.04,-27.352,-81.777,cleaning
0.685,1.702,-0.173,23.17,-62.72,-40.6,cleaning
0.565,1.428,-0.14,23.17,-62.72,-40.6,cleaning
0.565,1.428,-0.14,-21.63,-72.432,-2.38,cleaning
0.44,1.224,-0.087,-21.63,-72.432,-2.38,cleaning
0.44,1.224,-0.087,-49.262,-39.865,34.545,cleaning
0.246,0.958,0.294,-49.262,-39.865,34.545,cleaning
0.246,0.958,0.294,-56.472,-24.115,51.45,cleaning
0.158,0.769,0.378,-56.472,-24.115,51.45,cleaning
0.158,0.769,0.378,-52.377,23.695,70.21,cleaning
0.133,0.866,0.401,-52.377,23.695,70.21,cleaning
0.11,1.008,0.649,-52.377,23.695,70.21,cleaning
0.11,1.008,0.649,-47.425,51.485,85.155,cleaning
0.163,0.843,0.608,-47.425,51.485,85.155,cleaning
0.163,0.843,0.608,-44.8,41.317,93.747,cleaning
0.195,0.787,0.592,-44.8,41.317,93.747,cleaning
0.195,0.787,0.592,-44.922,51.625,103.565,cleaning
0.203,0.811,0.625,-44.922,51.625,103.565,cleaning
0.203,0.811,0.625,-47.372,67.532,115.097,cleaning
0.202,0.826,0.625,-47.372,67.532,115.097,cleaning
0.202,0.826,0.625,-55.44,75.39,124.005,cleaning
0.161,0.812,0.674,-55.44,75.39,124.005,cleaning
0.161,0.812,0.674,-68.46,66.255,130.095,cleaning
0.077,0.741,0.772,-68.46,66.255,130.095,cleaning
0.077,0.741,0.772,-85.05,40.705,131.057,cleaning
0,0.603,0.912,-85.05,40.705,131.057,cleaning
0,0.603,0.912,-100.222,15.54,129.92,cleaning
-0.139,0.369,1.143,-100.222,15.54,129.92,cleaning
-0.269,0.155,1.371,-104.475,-3.465,120.802,cleaning
-0.326,0.034,1.524,-104.475,-3.465,120.802,cleaning
-0.326,0.034,1.524,-88.707,-8.33,102.007,cleaning
-0.334,-0.074,1.66,-88.707,-8.33,102.007,cleaning
-0.334,-0.074,1.66,-50.925,-16.695,66.64,cleaning
-0.25,-0.326,1.637,-50.925,-16.695,66.64,cleaning
-0.25,-0.326,1.637,-0.787,-53.445,6.755,cleaning
-0.131,-0.356,1.297,-0.787,-53.445,6.755,cleaning
-0.131,-0.356,1.297,46.83,-39.217,-44.66,cleaning
-0.095,-0.134,1.028,46.83,-39.217,-44.66,cleaning
-0.095,-0.134,1.028,81.182,17.955,-76.615,cleaning
-0.059,0.108,0.98,81.182,17.955,-76.615,cleaning
-0.059,0.108,0.98,97.737,-16.555,-118.615,cleaning
-0.037,0.091,0.84,97.737,-16.555,-118.615,cleaning
-0.037,0.091,0.84,99.225,-73.272,-157.5,cleaning
-0.023,0.064,0.735,99.225,-73.272,-157.5,cleaning
-0.023,0.064,0.735,96.565,-78.627,-179.392,cleaning
-0.029,0.206,0.791,96.565,-78.627,-179.392,cleaning
-0.009,0.479,0.826,95.9,-69.02,-190.015,cleaning
0.029,0.893,0.782,95.9,-69.02,-190.015,cleaning
0.029,0.893,0.782,95.112,-62.457,-188.09,cleaning
0.026,1.215,0.769,95.112,-62.457,-188.09,cleaning
0.026,1.215,0.769,89.635,-59.132,-169.032,cleaning
0.067,1.401,0.655,89.635,-59.132,-169.032,cleaning
0.067,1.401,0.655,83.912,-39.48,-130.76,cleaning
0.238,1.489,0.386,83.912,-39.48,-130.76,cleaning
0.238,1.489,0.386,66.692,-6.002,-75.127,cleaning
0.37,1.475,0.058,66.692,-6.002,-75.127,cleaning
0.37,1.475,0.058,27.965,11.497,-21.122,cleaning
0.432,1.395,-0.09,27.965,11.497,-21.122,cleaning
0.432,1.395,-0.09,-19.442,4.392,18.34,cleaning
0.288,1.227,0.305,-19.442,4.392,18.34,cleaning
0.288,1.227,0.305,-51.502,-40.232,31.64,cleaning
0.101,0.726,0.715,-51.502,-40.232,31.64,cleaning
0.101,0.726,0.715,-49.122,-34.317,36.697,cleaning
0.113,0.48,0.986,-49.122,-34.317,36.697,cleaning
0.242,0.37,0.974,-49.122,-34.317,36.697,cleaning
0.242,0.37,0.974,-29.977,5.18,40.81,cleaning
0.388,0.416,1.019,-29.977,5.18,40.81,cleaning
0.388,0.416,1.019,-15.855,27.195,41.755,cleaning
0.565,0.306,1.092,-15.855,27.195,41.755,cleaning
0.565,0.306,1.092,-10.43,0.245,39.41,cleaning
0.705,0.209,1.113,-10.43,0.245,39.41,cleaning
0.705,0.209,1.113,-12.005,-31.902,38.395,cleaning
0.781,0.19,1.092,-12.005,-31.902,38.395,cleaning
0.781,0.19,1.092,-16.03,-33.477,42.787,cleaning
0.867,0.261,0.99,-16.03,-33.477,42.787,cleaning
0.867,0.261,0.99,-23.73,-14.612,48.457,cleaning
0.799,0.356,0.935,-23.73,-14.612,48.457,cleaning
0.799,0.356,0.935,-33.722,3.972,49.402,cleaning
0.724,0.435,0.869,-33.722,3.972,49.402,cleaning
0.724,0.435,0.869,-44.94,9.485,42.525,cleaning
0.637,0.454,0.794,-44.94,9.485,42.525,cleaning
0.637,0.454,0.794,-57.767,-2.695,26.932,cleaning
0.59,0.465,0.707,-57.767,-2.695,26.932,cleaning
0.536,0.504,0.665,-57.767,-2.695,26.932,cleaning
0.536,0.504,0.665,-72.327,-15.085,13.352,cleaning
0.42,0.578,0.68,-72.327,-15.085,13.352,cleaning
0.42,0.578,0.68,-83.615,-21.402,5.845,cleaning
0.355,0.625,0.664,-83.615,-21.402,5.845,cleaning
0.355,0.625,0.664,-89.215,-36.47,-0.857,cleaning
0.345,0.685,0.61,-89.215,-36.47,-0.857,cleaning
0.345,0.685,0.61,-92.715,-43.802,-0.875,cleaning
0.358,0.748,0.601,-92.715,-43.802,-0.875,cleaning
0.358,0.748,0.601,-96.757,-43.137,3.15,cleaning
0.402,0.757,0.698,-96.757,-43.137,3.15,cleaning
0.402,0.757,0.698,-99.19,-57.732,-0.927,cleaning
0.32,0.759,0.839,-99.19,-57.732,-0.927,cleaning
0.32,0.759,0.839,-92.172,-77.227,-8.522,cleaning
0.189,0.785,0.775,-92.172,-77.227,-8.522,cleaning
0.189,0.785,0.775,-78.487,-80.955,-13.23,cleaning
0.071,0.872,0.635,-78.487,-80.955,-13.23,cleaning
0.071,0.872,0.635,-68.022,-86.502,-21.717,cleaning
-0.041,0.742,0.441,-68.022,-86.502,-21.717,cleaning
-0.138,0.734,0.329,-68.022,-86.502,-21.717,cleaning
-0.138,0.734,0.329,-61.862,-84.822,-38.71,cleaning
-0.382,0.961,0.439,-61.862,-84.822,-38.71,cleaning
-0.382,0.961,0.439,-58.922,-78.242,-40.932,cleaning
-0.615,0.976,0.558,-58.922,-78.242,-40.932,cleaning
-0.615,0.976,0.558,-50.207,-81.777,-26.81,cleaning
-0.799,0.771,0.61,-50.207,-81.777,-26.81,cleaning
-0.799,0.771,0.61,-32.48,-46.322,-4.34,cleaning
-0.893,0.672,0.507,-32.48,-46.322,-4.34,cleaning
-0.893,0.672,0.507,-15.732,23.275,19.215,cleaning
-0.906,0.81,0.307,-15.732,23.275,19.215,cleaning
-0.906,0.81,0.307,-19.512,73.535,46.48,cleaning
-0.947,1.131,0.441,-19.512,73.535,46.48,cleaning
-0.947,1.131,0.441,-38.22,47.46,78.96,cleaning
-0.977,1.165,0.611,-38.22,47.46,78.96,cleaning
-0.977,1.165,0.611,-48.912,3.885,119.787,cleaning
-0.991,1.081,0.712,-48.912,3.885,119.787,cleaning
-0.991,1.081,0.712,-48.632,-16.345,160.037,cleaning
-1.003,0.901,0.73,-48.632,-16.345,160.037,cleaning
-0.981,0.803,0.594,-48.632,-16.345,160.037,cleaning
-0.981,0.803,0.594,-48.265,-29.207,194.512,cleaning
-0.954,0.766,0.514,-48.265,-29.207,194.512,cleaning
-0.954,0.766,0.514,-58.257,-39.515,228.795,cleaning
-0.961,0.675,0.541,-58.257,-39.515,228.795,cleaning
-0.961,0.675,0.541,-78.26,-63.857,259.84,cleaning
-1.01,0.541,0.676,-78.26,-63.857,259.84,cleaning
-1.01,0.541,0.676,-98,-88.497,279.772,cleaning
-1.127,0.482,0.866,-98,-88.497,279.772,cleaning
-1.127,0.482,0.866,-109.9,-105.577,294.91,cleaning
-1.336,0.401,1.044,-109.9,-105.577,294.91,cleaning
-1.336,0.401,1.044,-110.81,-133.892,301.735,cleaning
-1.478,0.131,1.099,-110.81,-133.892,301.735,cleaning
-1.478,0.131,1.099,-101.762,-177.537,294.07,cleaning
-1.404,-0.34,0.925,-101.762,-177.537,294.07,cleaning
-1.404,-0.34,0.925,-93.152,-184.922,278.617,cleaning
-1.207,-0.714,0.743,-93.152,-184.922,278.617,cleaning
-1,-0.827,0.642,-91.035,-136.15,255.535,cleaning
-0.868,-0.731,0.745,-91.035,-136.15,255.535,cleaning
-0.868,-0.731,0.745,-96.372,-67.077,222.25,cleaning
-0.833,-0.742,0.955,-96.372,-67.077,222.25,cleaning
-0.833,-0.742,0.955,-96.302,-23.59,174.947,cleaning
-0.706,-0.985,1.128,-96.302,-23.59,174.947,cleaning
-0.706,-0.985,1.128,-84.105,-36.4,107.835,cleaning
-0.575,-1.233,1.133,-84.105,-36.4,107.835,cleaning
-0.575,-1.233,1.133,-65.73,-41.51,40.32,cleaning
-0.434,-1.259,1.084,-65.73,-41.51,40.32,cleaning
-0.434,-1.259,1.084,-46.62,7.367,-14.875,cleaning
-0.262,-1.075,1.051,-46.62,7.367,-14.875,cleaning
-0.262,-1.075,1.051,-31.325,56.84,-65.782,cleaning
-0.129,-0.752,1.068,-31.325,56.84,-65.782,cleaning
-0.129,-0.752,1.068,-21.017,72.24,-107.187,cleaning
-0.018,-0.497,1.147,-21.017,72.24,-107.187,cleaning
-0.018,-0.497,1.147,-16.887,46.165,-141.4,cleaning
0.136,-0.413,1.247,-16.887,46.165,-141.4,cleaning
0.304,-0.335,1.378,-15.785,10.29,-172.445,cleaning
0.449,-0.225,1.509,-15.785,10.29,-172.445,cleaning
0.449,-0.225,1.509,-7.595,1.12,-192.185,cleaning
0.548,-0.052,1.553,-7.595,1.12,-192.185,cleaning
0.548,-0.052,1.553,11.357,14.122,-196.927,cleaning
0.55,0.101,1.451,11.357,14.122,-196.927,cleaning
0.55,0.101,1.451,35.77,31.92,-186.375,cleaning
0.509,0.191,1.2,35.77,31.92,-186.375,cleaning
0.509,0.191,1.2,54.372,37.502,-172.917,cleaning
0.432,0.28,0.959,54.372,37.502,-172.917,cleaning
0.432,0.28,0.959,61.145,32.707,-161.752,cleaning
0.258,0.34,0.877,61.145,32.707,-161.752,cleaning
0.258,0.34,0.877,65.887,23.17,-154.735,cleaning
0.019,0.368,0.883,65.887,23.17,-154.735,cleaning
0.019,0.368,0.883,78.977,22.96,-150.097,cleaning
-0.214,0.486,0.905,78.977,22.96,-150.097,cleaning
-0.214,0.486,0.905,102.235,55.947,-131.95,cleaning
-0.343,0.676,0.694,102.235,55.947,-131.95,cleaning
-0.255,0.845,0.286,102.235,55.947,-131.95,cleaning
-0.255,0.845,0.286,118.65,112.875,-102.847,cleaning
-0.266,1.152,0.092,118.65,112.875,-102.847,cleaning
-0.266,1.152,0.092,104.895,155.365,-67.182,cleaning
-0.46,1.523,0.196,104.895,155.365,-67.182,cleaning
-0.46,1.523,0.196,61.372,124.845,-31.762,cleaning
-0.769,1.636,0.453,61.372,124.845,-31.762,cleaning
-0.769,1.636,0.453,11.27,46.55,7.752,cleaning
-1.064,1.651,0.745,11.27,46.55,7.752,cleaning
-1.064,1.651,0.745,-17.552,4.952,70.175,cleaning
-1.14,1.594,0.901,-17.552,4.952,70.175,cleaning
-1.14,1.594,0.901,-29.347,-13.3,144.9,cleaning
-1.055,1.442,0.845,-29.347,-13.3,144.9,cleaning
-1.055,1.442,0.845,-44.082,-45.937,206.902,cleaning
-1.063,1.25,0.762,-44.082,-45.937,206.902,cleaning
-1.063,1.25,0.762,-59.307,-110.092,235.252,cleaning
-1.101,0.75,0.761,-59.307,-110.092,235.252,cleaning
-1.101,0.75,0.761,-68.197,-180.145,233.922,cleaning
-0.963,0.211,0.575,-68.197,-180.145,233.922,cleaning
-0.991,-0.076,0.696,-68.197,-180.145,233.922,cleaning
-0.991,-0.076,0.696,-69.825,-157.622,239.627,cleaning
-1.015,-0.301,0.799,-69.825,-157.622,239.627,cleaning
-1.015,-0.301,0.799,-61.53,-102.13,233.117,cleaning
-0.909,-0.588,0.839,-61.53,-102.13,233.117,cleaning
-0.909,-0.588,0.839,-48.667,-51.957,213.447,cleaning
-0.866,-0.829,0.859,-48.667,-51.957,213.447,cleaning
-0.866,-0.829,0.859,-34.79,2.887,187.687,cleaning
-0.862,-0.851,0.813,-34.79,2.887,187.687,cleaning
-0.862,-0.851,0.813,-20.667,84.262,157.482,cleaning
-0.767,-0.566,0.889,-20.667,84.262,157.482,cleaning
-0.767,-0.566,0.889,-10.412,145.162,123.865,cleaning
-0.573,-0.193,1.058,-10.412,145.162,123.865,cleaning
-0.573,-0.193,1.058,-7.962,126.875,77.455,cleaning
-0.417,-0.14,1.242,-7.962,126.875,77.455,cleaning
-0.417,-0.14,1.242,-5.145,63.665,24.797,cleaning
-0.241,-0.308,1.391,-5.145,63.665,24.797,cleaning
-0.241,-0.308,1.391,4.62,28.822,-18.27,cleaning
-0.047,-0.331,1.419,4.62,28.822,-18.27,cleaning
0.136,-0.184,1.306,4.62,28.822,-18.27,cleaning
0.136,-0.184,1.306,15.032,49.21,-42.07,cleaning
0.386,0.133,1.138,15.032,49.21,-42.07,cleaning
0.386,0.133,1.138,18.41,86.922,-52.027,cleaning
0.711,0.428,0.949,18.41,86.922,-52.027,cleaning
0.711,0.428,0.949,8.155,105.735,-46.9,cleaning
0.785,0.669,0.927,8.155,105.735,-46.9,cleaning
0.785,0.669,0.927,-10.902,86.975,-30.52,cleaning
0.619,0.704,0.813,-10.902,86.975,-30.52,cleaning
0.619,0.704,0.813,-29.925,28.105,-15.977,cleaning
0.64,0.509,0.619,-29.925,28.105,-15.977,cleaning
0.64,0.509,0.619,-43.68,-3.885,-1.277,cleaning
0.619,0.515,0.569,-43.68,-3.885,-1.277,cleaning
0.619,0.515,0.569,-52.657,-2.362,18.357,cleaning
0.391,0.548,0.78,-52.657,-2.362,18.357,cleaning
0.391,0.548,0.78,-49.63,-9.03,30.975,cleaning
0.192,0.44,0.995,-49.63,-9.03,30.975,cleaning
0.192,0.44,0.995,-37.047,-39.795,22.295,cleaning
-0.06,0.228,1.235,-37.047,-39.795,22.295,cleaning
-0.279,-0.094,1.412,-37.047,-39.795,22.295,cleaning
-0.279,-0.094,1.412,-14.945,-85.085,-8.47,cleaning
-0.482,-0.378,1.402,-14.945,-85.085,-8.47,cleaning
-0.482,-0.378,1.402,15.085,-112.98,-51.432,cleaning
-0.625,-0.62,1.315,15.085,-112.98,-51.432,cleaning
-0.625,-0.62,1.315,46.917,-108.202,-101.57,cleaning
-0.65,-0.778,1.161,46.917,-108.202,-101.57,cleaning
-0.65,-0.778,1.161,75.53,-69.422,-155.942,cleaning
-0.687,-0.703,0.993,75.53,-69.422,-155.942,cleaning
-0.687,-0.703,0.993,93.695,-16.817,-201.512,cleaning
-0.788,-0.523,0.85,93.695,-16.817,-201.512,cleaning
-0.788,-0.523,0.85,99.12,18.217,-240.257,cleaning
-0.937,-0.292,0.734,99.12,18.217,-240.257,cleaning
-0.937,-0.292,0.734,95.252,48.86,-263.235,cleaning
-1.18,-0.015,0.801,95.252,48.86,-263.235,cleaning
-1.18,-0.015,0.801,97.3,84.857,-265.58,cleaning
-1.339,0.276,0.815,97.3,84.857,-265.58,cleaning
-1.311,0.562,0.653,102.812,100.117,-257.722,cleaning
-1.248,0.889,0.445,102.812,100.117,-257.722,cleaning
-1.248,0.889,0.445,93.73,93.695,-235.497,cleaning
-1.206,1.078,0.389,93.73,93.695,-235.497,cleaning
-1.206,1.078,0.389,68.722,66.692,-192.307,cleaning
-1.102,1.117,0.328,68.722,66.692,-192.307,cleaning
-1.102,1.117,0.328,38.885,28.962,-129.815,cleaning
-0.944,1.149,0.261,38.885,28.962,-129.815,cleaning
-0.944,1.149,0.261,11.235,16.31,-50.575,cleaning
-0.795,1.216,0.265,11.235,16.31,-50.575,cleaning
-0.795,1.216,0.265,-11.445,14.297,21.525,cleaning
-0.842,1.154,0.51,-11.445,14.297,21.525,cleaning
-0.842,1.154,0.51,-22.452,-16.607,64.225,cleaning
-0.82,0.947,0.607,-22.452,-16.607,64.225,cleaning
-0.82,0.947,0.607,-23.695,-43.627,93.66,cleaning
-0.682,0.828,0.575,-23.695,-43.627,93.66,cleaning
-0.682,0.828,0.575,-26.512,-39.672,118.912,cleaning
-0.513,0.764,0.512,-26.512,-39.672,118.912,cleaning
-0.374,0.739,0.536,-26.512,-39.672,118.912,cleaning
-0.374,0.739,0.536,-39.725,-17.43,136.342,cleaning
-0.27,0.752,0.642,-39.725,-17.43,136.342,cleaning
-0.27,0.752,0.642,-56.105,8.505,150.972,cleaning
-0.198,0.766,0.781,-56.105,8.505,150.972,cleaning
-0.198,0.766,0.781,-69.72,14.647,157.377,cleaning
-0.17,0.651,0.907,-69.72,14.647,157.377,cleaning
-0.17,0.651,0.907,-77.017,-5.705,151.655,cleaning
-0.104,0.478,0.932,-77.017,-5.705,151.655,cleaning
-0.104,0.478,0.932,-80.22,-20.615,146.807,cleaning
-0.03,0.359,0.985,-80.22,-20.615,146.807,cleaning
-0.03,0.359,0.985,-82.075,-18.007,147.087,cleaning
0.055,0.256,1.03,-82.075,-18.007,147.087,cleaning
0.055,0.256,1.03,-85.925,-14.385,147.962,cleaning
0.089,0.17,1.127,-85.925,-14.385,147.962,cleaning
0.089,0.17,1.127,-88.795,-21.28,142.695,cleaning
0.07,0.073,1.279,-88.795,-21.28,142.695,cleaning
0.07,0.073,1.279,-86.1,-43.277,131.11,cleaning
0.07,-0.083,1.316,-86.1,-43.277,131.11,cleaning
0.097,-0.224,1.299,-86.1,-43.277,131.11,cleaning
0.097,-0.224,1.299,-78.785,-67.007,117.687,cleaning
0.031,-0.576,1.233,-78.785,-67.007,117.687,cleaning
0.031,-0.576,1.233,-73.552,-108.955,91.052,cleaning
-0.182,-1.148,1.198,-73.552,-108.955,91.052,cleaning
-0.182,-1.148,1.198,-68.757,-163.73,35.56,cleaning
-0.372,-1.609,1.116,-68.757,-163.73,35.56,cleaning
-0.372,-1.609,1.116,-55.685,-163.52,-34.02,cleaning
-0.389,-1.384,1.223,-55.685,-163.52,-34.02,cleaning
-0.389,-1.384,1.223,-32.042,-65.695,-82.705,cleaning
-0.691,-1.121,1.611,-32.042,-65.695,-82.705,cleaning
-0.691,-1.121,1.611,7.892,-23.835,-145.425,cleaning
-0.891,-1.003,1.596,7.892,-23.835,-145.425,cleaning
-0.891,-1.003,1.596,55.755,-4.847,-206.377,cleaning
-0.961,-0.673,1.193,55.755,-4.847,-206.377,cleaning
-0.961,-0.673,1.193,87.062,30.397,-246.067,cleaning
-1.064,-0.244,0.783,87.062,30.397,-246.067,cleaning
-1.064,-0.244,0.783,97.597,55.09,-265.177,cleaning
-1.206,0.051,0.546,97.597,55.09,-265.177,cleaning
-1.354,0.217,0.451,97.597,55.09,-265.177,cleaning
-1.354,0.217,0.451,93.467,45.587,-275.135,cleaning
-1.421,0.427,0.319,93.467,45.587,-275.135,cleaning
-1.421,0.427,0.319,83.842,33.74,-268.94,cleaning
-1.427,0.657,0.169,83.842,33.74,-268.94,cleaning
-1.427,0.657,0.169,70.21,35.962,-250.792,cleaning
-1.37,0.849,0.102,70.21,35.962,-250.792,cleaning
-1.37,0.849,0.102,54.442,52.08,-223.072,cleaning
-1.214,0.916,0.208,54.442,52.08,-223.072,cleaning
-1.214,0.916,0.208,40.617,54.46,-189.052,cleaning
-1.072,0.883,0.4,40.617,54.46,-189.052,cleaning
-1.072,0.883,0.4,33.32,40.145,-154.665,cleaning
-0.968,0.922,0.554,33.32,40.145,-154.665,cleaning
-0.968,0.922,0.554,34.317,44.94,-115.447,cleaning
-0.853,0.99,0.688,34.317,44.94,-115.447,cleaning
-0.853,0.99,0.688,41.44,57.75,-76.842,cleaning
-0.672,0.993,0.753,41.44,57.75,-76.842,cleaning
-0.672,0.993,0.753,42.087,58.887,-42.14,cleaning
-0.527,1.077,0.833,42.087,58.887,-42.14,cleaning
-0.413,1.196,0.95,42.087,58.887,-42.14,cleaning
-0.413,1.196,0.95,34.877,48.3,-4.725,cleaning
-0.177,1.286,1.025,34.877,48.3,-4.725,cleaning
-0.177,1.286,1.025,21.035,36.767,32.34,cleaning
0.034,1.269,1.073,21.035,36.767,32.34,cleaning
0.034,1.269,1.073,7.507,23.362,60.322,cleaning
0.254,1.124,1,7.507,23.362,60.322,cleaning
0.254,1.124,1,2.065,4.847,80.99,cleaning
0.443,0.909,0.832,2.065,4.847,80.99,cleaning
0.443,0.909,0.832,-2.887,-3.902,109.322,cleaning
0.576,0.722,0.764,-2.887,-3.902,109.322,cleaning
0.576,0.722,0.764,-14.437,-17.71,136.412,cleaning
0.624,0.502,0.762,-14.437,-17.71,136.412,cleaning
0.624,0.502,0.762,-26.932,-29.295,161.822,cleaning
0.602,0.242,0.807,-26.932,-29.295,161.822,cleaning
0.602,0.242,0.807,-36.102,-24.185,184.66,cleaning
0.502,0.048,0.881,-36.102,-24.185,184.66,cleaning
0.502,0.048,0.881,-40.267,-12.022,200.06,cleaning
0.357,-0.1,1.051,-40.267,-12.022,200.06,cleaning
0.201,-0.272,1.178,-40.267,-12.022,200.06,cleaning
0.201,-0.272,1.178,-34.457,-9.695,202.177,cleaning
0.114,-0.552,1.14,-34.457,-9.695,202.177,cleaning
0.114,-0.552,1.14,-21.035,-7,190.732,cleaning
0.073,-0.721,1.073,-21.035,-7,190.732,cleaning
0.073,-0.721,1.073,-11.217,8.54,166.687,cleaning
-0.02,-0.724,1.066,-11.217,8.54,166.687,cleaning
-0.02,-0.724,1.066,-8.715,12.687,126.507,cleaning
-0.257,-0.728,1.128,-8.715,12.687,126.507,cleaning
-0.257,-0.728,1.128,-3.832,-4.077,65.765,cleaning
-0.58,-0.862,1.225,-3.832,-4.077,65.765,cleaning
-0.58,-0.862,1.225,9.642,-40.687,-21.385,cleaning
-0.845,-0.974,1.099,9.642,-40.687,-21.385,cleaning
-0.845,-0.974,1.099,35.192,-17.325,-105.315,cleaning
-1.09,-0.625,0.991,35.192,-17.325,-105.315,cleaning
-1.09,-0.625,0.991,67.27,40.722,-155.417,cleaning
-1.347,-0.23,0.956,67.27,40.722,-155.417,cleaning
-1.448,0.126,0.963,94.412,69.37,-182.91,cleaning
-1.423,0.576,0.959,94.412,69.37,-182.91,cleaning
-1.423,0.576,0.959,112.262,65.467,-189.017,cleaning
-1.248,0.991,0.914,112.262,65.467,-189.017,cleaning
-1.248,0.991,0.914,116.76,43.645,-173.705,cleaning
-0.986,1.141,0.81,116.76,43.645,-173.705,cleaning
-0.986,1.141,0.81,103.6,13.44,-146.177,cleaning
-0.749,1.159,0.741,103.6,13.44,-146.177,cleaning
-0.749,1.159,0.741,81.235,5.197,-109.567,cleaning
-0.502,1.193,0.715,81.235,5.197,-109.567,cleaning
-0.502,1.193,0.715,57.33,11.725,-71.995,cleaning
-0.222,1.186,0.72,57.33,11.725,-71.995,cleaning
-0.222,1.186,0.72,33.985,16.432,-36.067,cleaning
0.067,1.142,0.699,33.985,16.432,-36.067,cleaning
0.067,1.142,0.699,11.515,12.897,-5.022,cleaning
0.341,1.062,0.74,11.515,12.897,-5.022,cleaning
0.341,1.062,0.74,-3.85,15.715,24.167,cleaning
0.565,0.963,0.767,-3.85,15.715,24.167,cleaning
0.8,0.809,0.721,-3.85,15.715,24.167,cleaning
0.8,0.809,0.721,-11.095,44.065,58.432,cleaning
0.953,0.639,0.692,-11.095,44.065,58.432,cleaning
0.953,0.639,0.692,-19.827,86.975,99.015,cleaning
0.936,0.473,0.728,-19.827,86.975,99.015,cleaning
0.936,0.473,0.728,-35.087,106.89,140.577,cleaning
0.804,0.245,0.736,-35.087,106.89,140.577,cleaning
0.804,0.245,0.736,-60.602,90.562,177.467,cleaning
0.639,0.023,0.792,-60.602,90.562,177.467,cleaning
0.639,0.023,0.792,-92.225,71.347,206.832,cleaning
0.398,-0.117,1.012,-92.225,71.347,206.832,cleaning
0.398,-0.117,1.012,-113.907,48.615,219.187,cleaning
0.15,-0.162,1.213,-113.907,48.615,219.187,cleaning
0.15,-0.162,1.213,-119.612,17.552,211.47,cleaning
-0.124,-0.14,1.565,-119.612,17.552,211.47,cleaning
-0.124,-0.14,1.565,-105.56,-50.557,174.93,cleaning
-0.419,-0.409,1.806,-105.56,-50.557,174.93,cleaning
-0.419,-0.409,1.806,-73.325,-121.24,106.715,cleaning
-0.369,-0.804,1.538,-73.325,-121.24,106.715,cleaning
-0.3,-0.699,1.281,-73.325,-121.24,106.715,cleaning
-0.3,-0.699,1.281,-39.445,-106.277,35.56,cleaning
-0.485,-0.494,1.3,-39.445,-106.277,35.56,cleaning
-0.485,-0.494,1.3,-9.905,-93.765,-48.16,cleaning
-0.735,-0.457,1.151,-9.905,-93.765,-48.16,cleaning
-0.735,-0.457,1.151,18.252,-123.777,-146.09,cleaning
-1.048,-0.235,0.925,18.252,-123.777,-146.09,cleaning
-1.048,-0.235,0.925,41.002,-125.09,-220.01,cleaning
-1.389,0.185,0.757,41.002,-125.09,-220.01,cleaning
-1.389,0.185,0.757,56.63,-93.712,-249.83,cleaning
-1.519,0.7,0.687,56.63,-93.712,-249.83,cleaning
-1.519,0.7,0.687,62.492,-59.78,-237.842,cleaning
-1.406,0.996,0.638,62.492,-59.78,-237.842,cleaning
-1.406,0.996,0.638,60.077,-12.95,-204.557,cleaning
-1.151,1.312,0.561,60.077,-12.95,-204.557,cleaning
-1.151,1.312,0.561,53.007,39.55,-156.835,cleaning
-0.775,1.557,0.421,53.007,39.55,-156.835,cleaning
-0.775,1.557,0.421,31.5,54.617,-112.717,cleaning
-0.353,1.609,0.188,31.5,54.617,-112.717,cleaning
-0.015,1.606,0.259,31.5,54.617,-112.717,cleaning
-0.015,1.606,0.259,-1.82,68.547,-74.69,cleaning
0.159,1.451,0.567,-1.82,68.547,-74.69,cleaning
0.159,1.451,0.567,-29.347,67.287,-53.41,cleaning
0.289,1.205,0.947,-29.347,67.287,-53.41,cleaning
0.289,1.205,0.947,-34.37,53.585,-41.772,cleaning
0.448,0.836,1.25,-34.37,53.585,-41.772,cleaning
0.448,0.836,1.25,-20.23,23.222,-29.82,cleaning
0.684,0.386,1.282,-20.23,23.222,-29.82,cleaning
0.684,0.386,1.282,-3.657,-13.65,-23.905,cleaning
0.872,-0.066,1.208,-3.657,-13.65,-23.905,cleaning
0.872,-0.066,1.208,10.115,-26.46,-21.21,cleaning
0.996,-0.294,1.136,10.115,-26.46,-21.21,cleaning
0.996,-0.294,1.136,24.745,-0.262,-10.377,cleaning
1.031,-0.195,1.103,24.745,-0.262,-10.377,cleaning
1.031,-0.195,1.103,32.952,10.867,1.645,cleaning
0.904,-0.027,1.182,32.952,10.867,1.645,cleaning
0.904,-0.027,1.182,32.13,-51.432,-7.542,cleaning
0.736,-0.046,1.149,32.13,-51.432,-7.542,cleaning
0.572,-0.022,1.104,32.13,-51.432,-7.542,cleaning
0.572,-0.022,1.104,32.882,-75.967,-16.607,cleaning
0.48,0.186,1.049,32.882,-75.967,-16.607,cleaning
0.48,0.186,1.049,37.625,-35.332,-14.297,cleaning
0.45,0.446,0.911,37.625,-35.332,-14.297,cleaning
0.45,0.446,0.911,33.67,-9.555,-13.142,cleaning
0.402,0.488,0.787,33.67,-9.555,-13.142,cleaning
0.402,0.488,0.787,20.93,-16.135,-21.997,cleaning
0.366,0.513,0.736,20.93,-16.135,-21.997,cleaning
0.366,0.513,0.736,3.99,-35.262,-31.745,cleaning
0.219,0.498,0.781,3.99,-35.262,-31.745,cleaning
0.219,0.498,0.781,-10.71,-47.197,-37.905,cleaning
0.142,0.559,0.91,-10.71,-47.197,-37.905,cleaning
0.142,0.559,0.91,-18.515,-46.707,-39.532,cleaning
-0.123,0.647,1.058,-18.515,-46.707,-39.532,cleaning
-0.123,0.647,1.058,-13.3,-32.637,-34.545,cleaning
-0.225,0.783,1.165,-13.3,-32.637,-34.545,cleaning
-0.366,0.935,1.05,-2.065,-16.992,-23.625,cleaning
-0.443,1.084,0.835,-2.065,-16.992,-23.625,cleaning
-0.443,1.084,0.835,4.725,1.575,-7.245,cleaning
-0.589,1.295,0.636,4.725,1.575,-7.245,cleaning
-0.589,1.295,0.636,0.21,11.532,19.74,cleaning
-0.882,1.519,0.528,0.21,11.532,19.74,cleaning
-0.882,1.519,0.528,-12.302,15.837,61.547,cleaning
-1.214,1.877,0.302,-12.302,15.837,61.547,cleaning
-1.214,1.877,0.302,-30.152,9.467,121.642,cleaning
-1.449,1.984,0.045,-30.152,9.467,121.642,cleaning
-1.449,1.984,0.045,-77.227,-46.567,183.557,cleaning
-1.588,1.687,0.143,-77.227,-46.567,183.557,cleaning
-1.588,1.687,0.143,-129.342,-127.172,241.447,cleaning
-1.853,1.071,0.47,-129.342,-127.172,241.447,cleaning
-1.853,1.071,0.47,-145.022,-175.857,277.882,cleaning
-1.931,0.479,0.71,-145.022,-175.857,277.882,cleaning
-1.931,0.479,0.71,-122.342,-136.045,298.847,cleaning
-1.863,0.129,0.844,-122.342,-136.045,298.847,cleaning
-1.641,-0.166,0.715,-122.342,-136.045,298.847,cleaning
-1.641,-0.166,0.715,-90.072,-66.237,292.81,cleaning
-1.263,-0.661,0.682,-90.072,-66.237,292.81,cleaning
-1.263,-0.661,0.682,-69.58,-14.455,259.682,cleaning
-0.947,-1.123,0.847,-69.58,-14.455,259.682,cleaning
-0.947,-1.123,0.847,-52.185,7.332,208.372,cleaning
-0.701,-1.474,0.967,-52.185,7.332,208.372,cleaning
-0.701,-1.474,0.967,-29.872,30.38,142.66,cleaning
-0.393,-1.65,1.054,-29.872,30.38,142.66,cleaning
-0.393,-1.65,1.054,-6.842,74.48,65.012,cleaning
-0.105,-1.604,1.161,-6.842,74.48,65.012,cleaning
-0.105,-1.604,1.161,11.882,92.837,-22.382,cleaning
0.11,-1.454,1.209,11.882,92.837,-22.382,cleaning
0.11,-1.454,1.209,23.31,80.85,-98.98,cleaning
0.299,-1.026,1.306,23.31,80.85,-98.98,cleaning
0.299,-1.026,1.306,30.485,74.182,-144.882,cleaning
0.421,-0.421,1.533,30.485,74.182,-144.882,cleaning
0.421,-0.421,1.533,38.132,19.285,-178.272,cleaning
0.517,-0.129,1.687,38.132,19.285,-178.272,cleaning
0.555,-0.146,1.547,38.132,19.285,-178.272,cleaning
0.555,-0.146,1.547,49.017,-53.112,-204.505,cleaning
0.561,-0.09,1.348,49.017,-53.112,-204.505,cleaning
0.561,-0.09,1.348,62.387,-58.117,-212.135,cleaning
0.541,0.045,1.115,62.387,-58.117,-212.135,cleaning
0.541,0.045,1.115,74.007,-28.7,-205.625,cleaning
0.495,0.229,0.853,74.007,-28.7,-205.625,cleaning
0.495,0.229,0.853,78.487,10.36,-186.97,cleaning
0.403,0.525,0.747,78.487,10.36,-186.97,cleaning
0.403,0.525,0.747,75.18,45.29,-157.342,cleaning
0.226,1.023,0.807,75.18,45.29,-157.342,cleaning
0.226,1.023,0.807,68.652,47.442,-120.225,cleaning
0.07,1.409,0.899,68.652,47.442,-120.225,cleaning
0.07,1.409,0.899,55.352,7.455,-80.902,cleaning
-0.087,1.36,0.894,55.352,7.455,-80.902,cleaning
-0.087,1.36,0.894,44.082,-30.152,-47.197,cleaning
-0.16,1.007,0.7,44.082,-30.152,-47.197,cleaning
-0.16,1.007,0.7,31.78,-25.725,-22.82,cleaning
-0.295,0.796,0.601,31.78,-25.725,-22.82,cleaning
-0.637,0.843,0.706,31.78,-25.725,-22.82,cleaning
-0.637,0.843,0.706,17.045,9.327,-2.607,cleaning
-1.037,1.147,0.801,17.045,9.327,-2.607,cleaning
-1.037,1.147,0.801,5.915,27.93,13.702,cleaning
-1.294,1.276,0.713,5.915,27.93,13.702,cleaning
-1.294,1.276,0.713,-8.89,1.767,36.662,cleaning
-1.054,0.985,0.522,-8.89,1.767,36.662,cleaning
-1.054,0.985,0.522,-34.51,-33.39,74.672,cleaning
-0.93,0.77,0.492,-34.51,-33.39,74.672,cleaning
-0.93,0.77,0.492,-58.24,-25.41,124.792,cleaning
-0.937,0.555,0.574,-58.24,-25.41,124.792,cleaning
-0.937,0.555,0.574,-73.815,-12.162,151.305,cleaning
-0.857,0.397,0.686,-73.815,-12.162,151.305,cleaning
-0.857,0.397,0.686,-84.84,-8.75,156.38,cleaning
-0.611,0.043,0.868,-84.84,-8.75,156.38,cleaning
-0.611,0.043,0.868,-94.412,-46.095,139.387,cleaning
-0.123,-0.685,1.153,-94.412,-46.095,139.387,cleaning
-0.123,-0.685,1.153,-102.06,-114.607,97.737,cleaning
0.425,-1.326,1.432,-102.06,-114.607,97.737,cleaning
0.462,-1.572,1.618,-102.06,-114.607,97.737,cleaning
0.462,-1.572,1.618,-101.5,-160.142,30.73,cleaning
0.26,-1.265,1.654,-101.5,-160.142,30.73,cleaning
0.26,-1.265,1.654,-85.417,-132.335,-32.83,cleaning
0.227,-0.66,1.736,-85.417,-132.335,-32.83,cleaning
0.227,-0.66,1.736,-50.89,-38.552,-59.325,cleaning
0.172,-0.196,1.555,-50.89,-38.552,-59.325,cleaning
0.172,-0.196,1.555,-13.632,-8.277,-85.417,cleaning
0.151,0.009,1.086,-13.632,-8.277,-85.417,cleaning
0.151,0.009,1.086,9.607,-0.91,-102.235,cleaning
0.06,0.168,0.649,9.607,-0.91,-102.235,cleaning
0.06,0.168,0.649,15.977,23.082,-104.72,cleaning
-0.212,0.433,0.434,15.977,23.082,-104.72,cleaning
-0.212,0.433,0.434,15.19,36.96,-102.235,cleaning
-0.668,0.658,0.374,15.19,36.96,-102.235,cleaning
-0.668,0.658,0.374,14.77,34.965,-97.72,cleaning
-1.129,0.67,0.289,14.77,34.965,-97.72,cleaning
-1.478,0.625,0.154,10.605,43.33,-86.38,cleaning
-1.555,0.703,0.199,10.605,43.33,-86.38,cleaning
-1.555,0.703,0.199,-7.035,70.245,-49.402,cleaning
-1.518,0.647,0.635,-7.035,70.245,-49.402,cleaning
-1.518,0.647,0.635,-36.592,27.615,5.792,cleaning
-1.479,0.295,0.765,-36.592,27.615,5.792,cleaning
-1.479,0.295,0.765,-58.415,-79.59,49.245,cleaning
-1.346,-0.064,0.732,-58.415,-79.59,49.245,cleaning
-1.346,-0.064,0.732,-68.285,-110.285,81.497,cleaning
-1.183,-0.256,0.69,-68.285,-110.285,81.497,cleaning
-1.183,-0.256,0.69,-70.157,-71.942,98.752,cleaning
-0.974,-0.324,0.695,-70.157,-71.942,98.752,cleaning
-0.974,-0.324,0.695,-71.4,-21.175,99.435,cleaning
-0.702,-0.359,0.746,-71.4,-21.175,99.435,cleaning
-0.702,-0.359,0.746,-75.687,1.19,82.915,cleaning
-0.409,-0.399,0.791,-75.687,1.19,82.915,cleaning
-0.409,-0.399,0.791,-81.48,6.002,59.307,cleaning
-0.163,-0.455,0.939,-81.48,6.002,59.307,cleaning
0.032,-0.52,1.176,-79.905,8.26,31.727,cleaning
0.225,-0.605,1.294,-79.905,8.26,31.727,cleaning
0.225,-0.605,1.294,-66.517,11.69,2.59,cleaning
0.289,-0.401,1.215,-66.517,11.69,2.59,cleaning
0.289,-0.401,1.215,-50.155,21.262,-18.917,cleaning
0.282,0.171,1.247,-50.155,21.262,-18.917,cleaning
0.282,0.171,1.247,-39.952,-11.165,-26.407,cleaning
0.099,0.473,1.326,-39.952,-11.165,-26.407,cleaning
0.099,0.473,1.326,-29.732,-116.672,-32.532,cleaning
-0.148,0.619,1.229,-29.732,-116.672,-32.532,cleaning
-0.148,0.619,1.229,-9.607,-133.945,-17.78,cleaning
-0.278,0.565,1.117,-9.607,-133.945,-17.78,cleaning
-0.278,0.565,1.117,19.355,-53.427,11.812,cleaning
-0.132,0.426,1.032,19.355,-53.427,11.812,cleaning
-0.132,0.426,1.032,42.927,-11.27,27.3,cleaning
-0.115,0.303,0.807,42.927,-11.27,27.3,cleaning
-0.115,0.303,0.807,47.88,-37.1,19.845,cleaning
-0.285,-0.02,0.516,47.88,-37.1,19.845,cleaning
-0.486,-0.666,0.437,47.88,-37.1,19.845,cleaning
-0.486,-0.666,0.437,37.24,-39.847,-4.62,cleaning
-0.598,-0.91,0.491,37.24,-39.847,-4.62,cleaning
-0.598,-0.91,0.491,32.48,2.082,-39.41,cleaning
-0.906,-0.79,0.793,32.48,2.082,-39.41,cleaning
-0.906,-0.79,0.793,34.912,20.405,-83.037,cleaning
-1.181,-0.681,0.9,34.912,20.405,-83.037,cleaning
-1.181,-0.681,0.9,53.655,18.095,-123.602,cleaning
-1.223,-0.512,0.738,53.655,18.095,-123.602,cleaning
-1.223,-0.512,0.738,72.607,46.375,-145.075,cleaning
-1.068,-0.262,0.524,72.607,46.375,-145.075,cleaning
-1.068,-0.262,0.524,73.622,79.432,-146.475,cleaning
-1.055,-0.085,0.507,73.622,79.432,-146.475,cleaning
-1.055,-0.085,0.507,68.547,104.09,-134.26,cleaning
-1.093,0.182,0.394,68.547,104.09,-134.26,cleaning
-1.093,0.182,0.394,59.885,135.572,-108.325,cleaning
-0.986,0.449,0.392,59.885,135.572,-108.325,cleaning
-0.986,0.449,0.392,47.337,146.3,-73.535,cleaning
-0.873,0.802,0.565,47.337,146.3,-73.535,cleaning
-0.738,0.809,0.797,47.337,146.3,-73.535,cleaning
-0.738,0.809,0.797,38.71,112.735,-38.955,cleaning
-0.563,0.595,0.911,38.71,112.735,-38.955,cleaning
-0.563,0.595,0.911,34.352,69.597,-11.9,cleaning
-0.452,0.353,1.062,34.352,69.597,-11.9,cleaning
-0.452,0.353,1.062,30.835,49.297,6.072,cleaning
-0.404,0.403,1.16,30.835,49.297,6.072,cleaning
-0.404,0.403,1.16,33.862,50.172,22.96,cleaning
-0.361,0.523,1.117,33.862,50.172,22.96,cleaning
-0.361,0.523,1.117,33.845,65.52,50.592,cleaning
-0.302,0.561,1.123,33.845,65.52,50.592,cleaning
-0.302,0.561,1.123,21.612,57.925,75.075,cleaning
-0.266,0.543,1.148,21.612,57.925,75.075,cleaning
-0.266,0.543,1.148,4.147,9.782,84.98,cleaning
-0.272,0.459,1.068,4.147,9.782,84.98,cleaning
-0.272,0.459,1.068,-11.41,-38.517,91.49,cleaning
-0.286,0.192,1.003,-11.41,-38.517,91.49,cleaning
-0.286,0.192,1.003,-15.802,-74.025,81.322,cleaning
-0.108,-0.307,0.855,-15.802,-74.025,81.322,cleaning
0.142,-0.925,0.759,-15.802,-74.025,81.322,cleaning
0.142,-0.925,0.759,-19.477,-96.915,37.467,cleaning
0.158,-1.363,0.84,-19.477,-96.915,37.467,cleaning
0.158,-1.363,0.84,-23.222,-87.377,-30.082,cleaning
-0.03,-1.319,0.907,-23.222,-87.377,-30.082,cleaning
-0.03,-1.319,0.907,-6.457,-26.022,-97.352,cleaning
-0.394,-0.457,0.806,-6.457,-26.022,-97.352,cleaning
-0.394,-0.457,0.806,28.087,125.265,-118.58,cleaning
-0.573,0.384,0.799,28.087,125.265,-118.58,cleaning
-0.573,0.384,0.799,63.945,212.467,-123.025,cleaning
-0.498,0.582,0.916,63.945,212.467,-123.025,cleaning
-0.498,0.582,0.916,81.077,132.79,-141.085,cleaning
-0.436,0.785,0.766,81.077,132.79,-141.085,cleaning
-0.436,0.785,0.766,59.045,-23.187,-147.42,cleaning
-0.607,0.843,0.798,59.045,-23.187,-147.42,cleaning
-0.607,0.843,0.798,14.157,-223.545,-154.21,cleaning
-0.782,0.67,0.709,14.157,-223.545,-154.21,cleaning
-0.78,0.456,0.492,-27.807,-359.572,-138.407,cleaning
-0.862,0.19,0.721,-27.807,-359.572,-138.407,cleaning
-0.862,0.19,0.721,-49.542,-307.475,-51.957,cleaning
-1.048,0.025,1.363,-49.542,-307.475,-51.957,cleaning
-1.048,0.025,1.363,-31.255,-122.815,51.047,cleaning
-1.021,0.117,1.659,-31.255,-122.815,51.047,cleaning
-1.021,0.117,1.659,11.077,32.357,116.602,cleaning
-0.832,0.107,1.426,11.077,32.357,116.602,cleaning
-0.832,0.107,1.426,41.702,68.145,138.267,cleaning
-0.473,-0.377,0.882,41.702,68.145,138.267,cleaning
-0.473,-0.377,0.882,45.605,52.045,119.56,cleaning
0.031,-1.145,0.417,45.605,52.045,119.56,cleaning
0.031,-1.145,0.417,14.927,43.12,64.382,cleaning
0.367,-1.78,0.375,14.927,43.12,64.382,cleaning
0.367,-1.78,0.375,-17.447,66.132,-19.775,cleaning
0.377,-1.592,0.644,-17.447,66.132,-19.775,cleaning
0.377,-1.592,0.644,-17.377,127.837,-95.567,cleaning
-0.014,-0.711,0.839,-17.377,127.837,-95.567,cleaning
-0.588,0.104,0.884,17.955,238.437,-124.075,cleaning
-0.597,0.603,0.869,17.955,238.437,-124.075,cleaning
-0.597,0.603,0.869,64.47,282.887,-137.252,cleaning
-0.442,0.957,0.891,64.47,282.887,-137.252,cleaning
-0.442,0.957,0.891,75.25,109.287,-162.837,cleaning
-0.38,0.984,0.528,75.25,109.287,-162.837,cleaning
-0.38,0.984,0.528,40.477,-163.257,-180.775,cleaning
-0.396,0.731,0.236,40.477,-163.257,-180.775,cleaning
-0.396,0.731,0.236,-26.11,-369.232,-182.752,cleaning
-0.624,0.459,0.313,-26.11,-369.232,-182.752,cleaning
-0.624,0.459,0.313,-74.882,-425.372,-146.02,cleaning
-0.976,0.172,0.658,-74.882,-425.372,-146.02,cleaning
-0.976,0.172,0.658,-73.517,-333.707,-68.757,cleaning
-1.14,-0.173,1.104,-73.517,-333.707,-68.757,cleaning
-1.14,-0.173,1.104,-30.065,-148.715,28.035,cleaning
-1.112,-0.429,1.382,-30.065,-148.715,28.035,cleaning
-1.112,-0.429,1.382,21.245,11.077,100.73,cleaning
-0.997,-0.211,1.498,21.245,11.077,100.73,cleaning
-0.831,-0.061,1.345,53.76,72.677,138.232,cleaning
-0.479,-0.481,0.884,53.76,72.677,138.232,cleaning
-0.479,-0.481,0.884,62.142,66.657,137.007,cleaning
0.105,-1.31,0.397,62.142,66.657,137.007,cleaning
0.105,-1.31,0.397,39.27,57.942,91.105,cleaning
0.621,-1.808,0.363,39.27,57.942,91.105,cleaning
0.621,-1.808,0.363,1.085,83.44,15.225,cleaning
0.558,-1.336,0.527,1.085,83.44,15.225,cleaning
0.558,-1.336,0.527,-20.597,152.232,-52.587,cleaning
-0.149,-0.292,0.789,-20.597,152.232,-52.587,cleaning
-0.149,-0.292,0.789,-13.615,244.072,-78.575,cleaning
-0.512,0.649,1.099,-13.615,244.072,-78.575,cleaning
-0.512,0.649,1.099,13.107,209.02,-103.705,cleaning
-0.385,1.078,1.273,13.107,209.02,-103.705,cleaning
-0.385,1.078,1.273,22.085,-43.137,-135.712,cleaning
-0.219,1.032,1.011,22.085,-43.137,-135.712,cleaning
-0.219,1.032,1.011,-2.8,-281.575,-139.247,cleaning
-0.368,0.864,0.655,-2.8,-281.575,-139.247,cleaning
-0.814,0.394,0.487,-2.8,-281.575,-139.247,cleaning
-0.814,0.394,0.487,-30.695,-349.3,-93.957,cleaning
-1.178,0.119,0.392,-30.695,-349.3,-93.957,cleaning
-1.178,0.119,0.392,-29.715,-281.085,-12.232,cleaning
-1.099,0.256,0.462,-29.715,-281.085,-12.232,cleaning
-1.099,0.256,0.462,-14.192,-131.565,95.795,cleaning
-1.02,0.481,0.901,-14.192,-131.565,95.795,cleaning
-1.02,0.481,0.901,-3.657,-21.63,182.052,cleaning
-1.014,0.423,1.115,-3.657,-21.63,182.052,cleaning
-1.014,0.423,1.115,6.265,-17.675,206.587,cleaning
-0.84,-0.015,1.009,6.265,-17.675,206.587,cleaning
-0.84,-0.015,1.009,17.622,-27.58,211.435,cleaning
-0.569,-0.273,0.766,17.622,-27.58,211.435,cleaning
-0.569,-0.273,0.766,18.392,-4.795,213.972,cleaning
-0.299,-0.491,0.507,18.392,-4.795,213.972,cleaning
-0.299,-0.491,0.507,1.137,-14.035,189.665,cleaning
0.145,-0.875,0.198,1.137,-14.035,189.665,cleaning
0.145,-0.875,0.198,-39.69,-71.47,135.59,cleaning
0.443,-1.318,0.292,-39.69,-71.47,135.59,cleaning
0.193,-1.457,0.643,-39.69,-71.47,135.59,cleaning
0.193,-1.457,0.643,-69.877,-116.427,77.017,cleaning
-0.19,-1.627,1.044,-69.877,-116.427,77.017,cleaning
-0.19,-1.627,1.044,-66.937,-61.075,25.287,cleaning
-0.472,-1.596,1.487,-66.937,-61.075,25.287,cleaning
-0.472,-1.596,1.487,-28.665,86.257,-29.487,cleaning
-0.698,-0.845,1.572,-28.665,86.257,-29.487,cleaning
-0.698,-0.845,1.572,29.907,213.325,-69.702,cleaning
-0.732,-0.043,1.625,29.907,213.325,-69.702,cleaning
-0.732,-0.043,1.625,74.077,162.4,-105.455,cleaning
-0.611,0.315,1.304,74.077,162.4,-105.455,cleaning
-0.611,0.315,1.304,82.04,24.027,-126.087,cleaning
-0.582,0.51,1.068,82.04,24.027,-126.087,cleaning
-0.582,0.51,1.068,73.202,-41.475,-105.367,cleaning
-0.73,0.754,1.089,73.202,-41.475,-105.367,cleaning
-0.73,0.754,1.089,67.27,-45.622,-60.427,cleaning
-0.924,0.986,1.132,67.27,-45.622,-60.427,cleaning
-0.924,0.986,1.132,67.007,-36.417,3.5,cleaning
-0.97,0.912,0.913,67.007,-36.417,3.5,cleaning
-0.816,0.709,0.576,67.007,-36.417,3.5,cleaning
-0.816,0.709,0.576,58.1,-47.11,66.867,cleaning
-0.704,0.605,0.381,58.1,-47.11,66.867,cleaning
-0.704,0.605,0.381,38.57,-67.55,120.19,cleaning
-0.598,0.482,0.388,38.57,-67.55,120.19,cleaning
-0.598,0.482,0.388,19.302,-87.85,158.27,cleaning
-0.562,0.1,0.476,19.302,-87.85,158.27,cleaning
-0.562,0.1,0.476,6.265,-95.515,174.142,cleaning
-0.577,-0.308,0.58,6.265,-95.515,174.142,cleaning
-0.577,-0.308,0.58,5.985,-71.137,175.647,cleaning
-0.552,-0.64,0.713,5.985,-71.137,175.647,cleaning
-0.552,-0.64,0.713,17.045,-40.635,162.242,cleaning
-0.4,-0.872,0.735,17.045,-40.635,162.242,cleaning
-0.4,-0.872,0.735,25.042,-28.997,129.115,cleaning
-0.171,-1.158,0.61,25.042,-28.997,129.115,cleaning
-0.171,-1.158,0.61,17.5,-32.497,75.442,cleaning
0.007,-1.565,0.401,17.5,-32.497,75.442,cleaning
0.088,-1.736,0.342,-3.482,-31.027,5.845,cleaning
-0.039,-1.31,0.54,-3.482,-31.027,5.845,cleaning
-0.039,-1.31,0.54,-18.392,21.735,-44.957,cleaning
-0.451,-0.561,0.899,-18.392,21.735,-44.957,cleaning
-0.451,-0.561,0.899,-12.477,144.585,-56,cleaning
-0.67,-0.106,1.453,-12.477,144.585,-56,cleaning
-0.67,-0.106,1.453,14.612,192.972,-85.347,cleaning
-0.742,0.194,1.966,14.612,192.972,-85.347,cleaning
-0.742,0.194,1.966,54.145,72.135,-123.76,cleaning
-0.686,0.136,1.788,54.145,72.135,-123.76,cleaning
-0.686,0.136,1.788,88.077,-79.24,-155.365,cleaning
-0.539,0.167,1.301,88.077,-79.24,-155.365,cleaning
-0.539,0.167,1.301,107.677,-77.612,-143.972,cleaning
-0.348,0.305,0.96,107.677,-77.612,-143.972,cleaning
-0.348,0.305,0.96,109.637,-3.465,-103.547,cleaning
-0.182,0.42,0.757,109.637,-3.465,-103.547,cleaning
-0.182,0.42,0.757,91.455,47.617,-53.725,cleaning
-0.184,0.346,0.626,91.455,47.617,-53.725,cleaning
-0.355,0.34,0.647,61.127,40.95,-14.28,cleaning
-0.258,0.129,0.599,61.127,40.95,-14.28,cleaning
-0.258,0.129,0.599,40.915,27.685,22.907,cleaning
0.002,-0.468,0.572,40.915,27.685,22.907,cleaning
0.002,-0.468,0.572,31.815,45.185,32.637,cleaning
0.358,-1.378,0.349,31.815,45.185,32.637,cleaning
0.358,-1.378,0.349,8.802,49.822,-18.917,cleaning
0.549,-1.336,0.229,8.802,49.822,-18.917,cleaning
0.549,-1.336,0.229,-25.655,81.812,-78.855,cleaning
0.31,-0.511,0.37,-25.655,81.812,-78.855,cleaning
0.31,-0.511,0.37,-47.04,142.205,-91.997,cleaning
-0.058,0.148,0.833,-47.04,142.205,-91.997,cleaning
-0.058,0.148,0.833,-45.5,129.762,-101.885,cleaning
-0.339,0.517,1.079,-45.5,129.762,-101.885,cleaning
-0.339,0.517,1.079,-34.125,24.342,-136.325,cleaning
-0.449,0.466,1.07,-34.125,24.342,-136.325,cleaning
-0.449,0.466,1.07,-24.605,-55.877,-162.4,cleaning
-0.444,0.16,1.015,-24.605,-55.877,-162.4,cleaning
-0.492,0.127,1.009,-24.605,-55.877,-162.4,cleaning
-0.492,0.127,1.009,-6.527,-16.415,-151.532,cleaning
-0.642,0.198,1.177,-6.527,-16.415,-151.532,cleaning
-0.642,0.198,1.177,14.507,55.387,-126.035,cleaning
-0.717,0.253,1.224,14.507,55.387,-126.035,cleaning
-0.717,0.253,1.224,38.552,101.045,-103.04,cleaning
-0.628,0.338,1.191,38.552,101.045,-103.04,cleaning
-0.628,0.338,1.191,57.47,133.91,-66.045,cleaning
-0.529,0.301,1.12,57.47,133.91,-66.045,cleaning
-0.529,0.301,1.12,59.92,132.545,-29.645,cleaning
-0.369,0.299,0.886,59.92,132.545,-29.645,cleaning
-0.369,0.299,0.886,41.877,112.682,2.432,cleaning
-0.249,0.555,0.701,41.877,112.682,2.432,cleaning
-0.249,0.555,0.701,14.017,125.055,55.422,cleaning
-0.346,0.958,0.817,14.017,125.055,55.422,cleaning
-0.346,0.958,0.817,-11.375,85.4,99.855,cleaning
-0.489,0.928,1.03,-11.375,85.4,99.855,cleaning
-0.489,0.928,1.03,-26.53,-17.01,109.41,cleaning
-0.488,0.241,1.146,-26.53,-17.01,109.41,cleaning
-0.26,-0.619,1.092,-26.53,-17.01,109.41,cleaning
-0.26,-0.619,1.092,-26.547,-75.88,84.455,cleaning
-0.111,-1.019,1.1,-26.547,-75.88,84.455,cleaning
-0.111,-1.019,1.1,-18.025,-39.62,34.72,cleaning
-0.333,-0.941,1.297,-18.025,-39.62,34.72,cleaning
-0.333,-0.941,1.297,8.102,44.607,-28.192,cleaning
-0.468,-0.808,1.199,8.102,44.607,-28.192,cleaning
-0.468,-0.808,1.199,53.252,105,-102.987,cleaning
-0.403,-0.334,0.757,53.252,105,-102.987,cleaning
-0.403,-0.334,0.757,94.745,180.495,-147.962,cleaning
-0.382,0.21,0.347,94.745,180.495,-147.962,cleaning
-0.382,0.21,0.347,114.327,233.45,-165.655,cleaning
-0.252,0.592,-0.092,114.327,233.45,-165.655,cleaning
-0.252,0.592,-0.092,100.957,270.27,-155.592,cleaning
-0.147,1.076,-0.4,100.957,270.27,-155.592,cleaning
-0.147,1.076,-0.4,57.067,282.887,-110.425,cleaning
-0.085,1.882,-0.06,57.067,282.887,-110.425,cleaning
-0.085,1.882,-0.06,6.125,190.68,-32.042,cleaning
-0.343,2.2,0.569,6.125,190.68,-32.042,cleaning
-0.525,2.311,0.849,6.125,190.68,-32.042,cleaning
-0.525,2.311,0.849,-20.265,20.212,51.135,cleaning
-0.47,1.84,0.89,-20.265,20.212,51.135,cleaning
-0.47,1.84,0.89,-37.852,-213.43,102.567,cleaning
-0.478,0.571,0.667,-37.852,-213.43,102.567,cleaning
-0.478,0.571,0.667,-37.782,-349.632,120.767,cleaning
-0.358,-0.308,0.556,-37.782,-349.632,120.767,cleaning
-0.358,-0.308,0.556,-22.54,-239.225,149.03,cleaning
-0.146,-0.329,0.725,-22.54,-239.225,149.03,cleaning
-0.146,-0.329,0.725,-17.272,-9.87,183.575,cleaning
-0.111,0.132,1.145,-17.272,-9.87,183.575,cleaning
-0.111,0.132,1.145,-19.547,100.065,174.755,cleaning
-0.219,0.283,1.408,-19.547,100.065,174.755,cleaning
-0.219,0.283,1.408,-13.055,82.145,128.852,cleaning
-0.277,0.128,1.376,-13.055,82.145,128.852,cleaning
-0.277,0.128,1.376,-0.14,56.507,79.852,cleaning
-0.317,-0.165,1.242,-0.14,56.507,79.852,cleaning
-0.288,-0.362,1.052,13.3,65.31,33.617,cleaning
-0.23,-0.357,0.858,13.3,65.31,33.617,cleaning
-0.23,-0.357,0.858,24.71,112.42,-2.625,cleaning
-0.161,-0.209,0.657,24.71,112.42,-2.625,cleaning
-0.161,-0.209,0.657,32.987,168.14,-24.92,cleaning
-0.041,0.114,0.419,32.987,168.14,-24.92,cleaning
-0.041,0.114,0.419,34.667,199.132,-38.675,cleaning
-0.088,0.5,0.439,34.667,199.132,-38.675,cleaning
-0.088,0.5,0.439,30.45,174.825,-51.065,cleaning
-0.181,0.69,0.548,30.45,174.825,-51.065,cleaning
-0.181,0.69,0.548,29.872,109.497,-61.845,cleaning
-0.15,0.908,0.579,29.872,109.497,-61.845,cleaning
-0.15,0.908,0.579,32.9,57.26,-55.79,cleaning
-0.168,1.163,0.68,32.9,57.26,-55.79,cleaning
-0.168,1.163,0.68,29.697,1.12,-34.107,cleaning
-0.102,1.318,0.679,29.697,1.12,-34.107,cleaning
-0.102,1.318,0.679,14.945,-77.367,-9.52,cleaning
-0.13,1.173,0.72,14.945,-77.367,-9.52,cleaning
-0.154,0.907,0.575,-0.437,-117.267,16.922,cleaning
-0.057,0.81,0.364,-0.437,-117.267,16.922,cleaning
-0.057,0.81,0.364,-16.31,-62.16,56.647,cleaning
0.039,0.852,0.431,-16.31,-62.16,56.647,cleaning
0.039,0.852,0.431,-44.537,-12.337,82.915,cleaning
0.059,0.813,0.704,-44.537,-12.337,82.915,cleaning
0.059,0.813,0.704,-76.23,-42.472,86.082,cleaning
0.024,0.651,1.044,-76.23,-42.472,86.082,cleaning
0.024,0.651,1.044,-98.735,-112.665,79.012,cleaning
-0.149,0.344,1.275,-98.735,-112.665,79.012,cleaning
-0.149,0.344,1.275,-100.187,-173.127,70.035,cleaning
-0.179,-0.148,1.237,-100.187,-173.127,70.035,cleaning
-0.179,-0.148,1.237,-84.84,-177.152,60.882,cleaning
-0.193,-0.472,1.081,-84.84,-177.152,60.882,cleaning
-0.193,-0.472,1.081,-56.84,-115.132,38.062,cleaning
-0.219,-0.558,1.133,-56.84,-115.132,38.062,cleaning
-0.219,-0.558,1.133,-20.772,-68.74,-14.455,cleaning
-0.436,-0.837,1.419,-20.772,-68.74,-14.455,cleaning
-0.311,-0.713,1.128,18.882,-34.475,-77.945,cleaning
-0.236,0.061,0.84,18.882,-34.475,-77.945,cleaning
-0.236,0.061,0.84,42.577,75.67,-93.975,cleaning
-0.357,0.768,0.778,42.577,75.67,-93.975,cleaning
-0.357,0.768,0.778,51.135,129.325,-89.355,cleaning
-0.322,1.246,0.629,51.135,129.325,-89.355,cleaning
-0.322,1.246,0.629,40.477,67.62,-82.775,cleaning
-0.268,1.524,0.536,40.477,67.62,-82.775,cleaning
-0.268,1.524,0.536,10.045,-26.862,-55.195,cleaning
-0.355,1.623,0.654,10.045,-26.862,-55.195,cleaning
-0.355,1.623,0.654,-18.655,-108.832,-6.79,cleaning
-0.418,1.175,0.974,-18.655,-108.832,-6.79,cleaning
-0.418,1.175,0.974,-36.89,-211.942,25.655,cleaning
-0.294,0.521,0.829,-36.89,-211.942,25.655,cleaning
-0.294,0.521,0.829,-44.152,-193.007,86.415,cleaning
-0.196,0.262,0.648,-44.152,-193.007,86.415,cleaning
-0.196,0.262,0.648,-64.995,-140.14,138.477,cleaning
-0.198,-0.024,0.694,-64.995,-140.14,138.477,cleaning
-0.253,-0.604,0.968,-64.995,-140.14,138.477,cleaning
-0.253,-0.604,0.968,-90.037,-155.47,132.037,cleaning
-0.176,-0.944,1.133,-90.037,-155.47,132.037,cleaning
-0.176,-0.944,1.133,-85.277,-169.487,72.24,cleaning
-0.206,-0.715,1.205,-85.277,-169.487,72.24,cleaning
-0.206,-0.715,1.205,-51.852,-132.125,1.277,cleaning
-0.39,-0.804,1.22,-51.852,-132.125,1.277,cleaning
-0.39,-0.804,1.22,-16.31,-123.987,-77.052,cleaning
-0.285,-0.531,0.872,-16.31,-123.987,-77.052,cleaning
-0.285,-0.531,0.872,9.957,-65.082,-115.937,cleaning
-0.399,-0.191,0.617,9.957,-65.082,-115.937,cleaning
-0.399,-0.191,0.617,17.71,-6.527,-131.215,cleaning
-0.439,0.112,0.442,17.71,-6.527,-131.215,cleaning
-0.439,0.112,0.442,8.417,43.382,-110.915,cleaning
-0.426,0.62,0.49,8.417,43.382,-110.915,cleaning
-0.426,0.62,0.49,-9.012,65.31,-48.912,cleaning
-0.509,1.292,0.749,-9.012,65.31,-48.912,cleaning
-0.509,1.292,0.749,-21.105,18.83,32.357,cleaning
-0.681,1.229,1.341,-21.105,18.83,32.357,cleaning
-0.708,0.565,1.428,-21.105,18.83,32.357,cleaning
-0.708,0.565,1.428,-18.567,-126.682,69.562,cleaning
-0.598,0.282,1.022,-18.567,-126.682,69.562,cleaning
-0.598,0.282,1.022,-2.362,-154.507,122.08,cleaning
-0.322,-0.061,0.607,-2.362,-154.507,122.08,cleaning
-0.322,-0.061,0.607,-4.112,-98.49,160.895,cleaning
0.108,-0.299,0.49,-4.112,-98.49,160.895,cleaning
0.108,-0.299,0.49,-37.45,-73.972,135.8,cleaning
0.156,-0.649,1.034,-37.45,-73.972,135.8,cleaning
0.156,-0.649,1.034,-56.052,-123.865,45.797,cleaning
-0.114,-1.367,1.435,-56.052,-123.865,45.797,cleaning
-0.114,-1.367,1.435,-23.03,-127.33,-63.752,cleaning
-0.273,-1.085,1.14,-23.03,-127.33,-63.752,cleaning
-0.273,-1.085,1.14,35.507,48.212,-108.57,cleaning
-0.332,-0.301,0.844,35.507,48.212,-108.57,cleaning
-0.332,-0.301,0.844,73.552,196.682,-119.875,cleaning
-0.459,0.046,0.632,73.552,196.682,-119.875,cleaning
-0.459,0.046,0.632,83.37,209.142,-128.415,cleaning
-0.48,0.312,0.156,83.37,209.142,-128.415,cleaning
-0.399,0.907,-0.085,83.37,209.142,-128.415,cleaning
-0.399,0.907,-0.085,53.515,200.515,-93.87,cleaning
-0.341,1.392,0.282,53.515,200.515,-93.87,cleaning
-0.341,1.392,0.282,-12.775,148.75,-4.812,cleaning
-0.742,1.112,1.243,-12.775,148.75,-4.812,cleaning
-0.742,1.112,1.243,-63.49,-1.33,77.42,cleaning
-1.108,0.64,1.702,-63.49,-1.33,77.42,cleaning
-1.108,0.64,1.702,-44.415,-105.437,138.722,cleaning
-0.809,0.495,1.223,-44.415,-105.437,138.722,cleaning
-0.809,0.495,1.223,-18.707,-102.077,191.677,cleaning
-0.273,-0.347,0.698,-18.707,-102.077,191.677,cleaning
-0.273,-0.347,0.698,-31.64,-99.872,161.227,cleaning
0.139,-1.265,0.712,-31.64,-99.872,161.227,cleaning
0.139,-1.265,0.712,-37.73,-83.3,54.145,cleaning
0.25,-1.519,1.154,-37.73,-83.3,54.145,cleaning
0.25,-1.519,1.154,-3.675,-2.835,-63.7,cleaning
-0.132,-1.333,1.361,-3.675,-2.835,-63.7,cleaning
-0.389,-0.173,0.947,55.125,183.557,-110.582,cleaning
-0.369,0.615,0.774,55.125,183.557,-110.582,cleaning
-0.369,0.615,0.774,91,310.17,-96.6,cleaning
-0.335,1.225,0.583,91,310.17,-96.6,cleaning
-0.335,1.225,0.583,61.915,234.5,-68.32,cleaning
-0.459,1.652,0.758,61.915,234.5,-68.32,cleaning
-0.459,1.652,0.758,-11.427,31.71,-10.605,cleaning
-0.788,1.426,1.216,-11.427,31.71,-10.605,cleaning
-0.788,1.426,1.216,-65.555,-174.212,63.735,cleaning
-1.254,0.757,1.445,-65.555,-174.212,63.735,cleaning
-1.254,0.757,1.445,-61.775,-284.48,124.215,cleaning
-1.273,0.531,1.242,-61.775,-284.48,124.215,cleaning
-1.273,0.531,1.242,-37.502,-264.547,198.047,cleaning
-1.175,0.212,0.944,-37.502,-264.547,198.047,cleaning
-1.175,0.212,0.944,-20.335,-209.755,234.64,cleaning
-1.006,-0.204,0.621,-20.335,-209.755,234.64,cleaning
-1.006,-0.204,0.621,-13.037,-120.802,236.11,cleaning
-0.789,-0.348,0.495,-13.037,-120.802,236.11,cleaning
-0.641,-0.251,0.468,-13.037,-120.802,236.11,cleaning
-0.641,-0.251,0.468,-7.35,3.64,231.735,cleaning
-0.426,-0.145,0.375,-7.35,3.64,231.735,cleaning
-0.426,-0.145,0.375,-6.037,90.422,214.077,cleaning
-0.154,-0.219,0.275,-6.037,90.422,214.077,cleaning
-0.154,-0.219,0.275,-13.615,127.365,182.402,cleaning
0.033,-0.275,0.201,-13.615,127.365,182.402,cleaning
0.033,-0.275,0.201,-22.085,161.717,146.23,cleaning
0.078,-0.117,0.138,-22.085,161.717,146.23,cleaning
0.078,-0.117,0.138,-24.657,194.39,113.855,cleaning
0.073,0.222,0.102,-24.657,194.39,113.855,cleaning
0.073,0.222,0.102,-36.277,158.882,77.857,cleaning
0.095,0.442,0.121,-36.277,158.882,77.857,cleaning
0.095,0.442,0.121,-61.022,31.36,36.47,cleaning
0.101,0.375,0.253,-61.022,31.36,36.47,cleaning
0.101,0.375,0.253,-88.97,-114.957,1.995,cleaning
-0.032,0.354,0.656,-88.97,-114.957,1.995,cleaning
-0.032,0.354,0.656,-100.345,-185.605,-7.717,cleaning
-0.383,0.304,1.118,-100.345,-185.605,-7.717,cleaning
-0.862,0.328,1.834,-100.345,-185.605,-7.717,cleaning
-0.862,0.328,1.834,-77.927,-96.81,8.837,cleaning
-1.013,0.549,2.215,-77.927,-96.81,8.837,cleaning
-1.013,0.549,2.215,-6.037,121.607,64.172,cleaning
-0.536,0.855,1.663,-6.037,121.607,64.172,cleaning
-0.536,0.855,1.663,50.225,272.825,120.032,cleaning
-0.109,0.842,0.966,50.225,272.825,120.032,cleaning
-0.109,0.842,0.966,37.607,273.892,139.002,cleaning
0.124,0.642,0.611,37.607,273.892,139.002,cleaning
0.124,0.642,0.611,-15.452,181.037,129.185,cleaning
0.239,0.474,0.541,-15.452,181.037,129.185,cleaning
0.239,0.474,0.541,-67.48,68.985,107.73,cleaning
0.127,0.215,0.741,-67.48,68.985,107.73,cleaning
0.127,0.215,0.741,-89.652,-32.672,81.795,cleaning
-0.202,-0.211,1.326,-89.652,-32.672,81.795,cleaning
-0.202,-0.211,1.326,-59.062,-131.162,25.357,cleaning
-0.414,-0.808,1.751,-59.062,-131.162,25.357,cleaning
-0.414,-0.808,1.751,7.105,-181.177,-51.082,cleaning
-0.378,-0.93,1.238,7.105,-181.177,-51.082,cleaning
-0.413,-0.404,0.813,7.105,-181.177,-51.082,cleaning
-0.413,-0.404,0.813,64.137,-80.762,-89.267,cleaning
-0.516,0.158,0.747,64.137,-80.762,-89.267,cleaning
-0.516,0.158,0.747,105.647,-8.015,-121.695,cleaning
-0.622,0.804,0.708,105.647,-8.015,-121.695,cleaning
-0.622,0.804,0.708,123.322,-11.095,-139.002,cleaning
-0.692,1.311,0.643,123.322,-11.095,-139.002,cleaning
-0.692,1.311,0.643,111.02,-31.255,-122.08,cleaning
-0.546,1.457,0.617,111.02,-31.255,-122.08,cleaning
-0.546,1.457,0.617,75.757,-33.617,-78.855,cleaning
-0.282,1.477,0.634,75.757,-33.617,-78.855,cleaning
-0.282,1.477,0.634,35.262,-2.397,-13.475,cleaning
-0.135,1.241,0.78,35.262,-2.397,-13.475,cleaning
-0.135,1.241,0.78,-1.312,13.16,32.112,cleaning
-0.124,0.81,0.754,-1.312,13.16,32.112,cleaning
-0.124,0.81,0.754,-26.337,50.767,61.74,cleaning
-0.053,0.496,0.603,-26.337,50.767,61.74,cleaning
-0.053,0.496,0.603,-45.465,103.04,79.257,cleaning
-0.047,0.28,0.621,-45.465,103.04,79.257,cleaning
-0.064,0.199,0.667,-45.465,103.04,79.257,cleaning
-0.064,0.199,0.667,-56.735,126.542,74.935,cleaning
-0.138,0.37,0.888,-56.735,126.542,74.935,cleaning
-0.138,0.37,0.888,-54.355,111.545,56.017,cleaning
-0.349,0.337,1.264,-54.355,111.545,56.017,cleaning
-0.349,0.337,1.264,-27.37,31.115,20.79,cleaning
-0.508,-0.13,1.533,-27.37,31.115,20.79,cleaning
-0.508,-0.13,1.533,31.762,-81.445,-41.702,cleaning
-0.567,-0.402,1.112,31.762,-81.445,-41.702,cleaning
-0.567,-0.402,1.112,94.202,-109.077,-104.142,cleaning
-0.625,-0.312,0.715,94.202,-109.077,-104.142,cleaning
-0.625,-0.312,0.715,133.07,-53.777,-147.595,cleaning
-0.612,-0.039,0.491,133.07,-53.777,-147.595,cleaning
-0.612,-0.039,0.491,146.177,-23.362,-187.022,cleaning
-0.662,0.261,0.361,146.177,-23.362,-187.022,cleaning
-0.662,0.261,0.361,139.142,-0.21,-208.11,cleaning
-0.638,0.701,0.403,139.142,-0.21,-208.11,cleaning
-0.638,0.701,0.403,117.897,39.707,-193.112,cleaning
-0.601,1.177,0.631,117.897,39.707,-193.112,cleaning
-0.433,1.461,0.78,117.897,39.707,-193.112,cleaning
-0.433,1.461,0.78,90.912,85.925,-142.135,cleaning
-0.155,1.537,0.796,90.912,85.925,-142.135,cleaning
-0.155,1.537,0.796,52.92,91.28,-83.737,cleaning
-0.098,1.179,0.786,52.92,91.28,-83.737,cleaning
-0.098,1.179,0.786,7.437,43.417,-45.062,cleaning
-0.149,0.621,0.832,7.437,43.417,-45.062,cleaning
-0.149,0.621,0.832,-23.642,14.91,-30.59,cleaning
-0.132,0.244,0.838,-23.642,14.91,-30.59,cleaning
-0.132,0.244,0.838,-29.925,33.862,-33.04,cleaning
-0.095,0.315,0.981,-29.925,33.862,-33.04,cleaning
-0.095,0.315,0.981,-13.965,48.895,-44.642,cleaning
-0.147,0.231,1.264,-13.965,48.895,-44.642,cleaning
-0.147,0.231,1.264,25.567,7.297,-78.557,cleaning
-0.216,-0.197,1.308,25.567,7.297,-78.557,cleaning
-0.216,-0.197,1.308,84.525,-16.922,-126.717,cleaning
-0.261,-0.365,1.069,84.525,-16.922,-126.717,cleaning
-0.278,-0.25,0.845,139.037,-0.577,-169.54,cleaning
-0.304,-0.088,0.631,139.037,-0.577,-169.54,cleaning
-0.304,-0.088,0.631,173.092,11.62,-204.312,cleaning
-0.31,0.234,0.472,173.092,11.62,-204.312,cleaning
-0.31,0.234,0.472,189.63,28.875,-220.955,cleaning
-0.256,0.785,0.332,189.63,28.875,-220.955,cleaning
-0.256,0.785,0.332,180.775,28.07,-216.895,cleaning
-0.274,1.358,0.443,180.775,28.07,-216.895,cleaning
-0.274,1.358,0.443,139.702,30.362,-175.367,cleaning
-0.265,1.648,0.659,139.702,30.362,-175.367,cleaning
-0.265,1.648,0.659,81.637,40.95,-105.297,cleaning
-0.124,1.742,0.755,81.637,40.95,-105.297,cleaning
-0.124,1.742,0.755,17.92,39.287,-25.13,cleaning
-0.043,1.532,0.709,17.92,39.287,-25.13,cleaning
-0.043,1.532,0.709,-41.755,-12.18,24.36,cleaning
-0.146,0.8,0.752,-41.755,-12.18,24.36,cleaning
-0.146,0.8,0.752,-77.017,-44.852,40.652,cleaning
-0.143,0.102,0.849,-77.017,-44.852,40.652,cleaning
-0.07,-0.11,1.019,-77.017,-44.852,40.652,cleaning
-0.07,-0.11,1.019,-77.665,-35.21,32.83,cleaning
-0.055,-0.035,1.317,-77.665,-35.21,32.83,cleaning
-0.055,-0.035,1.317,-49.822,-32.585,10.22,cleaning
-0.04,-0.432,1.451,-49.822,-32.585,10.22,cleaning
-0.04,-0.432,1.451,3.99,-56.682,-34.545,cleaning
-0.079,-0.463,1.102,3.99,-56.682,-34.545,cleaning
-0.079,-0.463,1.102,67.445,-14.962,-78.207,cleaning
-0.213,-0.3,1.037,67.445,-14.962,-78.207,cleaning
-0.213,-0.3,1.037,123.882,38.902,-113.837,cleaning
-0.25,-0.235,0.937,123.882,38.902,-113.837,cleaning
-0.25,-0.235,0.937,166.057,53.182,-151.585,cleaning
-0.324,0.028,0.711,166.057,53.182,-151.585,cleaning
-0.324,0.028,0.711,190.015,71.767,-169.172,cleaning
-0.432,0.655,0.472,190.015,71.767,-169.172,cleaning
-0.432,0.655,0.472,181.492,87.5,-152.495,cleaning
-0.387,1.35,0.425,181.492,87.5,-152.495,cleaning
-0.387,1.35,0.425,129.325,45.185,-114.625,cleaning
-0.397,1.714,0.595,129.325,45.185,-114.625,cleaning
-0.352,1.795,0.622,129.325,45.185,-114.625,cleaning
-0.352,1.795,0.622,54.932,9.187,-47.302,cleaning
-0.2,1.697,0.593,54.932,9.187,-47.302,cleaning
-0.2,1.697,0.593,-23.117,-11.165,33.827,cleaning
-0.319,0.991,0.801,-23.117,-11.165,33.827,cleaning
-0.319,0.991,0.801,-85.68,-76.422,76.055,cleaning
-0.347,0.21,0.771,-85.68,-76.422,76.055,cleaning
-0.347,0.21,0.771,-112.192,-87.972,88.48,cleaning
-0.18,-0.25,0.91,-112.192,-87.972,88.48,cleaning
-0.18,-0.25,0.91,-105.612,-58.152,76.09,cleaning
-0.054,-0.462,1.126,-105.612,-58.152,76.09,cleaning
-0.054,-0.462,1.126,-73.097,-41.475,37.24,cleaning
0.029,-0.453,1.313,-73.097,-41.475,37.24,cleaning
0.029,-0.453,1.313,-18.025,-32.655,-14.122,cleaning
0.053,-0.643,1.335,-18.025,-32.655,-14.122,cleaning
0.053,-0.643,1.335,51.905,28.875,-58.345,cleaning
-0.033,-0.454,1.071,51.905,28.875,-58.345,cleaning
-0.033,-0.454,1.071,119.787,132.23,-81.55,cleaning
-0.203,-0.122,1.068,119.787,132.23,-81.55,cleaning
-0.254,0.403,0.915,119.787,132.23,-81.55,cleaning
-0.254,0.403,0.915,171.972,143.465,-106.977,cleaning
-0.252,0.86,0.683,171.972,143.465,-106.977,cleaning
-0.252,0.86,0.683,197.697,76.65,-122.745,cleaning
-0.207,1.118,0.405,197.697,76.65,-122.745,cleaning
-0.207,1.118,0.405,184.397,-11.795,-126.612,cleaning
-0.074,1.321,0.254,184.397,-11.795,-126.612,cleaning
-0.074,1.321,0.254,129.027,-51.87,-102.76,cleaning
-0.088,1.566,0.295,129.027,-51.87,-102.76,cleaning
-0.088,1.566,0.295,52.15,-11.847,-26.302,cleaning
-0.191,1.738,0.441,52.15,-11.847,-26.302,cleaning
-0.191,1.738,0.441,-22.54,65.31,76.107,cleaning
-0.206,1.497,0.927,-22.54,65.31,76.107,cleaning
-0.206,1.497,0.927,-81.077,20.16,118.702,cleaning
-0.264,0.883,1.068,-81.077,20.16,118.702,cleaning
-0.264,0.883,1.068,-106.68,-17.185,135.765,cleaning
-0.152,0.365,0.933,-106.68,-17.185,135.765,cleaning
-0.152,0.365,0.933,-107.52,-12.565,132.09,cleaning
-0.036,-0.241,1.099,-107.52,-12.565,132.09,cleaning
0.085,-0.721,1.198,-107.52,-12.565,132.09,cleaning
0.085,-0.721,1.198,-79.66,-20.405,88.952,cleaning
-0.057,-1.111,1.484,-79.66,-20.405,88.952,cleaning
-0.057,-1.111,1.484,-21.087,-27.055,19.18,cleaning
-0.056,-0.95,0.963,-21.087,-27.055,19.18,cleaning
-0.056,-0.95,0.963,55.282,26.985,-47.67,cleaning
-0.018,-0.288,0.718,55.282,26.985,-47.67,cleaning
-0.018,-0.288,0.718,112.56,121.222,-79.397,cleaning
-0.096,0.522,0.802,112.56,121.222,-79.397,cleaning
-0.096,0.522,0.802,144.392,57.697,-108.815,cleaning
-0.136,1.007,0.707,144.392,57.697,-108.815,cleaning
-0.136,1.007,0.707,145.897,-73.885,-127.785,cleaning
-0.192,1.311,0.553,145.897,-73.885,-127.785,cleaning
-0.192,1.311,0.553,120.557,-102.917,-110.862,cleaning
-0.213,1.483,0.299,120.557,-102.917,-110.862,cleaning
-0.213,1.483,0.299,63.21,8.767,-34.597,cleaning
-0.031,1.764,0.094,63.21,8.767,-34.597,cleaning
-0.009,1.976,0.151,-25.287,99.207,63.595,cleaning
-0.108,1.606,0.869,-25.287,99.207,63.595,cleaning
-0.108,1.606,0.869,-112.542,6.02,108.237,cleaning
-0.129,0.747,0.737,-112.542,6.02,108.237,cleaning
-0.129,0.747,0.737,-148.05,-80.727,129.535,cleaning
-0.032,0.358,0.779,-148.05,-80.727,129.535,cleaning
-0.032,0.358,0.779,-146.125,-8.907,157.78,cleaning
0.009,0.05,1.016,-146.125,-8.907,157.78,cleaning
0.009,0.05,1.016,-122.395,44.782,152.687,cleaning
0.087,-0.255,1.144,-122.395,44.782,152.687,cleaning
0.087,-0.255,1.144,-78.68,27.562,106.715,cleaning
0.024,-0.452,1.331,-78.68,27.562,106.715,cleaning
0.024,-0.452,1.331,-16.17,-19.022,40.46,cleaning
0.039,-0.533,1.055,-16.17,-19.022,40.46,cleaning
0.039,-0.533,1.055,43.697,-19.792,-15.662,cleaning
0.213,-0.194,0.905,43.697,-19.792,-15.662,cleaning
0.213,-0.194,0.905,85.82,-12.845,-46.357,cleaning
0.085,0.218,0.884,85.82,-12.845,-46.357,cleaning
0.106,0.703,0.552,108.605,-25.06,-64.452,cleaning
0.105,1.526,0.395,108.605,-25.06,-64.452,cleaning
0.105,1.526,0.395,91.332,7.822,-41.965,cleaning
0.015,2.343,0.433,91.332,7.822,-41.965,cleaning
0.015,2.343,0.433,30.852,53.392,34.597,cleaning
-0.139,2.706,0.695,30.852,53.392,34.597,cleaning
-0.139,2.706,0.695,-50.645,14.84,124.775,cleaning
0.049,1.928,0.695,-50.645,14.84,124.775,cleaning
0.049,1.928,0.695,-118.982,-120.942,174.842,cleaning
0.062,0.877,0.352,-118.982,-120.942,174.842,cleaning
0.062,0.877,0.352,-156.502,-112.385,219.135,cleaning
-0.08,0.085,0.489,-156.502,-112.385,219.135,cleaning
-0.08,0.085,0.489,-167.527,-39.025,232.505,cleaning
0.022,-0.656,0.602,-167.527,-39.025,232.505,cleaning
0.022,-0.656,0.602,-163.31,21.822,203.735,cleaning
0.143,-0.722,0.881,-163.31,21.822,203.735,cleaning
0.143,-0.722,0.881,-139.09,49.227,153.72,cleaning
-0.037,-0.559,1.541,-139.09,49.227,153.72,cleaning
-0.157,-0.486,1.792,-139.09,49.227,153.72,cleaning
-0.157,-0.486,1.792,-80.15,-1.662,82.162,cleaning
0.086,-0.217,1.355,-80.15,-1.662,82.162,cleaning
0.086,-0.217,1.355,-13.055,-39.375,22.312,cleaning
0.113,0.145,1.15,-13.055,-39.375,22.312,cleaning
0.113,0.145,1.15,35.997,-49.84,-18.427,cleaning
0.099,0.347,0.929,35.997,-49.84,-18.427,cleaning
0.099,0.347,0.929,64.785,-94.692,-53.935,cleaning
0.095,0.513,0.716,64.785,-94.692,-53.935,cleaning
0.095,0.513,0.716,69.405,-100.24,-67.34,cleaning
0.064,1.004,0.528,69.405,-100.24,-67.34,cleaning
0.064,1.004,0.528,48.51,-32.812,-40.792,cleaning
-0.019,1.698,0.5,48.51,-32.812,-40.792,cleaning
-0.019,1.698,0.5,2.17,19.67,23.922,cleaning
-0.045,2.158,0.519,2.17,19.67,23.922,cleaning
-0.045,2.158,0.519,-61.092,-23.17,88.235,cleaning
-0.043,2.063,0.604,-61.092,-23.17,88.235,cleaning
-0.043,2.063,0.604,-119.91,-129.36,125.842,cleaning
-0.108,1.353,0.668,-119.91,-129.36,125.842,cleaning
-0.185,0.595,0.667,-119.91,-129.36,125.842,cleaning
-0.185,0.595,0.667,-149.397,-161.052,152.88,cleaning
-0.228,0.215,0.631,-149.397,-161.052,152.88,cleaning
-0.228,0.215,0.631,-152.88,-71.015,179.025,cleaning
-0.211,0.237,0.607,-152.88,-71.015,179.025,cleaning
-0.211,0.237,0.607,-151.112,31.255,187.967,cleaning
-0.174,0.172,0.579,-151.112,31.255,187.967,cleaning
-0.174,0.172,0.579,-150.36,67.112,173.25,cleaning
-0.105,-0.061,0.567,-150.36,67.112,173.25,cleaning
-0.105,-0.061,0.567,-148.68,55.055,139.51,cleaning
-0.055,-0.313,0.642,-148.68,55.055,139.51,cleaning
-0.055,-0.313,0.642,-139.807,31.955,97.79,cleaning
-0.081,-0.421,0.873,-139.807,31.955,97.79,cleaning
-0.081,-0.421,0.873,-110.145,14.35,50.33,cleaning
-0.223,-0.555,1.175,-110.145,14.35,50.33,cleaning
-0.223,-0.555,1.175,-56.822,-11.217,-16.117,cleaning
-0.265,-0.494,1.258,-56.822,-11.217,-16.117,cleaning
-0.265,-0.494,1.258,12.967,-1.4,-73.08,cleaning
-0.276,-0.203,1.338,12.967,-1.4,-73.08,cleaning
-0.372,0.069,1.355,12.967,-1.4,-73.08,cleaning
-0.372,0.069,1.355,91.63,31.71,-113.4,cleaning
-0.372,0.282,1.008,91.63,31.71,-113.4,cleaning
-0.372,0.282,1.008,167.702,60.252,-149.24,cleaning
-0.277,0.481,0.43,167.702,60.252,-149.24,cleaning
-0.277,0.481,0.43,214.147,100.52,-169.82,cleaning
-0.118,0.86,-0.149,214.147,100.52,-169.82,cleaning
-0.118,0.86,-0.149,207.217,135.905,-169.662,cleaning
-0.002,1.161,-0.377,207.217,135.905,-169.662,cleaning
-0.002,1.161,-0.377,145.267,121.555,-161.647,cleaning
-0.064,1.382,-0.06,145.267,121.555,-161.647,cleaning
-0.064,1.382,-0.06,62.457,80.85,-143.675,cleaning
-0.368,1.761,0.708,62.457,80.85,-143.675,cleaning
-0.368,1.761,0.708,8.942,53.147,-101.5,cleaning
-0.731,2.532,1.856,8.942,53.147,-101.5,cleaning
-0.731,2.532,1.856,-0.752,-67.375,-48.16,cleaning
-0.742,2.309,2.262,-0.752,-67.375,-48.16,cleaning
-0.321,0.976,1.485,2.677,-240.922,-16.537,cleaning
-0.158,-0.042,0.677,2.677,-240.922,-16.537,cleaning
-0.158,-0.042,0.677,-4.235,-221.147,25.392,cleaning
-0.197,-0.165,0.358,-4.235,-221.147,25.392,cleaning
-0.197,-0.165,0.358,-19.145,-46.76,76.79,cleaning
-0.309,0.057,0.43,-19.145,-46.76,76.79,cleaning
-0.309,0.057,0.43,-37.17,67.007,105.595,cleaning
-0.359,0.162,0.511,-37.17,67.007,105.595,cleaning
-0.359,0.162,0.511,-53.882,71.172,105.052,cleaning
-0.595,0.047,0.635,-53.882,71.172,105.052,cleaning
-0.595,0.047,0.635,-58.59,52.202,93.625,cleaning
-0.753,-0.062,0.658,-58.59,52.202,93.625,cleaning
-0.753,-0.062,0.658,-42.805,56.91,85.68,cleaning
-0.644,-0.272,0.487,-42.805,56.91,85.68,cleaning
-0.644,-0.272,0.487,-22.96,97.597,66.972,cleaning
-0.375,-0.112,0.308,-22.96,97.597,66.972,cleaning
-0.375,-0.112,0.308,-16.887,120.19,45.937,cleaning
-0.178,0.305,0.217,-16.887,120.19,45.937,cleaning
-0.022,0.718,0.404,-20.982,104.352,42.192,cleaning
-0.141,0.584,1.137,-20.982,104.352,42.192,cleaning
-0.141,0.584,1.137,-24.202,7.7,21.227,cleaning
-0.185,-0.112,1.536,-24.202,7.7,21.227,cleaning
-0.185,-0.112,1.536,-2.642,-120.68,-26.705,cleaning
-0.065,-0.311,1.318,-2.642,-120.68,-26.705,cleaning
-0.065,-0.311,1.318,35.945,-67.357,-35.087,cleaning
-0.125,0.035,1.215,35.945,-67.357,-35.087,cleaning
-0.125,0.035,1.215,67.077,68.81,-25.532,cleaning
-0.074,0.431,1.058,67.077,68.81,-25.532,cleaning
-0.074,0.431,1.058,77.14,84.647,-34.142,cleaning
-0.019,0.569,0.97,77.14,84.647,-34.142,cleaning
-0.019,0.569,0.97,62.825,-17.097,-62.58,cleaning
0.046,0.416,0.968,62.825,-17.097,-62.58,cleaning
0.046,0.416,0.968,37.327,-134.487,-110.162,cleaning
0.135,0.061,1.218,37.327,-134.487,-110.162,cleaning
0.135,0.061,1.218,20.615,-172.707,-157.237,cleaning
0.125,-0.209,1.5,20.615,-172.707,-157.237,cleaning
-0.051,-0.116,1.672,20.615,-172.707,-157.237,cleaning
-0.051,-0.116,1.672,28.28,-91.805,-174.23,cleaning
-0.182,0.407,1.617,28.28,-91.805,-174.23,cleaning
-0.182,0.407,1.617,58.257,45.622,-153.09,cleaning
-0.257,0.753,1.395,58.257,45.622,-153.09,cleaning
-0.257,0.753,1.395,83.475,96.337,-136.57,cleaning
-0.366,0.897,1.032,83.475,96.337,-136.57,cleaning
-0.366,0.897,1.032,94.727,73.535,-127.837,cleaning
-0.45,0.922,0.64,94.727,73.535,-127.837,cleaning
-0.45,0.922,0.64,92.995,38.517,-111.947,cleaning
-0.437,0.893,0.259,92.995,38.517,-111.947,cleaning
-0.437,0.893,0.259,78.802,23.397,-87.115,cleaning
-0.363,0.999,0.004,78.802,23.397,-87.115,cleaning
-0.363,0.999,0.004,52.167,23.17,-48.737,cleaning
-0.253,1.209,-0.151,52.167,23.17,-48.737,cleaning
-0.253,1.209,-0.151,13.212,1.662,-0.962,cleaning
-0.181,1.341,-0.201,13.212,1.662,-0.962,cleaning
-0.181,1.341,-0.201,-29.557,-72.117,33.53,cleaning
-0.249,1.294,0.096,-29.557,-72.117,33.53,cleaning
-0.321,0.992,0.32,-29.557,-72.117,33.53,cleaning
-0.321,0.992,0.32,-53.672,-143.71,58.817,cleaning
-0.269,0.829,0.481,-53.672,-143.71,58.817,cleaning
-0.269,0.829,0.481,-55.86,-105.647,95.952,cleaning
-0.231,0.98,0.595,-55.86,-105.647,95.952,cleaning
-0.231,0.98,0.595,-53.672,-21.717,142.292,cleaning
-0.233,1.206,0.667,-53.672,-21.717,142.292,cleaning
-0.233,1.206,0.667,-60.62,-2.992,181.177,cleaning
-0.264,1.181,0.678,-60.62,-2.992,181.177,cleaning
-0.264,1.181,0.678,-71.557,-56.087,199.36,cleaning
-0.295,0.844,0.669,-71.557,-56.087,199.36,cleaning
-0.295,0.844,0.669,-78.032,-88.147,208.845,cleaning
-0.278,0.486,0.544,-78.032,-88.147,208.845,cleaning
-0.278,0.486,0.544,-84.63,-48.422,222.897,cleaning
-0.354,0.227,0.683,-84.63,-48.422,222.897,cleaning
-0.354,0.227,0.683,-94.692,-22.365,220.92,cleaning
-0.46,-0.21,0.905,-94.692,-22.365,220.92,cleaning
-0.46,-0.21,0.905,-92.155,-0.315,199.255,cleaning
-0.501,-0.627,1.217,-92.155,-0.315,199.255,cleaning
-0.451,-0.919,1.525,-92.155,-0.315,199.255,cleaning
-0.451,-0.919,1.525,-71.715,32.602,155.68,cleaning
-0.37,-0.886,1.684,-71.715,32.602,155.68,cleaning
-0.37,-0.886,1.684,-39.025,55.86,93.747,cleaning
-0.334,-0.637,1.747,-39.025,55.86,93.747,cleaning
-0.334,-0.637,1.747,-4.9,21.805,22.365,cleaning
-0.372,-0.728,1.639,-4.9,21.805,22.365,cleaning
-0.372,-0.728,1.639,26.652,-26.565,-43.05,cleaning
-0.185,-0.542,1.208,26.652,-26.565,-43.05,cleaning
-0.185,-0.542,1.208,53.882,22.137,-78.417,cleaning
-0.262,-0.152,1.136,53.882,22.137,-78.417,cleaning
-0.262,-0.152,1.136,72.222,43.295,-108.657,cleaning
-0.369,0.053,1.075,72.222,43.295,-108.657,cleaning
-0.369,0.053,1.075,80.57,6.842,-144.217,cleaning
-0.428,0.016,1.007,80.57,6.842,-144.217,cleaning
-0.428,0.016,1.007,84.105,-9.817,-170.012,cleaning
-0.488,-0.015,0.946,84.105,-9.817,-170.012,cleaning
-0.498,0.092,0.88,90.037,22.75,-180.53,cleaning
-0.472,0.322,0.782,90.037,22.75,-180.53,cleaning
-0.472,0.322,0.782,100.94,81.917,-176.592,cleaning
-0.432,0.664,0.7,100.94,81.917,-176.592,cleaning
-0.432,0.664,0.7,109.83,111.93,-166.53,cleaning
-0.402,0.858,0.682,109.83,111.93,-166.53,cleaning
-0.402,0.858,0.682,109.41,76.352,-160.93,cleaning
-0.386,0.833,0.626,109.41,76.352,-160.93,cleaning
-0.386,0.833,0.626,102.672,30.38,-155.662,cleaning
-0.304,0.881,0.488,102.672,30.38,-155.662,cleaning
-0.304,0.881,0.488,93.87,38.202,-132.685,cleaning
-0.226,1.126,0.434,93.87,38.202,-132.685,cleaning
-0.226,1.126,0.434,82.32,60.532,-97.842,cleaning
-0.132,1.408,0.364,82.32,60.532,-97.842,cleaning
-0.132,1.408,0.364,61.617,53.077,-58.17,cleaning
0.008,1.607,0.216,61.617,53.077,-58.17,cleaning
0.008,1.607,0.216,27.825,22.942,-15.505,cleaning
0.181,1.593,0.057,27.825,22.942,-15.505,cleaning
0.225,1.574,0.11,-14.84,-23.817,20.527,cleaning
-0.029,1.305,0.497,-14.84,-23.817,20.527,cleaning
-0.029,1.305,0.497,-49.245,-103.302,37.345,cleaning
-0.114,0.916,0.69,-49.245,-103.302,37.345,cleaning
-0.114,0.916,0.69,-58.52,-125.475,56.105,cleaning
-0.129,0.783,0.723,-58.52,-125.475,56.105,cleaning
-0.129,0.783,0.723,-50.697,-49.315,93.502,cleaning
-0.104,0.864,0.671,-50.697,-49.315,93.502,cleaning
-0.104,0.864,0.671,-47.355,21.752,125.615,cleaning
-0.087,0.896,0.605,-47.355,21.752,125.615,cleaning
-0.087,0.896,0.605,-55.002,40.232,143.692,cleaning
-0.083,0.755,0.566,-55.002,40.232,143.692,cleaning
-0.083,0.755,0.566,-67.025,46.182,152.477,cleaning
-0.064,0.622,0.527,-67.025,46.182,152.477,cleaning
-0.064,0.622,0.527,-78.61,62.177,154.77,cleaning
-0.085,0.635,0.683,-78.61,62.177,154.77,cleaning
-0.085,0.635,0.683,-84.35,47.092,144.672,cleaning
-0.242,0.457,1.068,-84.35,47.092,144.672,cleaning
-0.305,0.151,1.28,-84.35,47.092,144.672,cleaning
-0.305,0.151,1.28,-72.87,1.47,119.56,cleaning
-0.342,-0.238,1.424,-72.87,1.47,119.56,cleaning
-0.342,-0.238,1.424,-47.162,-17.867,90.405,cleaning
-0.307,-0.589,1.488,-47.162,-17.867,90.405,cleaning
-0.307,-0.589,1.488,-12.915,-0.385,53.165,cleaning
-0.275,-0.611,1.528,-12.915,-0.385,53.165,cleaning
-0.275,-0.611,1.528,25.952,44.38,9.362,cleaning
-0.28,-0.457,1.607,25.952,44.38,9.362,cleaning
-0.28,-0.457,1.607,64.785,70.21,-36.33,cleaning
-0.222,-0.238,1.242,64.785,70.21,-36.33,cleaning
-0.222,-0.238,1.242,99.732,151.305,-50.855,cleaning
-0.23,0.204,0.981,99.732,151.305,-50.855,cleaning
-0.23,0.204,0.981,127.382,231.087,-53.287,cleaning
-0.217,0.919,0.802,127.382,231.087,-53.287,cleaning
-0.217,0.919,0.802,136.132,164.115,-62.492,cleaning
-0.192,1.215,0.653,136.132,164.115,-62.492,cleaning
-0.192,1.215,0.653,123.392,-4.252,-83.37,cleaning
-0.111,1.125,0.516,123.392,-4.252,-83.37,cleaning
-0.049,0.796,0.434,123.392,-4.252,-83.37,cleaning
-0.049,0.796,0.434,101.78,-141.942,-101.867,cleaning
-0.046,0.558,0.442,101.78,-141.942,-101.867,cleaning
-0.046,0.558,0.442,85.54,-172.025,-111.247,cleaning
-0.082,0.506,0.478,85.54,-172.025,-111.247,cleaning
-0.082,0.506,0.478,77.157,-125.44,-111.475,cleaning
-0.135,0.577,0.626,77.157,-125.44,-111.475,cleaning
-0.135,0.577,0.626,78.12,-60.06,-104.317,cleaning
-0.116,0.71,0.561,78.12,-60.06,-104.317,cleaning
-0.116,0.71,0.561,84.175,22.96,-83.195,cleaning
-0.073,0.905,0.401,84.175,22.96,-83.195,cleaning
-0.073,0.905,0.401,86.747,125.44,-45.01,cleaning
0.03,1.29,0.232,86.747,125.44,-45.01,cleaning
0.03,1.29,0.232,73.535,165.69,-5.565,cleaning
0.243,1.68,-0.079,73.535,165.69,-5.565,cleaning
0.243,1.68,-0.079,32.672,82.022,19.845,cleaning
0.273,1.878,-0.037,32.672,82.022,19.845,cleaning
0.273,1.878,-0.037,-16.38,-86.59,28.875,cleaning
0.205,1.556,-0.012,-16.38,-86.59,28.875,cleaning
0.163,1.049,0.152,-16.38,-86.59,28.875,cleaning
0.163,1.049,0.152,-51.835,-187.845,38.045,cleaning
0.053,0.678,0.43,-51.835,-187.845,38.045,cleaning
0.053,0.678,0.43,-66.027,-174.58,53.462,cleaning
0.022,0.317,0.611,-66.027,-174.58,53.462,cleaning
0.022,0.317,0.611,-62.317,-66.167,77.14,cleaning
0.076,0.307,0.541,-62.317,-66.167,77.14,cleaning
0.076,0.307,0.541,-53.515,119.437,107.012,cleaning
0.114,0.738,0.46,-53.515,119.437,107.012,cleaning
0.114,0.738,0.46,-56.21,242.217,123.777,cleaning
0.036,1.254,0.614,-56.21,242.217,123.777,cleaning
0.036,1.254,0.614,-68.915,180.39,110.985,cleaning
-0.123,1.251,0.926,-68.915,180.39,110.985,cleaning
-0.123,1.251,0.926,-69.755,15.207,87.15,cleaning
-0.207,0.722,1.167,-69.755,15.207,87.15,cleaning
-0.207,0.722,1.167,-50.505,-72.45,69.125,cleaning
-0.272,0.218,1.381,-50.505,-72.45,69.125,cleaning
-0.272,0.218,1.381,-17.902,-74.13,51.432,cleaning
-0.264,-0.226,1.476,-17.902,-74.13,51.432,cleaning
-0.211,-0.379,1.434,-17.902,-74.13,51.432,cleaning
-0.211,-0.379,1.434,22.015,-28.7,23.502,cleaning
-0.113,-0.307,1.285,22.015,-28.7,23.502,cleaning
-0.113,-0.307,1.285,61.407,11.777,-13.79,cleaning
-0.026,-0.128,1.015,61.407,11.777,-13.79,cleaning
-0.026,-0.128,1.015,91.682,51.082,-46.427,cleaning
-0.04,0.377,0.796,91.682,51.082,-46.427,cleaning
-0.04,0.377,0.796,108.587,92.312,-61.075,cleaning
-0.007,0.895,0.674,108.587,92.312,-61.075,cleaning
-0.007,0.895,0.674,111.58,40.775,-74.812,cleaning
0.054,1.058,0.537,111.58,40.775,-74.812,cleaning
0.054,1.058,0.537,100.257,-81.69,-94.622,cleaning
0.101,0.906,0.551,100.257,-81.69,-94.622,cleaning
0.101,0.906,0.551,84.7,-179.41,-112.542,cleaning
0.073,0.715,0.587,84.7,-179.41,-112.542,cleaning
0.073,0.715,0.587,71.522,-214.445,-127.767,cleaning
0.004,0.552,0.647,71.522,-214.445,-127.767,cleaning
-0.066,0.506,0.684,65.135,-181.055,-131.565,cleaning
-0.117,0.692,0.659,65.135,-181.055,-131.565,cleaning
-0.117,0.692,0.659,69.492,-53.025,-103.232,cleaning
-0.027,1.072,0.498,69.492,-53.025,-103.232,cleaning
-0.027,1.072,0.498,76.807,100.555,-52.132,cleaning
0.235,1.425,0.068,76.807,100.555,-52.132,cleaning
0.235,1.425,0.068,66.097,175.525,-4.847,cleaning
0.332,1.713,0.068,66.097,175.525,-4.847,cleaning
0.332,1.713,0.068,31.727,119.297,18.427,cleaning
0.34,1.502,0.197,31.727,119.297,18.427,cleaning
0.34,1.502,0.197,-4.41,10.342,29.977,cleaning
0.333,1.1,0.254,-4.41,10.342,29.977,cleaning
0.333,1.1,0.254,-27.475,-3.692,47.127,cleaning
0.285,0.826,0.392,-27.475,-3.692,47.127,cleaning
0.285,0.826,0.392,-38.937,51.502,64.662,cleaning
0.294,0.679,0.286,-38.937,51.502,64.662,cleaning
0.294,0.679,0.286,-51.765,122.08,76.615,cleaning
0.275,0.636,0.173,-51.765,122.08,76.615,cleaning
0.166,0.744,0.23,-69.282,167.702,77.752,cleaning
0.028,0.978,0.482,-69.282,167.702,77.752,cleaning
0.028,0.978,0.482,-81.777,152.775,69.807,cleaning
-0.071,1.007,0.995,-81.777,152.775,69.807,cleaning
-0.071,1.007,0.995,-76.3,61.635,52.902,cleaning
-0.031,0.782,1.326,-76.3,61.635,52.902,cleaning
-0.031,0.782,1.326,-48.912,-58.817,29.242,cleaning
-0.014,0.249,1.645,-48.912,-58.817,29.242,cleaning
-0.014,0.249,1.645,-9.117,-133.017,0.437,cleaning
0.074,-0.308,1.225,-9.117,-133.017,0.437,cleaning
0.074,-0.308,1.225,30.572,-62.072,-19.565,cleaning
-0.005,0.031,1.069,30.572,-62.072,-19.565,cleaning
-0.005,0.031,1.069,63.542,10.972,-45.027,cleaning
0.006,0.524,0.976,63.542,10.972,-45.027,cleaning
0.006,0.524,0.976,80.955,-40.005,-76.422,cleaning
-0.003,0.758,0.941,80.955,-40.005,-76.422,cleaning
-0.003,0.758,0.941,85.82,-128.94,-102.462,cleaning
-0.071,0.758,0.996,85.82,-128.94,-102.462,cleaning
-0.135,0.647,0.925,85.82,-128.94,-102.462,cleaning
-0.135,0.647,0.925,90.912,-173.425,-118.947,cleaning
-0.128,0.661,0.763,90.912,-173.425,-118.947,cleaning
-0.128,0.661,0.763,97.947,-135.397,-118.195,cleaning
-0.053,0.741,0.525,97.947,-135.397,-118.195,cleaning
-0.053,0.741,0.525,100.397,-62.457,-102.637,cleaning
0.032,0.943,0.282,100.397,-62.457,-102.637,cleaning
0.032,0.943,0.282,91.577,-8.942,-83.825,cleaning
0.144,1.173,0.093,91.577,-8.942,-83.825,cleaning
0.144,1.173,0.093,70.332,3.167,-62.457,cleaning
0.274,1.26,-0.081,70.332,3.167,-62.457,cleaning
0.274,1.26,-0.081,36.26,4.97,-34.247,cleaning
0.402,1.291,-0.228,36.26,4.97,-34.247,cleaning
0.402,1.291,-0.228,-5.687,27.002,0.98,cleaning
0.428,1.456,-0.12,-5.687,27.002,0.98,cleaning
0.428,1.456,-0.12,-44.31,12.145,29.942,cleaning
0.316,1.56,0.261,-44.31,12.145,29.942,cleaning
0.316,1.56,0.261,-68.757,-34.23,53.655,cleaning
0.276,1.205,0.389,-68.757,-34.23,53.655,cleaning
0.246,0.836,0.31,-68.757,-34.23,53.655,cleaning
0.246,0.836,0.31,-82.32,-4.217,81.55,cleaning
0.214,0.782,0.261,-82.32,-4.217,81.55,cleaning
0.214,0.782,0.261,-94.99,85.557,109.042,cleaning
0.14,0.829,0.329,-94.99,85.557,109.042,cleaning
0.14,0.829,0.329,-109.83,141.085,120.067,cleaning
0.042,0.838,0.491,-109.83,141.085,120.067,cleaning
0.042,0.838,0.491,-118.107,161.157,120.05,cleaning
-0.094,0.769,0.814,-118.107,161.157,120.05,cleaning
-0.094,0.769,0.814,-109.025,169.697,114.66,cleaning
-0.183,0.59,1.131,-109.025,169.697,114.66,cleaning
-0.183,0.59,1.131,-79.345,170.87,98.822,cleaning
-0.167,0.497,1.314,-79.345,170.87,98.822,cleaning
-0.167,0.497,1.314,-43.925,143.587,72.87,cleaning
-0.101,0.611,1.354,-43.925,143.587,72.87,cleaning
-0.101,0.611,1.354,-14,55.09,42.507,cleaning
-0.045,0.705,1.409,-14,55.09,42.507,cleaning
-0.045,0.705,1.409,19.425,-65.905,8.697,cleaning
-0.004,0.497,1.464,19.425,-65.905,8.697,cleaning
-0.004,0.374,1.213,19.425,-65.905,8.697,cleaning
-0.004,0.374,1.213,60.812,-124.722,-22.872,cleaning
0.005,0.577,1.004,60.812,-124.722,-22.872,cleaning
0.005,0.577,1.004,93.572,-130.777,-48.247,cleaning
0.017,0.695,0.795,93.572,-130.777,-48.247,cleaning
0.017,0.695,0.795,108.377,-160.685,-72.415,cleaning
-0.013,0.73,0.614,108.377,-160.685,-72.415,cleaning
-0.013,0.73,0.614,107.59,-198.135,-95.847,cleaning
-0.062,0.761,0.493,107.59,-198.135,-95.847,cleaning
-0.062,0.761,0.493,94.272,-222.442,-112.262,cleaning
-0.165,0.723,0.511,94.272,-222.442,-112.262,cleaning
-0.165,0.723,0.511,76.492,-218.75,-115.097,cleaning
-0.265,0.644,0.531,76.492,-218.75,-115.097,cleaning
-0.265,0.644,0.531,60.585,-146.737,-92.54,cleaning
-0.303,0.574,0.46,60.585,-146.737,-92.54,cleaning
-0.303,0.574,0.46,44.082,-17.027,-48.142,cleaning
-0.222,0.589,0.197,44.082,-17.027,-48.142,cleaning
-0.059,0.916,-0.06,17.92,110.687,-3.307,cleaning
-0.038,1.301,0.015,17.92,110.687,-3.307,cleaning
-0.038,1.301,0.015,-17.867,153.125,22.82,cleaning
0.081,1.445,0.161,-17.867,153.125,22.82,cleaning
0.081,1.445,0.161,-45.412,114.222,27.737,cleaning
0.195,1.396,0.342,-45.412,114.222,27.737,cleaning
0.195,1.396,0.342,-54.967,78.977,28.315,cleaning
0.333,1.376,0.402,-54.967,78.977,28.315,cleaning
0.333,1.376,0.402,-48.72,51.345,29.592,cleaning
0.427,1.154,0.286,-48.72,51.345,29.592,cleaning
0.427,1.154,0.286,-47.88,48.597,41.79,cleaning
0.527,1.02,0.353,-47.88,48.597,41.79,cleaning
0.527,1.02,0.353,-56.525,81.48,54.337,cleaning
0.568,0.831,0.561,-56.525,81.48,54.337,cleaning
0.568,0.831,0.561,-69.667,85.645,60.69,cleaning
0.483,0.686,0.763,-69.667,85.645,60.69,cleaning
0.483,0.686,0.763,-75.985,58.782,58.432,cleaning
0.401,0.596,0.94,-75.985,58.782,58.432,cleaning
0.274,0.503,1.166,-68.372,14.017,50.032,cleaning
0.167,0.373,1.351,-68.372,14.017,50.032,cleaning
0.167,0.373,1.351,-39.34,-46.41,28.752,cleaning
0.121,0.097,1.369,-39.34,-46.41,28.752,cleaning
0.121,0.097,1.369,7.07,-89.67,-2.52,cleaning
0.043,-0.003,1.112,7.07,-89.67,-2.52,cleaning
0.043,-0.003,1.112,54.267,-70.035,-34.527,cleaning
0.031,0.218,0.922,54.267,-70.035,-34.527,cleaning
0.031,0.218,0.922,85.47,-61.372,-67.952,cleaning
-0.032,0.324,0.807,85.47,-61.372,-67.952,cleaning
-0.032,0.324,0.807,100.66,-98.805,-103.197,cleaning
-0.112,0.324,0.646,100.66,-98.805,-103.197,cleaning
-0.112,0.324,0.646,104.51,-125.737,-136.43,cleaning
-0.18,0.448,0.582,104.51,-125.737,-136.43,cleaning
-0.18,0.448,0.582,103.845,-98.385,-150.202,cleaning
-0.216,0.798,0.596,103.845,-98.385,-150.202,cleaning
-0.216,0.798,0.596,106.085,-22.75,-128.345,cleaning
-0.134,1.122,0.476,106.085,-22.75,-128.345,cleaning
0.175,1.485,0.063,106.085,-22.75,-128.345,cleaning
0.175,1.485,0.063,100.992,62.632,-85.872,cleaning
0.54,1.799,-0.451,100.992,62.632,-85.872,cleaning
0.54,1.799,-0.451,65.572,100.03,-37.012,cleaning
0.697,1.963,-0.467,65.572,100.03,-37.012,cleaning
0.697,1.963,-0.467,-1.837,53.62,-0.122,cleaning
0.59,1.784,-0.081,-1.837,53.62,-0.122,cleaning
0.59,1.784,-0.081,-62.125,-35.21,22.627,cleaning
0.455,1.289,0.215,-62.125,-35.21,22.627,cleaning
0.455,1.289,0.215,-85.697,-50.382,49.647,cleaning
0.435,0.827,0.134,-85.697,-50.382,49.647,cleaning
0.435,0.827,0.134,-89.232,40.985,83.335,cleaning
0.439,0.701,-0.012,-89.232,40.985,83.335,cleaning
0.439,0.701,-0.012,-101.465,139.352,108.552,cleaning
0.359,0.794,0.077,-101.465,139.352,108.552,cleaning
0.359,0.794,0.077,-121.747,151.042,112.787,cleaning
0.199,0.823,0.343,-121.747,151.042,112.787,cleaning
0.199,0.823,0.343,-132.352,101.202,102.97,cleaning
-0.002,0.732,0.713,-132.352,101.202,102.97,cleaning
-0.17,0.56,1.062,-132.352,101.202,102.97,cleaning
-0.17,0.56,1.062,-118.86,65.03,86.45,cleaning
-0.308,0.535,1.405,-118.86,65.03,86.45,cleaning
-0.308,0.535,1.405,-91.542,57.032,66.062,cleaning
-0.465,0.509,1.723,-91.542,57.032,66.062,cleaning
-0.465,0.509,1.723,-63.192,21.84,39.655,cleaning
-0.523,0.421,1.829,-63.192,21.84,39.655,cleaning
-0.523,0.421,1.829,-23.905,-28.542,5.425,cleaning
-0.399,0.27,1.467,-23.905,-28.542,5.425,cleaning
-0.399,0.27,1.467,25.27,-36.645,-26.25,cleaning
-0.224,0.383,1.028,25.27,-36.645,-26.25,cleaning
-0.224,0.383,1.028,63.927,-22.435,-52.675,cleaning
-0.178,0.694,0.884,63.927,-22.435,-52.675,cleaning
-0.178,0.694,0.884,88.025,-66.885,-79.607,cleaning
-0.126,0.761,0.864,88.025,-66.885,-79.607,cleaning
-0.126,0.761,0.864,104.16,-134.662,-106.47,cleaning
-0.115,0.73,0.835,104.16,-134.662,-106.47,cleaning
-0.115,0.73,0.835,118.475,-160.265,-122.36,cleaning
-0.12,0.695,0.733,118.475,-160.265,-122.36,cleaning
-0.09,0.747,0.567,118.475,-160.265,-122.36,cleaning
-0.09,0.747,0.567,128.362,-136.675,-124.6,cleaning
-0.009,0.89,0.379,128.362,-136.675,-124.6,cleaning
-0.009,0.89,0.379,127.505,-99.54,-117.04,cleaning
0.082,1.045,0.25,127.505,-99.54,-117.04,cleaning
0.082,1.045,0.25,111.702,-71.802,-102.97,cleaning
0.207,1.15,0.15,111.702,-71.802,-102.97,cleaning
0.207,1.15,0.15,82.845,-42.805,-80.237,cleaning
0.289,1.13,0.111,82.845,-42.805,-80.237,cleaning
0.289,1.13,0.111,48.86,12.932,-47.757,cleaning
0.413,1.1,-0.051,48.86,12.932,-47.757,cleaning
0.413,1.1,-0.051,12.722,92.627,-9.572,cleaning
0.378,1.191,0.051,12.722,92.627,-9.572,cleaning
0.378,1.191,0.051,-25.97,127.872,18.06,cleaning
0.247,1.202,0.157,-25.97,127.872,18.06,cleaning
0.247,1.202,0.157,-61.582,111.842,30.275,cleaning
0.236,1.048,0.145,-61.582,111.842,30.275,cleaning
0.184,0.874,0.286,-88.917,96.862,36.277,cleaning
0.086,0.781,0.587,-88.917,96.862,36.277,cleaning
0.086,0.781,0.587,-104.755,83.842,34.527,cleaning
0.005,0.748,0.897,-104.755,83.842,34.527,cleaning
0.005,0.748,0.897,-99.732,64.487,26.39,cleaning
-0.016,0.686,1.132,-99.732,64.487,26.39,cleaning
-0.016,0.686,1.132,-72.03,36.032,15.785,cleaning
-0.014,0.651,1.264,-72.03,36.032,15.785,cleaning
-0.014,0.651,1.264,-29.872,-5.792,3.587,cleaning
-0.001,0.487,1.333,-29.872,-5.792,3.587,cleaning
-0.001,0.487,1.333,17.412,-58.24,-13.982,cleaning
0.047,0.283,1.03,17.412,-58.24,-13.982,cleaning
0.047,0.283,1.03,56.175,-55.055,-28.07,cleaning
0.076,0.341,0.839,56.175,-55.055,-28.07,cleaning
0.076,0.341,0.839,77.542,-56.735,-46.83,cleaning
0.104,0.539,0.79,77.542,-56.735,-46.83,cleaning
0.104,0.539,0.79,84.297,-112.017,-70.77,cleaning
0.103,0.546,0.83,84.297,-112.017,-70.77,cleaning
0.031,0.519,0.888,88.357,-164.535,-94.132,cleaning
-0.015,0.621,0.84,88.357,-164.535,-94.132,cleaning
-0.015,0.621,0.84,93.905,-179.637,-110.67,cleaning
-0.054,0.844,0.805,93.905,-179.637,-110.67,cleaning
-0.054,0.844,0.805,97.457,-156.975,-110.705,cleaning
-0.111,1.022,0.724,97.457,-156.975,-110.705,cleaning
-0.111,1.022,0.724,99.225,-113.19,-92.05,cleaning
-0.118,1.069,0.511,99.225,-113.19,-92.05,cleaning
-0.118,1.069,0.511,90.51,-58.87,-64.837,cleaning
-0.085,1.125,0.212,90.51,-58.87,-64.837,cleaning
-0.085,1.125,0.212,59.692,-3.22,-36.802,cleaning
-0.017,1.278,-0.097,59.692,-3.22,-36.802,cleaning
-0.017,1.278,-0.097,2.94,27.107,-7.052,cleaning
0.083,1.425,-0.25,2.94,27.107,-7.052,cleaning
0.083,1.425,-0.25,-68.687,9.87,18.917,cleaning
0.039,1.431,0.137,-68.687,9.87,18.917,cleaning
0.039,1.431,0.137,-125.545,-65.992,32.095,cleaning
-0.043,1.146,0.45,-125.545,-65.992,32.095,cleaning
-0.07,0.707,0.531,-151.55,-81.62,53.97,cleaning
-0.019,0.517,0.558,-151.55,-81.62,53.97,cleaning
-0.019,0.517,0.558,-158.83,-7.962,78.365,cleaning
0.049,0.576,0.648,-158.83,-7.962,78.365,cleaning
0.049,0.576,0.648,-167.23,63.245,94.22,cleaning
0.068,0.61,0.936,-167.23,63.245,94.22,cleaning
0.068,0.61,0.936,-177.24,68.74,99.802,cleaning
0.061,0.464,1.256,-177.24,68.74,99.802,cleaning
0.061,0.464,1.256,-180.285,-16.17,90.685,cleaning
0.044,0.086,1.407,-180.285,-16.17,90.685,cleaning
0.044,0.086,1.407,-170.607,-128.73,69.195,cleaning
-0.051,-0.335,1.647,-170.607,-128.73,69.195,cleaning
-0.051,-0.335,1.647,-141.487,-197.907,31.22,cleaning
0.022,-0.655,1.539,-141.487,-197.907,31.22,cleaning
0.022,-0.655,1.539,-100.765,-145.005,4.725,cleaning
0.21,-0.376,1.375,-100.765,-145.005,4.725,cleaning
0.21,-0.376,1.375,-63.962,-42.647,-3.167,cleaning
0.145,0.155,1.411,-63.962,-42.647,-3.167,cleaning
0.068,0.579,1.343,-63.962,-42.647,-3.167,cleaning
0.068,0.579,1.343,-33.862,-30.887,-16.292,cleaning
0.05,0.767,1.123,-33.862,-30.887,-16.292,cleaning
0.05,0.767,1.123,-11.427,-97.457,-28.56,cleaning
0.042,0.715,0.817,-11.427,-97.457,-28.56,cleaning
0.042,0.715,0.817,0.122,-172.445,-35.752,cleaning
-0.058,0.587,0.719,0.122,-172.445,-35.752,cleaning
-0.058,0.587,0.719,13.212,-175.665,-29.522,cleaning
-0.096,0.623,0.581,13.212,-175.665,-29.522,cleaning
-0.096,0.623,0.581,26.425,-111.667,-10.57,cleaning
-0.088,0.803,0.445,26.425,-111.667,-10.57,cleaning
-0.088,0.803,0.445,25.252,-59.552,13.737,cleaning
-0.103,0.807,0.333,25.252,-59.552,13.737,cleaning
-0.103,0.807,0.333,10.587,-36.54,31.535,cleaning
-0.141,0.731,0.263,10.587,-36.54,31.535,cleaning
-0.141,0.731,0.263,-11.025,-25.217,44.73,cleaning
-0.222,0.665,0.314,-11.025,-25.217,44.73,cleaning
-0.222,0.665,0.314,-33.127,-31.465,47.722,cleaning
-0.336,0.583,0.434,-33.127,-31.465,47.722,cleaning
-0.479,0.546,0.6,-33.127,-31.465,47.722,cleaning
-0.479,0.546,0.6,-48.947,-39.707,43.767,cleaning
-0.613,0.549,0.734,-48.947,-39.707,43.767,cleaning
-0.613,0.549,0.734,-53.462,-33.18,41.02,cleaning
-0.783,0.701,0.963,-53.462,-33.18,41.02,cleaning
-0.783,0.701,0.963,-44.24,-7.56,47.04,cleaning
-0.921,0.847,1.092,-44.24,-7.56,47.04,cleaning
-0.921,0.847,1.092,-27.457,4.742,56.262,cleaning
-1.005,0.879,1.073,-27.457,4.742,56.262,cleaning
-1.005,0.879,1.073,-11.497,-13.895,59.85,cleaning
-0.905,0.728,0.815,-11.497,-13.895,59.85,cleaning
-0.905,0.728,0.815,-9.38,-57.557,54.74,cleaning
-0.681,0.448,0.571,-9.38,-57.557,54.74,cleaning
-0.681,0.448,0.571,-20.44,-91.402,47.285,cleaning
-0.536,0.147,0.507,-20.44,-91.402,47.285,cleaning
-0.536,0.147,0.507,-30.59,-70.42,50.837,cleaning
-0.553,0.043,0.526,-30.59,-70.42,50.837,cleaning
-0.553,0.043,0.526,-33.582,-3.92,58.782,cleaning
-0.516,0.053,0.686,-33.582,-3.92,58.782,cleaning
-0.437,0.119,0.805,-33.582,-3.92,58.782,cleaning
-0.437,0.119,0.805,-28.455,59.955,60.06,cleaning
-0.336,0.226,0.892,-28.455,59.955,60.06,cleaning
-0.336,0.226,0.892,-19.442,97.685,54.915,cleaning
-0.204,0.35,0.943,-19.442,97.685,54.915,cleaning
-0.204,0.35,0.943,-11.952,91.105,43.61,cleaning
-0.06,0.383,1.02,-11.952,91.105,43.61,cleaning
-0.06,0.383,1.02,-5.022,60.795,32.497,cleaning
0.099,0.313,1.074,-5.022,60.795,32.497,cleaning
0.099,0.313,1.074,4.637,37.415,24.342,cleaning
0.284,0.242,1.117,4.637,37.415,24.342,cleaning
0.284,0.242,1.117,13.982,23.31,20.23,cleaning
0.463,0.21,1.174,13.982,23.31,20.23,cleaning
0.463,0.21,1.174,23.432,18.06,20.317,cleaning
0.418,0.177,1.271,23.432,18.06,20.317,cleaning
0.418,0.177,1.271,36.277,30.765,24.605,cleaning
0.251,0.207,1.255,36.277,30.765,24.605,cleaning
0.389,0.302,1.107,46.742,45.867,28.822,cleaning
0.446,0.381,0.926,46.742,45.867,28.822,cleaning
0.446,0.381,0.926,44.957,41.002,30.187,cleaning
0.369,0.42,0.925,44.957,41.002,30.187,cleaning
0.369,0.42,0.925,31.815,9.905,23.747,cleaning
0.239,0.409,0.995,31.815,9.905,23.747,cleaning
0.239,0.409,0.995,22.067,-17.78,16.187,cleaning
0.121,0.432,1.043,22.067,-17.78,16.187,cleaning
0.121,0.432,1.043,21.175,-27.23,8.54,cleaning
0.08,0.428,0.982,21.175,-27.23,8.54,cleaning
0.08,0.428,0.982,23.52,-37.1,-3.832,cleaning
0.065,0.401,0.912,23.52,-37.1,-3.832,cleaning
0.065,0.401,0.912,24.29,-46.742,-19.232,cleaning
-0.043,0.395,0.838,24.29,-46.742,-19.232,cleaning
-0.043,0.395,0.838,25.602,-37.642,-28.752,cleaning
-0.112,0.452,0.863,25.602,-37.642,-28.752,cleaning
-0.112,0.452,0.863,28.455,-36.907,-37.397,cleaning
-0.216,0.398,0.925,28.455,-36.907,-37.397,cleaning
-0.243,0.33,0.802,35.07,-38.99,-49.017,cleaning
-0.219,0.395,0.636,35.07,-38.99,-49.017,cleaning
-0.219,0.395,0.636,37.135,-22.435,-56.122,cleaning
-0.293,0.473,0.576,37.135,-22.435,-56.122,cleaning
-0.293,0.473,0.576,33.985,5.985,-59.01,cleaning
-0.363,0.58,0.629,33.985,5.985,-59.01,cleaning
-0.363,0.58,0.629,31.482,24.622,-63.122,cleaning
-0.461,0.654,0.728,31.482,24.622,-63.122,cleaning
-0.461,0.654,0.728,33.197,36.102,-65.117,cleaning
-0.589,0.687,0.759,33.197,36.102,-65.117,cleaning
-0.589,0.687,0.759,36.715,41.947,-68.582,cleaning
-0.678,0.689,0.721,36.715,41.947,-68.582,cleaning
-0.678,0.689,0.721,32.077,41.422,-73.307,cleaning
-0.723,0.76,0.74,32.077,41.422,-73.307,cleaning
-0.723,0.76,0.74,22.715,36.732,-68.582,cleaning
-0.79,0.854,0.79,22.715,36.732,-68.582,cleaning
-0.79,0.854,0.79,14.262,19.792,-49.56,cleaning
-0.833,0.887,0.77,14.262,19.792,-49.56,cleaning
-0.885,0.76,0.683,14.262,19.792,-49.56,cleaning
-0.885,0.76,0.683,1.68,-21.21,-24.675,cleaning
-0.769,0.482,0.515,1.68,-21.21,-24.675,cleaning
-0.769,0.482,0.515,-15.732,-64.75,-3.43,cleaning
-0.518,0.15,0.596,-15.732,-64.75,-3.43,cleaning
-0.518,0.15,0.596,-35.14,-83.912,9.555,cleaning
-0.638,0.05,0.753,-35.14,-83.912,9.555,cleaning
-0.638,0.05,0.753,-37.135,-53.287,21.77,cleaning
-0.657,0.142,0.818,-37.135,-53.287,21.77,cleaning
-0.657,0.142,0.818,-26.862,-1.435,33.827,cleaning
-0.565,0.32,0.793,-26.862,-1.435,33.827,cleaning
-0.565,0.32,0.793,-19.127,30.537,41.3,cleaning
-0.526,0.42,0.734,-19.127,30.537,41.3,cleaning
-0.526,0.42,0.734,-17.395,35.77,43.75,cleaning
-0.454,0.46,0.698,-17.395,35.77,43.75,cleaning
-0.454,0.46,0.698,-19.932,28.105,43.085,cleaning
-0.404,0.467,0.672,-19.932,28.105,43.085,cleaning
-0.404,0.467,0.672,-23.082,35.77,48.352,cleaning
-0.418,0.501,0.759,-23.082,35.77,48.352,cleaning
-0.424,0.589,0.848,-23.082,35.77,48.352,cleaning
-0.424,0.589,0.848,-22.242,55.545,57.4,cleaning
-0.349,0.67,0.839,-22.242,55.545,57.4,cleaning
-0.349,0.67,0.839,-19.425,74.235,66.955,cleaning
-0.269,0.706,0.821,-19.425,74.235,66.955,cleaning
-0.269,0.706,0.821,-21.402,79.082,70.962,cleaning
-0.178,0.715,0.789,-21.402,79.082,70.962,cleaning
-0.178,0.715,0.789,-28.192,59.657,65.222,cleaning
-0.075,0.689,0.779,-28.192,59.657,65.222,cleaning
-0.075,0.689,0.779,-37.047,26.145,52.762,cleaning
0.002,0.639,0.78,-37.047,26.145,52.762,cleaning
0.002,0.639,0.78,-41.65,9.782,39.707,cleaning
0.097,0.563,0.862,-41.65,9.782,39.707,cleaning
0.097,0.563,0.862,-40.757,3.43,27.667,cleaning
0.246,0.385,0.971,-40.757,3.43,27.667,cleaning
0.246,0.385,0.971,-37.922,-4.742,13.335,cleaning
0.403,0.243,1.085,-37.922,-4.742,13.335,cleaning
0.403,0.243,1.085,-33.407,-13.965,-0.945,cleaning
0.503,0.172,1.167,-33.407,-13.965,-0.945,cleaning
0.546,0.195,1.222,-33.407,-13.965,-0.945,cleaning
0.546,0.195,1.222,-24.29,-13.527,-11.795,cleaning
0.546,0.278,1.255,-24.29,-13.527,-11.795,cleaning
0.546,0.278,1.255,-9.765,0.507,-16.905,cleaning
0.443,0.414,1.23,-9.765,0.507,-16.905,cleaning
0.443,0.414,1.23,8.925,20.16,-14.262,cleaning
0.212,0.607,1.069,8.925,20.16,-14.262,cleaning
0.212,0.607,1.069,24.307,29.855,-8.47,cleaning
0.274,0.689,0.876,24.307,29.855,-8.47,cleaning
0.274,0.689,0.876,27.282,4.27,-9.467,cleaning
0.355,0.592,0.795,27.282,4.27,-9.467,cleaning
0.355,0.592,0.795,21.262,-40.53,-16.082,cleaning
0.303,0.365,0.79,21.262,-40.53,-16.082,cleaning
0.303,0.365,0.79,15.89,-70.017,-27.352,cleaning
0.275,0.201,0.827,15.89,-70.017,-27.352,cleaning
0.275,0.201,0.827,14.91,-64.242,-37.922,cleaning
0.183,0.159,0.939,14.91,-64.242,-37.922,cleaning
0.183,0.159,0.939,21.962,-33.6,-45.832,cleaning
0.15,0.291,1.027,21.962,-33.6,-45.832,cleaning
0.144,0.505,1.075,21.962,-33.6,-45.832,cleaning
0.144,0.505,1.075,33.6,-11.095,-50.26,cleaning
0.083,0.668,1.09,33.6,-11.095,-50.26,cleaning
0.083,0.668,1.09,44.03,-19.215,-56.35,cleaning
-0.037,0.639,1.032,44.03,-19.215,-56.35,cleaning
-0.037,0.639,1.032,54.757,-41.685,-66.447,cleaning
-0.092,0.578,0.835,54.757,-41.685,-66.447,cleaning
-0.092,0.578,0.835,62.632,-37.94,-74.182,cleaning
-0.152,0.618,0.666,62.632,-37.94,-74.182,cleaning
-0.152,0.618,0.666,63.367,-7.682,-75.757,cleaning
-0.254,0.803,0.532,63.367,-7.682,-75.757,cleaning
-0.254,0.803,0.532,55.405,1.89,-74.06,cleaning
-0.383,0.986,0.394,55.405,1.89,-74.06,cleaning
-0.383,0.986,0.394,36.995,-21.052,-69.44,cleaning
-0.598,1.117,0.352,36.995,-21.052,-69.44,cleaning
-0.598,1.117,0.352,12.67,-52.255,-58.905,cleaning
-0.861,1.242,0.402,12.67,-52.255,-58.905,cleaning
-0.988,1.324,0.405,-6.842,-63.49,-26.232,cleaning
-0.929,1.255,0.399,-6.842,-63.49,-26.232,cleaning
-0.929,1.255,0.399,-26.845,-74.83,24.29,cleaning
-0.856,1.026,0.384,-26.845,-74.83,24.29,cleaning
-0.856,1.026,0.384,-54.232,-100.73,76.195,cleaning
-0.859,0.83,0.323,-54.232,-100.73,76.195,cleaning
-0.859,0.83,0.323,-82.232,-90.667,137.462,cleaning
-0.938,0.74,0.298,-82.232,-90.667,137.462,cleaning
-0.938,0.74,0.298,-107.695,-41.457,200.34,cleaning
-1.029,0.648,0.448,-107.695,-41.457,200.34,cleaning
-1.029,0.648,0.448,-124.04,-3.885,237.79,cleaning
-1.023,0.559,0.578,-124.04,-3.885,237.79,cleaning
-1.023,0.559,0.578,-127.96,11.97,248.552,cleaning
-1.001,0.482,0.681,-127.96,11.97,248.552,cleaning
-1.001,0.482,0.681,-127.487,9.625,240.047,cleaning
-0.918,0.213,0.794,-127.487,9.625,240.047,cleaning
-0.918,0.213,0.794,-122.43,-37.975,197.732,cleaning
-0.69,-0.377,0.84,-122.43,-37.975,197.732,cleaning
-0.482,-0.981,0.965,-115.342,-103.302,126.945,cleaning
-0.462,-1.154,1.248,-115.342,-103.302,126.945,cleaning
-0.462,-1.154,1.248,-98.332,-106.19,58.205,cleaning
-0.49,-1.121,1.659,-98.332,-106.19,58.205,cleaning
-0.49,-1.121,1.659,-60.917,-73.097,-3.01,cleaning
-0.355,-0.753,1.666,-60.917,-73.097,-3.01,cleaning
-0.355,-0.753,1.666,-11.83,-11.62,-42.63,cleaning
-0.315,-0.239,1.534,-11.83,-11.62,-42.63,cleaning
-0.315,-0.239,1.534,31.255,68.25,-55.58,cleaning
-0.268,0.012,1.53,31.255,68.25,-55.58,cleaning
-0.268,0.012,1.53,62.405,59.29,-79.73,cleaning
-0.132,-0.033,1.403,62.405,59.29,-79.73,cleaning
-0.132,-0.033,1.403,83.86,2.835,-113.277,cleaning
-0.053,-0.084,1.191,83.86,2.835,-113.277,cleaning
-0.053,-0.084,1.191,95.585,-19.005,-142.1,cleaning
-0.02,0.078,0.923,95.585,-19.005,-142.1,cleaning
-0.02,0.078,0.923,100.1,15.12,-153.02,cleaning
-0.042,0.277,0.751,100.1,15.12,-153.02,cleaning
-0.087,0.474,0.697,100.1,15.12,-153.02,cleaning
-0.087,0.474,0.697,102.287,53.725,-155.627,cleaning
-0.136,0.615,0.614,102.287,53.725,-155.627,cleaning
-0.136,0.615,0.614,103.512,61.827,-156.117,cleaning
-0.228,0.709,0.549,103.512,61.827,-156.117,cleaning
-0.228,0.709,0.549,102.812,61.757,-153.667,cleaning
-0.285,0.689,0.538,102.812,61.757,-153.667,cleaning
-0.285,0.689,0.538,102.182,65.765,-150.325,cleaning
-0.234,0.767,0.567,102.182,65.765,-150.325,cleaning
-0.234,0.767,0.567,99.68,85.82,-138.81,cleaning
-0.35,1.039,0.631,99.68,85.82,-138.81,cleaning
-0.35,1.039,0.631,99.487,111.09,-110.442,cleaning
-0.45,1.252,0.571,99.487,111.09,-110.442,cleaning
-0.45,1.252,0.571,96.757,108.937,-73.202,cleaning
-0.37,1.335,0.306,96.757,108.937,-73.202,cleaning
-0.37,1.335,0.306,73.027,80.955,-35.455,cleaning
-0.319,1.365,0.221,73.027,80.955,-35.455,cleaning
-0.319,1.365,0.221,31.727,6.212,-11.007,cleaning
-0.322,1.273,0.322,31.727,6.212,-11.007,cleaning
-0.379,1.081,0.325,31.727,6.212,-11.007,cleaning
-0.379,1.081,0.325,-7.087,-63.175,14.175,cleaning
-0.439,1.039,0.369,-7.087,-63.175,14.175,cleaning
-0.439,1.039,0.369,-33.092,-36.785,63.857,cleaning
-0.409,1.113,0.404,-33.092,-36.785,63.857,cleaning
-0.409,1.113,0.404,-50.365,19.652,116.515,cleaning
-0.285,1.166,0.416,-50.365,19.652,116.515,cleaning
-0.285,1.166,0.416,-67.357,24.657,145.442,cleaning
-0.231,1.003,0.591,-67.357,24.657,145.442,cleaning
-0.231,1.003,0.591,-81.882,-36.172,144.182,cleaning
-0.157,0.608,0.649,-81.882,-36.172,144.182,cleaning
-0.157,0.608,0.649,-87.15,-87.99,129.097,cleaning
0,0.295,0.673,-87.15,-87.99,129.097,cleaning
0,0.295,0.673,-88.69,-75.757,111.842,cleaning
0.02,0.295,0.874,-88.69,-75.757,111.842,cleaning
0.02,0.295,0.874,-83.037,-43.452,90.912,cleaning
-0.092,0.41,1.021,-83.037,-43.452,90.912,cleaning
-0.092,0.41,1.021,-65.887,-9.712,76.492,cleaning
-0.208,0.472,1.232,-65.887,-9.712,76.492,cleaning
-0.171,0.463,1.08,-65.887,-9.712,76.492,cleaning
-0.171,0.463,1.08,-47.6,1.067,67.025,cleaning
-0.176,0.566,0.856,-47.6,1.067,67.025,cleaning
-0.176,0.566,0.856,-44.012,31.115,74.672,cleaning
-0.256,0.678,0.752,-44.012,31.115,74.672,cleaning
-0.256,0.678,0.752,-54.88,25.41,76.072,cleaning
-0.334,0.715,0.66,-54.88,25.41,76.072,cleaning
-0.334,0.715,0.66,-65.45,1.225,74.637,cleaning
-0.472,0.691,0.696,-65.45,1.225,74.637,cleaning
-0.472,0.691,0.696,-66.465,-23.957,70.805,cleaning
-0.501,0.556,0.647,-66.465,-23.957,70.805,cleaning
-0.501,0.556,0.647,-64.137,-38.08,66.097,cleaning
-0.53,0.492,0.627,-64.137,-38.08,66.097,cleaning
-0.53,0.492,0.627,-59.57,-19.267,70.402,cleaning
-0.573,0.453,0.57,-59.57,-19.267,70.402,cleaning
-0.573,0.453,0.57,-57.54,6.002,75.407,cleaning
-0.578,0.471,0.564,-57.54,6.002,75.407,cleaning
-0.622,0.556,0.63,-62.615,10.36,77.122,cleaning
-0.678,0.54,0.748,-62.615,10.36,77.122,cleaning
-0.678,0.54,0.748,-66.99,-5.652,78.61,cleaning
-0.697,0.5,0.848,-66.99,-5.652,78.61,cleaning
-0.697,0.5,0.848,-66.727,-33.442,78.347,cleaning
-0.679,0.346,0.866,-66.727,-33.442,78.347,cleaning
-0.679,0.346,0.866,-63.542,-61.407,75.372,cleaning
-0.648,0.239,0.758,-63.542,-61.407,75.372,cleaning
-0.648,0.239,0.758,-57.855,-40.512,82.845,cleaning
-0.659,0.276,0.764,-57.855,-40.512,82.845,cleaning
-0.659,0.276,0.764,-50.82,-3.535,90.842,cleaning
-0.623,0.332,0.698,-50.82,-3.535,90.842,cleaning
-0.623,0.332,0.698,-46.462,3.097,88.2,cleaning
-0.657,0.372,0.811,-46.462,3.097,88.2,cleaning
-0.657,0.372,0.811,-42.227,-37.467,70.245,cleaning
-0.621,0.082,0.832,-42.227,-37.467,70.245,cleaning
-0.621,0.082,0.832,-38.85,-71.662,46.375,cleaning
-0.518,-0.057,0.829,-38.85,-71.662,46.375,cleaning
-0.55,-0.033,0.998,-34.125,-47.407,34.58,cleaning
-0.518,0.035,1.081,-34.125,-47.407,34.58,cleaning
-0.518,0.035,1.081,-25.462,-22.032,21.805,cleaning
-0.464,0.153,1.143,-25.462,-22.032,21.805,cleaning
-0.464,0.153,1.143,-15.75,-8.365,8.032,cleaning
-0.443,0.123,1.203,-15.75,-8.365,8.032,cleaning
-0.443,0.123,1.203,-5.407,-18.655,-10.815,cleaning
-0.391,0.044,1.077,-5.407,-18.655,-10.815,cleaning
-0.391,0.044,1.077,7.192,-8.085,-24.272,cleaning
-0.391,0.08,0.992,7.192,-8.085,-24.272,cleaning
-0.391,0.08,0.992,19.617,30.992,-30.485,cleaning
-0.378,0.076,0.952,19.617,30.992,-30.485,cleaning
-0.378,0.076,0.952,32.305,63.14,-37.415,cleaning
-0.336,0.156,0.892,32.305,63.14,-37.415,cleaning
-0.336,0.156,0.892,44.975,84.507,-44.59,cleaning
-0.342,0.23,0.879,44.975,84.507,-44.59,cleaning
-0.342,0.23,0.879,56.42,87.972,-52.43,cleaning
-0.319,0.265,0.861,56.42,87.972,-52.43,cleaning
-0.237,0.274,0.82,56.42,87.972,-52.43,cleaning
-0.237,0.274,0.82,61.285,72.1,-61.932,cleaning
-0.207,0.322,0.87,61.285,72.1,-61.932,cleaning
-0.207,0.322,0.87,58.17,49.332,-69.195,cleaning
-0.228,0.334,0.953,58.17,49.332,-69.195,cleaning
-0.228,0.334,0.953,56.735,31.29,-73.237,cleaning
-0.259,0.38,0.962,56.735,31.29,-73.237,cleaning
-0.259,0.38,0.962,60.252,27.02,-75.442,cleaning
-0.282,0.397,0.951,60.252,27.02,-75.442,cleaning
-0.282,0.397,0.951,67.147,28.787,-79.275,cleaning
-0.277,0.388,0.896,67.147,28.787,-79.275,cleaning
-0.277,0.388,0.896,72.625,32.602,-85.33,cleaning
-0.28,0.447,0.854,72.625,32.602,-85.33,cleaning
-0.28,0.447,0.854,76.37,43.277,-87.605,cleaning
-0.306,0.526,0.833,76.37,43.277,-87.605,cleaning
-0.306,0.526,0.833,79.817,50.137,-86.905,cleaning
-0.313,0.608,0.762,79.817,50.137,-86.905,cleaning
-0.313,0.608,0.762,81.41,54.932,-83.212,cleaning
-0.303,0.643,0.723,81.41,54.932,-83.212,cleaning
-0.328,0.546,0.772,81.41,54.932,-83.212,cleaning
-0.328,0.546,0.772,82.285,34.702,-87.99,cleaning
-0.282,0.38,0.79,82.285,34.702,-87.99,cleaning
-0.282,0.38,0.79,79.992,6.737,-100.03,cleaning
-0.334,0.472,0.785,79.992,6.737,-100.03,cleaning
-0.334,0.472,0.785,76.615,19.705,-99.855,cleaning
-0.432,0.657,0.857,76.615,19.705,-99.855,cleaning
-0.432,0.657,0.857,77.91,28.857,-96.635,cleaning
-0.483,0.609,0.803,77.91,28.857,-96.635,cleaning
-0.483,0.609,0.803,82.6,17.937,-99.995,cleaning
-0.505,0.556,0.667,82.6,17.937,-99.995,cleaning
-0.505,0.556,0.667,85.102,23.38,-102.865,cleaning
-0.542,0.591,0.611,85.102,23.38,-102.865,cleaning
-0.542,0.591,0.611,85.452,32.9,-102.777,cleaning
-0.542,0.694,0.557,85.452,32.9,-102.777,cleaning
-0.542,0.694,0.557,83.667,36.505,-96.635,cleaning
-0.515,0.805,0.488,83.667,36.505,-96.635,cleaning
-0.515,0.805,0.488,79.152,23.31,-89.897,cleaning
-0.506,0.85,0.457,79.152,23.31,-89.897,cleaning
-0.502,0.833,0.429,79.152,23.31,-89.897,cleaning
-0.502,0.833,0.429,74.812,0.105,-87.062,cleaning
-0.507,0.686,0.438,74.812,0.105,-87.062,cleaning
-0.507,0.686,0.438,74.76,-15.96,-89.897,cleaning
-0.453,0.641,0.358,74.76,-15.96,-89.897,cleaning
-0.453,0.641,0.358,75.705,-2.73,-90.58,cleaning
-0.456,0.778,0.376,75.705,-2.73,-90.58,cleaning
-0.456,0.778,0.376,75.67,18.742,-85.715,cleaning
-0.447,0.78,0.429,75.67,18.742,-85.715,cleaning
-0.447,0.78,0.429,73.937,7.525,-87.605,cleaning
-0.381,0.777,0.379,73.937,7.525,-87.605,cleaning
-0.381,0.777,0.379,68.302,11.392,-82.215,cleaning
-0.374,0.913,0.428,68.302,11.392,-82.215,cleaning
-0.374,0.913,0.428,62.247,16.87,-73.465,cleaning
-0.339,1.024,0.453,62.247,16.87,-73.465,cleaning
-0.339,1.024,0.453,54.442,3.272,-68.46,cleaning
-0.257,1.126,0.452,54.442,3.272,-68.46,cleaning
-0.221,1.176,0.487,45.29,-9.975,-60.427,cleaning
-0.167,1.169,0.472,45.29,-9.975,-60.427,cleaning
-0.167,1.169,0.472,38.08,-15.96,-50.645,cleaning
-0.101,1.12,0.447,38.08,-15.96,-50.645,cleaning
-0.101,1.12,0.447,31.92,-8.575,-40.547,cleaning
-0.06,1.083,0.456,31.92,-8.575,-40.547,cleaning
-0.06,1.083,0.456,25.69,-1.12,-31.885,cleaning
-0.074,1.051,0.482,25.69,-1.12,-31.885,cleaning
-0.074,1.051,0.482,20.685,-1.382,-25.427,cleaning
-0.105,0.988,0.474,20.685,-1.382,-25.427,cleaning
-0.105,0.988,0.474,17.29,0.612,-19.285,cleaning
-0.122,0.951,0.434,17.29,0.612,-19.285,cleaning
-0.122,0.951,0.434,11.287,11.672,-10.307,cleaning
-0.109,0.968,0.422,11.287,11.672,-10.307,cleaning
-0.109,0.968,0.422,0.017,20.247,1.12,cleaning
-0.094,1.018,0.451,0.017,20.247,1.12,cleaning
-0.094,1.018,0.451,-13.527,17.412,15.05,cleaning
-0.059,1.051,0.49,-13.527,17.412,15.05,cleaning
-0.004,1.045,0.556,-27.3,2.082,29.102,cleaning
0.047,0.982,0.665,-27.3,2.082,29.102,cleaning
0.047,0.982,0.665,-38.132,-20.755,42.455,cleaning
0.002,0.87,0.718,-38.132,-20.755,42.455,cleaning
0.002,0.87,0.718,-43.47,-44.415,52.64,cleaning
-0.097,0.749,0.676,-43.47,-44.415,52.64,cleaning
-0.097,0.749,0.676,-42.262,-50.505,61.092,cleaning
-0.213,0.669,0.495,-42.262,-50.505,61.092,cleaning
-0.213,0.669,0.495,-42.752,-39.935,66.692,cleaning
-0.322,0.63,0.338,-42.752,-39.935,66.692,cleaning
-0.322,0.63,0.338,-51.52,-21.297,68.495,cleaning
-0.392,0.699,0.401,-51.52,-21.297,68.495,cleaning
-0.392,0.699,0.401,-57.47,-2.065,69.195,cleaning
-0.404,0.742,0.588,-57.47,-2.065,69.195,cleaning
-0.404,0.742,0.588,-56.752,11.655,76.422,cleaning
-0.359,0.739,0.736,-56.752,11.655,76.422,cleaning
-0.359,0.739,0.736,-60.847,-0.227,85.907,cleaning
-0.333,0.744,0.786,-60.847,-0.227,85.907,cleaning
-0.374,0.673,0.832,-69.737,-31.745,93.677,cleaning
-0.482,0.467,0.949,-69.737,-31.745,93.677,cleaning
-0.482,0.467,0.949,-74.48,-75.425,91.192,cleaning
-0.508,0.126,0.96,-74.48,-75.425,91.192,cleaning
-0.508,0.126,0.96,-69.842,-110.6,76.65,cleaning
-0.546,-0.059,0.997,-69.842,-110.6,76.65,cleaning
-0.546,-0.059,0.997,-59.797,-89.145,68.932,cleaning
-0.563,-0.021,1.04,-59.797,-89.145,68.932,cleaning
-0.563,-0.021,1.04,-49.035,-56.525,64.487,cleaning
-0.543,0.043,1.06,-49.035,-56.525,64.487,cleaning
-0.543,0.043,1.06,-39.76,-47.25,60.252,cleaning
-0.528,0.054,1.058,-39.76,-47.25,60.252,cleaning
-0.528,0.054,1.058,-29.627,-51.502,58.747,cleaning
-0.517,0.04,0.979,-29.627,-51.502,58.747,cleaning
-0.517,0.04,0.979,-18.952,-47.46,62.842,cleaning
-0.469,-0.018,0.818,-18.952,-47.46,62.842,cleaning
-0.469,-0.018,0.818,-18.48,-44.695,62.545,cleaning
-0.396,-0.063,0.773,-18.48,-44.695,62.545,cleaning
-0.462,-0.007,0.953,-18.48,-44.695,62.545,cleaning
-0.462,-0.007,0.953,-25.812,-55.527,55.51,cleaning
-0.551,0.062,1.14,-25.812,-55.527,55.51,cleaning
-0.551,0.062,1.14,-20.265,-62.352,54.425,cleaning
-0.589,0.071,1.148,-20.265,-62.352,54.425,cleaning
-0.589,0.071,1.148,-1.085,-50.242,62.65,cleaning
-0.456,-0.054,0.917,-1.085,-50.242,62.65,cleaning
-0.456,-0.054,0.917,10.097,-30.642,66.027,cleaning
-0.307,-0.088,0.862,10.097,-30.642,66.027,cleaning
-0.307,-0.088,0.862,1.207,-28.7,53.742,cleaning
-0.357,-0.051,1.012,1.207,-28.7,53.742,cleaning
-0.357,-0.051,1.012,-4.812,-30.152,39.462,cleaning
-0.42,0.015,1.082,-4.812,-30.152,39.462,cleaning
-0.42,0.015,1.082,-1.155,-10.57,31.255,cleaning
-0.296,0.275,0.989,-1.155,-10.57,31.255,cleaning
-0.296,0.275,0.989,-1.347,20.405,31.097,cleaning
-0.218,0.467,1.05,-1.347,20.405,31.097,cleaning
-0.218,0.467,1.05,-5.092,1.907,22.452,cleaning
-0.245,0.539,1.171,-5.092,1.907,22.452,cleaning
-0.262,0.341,1.189,-5.092,1.907,22.452,cleaning
-0.262,0.341,1.189,-6.755,-69.335,3.325,cleaning
-0.25,0.049,1.11,-6.755,-69.335,3.325,cleaning
-0.25,0.049,1.11,-3.972,-115.622,-19.792,cleaning
-0.288,-0.135,1.094,-3.972,-115.622,-19.792,cleaning
-0.288,-0.135,1.094,4.987,-95.322,-40.057,cleaning
-0.302,-0.113,1.068,4.987,-95.322,-40.057,cleaning
-0.302,-0.113,1.068,19.407,-46.97,-57.837,cleaning
-0.326,-0.052,1.06,19.407,-46.97,-57.837,cleaning
-0.326,-0.052,1.06,34.3,-16.625,-75.355,cleaning
-0.356,-0.028,0.994,34.3,-16.625,-75.355,cleaning
-0.356,-0.028,0.994,47.547,-2.205,-91.385,cleaning
-0.348,-0.04,0.878,47.547,-2.205,-91.385,cleaning
-0.348,-0.04,0.878,57.225,14,-103.6,cleaning
-0.32,-0.006,0.763,57.225,14,-103.6,cleaning
-0.32,-0.006,0.763,62.317,32.165,-113.4,cleaning
-0.345,0.086,0.713,62.317,32.165,-113.4,cleaning
-0.345,0.086,0.713,67.252,47.617,-122.85,cleaning
-0.379,0.147,0.72,67.252,47.617,-122.85,cleaning
-0.359,0.182,0.693,67.252,47.617,-122.85,cleaning
-0.359,0.182,0.693,73.01,59.22,-133.49,cleaning
-0.36,0.247,0.733,73.01,59.22,-133.49,cleaning
-0.36,0.247,0.733,78.96,70.892,-147.262,cleaning
-0.427,0.376,0.703,78.96,70.892,-147.262,cleaning
-0.427,0.376,0.703,90.65,100.835,-162.592,cleaning
-0.536,0.683,0.593,90.65,100.835,-162.592,cleaning
-0.536,0.683,0.593,115.027,179.55,-162.802,cleaning
-0.535,1.009,0.51,115.027,179.55,-162.802,cleaning
-0.535,1.009,0.51,142.747,245.35,-153.125,cleaning
-0.402,1.165,0.279,142.747,245.35,-153.125,cleaning
-0.402,1.165,0.279,157.85,289.94,-129.377,cleaning
-0.199,1.51,0.027,157.85,289.94,-129.377,cleaning
-0.199,1.51,0.027,146.93,301.77,-82.582,cleaning
-0.034,1.896,-0.065,146.93,301.77,-82.582,cleaning
-0.034,1.896,-0.065,107.31,224.857,-32.9,cleaning
0.093,2.107,-0.138,107.31,224.857,-32.9,cleaning
0.176,1.931,-0.254,50.995,90.51,6.195,cleaning
0.16,1.573,-0.222,50.995,90.51,6.195,cleaning
0.16,1.573,-0.222,-5.407,-49.787,24.43,cleaning
0.004,1.105,0.014,-5.407,-49.787,24.43,cleaning
0.004,1.105,0.014,-45.815,-173.057,15.802,cleaning
-0.104,0.735,0.223,-45.815,-173.057,15.802,cleaning
-0.104,0.735,0.223,-56.122,-199.115,9.415,cleaning
-0.124,0.594,0.397,-56.122,-199.115,9.415,cleaning
-0.124,0.594,0.397,-45.412,-115.71,20.58,cleaning
-0.109,0.65,0.554,-45.412,-115.71,20.58,cleaning
-0.109,0.65,0.554,-28.7,-7.945,36.715,cleaning
-0.017,0.822,0.582,-28.7,-7.945,36.715,cleaning
-0.017,0.822,0.582,-20.86,47.495,47.442,cleaning
0.077,0.948,0.548,-20.86,47.495,47.442,cleaning
0.077,0.948,0.548,-26.757,45.447,51.677,cleaning
0.067,1.023,0.572,-26.757,45.447,51.677,cleaning
0.067,1.023,0.572,-36.925,20.79,56.892,cleaning
0.012,1.037,0.588,-36.925,20.79,56.892,cleaning
-0.01,0.989,0.462,-46.27,7.56,68.267,cleaning
-0.034,1.049,0.328,-46.27,7.56,68.267,cleaning
-0.034,1.049,0.328,-59.99,15.382,85.487,cleaning
-0.077,1.084,0.282,-59.99,15.382,85.487,cleaning
-0.077,1.084,0.282,-81.532,0.332,96.512,cleaning
-0.166,1.079,0.378,-81.532,0.332,96.512,cleaning
-0.166,1.079,0.378,-101.36,-46.077,99.242,cleaning
-0.233,0.925,0.46,-101.36,-46.077,99.242,cleaning
-0.233,0.925,0.46,-111.142,-77.262,103.46,cleaning
-0.271,0.823,0.538,-111.142,-77.262,103.46,cleaning
-0.271,0.823,0.538,-113.12,-75.39,113.085,cleaning
-0.263,0.755,0.599,-113.12,-75.39,113.085,cleaning
-0.263,0.755,0.599,-114.397,-72.187,120.995,cleaning
-0.307,0.711,0.73,-114.397,-72.187,120.995,cleaning
-0.307,0.711,0.73,-114.187,-95.55,119.297,cleaning
-0.36,0.498,0.868,-114.187,-95.55,119.297,cleaning
-0.36,0.498,0.868,-107.835,-113.75,113.575,cleaning
-0.427,0.296,0.966,-107.835,-113.75,113.575,cleaning
-0.478,0.218,1.049,-107.835,-113.75,113.575,cleaning
-0.478,0.218,1.049,-92.697,-92.557,115.097,cleaning
-0.536,0.177,1.068,-92.697,-92.557,115.097,cleaning
-0.536,0.177,1.068,-78.155,-76.842,116.725,cleaning
-0.64,0.111,1.061,-78.155,-76.842,116.725,cleaning
-0.64,0.111,1.061,-69.667,-86.117,114.31,cleaning
-0.72,0.02,1.035,-69.667,-86.117,114.31,cleaning
-0.72,0.02,1.035,-62.562,-97.86,112.525,cleaning
-0.751,-0.011,1.001,-62.562,-97.86,112.525,cleaning
-0.751,-0.011,1.001,-52.622,-98.997,113.54,cleaning
-0.723,0.006,0.943,-52.622,-98.997,113.54,cleaning
-0.723,0.006,0.943,-42.822,-105.227,109.62,cleaning
-0.669,-0.198,0.876,-42.822,-105.227,109.62,cleaning
-0.669,-0.198,0.876,-33.512,-95.83,99.382,cleaning
-0.601,-0.31,0.955,-33.512,-95.83,99.382,cleaning
-0.601,-0.31,0.955,-20.212,-77.21,82.39,cleaning
-0.589,-0.355,1.099,-20.212,-77.21,82.39,cleaning
-0.589,-0.355,1.099,-1.26,-57.4,59.22,cleaning
-0.578,-0.408,1.155,-1.26,-57.4,59.22,cleaning
-0.404,-0.328,0.919,-1.26,-57.4,59.22,cleaning
-0.404,-0.328,0.919,21.262,-1.382,40.565,cleaning
-0.089,0.029,0.772,21.262,-1.382,40.565,cleaning
-0.089,0.029,0.772,25.182,62.282,25.9,cleaning
-0.177,0.175,1.103,25.182,62.282,25.9,cleaning
-0.177,0.175,1.103,22.05,69.055,5.862,cleaning
-0.368,0.29,1.364,22.05,69.055,5.862,cleaning
-0.368,0.29,1.364,33.495,15.312,-24.447,cleaning
-0.362,0.19,1.315,33.495,15.312,-24.447,cleaning
-0.362,0.19,1.315,51.922,-16.887,-47.722,cleaning
-0.231,0.013,1.13,51.922,-16.887,-47.722,cleaning
-0.231,0.013,1.13,62.842,-4.917,-71.05,cleaning
-0.159,0.034,1.021,62.842,-4.917,-71.05,cleaning
-0.159,0.034,1.021,67.042,16.852,-90.335,cleaning
-0.186,0.143,1.049,67.042,16.852,-90.335,cleaning
-0.186,0.143,1.049,70.822,20.912,-108.115,cleaning
-0.227,0.223,1.091,70.822,20.912,-108.115,cleaning
-0.227,0.223,1.091,76.597,17.832,-121.607,cleaning
-0.224,0.287,1.069,76.597,17.832,-121.607,cleaning
-0.203,0.31,1.018,76.597,17.832,-121.607,cleaning
-0.203,0.31,1.018,82.04,17.097,-130.62,cleaning
-0.164,0.338,0.963,82.04,17.097,-130.62,cleaning
-0.164,0.338,0.963,84.805,12.092,-139.562,cleaning
-0.108,0.373,0.908,84.805,12.092,-139.562,cleaning
-0.108,0.373,0.908,84.875,13.93,-146.317,cleaning
-0.105,0.489,0.888,84.875,13.93,-146.317,cleaning
-0.105,0.489,0.888,86.345,28.665,-148.05,cleaning
-0.122,0.628,0.924,86.345,28.665,-148.05,cleaning
-0.122,0.628,0.924,88.585,26.32,-148.015,cleaning
-0.082,0.629,0.883,88.585,26.32,-148.015,cleaning
-0.082,0.629,0.883,86.642,12.057,-145.372,cleaning
-0.003,0.627,0.76,86.642,12.057,-145.372,cleaning
-0.003,0.627,0.76,76.667,11.637,-135.327,cleaning
0.057,0.728,0.689,76.667,11.637,-135.327,cleaning
0.057,0.728,0.689,57.242,4.305,-126.017,cleaning
0.079,0.882,0.709,57.242,4.305,-126.017,cleaning
0.078,1.001,0.75,34.072,-21.035,-118.195,cleaning
0.065,1.08,0.736,34.072,-21.035,-118.195,cleaning
0.065,1.08,0.736,14.052,-45.342,-105.157,cleaning
0.02,1.149,0.722,14.052,-45.342,-105.157,cleaning
0.02,1.149,0.722,0.7,-59.692,-88.305,cleaning
-0.044,1.142,0.706,0.7,-59.692,-88.305,cleaning
-0.044,1.142,0.706,-5.757,-83.842,-78.575,cleaning
-0.087,0.99,0.656,-5.757,-83.842,-78.575,cleaning
-0.087,0.99,0.656,-6.79,-108.64,-76.37,cleaning
-0.102,0.774,0.551,-6.79,-108.64,-76.37,cleaning
-0.102,0.774,0.551,-5.512,-111.457,-77.717,cleaning
-0.116,0.62,0.444,-5.512,-111.457,-77.717,cleaning
-0.116,0.62,0.444,-6.86,-89.967,-81.55,cleaning
-0.145,0.558,0.375,-6.86,-89.967,-81.55,cleaning
-0.145,0.558,0.375,-9.52,-47.337,-80.465,cleaning
-0.215,0.568,0.392,-9.52,-47.337,-80.465,cleaning
-0.215,0.568,0.392,-8.785,-0.157,-73.71,cleaning
-0.281,0.662,0.453,-8.785,-0.157,-73.71,cleaning
-0.313,0.777,0.53,-2.975,31.027,-63.49,cleaning
-0.317,0.781,0.607,-2.975,31.027,-63.49,cleaning
-0.317,0.781,0.607,6.79,36.592,-53.375,cleaning
-0.289,0.703,0.608,6.79,36.592,-53.375,cleaning
-0.289,0.703,0.608,20.615,36.225,-43.89,cleaning
-0.225,0.669,0.57,20.615,36.225,-43.89,cleaning
-0.225,0.669,0.57,33.39,46.2,-31.29,cleaning
-0.178,0.669,0.559,33.39,46.2,-31.29,cleaning
-0.178,0.669,0.559,41.125,56.262,-17.01,cleaning
-0.155,0.67,0.582,41.125,56.262,-17.01,cleaning
-0.155,0.67,0.582,46.165,60.812,-4.182,cleaning
-0.147,0.669,0.639,46.165,60.812,-4.182,cleaning
-0.147,0.669,0.639,51.17,62.615,7.91,cleaning
-0.121,0.71,0.67,51.17,62.615,7.91,cleaning
-0.121,0.71,0.67,54.95,65.45,20.475,cleaning
-0.105,0.734,0.654,54.95,65.45,20.475,cleaning
-0.105,0.734,0.654,52.08,69.615,29.61,cleaning
-0.063,0.78,0.599,52.08,69.615,29.61,cleaning
-0.01,0.961,0.6,52.08,69.615,29.61,cleaning
-0.01,0.961,0.6,36.312,69.335,35.245,cleaning
-0.002,1.144,0.755,36.312,69.335,35.245,cleaning
-0.002,1.144,0.755,15.26,61.145,48.772,cleaning
0.03,1.239,0.924,15.26,61.145,48.772,cleaning
0.03,1.239,0.924,-1.575,31.395,65.187,cleaning
0.123,1.143,0.977,-1.575,31.395,65.187,cleaning
0.123,1.143,0.977,-14.105,-0.192,82.267,cleaning
0.237,0.921,0.899,-14.105,-0.192,82.267,cleaning
0.237,0.921,0.899,-25.305,-9.38,102.427,cleaning
0.314,0.711,0.768,-25.305,-9.38,102.427,cleaning
0.314,0.711,0.768,-38.29,-1.032,121.065,cleaning
0.328,0.573,0.696,-38.29,-1.032,121.065,cleaning
0.328,0.573,0.696,-53.147,4.462,131.11,cleaning
0.279,0.535,0.706,-53.147,4.462,131.11,cleaning
0.279,0.535,0.706,-67.06,-11.987,128.782,cleaning
0.173,0.498,0.805,-67.06,-11.987,128.782,cleaning
0.173,0.498,0.805,-73.045,-39.025,116.515,cleaning
0.04,0.365,0.925,-73.045,-39.025,116.515,cleaning
-0.038,0.319,0.953,-73.045,-39.025,116.515,cleaning
-0.038,0.319,0.953,-68.897,-34.65,106.505,cleaning
-0.126,0.35,1.04,-68.897,-34.65,106.505,cleaning
-0.126,0.35,1.04,-59.85,-8.837,100.292,cleaning
-0.161,0.351,1.009,-59.85,-8.837,100.292,cleaning
-0.161,0.351,1.009,-52.412,2.047,90.982,cleaning
-0.19,0.395,0.966,-52.412,2.047,90.982,cleaning
-0.19,0.395,0.966,-50.12,9.397,84.735,cleaning
-0.212,0.37,0.961,-50.12,9.397,84.735,cleaning
-0.212,0.37,0.961,-52.22,3.185,79.362,cleaning
-0.232,0.309,0.965,-52.22,3.185,79.362,cleaning
-0.232,0.309,0.965,-54.145,-10.062,74.55,cleaning
-0.263,0.219,0.968,-54.145,-10.062,74.55,cleaning
-0.263,0.219,0.968,-53.917,-22.155,69.037,cleaning
-0.307,0.175,0.98,-53.917,-22.155,69.037,cleaning
-0.307,0.175,0.98,-51.327,-30.275,64.102,cleaning
-0.331,0.172,0.963,-51.327,-30.275,64.102,cleaning
-0.331,0.172,0.963,-48.93,-34.737,62.212,cleaning
-0.387,0.144,1.016,-48.93,-34.737,62.212,cleaning
-0.463,0.031,1.125,-48.93,-34.737,62.212,cleaning
-0.463,0.031,1.125,-44.625,-47.565,56.49,cleaning
-0.48,-0.12,1.158,-44.625,-47.565,56.49,cleaning
-0.48,-0.12,1.158,-33.127,-46.987,47.722,cleaning
-0.417,-0.142,1.07,-33.127,-46.987,47.722,cleaning
-0.417,-0.142,1.07,-18.042,-4.235,46.585,cleaning
-0.359,-0.027,1.061,-18.042,-4.235,46.585,cleaning
-0.359,-0.027,1.061,-7.42,36.312,44.922,cleaning
-0.362,0.139,1.124,-7.42,36.312,44.922,cleaning
-0.362,0.139,1.124,-2.642,24.482,30.87,cleaning
-0.355,0.189,1.155,-2.642,24.482,30.87,cleaning
-0.355,0.189,1.155,1.05,-13.352,11.287,cleaning
-0.312,0.04,1.21,1.05,-13.352,11.287,cleaning
-0.312,0.04,1.21,10.482,-22.207,-5.53,cleaning
-0.247,-0.101,1.138,10.482,-22.207,-5.53,cleaning
-0.247,-0.101,1.138,22.435,19.092,-14.665,cleaning
-0.183,0.028,0.983,22.435,19.092,-14.665,cleaning
-0.183,0.028,0.983,28.21,59.307,-19.32,cleaning
-0.166,0.284,0.955,28.21,59.307,-19.32,cleaning
-0.178,0.438,1.005,28.21,59.307,-19.32,cleaning
-0.178,0.438,1.005,28.507,45.132,-28.665,cleaning
-0.184,0.361,1.039,28.507,45.132,-28.665,cleaning
-0.184,0.361,1.039,29.522,-0.647,-43.715,cleaning
-0.162,0.252,1.014,29.522,-0.647,-43.715,cleaning
-0.162,0.252,1.014,34.457,-29.12,-59.657,cleaning
-0.133,0.238,0.95,34.457,-29.12,-59.657,cleaning
-0.133,0.238,0.95,41.037,-19.495,-69.352,cleaning
-0.114,0.286,0.935,41.037,-19.495,-69.352,cleaning
-0.114,0.286,0.935,47.092,-2.607,-79.327,cleaning
-0.098,0.336,0.949,47.092,-2.607,-79.327,cleaning
-0.098,0.336,0.949,52.85,-0.56,-91.297,cleaning
-0.109,0.369,0.953,52.85,-0.56,-91.297,cleaning
-0.109,0.369,0.953,58.94,-3.062,-102.865,cleaning
-0.085,0.408,0.922,58.94,-3.062,-102.865,cleaning
-0.085,0.408,0.922,63.507,-12.372,-114.082,cleaning
-0.053,0.377,0.906,63.507,-12.372,-114.082,cleaning
-0.054,0.329,0.871,66.99,-17.972,-124.792,cleaning
-0.05,0.353,0.789,66.99,-17.972,-124.792,cleaning
-0.05,0.353,0.789,71.172,-4.55,-132.842,cleaning
-0.046,0.494,0.686,71.172,-4.55,-132.842,cleaning
-0.046,0.494,0.686,73.937,15.452,-136.815,cleaning
-0.03,0.634,0.615,73.937,15.452,-136.815,cleaning
-0.03,0.634,0.615,73.08,19.145,-139.72,cleaning
0.012,0.743,0.558,73.08,19.145,-139.72,cleaning
0.012,0.743,0.558,69.09,10.465,-142.432,cleaning
0.054,0.793,0.522,69.09,10.465,-142.432,cleaning
0.054,0.793,0.522,65.257,7.525,-139.597,cleaning
0.105,0.839,0.477,65.257,7.525,-139.597,cleaning
0.105,0.839,0.477,60.497,10.5,-133.472,cleaning
0.125,0.956,0.476,60.497,10.5,-133.472,cleaning
0.125,0.956,0.476,54.302,9.625,-126.962,cleaning
0.116,1.109,0.444,54.302,9.625,-126.962,cleaning
0.116,1.109,0.444,44.905,12.88,-113.347,cleaning
0.128,1.345,0.46,44.905,12.88,-113.347,cleaning
0.063,1.627,0.604,44.905,12.88,-113.347,cleaning
0.063,1.627,0.604,31.22,2.24,-90.72,cleaning
-0.05,1.746,0.677,31.22,2.24,-90.72,cleaning
-0.05,1.746,0.677,15.155,-65.467,-67.76,cleaning
-0.068,1.593,0.541,15.155,-65.467,-67.76,cleaning
-0.068,1.593,0.541,3.115,-116.725,-33.862,cleaning
-0.048,1.327,0.379,3.115,-116.725,-33.862,cleaning
-0.048,1.327,0.379,-5.477,-88.76,13.772,cleaning
-0.135,1.166,0.438,-5.477,-88.76,13.772,cleaning
-0.135,1.166,0.438,-14.892,-83.247,42.262,cleaning
-0.095,0.805,0.412,-14.892,-83.247,42.262,cleaning
-0.095,0.805,0.412,-30.362,-128.695,44.327,cleaning
-0.091,0.529,0.277,-30.362,-128.695,44.327,cleaning
-0.091,0.529,0.277,-45.325,-83.737,68.705,cleaning
-0.242,0.692,0.447,-45.325,-83.737,68.705,cleaning
-0.242,0.692,0.447,-54.845,-27.44,100.52,cleaning
-0.321,0.95,0.663,-54.845,-27.44,100.52,cleaning
-0.321,0.95,0.663,-61.6,-37.537,120.942,cleaning
-0.333,0.96,0.752,-61.6,-37.537,120.942,cleaning
-0.35,0.796,0.778,-61.6,-37.537,120.942,cleaning
-0.35,0.796,0.778,-64.82,-59.885,137.952,cleaning
-0.325,0.638,0.731,-64.82,-59.885,137.952,cleaning
-0.325,0.638,0.731,-65.677,-54.477,156.467,cleaning
-0.293,0.662,0.667,-65.677,-54.477,156.467,cleaning
-0.293,0.662,0.667,-69.317,-23.765,181.86,cleaning
-0.315,0.768,0.717,-69.317,-23.765,181.86,cleaning
-0.315,0.768,0.717,-79.012,-36.155,197.575,cleaning
-0.374,0.606,0.778,-79.012,-36.155,197.575,cleaning
-0.374,0.606,0.778,-87.57,-84.42,201.285,cleaning
-0.439,0.359,0.855,-87.57,-84.42,201.285,cleaning
-0.439,0.359,0.855,-85.382,-103.757,205.677,cleaning
-0.482,0.124,0.941,-85.382,-103.757,205.677,cleaning
-0.482,0.124,0.941,-75.302,-96.862,207.515,cleaning
-0.512,-0.091,1.029,-75.302,-96.862,207.515,cleaning
-0.512,-0.091,1.029,-61.337,-90.93,198.065,cleaning
-0.55,-0.278,1.111,-61.337,-90.93,198.065,cleaning
-0.55,-0.278,1.111,-46.742,-92.942,176.435,cleaning
-0.57,-0.48,1.125,-46.742,-92.942,176.435,cleaning
-0.594,-0.57,1.129,-46.742,-92.942,176.435,cleaning
-0.594,-0.57,1.129,-32.042,-61.687,154.49,cleaning
-0.589,-0.521,1.142,-32.042,-61.687,154.49,cleaning
-0.589,-0.521,1.142,-20.562,-21.402,133.822,cleaning
-0.542,-0.625,1.006,-20.562,-21.402,133.822,cleaning
-0.542,-0.625,1.006,-18.55,-7.997,108.15,cleaning
-0.531,-0.709,0.967,-18.55,-7.997,108.15,cleaning
-0.531,-0.709,0.967,-24.587,-12.11,74.532,cleaning
-0.596,-0.574,1.008,-24.587,-12.11,74.532,cleaning
-0.596,-0.574,1.008,-25.392,3.605,53.935,cleaning
-0.598,-0.282,1.069,-25.392,3.605,53.935,cleaning
-0.598,-0.282,1.069,-19.652,21.455,40.407,cleaning
-0.588,-0.295,1.289,-19.652,21.455,40.407,cleaning
-0.588,-0.295,1.289,-8.417,-14.98,2.835,cleaning
-0.487,-0.624,1.302,-8.417,-14.98,2.835,cleaning
-0.487,-0.624,1.302,9.257,-14.21,-28.28,cleaning
-0.408,-0.56,1.129,9.257,-14.21,-28.28,cleaning
-0.408,-0.56,1.129,27.475,54.862,-32.025,cleaning
-0.371,-0.05,1.04,27.475,54.862,-32.025,cleaning
-0.309,0.417,0.897,27.475,54.862,-32.025,cleaning
-0.309,0.417,0.897,35.56,86.66,-28.997,cleaning
-0.273,0.43,0.922,35.56,86.66,-28.997,cleaning
-0.273,0.43,0.922,28.297,28.262,-44.292,cleaning
-0.216,0.163,0.9,28.297,28.262,-44.292,cleaning
-0.216,0.163,0.9,17.447,-67.9,-74.217,cleaning
-0.222,-0.076,0.885,17.447,-67.9,-74.217,cleaning
-0.222,-0.076,0.885,14.035,-79.257,-90.072,cleaning
-0.254,-0.079,0.964,14.035,-79.257,-90.072,cleaning
-0.254,-0.079,0.964,19.355,-33.39,-99.085,cleaning
-0.266,0.087,1.041,19.355,-33.39,-99.085,cleaning
-0.266,0.087,1.041,29.522,2.205,-107.45,cleaning
-0.248,0.288,1.037,29.522,2.205,-107.45,cleaning
-0.248,0.288,1.037,37.117,3.972,-116.55,cleaning
-0.208,0.355,0.985,37.117,3.972,-116.55,cleaning
-0.208,0.355,0.985,38.64,-12.95,-125.685,cleaning
-0.175,0.305,0.918,38.64,-12.95,-125.685,cleaning
-0.172,0.206,0.903,36.365,-23.712,-134.277,cleaning
-0.185,0.134,0.954,36.365,-23.712,-134.277,cleaning
-0.185,0.134,0.954,36.26,-19.477,-142.467,cleaning
-0.168,0.167,0.98,36.26,-19.477,-142.467,cleaning
-0.168,0.167,0.98,40.88,-2.782,-147.665,cleaning
-0.16,0.265,0.947,40.88,-2.782,-147.665,cleaning
-0.16,0.265,0.947,47.862,27.895,-146.615,cleaning
-0.129,0.32,0.894,47.862,27.895,-146.615,cleaning
-0.129,0.32,0.894,51.957,45.132,-147.997,cleaning
-0.098,0.294,0.847,51.957,45.132,-147.997,cleaning
-0.098,0.294,0.847,50.347,39.655,-157.08,cleaning
-0.09,0.325,0.779,50.347,39.655,-157.08,cleaning
-0.09,0.325,0.779,46.515,42.77,-163.782,cleaning
-0.109,0.347,0.718,46.515,42.77,-163.782,cleaning
-0.109,0.347,0.718,46.06,77.35,-161.122,cleaning
-0.143,0.428,0.716,46.06,77.35,-161.122,cleaning
-0.143,0.428,0.716,54.53,120.592,-154.367,cleaning
-0.155,0.6,0.745,54.53,120.592,-154.367,cleaning
-0.179,0.623,0.751,63.28,117.757,-156.8,cleaning
-0.158,0.597,0.667,63.28,117.757,-156.8,cleaning
-0.158,0.597,0.667,67.235,94.097,-162.802,cleaning
-0.129,0.527,0.567,67.235,94.097,-162.802,cleaning
-0.129,0.527,0.567,66.132,100.222,-158.795,cleaning
-0.119,0.592,0.522,66.132,100.222,-158.795,cleaning
-0.119,0.592,0.522,64.96,155.452,-140.385,cleaning
-0.162,0.806,0.537,64.96,155.452,-140.385,cleaning
-0.162,0.806,0.537,70.595,225.557,-111.09,cleaning
-0.125,1.176,0.58,70.595,225.557,-111.09,cleaning
-0.125,1.176,0.58,75.18,229.635,-82.46,cleaning
-0.014,1.379,0.549,75.18,229.635,-82.46,cleaning
-0.014,1.379,0.549,67.427,160.317,-64.872,cleaning
0.087,1.259,0.462,67.427,160.317,-64.872,cleaning
0.087,1.259,0.462,45.517,65.45,-59.307,cleaning
0.122,1.074,0.442,45.517,65.45,-59.307,cleaning
0.122,1.074,0.442,21.122,2.047,-53.06,cleaning
0.046,0.922,0.488,21.122,2.047,-53.06,cleaning
-0.045,0.821,0.549,21.122,2.047,-53.06,cleaning
-0.045,0.821,0.549,4.847,-18.427,-42.035,cleaning
-0.092,0.794,0.54,4.847,-18.427,-42.035,cleaning
-0.092,0.794,0.54,-2.887,-5.022,-25.76,cleaning
-0.153,0.873,0.515,-2.887,-5.022,-25.76,cleaning
-0.153,0.873,0.515,-6.282,27.737,-6.58,cleaning
-0.177,1.005,0.53,-6.282,27.737,-6.58,cleaning
-0.177,1.005,0.53,-11.41,35.402,8.89,cleaning
-0.176,1.054,0.523,-11.41,35.402,8.89,cleaning
-0.176,1.054,0.523,-20.457,11.725,21.542,cleaning
-0.133,0.932,0.454,-20.457,11.725,21.542,cleaning
-0.133,0.932,0.454,-32.34,-9.047,34.737,cleaning
-0.056,0.855,0.375,-32.34,-9.047,34.737,cleaning
-0.056,0.855,0.375,-47.617,-13.72,48.982,cleaning
0.016,0.914,0.372,-47.617,-13.72,48.982,cleaning
0.016,0.914,0.372,-63.507,-17.01,64.627,cleaning
-0.023,0.911,0.549,-63.507,-17.01,64.627,cleaning
-0.023,0.911,0.549,-66.36,-29.645,74.182,cleaning
-0.099,0.736,0.743,-66.36,-29.645,74.182,cleaning
-0.127,0.452,0.744,-66.36,-29.645,74.182,cleaning
-0.127,0.452,0.744,-56.63,-36.365,74.935,cleaning
-0.132,0.219,0.709,-56.63,-36.365,74.935,cleaning
-0.132,0.219,0.709,-46.987,-14.507,72.765,cleaning
-0.117,0.356,0.638,-46.987,-14.507,72.765,cleaning
-0.117,0.356,0.638,-45.307,28.087,73.64,cleaning
-0.226,0.809,0.727,-45.307,28.087,73.64,cleaning
-0.226,0.809,0.727,-48.702,57.295,84.577,cleaning
-0.394,0.93,1.028,-48.702,57.295,84.577,cleaning
-0.394,0.93,1.028,-48.667,6.09,80.605,cleaning
-0.368,0.703,1.115,-48.667,6.09,80.605,cleaning
-0.368,0.703,1.115,-45.412,-59.255,74.392,cleaning
-0.338,0.423,1.082,-45.412,-59.255,74.392,cleaning
-0.338,0.423,1.082,-40.25,-68.267,75.302,cleaning
-0.307,0.221,1.032,-40.25,-68.267,75.302,cleaning
-0.307,0.221,1.032,-35.21,-32.882,77.612,cleaning
-0.252,0.279,0.957,-35.21,-32.882,77.612,cleaning
-0.252,0.279,0.957,-35.577,1.837,82.022,cleaning
-0.228,0.456,0.872,-35.577,1.837,82.022,cleaning
-0.249,0.651,0.854,-35.577,1.837,82.022,cleaning
-0.249,0.651,0.854,-41.93,11.007,88.497,cleaning
-0.266,0.752,0.821,-41.93,11.007,88.497,cleaning
-0.266,0.752,0.821,-49.84,-10.202,95.602,cleaning
-0.25,0.803,0.804,-49.84,-10.202,95.602,cleaning
-0.25,0.803,0.804,-57.697,-51.397,99.75,cleaning
-0.244,0.716,0.906,-57.697,-51.397,99.75,cleaning
-0.244,0.716,0.906,-62.912,-105.84,98.612,cleaning
-0.261,0.464,1.003,-62.912,-105.84,98.612,cleaning
-0.261,0.464,1.003,-58.975,-144.06,89.932,cleaning
-0.252,0.26,1.051,-58.975,-144.06,89.932,cleaning
-0.252,0.26,1.051,-47.215,-147.315,80.517,cleaning
-0.253,0.091,1.08,-47.215,-147.315,80.517,cleaning
-0.253,0.091,1.08,-33.967,-128.852,69.51,cleaning
-0.224,-0.05,1.043,-33.967,-128.852,69.51,cleaning
-0.224,-0.05,1.043,-23.66,-90.615,59.36,cleaning
-0.201,-0.019,1.013,-23.66,-90.615,59.36,cleaning
-0.201,-0.019,1.013,-16.502,-52.535,53.375,cleaning
-0.211,0.057,1.021,-16.502,-52.535,53.375,cleaning
-0.207,0.135,1.009,-16.502,-52.535,53.375,cleaning
-0.207,0.135,1.009,-12.477,-37.59,44.835,cleaning
-0.199,0.158,1.003,-12.477,-37.59,44.835,cleaning
-0.199,0.158,1.003,-11.235,-46.847,33.197,cleaning
-0.18,0.078,0.973,-11.235,-46.847,33.197,cleaning
-0.18,0.078,0.973,-9.52,-55.23,21.682,cleaning
-0.173,0.046,0.942,-9.52,-55.23,21.682,cleaning
-0.173,0.046,0.942,-6.002,-39.952,13.125,cleaning
-0.185,0.129,0.925,-6.002,-39.952,13.125,cleaning
-0.185,0.129,0.925,-2.1,-12.232,10.185,cleaning
-0.194,0.244,0.948,-2.1,-12.232,10.185,cleaning
-0.194,0.244,0.948,1.295,2.047,9.782,cleaning
-0.187,0.302,0.905,1.295,2.047,9.782,cleaning
-0.187,0.302,0.905,1.47,3.097,8.61,cleaning
-0.148,0.281,0.836,1.47,3.097,8.61,cleaning
-0.148,0.281,0.836,-3.272,-9.555,3.36,cleaning
-0.129,0.345,0.894,-3.272,-9.555,3.36,cleaning
-0.185,0.31,0.969,-3.08,-15.102,5.95,cleaning
-0.173,0.288,1.035,-3.08,-15.102,5.95,cleaning
-0.173,0.288,1.035,3.92,-11.55,2.52,cleaning
-0.141,0.237,1.043,3.92,-11.55,2.52,cleaning
-0.141,0.237,1.043,13.807,-8.085,-2.45,cleaning
-0.093,0.2,1.02,13.807,-8.085,-2.45,cleaning
-0.093,0.2,1.02,22.505,0.91,-8.417,cleaning
-0.048,0.154,1.027,22.505,0.91,-8.417,cleaning
-0.048,0.154,1.027,29.225,9.747,-16.555,cleaning
0.01,0.111,0.978,29.225,9.747,-16.555,cleaning
0.01,0.111,0.978,31.657,13.895,-27.195,cleaning
0.023,0.114,0.957,31.657,13.895,-27.195,cleaning
0.023,0.114,0.957,31.36,22.645,-36.732,cleaning
0.012,0.208,0.949,31.36,22.645,-36.732,cleaning
0.012,0.208,0.949,31.797,41.16,-41.387,cleaning
-0.005,0.309,0.959,31.797,41.16,-41.387,cleaning
-0.005,0.309,0.959,33.512,52.447,-44.712,cleaning
0.003,0.401,0.953,33.512,52.447,-44.712,cleaning
0.014,0.472,0.895,33.512,52.447,-44.712,cleaning
0.014,0.472,0.895,34.265,42.84,-49.14,cleaning
0.033,0.498,0.84,34.265,42.84,-49.14,cleaning
0.033,0.498,0.84,31.167,18.375,-54.547,cleaning
0.027,0.503,0.806,31.167,18.375,-54.547,cleaning
0.027,0.503,0.806,26.302,-0.49,-57.417,cleaning
0.021,0.53,0.825,26.302,-0.49,-57.417,cleaning
0.021,0.53,0.825,23.94,-11.62,-58.625,cleaning
-0.072,0.546,0.979,23.94,-11.62,-58.625,cleaning
-0.072,0.546,0.979,27.177,-32.322,-59.78,cleaning
-0.045,0.561,0.912,27.177,-32.322,-59.78,cleaning
-0.045,0.561,0.912,31.727,-54.477,-62.23,cleaning
0.007,0.466,0.784,31.727,-54.477,-62.23,cleaning
0.007,0.466,0.784,28.77,-57.102,-63.262,cleaning
0.03,0.451,0.788,28.77,-57.102,-63.262,cleaning
0.03,0.451,0.788,23.467,-59.43,-64.627,cleaning
-0.018,0.407,0.892,23.467,-59.43,-64.627,cleaning
-0.018,0.407,0.892,22.295,-64.925,-69.457,cleaning
-0.032,0.273,0.827,22.295,-64.925,-69.457,cleaning
0.021,0.243,0.732,22.295,-64.925,-69.457,cleaning
0.021,0.243,0.732,18.567,-58.082,-76.807,cleaning
0.022,0.255,0.731,18.567,-58.082,-76.807,cleaning
0.022,0.255,0.731,12.302,-33.495,-77.21,cleaning
0.003,0.34,0.732,12.302,-33.495,-77.21,cleaning
0.003,0.34,0.732,7.07,-13.597,-77.472,cleaning
-0.018,0.442,0.761,7.07,-13.597,-77.472,cleaning
-0.018,0.442,0.761,3.465,-12.04,-78.855,cleaning
-0.009,0.496,0.8,3.465,-12.04,-78.855,cleaning
-0.009,0.496,0.8,-0.805,-37.1,-84.28,cleaning
-0.001,0.395,0.755,-0.805,-37.1,-84.28,cleaning
-0.001,0.395,0.755,-7.175,-59.832,-91.91,cleaning
-0.002,0.339,0.689,-7.175,-59.832,-91.91,cleaning
-0.002,0.339,0.689,-16.065,-64.767,-97.282,cleaning
-0.002,0.329,0.633,-16.065,-64.767,-97.282,cleaning
-0.002,0.329,0.633,-29.12,-74.69,-106.522,cleaning
0.034,0.24,0.537,-29.12,-74.69,-106.522,cleaning
0.034,0.24,0.537,-49.945,-82.687,-124.635,cleaning
0.011,0.126,0.502,-49.945,-82.687,-124.635,cleaning
-0.136,0.178,0.694,-49.945,-82.687,-124.635,cleaning
-0.136,0.178,0.694,-68.897,-64.33,-142.345,cleaning
-0.374,0.405,1.01,-68.897,-64.33,-142.345,cleaning
-0.374,0.405,1.01,-69.212,-23.485,-144.777,cleaning
-0.449,0.582,1.143,-69.212,-23.485,-144.777,cleaning
-0.449,0.582,1.143,-51.502,18.987,-126.927,cleaning
-0.379,0.795,1.115,-51.502,18.987,-126.927,cleaning
-0.379,0.795,1.115,-31.43,58.555,-93.345,cleaning
-0.337,1.138,1.139,-31.43,58.555,-93.345,cleaning
-0.337,1.138,1.139,-19.355,59.447,-49.892,cleaning
-0.304,1.218,1.163,-19.355,59.447,-49.892,cleaning
-0.304,1.218,1.163,-18.847,-16.59,-18.882,cleaning
-0.284,0.963,1.048,-18.847,-16.59,-18.882,cleaning
-0.284,0.963,1.048,-21.192,-93.45,0.805,cleaning
-0.269,0.615,0.899,-21.192,-93.45,0.805,cleaning
-0.269,0.615,0.899,-21.595,-114.852,14.997,cleaning
-0.26,0.364,0.79,-21.595,-114.852,14.997,cleaning
-0.26,0.364,0.79,-20.195,-89.6,25.83,cleaning
-0.274,0.257,0.764,-20.195,-89.6,25.83,cleaning
-0.284,0.287,0.777,-20.195,-89.6,25.83,cleaning
-0.284,0.287,0.777,-17.902,-54.705,33.897,cleaning
-0.283,0.359,0.8,-17.902,-54.705,33.897,cleaning
-0.283,0.359,0.8,-15.312,-25.007,43.26,cleaning
-0.335,0.344,0.866,-15.312,-25.007,43.26,cleaning
-0.335,0.344,0.866,-9.117,-5.442,48.807,cleaning
-0.282,0.34,0.844,-9.117,-5.442,48.807,cleaning
-0.282,0.34,0.844,-5.215,-5.862,48.597,cleaning
-0.288,0.34,0.821,-5.215,-5.862,48.597,cleaning
-0.288,0.34,0.821,-6.772,-12.495,50.925,cleaning
-0.318,0.348,0.815,-6.772,-12.495,50.925,cleaning
-0.318,0.348,0.815,-10.22,-21.122,55.212,cleaning
-0.331,0.379,0.82,-10.22,-21.122,55.212,cleaning
-0.331,0.379,0.82,-14.962,-34.492,59.78,cleaning
-0.394,0.306,0.867,-14.962,-34.492,59.78,cleaning
-0.394,0.306,0.867,-16.117,-42.595,62.23,cleaning
-0.426,0.208,0.863,-16.117,-42.595,62.23,cleaning
-0.438,0.189,0.863,-15.19,-37.835,64.137,cleaning
-0.463,0.236,0.897,-15.19,-37.835,64.137,cleaning
-0.463,0.236,0.897,-13.247,-24.272,69.352,cleaning
-0.456,0.277,0.908,-13.247,-24.272,69.352,cleaning
-0.456,0.277,0.908,-10.762,-14.787,76.387,cleaning
-0.472,0.309,0.92,-10.762,-14.787,76.387,cleaning
-0.472,0.309,0.92,-8.452,-10.832,85.697,cleaning
-0.491,0.321,0.922,-8.452,-10.832,85.697,cleaning
-0.491,0.321,0.922,-6.037,-17.202,93.24,cleaning
-0.51,0.288,0.889,-6.037,-17.202,93.24,cleaning
-0.51,0.288,0.889,-4.445,-32.532,98.105,cleaning
-0.522,0.23,0.835,-4.445,-32.532,98.105,cleaning
-0.522,0.23,0.835,-4.41,-42.647,103.162,cleaning
-0.551,0.202,0.803,-4.41,-42.647,103.162,cleaning
-0.551,0.202,0.803,-4.602,-49.052,108.43,cleaning
-0.6,0.163,0.786,-4.602,-49.052,108.43,cleaning
-0.6,0.163,0.786,-4.532,-53.252,114.065,cleaning
-0.643,0.1,0.776,-4.532,-53.252,114.065,cleaning
-0.653,0.021,0.763,-3.482,-46.725,121.555,cleaning
-0.66,-0.041,0.808,-3.482,-46.725,121.555,cleaning
-0.66,-0.041,0.808,-4.637,-40.145,125.72,cleaning
-0.656,-0.181,0.818,-4.637,-40.145,125.72,cleaning
-0.656,-0.181,0.818,-7.752,-58.065,115.727,cleaning
-0.604,-0.402,0.788,-7.752,-58.065,115.727,cleaning
-0.604,-0.402,0.788,-10.972,-69.877,98.647,cleaning
-0.528,-0.605,0.829,-10.972,-69.877,98.647,cleaning
-0.528,-0.605,0.829,-8.277,-31.727,86.292,cleaning
-0.462,-0.729,0.93,-8.277,-31.727,86.292,cleaning
-0.462,-0.729,0.93,-2.117,28.07,72.292,cleaning
-0.415,-0.621,1.05,-2.117,28.07,72.292,cleaning
-0.415,-0.621,1.05,3.727,63.84,57.89,cleaning
-0.44,-0.426,1.17,3.727,63.84,57.89,cleaning
-0.44,-0.426,1.17,10.727,56.175,45.29,cleaning
-0.479,-0.341,1.208,10.727,56.175,45.29,cleaning
-0.479,-0.341,1.208,16.677,23.03,33.932,cleaning
-0.497,-0.363,1.163,16.677,23.03,33.932,cleaning
-0.439,-0.423,0.995,16.677,23.03,33.932,cleaning
-0.439,-0.423,0.995,20.965,2.73,26.25,cleaning
-0.405,-0.354,0.945,20.965,2.73,26.25,cleaning
-0.405,-0.354,0.945,18.55,9.712,22.575,cleaning
-0.428,-0.214,0.999,18.55,9.712,22.575,cleaning
-0.428,-0.214,0.999,17.307,22.382,20.02,cleaning
-0.45,-0.101,1.028,17.307,22.382,20.02,cleaning
-0.45,-0.101,1.028,22.347,30.292,19.145,cleaning
-0.406,-0.074,0.954,22.347,30.292,19.145,cleaning
-0.406,-0.074,0.954,28.332,36.75,17.185,cleaning
-0.328,-0.071,0.84,28.332,36.75,17.185,cleaning
-0.328,-0.071,0.84,26.197,40.215,9.467,cleaning
-0.292,-0.014,0.827,26.197,40.215,9.467,cleaning
-0.292,-0.014,0.827,20.405,35.717,-1.995,cleaning
-0.296,0.04,0.846,20.405,35.717,-1.995,cleaning
-0.296,0.04,0.846,16.397,22.732,-14.63,cleaning
-0.274,0.038,0.861,16.397,22.732,-14.63,cleaning
-0.274,0.038,0.861,12.88,10.902,-28.752,cleaning
-0.261,0.019,0.906,12.88,10.902,-28.752,cleaning
-0.312,0.043,0.986,12.88,10.902,-28.752,cleaning
-0.312,0.043,0.986,13.982,20.055,-38.447,cleaning
-0.337,0.075,1.046,13.982,20.055,-38.447,cleaning
-0.337,0.075,1.046,22.89,44.17,-44.887,cleaning
-0.294,0.113,1.071,22.89,44.17,-44.887,cleaning
-0.294,0.113,1.071,32.427,55.58,-53.935,cleaning
-0.231,0.151,1.026,32.427,55.58,-53.935,cleaning
-0.231,0.151,1.026,36.662,46.865,-65.1,cleaning
-0.18,0.18,0.982,36.662,46.865,-65.1,cleaning
-0.18,0.18,0.982,34.352,28.892,-75.04,cleaning
-0.17,0.161,0.981,34.352,28.892,-75.04,cleaning
-0.17,0.161,0.981,30.012,12.39,-82.932,cleaning
-0.173,0.138,1.009,30.012,12.39,-82.932,cleaning
-0.173,0.138,1.009,28.21,5.04,-88.27,cleaning
-0.197,0.14,1.042,28.21,5.04,-88.27,cleaning
-0.197,0.14,1.042,30.625,5.722,-91.455,cleaning
-0.215,0.161,1.01,30.625,5.722,-91.455,cleaning
-0.215,0.161,1.01,33.845,9.397,-94.955,cleaning
-0.216,0.229,0.96,33.845,9.397,-94.955,cleaning
-0.229,0.24,0.915,33.845,9.397,-94.955,cleaning
-0.229,0.24,0.915,34.632,8.137,-100.94,cleaning
-0.277,0.226,0.905,34.632,8.137,-100.94,cleaning
-0.277,0.226,0.905,33.862,6.965,-110.18,cleaning
-0.291,0.264,0.87,33.862,6.965,-110.18,cleaning
-0.291,0.264,0.87,35.717,22.995,-115.745,cleaning
-0.256,0.424,0.83,35.717,22.995,-115.745,cleaning
-0.256,0.424,0.83,38.832,49.437,-111.615,cleaning
-0.217,0.645,0.797,38.832,49.437,-111.615,cleaning
-0.217,0.645,0.797,39.725,57.662,-102.917,cleaning
-0.195,0.743,0.805,39.725,57.662,-102.917,cleaning
-0.195,0.743,0.805,37.922,34.475,-98.717,cleaning
-0.179,0.698,0.801,37.922,34.475,-98.717,cleaning
-0.179,0.698,0.801,35.542,5.32,-99.12,cleaning
-0.185,0.571,0.788,35.542,5.32,-99.12,cleaning
-0.185,0.571,0.788,35.63,-2.397,-100.45,cleaning
-0.209,0.489,0.794,35.63,-2.397,-100.45,cleaning
-0.213,0.416,0.764,39.532,12.845,-101.377,cleaning
-0.216,0.379,0.671,39.532,12.845,-101.377,cleaning
-0.216,0.379,0.671,44.45,50.61,-100.065,cleaning
-0.147,0.507,0.526,44.45,50.61,-100.065,cleaning
-0.147,0.507,0.526,45.027,94.447,-96.232,cleaning
-0.096,0.743,0.526,45.027,94.447,-96.232,cleaning
-0.096,0.743,0.526,34.37,115.43,-85.365,cleaning
-0.143,0.991,0.581,34.37,115.43,-85.365,cleaning
-0.143,0.991,0.581,21.122,93.957,-71.067,cleaning
-0.163,1.206,0.693,21.122,93.957,-71.067,cleaning
-0.163,1.206,0.693,9.852,38.027,-52.71,cleaning
-0.155,1.324,0.755,9.852,38.027,-52.71,cleaning
-0.155,1.324,0.755,0.945,-27.02,-28.91,cleaning
-0.153,1.263,0.709,0.945,-27.02,-28.91,cleaning
-0.153,1.263,0.709,-6.492,-71.207,-4.165,cleaning
-0.195,1.067,0.688,-6.492,-71.207,-4.165,cleaning
-0.195,1.067,0.688,-10.342,-97.597,11.48,cleaning
-0.203,0.881,0.706,-10.342,-97.597,11.48,cleaning
-0.185,0.577,0.752,-12.67,-120.015,14.682,cleaning
-0.164,0.366,0.719,-12.67,-120.015,14.682,cleaning
-0.164,0.366,0.719,-14.157,-103.74,16.59,cleaning
-0.196,0.407,0.807,-14.157,-103.74,16.59,cleaning
-0.196,0.407,0.807,-13.51,-38.762,27.912,cleaning
-0.226,0.583,0.893,-13.51,-38.762,27.912,cleaning
-0.226,0.583,0.893,-11.637,5.145,37.327,cleaning
-0.258,0.613,0.951,-11.637,5.145,37.327,cleaning
-0.258,0.613,0.951,-8.435,6.405,39.69,cleaning
-0.267,0.505,0.94,-8.435,6.405,39.69,cleaning
-0.267,0.505,0.94,-1.977,5.285,40.67,cleaning
-0.257,0.484,0.852,-1.977,5.285,40.67,cleaning
-0.257,0.484,0.852,3.272,27.632,47.232,cleaning
-0.238,0.573,0.803,3.272,27.632,47.232,cleaning
-0.238,0.573,0.803,-1.207,33.897,53.182,cleaning
-0.267,0.66,0.772,-1.207,33.897,53.182,cleaning
-0.267,0.66,0.772,-10.097,17.727,58.695,cleaning
-0.307,0.63,0.729,-10.097,17.727,58.695,cleaning
-0.326,0.594,0.657,-10.097,17.727,58.695,cleaning
-0.326,0.594,0.657,-17.797,8.645,63.647,cleaning
-0.354,0.596,0.631,-17.797,8.645,63.647,cleaning
-0.354,0.596,0.631,-23.257,9.625,65.852,cleaning
-0.356,0.587,0.62,-23.257,9.625,65.852,cleaning
-0.356,0.587,0.62,-28.192,-1.417,63.612,cleaning
-0.346,0.549,0.644,-28.192,-1.417,63.612,cleaning
-0.346,0.549,0.644,-33.075,-18.147,62.597,cleaning
-0.33,0.501,0.7,-33.075,-18.147,62.597,cleaning
-0.33,0.501,0.7,-36.032,-25.83,66.377,cleaning
-0.383,0.51,0.768,-36.032,-25.83,66.377,cleaning
-0.383,0.51,0.768,-33.67,-17.22,76.282,cleaning
-0.41,0.489,0.761,-33.67,-17.22,76.282,cleaning
-0.41,0.489,0.761,-30.537,-12.25,84.892,cleaning
-0.411,0.457,0.705,-30.537,-12.25,84.892,cleaning
-0.411,0.457,0.705,-30.852,-5.355,91.787,cleaning
-0.436,0.48,0.721,-30.852,-5.355,91.787,cleaning
-0.436,0.48,0.721,-32.34,-6.79,95.077,cleaning
-0.486,0.484,0.777,-32.34,-6.79,95.077,cleaning
-0.51,0.427,0.784,-32.34,-6.79,95.077,cleaning
-0.51,0.427,0.784,-33.127,-20.002,94.937,cleaning
-0.531,0.343,0.765,-33.127,-20.002,94.937,cleaning
-0.531,0.343,0.765,-34.737,-25.322,97.195,cleaning
-0.551,0.389,0.795,-34.737,-25.322,97.195,cleaning
-0.551,0.389,0.795,-37.152,-21.052,104.527,cleaning
-0.596,0.466,0.822,-37.152,-21.052,104.527,cleaning
-0.596,0.466,0.822,-41.877,-35.175,112.612,cleaning
-0.67,0.498,0.797,-41.877,-35.175,112.612,cleaning
-0.67,0.498,0.797,-51.03,-74.235,123.462,cleaning
-0.758,0.408,0.864,-51.03,-74.235,123.462,cleaning
-0.758,0.408,0.864,-57.96,-121.52,134.277,cleaning
-0.775,0.15,0.898,-57.96,-121.52,134.277,cleaning
-0.775,0.15,0.898,-53.9,-140.14,141.312,cleaning
-0.736,-0.139,0.917,-53.9,-140.14,141.312,cleaning
-0.736,-0.139,0.917,-43.26,-123.252,141.312,cleaning
-0.711,-0.248,1.009,-43.26,-123.252,141.312,cleaning
-0.711,-0.248,1.009,-27.02,-98.56,134.277,cleaning
-0.729,-0.297,1.08,-27.02,-98.56,134.277,cleaning
-0.656,-0.496,0.981,-27.02,-98.56,134.277,cleaning
-0.656,-0.496,0.981,-11.41,-97.65,116.025,cleaning
-0.492,-0.678,0.931,-11.41,-97.65,116.025,cleaning
-0.492,-0.678,0.931,-3.867,-83.51,96.67,cleaning
-0.403,-0.826,0.999,-3.867,-83.51,96.67,cleaning
-0.403,-0.826,0.999,-2.012,-49.752,79.345,cleaning
-0.35,-0.854,1.082,-2.012,-49.752,79.345,cleaning
-0.35,-0.854,1.082,-1.4,-11.777,58.957,cleaning
-0.311,-0.752,1.181,-1.4,-11.777,58.957,cleaning
-0.311,-0.752,1.181,-0.927,15.487,33.512,cleaning
-0.251,-0.652,1.191,-0.927,15.487,33.512,cleaning
-0.251,-0.652,1.191,0.647,32.725,4.322,cleaning
-0.241,-0.539,1.249,0.647,32.725,4.322,cleaning
-0.241,-0.539,1.249,9.52,53.427,-23.467,cleaning
-0.277,-0.327,1.248,9.52,53.427,-23.467,cleaning
-0.277,-0.327,1.248,21.455,45.482,-55.422,cleaning
-0.283,-0.22,1.243,21.455,45.482,-55.422,cleaning
-0.283,-0.22,1.243,28.752,10.815,-88.847,cleaning
-0.226,-0.317,1.096,28.752,10.815,-88.847,cleaning
-0.249,-0.409,1.031,28.752,10.815,-88.847,cleaning
-0.249,-0.409,1.031,30.065,2.502,-115.815,cleaning
-0.31,-0.346,0.955,30.065,2.502,-115.815,cleaning
-0.31,-0.346,0.955,33.215,20.265,-135.257,cleaning
-0.329,-0.237,0.902,33.215,20.265,-135.257,cleaning
-0.329,-0.237,0.902,37.117,40.967,-147.105,cleaning
-0.309,-0.097,0.859,37.117,40.967,-147.105,cleaning
-0.309,-0.097,0.859,39.375,49.07,-152.862,cleaning
-0.27,0.011,0.842,39.375,49.07,-152.862,cleaning
-0.27,0.011,0.842,40.495,46.112,-155.347,cleaning
-0.259,0.071,0.817,40.495,46.112,-155.347,cleaning
-0.259,0.071,0.817,41.422,38.412,-159.057,cleaning
-0.268,0.132,0.771,41.422,38.412,-159.057,cleaning
-0.268,0.132,0.771,42.875,36.61,-160.667,cleaning
-0.307,0.19,0.754,42.875,36.61,-160.667,cleaning
-0.307,0.19,0.754,46.077,43.977,-159.407,cleaning
-0.369,0.247,0.733,46.077,43.977,-159.407,cleaning
-0.411,0.421,0.708,50.575,62.755,-152.635,cleaning
-0.447,0.688,0.673,50.575,62.755,-152.635,cleaning
-0.447,0.688,0.673,50.645,75.827,-140.42,cleaning
-0.529,0.936,0.698,50.645,75.827,-140.42,cleaning
-0.529,0.936,0.698,42.98,54.915,-128.467,cleaning
-0.619,1.019,0.833,42.98,54.915,-128.467,cleaning
-0.619,1.019,0.833,33.95,-0.07,-124.372,cleaning
-0.61,0.863,0.881,33.95,-0.07,-124.372,cleaning
-0.61,0.863,0.881,30.467,-42.91,-124.687,cleaning
-0.601,0.687,0.844,30.467,-42.91,-124.687,cleaning
-0.601,0.687,0.844,32.655,-29.312,-120.925,cleaning
-0.618,0.676,0.834,32.655,-29.312,-120.925,cleaning
-0.618,0.676,0.834,38.395,17.57,-111.545,cleaning
-0.584,0.721,0.774,38.395,17.57,-111.545,cleaning
-0.584,0.721,0.774,45.657,68.075,-97.457,cleaning
-0.511,0.822,0.662,45.657,68.075,-97.457,cleaning
-0.511,0.822,0.662,47.792,96.932,-83.335,cleaning
-0.446,0.91,0.621,47.792,96.932,-83.335,cleaning
-0.376,0.968,0.599,44.012,98.052,-71.12,cleaning
-0.273,0.977,0.562,44.012,98.052,-71.12,cleaning
-0.273,0.977,0.562,37.8,86.677,-55.58,cleaning
-0.156,0.969,0.5,37.8,86.677,-55.58,cleaning
-0.156,0.969,0.5,29.452,72.275,-38.22,cleaning
-0.081,1.03,0.512,29.452,72.275,-38.22,cleaning
-0.081,1.03,0.512,15.365,45.307,-25.742,cleaning
-0.153,1.042,0.641,15.365,45.307,-25.742,cleaning
-0.153,1.042,0.641,1.172,4.322,-19.005,cleaning
-0.21,0.961,0.735,1.172,4.322,-19.005,cleaning
-0.21,0.961,0.735,-3.902,-17.517,-9.222,cleaning
-0.206,0.84,0.732,-3.902,-17.517,-9.222,cleaning
-0.206,0.84,0.732,-4.865,-10.237,2.8,cleaning
-0.115,0.764,0.697,-4.865,-10.237,2.8,cleaning
-0.115,0.764,0.697,-9.415,5.092,12.827,cleaning
-0.083,0.748,0.72,-9.415,5.092,12.827,cleaning
-0.083,0.748,0.72,-14.262,13.422,21.227,cleaning
-0.082,0.758,0.716,-14.262,13.422,21.227,cleaning
-0.104,0.772,0.707,-14.262,13.422,21.227,cleaning
-0.104,0.772,0.707,-17.92,18.48,30.625,cleaning
-0.108,0.774,0.665,-17.92,18.48,30.625,cleaning
-0.108,0.774,0.665,-20.632,19.092,39.69,cleaning
-0.086,0.771,0.599,-20.632,19.092,39.69,cleaning
-0.086,0.771,0.599,-23.642,16.275,48.142,cleaning
-0.06,0.766,0.556,-23.642,16.275,48.142,cleaning
-0.06,0.766,0.556,-28.157,5.302,54.337,cleaning
-0.041,0.712,0.528,-28.157,5.302,54.337,cleaning
-0.041,0.712,0.528,-33.407,-12.18,57.96,cleaning
-0.035,0.629,0.57,-33.407,-12.18,57.96,cleaning
-0.035,0.629,0.57,-37.555,-26.565,60.602,cleaning
-0.09,0.613,0.715,-37.555,-26.565,60.602,cleaning
-0.09,0.613,0.715,-35.647,-20.125,71.4,cleaning
-0.117,0.592,0.889,-35.647,-20.125,71.4,cleaning
-0.117,0.592,0.889,-31.902,-15.837,82.897,cleaning
-0.187,0.529,0.934,-31.902,-15.837,82.897,cleaning
-0.187,0.529,0.934,-33.18,-11.585,94.955,cleaning
-0.242,0.505,0.857,-33.18,-11.585,94.955,cleaning
-0.335,0.587,0.845,-33.18,-11.585,94.955,cleaning
-0.335,0.587,0.845,-42.805,-15.697,101.167,cleaning
-0.458,0.624,0.913,-42.805,-15.697,101.167,cleaning
-0.458,0.624,0.913,-52.78,-37.38,100.677,cleaning
-0.528,0.561,0.99,-52.78,-37.38,100.677,cleaning
-0.528,0.561,0.99,-53.76,-57.155,100.03,cleaning
-0.562,0.388,0.994,-53.76,-57.155,100.03,cleaning
-0.562,0.388,0.994,-46.567,-58.537,99.277,cleaning
-0.528,0.269,0.921,-46.567,-58.537,99.277,cleaning
-0.528,0.269,0.921,-38.132,-40.355,98.735,cleaning
-0.506,0.197,0.854,-38.132,-40.355,98.735,cleaning
-0.506,0.197,0.854,-35.665,-26.092,96.39,cleaning
-0.504,0.172,0.831,-35.665,-26.092,96.39,cleaning
-0.504,0.172,0.831,-36.907,-26.372,92.697,cleaning
-0.526,0.124,0.865,-36.907,-26.372,92.697,cleaning
-0.526,0.124,0.865,-36.837,-40.547,86.467,cleaning
-0.542,0.023,0.9,-36.837,-40.547,86.467,cleaning
-0.542,0.023,0.9,-32.987,-47.145,79.695,cleaning
-0.522,-0.119,0.888,-32.987,-47.145,79.695,cleaning
-0.453,-0.191,0.894,-32.987,-47.145,79.695,cleaning
-0.453,-0.191,0.894,-28.945,-34.16,74.637,cleaning
-0.438,-0.213,0.968,-28.945,-34.16,74.637,cleaning
-0.438,-0.213,0.968,-27.667,-24.745,67.69,cleaning
-0.46,-0.182,1.041,-27.667,-24.745,67.69,cleaning
-0.46,-0.182,1.041,-25.69,-23.485,60.987,cleaning
-0.479,-0.111,1.097,-25.69,-23.485,60.987,cleaning
-0.479,-0.111,1.097,-19.705,-18.48,58.677,cleaning
-0.468,-0.125,1.086,-19.705,-18.48,58.677,cleaning
-0.468,-0.125,1.086,-15.225,-18.672,52.955,cleaning
-0.418,-0.199,1.078,-15.225,-18.672,52.955,cleaning
-0.418,-0.199,1.078,-16.012,-25.462,37.572,cleaning
-0.412,-0.223,1.133,-16.012,-25.462,37.572,cleaning
-0.412,-0.223,1.133,-12.932,-26.407,18.252,cleaning
-0.428,-0.196,1.191,-12.932,-26.407,18.252,cleaning
-0.428,-0.196,1.191,-3.517,-17.5,-0.42,cleaning
-0.374,-0.136,1.226,-3.517,-17.5,-0.42,cleaning
-0.315,-0.101,1.206,9.187,-1.312,-19.075,cleaning
-0.298,0.014,1.164,9.187,-1.312,-19.075,cleaning
-0.298,0.014,1.164,22.225,20.475,-34.475,cleaning
-0.272,0.123,1.133,22.225,20.475,-34.475,cleaning
-0.272,0.123,1.133,32.095,20.877,-48.405,cleaning
-0.207,0.11,1.075,32.095,20.877,-48.405,cleaning
-0.207,0.11,1.075,37.03,-4.427,-65.345,cleaning
-0.198,0.016,1.011,37.03,-4.427,-65.345,cleaning
-0.198,0.016,1.011,39.042,-23.117,-81.427,cleaning
-0.219,-0.04,0.955,39.042,-23.117,-81.427,cleaning
-0.219,-0.04,0.955,40.862,-18.34,-95.042,cleaning
-0.243,0.004,0.907,40.862,-18.34,-95.042,cleaning
-0.243,0.004,0.907,43.452,-0.262,-104.125,cleaning
-0.245,0.137,0.855,43.452,-0.262,-104.125,cleaning
-0.245,0.137,0.855,45.377,13.632,-108.57,cleaning
-0.238,0.228,0.826,45.377,13.632,-108.57,cleaning
-0.238,0.228,0.826,46.147,10.395,-113.172,cleaning
-0.214,0.275,0.836,46.147,10.395,-113.172,cleaning
-0.232,0.191,0.87,46.147,-10.727,-122.92,cleaning
-0.26,0.119,0.865,46.147,-10.727,-122.92,cleaning
-0.26,0.119,0.865,48.545,-19.687,-134.645,cleaning
-0.273,0.156,0.819,48.545,-19.687,-134.645,cleaning
-0.273,0.156,0.819,56.542,13.177,-137.112,cleaning
-0.255,0.306,0.773,56.542,13.177,-137.112,cleaning
-0.255,0.306,0.773,65.45,54.845,-134.487,cleaning
-0.283,0.456,0.73,65.45,54.845,-134.487,cleaning
-0.283,0.456,0.73,70.122,72.8,-132.125,cleaning
-0.359,0.549,0.677,70.122,72.8,-132.125,cleaning
-0.359,0.549,0.677,70.63,78.855,-131.897,cleaning
-0.425,0.666,0.621,70.63,78.855,-131.897,cleaning
-0.425,0.666,0.621,70,91.105,-129.115,cleaning
-0.46,0.866,0.632,70,91.105,-129.115,cleaning
-0.46,0.866,0.632,71.627,99.645,-121.345,cleaning
-0.436,1.105,0.602,71.627,99.645,-121.345,cleaning
-0.436,1.105,0.602,73.815,95.707,-109.48,cleaning
-0.395,1.204,0.554,73.815,95.707,-109.48,cleaning
-0.325,1.279,0.459,73.815,95.707,-109.48,cleaning
-0.325,1.279,0.459,73.937,84.385,-95.532,cleaning
-0.236,1.384,0.389,73.937,84.385,-95.532,cleaning
-0.236,1.384,0.389,70.752,80.605,-72.257,cleaning
-0.182,1.339,0.481,70.752,80.605,-72.257,cleaning
-0.182,1.339,0.481,65.502,70.507,-44.782,cleaning
-0.132,1.213,0.491,65.502,70.507,-44.782,cleaning
-0.132,1.213,0.491,60.13,45.185,-22.907,cleaning
0.008,1.14,0.337,60.13,45.185,-22.907,cleaning
0.008,1.14,0.337,46.322,24.167,-2.38,cleaning
0.106,1.1,0.267,46.322,24.167,-2.38,cleaning
0.106,1.1,0.267,22.645,0.227,7.437,cleaning
0.022,0.985,0.459,22.645,0.227,7.437,cleaning
0.022,0.985,0.459,2.922,-53.952,-7.385,cleaning
-0.208,0.727,0.688,2.922,-53.952,-7.385,cleaning
-0.208,0.727,0.688,2.607,-60.48,-21.262,cleaning
-0.209,0.478,0.693,2.607,-60.48,-21.262,cleaning
-0.209,0.478,0.693,13.23,31.692,-13.072,cleaning
-0.147,0.571,0.654,13.23,31.692,-13.072,cleaning
-0.08,0.892,0.632,13.23,31.692,-13.072,cleaning
-0.08,0.892,0.632,12.985,110.582,2.73,cleaning
-0.035,1.073,0.66,12.985,110.582,2.73,cleaning
-0.035,1.073,0.66,-3.832,95.235,8.697,cleaning
-0.049,1.074,0.718,-3.832,95.235,8.697,cleaning
-0.049,1.074,0.718,-23.852,47.617,14.577,cleaning
-0.112,1.001,0.724,-23.852,47.617,14.577,cleaning
-0.112,1.001,0.724,-37.992,25.655,29.802,cleaning
-0.167,0.955,0.644,-37.992,25.655,29.802,cleaning
-0.167,0.955,0.644,-48.107,22.207,45.955,cleaning
-0.24,0.937,0.578,-48.107,22.207,45.955,cleaning
-0.24,0.937,0.578,-57.102,13.09,55.737,cleaning
-0.273,0.838,0.502,-57.102,13.09,55.737,cleaning
-0.273,0.838,0.502,-64.19,-0.227,57.802,cleaning
-0.305,0.768,0.506,-64.19,-0.227,57.802,cleaning
-0.305,0.768,0.506,-66.43,-6.37,56.42,cleaning
-0.317,0.694,0.527,-66.43,-6.37,56.42,cleaning
-0.317,0.694,0.527,-65.607,-0.245,59.01,cleaning
-0.295,0.714,0.517,-65.607,-0.245,59.01,cleaning
-0.256,0.791,0.496,-65.607,-0.245,59.01,cleaning
-0.256,0.791,0.496,-67.287,4.427,66.885,cleaning
-0.24,0.852,0.505,-67.287,4.427,66.885,cleaning
-0.24,0.852,0.505,-74.917,-15.785,74.882,cleaning
-0.248,0.806,0.534,-74.917,-15.785,74.882,cleaning
-0.248,0.806,0.534,-86.012,-59.71,80.342,cleaning
-0.347,0.578,0.632,-86.012,-59.71,80.342,cleaning
-0.347,0.578,0.632,-91.56,-92.82,85.977,cleaning
-0.392,0.342,0.681,-91.56,-92.82,85.977,cleaning
-0.392,0.342,0.681,-81.725,-68.46,92.54,cleaning
-0.377,0.235,0.665,-81.725,-68.46,92.54,cleaning
-0.377,0.235,0.665,-70.192,-16.502,92.557,cleaning
-0.299,0.397,0.66,-70.192,-16.502,92.557,cleaning
-0.299,0.397,0.66,-68.127,16.555,89.547,cleaning
-0.332,0.658,0.774,-68.127,16.555,89.547,cleaning
-0.332,0.658,0.774,-68.005,8.435,88.987,cleaning
-0.385,0.692,0.897,-68.005,8.435,88.987,cleaning
-0.385,0.692,0.897,-69.44,-41.44,83.037,cleaning
-0.38,0.561,0.933,-69.44,-41.44,83.037,cleaning
-0.411,0.381,0.978,-69.44,-41.44,83.037,cleaning
-0.411,0.381,0.978,-71.522,-79.817,79.957,cleaning
-0.461,0.226,1.023,-71.522,-79.817,79.957,cleaning
-0.461,0.226,1.023,-68.005,-85.907,79.642,cleaning
-0.478,0.08,0.99,-68.005,-85.907,79.642,cleaning
-0.478,0.08,0.99,-59.22,-66.01,75.197,cleaning
-0.467,0.041,0.959,-59.22,-66.01,75.197,cleaning
-0.467,0.041,0.959,-47.687,-25.777,67.217,cleaning
-0.418,0.122,0.97,-47.687,-25.777,67.217,cleaning
-0.418,0.122,0.97,-36.89,5.25,56.192,cleaning
-0.345,0.189,1.037,-36.89,5.25,56.192,cleaning
-0.345,0.189,1.037,-31.815,-1.925,42.577,cleaning
-0.358,0.206,1.11,-31.815,-1.925,42.577,cleaning
-0.358,0.206,1.11,-27.877,-28.28,31.342,cleaning
-0.385,0.136,1.14,-27.877,-28.28,31.342,cleaning
-0.385,0.136,1.14,-20.825,-37.555,25.935,cleaning
-0.422,0.096,1.139,-20.825,-37.555,25.935,cleaning
-0.464,0.091,1.138,-12.512,-31.745,24.955,cleaning
-0.508,0.098,1.111,-12.512,-31.745,24.955,cleaning
-0.508,0.098,1.111,-6.02,-35.875,23.572,cleaning
-0.495,0.119,1.035,-6.02,-35.875,23.572,cleaning
-0.495,0.119,1.035,-1.032,-42.28,23.695,cleaning
-0.404,0.044,1.028,-1.032,-42.28,23.695,cleaning
-0.404,0.044,1.028,3.745,-44.152,19.915,cleaning
-0.355,-0.057,1.097,3.745,-44.152,19.915,cleaning
-0.355,-0.057,1.097,11.112,-38.22,5.582,cleaning
-0.393,-0.147,1.157,11.112,-38.22,5.582,cleaning
-0.393,-0.147,1.157,25.007,-19.705,-14.472,cleaning
-0.347,-0.103,1.067,25.007,-19.705,-14.472,cleaning
-0.347,-0.103,1.067,40.705,18.637,-28.175,cleaning
-0.251,0.152,0.914,40.705,18.637,-28.175,cleaning
-0.251,0.152,0.914,50.155,53.935,-31.64,cleaning
-0.219,0.487,0.863,50.155,53.935,-31.64,cleaning
-0.219,0.487,0.863,52.727,40.145,-37.152,cleaning
-0.172,0.572,0.887,52.727,40.145,-37.152,cleaning
-0.138,0.414,0.944,52.727,40.145,-37.152,cleaning
-0.138,0.414,0.944,47.67,-33.6,-59.027,cleaning
-0.194,0.189,0.953,47.67,-33.6,-59.027,cleaning
-0.194,0.189,0.953,44.292,-78.032,-78.907,cleaning
-0.209,0.128,0.901,44.292,-78.032,-78.907,cleaning
-0.209,0.128,0.901,48.475,-52.01,-87.377,cleaning
-0.182,0.292,0.831,48.475,-52.01,-87.377,cleaning
-0.182,0.292,0.831,52.745,-4.917,-88.322,cleaning
-0.159,0.451,0.805,52.745,-4.917,-88.322,cleaning
-0.159,0.451,0.805,52.22,12.372,-89.215,cleaning
-0.141,0.511,0.813,52.22,12.372,-89.215,cleaning
-0.141,0.511,0.813,48.755,2.135,-92.82,cleaning
-0.158,0.529,0.832,48.755,2.135,-92.82,cleaning
-0.158,0.529,0.832,46.69,-8.68,-95.322,cleaning
-0.192,0.566,0.811,46.69,-8.68,-95.322,cleaning
-0.192,0.566,0.811,47.145,-10.85,-95.515,cleaning
-0.213,0.582,0.79,47.145,-10.85,-95.515,cleaning
-0.213,0.582,0.79,46.935,-17.15,-97.877,cleaning
-0.2,0.52,0.757,46.935,-17.15,-97.877,cleaning
-0.196,0.387,0.769,46.935,-17.15,-97.877,cleaning
-0.196,0.387,0.769,43.225,-29.785,-104.825,cleaning
-0.221,0.331,0.729,43.225,-29.785,-104.825,cleaning
-0.221,0.331,0.729,38.587,-24.937,-109.585,cleaning
-0.215,0.425,0.666,38.587,-24.937,-109.585,cleaning
-0.215,0.425,0.666,34.825,1.172,-106.575,cleaning
-0.233,0.592,0.677,34.825,1.172,-106.575,cleaning
-0.233,0.592,0.677,31.5,18.13,-97.23,cleaning
-0.275,0.614,0.742,31.5,18.13,-97.23,cleaning
-0.275,0.614,0.742,30.152,5.127,-92.277,cleaning
-0.294,0.546,0.757,30.152,5.127,-92.277,cleaning
-0.294,0.546,0.757,31.185,3.377,-88.392,cleaning
-0.278,0.691,0.733,31.185,3.377,-88.392,cleaning
-0.278,0.691,0.733,36.4,45.587,-72.03,cleaning
-0.256,0.956,0.737,36.4,45.587,-72.03,cleaning
-0.256,0.956,0.737,46.305,89.617,-48.947,cleaning
-0.2,1.133,0.687,46.305,89.617,-48.947,cleaning
-0.2,1.133,0.687,50.732,92.522,-33.145,cleaning
-0.088,1.187,0.557,50.732,92.522,-33.145,cleaning
0.021,1.189,0.446,50.732,92.522,-33.145,cleaning
0.021,1.189,0.446,43.592,71.102,-22.645,cleaning
0.031,1.179,0.416,43.592,71.102,-22.645,cleaning
0.031,1.179,0.416,31.062,54.915,-8.102,cleaning
0.009,1.184,0.404,31.062,54.915,-8.102,cleaning
0.009,1.184,0.404,18.952,37.555,8.12,cleaning
-0.018,1.166,0.414,18.952,37.555,8.12,cleaning
-0.018,1.166,0.414,7.77,13.597,21.875,cleaning
-0.054,1.014,0.486,7.77,13.597,21.875,cleaning
-0.054,1.014,0.486,-2.345,-32.917,20.702,cleaning
-0.08,0.7,0.556,-2.345,-32.917,20.702,cleaning
-0.08,0.7,0.556,-8.802,-73.185,7.717,cleaning
-0.078,0.416,0.598,-8.802,-73.185,7.717,cleaning
-0.078,0.416,0.598,-7.962,-49.595,2.957,cleaning
-0.079,0.394,0.661,-7.962,-49.595,2.957,cleaning
-0.079,0.394,0.661,-3.307,11.62,10.097,cleaning
-0.112,0.581,0.765,-3.307,11.62,10.097,cleaning
-0.112,0.581,0.765,0.525,45.062,17.587,cleaning
-0.145,0.792,0.817,0.525,45.062,17.587,cleaning
-0.151,0.864,0.815,0.525,45.062,17.587,cleaning
-0.151,0.864,0.815,0.175,35.455,21.787,cleaning
-0.135,0.878,0.773,0.175,35.455,21.787,cleaning
-0.135,0.878,0.773,-3.535,10.745,25.462,cleaning
-0.125,0.822,0.696,-3.535,10.745,25.462,cleaning
-0.125,0.822,0.696,-8.417,-5.512,29.137,cleaning
-0.107,0.791,0.607,-8.417,-5.512,29.137,cleaning
-0.107,0.791,0.607,-15.435,-8.75,32.585,cleaning
-0.098,0.816,0.587,-15.435,-8.75,32.585,cleaning
-0.098,0.816,0.587,-25.025,-13.58,35.892,cleaning
-0.114,0.848,0.589,-25.025,-13.58,35.892,cleaning
-0.114,0.848,0.589,-32.41,-15.627,43.225,cleaning
-0.134,0.904,0.575,-32.41,-15.627,43.225,cleaning
-0.134,0.904,0.575,-36.487,-17.955,51.257,cleaning
-0.146,0.88,0.543,-36.487,-17.955,51.257,cleaning
-0.146,0.88,0.543,-39.655,-24.692,55.965,cleaning
-0.165,0.832,0.521,-39.655,-24.692,55.965,cleaning
-0.165,0.832,0.521,-42.07,-27.282,60.025,cleaning
-0.186,0.829,0.545,-42.07,-27.282,60.025,cleaning
-0.221,0.786,0.557,-42.07,-27.282,60.025,cleaning
-0.221,0.786,0.557,-43.505,-29.172,64.627,cleaning
-0.229,0.766,0.541,-43.505,-29.172,64.627,cleaning
-0.229,0.766,0.541,-45.342,-25.235,70.91,cleaning
-0.242,0.79,0.583,-45.342,-25.235,70.91,cleaning
-0.242,0.79,0.583,-50.085,-24.115,78.12,cleaning
-0.233,0.822,0.625,-50.085,-24.115,78.12,cleaning
-0.233,0.822,0.625,-55.072,-32.847,85.365,cleaning
-0.236,0.805,0.658,-55.072,-32.847,85.365,cleaning
-0.236,0.805,0.658,-60.287,-51.52,90.37,cleaning
-0.27,0.7,0.671,-60.287,-51.52,90.37,cleaning
-0.27,0.7,0.671,-65.695,-73.097,91.63,cleaning
-0.308,0.579,0.709,-65.695,-73.097,91.63,cleaning
-0.308,0.579,0.709,-70.507,-84.122,90.702,cleaning
-0.351,0.482,0.8,-70.507,-84.122,90.702,cleaning
-0.351,0.482,0.8,-69.09,-94.482,82.512,cleaning
-0.433,0.337,0.989,-69.09,-94.482,82.512,cleaning
-0.47,0.026,1.098,-59.255,-103.845,64.067,cleaning
-0.397,-0.057,0.993,-59.255,-103.845,64.067,cleaning
-0.397,-0.057,0.993,-42.927,-32.777,63.332,cleaning
-0.463,0.232,1.027,-42.927,-32.777,63.332,cleaning
-0.463,0.232,1.027,-29.505,57.802,68.915,cleaning
-0.504,0.415,0.922,-29.505,57.802,68.915,cleaning
-0.504,0.415,0.922,-25.585,75.967,62.37,cleaning
-0.521,0.454,0.849,-25.585,75.967,62.37,cleaning
-0.521,0.454,0.849,-27.72,62.23,56.752,cleaning
-0.492,0.442,0.79,-27.72,62.23,56.752,cleaning
-0.492,0.442,0.79,-32.707,48.44,58.905,cleaning
-0.476,0.473,0.755,-32.707,48.44,58.905,cleaning
-0.476,0.473,0.755,-38.5,31.762,62.842,cleaning
-0.423,0.473,0.701,-38.5,31.762,62.842,cleaning
-0.423,0.473,0.701,-48.282,6.632,65.38,cleaning
-0.418,0.456,0.728,-48.282,6.632,65.38,cleaning
-0.418,0.456,0.728,-56,-22.75,62.387,cleaning
-0.446,0.462,0.896,-56,-22.75,62.387,cleaning
-0.459,0.291,1.058,-56,-22.75,62.387,cleaning
-0.459,0.291,1.058,-51.677,-61.46,49.665,cleaning
-0.382,-0.068,1.155,-51.677,-61.46,49.665,cleaning
-0.382,-0.068,1.155,-41.58,-101.185,25.55,cleaning
-0.272,-0.264,1.18,-41.58,-101.185,25.55,cleaning
-0.272,-0.264,1.18,-33.39,-106.102,6.895,cleaning
-0.344,-0.421,1.277,-33.39,-106.102,6.895,cleaning
-0.344,-0.421,1.277,-18.97,-52.85,6.002,cleaning
-0.404,-0.427,1.306,-18.97,-52.85,6.002,cleaning
-0.404,-0.427,1.306,3.727,23.24,6.492,cleaning
-0.336,-0.211,1.21,3.727,23.24,6.492,cleaning
-0.336,-0.211,1.21,17.535,47.075,-6.702,cleaning
-0.335,-0.109,1.112,17.535,47.075,-6.702,cleaning
-0.335,-0.109,1.112,24.71,61.495,-16.555,cleaning
-0.337,0.08,0.943,24.71,61.495,-16.555,cleaning
-0.337,0.08,0.943,34.335,106.242,-12.215,cleaning
-0.358,0.327,0.899,34.335,106.242,-12.215,cleaning
-0.358,0.327,0.899,42.402,109.025,-16.205,cleaning
-0.327,0.501,0.85,42.402,109.025,-16.205,cleaning
-0.32,0.381,0.877,42.402,109.025,-16.205,cleaning
-0.32,0.381,0.877,46.305,70.35,-28.752,cleaning
-0.321,0.283,0.78,46.305,70.35,-28.752,cleaning
-0.321,0.283,0.78,49.875,39.322,-45.255,cleaning
-0.333,0.173,0.8,49.875,39.322,-45.255,cleaning
-0.333,0.173,0.8,49.297,1.662,-71.382,cleaning
-0.261,0.136,0.741,49.297,1.662,-71.382,cleaning
-0.261,0.136,0.741,49.42,14.63,-79.24,cleaning
-0.223,0.347,0.749,49.42,14.63,-79.24,cleaning
-0.223,0.347,0.749,51.415,60.567,-68.932,cleaning
-0.195,0.751,0.801,51.415,60.567,-68.932,cleaning
-0.195,0.751,0.801,51.922,59.395,-56,cleaning
-0.181,0.916,0.838,51.922,59.395,-56,cleaning
-0.181,0.916,0.838,48.667,-3.57,-52.517,cleaning
-0.173,0.801,0.832,48.667,-3.57,-52.517,cleaning
-0.173,0.801,0.832,41.58,-72.695,-59.955,cleaning
-0.209,0.559,0.825,41.58,-72.695,-59.955,cleaning
-0.209,0.559,0.825,38.622,-84.892,-65.66,cleaning
-0.259,0.391,0.797,38.622,-84.892,-65.66,cleaning
-0.27,0.339,0.753,38.622,-84.892,-65.66,cleaning
-0.27,0.339,0.753,43.872,-31.622,-59.465,cleaning
-0.215,0.472,0.691,43.872,-31.622,-59.465,cleaning
-0.215,0.472,0.691,47.337,23.047,-51.887,cleaning
-0.193,0.684,0.715,47.337,23.047,-51.887,cleaning
-0.193,0.684,0.715,43.767,34.317,-48.247,cleaning
-0.209,0.676,0.818,43.767,34.317,-48.247,cleaning
-0.209,0.676,0.818,40.407,2.747,-53.112,cleaning
-0.217,0.571,0.828,40.407,2.747,-53.112,cleaning
-0.217,0.571,0.828,41.912,-12.617,-56.052,cleaning
-0.233,0.478,0.793,41.912,-12.617,-56.052,cleaning
-0.233,0.478,0.793,46.2,8.365,-52.99,cleaning
-0.217,0.498,0.762,46.2,8.365,-52.99,cleaning
-0.217,0.498,0.762,49.262,30.485,-48.16,cleaning
-0.162,0.557,0.703,49.262,30.485,-48.16,cleaning
-0.162,0.557,0.703,46.935,26.88,-46.812,cleaning
-0.136,0.583,0.704,46.935,26.88,-46.812,cleaning
-0.136,0.583,0.704,41.107,4.252,-49.105,cleaning
-0.149,0.55,0.738,41.107,4.252,-49.105,cleaning
-0.175,0.543,0.787,41.107,4.252,-49.105,cleaning
-0.175,0.543,0.787,38.342,-5.985,-47.915,cleaning
-0.227,0.54,0.839,38.342,-5.985,-47.915,cleaning
-0.227,0.54,0.839,39.9,-6.772,-46.06,cleaning
-0.25,0.55,0.833,39.9,-6.772,-46.06,cleaning
-0.25,0.55,0.833,43.942,5.302,-40.39,cleaning
-0.247,0.623,0.75,43.942,5.302,-40.39,cleaning
-0.247,0.623,0.75,47.11,30.397,-29.662,cleaning
-0.209,0.772,0.658,47.11,30.397,-29.662,cleaning
-0.209,0.772,0.658,44.975,40.827,-21.245,cleaning
-0.214,0.847,0.65,44.975,40.827,-21.245,cleaning
-0.214,0.847,0.65,39.165,19.915,-20.125,cleaning
-0.211,0.797,0.633,39.165,19.915,-20.125,cleaning
-0.211,0.797,0.633,33.88,1.032,-17.78,cleaning
-0.194,0.746,0.583,33.88,1.032,-17.78,cleaning
-0.194,0.746,0.583,30.852,11.9,-7.945,cleaning
-0.17,0.765,0.548,30.852,11.9,-7.945,cleaning
-0.15,0.847,0.526,27.51,25.287,3.237,cleaning
-0.165,0.92,0.522,27.51,25.287,3.237,cleaning
-0.165,0.92,0.522,21.367,23.8,15.102,cleaning
-0.199,0.946,0.555,21.367,23.8,15.102,cleaning
-0.199,0.946,0.555,14.035,7.927,27.597,cleaning
-0.214,0.897,0.57,14.035,7.927,27.597,cleaning
-0.214,0.897,0.57,8.575,-10.36,40.582,cleaning
-0.236,0.885,0.615,8.575,-10.36,40.582,cleaning
-0.236,0.885,0.615,5.547,-24.955,53.27,cleaning
-0.332,0.926,0.709,5.547,-24.955,53.27,cleaning
-0.332,0.926,0.709,4.515,-51.065,68.722,cleaning
-0.462,0.915,0.773,4.515,-51.065,68.722,cleaning
-0.462,0.915,0.773,7.822,-88.847,87.99,cleaning
-0.509,0.783,0.751,7.822,-88.847,87.99,cleaning
-0.509,0.783,0.751,16.957,-110.915,112.14,cleaning
-0.483,0.571,0.612,16.957,-110.915,112.14,cleaning
-0.483,0.571,0.612,22.54,-107.642,134.837,cleaning
-0.334,0.328,0.426,22.54,-107.642,134.837,cleaning
-0.071,0.209,0.372,22.54,-107.642,134.837,cleaning
-0.071,0.209,0.372,13.895,-92.067,145.057,cleaning
0.005,0.243,0.638,13.895,-92.067,145.057,cleaning
0.005,0.243,0.638,-2.45,-77.892,144.69,cleaning
-0.058,0.313,1.013,-2.45,-77.892,144.69,cleaning
-0.058,0.313,1.013,-4.602,-62.965,137.777,cleaning
-0.024,0.359,1.29,-4.602,-62.965,137.777,cleaning
-0.024,0.359,1.29,13.23,-33.582,130.987,cleaning
0.167,0.322,1.279,13.23,-33.582,130.987,cleaning
0.167,0.322,1.279,35.595,4.095,124.267,cleaning
0.397,0.317,1.083,35.595,4.095,124.267,cleaning
0.397,0.317,1.083,39.952,22.242,111.072,cleaning
0.501,0.332,0.996,39.952,22.242,111.072,cleaning
0.501,0.332,0.996,33.04,17.325,96.407,cleaning
0.508,0.291,0.975,33.04,17.325,96.407,cleaning
0.508,0.291,0.975,29.12,17.99,83.615,cleaning
0.541,0.225,0.916,29.12,17.99,83.615,cleaning
0.541,0.225,0.916,26.092,27.597,66.22,cleaning
0.624,0.167,0.837,26.092,27.597,66.22,cleaning
0.649,0.197,0.791,26.092,27.597,66.22,cleaning
0.649,0.197,0.791,19.652,43.557,44.012,cleaning
0.622,0.322,0.801,19.652,43.557,44.012,cleaning
0.622,0.322,0.801,11.025,57.907,24.517,cleaning
0.541,0.442,0.811,11.025,57.907,24.517,cleaning
0.541,0.442,0.811,3.22,64.452,13.492,cleaning
0.467,0.555,0.775,3.22,64.452,13.492,cleaning
0.467,0.555,0.775,-3.587,66.482,9.87,cleaning
0.386,0.646,0.725,-3.587,66.482,9.87,cleaning
0.386,0.646,0.725,-11.777,57.855,11.882,cleaning
0.326,0.687,0.682,-11.777,57.855,11.882,cleaning
0.326,0.687,0.682,-21.105,35.297,17.272,cleaning
0.32,0.67,0.634,-21.105,35.297,17.272,cleaning
0.32,0.67,0.634,-30.292,10.08,25.27,cleaning
0.312,0.61,0.62,-30.292,10.08,25.27,cleaning
0.312,0.61,0.62,-36.837,-7.157,32.742,cleaning
0.299,0.552,0.648,-36.837,-7.157,32.742,cleaning
0.299,0.552,0.648,-38.132,-11.042,37.905,cleaning
0.258,0.545,0.728,-38.132,-11.042,37.905,cleaning
0.211,0.529,0.806,-38.132,-11.042,37.905,cleaning
0.211,0.529,0.806,-32.9,-6.807,40.145,cleaning
0.162,0.488,0.843,-32.9,-6.807,40.145,cleaning
0.162,0.488,0.843,-22.12,6.72,41.037,cleaning
0.14,0.496,0.825,-22.12,6.72,41.037,cleaning
0.14,0.496,0.825,-9.975,24.972,38.377,cleaning
0.137,0.537,0.767,-9.975,24.972,38.377,cleaning
0.137,0.537,0.767,-2.397,29.155,30.59,cleaning
0.137,0.542,0.709,-2.397,29.155,30.59,cleaning
0.137,0.542,0.709,0.07,28.14,23.257,cleaning
0.15,0.596,0.66,0.07,28.14,23.257,cleaning
0.15,0.596,0.66,-1.627,28.087,20.195,cleaning
0.172,0.669,0.648,-1.627,28.087,20.195,cleaning
0.172,0.669,0.648,-6.282,22.19,20.982,cleaning
0.194,0.714,0.651,-6.282,22.19,20.982,cleaning
0.194,0.714,0.651,-12.827,6.3,23.117,cleaning
0.219,0.755,0.67,-12.827,6.3,23.117,cleaning
0.219,0.755,0.67,-19.442,-13.492,26.232,cleaning
0.236,0.73,0.684,-19.442,-13.492,26.232,cleaning
0.228,0.666,0.704,-19.442,-13.492,26.232,cleaning
0.228,0.666,0.704,-24.185,-29.382,28.42,cleaning
0.226,0.57,0.72,-24.185,-29.382,28.42,cleaning
0.226,0.57,0.72,-25.585,-32.305,29.19,cleaning
0.212,0.544,0.767,-25.585,-32.305,29.19,cleaning
0.212,0.544,0.767,-24.342,-27.44,26.95,cleaning
0.193,0.528,0.805,-24.342,-27.44,26.95,cleaning
0.193,0.528,0.805,-20.842,-28.122,23.012,cleaning
0.2,0.499,0.81,-20.842,-28.122,23.012,cleaning
0.2,0.499,0.81,-16.135,-28.77,18.917,cleaning
0.231,0.527,0.796,-16.135,-28.77,18.917,cleaning
0.231,0.527,0.796,-14.087,-34.737,13.982,cleaning
0.237,0.509,0.782,-14.087,-34.737,13.982,cleaning
0.237,0.509,0.782,-13.44,-35.42,12.215,cleaning
0.256,0.475,0.774,-13.44,-35.42,12.215,cleaning
0.256,0.475,0.774,-13.562,-23.87,14.262,cleaning
0.278,0.485,0.766,-13.562,-23.87,14.262,cleaning
0.305,0.532,0.762,-16.992,-18.182,16.205,cleaning
0.357,0.621,0.756,-16.992,-18.182,16.205,cleaning
0.357,0.621,0.756,-26.355,-30.52,17.237,cleaning
0.45,0.724,0.733,-26.355,-30.52,17.237,cleaning
0.45,0.724,0.733,-45.465,-62.02,22.505,cleaning
0.485,0.623,0.767,-45.465,-62.02,22.505,cleaning
0.485,0.623,0.767,-74.077,-116.672,31.447,cleaning
0.418,0.264,0.833,-74.077,-116.672,31.447,cleaning
0.418,0.264,0.833,-102.112,-171.745,36.225,cleaning
0.219,-0.101,0.991,-102.112,-171.745,36.225,cleaning
0.219,-0.101,0.991,-118.002,-196.42,31.342,cleaning
-0.138,-0.411,1.295,-118.002,-196.42,31.342,cleaning
-0.138,-0.411,1.295,-106.155,-179.637,14.35,cleaning
-0.382,-0.672,1.459,-106.155,-179.637,14.35,cleaning
-0.382,-0.672,1.459,-67.48,-114.152,-15.4,cleaning
-0.427,-0.735,1.414,-67.48,-114.152,-15.4,cleaning
-0.427,-0.735,1.414,-21.682,-24.92,-50.61,cleaning
-0.392,-0.528,1.26,-21.682,-24.92,-50.61,cleaning
-0.352,-0.263,1.048,11.585,9.747,-89.04,cleaning
-0.331,-0.12,0.883,11.585,9.747,-89.04,cleaning
-0.331,-0.12,0.883,24.622,-12.477,-122.85,cleaning
-0.379,-0.046,0.825,24.622,-12.477,-122.85,cleaning
-0.379,-0.046,0.825,27.44,-28.595,-144.007,cleaning
-0.44,0.131,0.818,27.44,-28.595,-144.007,cleaning
-0.44,0.131,0.818,34.247,1.89,-145.32,cleaning
-0.45,0.499,0.845,34.247,1.89,-145.32,cleaning
-0.45,0.499,0.845,47.862,45.78,-129.955,cleaning
-0.418,0.915,0.858,47.862,45.78,-129.955,cleaning
-0.418,0.915,0.858,61.652,62.177,-102.427,cleaning
-0.285,1.288,0.729,61.652,62.177,-102.427,cleaning
-0.285,1.288,0.729,66.185,50.837,-62.475,cleaning
-0.102,1.478,0.581,66.185,50.837,-62.475,cleaning
-0.102,1.478,0.581,53.077,15.172,-21.507,cleaning
0.028,1.511,0.493,53.077,15.172,-21.507,cleaning
0.028,1.511,0.493,30.975,-25.9,16.012,cleaning
0.104,1.379,0.507,30.975,-25.9,16.012,cleaning
0.155,1.186,0.65,30.975,-25.9,16.012,cleaning
0.155,1.186,0.65,14.577,-51.397,47.057,cleaning
0.212,0.938,0.823,14.577,-51.397,47.057,cleaning
0.212,0.938,0.823,10.972,-58.887,65.922,cleaning
0.285,0.665,0.905,10.972,-58.887,65.922,cleaning
0.285,0.665,0.905,18.69,-42.56,76.142,cleaning
0.369,0.452,0.876,18.69,-42.56,76.142,cleaning
0.369,0.452,0.876,29.032,0.49,86.31,cleaning
0.469,0.349,0.765,29.032,0.49,86.31,cleaning
0.469,0.349,0.765,30.135,50.785,99.295,cleaning
0.542,0.342,0.692,30.135,50.785,99.295,cleaning
0.542,0.342,0.692,18.357,81.812,114.012,cleaning
0.608,0.293,0.656,18.357,81.812,114.012,cleaning
0.608,0.293,0.656,-3.342,91.367,123.707,cleaning
0.651,0.207,0.695,-3.342,91.367,123.707,cleaning
0.651,0.207,0.695,-29.347,85.295,125.912,cleaning
0.622,0.087,0.795,-29.347,85.295,125.912,cleaning
0.622,0.087,0.795,-52.535,78.015,123.077,cleaning
0.583,-0.001,0.873,-52.535,78.015,123.077,cleaning
0.48,-0.094,0.985,-52.535,78.015,123.077,cleaning
0.48,-0.094,0.985,-70.77,70.437,113.732,cleaning
0.225,-0.199,1.158,-70.77,70.437,113.732,cleaning
0.225,-0.199,1.158,-80.535,42.612,89.075,cleaning
-0.175,-0.411,1.376,-80.535,42.612,89.075,cleaning
-0.175,-0.411,1.376,-65.502,11.777,46.795,cleaning
-0.27,-0.495,1.489,-65.502,11.777,46.795,cleaning
-0.27,-0.495,1.489,-34.037,8.82,-4.095,cleaning
-0.22,-0.537,1.536,-34.037,8.82,-4.095,cleaning
-0.22,-0.537,1.536,-9.082,14.542,-42.367,cleaning
-0.149,-0.435,1.447,-9.082,14.542,-42.367,cleaning
-0.149,-0.435,1.447,8.452,26.582,-71.382,cleaning
-0.208,-0.213,1.388,8.452,26.582,-71.382,cleaning
-0.208,-0.213,1.388,22.802,30.31,-89.547,cleaning
-0.357,-0.023,1.373,22.802,30.31,-89.547,cleaning
-0.357,-0.023,1.373,40.565,8.82,-107.397,cleaning
-0.445,0.04,1.287,40.565,8.82,-107.397,cleaning
-0.445,0.04,1.287,58.607,-16.835,-124.757,cleaning
-0.453,0.016,1.106,58.607,-16.835,-124.757,cleaning
-0.436,0.005,0.925,58.607,-16.835,-124.757,cleaning
-0.436,0.005,0.925,71.592,-21.997,-138.232,cleaning
-0.494,0.118,0.826,71.592,-21.997,-138.232,cleaning
-0.494,0.118,0.826,79.572,-2.24,-148.837,cleaning
-0.488,0.381,0.785,79.572,-2.24,-148.837,cleaning
-0.488,0.381,0.785,87.01,23.467,-152.705,cleaning
-0.541,0.615,0.731,87.01,23.467,-152.705,cleaning
-0.541,0.615,0.731,100.205,44.17,-146.877,cleaning
-0.591,0.89,0.679,100.205,44.17,-146.877,cleaning
-0.591,0.89,0.679,116.532,58.957,-137.007,cleaning
-0.579,1.104,0.609,116.532,58.957,-137.007,cleaning
-0.579,1.104,0.609,136.675,64.05,-123.9,cleaning
-0.528,1.26,0.471,136.675,64.05,-123.9,cleaning
-0.528,1.26,0.471,156.327,83.405,-105.227,cleaning
-0.368,1.473,0.316,156.327,83.405,-105.227,cleaning
-0.368,1.473,0.316,170.817,118.982,-74.795,cleaning
-0.2,1.767,0.216,170.817,118.982,-74.795,cleaning
-0.2,1.767,0.216,179.147,138.285,-34.772,cleaning
-0.014,2.053,-0.042,179.147,138.285,-34.772,cleaning
0.154,2.071,-0.199,179.147,138.285,-34.772,cleaning
0.154,2.071,-0.199,163.222,107.467,12.197,cleaning
0.448,1.494,-0.427,163.222,107.467,12.197,cleaning
0.448,1.494,-0.427,116.235,52.115,59.062,cleaning
0.822,0.81,-0.556,116.235,52.115,59.062,cleaning
0.822,0.81,-0.556,49.525,41.247,83.685,cleaning
1.144,0.364,-0.453,49.525,41.247,83.685,cleaning
1.144,0.364,-0.453,-25.515,63.175,93.712,cleaning
1.252,0.196,-0.08,-25.515,63.175,93.712,cleaning
1.252,0.196,-0.08,-92.452,96.74,99.155,cleaning
1.21,0.306,0.531,-92.452,96.74,99.155,cleaning
1.21,0.306,0.531,-134.96,120.68,105.665,cleaning
1.178,0.401,1.108,-134.96,120.68,105.665,cleaning
1.178,0.401,1.108,-143.377,130.077,107.152,cleaning
1.07,0.503,1.464,-143.377,130.077,107.152,cleaning
1.07,0.503,1.464,-128.135,104.352,95.952,cleaning
0.871,0.573,1.573,-128.135,104.352,95.952,cleaning
0.619,0.487,1.501,-106.592,34.79,76.195,cleaning
0.316,0.232,1.413,-106.592,34.79,76.195,cleaning
0.316,0.232,1.413,-85.137,-42.332,49.787,cleaning
0.096,-0.027,1.318,-85.137,-42.332,49.787,cleaning
0.096,-0.027,1.318,-58.17,-81.2,18.025,cleaning
0,-0.167,1.151,-58.17,-81.2,18.025,cleaning
0,-0.167,1.151,-28.14,-72.572,-16.485,cleaning
-0.05,-0.051,0.974,-28.14,-72.572,-16.485,cleaning
-0.05,-0.051,0.974,-5.145,-49.647,-50.907,cleaning
-0.107,0.266,0.907,-5.145,-49.647,-50.907,cleaning
-0.107,0.266,0.907,7.84,-58.765,-81.742,cleaning
-0.159,0.457,0.873,7.84,-58.765,-81.742,cleaning
-0.159,0.457,0.873,14.892,-95.095,-104.702,cleaning
-0.159,0.426,0.819,14.892,-95.095,-104.702,cleaning
-0.159,0.426,0.819,17.045,-125.58,-120.977,cleaning
-0.154,0.316,0.833,17.045,-125.58,-120.977,cleaning
-0.154,0.316,0.833,21.98,-118.51,-129.027,cleaning
-0.209,0.259,0.903,21.98,-118.51,-129.027,cleaning
-0.217,0.389,0.903,21.98,-118.51,-129.027,cleaning
-0.217,0.389,0.903,37.327,-53.165,-121.642,cleaning
-0.156,0.758,0.826,37.327,-53.165,-121.642,cleaning
-0.156,0.758,0.826,57.942,33.95,-99.89,cleaning
0.015,1.129,0.658,57.942,33.95,-99.89,cleaning
0.015,1.129,0.658,68.442,66.342,-76.37,cleaning
0.173,1.306,0.508,68.442,66.342,-76.37,cleaning
0.173,1.306,0.508,60.55,30.975,-59.92,cleaning
0.255,1.256,0.396,60.55,30.975,-59.92,cleaning
0.255,1.256,0.396,42.437,-32.882,-52.64,cleaning
0.282,1.045,0.349,42.437,-32.882,-52.64,cleaning
0.282,1.045,0.349,24.272,-69.912,-46.077,cleaning
0.285,0.852,0.362,24.272,-69.912,-46.077,cleaning
0.285,0.852,0.362,11.882,-57.242,-34.72,cleaning
0.301,0.758,0.399,11.882,-57.242,-34.72,cleaning
0.301,0.758,0.399,4.76,-15.4,-18.165,cleaning
0.36,0.756,0.387,4.76,-15.4,-18.165,cleaning
0.36,0.756,0.387,-3.132,17.797,-2.94,cleaning
0.383,0.864,0.46,-3.132,17.797,-2.94,cleaning
0.294,0.866,0.699,-3.132,17.797,-2.94,cleaning
0.294,0.866,0.699,-11.585,-1.82,1.767,cleaning
0.241,0.659,0.828,-11.585,-1.82,1.767,cleaning
0.241,0.659,0.828,-11.182,-30.24,3.237,cleaning
0.233,0.508,0.888,-11.182,-30.24,3.237,cleaning
0.233,0.508,0.888,-3.15,-23.047,4.305,cleaning
0.234,0.461,0.906,-3.15,-23.047,4.305,cleaning
0.234,0.461,0.906,5.04,-7.56,2.467,cleaning
0.224,0.474,0.894,5.04,-7.56,2.467,cleaning
0.224,0.474,0.894,9.257,-2.8,-2.467,cleaning
0.206,0.533,0.877,9.257,-2.8,-2.467,cleaning
0.206,0.533,0.877,10.762,-1.085,-4.97,cleaning
0.199,0.588,0.83,10.762,-1.085,-4.97,cleaning
0.199,0.588,0.83,9.835,-3.552,-4.655,cleaning
0.196,0.642,0.793,9.835,-3.552,-4.655,cleaning
0.196,0.642,0.793,6.93,-9.66,-1.067,cleaning
0.189,0.648,0.768,6.93,-9.66,-1.067,cleaning
0.189,0.648,0.768,3.64,-17.062,1.54,cleaning
0.201,0.621,0.727,3.64,-17.062,1.54,cleaning
0.193,0.584,0.706,3.64,-17.062,1.54,cleaning
0.193,0.584,0.706,-0.577,-22.487,3.01,cleaning
0.172,0.555,0.726,-0.577,-22.487,3.01,cleaning
0.172,0.555,0.726,-2.975,-20.352,4.742,cleaning
0.166,0.545,0.724,-2.975,-20.352,4.742,cleaning
0.166,0.545,0.724,-2.537,-17.167,2.87,cleaning
0.161,0.531,0.698,-2.537,-17.167,2.87,cleaning
0.161,0.531,0.698,-2.03,-13.615,0.21,cleaning
0.154,0.554,0.705,-2.03,-13.615,0.21,cleaning
0.154,0.554,0.705,-2.362,-8.365,-0.175,cleaning
0.15,0.572,0.746,-2.362,-8.365,-0.175,cleaning
0.15,0.572,0.746,-1.732,-5.372,0.07,cleaning
0.159,0.566,0.756,-1.732,-5.372,0.07,cleaning
0.159,0.566,0.756,-0.822,-7.035,-1.54,cleaning
0.165,0.533,0.74,-0.822,-7.035,-1.54,cleaning
0.165,0.533,0.74,-0.437,-5.442,-3.535,cleaning
0.172,0.534,0.734,-0.437,-5.442,-3.535,cleaning
0.172,0.534,0.734,-0.035,-0.105,-4.462,cleaning
0.178,0.563,0.768,-0.035,-0.105,-4.462,cleaning
0.187,0.598,0.784,-0.035,-0.105,-4.462,cleaning
0.187,0.598,0.784,1.54,3.885,-4.55,cleaning
0.21,0.607,0.779,1.54,3.885,-4.55,cleaning
0.21,0.607,0.779,2.975,2.87,-4.637,cleaning
0.217,0.591,0.769,2.975,2.87,-4.637,cleaning
0.217,0.591,0.769,3.43,0.787,-4.13,cleaning
0.211,0.594,0.771,3.43,0.787,-4.13,cleaning
0.211,0.594,0.771,3.342,0.787,-3.395,cleaning
0.195,0.597,0.776,3.342,0.787,-3.395,cleaning
0.195,0.597,0.776,2.992,-0.927,-2.887,cleaning
0.187,0.593,0.776,2.992,-0.927,-2.887,cleaning
0.187,0.593,0.776,2.625,-2.835,-2.222,cleaning
0.186,0.589,0.776,2.625,-2.835,-2.222,cleaning
0.186,0.589,0.776,2.695,-4.287,-2.03,cleaning
0.195,0.582,0.769,2.695,-4.287,-2.03,cleaning
0.195,0.582,0.769,3.01,-3.622,-2.432,cleaning
0.193,0.584,0.759,3.01,-3.622,-2.432,cleaning
0.197,0.592,0.745,3.115,-2.397,-2.66,cleaning
0.191,0.592,0.736,3.115,-2.397,-2.66,cleaning
0.191,0.592,0.736,2.222,-3.412,-2.345,cleaning
0.183,0.59,0.736,2.222,-3.412,-2.345,cleaning
0.183,0.59,0.736,1.312,-3.972,-1.855,cleaning
0.182,0.595,0.738,1.312,-3.972,-1.855,cleaning
0.182,0.595,0.738,0.647,-5.127,-1.75,cleaning
0.191,0.588,0.746,0.647,-5.127,-1.75,cleaning
0.191,0.588,0.746,0.805,-3.92,-1.575,cleaning
0.199,0.602,0.753,0.805,-3.92,-1.575,cleaning
0.199,0.602,0.753,1.102,-3.08,-1.365,cleaning
0.202,0.606,0.762,1.102,-3.08,-1.365,cleaning
0.202,0.606,0.762,1.54,-3.71,-1.242,cleaning
0.206,0.599,0.754,1.54,-3.71,-1.242,cleaning
0.206,0.599,0.754,1.61,-3.5,-1.592,cleaning
0.21,0.598,0.736,1.61,-3.5,-1.592,cleaning
0.21,0.598,0.736,0.455,-3.01,-2.117,cleaning
0.233,0.614,0.701,0.455,-3.01,-2.117,cleaning
0.259,0.662,0.643,-3.587,-3.185,-2.8,cleaning
0.271,0.742,0.587,-3.587,-3.185,-2.8,cleaning
0.271,0.742,0.587,-13.352,-8.522,-2.1,cleaning
0.269,0.819,0.538,-13.352,-8.522,-2.1,cleaning
0.269,0.819,0.538,-30.677,-27.195,2.275,cleaning
0.241,0.862,0.508,-30.677,-27.195,2.275,cleaning
0.241,0.862,0.508,-56.052,-59.867,10.815,cleaning
0.076,0.871,0.652,-56.052,-59.867,10.815,cleaning
0.076,0.871,0.652,-82.915,-101.955,18.882,cleaning
-0.189,0.78,0.839,-82.915,-101.955,18.882,cleaning
-0.189,0.78,0.839,-97.965,-138.565,28.052,cleaning
-0.405,0.671,1.039,-97.965,-138.565,28.052,cleaning
-0.405,0.671,1.039,-95.497,-149.45,40.687,cleaning
-0.548,0.514,1.161,-95.497,-149.45,40.687,cleaning
-0.548,0.514,1.161,-77.297,-129.167,56.682,cleaning
-0.588,0.414,1.129,-77.297,-129.167,56.682,cleaning
-0.588,0.414,1.129,-55.72,-101.587,65.677,cleaning
-0.565,0.33,1.02,-55.72,-101.587,65.677,cleaning
-0.523,0.15,0.923,-55.72,-101.587,65.677,cleaning
-0.523,0.15,0.923,-37.152,-79.187,68.565,cleaning
-0.471,-0.053,0.889,-37.152,-79.187,68.565,cleaning
-0.471,-0.053,0.889,-19.74,-51.887,64.242,cleaning
-0.4,-0.142,0.913,-19.74,-51.887,64.242,cleaning
-0.4,-0.142,0.913,-4.147,-18.987,53.322,cleaning
-0.237,-0.207,0.984,-4.147,-18.987,53.322,cleaning
-0.237,-0.207,0.984,8.715,7.245,39.27,cleaning
-0.046,-0.224,1.077,8.715,7.245,39.27,cleaning
-0.046,-0.224,1.077,20.247,25.025,15.207,cleaning
0.2,-0.238,1.155,20.247,25.025,15.207,cleaning
0.2,-0.238,1.155,31.657,37.572,-16.432,cleaning
0.53,-0.153,1.201,31.657,37.572,-16.432,cleaning
0.53,-0.153,1.201,41.422,37.782,-52.5,cleaning
0.846,0.02,1.182,41.422,37.782,-52.5,cleaning
0.846,0.02,1.182,47.652,19.897,-84.192,cleaning
1.065,0.17,1.085,47.652,19.897,-84.192,cleaning
1.065,0.17,1.085,51.625,1.207,-102.025,cleaning
1.178,0.283,0.928,51.625,1.207,-102.025,cleaning
1.199,0.416,0.746,51.625,1.207,-102.025,cleaning
1.199,0.416,0.746,50.225,-12.687,-103.915,cleaning
1.162,0.554,0.554,50.225,-12.687,-103.915,cleaning
1.162,0.554,0.554,39.69,-27.58,-93.782,cleaning
1.081,0.631,0.389,39.69,-27.58,-93.782,cleaning
1.081,0.631,0.389,19.967,-42.21,-76.982,cleaning
0.947,0.67,0.324,19.967,-42.21,-76.982,cleaning
0.947,0.67,0.324,-3.92,-46.585,-58.1,cleaning
0.784,0.713,0.371,-3.92,-46.585,-58.1,cleaning
0.784,0.713,0.371,-27.142,-40.232,-41.405,cleaning
0.586,0.752,0.536,-27.142,-40.232,-41.405,cleaning
0.586,0.752,0.536,-42.63,-26.827,-28.35,cleaning
0.359,0.845,0.707,-42.63,-26.827,-28.35,cleaning
0.359,0.845,0.707,-46.865,-10.325,-16.835,cleaning
0.09,0.984,0.864,-46.865,-10.325,-16.835,cleaning
0.09,0.984,0.864,-43.4,-6.982,-8.802,cleaning
-0.197,1.113,1.012,-43.4,-6.982,-8.802,cleaning
-0.197,1.113,1.012,-36.855,-16.467,-3.29,cleaning
-0.441,1.107,0.995,-36.855,-16.467,-3.29,cleaning
-0.622,1.086,0.858,-36.855,-16.467,-3.29,cleaning
-0.622,1.086,0.858,-30.712,-12.687,8.627,cleaning
-0.782,0.987,0.739,-30.712,-12.687,8.627,cleaning
-0.782,0.987,0.739,-31.657,-11.935,27.72,cleaning
-0.905,0.813,0.616,-31.657,-11.935,27.72,cleaning
-0.905,0.813,0.616,-39.795,-19.915,54.145,cleaning
-1.025,0.694,0.541,-39.795,-19.915,54.145,cleaning
-1.025,0.694,0.541,-48.755,-10.692,94.447,cleaning
-1.084,0.584,0.584,-48.755,-10.692,94.447,cleaning
-1.084,0.584,0.584,-54.81,-7.7,132.02,cleaning
-1.093,0.452,0.67,-54.81,-7.7,132.02,cleaning
-1.093,0.452,0.67,-54.39,-18.9,151.707,cleaning
-1.066,0.264,0.823,-54.39,-18.9,151.707,cleaning
-1.066,0.264,0.823,-42.77,-27.23,151.62,cleaning
-0.989,0.006,0.982,-42.77,-27.23,151.62,cleaning
-0.989,0.006,0.982,-18.095,-15.715,135.152,cleaning
-0.856,-0.188,1.12,-18.095,-15.715,135.152,cleaning
-0.623,-0.35,1.155,16.187,25.445,110.547,cleaning
-0.313,-0.482,1.135,16.187,25.445,110.547,cleaning
-0.313,-0.482,1.135,49.28,62.405,66.867,cleaning
0.077,-0.473,1.144,49.28,62.405,66.867,cleaning
0.077,-0.473,1.144,71.732,64.977,6.02,cleaning
0.349,-0.431,1.241,71.732,64.977,6.02,cleaning
0.349,-0.431,1.241,81.095,44.607,-46.62,cleaning
0.528,-0.265,1.354,81.095,44.607,-46.62,cleaning
0.528,-0.265,1.354,85.452,28.297,-80.692,cleaning
0.777,-0.074,1.352,85.452,28.297,-80.692,cleaning
0.777,-0.074,1.352,89.215,25.882,-99.4,cleaning
1.113,0.212,1.309,89.215,25.882,-99.4,cleaning
1.113,0.212,1.309,90.457,25.305,-112.735,cleaning
1.361,0.47,1.205,90.457,25.305,-112.735,cleaning
1.361,0.47,1.205,87.377,0.455,-127.645,cleaning
1.351,0.66,0.967,87.377,0.455,-127.645,cleaning
1.351,0.66,0.967,72.922,-35,-128.397,cleaning
1.246,0.687,0.665,72.922,-35,-128.397,cleaning
1.063,0.631,0.484,43.557,-68.127,-117.355,cleaning
0.781,0.518,0.394,43.557,-68.127,-117.355,cleaning
0.781,0.518,0.394,15.627,-79.555,-102.725,cleaning
0.586,0.281,0.129,15.627,-79.555,-102.725,cleaning
0.586,0.281,0.129,3.395,-48.667,-92.085,cleaning
0.551,0.215,-0.284,3.395,-48.667,-92.085,cleaning
0.551,0.215,-0.284,-11.812,8.277,-98.787,cleaning
0.268,0.742,-0.16,-11.812,8.277,-98.787,cleaning
0.268,0.742,-0.16,-43.417,58.555,-99.75,cleaning
-0.313,1.541,0.576,-43.417,58.555,-99.75,cleaning
-0.313,1.541,0.576,-57.855,21.49,-78.592,cleaning
-0.88,1.844,1.167,-57.855,21.49,-78.592,cleaning
-0.88,1.844,1.167,-46.952,-51.012,-51.187,cleaning
-1.205,1.647,1.334,-46.952,-51.012,-51.187,cleaning
-1.205,1.647,1.334,-12.32,-17.325,-0.542,cleaning
-1.28,1.44,1.014,-12.32,-17.325,-0.542,cleaning
-1.28,1.44,1.014,6.597,72.502,66.955,cleaning
-1.102,1.389,0.439,6.597,72.502,66.955,cleaning
-0.989,1.342,0.174,-19.407,100.747,134.855,cleaning
-0.941,0.937,0.211,-19.407,100.747,134.855,cleaning
-0.941,0.937,0.211,-72.065,27.247,179.357,cleaning
-0.955,0.455,0.555,-72.065,27.247,179.357,cleaning
-0.955,0.455,0.555,-108.622,-44.8,196.682,cleaning
-0.996,-0.055,1.175,-108.622,-44.8,196.682,cleaning
-0.996,-0.055,1.175,-107.292,-124.197,174.282,cleaning
-0.927,-0.875,1.552,-107.292,-124.197,174.282,cleaning
-0.927,-0.875,1.552,-67.532,-170.852,128.257,cleaning
-0.747,-1.573,1.61,-67.532,-170.852,128.257,cleaning
-0.747,-1.573,1.61,-8.487,-101.272,86.625,cleaning
-0.511,-1.999,1.379,-8.487,-101.272,86.625,cleaning
-0.511,-1.999,1.379,39.41,22.365,32.847,cleaning
-0.19,-1.944,1.173,39.41,22.365,32.847,cleaning
-0.19,-1.944,1.173,64.925,112.84,-39.707,cleaning
0.151,-1.468,1.133,64.925,112.84,-39.707,cleaning
0.151,-1.468,1.133,77.017,162.96,-98.612,cleaning
0.243,-0.711,1.436,77.017,162.96,-98.612,cleaning
0.179,0.357,1.804,77.017,162.96,-98.612,cleaning
0.179,0.357,1.804,99.715,198.485,-118.265,cleaning
0.385,0.987,1.77,99.715,198.485,-118.265,cleaning
0.385,0.987,1.77,123.935,130.357,-123.515,cleaning
0.66,0.79,1.409,123.935,130.357,-123.515,cleaning
0.66,0.79,1.409,114.835,-56.647,-144.112,cleaning
0.746,0.145,1.063,114.835,-56.647,-144.112,cleaning
0.746,0.145,1.063,84.017,-184.24,-169.172,cleaning
0.784,-0.075,0.839,84.017,-184.24,-169.172,cleaning
0.784,-0.075,0.839,66.5,-139.632,-169.085,cleaning
0.84,0.287,0.694,66.5,-139.632,-169.085,cleaning
0.84,0.287,0.694,62.755,-36.627,-154.262,cleaning
0.92,0.869,0.499,62.755,-36.627,-154.262,cleaning
0.92,0.869,0.499,50.085,-2.047,-137.06,cleaning
0.93,1.438,0.294,50.085,-2.047,-137.06,cleaning
0.93,1.438,0.294,13.02,-39.13,-112.367,cleaning
0.721,1.784,0.242,13.02,-39.13,-112.367,cleaning
0.721,1.784,0.242,-34.895,-105.35,-79.152,cleaning
0.406,1.73,0.27,-34.895,-105.35,-79.152,cleaning
-0.037,1.601,0.407,-34.895,-105.35,-79.152,cleaning
-0.037,1.601,0.407,-72.765,-126.84,-37.152,cleaning
-0.594,1.538,0.546,-72.765,-126.84,-37.152,cleaning
-0.594,1.538,0.546,-89.355,-111.877,7.717,cleaning
-1.006,1.438,0.564,-89.355,-111.877,7.717,cleaning
-1.006,1.438,0.564,-85.172,-88.83,51.87,cleaning
-1.226,1.244,0.477,-85.172,-88.83,51.87,cleaning
-1.226,1.244,0.477,-73.692,-73.85,96.092,cleaning
-1.29,1.024,0.345,-73.692,-73.85,96.092,cleaning
-1.29,1.024,0.345,-63.227,-51.047,142.397,cleaning
-1.328,1.006,0.301,-63.227,-51.047,142.397,cleaning
-1.328,1.006,0.301,-59.307,-38.692,195.23,cleaning
-1.339,0.954,0.44,-59.307,-38.692,195.23,cleaning
-1.339,0.954,0.44,-62.142,-134.155,221.935,cleaning
-1.34,0.272,0.601,-62.142,-134.155,221.935,cleaning
-1.34,0.272,0.601,-54.092,-271.74,214.83,cleaning
-1.352,-0.929,0.607,-54.092,-271.74,214.83,cleaning
-1.352,-0.929,0.607,-18.41,-239.19,205.852,cleaning
-1.416,-1.725,0.92,-18.41,-239.19,205.852,cleaning
-1.369,-1.829,1.22,-18.41,-239.19,205.852,cleaning
-1.369,-1.829,1.22,30.747,-71.522,188.755,cleaning
-0.96,-1.46,1.272,30.747,-71.522,188.755,cleaning
-0.96,-1.46,1.272,65.87,86.187,159.827,cleaning
-0.522,-1.111,1.134,65.87,86.187,159.827,cleaning
-0.522,-1.111,1.134,70.315,125.895,110.967,cleaning
-0.132,-0.998,1.048,70.315,125.895,110.967,cleaning
-0.132,-0.998,1.048,52.167,78.295,48.265,cleaning
0.053,-0.953,1.147,52.167,78.295,48.265,cleaning
0.053,-0.953,1.147,34.335,34.737,-8.662,cleaning
0.216,-0.853,1.328,34.335,34.737,-8.662,cleaning
0.216,-0.853,1.328,27.527,19.145,-49.262,cleaning
0.428,-0.723,1.34,27.527,19.145,-49.262,cleaning
0.428,-0.723,1.34,21.262,-17.832,-89.285,cleaning
0.677,-0.857,1.215,21.262,-17.832,-89.285,cleaning
0.677,-0.857,1.215,10.5,-44.747,-130.637,cleaning
0.957,-0.798,1.184,10.5,-44.747,-130.637,cleaning
1.086,-0.464,1.341,7.28,-31.237,-163.712,cleaning
0.998,-0.163,1.346,7.28,-31.237,-163.712,cleaning
0.998,-0.163,1.346,19.145,-23.537,-192.57,cleaning
0.828,0.14,1.157,19.145,-23.537,-192.57,cleaning
0.828,0.14,1.157,40.46,5.425,-199.657,cleaning
0.746,0.522,0.844,40.46,5.425,-199.657,cleaning
0.746,0.522,0.844,53.987,41.492,-182.945,cleaning
0.595,0.916,0.599,53.987,41.492,-182.945,cleaning
0.595,0.916,0.599,44.327,47.547,-162.225,cleaning
0.382,1.348,0.373,44.327,47.547,-162.225,cleaning
0.382,1.348,0.373,14.525,39.427,-145.512,cleaning
-0.056,1.8,0.476,14.525,39.427,-145.512,cleaning
-0.056,1.8,0.476,-26.495,-11.13,-128.852,cleaning
-0.542,1.978,0.811,-26.495,-11.13,-128.852,cleaning
-0.542,1.978,0.811,-52.08,-49.472,-77.105,cleaning
-0.922,1.945,1.065,-52.08,-49.472,-77.105,cleaning
-0.922,1.945,1.065,-52.92,-65.835,3.325,cleaning
-1.134,1.553,1.002,-52.92,-65.835,3.325,cleaning
-1.073,0.778,0.696,-45.237,-96.582,60.182,cleaning
-1.013,0.315,0.418,-45.237,-96.582,60.182,cleaning
-1.013,0.315,0.418,-32.042,-60.742,105.717,cleaning
-0.936,0.419,0.386,-32.042,-60.742,105.717,cleaning
-0.936,0.419,0.386,-18.025,18.585,147.857,cleaning
-0.868,0.434,0.446,-18.025,18.585,147.857,cleaning
-0.868,0.434,0.446,-12.372,8.872,163.38,cleaning
-0.788,0.215,0.5,-12.372,8.872,163.38,cleaning
-0.788,0.215,0.5,-9.415,-33.547,165.515,cleaning
-0.735,-0.089,0.653,-9.415,-33.547,165.515,cleaning
-0.735,-0.089,0.653,-2.135,-55.23,162.015,cleaning
-0.729,-0.393,0.865,-2.135,-55.23,162.015,cleaning
-0.729,-0.393,0.865,10.85,-35.402,157.465,cleaning
-0.716,-0.578,1.123,10.85,-35.402,157.465,cleaning
-0.716,-0.578,1.123,26.162,13.37,148.645,cleaning
-0.628,-0.657,1.303,26.162,13.37,148.645,cleaning
-0.628,-0.657,1.303,39.445,49.84,125.667,cleaning
-0.418,-0.746,1.31,39.445,49.84,125.667,cleaning
-0.166,-0.852,1.231,39.445,49.84,125.667,cleaning
-0.166,-0.852,1.231,42.21,61.88,87.272,cleaning
-0.01,-0.925,1.271,42.21,61.88,87.272,cleaning
-0.01,-0.925,1.271,37.555,62.23,39.9,cleaning
0.027,-0.917,1.371,37.555,62.23,39.9,cleaning
0.027,-0.917,1.371,43.277,80.955,-8.452,cleaning
0.051,-0.686,1.363,43.277,80.955,-8.452,cleaning
0.051,-0.686,1.363,64.75,123.637,-51.222,cleaning
0.129,-0.336,1.235,64.75,123.637,-51.222,cleaning
0.129,-0.336,1.235,85.96,141.085,-87.22,cleaning
0.334,-0.075,1.032,85.96,141.085,-87.22,cleaning
0.334,-0.075,1.032,93.31,106.365,-121.922,cleaning
0.642,0.088,0.825,93.31,106.365,-121.922,cleaning
0.642,0.088,0.825,87.202,55.86,-151.48,cleaning
0.889,0.192,0.644,87.202,55.86,-151.48,cleaning
0.889,0.192,0.644,75.005,15.89,-172.392,cleaning
1.004,0.331,0.504,75.005,15.89,-172.392,cleaning
1.004,0.331,0.504,59.78,4.935,-172.725,cleaning
0.998,0.647,0.526,59.78,4.935,-172.725,cleaning
0.894,1.045,0.698,59.78,4.935,-172.725,cleaning
0.894,1.045,0.698,45.255,0.262,-145.897,cleaning
0.854,1.359,0.808,45.255,0.262,-145.897,cleaning
0.854,1.359,0.808,39.445,-7.525,-102.865,cleaning
0.713,1.525,0.827,39.445,-7.525,-102.865,cleaning
0.713,1.525,0.827,36.05,-14.28,-59.045,cleaning
0.494,1.442,0.718,36.05,-14.28,-59.045,cleaning
0.494,1.442,0.718,29.732,-18.882,-16.52,cleaning
0.218,1.317,0.566,29.732,-18.882,-16.52,cleaning
0.218,1.317,0.566,15.417,-15.33,18.76,cleaning
-0.055,1.162,0.467,15.417,-15.33,18.76,cleaning
-0.055,1.162,0.467,-5.46,-22.067,39.742,cleaning
-0.224,0.937,0.429,-5.46,-22.067,39.742,cleaning
-0.224,0.937,0.429,-25.112,-20.825,55.737,cleaning
-0.407,0.788,0.545,-25.112,-20.825,55.737,cleaning
-0.407,0.788,0.545,-32.76,-0.42,69.79,cleaning
-0.584,0.73,0.75,-32.76,-0.42,69.79,cleaning
-0.584,0.73,0.75,-30.152,12.565,77.367,cleaning
-0.724,0.718,0.883,-30.152,12.565,77.367,cleaning
-0.839,0.55,0.906,-30.152,12.565,77.367,cleaning
-0.839,0.55,0.906,-26.74,9.642,85.505,cleaning
-0.907,0.359,0.878,-26.74,9.642,85.505,cleaning
-0.907,0.359,0.878,-25.637,5.022,97.282,cleaning
-0.883,0.152,0.889,-25.637,5.022,97.282,cleaning
-0.883,0.152,0.889,-24.867,11.987,108.43,cleaning
-0.861,0.007,1.014,-24.867,11.987,108.43,cleaning
-0.861,0.007,1.014,-19.775,29.627,109.69,cleaning
-0.766,-0.051,1.155,-19.775,29.627,109.69,cleaning
-0.766,-0.051,1.155,-7.647,47.617,100.1,cleaning
-0.604,-0.102,1.246,-7.647,47.617,100.1,cleaning
-0.604,-0.102,1.246,8.12,66.902,81.042,cleaning
-0.401,-0.121,1.293,8.12,66.902,81.042,cleaning
-0.401,-0.121,1.293,23.1,80.587,56.35,cleaning
-0.14,-0.143,1.285,23.1,80.587,56.35,cleaning
-0.14,-0.143,1.285,32.41,66.01,24.08,cleaning
0.139,-0.269,1.198,32.41,66.01,24.08,cleaning
0.435,-0.443,1.103,33.057,26.337,-16.625,cleaning
0.739,-0.459,1.061,33.057,26.337,-16.625,cleaning
0.739,-0.459,1.061,27.86,4.69,-51.415,cleaning
1.29,-0.174,1.162,27.86,4.69,-51.415,cleaning
1.29,-0.174,1.162,22.715,14.665,-73.465,cleaning
1.772,0.249,1.359,22.715,14.665,-73.465,cleaning
1.772,0.249,1.359,28.612,12.88,-93.87,cleaning
1.665,0.64,1.254,28.612,12.88,-93.87,cleaning
1.665,0.64,1.254,44.66,-27.212,-100.957,cleaning
1.459,0.77,0.907,44.66,-27.212,-100.957,cleaning
1.459,0.77,0.907,50.907,-76.615,-87.36,cleaning
1.252,0.903,0.494,50.907,-76.615,-87.36,cleaning
1.252,0.903,0.494,37.222,-125.527,-68.425,cleaning
0.951,0.956,0.217,37.222,-125.527,-68.425,cleaning
0.951,0.956,0.217,12.337,-170.415,-63,cleaning
0.579,0.881,0.174,12.337,-170.415,-63,cleaning
0.579,0.881,0.174,-7.787,-157.692,-64.82,cleaning
0.112,0.791,0.307,-7.787,-157.692,-64.82,cleaning
-0.326,1.012,0.512,-10.745,-59.64,-50.487,cleaning
-0.65,1.448,0.695,-10.745,-59.64,-50.487,cleaning
-0.65,1.448,0.695,-3.675,46.357,-12.705,cleaning
-0.81,1.657,0.721,-3.675,46.357,-12.705,cleaning
-0.81,1.657,0.721,-5.88,57.067,26.74,cleaning
-0.945,1.558,0.585,-5.88,57.067,26.74,cleaning
-0.945,1.558,0.585,-22.907,13.842,71.82,cleaning
-1.053,1.143,0.498,-22.907,13.842,71.82,cleaning
-1.053,1.143,0.498,-46.235,-27.912,119.525,cleaning
-1.043,0.582,0.497,-46.235,-27.912,119.525,cleaning
-1.043,0.582,0.497,-64.505,-28.35,158.55,cleaning
-0.965,0.178,0.652,-64.505,-28.35,158.55,cleaning
-0.965,0.178,0.652,-72.87,10.972,179.725,cleaning
-0.892,0.044,0.98,-72.87,10.972,179.725,cleaning
-0.892,0.044,0.98,-66.115,56.052,178.517,cleaning
-0.822,-0.045,1.32,-66.115,56.052,178.517,cleaning
-0.822,-0.045,1.32,-40.53,98.962,159.635,cleaning
-0.695,-0.092,1.493,-40.53,98.962,159.635,cleaning
-0.471,-0.119,1.401,-40.53,98.962,159.635,cleaning
-0.471,-0.119,1.401,-9.38,129.937,132.615,cleaning
-0.205,-0.157,1.287,-9.38,129.937,132.615,cleaning
-0.205,-0.157,1.287,12.11,132.422,95.585,cleaning
0.009,-0.262,1.289,12.11,132.422,95.585,cleaning
0.009,-0.262,1.289,25.935,99.4,44.712,cleaning
0.178,-0.339,1.337,25.935,99.4,44.712,cleaning
0.178,-0.339,1.337,41.825,56.717,-9.415,cleaning
0.356,-0.366,1.338,41.825,56.717,-9.415,cleaning
0.356,-0.366,1.338,66.342,40.267,-55.177,cleaning
0.587,-0.228,1.197,66.342,40.267,-55.177,cleaning
0.587,-0.228,1.197,89.232,44.275,-88.882,cleaning
0.921,0.075,1.015,89.232,44.275,-88.882,cleaning
0.921,0.075,1.015,100.782,44.17,-105.49,cleaning
1.23,0.388,0.868,100.782,44.17,-105.49,cleaning
1.23,0.388,0.868,98.735,5.6,-109.06,cleaning
1.309,0.576,0.732,98.735,5.6,-109.06,cleaning
1.309,0.576,0.732,85.47,-59.482,-100.712,cleaning
1.234,0.569,0.594,85.47,-59.482,-100.712,cleaning
1.095,0.431,0.499,85.47,-59.482,-100.712,cleaning
1.095,0.431,0.499,66.517,-101.395,-85.977,cleaning
0.955,0.424,0.496,66.517,-101.395,-85.977,cleaning
0.955,0.424,0.496,51.1,-83.632,-68.6,cleaning
0.832,0.518,0.528,51.1,-83.632,-68.6,cleaning
0.832,0.518,0.528,40.617,-40.162,-50.645,cleaning
0.687,0.709,0.584,40.617,-40.162,-50.645,cleaning
0.687,0.709,0.584,30.362,-9.73,-34.755,cleaning
0.496,0.88,0.624,30.362,-9.73,-34.755,cleaning
0.496,0.88,0.624,16.345,2.852,-20.212,cleaning
0.273,0.979,0.68,16.345,2.852,-20.212,cleaning
0.273,0.979,0.68,-1.365,-4.515,-14.91,cleaning
0.004,1.085,0.755,-1.365,-4.515,-14.91,cleaning
0.004,1.085,0.755,-20.737,-29.61,-13.387,cleaning
-0.288,1.23,0.844,-20.737,-29.61,-13.387,cleaning
-0.288,1.23,0.844,-38.675,-58.712,-2.695,cleaning
-0.593,1.305,0.831,-38.675,-58.712,-2.695,cleaning
-0.593,1.305,0.831,-60.147,-72.677,29.557,cleaning
-0.897,1.297,0.745,-60.147,-72.677,29.557,cleaning
-1.031,1.114,0.708,-60.147,-72.677,29.557,cleaning
-1.031,1.114,0.708,-88.147,-79.852,86.712,cleaning
-1.041,0.713,0.651,-88.147,-79.852,86.712,cleaning
-1.041,0.713,0.651,-116.375,-99.802,143.465,cleaning
-0.945,0.293,0.551,-116.375,-99.802,143.465,cleaning
-0.945,0.293,0.551,-136.955,-98.857,182,cleaning
-0.776,-0.055,0.684,-136.955,-98.857,182,cleaning
-0.776,-0.055,0.684,-149.257,-76.597,188.16,cleaning
-0.639,-0.232,0.99,-149.257,-76.597,188.16,cleaning
-0.639,-0.232,0.99,-138.145,-36.907,166.652,cleaning
-0.52,-0.403,1.336,-138.145,-36.907,166.652,cleaning
-0.52,-0.403,1.336,-98.77,7.647,124.477,cleaning
-0.312,-0.506,1.547,-98.77,7.647,124.477,cleaning
-0.312,-0.506,1.547,-47.32,13.72,63.052,cleaning
-0.039,-0.588,1.487,-47.32,13.72,63.052,cleaning
-0.039,-0.588,1.487,-1.33,2.257,-1.82,cleaning
0.26,-0.64,1.24,-1.33,2.257,-1.82,cleaning
0.26,-0.64,1.24,31.71,14.122,-57.907,cleaning
0.591,-0.524,1.042,31.71,14.122,-57.907,cleaning
0.904,-0.223,0.922,31.71,14.122,-57.907,cleaning
0.904,-0.223,0.922,55.545,36.767,-99.995,cleaning
0.968,0.163,0.837,55.545,36.767,-99.995,cleaning
0.968,0.163,0.837,70.875,36.365,-125.597,cleaning
0.81,0.472,0.789,70.875,36.365,-125.597,cleaning
0.81,0.472,0.789,77.052,2.345,-134.4,cleaning
0.675,0.599,0.677,77.052,2.345,-134.4,cleaning
0.675,0.599,0.677,75.617,-33.495,-129.64,cleaning
0.535,0.679,0.587,75.617,-33.495,-129.64,cleaning
0.535,0.679,0.587,68.32,-32.427,-112.56,cleaning
0.393,0.807,0.535,68.32,-32.427,-112.56,cleaning
0.393,0.807,0.535,58.835,-0.175,-84.997,cleaning
0.244,0.962,0.55,58.835,-0.175,-84.997,cleaning
0.244,0.962,0.55,44.922,25.602,-55.16,cleaning
0.055,1.123,0.673,44.922,25.602,-55.16,cleaning
0.055,1.123,0.673,31.097,26.075,-25.532,cleaning
-0.135,1.213,0.827,31.097,26.075,-25.532,cleaning
-0.231,1.167,0.858,23.45,6.597,2.205,cleaning
-0.238,0.948,0.803,23.45,6.597,2.205,cleaning
-0.238,0.948,0.803,16.642,-20.037,25.2,cleaning
-0.24,0.663,0.727,16.642,-20.037,25.2,cleaning
-0.24,0.663,0.727,5.547,-31.955,41.317,cleaning
-0.28,0.455,0.696,5.547,-31.955,41.317,cleaning
-0.28,0.455,0.696,-8.207,-14.63,56.857,cleaning
-0.295,0.324,0.742,-8.207,-14.63,56.857,cleaning
-0.295,0.324,0.742,-18.865,23.607,74.655,cleaning
-0.254,0.307,0.824,-18.865,23.607,74.655,cleaning
-0.254,0.307,0.824,-27.37,51.87,85.96,cleaning
-0.184,0.311,0.972,-27.37,51.87,85.96,cleaning
-0.184,0.311,0.972,-30.205,53.06,84.455,cleaning
-0.092,0.25,1.102,-30.205,53.06,84.455,cleaning
-0.092,0.25,1.102,-24.377,35.157,69.23,cleaning
0.04,0.173,1.163,-24.377,35.157,69.23,cleaning
0.04,0.173,1.163,-11.9,20.895,46.112,cleaning
0.17,0.122,1.183,-11.9,20.895,46.112,cleaning
0.297,0.081,1.161,5.775,24.08,23.117,cleaning
0.362,0.105,1.07,5.775,24.08,23.117,cleaning
0.362,0.105,1.07,24.08,36.102,0.98,cleaning
0.348,0.156,0.952,24.08,36.102,0.98,cleaning
0.348,0.156,0.952,37.59,45.097,-16.73,cleaning
0.305,0.225,0.851,37.59,45.097,-16.73,cleaning
0.305,0.225,0.851,43.925,46.725,-28.087,cleaning
0.231,0.301,0.804,43.925,46.725,-28.087,cleaning
0.231,0.301,0.804,43.925,48.317,-32.375,cleaning
0.167,0.446,0.783,43.925,48.317,-32.375,cleaning
0.167,0.446,0.783,40.11,60.007,-28.175,cleaning
0.159,0.616,0.824,40.11,60.007,-28.175,cleaning
0.159,0.616,0.824,32.812,56.717,-20.842,cleaning
0.16,0.704,0.852,32.812,56.717,-20.842,cleaning
0.16,0.704,0.852,23.065,31.902,-12.547,cleaning
0.189,0.716,0.828,23.065,31.902,-12.547,cleaning
0.189,0.716,0.828,9.555,-5.6,-4.252,cleaning
0.226,0.606,0.782,9.555,-5.6,-4.252,cleaning
0.21,0.466,0.775,9.555,-5.6,-4.252,cleaning
0.21,0.466,0.775,-4.112,-28.542,2.502,cleaning
0.203,0.418,0.801,-4.112,-28.542,2.502,cleaning
0.203,0.418,0.801,-12.687,-29.977,7.56,cleaning
0.174,0.413,0.863,-12.687,-29.977,7.56,cleaning
0.174,0.413,0.863,-14.927,-24.08,7.7,cleaning
0.167,0.464,0.893,-14.927,-24.08,7.7,cleaning
0.167,0.464,0.893,-10.937,-15.155,5.775,cleaning
0.177,0.517,0.892,-10.937,-15.155,5.775,cleaning
0.177,0.517,0.892,-4.76,-7.402,3.797,cleaning
0.178,0.533,0.843,-4.76,-7.402,3.797,cleaning
0.178,0.533,0.843,0.087,-5.635,1.12,cleaning
0.182,0.546,0.782,0.087,-5.635,1.12,cleaning
0.182,0.546,0.782,1.715,-4.655,-0.122,cleaning
0.183,0.548,0.746,1.715,-4.655,-0.122,cleaning
0.183,0.548,0.746,0.245,-5.11,-1.137,cleaning
0.18,0.538,0.729,0.245,-5.11,-1.137,cleaning
0.18,0.538,0.729,-2.362,-5.267,-0.84,cleaning
0.171,0.546,0.769,-2.362,-5.267,-0.84,cleaning
0.171,0.545,0.803,-2.362,-5.267,-0.84,cleaning
0.171,0.545,0.803,-3.955,-7.437,-0.122,cleaning
0.203,0.524,0.804,-3.955,-7.437,-0.122,cleaning
0.203,0.524,0.804,-6.16,-12.81,0.315,cleaning
0.226,0.52,0.848,-6.16,-12.81,0.315,cleaning
0.226,0.52,0.848,-10.535,-16.922,2.537,cleaning
0.244,0.484,0.945,-10.535,-16.922,2.537,cleaning
0.244,0.484,0.945,-13.58,-21.682,6.247,cleaning
0.281,0.418,1.013,-13.58,-21.682,6.247,cleaning
0.281,0.418,1.013,-14.42,-27.895,8.89,cleaning
0.34,0.324,1.026,-14.42,-27.895,8.89,cleaning
0.34,0.324,1.026,-16.1,-29.54,10.272,cleaning
0.407,0.243,1.011,-16.1,-29.54,10.272,cleaning
0.407,0.243,1.011,-20.58,-31.43,9.59,cleaning
0.427,0.214,0.98,-20.58,-31.43,9.59,cleaning
0.427,0.214,0.98,-26.18,-37.852,5.88,cleaning
0.396,0.229,0.963,-26.18,-37.852,5.88,cleaning
0.396,0.229,0.963,-28.787,-40.792,0.105,cleaning
0.331,0.273,0.968,-28.787,-40.792,0.105,cleaning
0.263,0.324,0.964,-28.787,-40.792,0.105,cleaning
0.263,0.324,0.964,-26.057,-42.752,-7.98,cleaning
0.217,0.345,0.927,-26.057,-42.752,-7.98,cleaning
0.217,0.345,0.927,-18.655,-45.045,-17.185,cleaning
0.195,0.361,0.845,-18.655,-45.045,-17.185,cleaning
0.195,0.361,0.845,-8.207,-36.89,-24.71,cleaning
0.187,0.389,0.732,-8.207,-36.89,-24.71,cleaning
0.187,0.389,0.732,0.962,-23.187,-31.955,cleaning
0.168,0.458,0.599,0.962,-23.187,-31.955,cleaning
0.168,0.458,0.599,2.24,-13.72,-39.637,cleaning
0.117,0.577,0.523,2.24,-13.72,-39.637,cleaning
0.117,0.577,0.523,-5.32,-15.365,-45.587,cleaning
0.041,0.618,0.526,-5.32,-15.365,-45.587,cleaning
0.041,0.618,0.526,-12.792,-19.705,-47.512,cleaning
-0.048,0.613,0.592,-12.792,-19.705,-47.512,cleaning
-0.048,0.613,0.592,-12.967,0.175,-41.125,cleaning
-0.15,0.7,0.706,-12.967,0.175,-41.125,cleaning
-0.21,0.965,0.794,-7.525,39.76,-23.607,cleaning
-0.274,1.175,0.839,-7.525,39.76,-23.607,cleaning
-0.274,1.175,0.839,-9.45,41.387,-0.087,cleaning
-0.35,1.202,0.809,-9.45,41.387,-0.087,cleaning
-0.35,1.202,0.809,-22.855,-18.795,16.765,cleaning
-0.409,0.943,0.761,-22.855,-18.795,16.765,cleaning
-0.409,0.943,0.761,-41.615,-89.372,36.522,cleaning
-0.44,0.593,0.702,-41.615,-89.372,36.522,cleaning
-0.44,0.593,0.702,-59.255,-99.855,69.755,cleaning
-0.448,0.399,0.741,-59.255,-99.855,69.755,cleaning
-0.448,0.399,0.741,-75.092,-57.697,106.54,cleaning
-0.441,0.315,0.875,-75.092,-57.697,106.54,cleaning
-0.441,0.315,0.875,-87.92,-38.202,126.052,cleaning
-0.409,0.172,0.972,-87.92,-38.202,126.052,cleaning
-0.409,0.172,0.972,-94.902,-50.802,125.405,cleaning
-0.35,-0.109,1.008,-94.902,-50.802,125.405,cleaning
-0.35,-0.109,1.008,-94.797,-61.652,107.555,cleaning
-0.218,-0.42,1.028,-94.797,-61.652,107.555,cleaning
-0.043,-0.673,1.029,-88.865,-62.492,71.715,cleaning
0.063,-0.782,1.177,-88.865,-62.492,71.715,cleaning
0.063,-0.782,1.177,-80.325,-59.885,20.615,cleaning
0.086,-0.67,1.409,-80.325,-59.885,20.615,cleaning
0.086,-0.67,1.409,-60.445,-37.292,-28.752,cleaning
0.056,-0.374,1.578,-60.445,-37.292,-28.752,cleaning
0.056,-0.374,1.578,-23.24,23.17,-59.185,cleaning
0.177,-0.038,1.57,-23.24,23.17,-59.185,cleaning
0.177,-0.038,1.57,18.427,63.7,-83.457,cleaning
0.367,0.124,1.349,18.427,63.7,-83.457,cleaning
0.367,0.124,1.349,47.915,65.502,-106.015,cleaning
0.46,0.269,1.082,47.915,65.502,-106.015,cleaning
0.46,0.269,1.082,63.857,64.522,-115.482,cleaning
0.44,0.498,0.857,63.857,64.522,-115.482,cleaning
0.44,0.498,0.857,67.97,50.19,-112.735,cleaning
0.388,0.657,0.659,67.97,50.19,-112.735,cleaning
0.388,0.657,0.659,59.465,16.747,-106.697,cleaning
0.348,0.73,0.498,59.465,16.747,-106.697,cleaning
0.246,0.769,0.416,59.465,16.747,-106.697,cleaning
0.246,0.769,0.416,39.9,-17.482,-100.17,cleaning
0.133,0.844,0.423,39.9,-17.482,-100.17,cleaning
0.133,0.844,0.423,16.817,-33.705,-89.145,cleaning
-0.008,0.959,0.552,16.817,-33.705,-89.145,cleaning
-0.008,0.959,0.552,-1.575,-37.24,-70.822,cleaning
-0.193,1.053,0.744,-1.575,-37.24,-70.822,cleaning
-0.193,1.053,0.744,-9.31,-41.457,-47.985,cleaning
-0.345,1.101,0.867,-9.31,-41.457,-47.985,cleaning
-0.345,1.101,0.867,-7.945,-51.432,-26.302,cleaning
-0.439,1.005,0.852,-7.945,-51.432,-26.302,cleaning
-0.439,1.005,0.852,-7.245,-63.315,-5.6,cleaning
-0.523,0.752,0.795,-7.245,-63.315,-5.6,cleaning
-0.523,0.752,0.795,-10.92,-49.892,23.135,cleaning
-0.585,0.621,0.676,-10.92,-49.892,23.135,cleaning
-0.585,0.621,0.676,-21.84,-13.125,67.34,cleaning
-0.608,0.63,0.635,-21.84,-13.125,67.34,cleaning
-0.608,0.63,0.635,-42.91,-0.752,111.527,cleaning
-0.632,0.629,0.703,-42.91,-0.752,111.527,cleaning
-0.721,0.504,0.832,-42.91,-0.752,111.527,cleaning
-0.721,0.504,0.832,-66.955,-28.455,140.7,cleaning
-0.762,0.283,0.892,-66.955,-28.455,140.7,cleaning
-0.762,0.283,0.892,-79.765,-58.152,156.24,cleaning
-0.659,0.055,0.877,-79.765,-58.152,156.24,cleaning
-0.659,0.055,0.877,-85.172,-70.542,156.765,cleaning
-0.467,-0.246,0.88,-85.172,-70.542,156.765,cleaning
-0.467,-0.246,0.88,-95.025,-63.98,147.84,cleaning
-0.21,-0.518,1.052,-95.025,-63.98,147.84,cleaning
-0.21,-0.518,1.052,-107.432,-57.942,125.86,cleaning
-0.022,-0.732,1.378,-107.432,-57.942,125.86,cleaning
-0.022,-0.732,1.378,-104.772,-86.205,73.307,cleaning
0.205,-1.01,1.583,-104.772,-86.205,73.307,cleaning
0.205,-1.01,1.583,-84.105,-130.83,-7.577,cleaning
0.375,-1.201,1.689,-84.105,-130.83,-7.577,cleaning
0.375,-1.201,1.689,-48.107,-59.132,-58.835,cleaning
0.398,-0.858,1.485,-48.107,-59.132,-58.835,cleaning
0.398,-0.858,1.485,-3.062,81.007,-78.925,cleaning
0.541,-0.311,1.597,-3.062,81.007,-78.925,cleaning
0.488,-0.07,1.331,-3.062,81.007,-78.925,cleaning
0.488,-0.07,1.331,37.292,83.86,-112.892,cleaning
0.466,0,0.953,37.292,83.86,-112.892,cleaning
0.466,0,0.953,65.205,66.78,-132.72,cleaning
0.427,0.12,0.609,65.205,66.78,-132.72,cleaning
0.427,0.12,0.609,75.95,59.482,-146.545,cleaning
0.332,0.268,0.38,75.95,59.482,-146.545,cleaning
0.332,0.268,0.38,69.16,44.187,-163.957,cleaning
0.161,0.451,0.344,69.16,44.187,-163.957,cleaning
0.161,0.451,0.344,55.755,28.052,-177.765,cleaning
-0.061,0.653,0.454,55.755,28.052,-177.765,cleaning
-0.061,0.653,0.454,44.117,11.06,-185.342,cleaning
-0.378,0.708,0.66,44.117,11.06,-185.342,cleaning
-0.378,0.708,0.66,39.217,-2.047,-188.16,cleaning
-0.678,0.646,0.803,39.217,-2.047,-188.16,cleaning
-0.678,0.646,0.803,42.192,32.445,-176.137,cleaning
-0.838,0.595,0.9,42.192,32.445,-176.137,cleaning
-0.838,0.595,0.9,53.235,125.965,-131.845,cleaning
-0.77,0.786,0.904,53.235,125.965,-131.845,cleaning
-0.781,1.071,1.046,53.235,125.965,-131.845,cleaning
-0.781,1.071,1.046,49.385,171.377,-72.275,cleaning
-0.833,1.198,0.927,49.385,171.377,-72.275,cleaning
-0.833,1.198,0.927,22.295,107.275,-22.627,cleaning
-0.995,1.212,0.8,22.295,107.275,-22.627,cleaning
-0.995,1.212,0.8,-21.455,16.66,30.817,cleaning
-1.186,0.988,0.718,-21.455,16.66,30.817,cleaning
-1.186,0.988,0.718,-53.987,-49.91,89.512,cleaning
-1.296,0.78,0.561,-53.987,-49.91,89.512,cleaning
-1.296,0.78,0.561,-65.17,-72.135,149.94,cleaning
-1.279,0.598,0.409,-65.17,-72.135,149.94,cleaning
-1.279,0.598,0.409,-70.472,-79.712,196.945,cleaning
-1.205,0.436,0.273,-70.472,-79.712,196.945,cleaning
-1.205,0.436,0.273,-78.487,-84.997,227.097,cleaning
-1.167,0.353,0.299,-78.487,-84.997,227.097,cleaning
-1.167,0.353,0.299,-81.147,-105.35,242.445,cleaning
-1.17,0.258,0.396,-81.147,-105.35,242.445,cleaning
-1.096,-0.16,0.36,-72.922,-124.355,249.97,cleaning
-0.82,-0.656,0.256,-72.922,-124.355,249.97,cleaning
-0.82,-0.656,0.256,-68.302,-109.655,241.885,cleaning
-0.604,-0.702,0.414,-68.302,-109.655,241.885,cleaning
-0.604,-0.702,0.414,-80.412,-70.42,217.402,cleaning
-0.594,-0.606,0.742,-80.412,-70.42,217.402,cleaning
-0.594,-0.606,0.742,-94.255,-28.682,195.177,cleaning
-0.47,-0.76,1.205,-94.255,-28.682,195.177,cleaning
-0.47,-0.76,1.205,-99.767,-4.532,161.875,cleaning
-0.276,-1.114,1.758,-99.767,-4.532,161.875,cleaning
-0.276,-1.114,1.758,-90.842,-24.832,106.365,cleaning
-0.075,-1.429,2.231,-90.842,-24.832,106.365,cleaning
-0.075,-1.429,2.231,-65.642,-74.812,36.032,cleaning
0.081,-1.581,2.261,-65.642,-74.812,36.032,cleaning
0.081,-1.581,2.261,-39.287,-77.087,-24.692,cleaning
0.111,-1.593,2.048,-39.287,-77.087,-24.692,cleaning
0.111,-1.593,2.048,-7.805,70.595,-42.77,cleaning
0.041,-0.956,1.649,-7.805,70.595,-42.77,cleaning
0.319,-0.28,1.522,-7.805,70.595,-42.77,cleaning
0.319,-0.28,1.522,20.982,209.982,-45.692,cleaning
0.459,0.051,1.264,20.982,209.982,-45.692,cleaning
0.459,0.051,1.264,39.217,208.267,-65.065,cleaning
0.344,0.107,1.199,39.217,208.267,-65.065,cleaning
0.344,0.107,1.199,53.34,140.087,-88.935,cleaning
0.23,0.212,1.035,53.34,140.087,-88.935,cleaning
0.23,0.212,1.035,66.027,27.912,-121.415,cleaning
0.021,0.296,0.823,66.027,27.912,-121.415,cleaning
0.021,0.296,0.823,78.907,-72.66,-154.122,cleaning
-0.239,0.295,0.51,78.907,-72.66,-154.122,cleaning
-0.239,0.295,0.51,91.875,-104.037,-188.545,cleaning
-0.582,0.374,0.274,91.875,-104.037,-188.545,cleaning
-0.582,0.374,0.274,95.69,-73.237,-215.11,cleaning
-1.011,0.613,0.157,95.69,-73.237,-215.11,cleaning
-1.011,0.613,0.157,87.412,-35.77,-220.15,cleaning
-1.517,0.736,0.177,87.412,-35.77,-220.15,cleaning
-1.517,0.736,0.177,72.59,-3.815,-202.597,cleaning
-1.889,1.05,0.128,72.59,-3.815,-202.597,cleaning
-2.05,1.423,0.048,72.59,-3.815,-202.597,cleaning
-2.05,1.423,0.048,47.32,67.97,-127.61,cleaning
-1.843,1.671,0.429,47.32,67.97,-127.61,cleaning
-1.843,1.671,0.429,1.487,80.255,-16.59,cleaning
-1.495,0.976,0.864,1.487,80.255,-16.59,cleaning
-1.495,0.976,0.864,-47.775,-84.017,54.057,cleaning
-1.82,0.701,0.677,-47.775,-84.017,54.057,cleaning
-1.82,0.701,0.677,-56.665,-77.875,143.412,cleaning
-1.693,0.473,0.51,-56.665,-77.875,143.412,cleaning
-1.693,0.473,0.51,-50.662,14.262,209.352,cleaning
-1.265,0.412,0.274,-50.662,14.262,209.352,cleaning
-1.265,0.412,0.274,-58.502,78.645,231.647,cleaning
-0.975,0.537,0.304,-58.502,78.645,231.647,cleaning
-0.975,0.537,0.304,-78.767,71.522,225.872,cleaning
-0.727,0.468,0.484,-78.767,71.522,225.872,cleaning
-0.727,0.468,0.484,-96.285,3.955,190.505,cleaning
-0.33,0.143,0.751,-96.285,3.955,190.505,cleaning
-0.33,0.143,0.751,-102.095,-50.277,153.387,cleaning
0.187,-0.245,1.198,-102.095,-50.277,153.387,cleaning
0.769,-0.752,1.748,-102.095,-50.277,153.387,cleaning
0.769,-0.752,1.748,-94.885,-80.395,128.677,cleaning
1.294,-1.305,2.087,-94.885,-80.395,128.677,cleaning
1.294,-1.305,2.087,-68.232,-114.31,96.285,cleaning
1.356,-1.76,2.158,-68.232,-114.31,96.285,cleaning
1.356,-1.76,2.158,-33.075,-127.715,56.385,cleaning
0.919,-2.133,2.239,-33.075,-127.715,56.385,cleaning
0.919,-2.133,2.239,4.182,-114.1,10.762,cleaning
0.833,-1.71,1.806,4.182,-114.1,10.762,cleaning
0.833,-1.71,1.806,46.095,0.91,-5.6,cleaning
0.806,-1.083,1.795,46.095,0.91,-5.6,cleaning
0.806,-1.083,1.795,83.685,56.087,-35.682,cleaning
0.507,-0.883,1.604,83.685,56.087,-35.682,cleaning
0.507,-0.883,1.604,118.772,20.72,-94.43,cleaning
0.194,-0.624,1.291,118.772,20.72,-94.43,cleaning
0.194,-0.624,1.291,143.587,27.79,-146.737,cleaning
-0.229,-0.286,0.967,143.587,27.79,-146.737,cleaning
-0.229,-0.286,0.967,144.567,60.76,-197.312,cleaning
-0.913,0.174,0.626,144.567,60.76,-197.312,cleaning
-2.035,1.331,0.446,144.567,60.76,-197.312,cleaning
-2.035,1.331,0.446,126.332,67.042,-232.102,cleaning
-3.109,2.301,0.129,126.332,67.042,-232.102,cleaning
-3.109,2.301,0.129,97.65,-5.67,-214.445,cleaning
-2.938,2.347,-0.127,97.65,-5.67,-214.445,cleaning
-2.938,2.347,-0.127,47.46,-43.925,-107.012,cleaning
-2.219,1.997,-0.157,47.46,-43.925,-107.012,cleaning
-2.219,1.997,-0.157,-13.86,-15.277,56.315,cleaning
-2.149,0.9,0.662,-13.86,-15.277,56.315,cleaning
-2.149,0.9,0.662,-41.982,-75.985,122.15,cleaning
-1.776,0.33,0.43,-41.982,-75.985,122.15,cleaning
-1.776,0.33,0.43,-28.682,7.052,174.282,cleaning
-1.18,0.438,0.375,-28.682,7.052,174.282,cleaning
-1.18,0.438,0.375,-27.807,78.505,193.322,cleaning
-0.747,0.529,0.469,-27.807,78.505,193.322,cleaning
-0.747,0.529,0.469,-38.972,79.957,195.212,cleaning
-0.328,0.56,0.753,-38.972,79.957,195.212,cleaning
0.199,0.399,0.95,-44.502,41.737,179.935,cleaning
0.839,-0.032,1.019,-44.502,41.737,179.935,cleaning
0.839,-0.032,1.019,-51.887,-25.235,149.362,cleaning
1.361,-0.698,1.388,-51.887,-25.235,149.362,cleaning
1.361,-0.698,1.388,-68.897,-96.6,132.72,cleaning
1.275,-1.457,1.714,-68.897,-96.6,132.72,cleaning
1.275,-1.457,1.714,-74.987,-152.635,117.985,cleaning
0.962,-2.01,1.943,-74.987,-152.635,117.985,cleaning
0.962,-2.01,1.943,-67.462,-164.482,82.74,cleaning
0.572,-2.328,2.169,-67.462,-164.482,82.74,cleaning
0.572,-2.328,2.169,-39.217,-96.775,36.085,cleaning
0.158,-1.629,1.902,-39.217,-96.775,36.085,cleaning
0.158,-1.629,1.902,6.51,69.632,6.3,cleaning
0.557,-0.687,1.581,6.51,69.632,6.3,cleaning
0.557,-0.687,1.581,36.942,93.012,-45.535,cleaning
0.464,-0.183,1.208,36.942,93.012,-45.535,cleaning
0.464,-0.183,1.208,41.982,-16.817,-118.247,cleaning
0.005,-0.129,0.928,41.982,-16.817,-118.247,cleaning
-0.389,-0.02,0.829,41.982,-16.817,-118.247,cleaning
-0.389,-0.02,0.829,33.495,-111.702,-184.73,cleaning
-0.816,0.273,0.736,33.495,-111.702,-184.73,cleaning
-0.816,0.273,0.736,32.182,-120.4,-225.225,cleaning
-1.366,0.802,0.47,32.182,-120.4,-225.225,cleaning
-1.366,0.802,0.47,41.37,-54.775,-243.67,cleaning
-1.945,1.599,0.196,41.37,-54.775,-243.67,cleaning
-1.945,1.599,0.196,42.805,24.657,-210,cleaning
-1.977,2.023,0.284,42.805,24.657,-210,cleaning
-1.977,2.023,0.284,30.31,38.745,-103.302,cleaning
-1.571,1.939,0.107,30.31,38.745,-103.302,cleaning
-1.571,1.939,0.107,18.777,48.475,35.717,cleaning
-1.336,1.413,0.651,18.777,48.475,35.717,cleaning
-1.336,1.413,0.651,12.267,-17.57,115.342,cleaning
-1.152,0.833,0.464,12.267,-17.57,115.342,cleaning
-1.152,0.833,0.464,19.145,-0.717,180.25,cleaning
-0.751,0.814,0.508,19.145,-0.717,180.25,cleaning
-0.751,0.814,0.508,16.905,28.14,212.625,cleaning
-0.455,0.799,0.703,16.905,28.14,212.625,cleaning
-0.102,0.55,0.686,16.905,28.14,212.625,cleaning
-0.102,0.55,0.686,5.477,-5.512,216.3,cleaning
0.505,0.035,0.621,5.477,-5.512,216.3,cleaning
0.505,0.035,0.621,-21.507,-32.34,208.04,cleaning
1.003,-0.903,0.995,-21.507,-32.34,208.04,cleaning
1.003,-0.903,0.995,-77.297,-104.335,185.552,cleaning
1.005,-2.05,1.434,-77.297,-104.335,185.552,cleaning
1.005,-2.05,1.434,-118.37,-204.05,125.825,cleaning
0.604,-3.044,1.865,-118.37,-204.05,125.825,cleaning
0.604,-3.044,1.865,-122.745,-212.992,35.507,cleaning
-0.189,-2.753,2.196,-122.745,-212.992,35.507,cleaning
-0.189,-2.753,2.196,-70.752,27.562,-20.755,cleaning
-0.062,-1.295,2.29,-70.752,27.562,-20.755,cleaning
-0.062,-1.295,2.29,14.42,270.462,-55.545,cleaning
0.188,-0.434,1.781,14.42,270.462,-55.545,cleaning
0.188,-0.434,1.781,68.215,221.602,-125.02,cleaning
0.385,0.285,0.926,68.215,221.602,-125.02,cleaning
0.385,0.285,0.926,45.85,-0.56,-180.355,cleaning
0.295,0.552,0.535,45.85,-0.56,-180.355,cleaning
-0.201,0.47,0.603,45.85,-0.56,-180.355,cleaning
-0.201,0.47,0.603,-14.98,-221.76,-234.08,cleaning
-0.642,0.197,0.712,-14.98,-221.76,-234.08,cleaning
-0.642,0.197,0.712,-47.6,-275.45,-242.55,cleaning
-0.96,-0.239,0.679,-47.6,-275.45,-242.55,cleaning
-0.96,-0.239,0.679,-42.857,-171.167,-217.997,cleaning
-1.315,0.168,0.545,-42.857,-171.167,-217.997,cleaning
-1.315,0.168,0.545,-11.585,-7.665,-177.03,cleaning
-1.595,1.221,0.299,-11.585,-7.665,-177.03,cleaning
-1.595,1.221,0.299,21.63,91.962,-101.535,cleaning
-1.796,1.958,0.276,21.63,91.962,-101.535,cleaning
-1.796,1.958,0.276,43.347,83.912,-17.797,cleaning
-1.587,2.015,0.3,43.347,83.912,-17.797,cleaning
-1.587,2.015,0.3,36.907,-73.692,43.662,cleaning
-1.059,1.001,0.565,36.907,-73.692,43.662,cleaning
-1.059,1.001,0.565,31.115,-141.085,103.897,cleaning
-1.32,0.27,0.784,31.115,-141.085,103.897,cleaning
-1.32,0.27,0.784,52.64,44.572,202.475,cleaning
-0.81,0.148,0.617,52.64,44.572,202.475,cleaning
-0.264,0.514,0.646,52.64,44.572,202.475,cleaning
-0.264,0.514,0.646,42.385,208.145,264.04,cleaning
0.133,0.487,0.658,42.385,208.145,264.04,cleaning
0.133,0.487,0.658,-4.672,150.307,254.292,cleaning
0.835,-1.074,0.738,-4.672,150.307,254.292,cleaning
0.835,-1.074,0.738,-80.955,-99.942,181.562,cleaning
1.429,-3.351,1.063,-80.955,-99.942,181.562,cleaning
1.429,-3.351,1.063,-140.857,-267.19,62.16,cleaning
0.27,-3.997,2.002,-140.857,-267.19,62.16,cleaning
0.27,-3.997,2.002,-121.642,-118.09,-48.405,cleaning
-0.376,-1.998,2.964,-121.642,-118.09,-48.405,cleaning
-0.376,-1.998,2.964,-30.782,127.855,-82.355,cleaning
-0.095,-1.236,2.533,-30.782,127.855,-82.355,cleaning
-0.095,-1.236,2.533,45.867,87.99,-181.65,cleaning
-0.062,-1.042,1.052,45.867,87.99,-181.65,cleaning
-0.062,-1.042,1.052,55.475,35.857,-250.407,cleaning
-0.434,-0.504,0.157,55.475,35.857,-250.407,cleaning
-1.21,0.428,0.042,28.332,29.05,-274.505,cleaning
-2.02,1.35,0.206,28.332,29.05,-274.505,cleaning
-2.02,1.35,0.206,19.81,43.592,-253.907,cleaning
-2.243,2.454,0.092,19.81,43.592,-253.907,cleaning
-2.243,2.454,0.092,36.505,117.197,-132.667,cleaning
-1.612,2.887,-0.007,36.505,117.197,-132.667,cleaning
-1.612,2.887,-0.007,35.595,127.435,40.092,cleaning
-0.942,1.529,0.539,35.595,127.435,40.092,cleaning
-0.942,1.529,0.539,-5.477,-57.172,106.417,cleaning
-1.197,0.627,0.818,-5.477,-57.172,106.417,cleaning
-1.197,0.627,0.818,-7.892,-60.935,156.03,cleaning
-0.949,0.418,1.015,-7.892,-60.935,156.03,cleaning
-0.949,0.418,1.015,5.25,59.762,192.64,cleaning
-0.634,0.464,0.859,5.25,59.762,192.64,cleaning
-0.634,0.464,0.859,-2.922,100.8,196.98,cleaning
-0.576,0.382,0.724,-2.922,100.8,196.98,cleaning
-0.576,0.382,0.724,-19.197,101.185,190.802,cleaning
-0.623,0.308,0.665,-19.197,101.185,190.802,cleaning
-0.8,0.231,0.717,-27.23,110.127,177.502,cleaning
-0.792,0.36,0.671,-27.23,110.127,177.502,cleaning
-0.792,0.36,0.671,-16.607,146.09,158.55,cleaning
-0.448,0.504,0.537,-16.607,146.09,158.55,cleaning
-0.448,0.504,0.537,-5.197,154.577,130.847,cleaning
-0.158,0.319,0.536,-5.197,154.577,130.847,cleaning
-0.158,0.319,0.536,-10.937,90.65,86.817,cleaning
-0.07,-0.138,0.705,-10.937,90.65,86.817,cleaning
-0.07,-0.138,0.705,-19.495,70.262,41.16,cleaning
-0.161,-0.46,1.117,-19.495,70.262,41.16,cleaning
-0.161,-0.46,1.117,-7.647,141.312,-0.472,cleaning
-0.17,-0.284,1.283,-7.647,141.312,-0.472,cleaning
-0.17,-0.284,1.283,25.13,258.16,-27.072,cleaning
-0.011,0.203,1.208,25.13,258.16,-27.072,cleaning
-0.011,0.203,1.208,48.09,303.485,-41.51,cleaning
0.19,0.635,1.388,48.09,303.485,-41.51,cleaning
0.19,0.635,1.388,44.642,195.335,-60.725,cleaning
0.273,0.43,1.57,44.642,195.335,-60.725,cleaning
0.367,-0.025,1.557,44.642,195.335,-60.725,cleaning
0.367,-0.025,1.557,28.91,67.235,-78.785,cleaning
0.417,-0.401,1.556,28.91,67.235,-78.785,cleaning
0.417,-0.401,1.556,15.785,9.712,-85.015,cleaning
0.37,-0.317,1.591,15.785,9.712,-85.015,cleaning
0.37,-0.317,1.591,11.305,-0.525,-79.555,cleaning
0.291,0.163,1.529,11.305,-0.525,-79.555,cleaning
0.291,0.163,1.529,15.75,7.017,-56.192,cleaning
0.179,0.548,1.531,15.75,7.017,-56.192,cleaning
0.179,0.548,1.531,26.337,-15.592,-29.592,cleaning
0.15,0.35,1.425,26.337,-15.592,-29.592,cleaning
0.15,0.35,1.425,38.622,-95.357,-27.09,cleaning
0.165,0,1.114,38.622,-95.357,-27.09,cleaning
0.165,0,1.114,44.397,-146.65,-38.447,cleaning
0.158,-0.109,0.909,44.397,-146.65,-38.447,cleaning
0.158,-0.109,0.909,49.63,-142.537,-49.472,cleaning
0.119,-0.074,0.871,49.63,-142.537,-49.472,cleaning
0.119,-0.074,0.871,61.11,-97.265,-55.317,cleaning
-0.056,0.137,0.911,61.11,-97.265,-55.317,cleaning
-0.378,0.412,0.808,61.11,-97.265,-55.317,cleaning
-0.378,0.412,0.808,78.977,-51.94,-67.865,cleaning
-0.895,0.704,0.733,78.977,-51.94,-67.865,cleaning
-0.895,0.704,0.733,96.53,-26.477,-93.73,cleaning
-1.53,0.979,0.591,96.53,-26.477,-93.73,cleaning
-1.53,0.979,0.591,119.227,2.047,-117.967,cleaning
-1.856,0.914,0.301,119.227,2.047,-117.967,cleaning
-1.856,0.914,0.301,139.982,29.522,-131.617,cleaning
-1.684,0.87,-0.002,139.982,29.522,-131.617,cleaning
-1.684,0.87,-0.002,134.207,37.485,-137.13,cleaning
-1.33,0.765,0.145,134.207,37.485,-137.13,cleaning
-1.33,0.765,0.145,107.87,18.882,-143.937,cleaning
-1.038,0.694,0.531,107.87,18.882,-143.937,cleaning
-1.038,0.694,0.531,93.17,17.64,-146.422,cleaning
-0.662,0.674,0.656,93.17,17.64,-146.422,cleaning
-0.662,0.674,0.656,88.637,90.037,-129.22,cleaning
-0.158,1.056,0.799,88.637,90.037,-129.22,cleaning
-0.158,1.056,0.799,83.597,160.545,-85.365,cleaning
0.021,1.791,1.107,83.597,160.545,-85.365,cleaning
0.253,1.946,0.77,83.597,160.545,-85.365,cleaning
0.253,1.946,0.77,100.695,129.57,-38.167,cleaning
0.584,1.482,0.226,100.695,129.57,-38.167,cleaning
0.584,1.482,0.226,105.245,60.06,1.102,cleaning
0.747,1.121,-0.059,105.245,60.06,1.102,cleaning
0.747,1.121,-0.059,76.982,30.1,40.687,cleaning
0.88,0.863,-0.099,76.982,30.1,40.687,cleaning
0.88,0.863,-0.099,21.927,13.755,78.242,cleaning
0.977,0.455,0.062,21.927,13.755,78.242,cleaning
0.977,0.455,0.062,-45.57,-3.342,111.492,cleaning
0.927,0.162,0.472,-45.57,-3.342,111.492,cleaning
0.927,0.162,0.472,-102.462,-16.275,138.652,cleaning
0.718,-0.098,1.129,-102.462,-16.275,138.652,cleaning
0.718,-0.098,1.129,-125.842,-37.257,149.572,cleaning
0.594,-0.325,1.592,-125.842,-37.257,149.572,cleaning
0.594,-0.325,1.592,-118.475,-79.31,130.935,cleaning
0.342,-0.448,2.034,-118.475,-79.31,130.935,cleaning
0.342,-0.448,2.034,-81.567,-133.175,75.46,cleaning
-0.076,-0.819,2.247,-81.567,-133.175,75.46,cleaning
-0.295,-1.015,2.065,-81.567,-133.175,75.46,cleaning
-0.295,-1.015,2.065,-20.475,-152.092,-14.805,cleaning
-0.567,-1.008,1.839,-20.475,-152.092,-14.805,cleaning
-0.567,-1.008,1.839,44.677,-102.235,-98.63,cleaning
-0.966,-0.729,1.636,44.677,-102.235,-98.63,cleaning
-0.966,-0.729,1.636,99.312,-47.057,-172.795,cleaning
-1.455,-0.405,1.156,99.312,-47.057,-172.795,cleaning
-1.455,-0.405,1.156,132.02,17.307,-224.77,cleaning
-1.723,0.378,0.707,132.02,17.307,-224.77,cleaning
-1.723,0.378,0.707,132.282,60.252,-227.255,cleaning
-1.885,1.113,0.451,132.282,60.252,-227.255,cleaning
-1.885,1.113,0.451,99.855,-12.635,-198.1,cleaning
-1.799,1.376,0.278,99.855,-12.635,-198.1,cleaning
-1.799,1.376,0.278,53.077,-114.362,-157.832,cleaning
-1.596,1.182,0.27,53.077,-114.362,-157.832,cleaning
-1.596,1.182,0.27,25.865,-113.697,-107.625,cleaning
-1.318,1.145,0.371,25.865,-113.697,-107.625,cleaning
-0.86,1.379,0.506,31.342,-10.255,-51.957,cleaning
-0.378,1.743,0.535,31.342,-10.255,-51.957,cleaning
-0.378,1.743,0.535,61.635,87.447,-14.752,cleaning
0.145,2.04,0.307,61.635,87.447,-14.752,cleaning
0.145,2.04,0.307,94.132,110.005,7.84,cleaning
0.621,2.004,0.082,94.132,110.005,7.84,cleaning
0.621,2.004,0.082,101.237,79.695,36.715,cleaning
1.001,1.726,0.162,101.237,79.695,36.715,cleaning
1.001,1.726,0.162,77.98,40.565,80.902,cleaning
1.345,1.236,0.279,77.98,40.565,80.902,cleaning
1.345,1.236,0.279,33.215,7.682,135.1,cleaning
1.511,0.332,0.33,33.215,7.682,135.1,cleaning
1.511,0.332,0.33,-31.045,3.885,178.657,cleaning
1.469,-0.473,0.388,-31.045,3.885,178.657,cleaning
1.469,-0.473,0.388,-97.737,58.047,203.385,cleaning
1.237,-0.815,0.684,-97.737,58.047,203.385,cleaning
1.237,-0.815,0.684,-147.122,103.81,186.585,cleaning
0.651,-0.722,1.277,-147.122,103.81,186.585,cleaning
-0.148,-0.605,2.133,-147.122,103.81,186.585,cleaning
-0.148,-0.605,2.133,-148.102,76.352,116.112,cleaning
-1.004,-0.559,2.79,-148.102,76.352,116.112,cleaning
-1.004,-0.559,2.79,-82.932,-1.137,16.012,cleaning
-1.37,-0.696,2.452,-82.932,-1.137,16.012,cleaning
-1.37,-0.696,2.452,23.292,-31.99,-78.312,cleaning
-1.404,-0.693,1.454,23.292,-31.99,-78.312,cleaning
-1.404,-0.693,1.454,105.735,21.052,-138.827,cleaning
-1.627,-0.394,0.683,105.735,21.052,-138.827,cleaning
-1.627,-0.394,0.683,135.345,24.115,-185.92,cleaning
-1.748,-0.028,0.187,135.345,24.115,-185.92,cleaning
-1.748,-0.028,0.187,115.92,-64.732,-219.607,cleaning
-1.679,0.118,0.011,115.92,-64.732,-219.607,cleaning
-1.679,0.118,0.011,68.407,-148.732,-235.2,cleaning
-1.649,0.384,0.395,68.407,-148.732,-235.2,cleaning
-1.649,0.384,0.395,41.387,-123.27,-218.015,cleaning
-1.55,0.929,0.902,41.387,-123.27,-218.015,cleaning
-1.55,0.929,0.902,62.282,26.565,-156.922,cleaning
-1.083,1.786,0.913,62.282,26.565,-156.922,cleaning
-0.433,2.728,0.523,62.282,26.565,-156.922,cleaning
-0.433,2.728,0.523,98.577,152.95,-88.392,cleaning
0.277,3.264,-0.194,98.577,152.95,-88.392,cleaning
0.277,3.264,-0.194,109.987,125.825,-35.21,cleaning
0.83,2.918,-0.458,109.987,125.825,-35.21,cleaning
0.83,2.918,-0.458,78.19,1.855,4.2,cleaning
1.053,1.797,-0.517,78.19,1.855,4.2,cleaning
1.053,1.797,-0.517,27.282,-79.415,38.307,cleaning
1.247,0.855,-0.293,27.282,-79.415,38.307,cleaning
1.247,0.855,-0.293,-15.277,-8.54,82.25,cleaning
1.297,0.415,0.184,-15.277,-8.54,82.25,cleaning
1.297,0.415,0.184,-50.452,98.752,125.685,cleaning
1.325,0.288,0.559,-50.452,98.752,125.685,cleaning
1.325,0.288,0.559,-88.077,159.845,171.937,cleaning
1.342,0.3,0.879,-88.077,159.845,171.937,cleaning
1.342,0.3,0.879,-142.012,134.4,208.11,cleaning
0.881,0.227,1.583,-142.012,134.4,208.11,cleaning
0.881,0.227,1.583,-170.415,29.557,207.305,cleaning
0.141,-0.063,2.209,-170.415,29.557,207.305,cleaning
-0.223,-0.456,2.454,-170.415,29.557,207.305,cleaning
-0.223,-0.456,2.454,-139.632,-59.08,170.607,cleaning
-0.424,-0.829,2.233,-139.632,-59.08,170.607,cleaning
-0.424,-0.829,2.233,-82.81,-103.407,106.347,cleaning
-0.648,-0.991,1.939,-82.81,-103.407,106.347,cleaning
-0.648,-0.991,1.939,-33.932,-95.252,25.427,cleaning
-0.678,-0.834,1.353,-33.932,-95.252,25.427,cleaning
-0.678,-0.834,1.353,-6.09,-48.965,-57.05,cleaning
-0.943,-0.265,1.287,-6.09,-48.965,-57.05,cleaning
-0.943,-0.265,1.287,11.375,-44.975,-128.625,cleaning
-1.418,0.101,1.138,11.375,-44.975,-128.625,cleaning
-1.418,0.101,1.138,28,-118.895,-185.115,cleaning
-1.589,0.308,0.464,28,-118.895,-185.115,cleaning
-1.589,0.308,0.464,21.945,-150.097,-208.11,cleaning
-1.563,0.712,0.162,21.945,-150.097,-208.11,cleaning
-1.563,0.712,0.162,2.31,-132.667,-209.44,cleaning
-1.386,1.251,0.224,2.31,-132.667,-209.44,cleaning
-1.386,1.251,0.224,-4.427,-66.972,-180.302,cleaning
-0.901,1.649,0.192,-4.427,-66.972,-180.302,cleaning
-0.288,2.376,0.125,-4.427,-66.972,-180.302,cleaning
-0.288,2.376,0.125,8.872,70.98,-127.802,cleaning
0.281,3.008,0.083,8.872,70.98,-127.802,cleaning
0.281,3.008,0.083,30.59,138.075,-68.6,cleaning
0.752,2.706,-0.114,30.59,138.075,-68.6,cleaning
0.752,2.706,-0.114,30.957,82.582,-11.987,cleaning
0.932,1.738,-0.273,30.957,82.582,-11.987,cleaning
0.932,1.738,-0.273,9.275,63.595,45.377,cleaning
1.142,0.851,-0.353,9.275,63.595,45.377,cleaning
1.142,0.851,-0.353,-40.11,133.402,105.752,cleaning
1.369,0.424,-0.068,-40.11,133.402,105.752,cleaning
1.369,0.424,-0.068,-118.842,185.01,171.342,cleaning
1.278,0.499,0.765,-118.842,185.01,171.342,cleaning
1.278,0.499,0.765,-192.692,117.6,212.782,cleaning
0.361,0.293,2.2,-192.692,117.6,212.782,cleaning
0.361,0.293,2.2,-190.697,-53.847,189.612,cleaning
-0.58,-0.625,2.94,-190.697,-53.847,189.612,cleaning
-1.122,-1.342,3.04,-105.56,-138.057,106.015,cleaning
-1.321,-1.619,2.379,-105.56,-138.057,106.015,cleaning
-1.321,-1.619,2.379,13.282,-93.957,-8.19,cleaning
-1.248,-1.134,1.354,13.282,-93.957,-8.19,cleaning
-1.248,-1.134,1.354,105.157,31.237,-97.212,cleaning
-1.532,-0.331,1.01,105.157,31.237,-97.212,cleaning
-1.532,-0.331,1.01,149.152,62.877,-163.625,cleaning
-1.632,0.074,0.918,149.152,62.877,-163.625,cleaning
-1.632,0.074,0.918,150.955,-58.712,-234.78,cleaning
-1.478,0.378,0.933,150.955,-58.712,-234.78,cleaning
-1.478,0.378,0.933,140.14,-97.125,-268.152,cleaning
-1.188,1.022,0.856,140.14,-97.125,-268.152,cleaning
-1.188,1.022,0.856,126.472,-59.342,-253.452,cleaning
-0.627,1.748,0.499,126.472,-59.342,-253.452,cleaning
-0.627,1.748,0.499,100.537,-32.602,-210.017,cleaning
-0.025,2.379,0.286,100.537,-32.602,-210.017,cleaning
-0.025,2.379,0.286,67.62,-51.117,-154.385,cleaning
0.465,2.523,-0.072,67.62,-51.117,-154.385,cleaning
0.857,2.436,-0.518,67.62,-51.117,-154.385,cleaning
0.857,2.436,-0.518,32.042,-32.095,-74.41,cleaning
0.776,2.294,-0.281,32.042,-32.095,-74.41,cleaning
0.776,2.294,-0.281,-1.96,4.392,20.702,cleaning
0.405,1.484,0.042,-1.96,4.392,20.702,cleaning
0.405,1.484,0.042,-24.097,-26.792,89.25,cleaning
0.455,0.703,-0.216,-24.097,-26.792,89.25,cleaning
0.455,0.703,-0.216,-33.53,50.855,151.235,cleaning
0.584,0.456,-0.251,-33.53,50.855,151.235,cleaning
0.584,0.456,-0.251,-65.327,195.475,208.197,cleaning
0.451,0.623,0.262,-65.327,195.475,208.197,cleaning
0.451,0.623,0.262,-124.11,222.197,235.445,cleaning
0.074,0.591,1.197,-124.11,222.197,235.445,cleaning
0.074,0.591,1.197,-162.575,120.557,229.197,cleaning
-0.409,0.063,2.057,-162.575,120.557,229.197,cleaning
-0.409,0.063,2.057,-147.28,-14.315,185.325,cleaning
-0.795,-0.609,2.62,-147.28,-14.315,185.325,cleaning
-0.795,-0.609,2.62,-81.27,-95.69,103.81,cleaning
-1.199,-1.158,2.835,-81.27,-95.69,103.81,cleaning
-0.811,-0.983,2.212,-81.27,-95.69,103.81,cleaning
-0.811,-0.983,2.212,12.6,-65.8,7.91,cleaning
-0.402,-0.47,1.473,12.6,-65.8,7.91,cleaning
-0.402,-0.47,1.473,79.362,7.542,-54.845,cleaning
-0.742,0.006,1.447,79.362,7.542,-54.845,cleaning
-0.742,0.006,1.447,114.485,-58.555,-122.5,cleaning
-0.947,-0.113,1.159,114.485,-58.555,-122.5,cleaning
-0.947,-0.113,1.159,136.01,-187.565,-194.985,cleaning
-1.009,-0.249,0.81,136.01,-187.565,-194.985,cleaning
-1.009,-0.249,0.81,147.787,-161.35,-238.752,cleaning
-1.051,0.16,0.536,147.787,-161.35,-238.752,cleaning
-1.051,0.16,0.536,142.607,-69.615,-247.957,cleaning
-0.898,0.914,0.369,142.607,-69.615,-247.957,cleaning
-0.898,0.914,0.369,119.157,-30.345,-227.99,cleaning
-0.594,1.642,0.453,119.157,-30.345,-227.99,cleaning
-0.594,1.642,0.453,102.112,-32.182,-193.55,cleaning
-0.202,2.152,0.441,102.112,-32.182,-193.55,cleaning
-0.202,2.152,0.441,105.927,11.322,-129.692,cleaning
0.173,2.423,0.174,105.927,11.322,-129.692,cleaning
0.511,2.418,-0.386,105.927,11.322,-129.692,cleaning
0.511,2.418,-0.386,100.922,43.802,-51.94,cleaning
0.673,2.166,-0.493,100.922,43.802,-51.94,cleaning
0.673,2.166,-0.493,62.335,25.865,26.495,cleaning
0.461,1.529,0.103,62.335,25.865,26.495,cleaning
0.461,1.529,0.103,15.96,-48.16,78.242,cleaning
0.319,0.668,0.408,15.96,-48.16,78.242,cleaning
0.319,0.668,0.408,1.225,-7.927,122.447,cleaning
0.54,0.371,0.265,1.225,-7.927,122.447,cleaning
0.54,0.371,0.265,-9.765,178.045,181.72,cleaning
0.599,0.754,0.283,-9.765,178.045,181.72,cleaning
0.599,0.754,0.283,-50.592,269.482,217.21,cleaning
0.683,1.27,0.288,-50.592,269.482,217.21,cleaning
0.683,1.27,0.288,-111.055,244.457,243.88,cleaning
0.426,1.604,0.702,-111.055,244.457,243.88,cleaning
0.426,1.604,0.702,-164.412,91.507,245.332,cleaning
-0.076,0.795,1.248,-164.412,91.507,245.332,cleaning
-0.076,0.795,1.248,-163.607,-23.502,216.055,cleaning
-0.416,-0.192,1.426,-163.607,-23.502,216.055,cleaning
-0.769,-0.633,1.765,-163.607,-23.502,216.055,cleaning
-0.769,-0.633,1.765,-124.39,-12.635,163.887,cleaning
-0.967,-0.596,2.078,-124.39,-12.635,163.887,cleaning
-0.967,-0.596,2.078,-62.002,16.1,89.547,cleaning
-1.135,-0.557,2.216,-62.002,16.1,89.547,cleaning
-1.135,-0.557,2.216,5.88,7.157,12.792,cleaning
-0.913,-0.483,1.707,5.88,7.157,12.792,cleaning
-0.913,-0.483,1.707,55.685,25.287,-40.197,cleaning
-0.755,-0.095,1.38,55.685,25.287,-40.197,cleaning
-0.755,-0.095,1.38,81.795,41.72,-72.975,cleaning
-0.677,0.303,1.358,81.795,41.72,-72.975,cleaning
-0.677,0.303,1.358,96.39,-39.2,-117.915,cleaning
-0.585,0.234,1.329,96.39,-39.2,-117.915,cleaning
-0.585,0.234,1.329,109.095,-111.142,-162.33,cleaning
-0.525,0.233,1.294,109.095,-111.142,-162.33,cleaning
-0.525,0.233,1.294,124.232,-127.82,-189.91,cleaning
-0.471,0.321,1.301,124.232,-127.82,-189.91,cleaning
-0.399,0.378,1.186,142.135,-121.8,-205.73,cleaning
-0.334,0.393,0.836,142.135,-121.8,-205.73,cleaning
-0.334,0.393,0.836,161.052,-112.857,-218.54,cleaning
-0.201,0.474,0.255,161.052,-112.857,-218.54,cleaning
-0.201,0.474,0.255,166.74,-81.637,-225.767,cleaning
-0.025,0.851,-0.146,166.74,-81.637,-225.767,cleaning
-0.025,0.851,-0.146,150.92,-41.142,-222.67,cleaning
0.124,1.62,-0.064,150.92,-41.142,-222.67,cleaning
0.124,1.62,-0.064,126.262,-0.875,-194.302,cleaning
0.303,2.642,0.017,126.262,-0.875,-194.302,cleaning
0.303,2.642,0.017,102.655,36.4,-112.63,cleaning
0.56,3.118,-0.269,102.655,36.4,-112.63,cleaning
0.56,3.118,-0.269,48.58,43.592,-0.035,cleaning
0.658,2.904,-0.68,48.58,43.592,-0.035,cleaning
0.658,2.904,-0.68,-33.915,-3.132,98.875,cleaning
0.297,2.089,-0.155,-33.915,-3.132,98.875,cleaning
0.297,2.089,-0.155,-105.315,-73.01,153.947,cleaning
0.155,0.868,-0.122,-105.315,-73.01,153.947,cleaning
0.198,1.04,0.055,-142.712,84.35,228.077,cleaning
0.008,1.184,0.422,-142.712,84.35,228.077,cleaning
0.008,1.184,0.422,-186.515,170.87,272.632,cleaning
-0.22,1.065,0.567,-186.515,170.87,272.632,cleaning
-0.22,1.065,0.567,-228.987,132.86,276.552,cleaning
-0.517,0.927,0.748,-228.987,132.86,276.552,cleaning
-0.517,0.927,0.748,-256.935,84.402,271.477,cleaning
-0.951,0.427,1.382,-256.935,84.402,271.477,cleaning
-0.951,0.427,1.382,-247.345,21.577,240.677,cleaning
-1.107,-0.386,1.951,-247.345,21.577,240.677,cleaning
-1.107,-0.386,1.951,-183.382,-13.842,183.277,cleaning
-0.935,-1.152,2.263,-183.382,-13.842,183.277,cleaning
-0.935,-1.152,2.263,-85.767,8.33,105.787,cleaning
-0.687,-1.537,2.302,-85.767,8.33,105.787,cleaning
-0.687,-1.537,2.302,14.682,32.655,10.307,cleaning
-0.447,-1.281,2.053,14.682,32.655,10.307,cleaning
-0.447,-1.281,2.053,97.335,59.867,-68.635,cleaning
-0.355,-0.686,1.483,97.335,59.867,-68.635,cleaning
-0.312,0.148,1.318,97.335,59.867,-68.635,cleaning
-0.312,0.148,1.318,151.567,39.987,-129.097,cleaning
-0.302,0.24,1.191,151.567,39.987,-129.097,cleaning
-0.302,0.24,1.191,174.93,-110.46,-196,cleaning
-0.356,0.127,1.099,174.93,-110.46,-196,cleaning
-0.356,0.127,1.099,181.912,-212.677,-255.57,cleaning
-0.38,0.345,1.034,181.912,-212.677,-255.57,cleaning
-0.38,0.345,1.034,197.96,-169.33,-274.452,cleaning
-0.102,1.029,0.645,197.96,-169.33,-274.452,cleaning
-0.102,1.029,0.645,215.337,-71.137,-253.33,cleaning
0.278,1.927,0.236,215.337,-71.137,-253.33,cleaning
0.278,1.927,0.236,207.462,-23.695,-202.16,cleaning
0.582,2.642,-0.235,207.462,-23.695,-202.16,cleaning
0.582,2.642,-0.235,164.692,-23.572,-134.452,cleaning
0.757,2.963,-0.792,164.692,-23.572,-134.452,cleaning
0.757,2.963,-0.792,91.84,6.317,-34.667,cleaning
0.748,2.929,-1.191,91.84,6.317,-34.667,cleaning
0.748,2.929,-1.191,-1.732,32.69,69.58,cleaning
0.585,2.436,-1.019,-1.732,32.69,69.58,cleaning
0.402,1.448,-0.811,-1.732,32.69,69.58,cleaning
0.402,1.448,-0.811,-90.93,3.43,133.262,cleaning
0.306,1.306,-0.413,-90.93,3.43,133.262,cleaning
0.306,1.306,-0.413,-144.007,107.292,195.457,cleaning
0.191,1.484,0.202,-144.007,107.292,195.457,cleaning
0.191,1.484,0.202,-177.94,187.092,235.322,cleaning
0.089,1.614,0.678,-177.94,187.092,235.322,cleaning
0.089,1.614,0.678,-201.25,180.705,253.417,cleaning
-0.193,1.372,0.948,-201.25,180.705,253.417,cleaning
-0.193,1.372,0.948,-216.107,122.675,251.965,cleaning
-0.519,0.83,1.141,-216.107,122.675,251.965,cleaning
-0.519,0.83,1.141,-221.322,53.497,233.59,cleaning
-0.843,0.142,1.433,-221.322,53.497,233.59,cleaning
-0.843,0.142,1.433,-197.907,27.16,196.49,cleaning
-1.023,-0.44,1.77,-197.907,27.16,196.49,cleaning
-1.023,-0.44,1.77,-150.675,12.582,131.022,cleaning
-1.127,-0.985,1.94,-150.675,12.582,131.022,cleaning
-1.127,-0.985,1.94,-92.995,17.727,51.59,cleaning
-1.389,-0.995,2.277,-92.995,17.727,51.59,cleaning
-1.14,-1.008,2.166,-92.995,17.727,51.59,cleaning
-1.14,-1.008,2.166,-26.705,-4.27,-35.56,cleaning
-0.616,-0.235,1.761,-26.705,-4.27,-35.56,cleaning
-0.616,-0.235,1.761,35.717,25.305,-93.135,cleaning
-0.619,0.011,1.779,35.717,25.305,-93.135,cleaning
-0.619,0.011,1.779,78.68,-72.152,-161.927,cleaning
-0.495,-0.439,1.512,78.68,-72.152,-161.927,cleaning
-0.495,-0.439,1.512,109.06,-208.757,-253.697,cleaning
-0.648,-0.506,1.563,109.06,-208.757,-253.697,cleaning
-0.648,-0.506,1.563,142.817,-192.64,-312.567,cleaning
-0.895,0.112,1.583,142.817,-192.64,-312.567,cleaning
-0.895,0.112,1.583,190.242,-80.29,-315.402,cleaning
-0.673,1.199,0.815,190.242,-80.29,-315.402,cleaning
-0.673,1.199,0.815,217.91,39.55,-250.337,cleaning
-0.021,2.335,-0.347,217.91,39.55,-250.337,cleaning
-0.021,2.335,-0.347,179.007,18.865,-186.357,cleaning
0.48,3.054,-1.035,179.007,18.865,-186.357,cleaning
0.48,3.054,-1.035,92.015,-94.99,-141.592,cleaning
0.588,3.319,-1.223,92.015,-94.99,-141.592,cleaning
0.546,2.999,-1.165,92.015,-94.99,-141.592,cleaning
0.546,2.999,-1.165,13.055,-124.355,-57.505,cleaning
0.589,2.691,-0.902,13.055,-124.355,-57.505,cleaning
0.589,2.691,-0.902,-44.73,-61.267,50.207,cleaning
0.149,1.485,-0.011,-44.73,-61.267,50.207,cleaning
0.149,1.485,-0.011,-83.317,-94.272,96.127,cleaning
0.335,0.663,0.037,-83.317,-94.272,96.127,cleaning
0.335,0.663,0.037,-96.005,33.46,156.59,cleaning
0.295,0.908,0.475,-96.005,33.46,156.59,cleaning
0.295,0.908,0.475,-118.457,160.317,202.702,cleaning
0.157,1.145,0.951,-118.457,160.317,202.702,cleaning
0.157,1.145,0.951,-147.175,99.435,208.495,cleaning
-0.01,0.844,1.252,-147.175,99.435,208.495,cleaning
-0.01,0.844,1.252,-165.585,10.535,204.032,cleaning
-0.092,0.274,1.2,-165.585,10.535,204.032,cleaning
-0.092,0.274,1.2,-172.252,9.712,201.127,cleaning
-0.086,0.081,1.274,-172.252,9.712,201.127,cleaning
-0.215,0.044,1.613,-170.73,15.907,178.535,cleaning
-0.328,-0.128,1.957,-170.73,15.907,178.535,cleaning
-0.328,-0.128,1.957,-152.04,-45.955,122.692,cleaning
-0.625,-0.665,2.223,-152.04,-45.955,122.692,cleaning
-0.625,-0.665,2.223,-114.502,-138.53,48.16,cleaning
-0.702,-1.366,1.957,-114.502,-138.53,48.16,cleaning
-0.702,-1.366,1.957,-70.56,-198.432,-28.997,cleaning
-0.447,-1.731,1.383,-70.56,-198.432,-28.997,cleaning
-0.447,-1.731,1.383,-31.885,-99.785,-68.46,cleaning
-0.323,-1.453,1.133,-31.885,-99.785,-68.46,cleaning
-0.323,-1.453,1.133,1.085,26.18,-111.195,cleaning
-0.367,-0.75,0.981,1.085,26.18,-111.195,cleaning
-0.367,-0.75,0.981,22.015,0.42,-178.43,cleaning
-0.306,-0.666,0.803,22.015,0.42,-178.43,cleaning
-0.306,-0.666,0.803,18.165,-123.777,-259.332,cleaning
-0.19,-0.859,0.626,18.165,-123.777,-259.332,cleaning
-0.19,-0.859,0.626,5.792,-131.74,-296.467,cleaning
-0.496,-0.27,1.077,5.792,-131.74,-296.467,cleaning
-0.556,0.624,1.113,5.792,-131.74,-296.467,cleaning
-0.556,0.624,1.113,23.835,-60.165,-254.905,cleaning
-0.1,1.346,0.564,23.835,-60.165,-254.905,cleaning
-0.1,1.346,0.564,53.322,40.057,-168.787,cleaning
0.161,2.328,0.361,53.322,40.057,-168.787,cleaning
0.161,2.328,0.361,55.877,110.057,-138.495,cleaning
-0.012,3.912,0.382,55.877,110.057,-138.495,cleaning
-0.012,3.912,0.382,52.762,82.67,-129.132,cleaning
0.04,3.997,-0.166,52.762,82.67,-129.132,cleaning
0.04,3.997,-0.166,29.837,-21.507,-46.077,cleaning
0.27,3.71,-0.683,29.837,-21.507,-46.077,cleaning
0.27,3.71,-0.683,-32.445,-139.23,49.595,cleaning
0.236,2.566,-0.73,-32.445,-139.23,49.595,cleaning
0.236,2.566,-0.73,-98.49,-107.012,163.257,cleaning
-0.568,2.413,0.014,-98.49,-107.012,163.257,cleaning
-0.568,2.413,0.014,-118.685,-23.31,248.64,cleaning
-1.043,1.998,0.489,-118.685,-23.31,248.64,cleaning
-1.043,1.998,0.489,-108.517,-19.407,275.257,cleaning
-1.76,1.479,0.601,-108.517,-19.407,275.257,cleaning
-2.697,0.801,0.189,-108.517,-19.407,275.257,cleaning
-2.697,0.801,0.189,-90.265,-53.62,292.74,cleaning
-3.091,-0.173,0.097,-90.265,-53.62,292.74,cleaning
-3.091,-0.173,0.097,-76.3,-73.57,323.225,cleaning
-3.286,-1.089,0.671,-76.3,-73.57,323.225,cleaning
-3.286,-1.089,0.671,-40.74,-33.53,325.972,cleaning
-3.02,-1.923,0.9,-40.74,-33.53,325.972,cleaning
-3.02,-1.923,0.9,11.305,26.407,275.817,cleaning
-2.481,-2.234,1.015,11.305,26.407,275.817,cleaning
-2.481,-2.234,1.015,31.447,73.587,205.975,cleaning
-2.219,-1.958,1.633,31.447,73.587,205.975,cleaning
-2.219,-1.958,1.633,40.162,84.945,135.292,cleaning
-1.773,-1.638,2.375,40.162,84.945,135.292,cleaning
-1.773,-1.638,2.375,62.615,57.207,57.697,cleaning
-1.13,-1.509,2.5,62.615,57.207,57.697,cleaning
-1.13,-1.509,2.5,83.177,60.9,-26.337,cleaning
-0.473,-1.234,2.152,83.177,60.9,-26.337,cleaning
-0.473,-1.234,2.152,82.407,83.947,-104.177,cleaning
0.241,-0.622,1.935,82.407,83.947,-104.177,cleaning
0.919,-0.073,1.741,82.407,83.947,-104.177,cleaning
0.919,-0.073,1.741,51.695,7.91,-181.072,cleaning
1.564,-0.021,1.316,51.695,7.91,-181.072,cleaning
1.564,-0.021,1.316,-6.877,-180.95,-267.522,cleaning
2.673,-0.012,1.157,-6.877,-180.95,-267.522,cleaning
2.673,-0.012,1.157,-67.97,-320.845,-330.015,cleaning
3.122,0.226,1.247,-67.97,-320.845,-330.015,cleaning
3.122,0.226,1.247,-82.267,-323.452,-351.942,cleaning
2.262,0.708,1.464,-82.267,-323.452,-351.942,cleaning
2.262,0.708,1.464,-28.56,-151.97,-300.965,cleaning
1.707,1.64,0.832,-28.56,-151.97,-300.965,cleaning
1.707,1.64,0.832,53.025,96.302,-192.5,cleaning
1.311,2.613,-0.148,53.025,96.302,-192.5,cleaning
1.311,2.613,-0.148,64.067,128.117,-112.542,cleaning
0.834,3.33,-0.532,64.067,128.117,-112.542,cleaning
0.834,3.33,-0.532,14.367,-6.527,-53.025,cleaning
0.096,2.856,-0.164,14.367,-6.527,-53.025,cleaning
0.096,2.856,-0.164,-35.157,-41.422,13.3,cleaning
-1.378,2.335,0.601,-35.157,-41.422,13.3,cleaning
-3.88,2.813,1.567,-35.157,-41.422,13.3,cleaning
-3.88,2.813,1.567,-62.142,-3.832,88.34,cleaning
-3.997,1.868,0.588,-62.142,-3.832,88.34,cleaning
-3.997,1.868,0.588,-57.05,-69.772,166.25,cleaning
-3.824,0.39,-0.941,-57.05,-69.772,166.25,cleaning
-3.824,0.39,-0.941,-83.93,-137.795,264.757,cleaning
-3.951,-0.42,-0.746,-83.93,-137.795,264.757,cleaning
-3.951,-0.42,-0.746,-129.727,-117.967,305.515,cleaning
-3.382,-0.83,0.297,-129.727,-117.967,305.515,cleaning
-3.382,-0.83,0.297,-141.067,-104.632,246.33,cleaning
-2.42,-1.474,0.869,-141.067,-104.632,246.33,cleaning
-2.42,-1.474,0.869,-136.587,-80.587,140.437,cleaning
-1.403,-2.33,1.066,-136.587,-80.587,140.437,cleaning
-1.403,-2.33,1.066,-131.635,11.2,19.705,cleaning
-0.497,-2.763,1.225,-131.635,11.2,19.705,cleaning
-0.497,-2.763,1.225,-119.332,140.245,-88.48,cleaning
-0.053,-2.27,1.38,-119.332,140.245,-88.48,cleaning
1.212,-1.21,1.613,-102.48,205.415,-180.565,cleaning
3.497,-0.32,2.858,-102.48,205.415,-180.565,cleaning
3.497,-0.32,2.858,-72.275,173.092,-257.162,cleaning
3.125,0.734,2.952,-72.275,173.092,-257.162,cleaning
3.125,0.734,2.952,8.312,89.477,-264.617,cleaning
2.796,1.341,2.695,8.312,89.477,-264.617,cleaning
2.796,1.341,2.695,78.61,8.47,-168.332,cleaning
2.535,1.721,1.959,78.61,8.47,-168.332,cleaning
2.535,1.721,1.959,120.085,-79.45,-52.99,cleaning
2.142,1.528,1.004,120.085,-79.45,-52.99,cleaning
2.142,1.528,1.004,118.65,-149.275,38.867,cleaning
1.416,1.371,0.554,118.65,-149.275,38.867,cleaning
1.416,1.371,0.554,105.052,-179.462,89.337,cleaning
0.022,1.281,0.954,105.052,-179.462,89.337,cleaning
0.022,1.281,0.954,135.135,-207.497,61.162,cleaning
-2.215,1.1,1.355,135.135,-207.497,61.162,cleaning
-2.215,1.1,1.355,208.6,-138.967,-19.075,cleaning
-3.997,2.05,0.333,208.6,-138.967,-19.075,cleaning
-3.997,2.83,-0.574,199.08,19.512,20.422,cleaning
-3.997,1.586,0.176,199.08,19.512,20.422,cleaning
-3.997,1.586,0.176,86.677,24.412,214.935,cleaning
-3.976,-0.423,1.295,86.677,24.412,214.935,cleaning
-3.976,-0.423,1.295,-21.507,-114.362,274.61,cleaning
-2.963,-2.333,0.982,-21.507,-114.362,274.61,cleaning
-2.963,-2.333,0.982,-62.44,-134.347,219.03,cleaning
-1.891,-2.797,0.476,-62.44,-134.347,219.03,cleaning
-1.891,-2.797,0.476,-97.527,38.78,149.922,cleaning
-1.062,-2.401,0.723,-97.527,38.78,149.922,cleaning
-1.062,-2.401,0.723,-150.482,129.937,39.217,cleaning
-0.365,-2.064,1.048,-150.482,129.937,39.217,cleaning
-0.365,-2.064,1.048,-191.59,111.475,-85.12,cleaning
0.558,-1.528,1.362,-191.59,111.475,-85.12,cleaning
0.558,-1.528,1.362,-221.48,75.18,-158.025,cleaning
2.08,-1.362,2.183,-221.48,75.18,-158.025,cleaning
2.08,-1.362,2.183,-181.125,117.687,-158.287,cleaning
3.656,-0.626,2.75,-181.125,117.687,-158.287,cleaning
2.864,0.738,2.633,-181.125,117.687,-158.287,cleaning
2.864,0.738,2.633,-93.292,106.067,-101.955,cleaning
2.126,1.116,2.208,-93.292,106.067,-101.955,cleaning
2.126,1.116,2.208,-16.887,9.082,2.695,cleaning
1.117,0.441,1.415,-16.887,9.082,2.695,cleaning
1.117,0.441,1.415,33.215,-187.582,34.825,cleaning
0.057,-0.444,0.418,33.215,-187.582,34.825,cleaning
0.057,-0.444,0.418,89.337,-221.34,20.037,cleaning
-1.582,-0.719,-0.272,89.337,-221.34,20.037,cleaning
-1.582,-0.719,-0.272,141.837,-86.275,-60.795,cleaning
-3.997,0.363,-0.479,141.837,-86.275,-60.795,cleaning
-3.997,0.363,-0.479,165.2,104.51,-140.665,cleaning
-3.997,1.972,-0.418,165.2,104.51,-140.665,cleaning
-3.997,1.972,-0.418,136.657,170.292,-79.957,cleaning
-2.759,1.935,-0.209,136.657,170.292,-79.957,cleaning
-2.759,1.935,-0.209,43.137,62.58,-27.142,cleaning
-2.282,0.538,0.59,43.137,62.58,-27.142,cleaning
-2.282,0.538,0.59,-21.14,47.88,-11.305,cleaning
-2.129,0.267,0.76,-21.14,47.88,-11.305,cleaning
-1.399,0.384,0.81,-21.14,47.88,-11.305,cleaning
-1.399,0.384,0.81,-46.165,143.045,16.922,cleaning
-0.527,0.61,0.891,-46.165,143.045,16.922,cleaning
-0.527,0.61,0.891,-57.75,183.172,19.617,cleaning
0.921,0.451,1.074,-57.75,183.172,19.617,cleaning
0.921,0.451,1.074,-44.957,188.912,23.38,cleaning
2.853,0.191,1.465,-44.957,188.912,23.38,cleaning
2.853,0.191,1.465,-17.657,135.327,28,cleaning
3.639,-0.274,1.722,-17.657,135.327,28,cleaning
3.639,-0.274,1.722,0.227,21.262,66.92,cleaning
2.252,-0.711,1.968,0.227,21.262,66.92,cleaning
2.252,-0.711,1.968,7.612,-97.877,104.282,cleaning
1.455,-1.212,2.016,7.612,-97.877,104.282,cleaning
1.455,-1.212,2.016,20.772,-87.622,144.48,cleaning
0.811,-0.972,2.208,20.772,-87.622,144.48,cleaning
0.811,-0.972,2.208,33.022,-60.637,142.73,cleaning
0.223,-0.812,1.864,33.022,-60.637,142.73,cleaning
0.223,-0.812,1.864,30.922,-42.035,96.197,cleaning
-0.501,-0.714,1.405,30.922,-42.035,96.197,cleaning
-1.633,-0.804,1.108,30.922,-42.035,96.197,cleaning
-1.633,-0.804,1.108,26.862,-57.557,-10.447,cleaning
-2.959,-0.769,0.588,26.862,-57.557,-10.447,cleaning
-2.959,-0.769,0.588,52.272,-77.735,-149.205,cleaning
-3.607,-0.392,0.092,52.272,-77.735,-149.205,cleaning
-3.607,-0.392,0.092,79.8,-56.455,-245.07,cleaning
-3.355,-0.02,-0.232,79.8,-56.455,-245.07,cleaning
-3.355,-0.02,-0.232,73.15,-13.247,-284.217,cleaning
-2.991,0.774,-0.083,73.15,-13.247,-284.217,cleaning
-2.991,0.774,-0.083,46.165,60.182,-245.595,cleaning
-2.313,1.65,0.258,46.165,60.182,-245.595,cleaning
-2.313,1.65,0.258,28.402,87.867,-170.117,cleaning
-1.281,2.361,0.473,28.402,87.867,-170.117,cleaning
-1.281,2.361,0.473,20.282,98.84,-88.655,cleaning
-0.223,3.101,0.595,20.282,98.84,-88.655,cleaning
-0.223,3.101,0.595,43.05,105.542,-10.517,cleaning
1.022,3.228,0.609,43.05,105.542,-10.517,cleaning
1.022,3.228,0.609,73.622,131.827,104.65,cleaning
2.561,2.403,0.527,73.622,131.827,104.65,cleaning
3.582,0.818,0.177,73.622,131.827,104.65,cleaning
3.582,0.818,0.177,46.9,158.165,241.255,cleaning
3.366,0.292,0.224,46.9,158.165,241.255,cleaning
3.366,0.292,0.224,-54.985,201.53,348.88,cleaning
1.771,0.437,1.774,-54.985,201.53,348.88,cleaning
1.771,0.437,1.774,-183.767,129.377,406.297,cleaning
-0.051,-0.295,2.951,-183.767,129.377,406.297,cleaning
-0.051,-0.295,2.951,-213.99,-73.237,352.065,cleaning
-1.369,-1.523,3.146,-213.99,-73.237,352.065,cleaning
-1.369,-1.523,3.146,-128.59,-211.312,207.567,cleaning
-2.115,-2.695,2.124,-128.59,-211.312,207.567,cleaning
-2.115,-2.695,2.124,3.36,-199.115,14.472,cleaning
-2.955,-2.955,0.683,3.36,-199.115,14.472,cleaning
-2.955,-2.955,0.683,107.065,-76.422,-180.687,cleaning
-3.962,-1.838,-0.172,107.065,-76.422,-180.687,cleaning
-3.962,-1.838,-0.172,144.007,-33.215,-320.057,cleaning
-3.997,-0.293,-0.154,144.007,-33.215,-320.057,cleaning
-3.833,1.17,0.538,122.255,-5.495,-342.492,cleaning
-2.824,2.492,0.507,122.255,-5.495,-342.492,cleaning
-2.824,2.492,0.507,88.147,76.002,-249.742,cleaning
-1.427,3.125,0.35,88.147,76.002,-249.742,cleaning
-1.427,3.125,0.35,15.487,36.802,-131.81,cleaning
-0.449,3.295,0.669,15.487,36.802,-131.81,cleaning
-0.449,3.295,0.669,-48.825,-55.562,-60.655,cleaning
0.62,3.034,0.889,-48.825,-55.562,-60.655,cleaning
0.62,3.034,0.889,-40.757,-55.195,8.435,cleaning
1.55,2.452,0.296,-40.757,-55.195,8.435,cleaning
1.55,2.452,0.296,-28.805,44.8,127.417,cleaning
2.182,1.51,0.132,-28.805,44.8,127.417,cleaning
2.182,1.51,0.132,-69.772,152.162,260.767,cleaning
2.421,0.541,-0.016,-69.772,152.162,260.767,cleaning
2.421,0.541,-0.016,-155.312,217.052,356.685,cleaning
2.305,0.123,0.235,-155.312,217.052,356.685,cleaning
2.305,0.123,0.235,-275.292,126.735,395.517,cleaning
0.621,-0.199,1.99,-275.292,126.735,395.517,cleaning
-1.211,-1.791,3.341,-289.467,-141.067,327.74,cleaning
-1.799,-3.344,3.158,-289.467,-141.067,327.74,cleaning
-1.799,-3.344,3.158,-158.375,-303.94,155.277,cleaning
-1.857,-3.344,1.787,-158.375,-303.94,155.277,cleaning
-1.857,-3.344,1.787,17.027,-149.012,-25.725,cleaning
-2.298,-1.964,0.804,17.027,-149.012,-25.725,cleaning
-2.298,-1.964,0.804,145.057,7.14,-199.797,cleaning
-3.242,-0.487,-0.278,145.057,7.14,-199.797,cleaning
-3.242,-0.487,-0.278,180.232,-78.47,-357.542,cleaning
-3.463,0.658,-0.313,180.232,-78.47,-357.542,cleaning
-3.463,0.658,-0.313,132.352,-123.27,-397.355,cleaning
-3.261,1.92,0.428,132.352,-123.27,-397.355,cleaning
-3.261,1.92,0.428,92.662,5.407,-301.49,cleaning
-2.246,3.126,0.539,92.662,5.407,-301.49,cleaning
-2.246,3.126,0.539,53.76,87.587,-158.392,cleaning
-0.542,3.827,0.041,53.76,87.587,-158.392,cleaning
-0.542,3.827,0.041,-1.207,94.832,-46.9,cleaning
0.817,3.997,0.356,-1.207,94.832,-46.9,cleaning
1.543,3.512,0.302,-1.207,94.832,-46.9,cleaning
1.543,3.512,0.302,-18.392,43.68,50.435,cleaning
1.905,1.725,0.299,-18.392,43.68,50.435,cleaning
1.905,1.725,0.299,-26.67,28.14,175.98,cleaning
2.044,0.194,0.054,-26.67,28.14,175.98,cleaning
2.044,0.194,0.054,-47.232,136.237,298.34,cleaning
2.283,-0.066,-0.528,-47.232,136.237,298.34,cleaning
2.283,-0.066,-0.528,-129.045,304.955,391.177,cleaning
1.219,0.675,0.846,-129.045,304.955,391.177,cleaning
1.219,0.675,0.846,-257.705,243.425,411.11,cleaning
-0.948,0.285,2.905,-257.705,243.425,411.11,cleaning
-0.948,0.285,2.905,-263.585,-158.27,299.915,cleaning
-2.057,-1.717,3.582,-263.585,-158.27,299.915,cleaning
-2.057,-1.717,3.582,-117.635,-413.14,120.155,cleaning
-1.96,-3.147,2.754,-117.635,-413.14,120.155,cleaning
-1.96,-3.147,2.754,58.817,-256.305,-50.767,cleaning
-1.914,-2.911,1.48,58.817,-256.305,-50.767,cleaning
-1.914,-2.911,1.48,157.92,-4.707,-195.457,cleaning
-2.324,-1.299,0.786,157.92,-4.707,-195.457,cleaning
-2.95,0.176,0.513,157.92,-4.707,-195.457,cleaning
-2.95,0.176,0.513,173.74,6.895,-308.017,cleaning
-3.207,1.296,0.717,173.74,6.895,-308.017,cleaning
-3.207,1.296,0.717,145.932,-70.997,-351.767,cleaning
-2.787,1.958,0.601,145.932,-70.997,-351.767,cleaning
-2.787,1.958,0.601,106.435,-72.537,-307.44,cleaning
-1.844,2.267,0.118,106.435,-72.537,-307.44,cleaning
-1.844,2.267,0.118,47.232,-43.347,-215.425,cleaning
-0.836,2.389,-0.207,47.232,-43.347,-215.425,cleaning
-0.836,2.389,-0.207,-23.24,6.475,-123.287,cleaning
0.262,2.809,0.435,-23.24,6.475,-123.287,cleaning
0.262,2.809,0.435,-34.492,91.35,-57.522,cleaning
1.451,3.531,0.874,-34.492,91.35,-57.522,cleaning
1.451,3.531,0.874,23.695,111.317,26.862,cleaning
2.03,2.675,0.153,23.695,111.317,26.862,cleaning
2.03,2.675,0.153,38.132,93.012,161.262,cleaning
1.916,0.809,-0.579,38.132,93.012,161.262,cleaning
1.916,0.809,-0.579,-11.13,213.867,286.16,cleaning
2.252,0.165,-0.972,-11.13,213.867,286.16,cleaning
1.903,0.67,-0.183,-11.13,213.867,286.16,cleaning
1.903,0.67,-0.183,-128.065,333.97,383.425,cleaning
0.364,0.864,1.74,-128.065,333.97,383.425,cleaning
0.364,0.864,1.74,-246.68,152.11,385.665,cleaning
-0.919,-0.509,2.879,-246.68,152.11,385.665,cleaning
-0.919,-0.509,2.879,-244.247,-183.12,294.157,cleaning
-1.318,-1.999,3.341,-244.247,-183.12,294.157,cleaning
-1.318,-1.999,3.341,-133.717,-317.415,142.345,cleaning
-1.401,-2.521,2.937,-133.717,-317.415,142.345,cleaning
-1.401,-2.521,2.937,-3.237,-215.845,-29.19,cleaning
-1.608,-1.974,2.117,-3.237,-215.845,-29.19,cleaning
-1.608,-1.974,2.117,79.03,-64.155,-167.282,cleaning
-2.003,-1.006,1.369,79.03,-64.155,-167.282,cleaning
-2.003,-1.006,1.369,102.532,-61.6,-274.417,cleaning
-2.47,-0.201,0.661,102.532,-61.6,-274.417,cleaning
-2.47,-0.201,0.661,84.105,-132.247,-344.662,cleaning
-2.695,0.515,0.317,84.105,-132.247,-344.662,cleaning
-2.824,1.562,0.485,55.912,-101.447,-350.105,cleaning
-2.34,3.018,-0.05,55.912,-101.447,-350.105,cleaning
-2.34,3.018,-0.05,50.575,6.44,-288.942,cleaning
-1.023,3.674,-0.513,50.575,6.44,-288.942,cleaning
-1.023,3.674,-0.513,4.462,18.147,-201.197,cleaning
-0.115,3.514,-0.006,4.462,18.147,-201.197,cleaning
-0.115,3.514,-0.006,-69.65,-26.407,-126.892,cleaning
0.606,3.36,0.728,-69.65,-26.407,-126.892,cleaning
0.606,3.36,0.728,-55.387,28.297,-59.5,cleaning
1.199,2.645,0.272,-55.387,28.297,-59.5,cleaning
1.199,2.645,0.272,-16.852,118.282,47.267,cleaning
1.58,1.647,-0.046,-16.852,118.282,47.267,cleaning
1.58,1.647,-0.046,-38.57,241.167,164.885,cleaning
2.101,1.352,0.199,-38.57,241.167,164.885,cleaning
2.101,1.352,0.199,-108.675,292.932,281.557,cleaning
2.123,0.819,0.731,-108.675,292.932,281.557,cleaning
2.123,0.819,0.731,-206.85,154.542,365.26,cleaning
1.261,-0.197,1.493,-206.85,154.542,365.26,cleaning
-0.213,-2.138,2.654,-269.885,-104.965,373.415,cleaning
-0.893,-3.376,3.288,-269.885,-104.965,373.415,cleaning
-0.893,-3.376,3.288,-204.47,-236.95,272.79,cleaning
-1.062,-2.659,3.639,-204.47,-236.95,272.79,cleaning
-1.062,-2.659,3.639,-68.897,-232.417,109.725,cleaning
-1.017,-2.02,2.495,-68.897,-232.417,109.725,cleaning
-1.017,-2.02,2.495,79.047,-192.202,-67.672,cleaning
-2.205,-1.265,0.674,79.047,-192.202,-67.672,cleaning
-2.205,-1.265,0.674,170.257,-109.007,-267.977,cleaning
-3.884,0.111,-0.323,170.257,-109.007,-267.977,cleaning
-3.884,0.111,-0.323,175.49,-79.625,-393.61,cleaning
-3.997,1.516,-0.204,175.49,-79.625,-393.61,cleaning
-3.997,1.516,-0.204,133.367,-22.89,-376.652,cleaning
-3.309,2.856,0.249,133.367,-22.89,-376.652,cleaning
-3.309,2.856,0.249,79.677,84.07,-263.287,cleaning
-2.121,3.8,0.111,79.677,84.07,-263.287,cleaning
-2.121,3.8,0.111,-6.107,29.295,-146.212,cleaning
-0.739,3.067,0.086,-6.107,29.295,-146.212,cleaning
0.081,2.16,0.836,-6.107,29.295,-146.212,cleaning
0.081,2.16,0.836,-83.44,-68.18,-91.052,cleaning
0.767,1.45,1.187,-83.44,-68.18,-91.052,cleaning
0.767,1.45,1.187,-66.99,-31.885,-44.24,cleaning
1.134,0.768,0.861,-66.99,-31.885,-44.24,cleaning
1.134,0.768,0.861,-19.215,85.505,32.27,cleaning
1.507,0.239,0.375,-19.215,85.505,32.27,cleaning
1.507,0.239,0.375,-15.557,192.937,123.077,cleaning
1.687,-0.051,0.252,-15.557,192.937,123.077,cleaning
1.687,-0.051,0.252,-73.202,212.852,190.4,cleaning
0.928,-0.127,0.95,-73.202,212.852,190.4,cleaning
0.928,-0.127,0.95,-144.182,75.145,199.727,cleaning
-0.419,-0.853,2.239,-144.182,75.145,199.727,cleaning
-0.419,-0.853,2.239,-123.357,-106.155,135.625,cleaning
-1.13,-1.597,2.629,-123.357,-106.155,135.625,cleaning
-1.13,-1.597,2.629,-21.192,-113.96,38.78,cleaning
-1.263,-1.322,2.064,-21.192,-113.96,38.78,cleaning
-1.263,-1.322,2.064,62.37,-18.62,-29.54,cleaning
-0.938,-0.395,1.066,62.37,-18.62,-29.54,cleaning
-0.754,0.382,0.5,62.37,-18.62,-29.54,cleaning
-0.754,0.382,0.5,80.202,4.235,-66.885,cleaning
-0.752,0.622,0.442,80.202,4.235,-66.885,cleaning
-0.752,0.622,0.442,52.692,-79.152,-97.195,cleaning
-0.752,0.391,0.61,52.692,-79.152,-97.195,cleaning
-0.752,0.391,0.61,20.755,-146.527,-113.085,cleaning
-0.733,0.223,0.736,20.755,-146.527,-113.085,cleaning
-0.733,0.223,0.736,7.56,-105.525,-105.402,cleaning
-0.601,0.393,0.762,7.56,-105.525,-105.402,cleaning
-0.601,0.393,0.762,10.92,-0.997,-77.14,cleaning
-0.435,0.715,0.757,10.92,-0.997,-77.14,cleaning
-0.435,0.715,0.757,13.44,41.265,-53.217,cleaning
-0.306,0.832,0.76,13.44,41.265,-53.217,cleaning
-0.306,0.832,0.76,9.782,4.025,-40.46,cleaning
-0.24,0.678,0.709,9.782,4.025,-40.46,cleaning
-0.24,0.678,0.709,3.78,-33.6,-31.745,cleaning
-0.206,0.372,0.7,3.78,-33.6,-31.745,cleaning
-0.206,0.372,0.7,3.132,-26.092,-23.362,cleaning
-0.176,0.175,0.703,3.132,-26.092,-23.362,cleaning
-0.146,0.119,0.693,3.132,-26.092,-23.362,cleaning
-0.146,0.119,0.693,5.705,8.942,-17.027,cleaning
-0.145,0.148,0.735,5.705,8.942,-17.027,cleaning
-0.145,0.148,0.735,8.82,42.805,-11.707,cleaning
-0.153,0.192,0.815,8.82,42.805,-11.707,cleaning
-0.153,0.192,0.815,14.035,55.177,-9.957,cleaning
-0.134,0.207,0.832,14.035,55.177,-9.957,cleaning
-0.134,0.207,0.832,20.86,53.567,-11.795,cleaning
-0.124,0.238,0.892,20.86,53.567,-11.795,cleaning
-0.124,0.238,0.892,30.467,56.577,-13.982,cleaning
-0.132,0.326,0.985,30.467,56.577,-13.982,cleaning
-0.132,0.326,0.985,44.677,60.322,-12.635,cleaning
-0.131,0.394,1.033,44.677,60.322,-12.635,cleaning
-0.131,0.394,1.033,60.252,61.705,-10.132,cleaning
-0.135,0.492,1.03,60.252,61.705,-10.132,cleaning
-0.135,0.492,1.03,70.297,51.87,-8.872,cleaning
-0.139,0.561,0.979,70.297,51.87,-8.872,cleaning
-0.139,0.561,0.979,72.695,40.775,-3.132,cleaning
-0.116,0.585,0.909,72.695,40.775,-3.132,cleaning
-0.043,0.607,0.884,72.695,40.775,-3.132,cleaning
-0.043,0.607,0.884,68.617,42.665,11.812,cleaning
0.078,0.617,0.891,68.617,42.665,11.812,cleaning
0.078,0.617,0.891,58.502,45.115,31.71,cleaning
0.201,0.561,0.894,58.502,45.115,31.71,cleaning
0.201,0.561,0.894,38.657,33.845,53.06,cleaning
0.266,0.501,0.933,38.657,33.845,53.06,cleaning
0.266,0.501,0.933,11.235,10.307,71.032,cleaning
0.255,0.414,0.998,11.235,10.307,71.032,cleaning
0.255,0.414,0.998,-15.067,-17.552,84.875,cleaning
0.24,0.327,1.028,-15.067,-17.552,84.875,cleaning
0.24,0.327,1.028,-34.37,-38.972,95.847,cleaning
0.188,0.203,1.063,-34.37,-38.972,95.847,cleaning
0.188,0.203,1.063,-45.447,-55.055,96.6,cleaning
0.116,0.042,1.053,-45.447,-55.055,96.6,cleaning
0.116,0.042,1.053,-48.247,-61.67,84.437,cleaning
0.048,-0.141,1.017,-48.247,-61.67,84.437,cleaning
-0.012,-0.246,0.978,-43.435,-51.24,61.53,cleaning
-0.053,-0.273,0.933,-43.435,-51.24,61.53,cleaning
-0.053,-0.273,0.933,-32.532,-27.265,31.552,cleaning
-0.153,-0.233,0.955,-32.532,-27.265,31.552,cleaning
-0.153,-0.233,0.955,-20.125,-7.227,-5.512,cleaning
-0.293,-0.228,1.018,-20.125,-7.227,-5.512,cleaning
-0.293,-0.228,1.018,-4.41,-10.797,-53.585,cleaning
-0.477,-0.252,1.088,-4.41,-10.797,-53.585,cleaning
-0.477,-0.252,1.088,17.29,-19.635,-104.405,cleaning
-0.682,-0.154,1.101,17.29,-19.635,-104.405,cleaning
-0.682,-0.154,1.101,43.68,-4.637,-141.382,cleaning
-0.813,0.021,1.045,43.68,-4.637,-141.382,cleaning
-0.813,0.021,1.045,65.065,12.652,-161.455,cleaning
-0.909,0.21,0.975,65.065,12.652,-161.455,cleaning
-0.909,0.21,0.975,72.065,4.795,-171.202,cleaning
-1.002,0.422,0.971,72.065,4.795,-171.202,cleaning
-1.002,0.422,0.971,69.755,-31.482,-173.915,cleaning
-1.076,0.586,0.992,69.755,-31.482,-173.915,cleaning
-1.068,0.703,0.959,69.755,-31.482,-173.915,cleaning
-1.068,0.703,0.959,65.607,-65.782,-164.92,cleaning
-1.014,0.714,0.887,65.607,-65.782,-164.92,cleaning
-1.014,0.714,0.887,58.485,-70.945,-140.315,cleaning
-0.867,0.678,0.788,58.485,-70.945,-140.315,cleaning
-0.867,0.678,0.788,51.73,-48.755,-107.082,cleaning
-0.696,0.702,0.691,51.73,-48.755,-107.082,cleaning
-0.696,0.702,0.691,42.735,-17.027,-75.985,cleaning
-0.553,0.76,0.622,42.735,-17.027,-75.985,cleaning
-0.553,0.76,0.622,31.972,11.742,-49.752,cleaning
-0.431,0.865,0.616,31.972,11.742,-49.752,cleaning
-0.431,0.865,0.616,25.742,46.567,-23.625,cleaning
-0.287,1.015,0.68,25.742,46.567,-23.625,cleaning
-0.287,1.015,0.68,24.727,66.08,-3.482,cleaning
-0.122,1.126,0.729,24.727,66.08,-3.482,cleaning
-0.122,1.126,0.729,25.76,57.715,11.445,cleaning
0.021,1.127,0.72,25.76,57.715,11.445,cleaning
0.021,1.127,0.72,25.147,39.235,26.25,cleaning
0.189,1.009,0.681,25.147,39.235,26.25,cleaning
0.437,0.882,0.69,25.147,39.235,26.25,cleaning
0.437,0.882,0.69,25.427,42.367,44.24,cleaning
0.719,0.787,0.684,25.427,42.367,44.24,cleaning
0.719,0.787,0.684,25.235,57.767,62.86,cleaning
0.938,0.666,0.657,25.235,57.767,62.86,cleaning
0.938,0.666,0.657,17.587,64.05,84.717,cleaning
1.015,0.477,0.643,17.587,64.05,84.717,cleaning
1.015,0.477,0.643,1.417,57.487,106.365,cleaning
0.995,0.295,0.684,1.417,57.487,106.365,cleaning
0.995,0.295,0.684,-17.027,49.892,123.375,cleaning
0.947,0.142,0.732,-17.027,49.892,123.375,cleaning
0.947,0.142,0.732,-31.272,59.097,136.535,cleaning
0.846,0.065,0.755,-31.272,59.097,136.535,cleaning
0.846,0.065,0.755,-43.697,79.292,144.375,cleaning
0.725,0.073,0.741,-43.697,79.292,144.375,cleaning
0.725,0.073,0.741,-59.78,90.79,145.53,cleaning
0.623,0.127,0.773,-59.78,90.79,145.53,cleaning
0.623,0.127,0.773,-78.137,77.56,136.08,cleaning
0.494,0.203,0.844,-78.137,77.56,136.08,cleaning
0.314,0.21,0.951,-78.137,77.56,136.08,cleaning
0.314,0.21,0.951,-92.47,43.242,114.66,cleaning
0.135,0.207,1.077,-92.47,43.242,114.66,cleaning
0.135,0.207,1.077,-94.167,5.757,84.472,cleaning
-0.022,0.251,1.173,-94.167,5.757,84.472,cleaning
-0.022,0.251,1.173,-81.97,-14.385,51.765,cleaning
-0.198,0.362,1.259,-81.97,-14.385,51.765,cleaning
-0.198,0.362,1.259,-61.32,-20.44,20.002,cleaning
-0.34,0.488,1.351,-61.32,-20.44,20.002,cleaning
-0.34,0.488,1.351,-34.125,-28.227,-8.592,cleaning
-0.446,0.492,1.344,-34.125,-28.227,-8.592,cleaning
-0.446,0.492,1.344,-6.702,-39.182,-37.152,cleaning
-0.519,0.436,1.258,-6.702,-39.182,-37.152,cleaning
-0.519,0.436,1.258,15.417,-47.95,-61.757,cleaning
-0.579,0.364,1.153,15.417,-47.95,-61.757,cleaning
-0.579,0.364,1.153,29.89,-56.927,-81.375,cleaning
-0.605,0.31,1.02,29.89,-56.927,-81.375,cleaning
-0.605,0.31,1.02,37.24,-56.07,-96.302,cleaning
-0.646,0.181,0.878,37.24,-56.07,-96.302,cleaning
-0.635,0.142,0.772,37.24,-56.07,-96.302,cleaning
-0.635,0.142,0.772,40.11,-40.565,-111.527,cleaning
-0.714,0.2,0.742,40.11,-40.565,-111.527,cleaning
-0.714,0.2,0.742,39.007,-21.297,-123.13,cleaning
-0.801,0.328,0.808,39.007,-21.297,-123.13,cleaning
-0.801,0.328,0.808,39.76,-13.877,-130.83,cleaning
-0.835,0.4,0.861,39.76,-13.877,-130.83,cleaning
-0.835,0.4,0.861,46.077,-14.315,-130.69,cleaning
-0.833,0.438,0.86,46.077,-14.315,-130.69,cleaning
-0.833,0.438,0.86,55.002,-14.735,-125.545,cleaning
-0.852,0.358,0.698,55.002,-14.735,-125.545,cleaning
-0.852,0.358,0.698,64.137,-3.185,-122.552,cleaning
-0.904,0.32,0.502,64.137,-3.185,-122.552,cleaning
-0.904,0.32,0.502,71.68,28.892,-120.242,cleaning
-0.929,0.399,0.317,71.68,28.892,-120.242,cleaning
-0.929,0.399,0.317,76.422,77.28,-106.837,cleaning
-0.841,0.669,0.158,76.422,77.28,-106.837,cleaning
-0.719,0.997,0.166,72.485,133.56,-77.822,cleaning
-0.615,1.466,0.386,72.485,133.56,-77.822,cleaning
-0.615,1.466,0.386,66.29,161.7,-45.43,cleaning
-0.516,1.806,0.575,66.29,161.7,-45.43,cleaning
-0.516,1.806,0.575,63.087,118.702,-16.59,cleaning
-0.355,1.625,0.545,63.087,118.702,-16.59,cleaning
-0.355,1.625,0.545,59.132,31.097,-2.345,cleaning
-0.17,1.285,0.432,59.132,31.097,-2.345,cleaning
-0.17,1.285,0.432,49.28,-18.287,2.8,cleaning
0.037,1.042,0.359,49.28,-18.287,2.8,cleaning
0.037,1.042,0.359,32.217,-20.195,4.27,cleaning
0.251,1.049,0.422,32.217,-20.195,4.27,cleaning
0.251,1.049,0.422,18.655,3.552,1.26,cleaning
0.633,1.189,0.472,18.655,3.552,1.26,cleaning
0.633,1.189,0.472,10.255,38.255,6.195,cleaning
1.017,1.439,0.63,10.255,38.255,6.195,cleaning
1.017,1.439,0.63,2.765,50.907,28.63,cleaning
1.196,1.537,0.711,2.765,50.907,28.63,cleaning
1.215,1.329,0.54,-6.685,23.1,57.54,cleaning
1.165,0.97,0.365,-6.685,23.1,57.54,cleaning
1.165,0.97,0.365,-25.252,-0.28,89.267,cleaning
1.093,0.605,0.237,-25.252,-0.28,89.267,cleaning
1.093,0.605,0.237,-55.667,-1.872,125.247,cleaning
0.965,0.246,0.164,-55.667,-1.872,125.247,cleaning
0.965,0.246,0.164,-95.55,19.845,156.905,cleaning
0.813,0.037,0.166,-95.55,19.845,156.905,cleaning
0.813,0.037,0.166,-140.14,61.495,178.097,cleaning
0.635,0.136,0.363,-140.14,61.495,178.097,cleaning
0.635,0.136,0.363,-180.372,95.41,190.207,cleaning
0.353,0.309,0.722,-180.372,95.41,190.207,cleaning
0.353,0.309,0.722,-199.325,91.052,189.962,cleaning
0.14,0.452,1.039,-199.325,91.052,189.962,cleaning
0.14,0.452,1.039,-196.017,50.855,177.712,cleaning
0.029,0.547,1.335,-196.017,50.855,177.712,cleaning
0.029,0.547,1.335,-174.912,-21.577,152.932,cleaning
-0.075,0.472,1.574,-174.912,-21.577,152.932,cleaning
-0.138,0.309,1.655,-174.912,-21.577,152.932,cleaning
-0.138,0.309,1.655,-136.255,-93.607,113.19,cleaning
-0.204,0.197,1.637,-136.255,-93.607,113.19,cleaning
-0.204,0.197,1.637,-85.82,-123.392,68.53,cleaning
-0.325,0.049,1.54,-85.82,-123.392,68.53,cleaning
-0.325,0.049,1.54,-35.052,-117.88,18.252,cleaning
-0.438,0.005,1.344,-35.052,-117.88,18.252,cleaning
-0.438,0.005,1.344,5.425,-88.602,-32.007,cleaning
-0.641,0.059,1.142,5.425,-88.602,-32.007,cleaning
-0.641,0.059,1.142,32.357,-49.595,-74.672,cleaning
-0.801,0.183,1.038,32.357,-49.595,-74.672,cleaning
-0.801,0.183,1.038,47.18,-39.007,-111.632,cleaning
-0.939,0.164,0.926,47.18,-39.007,-111.632,cleaning
-0.939,0.164,0.926,53.445,-55.265,-145.425,cleaning
-1.006,-0.028,0.791,53.445,-55.265,-145.425,cleaning
-1.006,-0.028,0.791,55.93,-60.62,-179.952,cleaning
-0.987,-0.147,0.644,55.93,-60.62,-179.952,cleaning
-0.987,-0.147,0.644,56.507,-27.737,-204.382,cleaning
-1.089,-0.035,0.778,56.507,-27.737,-204.382,cleaning
-1.13,0.135,0.978,56.507,-27.737,-204.382,cleaning
-1.13,0.135,0.978,72.905,18.095,-216.3,cleaning
-1.129,0.338,1.065,72.905,18.095,-216.3,cleaning
-1.129,0.338,1.065,102.077,37.135,-221.13,cleaning
-1.08,0.426,0.99,102.077,37.135,-221.13,cleaning
-1.08,0.426,0.99,126.735,17.01,-225.207,cleaning
-1.034,0.511,0.701,126.735,17.01,-225.207,cleaning
-1.034,0.511,0.701,130.882,3.867,-224.175,cleaning
-1.025,0.788,0.548,130.882,3.867,-224.175,cleaning
-1.025,0.788,0.548,113.365,4.305,-206.22,cleaning
-1.032,1.088,0.38,113.365,4.305,-206.22,cleaning
-1.032,1.088,0.38,84.945,3.5,-165.48,cleaning
-1.015,1.158,0.241,84.945,3.5,-165.48,cleaning
-1.015,1.158,0.241,54.32,16.467,-117.915,cleaning
-0.911,1.324,0.12,54.32,16.467,-117.915,cleaning
-0.911,1.324,0.12,27.037,23.852,-71.382,cleaning
-0.787,1.503,0.166,27.037,23.852,-71.382,cleaning
-0.787,1.503,0.166,8.942,-8.19,-44.66,cleaning
-0.689,1.38,0.35,8.942,-8.19,-44.66,cleaning
-0.505,1.074,0.33,8.942,-8.19,-44.66,cleaning
-0.505,1.074,0.33,1.802,-62.51,-37.992,cleaning
-0.316,0.887,0.358,1.802,-62.51,-37.992,cleaning
-0.316,0.887,0.358,-0.525,-58.712,-26.81,cleaning
-0.208,0.929,0.505,-0.525,-58.712,-26.81,cleaning
-0.208,0.929,0.505,1.015,-16.922,-10.762,cleaning
-0.036,1.04,0.655,1.015,-16.922,-10.762,cleaning
-0.036,1.04,0.655,5.775,17.657,8.085,cleaning
0.134,1.132,0.765,5.775,17.657,8.085,cleaning
0.134,1.132,0.765,10.64,40.092,27.93,cleaning
0.307,1.175,0.79,10.64,40.092,27.93,cleaning
0.307,1.175,0.79,12.197,45.727,47.985,cleaning
0.549,1.135,0.701,12.197,45.727,47.985,cleaning
0.549,1.135,0.701,4.76,42.017,72.52,cleaning
0.76,0.969,0.603,4.76,42.017,72.52,cleaning
0.76,0.969,0.603,-13.09,37.275,98.227,cleaning
0.901,0.79,0.571,-13.09,37.275,98.227,cleaning
0.984,0.667,0.577,-36.032,41.002,125.562,cleaning
0.935,0.567,0.687,-36.032,41.002,125.562,cleaning
0.935,0.567,0.687,-61.25,41.16,153.352,cleaning
0.797,0.441,0.828,-61.25,41.16,153.352,cleaning
0.797,0.441,0.828,-84.192,22.855,174.72,cleaning
0.598,0.261,1.037,-84.192,22.855,174.72,cleaning
0.598,0.261,1.037,-99.732,-6.44,189.77,cleaning
0.38,0.005,1.184,-99.732,-6.44,189.77,cleaning
0.38,0.005,1.184,-100.415,-18.13,198.012,cleaning
0.263,-0.167,1.276,-100.415,-18.13,198.012,cleaning
0.263,-0.167,1.276,-91.367,-5.022,196.63,cleaning
0.202,-0.206,1.336,-91.367,-5.022,196.63,cleaning
0.202,-0.206,1.336,-78.767,10.36,182.052,cleaning
0.098,-0.089,1.419,-78.767,10.36,182.052,cleaning
0.098,-0.089,1.419,-63.735,0.7,150.395,cleaning
-0.102,-0.135,1.554,-63.735,0.7,150.395,cleaning
-0.102,-0.135,1.554,-44.257,-34.737,99.96,cleaning
-0.205,-0.168,1.497,-44.257,-34.737,99.96,cleaning
-0.265,-0.1,1.403,-44.257,-34.737,99.96,cleaning
-0.265,-0.1,1.403,-22.54,-36.032,56.017,cleaning
-0.461,0.001,1.323,-22.54,-36.032,56.017,cleaning
-0.461,0.001,1.323,-2.205,-11.567,18.13,cleaning
-0.653,0.125,1.193,-2.205,-11.567,18.13,cleaning
-0.653,0.125,1.193,17.815,4.655,-25.06,cleaning
-0.788,0.319,0.995,17.815,4.655,-25.06,cleaning
-0.788,0.319,0.995,30.712,0.332,-65.887,cleaning
-0.885,0.509,0.887,30.712,0.332,-65.887,cleaning
-0.885,0.509,0.887,33.022,-24.5,-89.67,cleaning
-0.962,0.547,0.837,33.022,-24.5,-89.67,cleaning
-0.962,0.547,0.837,32.445,-64.172,-105.525,cleaning
-0.983,0.484,0.776,32.445,-64.172,-105.525,cleaning
-0.983,0.484,0.776,33.6,-76.195,-115.815,cleaning
-1.024,0.489,0.747,33.6,-76.195,-115.815,cleaning
-1.024,0.489,0.747,39.847,-65.502,-122.36,cleaning
-1.028,0.573,0.699,39.847,-65.502,-122.36,cleaning
-1.028,0.573,0.699,48.037,-65.222,-125.965,cleaning
-1.032,0.59,0.711,48.037,-65.222,-125.965,cleaning
-0.989,0.65,0.695,48.037,-65.222,-125.965,cleaning
-0.989,0.65,0.695,58.8,-72.555,-126.962,cleaning
-0.924,0.734,0.66,58.8,-72.555,-126.962,cleaning
-0.924,0.734,0.66,69.667,-64.907,-119.122,cleaning
-0.784,0.845,0.6,69.667,-64.907,-119.122,cleaning
-0.784,0.845,0.6,79.782,-28.35,-96.53,cleaning
-0.563,1.038,0.58,79.782,-28.35,-96.53,cleaning
-0.563,1.038,0.58,86.135,13.422,-67.637,cleaning
-0.2,1.259,0.519,86.135,13.422,-67.637,cleaning
-0.2,1.259,0.519,90.825,48.492,-40.512,cleaning
0.284,1.562,0.432,90.825,48.492,-40.512,cleaning
0.284,1.562,0.432,92.732,90.405,-13.492,cleaning
0.77,1.941,0.294,92.732,90.405,-13.492,cleaning
0.77,1.941,0.294,82.145,88.777,24.29,cleaning
1.021,2.02,0.217,82.145,88.777,24.29,cleaning
1.021,2.02,0.217,54.932,14.735,64.085,cleaning
1.056,1.576,0.158,54.932,14.735,64.085,cleaning
1.056,1.576,0.158,23.065,-54.302,99.067,cleaning
0.983,0.945,0.155,23.065,-54.302,99.067,cleaning
0.931,0.395,0.224,23.065,-54.302,99.067,cleaning
0.931,0.395,0.224,-3.115,-61.932,128.152,cleaning
0.894,-0.066,0.313,-3.115,-61.932,128.152,cleaning
0.894,-0.066,0.313,-25.917,-20.86,147.7,cleaning
0.894,-0.32,0.396,-25.917,-20.86,147.7,cleaning
0.894,-0.32,0.396,-48.09,52.972,158.865,cleaning
0.833,-0.275,0.564,-48.09,52.972,158.865,cleaning
0.833,-0.275,0.564,-69.562,130.865,159.862,cleaning
0.744,-0.024,0.727,-69.562,130.865,159.862,cleaning
0.744,-0.024,0.727,-83.982,181.492,149.87,cleaning
0.636,0.338,0.938,-83.982,181.492,149.87,cleaning
0.636,0.338,0.938,-89.495,190.347,134.715,cleaning
0.493,0.691,1.162,-89.495,190.347,134.715,cleaning
0.493,0.691,1.162,-87.255,134.242,110.635,cleaning
0.271,0.784,1.315,-87.255,134.242,110.635,cleaning
0.271,0.784,1.315,-79.135,32.515,76.492,cleaning
0.072,0.585,1.377,-79.135,32.515,76.492,cleaning
0.072,0.585,1.377,-65.17,-54.95,39.042,cleaning
-0.09,0.272,1.338,-65.17,-54.95,39.042,cleaning
-0.212,0.119,1.274,-65.17,-54.95,39.042,cleaning
-0.212,0.119,1.274,-46.025,-81.9,3.237,cleaning
-0.361,0.109,1.239,-46.025,-81.9,3.237,cleaning
-0.361,0.109,1.239,-23.187,-65.38,-26.932,cleaning
-0.521,0.211,1.206,-23.187,-65.38,-26.932,cleaning
-0.521,0.211,1.206,0.49,-47.967,-58.275,cleaning
-0.637,0.417,1.226,0.49,-47.967,-58.275,cleaning
-0.637,0.417,1.226,23.152,-57.172,-87.43,cleaning
-0.746,0.559,1.221,23.152,-57.172,-87.43,cleaning
-0.746,0.559,1.221,45.43,-87.605,-108.92,cleaning
-0.753,0.581,1.146,45.43,-87.605,-108.92,cleaning
-0.753,0.581,1.146,64.225,-113.872,-123.655,cleaning
-0.686,0.547,0.956,64.225,-113.872,-123.655,cleaning
-0.686,0.547,0.956,73.272,-114.432,-128.047,cleaning
-0.608,0.514,0.744,73.272,-114.432,-128.047,cleaning
-0.608,0.514,0.744,73.132,-85.75,-121.87,cleaning
-0.511,0.54,0.606,73.132,-85.75,-121.87,cleaning
-0.511,0.54,0.606,66.325,-54.81,-112.91,cleaning
-0.379,0.578,0.565,66.325,-54.81,-112.91,cleaning
-0.227,0.632,0.546,66.325,-54.81,-112.91,cleaning
-0.227,0.632,0.546,57.592,-31.097,-105.875,cleaning
-0.059,0.714,0.523,57.592,-31.097,-105.875,cleaning
-0.059,0.714,0.523,49.122,-3.36,-94.955,cleaning
0.099,0.863,0.571,49.122,-3.36,-94.955,cleaning
0.099,0.863,0.571,41.44,27.545,-76.615,cleaning
0.231,1.036,0.604,41.44,27.545,-76.615,cleaning
0.231,1.036,0.604,35.63,43.26,-54.372,cleaning
0.333,1.116,0.579,35.63,43.26,-54.372,cleaning
0.333,1.116,0.579,26.705,27.37,-37.345,cleaning
0.395,1.021,0.532,26.705,27.37,-37.345,cleaning
0.395,1.021,0.532,14.052,-1.89,-26.337,cleaning
0.401,0.841,0.525,14.052,-1.89,-26.337,cleaning
0.401,0.841,0.525,2.957,-19.39,-17.78,cleaning
0.389,0.673,0.563,2.957,-19.39,-17.78,cleaning
0.389,0.673,0.563,-4.497,-21.122,-13.282,cleaning
0.356,0.566,0.663,-4.497,-21.122,-13.282,cleaning
0.239,0.568,0.862,-5.775,-16.502,-13.405,cleaning
0.106,0.589,1.047,-5.775,-16.502,-13.405,cleaning
0.106,0.589,1.047,2.222,-15.277,-13.142,cleaning
0.084,0.511,1.04,2.222,-15.277,-13.142,cleaning
0.084,0.511,1.04,14.507,-19.372,-14.262,cleaning
0.104,0.403,0.939,14.507,-19.372,-14.262,cleaning
0.104,0.403,0.939,20.86,-20.527,-17.237,cleaning
0.106,0.342,0.855,20.86,-20.527,-17.237,cleaning
0.106,0.342,0.855,19.652,-13.055,-18.952,cleaning
0.067,0.347,0.83,19.652,-13.055,-18.952,cleaning
0.067,0.347,0.83,14.087,-5.127,-19.337,cleaning
0.006,0.398,0.845,14.087,-5.127,-19.337,cleaning
0.006,0.398,0.845,8.172,-5.127,-18.497,cleaning
-0.023,0.427,0.851,8.172,-5.127,-18.497,cleaning
-0.023,0.427,0.851,2.922,-10.15,-16.747,cleaning
-0.024,0.433,0.84,2.922,-10.15,-16.747,cleaning
-0.024,0.433,0.84,-1.557,-14.175,-14.42,cleaning
0.015,0.421,0.802,-1.557,-14.175,-14.42,cleaning
0.021,0.411,0.818,-1.557,-14.175,-14.42,cleaning
0.021,0.411,0.818,-6.79,-16.73,-11.882,cleaning
0.029,0.424,0.862,-6.79,-16.73,-11.882,cleaning
0.029,0.424,0.862,-9.59,-15.312,-9.642,cleaning
0.045,0.427,0.911,-9.59,-15.312,-9.642,cleaning
0.045,0.427,0.911,-8.715,-12.267,-9.327,cleaning
0.045,0.444,0.935,-8.715,-12.267,-9.327,cleaning
0.045,0.444,0.935,-3.972,-5.827,-10.395,cleaning
0.055,0.473,0.915,-3.972,-5.827,-10.395,cleaning
0.055,0.473,0.915,1.977,0.192,-10.535,cleaning
0.049,0.486,0.869,1.977,0.192,-10.535,cleaning
0.049,0.486,0.869,5.67,0.945,-10.675,cleaning
0.02,0.499,0.849,5.67,0.945,-10.675,cleaning
0.02,0.499,0.849,7.91,-0.612,-9.257,cleaning
-0.027,0.521,0.837,7.91,-0.612,-9.257,cleaning
-0.027,0.521,0.837,10.062,-5.075,-6.265,cleaning
-0.121,0.566,0.835,10.062,-5.075,-6.265,cleaning
-0.121,0.566,0.835,12.95,-11.62,-0.7,cleaning
-0.297,0.621,0.822,12.95,-11.62,-0.7,cleaning
-0.524,0.743,0.792,12.95,-11.62,-0.7,cleaning
-0.524,0.743,0.792,17.955,-18.06,5.232,cleaning
-0.587,0.844,0.761,17.955,-18.06,5.232,cleaning
-0.587,0.844,0.761,24.762,-16.397,18.445,cleaning
-0.54,0.877,0.719,24.762,-16.397,18.445,cleaning
-0.54,0.877,0.719,27.457,-11.112,41.072,cleaning
-0.362,0.827,0.588,27.457,-11.112,41.072,cleaning
-0.362,0.827,0.588,20.965,-4.462,65.275,cleaning
-0.018,0.76,0.455,20.965,-4.462,65.275,cleaning
-0.018,0.76,0.455,3.587,19.74,81.812,cleaning
0.438,0.775,0.485,3.587,19.74,81.812,cleaning
0.438,0.775,0.485,-19.267,51.327,88.567,cleaning
0.799,0.875,0.689,-19.267,51.327,88.567,cleaning
0.799,0.875,0.689,-37.275,59.937,92.89,cleaning
1.003,0.849,0.771,-37.275,59.937,92.89,cleaning
1.003,0.849,0.771,-46.445,52.132,102.882,cleaning
1.142,0.671,0.724,-46.445,52.132,102.882,cleaning
1.142,0.671,0.724,-55.72,45.675,119.542,cleaning
1.108,0.397,0.712,-55.72,45.675,119.542,cleaning
0.993,0.195,0.737,-55.72,45.675,119.542,cleaning
0.993,0.195,0.737,-67.007,47.67,136.062,cleaning
0.831,0.084,0.8,-67.007,47.67,136.062,cleaning
0.831,0.084,0.8,-78.557,51.8,145.442,cleaning
0.665,0.007,0.862,-78.557,51.8,145.442,cleaning
0.665,0.007,0.862,-88.672,50.645,141.277,cleaning
0.427,-0.068,0.967,-88.672,50.645,141.277,cleaning
0.427,-0.068,0.967,-97.282,38.797,119.262,cleaning
0.143,-0.131,1.16,-97.282,38.797,119.262,cleaning
0.143,-0.131,1.16,-98.262,2.975,75.687,cleaning
-0.121,-0.146,1.376,-98.262,2.975,75.687,cleaning
-0.121,-0.146,1.376,-83.965,-40.74,22.452,cleaning
-0.439,-0.124,1.58,-83.965,-40.74,22.452,cleaning
-0.439,-0.124,1.58,-56.07,-54.985,-26.32,cleaning
-0.659,-0.105,1.612,-56.07,-54.985,-26.32,cleaning
-0.659,-0.105,1.612,-21.735,-44.957,-69.737,cleaning
-0.844,-0.012,1.54,-21.735,-44.957,-69.737,cleaning
-0.844,-0.012,1.54,14.035,-16.432,-99.085,cleaning
-1.022,0.121,1.399,14.035,-16.432,-99.085,cleaning
-1.064,0.278,1.132,14.035,-16.432,-99.085,cleaning
-1.064,0.278,1.132,45.237,-0.472,-119.28,cleaning
-1.033,0.355,0.848,45.237,-0.472,-119.28,cleaning
-1.033,0.355,0.848,62.72,-17.43,-130.602,cleaning
-0.968,0.313,0.645,62.72,-17.43,-130.602,cleaning
-0.968,0.313,0.645,63.367,-67.76,-144.55,cleaning
-0.948,0.263,0.537,63.367,-67.76,-144.55,cleaning
-0.948,0.263,0.537,55.93,-106.645,-154.525,cleaning
-0.917,0.3,0.516,55.93,-106.645,-154.525,cleaning
-0.917,0.3,0.516,51.817,-94.202,-153.807,cleaning
-0.858,0.515,0.596,51.817,-94.202,-153.807,cleaning
-0.858,0.515,0.596,53.252,-48.44,-140.927,cleaning
-0.81,0.892,0.703,53.252,-48.44,-140.927,cleaning
-0.81,0.892,0.703,62.125,4.637,-109.795,cleaning
-0.805,1.388,0.8,62.125,4.637,-109.795,cleaning
-0.805,1.388,0.8,79.94,55.93,-65.485,cleaning
-0.569,1.807,0.751,79.94,55.93,-65.485,cleaning
-0.051,2.078,0.442,97.23,88.252,-22.96,cleaning
0.443,2.079,0.139,97.23,88.252,-22.96,cleaning
0.443,2.079,0.139,91.367,51.362,4.602,cleaning
0.701,1.69,0.004,91.367,51.362,4.602,cleaning
0.701,1.69,0.004,60.812,-36.4,23.345,cleaning
0.966,1.046,0.006,60.812,-36.4,23.345,cleaning
0.966,1.046,0.006,24.745,-71.627,46.62,cleaning
1.101,0.479,0.226,24.745,-71.627,46.62,cleaning
1.101,0.479,0.226,-7.892,-25.445,80.36,cleaning
1.174,0.14,0.432,-7.892,-25.445,80.36,cleaning
1.174,0.14,0.432,-34.825,50.19,117.005,cleaning
1.21,-0.017,0.639,-34.825,50.19,117.005,cleaning
1.21,-0.017,0.639,-62.405,107.537,147.997,cleaning
1.044,-0.043,1,-62.405,107.537,147.997,cleaning
1.044,-0.043,1,-81.06,117.915,162.872,cleaning
0.826,-0.033,1.306,-81.06,117.915,162.872,cleaning
0.826,-0.033,1.306,-84.332,95.97,162.452,cleaning
