acc_x,acc_y,acc_z,gyro_x,gyro_y,gyro_z,label
0.337,0.867,-0.193,-26.337,8.102,-6.86,brushing
0.337,0.867,-0.193,-23.73,8.33,-8.33,brushing
0.344,0.86,-0.194,-23.73,8.33,-8.33,brushing
0.344,0.86,-0.194,-21.07,9.38,-9.73,brushing
0.349,0.861,-0.191,-21.07,9.38,-9.73,brushing
0.349,0.861,-0.191,-18.812,10.062,-11.252,brushing
0.356,0.865,-0.188,-18.812,10.062,-11.252,brushing
0.356,0.865,-0.188,-16.73,9.975,-12.565,brushing
0.363,0.871,-0.177,-16.73,9.975,-12.565,brushing
0.363,0.871,-0.177,-14.507,8.785,-13.545,brushing
0.371,0.877,-0.167,-14.507,8.785,-13.545,brushing
0.371,0.877,-0.167,-11.987,7.297,-14.052,brushing
0.377,0.883,-0.164,-11.987,7.297,-14.052,brushing
0.377,0.883,-0.164,-9.24,5.915,-14.035,brushing
0.384,0.895,-0.159,-9.24,5.915,-14.035,brushing
0.384,0.895,-0.159,-6.737,2.712,-13.632,brushing
0.391,0.898,-0.163,-6.737,2.712,-13.632,brushing
0.391,0.898,-0.163,-4.585,-1.19,-13.055,brushing
0.397,0.897,-0.169,-4.585,-1.19,-13.055,brushing
0.399,0.902,-0.177,-4.585,-1.19,-13.055,brushing
0.399,0.902,-0.177,-2.8,-3.745,-12.302,brushing
0.404,0.909,-0.183,-2.8,-3.745,-12.302,brushing
0.404,0.909,-0.183,-1.4,-5.267,-11.392,brushing
0.4,0.92,-0.186,-1.4,-5.267,-11.392,brushing
0.4,0.92,-0.186,-0.297,-5.775,-9.817,brushing
0.397,0.934,-0.183,-0.297,-5.775,-9.817,brushing
0.397,0.934,-0.183,0.84,-6.51,-7.612,brushing
0.396,0.942,-0.183,0.84,-6.51,-7.612,brushing
0.396,0.942,-0.183,2.065,-7.455,-4.987,brushing
0.398,0.944,-0.187,2.065,-7.455,-4.987,brushing
0.398,0.944,-0.187,3.447,-8.487,-2.485,brushing
0.395,0.944,-0.195,3.447,-8.487,-2.485,brushing
0.395,0.944,-0.195,4.655,-9.275,-0.297,brushing
0.39,0.945,-0.206,4.655,-9.275,-0.297,brushing
0.39,0.945,-0.206,5.39,-10.482,1.732,brushing
0.381,0.939,-0.207,5.39,-10.482,1.732,brushing
0.381,0.939,-0.207,5.88,-12.215,3.447,brushing
0.379,0.927,-0.206,5.88,-12.215,3.447,brushing
0.378,0.902,-0.202,5.88,-12.215,3.447,brushing
0.378,0.902,-0.202,6.475,-13.387,4.62,brushing
0.376,0.886,-0.198,6.475,-13.387,4.62,brushing
0.376,0.886,-0.198,7.227,-12.267,5.25,brushing
0.376,0.88,-0.198,7.227,-12.267,5.25,brushing
0.376,0.88,-0.198,7.892,-10.832,5.337,brushing
0.375,0.876,-0.201,7.892,-10.832,5.337,brushing
0.375,0.876,-0.201,8.47,-10.202,4.952,brushing
0.378,0.868,-0.206,8.47,-10.202,4.952,brushing
0.378,0.868,-0.206,8.925,-9.922,4.147,brushing
0.38,0.868,-0.209,8.925,-9.922,4.147,brushing
0.38,0.868,-0.209,9.17,-9.485,3.132,brushing
0.382,0.867,-0.21,9.17,-9.485,3.132,brushing
0.382,0.867,-0.21,9.292,-9.24,1.96,brushing
0.381,0.868,-0.208,9.292,-9.24,1.96,brushing
0.381,0.868,-0.208,9.275,-9.205,0.875,brushing
0.383,0.867,-0.21,9.275,-9.205,0.875,brushing
0.383,0.867,-0.21,9.1,-8.435,-0.035,brushing
0.386,0.869,-0.213,9.1,-8.435,-0.035,brushing
0.387,0.875,-0.217,9.1,-8.435,-0.035,brushing
0.387,0.875,-0.217,8.785,-7.472,-0.822,brushing
0.39,0.884,-0.222,8.785,-7.472,-0.822,brushing
0.39,0.884,-0.222,8.172,-7.157,-1.417,brushing
0.391,0.889,-0.224,8.172,-7.157,-1.417,brushing
0.391,0.889,-0.224,7.315,-7.472,-1.785,brushing
0.392,0.896,-0.228,7.315,-7.472,-1.785,brushing
0.392,0.896,-0.228,6.265,-7.665,-1.802,brushing
0.392,0.905,-0.224,6.265,-7.665,-1.802,brushing
0.392,0.905,-0.224,5.075,-9.082,-1.592,brushing
0.393,0.906,-0.218,5.075,-9.082,-1.592,brushing
0.393,0.906,-0.218,3.972,-11.375,-1.277,brushing
0.393,0.905,-0.212,3.972,-11.375,-1.277,brushing
0.393,0.905,-0.212,3.255,-13.44,-0.98,brushing
0.392,0.898,-0.207,3.255,-13.44,-0.98,brushing
0.392,0.898,-0.207,2.817,-14.402,-0.787,brushing
0.391,0.891,-0.204,2.817,-14.402,-0.787,brushing
0.391,0.885,-0.203,2.607,-13.825,-0.595,brushing
0.388,0.885,-0.198,2.607,-13.825,-0.595,brushing
0.388,0.885,-0.198,2.572,-11.515,-0.35,brushing
0.389,0.883,-0.193,2.572,-11.515,-0.35,brushing
0.389,0.883,-0.193,2.73,-8.907,-0.105,brushing
0.39,0.883,-0.188,2.73,-8.907,-0.105,brushing
0.39,0.883,-0.188,2.87,-6.387,0.017,brushing
0.39,0.89,-0.184,2.87,-6.387,0.017,brushing
0.39,0.89,-0.184,2.975,-4.217,0,brushing
0.391,0.899,-0.184,2.975,-4.217,0,brushing
0.391,0.899,-0.184,2.905,-3.587,-0.035,brushing
0.39,0.903,-0.185,2.905,-3.587,-0.035,brushing
0.39,0.903,-0.185,2.502,-4.147,0,brushing
0.389,0.903,-0.183,2.502,-4.147,0,brushing
0.389,0.903,-0.183,2.012,-5.005,0.017,brushing
0.389,0.904,-0.183,2.012,-5.005,0.017,brushing
0.389,0.904,-0.183,1.54,-5.495,0.017,brushing
0.39,0.903,-0.183,1.54,-5.495,0.017,brushing
0.389,0.904,-0.181,1.12,-5.162,0.052,brushing
0.39,0.914,-0.181,1.12,-5.162,0.052,brushing
0.39,0.914,-0.181,0.927,-4.13,0.28,brushing
0.395,0.931,-0.187,0.927,-4.13,0.28,brushing
0.395,0.931,-0.187,0.875,-2.87,1.137,brushing
0.409,0.976,-0.198,0.875,-2.87,1.137,brushing
0.409,0.976,-0.198,0.28,-1.032,3.412,brushing
0.445,1.043,-0.205,0.28,-1.032,3.412,brushing
0.445,1.043,-0.205,-2.065,-0.035,8.575,brushing
0.519,1.086,-0.217,-2.065,-0.035,8.575,brushing
0.519,1.086,-0.217,-7.962,2.782,17.797,brushing
0.606,1.096,-0.237,-7.962,2.782,17.797,brushing
0.606,1.096,-0.237,-17.552,12.197,30.327,brushing
0.693,1.149,-0.271,-17.552,12.197,30.327,brushing
0.693,1.149,-0.271,-32.06,24.92,46.585,brushing
0.77,1.263,-0.304,-32.06,24.92,46.585,brushing
0.77,1.263,-0.304,-53.69,29.68,67.305,brushing
0.785,1.386,-0.25,-53.69,29.68,67.305,brushing
0.752,1.435,-0.173,-53.69,29.68,67.305,brushing
0.752,1.435,-0.173,-75.057,13.457,88.97,brushing
0.735,1.361,-0.147,-75.057,13.457,88.97,brushing
0.735,1.361,-0.147,-88.585,-13.965,108.202,brushing
0.735,1.292,-0.153,-88.585,-13.965,108.202,brushing
0.735,1.292,-0.153,-95.637,-31.64,124.74,brushing
0.722,1.199,-0.18,-95.637,-31.64,124.74,brushing
0.722,1.199,-0.18,-101.255,-41.072,139.195,brushing
0.681,1.066,-0.186,-101.255,-41.072,139.195,brushing
0.681,1.066,-0.186,-106.872,-43.575,149.765,brushing
0.637,0.925,-0.173,-106.872,-43.575,149.765,brushing
0.637,0.925,-0.173,-110.582,-36.4,156.362,brushing
0.605,0.811,-0.128,-110.582,-36.4,156.362,brushing
0.605,0.811,-0.128,-112.84,-27.037,157.867,brushing
0.582,0.721,-0.078,-112.84,-27.037,157.867,brushing
0.582,0.721,-0.078,-112.945,-19.985,155.12,brushing
0.562,0.647,-0.02,-112.945,-19.985,155.12,brushing
0.562,0.647,-0.02,-110.127,-16.52,148.452,brushing
0.539,0.609,0.045,-110.127,-16.52,148.452,brushing
0.53,0.549,0.067,-110.127,-16.52,148.452,brushing
0.53,0.549,0.067,-104.177,-26.022,138.985,brushing
0.544,0.499,0.061,-104.177,-26.022,138.985,brushing
0.544,0.499,0.061,-96.425,-39.287,127.452,brushing
0.557,0.459,0.059,-96.425,-39.287,127.452,brushing
0.557,0.459,0.059,-87.587,-50.435,115.377,brushing
0.546,0.377,0.064,-87.587,-50.435,115.377,brushing
0.546,0.377,0.064,-78.382,-60.515,103.512,brushing
0.547,0.304,0.077,-78.382,-60.515,103.512,brushing
0.547,0.304,0.077,-68.722,-67.777,89.897,brushing
0.553,0.226,0.086,-68.722,-67.777,89.897,brushing
0.553,0.226,0.086,-58.292,-69.44,74.97,brushing
0.572,0.131,0.086,-58.292,-69.44,74.97,brushing
0.572,0.131,0.086,-49.087,-60.515,60.725,brushing
0.593,0.088,0.097,-49.087,-60.515,60.725,brushing
0.593,0.088,0.097,-40.617,-42.105,46.62,brushing
0.623,0.124,0.141,-40.617,-42.105,46.62,brushing
0.623,0.124,0.141,-32.34,-34.212,34.02,brushing
0.646,0.149,0.195,-32.34,-34.212,34.02,brushing
0.671,0.146,0.225,-32.34,-34.212,34.02,brushing
0.671,0.146,0.225,-23.677,-32.917,23.59,brushing
0.7,0.16,0.24,-23.677,-32.917,23.59,brushing
0.7,0.16,0.24,-14.857,-29.592,15.05,brushing
0.732,0.182,0.242,-14.857,-29.592,15.05,brushing
0.732,0.182,0.242,-6.492,-23.432,8.277,brushing
0.764,0.218,0.23,-6.492,-23.432,8.277,brushing
0.764,0.218,0.23,0.77,-15.102,3.64,brushing
0.79,0.24,0.22,0.77,-15.102,3.64,brushing
0.79,0.24,0.22,6.055,-7.42,0.455,brushing
0.809,0.253,0.22,6.055,-7.42,0.455,brushing
0.809,0.253,0.22,9.292,-1.855,-2.73,brushing
0.819,0.279,0.244,9.292,-1.855,-2.73,brushing
0.819,0.279,0.244,11.987,2.502,-5.005,brushing
0.836,0.309,0.267,11.987,2.502,-5.005,brushing
0.836,0.309,0.267,14.402,5.127,-6.23,brushing
0.852,0.317,0.279,14.402,5.127,-6.23,brushing
0.864,0.33,0.285,16.275,7.84,-7.017,brushing
0.885,0.359,0.278,16.275,7.84,-7.017,brushing
0.885,0.359,0.278,17.045,9.345,-7.805,brushing
0.904,0.403,0.265,17.045,9.345,-7.805,brushing
0.904,0.403,0.265,15.995,9.59,-7.647,brushing
0.91,0.437,0.226,15.995,9.59,-7.647,brushing
0.91,0.437,0.226,12.075,4.095,-6.702,brushing
0.932,0.379,0.226,12.075,4.095,-6.702,brushing
0.932,0.379,0.226,5.547,-12.792,-9.66,brushing
0.894,0.312,0.316,5.547,-12.792,-9.66,brushing
0.894,0.312,0.316,8.977,10.517,-6.16,brushing
0.868,0.369,0.378,8.977,10.517,-6.16,brushing
0.868,0.369,0.378,9.695,9.012,-8.855,brushing
0.814,0.716,-0.037,9.695,9.012,-8.855,brushing
0.814,0.716,-0.037,-3.78,-29.522,-5.005,brushing
0.856,0.738,-0.295,-3.78,-29.522,-5.005,brushing
0.856,0.738,-0.295,-18.637,-82.092,-10.71,brushing
1.114,0.142,0.442,-18.637,-82.092,-10.71,brushing
0.641,0.304,0.685,-15.137,-47.215,-12.722,brushing
0.822,0.238,0.576,-15.137,-47.215,-12.722,brushing
0.822,0.238,0.576,4.795,-29.05,-12.407,brushing
0.817,0.105,0.456,4.795,-29.05,-12.407,brushing
0.817,0.105,0.456,14.42,1.295,-14.437,brushing
0.846,0.163,0.332,14.42,1.295,-14.437,brushing
0.846,0.163,0.332,18.97,16.24,-29.715,brushing
0.821,0.289,0.26,18.97,16.24,-29.715,brushing
0.821,0.289,0.26,19.477,6.002,-38.64,brushing
0.83,0.383,0.248,19.477,6.002,-38.64,brushing
0.83,0.383,0.248,16.03,-6.02,-41.037,brushing
0.842,0.477,0.346,16.03,-6.02,-41.037,brushing
0.842,0.477,0.346,16.327,-12.775,-38.482,brushing
0.824,0.46,0.393,16.327,-12.775,-38.482,brushing
0.824,0.46,0.393,21.595,-12.915,-35.437,brushing
0.827,0.428,0.391,21.595,-12.915,-35.437,brushing
0.827,0.428,0.391,29.557,-1.855,-34.002,brushing
0.789,0.374,0.39,29.557,-1.855,-34.002,brushing
0.795,0.421,0.343,29.557,-1.855,-34.002,brushing
0.795,0.421,0.343,36.942,10.64,-37.012,brushing
0.819,0.478,0.263,36.942,10.64,-37.012,brushing
0.819,0.478,0.263,41.282,18.497,-37.485,brushing
0.857,0.539,0.201,41.282,18.497,-37.485,brushing
0.857,0.539,0.201,41.895,22.067,-34.02,brushing
0.866,0.556,0.197,41.895,22.067,-34.02,brushing
0.866,0.556,0.197,40.232,18.042,-29.312,brushing
0.86,0.543,0.189,40.232,18.042,-29.312,brushing
0.86,0.543,0.189,38.482,11.392,-27.807,brushing
0.871,0.544,0.2,38.482,11.392,-27.807,brushing
0.871,0.544,0.2,36.662,0.997,-27.667,brushing
0.869,0.504,0.152,36.662,0.997,-27.667,brushing
0.869,0.504,0.152,34.177,-0.157,-27.23,brushing
0.877,0.5,0.109,34.177,-0.157,-27.23,brushing
0.877,0.5,0.109,30.432,6.947,-25.13,brushing
0.876,0.503,0.093,30.432,6.947,-25.13,brushing
0.876,0.503,0.093,26.11,11.585,-22.907,brushing
0.871,0.508,0.116,26.11,11.585,-22.907,brushing
0.87,0.527,0.133,26.11,11.585,-22.907,brushing
0.87,0.527,0.133,23.415,11.252,-21.98,brushing
0.843,0.515,0.129,23.415,11.252,-21.98,brushing
0.843,0.515,0.129,22.12,9.135,-21.035,brushing
0.859,0.533,0.092,22.12,9.135,-21.035,brushing
0.859,0.533,0.092,21.122,6.02,-20.877,brushing
0.843,0.516,0.077,21.122,6.02,-20.877,brushing
0.843,0.516,0.077,18.375,2.432,-19.967,brushing
0.828,0.495,0.084,18.375,2.432,-19.967,brushing
0.828,0.495,0.084,15.96,0.962,-20.755,brushing
0.829,0.497,0.115,15.96,0.962,-20.755,brushing
0.829,0.497,0.115,15.785,3.255,-22.225,brushing
0.813,0.512,0.119,15.785,3.255,-22.225,brushing
0.813,0.512,0.119,16.52,5.862,-23.03,brushing
0.814,0.54,0.109,16.52,5.862,-23.03,brushing
0.814,0.54,0.109,16.52,6.335,-22.4,brushing
0.816,0.553,0.093,16.52,6.335,-22.4,brushing
0.816,0.553,0.093,15.785,5.74,-21.542,brushing
0.813,0.541,0.078,15.785,5.74,-21.542,brushing
0.817,0.549,0.074,15.785,5.74,-21.542,brushing
0.817,0.549,0.074,15.032,5.705,-22.085,brushing
0.808,0.558,0.072,15.032,5.705,-22.085,brushing
0.808,0.558,0.072,14.437,6.562,-23.31,brushing
0.823,0.603,0.073,14.437,6.562,-23.31,brushing
0.823,0.603,0.073,13.597,6.002,-24.202,brushing
0.829,0.637,0.091,13.597,6.002,-24.202,brushing
0.829,0.637,0.091,12.775,3.5,-22.382,brushing
0.826,0.655,0.077,12.775,3.5,-22.382,brushing
0.826,0.655,0.077,12.197,1.207,-18.585,brushing
0.805,0.626,0.071,12.197,1.207,-18.585,brushing
0.805,0.626,0.071,11.112,-0.647,-15.995,brushing
0.795,0.601,0.078,11.112,-0.647,-15.995,brushing
0.795,0.601,0.078,11.55,-0.192,-16.502,brushing
0.784,0.598,0.089,11.55,-0.192,-16.502,brushing
0.784,0.598,0.089,13.527,1.872,-18.095,brushing
0.771,0.644,0.079,13.527,1.872,-18.095,brushing
0.771,0.644,0.079,14.962,-0.875,-16.975,brushing
0.756,0.656,0.061,14.962,-0.875,-16.975,brushing
0.74,0.633,0.053,14.962,-0.875,-16.975,brushing
0.74,0.633,0.053,16.345,-7,-15.855,brushing
0.724,0.611,0.044,16.345,-7,-15.855,brushing
0.724,0.611,0.044,18.672,-11.62,-16.642,brushing
0.709,0.609,0.053,18.672,-11.62,-16.642,brushing
0.709,0.609,0.053,21.752,-14.7,-17.867,brushing
0.695,0.604,0.064,21.752,-14.7,-17.867,brushing
0.695,0.604,0.064,26.495,-17.955,-18.497,brushing
0.684,0.597,0.069,26.495,-17.955,-18.497,brushing
0.684,0.597,0.069,32.357,-19.775,-17.85,brushing
0.669,0.573,0.053,32.357,-19.775,-17.85,brushing
0.669,0.573,0.053,38.447,-17.762,-17.377,brushing
0.67,0.587,0.04,38.447,-17.762,-17.377,brushing
0.67,0.587,0.04,42.787,-12.722,-16.975,brushing
0.655,0.55,0.021,42.787,-12.722,-16.975,brushing
0.655,0.55,0.021,46.112,-5.652,-17.307,brushing
0.698,0.575,-0.011,46.112,-5.652,-17.307,brushing
0.722,0.514,-0.026,47.442,-3.85,-21.455,brushing
0.752,0.448,-0.065,47.442,-3.85,-21.455,brushing
0.752,0.448,-0.065,50.225,13.23,-28.945,brushing
0.735,0.533,-0.051,50.225,13.23,-28.945,brushing
0.735,0.533,-0.051,51.975,46.165,-31.447,brushing
0.723,0.621,-0.077,51.975,46.165,-31.447,brushing
0.723,0.621,-0.077,53.182,58.905,-33.932,brushing
0.723,0.725,-0.108,53.182,58.905,-33.932,brushing
0.723,0.725,-0.108,52.745,58.432,-34.702,brushing
0.732,0.786,-0.129,52.745,58.432,-34.702,brushing
0.732,0.786,-0.129,51.205,50.067,-34.002,brushing
0.744,0.808,-0.132,51.205,50.067,-34.002,brushing
0.744,0.808,-0.132,49.105,39.322,-33.232,brushing
0.747,0.815,-0.136,49.105,39.322,-33.232,brushing
0.747,0.815,-0.136,46.602,29.172,-32.935,brushing
0.751,0.806,-0.147,46.602,29.172,-32.935,brushing
0.751,0.806,-0.147,43.19,22.067,-32.812,brushing
0.749,0.805,-0.157,43.19,22.067,-32.812,brushing
0.75,0.809,-0.161,38.71,17.99,-32.392,brushing
0.75,0.823,-0.158,38.71,17.99,-32.392,brushing
0.75,0.823,-0.158,33.46,15.26,-31.027,brushing
0.747,0.84,-0.157,33.46,15.26,-31.027,brushing
0.747,0.84,-0.157,27.685,12.267,-28.612,brushing
0.746,0.841,-0.148,27.685,12.267,-28.612,brushing
0.746,0.841,-0.148,21.595,8.085,-25.375,brushing
0.746,0.84,-0.146,21.595,8.085,-25.375,brushing
0.746,0.84,-0.146,15.82,3.097,-21.805,brushing
0.744,0.837,-0.149,15.82,3.097,-21.805,brushing
0.744,0.837,-0.149,10.587,-2.625,-17.972,brushing
0.734,0.818,-0.163,10.587,-2.625,-17.972,brushing
0.734,0.818,-0.163,6.16,-6.247,-14.052,brushing
0.725,0.799,-0.175,6.16,-6.247,-14.052,brushing
0.725,0.799,-0.175,2.572,-8.137,-10.43,brushing
0.713,0.789,-0.181,2.572,-8.137,-10.43,brushing
0.713,0.789,-0.181,0.122,-9.922,-7.14,brushing
0.703,0.776,-0.186,0.122,-9.922,-7.14,brushing
0.688,0.768,-0.195,0.122,-9.922,-7.14,brushing
0.688,0.768,-0.195,-1.26,-11.235,-4.095,brushing
0.672,0.761,-0.204,-1.26,-11.235,-4.095,brushing
0.672,0.761,-0.204,-1.907,-12.32,-1.435,brushing
0.658,0.751,-0.21,-1.907,-12.32,-1.435,brushing
0.658,0.751,-0.21,-2.1,-13.562,0.665,brushing
0.645,0.738,-0.209,-2.1,-13.562,0.665,brushing
0.645,0.738,-0.209,-1.855,-14.052,2.1,brushing
0.636,0.722,-0.209,-1.855,-14.052,2.1,brushing
0.636,0.722,-0.209,-1.225,-13.545,2.66,brushing
0.627,0.702,-0.206,-1.225,-13.545,2.66,brushing
0.627,0.702,-0.206,-0.21,-10.85,2.467,brushing
0.624,0.7,-0.214,-0.21,-10.85,2.467,brushing
0.624,0.7,-0.214,0.612,-6.895,1.855,brushing
0.619,0.703,-0.212,0.612,-6.895,1.855,brushing
0.619,0.703,-0.212,1.015,-4.48,1.015,brushing
0.62,0.709,-0.218,1.015,-4.48,1.015,brushing
0.62,0.709,-0.218,1.12,-2.957,0,brushing
0.62,0.707,-0.21,1.12,-2.957,0,brushing
0.623,0.71,-0.207,1.12,-2.957,0,brushing
0.623,0.71,-0.207,1.19,-1.627,-1.207,brushing
0.624,0.717,-0.202,1.19,-1.627,-1.207,brushing
0.624,0.717,-0.202,1.33,-0.227,-2.38,brushing
0.627,0.721,-0.204,1.33,-0.227,-2.38,brushing
0.627,0.721,-0.204,1.417,0.42,-3.465,brushing
0.629,0.732,-0.202,1.417,0.42,-3.465,brushing
0.629,0.732,-0.202,1.277,1.172,-4.147,brushing
0.632,0.75,-0.202,1.277,1.172,-4.147,brushing
0.632,0.75,-0.202,0.98,1.172,-4.252,brushing
0.634,0.772,-0.198,0.98,1.172,-4.252,brushing
0.634,0.772,-0.198,0.56,-0.735,-3.745,brushing
0.634,0.778,-0.189,0.56,-0.735,-3.745,brushing
0.634,0.778,-0.189,0.437,-3.745,-2.8,brushing
0.635,0.777,-0.18,0.437,-3.745,-2.8,brushing
0.635,0.777,-0.18,0.875,-5.932,-1.75,brushing
0.635,0.763,-0.177,0.875,-5.932,-1.75,brushing
0.635,0.763,-0.177,1.785,-5.565,-0.752,brushing
0.632,0.753,-0.175,1.785,-5.565,-0.752,brushing
0.632,0.743,-0.175,1.785,-5.565,-0.752,brushing
0.632,0.743,-0.175,2.905,-3.972,0.175,brushing
0.633,0.741,-0.175,2.905,-3.972,0.175,brushing
0.633,0.741,-0.175,3.85,-1.995,0.77,brushing
0.637,0.743,-0.177,3.85,-1.995,0.77,brushing
0.637,0.743,-0.177,4.567,-0.7,1.137,brushing
0.64,0.748,-0.177,4.567,-0.7,1.137,brushing
0.64,0.748,-0.177,4.97,-0.875,1.33,brushing
0.643,0.751,-0.181,4.97,-0.875,1.33,brushing
0.643,0.751,-0.181,4.952,-2.432,1.295,brushing
0.645,0.745,-0.182,4.952,-2.432,1.295,brushing
0.645,0.745,-0.182,4.62,-4.27,0.892,brushing
0.645,0.742,-0.183,4.62,-4.27,0.892,brushing
0.645,0.742,-0.183,4.165,-5.355,0.402,brushing
0.643,0.739,-0.183,4.165,-5.355,0.402,brushing
0.643,0.739,-0.183,3.64,-6.002,-0.07,brushing
0.642,0.734,-0.181,3.64,-6.002,-0.07,brushing
0.642,0.734,-0.181,3.202,-6.23,-0.542,brushing
0.644,0.727,-0.183,3.202,-6.23,-0.542,brushing
0.644,0.728,-0.191,3.202,-6.23,-0.542,brushing
0.644,0.728,-0.191,2.905,-5.425,-1.032,brushing
0.644,0.733,-0.192,2.905,-5.425,-1.032,brushing
0.644,0.733,-0.192,2.695,-4.9,-1.207,brushing
0.645,0.729,-0.194,2.695,-4.9,-1.207,brushing
0.645,0.729,-0.194,2.625,-5.232,-1.242,brushing
0.645,0.723,-0.197,2.625,-5.232,-1.242,brushing
0.645,0.723,-0.197,2.782,-4.917,-1.295,brushing
0.643,0.724,-0.197,2.782,-4.917,-1.295,brushing
0.643,0.724,-0.197,2.94,-4.112,-1.19,brushing
0.642,0.72,-0.199,2.94,-4.112,-1.19,brushing
0.642,0.72,-0.199,3.08,-3.692,-1.155,brushing
0.64,0.721,-0.203,3.08,-3.692,-1.155,brushing
0.64,0.721,-0.203,3.15,-2.537,-0.997,brushing
0.643,0.726,-0.199,3.15,-2.537,-0.997,brushing
0.643,0.726,-0.199,3.43,-2.362,-1.067,brushing
0.647,0.723,-0.201,3.43,-2.362,-1.067,brushing
0.646,0.731,-0.209,3.675,-1.575,-1.365,brushing
0.645,0.739,-0.213,3.675,-1.575,-1.365,brushing
0.645,0.739,-0.213,3.377,-1.33,-1.54,brushing
0.642,0.744,-0.212,3.377,-1.33,-1.54,brushing
0.642,0.744,-0.212,2.73,-1.82,-1.645,brushing
0.64,0.747,-0.205,2.73,-1.82,-1.645,brushing
0.64,0.747,-0.205,2.17,-2.257,-1.592,brushing
0.639,0.745,-0.196,2.17,-2.257,-1.592,brushing
0.639,0.745,-0.196,1.942,-2.555,-1.452,brushing
0.638,0.74,-0.196,1.942,-2.555,-1.452,brushing
0.638,0.74,-0.196,2.082,-2.222,-1.627,brushing
0.638,0.741,-0.2,2.082,-2.222,-1.627,brushing
0.638,0.741,-0.2,2.345,-1.54,-2.135,brushing
0.641,0.746,-0.206,2.345,-1.54,-2.135,brushing
0.641,0.746,-0.206,2.45,-1.68,-2.905,brushing
0.647,0.754,-0.209,2.45,-1.68,-2.905,brushing
0.647,0.754,-0.209,2.397,-3.202,-3.797,brushing
0.648,0.756,-0.206,2.397,-3.202,-3.797,brushing
0.648,0.747,-0.206,2.362,-5.355,-4.725,brushing
0.642,0.739,-0.203,2.362,-5.355,-4.725,brushing
0.642,0.739,-0.203,2.415,-6.107,-5.355,brushing
0.636,0.739,-0.198,2.415,-6.107,-5.355,brushing
0.636,0.739,-0.198,2.38,-6.177,-5.512,brushing
0.63,0.735,-0.197,2.38,-6.177,-5.512,brushing
0.63,0.735,-0.197,2.432,-6.195,-5.267,brushing
0.622,0.736,-0.197,2.432,-6.195,-5.267,brushing
0.622,0.736,-0.197,2.485,-5.477,-4.445,brushing
0.617,0.735,-0.195,2.485,-5.477,-4.445,brushing
0.617,0.735,-0.195,2.642,-5.11,-3.395,brushing
0.613,0.738,-0.195,2.642,-5.11,-3.395,brushing
0.613,0.738,-0.195,3.167,-4.252,-1.925,brushing
0.608,0.742,-0.19,3.167,-4.252,-1.925,brushing
0.608,0.742,-0.19,4.375,-3.552,-0.122,brushing
0.606,0.738,-0.185,4.375,-3.552,-0.122,brushing
0.606,0.738,-0.185,6.212,-2.712,1.575,brushing
0.604,0.737,-0.183,6.212,-2.712,1.575,brushing
0.606,0.732,-0.184,6.212,-2.712,1.575,brushing
0.606,0.732,-0.184,8.417,-1.505,2.922,brushing
0.609,0.719,-0.197,8.417,-1.505,2.922,brushing
0.609,0.719,-0.197,10.255,-1.627,3.167,brushing
0.613,0.715,-0.205,10.255,-1.627,3.167,brushing
0.613,0.715,-0.205,11.655,-0.28,2.695,brushing
0.618,0.726,-0.208,11.655,-0.28,2.695,brushing
0.618,0.726,-0.208,12.722,4.112,3.045,brushing
0.624,0.747,-0.208,12.722,4.112,3.045,brushing
0.624,0.747,-0.208,13.37,6.037,3.64,brushing
0.628,0.757,-0.196,13.37,6.037,3.64,brushing
0.628,0.757,-0.196,14.052,4.042,3.727,brushing
0.627,0.774,-0.184,14.052,4.042,3.727,brushing
0.627,0.774,-0.184,15.172,0.07,4.2,brushing
0.633,0.781,-0.195,15.172,0.07,4.2,brushing
0.633,0.781,-0.195,15.977,-4.532,5.005,brushing
0.634,0.757,-0.219,15.977,-4.532,5.005,brushing
0.634,0.757,-0.219,15.592,-7.735,4.585,brushing
0.632,0.724,-0.242,15.592,-7.735,4.585,brushing
0.637,0.699,-0.263,15.592,-7.735,4.585,brushing
0.637,0.699,-0.263,14.087,-7.192,3.202,brushing
0.648,0.7,-0.262,14.087,-7.192,3.202,brushing
0.648,0.7,-0.262,12.197,-1.4,1.907,brushing
0.652,0.719,-0.24,12.197,-1.4,1.907,brushing
0.652,0.719,-0.24,10.902,4.182,0.787,brushing
0.651,0.735,-0.226,10.902,4.182,0.787,brushing
0.651,0.735,-0.226,10.36,6.195,0.21,brushing
0.649,0.738,-0.226,10.36,6.195,0.21,brushing
0.649,0.738,-0.226,9.94,3.99,-0.612,brushing
0.646,0.724,-0.24,9.94,3.99,-0.612,brushing
0.646,0.724,-0.24,9.082,1.855,-1.47,brushing
0.645,0.708,-0.251,9.082,1.855,-1.47,brushing
0.645,0.708,-0.251,7.822,2.607,-2.38,brushing
0.642,0.699,-0.256,7.822,2.607,-2.38,brushing
0.642,0.699,-0.256,6.632,3.902,-3.692,brushing
0.635,0.694,-0.252,6.632,3.902,-3.692,brushing
0.635,0.694,-0.252,5.81,5.127,-5.04,brushing
0.633,0.698,-0.244,5.81,5.127,-5.04,brushing
0.631,0.707,-0.238,5.81,5.127,-5.04,brushing
0.631,0.707,-0.238,5.547,5.705,-6.282,brushing
0.634,0.713,-0.234,5.547,5.705,-6.282,brushing
0.634,0.713,-0.234,5.827,4.375,-7.612,brushing
0.629,0.705,-0.237,5.827,4.375,-7.612,brushing
0.629,0.705,-0.237,6.37,3.202,-8.82,brushing
0.631,0.696,-0.244,6.37,3.202,-8.82,brushing
0.631,0.696,-0.244,6.86,3.412,-10.15,brushing
0.628,0.692,-0.25,6.86,3.412,-10.15,brushing
0.628,0.692,-0.25,7.157,5.127,-11.445,brushing
0.633,0.691,-0.251,7.157,5.127,-11.445,brushing
0.633,0.691,-0.251,7.56,7.175,-12.74,brushing
0.64,0.696,-0.25,7.56,7.175,-12.74,brushing
0.64,0.696,-0.25,8.12,8.645,-14.21,brushing
0.645,0.711,-0.252,8.12,8.645,-14.21,brushing
0.645,0.711,-0.252,8.627,9.38,-15.645,brushing
0.651,0.752,-0.266,8.627,9.38,-15.645,brushing
0.644,0.789,-0.286,7.997,6.79,-16.415,brushing
0.628,0.81,-0.297,7.997,6.79,-16.415,brushing
0.628,0.81,-0.297,6.09,1.47,-16.275,brushing
0.613,0.816,-0.287,6.09,1.47,-16.275,brushing
0.613,0.816,-0.287,3.675,-4.217,-15.102,brushing
0.604,0.799,-0.27,3.675,-4.217,-15.102,brushing
0.604,0.799,-0.27,1.907,-9.415,-14.017,brushing
0.596,0.772,-0.258,1.907,-9.415,-14.017,brushing
0.596,0.772,-0.258,1.347,-10.815,-13.702,brushing
0.589,0.754,-0.251,1.347,-10.815,-13.702,brushing
0.589,0.754,-0.251,1.715,-8.47,-14.297,brushing
0.584,0.749,-0.249,1.715,-8.47,-14.297,brushing
0.584,0.749,-0.249,2.485,-5.355,-15.487,brushing
0.575,0.754,-0.252,2.485,-5.355,-15.487,brushing
0.575,0.754,-0.252,3.167,-3.202,-16.607,brushing
0.566,0.746,-0.251,3.167,-3.202,-16.607,brushing
0.566,0.746,-0.251,3.71,-1.89,-17.605,brushing
0.56,0.726,-0.249,3.71,-1.89,-17.605,brushing
0.562,0.699,-0.244,4.497,0.175,-18.882,brushing
0.564,0.682,-0.248,4.497,0.175,-18.882,brushing
0.564,0.682,-0.248,5.53,3.395,-20.807,brushing
0.565,0.684,-0.26,5.53,3.395,-20.807,brushing
0.565,0.684,-0.26,6.352,7.07,-22.75,brushing
0.565,0.708,-0.277,6.352,7.07,-22.75,brushing
0.565,0.708,-0.277,6.247,8.627,-24.045,brushing
0.564,0.73,-0.29,6.247,8.627,-24.045,brushing
0.564,0.73,-0.29,5.092,6.422,-24.255,brushing
0.562,0.737,-0.299,5.092,6.422,-24.255,brushing
0.562,0.737,-0.299,3.167,3.307,-23.275,brushing
0.56,0.737,-0.295,3.167,3.307,-23.275,brushing
0.56,0.737,-0.295,1.382,1.96,-21.507,brushing
0.556,0.739,-0.289,1.382,1.96,-21.507,brushing
0.556,0.739,-0.289,0.28,2.817,-19.18,brushing
0.549,0.744,-0.287,0.28,2.817,-19.18,brushing
0.549,0.744,-0.287,-0.017,5.337,-16.502,brushing
0.546,0.754,-0.29,-0.017,5.337,-16.502,brushing
0.547,0.762,-0.293,-0.017,5.337,-16.502,brushing
0.547,0.762,-0.293,0.157,8.05,-13.842,brushing
0.551,0.763,-0.294,0.157,8.05,-13.842,brushing
0.551,0.763,-0.294,0.7,10.447,-11.725,brushing
0.56,0.755,-0.298,0.7,10.447,-11.725,brushing
0.56,0.755,-0.298,1.505,13.125,-10.447,brushing
0.566,0.758,-0.31,1.505,13.125,-10.447,brushing
0.566,0.758,-0.31,2.257,16.8,-9.835,brushing
0.571,0.773,-0.321,2.257,16.8,-9.835,brushing
0.571,0.773,-0.321,2.292,19.145,-9.362,brushing
0.572,0.794,-0.333,2.292,19.145,-9.362,brushing
0.572,0.794,-0.333,1.61,18.742,-8.697,brushing
0.566,0.811,-0.34,1.61,18.742,-8.697,brushing
0.566,0.811,-0.34,0.42,16.012,-7.682,brushing
0.557,0.818,-0.344,0.42,16.012,-7.682,brushing
0.557,0.818,-0.344,-0.752,13.317,-6.282,brushing
0.548,0.814,-0.342,-0.752,13.317,-6.282,brushing
0.548,0.814,-0.342,-1.68,11.13,-5.075,brushing
0.547,0.804,-0.343,-1.68,11.13,-5.075,brushing
0.55,0.797,-0.353,-1.68,11.13,-5.075,brushing
0.55,0.797,-0.353,-2.572,10.01,-4.357,brushing
0.548,0.804,-0.369,-2.572,10.01,-4.357,brushing
0.548,0.804,-0.369,-3.587,9.66,-4.147,brushing
0.539,0.828,-0.392,-3.587,9.66,-4.147,brushing
0.539,0.828,-0.392,-5.04,7.717,-3.885,brushing
0.526,0.852,-0.412,-5.04,7.717,-3.885,brushing
0.526,0.852,-0.412,-6.912,3.115,-3.08,brushing
0.512,0.869,-0.421,-6.912,3.115,-3.08,brushing
0.512,0.869,-0.421,-8.662,-2.975,-1.522,brushing
0.497,0.868,-0.419,-8.662,-2.975,-1.522,brushing
0.497,0.868,-0.419,-9.38,-8.627,0.49,brushing
0.481,0.854,-0.411,-9.38,-8.627,0.49,brushing
0.481,0.854,-0.411,-8.732,-12.425,2.397,brushing
0.47,0.825,-0.4,-8.732,-12.425,2.397,brushing
0.47,0.825,-0.4,-6.895,-13.352,3.92,brushing
0.46,0.796,-0.394,-6.895,-13.352,3.92,brushing
0.46,0.796,-0.394,-4.34,-10.465,5.022,brushing
0.457,0.777,-0.394,-4.34,-10.465,5.022,brushing
0.453,0.773,-0.397,-4.34,-10.465,5.022,brushing
0.453,0.773,-0.397,-1.662,-5.67,5.67,brushing
0.452,0.781,-0.405,-1.662,-5.67,5.67,brushing
0.452,0.781,-0.405,0.735,-2.152,5.862,brushing
0.455,0.789,-0.407,0.735,-2.152,5.862,brushing
0.455,0.789,-0.407,2.695,-1.277,5.582,brushing
0.464,0.805,-0.412,2.695,-1.277,5.582,brushing
0.464,0.805,-0.412,4.48,-2.835,4.777,brushing
0.471,0.823,-0.416,4.48,-2.835,4.777,brushing
0.471,0.823,-0.416,6.282,-7.087,3.517,brushing
0.472,0.838,-0.423,6.282,-7.087,3.517,brushing
0.472,0.838,-0.423,8.19,-12.547,2.1,brushing
0.471,0.857,-0.435,8.19,-12.547,2.1,brushing
0.471,0.857,-0.435,9.87,-17.78,1.032,brushing
0.465,0.878,-0.444,9.87,-17.78,1.032,brushing
0.465,0.878,-0.444,10.92,-22.942,0.945,brushing
0.459,0.886,-0.442,10.92,-22.942,0.945,brushing
0.459,0.886,-0.442,11.287,-28.367,1.925,brushing
0.448,0.885,-0.437,11.287,-28.367,1.925,brushing
0.447,0.852,-0.406,11.287,-28.367,1.925,brushing
0.447,0.852,-0.406,11.62,-32.567,3.937,brushing
0.454,0.817,-0.384,11.62,-32.567,3.937,brushing
0.454,0.817,-0.384,13.65,-32.725,4.882,brushing
0.465,0.795,-0.381,13.65,-32.725,4.882,brushing
0.465,0.795,-0.381,16.397,-28.105,5.477,brushing
0.481,0.803,-0.391,16.397,-28.105,5.477,brushing
0.481,0.803,-0.391,17.797,-22.89,5.687,brushing
0.496,0.825,-0.401,17.797,-22.89,5.687,brushing
0.496,0.825,-0.401,17.29,-22.452,5.705,brushing
0.505,0.847,-0.409,17.29,-22.452,5.705,brushing
0.505,0.847,-0.409,15.417,-25.305,6.072,brushing
0.505,0.864,-0.41,15.417,-25.305,6.072,brushing
0.505,0.864,-0.41,13.072,-31.167,6.755,brushing
0.503,0.858,-0.397,13.072,-31.167,6.755,brushing
0.503,0.858,-0.397,11.147,-37.082,7.227,brushing
0.498,0.828,-0.377,11.147,-37.082,7.227,brushing
0.504,0.794,-0.361,10.29,-39.042,6.86,brushing
0.516,0.777,-0.371,10.29,-39.042,6.86,brushing
0.516,0.777,-0.371,9.485,-38.272,5.32,brushing
0.518,0.756,-0.402,9.485,-38.272,5.32,brushing
0.518,0.756,-0.402,7.455,-35.84,3.36,brushing
0.504,0.746,-0.406,7.455,-35.84,3.36,brushing
0.504,0.746,-0.406,4.672,-27.842,2.817,brushing
0.495,0.731,-0.381,4.672,-27.842,2.817,brushing
0.495,0.731,-0.381,2.59,-16.012,3.902,brushing
0.514,0.704,-0.319,2.59,-16.012,3.902,brushing
0.514,0.704,-0.319,3.255,-3.062,4.235,brushing
0.537,0.715,-0.254,3.255,-3.062,4.235,brushing
0.537,0.715,-0.254,6.86,6.422,3.08,brushing
0.547,0.75,-0.225,6.86,6.422,3.08,brushing
0.547,0.75,-0.225,11.322,7.77,1.767,brushing
0.572,0.761,-0.25,11.322,7.77,1.767,brushing
0.572,0.761,-0.25,13.142,0.717,0.665,brushing
0.588,0.749,-0.304,13.142,0.717,0.665,brushing
0.59,0.727,-0.335,13.142,0.717,0.665,brushing
0.59,0.727,-0.335,11.217,-9.065,-0.402,brushing
0.593,0.702,-0.327,11.217,-9.065,-0.402,brushing
0.593,0.702,-0.327,7.7,-13.405,-0.857,brushing
0.597,0.692,-0.294,7.7,-13.405,-0.857,brushing
0.597,0.692,-0.294,5.127,-10.815,-0.927,brushing
0.604,0.691,-0.264,5.127,-10.815,-0.927,brushing
0.604,0.691,-0.264,3.972,-5.757,-0.7,brushing
0.605,0.696,-0.248,3.972,-5.757,-0.7,brushing
0.605,0.696,-0.248,3.342,-0.07,0.402,brushing
0.61,0.704,-0.248,3.342,-0.07,0.402,brushing
0.61,0.704,-0.248,2.432,4.06,1.645,brushing
0.626,0.706,-0.262,2.432,4.06,1.645,brushing
0.626,0.706,-0.262,0.892,7.735,2.117,brushing
0.638,0.726,-0.281,0.892,7.735,2.117,brushing
0.638,0.726,-0.281,-2.152,9.765,2.152,brushing
0.641,0.758,-0.303,-2.152,9.765,2.152,brushing
0.641,0.758,-0.303,-6.93,8.452,2.8,brushing
0.631,0.782,-0.317,-6.93,8.452,2.8,brushing
0.614,0.786,-0.305,-6.93,8.452,2.8,brushing
0.614,0.786,-0.305,-12.757,6.02,4.392,brushing
0.613,0.784,-0.277,-12.757,6.02,4.392,brushing
0.613,0.784,-0.277,-17.92,4.34,5.81,brushing
0.606,0.794,-0.26,-17.92,4.34,5.81,brushing
0.606,0.794,-0.26,-21.735,4.427,6.877,brushing
0.589,0.82,-0.255,-21.735,4.427,6.877,brushing
0.589,0.82,-0.255,-25.235,3.412,8.435,brushing
0.573,0.831,-0.247,-25.235,3.412,8.435,brushing
0.573,0.831,-0.247,-28.07,-0.84,9.957,brushing
0.565,0.827,-0.243,-28.07,-0.84,9.957,brushing
0.565,0.827,-0.243,-29.75,-5.95,10.675,brushing
0.556,0.809,-0.236,-29.75,-5.95,10.675,brushing
0.556,0.809,-0.236,-30.24,-8.557,10.57,brushing
0.548,0.798,-0.227,-30.24,-8.557,10.57,brushing
0.548,0.798,-0.227,-29.417,-8.715,9.992,brushing
0.538,0.793,-0.218,-29.417,-8.715,9.992,brushing
0.538,0.793,-0.218,-27.632,-8.522,9.45,brushing
0.525,0.794,-0.212,-27.632,-8.522,9.45,brushing
0.512,0.788,-0.204,-27.632,-8.522,9.45,brushing
0.512,0.788,-0.204,-25.287,-9.187,9.187,brushing
0.514,0.774,-0.192,-25.287,-9.187,9.187,brushing
0.514,0.774,-0.192,-22.242,-9.835,8.802,brushing
0.52,0.763,-0.179,-22.242,-9.835,8.802,brushing
0.52,0.763,-0.179,-18.007,-9.1,7.385,brushing
0.528,0.758,-0.181,-18.007,-9.1,7.385,brushing
0.528,0.758,-0.181,-12.95,-6.247,4.935,brushing
0.532,0.773,-0.192,-12.95,-6.247,4.935,brushing
0.532,0.773,-0.192,-8.54,-3.307,2.292,brushing
0.532,0.794,-0.199,-8.54,-3.307,2.292,brushing
0.532,0.794,-0.199,-5.407,-3.465,0.35,brushing
0.532,0.806,-0.198,-5.407,-3.465,0.35,brushing
0.532,0.806,-0.198,-3.132,-6.072,-0.42,brushing
0.533,0.804,-0.183,-3.132,-6.072,-0.42,brushing
0.533,0.804,-0.183,-0.542,-9.222,-0.595,brushing
0.542,0.788,-0.166,-0.542,-9.222,-0.595,brushing
0.542,0.788,-0.166,2.677,-9.975,-0.7,brushing
0.552,0.764,-0.16,2.677,-9.975,-0.7,brushing
0.559,0.756,-0.159,2.677,-9.975,-0.7,brushing
0.559,0.756,-0.159,6.002,-7.7,-0.927,brushing
0.569,0.756,-0.169,6.002,-7.7,-0.927,brushing
0.569,0.756,-0.169,8.925,-6.072,-1.33,brushing
0.582,0.758,-0.175,8.925,-6.072,-1.33,brushing
0.582,0.758,-0.175,11.217,-6.352,-1.802,brushing
0.592,0.751,-0.187,11.217,-6.352,-1.802,brushing
0.592,0.751,-0.187,12.757,-8.067,-2.415,brushing
0.598,0.75,-0.193,12.757,-8.067,-2.415,brushing
0.598,0.75,-0.193,13.615,-9.66,-2.992,brushing
0.603,0.756,-0.199,13.615,-9.66,-2.992,brushing
0.603,0.756,-0.199,13.947,-11.567,-3.237,brushing
0.609,0.754,-0.199,13.947,-11.567,-3.237,brushing
0.609,0.754,-0.199,14.087,-13.737,-3.325,brushing
0.612,0.749,-0.202,14.087,-13.737,-3.325,brushing
0.612,0.749,-0.202,14.14,-14.28,-3.185,brushing
0.616,0.75,-0.206,14.14,-14.28,-3.185,brushing
0.617,0.753,-0.215,14.07,-13.965,-2.87,brushing
0.62,0.757,-0.224,14.07,-13.965,-2.87,brushing
0.62,0.757,-0.224,13.667,-12.582,-2.117,brushing
0.624,0.763,-0.227,13.667,-12.582,-2.117,brushing
0.624,0.763,-0.227,12.915,-11.112,-1.05,brushing
0.627,0.766,-0.232,12.915,-11.112,-1.05,brushing
0.627,0.766,-0.232,11.847,-10.482,0.017,brushing
0.631,0.767,-0.239,11.847,-10.482,0.017,brushing
0.631,0.767,-0.239,10.535,-9.817,0.945,brushing
0.631,0.771,-0.243,10.535,-9.817,0.945,brushing
0.631,0.771,-0.243,8.925,-9.065,1.89,brushing
0.631,0.772,-0.247,8.925,-9.065,1.89,brushing
0.631,0.772,-0.247,6.982,-9.047,2.765,brushing
0.625,0.767,-0.243,6.982,-9.047,2.765,brushing
0.625,0.767,-0.243,5.127,-8.855,3.5,brushing
0.619,0.761,-0.241,5.127,-8.855,3.5,brushing
0.619,0.761,-0.241,3.57,-7.717,4.025,brushing
0.614,0.757,-0.24,3.57,-7.717,4.025,brushing
0.609,0.754,-0.237,3.57,-7.717,4.025,brushing
0.609,0.754,-0.237,2.205,-6.475,4.13,brushing
0.604,0.749,-0.237,2.205,-6.475,4.13,brushing
0.604,0.749,-0.237,1.032,-5.652,3.78,brushing
0.601,0.748,-0.237,1.032,-5.652,3.78,brushing
0.601,0.748,-0.237,0.087,-4.585,3.08,brushing
0.597,0.752,-0.238,0.087,-4.585,3.08,brushing
0.597,0.752,-0.238,-0.647,-3.99,2.152,brushing
0.594,0.749,-0.235,-0.647,-3.99,2.152,brushing
0.594,0.749,-0.235,-1.207,-3.937,1.102,brushing
0.593,0.746,-0.231,-1.207,-3.937,1.102,brushing
0.593,0.746,-0.231,-1.487,-3.43,-0.07,brushing
0.592,0.747,-0.225,-1.487,-3.43,-0.07,brushing
0.592,0.747,-0.225,-1.452,-2.642,-1.225,brushing
0.59,0.754,-0.224,-1.452,-2.642,-1.225,brushing
0.59,0.754,-0.224,-1.172,-2.117,-2.047,brushing
0.589,0.762,-0.222,-1.172,-2.117,-2.047,brushing
0.589,0.762,-0.222,-0.822,-2.59,-2.66,brushing
0.591,0.762,-0.221,-0.822,-2.59,-2.66,brushing
0.592,0.762,-0.22,-0.822,-2.59,-2.66,brushing
0.592,0.762,-0.22,-0.49,-2.835,-3.185,brushing
0.591,0.762,-0.218,-0.49,-2.835,-3.185,brushing
0.591,0.762,-0.218,-0.227,-2.852,-3.605,brushing
0.589,0.771,-0.222,-0.227,-2.852,-3.605,brushing
0.589,0.771,-0.222,0,-2.677,-3.867,brushing
0.589,0.787,-0.218,0,-2.677,-3.867,brushing
0.589,0.787,-0.218,0.122,-3.045,-3.605,brushing
0.593,0.791,-0.216,0.122,-3.045,-3.605,brushing
0.593,0.791,-0.216,0.577,-4.62,-3.097,brushing
0.593,0.788,-0.215,0.577,-4.62,-3.097,brushing
0.593,0.788,-0.215,1.26,-5.39,-2.467,brushing
0.592,0.783,-0.216,1.26,-5.39,-2.467,brushing
0.592,0.783,-0.216,1.802,-5.32,-1.715,brushing
0.591,0.78,-0.215,1.802,-5.32,-1.715,brushing
0.591,0.78,-0.215,2.082,-5.04,-0.962,brushing
0.592,0.779,-0.214,2.082,-5.04,-0.962,brushing
0.592,0.779,-0.214,2.275,-5.215,-0.28,brushing
0.593,0.778,-0.211,2.275,-5.215,-0.28,brushing
0.595,0.771,-0.209,2.275,-5.215,-0.28,brushing
0.595,0.771,-0.209,2.52,-5.845,0.315,brushing
0.596,0.765,-0.209,2.52,-5.845,0.315,brushing
0.596,0.765,-0.209,3.01,-6.072,0.717,brushing
0.596,0.762,-0.216,3.01,-6.072,0.717,brushing
0.596,0.762,-0.216,3.587,-5.81,0.822,brushing
0.597,0.763,-0.222,3.587,-5.81,0.822,brushing
0.597,0.763,-0.222,3.955,-5.582,0.805,brushing
0.598,0.76,-0.226,3.955,-5.582,0.805,brushing
0.598,0.76,-0.226,4.077,-5.582,0.595,brushing
0.597,0.759,-0.225,4.077,-5.582,0.595,brushing
0.597,0.759,-0.225,4.182,-5.355,0.332,brushing
0.595,0.761,-0.227,4.182,-5.355,0.332,brushing
0.595,0.761,-0.227,4.112,-5.092,0.07,brushing
0.594,0.762,-0.224,4.112,-5.092,0.07,brushing
0.594,0.762,-0.224,4.007,-5.127,-0.175,brushing
0.595,0.762,-0.225,4.007,-5.127,-0.175,brushing
0.595,0.762,-0.225,3.867,-5.075,-0.525,brushing
0.595,0.765,-0.229,3.867,-5.075,-0.525,brushing
0.596,0.767,-0.23,3.867,-5.075,-0.525,brushing
0.596,0.767,-0.23,3.552,-5.005,-0.822,brushing
0.597,0.766,-0.228,3.552,-5.005,-0.822,brushing
0.597,0.766,-0.228,3.202,-5.18,-1.067,brushing
0.597,0.767,-0.225,3.202,-5.18,-1.067,brushing
0.597,0.767,-0.225,2.905,-5.127,-1.277,brushing
0.597,0.77,-0.224,2.905,-5.127,-1.277,brushing
0.597,0.77,-0.224,2.73,-5.092,-1.33,brushing
0.597,0.766,-0.222,2.73,-5.092,-1.33,brushing
0.597,0.766,-0.222,2.607,-5.32,-1.225,brushing
0.598,0.765,-0.221,2.607,-5.32,-1.225,brushing
0.598,0.765,-0.221,2.642,-5.11,-1.155,brushing
0.599,0.765,-0.22,2.642,-5.11,-1.155,brushing
0.599,0.765,-0.22,2.817,-4.952,-1.19,brushing
0.599,0.77,-0.223,2.817,-4.952,-1.19,brushing
0.599,0.77,-0.223,2.957,-5.04,-1.155,brushing
0.6,0.767,-0.222,2.957,-5.04,-1.155,brushing
0.6,0.767,-0.222,2.922,-5.127,-1.19,brushing
0.601,0.766,-0.224,2.922,-5.127,-1.19,brushing
0.601,0.766,-0.219,2.922,-5.127,-1.19,brushing
0.601,0.766,-0.219,2.712,-5.005,-1.19,brushing
0.6,0.767,-0.221,2.712,-5.005,-1.19,brushing
0.6,0.767,-0.221,2.485,-5.005,-1.102,brushing
0.599,0.768,-0.218,2.485,-5.005,-1.102,brushing
0.599,0.768,-0.218,2.275,-4.83,-0.962,brushing
0.597,0.77,-0.22,2.275,-4.83,-0.962,brushing
0.597,0.77,-0.22,2.135,-4.777,-0.735,brushing
0.596,0.769,-0.22,2.135,-4.777,-0.735,brushing
0.596,0.769,-0.22,1.96,-4.83,-0.542,brushing
0.595,0.766,-0.22,1.96,-4.83,-0.542,brushing
0.595,0.766,-0.22,1.872,-4.672,-0.455,brushing
0.595,0.762,-0.218,1.872,-4.672,-0.455,brushing
0.595,0.762,-0.218,1.872,-4.445,-0.42,brushing
0.594,0.759,-0.217,1.872,-4.445,-0.42,brushing
0.594,0.759,-0.217,2.012,-4.13,-0.507,brushing
0.593,0.758,-0.214,2.012,-4.13,-0.507,brushing
0.593,0.758,-0.214,2.205,-4.252,-0.63,brushing
0.592,0.762,-0.216,2.205,-4.252,-0.63,brushing
0.592,0.762,-0.216,2.45,-4.375,-0.927,brushing
0.592,0.765,-0.216,2.45,-4.375,-0.927,brushing
0.592,0.765,-0.216,2.625,-4.83,-1.085,brushing
0.592,0.767,-0.218,2.625,-4.83,-1.085,brushing
0.592,0.767,-0.218,2.835,-5.232,-1.277,brushing
0.592,0.772,-0.219,2.835,-5.232,-1.277,brushing
0.592,0.772,-0.219,3.01,-5.232,-1.312,brushing
0.594,0.777,-0.22,3.01,-5.232,-1.312,brushing
0.594,0.777,-0.22,3.08,-5.285,-1.19,brushing
0.595,0.784,-0.223,3.08,-5.285,-1.19,brushing
0.595,0.784,-0.223,3.062,-5.337,-0.857,brushing
0.596,0.79,-0.221,3.062,-5.337,-0.857,brushing
0.596,0.79,-0.221,2.94,-5.722,-0.297,brushing
0.596,0.791,-0.221,2.94,-5.722,-0.297,brushing
0.596,0.791,-0.221,2.765,-6.405,0.367,brushing
0.597,0.787,-0.22,2.765,-6.405,0.367,brushing
0.597,0.783,-0.218,2.765,-6.405,0.367,brushing
0.597,0.783,-0.218,2.59,-6.282,1.015,brushing
0.598,0.773,-0.217,2.59,-6.282,1.015,brushing
0.598,0.773,-0.217,2.502,-5.652,1.575,brushing
0.601,0.766,-0.217,2.502,-5.652,1.575,brushing
0.601,0.766,-0.217,2.397,-4.322,1.855,brushing
0.6,0.769,-0.216,2.397,-4.322,1.855,brushing
0.6,0.769,-0.216,2.275,-3.062,2.047,brushing
0.598,0.77,-0.215,2.275,-3.062,2.047,brushing
0.598,0.77,-0.215,2.152,-3.237,2.362,brushing
0.6,0.764,-0.213,2.152,-3.237,2.362,brushing
0.6,0.764,-0.213,2.135,-3.657,2.502,brushing
0.604,0.757,-0.209,2.135,-3.657,2.502,brushing
0.604,0.757,-0.209,2.537,-4.042,2.17,brushing
0.608,0.749,-0.214,2.537,-4.042,2.17,brushing
0.608,0.749,-0.214,2.782,-3.797,1.47,brushing
0.607,0.752,-0.221,2.782,-3.797,1.47,brushing
0.607,0.752,-0.221,2.432,-4.042,0.612,brushing
0.606,0.752,-0.223,2.432,-4.042,0.612,brushing
0.603,0.747,-0.221,2.432,-4.042,0.612,brushing
0.603,0.747,-0.221,1.715,-4.882,-0.455,brushing
0.602,0.746,-0.213,1.715,-4.882,-0.455,brushing
0.602,0.746,-0.213,1.05,-4.917,-1.452,brushing
0.601,0.748,-0.208,1.05,-4.917,-1.452,brushing
0.601,0.748,-0.208,0.7,-4.795,-2.275,brushing
0.6,0.754,-0.212,0.7,-4.795,-2.275,brushing
0.6,0.754,-0.212,0.612,-4.602,-2.765,brushing
0.602,0.758,-0.217,0.612,-4.602,-2.765,brushing
0.602,0.758,-0.217,0.595,-4.497,-3.027,brushing
0.604,0.76,-0.222,0.595,-4.497,-3.027,brushing
0.604,0.76,-0.222,0.577,-4.305,-3.202,brushing
0.607,0.761,-0.224,0.577,-4.305,-3.202,brushing
0.607,0.761,-0.224,0.455,-3.727,-3.255,brushing
0.607,0.767,-0.222,0.455,-3.727,-3.255,brushing
0.607,0.767,-0.222,0.437,-3.465,-3.08,brushing
0.605,0.77,-0.224,0.437,-3.465,-3.08,brushing
0.605,0.77,-0.224,0.315,-3.377,-2.625,brushing
0.605,0.77,-0.221,0.315,-3.377,-2.625,brushing
0.604,0.766,-0.217,0.315,-3.377,-2.625,brushing
0.604,0.766,-0.217,0.245,-3.167,-2.187,brushing
0.604,0.761,-0.215,0.245,-3.167,-2.187,brushing
0.604,0.761,-0.215,0.367,-2.66,-1.925,brushing
0.604,0.763,-0.217,0.367,-2.66,-1.925,brushing
0.604,0.763,-0.217,0.472,-1.837,-1.82,brushing
0.601,0.767,-0.217,0.472,-1.837,-1.82,brushing
0.601,0.767,-0.217,0.402,-1.942,-1.942,brushing
0.6,0.767,-0.217,0.402,-1.942,-1.942,brushing
0.6,0.767,-0.217,0.192,-2.502,-2.047,brushing
0.6,0.763,-0.212,0.192,-2.502,-2.047,brushing
0.6,0.763,-0.212,0.07,-3.15,-2.31,brushing
0.6,0.762,-0.212,0.07,-3.15,-2.31,brushing
0.6,0.762,-0.212,0.14,-3.045,-2.397,brushing
0.598,0.764,-0.211,0.14,-3.045,-2.397,brushing
0.598,0.764,-0.211,0.332,-3.045,-2.397,brushing
0.598,0.762,-0.213,0.332,-3.045,-2.397,brushing
0.598,0.762,-0.213,0.595,-2.957,-2.467,brushing
0.599,0.762,-0.217,0.595,-2.957,-2.467,brushing
0.6,0.767,-0.221,0.595,-2.957,-2.467,brushing
0.6,0.767,-0.221,0.787,-2.782,-2.607,brushing
0.6,0.768,-0.221,0.787,-2.782,-2.607,brushing
0.6,0.768,-0.221,0.927,-3.167,-2.765,brushing
0.6,0.768,-0.221,0.927,-3.167,-2.765,brushing
0.6,0.768,-0.221,1.032,-3.255,-2.905,brushing
0.597,0.775,-0.219,1.032,-3.255,-2.905,brushing
0.597,0.775,-0.219,1.172,-3.062,-2.765,brushing
0.594,0.775,-0.219,1.172,-3.062,-2.765,brushing
0.594,0.775,-0.219,1.26,-3.325,-2.467,brushing
0.592,0.774,-0.219,1.26,-3.325,-2.467,brushing
0.592,0.774,-0.219,1.295,-3.325,-2.03,brushing
0.591,0.773,-0.217,1.295,-3.325,-2.03,brushing
0.591,0.773,-0.217,1.365,-3.115,-1.505,brushing
0.592,0.768,-0.218,1.365,-3.115,-1.505,brushing
0.592,0.768,-0.218,1.54,-2.607,-1.155,brushing
0.593,0.769,-0.218,1.54,-2.607,-1.155,brushing
0.594,0.769,-0.218,1.785,-2.275,-0.805,brushing
0.595,0.771,-0.221,1.785,-2.275,-0.805,brushing
0.595,0.771,-0.221,1.995,-2.17,-0.49,brushing
0.595,0.777,-0.221,1.995,-2.17,-0.49,brushing
0.595,0.777,-0.221,2.152,-2.222,0.017,brushing
0.596,0.777,-0.223,2.152,-2.222,0.017,brushing
0.596,0.777,-0.223,2.292,-2.695,0.682,brushing
0.598,0.78,-0.224,2.292,-2.695,0.682,brushing
0.598,0.78,-0.224,2.485,-2.257,1.575,brushing
0.602,0.782,-0.223,2.485,-2.257,1.575,brushing
0.602,0.782,-0.223,2.695,-1.89,2.572,brushing
0.603,0.786,-0.226,2.695,-1.89,2.572,brushing
0.603,0.786,-0.226,2.852,-1.732,3.482,brushing
0.603,0.786,-0.224,2.852,-1.732,3.482,brushing
0.603,0.786,-0.224,2.94,-2.31,4.182,brushing
0.605,0.78,-0.224,2.94,-2.31,4.182,brushing
0.605,0.78,-0.224,2.922,-2.94,4.497,brushing
0.602,0.768,-0.221,2.922,-2.94,4.497,brushing
0.601,0.758,-0.219,2.922,-2.94,4.497,brushing
0.601,0.758,-0.219,2.852,-3.15,4.287,brushing
0.598,0.749,-0.218,2.852,-3.15,4.287,brushing
0.598,0.749,-0.218,2.66,-3.29,3.71,brushing
0.599,0.741,-0.218,2.66,-3.29,3.71,brushing
0.599,0.741,-0.218,2.502,-3.482,2.66,brushing
0.601,0.737,-0.216,2.502,-3.482,2.66,brushing
0.601,0.737,-0.216,2.432,-3.342,1.4,brushing
0.599,0.74,-0.215,2.432,-3.342,1.4,brushing
0.599,0.74,-0.215,2.432,-3.307,0.087,brushing
0.595,0.742,-0.215,2.432,-3.307,0.087,brushing
0.595,0.742,-0.215,2.642,-4.305,-1.19,brushing
0.596,0.746,-0.218,2.642,-4.305,-1.19,brushing
0.596,0.746,-0.218,2.887,-5.39,-2.222,brushing
0.599,0.744,-0.213,2.887,-5.39,-2.222,brushing
0.599,0.744,-0.213,3.36,-6.212,-3.307,brushing
0.603,0.746,-0.219,3.36,-6.212,-3.307,brushing
0.603,0.746,-0.219,3.92,-6.055,-4.2,brushing
0.604,0.752,-0.225,3.92,-6.055,-4.2,brushing
0.604,0.76,-0.23,3.92,-6.055,-4.2,brushing
0.604,0.76,-0.23,4.042,-5.74,-4.462,brushing
0.603,0.769,-0.228,4.042,-5.74,-4.462,brushing
0.603,0.769,-0.228,3.675,-5.302,-4.077,brushing
0.605,0.772,-0.221,3.675,-5.302,-4.077,brushing
0.605,0.772,-0.221,3.307,-5.127,-3.167,brushing
0.608,0.771,-0.219,3.307,-5.127,-3.167,brushing
0.608,0.771,-0.219,3.167,-4.917,-2.082,brushing
0.61,0.766,-0.218,3.167,-4.917,-2.082,brushing
0.61,0.766,-0.218,3.202,-4.55,-1.137,brushing
0.611,0.76,-0.227,3.202,-4.55,-1.137,brushing
0.611,0.76,-0.227,3.202,-3.587,-0.612,brushing
0.61,0.763,-0.236,3.202,-3.587,-0.612,brushing
0.61,0.763,-0.236,2.852,-2.905,-0.315,brushing
0.609,0.765,-0.239,2.852,-2.905,-0.315,brushing
0.609,0.765,-0.239,2.152,-3.202,-0.245,brushing
0.607,0.766,-0.237,2.152,-3.202,-0.245,brushing
0.607,0.766,-0.237,1.487,-3.745,-0.297,brushing
0.605,0.761,-0.229,1.487,-3.745,-0.297,brushing
0.6,0.756,-0.223,1.487,-3.745,-0.297,brushing
0.6,0.756,-0.223,1.12,-3.64,-0.507,brushing
0.599,0.748,-0.217,1.12,-3.64,-0.507,brushing
0.599,0.748,-0.217,1.015,-2.992,-0.857,brushing
0.599,0.75,-0.221,1.015,-2.992,-0.857,brushing
0.599,0.75,-0.221,1.015,-2.047,-1.417,brushing
0.601,0.754,-0.223,1.015,-2.047,-1.417,brushing
0.601,0.754,-0.223,0.98,-2.03,-2.152,brushing
0.601,0.76,-0.229,0.98,-2.03,-2.152,brushing
0.601,0.76,-0.229,0.7,-2.222,-2.66,brushing
0.6,0.761,-0.223,0.7,-2.222,-2.66,brushing
0.6,0.761,-0.223,0.437,-3.36,-3.202,brushing
0.6,0.76,-0.225,0.437,-3.36,-3.202,brushing
0.6,0.76,-0.225,0.262,-3.43,-3.517,brushing
0.6,0.764,-0.218,0.262,-3.43,-3.517,brushing
0.6,0.764,-0.218,0.28,-3.377,-3.552,brushing
0.602,0.765,-0.218,0.28,-3.377,-3.552,brushing
0.602,0.765,-0.218,0.402,-3.167,-3.412,brushing
0.602,0.768,-0.217,0.402,-3.167,-3.412,brushing
0.605,0.766,-0.222,0.402,-3.167,-3.412,brushing
0.605,0.766,-0.222,0.56,-3.29,-3.272,brushing
0.605,0.769,-0.225,0.56,-3.29,-3.272,brushing
0.605,0.769,-0.225,0.595,-3.027,-3.097,brushing
0.605,0.77,-0.228,0.595,-3.027,-3.097,brushing
0.605,0.77,-0.228,0.455,-3.237,-2.905,brushing
0.603,0.772,-0.228,0.455,-3.237,-2.905,brushing
0.603,0.772,-0.228,0.21,-3.412,-2.66,brushing
0.601,0.773,-0.226,0.21,-3.412,-2.66,brushing
0.601,0.773,-0.226,0.07,-3.447,-2.31,brushing
0.6,0.772,-0.225,0.07,-3.447,-2.31,brushing
0.6,0.772,-0.225,0.087,-3.395,-1.942,brushing
0.598,0.769,-0.224,0.087,-3.395,-1.942,brushing
0.598,0.769,-0.224,0.192,-3.395,-1.75,brushing
0.595,0.766,-0.226,0.192,-3.395,-1.75,brushing
0.595,0.766,-0.226,0.28,-3.29,-1.68,brushing
0.594,0.763,-0.227,0.28,-3.29,-1.68,brushing
0.593,0.761,-0.227,0.332,-3.08,-1.855,brushing
0.593,0.761,-0.226,0.332,-3.08,-1.855,brushing
0.593,0.761,-0.226,0.402,-3.167,-2.187,brushing
0.594,0.759,-0.225,0.402,-3.167,-2.187,brushing
0.594,0.759,-0.225,0.56,-3.517,-2.642,brushing
0.595,0.757,-0.225,0.56,-3.517,-2.642,brushing
0.595,0.757,-0.225,0.805,-3.5,-3.097,brushing
0.597,0.759,-0.226,0.805,-3.5,-3.097,brushing
0.597,0.759,-0.226,1.015,-3.64,-3.535,brushing
0.598,0.762,-0.23,1.015,-3.64,-3.535,brushing
0.598,0.762,-0.23,0.997,-3.71,-3.692,brushing
0.598,0.766,-0.231,0.997,-3.71,-3.692,brushing
0.598,0.766,-0.231,0.822,-3.832,-3.552,brushing
0.599,0.768,-0.229,0.822,-3.832,-3.552,brushing
0.599,0.768,-0.229,0.77,-3.622,-3.132,brushing
0.598,0.773,-0.227,0.77,-3.622,-3.132,brushing
0.598,0.773,-0.227,0.98,-2.905,-2.397,brushing
0.599,0.78,-0.225,0.98,-2.905,-2.397,brushing
0.597,0.785,-0.224,1.382,-2.52,-1.4,brushing
0.598,0.783,-0.227,1.382,-2.52,-1.4,brushing
0.598,0.783,-0.227,1.802,-2.835,-0.297,brushing
0.597,0.777,-0.229,1.802,-2.835,-0.297,brushing
0.597,0.777,-0.229,1.977,-3.027,0.525,brushing
0.596,0.769,-0.231,1.977,-3.027,0.525,brushing
0.596,0.769,-0.231,1.925,-2.8,0.997,brushing
0.594,0.769,-0.231,1.925,-2.8,0.997,brushing
0.594,0.769,-0.231,1.75,-2.642,1.032,brushing
0.594,0.764,-0.229,1.75,-2.642,1.032,brushing
0.594,0.764,-0.229,1.662,-2.992,0.7,brushing
0.596,0.757,-0.229,1.662,-2.992,0.7,brushing
0.596,0.757,-0.229,1.575,-3.045,-0.07,brushing
0.598,0.751,-0.226,1.575,-3.045,-0.07,brushing
0.598,0.751,-0.226,1.435,-3.237,-1.26,brushing
0.596,0.748,-0.226,1.435,-3.237,-1.26,brushing
0.596,0.748,-0.226,1.347,-3.5,-2.66,brushing
0.594,0.751,-0.226,1.347,-3.5,-2.66,brushing
0.594,0.757,-0.223,1.347,-3.5,-2.66,brushing
0.594,0.757,-0.223,1.207,-3.692,-3.832,brushing
0.594,0.762,-0.223,1.207,-3.692,-3.832,brushing
0.594,0.762,-0.223,1.225,-4.41,-4.847,brushing
0.594,0.762,-0.227,1.225,-4.41,-4.847,brushing
0.594,0.762,-0.227,1.19,-5.215,-5.652,brushing
0.591,0.766,-0.228,1.19,-5.215,-5.652,brushing
0.591,0.766,-0.228,0.945,-4.865,-5.915,brushing
0.588,0.771,-0.225,0.945,-4.865,-5.915,brushing
0.588,0.771,-0.225,0.542,-4.585,-5.582,brushing
0.587,0.776,-0.225,0.542,-4.585,-5.582,brushing
0.587,0.776,-0.225,0.28,-3.99,-4.777,brushing
0.587,0.784,-0.221,0.28,-3.99,-4.777,brushing
0.587,0.784,-0.221,0.175,-3.727,-3.535,brushing
0.588,0.782,-0.22,0.175,-3.727,-3.535,brushing
0.588,0.782,-0.22,0.402,-3.57,-2.222,brushing
0.587,0.779,-0.221,0.402,-3.57,-2.222,brushing
0.587,0.779,-0.221,0.735,-2.87,-0.962,brushing
0.586,0.777,-0.223,0.735,-2.87,-0.962,brushing
0.585,0.774,-0.224,0.735,-2.87,-0.962,brushing
0.585,0.774,-0.224,1.207,-2.292,0,brushing
0.588,0.768,-0.219,1.207,-2.292,0,brushing
0.588,0.768,-0.219,1.837,-2.065,0.612,brushing
0.591,0.765,-0.22,1.837,-2.065,0.612,brushing
0.591,0.765,-0.22,2.642,-1.715,0.752,brushing
0.589,0.771,-0.223,2.642,-1.715,0.752,brushing
0.589,0.771,-0.223,3.272,-1.802,0.63,brushing
0.587,0.769,-0.224,3.272,-1.802,0.63,brushing
0.587,0.769,-0.224,3.517,-2.8,0.332,brushing
0.586,0.769,-0.224,3.517,-2.8,0.332,brushing
0.586,0.769,-0.224,3.657,-3.43,-0.122,brushing
0.585,0.77,-0.223,3.657,-3.43,-0.122,brushing
0.585,0.77,-0.223,3.797,-4.007,-0.577,brushing
0.585,0.771,-0.224,3.797,-4.007,-0.577,brushing
0.585,0.771,-0.224,3.885,-4.165,-0.945,brushing
0.586,0.774,-0.226,3.885,-4.165,-0.945,brushing
0.586,0.774,-0.226,3.832,-4.305,-1.19,brushing
0.587,0.782,-0.229,3.832,-4.305,-1.19,brushing
0.589,0.783,-0.23,3.832,-4.305,-1.19,brushing
0.589,0.783,-0.23,3.587,-5.022,-1.207,brushing
0.591,0.78,-0.23,3.587,-5.022,-1.207,brushing
0.591,0.78,-0.23,3.237,-5.932,-1.155,brushing
0.594,0.776,-0.228,3.237,-5.932,-1.155,brushing
0.594,0.776,-0.228,3.097,-6.107,-1.032,brushing
0.595,0.777,-0.231,3.097,-6.107,-1.032,brushing
0.595,0.777,-0.231,2.957,-6.037,-0.927,brushing
0.596,0.777,-0.231,2.957,-6.037,-0.927,brushing
0.596,0.777,-0.231,2.712,-6.3,-0.735,brushing
0.596,0.774,-0.232,2.712,-6.3,-0.735,brushing
0.596,0.774,-0.232,2.432,-6.422,-0.437,brushing
0.593,0.769,-0.23,2.432,-6.422,-0.437,brushing
0.593,0.769,-0.23,2.24,-5.967,-0.21,brushing
0.594,0.768,-0.229,2.24,-5.967,-0.21,brushing
0.594,0.768,-0.229,2.1,-5.057,0.105,brushing
0.592,0.767,-0.225,2.1,-5.057,0.105,brushing
0.592,0.767,-0.225,2.117,-4.672,0.21,brushing
0.592,0.759,-0.224,2.117,-4.672,0.21,brushing
0.589,0.758,-0.224,2.117,-4.672,0.21,brushing
0.589,0.758,-0.224,2.205,-4.235,0.017,brushing
0.589,0.752,-0.225,2.205,-4.235,0.017,brushing
0.589,0.752,-0.225,2.17,-4.27,-0.472,brushing
0.587,0.749,-0.225,2.17,-4.27,-0.472,brushing
0.587,0.749,-0.225,2.117,-3.92,-1.26,brushing
0.586,0.753,-0.221,2.117,-3.92,-1.26,brushing
0.586,0.753,-0.221,2.065,-3.517,-2.065,brushing
0.587,0.752,-0.218,2.065,-3.517,-2.065,brushing
0.587,0.752,-0.218,2.24,-3.622,-2.905,brushing
0.587,0.757,-0.222,2.24,-3.622,-2.905,brushing
0.587,0.757,-0.222,2.415,-3.377,-3.587,brushing
0.587,0.773,-0.227,2.415,-3.377,-3.587,brushing
0.587,0.773,-0.227,2.327,-4.077,-3.815,brushing
0.588,0.785,-0.231,2.327,-4.077,-3.815,brushing
0.588,0.785,-0.231,1.995,-5.915,-3.657,brushing
0.589,0.787,-0.23,1.995,-5.915,-3.657,brushing
0.592,0.783,-0.228,1.802,-7.087,-3.255,brushing
0.594,0.782,-0.23,1.802,-7.087,-3.255,brushing
0.594,0.782,-0.23,1.732,-6.597,-2.747,brushing
0.594,0.784,-0.228,1.732,-6.597,-2.747,brushing
0.594,0.784,-0.228,1.627,-5.355,-2.1,brushing
0.596,0.783,-0.227,1.627,-5.355,-2.1,brushing
0.596,0.783,-0.227,1.487,-4.9,-1.435,brushing
0.595,0.78,-0.224,1.487,-4.9,-1.435,brushing
0.595,0.78,-0.224,1.417,-4.497,-0.787,brushing
0.594,0.777,-0.223,1.417,-4.497,-0.787,brushing
0.594,0.777,-0.223,1.4,-4.427,-0.227,brushing
0.591,0.775,-0.223,1.4,-4.427,-0.227,brushing
0.591,0.775,-0.223,1.365,-4.847,0.175,brushing
0.589,0.771,-0.223,1.365,-4.847,0.175,brushing
0.589,0.771,-0.223,1.505,-5.25,0.385,brushing
0.586,0.767,-0.223,1.505,-5.25,0.385,brushing
0.586,0.767,-0.223,1.802,-5.162,0.385,brushing
0.584,0.762,-0.221,1.802,-5.162,0.385,brushing
0.58,0.762,-0.22,2.17,-4.795,0.175,brushing
0.578,0.761,-0.218,2.17,-4.795,0.175,brushing
0.578,0.761,-0.218,2.66,-4.497,-0.105,brushing
0.579,0.762,-0.218,2.66,-4.497,-0.105,brushing
0.579,0.762,-0.218,3.255,-4.112,-0.42,brushing
0.584,0.769,-0.221,3.255,-4.112,-0.42,brushing
0.584,0.769,-0.221,3.85,-4.27,-0.857,brushing
0.585,0.776,-0.226,3.85,-4.27,-0.857,brushing
0.585,0.776,-0.226,4.287,-4.76,-1.172,brushing
0.586,0.776,-0.229,4.287,-4.76,-1.172,brushing
0.586,0.776,-0.229,4.357,-5.215,-1.207,brushing
0.583,0.777,-0.225,4.357,-5.215,-1.207,brushing
0.583,0.777,-0.225,4.217,-5.32,-1.137,brushing
0.585,0.779,-0.225,4.217,-5.32,-1.137,brushing
0.585,0.779,-0.225,4.042,-5.232,-0.857,brushing
0.588,0.78,-0.223,4.042,-5.232,-0.857,brushing
0.588,0.78,-0.223,3.832,-5.285,-0.542,brushing
0.589,0.777,-0.223,3.832,-5.285,-0.542,brushing
0.592,0.774,-0.225,3.832,-5.285,-0.542,brushing
0.592,0.774,-0.225,3.762,-5.092,-0.35,brushing
0.592,0.772,-0.228,3.762,-5.092,-0.35,brushing
0.592,0.772,-0.228,3.587,-4.83,-0.385,brushing
0.592,0.775,-0.233,3.587,-4.83,-0.385,brushing
0.592,0.775,-0.233,3.342,-4.777,-0.49,brushing
0.591,0.778,-0.231,3.342,-4.777,-0.49,brushing
0.591,0.778,-0.231,3.01,-5.197,-0.525,brushing
0.59,0.775,-0.227,3.01,-5.197,-0.525,brushing
0.59,0.775,-0.227,2.835,-5.722,-0.577,brushing
0.589,0.774,-0.225,2.835,-5.722,-0.577,brushing
0.589,0.774,-0.225,2.835,-5.617,-0.455,brushing
0.588,0.774,-0.224,2.835,-5.617,-0.455,brushing
0.588,0.774,-0.224,2.817,-5.635,-0.28,brushing
0.588,0.769,-0.222,2.817,-5.635,-0.28,brushing
0.588,0.769,-0.222,2.94,-5.757,-0.332,brushing
0.589,0.768,-0.222,2.94,-5.757,-0.332,brushing
0.589,0.768,-0.222,3.202,-5.442,-0.385,brushing
0.589,0.774,-0.223,3.202,-5.442,-0.385,brushing
0.587,0.775,-0.22,3.202,-5.442,-0.385,brushing
0.587,0.775,-0.22,3.535,-5.512,-0.35,brushing
0.588,0.766,-0.22,3.535,-5.512,-0.35,brushing
0.588,0.766,-0.22,4.095,-5.722,-0.332,brushing
0.591,0.763,-0.223,4.095,-5.722,-0.332,brushing
0.591,0.763,-0.223,4.41,-4.865,-0.472,brushing
0.592,0.763,-0.225,4.41,-4.865,-0.472,brushing
0.592,0.763,-0.225,4.305,-4.34,-0.7,brushing
0.595,0.763,-0.226,4.305,-4.34,-0.7,brushing
0.595,0.763,-0.226,3.885,-4.287,-1.015,brushing
0.595,0.766,-0.227,3.885,-4.287,-1.015,brushing
0.595,0.766,-0.227,3.307,-4.777,-1.417,brushing
0.595,0.771,-0.23,3.307,-4.777,-1.417,brushing
0.595,0.771,-0.23,2.835,-5.565,-1.75,brushing
0.591,0.771,-0.232,2.835,-5.565,-1.75,brushing
0.591,0.771,-0.232,2.467,-6.282,-2.082,brushing
0.588,0.766,-0.233,2.467,-6.282,-2.082,brushing
0.588,0.766,-0.233,2.292,-5.845,-2.292,brushing
0.587,0.766,-0.231,2.292,-5.845,-2.292,brushing
0.588,0.771,-0.229,2.292,-5.845,-2.292,brushing
0.588,0.771,-0.229,2.275,-4.707,-2.327,brushing
0.588,0.779,-0.227,2.275,-4.707,-2.327,brushing
0.588,0.779,-0.227,2.275,-4.217,-2.205,brushing
0.589,0.782,-0.226,2.275,-4.217,-2.205,brushing
0.589,0.782,-0.226,2.24,-4.742,-1.837,brushing
0.588,0.778,-0.222,2.24,-4.742,-1.837,brushing
0.588,0.778,-0.222,2.257,-5.005,-1.365,brushing
0.589,0.774,-0.22,2.257,-5.005,-1.365,brushing
0.589,0.774,-0.22,2.52,-4.515,-0.997,brushing
0.59,0.773,-0.217,2.52,-4.515,-0.997,brushing
0.59,0.773,-0.217,2.712,-4.025,-0.717,brushing
0.591,0.772,-0.219,2.712,-4.025,-0.717,brushing
0.591,0.772,-0.219,2.765,-3.99,-0.665,brushing
0.593,0.773,-0.221,2.765,-3.99,-0.665,brushing
0.593,0.773,-0.221,2.677,-4.252,-0.612,brushing
0.593,0.77,-0.221,2.677,-4.252,-0.612,brushing
0.593,0.77,-0.221,2.502,-4.532,-0.63,brushing
0.592,0.768,-0.22,2.502,-4.532,-0.63,brushing
0.591,0.769,-0.221,2.502,-4.532,-0.63,brushing
0.591,0.769,-0.221,2.38,-4.445,-0.735,brushing
0.591,0.775,-0.225,2.38,-4.445,-0.735,brushing
0.591,0.775,-0.225,2.222,-4.375,-0.77,brushing
0.59,0.776,-0.226,2.222,-4.375,-0.77,brushing
0.59,0.776,-0.226,2.012,-4.795,-0.84,brushing
0.588,0.774,-0.228,2.012,-4.795,-0.84,brushing
0.588,0.774,-0.228,1.907,-4.865,-0.875,brushing
0.586,0.771,-0.228,1.907,-4.865,-0.875,brushing
0.586,0.771,-0.228,1.75,-4.515,-0.84,brushing
0.585,0.772,-0.231,1.75,-4.515,-0.84,brushing
0.585,0.772,-0.231,1.54,-4.06,-0.752,brushing
0.585,0.773,-0.228,1.54,-4.06,-0.752,brushing
0.585,0.773,-0.228,1.54,-4.025,-0.665,brushing
0.584,0.769,-0.228,1.54,-4.025,-0.665,brushing
0.584,0.769,-0.228,1.575,-3.727,-0.612,brushing
0.585,0.766,-0.229,1.575,-3.727,-0.612,brushing
0.584,0.76,-0.224,1.592,-3.272,-0.682,brushing
0.584,0.756,-0.222,1.592,-3.272,-0.682,brushing
0.584,0.756,-0.222,1.662,-2.817,-1.067,brushing
0.585,0.76,-0.22,1.662,-2.817,-1.067,brushing
0.585,0.76,-0.22,1.785,-2.257,-1.54,brushing
0.588,0.768,-0.219,1.785,-2.257,-1.54,brushing
0.588,0.768,-0.219,2.065,-2.537,-2.1,brushing
0.59,0.777,-0.221,2.065,-2.537,-2.1,brushing
0.59,0.777,-0.221,2.345,-3.71,-2.677,brushing
0.588,0.781,-0.224,2.345,-3.71,-2.677,brushing
0.588,0.781,-0.224,2.38,-4.462,-2.887,brushing
0.586,0.79,-0.22,2.38,-4.462,-2.887,brushing
0.586,0.79,-0.22,2.065,-5.722,-2.817,brushing
0.586,0.786,-0.215,2.065,-5.722,-2.817,brushing
0.586,0.786,-0.215,1.96,-6.597,-2.555,brushing
0.588,0.781,-0.216,1.96,-6.597,-2.555,brushing
0.588,0.781,-0.216,1.942,-5.862,-2.205,brushing
0.591,0.782,-0.217,1.942,-5.862,-2.205,brushing
0.59,0.784,-0.22,1.942,-5.862,-2.205,brushing
0.59,0.784,-0.22,1.802,-5.442,-1.855,brushing
0.59,0.787,-0.225,1.802,-5.442,-1.855,brushing
0.59,0.787,-0.225,1.61,-5.32,-1.522,brushing
0.59,0.783,-0.225,1.61,-5.32,-1.522,brushing
0.59,0.783,-0.225,1.4,-5.757,-1.26,brushing
0.59,0.779,-0.225,1.4,-5.757,-1.26,brushing
0.59,0.779,-0.225,1.155,-6.212,-1.12,brushing
0.588,0.777,-0.225,1.155,-6.212,-1.12,brushing
0.588,0.777,-0.225,0.91,-6.16,-1.067,brushing
0.584,0.773,-0.226,0.91,-6.16,-1.067,brushing
0.584,0.773,-0.226,0.665,-5.74,-1.032,brushing
0.583,0.769,-0.224,0.665,-5.74,-1.032,brushing
0.583,0.769,-0.224,0.49,-4.987,-0.997,brushing
0.584,0.767,-0.222,0.49,-4.987,-0.997,brushing
0.584,0.767,-0.222,0.49,-4.182,-1.155,brushing
0.586,0.769,-0.226,0.49,-4.182,-1.155,brushing
0.586,0.769,-0.226,0.35,-3.692,-1.33,brushing
0.586,0.774,-0.23,0.35,-3.692,-1.33,brushing
0.585,0.774,-0.228,0.35,-3.692,-1.33,brushing
0.585,0.774,-0.228,0,-3.99,-1.435,brushing
0.583,0.769,-0.227,0,-3.99,-1.435,brushing
0.583,0.769,-0.227,-0.315,-3.955,-1.47,brushing
0.583,0.77,-0.222,-0.315,-3.955,-1.47,brushing
0.583,0.77,-0.222,-0.437,-3.01,-1.365,brushing
0.584,0.772,-0.22,-0.437,-3.01,-1.365,brushing
0.584,0.772,-0.22,-0.507,-2.38,-1.242,brushing
0.585,0.774,-0.222,-0.507,-2.38,-1.242,brushing
0.585,0.774,-0.222,-0.525,-2.047,-1.067,brushing
0.586,0.777,-0.22,-0.525,-2.047,-1.067,brushing
0.586,0.777,-0.22,-0.385,-2.45,-1.067,brushing
0.589,0.775,-0.22,-0.385,-2.45,-1.067,brushing
0.589,0.775,-0.22,-0.105,-2.537,-1.242,brushing
0.59,0.782,-0.219,-0.105,-2.537,-1.242,brushing
0.59,0.782,-0.219,0.14,-3.15,-1.47,brushing
0.588,0.785,-0.22,0.14,-3.15,-1.47,brushing
0.588,0.785,-0.22,0.227,-4.252,-1.627,brushing
0.584,0.793,-0.22,0.227,-4.252,-1.627,brushing
0.579,0.789,-0.218,0.227,-4.252,-1.627,brushing
0.579,0.789,-0.218,0.035,-6.142,-1.662,brushing
0.574,0.78,-0.212,0.035,-6.142,-1.662,brushing
0.574,0.78,-0.212,-0.157,-7.402,-1.767,brushing
0.572,0.767,-0.206,-0.157,-7.402,-1.767,brushing
0.572,0.767,-0.206,-0.157,-7.315,-2.152,brushing
0.57,0.762,-0.206,-0.157,-7.315,-2.152,brushing
0.57,0.762,-0.206,0.14,-5.757,-2.747,brushing
0.569,0.773,-0.211,0.14,-5.757,-2.747,brushing
0.569,0.773,-0.211,0.297,-4.462,-3.202,brushing
0.569,0.787,-0.215,0.297,-4.462,-3.202,brushing
0.569,0.787,-0.215,0.227,-5.11,-3.447,brushing
0.571,0.786,-0.211,0.227,-5.11,-3.447,brushing
0.571,0.786,-0.211,0.437,-6.405,-3.797,brushing
0.573,0.777,-0.207,0.437,-6.405,-3.797,brushing
0.573,0.777,-0.207,1.207,-6.247,-4.235,brushing
0.577,0.776,-0.207,1.207,-6.247,-4.235,brushing
0.577,0.783,-0.21,2.17,-5.32,-4.567,brushing
0.576,0.789,-0.213,2.17,-5.32,-4.567,brushing
0.576,0.789,-0.213,2.87,-5.302,-4.69,brushing
0.579,0.792,-0.214,2.87,-5.302,-4.69,brushing
0.579,0.792,-0.214,3.272,-6.422,-4.585,brushing
0.579,0.785,-0.211,3.272,-6.422,-4.585,brushing
0.579,0.785,-0.211,3.57,-7.122,-4.2,brushing
0.581,0.778,-0.209,3.57,-7.122,-4.2,brushing
0.581,0.778,-0.209,3.867,-6.545,-3.64,brushing
0.583,0.777,-0.207,3.867,-6.545,-3.64,brushing
0.583,0.777,-0.207,4.165,-5.495,-3.185,brushing
0.584,0.78,-0.21,4.165,-5.495,-3.185,brushing
0.584,0.78,-0.21,4.34,-4.9,-2.747,brushing
0.588,0.782,-0.212,4.34,-4.9,-2.747,brushing
0.588,0.782,-0.212,4.322,-4.795,-2.345,brushing
0.59,0.787,-0.214,4.322,-4.795,-2.345,brushing
0.59,0.787,-0.214,4.077,-5.18,-1.89,brushing
0.588,0.785,-0.211,4.077,-5.18,-1.89,brushing
0.591,0.777,-0.211,3.815,-5.565,-1.452,brushing
0.589,0.777,-0.208,3.815,-5.565,-1.452,brushing
0.589,0.777,-0.208,3.57,-4.672,-1.137,brushing
0.591,0.782,-0.214,3.57,-4.672,-1.137,brushing
0.591,0.782,-0.214,3.255,-4.112,-0.892,brushing
0.586,0.786,-0.213,3.255,-4.112,-0.892,brushing
0.586,0.786,-0.213,2.572,-4.2,-0.612,brushing
0.584,0.78,-0.216,2.572,-4.2,-0.612,brushing
0.584,0.78,-0.216,1.96,-4.48,-0.472,brushing
0.58,0.777,-0.211,1.96,-4.48,-0.472,brushing
0.58,0.777,-0.211,1.54,-3.675,-0.472,brushing
0.583,0.775,-0.208,1.54,-3.675,-0.472,brushing
0.583,0.775,-0.208,1.452,-2.957,-0.945,brushing
0.582,0.781,-0.208,1.452,-2.957,-0.945,brushing
0.582,0.781,-0.208,1.505,-2.292,-1.505,brushing
0.578,0.788,-0.215,1.505,-2.292,-1.505,brushing
0.578,0.788,-0.215,1.12,-2.642,-1.89,brushing
0.573,0.79,-0.216,1.12,-2.642,-1.89,brushing
0.571,0.789,-0.211,1.12,-2.642,-1.89,brushing
0.571,0.789,-0.211,0.56,-3.36,-2.065,brushing
0.57,0.785,-0.203,0.56,-3.36,-2.065,brushing
0.57,0.785,-0.203,0.227,-3.727,-2.17,brushing
0.573,0.783,-0.197,0.227,-3.727,-2.17,brushing
0.573,0.783,-0.197,0.56,-3.272,-2.222,brushing
0.576,0.778,-0.196,0.56,-3.272,-2.222,brushing
0.576,0.778,-0.196,1.33,-2.362,-2.45,brushing
0.58,0.782,-0.205,1.33,-2.362,-2.45,brushing
0.58,0.782,-0.205,1.837,-1.662,-2.835,brushing
0.583,0.788,-0.213,1.837,-1.662,-2.835,brushing
0.583,0.788,-0.213,1.68,-2.327,-3.115,brushing
0.585,0.79,-0.22,1.68,-2.327,-3.115,brushing
0.585,0.79,-0.22,1.032,-3.5,-3.255,brushing
0.587,0.791,-0.218,1.032,-3.5,-3.255,brushing
0.587,0.791,-0.218,0.385,-4.252,-3.272,brushing
0.584,0.787,-0.216,0.385,-4.252,-3.272,brushing
0.584,0.787,-0.216,-0.122,-4.095,-3.395,brushing
0.581,0.788,-0.215,-0.122,-4.095,-3.395,brushing
0.58,0.788,-0.215,-0.122,-4.095,-3.395,brushing
0.58,0.788,-0.215,-0.665,-3.587,-3.465,brushing
0.579,0.793,-0.218,-0.665,-3.587,-3.465,brushing
0.579,0.793,-0.218,-1.347,-3.36,-3.447,brushing
0.576,0.797,-0.218,-1.347,-3.36,-3.447,brushing
0.576,0.797,-0.218,-2.117,-3.5,-3.29,brushing
0.572,0.795,-0.216,-2.117,-3.5,-3.29,brushing
0.572,0.795,-0.216,-2.66,-3.937,-2.957,brushing
0.57,0.788,-0.211,-2.66,-3.937,-2.957,brushing
0.57,0.788,-0.211,-2.87,-3.937,-2.747,brushing
0.569,0.782,-0.208,-2.87,-3.937,-2.747,brushing
0.569,0.782,-0.208,-2.73,-3.237,-2.677,brushing
0.569,0.783,-0.209,-2.73,-3.237,-2.677,brushing
0.569,0.783,-0.209,-2.572,-2.537,-2.607,brushing
0.568,0.782,-0.207,-2.572,-2.537,-2.607,brushing
0.568,0.782,-0.207,-2.397,-2.572,-2.642,brushing
0.569,0.779,-0.208,-2.397,-2.572,-2.642,brushing
0.569,0.779,-0.208,-2.205,-2.415,-2.782,brushing
0.569,0.778,-0.205,-2.205,-2.415,-2.782,brushing
0.569,0.787,-0.205,-2.205,-2.415,-2.782,brushing
0.569,0.787,-0.205,-1.82,-1.767,-2.87,brushing
0.569,0.792,-0.205,-1.82,-1.767,-2.87,brushing
0.569,0.792,-0.205,-1.487,-1.942,-2.747,brushing
0.568,0.796,-0.208,-1.487,-1.942,-2.747,brushing
0.568,0.796,-0.208,-1.26,-2.625,-2.537,brushing
0.568,0.799,-0.208,-1.26,-2.625,-2.537,brushing
0.568,0.799,-0.208,-1.19,-3.062,-2.1,brushing
0.568,0.797,-0.207,-1.19,-3.062,-2.1,brushing
0.568,0.797,-0.207,-1.05,-2.887,-1.557,brushing
0.567,0.798,-0.202,-1.05,-2.887,-1.557,brushing
0.567,0.798,-0.202,-0.822,-2.537,-1.015,brushing
0.567,0.799,-0.205,-0.822,-2.537,-1.015,brushing
0.567,0.799,-0.205,-0.735,-2.45,-0.49,brushing
0.566,0.799,-0.205,-0.735,-2.45,-0.49,brushing
0.566,0.799,-0.205,-0.717,-2.852,-0.21,brushing
0.567,0.795,-0.205,-0.717,-2.852,-0.21,brushing
0.567,0.795,-0.205,-0.752,-3.307,-0.157,brushing
0.567,0.789,-0.202,-0.752,-3.307,-0.157,brushing
0.566,0.787,-0.202,-0.752,-3.307,-0.157,brushing
0.566,0.787,-0.202,-0.577,-3.29,-0.297,brushing
0.564,0.789,-0.202,-0.577,-3.29,-0.297,brushing
0.564,0.789,-0.202,-0.385,-3.185,-0.472,brushing
0.565,0.792,-0.203,-0.385,-3.185,-0.472,brushing
0.565,0.792,-0.203,-0.14,-3.57,-0.595,brushing
0.564,0.793,-0.2,-0.14,-3.57,-0.595,brushing
0.564,0.793,-0.2,0.157,-3.937,-0.7,brushing
0.563,0.791,-0.201,0.157,-3.937,-0.7,brushing
0.563,0.791,-0.201,0.665,-4.217,-0.805,brushing
0.563,0.787,-0.202,0.665,-4.217,-0.805,brushing
0.563,0.787,-0.202,1.19,-3.902,-0.997,brushing
0.565,0.784,-0.203,1.19,-3.902,-0.997,brushing
0.565,0.784,-0.203,1.627,-3.657,-1.382,brushing
0.565,0.781,-0.204,1.627,-3.657,-1.382,brushing
0.565,0.781,-0.204,1.89,-3.552,-1.925,brushing
0.565,0.78,-0.205,1.89,-3.552,-1.925,brushing
0.564,0.781,-0.204,2.082,-3.395,-2.327,brushing
0.565,0.777,-0.202,2.082,-3.395,-2.327,brushing
0.565,0.777,-0.202,2.327,-3.71,-2.642,brushing
0.568,0.785,-0.206,2.327,-3.71,-2.642,brushing
0.568,0.785,-0.206,2.52,-3.412,-2.957,brushing
0.568,0.793,-0.206,2.52,-3.412,-2.957,brushing
0.568,0.793,-0.206,2.572,-3.78,-3.01,brushing
0.568,0.789,-0.205,2.572,-3.78,-3.01,brushing
0.568,0.789,-0.205,2.607,-4.287,-2.957,brushing
0.571,0.794,-0.206,2.607,-4.287,-2.957,brushing
0.571,0.794,-0.206,2.66,-4.322,-2.8,brushing
0.573,0.801,-0.211,2.66,-4.322,-2.8,brushing
0.573,0.801,-0.211,2.485,-4.41,-2.38,brushing
0.574,0.816,-0.213,2.485,-4.41,-2.38,brushing
0.574,0.816,-0.213,1.995,-5.53,-1.697,brushing
0.575,0.824,-0.208,1.995,-5.53,-1.697,brushing
0.575,0.824,-0.208,1.732,-7.682,-0.84,brushing
0.576,0.822,-0.2,1.732,-7.682,-0.84,brushing
0.578,0.812,-0.191,1.907,-9.1,0.105,brushing
0.58,0.8,-0.185,1.907,-9.1,0.105,brushing
0.58,0.8,-0.185,2.607,-9.24,0.647,brushing
0.577,0.794,-0.19,2.607,-9.24,0.647,brushing
0.577,0.794,-0.19,3.447,-8.242,0.875,brushing
0.569,0.79,-0.196,3.447,-8.242,0.875,brushing
0.569,0.79,-0.196,3.85,-6.965,1.032,brushing
0.563,0.787,-0.194,3.85,-6.965,1.032,brushing
0.563,0.787,-0.194,3.832,-6.685,1.085,brushing
0.565,0.778,-0.189,3.832,-6.685,1.085,brushing
0.565,0.778,-0.189,3.71,-7.14,0.875,brushing
0.567,0.772,-0.188,3.71,-7.14,0.875,brushing
0.567,0.772,-0.188,3.64,-6.877,0.315,brushing
0.568,0.776,-0.189,3.64,-6.877,0.315,brushing
0.568,0.776,-0.189,3.71,-6.982,-0.472,brushing
0.568,0.777,-0.192,3.71,-6.982,-0.472,brushing
0.568,0.777,-0.192,3.815,-7.315,-1.365,brushing
0.567,0.784,-0.198,3.815,-7.315,-1.365,brushing
0.567,0.79,-0.203,3.815,-7.315,-1.365,brushing
0.567,0.79,-0.203,3.85,-7.927,-2.117,brushing
0.568,0.794,-0.207,3.85,-7.927,-2.117,brushing
0.568,0.794,-0.207,3.71,-8.61,-2.537,brushing
0.57,0.797,-0.206,3.71,-8.61,-2.537,brushing
0.57,0.797,-0.206,3.465,-8.872,-2.66,brushing
0.567,0.796,-0.206,3.465,-8.872,-2.66,brushing
0.567,0.796,-0.206,3.15,-8.995,-2.572,brushing
0.566,0.795,-0.204,3.15,-8.995,-2.572,brushing
0.566,0.795,-0.204,2.782,-8.522,-2.345,brushing
0.568,0.793,-0.201,2.782,-8.522,-2.345,brushing
0.568,0.793,-0.201,2.52,-7.63,-2.135,brushing
0.57,0.794,-0.2,2.52,-7.63,-2.135,brushing
0.57,0.794,-0.2,2.52,-6.527,-1.925,brushing
0.57,0.8,-0.202,2.52,-6.527,-1.925,brushing
0.57,0.8,-0.202,2.415,-6.107,-1.54,brushing
0.569,0.8,-0.201,2.415,-6.107,-1.54,brushing
0.569,0.8,-0.201,2.205,-6.247,-1.137,brushing
0.567,0.801,-0.199,2.205,-6.247,-1.137,brushing
0.568,0.793,-0.194,2.205,-6.247,-1.137,brushing
0.568,0.793,-0.194,2.117,-6.44,-0.752,brushing
0.568,0.789,-0.189,2.117,-6.44,-0.752,brushing
0.568,0.789,-0.189,2.187,-6.09,-0.507,brushing
0.569,0.785,-0.186,2.187,-6.09,-0.507,brushing
0.569,0.785,-0.186,2.467,-5.53,-0.49,brushing
0.57,0.784,-0.186,2.467,-5.53,-0.49,brushing
0.57,0.784,-0.186,2.852,-4.83,-0.682,brushing
0.569,0.789,-0.189,2.852,-4.83,-0.682,brushing
0.569,0.789,-0.189,3.115,-4.445,-0.962,brushing
0.567,0.794,-0.19,3.115,-4.445,-0.962,brushing
0.567,0.794,-0.19,3.167,-4.725,-1.137,brushing
0.565,0.797,-0.192,3.167,-4.725,-1.137,brushing
0.565,0.797,-0.192,3.045,-5.32,-1.207,brushing
0.564,0.8,-0.191,3.045,-5.32,-1.207,brushing
0.564,0.8,-0.191,3.01,-5.705,-1.102,brushing
0.562,0.8,-0.189,3.01,-5.705,-1.102,brushing
0.562,0.8,-0.189,3.097,-5.915,-1.085,brushing
0.562,0.797,-0.188,3.097,-5.915,-1.085,brushing
0.561,0.797,-0.187,3.097,-5.915,-1.085,brushing
0.561,0.797,-0.187,3.255,-5.95,-1.085,brushing
0.561,0.793,-0.188,3.255,-5.95,-1.085,brushing
0.561,0.793,-0.188,3.342,-6.247,-1.207,brushing
0.562,0.795,-0.189,3.342,-6.247,-1.207,brushing
0.562,0.795,-0.189,3.43,-6.3,-1.347,brushing
0.561,0.797,-0.188,3.43,-6.3,-1.347,brushing
0.561,0.797,-0.188,3.482,-6.58,-1.435,brushing
0.561,0.793,-0.187,3.482,-6.58,-1.435,brushing
0.561,0.793,-0.187,3.675,-6.772,-1.47,brushing
0.563,0.79,-0.186,3.675,-6.772,-1.47,brushing
0.563,0.79,-0.186,3.937,-6.142,-1.54,brushing
0.563,0.792,-0.188,3.937,-6.142,-1.54,brushing
0.563,0.792,-0.188,4.2,-5.215,-1.575,brushing
0.563,0.796,-0.191,4.2,-5.215,-1.575,brushing
0.563,0.796,-0.191,4.34,-4.777,-1.435,brushing
0.564,0.805,-0.193,4.34,-4.777,-1.435,brushing
0.564,0.804,-0.192,4.375,-5.162,-1.19,brushing
0.563,0.801,-0.192,4.375,-5.162,-1.19,brushing
0.563,0.801,-0.192,4.41,-5.355,-0.98,brushing
0.562,0.803,-0.19,4.41,-5.355,-0.98,brushing
0.562,0.803,-0.19,4.62,-4.707,-0.682,brushing
0.562,0.8,-0.187,4.62,-4.707,-0.682,brushing
0.562,0.8,-0.187,4.847,-4.41,-0.42,brushing
0.562,0.797,-0.188,4.847,-4.41,-0.42,brushing
0.562,0.797,-0.188,5.04,-3.972,-0.245,brushing
0.563,0.797,-0.185,5.04,-3.972,-0.245,brushing
0.563,0.797,-0.185,5.215,-3.78,-0.105,brushing
0.563,0.798,-0.186,5.215,-3.78,-0.105,brushing
0.563,0.798,-0.186,5.39,-4.077,0.035,brushing
0.565,0.793,-0.18,5.39,-4.077,0.035,brushing
0.565,0.793,-0.18,5.775,-4.55,-0.105,brushing
0.566,0.791,-0.186,5.775,-4.55,-0.105,brushing
0.566,0.791,-0.186,6.107,-4.165,-0.28,brushing
0.567,0.796,-0.187,6.107,-4.165,-0.28,brushing
0.568,0.796,-0.186,6.265,-4.48,-0.472,brushing
0.566,0.797,-0.187,6.265,-4.48,-0.472,brushing
0.566,0.797,-0.187,6.405,-4.9,-0.612,brushing
0.567,0.799,-0.188,6.405,-4.9,-0.612,brushing
0.567,0.799,-0.188,6.457,-5.215,-0.7,brushing
0.571,0.799,-0.189,6.457,-5.215,-0.7,brushing
0.571,0.799,-0.189,6.352,-6.125,-0.927,brushing
0.573,0.809,-0.192,6.352,-6.125,-0.927,brushing
0.573,0.809,-0.192,6.142,-6.842,-1.015,brushing
0.57,0.823,-0.195,6.142,-6.842,-1.015,brushing
0.57,0.823,-0.195,5.652,-8.61,-0.735,brushing
0.566,0.831,-0.193,5.652,-8.61,-0.735,brushing
0.566,0.831,-0.193,5.232,-10.867,-0.035,brushing
0.561,0.837,-0.189,5.232,-10.867,-0.035,brushing
0.561,0.837,-0.189,5.267,-12.81,0.945,brushing
0.56,0.828,-0.18,5.267,-12.81,0.945,brushing
0.56,0.828,-0.18,5.915,-14,1.855,brushing
0.559,0.812,-0.179,5.915,-14,1.855,brushing
0.558,0.802,-0.18,5.915,-14,1.855,brushing
0.558,0.802,-0.18,6.825,-13.002,2.572,brushing
0.558,0.796,-0.182,6.825,-13.002,2.572,brushing
0.558,0.796,-0.182,7.805,-11.497,2.957,brushing
0.558,0.792,-0.186,7.805,-11.497,2.957,brushing
0.558,0.792,-0.186,8.54,-10.92,2.922,brushing
0.56,0.791,-0.188,8.54,-10.92,2.922,brushing
0.56,0.791,-0.188,9.065,-10.937,2.45,brushing
0.561,0.79,-0.189,9.065,-10.937,2.45,brushing
0.561,0.79,-0.189,9.45,-11.445,1.732,brushing
0.558,0.786,-0.191,9.45,-11.445,1.732,brushing
0.558,0.786,-0.191,9.59,-11.742,0.962,brushing
0.556,0.784,-0.192,9.59,-11.742,0.962,brushing
0.556,0.784,-0.192,9.432,-11.567,0.315,brushing
0.557,0.781,-0.189,9.432,-11.567,0.315,brushing
0.557,0.781,-0.189,9.257,-11.112,-0.35,brushing
0.559,0.776,-0.191,9.257,-11.112,-0.35,brushing
0.559,0.776,-0.191,9.047,-9.922,-0.945,brushing
0.561,0.78,-0.195,9.047,-9.922,-0.945,brushing
0.563,0.788,-0.197,9.047,-9.922,-0.945,brushing
0.563,0.788,-0.197,8.557,-9.1,-1.382,brushing
0.565,0.788,-0.2,8.557,-9.1,-1.382,brushing
0.565,0.788,-0.2,7.945,-9.257,-1.715,brushing
0.564,0.789,-0.193,7.945,-9.257,-1.715,brushing
0.564,0.789,-0.193,7.437,-8.662,-1.907,brushing
0.567,0.789,-0.195,7.437,-8.662,-1.907,brushing
0.567,0.789,-0.195,7.087,-7.997,-2.012,brushing
0.568,0.793,-0.193,7.087,-7.997,-2.012,brushing
0.568,0.793,-0.193,6.72,-7.087,-2.03,brushing
0.57,0.793,-0.194,6.72,-7.087,-2.03,brushing
0.57,0.793,-0.194,6.37,-6.422,-1.977,brushing
0.572,0.791,-0.194,6.37,-6.422,-1.977,brushing
0.572,0.791,-0.194,6.142,-5.355,-1.89,brushing
0.574,0.792,-0.194,6.142,-5.355,-1.89,brushing
0.574,0.792,-0.194,5.827,-4.742,-1.96,brushing
0.577,0.799,-0.197,5.827,-4.742,-1.96,brushing
0.577,0.799,-0.197,5.267,-4.55,-1.872,brushing
0.576,0.803,-0.191,5.267,-4.55,-1.872,brushing
0.576,0.803,-0.195,5.267,-4.55,-1.872,brushing
0.576,0.803,-0.195,4.655,-5.04,-1.662,brushing
0.573,0.808,-0.188,4.655,-5.04,-1.662,brushing
0.573,0.808,-0.188,3.955,-4.585,-1.225,brushing
0.575,0.802,-0.185,3.955,-4.585,-1.225,brushing
0.575,0.802,-0.185,3.377,-4.725,-0.805,brushing
0.572,0.809,-0.183,3.377,-4.725,-0.805,brushing
0.572,0.809,-0.183,2.8,-3.587,-0.21,brushing
0.572,0.805,-0.177,2.8,-3.587,-0.21,brushing
0.572,0.805,-0.177,2.31,-3.92,0.14,brushing
0.571,0.805,-0.182,2.31,-3.92,0.14,brushing
0.571,0.805,-0.182,1.855,-3.605,0.297,brushing
0.567,0.807,-0.175,1.855,-3.605,0.297,brushing
0.567,0.807,-0.175,1.522,-4.62,0.122,brushing
0.565,0.8,-0.177,1.522,-4.62,0.122,brushing
0.565,0.8,-0.177,1.33,-4.865,-0.245,brushing
0.559,0.806,-0.172,1.33,-4.865,-0.245,brushing
0.559,0.806,-0.172,1.33,-6.002,-0.63,brushing
0.559,0.798,-0.172,1.33,-6.002,-0.63,brushing
0.557,0.797,-0.174,1.33,-6.002,-0.63,brushing
0.557,0.797,-0.174,1.487,-6.247,-1.137,brushing
0.557,0.801,-0.176,1.487,-6.247,-1.137,brushing
0.557,0.801,-0.176,1.68,-5.757,-1.592,brushing
0.556,0.805,-0.177,1.68,-5.757,-1.592,brushing
0.556,0.805,-0.177,1.785,-5.915,-1.907,brushing
0.56,0.807,-0.18,1.785,-5.915,-1.907,brushing
0.56,0.807,-0.18,1.907,-6.3,-2.065,brushing
0.56,0.811,-0.179,1.907,-6.3,-2.065,brushing
0.56,0.811,-0.179,1.977,-6.51,-1.995,brushing
0.563,0.802,-0.178,1.977,-6.51,-1.995,brushing
0.563,0.802,-0.178,2.152,-6.685,-1.995,brushing
0.564,0.801,-0.181,2.152,-6.685,-1.995,brushing
0.564,0.801,-0.181,2.187,-5.687,-1.855,brushing
0.565,0.799,-0.179,2.187,-5.687,-1.855,brushing
0.565,0.799,-0.179,2.1,-5.547,-1.837,brushing
0.565,0.798,-0.185,2.1,-5.547,-1.837,brushing
0.565,0.801,-0.179,1.855,-5.197,-1.662,brushing
0.568,0.792,-0.184,1.855,-5.197,-1.662,brushing
0.568,0.792,-0.184,1.662,-5.74,-1.802,brushing
0.568,0.79,-0.183,1.662,-5.74,-1.802,brushing
0.568,0.79,-0.183,1.452,-5.197,-2.17,brushing
0.569,0.786,-0.185,1.452,-5.197,-2.17,brushing
0.569,0.786,-0.185,1.085,-4.725,-2.747,brushing
0.564,0.801,-0.188,1.085,-4.725,-2.747,brushing
0.564,0.801,-0.188,0.49,-3.885,-3.08,brushing
0.563,0.805,-0.18,0.49,-3.885,-3.08,brushing
0.563,0.805,-0.18,-0.21,-5.005,-3.167,brushing
0.565,0.806,-0.18,-0.21,-5.005,-3.167,brushing
0.565,0.806,-0.18,-0.717,-5.285,-3.185,brushing
0.563,0.808,-0.175,-0.717,-5.285,-3.185,brushing
0.563,0.808,-0.175,-0.91,-5.862,-3.202,brushing
0.562,0.804,-0.182,-0.91,-5.862,-3.202,brushing
0.562,0.804,-0.182,-1.155,-5.022,-2.975,brushing
0.557,0.813,-0.176,-1.155,-5.022,-2.975,brushing
0.557,0.815,-0.172,-1.26,-4.882,-2.485,brushing
0.557,0.808,-0.168,-1.26,-4.882,-2.485,brushing
0.557,0.808,-0.168,-1.102,-5.232,-1.89,brushing
0.559,0.803,-0.168,-1.102,-5.232,-1.89,brushing
0.559,0.803,-0.168,-0.665,-4.655,-1.382,brushing
0.559,0.803,-0.17,-0.665,-4.655,-1.382,brushing
0.559,0.803,-0.17,-0.262,-3.955,-1.137,brushing
0.557,0.806,-0.174,-0.262,-3.955,-1.137,brushing
0.557,0.806,-0.174,0.105,-3.867,-1.12,brushing
0.556,0.814,-0.179,0.105,-3.867,-1.12,brushing
0.556,0.814,-0.179,0.472,-4.112,-0.962,brushing
0.552,0.815,-0.177,0.472,-4.112,-0.962,brushing
0.552,0.815,-0.177,0.752,-4.987,-0.77,brushing
0.554,0.806,-0.173,0.752,-4.987,-0.77,brushing
0.554,0.806,-0.173,1.12,-4.847,-0.77,brushing
0.552,0.806,-0.17,1.12,-4.847,-0.77,brushing
0.552,0.806,-0.17,1.522,-4.287,-0.805,brushing
0.55,0.808,-0.172,1.522,-4.287,-0.805,brushing
0.55,0.807,-0.173,1.522,-4.287,-0.805,brushing
0.55,0.807,-0.173,1.627,-4.287,-0.805,brushing
0.551,0.803,-0.171,1.627,-4.287,-0.805,brushing
0.551,0.803,-0.171,1.715,-4.287,-0.892,brushing
0.552,0.803,-0.171,1.715,-4.287,-0.892,brushing
0.552,0.803,-0.171,1.925,-3.937,-1.172,brushing
0.554,0.808,-0.17,1.925,-3.937,-1.172,brushing
0.554,0.808,-0.17,2.152,-3.465,-1.277,brushing
0.554,0.814,-0.17,2.152,-3.465,-1.277,brushing
0.554,0.814,-0.17,2.415,-3.395,-1.102,brushing
0.555,0.814,-0.169,2.415,-3.395,-1.102,brushing
0.555,0.814,-0.169,2.642,-3.465,-0.647,brushing
0.558,0.814,-0.168,2.642,-3.465,-0.647,brushing
0.558,0.814,-0.168,2.835,-3.64,-0.035,brushing
0.561,0.812,-0.167,2.835,-3.64,-0.035,brushing
0.561,0.812,-0.167,3.062,-3.692,0.525,brushing
0.563,0.807,-0.167,3.062,-3.692,0.525,brushing
0.563,0.807,-0.167,3.36,-3.692,0.822,brushing
0.566,0.802,-0.17,3.36,-3.692,0.822,brushing
0.566,0.804,-0.174,3.36,-3.692,0.822,brushing
0.566,0.804,-0.174,3.587,-3.535,0.875,brushing
0.566,0.805,-0.176,3.587,-3.535,0.875,brushing
0.566,0.805,-0.176,3.517,-4.147,0.892,brushing
0.563,0.802,-0.174,3.517,-4.147,0.892,brushing
0.563,0.802,-0.174,3.29,-4.952,0.752,brushing
0.56,0.803,-0.175,3.29,-4.952,0.752,brushing
0.56,0.803,-0.175,3.185,-5.057,0.665,brushing
0.559,0.799,-0.17,3.185,-5.057,0.665,brushing
0.559,0.799,-0.17,3.167,-5.127,0.455,brushing
0.56,0.793,-0.17,3.167,-5.127,0.455,brushing
0.56,0.793,-0.17,3.237,-4.41,0.07,brushing
0.559,0.794,-0.17,3.237,-4.41,0.07,brushing
0.559,0.794,-0.17,3.255,-3.955,-0.455,brushing
0.559,0.797,-0.175,3.255,-3.955,-0.455,brushing
0.559,0.797,-0.175,3.115,-3.99,-0.91,brushing
0.559,0.795,-0.173,3.115,-3.99,-0.91,brushing
0.559,0.795,-0.173,2.94,-4.305,-1.522,brushing
0.559,0.796,-0.173,2.94,-4.305,-1.522,brushing
0.56,0.801,-0.172,2.94,-4.305,-1.522,brushing
0.56,0.801,-0.172,2.87,-4.34,-2.012,brushing
0.56,0.81,-0.175,2.87,-4.34,-2.012,brushing
0.56,0.81,-0.175,2.782,-4.34,-2.187,brushing
0.563,0.81,-0.175,2.782,-4.34,-2.187,brushing
0.563,0.81,-0.175,2.59,-4.917,-2.082,brushing
0.564,0.807,-0.176,2.59,-4.917,-2.082,brushing
0.564,0.807,-0.176,2.345,-4.532,-1.907,brushing
0.566,0.811,-0.176,2.345,-4.532,-1.907,brushing
0.566,0.811,-0.176,2.047,-3.902,-1.54,brushing
0.567,0.813,-0.178,2.047,-3.902,-1.54,brushing
0.567,0.813,-0.178,1.662,-3.815,-1.172,brushing
0.567,0.813,-0.178,1.662,-3.815,-1.172,brushing
0.567,0.813,-0.178,1.277,-4.182,-0.875,brushing
0.568,0.806,-0.178,1.277,-4.182,-0.875,brushing
0.568,0.806,-0.178,0.805,-4.182,-0.822,brushing
0.567,0.8,-0.177,0.805,-4.182,-0.822,brushing
0.567,0.8,-0.177,0.455,-3.762,-0.927,brushing
0.566,0.799,-0.178,0.455,-3.762,-0.927,brushing
0.565,0.802,-0.178,0.455,-3.762,-0.927,brushing
0.565,0.802,-0.178,0.07,-3.482,-1.155,brushing
0.563,0.798,-0.178,0.07,-3.482,-1.155,brushing
0.563,0.798,-0.178,-0.385,-3.78,-1.435,brushing
0.563,0.797,-0.175,-0.385,-3.78,-1.435,brushing
0.563,0.797,-0.175,-0.77,-3.57,-1.75,brushing
0.561,0.796,-0.172,-0.77,-3.57,-1.75,brushing
0.561,0.796,-0.172,-1.015,-3.15,-2.012,brushing
0.561,0.795,-0.174,-1.015,-3.15,-2.012,brushing
0.561,0.795,-0.174,-1.137,-2.66,-2.292,brushing
0.561,0.797,-0.175,-1.137,-2.66,-2.292,brushing
0.561,0.797,-0.175,-1.4,-2.275,-2.607,brushing
0.561,0.802,-0.176,-1.4,-2.275,-2.607,brushing
0.561,0.802,-0.176,-1.645,-2.222,-2.8,brushing
0.559,0.808,-0.173,-1.645,-2.222,-2.8,brushing
0.559,0.808,-0.173,-1.75,-2.817,-2.817,brushing
0.557,0.809,-0.17,-1.75,-2.817,-2.817,brushing
0.558,0.806,-0.168,-1.767,-3.342,-2.747,brushing
0.561,0.808,-0.168,-1.767,-3.342,-2.747,brushing
0.561,0.808,-0.168,-1.47,-2.817,-2.677,brushing
0.561,0.812,-0.171,-1.47,-2.817,-2.677,brushing
0.561,0.812,-0.171,-1.172,-2.257,-2.59,brushing
0.558,0.816,-0.172,-1.172,-2.257,-2.59,brushing
0.558,0.816,-0.172,-1.12,-2.205,-2.31,brushing
0.556,0.823,-0.169,-1.12,-2.205,-2.31,brushing
0.556,0.823,-0.169,-1.225,-2.817,-1.82,brushing
0.554,0.815,-0.164,-1.225,-2.817,-1.82,brushing
0.554,0.815,-0.164,-1.172,-3.465,-1.242,brushing
0.556,0.811,-0.163,-1.172,-3.465,-1.242,brushing
0.556,0.811,-0.163,-1.032,-3.167,-0.787,brushing
0.556,0.811,-0.163,-1.032,-3.167,-0.787,brushing
0.556,0.811,-0.163,-0.875,-3.097,-0.472,brushing
0.556,0.814,-0.166,-0.875,-3.097,-0.472,brushing
0.556,0.814,-0.166,-0.735,-3.605,-0.262,brushing
0.556,0.816,-0.168,-0.735,-3.605,-0.262,brushing
0.555,0.813,-0.168,-0.612,-4.55,-0.07,brushing
0.553,0.807,-0.164,-0.612,-4.55,-0.07,brushing
0.553,0.807,-0.164,-0.35,-4.952,0.035,brushing
0.553,0.806,-0.163,-0.35,-4.952,0.035,brushing
0.553,0.806,-0.163,0.175,-4.76,0.035,brushing
0.55,0.81,-0.163,0.175,-4.76,0.035,brushing
0.55,0.81,-0.163,0.717,-4.62,0.122,brushing
0.549,0.802,-0.167,0.717,-4.62,0.122,brushing
0.549,0.802,-0.167,1.19,-4.847,0.07,brushing
0.552,0.797,-0.166,1.19,-4.847,0.07,brushing
0.552,0.797,-0.166,1.575,-4.532,-0.297,brushing
0.554,0.798,-0.168,1.575,-4.532,-0.297,brushing
0.554,0.798,-0.168,1.907,-4.497,-0.752,brushing
0.554,0.801,-0.17,1.907,-4.497,-0.752,brushing
0.554,0.801,-0.17,2.065,-4.952,-1.225,brushing
0.554,0.803,-0.172,2.065,-4.952,-1.225,brushing
0.554,0.803,-0.172,2.065,-5.425,-1.522,brushing
0.554,0.802,-0.171,2.065,-5.425,-1.522,brushing
0.554,0.802,-0.167,2.065,-5.425,-1.522,brushing
0.554,0.802,-0.167,2.135,-5.092,-1.662,brushing
0.557,0.804,-0.167,2.135,-5.092,-1.662,brushing
0.557,0.804,-0.167,2.257,-4.48,-1.575,brushing
0.561,0.809,-0.167,2.257,-4.48,-1.575,brushing
0.561,0.809,-0.167,2.292,-4.235,-1.33,brushing
0.564,0.808,-0.172,2.292,-4.235,-1.33,brushing
0.564,0.808,-0.172,2.292,-4.41,-1.172,brushing
0.565,0.811,-0.172,2.292,-4.41,-1.172,brushing
0.565,0.811,-0.172,2.187,-4.585,-0.927,brushing
0.565,0.804,-0.169,2.187,-4.585,-0.927,brushing
0.565,0.804,-0.169,2.17,-4.812,-0.787,brushing
0.564,0.81,-0.168,2.17,-4.812,-0.787,brushing
0.564,0.81,-0.168,2.222,-4.392,-0.472,brushing
0.563,0.808,-0.163,2.222,-4.392,-0.472,brushing
0.563,0.808,-0.163,2.38,-4.532,-0.315,brushing
0.565,0.803,-0.164,2.38,-4.532,-0.315,brushing
0.565,0.803,-0.164,2.485,-4.042,-0.437,brushing
0.568,0.803,-0.165,2.485,-4.042,-0.437,brushing
0.572,0.804,-0.169,2.485,-4.042,-0.437,brushing
0.572,0.804,-0.169,2.222,-3.92,-0.682,brushing
0.57,0.814,-0.167,2.222,-3.92,-0.682,brushing
0.57,0.814,-0.167,1.645,-4.637,-0.822,brushing
0.566,0.814,-0.166,1.645,-4.637,-0.822,brushing
0.566,0.814,-0.166,1.067,-5.915,-0.822,brushing
0.566,0.812,-0.165,1.067,-5.915,-0.822,brushing
0.566,0.812,-0.165,0.7,-6.142,-0.822,brushing
0.566,0.808,-0.167,0.7,-6.142,-0.822,brushing
0.566,0.808,-0.167,0.472,-5.81,-1.067,brushing
0.567,0.805,-0.169,0.472,-5.81,-1.067,brushing
0.567,0.805,-0.169,0.227,-5.162,-1.33,brushing
0.567,0.805,-0.169,0.227,-5.162,-1.33,brushing
0.567,0.805,-0.169,-0.087,-4.865,-1.54,brushing
0.566,0.803,-0.17,-0.087,-4.865,-1.54,brushing
0.566,0.803,-0.17,-0.577,-4.935,-1.872,brushing
0.562,0.805,-0.17,-0.577,-4.935,-1.872,brushing
0.562,0.805,-0.17,-1.05,-5.39,-2.1,brushing
0.559,0.798,-0.165,-1.05,-5.39,-2.1,brushing
0.556,0.795,-0.163,-1.05,-5.39,-2.1,brushing
0.556,0.795,-0.163,-1.312,-5.232,-2.467,brushing
0.554,0.799,-0.162,-1.312,-5.232,-2.467,brushing
0.554,0.799,-0.162,-1.347,-4.427,-2.712,brushing
0.553,0.806,-0.162,-1.347,-4.427,-2.712,brushing
0.553,0.806,-0.162,-1.33,-4.252,-2.922,brushing
0.552,0.813,-0.159,-1.33,-4.252,-2.922,brushing
0.552,0.813,-0.159,-1.277,-5.022,-2.905,brushing
0.552,0.808,-0.156,-1.277,-5.022,-2.905,brushing
0.552,0.808,-0.156,-0.927,-5.39,-2.817,brushing
0.552,0.802,-0.15,-0.927,-5.39,-2.817,brushing
0.552,0.802,-0.15,-0.297,-4.585,-2.782,brushing
0.555,0.799,-0.155,-0.297,-4.585,-2.782,brushing
0.555,0.799,-0.155,0.157,-3.01,-2.887,brushing
0.555,0.808,-0.154,0.157,-3.01,-2.887,brushing
0.555,0.808,-0.154,0.455,-2.502,-2.817,brushing
0.556,0.815,-0.154,0.455,-2.502,-2.817,brushing
0.556,0.811,-0.152,0.612,-3.272,-2.625,brushing
0.558,0.808,-0.151,0.612,-3.272,-2.625,brushing
0.558,0.808,-0.151,0.647,-3.815,-2.432,brushing
0.56,0.807,-0.15,0.647,-3.815,-2.432,brushing
0.56,0.807,-0.15,0.787,-3.85,-2.31,brushing
0.557,0.811,-0.153,0.787,-3.85,-2.31,brushing
0.557,0.811,-0.153,0.945,-3.71,-2.082,brushing
0.555,0.813,-0.155,0.945,-3.71,-2.082,brushing
0.555,0.813,-0.155,0.91,-4.007,-1.592,brushing
0.55,0.812,-0.151,0.91,-4.007,-1.592,brushing
0.55,0.812,-0.151,0.857,-4.55,-1.05,brushing
0.55,0.806,-0.147,0.857,-4.55,-1.05,brushing
0.55,0.806,-0.147,1.102,-5.04,-0.752,brushing
0.549,0.8,-0.147,1.102,-5.04,-0.752,brushing
0.549,0.8,-0.147,1.522,-4.865,-0.665,brushing
0.546,0.804,-0.15,1.522,-4.865,-0.665,brushing
0.546,0.804,-0.15,1.995,-5.075,-0.56,brushing
0.544,0.806,-0.153,1.995,-5.075,-0.56,brushing
0.543,0.804,-0.156,2.625,-5.337,-0.525,brushing
0.543,0.8,-0.158,2.625,-5.337,-0.525,brushing
0.543,0.8,-0.158,3.447,-4.882,-0.717,brushing
0.545,0.803,-0.159,3.447,-4.882,-0.717,brushing
0.545,0.803,-0.159,4.217,-3.727,-1.085,brushing
0.545,0.813,-0.16,4.217,-3.727,-1.085,brushing
0.545,0.813,-0.16,4.812,-2.975,-1.347,brushing
0.544,0.815,-0.16,4.812,-2.975,-1.347,brushing
0.544,0.815,-0.16,5.145,-3.412,-1.487,brushing
0.545,0.809,-0.158,5.145,-3.412,-1.487,brushing
0.545,0.809,-0.158,5.25,-3.587,-1.662,brushing
0.549,0.805,-0.156,5.25,-3.587,-1.662,brushing
0.549,0.805,-0.156,5.39,-3.36,-2.135,brushing
0.554,0.805,-0.158,5.39,-3.36,-2.135,brushing
0.554,0.805,-0.158,5.39,-3.342,-2.73,brushing
0.558,0.806,-0.161,5.39,-3.342,-2.73,brushing
0.558,0.806,-0.161,5.075,-3.64,-3.15,brushing
0.559,0.806,-0.158,5.075,-3.64,-3.15,brushing
0.561,0.802,-0.155,5.075,-3.64,-3.15,brushing
0.561,0.802,-0.155,4.672,-4.235,-3.395,brushing
0.564,0.804,-0.156,4.672,-4.235,-3.395,brushing
0.564,0.804,-0.156,4.515,-3.902,-3.57,brushing
0.568,0.808,-0.159,4.515,-3.902,-3.57,brushing
0.568,0.808,-0.159,4.287,-3.552,-3.675,brushing
0.568,0.82,-0.163,4.287,-3.552,-3.675,brushing
0.568,0.82,-0.163,3.762,-3.657,-3.272,brushing
0.566,0.829,-0.165,3.762,-3.657,-3.272,brushing
0.566,0.829,-0.165,3.062,-4.935,-2.24,brushing
0.562,0.829,-0.165,3.062,-4.935,-2.24,brushing
0.562,0.829,-0.165,2.607,-5.95,-0.892,brushing
0.557,0.827,-0.166,2.607,-5.95,-0.892,brushing
0.557,0.827,-0.166,2.38,-5.897,0.595,brushing
0.551,0.826,-0.168,2.38,-5.897,0.595,brushing
0.551,0.826,-0.168,2.415,-5.215,1.995,brushing
0.545,0.826,-0.169,2.415,-5.215,1.995,brushing
0.545,0.826,-0.169,2.747,-4.602,3.237,brushing
0.541,0.821,-0.166,2.747,-4.602,3.237,brushing
0.537,0.813,-0.166,2.747,-4.602,3.237,brushing
0.537,0.813,-0.166,3.412,-3.92,4.095,brushing
0.533,0.812,-0.162,3.412,-3.92,4.095,brushing
0.533,0.812,-0.162,4.357,-2.922,4.497,brushing
0.532,0.807,-0.16,4.357,-2.922,4.497,brushing
0.532,0.807,-0.16,5.53,-2.555,4.602,brushing
0.531,0.798,-0.155,5.53,-2.555,4.602,brushing
0.531,0.798,-0.155,6.842,-2.45,4.235,brushing
0.534,0.792,-0.152,6.842,-2.45,4.235,brushing
0.534,0.792,-0.152,8.382,-1.942,3.307,brushing
0.541,0.793,-0.152,8.382,-1.942,3.307,brushing
0.541,0.793,-0.152,9.852,-1.557,2.135,brushing
0.546,0.801,-0.155,9.852,-1.557,2.135,brushing
0.546,0.801,-0.155,10.972,-1.977,0.997,brushing
0.552,0.808,-0.155,10.972,-1.977,0.997,brushing
0.552,0.808,-0.155,11.585,-3.36,0.087,brushing
0.556,0.812,-0.156,11.585,-3.36,0.087,brushing
0.556,0.812,-0.156,11.795,-4.69,-0.49,brushing
0.559,0.816,-0.157,11.795,-4.69,-0.49,brushing
0.563,0.816,-0.16,11.795,-4.69,-0.49,brushing
0.563,0.816,-0.16,11.76,-5.722,-0.752,brushing
0.567,0.817,-0.166,11.76,-5.722,-0.752,brushing
0.567,0.817,-0.166,11.462,-6.177,-0.892,brushing
0.569,0.816,-0.173,11.462,-6.177,-0.892,brushing
0.569,0.816,-0.173,10.675,-6.335,-1.032,brushing
0.57,0.821,-0.179,10.675,-6.335,-1.032,brushing
0.57,0.821,-0.179,9.467,-6.562,-1.05,brushing
0.569,0.825,-0.184,9.467,-6.562,-1.05,brushing
0.569,0.825,-0.184,8.19,-7.017,-0.787,brushing
0.566,0.822,-0.185,8.19,-7.017,-0.787,brushing
0.566,0.822,-0.185,7.052,-6.947,-0.28,brushing
0.569,0.813,-0.186,7.052,-6.947,-0.28,brushing
0.569,0.813,-0.186,6.16,-5.845,0.14,brushing
0.57,0.813,-0.193,6.16,-5.845,0.14,brushing
0.57,0.813,-0.193,5.302,-4.427,0.507,brushing
0.569,0.819,-0.197,5.302,-4.427,0.507,brushing
0.566,0.824,-0.197,4.462,-4.322,1.05,brushing
0.564,0.815,-0.192,4.462,-4.322,1.05,brushing
0.564,0.815,-0.192,3.692,-5.477,1.645,brushing
0.563,0.802,-0.191,3.692,-5.477,1.645,brushing
0.563,0.802,-0.191,3.115,-6.44,1.96,brushing
0.561,0.791,-0.189,3.115,-6.44,1.96,brushing
0.561,0.791,-0.189,2.747,-6.247,2.012,brushing
0.561,0.782,-0.19,2.747,-6.247,2.012,brushing
0.561,0.782,-0.19,2.467,-5.127,1.767,brushing
0.559,0.781,-0.19,2.467,-5.127,1.767,brushing
0.559,0.781,-0.19,2.24,-3.675,1.4,brushing
0.559,0.785,-0.189,2.24,-3.675,1.4,brushing
0.559,0.785,-0.189,2.152,-3.412,0.875,brushing
0.56,0.788,-0.191,2.152,-3.412,0.875,brushing
0.56,0.788,-0.191,2.117,-3.5,0.35,brushing
0.561,0.793,-0.191,2.117,-3.5,0.35,brushing
0.561,0.793,-0.191,2.03,-3.867,-0.105,brushing
0.56,0.796,-0.191,2.03,-3.867,-0.105,brushing
0.559,0.798,-0.187,1.89,-4.095,-0.35,brushing
0.561,0.798,-0.183,1.89,-4.095,-0.35,brushing
0.561,0.798,-0.183,1.872,-3.815,-0.402,brushing
0.563,0.801,-0.182,1.872,-3.815,-0.402,brushing
0.563,0.801,-0.182,1.872,-3.062,-0.367,brushing
0.563,0.805,-0.183,1.872,-3.062,-0.367,brushing
0.563,0.805,-0.183,1.837,-2.537,-0.28,brushing
0.564,0.81,-0.182,1.837,-2.537,-0.28,brushing
0.564,0.81,-0.182,1.627,-2.765,-0.21,brushing
0.561,0.814,-0.181,1.627,-2.765,-0.21,brushing
0.561,0.814,-0.181,1.4,-3.605,-0.122,brushing
0.561,0.807,-0.177,1.4,-3.605,-0.122,brushing
0.561,0.807,-0.177,1.312,-4.27,-0.122,brushing
0.558,0.803,-0.174,1.312,-4.27,-0.122,brushing
0.558,0.803,-0.174,1.4,-4.165,-0.175,brushing
0.559,0.799,-0.171,1.4,-4.165,-0.175,brushing
0.559,0.799,-0.171,1.785,-3.745,-0.315,brushing
0.56,0.802,-0.172,1.785,-3.745,-0.315,brushing
0.561,0.801,-0.174,1.785,-3.745,-0.315,brushing
0.561,0.801,-0.174,2.152,-3.815,-0.542,brushing
0.562,0.803,-0.179,2.152,-3.815,-0.542,brushing
0.562,0.803,-0.179,2.432,-4.375,-0.98,brushing
0.561,0.805,-0.181,2.432,-4.375,-0.98,brushing
0.561,0.805,-0.181,2.502,-5.162,-1.4,brushing
0.559,0.802,-0.182,2.502,-5.162,-1.4,brushing
0.559,0.802,-0.182,2.502,-5.827,-1.785,brushing
0.559,0.8,-0.179,2.502,-5.827,-1.785,brushing
0.559,0.8,-0.179,2.555,-5.67,-2.03,brushing
0.559,0.799,-0.179,2.555,-5.67,-2.03,brushing
0.559,0.799,-0.179,2.607,-5.005,-2.135,brushing
0.558,0.8,-0.181,2.607,-5.005,-2.135,brushing
0.558,0.8,-0.181,2.45,-4.812,-2.117,brushing
0.56,0.803,-0.184,2.45,-4.812,-2.117,brushing
0.56,0.803,-0.184,2.17,-5.075,-1.942,brushing
0.562,0.803,-0.184,2.17,-5.075,-1.942,brushing
0.562,0.803,-0.184,1.96,-5.582,-1.75,brushing
0.564,0.798,-0.183,1.96,-5.582,-1.75,brushing
0.566,0.796,-0.182,1.96,-5.582,-1.75,brushing
0.566,0.796,-0.182,1.907,-5.565,-1.715,brushing
0.569,0.796,-0.181,1.907,-5.565,-1.715,brushing
0.569,0.796,-0.181,1.907,-4.847,-1.75,brushing
0.568,0.8,-0.181,1.907,-4.847,-1.75,brushing
0.568,0.8,-0.181,1.89,-4.165,-1.68,brushing
0.569,0.806,-0.181,1.89,-4.165,-1.68,brushing
0.569,0.806,-0.181,1.627,-4.287,-1.522,brushing
0.569,0.808,-0.18,1.627,-4.287,-1.522,brushing
0.569,0.808,-0.18,1.382,-4.777,-1.225,brushing
0.569,0.803,-0.178,1.382,-4.777,-1.225,brushing
0.569,0.803,-0.178,1.242,-5.162,-1.032,brushing
0.568,0.798,-0.178,1.242,-5.162,-1.032,brushing
0.568,0.798,-0.178,1.19,-4.83,-0.945,brushing
0.565,0.796,-0.177,1.19,-4.83,-0.945,brushing
0.565,0.796,-0.177,1.172,-4.375,-0.945,brushing
0.561,0.8,-0.178,1.172,-4.375,-0.945,brushing
0.561,0.8,-0.178,1.207,-4.392,-0.927,brushing
0.558,0.803,-0.175,1.207,-4.392,-0.927,brushing
0.556,0.797,-0.174,1.207,-4.392,-0.927,brushing
0.556,0.797,-0.174,1.522,-4.742,-0.98,brushing
0.554,0.799,-0.178,1.522,-4.742,-0.98,brushing
0.554,0.799,-0.178,1.907,-4.515,-1.207,brushing
0.551,0.801,-0.177,1.907,-4.515,-1.207,brushing
0.551,0.801,-0.177,2.205,-4.305,-1.47,brushing
0.551,0.8,-0.178,2.205,-4.305,-1.47,brushing
0.551,0.8,-0.178,2.555,-4.217,-1.785,brushing
0.552,0.8,-0.172,2.555,-4.217,-1.785,brushing
0.552,0.8,-0.172,3.045,-4.165,-2.1,brushing
0.558,0.804,-0.176,3.045,-4.165,-2.1,brushing
0.558,0.804,-0.176,3.64,-3.99,-2.45,brushing
0.557,0.815,-0.179,3.64,-3.99,-2.45,brushing
0.557,0.815,-0.179,3.85,-4.655,-2.555,brushing
0.557,0.815,-0.186,3.85,-4.655,-2.555,brushing
0.557,0.815,-0.186,3.552,-4.987,-2.24,brushing
0.554,0.817,-0.173,3.552,-4.987,-2.24,brushing
0.554,0.817,-0.173,3.377,-5.162,-1.715,brushing
0.557,0.809,-0.167,3.377,-5.162,-1.715,brushing
0.559,0.809,-0.166,3.377,-5.162,-1.715,brushing
0.559,0.809,-0.166,3.5,-4.48,-1.155,brushing
0.564,0.807,-0.173,3.5,-4.48,-1.155,brushing
0.564,0.807,-0.173,3.482,-4.34,-0.717,brushing
0.563,0.809,-0.181,3.482,-4.34,-0.717,brushing
0.563,0.809,-0.181,3.185,-4.777,-0.56,brushing
0.562,0.809,-0.181,3.185,-4.777,-0.56,brushing
0.562,0.809,-0.181,2.887,-5.565,-0.455,brushing
0.561,0.804,-0.176,2.887,-5.565,-0.455,brushing
0.561,0.804,-0.176,2.94,-6.02,-0.437,brushing
0.56,0.799,-0.174,2.94,-6.02,-0.437,brushing
0.56,0.799,-0.174,3.22,-5.355,-0.437,brushing
0.56,0.801,-0.174,3.22,-5.355,-0.437,brushing
0.56,0.801,-0.174,3.43,-4.497,-0.472,brushing
0.558,0.806,-0.181,3.43,-4.497,-0.472,brushing
0.558,0.806,-0.181,3.342,-4.532,-0.385,brushing
0.557,0.811,-0.185,3.342,-4.532,-0.385,brushing
0.557,0.808,-0.183,3.01,-5.057,-0.262,brushing
0.558,0.797,-0.18,3.01,-5.057,-0.262,brushing
0.558,0.797,-0.18,2.835,-5.39,-0.262,brushing
0.557,0.793,-0.179,2.835,-5.39,-0.262,brushing
0.557,0.793,-0.179,2.852,-4.567,-0.542,brushing
0.558,0.797,-0.18,2.852,-4.567,-0.542,brushing
0.558,0.797,-0.18,2.817,-3.692,-0.875,brushing
0.557,0.799,-0.179,2.817,-3.692,-0.875,brushing
0.557,0.799,-0.179,2.642,-3.657,-1.05,brushing
0.559,0.803,-0.181,2.642,-3.657,-1.05,brushing
0.559,0.803,-0.181,2.397,-3.902,-0.98,brushing
0.56,0.799,-0.176,2.397,-3.902,-0.98,brushing
0.56,0.799,-0.176,2.24,-4.305,-1.015,brushing
0.562,0.794,-0.177,2.24,-4.305,-1.015,brushing
0.562,0.794,-0.177,2.31,-3.377,-1.102,brushing
0.564,0.805,-0.18,2.31,-3.377,-1.102,brushing
0.564,0.805,-0.18,2.31,-3.097,-1.172,brushing
0.564,0.813,-0.185,2.31,-3.097,-1.172,brushing
0.563,0.813,-0.187,2.03,-3.902,-1.102,brushing
0.56,0.811,-0.183,2.03,-3.902,-1.102,brushing
0.56,0.811,-0.183,1.645,-4.445,-0.927,brushing
0.558,0.809,-0.18,1.645,-4.445,-0.927,brushing
0.558,0.809,-0.18,1.417,-4.305,-0.717,brushing
0.556,0.807,-0.178,1.417,-4.305,-0.717,brushing
0.556,0.807,-0.178,1.33,-3.797,-0.525,brushing
0.554,0.804,-0.177,1.33,-3.797,-0.525,brushing
0.554,0.804,-0.177,1.347,-3.622,-0.507,brushing
0.553,0.801,-0.178,1.347,-3.622,-0.507,brushing
0.553,0.801,-0.178,1.382,-3.622,-0.647,brushing
0.553,0.798,-0.178,1.382,-3.622,-0.647,brushing
0.553,0.798,-0.178,1.487,-3.78,-0.945,brushing
0.553,0.797,-0.177,1.487,-3.78,-0.945,brushing
0.553,0.797,-0.177,1.645,-3.832,-1.26,brushing
0.554,0.801,-0.176,1.645,-3.832,-1.26,brushing
0.554,0.801,-0.176,1.925,-3.832,-1.505,brushing
0.557,0.801,-0.173,1.925,-3.832,-1.505,brushing
0.559,0.802,-0.177,1.925,-3.832,-1.505,brushing
0.559,0.802,-0.177,2.38,-3.587,-1.697,brushing
0.562,0.806,-0.18,2.38,-3.587,-1.697,brushing
0.562,0.806,-0.18,2.607,-3.237,-1.855,brushing
0.562,0.816,-0.183,2.607,-3.237,-1.855,brushing
0.562,0.816,-0.183,2.45,-3.552,-1.732,brushing
0.561,0.817,-0.181,2.45,-3.552,-1.732,brushing
0.561,0.817,-0.181,2.17,-4.742,-1.4,brushing
0.559,0.812,-0.181,2.17,-4.742,-1.4,brushing
0.559,0.812,-0.181,1.977,-5.355,-1.015,brushing
0.557,0.807,-0.179,1.977,-5.355,-1.015,brushing
0.557,0.807,-0.179,1.907,-5.145,-0.805,brushing
0.557,0.804,-0.18,1.907,-5.145,-0.805,brushing
0.557,0.804,-0.18,1.942,-4.462,-0.77,brushing
0.557,0.81,-0.18,1.942,-4.462,-0.77,brushing
0.557,0.81,-0.18,1.96,-4.672,-0.665,brushing
0.557,0.808,-0.18,1.96,-4.672,-0.665,brushing
0.557,0.808,-0.18,1.907,-5.197,-0.542,brushing
0.557,0.805,-0.178,1.907,-5.197,-0.542,brushing
0.557,0.798,-0.176,1.907,-5.197,-0.542,brushing
0.557,0.798,-0.176,1.977,-5.145,-0.455,brushing
0.559,0.798,-0.178,1.977,-5.145,-0.455,brushing
0.559,0.798,-0.178,2.205,-4.235,-0.507,brushing
0.559,0.798,-0.182,2.205,-4.235,-0.507,brushing
0.559,0.798,-0.182,2.345,-3.185,-0.56,brushing
0.558,0.804,-0.183,2.345,-3.185,-0.56,brushing
0.558,0.804,-0.183,2.24,-2.502,-0.595,brushing
0.557,0.807,-0.183,2.24,-2.502,-0.595,brushing
0.557,0.807,-0.183,2.117,-2.625,-0.402,brushing
0.558,0.81,-0.182,2.117,-2.625,-0.402,brushing
0.558,0.81,-0.182,2.082,-3.045,-0.175,brushing
0.562,0.807,-0.18,2.082,-3.045,-0.175,brushing
0.562,0.807,-0.18,2.17,-3.78,-0.245,brushing
0.564,0.795,-0.183,2.17,-3.78,-0.245,brushing
0.564,0.795,-0.183,2.31,-3.552,-0.717,brushing
0.563,0.793,-0.188,2.31,-3.552,-0.717,brushing
0.563,0.793,-0.188,2.03,-2.765,-1.19,brushing
0.559,0.796,-0.184,2.03,-2.765,-1.19,brushing
0.559,0.8,-0.178,2.03,-2.765,-1.19,brushing
0.559,0.8,-0.178,1.61,-2.73,-1.417,brushing
0.559,0.808,-0.174,1.61,-2.73,-1.417,brushing
0.559,0.808,-0.174,1.365,-2.992,-1.365,brushing
0.561,0.804,-0.174,1.365,-2.992,-1.365,brushing
0.561,0.804,-0.174,1.19,-3.92,-1.242,brushing
0.561,0.806,-0.181,1.19,-3.92,-1.242,brushing
0.561,0.806,-0.181,1.12,-3.902,-1.225,brushing
0.56,0.809,-0.183,1.12,-3.902,-1.225,brushing
0.56,0.809,-0.183,1.12,-4.042,-1.242,brushing
0.559,0.811,-0.182,1.12,-4.042,-1.242,brushing
0.559,0.811,-0.182,1.295,-4.34,-1.207,brushing
0.557,0.811,-0.179,1.295,-4.34,-1.207,brushing
0.557,0.811,-0.179,1.627,-4.952,-1.137,brushing
0.559,0.806,-0.177,1.627,-4.952,-1.137,brushing
0.559,0.806,-0.177,2.03,-4.987,-1.137,brushing
0.556,0.808,-0.179,2.03,-4.987,-1.137,brushing
0.554,0.808,-0.182,2.292,-5.057,-1.067,brushing
0.557,0.801,-0.181,2.292,-5.057,-1.067,brushing
0.557,0.801,-0.181,2.362,-5.337,-1.12,brushing
0.559,0.797,-0.179,2.362,-5.337,-1.12,brushing
0.559,0.797,-0.179,2.397,-4.707,-1.487,brushing
0.562,0.798,-0.183,2.397,-4.707,-1.487,brushing
0.562,0.798,-0.183,2.415,-3.815,-2.117,brushing
0.563,0.811,-0.186,2.415,-3.815,-2.117,brushing
0.563,0.811,-0.186,2.012,-3.64,-2.66,brushing
0.561,0.813,-0.188,2.012,-3.64,-2.66,brushing
0.561,0.813,-0.188,1.19,-4.655,-2.922,brushing
0.561,0.81,-0.188,1.19,-4.655,-2.922,brushing
0.561,0.81,-0.188,0.21,-4.882,-2.87,brushing
0.559,0.809,-0.186,0.21,-4.882,-2.87,brushing
0.559,0.809,-0.186,-0.717,-4.83,-2.642,brushing
0.559,0.804,-0.183,-0.717,-4.83,-2.642,brushing
0.559,0.804,-0.183,-1.417,-4.567,-2.467,brushing
0.559,0.802,-0.181,-1.417,-4.567,-2.467,brushing
0.557,0.803,-0.179,-1.662,-4.235,-2.31,brushing
0.557,0.8,-0.181,-1.662,-4.235,-2.31,brushing
0.557,0.8,-0.181,-1.592,-4.427,-2.205,brushing
0.556,0.804,-0.179,-1.592,-4.427,-2.205,brushing
0.556,0.804,-0.179,-1.33,-4.48,-2.117,brushing
0.557,0.803,-0.175,-1.33,-4.48,-2.117,brushing
0.557,0.803,-0.175,-0.805,-4.532,-1.907,brushing
0.558,0.806,-0.171,-0.805,-4.532,-1.907,brushing
0.558,0.806,-0.171,-0.105,-4.13,-1.592,brushing
0.557,0.81,-0.171,-0.105,-4.13,-1.592,brushing
0.557,0.81,-0.171,0.577,-3.85,-1.277,brushing
0.558,0.815,-0.173,0.577,-3.85,-1.277,brushing
0.558,0.815,-0.173,1.032,-3.832,-0.892,brushing
0.558,0.817,-0.173,1.032,-3.832,-0.892,brushing
0.558,0.817,-0.173,1.312,-4.217,-0.612,brushing
0.556,0.817,-0.172,1.312,-4.217,-0.612,brushing
0.556,0.817,-0.172,1.435,-4.445,-0.42,brushing
0.554,0.822,-0.172,1.435,-4.445,-0.42,brushing
0.554,0.827,-0.167,1.4,-5.285,-0.122,brushing
0.555,0.83,-0.16,1.4,-5.285,-0.122,brushing
0.555,0.83,-0.16,1.452,-6.352,0.262,brushing
0.556,0.831,-0.155,1.452,-6.352,0.262,brushing
0.556,0.831,-0.155,1.575,-7.332,0.787,brushing
0.549,0.832,-0.147,1.575,-7.332,0.787,brushing
0.549,0.832,-0.147,1.697,-8.47,1.522,brushing
0.539,0.847,-0.138,1.697,-8.47,1.522,brushing
0.539,0.847,-0.138,2.205,-11.392,2.38,brushing
0.541,0.826,-0.136,2.205,-11.392,2.38,brushing
0.541,0.826,-0.136,3.482,-12.04,3.692,brushing
0.543,0.815,-0.145,3.482,-12.04,3.692,brushing
0.543,0.815,-0.145,5.022,-8.662,4.742,brushing
0.563,0.822,-0.163,5.022,-8.662,4.742,brushing
0.563,0.822,-0.163,6.142,-3.08,6.475,brushing
0.57,0.835,-0.144,6.142,-3.08,6.475,brushing
0.57,0.835,-0.144,6.877,-0.192,7.875,brushing
0.587,0.854,-0.14,6.877,-0.192,7.875,brushing
0.612,0.847,-0.159,6.877,-0.192,7.875,brushing
0.612,0.847,-0.159,6.317,-2.695,9.082,brushing
0.633,0.828,-0.188,6.317,-2.695,9.082,brushing
0.633,0.828,-0.188,3.937,-2.467,10.045,brushing
0.652,0.838,-0.204,3.937,-2.467,10.045,brushing
0.652,0.838,-0.204,-0.052,3.657,11.305,brushing
0.676,0.89,-0.213,-0.052,3.657,11.305,brushing
0.676,0.89,-0.213,-5.197,8.645,13.562,brushing
0.7,0.93,-0.214,-5.197,8.645,13.562,brushing
0.7,0.93,-0.214,-11.392,7.735,17.027,brushing
0.714,0.936,-0.21,-11.392,7.735,17.027,brushing
0.714,0.936,-0.21,-17.745,4.147,20.702,brushing
0.726,0.937,-0.219,-17.745,4.147,20.702,brushing
0.726,0.937,-0.219,-24.29,2.292,25.76,brushing
0.744,0.945,-0.215,-24.29,2.292,25.76,brushing
0.744,0.945,-0.215,-31.202,-1.067,31.797,brushing
0.753,0.945,-0.196,-31.202,-1.067,31.797,brushing
0.753,0.945,-0.196,-37.432,-6.93,38.062,brushing
0.748,0.928,-0.189,-37.432,-6.93,38.062,brushing
0.748,0.894,-0.195,-37.432,-6.93,38.062,brushing
0.748,0.894,-0.195,-42.962,-11.69,45.15,brushing
0.744,0.861,-0.188,-42.962,-11.69,45.15,brushing
0.744,0.861,-0.188,-48.16,-14.21,52.255,brushing
0.741,0.834,-0.178,-48.16,-14.21,52.255,brushing
0.741,0.834,-0.178,-52.867,-15.085,58.852,brushing
0.757,0.818,-0.159,-52.867,-15.085,58.852,brushing
0.757,0.818,-0.159,-57.137,-14.157,65.537,brushing
0.769,0.812,-0.134,-57.137,-14.157,65.537,brushing
0.769,0.812,-0.134,-60.812,-17.167,71.715,brushing
0.768,0.789,-0.115,-60.812,-17.167,71.715,brushing
0.768,0.789,-0.115,-63.507,-25.48,76.965,brushing
0.762,0.761,-0.098,-63.507,-25.48,76.965,brushing
0.762,0.761,-0.098,-65.205,-35.525,81.235,brushing
0.752,0.706,-0.071,-65.205,-35.525,81.235,brushing
0.752,0.706,-0.071,-65.905,-43.085,84.56,brushing
0.755,0.657,-0.048,-65.905,-43.085,84.56,brushing
0.755,0.657,-0.048,-65.817,-49.157,85.802,brushing
0.747,0.582,-0.033,-65.817,-49.157,85.802,brushing
0.749,0.538,0,-65.817,-49.157,85.802,brushing
0.749,0.538,0,-64.522,-50.242,84.787,brushing
0.76,0.508,0.035,-64.522,-50.242,84.787,brushing
0.76,0.508,0.035,-62.317,-49.56,82.285,brushing
0.772,0.473,0.037,-62.317,-49.56,82.285,brushing
0.772,0.473,0.037,-60.445,-53.48,77.42,brushing
0.777,0.443,0.024,-60.445,-53.48,77.42,brushing
0.777,0.443,0.024,-60.025,-56.21,71.627,brushing
0.781,0.432,0.026,-60.025,-56.21,71.627,brushing
0.781,0.432,0.026,-62.265,-57.995,66.255,brushing
0.768,0.412,0.093,-62.265,-57.995,66.255,brushing
0.768,0.412,0.093,-64.925,-66.325,59.202,brushing
0.749,0.366,0.142,-64.925,-66.325,59.202,brushing
0.749,0.366,0.142,-64.137,-67.865,52.937,brushing
0.781,0.276,0.139,-64.137,-67.865,52.937,brushing
0.781,0.276,0.139,-63.07,-50.312,47.022,brushing
0.808,0.255,0.116,-63.07,-50.312,47.022,brushing
0.819,0.286,0.09,-66.517,-35.175,37.835,brushing
0.828,0.318,0.088,-66.517,-35.175,37.835,brushing
0.828,0.318,0.088,-75.792,-28.262,26.897,brushing
0.816,0.32,0.143,-75.792,-28.262,26.897,brushing
0.816,0.32,0.143,-85.82,-28.297,15.33,brushing
0.766,0.411,0.249,-85.82,-28.297,15.33,brushing
0.766,0.411,0.249,-94.937,-36.82,4.532,brushing
0.681,0.52,0.342,-94.937,-36.82,4.532,brushing
0.681,0.52,0.342,-100.485,-81.532,-8.54,brushing
0.552,0.382,0.5,-100.485,-81.532,-8.54,brushing
0.552,0.382,0.5,-101.57,-136.675,-23.117,brushing
0.488,0.24,0.582,-101.57,-136.675,-23.117,brushing
0.488,0.24,0.582,-95.742,-159.285,-36.82,brushing
0.46,0.114,0.56,-95.742,-159.285,-36.82,brushing
0.46,0.114,0.56,-89.827,-170.642,-54.495,brushing
0.452,-0.101,0.638,-89.827,-170.642,-54.495,brushing
0.452,-0.101,0.638,-81.445,-161.927,-75.18,brushing
0.476,-0.119,0.719,-81.445,-161.927,-75.18,brushing
0.594,-0.003,0.703,-69.16,-130.602,-91.7,brushing
0.856,0.263,0.621,-69.16,-130.602,-91.7,brushing
0.856,0.263,0.621,-56.035,-69.965,-94.727,brushing
1.071,0.738,0.602,-56.035,-69.965,-94.727,brushing
1.071,0.738,0.602,-46.147,-5.582,-76.475,brushing
1.136,1.172,0.539,-46.147,-5.582,-76.475,brushing
1.136,1.172,0.539,-41.387,6.912,-37.852,brushing
1.117,1.336,0.523,-41.387,6.912,-37.852,brushing
1.117,1.336,0.523,-40.792,-11.672,16.275,brushing
0.945,0.973,0.531,-40.792,-11.672,16.275,brushing
0.945,0.973,0.531,-36.487,-22.032,64.557,brushing
0.694,0.425,0.605,-36.487,-22.032,64.557,brushing
0.694,0.425,0.605,-21.402,14.77,92.207,brushing
0.625,0.505,0.69,-21.402,14.77,92.207,brushing
0.625,0.505,0.69,-2.415,40.635,105.35,brushing
0.488,0.83,0.652,-2.415,40.635,105.35,brushing
0.488,0.83,0.652,6.737,-43.662,99.365,brushing
0.174,-0.036,0.726,6.737,-43.662,99.365,brushing
-0.236,-1.173,0.844,6.737,-43.662,99.365,brushing
-0.236,-1.173,0.844,20.93,-121.187,47.792,brushing
-0.094,-0.386,0.741,20.93,-121.187,47.792,brushing
-0.094,-0.386,0.741,46.987,-74.865,-20.16,brushing
0.227,0.412,0.498,46.987,-74.865,-20.16,brushing
0.227,0.412,0.498,54.862,-35.157,-49.35,brushing
0.303,0.64,0.548,54.862,-35.157,-49.35,brushing
0.303,0.64,0.548,43.487,-75.127,-59.902,brushing
0.383,0.662,0.617,43.487,-75.127,-59.902,brushing
0.383,0.662,0.617,29.347,-138.407,-67.007,brushing
0.743,0.391,0.587,29.347,-138.407,-67.007,brushing
0.743,0.391,0.587,19.005,-139.037,-68.372,brushing
1.106,0.407,0.643,19.005,-139.037,-68.372,brushing
1.106,0.407,0.643,18.62,-71.172,-57.12,brushing
1.234,0.823,0.658,18.62,-71.172,-57.12,brushing
1.234,0.823,0.658,17.255,-40.25,-26.145,brushing
1.218,0.943,0.668,17.255,-40.25,-26.145,brushing
1.218,0.943,0.668,12.057,-64.995,9.572,brushing
1.1,0.431,0.658,12.057,-64.995,9.572,brushing
0.991,0.178,0.623,12.057,-64.995,9.572,brushing
0.991,0.178,0.623,13.772,-43.61,38.115,brushing
0.789,0.196,0.771,13.772,-43.61,38.115,brushing
0.789,0.196,0.771,16.187,-11.532,54.337,brushing
0.491,-0.439,0.742,16.187,-11.532,54.337,brushing
0.491,-0.439,0.742,14.752,-61.005,37.677,brushing
0.481,-0.387,0.71,14.752,-61.005,37.677,brushing
0.481,-0.387,0.71,22.225,-23.45,17.307,brushing
0.476,-0.12,0.689,22.225,-23.45,17.307,brushing
0.476,-0.12,0.689,27.457,-8.68,-3.395,brushing
0.583,0.174,0.632,27.457,-8.68,-3.395,brushing
0.583,0.174,0.632,30.082,-13.107,-13.982,brushing
0.727,0.327,0.598,30.082,-13.107,-13.982,brushing
0.727,0.327,0.598,31.815,-0.98,-9.1,brushing
0.772,0.189,0.543,31.815,-0.98,-9.1,brushing
0.772,0.189,0.543,30.362,26.355,-1.417,brushing
0.734,-0.017,0.587,30.362,26.355,-1.417,brushing
0.734,-0.017,0.587,25.252,47.162,-3.027,brushing
0.744,-0.123,0.491,25.252,47.162,-3.027,brushing
0.856,-0.016,0.426,25.252,47.162,-3.027,brushing
0.856,-0.016,0.426,19.46,99.732,-2.555,brushing
0.885,0.304,0.412,19.46,99.732,-2.555,brushing
0.885,0.304,0.412,11.987,145.495,1.032,brushing
0.84,0.361,0.578,11.987,145.495,1.032,brushing
0.84,0.361,0.578,7.245,170.572,9.467,brushing
0.757,0.389,0.812,7.245,170.572,9.467,brushing
0.757,0.389,0.812,13.055,175.035,16.38,brushing
0.776,0.521,0.715,13.055,175.035,16.38,brushing
0.776,0.521,0.715,19.687,131.075,17.185,brushing
0.87,0.517,0.468,19.687,131.075,17.185,brushing
0.87,0.517,0.468,4.48,-3.85,-2.222,brushing
0.826,0.114,0.046,4.48,-3.85,-2.222,brushing
0.826,0.114,0.046,-23.555,-98.892,-24.692,brushing
0.916,0.095,0.299,-23.555,-98.892,-24.692,brushing
0.916,0.095,0.299,-29.872,-23.537,-18.042,brushing
0.502,0.435,1.074,-29.872,-23.537,-18.042,brushing
0.354,-0.305,0.733,-16.537,-109.9,-38.22,brushing
0.449,-0.589,0.538,-16.537,-109.9,-38.22,brushing
0.449,-0.589,0.538,-11.462,-123.725,-66.482,brushing
0.434,-0.148,0.496,-11.462,-123.725,-66.482,brushing
0.434,-0.148,0.496,-10.342,-69.632,-91.717,brushing
0.714,-0.038,0.414,-10.342,-69.632,-91.717,brushing
0.714,-0.038,0.414,-20.317,-68.197,-112.805,brushing
1.141,0.82,0.511,-20.317,-68.197,-112.805,brushing
1.141,0.82,0.511,-33.442,-57.452,-104.527,brushing
1.215,0.943,0.785,-33.442,-57.452,-104.527,brushing
1.215,0.943,0.785,-37.345,-28.77,-61.04,brushing
1.26,1.643,0.832,-37.345,-28.77,-61.04,brushing
1.26,1.643,0.832,-28.805,26.565,10.99,brushing
1.253,1.774,0.869,-28.805,26.565,10.99,brushing
1.253,1.774,0.869,-21.315,10.657,84.77,brushing
1.073,1.264,0.858,-21.315,10.657,84.77,brushing
1.073,1.264,0.858,-16.467,-38.675,123.007,brushing
0.6,-0.376,0.743,-16.467,-38.675,123.007,brushing
0.575,0.076,0.977,-1.26,26.617,121.607,brushing
0.504,0.563,0.639,-1.26,26.617,121.607,brushing
0.504,0.563,0.639,8.627,17.447,111.72,brushing
0.304,-0.619,0.403,8.627,17.447,111.72,brushing
0.304,-0.619,0.403,0.997,-62.615,84.017,brushing
0.202,-0.723,0.358,0.997,-62.615,84.017,brushing
0.202,-0.723,0.358,-4.095,10.815,44.747,brushing
0.159,-0.538,0.377,-4.095,10.815,44.747,brushing
0.159,-0.538,0.377,-20.142,23.275,-4.41,brushing
0.163,-0.287,0.485,-20.142,23.275,-4.41,brushing
0.163,-0.287,0.485,-39.095,19.337,-42.507,brushing
0.094,-0.074,0.701,-39.095,19.337,-42.507,brushing
0.094,-0.074,0.701,-51.922,-7.192,-73.517,brushing
0.303,0.048,0.847,-51.922,-7.192,-73.517,brushing
0.303,0.048,0.847,-56.63,-42.262,-98.945,brushing
0.779,0.126,0.865,-56.63,-42.262,-98.945,brushing
0.779,0.126,0.865,-47.845,-27.737,-110.11,brushing
1.054,0.412,0.869,-47.845,-27.737,-110.11,brushing
1.122,1.413,0.808,-47.845,-27.737,-110.11,brushing
1.122,1.413,0.808,-35.052,18.567,-90.79,brushing
1.153,2.248,0.756,-35.052,18.567,-90.79,brushing
1.153,2.248,0.756,-27.387,31.412,-23.625,brushing
1.031,1.872,0.749,-27.387,31.412,-23.625,brushing
1.031,1.872,0.749,-19.862,20.667,66.29,brushing
0.826,1.211,0.813,-19.862,20.667,66.29,brushing
0.826,1.211,0.813,-11.322,9.572,129.132,brushing
0.439,-0.159,0.735,-11.322,9.572,129.132,brushing
0.439,-0.159,0.735,-5.18,5.897,141.067,brushing
0.31,-0.17,1.026,-5.18,5.897,141.067,brushing
0.31,-0.17,1.026,6.562,6.632,115.675,brushing
0.173,-0.607,0.751,6.562,6.632,115.675,brushing
0.173,-0.607,0.751,11.322,-10.902,73.692,brushing
0.084,-0.691,0.766,11.322,-10.902,73.692,brushing
0.084,-0.691,0.766,9.765,-6.737,21.227,brushing
0.06,-0.662,0.656,9.765,-6.737,21.227,brushing
0.06,-0.662,0.656,-3.797,-33.652,-34.685,brushing
0.124,-0.527,0.57,-3.797,-33.652,-34.685,brushing
0.178,-0.377,0.653,-3.797,-33.652,-34.685,brushing
0.178,-0.377,0.653,-23.695,-37.747,-80.587,brushing
0.498,-0.085,0.666,-23.695,-37.747,-80.587,brushing
0.498,-0.085,0.666,-44.17,-64.207,-121.642,brushing
0.936,0.323,0.63,-44.17,-64.207,-121.642,brushing
0.936,0.323,0.63,-54.355,-66.202,-137.13,brushing
1.243,1.051,0.668,-54.355,-66.202,-137.13,brushing
1.243,1.051,0.668,-55.247,-38.097,-115.202,brushing
1.288,1.777,0.687,-55.247,-38.097,-115.202,brushing
1.288,1.777,0.687,-49.805,5.355,-39.97,brushing
1.098,2.077,0.889,-49.805,5.355,-39.97,brushing
1.098,2.077,0.889,-35.157,7.822,55.685,brushing
0.842,1.245,0.86,-35.157,7.822,55.685,brushing
0.842,1.245,0.86,-18.865,-28.7,116.182,brushing
0.407,-0.226,0.859,-18.865,-28.7,116.182,brushing
0.407,-0.226,0.859,0.612,21.105,125.842,brushing
0.213,-0.102,0.975,0.612,21.105,125.842,brushing
0.213,-0.102,0.975,11.112,1.435,100.187,brushing
0.127,-0.508,0.643,11.112,1.435,100.187,brushing
-0.012,-0.755,0.692,11.112,1.435,100.187,brushing
-0.012,-0.755,0.692,11.725,11.462,62.352,brushing
-0.089,-0.942,0.645,11.725,11.462,62.352,brushing
-0.089,-0.942,0.645,8.557,9.275,6.72,brushing
0.024,-0.658,0.612,8.557,9.275,6.72,brushing
0.024,-0.658,0.612,0.42,10.57,-47.407,brushing
0.035,-0.32,0.787,0.42,10.57,-47.407,brushing
0.035,-0.32,0.787,-8.68,-2.66,-93.765,brushing
0.269,-0.072,0.794,-8.68,-2.66,-93.765,brushing
0.269,-0.072,0.794,-16.135,-58.817,-133.472,brushing
0.616,0.038,0.79,-16.135,-58.817,-133.472,brushing
0.616,0.038,0.79,-11.392,-46.095,-148.942,brushing
1.035,0.797,0.814,-11.392,-46.095,-148.942,brushing
1.035,0.797,0.814,1.68,-3.027,-121.66,brushing
1.254,1.676,0.761,1.68,-3.027,-121.66,brushing
1.254,1.676,0.761,15.82,56.787,-37.905,brushing
1.254,2.432,0.913,15.82,56.787,-37.905,brushing
1.254,2.432,0.913,29.627,21.472,62.51,brushing
1.022,1.887,0.954,29.627,21.472,62.51,brushing
0.567,0.442,0.763,29.627,21.472,62.51,brushing
0.567,0.442,0.763,40.302,-44.502,122.955,brushing
0.267,-0.338,0.944,40.302,-44.502,122.955,brushing
0.267,-0.338,0.944,52.78,3.342,134.802,brushing
0.133,-0.284,0.882,52.78,3.342,134.802,brushing
0.133,-0.284,0.882,59.517,-6.177,107.59,brushing
0.067,-0.921,0.658,59.517,-6.177,107.59,brushing
0.067,-0.921,0.658,54.705,-10.517,62.492,brushing
0.077,-0.965,0.653,54.705,-10.517,62.492,brushing
0.077,-0.965,0.653,39.2,-5.74,1.172,brushing
0.18,-0.648,0.493,39.2,-5.74,1.172,brushing
0.18,-0.648,0.493,13.09,-10.045,-53.445,brushing
0.228,-0.191,0.649,13.09,-10.045,-53.445,brushing
0.228,-0.191,0.649,-10.255,-25.025,-93.187,brushing
0.411,0.084,0.673,-10.255,-25.025,-93.187,brushing
0.411,0.084,0.673,-23.17,-34.3,-112.577,brushing
0.708,0.364,0.67,-23.17,-34.3,-112.577,brushing
1.003,0.925,0.77,-28.385,-14.77,-104.772,brushing
1.107,1.322,0.806,-28.385,-14.77,-104.772,brushing
1.107,1.322,0.806,-26.845,6.475,-63.332,brushing
1.094,1.577,0.963,-26.845,6.475,-63.332,brushing
1.094,1.577,0.963,-15.47,34.685,6.58,brushing
0.986,1.234,1.035,-15.47,34.685,6.58,brushing
0.986,1.234,1.035,-1.12,5.232,66.867,brushing
0.72,0.359,0.9,-1.12,5.232,66.867,brushing
0.72,0.359,0.9,10.255,-29.767,95.97,brushing
0.493,-0.532,0.809,10.255,-29.767,95.97,brushing
0.493,-0.532,0.809,20.125,-0.35,89.897,brushing
0.481,-0.184,0.836,20.125,-0.35,89.897,brushing
0.481,-0.184,0.836,28.455,26.197,75.39,brushing
0.479,-0.185,0.704,28.455,26.197,75.39,brushing
0.479,-0.185,0.704,32.515,15.4,57.032,brushing
0.438,-0.3,0.572,32.515,15.4,57.032,brushing
0.438,-0.3,0.572,28.857,13.002,31.832,brushing
0.354,-0.47,0.517,28.857,13.002,31.832,brushing
0.354,-0.537,0.419,13.895,5.005,-3.762,brushing
0.355,-0.126,0.555,13.895,5.005,-3.762,brushing
0.355,-0.126,0.555,-3.395,42.315,-29.89,brushing
0.335,0.138,0.691,-3.395,42.315,-29.89,brushing
0.335,0.138,0.691,-18.445,20.685,-55.247,brushing
0.388,0.091,0.706,-18.445,20.685,-55.247,brushing
0.388,0.091,0.706,-31.115,-27.3,-77.42,brushing
0.512,0.114,0.683,-31.115,-27.3,-77.42,brushing
0.512,0.114,0.683,-37.607,-9.187,-85.47,brushing
0.757,0.499,0.818,-37.607,-9.187,-85.47,brushing
0.757,0.499,0.818,-39.392,9.222,-81.987,brushing
0.95,0.903,0.905,-39.392,9.222,-81.987,brushing
0.95,0.903,0.905,-40.267,0.437,-59.867,brushing
1.026,1.353,0.925,-40.267,0.437,-59.867,brushing
1.026,1.353,0.925,-32.847,7.402,-7.052,brushing
0.997,1.581,1.012,-32.847,7.402,-7.052,brushing
0.997,1.581,1.012,-16.992,7.49,57.207,brushing
0.9,1.388,1.077,-16.992,7.49,57.207,brushing
0.687,0.808,0.956,-16.992,7.49,57.207,brushing
0.687,0.808,0.956,0.21,-25.025,107.187,brushing
0.452,-0.023,0.919,0.21,-25.025,107.187,brushing
0.452,-0.023,0.919,16.327,-33.967,126.28,brushing
0.294,-0.164,0.913,16.327,-33.967,126.28,brushing
0.294,-0.164,0.913,30.695,-21.49,117.372,brushing
0.264,-0.166,0.802,30.695,-21.49,117.372,brushing
0.264,-0.166,0.802,40.285,-31.01,96.74,brushing
0.207,-0.477,0.662,40.285,-31.01,96.74,brushing
0.207,-0.477,0.662,42.297,-41.65,65.835,brushing
0.173,-0.81,0.565,42.297,-41.65,65.835,brushing
0.173,-0.81,0.565,35.087,-38.902,19.722,brushing
0.214,-0.641,0.455,35.087,-38.902,19.722,brushing
0.214,-0.641,0.455,20.247,-13.317,-21.087,brushing
0.226,-0.242,0.567,20.247,-13.317,-21.087,brushing
0.226,-0.242,0.567,5.775,3.622,-49.122,brushing
0.271,-0.112,0.692,5.775,3.622,-49.122,brushing
0.271,-0.112,0.692,-8.977,-16.8,-73.15,brushing
0.5,0.029,0.646,-8.977,-16.8,-73.15,brushing
0.668,-0.031,0.691,-8.977,-16.8,-73.15,brushing
0.668,-0.031,0.691,-28.682,-38.465,-90.51,brushing
0.82,0.33,0.813,-28.682,-38.465,-90.51,brushing
0.82,0.33,0.813,-41.457,-37.922,-99.452,brushing
0.957,0.844,0.917,-41.457,-37.922,-99.452,brushing
0.957,0.844,0.917,-44.765,-18.375,-82.005,brushing
1.023,1.512,1.134,-44.765,-18.375,-82.005,brushing
1.023,1.512,1.134,-34.457,8.942,-31.237,brushing
0.991,1.648,1.188,-34.457,8.942,-31.237,brushing
0.991,1.648,1.188,-14.91,-1.715,38.937,brushing
0.88,1.409,1.173,-14.91,-1.715,38.937,brushing
0.88,1.409,1.173,7.402,-44.345,97.457,brushing
0.611,0.317,0.903,7.402,-44.345,97.457,brushing
0.611,0.317,0.903,23.94,-58.152,118.965,brushing
0.382,-0.42,0.797,23.94,-58.152,118.965,brushing
0.382,-0.42,0.797,37.712,10.115,113.96,brushing
0.309,-0.04,0.834,37.712,10.115,113.96,brushing
0.309,-0.04,0.834,40.372,-25.917,88.375,brushing
0.236,-0.527,0.514,40.372,-25.917,88.375,brushing
0.201,-0.689,0.448,40.372,-25.917,88.375,brushing
0.201,-0.689,0.448,32.165,-24.832,54.46,brushing
0.205,-0.919,0.352,32.165,-24.832,54.46,brushing
0.205,-0.919,0.352,13.667,-30.205,6.317,brushing
0.267,-0.65,0.366,13.667,-30.205,6.317,brushing
0.267,-0.65,0.366,-9.992,-5.267,-34.195,brushing
0.336,-0.271,0.63,-9.992,-5.267,-34.195,brushing
0.336,-0.271,0.63,-28.28,7.07,-64.382,brushing
0.47,-0.064,0.769,-28.28,7.07,-64.382,brushing
0.47,-0.064,0.769,-37.94,-33.547,-90.93,brushing
0.619,-0.007,0.742,-37.94,-33.547,-90.93,brushing
0.619,-0.007,0.742,-39.497,-39.112,-101.552,brushing
0.813,0.4,0.844,-39.497,-39.112,-101.552,brushing
0.813,0.4,0.844,-35.717,-24.062,-90.72,brushing
0.934,0.945,0.965,-35.717,-24.062,-90.72,brushing
0.934,0.945,0.965,-26.075,-5.915,-49.472,brushing
0.965,1.317,1.039,-26.075,-5.915,-49.472,brushing
0.965,1.317,1.039,-9.117,7.822,13.422,brushing
0.863,1.294,1.075,-9.117,7.822,13.422,brushing
0.712,1.024,1.045,-9.117,7.822,13.422,brushing
0.712,1.024,1.045,10.85,-12.81,68.005,brushing
0.493,-0.026,0.807,10.85,-12.81,68.005,brushing
0.493,-0.026,0.807,24.92,-35.857,93.957,brushing
0.375,-0.362,0.657,24.92,-35.857,93.957,brushing
0.375,-0.362,0.657,29.067,11.427,91.175,brushing
0.36,-0.154,0.685,29.067,11.427,91.175,brushing
0.36,-0.154,0.685,22.4,26.88,75.127,brushing
0.271,-0.376,0.679,22.4,26.88,75.127,brushing
0.271,-0.376,0.679,11.2,2.467,48.02,brushing
0.187,-0.638,0.696,11.2,2.467,48.02,brushing
0.187,-0.638,0.696,1.715,-13.265,9.31,brushing
0.201,-0.705,0.693,1.715,-13.265,9.31,brushing
0.201,-0.705,0.693,-7.507,-14.262,-30.957,brushing
0.252,-0.479,0.734,-7.507,-14.262,-30.957,brushing
0.252,-0.479,0.734,-16.887,-3.99,-61.547,brushing
0.339,-0.213,0.854,-16.887,-3.99,-61.547,brushing
0.5,-0.078,0.849,-25.13,-42.63,-90.947,brushing
0.637,-0.017,0.739,-25.13,-42.63,-90.947,brushing
0.637,-0.017,0.739,-28.98,-60.217,-107.992,brushing
0.795,0.399,0.738,-28.98,-60.217,-107.992,brushing
0.795,0.399,0.738,-29.242,-33.495,-105.455,brushing
0.826,0.909,0.816,-29.242,-33.495,-105.455,brushing
0.826,0.909,0.816,-28.665,-4.795,-75.18,brushing
0.828,1.369,0.918,-28.665,-4.795,-75.18,brushing
0.828,1.369,0.918,-20.475,19.81,-17.552,brushing
0.797,1.354,1.012,-20.475,19.81,-17.552,brushing
0.797,1.354,1.012,-2.205,31.202,46.882,brushing
0.715,1.019,1.07,-2.205,31.202,46.882,brushing
0.715,1.019,1.07,17.325,-8.977,87.937,brushing
0.469,-0.164,0.887,17.325,-8.977,87.937,brushing
0.469,-0.164,0.887,31.482,3.552,92.312,brushing
0.333,-0.53,0.846,31.482,3.552,92.312,brushing
0.333,-0.53,0.846,37.555,50.627,79.695,brushing
0.304,-0.28,0.993,37.555,50.627,79.695,brushing
0.253,-0.549,0.827,37.555,50.627,79.695,brushing
0.253,-0.549,0.827,35.455,9.17,47.232,brushing
0.251,-0.744,0.75,35.455,9.17,47.232,brushing
0.251,-0.744,0.75,26.32,-14.297,6.895,brushing
0.326,-0.68,0.651,26.32,-14.297,6.895,brushing
0.326,-0.68,0.651,10.185,-23.992,-36.627,brushing
0.429,-0.365,0.723,10.185,-23.992,-36.627,brushing
0.429,-0.365,0.723,-8.032,-19.302,-68.25,brushing
0.547,-0.147,0.85,-8.032,-19.302,-68.25,brushing
0.547,-0.147,0.85,-21.735,-48.737,-95.392,brushing
0.67,0.065,0.81,-21.735,-48.737,-95.392,brushing
0.67,0.065,0.81,-27.982,-63.7,-104.877,brushing
0.868,0.499,0.745,-27.982,-63.7,-104.877,brushing
0.868,0.499,0.745,-31.727,-35.612,-84.017,brushing
0.956,1.091,0.799,-31.727,-35.612,-84.017,brushing
0.956,1.091,0.799,-29.715,12.687,-28.927,brushing
0.921,1.59,0.931,-29.715,12.687,-28.927,brushing
0.921,1.59,0.931,-19.232,30.817,45.202,brushing
0.778,1.577,1.078,-19.232,30.817,45.202,brushing
0.534,0.707,0.982,-19.232,30.817,45.202,brushing
0.534,0.707,0.982,-5.425,-6.16,104.037,brushing
0.354,-0.193,0.824,-5.425,-6.16,104.037,brushing
0.354,-0.193,0.824,4.06,-2.24,126.63,brushing
0.28,0.113,1.035,4.06,-2.24,126.63,brushing
0.28,0.113,1.035,8.382,27.212,126.07,brushing
0.157,-0.419,0.989,8.382,27.212,126.07,brushing
0.157,-0.419,0.989,10.5,-47.197,99.487,brushing
0.071,-1.176,0.777,10.5,-47.197,99.487,brushing
0.071,-1.176,0.777,11.235,-74.025,46.112,brushing
0.11,-1.491,0.622,11.235,-74.025,46.112,brushing
0.11,-1.491,0.622,2.275,-61.407,-19.285,brushing
0.279,-0.802,0.721,2.275,-61.407,-19.285,brushing
0.279,-0.802,0.721,-9.327,-37.1,-63.017,brushing
0.286,-0.267,0.854,-9.327,-37.1,-63.017,brushing
0.286,-0.267,0.854,-23.03,-79.362,-98.122,brushing
0.43,-0.214,0.814,-23.03,-79.362,-98.122,brushing
0.43,-0.214,0.814,-36.085,-100.712,-116.725,brushing
0.691,-0.07,0.66,-36.085,-100.712,-116.725,brushing
0.862,0.576,0.757,-36.085,-100.712,-116.725,brushing
0.862,0.576,0.757,-46.515,-49.7,-105.962,brushing
0.865,1.336,0.941,-46.515,-49.7,-105.962,brushing
0.865,1.336,0.941,-45.132,-0.175,-62.177,brushing
0.865,1.657,1.017,-45.132,-0.175,-62.177,brushing
0.865,1.657,1.017,-31.167,14.122,12.88,brushing
0.759,1.142,1.04,-31.167,14.122,12.88,brushing
0.759,1.142,1.04,-11.48,24.885,88.532,brushing
0.525,0.474,1,-11.48,24.885,88.532,brushing
0.525,0.474,1,4.2,3.307,125.405,brushing
0.27,-0.477,0.871,4.2,3.307,125.405,brushing
0.27,-0.477,0.871,16.31,28.227,124.355,brushing
0.18,-0.547,0.889,16.31,28.227,124.355,brushing
0.18,-0.547,0.889,20.807,8.697,89.6,brushing
0.063,-1.128,0.726,20.807,8.697,89.6,brushing
0.063,-1.128,0.726,14.577,-13.265,31.36,brushing
0.024,-1.264,0.688,14.577,-13.265,31.36,brushing
0.024,-1.264,0.688,2.887,-30.66,-32.672,brushing
0.121,-0.874,0.742,2.887,-30.66,-32.672,brushing
0.192,-0.363,0.843,2.887,-30.66,-32.672,brushing
0.192,-0.363,0.843,-4.602,-34.37,-74.97,brushing
0.319,-0.253,0.826,-4.602,-34.37,-74.97,brushing
0.319,-0.253,0.826,-9.485,-65.957,-105.472,brushing
0.408,-0.114,0.837,-9.485,-65.957,-105.472,brushing
0.408,-0.114,0.837,-10.657,-74.935,-120.295,brushing
0.603,0.176,0.841,-10.657,-74.935,-120.295,brushing
0.603,0.176,0.841,-3.762,-65.432,-118.965,brushing
0.703,0.607,0.949,-3.762,-65.432,-118.965,brushing
0.703,0.607,0.949,8.382,-32.847,-90.877,brushing
0.842,1.448,1.111,8.382,-32.847,-90.877,brushing
0.842,1.448,1.111,28.017,-18.69,-27.93,brushing
0.859,1.51,1.08,28.017,-18.69,-27.93,brushing
0.859,1.51,1.08,47.127,-5.337,53.357,brushing
0.782,1.071,1.035,47.127,-5.337,53.357,brushing
0.782,1.071,1.035,56.035,-11.252,107.66,brushing
0.557,-0.2,0.717,56.035,-11.252,107.66,brushing
0.383,-0.399,0.925,56.962,39.007,120.697,brushing
0.3,-0.441,0.935,56.962,39.007,120.697,brushing
0.3,-0.441,0.935,57.505,36.505,105.542,brushing
0.203,-1.019,0.732,57.505,36.505,105.542,brushing
0.203,-1.019,0.732,50.767,-4.515,66.202,brushing
0.163,-1.067,0.689,50.767,-4.515,66.202,brushing
0.163,-1.067,0.689,40.092,-9.03,15.925,brushing
0.185,-1.044,0.607,40.092,-9.03,15.925,brushing
0.185,-1.044,0.607,22.347,-37.45,-40.67,brushing
0.233,-0.642,0.614,22.347,-37.45,-40.67,brushing
0.233,-0.642,0.614,3.657,-22.732,-74.182,brushing
0.382,-0.335,0.729,3.657,-22.732,-74.182,brushing
0.382,-0.335,0.729,-14.297,-36.295,-97.405,brushing
0.607,-0.166,0.669,-14.297,-36.295,-97.405,brushing
0.607,-0.166,0.669,-27.772,-49.14,-107.852,brushing
0.805,-0.095,0.657,-27.772,-49.14,-107.852,brushing
0.805,-0.095,0.657,-35.105,-20.65,-102.427,brushing
0.993,0.396,0.811,-35.105,-20.65,-102.427,brushing
1.026,0.983,1.044,-35.105,-20.65,-102.427,brushing
1.026,0.983,1.044,-36.155,4.515,-69.195,brushing
0.974,1.377,1.239,-36.155,4.515,-69.195,brushing
0.974,1.377,1.239,-19.985,26.18,-5.04,brushing
0.855,1.125,1.262,-19.985,26.18,-5.04,brushing
0.855,1.125,1.262,7.227,14.822,66.115,brushing
0.587,-0.003,0.986,7.227,14.822,66.115,brushing
0.587,-0.003,0.986,30.852,4.305,107.257,brushing
0.381,-0.636,0.888,30.852,4.305,107.257,brushing
0.381,-0.636,0.888,45.605,66.517,111.09,brushing
0.346,-0.206,0.963,45.605,66.517,111.09,brushing
0.346,-0.206,0.963,46.48,42.14,91.787,brushing
0.214,-0.744,0.718,46.48,42.14,91.787,brushing
0.214,-0.744,0.718,33.845,-6.807,54.302,brushing
0.146,-1.238,0.534,33.845,-6.807,54.302,brushing
0.146,-1.238,0.534,11.112,-29.645,-1.802,brushing
0.197,-1.067,0.417,11.112,-29.645,-1.802,brushing
0.197,-1.067,0.417,-12.67,0.28,-42.56,brushing
0.212,-0.495,0.658,-12.67,0.28,-42.56,brushing
0.294,-0.165,0.813,-12.67,0.28,-42.56,brushing
0.294,-0.165,0.813,-28.805,-17.29,-75.127,brushing
0.465,-0.173,0.685,-28.805,-17.29,-75.127,brushing
0.465,-0.173,0.685,-41.037,-61.862,-97.387,brushing
0.685,0.085,0.741,-41.037,-61.862,-97.387,brushing
0.685,0.085,0.741,-45.71,-38.01,-99.75,brushing
0.885,0.546,0.899,-45.71,-38.01,-99.75,brushing
0.885,0.546,0.899,-42.297,-17.675,-82.862,brushing
0.978,1.141,1.055,-42.297,-17.675,-82.862,brushing
0.978,1.141,1.055,-28.087,7.525,-32.042,brushing
0.998,1.492,1.215,-28.087,7.525,-32.042,brushing
0.998,1.492,1.215,-1.907,25.935,42.665,brushing
0.897,1.294,1.242,-1.907,25.935,42.665,brushing
0.897,1.294,1.242,25.725,-2.467,107.835,brushing
0.628,0.125,0.929,25.725,-2.467,107.835,brushing
0.628,0.125,0.929,42.07,1.382,131.862,brushing
0.361,-0.691,0.782,42.07,1.382,131.862,brushing
0.361,-0.691,0.782,47.722,67.97,127.872,brushing
0.288,-0.443,0.942,47.722,67.97,127.872,brushing
0.134,-0.887,0.797,47.722,67.97,127.872,brushing
0.134,-0.887,0.797,40.88,23.31,92.627,brushing
0.027,-1.413,0.68,40.88,23.31,92.627,brushing
0.027,-1.413,0.68,27.737,-15.435,35.927,brushing
0.131,-1.104,0.565,27.737,-15.435,35.927,brushing
0.131,-1.104,0.565,9.975,-17.692,-23.94,brushing
0.155,-0.398,0.856,9.975,-17.692,-23.94,brushing
0.155,-0.398,0.856,-2.835,-5.792,-60.13,brushing
0.257,-0.228,0.917,-2.835,-5.792,-60.13,brushing
0.257,-0.228,0.917,-13.457,-60.34,-90.807,brushing
0.512,-0.196,0.697,-13.457,-60.34,-90.807,brushing
0.512,-0.196,0.697,-26.197,-78.067,-106.137,brushing
0.75,-0.009,0.687,-26.197,-78.067,-106.137,brushing
0.75,-0.009,0.687,-31.832,-41.3,-104.79,brushing
0.966,0.523,0.759,-31.832,-41.3,-104.79,brushing
0.966,0.523,0.759,-35.437,-19.285,-77.612,brushing
1.027,1.124,0.872,-35.437,-19.285,-77.612,brushing
1.027,1.124,0.872,-30.292,4.497,-14.385,brushing
0.907,1.46,1.033,-30.292,4.497,-14.385,brushing
0.773,1.333,1.09,-30.292,4.497,-14.385,brushing
0.773,1.333,1.09,-10.377,26.39,62.72,brushing
0.518,0.257,0.896,-10.377,26.39,62.72,brushing
0.518,0.257,0.896,8.715,3.027,113.872,brushing
0.313,-0.573,0.789,8.715,3.027,113.872,brushing
0.313,-0.573,0.789,21.262,47.757,123.497,brushing
0.257,-0.305,0.945,21.262,47.757,123.497,brushing
0.257,-0.305,0.945,28.262,55.545,105.717,brushing
0.162,-0.83,0.73,28.262,55.545,105.717,brushing
0.162,-0.83,0.73,26.285,15.365,66.78,brushing
0.058,-1.226,0.619,26.285,15.365,66.78,brushing
0.058,-1.226,0.619,16.765,-0.35,8.802,brushing
0.081,-1.231,0.502,16.765,-0.35,8.802,brushing
0.081,-1.231,0.502,0.367,17.36,-43.68,brushing
0.128,-0.501,0.732,0.367,17.36,-43.68,brushing
0.128,-0.501,0.732,-10.115,6.492,-80.797,brushing
0.164,-0.14,0.986,-10.115,6.492,-80.797,brushing
0.164,-0.14,0.986,-13.65,-63.98,-106.487,brushing
0.345,0.056,0.824,-13.65,-63.98,-106.487,brushing
0.541,0.362,0.808,-13.65,-63.98,-106.487,brushing
0.541,0.362,0.808,-14.717,-59.657,-106.522,brushing
0.753,0.777,0.946,-14.717,-59.657,-106.522,brushing
0.753,0.777,0.946,-5.617,-17.797,-79.24,brushing
0.921,1.158,1.077,-5.617,-17.797,-79.24,brushing
0.921,1.158,1.077,12.145,16.817,-26.915,brushing
0.894,1.025,1.121,12.145,16.817,-26.915,brushing
0.894,1.025,1.121,28.63,23.485,27.93,brushing
0.764,0.615,1.001,28.63,23.485,27.93,brushing
0.764,0.615,1.001,37.485,-18.27,64.855,brushing
0.513,0.021,1.056,37.485,-18.27,64.855,brushing
0.513,0.021,1.056,46.182,-58.887,69.37,brushing
0.236,-0.655,1.13,46.182,-58.887,69.37,brushing
0.236,-0.655,1.13,58.047,-81.707,40.827,brushing
0.263,-0.594,0.953,58.047,-81.707,40.827,brushing
0.263,-0.594,0.953,57.015,-142.467,-3.797,brushing
0.259,-0.634,0.911,57.015,-142.467,-3.797,brushing
0.393,-0.374,0.901,48.3,-220.255,-45.71,brushing
0.54,-0.378,0.757,48.3,-220.255,-45.71,brushing
0.54,-0.378,0.757,38.342,-246.4,-66.57,brushing
0.682,-0.448,0.674,38.342,-246.4,-66.57,brushing
0.682,-0.448,0.674,25.532,-218.505,-75.215,brushing
0.838,-0.193,0.573,25.532,-218.505,-75.215,brushing
0.838,-0.193,0.573,11.76,-201.582,-74.795,brushing
1.114,0.127,0.422,11.76,-201.582,-74.795,brushing
1.114,0.127,0.422,-10.465,-207.375,-54.425,brushing
1.263,-0.069,0.38,-10.465,-207.375,-54.425,brushing
1.263,-0.069,0.38,-22.26,-107.852,-2.975,brushing
1.209,0.005,0.366,-22.26,-107.852,-2.975,brushing
1.209,0.005,0.366,-25.34,5.18,46.007,brushing
1.007,0.174,0.489,-25.34,5.18,46.007,brushing
1.007,0.174,0.489,-30.327,33.442,82.162,brushing
0.76,-0.083,0.638,-30.327,33.442,82.162,brushing
0.76,-0.083,0.638,-22.592,43.977,103.757,brushing
0.576,-0.002,0.839,-22.592,43.977,103.757,brushing
0.603,-0.467,0.418,-14.892,24.377,112.735,brushing
0.178,-0.63,0.846,-14.892,24.377,112.735,brushing
0.178,-0.63,0.846,-16.59,33.092,104.79,brushing
0.138,-0.654,0.886,-16.59,33.092,104.79,brushing
0.138,-0.654,0.886,-5.547,28.052,82.215,brushing
-0.111,-1.169,0.954,-5.547,28.052,82.215,brushing
-0.111,-1.169,0.954,-2.537,-3.342,36.137,brushing
0.029,-0.705,0.755,-2.537,-3.342,36.137,brushing
0.029,-0.705,0.755,-1.61,-49.157,-14.647,brushing
0.248,-0.371,0.911,-1.61,-49.157,-14.647,brushing
0.248,-0.371,0.911,-9.222,-109.83,-40.232,brushing
0.167,-0.953,0.804,-9.222,-109.83,-40.232,brushing
0.167,-0.953,0.804,-12.617,-105.77,-62.615,brushing
0.171,-0.931,0.558,-12.617,-105.77,-62.615,brushing
0.171,-0.931,0.558,-20.667,-68.057,-75.215,brushing
0.559,-0.418,0.454,-20.667,-68.057,-75.215,brushing
0.559,-0.418,0.454,-38.937,-44.065,-63.227,brushing
0.834,-0.587,0.64,-38.937,-44.065,-63.227,brushing
1.165,-0.461,0.472,-38.937,-44.065,-63.227,brushing
1.165,-0.461,0.472,-43.452,20.702,-47.11,brushing
1.442,-0.068,0.459,-43.452,20.702,-47.11,brushing
1.442,-0.068,0.459,-43.627,83.177,-21.472,brushing
1.329,0.015,0.665,-43.627,83.177,-21.472,brushing
1.329,0.015,0.665,-43.032,123.48,22.487,brushing
1.004,0.228,0.833,-43.032,123.48,22.487,brushing
1.004,0.228,0.833,-29.505,137.567,65.677,brushing
0.534,-0.043,0.998,-29.505,137.567,65.677,brushing
0.534,-0.043,0.998,-12.46,102.725,87.132,brushing
0.286,-0.435,0.914,-12.46,102.725,87.132,brushing
0.286,-0.435,0.914,2.082,69.86,78.802,brushing
0.112,-0.322,0.866,2.082,69.86,78.802,brushing
0.112,-0.322,0.866,9.327,63.805,61.74,brushing
-0.051,-0.283,0.956,9.327,63.805,61.74,brushing
-0.051,-0.283,0.956,7.192,15.855,32.742,brushing
-0.27,-0.701,0.977,7.192,15.855,32.742,brushing
-0.27,-0.701,0.977,7.227,-38.85,-14.455,brushing
-0.112,-0.584,0.912,7.227,-38.85,-14.455,brushing
0.009,-0.437,1.004,7.227,-38.85,-14.455,brushing
0.009,-0.437,1.004,10.272,-65.467,-46.69,brushing
-0.013,-0.517,0.878,10.272,-65.467,-46.69,brushing
-0.013,-0.517,0.878,10.097,-96.18,-68.792,brushing
0.321,-0.35,0.511,10.097,-96.18,-68.792,brushing
0.321,-0.35,0.511,0.245,-120.295,-80.132,brushing
0.918,-0.771,0.61,0.245,-120.295,-80.132,brushing
0.918,-0.771,0.61,-13.195,-79.607,-74.567,brushing
1.252,-0.458,0.415,-13.195,-79.607,-74.567,brushing
1.252,-0.458,0.415,-4.847,53.025,-53.34,brushing
1.565,0.134,0.357,-4.847,53.025,-53.34,brushing
1.565,0.134,0.357,-11.34,83.632,-11.06,brushing
1.216,0.078,0.514,-11.34,83.632,-11.06,brushing
1.216,0.078,0.514,-12.652,65.152,36.417,brushing
0.958,-0.045,0.802,-12.652,65.152,36.417,brushing
0.958,-0.045,0.802,6.632,97.755,76.72,brushing
0.471,-0.313,0.899,6.632,97.755,76.72,brushing
0.471,-0.313,0.899,24.867,80.78,76.317,brushing
0.286,-0.424,0.834,24.867,80.78,76.317,brushing
0.227,-0.123,0.813,24.867,80.78,76.317,brushing
0.227,-0.123,0.813,36.89,75.04,65.03,brushing
0.073,-0.059,0.843,36.89,75.04,65.03,brushing
0.073,-0.059,0.843,38.937,59.097,52.937,brushing
-0.106,-0.36,0.85,38.937,59.097,52.937,brushing
-0.106,-0.36,0.85,34.195,-5.757,24.167,brushing
-0.048,-0.531,0.926,34.195,-5.757,24.167,brushing
-0.048,-0.531,0.926,30.73,-46.445,-11.69,brushing
0.062,-0.356,1.137,30.73,-46.445,-11.69,brushing
0.062,-0.356,1.137,37.222,-52.727,-35.105,brushing
0.015,-0.6,1.179,37.222,-52.727,-35.105,brushing
0.015,-0.6,1.179,47.652,-73.097,-61.162,brushing
0.184,-0.604,0.869,47.652,-73.097,-61.162,brushing
0.184,-0.604,0.869,48.58,-79.082,-80.657,brushing
0.874,-0.579,0.498,48.58,-79.082,-80.657,brushing
0.874,-0.579,0.498,36.977,-19.057,-73.517,brushing
1.179,-0.505,0.701,36.977,-19.057,-73.517,brushing
1.587,0.04,0.341,31.85,63.455,-45.132,brushing
1.518,0.038,0.445,31.85,63.455,-45.132,brushing
1.518,0.038,0.445,15.05,92.907,-1.592,brushing
1.193,0.08,0.436,15.05,92.907,-1.592,brushing
1.193,0.08,0.436,6.072,133.21,46.287,brushing
0.9,0.258,0.553,6.072,133.21,46.287,brushing
0.9,0.258,0.553,0.56,151.305,84.77,brushing
0.5,0.014,0.726,0.56,151.305,84.77,brushing
0.5,0.014,0.726,-4.69,80.29,85.365,brushing
0.299,-0.349,0.75,-4.69,80.29,85.365,brushing
0.299,-0.349,0.75,-1.575,71.155,74.06,brushing
0.191,-0.227,0.816,-1.575,71.155,74.06,brushing
0.191,-0.227,0.816,1.4,110.057,59.535,brushing
-0.033,-0.2,0.986,1.4,110.057,59.535,brushing
-0.033,-0.2,0.986,2.765,58.222,24.692,brushing
-0.156,-0.329,0.969,2.765,58.222,24.692,brushing
-0.156,-0.329,0.969,7.332,-11.795,-16.817,brushing
0.082,-0.159,1.048,7.332,-11.795,-16.817,brushing
0.205,-0.041,1.021,13.755,-34.562,-36.417,brushing
0.314,-0.237,0.885,13.755,-34.562,-36.417,brushing
0.314,-0.237,0.885,15.277,-56.84,-48.72,brushing
0.775,-0.12,0.619,15.277,-56.84,-48.72,brushing
0.775,-0.12,0.619,10.307,-53.182,-54.88,brushing
1.208,-0.102,0.596,10.307,-53.182,-54.88,brushing
1.208,-0.102,0.596,0.035,-18.235,-41.772,brushing
1.225,-0.028,0.665,0.035,-18.235,-41.772,brushing
1.225,-0.028,0.665,-6.02,23.887,-16.642,brushing
1.019,-0.097,0.805,-6.02,23.887,-16.642,brushing
1.019,-0.097,0.805,-5.635,39.445,8.032,brushing
0.813,-0.156,0.811,-5.635,39.445,8.032,brushing
0.813,-0.156,0.811,-0.945,45.412,23.135,brushing
0.629,-0.073,0.88,-0.945,45.412,23.135,brushing
0.629,-0.073,0.88,1.557,16.135,21.997,brushing
0.39,-0.277,0.801,1.557,16.135,21.997,brushing
0.39,-0.277,0.801,1.627,-15.12,5.005,brushing
0.254,-0.55,0.812,1.627,-15.12,5.005,brushing
0.253,-0.322,0.533,1.627,-15.12,5.005,brushing
0.253,-0.322,0.533,-2.747,-23.607,-20.737,brushing
0.591,-0.251,0.468,-2.747,-23.607,-20.737,brushing
0.591,-0.251,0.468,-16.66,-4.83,-32.217,brushing
0.606,-0.125,0.776,-16.66,-4.83,-32.217,brushing
0.606,-0.125,0.776,-26.005,63.35,-25.217,brushing
0.508,-0.082,1.128,-26.005,63.35,-25.217,brushing
0.508,-0.082,1.128,-18.935,84.91,-22.715,brushing
0.555,0.149,1.104,-18.935,84.91,-22.715,brushing
0.555,0.149,1.104,-3.815,92.767,-15.172,brushing
0.65,0.306,0.975,-3.815,92.767,-15.172,brushing
0.65,0.306,0.975,1.05,65.765,-5.775,brushing
0.662,0.358,0.819,1.05,65.765,-5.775,brushing
0.662,0.358,0.819,-6.597,-2.31,-4.34,brushing
0.59,0.484,0.892,-6.597,-2.31,-4.34,brushing
0.59,0.484,0.892,-12.88,-87.255,-3.937,brushing
0.532,0.195,1.046,-12.88,-87.255,-3.937,brushing
0.532,0.195,1.046,-7.472,-125.125,-3.902,brushing
0.463,-0.117,1.057,-7.472,-125.125,-3.902,brushing
0.507,-0.132,0.956,-7.472,-125.125,-3.902,brushing
0.507,-0.132,0.956,3.36,-113.645,-4.637,brushing
0.481,-0.322,0.823,3.36,-113.645,-4.637,brushing
0.481,-0.322,0.823,6.737,-125.09,-10.342,brushing
0.354,-0.644,0.801,6.737,-125.09,-10.342,brushing
0.354,-0.644,0.801,3.832,-132.667,-25.147,brushing
0.124,-0.598,0.919,3.832,-132.667,-25.147,brushing
0.124,-0.598,0.919,9.975,-83.982,-40.46,brushing
0.275,-0.55,0.717,9.975,-83.982,-40.46,brushing
0.275,-0.55,0.717,10.062,-86.835,-66.605,brushing
0.497,-0.521,0.447,10.062,-86.835,-66.605,brushing
0.497,-0.521,0.447,-0.472,-63.122,-79.45,brushing
0.808,-0.327,0.661,-0.472,-63.122,-79.45,brushing
0.808,-0.327,0.661,-4.025,25.812,-60.287,brushing
1.042,0.253,0.539,-4.025,25.812,-60.287,brushing
1.042,0.253,0.539,-11.2,38.36,-28.56,brushing
1.284,0.069,0.45,-11.2,38.36,-28.56,brushing
1.284,0.069,0.45,-16.432,76.475,11.585,brushing
1.254,-0.029,0.516,-16.432,76.475,11.585,brushing
1.13,-0.059,0.355,-16.432,76.475,11.585,brushing
1.13,-0.059,0.355,-18.865,121.082,45.325,brushing
0.92,0.168,0.565,-18.865,121.082,45.325,brushing
0.92,0.168,0.565,-31.045,152.792,70.402,brushing
0.521,0.181,0.685,-31.045,152.792,70.402,brushing
0.521,0.181,0.685,-40.915,98.087,74.305,brushing
0.314,-0.202,0.825,-40.915,98.087,74.305,brushing
0.314,-0.202,0.825,-38.5,70.42,69.352,brushing
0.238,-0.028,0.857,-38.5,70.42,69.352,brushing
0.238,-0.028,0.857,-24.325,138.442,70.927,brushing
0.185,0.297,0.874,-24.325,138.442,70.927,brushing
0.185,0.297,0.874,-16.17,136.727,64.995,brushing
0.001,0.256,1.076,-16.17,136.727,64.995,brushing
0.001,0.256,1.076,-6.737,41.125,36.715,brushing
-0.159,0.04,1.218,-6.737,41.125,36.715,brushing
-0.159,0.04,1.218,10.027,-71.155,-3.5,brushing
0.027,0.019,1.301,10.027,-71.155,-3.5,brushing
0.027,0.019,1.301,30.73,-118.632,-29.12,brushing
0.067,0,1.343,30.73,-118.632,-29.12,brushing
0.026,-0.225,1.257,30.73,-118.632,-29.12,brushing
0.026,-0.225,1.257,49.035,-159.897,-51.975,brushing
0.37,-0.271,0.743,49.035,-159.897,-51.975,brushing
0.37,-0.271,0.743,49.455,-195.212,-74.847,brushing
0.641,-0.834,0.801,49.455,-195.212,-74.847,brushing
0.641,-0.834,0.801,33.915,-131.915,-80.605,brushing
0.899,-0.326,0.657,33.915,-131.915,-80.605,brushing
0.899,-0.326,0.657,26.145,5.092,-71.995,brushing
1.451,-0.145,0.211,26.145,5.092,-71.995,brushing
1.451,-0.145,0.211,-0.402,60.935,-54.6,brushing
1.672,0.168,0.05,-0.402,60.935,-54.6,brushing
1.672,0.168,0.05,-41.58,102.812,-21.35,brushing
1.448,0.324,0.226,-41.58,102.812,-21.35,brushing
1.448,0.324,0.226,-70.822,123.462,23.275,brushing
1.103,0.548,0.732,-70.822,123.462,23.275,brushing
1.103,0.548,0.732,-71.662,112.77,64.82,brushing
0.522,0.391,0.976,-71.662,112.77,64.82,brushing
0.116,-0.167,1.043,-52.657,44.905,71.645,brushing
0.076,-0.018,1.079,-52.657,44.905,71.645,brushing
0.076,-0.018,1.079,-24.78,64.487,66.045,brushing
-0.08,0.208,1.145,-24.78,64.487,66.045,brushing
-0.08,0.208,1.145,-0.945,94.202,59.657,brushing
-0.51,0.163,1.321,-0.945,94.202,59.657,brushing
-0.51,0.163,1.321,18.69,-16.52,19.477,brushing
-0.12,-0.057,1.072,18.69,-16.52,19.477,brushing
-0.12,-0.057,1.072,38.132,-121.432,-28.56,brushing
0.017,0.357,1.355,38.132,-121.432,-28.56,brushing
0.017,0.357,1.355,56.665,-164.29,-46.235,brushing
-0.011,-0.15,1.081,56.665,-164.29,-46.235,brushing
-0.011,-0.15,1.081,60.532,-217.595,-68.617,brushing
0.299,-0.214,0.509,60.532,-217.595,-68.617,brushing
0.299,-0.214,0.509,35.805,-215.18,-86.782,brushing
0.63,-0.912,0.593,35.805,-215.18,-86.782,brushing
0.63,-0.912,0.593,17.43,-83.107,-88.252,brushing
0.876,-0.671,0.556,17.43,-83.107,-88.252,brushing
1.423,-0.468,0.101,17.43,-83.107,-88.252,brushing
1.423,-0.468,0.101,6.23,62.965,-76.632,brushing
1.773,0.159,-0.207,6.23,62.965,-76.632,brushing
1.773,0.159,-0.207,-24.15,152.355,-51.117,brushing
1.684,0.609,-0.028,-24.15,152.355,-51.117,brushing
1.684,0.609,-0.028,-68.215,148.137,-6.195,brushing
1.344,0.695,0.511,-68.215,148.137,-6.195,brushing
1.344,0.695,0.511,-94.85,121.747,52.99,brushing
0.654,0.346,1.081,-94.85,121.747,52.99,brushing
0.654,0.346,1.081,-83.79,77.017,93.607,brushing
0.122,-0.482,1.044,-83.79,77.017,93.607,brushing
0.122,-0.482,1.044,-48.177,106.417,97.825,brushing
0.154,0.02,1.128,-48.177,106.417,97.825,brushing
0.154,0.02,1.128,-19.197,172.725,93.94,brushing
-0.179,0.304,1.349,-19.197,172.725,93.94,brushing
-0.179,0.304,1.349,1.26,93.275,63,brushing
-0.72,-0.135,1.279,1.26,93.275,63,brushing
-0.72,-0.135,1.279,23.905,-17.85,2.712,brushing
-0.106,0.025,1.172,23.905,-17.85,2.712,brushing
0.108,1.076,1.624,23.905,-17.85,2.712,brushing
0.108,1.076,1.624,45.132,-35.665,-15.435,brushing
-0.044,0.305,1.177,45.132,-35.665,-15.435,brushing
-0.044,0.305,1.177,63.962,-193.882,-28.577,brushing
0.38,-0.071,0.606,63.962,-193.882,-28.577,brushing
0.38,-0.071,0.606,56.087,-238.105,-44.205,brushing
0.566,-0.715,0.697,56.087,-238.105,-44.205,brushing
0.566,-0.715,0.697,35.595,-150.01,-50.732,brushing
0.888,-0.578,0.542,35.595,-150.01,-50.732,brushing
0.888,-0.578,0.542,21.56,-2.45,-46.235,brushing
1.299,-0.341,0.311,21.56,-2.45,-46.235,brushing
1.299,-0.341,0.311,-2.187,79.922,-37.327,brushing
1.665,0.097,0.047,-2.187,79.922,-37.327,brushing
1.665,0.097,0.047,-35.98,118.877,-6.142,brushing
1.486,0.393,0.144,-35.98,118.877,-6.142,brushing
1.486,0.393,0.144,-70.157,93.047,35.49,brushing
1.126,0.483,0.527,-70.157,93.047,35.49,brushing
1.126,0.483,0.527,-79.292,51.782,71.575,brushing
0.536,0.284,1.167,-79.292,51.782,71.575,brushing
0.095,-0.288,1.163,-79.292,51.782,71.575,brushing
0.095,-0.288,1.163,-55.09,-14.052,74.13,brushing
-0.011,-0.291,1.143,-55.09,-14.052,74.13,brushing
-0.011,-0.291,1.143,-22.645,45.08,65.765,brushing
-0.105,0.319,1.19,-22.645,45.08,65.765,brushing
-0.105,0.319,1.19,-0.91,89.215,49.227,brushing
-0.31,0.652,1.187,-0.91,89.215,49.227,brushing
-0.31,0.652,1.187,11.182,-40.6,14.525,brushing
-0.073,0.413,1.172,11.182,-40.6,14.525,brushing
-0.073,0.413,1.172,24.395,-167.055,-16.205,brushing
-0.056,0.232,1.341,24.395,-167.055,-16.205,brushing
-0.056,0.232,1.341,45.325,-203.612,-28.035,brushing
-0.148,-0.283,1.188,45.325,-203.612,-28.035,brushing
-0.148,-0.283,1.188,60.165,-187.39,-42.052,brushing
0.262,-0.391,0.627,60.165,-187.39,-42.052,brushing
0.262,-0.391,0.627,50.207,-110.845,-50.347,brushing
0.551,-0.448,0.611,50.207,-110.845,-50.347,brushing
0.551,-0.448,0.611,35.245,-35.787,-50.61,brushing
0.929,-0.304,0.335,35.245,-35.787,-50.61,brushing
1.399,-0.217,0.068,35.245,-35.787,-50.61,brushing
1.399,-0.217,0.068,9.59,7.927,-42.035,brushing
1.499,-0.168,0.16,9.59,7.927,-42.035,brushing
1.499,-0.168,0.16,-25.427,53.042,-16.625,brushing
1.21,-0.166,0.431,-25.427,53.042,-16.625,brushing
1.21,-0.166,0.431,-51.887,86.222,13.352,brushing
0.83,-0.006,0.873,-51.887,86.222,13.352,brushing
0.83,-0.006,0.873,-56.962,109.042,38.237,brushing
0.387,-0.171,0.872,-56.962,109.042,38.237,brushing
0.387,-0.171,0.872,-46.935,96.18,40.845,brushing
0.197,-0.053,0.963,-46.935,96.18,40.845,brushing
0.197,-0.053,0.963,-32.812,114.572,34.457,brushing
0.083,0.359,1.084,-32.812,114.572,34.457,brushing
0.083,0.359,1.084,-20.562,95.112,26.075,brushing
-0.121,0.39,1.243,-20.562,95.112,26.075,brushing
-0.121,0.39,1.243,-6.65,17.727,5.565,brushing
-0.134,0.166,1.201,-6.65,17.727,5.565,brushing
0.031,0.269,1.376,14.227,-47.302,-15.942,brushing
-0.027,0.116,1.423,14.227,-47.302,-15.942,brushing
-0.027,0.116,1.423,40.547,-120.907,-31.85,brushing
-0.065,-0.249,1.1,40.547,-120.907,-31.85,brushing
-0.065,-0.249,1.1,63.192,-175.7,-54.057,brushing
0.315,-0.294,0.825,63.192,-175.7,-54.057,brushing
0.315,-0.294,0.825,64.33,-173.652,-72.152,brushing
0.769,-0.503,0.82,64.33,-173.652,-72.152,brushing
0.769,-0.503,0.82,67.007,-114.677,-69.317,brushing
1.298,-0.137,0.248,67.007,-114.677,-69.317,brushing
1.298,-0.137,0.248,60.655,-37.275,-49.56,brushing
1.649,0.08,-0.064,60.655,-37.275,-49.56,brushing
1.649,0.08,-0.064,24.815,-5.407,-16.03,brushing
1.454,0.213,-0.055,24.815,-5.407,-16.03,brushing
1.454,0.213,-0.055,-13.667,19.967,29.26,brushing
1.128,0.078,0.425,-13.667,19.967,29.26,brushing
1.128,0.078,0.425,-30.24,53.742,64.995,brushing
0.492,-0.235,0.781,-30.24,53.742,64.995,brushing
0.275,-0.455,0.823,-27.037,80.045,63.595,brushing
0.175,0.059,0.877,-27.037,80.045,63.595,brushing
0.175,0.059,0.877,-19.215,175.157,61.232,brushing
-0.194,0.225,1.21,-19.215,175.157,61.232,brushing
-0.194,0.225,1.21,-17.237,106.592,29.68,brushing
-0.164,0.319,1.525,-17.237,106.592,29.68,brushing
-0.164,0.319,1.525,-1.085,-35.332,-7.84,brushing
0.02,0.405,1.621,-1.085,-35.332,-7.84,brushing
0.02,0.405,1.621,23.24,-134.575,-26.46,brushing
0.035,0.163,1.4,23.24,-134.575,-26.46,brushing
0.035,0.163,1.4,42.892,-195.16,-39.462,brushing
0.156,-0.361,0.735,42.892,-195.16,-39.462,brushing
0.156,-0.361,0.735,34.842,-190.4,-59.15,brushing
0.532,-0.664,0.617,34.842,-190.4,-59.15,brushing
0.532,-0.664,0.617,16.362,-112.14,-69.685,brushing
0.992,-0.573,0.617,16.362,-112.14,-69.685,brushing
0.992,-0.573,0.617,3.29,-43.032,-67.9,brushing
1.416,-0.154,0.264,3.29,-43.032,-67.9,brushing
1.514,-0.095,0.24,3.29,-43.032,-67.9,brushing
1.514,-0.095,0.24,-21.105,-22.61,-50.102,brushing
1.197,0.071,0.326,-21.105,-22.61,-50.102,brushing
1.197,0.071,0.326,-38.937,36.925,-8.715,brushing
0.902,0.179,0.438,-38.937,36.925,-8.715,brushing
0.902,0.179,0.438,-47.967,84.227,35.91,brushing
0.476,0.182,0.73,-47.967,84.227,35.91,brushing
0.476,0.182,0.73,-44.065,95.147,63.122,brushing
0.154,-0.248,0.753,-44.065,95.147,63.122,brushing
0.154,-0.248,0.753,-34.037,51.905,53.007,brushing
0.086,-0.232,0.837,-34.037,51.905,53.007,brushing
0.086,-0.232,0.837,-23.135,58.747,35.21,brushing
0,0.059,0.963,-23.135,58.747,35.21,brushing
0,0.059,0.963,-20.387,6.405,9.135,brushing
-0.093,-0.16,1.094,-20.387,6.405,9.135,brushing
-0.093,-0.16,1.094,-15.242,-65.45,-23.135,brushing
-0.004,-0.211,1.295,-15.242,-65.45,-23.135,brushing
-0.004,-0.211,1.295,-2.975,-108.64,-46.27,brushing
0.045,-0.126,1.239,-2.975,-108.64,-46.27,brushing
0.272,-0.373,0.975,-2.975,-108.64,-46.27,brushing
0.272,-0.373,0.975,-0.402,-180.88,-66.85,brushing
0.637,-0.738,0.665,-0.402,-180.88,-66.85,brushing
0.637,-0.738,0.665,-12.337,-196.14,-79.625,brushing
1.06,-0.577,0.571,-12.337,-196.14,-79.625,brushing
1.06,-0.577,0.571,-26.022,-106.575,-76.965,brushing
1.298,0.348,0.766,-26.022,-106.575,-76.965,brushing
1.298,0.348,0.766,-29.557,-47.495,-51.52,brushing
1.218,0.251,0.726,-29.557,-47.495,-51.52,brushing
1.218,0.251,0.726,-35.332,-76.632,-10.867,brushing
0.922,-0.271,0.618,-35.332,-76.632,-10.867,brushing
0.922,-0.271,0.618,-30.835,-27.947,26.775,brushing
0.669,-0.062,0.744,-30.835,-27.947,26.775,brushing
0.669,-0.062,0.744,-15.907,20.912,54.687,brushing
0.419,0.166,0.947,-15.907,20.912,54.687,brushing
0.419,0.166,0.947,-0.105,-28.192,58.1,brushing
0.13,-0.292,0.955,-0.105,-28.192,58.1,brushing
0.13,-0.292,0.955,7.665,-73.115,36.435,brushing
-0.121,-0.767,0.885,7.665,-73.115,36.435,brushing
-0.164,-0.782,0.969,7.665,-73.115,36.435,brushing
-0.164,-0.782,0.969,8.96,-69.807,4.322,brushing
-0.051,-0.468,1.195,8.96,-69.807,4.322,brushing
-0.051,-0.468,1.195,10.797,-68.022,-23.695,brushing
0.001,-0.29,1.237,10.797,-68.022,-23.695,brushing
0.001,-0.29,1.237,15.137,-94.5,-38.955,brushing
0.185,-0.413,0.97,15.137,-94.5,-38.955,brushing
0.185,-0.413,0.97,9.205,-131.232,-47.845,brushing
0.495,-0.36,0.619,9.205,-131.232,-47.845,brushing
0.495,-0.36,0.619,-9.887,-117.39,-40.512,brushing
0.799,-0.398,0.651,-9.887,-117.39,-40.512,brushing
0.799,-0.398,0.651,-25.06,-46.672,-21.7,brushing
1.087,-0.061,0.702,-25.06,-46.672,-21.7,brushing
1.087,-0.061,0.702,-26.81,21.472,4.077,brushing
1.031,-0.044,0.729,-26.81,21.472,4.077,brushing
1.031,-0.044,0.729,-22.382,73.727,36.19,brushing
0.861,-0.223,0.68,-22.382,73.727,36.19,brushing
0.861,-0.223,0.68,-9.52,152.355,69.492,brushing
0.634,-0.186,0.878,-9.52,152.355,69.492,brushing
0.543,0.184,0.786,-9.52,152.355,69.492,brushing
0.543,0.184,0.786,7.577,186.585,96.162,brushing
0.286,-0.065,0.675,7.577,186.585,96.162,brushing
0.286,-0.065,0.675,4.375,83.562,93.8,brushing
-0.095,-1.146,0.716,4.375,83.562,93.8,brushing
-0.095,-1.146,0.716,-8.172,-12.722,58.73,brushing
-0.215,-1.348,0.82,-8.172,-12.722,58.73,brushing
-0.215,-1.348,0.82,-10.255,-1.802,4.462,brushing
-0.112,-0.724,1.121,-10.255,-1.802,4.462,brushing
-0.112,-0.724,1.121,-6.772,-11.48,-39.672,brushing
-0.067,-0.301,1.209,-6.772,-11.48,-39.672,brushing
-0.067,-0.301,1.209,-4.497,-75.722,-64.277,brushing
0.119,-0.296,0.878,-4.497,-75.722,-64.277,brushing
0.119,-0.296,0.878,-18.55,-137.655,-76.737,brushing
0.323,-0.687,0.634,-18.55,-137.655,-76.737,brushing
0.323,-0.687,0.634,-38.605,-115.027,-80.412,brushing
0.571,-0.594,0.57,-38.605,-115.027,-80.412,brushing
0.979,-0.249,0.579,-52.64,-44.205,-70.7,brushing
1.184,0.347,0.791,-52.64,-44.205,-70.7,brushing
1.184,0.347,0.791,-55.807,26.74,-42.105,brushing
1.136,0.548,0.747,-55.807,26.74,-42.105,brushing
1.136,0.548,0.747,-49.525,66.237,15.382,brushing
0.799,0.254,0.825,-49.525,66.237,15.382,brushing
0.799,0.254,0.825,-36.19,114.415,76.685,brushing
0.434,0.107,1.258,-36.19,114.415,76.685,brushing
0.434,0.107,1.258,-3.062,184.747,121.625,brushing
0.228,0.206,1.053,-3.062,184.747,121.625,brushing
0.228,0.206,1.053,15.137,99.837,122.937,brushing
-0.105,-0.681,0.937,15.137,99.837,122.937,brushing
-0.105,-0.681,0.937,16.17,17.237,90.492,brushing
-0.44,-1.167,1.036,16.17,17.237,90.492,brushing
-0.44,-1.167,1.036,21.087,4.847,31.377,brushing
-0.555,-1.019,1.094,21.087,4.847,31.377,brushing
-0.555,-1.019,1.094,21.297,-32.497,-28.962,brushing
-0.297,-0.522,1.361,21.297,-32.497,-28.962,brushing
-0.195,-0.129,1.329,21.297,-32.497,-28.962,brushing
-0.195,-0.129,1.329,25.637,-50.96,-55.457,brushing
0.098,-0.384,1.063,25.637,-50.96,-55.457,brushing
0.098,-0.384,1.063,13.877,-110.967,-66.587,brushing
0.424,-0.717,0.859,13.877,-110.967,-66.587,brushing
0.424,-0.717,0.859,-12.127,-127.015,-71.312,brushing
0.898,-0.954,0.861,-12.127,-127.015,-71.312,brushing
0.898,-0.954,0.861,-32.147,-35.455,-59.727,brushing
1.259,-0.35,0.824,-32.147,-35.455,-59.727,brushing
1.259,-0.35,0.824,-35.682,113.155,-26.705,brushing
1.36,0.287,0.591,-35.682,113.155,-26.705,brushing
1.36,0.287,0.591,-47.39,167.265,24.115,brushing
0.95,0.398,0.592,-47.39,167.265,24.115,brushing
0.95,0.398,0.592,-56.525,139.895,69.212,brushing
0.477,0.218,0.747,-56.525,139.895,69.212,brushing
0.477,0.218,0.747,-49.595,100.555,93.957,brushing
0.104,-0.173,0.752,-49.595,100.555,93.957,brushing
0.104,-0.173,0.752,-29.015,63.472,88.97,brushing
-0.082,-0.361,0.756,-29.015,63.472,88.97,brushing
-0.127,0.008,0.827,-29.015,63.472,88.97,brushing
-0.127,0.008,0.827,-1.19,92.085,81.76,brushing
-0.344,-0.11,0.804,-1.19,92.085,81.76,brushing
-0.344,-0.11,0.804,14.525,42.997,60.76,brushing
-0.425,-0.48,0.703,14.525,42.997,60.76,brushing
-0.425,-0.48,0.703,18.252,-64.4,16.992,brushing
-0.356,-0.458,1.229,18.252,-64.4,16.992,brushing
-0.356,-0.458,1.229,26.477,-81.462,-15.032,brushing
-0.319,-0.241,1.336,26.477,-81.462,-15.032,brushing
-0.319,-0.241,1.336,39.025,-103.582,-39.427,brushing
-0.265,-0.659,1.155,39.025,-103.582,-39.427,brushing
-0.265,-0.659,1.155,39.55,-127.645,-64.82,brushing
0.223,-0.68,0.747,39.55,-127.645,-64.82,brushing
0.223,-0.68,0.747,23.59,-94.692,-80.132,brushing
0.814,-0.76,0.694,23.59,-94.692,-80.132,brushing
0.814,-0.76,0.694,6.195,46.637,-65.415,brushing
1.121,0.164,0.871,6.195,46.637,-65.415,brushing
1.121,0.164,0.871,-5.127,135.415,-19.705,brushing
1.334,0.794,0.689,-5.127,135.415,-19.705,brushing
1.029,0.989,0.807,-5.127,135.415,-19.705,brushing
1.029,0.989,0.807,-17.307,151.217,45.797,brushing
0.552,0.691,0.989,-17.307,151.217,45.797,brushing
0.552,0.691,0.989,-19.635,119.262,103.04,brushing
0.086,-0.112,1.126,-19.635,119.262,103.04,brushing
0.086,-0.112,1.126,-13.16,36.645,113.855,brushing
-0.272,-0.532,1.417,-13.16,36.645,113.855,brushing
-0.272,-0.532,1.417,11.76,45.325,101.045,brushing
-0.44,-0.088,1.479,11.76,45.325,101.045,brushing
-0.44,-0.088,1.479,41.457,50.155,77.07,brushing
-0.641,-0.27,1.334,41.457,50.155,77.07,brushing
-0.641,-0.27,1.334,60.27,-68.635,27.09,brushing
-0.271,-0.206,1.405,60.27,-68.635,27.09,brushing
-0.271,-0.206,1.405,74.917,-120.767,-6.51,brushing
-0.115,0.154,1.409,74.917,-120.767,-6.51,brushing
-0.115,0.154,1.409,80.447,-208.18,-27.58,brushing
0.055,-0.606,0.938,80.447,-208.18,-27.58,brushing
0.055,-0.606,0.938,62.965,-203.612,-41.72,brushing
0.277,-0.715,0.287,62.965,-203.612,-41.72,brushing
0.885,-1.057,-0.014,62.965,-203.612,-41.72,brushing
0.885,-1.057,-0.014,14.402,-149.082,-51.73,brushing
1.101,-0.449,0.147,14.402,-149.082,-51.73,brushing
1.101,-0.449,0.147,-21.192,-1.032,-37.345,brushing
1.614,0.071,-0.084,-21.192,-1.032,-37.345,brushing
1.614,0.071,-0.084,-42.717,77.175,-0.35,brushing
1.321,0.199,0.228,-42.717,77.175,-0.35,brushing
1.321,0.199,0.228,-55.93,115.552,55.177,brushing
0.844,0.214,0.691,-55.93,115.552,55.177,brushing
0.844,0.214,0.691,-43.295,150.167,109.865,brushing
0.234,-0.295,0.804,-43.295,150.167,109.865,brushing
0.234,-0.295,0.804,-11.025,166.81,126.927,brushing
0.008,-0.537,0.872,-11.025,166.81,126.927,brushing
0.008,-0.537,0.872,19.302,211.645,118.667,brushing
0.018,0.102,1.109,19.302,211.645,118.667,brushing
0.018,0.102,1.109,36.435,180.337,101.867,brushing
-0.249,0.12,1.16,36.435,180.337,101.867,brushing
-0.466,-0.012,1.304,45.482,69.667,60.917,brushing
-0.211,0.266,1.572,45.482,69.667,60.917,brushing
-0.211,0.266,1.572,58.712,-20.475,15.837,brushing
-0.252,0.492,1.831,58.712,-20.475,15.837,brushing
-0.252,0.492,1.831,80.552,-110.6,-12.547,brushing
-0.172,0.007,1.384,80.552,-110.6,-12.547,brushing
-0.172,0.007,1.384,95.515,-211.452,-37.205,brushing
0.395,-0.62,0.547,95.515,-211.452,-37.205,brushing
0.395,-0.62,0.547,72.52,-185.027,-52.622,brushing
0.632,-0.657,0.781,72.52,-185.027,-52.622,brushing
0.632,-0.657,0.781,41.247,-52.167,-51.065,brushing
1.073,-0.179,0.56,41.247,-52.167,-51.065,brushing
1.073,-0.179,0.56,14.28,-4.585,-39.725,brushing
1.403,-0.336,0.249,14.28,-4.585,-39.725,brushing
1.403,-0.336,0.249,-18.235,50.365,-15.12,brushing
1.483,-0.131,0.342,-18.235,50.365,-15.12,brushing
1.483,-0.131,0.342,-41.737,110.39,23.485,brushing
1.173,-0.013,0.373,-41.737,110.39,23.485,brushing
0.839,0.294,0.705,-52.657,142.31,62.912,brushing
0.395,0.168,0.824,-52.657,142.31,62.912,brushing
0.395,0.168,0.824,-46.707,103.827,86.117,brushing
0.182,-0.152,0.793,-46.707,103.827,86.117,brushing
0.182,-0.152,0.793,-28.245,81.952,89.18,brushing
0.116,0.238,0.94,-28.245,81.952,89.18,brushing
0.116,0.238,0.94,-12.145,119.315,92.995,brushing
-0.186,0.217,0.976,-12.145,119.315,92.995,brushing
-0.186,0.217,0.976,-2.537,84.455,80.43,brushing
-0.523,0.088,1.181,-2.537,84.455,80.43,brushing
-0.523,0.088,1.181,9.52,-23.502,38.797,brushing
-0.253,-0.02,0.981,9.52,-23.502,38.797,brushing
-0.253,-0.02,0.981,21.402,-99.96,-1.96,brushing
-0.089,0.402,1.45,21.402,-99.96,-1.96,brushing
-0.089,0.402,1.45,37.345,-181.3,-25.655,brushing
-0.123,0.023,1.291,37.345,-181.3,-25.655,brushing
-0.123,0.023,1.291,44.275,-248.01,-49.49,brushing
0.143,-0.439,0.774,44.275,-248.01,-49.49,brushing
0.485,-0.774,0.665,44.275,-248.01,-49.49,brushing
0.485,-0.774,0.665,27.387,-193.952,-61.67,brushing
0.589,-0.849,0.602,27.387,-193.952,-61.67,brushing
0.589,-0.849,0.602,5.74,-79.485,-65.1,brushing
1.007,-0.694,0.489,5.74,-79.485,-65.1,brushing
1.007,-0.694,0.489,-15.277,37.782,-60.2,brushing
1.349,-0.373,0.436,-15.277,37.782,-60.2,brushing
1.349,-0.373,0.436,-35.682,113.89,-44.327,brushing
1.349,-0.03,0.649,-35.682,113.89,-44.327,brushing
1.349,-0.03,0.649,-51.345,136.675,-13.23,brushing
1.057,0.208,0.862,-51.345,136.675,-13.23,brushing
1.057,0.208,0.862,-54.477,111.877,25.48,brushing
0.621,0.157,1.091,-54.477,111.877,25.48,brushing
0.621,0.157,1.091,-39.357,84.105,52.727,brushing
0.255,-0.138,1.044,-39.357,84.105,52.727,brushing
0.255,-0.138,1.044,-17.5,70.402,54.897,brushing
0.199,0.081,1.001,-17.5,70.402,54.897,brushing
0.199,0.081,1.001,-4.217,73.15,53.515,brushing
0.017,0.307,0.981,-4.217,73.15,53.515,brushing
-0.327,0.109,0.99,-4.217,73.15,53.515,brushing
-0.327,0.109,0.99,1.207,32.69,34.457,brushing
-0.408,0.001,0.901,1.207,32.69,34.457,brushing
-0.408,0.001,0.901,-0.752,-39.76,-8.19,brushing
-0.29,0.018,1.166,-0.752,-39.76,-8.19,brushing
-0.29,0.018,1.166,-7.98,-93.73,-48.527,brushing
-0.331,-0.078,1.325,-7.98,-93.73,-48.527,brushing
-0.331,-0.078,1.325,-3.482,-130.55,-77.612,brushing
-0.135,-0.311,1.025,-3.482,-130.55,-77.612,brushing
-0.135,-0.311,1.025,-2.257,-139.93,-102.165,brushing
0.528,-0.682,0.559,-2.257,-139.93,-102.165,brushing
0.528,-0.682,0.559,-19.267,-116.567,-123.655,brushing
0.925,-0.962,0.545,-19.267,-116.567,-123.655,brushing
0.925,-0.962,0.545,-25.41,45.622,-109.305,brushing
1.572,-0.188,0.574,-25.41,45.622,-109.305,brushing
1.572,-0.188,0.574,-28.262,149.187,-56.98,brushing
1.686,0.441,0.504,-28.262,149.187,-56.98,brushing
1.686,0.441,0.504,-44.31,132.002,17.255,brushing
1.255,0.544,0.636,-44.31,132.002,17.255,brushing
0.655,0.267,0.997,-44.31,132.002,17.255,brushing
0.655,0.267,0.997,-49.875,88.375,79.38,brushing
0.018,-0.46,1.062,-49.875,88.375,79.38,brushing
0.018,-0.46,1.062,-30.432,54.6,95.392,brushing
-0.049,-0.191,1.174,-30.432,54.6,95.392,brushing
-0.049,-0.191,1.174,-0.105,101.237,89.18,brushing
-0.28,-0.02,1.068,-0.105,101.237,89.18,brushing
-0.28,-0.02,1.068,23.03,105.35,70.77,brushing
-0.457,0.125,1.07,23.03,105.35,70.77,brushing
-0.457,0.125,1.07,33.722,47.232,30.852,brushing
-0.315,0.144,0.946,33.722,47.232,30.852,brushing
-0.315,0.144,0.946,38.972,-22.767,-10.605,brushing
-0.238,0.333,1.235,38.972,-22.767,-10.605,brushing
-0.238,0.333,1.235,44.642,-74.095,-38.815,brushing
-0.247,0.065,1.237,44.642,-74.095,-38.815,brushing
-0.247,0.065,1.237,48.65,-117.495,-67.392,brushing
0.097,-0.138,0.715,48.65,-117.495,-67.392,brushing
0.625,-0.568,0.697,34.142,-85.225,-88.392,brushing
1.136,-0.027,0.717,34.142,-85.225,-88.392,brushing
1.136,-0.027,0.717,19.302,22.872,-84.91,brushing
1.742,-0.041,0.378,19.302,22.872,-84.91,brushing
1.742,-0.041,0.378,-1.067,72.152,-56.437,brushing
1.584,0.406,0.534,-1.067,72.152,-56.437,brushing
1.584,0.406,0.534,-32.987,121.1,-1.312,brushing
1.082,0.626,0.631,-32.987,121.1,-1.312,brushing
1.082,0.626,0.631,-55.72,87.395,50.995,brushing
0.481,0.48,1.119,-55.72,87.395,50.995,brushing
0.481,0.48,1.119,-52.937,28.595,82.215,brushing
-0.078,-0.181,1.177,-52.937,28.595,82.215,brushing
-0.078,-0.181,1.177,-18.9,24.097,82.582,brushing
-0.029,0.263,1.172,-18.9,24.097,82.582,brushing
-0.029,0.263,1.172,8.837,41.37,77.927,brushing
-0.315,0.294,1.123,8.837,41.37,77.927,brushing
-0.315,0.294,1.123,25.007,-23.992,50.855,brushing
-0.469,0.209,1.052,25.007,-23.992,50.855,brushing
-0.275,0.067,0.961,32.392,-105.962,7.63,brushing
-0.188,0.082,1.237,32.392,-105.962,7.63,brushing
-0.188,0.082,1.237,36.487,-136.447,-24.395,brushing
-0.186,-0.202,1.148,36.487,-136.447,-24.395,brushing
-0.186,-0.202,1.148,42.682,-158.322,-53.69,brushing
0.295,-0.367,0.667,42.682,-158.322,-53.69,brushing
0.295,-0.367,0.667,32.69,-133.752,-78.785,brushing
0.613,-0.589,0.636,32.69,-133.752,-78.785,brushing
0.613,-0.589,0.636,10.167,-45.465,-89.635,brushing
1.08,-0.053,0.737,10.167,-45.465,-89.635,brushing
1.08,-0.053,0.737,-8.032,31.5,-75.32,brushing
1.527,0.022,0.472,-8.032,31.5,-75.32,brushing
1.527,0.022,0.472,-29.907,60.585,-40.005,brushing
1.47,0.249,0.604,-29.907,60.585,-40.005,brushing
1.47,0.249,0.604,-49.402,78.137,10.132,brushing
1.124,0.387,0.743,-49.402,78.137,10.132,brushing
1.124,0.387,0.743,-55.492,52.885,53.34,brushing
0.502,0.174,1.043,-55.492,52.885,53.34,brushing
0.096,-0.368,0.993,-55.492,52.885,53.34,brushing
0.096,-0.368,0.993,-38.867,26.25,66.5,brushing
0.031,0.066,1.046,-38.867,26.25,66.5,brushing
0.031,0.066,1.046,-15.61,76.492,66.255,brushing
-0.238,0.213,1.063,-15.61,76.492,66.255,brushing
-0.238,0.213,1.063,-2.642,72.73,55.247,brushing
-0.569,0.067,1.138,-2.642,72.73,55.247,brushing
-0.569,0.067,1.138,6.212,-18.847,14.472,brushing
-0.396,-0.107,1.029,6.212,-18.847,14.472,brushing
-0.396,-0.107,1.029,15.802,-93.642,-34.142,brushing
-0.332,0.221,1.498,15.802,-93.642,-34.142,brushing
-0.332,0.221,1.498,30.677,-128.677,-62.912,brushing
-0.335,0.008,1.343,30.677,-128.677,-62.912,brushing
-0.335,0.008,1.343,43.225,-188.51,-93.117,brushing
0.097,-0.066,0.593,43.225,-188.51,-93.117,brushing
0.097,-0.066,0.593,24.745,-168.087,-107.782,brushing
0.522,-0.593,0.669,24.745,-168.087,-107.782,brushing
0.522,-0.593,0.669,5.39,-35.805,-98.98,brushing
0.895,-0.149,0.77,5.39,-35.805,-98.98,brushing
1.385,-0.054,0.545,5.39,-35.805,-98.98,brushing
1.385,-0.054,0.545,-4.83,69.247,-73.92,brushing
1.282,0.308,0.549,-4.83,69.247,-73.92,brushing
1.282,0.308,0.549,-20.755,129.045,-32.76,brushing
1.067,0.527,0.552,-20.755,129.045,-32.76,brushing
1.067,0.527,0.552,-38.15,110.845,15.347,brushing
0.526,0.296,0.917,-38.15,110.845,15.347,brushing
0.526,0.296,0.917,-41.912,53.41,47.635,brushing
0.14,-0.229,0.944,-41.912,53.41,47.635,brushing
0.14,-0.229,0.944,-22.102,8.697,49.227,brushing
0.066,-0.175,0.95,-22.102,8.697,49.227,brushing
0.066,-0.175,0.95,-1.12,51.205,48.247,brushing
-0.034,0.144,0.966,-1.12,51.205,48.247,brushing
-0.034,0.144,0.966,5.985,33.25,34.177,brushing
-0.296,0.02,0.959,5.985,33.25,34.177,brushing
-0.296,0.02,0.959,3.85,-61.547,-6.23,brushing
-0.235,-0.005,0.935,3.85,-61.547,-6.23,brushing
-0.235,-0.005,0.935,2.905,-135.45,-43.505,brushing
-0.132,0.142,1.315,2.905,-135.45,-43.505,brushing
-0.231,-0.069,1.524,2.905,-135.45,-43.505,brushing
-0.231,-0.069,1.524,16.625,-183.557,-62.23,brushing
-0.081,-0.352,1.058,16.625,-183.557,-62.23,brushing
-0.081,-0.352,1.058,31.29,-227.395,-87.465,brushing
0.468,-0.513,0.591,31.29,-227.395,-87.465,brushing
0.468,-0.513,0.591,18.112,-203.647,-100.397,brushing
0.772,-0.358,0.709,18.112,-203.647,-100.397,brushing
0.772,-0.358,0.709,-1.172,-120.645,-94.71,brushing
1.282,0.182,0.614,-1.172,-120.645,-94.71,brushing
1.282,0.182,0.614,-15.505,-64.347,-62.422,brushing
1.362,0.363,0.733,-15.505,-64.347,-62.422,brushing
1.362,0.363,0.733,-26.792,-59.115,-14.945,brushing
1.087,0.401,0.758,-26.792,-59.115,-14.945,brushing
1.087,0.401,0.758,-25.725,-75.95,40.267,brushing
0.678,0.038,1.022,-25.725,-75.95,40.267,brushing
0.678,0.038,1.022,-3.832,-83.912,72.537,brushing
0.234,-0.294,1.064,-3.832,-83.912,72.537,brushing
0.234,-0.294,1.064,22.662,-128.135,60.97,brushing
0.145,-0.671,0.816,22.662,-128.135,60.97,brushing
0.031,-0.422,0.801,22.662,-128.135,60.97,brushing
0.031,-0.422,0.801,34.177,-116.795,45.675,brushing
-0.053,-0.487,0.83,34.177,-116.795,45.675,brushing
-0.053,-0.487,0.83,28.525,-132.387,21.857,brushing
-0.26,-0.853,0.757,28.525,-132.387,21.857,brushing
-0.26,-0.853,0.757,9.887,-178.22,-18.34,brushing
-0.173,-0.879,0.843,9.887,-178.22,-18.34,brushing
-0.173,-0.879,0.843,-3.062,-148.452,-41.387,brushing
-0.043,-0.532,1.092,-3.062,-148.452,-41.387,brushing
-0.043,-0.532,1.092,-7.787,-137.672,-54.687,brushing
0.109,-0.638,0.938,-7.787,-137.672,-54.687,brushing
0.109,-0.638,0.938,-22.732,-191.257,-73.902,brushing
0.599,-0.614,0.451,-22.732,-191.257,-73.902,brushing
0.599,-0.614,0.451,-39.97,-130.69,-61.635,brushing
0.809,-0.484,0.789,-39.97,-130.69,-61.635,brushing
0.809,-0.484,0.789,-28.647,-21.315,-34.58,brushing
0.988,0.127,1.11,-28.647,-21.315,-34.58,brushing
0.884,0.108,0.916,-1.522,5.267,0.507,brushing
0.695,-0.379,0.696,-1.522,5.267,0.507,brushing
0.695,-0.379,0.696,25.357,51.712,35.35,brushing
0.457,-0.117,0.603,25.357,51.712,35.35,brushing
0.457,-0.117,0.603,47.88,147.665,63.805,brushing
0.26,-0.15,0.378,47.88,147.665,63.805,brushing
0.26,-0.15,0.378,33.845,93.047,70.21,brushing
-0.063,-1.17,0.377,33.845,93.047,70.21,brushing
-0.063,-1.17,0.377,6.212,33.25,50.54,brushing
-0.327,-1.69,0.6,6.212,33.25,50.54,brushing
-0.327,-1.69,0.6,-12.635,46.532,-1.312,brushing
-0.222,-1.017,0.918,-12.635,46.532,-1.312,brushing
-0.222,-1.017,0.918,-21.787,54.39,-36.522,brushing
-0.139,-0.66,1.134,-21.787,54.39,-36.522,brushing
-0.139,-0.66,1.134,-27.352,-0.507,-61.302,brushing
0.005,-0.6,0.981,-27.352,-0.507,-61.302,brushing
0.005,-0.6,0.981,-40.022,-63.052,-76.3,brushing
0.443,-0.325,0.654,-40.022,-63.052,-76.3,brushing
0.633,-0.126,0.923,-48.422,-6.16,-60.445,brushing
0.905,0.52,1.126,-48.422,-6.16,-60.445,brushing
0.905,0.52,1.126,-36.382,57.837,-27.877,brushing
0.85,0.447,1.073,-36.382,57.837,-27.877,brushing
0.85,0.447,1.073,-18.497,45.185,13.737,brushing
0.664,-0.105,0.961,-18.497,45.185,13.737,brushing
0.664,-0.105,0.961,1.505,53.165,53.13,brushing
0.433,-0.049,1.077,1.505,53.165,53.13,brushing
0.433,-0.049,1.077,22.207,108.15,85.102,brushing
0.263,-0.444,0.935,22.207,108.15,85.102,brushing
0.263,-0.444,0.935,20.597,93.572,92.137,brushing
0.022,-0.844,0.737,20.597,93.572,92.137,brushing
0.022,-0.844,0.737,5.25,52.622,65.292,brushing
-0.249,-1.298,0.867,5.25,52.622,65.292,brushing
-0.249,-1.298,0.867,-8.697,7.035,15.05,brushing
-0.326,-1.135,1.106,-8.697,7.035,15.05,brushing
-0.326,-1.135,1.106,-9.87,-34.247,-31.797,brushing
-0.22,-0.811,1.35,-9.87,-34.247,-31.797,brushing
-0.123,-0.588,1.149,-9.87,-34.247,-31.797,brushing
-0.123,-0.588,1.149,-2.345,-70.77,-63.962,brushing
0.175,-0.585,0.626,-2.345,-70.77,-63.962,brushing
0.175,-0.585,0.626,-8.785,-104.527,-81.97,brushing
0.578,-0.432,0.394,-8.785,-104.527,-81.97,brushing
0.578,-0.432,0.394,-27.44,-71.382,-81.987,brushing
0.933,0.024,0.423,-27.44,-71.382,-81.987,brushing
0.933,0.024,0.423,-40.25,-7.647,-59.867,brushing
1.176,0.459,0.626,-40.25,-7.647,-59.867,brushing
1.176,0.459,0.626,-39.025,66.08,-8.12,brushing
0.998,0.442,0.682,-39.025,66.08,-8.12,brushing
0.998,0.442,0.682,-28.77,125.037,54.827,brushing
0.628,0.017,0.775,-28.77,125.037,54.827,brushing
0.628,0.017,0.775,-5.215,224.945,108.097,brushing
0.222,0.037,1.086,-5.215,224.945,108.097,brushing
0.222,0.037,1.086,18.112,254.047,129.85,brushing
0.087,-0.083,0.861,18.112,254.047,129.85,brushing
0.087,-0.083,0.861,21.367,160.317,112.997,brushing
-0.3,-0.442,1.085,21.367,160.317,112.997,brushing
-0.613,-0.689,1.195,21.367,160.317,112.997,brushing
-0.613,-0.689,1.195,25.69,56.577,67.865,brushing
-0.359,-1.09,1.189,25.69,56.577,67.865,brushing
-0.359,-1.09,1.189,30.887,-42.245,2.415,brushing
-0.227,-0.194,1.712,30.887,-42.245,2.415,brushing
-0.227,-0.194,1.712,48.212,-5.285,-28.157,brushing
-0.069,-0.147,1.325,48.212,-5.285,-28.157,brushing
-0.069,-0.147,1.325,58.397,-88.9,-57.627,brushing
0.054,-0.427,0.79,58.397,-88.9,-57.627,brushing
0.054,-0.427,0.79,36.977,-154.822,-85.855,brushing
0.468,-0.411,0.571,36.977,-154.822,-85.855,brushing
0.468,-0.411,0.571,0.595,-141.592,-90.72,brushing
0.758,-0.59,0.639,0.595,-141.592,-90.72,brushing
0.758,-0.59,0.639,-20.37,4.532,-67.742,brushing
1.141,0.161,0.686,-20.37,4.532,-67.742,brushing
1.141,0.161,0.686,-30.047,124.565,-19.582,brushing
1.462,0.738,0.672,-30.047,124.565,-19.582,brushing
1.462,0.738,0.672,-39.917,139.142,44.362,brushing
1.083,0.586,0.864,-39.917,139.142,44.362,brushing
0.592,0.122,1.019,-39.917,139.142,44.362,brushing
0.592,0.122,1.019,-35.122,133.28,97.562,brushing
0.132,-0.298,1.077,-35.122,133.28,97.562,brushing
0.132,-0.298,1.077,-17.797,135.205,114.502,brushing
-0.102,-0.35,1.137,-17.797,135.205,114.502,brushing
-0.102,-0.35,1.137,-0.647,122.955,102.007,brushing
-0.196,0.08,1.186,-0.647,122.955,102.007,brushing
-0.196,0.08,1.186,10.027,80.447,78.872,brushing
-0.431,-0.299,1.304,10.027,80.447,78.872,brushing
-0.431,-0.299,1.304,20.23,-19.67,33.512,brushing
-0.339,-0.33,1.179,20.23,-19.67,33.512,brushing
-0.339,-0.33,1.179,32.445,-51.485,-5.547,brushing
-0.229,0.08,1.465,32.445,-51.485,-5.547,brushing
-0.229,0.08,1.465,47.722,-63.945,-25.672,brushing
-0.114,0.042,1.25,47.722,-63.945,-25.672,brushing
-0.114,0.042,1.25,53.777,-109.427,-45.85,brushing
-0.032,-0.257,0.869,53.777,-109.427,-45.85,brushing
-0.032,-0.257,0.869,38.325,-117.302,-68.18,brushing
0.516,-0.399,0.41,38.325,-117.302,-68.18,brushing
0.753,-0.47,0.531,38.325,-117.302,-68.18,brushing
0.753,-0.47,0.531,13.825,-59.167,-72.835,brushing
1.112,0.081,0.557,13.825,-59.167,-72.835,brushing
1.112,0.081,0.557,2.922,63.805,-45.307,brushing
1.189,0.078,0.454,2.922,63.805,-45.307,brushing
1.189,0.078,0.454,-7.997,131.792,-3.395,brushing
0.896,0.055,0.418,-7.997,131.792,-3.395,brushing
0.896,0.055,0.418,-15.855,177.59,33.39,brushing
0.626,0.27,0.509,-15.855,177.59,33.39,brushing
0.626,0.27,0.509,-19.775,198.345,65.205,brushing
0.21,0.201,0.716,-19.775,198.345,65.205,brushing
0.21,0.201,0.716,-12.127,164.01,72.485,brushing
0.011,0.145,0.991,-12.127,164.01,72.485,brushing
0.011,0.145,0.991,2.257,146.93,71.207,brushing
-0.176,0.182,1.197,2.257,146.93,71.207,brushing
-0.176,0.182,1.197,17.71,107.432,52.08,brushing
-0.392,-0.066,1.24,17.71,107.432,52.08,brushing
-0.175,-0.076,1.059,29.172,47.092,9.555,brushing
-0.016,0.452,1.389,29.172,47.092,9.555,brushing
-0.016,0.452,1.389,31.937,30.52,-20.947,brushing
-0.05,0.411,1.417,31.937,30.52,-20.947,brushing
-0.05,0.411,1.417,43.067,-45.202,-42.7,brushing
-0.029,0.083,1.173,43.067,-45.202,-42.7,brushing
-0.029,0.083,1.173,49.175,-105.7,-64.837,brushing
0.438,-0.282,0.686,49.175,-105.7,-64.837,brushing
0.438,-0.282,0.686,37.747,-101.237,-81.41,brushing
0.754,-0.157,0.709,37.747,-101.237,-81.41,brushing
0.754,-0.157,0.709,23.73,13.125,-72.275,brushing
1.17,0.518,0.663,23.73,13.125,-72.275,brushing
1.17,0.518,0.663,9.257,33.127,-46.725,brushing
1.35,0.499,0.34,9.257,33.127,-46.725,brushing
1.35,0.499,0.34,-13.86,48.195,1.312,brushing
1.085,0.56,0.492,-13.86,48.195,1.312,brushing
1.085,0.56,0.492,-30.362,41.212,46.445,brushing
0.822,0.341,0.404,-30.362,41.212,46.445,brushing
0.379,0.417,0.916,-30.362,41.212,46.445,brushing
0.379,0.417,0.916,-36.242,58.59,84.227,brushing
0.122,0.035,0.871,-36.242,58.59,84.227,brushing
0.122,0.035,0.871,-20.002,29.505,92.995,brushing
-0.06,0.097,1.042,-20.002,29.505,92.995,brushing
-0.06,0.097,1.042,-10.36,52.885,89.512,brushing
-0.517,0.106,1.461,-10.36,52.885,89.512,brushing
-0.517,0.106,1.461,0.035,-8.225,56.63,brushing
-0.403,-0.313,1.047,0.035,-8.225,56.63,brushing
-0.403,-0.313,1.047,16.747,-67.777,10.92,brushing
-0.092,0.312,1.58,16.747,-67.777,10.92,brushing
-0.092,0.312,1.58,35.122,-64.102,-12.127,brushing
-0.131,0.182,1.336,35.122,-64.102,-12.127,brushing
-0.131,0.182,1.336,54.617,-134.295,-38.605,brushing
0.055,0.087,0.723,54.617,-134.295,-38.605,brushing
0.055,0.087,0.723,45.937,-162.47,-60.427,brushing
0.254,0.077,0.894,45.937,-162.47,-60.427,brushing
0.254,0.077,0.894,38.57,-159.442,-64.417,brushing
0.263,0.095,1.037,38.57,-159.442,-64.417,brushing
0.194,-0.257,0.982,38.57,-159.442,-64.417,brushing
0.194,-0.257,0.982,39.777,-158.06,-59.272,brushing
0.451,-0.522,0.516,39.777,-158.06,-59.272,brushing
0.451,-0.522,0.516,37.45,-153.65,-64.662,brushing
0.734,-0.229,0.246,37.45,-153.65,-64.662,brushing
0.734,-0.229,0.246,25.637,-89.775,-66.71,brushing
0.967,0.064,0.166,25.637,-89.775,-66.71,brushing
0.967,0.064,0.166,9.362,-63.315,-58.817,brushing
1.201,0.211,0.327,9.362,-63.315,-58.817,brushing
1.201,0.211,0.327,-3.937,-15.715,-31.937,brushing
1.089,0.267,0.566,-3.937,-15.715,-31.937,brushing
1.089,0.267,0.566,-9.537,44.082,9.957,brushing
0.908,0.265,0.738,-9.537,44.082,9.957,brushing
0.908,0.265,0.738,-11.497,88.375,47.372,brushing
0.705,0.32,1.014,-11.497,88.375,47.372,brushing
0.705,0.32,1.014,-8.505,96.617,70.717,brushing
0.548,0.27,0.992,-8.505,96.617,70.717,brushing
0.548,0.27,0.992,-4.812,76.685,78.61,brushing
0.362,0.129,1.142,-4.812,76.685,78.61,brushing
0.223,-0.059,1.201,-4.812,76.685,78.61,brushing
0.223,-0.059,1.201,2.8,55.807,75.197,brushing
0.16,-0.147,1.266,2.8,55.807,75.197,brushing
0.16,-0.147,1.266,14.77,38.727,62.405,brushing
0.129,-0.279,1.223,14.77,38.727,62.405,brushing
0.129,-0.279,1.223,25.707,-13.142,34.527,brushing
0.305,-0.451,0.905,25.707,-13.142,34.527,brushing
0.305,-0.451,0.905,30.17,-41.037,5.022,brushing
0.479,-0.055,0.794,30.17,-41.037,5.022,brushing
0.479,-0.055,0.794,26.495,13.107,-1.277,brushing
0.606,0.333,0.692,26.495,13.107,-1.277,brushing
0.606,0.333,0.692,11.952,-8.05,0.175,brushing
0.578,0.016,0.653,11.952,-8.05,0.175,brushing
0.578,0.016,0.653,-7.682,-19.407,-1.085,brushing
0.519,-0.064,0.528,-7.682,-19.407,-1.085,brushing
0.519,-0.064,0.528,-25.777,8.225,-1.767,brushing
0.424,-0.095,0.726,-25.777,8.225,-1.767,brushing
0.424,-0.095,0.726,-30.24,58.765,3.29,brushing
0.411,0.136,0.945,-30.24,58.765,3.29,brushing
0.466,0.065,1.14,-30.24,58.765,3.29,brushing
0.466,0.065,1.14,-22.12,56.962,5.022,brushing
0.47,-0.226,1.028,-22.12,56.962,5.022,brushing
0.47,-0.226,1.028,-13.877,6.667,-3.412,brushing
0.433,-0.496,0.893,-13.877,6.667,-3.412,brushing
0.433,-0.496,0.893,-14,-29.855,-20.965,brushing
0.442,-0.345,0.783,-14,-29.855,-20.965,brushing
0.442,-0.345,0.783,-18.9,-19.075,-32.83,brushing
0.507,0.11,0.834,-18.9,-19.075,-32.83,brushing
0.507,0.11,0.834,-31.85,-89.285,-49.945,brushing
0.464,-0.047,0.98,-31.85,-89.285,-49.945,brushing
0.464,-0.047,0.98,-39.095,-131.67,-48.86,brushing
0.235,-0.419,1.255,-39.095,-131.67,-48.86,brushing
0.235,-0.419,1.255,-29.382,-77.857,-49.577,brushing
0.38,-0.668,0.99,-29.382,-77.857,-49.577,brushing
0.38,-0.668,0.99,-24.64,0.385,-55.422,brushing
0.363,-0.188,1.022,-24.64,0.385,-55.422,brushing
0.349,-0.411,1.012,-28.07,-61.04,-76.562,brushing
0.429,-0.483,0.878,-28.07,-61.04,-76.562,brushing
0.429,-0.483,0.878,-31.36,-95.392,-94.937,brushing
0.575,0.204,0.914,-31.36,-95.392,-94.937,brushing
0.575,0.204,0.914,-31.902,-61.425,-92.295,brushing
0.544,0.755,1.018,-31.902,-61.425,-92.295,brushing
0.544,0.755,1.018,-30.607,-42.875,-63.997,brushing
0.474,1.258,1.043,-30.607,-42.875,-63.997,brushing
0.474,1.258,1.043,-18.637,-34.352,-10.395,brushing
0.377,1.356,0.992,-18.637,-34.352,-10.395,brushing
0.377,1.356,0.992,-0.525,-18.235,61.232,brushing
0.279,0.775,1.028,-0.525,-18.235,61.232,brushing
0.279,0.775,1.028,15.487,-26.88,106.645,brushing
0.102,-0.109,0.898,15.487,-26.88,106.645,brushing
0.102,-0.109,0.898,28.14,13.93,123.952,brushing
0.079,-0.035,0.981,28.14,13.93,123.952,brushing
0.079,-0.035,0.981,32.252,9.712,115.43,brushing
0.092,-0.656,0.848,32.252,9.712,115.43,brushing
-0.02,-1.369,0.853,32.252,9.712,115.43,brushing
-0.02,-1.369,0.853,27.965,-18.987,78.12,brushing
-0.055,-1.493,0.832,27.965,-18.987,78.12,brushing
-0.055,-1.493,0.832,20.912,-35.07,12.53,brushing
0.098,-1.305,0.67,20.912,-35.07,12.53,brushing
0.098,-1.305,0.67,2.765,-47.827,-47.127,brushing
0.228,-0.591,0.852,2.765,-47.827,-47.127,brushing
0.228,-0.591,0.852,-19.145,-31.377,-81.445,brushing
0.467,-0.491,0.847,-19.145,-31.377,-81.445,brushing
0.467,-0.491,0.847,-43.977,-84.052,-107.31,brushing
0.569,-0.341,0.811,-43.977,-84.052,-107.31,brushing
0.569,-0.341,0.811,-61.635,-73.972,-113.365,brushing
0.566,-0.016,0.976,-61.635,-73.972,-113.365,brushing
0.566,-0.016,0.976,-58.94,-13.125,-95.76,brushing
0.482,0.715,1.106,-58.94,-13.125,-95.76,brushing
0.482,0.715,1.106,-43.015,33.932,-47.425,brushing
0.533,1.647,1.121,-43.015,33.932,-47.425,brushing
0.533,1.647,1.121,-20.23,39.725,33.057,brushing
0.403,1.662,1.294,-20.23,39.725,33.057,brushing
0.23,0.814,1.193,-20.23,39.725,33.057,brushing
0.23,0.814,1.193,9.87,-5.6,101.99,brushing
0.015,-0.464,0.932,9.87,-5.6,101.99,brushing
0.015,-0.464,0.932,35.437,-14.332,130.392,brushing
-0.066,-0.452,1.041,35.437,-14.332,130.392,brushing
-0.066,-0.452,1.041,51.852,53.515,132.44,brushing
-0.005,-0.84,0.893,51.852,53.515,132.44,brushing
-0.005,-0.84,0.893,50.452,3.657,96.775,brushing
-0.078,-1.36,0.76,50.452,3.657,96.775,brushing
-0.078,-1.36,0.76,38.185,-24.08,43.417,brushing
-0.031,-1.551,0.644,38.185,-24.08,43.417,brushing
-0.031,-1.551,0.644,17.395,-31.22,-19.652,brushing
0.131,-1.046,0.622,17.395,-31.22,-19.652,brushing
0.131,-1.046,0.622,-7.28,5.512,-56.962,brushing
0.272,-0.522,0.786,-7.28,5.512,-56.962,brushing
0.272,-0.522,0.786,-32.392,-36.067,-89.197,brushing
0.483,-0.497,0.721,-32.392,-36.067,-89.197,brushing
0.483,-0.497,0.721,-55.597,-58.922,-106.802,brushing
0.528,-0.327,0.711,-55.597,-58.922,-106.802,brushing
0.487,0.213,0.946,-55.597,-58.922,-106.802,brushing
0.487,0.213,0.946,-66.955,-18.025,-100.73,brushing
0.383,1.011,1.204,-66.955,-18.025,-100.73,brushing
0.383,1.011,1.204,-58.625,24.587,-64.365,brushing
0.391,1.681,1.343,-58.625,24.587,-64.365,brushing
0.391,1.681,1.343,-31.657,22.452,0.175,brushing
0.366,1.235,1.376,-31.657,22.452,0.175,brushing
0.366,1.235,1.376,1.347,-7.542,67.725,brushing
0.194,0.284,1.189,1.347,-7.542,67.725,brushing
0.194,0.284,1.189,30.362,-31.045,105.542,brushing
0.042,-0.672,0.966,30.362,-31.045,105.542,brushing
0.042,-0.672,0.966,49.192,7.735,106.942,brushing
-0.044,-0.384,1.16,49.192,7.735,106.942,brushing
-0.044,-0.384,1.16,59.045,-4.725,87.465,brushing
0,-0.877,0.885,59.045,-4.725,87.465,brushing
0,-0.877,0.885,54.635,-51.747,46.392,brushing
0.027,-1.277,0.627,54.635,-51.747,46.392,brushing
0.027,-1.277,0.627,37.345,-27.09,4.235,brushing
0.156,-1.265,0.536,37.345,-27.09,4.235,brushing
0.276,-1.099,0.497,37.345,-27.09,4.235,brushing
0.276,-1.099,0.497,5.722,-32.2,-40.092,brushing
0.303,-0.805,0.655,5.722,-32.2,-40.092,brushing
0.303,-0.805,0.655,-27.982,-16.922,-72.117,brushing
0.432,-0.598,0.723,-27.982,-16.922,-72.117,brushing
0.432,-0.598,0.723,-56.91,-43.155,-100.082,brushing
0.444,-0.257,0.777,-56.91,-43.155,-100.082,brushing
0.444,-0.257,0.777,-75.81,-49.175,-106.89,brushing
0.433,0.31,1.047,-75.81,-49.175,-106.89,brushing
0.433,0.31,1.047,-76.72,-17.167,-83.93,brushing
0.323,1.133,1.414,-76.72,-17.167,-83.93,brushing
0.323,1.133,1.414,-53.462,-8.137,-31.395,brushing
0.285,1.596,1.504,-53.462,-8.137,-31.395,brushing
0.285,1.596,1.504,-13.16,-12.862,45.535,brushing
0.252,1.124,1.433,-13.16,-12.862,45.535,brushing
0.252,1.124,1.433,25.76,-35.087,99.872,brushing
0.083,-0.046,1.069,25.76,-35.087,99.872,brushing
0.016,-0.468,0.886,48.65,-18.882,115.027,brushing
-0.012,-0.461,0.828,48.65,-18.882,115.027,brushing
-0.012,-0.461,0.828,54.775,-10.552,106.592,brushing
0.008,-1.341,0.49,54.775,-10.552,106.592,brushing
0.008,-1.341,0.49,45.29,-45.255,75.005,brushing
-0.018,-1.742,0.293,45.29,-45.255,75.005,brushing
-0.018,-1.742,0.293,21.122,-26.32,22.662,brushing
0.118,-1.853,0.113,21.122,-26.32,22.662,brushing
0.118,-1.853,0.113,-20.3,-12.897,-39.48,brushing
0.121,-0.869,0.562,-20.3,-12.897,-39.48,brushing
0.121,-0.869,0.562,-51.187,31.815,-74.025,brushing
0.187,-0.536,0.784,-51.187,31.815,-74.025,brushing
0.187,-0.536,0.784,-70.857,-14.315,-104.107,brushing
0.317,-0.435,0.801,-70.857,-14.315,-104.107,brushing
0.317,-0.435,0.801,-79.1,-5.267,-105.525,brushing
0.368,0.045,1.034,-79.1,-5.267,-105.525,brushing
0.368,0.045,1.034,-69.825,20.492,-89.46,brushing
0.322,0.507,1.338,-69.825,20.492,-89.46,brushing
0.305,1.152,1.452,-46.007,16.45,-49.7,brushing
0.324,1.375,1.464,-46.007,16.45,-49.7,brushing
0.324,1.375,1.464,-13.825,33.005,18.847,brushing
0.291,0.91,1.35,-13.825,33.005,18.847,brushing
0.291,0.91,1.35,13.37,14.7,82.215,brushing
0.106,-0.23,0.978,13.37,14.7,82.215,brushing
0.106,-0.23,0.978,27.352,0.735,112.437,brushing
-0.041,-0.691,0.937,27.352,0.735,112.437,brushing
-0.041,-0.691,0.937,30.94,33.495,107.415,brushing
-0.114,-0.664,0.964,30.94,33.495,107.415,brushing
-0.114,-0.664,0.964,29.767,-5.53,72.887,brushing
-0.135,-1.324,0.707,29.767,-5.53,72.887,brushing
-0.135,-1.324,0.707,23.45,-17.202,26.092,brushing
-0.092,-1.533,0.572,23.45,-17.202,26.092,brushing
-0.092,-1.533,0.572,4.637,-25.97,-31.395,brushing
0.003,-1.441,0.61,4.637,-25.97,-31.395,brushing
0.003,-1.441,0.61,-17.605,-6.737,-70,brushing
0.082,-0.722,0.925,-17.605,-6.737,-70,brushing
0.204,-0.495,0.988,-17.605,-6.737,-70,brushing
0.204,-0.495,0.988,-37.012,-47.81,-99.522,brushing
0.31,-0.388,0.952,-37.012,-47.81,-99.522,brushing
0.31,-0.388,0.952,-51.572,-77.822,-110.582,brushing
0.369,0.013,1.116,-51.572,-77.822,-110.582,brushing
0.369,0.013,1.116,-49.84,-41.755,-101.99,brushing
0.347,0.701,1.383,-49.84,-41.755,-101.99,brushing
0.347,0.701,1.383,-33.022,-35.945,-73.64,brushing
0.29,1.272,1.516,-33.022,-35.945,-73.64,brushing
0.29,1.272,1.516,1.47,-29.855,-11.952,brushing
0.252,1.269,1.438,1.47,-29.855,-11.952,brushing
0.252,1.269,1.438,47.232,-2.52,63.857,brushing
0.212,0.539,1.089,47.232,-2.52,63.857,brushing
0.212,0.539,1.089,77.367,5.425,114.625,brushing
0.037,-0.443,0.747,77.367,5.425,114.625,brushing
0.037,-0.443,0.747,85.592,44.38,125.702,brushing
-0.021,-0.567,0.72,85.592,44.38,125.702,brushing
-0.021,-0.567,0.72,80.01,50.225,113.627,brushing
-0.103,-1.086,0.642,80.01,50.225,113.627,brushing
-0.159,-2.278,0.1,80.01,50.225,113.627,brushing
-0.159,-2.278,0.1,55.37,-25.007,48.527,brushing
0.061,-1.925,0.163,55.37,-25.007,48.527,brushing
0.061,-1.925,0.163,12.757,-24.447,-30.677,brushing
0.09,-0.584,0.881,12.757,-24.447,-30.677,brushing
0.09,-0.584,0.881,-19.372,32.095,-68.407,brushing
0.181,-0.564,0.961,-19.372,32.095,-68.407,brushing
0.181,-0.564,0.961,-47.827,-56.77,-108.867,brushing
0.302,-0.466,0.851,-47.827,-56.77,-108.867,brushing
0.302,-0.466,0.851,-69.317,-64.995,-118.247,brushing
0.345,-0.012,1.074,-69.317,-64.995,-118.247,brushing
0.345,-0.012,1.074,-70.227,-18.532,-103.897,brushing
0.375,0.58,1.447,-70.227,-18.532,-103.897,brushing
0.375,0.58,1.447,-48.527,-14.84,-66.675,brushing
0.356,1.167,1.628,-48.527,-14.84,-66.675,brushing
0.356,1.167,1.628,-2.957,17.57,6.93,brushing
0.319,1.454,1.73,-2.957,17.57,6.93,brushing
0.319,1.454,1.73,53.042,10.867,83.335,brushing
0.234,0.768,1.469,53.042,10.867,83.335,brushing
0.038,-0.441,0.892,53.042,10.867,83.335,brushing
0.038,-0.441,0.892,90.755,-8.452,121.012,brushing
-0.013,-0.706,0.766,90.755,-8.452,121.012,brushing
-0.013,-0.706,0.766,101.99,28.56,120.575,brushing
0.016,-1.087,0.708,101.99,28.56,120.575,brushing
0.016,-1.087,0.708,94.657,5.477,93.66,brushing
0.024,-1.694,0.498,94.657,5.477,93.66,brushing
0.024,-1.694,0.498,71.592,-20.212,40.425,brushing
0.135,-1.776,0.329,71.592,-20.212,40.425,brushing
0.135,-1.776,0.329,31.955,-38.64,-23.432,brushing
0.229,-1.009,0.532,31.955,-38.64,-23.432,brushing
0.229,-1.009,0.532,-9.485,-31.71,-62.72,brushing
0.253,-0.633,0.766,-9.485,-31.71,-62.72,brushing
0.253,-0.633,0.766,-43.505,-80.92,-95.147,brushing
0.264,-0.447,0.744,-43.505,-80.92,-95.147,brushing
0.264,-0.447,0.744,-60.147,-66.832,-99.12,brushing
0.341,-0.037,0.86,-60.147,-66.832,-99.12,brushing
0.341,-0.037,0.86,-56.63,-17.115,-78.102,brushing
0.356,0.511,1.22,-56.63,-17.115,-78.102,brushing
0.29,1.211,1.396,-56.63,-17.115,-78.102,brushing
0.29,1.211,1.396,-31.937,1.085,-32.007,brushing
0.262,1.097,1.346,-31.937,1.085,-32.007,brushing
0.262,1.097,1.346,10.692,10.902,39.585,brushing
0.232,0.532,1.177,10.692,10.902,39.585,brushing
0.232,0.532,1.177,49.21,13.335,95.795,brushing
0.111,-0.621,0.753,49.21,13.335,95.795,brushing
0.111,-0.621,0.753,67.48,18.987,109.62,brushing
0.098,-0.763,0.663,67.48,18.987,109.62,brushing
0.098,-0.763,0.663,68.11,66.902,100.905,brushing
0.047,-0.856,0.752,68.11,66.902,100.905,brushing
0.047,-0.856,0.752,56.735,16.625,63.962,brushing
-0.009,-1.819,0.47,56.735,16.625,63.962,brushing
-0.009,-1.819,0.47,29.487,-48.895,-7.227,brushing
0.152,-1.973,0.214,29.487,-48.895,-7.227,brushing
0.152,-1.973,0.214,-6.895,6.947,-54.88,brushing
0.225,-0.856,0.692,-6.895,6.947,-54.88,brushing
0.255,-0.592,0.965,-39.322,-18.882,-90.072,brushing
0.32,-0.311,0.85,-39.322,-18.882,-90.072,brushing
0.32,-0.311,0.85,-58.975,-66.517,-109.9,brushing
0.475,0.092,1.014,-58.975,-66.517,-109.9,brushing
0.475,0.092,1.014,-56.49,-7.997,-92.137,brushing
0.49,0.792,1.492,-56.49,-7.997,-92.137,brushing
0.49,0.792,1.492,-35.262,38.22,-54.162,brushing
0.312,1.262,1.573,-35.262,38.22,-54.162,brushing
0.312,1.262,1.573,3.027,5.722,4.55,brushing
0.302,0.948,1.451,3.027,5.722,4.55,brushing
0.302,0.948,1.451,46.252,-7.84,64.575,brushing
0.199,0.364,1.161,46.252,-7.84,64.575,brushing
0.199,0.364,1.161,73.57,-12.512,103.232,brushing
0.129,-0.92,0.696,73.57,-12.512,103.232,brushing
0.129,-0.92,0.696,78.26,22.662,96.95,brushing
0.154,-0.853,0.541,78.26,22.662,96.95,brushing
0.154,-0.853,0.541,67.427,59.395,80.832,brushing
0.198,-1.05,0.624,67.427,59.395,80.832,brushing
0.172,-1.744,0.391,41.107,-3.255,29.522,brushing
0.244,-1.577,0.299,41.107,-3.255,29.522,brushing
0.244,-1.577,0.299,1.61,-10.097,-27.702,brushing
0.222,-0.827,0.762,1.61,-10.097,-27.702,brushing
0.222,-0.827,0.762,-33.897,22.225,-64.575,brushing
0.223,-0.498,1.011,-33.897,22.225,-64.575,brushing
0.223,-0.498,1.011,-54.652,-40.547,-101.15,brushing
0.304,-0.066,0.858,-54.652,-40.547,-101.15,brushing
0.304,-0.066,0.858,-60.095,-62.965,-105.052,brushing
0.432,0.336,0.984,-60.095,-62.965,-105.052,brushing
0.432,0.336,0.984,-49.087,12.53,-69.667,brushing
0.453,1.253,1.312,-49.087,12.53,-69.667,brushing
0.453,1.253,1.312,-22.89,19.53,-10.395,brushing
0.383,1.244,1.26,-22.89,19.53,-10.395,brushing
0.383,1.244,1.26,11.462,17.972,61.81,brushing
0.394,0.587,1.093,11.462,17.972,61.81,brushing
0.394,0.587,1.093,36.557,40.512,110.915,brushing
0.248,0.101,0.98,36.557,40.512,110.915,brushing
0.125,-0.714,0.782,36.557,40.512,110.915,brushing
0.125,-0.714,0.782,45.622,32.41,118.947,brushing
0.046,-0.994,0.793,45.622,32.41,118.947,brushing
0.046,-0.994,0.793,42.14,38.587,100.87,brushing
-0.039,-1.441,0.834,42.14,38.587,100.87,brushing
-0.039,-1.441,0.834,32.13,5.792,49.367,brushing
0.005,-1.885,0.533,32.13,5.792,49.367,brushing
0.005,-1.885,0.533,13.597,-40.652,-21.49,brushing
0.077,-1.2,0.708,13.597,-40.652,-21.49,brushing
0.077,-1.2,0.708,-10.71,1.365,-64.75,brushing
0.156,-0.712,1.019,-10.71,1.365,-64.75,brushing
0.156,-0.712,1.019,-30.52,-48.597,-105.21,brushing
0.242,-0.394,0.972,-30.52,-48.597,-105.21,brushing
0.242,-0.394,0.972,-41.912,-86.52,-121.887,brushing
0.391,-0.152,0.907,-41.912,-86.52,-121.887,brushing
0.391,-0.152,0.907,-38.29,-35.507,-104.825,brushing
0.501,0.475,1.184,-38.29,-35.507,-104.825,brushing
0.501,0.475,1.184,-21.227,-2.765,-63.052,brushing
0.386,1.351,1.377,-21.227,-2.765,-63.052,brushing
0.322,1.344,1.303,-21.227,-2.765,-63.052,brushing
0.322,1.344,1.303,11.165,-4.585,13.02,brushing
0.346,0.602,1.181,11.165,-4.585,13.02,brushing
0.346,0.602,1.181,43.61,10.535,85.155,brushing
0.116,-0.457,0.878,43.61,10.535,85.155,brushing
0.116,-0.457,0.878,58.397,11.27,110.897,brushing
0.056,-0.693,0.856,58.397,11.27,110.897,brushing
0.056,-0.693,0.856,64.312,42.507,102.497,brushing
0.1,-0.813,0.842,64.312,42.507,102.497,brushing
0.1,-0.813,0.842,60.952,3.307,71.942,brushing
0.119,-1.477,0.632,60.952,3.307,71.942,brushing
0.119,-1.477,0.632,44.205,-55.335,16.695,brushing
0.226,-1.947,0.351,44.205,-55.335,16.695,brushing
0.226,-1.947,0.351,9.607,-60.305,-45.797,brushing
0.337,-1.464,0.38,9.607,-60.305,-45.797,brushing
0.337,-1.464,0.38,-25.865,-11.847,-86.345,brushing
0.361,-0.677,0.803,-25.865,-11.847,-86.345,brushing
0.361,-0.677,0.803,-48.475,-52.745,-118.58,brushing
0.386,-0.347,0.895,-48.475,-52.745,-118.58,brushing
0.44,0.058,0.772,-48.475,-52.745,-118.58,brushing
0.44,0.058,0.772,-56.385,-69.177,-121.03,brushing
0.514,0.863,1.017,-56.385,-69.177,-121.03,brushing
0.514,0.863,1.017,-52.027,-31.902,-87.675,brushing
0.455,1.256,1.092,-52.027,-31.902,-87.675,brushing
0.455,1.256,1.092,-30.415,-1.12,-16.59,brushing
0.383,1.133,1.197,-30.415,-1.12,-16.59,brushing
0.383,1.133,1.197,6.51,60.917,67.55,brushing
0.307,0.604,1.127,6.51,60.917,67.55,brushing
0.307,0.604,1.127,36.067,51.205,118.72,brushing
0.125,-0.636,0.808,36.067,51.205,118.72,brushing
0.125,-0.636,0.808,48.755,62.44,125.545,brushing
0.124,-0.629,0.835,48.755,62.44,125.545,brushing
0.124,-0.629,0.835,47.005,72.992,108.78,brushing
0.069,-1.075,0.906,47.005,72.992,108.78,brushing
0.069,-1.075,0.906,34.93,-17.325,49.91,brushing
0.02,-2.053,0.682,34.93,-17.325,49.91,brushing
0.183,-1.991,0.479,12.792,-40.53,-26.215,brushing
0.215,-0.835,0.918,12.792,-40.53,-26.215,brushing
0.215,-0.835,0.918,-13.265,23.397,-74.725,brushing
0.266,-0.501,0.988,-13.265,23.397,-74.725,brushing
0.266,-0.501,0.988,-35.945,-51.03,-114.94,brushing
0.319,-0.379,0.838,-35.945,-51.03,-114.94,brushing
0.319,-0.379,0.838,-54.495,-84.315,-125.51,brushing
0.425,0.072,0.982,-54.495,-84.315,-125.51,brushing
0.425,0.072,0.982,-57.155,-27.195,-112.542,brushing
0.477,0.895,1.151,-57.155,-27.195,-112.542,brushing
0.477,0.895,1.151,-46.217,-10.64,-70.612,brushing
0.426,1.504,1.151,-46.217,-10.64,-70.612,brushing
0.426,1.504,1.151,-20.895,24.325,13.702,brushing
0.404,1.404,1.277,-20.895,24.325,13.702,brushing
0.404,1.404,1.277,13.667,45.482,94.955,brushing
0.313,0.636,1.095,13.667,45.482,94.955,brushing
0.313,0.636,1.095,35.087,39.497,138.162,brushing
0.137,-0.676,0.728,35.087,39.497,138.162,brushing
0.128,-0.676,0.95,39.55,98.822,142.012,brushing
-0.041,-1.91,0.777,39.55,98.822,142.012,brushing
-0.041,-1.91,0.777,30.887,20.702,90.685,brushing
-0.023,-2.775,0.438,30.887,20.702,90.685,brushing
-0.023,-2.775,0.438,10.447,-44.66,-9.117,brushing
0.105,-1.364,0.762,10.447,-44.66,-9.117,brushing
0.105,-1.364,0.762,-11.917,45.185,-66.85,brushing
0.213,-0.41,1.056,-11.917,45.185,-66.85,brushing
0.213,-0.41,1.056,-31.202,-6.177,-114.852,brushing
0.284,-0.21,0.825,-31.202,-6.177,-114.852,brushing
0.284,-0.21,0.825,-49.42,-79.835,-128.275,brushing
0.38,0.104,0.785,-49.42,-79.835,-128.275,brushing
0.38,0.104,0.785,-52.885,-19.862,-103.267,brushing
0.475,0.842,1.103,-52.885,-19.862,-103.267,brushing
0.475,0.842,1.103,-37.835,-1.61,-57.4,brushing
0.441,1.461,1.199,-37.835,-1.61,-57.4,brushing
0.441,1.461,1.199,-9.1,2.695,21.14,brushing
0.413,1.215,1.165,-9.1,2.695,21.14,brushing
0.317,0.595,1.075,-9.1,2.695,21.14,brushing
0.317,0.595,1.075,21.997,20.195,89.635,brushing
0.16,-0.665,0.741,21.997,20.195,89.635,brushing
0.16,-0.665,0.741,38.727,18.34,114.94,brushing
0.086,-0.701,0.873,38.727,18.34,114.94,brushing
0.086,-0.701,0.873,38.325,56.192,107.537,brushing
0.049,-1.005,0.936,38.325,56.192,107.537,brushing
0.049,-1.005,0.936,30.205,12.39,67.987,brushing
-0.012,-1.773,0.802,30.205,12.39,67.987,brushing
-0.012,-1.773,0.802,16.712,-37.327,3.325,brushing
0.071,-1.602,0.779,16.712,-37.327,3.325,brushing
0.071,-1.602,0.779,-0.997,-17.097,-54.967,brushing
0.102,-0.816,0.981,-0.997,-17.097,-54.967,brushing
0.102,-0.816,0.981,-17.552,-47.39,-100.187,brushing
0.187,-0.557,0.927,-17.552,-47.39,-100.187,brushing
0.187,-0.557,0.927,-30.17,-101.255,-122.447,brushing
0.33,-0.084,0.836,-30.17,-101.255,-122.447,brushing
0.33,-0.084,0.836,-27.282,-64.347,-106.732,brushing
0.541,0.339,0.952,-27.282,-64.347,-106.732,brushing
0.671,1.078,1.2,-27.282,-64.347,-106.732,brushing
0.671,1.078,1.2,-10.08,-20.737,-61.337,brushing
0.56,1.235,1.108,-10.08,-20.737,-61.337,brushing
0.56,1.235,1.108,17.71,-13.265,12.302,brushing
0.409,0.86,1.078,17.71,-13.265,12.302,brushing
0.409,0.86,1.078,43.925,3.01,79.047,brushing
0.155,-0.064,0.939,43.925,3.01,79.047,brushing
0.155,-0.064,0.939,56.49,12.705,115.622,brushing
0.096,-1.044,0.674,56.49,12.705,115.622,brushing
0.096,-1.044,0.674,54.495,44.992,107.45,brushing
0.041,-0.569,0.948,54.495,44.992,107.45,brushing
0.041,-0.569,0.948,48.737,60.322,86.222,brushing
0.075,-0.988,0.909,48.737,60.322,86.222,brushing
0.075,-0.988,0.909,37.607,-16.485,38.71,brushing
0.093,-1.614,0.631,37.607,-16.485,38.71,brushing
0.093,-1.614,0.631,13.265,-36.452,-19.757,brushing
0.159,-1.468,0.569,13.265,-36.452,-19.757,brushing
0.159,-1.468,0.569,-18.322,-13.65,-63.122,brushing
0.226,-0.881,0.747,-18.322,-13.65,-63.122,brushing
0.287,-0.577,0.703,-18.322,-13.65,-63.122,brushing
0.287,-0.577,0.703,-50.522,-51.415,-99.82,brushing
0.491,-0.166,0.675,-50.522,-51.415,-99.82,brushing
0.491,-0.166,0.675,-71.347,-48.44,-105.525,brushing
0.592,0.634,1.077,-71.347,-48.44,-105.525,brushing
0.592,0.634,1.077,-74.427,14.192,-78.365,brushing
0.552,1.511,1.323,-74.427,14.192,-78.365,brushing
0.552,1.511,1.323,-52.622,6.965,-16.327,brushing
0.445,1.391,1.386,-52.622,6.965,-16.327,brushing
0.445,1.391,1.386,-8.645,25.217,72.222,brushing
0.344,0.594,1.281,-8.645,25.217,72.222,brushing
0.344,0.594,1.281,29.277,21.42,125.282,brushing
0.101,-0.657,0.894,29.277,21.42,125.282,brushing
0.101,-0.657,0.894,48.947,50.68,129.517,brushing
0.019,-0.805,0.903,48.947,50.68,129.517,brushing
0.019,-0.805,0.903,56.84,79.1,113.715,brushing
0.018,-0.573,1.109,56.84,79.1,113.715,brushing
0.018,-0.573,1.109,55.125,-19.285,64.662,brushing
-0.011,-1.592,0.703,55.125,-19.285,64.662,brushing
0.101,-1.975,0.401,55.125,-19.285,64.662,brushing
0.101,-1.975,0.401,34.842,-40.985,0.612,brushing
0.142,-1.198,0.653,34.842,-40.985,0.612,brushing
0.142,-1.198,0.653,-1.277,6.685,-48.842,brushing
0.259,-0.65,0.92,-1.277,6.685,-48.842,brushing
0.259,-0.65,0.92,-34.37,-25.147,-86.66,brushing
0.369,-0.364,0.818,-34.37,-25.147,-86.66,brushing
0.369,-0.364,0.818,-56.035,-79.047,-104.807,brushing
0.472,-0.045,0.899,-56.035,-79.047,-104.807,brushing
0.472,-0.045,0.899,-58.012,-36.312,-90.247,brushing
0.46,0.862,1.344,-58.012,-36.312,-90.247,brushing
0.46,0.862,1.344,-37.082,-3.237,-44.695,brushing
0.358,1.494,1.366,-37.082,-3.237,-44.695,brushing
0.358,1.494,1.366,4.392,31.202,40.827,brushing
0.316,1.281,1.4,4.392,31.202,40.827,brushing
0.316,1.281,1.4,45.027,46.987,115.01,brushing
0.193,0.396,1.3,45.027,46.987,115.01,brushing
-0.083,-0.488,1.175,70.647,22.015,137.217,brushing
-0.106,-0.487,1.142,70.647,22.015,137.217,brushing
-0.106,-0.487,1.142,88.55,13.125,127.89,brushing
0.017,-1.528,0.414,88.55,13.125,127.89,brushing
0.017,-1.528,0.414,79.607,-43.505,85.627,brushing
-0.072,-2.034,0.188,79.607,-43.505,85.627,brushing
-0.072,-2.034,0.188,41.632,-32.042,16.275,brushing
0.066,-1.252,0.693,41.632,-32.042,16.275,brushing
0.066,-1.252,0.693,6.177,20.807,-35.945,brushing
0.129,-0.187,1.062,6.177,20.807,-35.945,brushing
0.129,-0.187,1.062,-11.462,-27.912,-63.735,brushing
0.141,-0.162,1.025,-11.462,-27.912,-63.735,brushing
0.141,-0.162,1.025,-22.032,-67.62,-66.517,brushing
0.32,-0.135,0.989,-22.032,-67.62,-66.517,brushing
0.32,-0.135,0.989,-14.682,-6.212,-46.795,brushing
0.701,0.433,1.027,-14.682,-6.212,-46.795,brushing
0.701,0.433,1.027,-2.012,16.677,-13.737,brushing
0.883,0.654,0.955,-2.012,16.677,-13.737,brushing
0.697,0.104,0.857,3.745,-24.395,22.312,brushing
0.563,-0.091,0.984,3.745,-24.395,22.312,brushing
0.563,-0.091,0.984,20.632,22.382,61.74,brushing
0.359,-0.058,0.885,20.632,22.382,61.74,brushing
0.359,-0.058,0.885,45.587,53.76,88.287,brushing
0.154,-0.954,0.42,45.587,53.76,88.287,brushing
0.154,-0.954,0.42,50.155,13.16,77.612,brushing
0.009,-1.281,0.37,50.155,13.16,77.612,brushing
0.009,-1.281,0.37,35.385,22.225,37.415,brushing
-0.155,-1.349,0.574,35.385,22.225,37.415,brushing
-0.155,-1.349,0.574,14.612,35,-5.6,brushing
-0.153,-0.944,0.935,14.612,35,-5.6,brushing
-0.153,-0.944,0.935,5.407,29.785,-43.015,brushing
-0.08,-0.521,0.897,5.407,29.785,-43.015,brushing
-0.08,-0.521,0.897,-2.415,-33.652,-81.34,brushing
0.248,-0.197,0.846,-2.415,-33.652,-81.34,brushing
0.248,-0.197,0.846,-2.397,-2.59,-80.727,brushing
0.652,0.545,1.12,-2.397,-2.59,-80.727,brushing
1,1.523,1.109,-2.397,-2.59,-80.727,brushing
1,1.523,1.109,9.1,46.077,-29.19,brushing
0.91,1.02,1.037,9.1,46.077,-29.19,brushing
0.91,1.02,1.037,16.625,11.182,44.135,brushing
0.68,-0.062,0.867,16.625,11.182,44.135,brushing
0.68,-0.062,0.867,25.655,14.42,96.425,brushing
0.369,-0.138,1.083,25.655,14.42,96.425,brushing
0.369,-0.138,1.083,38.64,47.967,113.645,brushing
0.144,-0.961,0.518,38.64,47.967,113.645,brushing
0.144,-0.961,0.518,29.365,-15.837,85.995,brushing
-0.091,-1.383,0.628,29.365,-15.837,85.995,brushing
-0.091,-1.383,0.628,15.732,35.087,45.167,brushing
-0.162,-0.922,0.693,15.732,35.087,45.167,brushing
-0.162,-0.922,0.693,1.75,33.46,1.575,brushing
-0.161,-0.594,1.079,1.75,33.46,1.575,brushing
-0.161,-0.594,1.079,3.552,32.725,-25.777,brushing
-0.091,-0.249,1.197,3.552,32.725,-25.777,brushing
-0.091,-0.249,1.197,9.922,-36.137,-51.397,brushing
0.01,-0.529,1.161,9.922,-36.137,-51.397,brushing
0.163,-0.522,1.127,9.922,-36.137,-51.397,brushing
0.163,-0.522,1.127,14.017,-69.037,-73.587,brushing
0.423,-0.383,0.976,14.017,-69.037,-73.587,brushing
0.423,-0.383,0.976,14.892,-88.777,-94.045,brushing
0.723,-0.174,0.983,14.892,-88.777,-94.045,brushing
0.723,-0.174,0.983,16.45,-47.74,-97.597,brushing
1.012,0.911,0.984,16.45,-47.74,-97.597,brushing
1.012,0.911,0.984,14.665,-24.85,-67.76,brushing
1.018,1.241,1.09,14.665,-24.85,-67.76,brushing
1.018,1.241,1.09,7.962,-40.39,-3.22,brushing
0.682,0.774,1.282,7.962,-40.39,-3.22,brushing
0.682,0.774,1.282,16.87,-24.517,61.39,brushing
0.404,0.104,1.267,16.87,-24.517,61.39,brushing
0.404,0.104,1.267,32.217,-26.215,88.48,brushing
0.171,-0.418,1.097,32.217,-26.215,88.48,brushing
0.171,-0.418,1.097,42.262,-44.03,80.885,brushing
0.071,-0.371,0.905,42.262,-44.03,80.885,brushing
0.071,-0.371,0.905,47.32,-79.607,61.565,brushing
0.009,-0.471,0.997,47.32,-79.607,61.565,brushing
-0.113,-0.979,0.761,47.32,-79.607,61.565,brushing
-0.113,-0.979,0.761,54.617,-133.927,28.21,brushing
0.025,-1.086,0.428,54.617,-133.927,28.21,brushing
0.025,-1.086,0.428,52.797,-132.265,-12.425,brushing
0.176,-0.857,0.475,52.797,-132.265,-12.425,brushing
0.176,-0.857,0.475,37.992,-113.627,-47.722,brushing
0.213,-0.552,0.545,37.992,-113.627,-47.722,brushing
0.213,-0.552,0.545,26.075,-97.212,-65.257,brushing
0.32,-0.323,0.433,26.075,-97.212,-65.257,brushing
0.32,-0.323,0.433,11.795,-95.13,-67.252,brushing
0.653,-0.348,0.122,11.795,-95.13,-67.252,brushing
0.653,-0.348,0.122,-15.067,-72.205,-56.7,brushing
1.023,-0.435,0.048,-15.067,-72.205,-56.7,brushing
1.023,-0.435,0.048,-43.82,11.165,-33.862,brushing
1.174,-0.307,0.292,-43.82,11.165,-33.862,brushing
1.174,-0.307,0.292,-61.005,44.607,-13.177,brushing
1.093,-0.572,0.45,-61.005,44.607,-13.177,brushing
0.97,-0.666,0.563,-63.402,80.482,6.825,brushing
0.798,-0.279,0.588,-63.402,80.482,6.825,brushing
0.798,-0.279,0.588,-54.915,152.792,28.35,brushing
0.58,-0.09,0.546,-54.915,152.792,28.35,brushing
0.58,-0.09,0.546,-51.73,157.08,42.402,brushing
0.303,-0.367,0.45,-51.73,157.08,42.402,brushing
0.303,-0.367,0.45,-58.327,130.69,42.682,brushing
-0.048,-0.603,0.733,-58.327,130.69,42.682,brushing
-0.048,-0.603,0.733,-66.255,110.25,23.152,brushing
-0.472,-0.881,1.302,-66.255,110.25,23.152,brushing
-0.472,-0.881,1.302,-51.222,88.077,-12.372,brushing
-0.182,-0.107,1.542,-51.222,88.077,-12.372,brushing
-0.182,-0.107,1.542,-23.572,16.852,-40.46,brushing
-0.226,-0.243,1.325,-23.572,16.852,-40.46,brushing
-0.226,-0.243,1.325,-2.31,-51.625,-59.115,brushing
-0.098,-0.416,1.212,-2.31,-51.625,-59.115,brushing
-0.098,-0.416,1.212,13.58,-60.882,-72.03,brushing
0.25,-0.392,0.961,13.58,-60.882,-72.03,brushing
0.56,-0.291,0.857,14.787,-61.46,-78.82,brushing
0.893,0.003,0.791,14.787,-61.46,-78.82,brushing
0.893,0.003,0.791,10.342,-30.817,-69.51,brushing
1.14,0.577,0.838,10.342,-30.817,-69.51,brushing
1.14,0.577,0.838,9.03,26.25,-30.73,brushing
1.068,0.607,0.825,9.03,26.25,-30.73,brushing
1.068,0.607,0.825,4.76,26.565,21.822,brushing
0.795,-0.119,0.762,4.76,26.565,21.822,brushing
0.795,-0.119,0.762,0.35,32.182,61.705,brushing
0.482,-0.287,0.769,0.35,32.182,61.705,brushing
0.482,-0.287,0.769,5.88,90.965,81.165,brushing
0.214,-0.325,0.742,5.88,90.965,81.165,brushing
0.214,-0.325,0.742,6.527,98.455,77.105,brushing
-0.162,-0.446,1.043,6.527,98.455,77.105,brushing
-0.162,-0.446,1.043,5.442,15.82,38.885,brushing
-0.34,-1.174,0.901,5.442,15.82,38.885,brushing
-0.34,-1.174,0.901,10.675,-7.997,-11.742,brushing
-0.277,-0.755,1.322,10.675,-7.997,-11.742,brushing
-0.18,-0.018,1.316,10.675,-7.997,-11.742,brushing
-0.18,-0.018,1.316,29.785,-6.492,-46.182,brushing
0.052,-0.698,0.965,29.785,-6.492,-46.182,brushing
0.052,-0.698,0.965,34.492,-130.392,-85.417,brushing
0.453,-0.56,0.565,34.492,-130.392,-85.417,brushing
0.453,-0.56,0.565,20.107,-147.385,-119.787,brushing
0.792,-0.356,0.403,20.107,-147.385,-119.787,brushing
0.792,-0.356,0.403,-3.605,-80.92,-120.47,brushing
0.941,0.637,0.81,-3.605,-80.92,-120.47,brushing
0.941,0.637,0.81,-14.087,7.28,-87.937,brushing
1.039,1.174,0.786,-14.087,7.28,-87.937,brushing
1.039,1.174,0.786,-22.05,-8.312,-25.305,brushing
0.821,0.835,0.872,-22.05,-8.312,-25.305,brushing
0.821,0.835,0.872,-18.515,49.367,47.512,brushing
0.605,0.427,0.894,-18.515,49.367,47.512,brushing
0.605,0.427,0.894,-18.165,50.207,83.055,brushing
0.295,-0.207,0.981,-18.165,50.207,83.055,brushing
0.295,-0.207,0.981,-14.98,24.167,85.015,brushing
0.153,-0.33,1.188,-14.98,24.167,85.015,brushing
-0.083,-0.911,1.155,-14.98,24.167,85.015,brushing
-0.083,-0.911,1.155,-5.74,-13.3,61.67,brushing
-0.169,-1.182,1.159,-5.74,-13.3,61.67,brushing
-0.169,-1.182,1.159,0.875,-46.445,13.405,brushing
-0.004,-0.999,1.084,0.875,-46.445,13.405,brushing
-0.004,-0.999,1.084,3.657,-64.242,-41.685,brushing
0.162,-0.516,1.092,3.657,-64.242,-41.685,brushing
0.162,-0.516,1.092,0.682,-63.192,-73.255,brushing
0.32,-0.34,0.811,0.682,-63.192,-73.255,brushing
0.32,-0.34,0.811,-12.687,-89.092,-87.692,brushing
0.491,-0.386,0.527,-12.687,-89.092,-87.692,brushing
0.491,-0.386,0.527,-43.715,-96.145,-90.965,brushing
0.597,-0.443,0.593,-43.715,-96.145,-90.965,brushing
0.597,-0.443,0.593,-63.245,-43.085,-80.15,brushing
0.606,-0.068,0.952,-63.245,-43.085,-80.15,brushing
0.606,-0.068,0.952,-52.272,21.507,-56.472,brushing
0.861,0.539,0.912,-52.272,21.507,-56.472,brushing
0.861,0.539,0.912,-39.48,7.875,-21.035,brushing
0.89,-0.019,0.76,-39.48,7.875,-21.035,brushing
0.788,-0.265,0.681,-39.48,7.875,-21.035,brushing
0.788,-0.265,0.681,-32.217,38.57,13.51,brushing
0.551,-0.233,0.739,-32.217,38.57,13.51,brushing
0.551,-0.233,0.739,-26.04,81.13,35.07,brushing
0.309,-0.262,0.695,-26.04,81.13,35.07,brushing
0.309,-0.262,0.695,-20.3,82.617,41.965,brushing
0.09,-0.29,0.648,-20.3,82.617,41.965,brushing
0.09,-0.29,0.648,-16.852,78.855,39.707,brushing
-0.044,-0.467,0.558,-16.852,78.855,39.707,brushing
-0.044,-0.467,0.558,-17.517,68.757,23.467,brushing
-0.222,-0.671,0.798,-17.517,68.757,23.467,brushing
-0.222,-0.671,0.798,-13.002,57.785,-9.555,brushing
-0.201,-0.675,0.938,-13.002,57.785,-9.555,brushing
-0.201,-0.675,0.938,0.157,56.35,-39.287,brushing
-0.1,-0.137,1.173,0.157,56.35,-39.287,brushing
-0.1,-0.137,1.173,15.505,13.055,-60.567,brushing
-0.01,-0.278,1.088,15.505,13.055,-60.567,brushing
-0.01,-0.278,1.088,23.292,-25.602,-76.912,brushing
0.189,-0.323,0.958,23.292,-25.602,-76.912,brushing
0.518,-0.061,0.878,23.292,-25.602,-76.912,brushing
0.518,-0.061,0.878,21.875,-17.64,-79.502,brushing
0.792,0.159,0.892,21.875,-17.64,-79.502,brushing
0.792,0.159,0.892,14.192,2.257,-66.395,brushing
1.015,0.75,0.993,14.192,2.257,-66.395,brushing
1.015,0.75,0.993,9.887,35.192,-26.617,brushing
0.93,0.769,1.048,9.887,35.192,-26.617,brushing
0.93,0.769,1.048,8.68,24.482,26.67,brushing
0.756,0.283,1.001,8.68,24.482,26.67,brushing
0.756,0.283,1.001,11.987,29.19,72.1,brushing
0.522,0.238,1.189,11.987,29.19,72.1,brushing
0.522,0.238,1.189,24.675,30.502,97.195,brushing
0.244,-0.104,1.221,24.675,30.502,97.195,brushing
0.244,-0.104,1.221,41.58,9.082,98.367,brushing
-0.041,-0.77,1.086,41.58,9.082,98.367,brushing
-0.041,-0.77,1.086,44.38,-76.457,43.452,brushing
-0.236,-1.683,0.575,44.38,-76.457,43.452,brushing
0.116,-0.613,0.767,32.9,-35.542,-19.18,brushing
0,-0.209,1.018,32.9,-35.542,-19.18,brushing
0,-0.209,1.018,16.327,-44.957,-55.475,brushing
0.071,-0.803,0.967,16.327,-44.957,-55.475,brushing
0.071,-0.803,0.967,4.06,-108.99,-84.192,brushing
0.266,-0.665,0.877,4.06,-108.99,-84.192,brushing
0.266,-0.665,0.877,-5.845,-79.712,-108.955,brushing
0.469,0.055,0.927,-5.845,-79.712,-108.955,brushing
0.469,0.055,0.927,-13.107,-56.455,-116.952,brushing
0.744,0.63,1.099,-13.107,-56.455,-116.952,brushing
0.744,0.63,1.099,-14.227,-54.897,-89.705,brushing
0.959,1.066,1.074,-14.227,-54.897,-89.705,brushing
0.959,1.066,1.074,-10.447,-60.76,-27.58,brushing
0.812,0.903,1.209,-10.447,-60.76,-27.58,brushing
0.812,0.903,1.209,5.53,8.697,48.037,brushing
0.658,0.681,1.026,5.53,8.697,48.037,brushing
0.658,0.681,1.026,8.802,-2.362,89.617,brushing
0.382,-0.268,0.921,8.802,-2.362,89.617,brushing
0.231,-0.425,0.993,8.802,-2.362,89.617,brushing
0.231,-0.425,0.993,7.595,4.182,93.922,brushing
0.141,-0.317,1.011,7.595,4.182,93.922,brushing
0.141,-0.317,1.011,4.112,-10.955,81.165,brushing
-0.066,-0.929,1.027,4.112,-10.955,81.165,brushing
-0.066,-0.929,1.027,-7.77,-80.36,47.477,brushing
-0.063,-1.388,0.678,-7.77,-80.36,47.477,brushing
-0.063,-1.388,0.678,-27.545,-96.372,-5.547,brushing
0.11,-0.88,0.883,-27.545,-96.372,-5.547,brushing
0.11,-0.88,0.883,-40.442,-21.875,-39.585,brushing
0.087,-0.057,0.991,-40.442,-21.875,-39.585,brushing
0.087,-0.057,0.991,-44.887,-36.067,-57.102,brushing
0.098,-0.003,0.895,-44.887,-36.067,-57.102,brushing
0.098,-0.003,0.895,-50.575,-92.68,-59.395,brushing
0.347,-0.101,0.662,-50.575,-92.68,-59.395,brushing
0.347,-0.101,0.662,-56.227,-72.292,-44.975,brushing
0.601,-0.143,0.641,-56.227,-72.292,-44.975,brushing
0.601,-0.143,0.641,-50.382,10.605,-15.785,brushing
0.778,0.069,0.777,-50.382,10.605,-15.785,brushing
0.726,-0.296,0.743,-50.382,10.605,-15.785,brushing
0.726,-0.296,0.743,-36.19,22.015,6.072,brushing
0.657,-0.387,0.716,-36.19,22.015,6.072,brushing
0.657,-0.387,0.716,-16.992,59.377,29.19,brushing
0.541,-0.036,0.692,-16.992,59.377,29.19,brushing
0.541,-0.036,0.692,0.332,115.167,52.692,brushing
0.363,-0.152,0.461,0.332,115.167,52.692,brushing
0.363,-0.152,0.461,-2.38,112.735,67.567,brushing
0.162,-0.393,0.477,-2.38,112.735,67.567,brushing
0.162,-0.393,0.477,-14.875,108.412,65.852,brushing
-0.005,-0.859,0.631,-14.875,108.412,65.852,brushing
-0.005,-0.859,0.631,-23.695,91.787,36.732,brushing
-0.133,-0.564,1.115,-23.695,91.787,36.732,brushing
-0.133,-0.564,1.115,-11.445,101.08,7.245,brushing
-0.131,0.12,1.6,-11.445,101.08,7.245,brushing
-0.131,0.12,1.6,13.422,19.757,-13.247,brushing
-0.209,-0.042,1.567,13.422,19.757,-13.247,brushing
-0.209,-0.042,1.567,39.112,-67.34,-33.81,brushing
-0.104,-0.303,1.177,39.112,-67.34,-33.81,brushing
0.092,-0.387,1.063,39.112,-67.34,-33.81,brushing
0.092,-0.387,1.063,50.435,-86.012,-51.135,brushing
0.378,-0.162,0.96,50.435,-86.012,-51.135,brushing
0.378,-0.162,0.96,50.102,-71.505,-56.437,brushing
0.726,0.1,0.843,50.102,-71.505,-56.437,brushing
0.726,0.1,0.843,40.722,-44.03,-43.365,brushing
0.903,0.477,0.873,40.722,-44.03,-43.365,brushing
0.903,0.477,0.873,29.89,5.932,-5.25,brushing
0.873,0.399,0.758,29.89,5.932,-5.25,brushing
0.873,0.399,0.758,15.855,7.717,36.172,brushing
0.74,0.046,0.77,15.855,7.717,36.172,brushing
0.74,0.046,0.77,4.217,21.84,66.465,brushing
0.508,-0.087,0.871,4.217,21.84,66.465,brushing
0.508,-0.087,0.871,1.785,34.492,80.902,brushing
0.274,-0.211,1.026,1.785,34.492,80.902,brushing
0.274,-0.211,1.026,12.075,31.01,81.882,brushing
0.127,-0.188,1.075,12.075,31.01,81.882,brushing
0.127,-0.188,1.075,30.52,0.7,69.3,brushing
-0.097,-0.503,1.24,30.52,0.7,69.3,brushing
-0.126,-0.699,1.087,30.52,0.7,69.3,brushing
-0.126,-0.699,1.087,51.94,-39.322,36.75,brushing
0.011,-0.637,0.78,51.94,-39.322,36.75,brushing
0.011,-0.637,0.78,59.115,-81.48,-5.88,brushing
0.073,-0.547,0.762,59.115,-81.48,-5.88,brushing
0.073,-0.547,0.762,51.642,-81.567,-34.545,brushing
0.14,-0.44,0.756,51.642,-81.567,-34.545,brushing
0.14,-0.44,0.756,38.36,-81.34,-50.4,brushing
0.236,-0.464,0.748,38.36,-81.34,-50.4,brushing
0.236,-0.464,0.748,22.382,-78.207,-62.107,brushing
0.424,-0.365,0.737,22.382,-78.207,-62.107,brushing
0.424,-0.365,0.737,9.205,-65.905,-64.592,brushing
0.571,-0.162,0.906,9.205,-65.905,-64.592,brushing
0.571,-0.162,0.906,8.085,-55.842,-54.652,brushing
0.796,-0.114,0.906,8.085,-55.842,-54.652,brushing
0.796,-0.114,0.906,7.63,-49.857,-32.987,brushing
0.879,-0.043,0.895,7.63,-49.857,-32.987,brushing
0.95,0.248,0.875,6.632,-17.57,1.242,brushing
1.016,0.376,0.753,6.632,-17.57,1.242,brushing
1.016,0.376,0.753,1.365,-36.575,39.375,brushing
0.728,-0.585,0.765,1.365,-36.575,39.375,brushing
0.728,-0.585,0.765,-7.577,-56.857,67.952,brushing
0.403,-0.709,0.979,-7.577,-56.857,67.952,brushing
0.403,-0.709,0.979,3.132,33.722,81.987,brushing
0.499,-0.276,0.717,3.132,33.722,81.987,brushing
0.499,-0.276,0.717,14.647,84.822,88.287,brushing
0.402,-0.025,0.7,14.647,84.822,88.287,brushing
0.402,-0.025,0.7,13.755,58.292,93.625,brushing
0.29,-0.118,0.701,13.755,58.292,93.625,brushing
0.29,-0.118,0.701,13.09,54.705,100.345,brushing
0.19,-0.145,0.684,13.09,54.705,100.345,brushing
0.19,-0.145,0.684,12.862,97.107,109.13,brushing
0.067,-0.338,0.81,12.862,97.107,109.13,brushing
0.067,-0.338,0.81,13.02,121.66,101.762,brushing
-0.131,-0.762,0.776,13.02,121.66,101.762,brushing
-0.244,-0.899,0.846,5.67,76.527,55.86,brushing
-0.127,-0.671,1.258,5.67,76.527,55.86,brushing
-0.127,-0.671,1.258,1.365,8.505,1.54,brushing
-0.037,-0.331,1.374,1.365,8.505,1.54,brushing
-0.037,-0.331,1.374,10.377,-26.162,-28.822,brushing
0.055,-0.444,1.108,10.377,-26.162,-28.822,brushing
0.055,-0.444,1.108,14.297,-65.205,-48.65,brushing
0.132,-0.445,0.823,14.297,-65.205,-48.65,brushing
0.132,-0.445,0.823,3.185,-111.772,-67.97,brushing
0.482,-0.465,0.791,3.185,-111.772,-67.97,brushing
0.482,-0.465,0.791,-14.035,-119.997,-69.737,brushing
0.756,-0.302,0.833,-14.035,-119.997,-69.737,brushing
0.756,-0.302,0.833,-17.342,-64.487,-53.97,brushing
1.064,0.126,0.812,-17.342,-64.487,-53.97,brushing
1.064,0.126,0.812,-15.032,-0.21,-18.445,brushing
1,0.516,0.735,-15.032,-0.21,-18.445,brushing
1,0.516,0.735,-13.895,32.182,30.782,brushing
0.717,0.501,0.736,-13.895,32.182,30.782,brushing
0.509,0.462,0.756,-13.895,32.182,30.782,brushing
0.509,0.462,0.756,-9.572,73.342,82.145,brushing
0.236,0.348,0.733,-9.572,73.342,82.145,brushing
0.236,0.348,0.733,-8.61,64.365,112.595,brushing
-0.086,-0.456,0.864,-8.61,64.365,112.595,brushing
-0.086,-0.456,0.864,-13.58,12.967,107.782,brushing
-0.392,-0.837,1.108,-13.58,12.967,107.782,brushing
-0.392,-0.837,1.108,-5.81,37.747,79.152,brushing
-0.486,-1.045,0.971,-5.81,37.747,79.152,brushing
-0.486,-1.045,0.971,-1.942,30.992,22.662,brushing
-0.22,-0.548,1.139,-1.942,30.992,22.662,brushing
-0.22,-0.548,1.139,-0.455,13.947,-22.837,brushing
-0.036,0.075,1.495,-0.455,13.947,-22.837,brushing
-0.036,0.075,1.495,9.397,-68.005,-45.657,brushing
-0.008,-0.355,1.337,9.397,-68.005,-45.657,brushing
-0.008,-0.355,1.337,15.26,-130.252,-64.295,brushing
0.039,-0.688,1.118,15.26,-130.252,-64.295,brushing
0.039,-0.688,1.118,13.825,-119.735,-77.735,brushing
0.256,-0.717,0.811,13.825,-119.735,-77.735,brushing
0.49,-0.556,0.788,13.825,-119.735,-77.735,brushing
0.49,-0.556,0.788,3.622,-83.457,-83.352,brushing
0.699,-0.36,0.823,3.622,-83.457,-83.352,brushing
0.699,-0.36,0.823,-3.482,-34.405,-72.485,brushing
1.013,-0.1,0.689,-3.482,-34.405,-72.485,brushing
1.013,-0.1,0.689,-4.392,17.657,-42.787,brushing
1.281,-0.112,0.407,-4.392,17.657,-42.787,brushing
1.281,-0.112,0.407,-14.35,43.767,-4.917,brushing
1.024,-0.271,0.414,-14.35,43.767,-4.917,brushing
1.024,-0.271,0.414,-22.645,92.68,32.882,brushing
0.828,-0.248,0.468,-22.645,92.68,32.882,brushing
0.828,-0.248,0.468,-24.552,168.437,69.457,brushing
0.412,0.047,0.637,-24.552,168.437,69.457,brushing
0.412,0.047,0.637,-23.572,175.822,86.905,brushing
0.109,-0.348,0.808,-23.572,175.822,86.905,brushing
0.109,-0.348,0.808,-14.052,202.387,85.557,brushing
-0.117,-0.242,0.932,-14.052,202.387,85.557,brushing
-0.117,-0.242,0.932,-2.765,236.442,74.252,brushing
-0.341,-0.164,1.032,-2.765,236.442,74.252,brushing
-0.396,0.053,1.229,-2.765,236.442,74.252,brushing
-0.396,0.053,1.229,5.74,156.695,34.457,brushing
-0.041,0.23,1.618,5.74,156.695,34.457,brushing
-0.041,0.23,1.618,19.495,28.962,-7.332,brushing
-0.068,0.166,1.681,19.495,28.962,-7.332,brushing
-0.068,0.166,1.681,37.257,-69.58,-32.882,brushing
-0.02,0.012,1.269,37.257,-69.58,-32.882,brushing
-0.02,0.012,1.269,42.175,-160.457,-61.04,brushing
0.308,-0.077,0.807,42.175,-160.457,-61.04,brushing
0.308,-0.077,0.807,23.24,-168.735,-71.295,brushing
0.433,0.036,1.055,23.24,-168.735,-71.295,brushing
0.433,0.036,1.055,5.74,-123.007,-57.557,brushing
0.554,0.116,0.961,5.74,-123.007,-57.557,brushing
0.554,0.116,0.961,-3.762,-74.13,-34.545,brushing
0.68,0.224,0.814,-3.762,-74.13,-34.545,brushing
0.68,0.224,0.814,-18.952,-100.222,-18.777,brushing
0.738,-0.351,0.637,-18.952,-100.222,-18.777,brushing
0.738,-0.351,0.637,-33.495,-89.057,-7.437,brushing
0.743,-0.593,0.565,-33.495,-89.057,-7.437,brushing
0.684,-0.55,0.623,-33.495,-89.057,-7.437,brushing
0.684,-0.55,0.623,-40.075,-48.895,2.065,brushing
0.583,-0.683,0.65,-40.075,-48.895,2.065,brushing
0.583,-0.683,0.65,-37.695,-30.327,10.92,brushing
0.507,-0.661,0.594,-37.695,-30.327,10.92,brushing
0.507,-0.661,0.594,-27.737,13.09,20.895,brushing
0.45,-0.359,0.667,-27.737,13.09,20.895,brushing
0.45,-0.359,0.667,-15.207,55.58,32.497,brushing
0.159,-0.411,0.686,-15.207,55.58,32.497,brushing
0.159,-0.411,0.686,-1.505,63.507,35.647,brushing
0.282,-0.207,0.821,-1.505,63.507,35.647,brushing
0.282,-0.207,0.821,11.777,75.495,37.642,brushing
0.074,-0.09,0.822,11.777,75.495,37.642,brushing
0.074,-0.09,0.822,16.782,46.952,34.37,brushing
0.222,-0.109,0.833,16.782,46.952,34.37,brushing
0.222,-0.109,0.833,14.315,46.445,28.805,brushing
-0.043,-0.24,0.982,14.315,46.445,28.805,brushing
-0.166,-0.214,1.171,7.437,24.99,6.527,brushing
0.017,0.081,1.359,7.437,24.99,6.527,brushing
0.017,0.081,1.359,1.872,-13.632,-19.915,brushing
0.085,0.336,1.565,1.872,-13.632,-19.915,brushing
0.085,0.336,1.565,4.2,-70.822,-30.572,brushing
0.091,0.022,1.333,4.2,-70.822,-30.572,brushing
0.091,0.022,1.333,9.957,-149.187,-40.46,brushing
0.018,-0.228,0.958,9.957,-149.187,-40.46,brushing
0.018,-0.228,0.958,6.09,-191.275,-51.66,brushing
0.35,-0.104,0.977,6.09,-191.275,-51.66,brushing
0.35,-0.104,0.977,-3.15,-175.787,-41.702,brushing
0.406,-0.294,0.835,-3.15,-175.787,-41.702,brushing
0.406,-0.294,0.835,-9.782,-137.41,-24.5,brushing
0.581,-0.643,0.524,-9.782,-137.41,-24.5,brushing
0.581,-0.643,0.524,-23.975,-90.632,-13.947,brushing
0.639,-0.648,0.43,-23.975,-90.632,-13.947,brushing
0.639,-0.648,0.43,-36.47,-63.7,-7.455,brushing
0.685,-0.754,0.376,-36.47,-63.7,-7.455,brushing
0.62,-0.775,0.616,-41.107,-22.032,3.132,brushing
0.525,-0.805,0.588,-41.107,-22.032,3.132,brushing
0.525,-0.805,0.588,-29.207,36.12,15.575,brushing
0.431,-0.387,0.669,-29.207,36.12,15.575,brushing
0.431,-0.387,0.669,-11.252,100.817,32.865,brushing
0.176,-0.292,0.659,-11.252,100.817,32.865,brushing
0.176,-0.292,0.659,2.765,84.997,40.687,brushing
0.149,-0.166,0.763,2.765,84.997,40.687,brushing
0.149,-0.166,0.763,12.127,50.977,42.35,brushing
0.104,-0.273,0.811,12.127,50.977,42.35,brushing
0.104,-0.273,0.811,16.52,43.487,40.635,brushing
-0.076,-0.273,0.975,16.52,43.487,40.635,brushing
-0.076,-0.273,0.975,15.837,45.657,32.357,brushing
-0.211,-0.204,1.208,15.837,45.657,32.357,brushing
-0.211,-0.204,1.208,15.015,18.235,13.72,brushing
-0.258,-0.229,1.242,15.015,18.235,13.72,brushing
-0.258,-0.229,1.242,17.22,-17.482,-5.862,brushing
0.019,0.116,1.555,17.22,-17.482,-5.862,brushing
0.057,-0.121,1.313,17.22,-17.482,-5.862,brushing
0.057,-0.121,1.313,22.067,-87.342,-19.46,brushing
0.265,-0.257,0.947,22.067,-87.342,-19.46,brushing
0.265,-0.257,0.947,15.417,-127.242,-28.035,brushing
0.239,-0.327,0.913,15.417,-127.242,-28.035,brushing
0.239,-0.327,0.913,-0.595,-137.655,-28.787,brushing
0.347,-0.539,0.815,-0.595,-137.655,-28.787,brushing
0.347,-0.539,0.815,-10.885,-100.94,-21.385,brushing
0.412,-0.543,0.619,-10.885,-100.94,-21.385,brushing
0.412,-0.543,0.619,-18.62,-49.857,-14.997,brushing
0.495,-0.484,0.576,-18.62,-49.857,-14.997,brushing
0.495,-0.484,0.576,-26.845,-41.72,-9.975,brushing
0.573,-0.666,0.497,-26.845,-41.72,-9.975,brushing
0.573,-0.666,0.497,-28.63,-34.615,-3.15,brushing
0.547,-0.676,0.591,-28.63,-34.615,-3.15,brushing
0.547,-0.676,0.591,-17.237,-12.722,4.357,brushing
0.442,-0.712,0.605,-17.237,-12.722,4.357,brushing
0.442,-0.712,0.605,2.905,21.822,14.77,brushing
0.437,-0.606,0.622,2.905,21.822,14.77,brushing
0.369,-0.44,0.557,2.905,21.822,14.77,brushing
0.369,-0.44,0.557,19.372,46.462,26.32,brushing
0.238,-0.47,0.644,19.372,46.462,26.32,brushing
0.238,-0.47,0.644,20.702,32.252,30.222,brushing
0.065,-0.502,0.861,20.702,32.252,30.222,brushing
0.065,-0.502,0.861,17.902,29.557,26.565,brushing
-0.134,-0.454,1.036,17.902,29.557,26.565,brushing
-0.134,-0.454,1.036,16.905,38.955,17.115,brushing
-0.238,-0.253,1.234,16.905,38.955,17.115,brushing
-0.238,-0.253,1.234,16.94,25.13,2.59,brushing
-0.085,-0.231,1.176,16.94,25.13,2.59,brushing
-0.085,-0.231,1.176,15.225,-9.065,-13.527,brushing
0.058,-0.037,1.29,15.225,-9.065,-13.527,brushing
0.058,-0.037,1.29,12.915,-68.372,-24.57,brushing
0.192,-0.401,1.04,12.915,-68.372,-24.57,brushing
0.192,-0.401,1.04,3.727,-102.655,-32.462,brushing
0.193,-0.547,0.965,3.727,-102.655,-32.462,brushing
0.193,-0.547,0.965,-6.37,-102.357,-33.827,brushing
0.285,-0.546,0.923,-6.37,-102.357,-33.827,brushing
0.396,-0.541,0.821,-6.37,-102.357,-33.827,brushing
0.396,-0.541,0.821,-11.445,-68.04,-26.74,brushing
0.483,-0.505,0.677,-11.445,-68.04,-26.74,brushing
0.483,-0.505,0.677,-14.507,-36.207,-17.57,brushing
0.555,-0.486,0.598,-14.507,-36.207,-17.57,brushing
0.555,-0.486,0.598,-16.817,-35.577,-7.945,brushing
0.582,-0.654,0.516,-16.817,-35.577,-7.945,brushing
0.582,-0.654,0.516,-14.122,-42.245,1.715,brushing
0.508,-0.851,0.526,-14.122,-42.245,1.715,brushing
0.508,-0.851,0.526,-4.585,-12.932,10.692,brushing
0.477,-0.825,0.481,-4.585,-12.932,10.692,brushing
0.477,-0.825,0.481,8.855,45.307,20.142,brushing
0.343,-0.637,0.568,8.855,45.307,20.142,brushing
0.343,-0.637,0.568,20.895,68.915,23.397,brushing
0.248,-0.574,0.588,20.895,68.915,23.397,brushing
0.248,-0.574,0.588,26.845,56.21,18.375,brushing
0.183,-0.457,0.717,26.845,56.21,18.375,brushing
0.131,-0.356,0.835,27.37,48.142,12.88,brushing
-0.004,-0.303,1.025,27.37,48.142,12.88,brushing
-0.004,-0.303,1.025,23.082,39.935,6.667,brushing
-0.075,-0.173,1.215,23.082,39.935,6.667,brushing
-0.075,-0.173,1.215,19.39,29.837,-1.522,brushing
-0.064,-0.086,1.256,19.39,29.837,-1.522,brushing
-0.064,-0.086,1.256,16.17,-2.992,-10.762,brushing
0.16,0.039,1.341,16.17,-2.992,-10.762,brushing
0.16,0.039,1.341,12.757,-52.972,-14.28,brushing
0.183,-0.242,1.159,12.757,-52.972,-14.28,brushing
0.183,-0.242,1.159,7.227,-122.797,-19.722,brushing
0.288,-0.482,0.866,7.227,-122.797,-19.722,brushing
0.288,-0.482,0.866,-4.287,-133.035,-20.58,brushing
0.294,-0.528,0.865,-4.287,-133.035,-20.58,brushing
0.294,-0.528,0.865,-12.67,-105.7,-13.422,brushing
0.327,-0.555,0.824,-12.67,-105.7,-13.422,brushing
0.327,-0.555,0.824,-15.977,-66.5,-3.867,brushing
0.359,-0.623,0.685,-15.977,-66.5,-3.867,brushing
0.416,-0.653,0.615,-17.377,-41.667,1.662,brushing
0.495,-0.854,0.49,-17.377,-41.667,1.662,brushing
0.495,-0.854,0.49,-15.925,-38.605,2.555,brushing
0.549,-0.958,0.398,-15.925,-38.605,2.555,brushing
0.549,-0.958,0.398,-12.005,-20.72,2.887,brushing
0.58,-0.899,0.352,-12.005,-20.72,2.887,brushing
0.58,-0.899,0.352,-8.19,16.747,9.292,brushing
0.51,-0.823,0.33,-8.19,16.747,9.292,brushing
0.51,-0.823,0.33,-5.547,60.585,18.357,brushing
0.423,-0.549,0.488,-5.547,60.585,18.357,brushing
0.423,-0.549,0.488,-7.735,81.9,26.792,brushing
0.17,-0.718,0.623,-7.735,81.9,26.792,brushing
0.17,-0.718,0.623,-8.75,75.355,21.507,brushing
0.139,-0.575,0.968,-8.75,75.355,21.507,brushing
0.139,-0.575,0.968,-4.707,74.707,9.66,brushing
-0.045,-0.496,1.095,-4.707,74.707,9.66,brushing
-0.045,-0.496,1.095,-1.067,57.75,-3.167,brushing
-0.141,-0.255,1.187,-1.067,57.75,-3.167,brushing
-0.153,-0.023,1.217,-1.067,57.75,-3.167,brushing
-0.153,-0.023,1.217,0.647,36.662,-10.605,brushing
-0.043,-0.002,1.13,0.647,36.662,-10.605,brushing
-0.043,-0.002,1.13,1.662,-1.015,-11.865,brushing
0.044,-0.025,1.149,1.662,-1.015,-11.865,brushing
0.044,-0.025,1.149,1.75,-49.927,-11.917,brushing
0.108,-0.417,1.002,1.75,-49.927,-11.917,brushing
0.108,-0.417,1.002,-0.105,-105.682,-17.325,brushing
0.196,-0.745,0.74,-0.105,-105.682,-17.325,brushing
0.196,-0.745,0.74,-7.087,-96.057,-21.105,brushing
0.209,-0.626,0.785,-7.087,-96.057,-21.105,brushing
0.209,-0.626,0.785,-11.357,-58.572,-20.947,brushing
0.286,-0.686,0.687,-11.357,-58.572,-20.947,brushing
0.286,-0.686,0.687,-10.99,-37.502,-20.317,brushing
0.347,-0.622,0.651,-10.99,-37.502,-20.317,brushing
0.347,-0.622,0.651,-8.417,-29.382,-19.127,brushing
0.456,-0.764,0.489,-8.417,-29.382,-19.127,brushing
0.456,-0.764,0.489,-6.527,-17.99,-14.84,brushing
0.533,-0.759,0.444,-6.527,-17.99,-14.84,brushing
0.561,-0.836,0.446,-6.527,-17.99,-14.84,brushing
0.561,-0.836,0.446,-2.292,4.06,-2.992,brushing
0.534,-0.889,0.383,-2.292,4.06,-2.992,brushing
0.534,-0.889,0.383,4.55,43.067,10.062,brushing
0.372,-0.721,0.568,4.55,43.067,10.062,brushing
0.372,-0.721,0.568,11.287,83.475,20.3,brushing
0.213,-0.776,0.595,11.287,83.475,20.3,brushing
0.213,-0.776,0.595,18.812,83.597,17.71,brushing
0.286,-0.395,0.834,18.812,83.597,17.71,brushing
0.286,-0.395,0.834,25.672,86.397,17.92,brushing
0.129,-0.414,0.884,25.672,86.397,17.92,brushing
0.129,-0.414,0.884,29.26,66.36,15.452,brushing
0.054,-0.396,0.944,29.26,66.36,15.452,brushing
0.054,-0.396,0.944,27.072,60.76,10.167,brushing
-0.099,-0.184,1.085,27.072,60.76,10.167,brushing
-0.099,-0.184,1.085,19.862,8.19,-1.085,brushing
-0.092,-0.082,1.112,19.862,8.19,-1.085,brushing
-0.092,-0.082,1.112,12.915,-74.672,-12.407,brushing
0.099,0.204,1.219,12.915,-74.672,-12.407,brushing
0.079,-0.015,1.309,12.915,-74.672,-12.407,brushing
0.079,-0.015,1.309,12.162,-174.912,-14.455,brushing
0.106,-0.53,1.048,12.162,-174.912,-14.455,brushing
0.106,-0.53,1.048,18.2,-226.397,-14.787,brushing
0.216,-0.76,0.986,18.2,-226.397,-14.787,brushing
0.216,-0.76,0.986,22.907,-189.157,-12.512,brushing
0.269,-0.866,0.781,22.907,-189.157,-12.512,brushing
0.269,-0.866,0.781,26.267,-128.485,-10.622,brushing
0.431,-0.792,0.466,26.267,-128.485,-10.622,brushing
0.431,-0.792,0.466,21.017,-96.075,-10.272,brushing
0.594,-0.816,0.266,21.017,-96.075,-10.272,brushing
0.594,-0.816,0.266,6.387,-91.42,-8.085,brushing
0.618,-1.069,0.171,6.387,-91.42,-8.085,brushing
0.618,-1.069,0.171,-5.442,-57.19,-4.83,brushing
0.688,-1.319,0.005,-5.442,-57.19,-4.83,brushing
0.688,-1.319,0.005,-11.987,35.07,2.66,brushing
0.71,-0.911,0.122,-11.987,35.07,2.66,brushing
0.71,-0.911,0.122,-14.262,88.585,16.205,brushing
0.586,-0.674,0.157,-14.262,88.585,16.205,brushing
0.431,-0.739,0.294,-14.262,88.585,16.205,brushing
0.431,-0.739,0.294,-16.17,92.802,27.282,brushing
0.243,-0.645,0.725,-16.17,92.802,27.282,brushing
0.243,-0.645,0.725,-6.772,96.022,30.957,brushing
0.124,-0.682,0.916,-6.772,96.022,30.957,brushing
0.124,-0.682,0.916,19.022,73.395,24.115,brushing
0.152,-0.57,0.949,19.022,73.395,24.115,brushing
0.152,-0.57,0.949,42.455,57.277,15.067,brushing
0.135,-0.554,0.844,42.455,57.277,15.067,brushing
0.135,-0.554,0.844,47.88,52.727,6.842,brushing
0.133,-0.201,0.796,47.88,52.727,6.842,brushing
0.133,-0.201,0.796,34.317,37.292,6.16,brushing
0.051,-0.185,0.855,34.317,37.292,6.16,brushing
0.051,-0.185,0.855,11.672,-4.515,2.117,brushing
-0.088,-0.297,1.028,11.672,-4.515,2.117,brushing
-0.088,-0.297,1.028,-1.435,-43.96,-5.075,brushing
-0.004,-0.349,1.379,-1.435,-43.96,-5.075,brushing
-0.142,-0.815,1.491,6.02,-91.087,-13.265,brushing
-0.023,-1.083,0.932,6.02,-91.087,-13.265,brushing
-0.023,-1.083,0.932,22.085,-103.635,-32.795,brushing
0.283,-0.711,0.668,22.085,-103.635,-32.795,brushing
0.283,-0.711,0.668,22.662,-59.22,-44.957,brushing
0.391,-0.516,0.49,22.662,-59.22,-44.957,brushing
0.391,-0.516,0.49,10.92,-70.262,-43.802,brushing
0.606,-0.782,0.276,10.92,-70.262,-43.802,brushing
0.606,-0.782,0.276,-3.605,-77.822,-37.677,brushing
0.774,-0.894,0.099,-3.605,-77.822,-37.677,brushing
0.774,-0.894,0.099,-12.53,-31.762,-26.67,brushing
0.887,-0.864,-0.057,-12.53,-31.762,-26.67,brushing
0.887,-0.864,-0.057,-21.262,30.712,-11.322,brushing
0.777,-0.677,-0.06,-21.262,30.712,-11.322,brushing
0.777,-0.677,-0.06,-34.212,64.995,-0.227,brushing
0.721,-0.345,0.125,-34.212,64.995,-0.227,brushing
0.721,-0.345,0.125,-44.555,77.927,20.405,brushing
0.525,-0.107,0.354,-44.555,77.927,20.405,brushing
0.29,-0.392,0.374,-44.555,77.927,20.405,brushing
0.29,-0.392,0.374,-54.46,50.242,35.945,brushing
0.109,-0.438,0.554,-54.46,50.242,35.945,brushing
0.109,-0.438,0.554,-60.865,55.247,38.727,brushing
-0.12,-0.472,0.893,-60.865,55.247,38.727,brushing
-0.12,-0.472,0.893,-57.68,31.01,26.67,brushing
-0.271,-0.831,0.955,-57.68,31.01,26.67,brushing
-0.271,-0.831,0.955,-51.625,-34.055,-1.575,brushing
-0.177,-1.288,0.897,-51.625,-34.055,-1.575,brushing
-0.177,-1.288,0.897,-49.682,-25.9,-30.887,brushing
-0.067,-0.698,1.317,-49.682,-25.9,-30.887,brushing
-0.067,-0.698,1.317,-41.562,-9.537,-45.43,brushing
-0.129,-0.436,1.549,-41.562,-9.537,-45.43,brushing
-0.129,-0.436,1.549,-28.577,-88.55,-58.38,brushing
-0.106,-0.772,1.22,-28.577,-88.55,-58.38,brushing
-0.106,-0.772,1.22,-25.41,-154.7,-68.46,brushing
0.202,-0.872,0.71,-25.41,-154.7,-68.46,brushing
0.202,-0.872,0.71,-30.695,-118.142,-60.34,brushing
0.268,-0.947,0.971,-30.695,-118.142,-60.34,brushing
0.531,-0.569,0.659,-30.695,-118.142,-60.34,brushing
0.531,-0.569,0.659,-26.022,-49.472,-47.827,brushing
0.644,-0.394,0.769,-26.022,-49.472,-47.827,brushing
0.644,-0.394,0.769,-28.98,-19.477,-27.422,brushing
0.674,-0.152,0.806,-28.98,-19.477,-27.422,brushing
0.674,-0.152,0.806,-22.295,17.692,4.217,brushing
0.534,-0.177,0.844,-22.295,17.692,4.217,brushing
0.534,-0.177,0.844,-3.132,68.635,39.672,brushing
0.327,-0.296,0.839,-3.132,68.635,39.672,brushing
0.327,-0.296,0.839,22.085,133.927,70.105,brushing
0.157,-0.399,0.76,22.085,133.927,70.105,brushing
0.157,-0.399,0.76,41.597,162.05,84.682,brushing
0.041,-0.327,0.539,41.597,162.05,84.682,brushing
0.041,-0.327,0.539,44.957,93.782,77.647,brushing
-0.094,-0.673,0.605,44.957,93.782,77.647,brushing
-0.094,-0.673,0.605,34.615,23.205,50.102,brushing
-0.238,-1.483,0.412,34.615,23.205,50.102,brushing
-0.238,-1.483,0.412,14.577,26.162,7.647,brushing
-0.194,-1.324,0.548,14.577,26.162,7.647,brushing
-0.13,-0.696,1.02,14.577,26.162,7.647,brushing
-0.13,-0.696,1.02,2.922,27.16,-22.96,brushing
-0.036,-0.683,1.032,2.922,27.16,-22.96,brushing
-0.036,-0.683,1.032,-3.255,-30.047,-45.342,brushing
0.12,-0.594,0.935,-3.255,-30.047,-45.342,brushing
0.12,-0.594,0.935,-9.537,-63.332,-56.945,brushing
0.301,-0.388,0.958,-9.537,-63.332,-56.945,brushing
0.301,-0.388,0.958,-9.327,-41.3,-48.527,brushing
0.486,0.092,1.123,-9.327,-41.3,-48.527,brushing
0.486,0.092,1.123,2.327,11.532,-19.355,brushing
0.568,0.374,1.07,2.327,11.532,-19.355,brushing
0.568,0.374,1.07,22.557,34.667,20.877,brushing
0.475,-0.066,0.972,22.557,34.667,20.877,brushing
0.475,-0.066,0.972,43.802,69.51,60.83,brushing
0.41,0.067,1.1,43.802,69.51,60.83,brushing
0.41,0.067,1.1,59.01,58.047,91.157,brushing
0.226,-0.231,0.782,59.01,58.047,91.157,brushing
0.226,-0.231,0.782,49.77,-22.4,78.155,brushing
-0.04,-1.745,0.265,49.77,-22.4,78.155,brushing
-0.241,-1.791,0.449,49.77,-22.4,78.155,brushing
-0.241,-1.791,0.449,38.482,22.365,31.64,brushing
-0.057,-0.787,0.576,38.482,22.365,31.64,brushing
-0.057,-0.787,0.576,18.217,-19.075,-20.317,brushing
0.058,-0.829,0.792,18.217,-19.075,-20.317,brushing
0.058,-0.829,0.792,-6.055,-74.06,-47.215,brushing
0.104,-0.695,0.892,-6.055,-74.06,-47.215,brushing
0.104,-0.695,0.892,-21.63,-59.727,-53.655,brushing
0.169,-0.651,0.778,-21.63,-59.727,-53.655,brushing
0.169,-0.651,0.778,-36.33,-49.77,-56.052,brushing
0.163,-0.638,0.752,-36.33,-49.77,-56.052,brushing
0.163,-0.638,0.752,-48.86,-50.837,-58.152,brushing
0.209,-0.549,0.864,-48.86,-50.837,-58.152,brushing
0.209,-0.549,0.864,-51.152,-36.05,-51.992,brushing
0.254,-0.373,1.104,-51.152,-36.05,-51.992,brushing
0.254,-0.373,1.104,-36.942,-9.975,-37.257,brushing
0.449,-0.07,1.198,-36.942,-9.975,-37.257,brushing
0.624,0.088,1.077,-11.812,16.415,-9.45,brushing
0.564,-0.149,0.84,-11.812,16.415,-9.45,brushing
0.564,-0.149,0.84,10.797,30.152,28.367,brushing
0.402,-0.551,0.798,10.797,30.152,28.367,brushing
0.402,-0.551,0.798,26.827,52.85,53.917,brushing
0.225,-0.531,0.967,26.827,52.85,53.917,brushing
0.225,-0.531,0.967,50.785,141.085,76.667,brushing
0.165,-0.454,0.725,50.785,141.085,76.667,brushing
0.165,-0.454,0.725,61.897,181.65,91.087,brushing
0.079,-1.136,0.483,61.897,181.65,91.087,brushing
0.079,-1.136,0.483,55.142,243.372,87.15,brushing
-0.035,-0.758,0.636,55.142,243.372,87.15,brushing
-0.035,-0.758,0.636,35.315,249.83,60.532,brushing
-0.254,-0.813,0.518,35.315,249.83,60.532,brushing
-0.254,-0.813,0.518,6.195,67.725,-10.675,brushing
-0.085,-0.64,0.932,6.195,67.725,-10.675,brushing
-0.085,-0.64,0.932,0.805,-12.932,-46.06,brushing
-0.068,0,1.896,0.805,-12.932,-46.06,brushing
-0.146,-0.407,1.686,29.382,-74.357,-59.517,brushing
-0.063,-0.299,1.275,29.382,-74.357,-59.517,brushing
-0.063,-0.299,1.275,54.547,-87.85,-70.962,brushing
0.282,-0.277,0.73,54.547,-87.85,-70.962,brushing
0.282,-0.277,0.73,52.185,-135.607,-85.19,brushing
0.342,-0.303,0.833,52.185,-135.607,-85.19,brushing
0.342,-0.303,0.833,38.972,-131.74,-79.835,brushing
0.482,-0.248,0.86,38.972,-131.74,-79.835,brushing
0.482,-0.248,0.86,32.672,-108.307,-62.072,brushing
0.697,-0.339,0.647,32.672,-108.307,-62.072,brushing
0.697,-0.339,0.647,26.302,-62.667,-38.955,brushing
0.884,-0.404,0.441,26.302,-62.667,-38.955,brushing
0.884,-0.404,0.441,16.292,7.385,-10.447,brushing
0.961,-0.231,0.392,16.292,7.385,-10.447,brushing
0.961,-0.231,0.392,7.052,58.52,17.622,brushing
0.766,-0.3,0.406,7.052,58.52,17.622,brushing
0.766,-0.3,0.406,4.987,102.76,44.24,brushing
0.524,-0.391,0.639,4.987,102.76,44.24,brushing
0.27,-0.521,0.587,4.987,102.76,44.24,brushing
0.27,-0.521,0.587,12.215,162.505,65.397,brushing
0.223,-0.413,0.398,12.215,162.505,65.397,brushing
0.223,-0.413,0.398,17.867,231.875,71.89,brushing
0.223,0.134,0.576,17.867,231.875,71.89,brushing
0.223,0.134,0.576,9.922,263.497,77.28,brushing
0.057,0.185,0.987,9.922,263.497,77.28,brushing
0.057,0.185,0.987,3.115,175.717,61.547,brushing
-0.262,-0.327,1.258,3.115,175.717,61.547,brushing
-0.262,-0.327,1.258,9.1,69.44,24.902,brushing
-0.121,-0.654,1.077,9.1,69.44,24.902,brushing
-0.121,-0.654,1.077,18.847,79.327,-8.697,brushing
0.124,0.258,1.426,18.847,79.327,-8.697,brushing
0.124,0.258,1.426,27.79,41.23,-25.077,brushing
0.091,0.523,1.526,27.79,41.23,-25.077,brushing
0.091,0.523,1.526,41.545,-113.312,-43.382,brushing
0.061,0.045,1.297,41.545,-113.312,-43.382,brushing
0.061,0.045,1.297,45.045,-193.952,-62.562,brushing
0.239,-0.36,0.777,45.045,-193.952,-62.562,brushing
0.41,-0.364,1.004,45.045,-193.952,-62.562,brushing
0.41,-0.364,1.004,36.33,-160.667,-68.547,brushing
0.295,-0.066,1.164,36.33,-160.667,-68.547,brushing
0.295,-0.066,1.164,38.062,-152.075,-65.852,brushing
0.339,-0.679,0.826,38.062,-152.075,-65.852,brushing
0.339,-0.679,0.826,41.72,-217.717,-74.69,brushing
0.556,-1.226,0.226,41.72,-217.717,-74.69,brushing
0.556,-1.226,0.226,28.315,-159.442,-89.005,brushing
0.593,-0.962,0.016,28.315,-159.442,-89.005,brushing
0.593,-0.962,0.016,-0.035,-54.582,-99.82,brushing
0.692,-0.488,0.144,-0.035,-54.582,-99.82,brushing
0.692,-0.488,0.144,-25.445,-15.697,-96.897,brushing
0.771,-0.346,0.302,-25.445,-15.697,-96.897,brushing
0.771,-0.346,0.302,-39.48,15.837,-81.13,brushing
0.757,-0.157,0.442,-39.48,15.837,-81.13,brushing
0.757,-0.157,0.442,-41.72,77.367,-49.875,brushing
0.735,0.066,0.597,-41.72,77.367,-49.875,brushing
0.735,0.066,0.597,-36.767,121.8,-14.857,brushing
0.715,0.299,0.729,-36.767,121.8,-14.857,brushing
0.577,0.329,1.017,-36.767,121.8,-14.857,brushing
0.577,0.329,1.017,-29.137,118.597,12.127,brushing
0.398,-0.139,1.104,-29.137,118.597,12.127,brushing
0.398,-0.139,1.104,-18.13,67.585,23.817,brushing
0.338,-0.451,0.94,-18.13,67.585,23.817,brushing
0.338,-0.451,0.94,-5.162,71.33,24.57,brushing
0.32,-0.255,0.791,-5.162,71.33,24.57,brushing
0.32,-0.255,0.791,-6.982,87.062,16.957,brushing
0.242,-0.113,0.894,-6.982,87.062,16.957,brushing
0.242,-0.113,0.894,-15.942,32.76,1.662,brushing
0.221,-0.33,0.885,-15.942,32.76,1.662,brushing
0.221,-0.33,0.885,-17.36,22.155,-3.815,brushing
0.234,-0.261,1.053,-17.36,22.155,-3.815,brushing
0.234,-0.261,1.053,-12.145,19.985,-13.335,brushing
0.218,-0.387,1.087,-12.145,19.985,-13.335,brushing
0.218,-0.387,1.087,-7.892,-6.597,-28.822,brushing
0.382,-0.529,1.241,-7.892,-6.597,-28.822,brushing
0.726,-0.187,1.173,0.052,-25.48,-44.222,brushing
0.915,0.157,1.019,0.052,-25.48,-44.222,brushing
0.915,0.157,1.019,1.277,-39.602,-40.967,brushing
0.844,0.61,1.118,1.277,-39.602,-40.967,brushing
0.844,0.61,1.118,-2.03,-18.777,-10.307,brushing
0.684,0.823,1.141,-2.03,-18.777,-10.307,brushing
0.684,0.823,1.141,-1.33,-7.612,39.585,brushing
0.459,0.386,1.002,-1.33,-7.612,39.585,brushing
0.459,0.386,1.002,-0.245,-36.855,72.432,brushing
0.405,0.208,0.9,-0.245,-36.855,72.432,brushing
0.405,0.208,0.9,0.945,-19.687,95.427,brushing
0.332,0.3,0.999,0.945,-19.687,95.427,brushing
0.332,0.3,0.999,0.892,-61.81,103.687,brushing
-0.102,-0.521,0.797,0.892,-61.81,103.687,brushing
-0.102,-0.521,0.797,-0.665,-100.065,84.035,brushing
-0.121,-1.341,0.714,-0.665,-100.065,84.035,brushing
-0.121,-1.341,0.714,0.612,-96.74,25.62,brushing
-0.24,-1.472,1.02,0.612,-96.74,25.62,brushing
-0.086,-0.783,0.866,9.677,-71.155,-32.217,brushing
-0.036,-0.608,0.813,9.677,-71.155,-32.217,brushing
-0.036,-0.608,0.813,11.042,-64.452,-63.542,brushing
0.014,-0.436,1.024,11.042,-64.452,-63.542,brushing
0.014,-0.436,1.024,13.597,-48.072,-80.29,brushing
0.355,-0.135,0.751,13.597,-48.072,-80.29,brushing
0.355,-0.135,0.751,11.252,-72.922,-90.422,brushing
0.798,-0.159,0.621,11.252,-72.922,-90.422,brushing
0.798,-0.159,0.621,1.89,-25.322,-72.73,brushing
1.098,0.716,0.818,1.89,-25.322,-72.73,brushing
1.098,0.716,0.818,2.852,46.48,-20.037,brushing
1.118,0.819,0.775,2.852,46.48,-20.037,brushing
1.118,0.819,0.775,-2.152,-4.515,36.417,brushing
0.852,-0.165,0.729,-2.152,-4.515,36.417,brushing
0.852,-0.165,0.729,-1.312,15.312,75.722,brushing
0.577,-0.478,0.843,-1.312,15.312,75.722,brushing
0.577,-0.478,0.843,4.007,66.867,90.755,brushing
0.415,-0.42,0.557,4.007,66.867,90.755,brushing
0.189,-0.344,0.677,4.007,66.867,90.755,brushing
0.189,-0.344,0.677,-3.097,62.51,86.1,brushing
-0.067,-0.865,0.667,-3.097,62.51,86.1,brushing
-0.067,-0.865,0.667,-12.827,16.642,62.86,brushing
-0.196,-0.986,0.762,-12.827,16.642,62.86,brushing
-0.196,-0.986,0.762,-16.047,14.385,26.285,brushing
-0.146,-0.586,0.868,-16.047,14.385,26.285,brushing
-0.146,-0.586,0.868,-11.41,40.25,-6.737,brushing
-0.135,-0.061,1.138,-11.41,40.25,-6.737,brushing
-0.135,-0.061,1.138,-2.537,1.26,-30.03,brushing
-0.145,-0.337,1.091,-2.537,1.26,-30.03,brushing
-0.145,-0.337,1.091,5.67,-61.495,-47.617,brushing
-0.089,-0.454,1.086,5.67,-61.495,-47.617,brushing
-0.089,-0.454,1.086,7.962,-103.18,-64.137,brushing
0.351,-0.331,0.681,7.962,-103.18,-64.137,brushing
0.351,-0.331,0.681,0.087,-96.74,-69.387,brushing
0.848,-0.383,0.716,0.087,-96.74,-69.387,brushing
0.848,-0.383,0.716,0.892,11.077,-51.695,brushing
1.159,0.383,0.878,0.892,11.077,-51.695,brushing
1.175,0.83,0.995,0.892,11.077,-51.695,brushing
1.175,0.83,0.995,6.667,70.63,4.077,brushing
0.894,0.029,0.905,6.667,70.63,4.077,brushing
0.894,0.029,0.905,0.542,15.505,54.652,brushing
0.596,-0.491,0.834,0.542,15.505,54.652,brushing
0.596,-0.491,0.834,-2.012,51.03,83.702,brushing
0.304,-0.366,0.84,-2.012,51.03,83.702,brushing
0.304,-0.366,0.84,-0.735,98.192,88.532,brushing
0.078,-0.331,0.859,-0.735,98.192,88.532,brushing
0.078,-0.331,0.859,-0.805,72.275,73.902,brushing
-0.086,-0.574,0.899,-0.805,72.275,73.902,brushing
-0.086,-0.574,0.899,-0.507,46.567,48.09,brushing
-0.198,-0.796,0.819,-0.507,46.567,48.09,brushing
-0.198,-0.796,0.819,-3.29,10.797,7.402,brushing
-0.173,-0.779,0.844,-3.29,10.797,7.402,brushing
-0.173,-0.779,0.844,2.327,39.567,-20.457,brushing
-0.094,-0.011,1.161,2.327,39.567,-20.457,brushing
-0.094,-0.011,1.161,17.762,-20.737,-42.35,brushing
-0.06,-0.137,1.12,17.762,-20.737,-42.35,brushing
0.114,-0.443,0.955,17.762,-20.737,-42.35,brushing
0.114,-0.443,0.955,29.295,-82.355,-61.285,brushing
0.378,-0.464,0.867,29.295,-82.355,-61.285,brushing
0.378,-0.464,0.867,28.052,-93.415,-79.782,brushing
0.65,-0.448,0.77,28.052,-93.415,-79.782,brushing
0.65,-0.448,0.77,15.19,-101.675,-93.712,brushing
0.889,-0.353,0.685,15.19,-101.675,-93.712,brushing
0.889,-0.353,0.685,1.925,-62.3,-88.007,brushing
0.959,0.336,0.785,1.925,-62.3,-88.007,brushing
0.959,0.336,0.785,-4.165,9.03,-52.08,brushing
0.907,0.955,0.946,-4.165,9.03,-52.08,brushing
0.907,0.955,0.946,-5.495,40.46,10.272,brushing
0.777,0.604,0.904,-5.495,40.46,10.272,brushing
0.777,0.604,0.904,-11.165,20.72,60.252,brushing
0.637,0.024,0.919,-11.165,20.72,60.252,brushing
0.637,0.024,0.919,-11.13,52.745,93.87,brushing
0.4,0.066,1.187,-11.13,52.745,93.87,brushing
0.4,0.066,1.187,-5.302,-11.375,88.462,brushing
0.174,-0.941,0.931,-5.302,-11.375,88.462,brushing
-0.046,-1.241,1.152,-5.302,-11.375,88.462,brushing
-0.046,-1.241,1.152,7,12.46,60.532,brushing
-0.171,-1.037,1.144,7,12.46,60.532,brushing
-0.171,-1.037,1.144,19.775,5.6,6.93,brushing
-0.115,-0.831,1,19.775,5.6,6.93,brushing
-0.115,-0.831,1,19.775,-46.392,-45.202,brushing
-0.019,-0.325,1.133,19.775,-46.392,-45.202,brushing
-0.019,-0.325,1.133,17.027,-52.64,-72.24,brushing
0.143,-0.202,1.12,17.027,-52.64,-72.24,brushing
0.143,-0.202,1.12,13.265,-93.205,-85.592,brushing
0.343,-0.307,1.083,13.265,-93.205,-85.592,brushing
0.343,-0.307,1.083,9.17,-108.045,-91.367,brushing
0.583,-0.219,0.826,9.17,-108.045,-91.367,brushing
0.583,-0.219,0.826,2.432,-79.607,-79.082,brushing
0.819,0.084,0.687,2.432,-79.607,-79.082,brushing
0.819,0.084,0.687,-9.642,-67.305,-51.537,brushing
0.908,0.311,0.73,-9.642,-67.305,-51.537,brushing
0.944,0.273,0.674,-18.025,-71.907,-12.512,brushing
0.674,-0.23,0.9,-18.025,-71.907,-12.512,brushing
0.674,-0.23,0.9,-18.287,-43.137,27.685,brushing
0.382,-0.637,0.885,-18.287,-43.137,27.685,brushing
0.382,-0.637,0.885,-4.095,14.402,47.11,brushing
0.164,-1.073,0.84,-4.095,14.402,47.11,brushing
0.164,-1.073,0.84,4.812,13.755,32.2,brushing
0.159,-1.069,0.597,4.812,13.755,32.2,brushing
0.159,-1.069,0.597,11.55,35.822,6.3,brushing
0.331,-0.159,0.635,11.55,35.822,6.3,brushing
0.331,-0.159,0.635,8.995,42.805,-4.322,brushing
0.306,0.224,0.493,8.995,42.805,-4.322,brushing
0.306,0.224,0.493,-1.347,15.75,10.167,brushing
0.486,0.021,0.299,-1.347,15.75,10.167,brushing
0.486,0.021,0.299,-15.155,76.737,43.4,brushing
0.647,0.116,0.543,-15.155,76.737,43.4,brushing
0.647,0.116,0.543,-29.907,83.982,56.507,brushing
0.651,-0.469,0.436,-29.907,83.982,56.507,brushing
0.422,-0.938,0.575,-46.62,90.23,46.672,brushing
0.212,-0.163,0.98,-46.62,90.23,46.672,brushing
0.212,-0.163,0.98,-53.427,179.55,38.57,brushing
-0.086,0.398,1.484,-53.427,179.55,38.57,brushing
-0.086,0.398,1.484,-47.687,134.05,29.89,brushing
-0.319,-0.579,1.397,-47.687,134.05,29.89,brushing
-0.319,-0.579,1.397,-33.407,-2.275,1.54,brushing
-0.259,-0.616,1.542,-33.407,-2.275,1.54,brushing
-0.259,-0.616,1.542,-7.175,9.887,-28.35,brushing
-0.075,0.011,1.568,-7.175,9.887,-28.35,brushing
-0.075,0.011,1.568,19.215,-44.1,-51.957,brushing
0.111,-0.209,1.322,19.215,-44.1,-51.957,brushing
0.111,-0.209,1.322,27.825,-126.105,-71.61,brushing
0.323,-0.416,0.794,27.825,-126.105,-71.61,brushing
0.323,-0.416,0.794,13.72,-129.115,-79.082,brushing
0.587,-0.289,0.493,13.72,-129.115,-79.082,brushing
0.587,-0.289,0.493,-6.755,-52.447,-61.162,brushing
0.873,0.36,0.492,-6.755,-52.447,-61.162,brushing
0.889,0.593,0.576,-6.755,-52.447,-61.162,brushing
0.889,0.593,0.576,-22.435,-6.002,-17.745,brushing
0.651,-0.052,0.552,-22.435,-6.002,-17.745,brushing
0.651,-0.052,0.552,-30.607,-8.54,26.617,brushing
0.45,-0.125,0.68,-30.607,-8.54,26.617,brushing
0.45,-0.125,0.68,-28.455,40.407,55.125,brushing
0.287,0.116,0.8,-28.455,40.407,55.125,brushing
0.287,0.116,0.8,-23.765,14.507,65.555,brushing
0.125,-0.508,0.934,-23.765,14.507,65.555,brushing
0.125,-0.508,0.934,-16.992,-37.187,60.06,brushing
-0.002,-0.897,0.807,-16.992,-37.187,60.06,brushing
-0.002,-0.897,0.807,-6.457,-31.465,36.102,brushing
-0.09,-1.089,0.876,-6.457,-31.465,36.102,brushing
-0.09,-1.089,0.876,3.867,7.332,2.257,brushing
0.031,-0.78,0.764,3.867,7.332,2.257,brushing
0.031,-0.78,0.764,3.29,41.58,-21.315,brushing
0.137,-0.319,0.874,3.29,41.58,-21.315,brushing
0.137,-0.319,0.874,-1.435,35.035,-31.832,brushing
0.088,-0.172,1.025,-1.435,35.035,-31.832,brushing
0.012,-0.223,1.168,-1.435,35.035,-31.832,brushing
0.012,-0.223,1.168,0.42,7.455,-36.697,brushing
0.094,-0.231,1.167,0.42,7.455,-36.697,brushing
0.094,-0.231,1.167,10.552,-6.23,-39.83,brushing
0.247,-0.34,0.841,10.552,-6.23,-39.83,brushing
0.247,-0.34,0.841,12.46,-24.99,-44.45,brushing
0.521,-0.218,0.566,12.46,-24.99,-44.45,brushing
0.521,-0.218,0.566,0.77,17.045,-34.317,brushing
0.791,0.446,0.808,0.77,17.045,-34.317,brushing
0.791,0.446,0.808,-8.4,67.165,-0.647,brushing
0.787,0.195,0.942,-8.4,67.165,-0.647,brushing
0.787,0.195,0.942,-11.077,54.442,31.202,brushing
0.635,-0.265,0.875,-11.077,54.442,31.202,brushing
0.635,-0.265,0.875,-10.097,86.45,54.705,brushing
0.49,0.048,1.039,-10.097,86.45,54.705,brushing
0.49,0.048,1.039,-4.83,90.72,72.992,brushing
0.28,-0.038,1.097,-4.83,90.72,72.992,brushing
0.28,-0.038,1.097,8.785,63.402,76.79,brushing
0.144,-0.323,0.942,8.785,63.402,76.79,brushing
0.102,-0.379,0.787,8.785,63.402,76.79,brushing
0.102,-0.379,0.787,20.475,80.132,70.717,brushing
0.048,-0.418,0.588,20.475,80.132,70.717,brushing
0.048,-0.418,0.588,14.245,86.38,52.797,brushing
-0.003,-0.158,0.738,14.245,86.38,52.797,brushing
-0.003,-0.158,0.738,0.7,86.87,35,brushing
-0.04,0.041,1.048,0.7,86.87,35,brushing
-0.04,0.041,1.048,1.995,81.357,24.92,brushing
-0.076,0.038,1.215,1.995,81.357,24.92,brushing
-0.076,0.038,1.215,17.902,61.32,16.362,brushing
-0.063,-0.146,1.199,17.902,61.32,16.362,brushing
-0.063,-0.146,1.199,34.405,39.025,2.485,brushing
0.033,-0.005,1.231,34.405,39.025,2.485,brushing
0.033,-0.005,1.231,43.557,-5.985,-13.072,brushing
0.203,-0.096,1.25,43.557,-5.985,-13.072,brushing
0.203,-0.096,1.25,49.035,-42.35,-24.465,brushing
0.335,-0.19,1.139,49.035,-42.35,-24.465,brushing
0.335,-0.19,1.139,50.767,-60.305,-34.51,brushing
0.55,-0.015,1.09,50.767,-60.305,-34.51,brushing
0.819,0.169,0.842,50.767,-60.305,-34.51,brushing
0.819,0.169,0.842,46.497,-74.55,-36.54,brushing
1.009,0.736,0.805,46.497,-74.55,-36.54,brushing
1.009,0.736,0.805,32.48,-31.64,-8.067,brushing
0.917,0.84,0.872,32.48,-31.64,-8.067,brushing
0.917,0.84,0.872,11.06,-16.835,41.702,brushing
0.705,0.173,0.793,11.06,-16.835,41.702,brushing
0.705,0.173,0.793,-12.6,-21.35,75.985,brushing
0.421,-0.083,0.877,-12.6,-21.35,75.985,brushing
0.421,-0.083,0.877,-29.435,-11.235,81.935,brushing
0.205,-0.575,0.768,-29.435,-11.235,81.935,brushing
0.205,-0.575,0.768,-37.135,-4.287,65.187,brushing
0.047,-0.472,0.983,-37.135,-4.287,65.187,brushing
0.047,-0.472,0.983,-31.867,36.26,45.027,brushing
-0.085,-0.158,1.051,-31.867,36.26,45.027,brushing
-0.085,-0.158,1.051,-22.487,-1.19,17.745,brushing
-0.215,-0.489,1.037,-22.487,-1.19,17.745,brushing
-0.221,-0.462,1.022,-10.185,-24.237,-15.05,brushing
-0.142,-0.154,1.208,-10.185,-24.237,-15.05,brushing
-0.142,-0.154,1.208,5.705,-17.885,-38.482,brushing
-0.039,-0.254,1.256,5.705,-17.885,-38.482,brushing
-0.039,-0.254,1.256,18.725,-59.377,-60.252,brushing
0.09,-0.299,1.195,18.725,-59.377,-60.252,brushing
0.09,-0.299,1.195,25.637,-82.04,-81.935,brushing
0.248,-0.083,1.159,25.637,-82.04,-81.935,brushing
0.248,-0.083,1.159,27.125,-90.545,-97.247,brushing
0.52,0.398,1.049,27.125,-90.545,-97.247,brushing
0.52,0.398,1.049,23.222,-94.08,-84.892,brushing
0.768,0.644,1.038,23.222,-94.08,-84.892,brushing
0.768,0.644,1.038,16.415,-94.605,-49.91,brushing
0.941,0.82,1.11,16.415,-94.605,-49.91,brushing
0.941,0.82,1.11,16.59,-99.942,-0.455,brushing
0.9,0.704,1.254,16.59,-99.942,-0.455,brushing
0.9,0.704,1.254,20.86,-97.965,54.67,brushing
0.947,0.253,0.789,20.86,-97.965,54.67,brushing
0.688,-0.193,0.842,20.86,-97.965,54.67,brushing
0.688,-0.193,0.842,4.62,-116.042,87.622,brushing
0.419,-0.538,0.848,4.62,-116.042,87.622,brushing
0.419,-0.538,0.848,-2.485,-143.552,94.43,brushing
0.208,-0.861,0.863,-2.485,-143.552,94.43,brushing
0.208,-0.861,0.863,3.43,-122.92,88.112,brushing
0.354,-0.472,0.788,3.43,-122.92,88.112,brushing
0.354,-0.472,0.788,14.84,-29.855,89.985,brushing
0.03,-0.453,0.553,14.84,-29.855,89.985,brushing
0.03,-0.453,0.553,9.677,13.265,89.705,brushing
-0.224,-0.629,0.514,9.677,13.265,89.705,brushing
-0.224,-0.629,0.514,2.677,42.105,73.762,brushing
-0.262,-0.345,0.555,2.677,42.105,73.762,brushing
-0.262,-0.345,0.555,-4.235,-8.505,40.582,brushing
-0.304,-0.496,0.558,-4.235,-8.505,40.582,brushing
-0.304,-0.496,0.558,-9.485,-84.385,0.192,brushing
-0.086,-0.618,0.65,-9.485,-84.385,0.192,brushing
-0.086,-0.618,0.65,-5.53,-63.192,-19.565,brushing
-0.013,-0.117,0.865,-5.53,-63.192,-19.565,brushing
0.088,-0.163,0.807,-5.53,-63.192,-19.565,brushing
0.088,-0.163,0.807,-3.43,-102.69,-26.092,brushing
0.198,-0.378,0.899,-3.43,-102.69,-26.092,brushing
0.198,-0.378,0.899,-7.28,-149.52,-22.82,brushing
0.241,-0.719,1.058,-7.28,-149.52,-22.82,brushing
0.241,-0.719,1.058,-3.535,-132.527,-14.192,brushing
0.291,-0.603,1,-3.535,-132.527,-14.192,brushing
0.291,-0.603,1,11.007,-79.31,-7.857,brushing
0.476,-0.372,0.943,11.007,-79.31,-7.857,brushing
0.476,-0.372,0.943,23.502,-79.52,2.152,brushing
0.59,-0.586,0.574,23.502,-79.52,2.152,brushing
0.59,-0.586,0.574,24.062,-104.352,11.515,brushing
0.648,-0.825,0.407,24.062,-104.352,11.515,brushing
0.648,-0.825,0.407,20.212,-73.325,21.892,brushing
0.617,-0.981,0.298,20.212,-73.325,21.892,brushing
0.617,-0.981,0.298,16.117,-20.877,29.89,brushing
0.549,-1.047,0.273,16.117,-20.877,29.89,brushing
0.549,-1.047,0.273,11.952,34.107,32.112,brushing
0.497,-0.994,0.248,11.952,34.107,32.112,brushing
0.355,-0.74,0.437,11.952,34.107,32.112,brushing
0.355,-0.74,0.437,8.82,83.912,32.812,brushing
0.198,-0.725,0.616,8.82,83.912,32.812,brushing
0.198,-0.725,0.616,8.855,91.507,25.62,brushing
0.257,-0.502,0.659,8.855,91.507,25.62,brushing
0.257,-0.502,0.659,10.167,97.265,18.585,brushing
0.125,-0.395,0.713,10.167,97.265,18.585,brushing
0.125,-0.395,0.713,5.145,81.41,11.497,brushing
0.005,-0.374,0.906,5.145,81.41,11.497,brushing
0.005,-0.374,0.906,-2.94,39.375,-4.34,brushing
-0.13,-0.336,1.219,-2.94,39.375,-4.34,brushing
-0.13,-0.336,1.219,-0.332,-0.297,-19.967,brushing
-0.02,-0.176,1.296,-0.332,-0.297,-19.967,brushing
-0.02,-0.176,1.296,6.65,-18.305,-23.765,brushing
0.112,0.041,1.282,6.65,-18.305,-23.765,brushing
0.112,0.041,1.282,6.772,-78.382,-24.237,brushing
0.176,-0.27,0.996,6.772,-78.382,-24.237,brushing
0.176,-0.27,0.996,-3.587,-110.162,-23.257,brushing
0.254,-0.606,0.904,-3.587,-110.162,-23.257,brushing
0.259,-0.663,0.992,-3.587,-110.162,-23.257,brushing
0.259,-0.663,0.992,-9.835,-83.755,-18.672,brushing
0.372,-0.778,0.769,-9.835,-83.755,-18.672,brushing
0.372,-0.778,0.769,-8.295,-44.03,-14.525,brushing
0.506,-0.668,0.592,-8.295,-44.03,-14.525,brushing
0.506,-0.668,0.592,-8.295,-14.927,-10.972,brushing
0.588,-0.769,0.433,-8.295,-14.927,-10.972,brushing
0.588,-0.769,0.433,-11.672,-24.71,-8.627,brushing
0.622,-0.851,0.412,-11.672,-24.71,-8.627,brushing
0.622,-0.851,0.412,-9.87,-7.857,-0.49,brushing
0.615,-0.88,0.353,-9.87,-7.857,-0.49,brushing
0.615,-0.88,0.353,-4.305,30.485,12.95,brushing
0.534,-0.884,0.298,-4.305,30.485,12.95,brushing
0.534,-0.884,0.298,0.525,71.435,24.01,brushing
0.459,-0.663,0.394,0.525,71.435,24.01,brushing
0.459,-0.663,0.394,2.765,79.695,27.79,brushing
0.216,-0.718,0.572,2.765,79.695,27.79,brushing
0.187,-0.634,0.757,11.217,74.9,21.787,brushing
0.077,-0.535,0.858,11.217,74.9,21.787,brushing
0.077,-0.535,0.858,21.945,74.445,12.6,brushing
0.059,-0.396,0.97,21.945,74.445,12.6,brushing
0.059,-0.396,0.97,27.247,62.545,0.787,brushing
-0.008,-0.249,1.073,27.247,62.545,0.787,brushing
-0.008,-0.249,1.073,26.722,41.422,-9.187,brushing
-0.034,-0.115,1.059,26.722,41.422,-9.187,brushing
-0.034,-0.115,1.059,19.53,12.46,-19.075,brushing
0.142,0.06,1.076,19.53,12.46,-19.075,brushing
0.142,0.06,1.076,8.05,-22.19,-22.89,brushing
0.136,0.045,1.108,8.05,-22.19,-22.89,brushing
0.136,0.045,1.108,-5.442,-87.937,-22.96,brushing
0.235,-0.364,0.978,-5.442,-87.937,-22.96,brushing
0.235,-0.364,0.978,-18.165,-102.2,-19.915,brushing
0.235,-0.6,1.076,-18.165,-102.2,-19.915,brushing
0.235,-0.6,1.076,-20.807,-69.282,-15.75,brushing
0.355,-0.735,0.945,-20.807,-69.282,-15.75,brushing
0.461,-0.681,0.761,-19.565,-32.812,-12.285,brushing
0.582,-0.679,0.623,-19.565,-32.812,-12.285,brushing
0.582,-0.679,0.623,-19.582,-24.447,-7.332,brushing
0.587,-0.864,0.52,-19.582,-24.447,-7.332,brushing
0.587,-0.864,0.52,-17.85,-21.157,-2.537,brushing
0.609,-0.903,0.475,-17.85,-21.157,-2.537,brushing
0.609,-0.903,0.475,-9.135,3.745,7.577,brushing
0.574,-0.952,0.32,-9.135,3.745,7.577,brushing
0.574,-0.952,0.32,-0.892,37.275,17.22,brushing
0.477,-0.776,0.393,-0.892,37.275,17.22,brushing
0.477,-0.776,0.393,4.112,69.422,21.945,brushing
0.152,-0.77,0.532,4.112,69.422,21.945,brushing
0.152,-0.77,0.532,14.437,67.97,16.537,brushing
0.249,-0.52,0.726,14.437,67.97,16.537,brushing
0.249,-0.52,0.726,26.582,76.44,14.472,brushing
0.165,-0.392,0.685,26.582,76.44,14.472,brushing
0.165,-0.392,0.685,29.61,58.24,10.85,brushing
0.152,-0.281,0.852,29.61,58.24,10.85,brushing
-0.003,-0.264,0.999,29.61,58.24,10.85,brushing
-0.003,-0.264,0.999,24.71,38.622,5.075,brushing
-0.148,-0.218,1.225,24.71,38.622,5.075,brushing
-0.148,-0.218,1.225,18.235,6.597,-7.192,brushing
-0.079,-0.14,1.27,18.235,6.597,-7.192,brushing
-0.079,-0.14,1.27,18.34,-28.472,-19.355,brushing
-0.002,-0.07,1.465,18.34,-28.472,-19.355,brushing
-0.002,-0.07,1.465,25.287,-91.595,-27.615,brushing
0.001,-0.643,1.229,25.287,-91.595,-27.615,brushing
0.001,-0.643,1.229,35.962,-136.027,-41.842,brushing
0.106,-0.906,0.93,35.962,-136.027,-41.842,brushing
0.106,-0.906,0.93,38.867,-93.607,-51.03,brushing
0.416,-0.959,0.445,38.867,-93.607,-51.03,brushing
0.416,-0.959,0.445,22.575,-22.522,-52.395,brushing
0.638,-0.743,0.325,22.575,-22.522,-52.395,brushing
0.638,-0.743,0.325,-5.232,-10.727,-51.397,brushing
0.938,-0.759,0.24,-5.232,-10.727,-51.397,brushing
0.938,-0.759,0.24,-25.567,-0.647,-39.515,brushing
1.042,-0.699,0.383,-25.567,-0.647,-39.515,brushing
0.869,-0.636,0.548,-25.567,-0.647,-39.515,brushing
0.869,-0.636,0.548,-26.6,28.42,-17.955,brushing
0.732,-0.461,0.586,-26.6,28.42,-17.955,brushing
0.732,-0.461,0.586,-16.73,74.322,8.522,brushing
0.412,0.035,0.687,-16.73,74.322,8.522,brushing
0.412,0.035,0.687,-7.507,87.517,31.447,brushing
0.336,-0.053,0.575,-7.507,87.517,31.447,brushing
0.336,-0.053,0.575,-2.66,29.61,39.182,brushing
0.313,-0.036,0.591,-2.66,29.61,39.182,brushing
0.313,-0.036,0.591,-4.55,-5.95,41.492,brushing
0.087,-0.332,0.685,-4.55,-5.95,41.492,brushing
0.087,-0.332,0.685,-10.85,-69.212,22.4,brushing
-0.167,-0.684,0.667,-10.85,-69.212,22.4,brushing
-0.167,-0.684,0.667,-23.012,-147.507,-18.655,brushing
-0.165,-1.285,0.332,-23.012,-147.507,-18.655,brushing
-0.165,-1.285,0.332,-50.575,-187.302,-69.755,brushing
0.015,-1.473,0.418,-50.575,-187.302,-69.755,brushing
0.015,-1.473,0.418,-70.595,-116.077,-95.497,brushing
-0.01,-0.918,1.035,-70.595,-116.077,-95.497,brushing
0.153,-0.535,1.154,-70.595,-116.077,-95.497,brushing
0.153,-0.535,1.154,-65.45,-103.127,-101.342,brushing
0.636,-0.614,1.053,-65.45,-103.127,-101.342,brushing
0.636,-0.614,1.053,-47.057,-82.582,-85.452,brushing
0.876,-0.003,1.417,-47.057,-82.582,-85.452,brushing
0.876,-0.003,1.417,-11.97,-9.905,-55.492,brushing
0.897,0.738,1.304,-11.97,-9.905,-55.492,brushing
0.897,0.738,1.304,26.442,-8.295,-9.59,brushing
0.627,0.243,0.98,26.442,-8.295,-9.59,brushing
0.627,0.243,0.98,44.87,-28.7,37.642,brushing
0.418,-0.144,0.957,44.87,-28.7,37.642,brushing
0.418,-0.144,0.957,64.137,48.737,81.182,brushing
0.29,-0.044,0.82,64.137,48.737,81.182,brushing
0.29,-0.044,0.82,66.727,19.197,96.862,brushing
0.089,-0.424,0.499,66.727,19.197,96.862,brushing
0.089,-0.424,0.499,48.02,-55.037,78.102,brushing
-0.233,-1.874,0.444,48.02,-55.037,78.102,brushing
-0.233,-1.874,0.444,31.517,-23.975,27.51,brushing
-0.316,-1.749,0.466,31.517,-23.975,27.51,brushing
-0.135,-0.99,0.811,31.517,-23.975,27.51,brushing
-0.135,-0.99,0.811,12.88,-3.272,-17.325,brushing
-0.04,-0.585,1.082,12.88,-3.272,-17.325,brushing
-0.04,-0.585,1.082,1.627,-30.012,-37.415,brushing
0.089,-0.432,0.899,1.627,-30.012,-37.415,brushing
0.089,-0.432,0.899,-10.027,-83.405,-44.747,brushing
0.34,-0.339,0.718,-10.027,-83.405,-44.747,brushing
0.34,-0.339,0.718,-25.532,-68.81,-27.772,brushing
0.439,-0.302,0.863,-25.532,-68.81,-27.772,brushing
0.439,-0.302,0.863,-28.245,40.092,3.552,brushing
0.576,-0.056,0.854,-28.245,40.092,3.552,brushing
0.576,-0.056,0.854,-21.735,146.317,41.842,brushing
0.729,0.115,0.792,-21.735,146.317,41.842,brushing
0.729,0.115,0.792,-17.412,210.367,84.035,brushing
0.635,-0.277,0.818,-17.412,210.367,84.035,brushing
0.635,-0.277,0.818,-9.887,242.165,108.185,brushing
0.415,-0.574,0.836,-9.887,242.165,108.185,brushing
0.199,-0.649,1.1,0.052,232.645,105.577,brushing
0.008,-0.263,1.348,0.052,232.645,105.577,brushing
0.008,-0.263,1.348,19.057,180.74,84.56,brushing
-0.11,-0.368,1.172,19.057,180.74,84.56,brushing
-0.11,-0.368,1.172,34.212,26.005,50.995,brushing
-0.12,-0.639,1.103,34.212,26.005,50.995,brushing
-0.12,-0.639,1.103,44.695,-37.1,26.512,brushing
-0.065,-0.528,0.915,44.695,-37.1,26.512,brushing
-0.065,-0.528,0.915,45.185,-75.582,2.747,brushing
0.179,-0.689,0.657,45.185,-75.582,2.747,brushing
0.179,-0.689,0.657,27.737,-98.595,-9.17,brushing
0.248,-1.014,0.502,27.737,-98.595,-9.17,brushing
0.248,-1.014,0.502,3.325,-62.212,-18.322,brushing
0.394,-0.95,0.497,3.325,-62.212,-18.322,brushing
0.394,-0.95,0.497,-14.682,10.167,-22.575,brushing
0.427,-0.732,0.585,-14.682,10.167,-22.575,brushing
0.427,-0.732,0.585,-24.08,42.735,-21.577,brushing
0.476,-0.527,0.568,-24.08,42.735,-21.577,brushing
0.506,-0.386,0.641,-24.08,42.735,-21.577,brushing
0.506,-0.386,0.641,-29.82,27.475,-15.575,brushing
0.507,-0.497,0.712,-29.82,27.475,-15.575,brushing
0.507,-0.497,0.712,-27.65,-8.487,-5.95,brushing
0.48,-0.7,0.782,-27.65,-8.487,-5.95,brushing
0.48,-0.7,0.782,-14.77,-9.94,6.265,brushing
0.406,-0.77,0.717,-14.77,-9.94,6.265,brushing
0.406,-0.77,0.717,4.672,22.697,15.995,brushing
0.487,-0.588,0.597,4.672,22.697,15.995,brushing
0.487,-0.588,0.597,19.18,52.097,23.887,brushing
0.394,-0.48,0.556,19.18,52.097,23.887,brushing
0.394,-0.48,0.556,21.525,43.295,23.975,brushing
0.291,-0.556,0.591,21.525,43.295,23.975,brushing
0.291,-0.556,0.591,16.905,35.262,18.41,brushing
0.198,-0.426,0.759,16.905,35.262,18.41,brushing
0.198,-0.426,0.759,11.795,38.062,10.517,brushing
-0.009,-0.407,0.888,11.795,38.062,10.517,brushing
-0.009,-0.407,0.888,9.082,38.92,-1.452,brushing
-0.177,-0.246,1.091,9.082,38.92,-1.452,brushing
-0.22,-0.054,1.203,9.082,38.92,-1.452,brushing
-0.22,-0.054,1.203,7.735,9.012,-18.34,brushing
-0.035,0.163,1.318,7.735,9.012,-18.34,brushing
-0.035,0.163,1.318,7.665,-30.957,-27.51,brushing
0.09,0.146,1.355,7.665,-30.957,-27.51,brushing
0.09,0.146,1.355,12.442,-81.497,-27.352,brushing
0.205,-0.176,1.088,12.442,-81.497,-27.352,brushing
0.205,-0.176,1.088,12.25,-120.505,-25.497,brushing
0.305,-0.358,0.933,12.25,-120.505,-25.497,brushing
0.305,-0.358,0.933,2.73,-109.69,-18.06,brushing
0.353,-0.292,0.904,2.73,-109.69,-18.06,brushing
0.353,-0.292,0.904,-6.002,-89.39,-4.147,brushing
0.507,-0.37,0.694,-6.002,-89.39,-4.147,brushing
0.507,-0.37,0.694,-17.745,-75.39,9.275,brushing
0.618,-0.578,0.525,-17.745,-75.39,9.275,brushing
0.618,-0.578,0.525,-35.647,-87.675,14.035,brushing
0.618,-0.983,0.533,-35.647,-87.675,14.035,brushing
0.618,-0.983,0.533,-46.497,-79.887,9.8,brushing
0.561,-1.206,0.575,-46.497,-79.887,9.8,brushing
0.492,-1.069,0.671,-46.497,-79.887,9.8,brushing
0.492,-1.069,0.671,-39.06,-31.027,8.592,brushing
0.5,-0.771,0.621,-39.06,-31.027,8.592,brushing
0.5,-0.771,0.621,-21.297,14.245,15.207,brushing
0.353,-0.606,0.684,-21.297,14.245,15.207,brushing
0.353,-0.606,0.684,-6.125,26.547,24.622,brushing
0.219,-0.733,0.682,-6.125,26.547,24.622,brushing
0.219,-0.733,0.682,7.91,22.627,23.975,brushing
0.107,-0.832,0.61,7.91,22.627,23.975,brushing
0.107,-0.832,0.61,17.657,45.622,15.172,brushing
-0.009,-0.673,0.584,17.657,45.622,15.172,brushing
-0.009,-0.673,0.584,14.595,63.507,-0.682,brushing
-0.166,-0.43,0.61,14.595,63.507,-0.682,brushing
-0.166,-0.43,0.61,3.622,45.43,-17.08,brushing
-0.276,-0.198,0.843,3.622,45.43,-17.08,brushing
-0.276,-0.198,0.843,-4.445,14.455,-29.207,brushing
-0.275,-0.187,1.043,-4.445,14.455,-29.207,brushing
-0.275,-0.187,1.043,0.42,-22.662,-34.3,brushing
-0.269,-0.37,1.382,0.42,-22.662,-34.3,brushing
-0.385,-1.117,1.183,0.42,-22.662,-34.3,brushing
-0.385,-1.117,1.183,16.835,-72.345,-49.35,brushing
-0.227,-1.188,0.761,16.835,-72.345,-49.35,brushing
-0.227,-1.188,0.761,27.65,-49.56,-77.56,brushing
0,-0.943,0.693,27.65,-49.56,-77.56,brushing
0,-0.943,0.693,21.962,-39.847,-112.192,brushing
0.135,-0.96,0.612,21.962,-39.847,-112.192,brushing
0.135,-0.96,0.612,15.015,-17.797,-133.297,brushing
0.603,-0.846,0.424,15.015,-17.797,-133.297,brushing
0.603,-0.846,0.424,16.782,116.322,-122.185,brushing
1.024,-0.102,0.226,16.782,116.322,-122.185,brushing
1.024,-0.102,0.226,17.517,226.187,-91.77,brushing
1.391,0.512,0.345,17.517,226.187,-91.77,brushing
1.391,0.512,0.345,6.79,208.705,-48.667,brushing
1.191,0.66,0.683,6.79,208.705,-48.667,brushing
1.191,0.66,0.683,0.017,143.29,-0.297,brushing
0.828,0.196,0.952,0.017,143.29,-0.297,brushing
0.625,-0.189,0.918,7.07,143.272,38.937,brushing
0.467,0.079,0.798,7.07,143.272,38.937,brushing
0.467,0.079,0.798,10.027,199.692,61.6,brushing
0.271,0.086,0.931,10.027,199.692,61.6,brushing
0.271,0.086,0.931,0.385,154.822,59.482,brushing
-0.055,-0.196,1.139,0.385,154.822,59.482,brushing
-0.055,-0.196,1.139,-6.002,74.97,36.207,brushing
-0.28,-0.693,1.177,-6.002,74.97,36.207,brushing
-0.28,-0.693,1.177,0.245,26.127,-6.982,brushing
-0.259,-0.427,1.122,0.245,26.127,-6.982,brushing
-0.259,-0.427,1.122,9.432,43.277,-42.927,brushing
-0.22,-0.024,1.329,9.432,43.277,-42.927,brushing
-0.22,-0.024,1.329,21.822,-42.892,-82.635,brushing
0.045,-0.081,1.106,21.822,-42.892,-82.635,brushing
0.045,-0.081,1.106,28.297,-100.24,-110.32,brushing
0.535,-0.139,0.906,28.297,-100.24,-110.32,brushing
0.535,-0.139,0.906,24.762,-41.545,-98.28,brushing
0.98,0.381,0.848,24.762,-41.545,-98.28,brushing
1.264,0.841,0.835,14.577,8.365,-47.302,brushing
1.13,0.463,0.673,14.577,8.365,-47.302,brushing
1.13,0.463,0.673,-1.942,-3.535,13.527,brushing
0.867,0.093,0.729,-1.942,-3.535,13.527,brushing
0.867,0.093,0.729,-21.07,7.56,55.632,brushing
0.529,-0.144,0.781,-21.07,7.56,55.632,brushing
0.529,-0.144,0.781,-32.882,24.517,75.302,brushing
0.168,-0.459,0.769,-32.882,24.517,75.302,brushing
0.168,-0.459,0.769,-35.945,27.965,67.725,brushing
-0.096,-0.794,0.707,-35.945,27.965,67.725,brushing
-0.096,-0.794,0.707,-32.567,47.722,38.272,brushing
-0.475,-0.883,1.336,-32.567,47.722,38.272,brushing
-0.475,-0.883,1.336,-9.852,30.38,-12.495,brushing
-0.373,-0.183,1.257,-9.852,30.38,-12.495,brushing
-0.373,-0.183,1.257,19.757,-21.437,-43.715,brushing
-0.225,-0.079,1.072,19.757,-21.437,-43.715,brushing
-0.225,-0.079,1.072,44.887,-55.65,-62.422,brushing
-0.171,-0.381,1.078,44.887,-55.65,-62.422,brushing
-0.009,-0.235,0.698,44.887,-55.65,-62.422,brushing
-0.009,-0.235,0.698,66.15,-64.032,-83.317,brushing
0.443,-0.038,0.391,66.15,-64.032,-83.317,brushing
0.443,-0.038,0.391,68.547,-45.902,-87.045,brushing
0.84,0.355,0.259,68.547,-45.902,-87.045,brushing
0.84,0.355,0.259,56.717,22.907,-62.16,brushing
1.132,1.017,0.475,56.717,22.907,-62.16,brushing
1.132,1.017,0.475,38.097,54.582,-12.477,brushing
1.004,0.48,0.633,38.097,54.582,-12.477,brushing
1.004,0.48,0.633,21.227,5.25,32.48,brushing
0.792,-0.078,0.847,21.227,5.25,32.48,brushing
0.792,-0.078,0.847,18.602,9.187,60.095,brushing
0.507,-0.264,0.984,18.602,9.187,60.095,brushing
0.507,-0.264,0.984,31.412,12.565,66.377,brushing
0.408,-0.397,0.848,31.412,12.565,66.377,brushing
0.408,-0.397,0.848,50.505,44.187,66.972,brushing
0.42,-0.291,0.793,50.505,44.187,66.972,brushing
0.42,-0.291,0.793,67.427,74.567,65.765,brushing
0.457,-0.026,0.562,67.427,74.567,65.765,brushing
0.374,0.236,0.847,67.427,74.567,65.765,brushing
0.374,0.236,0.847,72.152,58.012,63.875,brushing
0.306,0.028,0.853,72.152,58.012,63.875,brushing
0.306,0.028,0.853,83.23,-5.215,61.705,brushing
0.403,-0.699,0.654,83.23,-5.215,61.705,brushing
0.403,-0.699,0.654,105.962,-27.422,45.5,brushing
0.535,-0.582,0.568,105.962,-27.422,45.5,brushing
0.535,-0.582,0.568,132.107,48.685,25.55,brushing
0.469,0.072,0.859,132.107,48.685,25.55,brushing
0.469,0.072,0.859,164.307,63.7,12.617,brushing
0.519,0.266,0.882,164.307,63.7,12.617,brushing
0.519,0.266,0.882,196.472,-1.75,8.715,brushing
0.636,-0.118,0.46,196.472,-1.75,8.715,brushing
0.636,-0.118,0.46,207.392,-50.05,-11.445,brushing
0.722,-0.425,0.367,207.392,-50.05,-11.445,brushing
0.722,-0.425,0.367,198.397,-48.965,-37.607,brushing
0.82,-0.475,0.462,198.397,-48.965,-37.607,brushing
0.82,-0.475,0.462,180.827,-63.77,-65.1,brushing
0.904,-0.499,0.437,180.827,-63.77,-65.1,brushing
1.013,-0.229,0.276,180.827,-63.77,-65.1,brushing
1.013,-0.229,0.276,157.92,-61.985,-86.59,brushing
1.074,0.124,0.351,157.92,-61.985,-86.59,brushing
1.074,0.124,0.351,131.18,-13.055,-88.9,brushing
1.238,0.503,0.482,131.18,-13.055,-88.9,brushing
1.238,0.503,0.482,102.445,37.66,-65.607,brushing
1.36,0.979,0.636,102.445,37.66,-65.607,brushing
1.36,0.979,0.636,75.407,86.205,-19.267,brushing
1.21,1.013,0.835,75.407,86.205,-19.267,brushing
1.21,1.013,0.835,55.055,69.755,18.34,brushing
1.001,0.281,0.945,55.055,69.755,18.34,brushing
1.001,0.281,0.945,44.187,26.425,25.882,brushing
0.924,-0.067,0.827,44.187,26.425,25.882,brushing
0.924,-0.067,0.827,34.72,35.927,32.077,brushing
0.949,0.124,0.856,34.72,35.927,32.077,brushing
0.949,0.124,0.856,24.78,18.917,31.937,brushing
0.803,-0.081,0.842,24.78,18.917,31.937,brushing
0.583,-0.416,0.87,18.357,-35.21,15.05,brushing
0.456,-0.762,0.665,18.357,-35.21,15.05,brushing
0.456,-0.762,0.665,12.81,-96.862,-25.865,brushing
0.444,-0.818,0.348,12.81,-96.862,-25.865,brushing
0.444,-0.818,0.348,-3.097,-133.262,-84.455,brushing
0.769,-0.265,0.163,-3.097,-133.262,-84.455,brushing
0.769,-0.265,0.163,-22.977,-113.295,-109.217,brushing
0.886,0.255,0.306,-22.977,-113.295,-109.217,brushing
0.886,0.255,0.306,-38.097,-65.397,-103.687,brushing
1.009,0.479,0.375,-38.097,-65.397,-103.687,brushing
1.009,0.479,0.375,-49.717,-95.042,-92.802,brushing
1.045,0.1,0.403,-49.717,-95.042,-92.802,brushing
1.045,0.1,0.403,-53.392,-100.432,-84.665,brushing
1.069,-0.181,0.443,-53.392,-100.432,-84.665,brushing
1.069,-0.181,0.443,-41.965,-40.285,-80.43,brushing
1.006,-0.185,0.626,-41.965,-40.285,-80.43,brushing
1.006,-0.185,0.626,-25.06,-4.83,-81.742,brushing
1.015,-0.056,0.567,-25.06,-4.83,-81.742,brushing
0.992,0.176,0.557,-18.532,-17.29,-82.967,brushing
0.971,0.295,0.703,-18.532,-17.29,-82.967,brushing
0.971,0.295,0.703,-19.302,-50.522,-75.985,brushing
1.05,0.499,0.717,-19.302,-50.522,-75.985,brushing
1.05,0.499,0.717,-18.672,-34.457,-53.042,brushing
1.11,0.952,0.831,-18.672,-34.457,-53.042,brushing
1.11,0.952,0.831,-13.755,39.725,-9.555,brushing
1.054,1.295,1.015,-13.755,39.725,-9.555,brushing
1.054,1.295,1.015,-4.112,57.592,39.007,brushing
0.936,0.79,0.891,-4.112,57.592,39.007,brushing
0.936,0.79,0.891,4.217,-2.31,65.362,brushing
0.852,0.38,0.892,4.217,-2.31,65.362,brushing
0.852,0.38,0.892,23.38,-33.617,87.797,brushing
0.978,0.818,0.878,23.38,-33.617,87.797,brushing
0.978,0.818,0.878,37.135,-55.475,116.13,brushing
0.847,-0.086,0.286,37.135,-55.475,116.13,brushing
0.847,-0.086,0.286,21.07,-77.122,103.88,brushing
0.626,-1.272,-0.408,21.07,-77.122,103.88,brushing
0.467,-1.932,-0.347,-17.342,-32.112,52.167,brushing
0.706,-0.178,0.409,-17.342,-32.112,52.167,brushing
0.706,-0.178,0.409,-35.927,44.292,8.837,brushing
0.613,0.256,0.908,-35.927,44.292,8.837,brushing
0.613,0.256,0.908,-33.022,-34.212,-7.315,brushing
0.646,-0.265,0.726,-33.022,-34.212,-7.315,brushing
0.646,-0.265,0.726,-17.185,-83.282,-20.405,brushing
0.606,-0.583,0.462,-17.185,-83.282,-20.405,brushing
0.606,-0.583,0.462,-5.092,-59.517,-40.67,brushing
0.671,-0.669,0.236,-5.092,-59.517,-40.67,brushing
0.671,-0.669,0.236,-6.982,-32.497,-76.597,brushing
0.785,-0.315,0.213,-6.982,-32.497,-76.597,brushing
0.785,-0.315,0.213,-10.657,34.247,-94.29,brushing
0.873,0.686,0.519,-10.657,34.247,-94.29,brushing
0.873,0.686,0.519,-2.03,76.422,-79.047,brushing
0.978,1.507,0.839,-2.03,76.422,-79.047,brushing
0.978,1.507,0.839,25.217,102.935,-23.625,brushing
0.984,1.969,1.007,25.217,102.935,-23.625,brushing
0.932,1.276,0.807,25.217,102.935,-23.625,brushing
0.932,1.276,0.807,60.06,78.54,35.7,brushing
0.999,1.186,0.442,60.06,78.54,35.7,brushing
0.999,1.186,0.442,81.76,29.925,85.802,brushing
0.761,-0.611,0.253,81.76,29.925,85.802,brushing
0.761,-0.611,0.253,78.487,24.587,96.582,brushing
0.613,-0.261,0.223,78.487,24.587,96.582,brushing
0.613,-0.261,0.223,53.41,12.967,81.812,brushing
0.513,-1.011,0.001,53.41,12.967,81.812,brushing
0.513,-1.011,0.001,27.265,-6.545,41.107,brushing
0.317,-1.902,0.208,27.265,-6.545,41.107,brushing
0.317,-1.902,0.208,6.055,58.03,-22.837,brushing
0.497,0.029,0.901,6.055,58.03,-22.837,brushing
0.497,0.029,0.901,3.99,-26.04,-45.377,brushing
0.75,-0.342,0.824,3.99,-26.04,-45.377,brushing
0.75,-0.342,0.824,-1.277,-81.375,-64.592,brushing
0.877,-0.582,0.609,-1.277,-81.375,-64.592,brushing
0.877,-0.582,0.609,-9.205,-54.862,-81.83,brushing
1.027,-0.593,0.402,-9.205,-54.862,-81.83,brushing
1.048,-0.299,0.345,-9.205,-54.862,-81.83,brushing
1.048,-0.299,0.345,-21.98,-5.407,-107.467,brushing
1.15,0.788,0.522,-21.98,-5.407,-107.467,brushing
1.15,0.788,0.522,-28.245,28.945,-105.77,brushing
1.246,1.578,0.748,-28.245,28.945,-105.77,brushing
1.246,1.578,0.748,-23.607,33.81,-65.117,brushing
1.145,1.998,0.786,-23.607,33.81,-65.117,brushing
1.145,1.998,0.786,-1.977,43.82,7.805,brushing
0.94,0.954,0.411,-1.977,43.82,7.805,brushing
0.94,0.954,0.411,9.73,11.55,50.242,brushing
0.793,0.343,0.078,9.73,11.55,50.242,brushing
0.793,0.343,0.078,11.917,39.2,79.362,brushing
0.82,0.396,0.269,11.917,39.2,79.362,brushing
0.82,0.396,0.269,8.12,60.707,93.362,brushing
0.787,-0.032,0.352,8.12,60.707,93.362,brushing
0.787,-0.032,0.352,5.11,33.022,84.84,brushing
0.707,-0.407,0.434,5.11,33.022,84.84,brushing
0.707,-0.407,0.434,5.425,12.757,51.765,brushing
0.58,-1.349,0.472,5.425,12.757,51.765,brushing
0.528,-1.425,0.467,5.425,12.757,51.765,brushing
0.528,-1.425,0.467,4.725,5.022,-15.54,brushing
0.744,-0.382,0.435,4.725,5.022,-15.54,brushing
0.744,-0.382,0.435,-6.125,-49.665,-68.285,brushing
0.851,-0.826,0.318,-6.125,-49.665,-68.285,brushing
0.851,-0.826,0.318,-22.785,-60.777,-100.45,brushing
0.956,-0.401,0.344,-22.785,-60.777,-100.45,brushing
0.956,-0.401,0.344,-32.48,83.23,-109.847,brushing
0.986,1.572,0.844,-32.48,83.23,-109.847,brushing
0.986,1.572,0.844,-23.677,89.95,-71.89,brushing
1.113,2.359,0.933,-23.677,89.95,-71.89,brushing
1.113,2.359,0.933,-4.55,17.22,-4.707,brushing
1.012,1.476,0.616,-4.55,17.22,-4.707,brushing
1.012,1.476,0.616,12.022,11.847,41.947,brushing
0.927,0.604,0.261,12.022,11.847,41.947,brushing
0.927,0.604,0.261,13.965,27.335,70.455,brushing
0.918,0.822,0.112,13.965,27.335,70.455,brushing
0.819,-0.04,0.269,12.775,40.67,98.682,brushing
0.621,-0.798,0.376,12.775,40.67,98.682,brushing
0.621,-0.798,0.376,4.812,68.127,79.485,brushing
0.447,-0.992,0.41,4.812,68.127,79.485,brushing
0.447,-0.992,0.41,0.332,33.705,33.092,brushing
0.508,-0.88,0.451,0.332,33.705,33.092,brushing
0.508,-0.88,0.451,-1.505,0.507,-22.487,brushing
0.599,-0.116,0.341,-1.505,0.507,-22.487,brushing
0.599,-0.116,0.341,-5.95,-47.215,-51.502,brushing
0.64,-0.531,0.306,-5.95,-47.215,-51.502,brushing
0.64,-0.531,0.306,-11.2,-11.427,-70.875,brushing
0.759,-0.433,0.554,-11.2,-11.427,-70.875,brushing
0.759,-0.433,0.554,-11.13,70.507,-93.45,brushing
0.992,0.674,0.636,-11.13,70.507,-93.45,brushing
0.992,0.674,0.636,4.112,86.642,-82.145,brushing
1.21,2.176,0.872,4.112,86.642,-82.145,brushing
1.21,2.176,0.872,27.282,25.095,-17.43,brushing
1.363,2.292,0.567,27.282,25.095,-17.43,brushing
1.193,0.518,0.072,39.515,-11.76,44.957,brushing
1.252,1.005,-0.07,39.515,-11.76,44.957,brushing
1.252,1.005,-0.07,28.577,27.772,90.667,brushing
1.007,0.243,-0.001,28.577,27.772,90.667,brushing
1.007,0.243,-0.001,9.047,58.992,134.732,brushing
0.616,-1.033,0.64,9.047,58.992,134.732,brushing
0.616,-1.033,0.64,-4.06,104.965,110.582,brushing
0.334,-0.608,0.834,-4.06,104.965,110.582,brushing
0.334,-0.608,0.834,1.085,40.617,63.262,brushing
0.342,-0.842,0.939,1.085,40.617,63.262,brushing
0.342,-0.842,0.939,11.165,-19.145,6.965,brushing
0.536,-0.198,0.768,11.165,-19.145,6.965,brushing
0.536,-0.198,0.768,17.062,-68.46,-27.3,brushing
0.658,-0.141,0.498,17.062,-68.46,-27.3,brushing
0.658,-0.141,0.498,16.905,-70.857,-51.94,brushing
0.761,-0.583,0.354,16.905,-70.857,-51.94,brushing
0.761,-0.583,0.354,12.95,-20.352,-75.337,brushing
0.945,-0.01,0.236,12.95,-20.352,-75.337,brushing
1.23,0.581,0.275,12.95,-20.352,-75.337,brushing
1.23,0.581,0.275,6.405,36.61,-85.942,brushing
1.369,2.178,0.294,6.405,36.61,-85.942,brushing
1.369,2.178,0.294,1.855,60.322,-47.46,brushing
1.218,1.816,0.163,1.855,60.322,-47.46,brushing
1.218,1.816,0.163,-1.417,17.727,25.655,brushing
0.88,0.291,0.205,-1.417,17.727,25.655,brushing
0.88,0.291,0.205,-5.32,40.705,67.13,brushing
0.991,0.794,-0.167,-5.32,40.705,67.13,brushing
0.991,0.794,-0.167,-16.292,58.922,97.755,brushing
0.64,-0.253,0.295,-16.292,58.922,97.755,brushing
0.64,-0.253,0.295,-27.79,88.865,101.552,brushing
0.545,-0.765,0.599,-27.79,88.865,101.552,brushing
0.545,-0.765,0.599,-18.83,73.22,54.32,brushing
0.387,-0.754,0.756,-18.83,73.22,54.32,brushing
0.387,-0.754,0.756,-0.7,55.982,0,brushing
0.457,-0.771,0.789,-0.7,55.982,0,brushing
0.457,-0.771,0.789,9.905,11.095,-48.86,brushing
0.636,-0.042,0.281,9.905,11.095,-48.86,brushing
0.665,-0.299,0.366,9.905,11.095,-48.86,brushing
0.665,-0.299,0.366,3.097,6.597,-66.815,brushing
0.901,-0.082,0.283,3.097,6.597,-66.815,brushing
0.901,-0.082,0.283,1.085,37.222,-84.017,brushing
1.016,0.47,0.321,1.085,37.222,-84.017,brushing
1.016,0.47,0.321,3.692,77.227,-89.302,brushing
1.326,1.57,0.328,3.692,77.227,-89.302,brushing
1.326,1.57,0.328,6.702,74.427,-63.577,brushing
1.432,2.315,0.217,6.702,74.427,-63.577,brushing
1.432,2.315,0.217,4.9,18.042,4.707,brushing
1.093,0.877,0.288,4.9,18.042,4.707,brushing
1.093,0.877,0.288,9.712,-5.827,53.567,brushing
1.126,0.883,0.119,9.712,-5.827,53.567,brushing
1.126,0.883,0.119,14.665,51.415,100.712,brushing
0.9,0.558,0.227,14.665,51.415,100.712,brushing
0.9,0.558,0.227,5.04,14.805,106.54,brushing
0.818,-0.563,0.231,5.04,14.805,106.54,brushing
0.818,-0.563,0.231,-2.432,45.57,96.565,brushing
0.758,-0.04,0.164,-2.432,45.57,96.565,brushing
0.371,-1.565,0.517,-2.432,45.57,96.565,brushing
0.371,-1.565,0.517,-13.72,37.03,57.68,brushing
0.561,-0.231,0.657,-13.72,37.03,57.68,brushing
0.561,-0.231,0.657,-3.045,59.202,-8.715,brushing
0.655,0.344,0.724,-3.045,59.202,-8.715,brushing
0.655,0.344,0.724,6.16,9.555,-36.942,brushing
0.644,-0.07,0.681,6.16,9.555,-36.942,brushing
0.644,-0.07,0.681,13.212,-25.27,-55.685,brushing
0.764,0.063,0.597,13.212,-25.27,-55.685,brushing
0.764,0.063,0.597,14.35,-20.3,-71.837,brushing
0.918,0.147,0.347,14.35,-20.3,-71.837,brushing
0.918,0.147,0.347,5.67,-7.49,-80.657,brushing
1.036,0.31,0.317,5.67,-7.49,-80.657,brushing
1.036,0.31,0.317,0.875,42.63,-73.675,brushing
1.358,1.672,0.243,0.875,42.63,-73.675,brushing
1.358,1.672,0.243,3.272,68.285,-19.985,brushing
1.298,2.107,0.231,3.272,68.285,-19.985,brushing
1.298,2.107,0.231,1.085,-8.82,30.782,brushing
0.988,0.786,0.146,1.085,-8.82,30.782,brushing
0.939,0.556,0.076,1.085,-8.82,30.782,brushing
0.939,0.556,0.076,2.922,-16.31,59.815,brushing
0.822,0.13,0.233,2.922,-16.31,59.815,brushing
0.822,0.13,0.233,0.087,-11.602,71.417,brushing
0.539,-0.79,0.29,0.087,-11.602,71.417,brushing
0.539,-0.79,0.29,-3.587,-48.405,37.957,brushing
0.447,-1.288,0.431,-3.587,-48.405,37.957,brushing
0.447,-1.288,0.431,3.815,-9.59,-16.52,brushing
0.657,-0.394,0.484,3.815,-9.59,-16.52,brushing
0.657,-0.394,0.484,18.182,49.157,-57.75,brushing
0.671,0.119,0.511,18.182,49.157,-57.75,brushing
0.671,0.119,0.511,20.807,-3.167,-86.887,brushing
0.764,0.064,0.422,20.807,-3.167,-86.887,brushing
0.764,0.064,0.422,12.897,-68.74,-107.135,brushing
0.727,0.04,0.274,12.897,-68.74,-107.135,brushing
0.727,0.04,0.274,6.23,-58.8,-120.05,brushing
0.979,0.222,0.179,6.23,-58.8,-120.05,brushing
1.126,2.296,0.236,14.157,48.702,-87.167,brushing
1.369,2.697,0.118,14.157,48.702,-87.167,brushing
1.369,2.697,0.118,22.242,16.712,-11.322,brushing
1.02,0.895,0.076,22.242,16.712,-11.322,brushing
1.02,0.895,0.076,27.002,-71.977,46.812,brushing
0.943,-0.008,-0.114,27.002,-71.977,46.812,brushing
0.943,-0.008,-0.114,33.477,-22.522,65.1,brushing
0.92,0.474,0.084,33.477,-22.522,65.1,brushing
0.92,0.474,0.084,26.442,34.51,79.345,brushing
0.87,0.244,0.159,26.442,34.51,79.345,brushing
0.87,0.244,0.159,10.587,-11.795,76.912,brushing
0.709,-0.152,0.29,10.587,-11.795,76.912,brushing
0.709,-0.152,0.29,3.237,-25.025,62.422,brushing
0.683,-0.095,0.423,3.237,-25.025,62.422,brushing
0.683,-0.095,0.423,6.195,-21.315,43.102,brushing
0.648,-0.312,0.541,6.195,-21.315,43.102,brushing
0.648,-0.312,0.541,13.195,-46.707,3.99,brushing
0.75,-0.444,0.534,13.195,-46.707,3.99,brushing
0.894,0.113,0.515,13.195,-46.707,3.99,brushing
0.894,0.113,0.515,20.02,-45.5,-21.7,brushing
0.874,0.116,0.507,20.02,-45.5,-21.7,brushing
0.874,0.116,0.507,17.465,-95.042,-41.055,brushing
0.926,0.004,0.375,17.465,-95.042,-41.055,brushing
0.926,0.004,0.375,12.495,-139.58,-51.065,brushing
1.058,0.03,0.442,12.495,-139.58,-51.065,brushing
1.058,0.03,0.442,15.295,-55.387,-41.072,brushing
1.146,0.599,0.568,15.295,-55.387,-41.072,brushing
1.146,0.599,0.568,21.017,8.557,-32.305,brushing
1.258,1.323,0.534,21.017,8.557,-32.305,brushing
1.258,1.323,0.534,26.267,-16.73,-5.635,brushing
1.133,1.554,0.363,26.267,-16.73,-5.635,brushing
1.133,1.554,0.363,29.732,-58.03,27.685,brushing
0.969,0.83,0.157,29.732,-58.03,27.685,brushing
0.969,0.83,0.157,27.282,-49.35,50.715,brushing
0.806,0.484,-0.028,27.282,-49.35,50.715,brushing
0.806,0.484,-0.028,20.3,-10.727,65.135,brushing
0.768,0.336,-0.066,20.3,-10.727,65.135,brushing
0.75,0.237,0.02,20.3,-10.727,65.135,brushing
0.75,0.237,0.02,9.24,0.997,66.29,brushing
0.665,0.084,0.035,9.24,0.997,66.29,brushing
0.665,0.084,0.035,-4.567,-22.522,62.212,brushing
0.607,-0.619,0.21,-4.567,-22.522,62.212,brushing
0.607,-0.619,0.21,-11.462,-11.76,39.76,brushing
0.583,-0.807,0.405,-11.462,-11.76,39.76,brushing
0.583,-0.807,0.405,-10.99,5.985,1.102,brushing
0.758,-0.149,0.506,-10.99,5.985,1.102,brushing
0.758,-0.149,0.506,-5.932,-28.035,-29.96,brushing
0.88,-0.157,0.489,-5.932,-28.035,-29.96,brushing
0.88,-0.157,0.489,-3.307,-55.177,-49.315,brushing
0.951,-0.264,0.458,-3.307,-55.177,-49.315,brushing
0.951,-0.264,0.458,-1.172,-25.847,-64.347,brushing
1.041,-0.045,0.41,-1.172,-25.847,-64.347,brushing
1.041,-0.045,0.41,1.4,18.252,-77.525,brushing
1.138,0.47,0.422,1.4,18.252,-77.525,brushing
1.138,0.47,0.422,5.705,53.62,-65.625,brushing
1.194,1.642,0.494,5.705,53.62,-65.625,brushing
1.111,1.87,0.317,5.705,53.62,-65.625,brushing
1.111,1.87,0.317,9.327,13.51,-17.517,brushing
1.127,1.099,0.135,9.327,13.51,-17.517,brushing
1.127,1.099,0.135,3.062,-40.967,23.835,brushing
0.956,0.179,-0.149,3.062,-40.967,23.835,brushing
0.956,0.179,-0.149,-9.117,-40.81,53.427,brushing
1,-0.058,0.115,-9.117,-40.81,53.427,brushing
1,-0.058,0.115,-25.427,13.93,56.437,brushing
0.812,0.254,0.128,-25.427,13.93,56.437,brushing
0.812,0.254,0.128,-37.012,-10.307,54.95,brushing
0.676,-0.482,0.444,-37.012,-10.307,54.95,brushing
0.676,-0.482,0.444,-33.827,0.997,39.182,brushing
0.462,-0.691,0.58,-33.827,0.997,39.182,brushing
0.462,-0.691,0.58,-19.022,-12.215,-2.222,brushing
0.461,-1.001,0.512,-19.022,-12.215,-2.222,brushing
0.461,-1.001,0.512,-8.347,-20.86,-51.87,brushing
0.507,-0.188,0.325,-8.347,-20.86,-51.87,brushing
0.507,-0.188,0.325,-2.275,-36.645,-88.375,brushing
0.573,-0.647,0.206,-2.275,-36.645,-88.375,brushing
0.761,0.167,0.345,-2.275,-36.645,-88.375,brushing
0.761,0.167,0.345,0.84,69.51,-108.36,brushing
0.925,1.046,0.408,0.84,69.51,-108.36,brushing
0.925,1.046,0.408,6.667,95.882,-102.97,brushing
1.202,1.749,0.3,6.667,95.882,-102.97,brushing
1.202,1.749,0.3,10.99,70.262,-58.45,brushing
1.354,2.002,0.275,10.99,70.262,-58.45,brushing
1.354,2.002,0.275,13.702,29.767,8.925,brushing
1.169,0.646,0.109,13.702,29.767,8.925,brushing
1.169,0.646,0.109,13.86,7.7,39.707,brushing
1.106,0.627,0.025,13.86,7.7,39.707,brushing
1.106,0.627,0.025,5.897,51.607,66.675,brushing
1.068,1.297,0.029,5.897,51.607,66.675,brushing
1.068,1.297,0.029,-4.235,39.602,96.582,brushing
0.838,-0.547,0.352,-4.235,39.602,96.582,brushing
0.838,-0.547,0.352,-10.99,29.085,81.865,brushing
0.774,-0.126,0.135,-10.99,29.085,81.865,brushing
0.421,-1.14,0.679,-10.622,13.667,56.472,brushing
0.521,-0.687,0.592,-10.622,13.667,56.472,brushing
0.521,-0.687,0.592,1.312,4.707,-3.045,brushing
0.605,0.179,0.449,1.312,4.707,-3.045,brushing
0.605,0.179,0.449,10.097,-42.525,-40.267,brushing
0.735,-0.241,0.418,10.097,-42.525,-40.267,brushing
0.735,-0.241,0.418,11.777,-44.677,-57.242,brushing
0.817,0.116,0.529,11.777,-44.677,-57.242,brushing
0.817,0.116,0.529,19.355,19.442,-70.717,brushing
1.057,0.834,0.431,19.355,19.442,-70.717,brushing
1.057,0.834,0.431,26.337,41.02,-63.63,brushing
1.314,1.589,0.28,26.337,41.02,-63.63,brushing
1.314,1.589,0.28,25.042,17.482,-20.965,brushing
1.421,1.787,0.062,25.042,17.482,-20.965,brushing
1.421,1.787,0.062,13.632,-16.03,34.492,brushing
1.097,0.733,0.043,13.632,-16.03,34.492,brushing
1.097,0.733,0.043,4.287,5.6,66.727,brushing
1.176,0.989,-0.134,4.287,5.6,66.727,brushing
1.044,0.714,-0.087,-13.65,36.207,107.8,brushing
0.692,-0.758,0.055,-13.65,36.207,107.8,brushing
0.692,-0.758,0.055,-38.885,-15.365,98.612,brushing
0.235,-1.493,0.421,-38.885,-15.365,98.612,brushing
0.235,-1.493,0.421,-43.715,15.032,50.207,brushing
0.403,-0.843,0.396,-43.715,15.032,50.207,brushing
0.403,-0.843,0.396,-28.997,59.867,-21.07,brushing
0.806,1.139,0.713,-28.997,59.867,-21.07,brushing
0.806,1.139,0.713,-14.84,53.9,-25.9,brushing
0.774,0.269,0.527,-14.84,53.9,-25.9,brushing
0.774,0.269,0.527,-6.44,-39.9,-31.43,brushing
0.745,-0.129,0.493,-6.44,-39.9,-31.43,brushing
0.745,-0.129,0.493,2.73,-7.665,-38.447,brushing
0.875,0.238,0.407,2.73,-7.665,-38.447,brushing
0.875,0.238,0.407,-0.07,-22.015,-46.97,brushing
0.836,-0.091,0.422,-0.07,-22.015,-46.97,brushing
0.836,-0.091,0.422,-0.735,-11.9,-54.967,brushing
0.856,-0.096,0.527,-0.735,-11.9,-54.967,brushing
1.075,0.564,0.237,-0.735,-11.9,-54.967,brushing
1.075,0.564,0.237,9.905,4.007,-63.875,brushing
1.224,1.708,0.15,9.905,4.007,-63.875,brushing
1.224,1.708,0.15,20.177,49.752,-29.505,brushing
1.36,2.017,-0.132,20.177,49.752,-29.505,brushing
1.36,2.017,-0.132,18.602,35.717,28.07,brushing
1.007,0.471,-0.117,18.602,35.717,28.07,brushing
1.007,0.471,-0.117,1.085,-22.54,56.087,brushing
0.952,0.082,-0.147,1.085,-22.54,56.087,brushing
0.952,0.082,-0.147,-14.49,37.047,65.975,brushing
0.952,0.55,0.121,-14.49,37.047,65.975,brushing
0.952,0.55,0.121,-31.255,51.8,71.295,brushing
0.894,0.479,0.212,-31.255,51.8,71.295,brushing
0.894,0.479,0.212,-43.557,18.042,72.905,brushing
0.8,0.174,0.469,-43.557,18.042,72.905,brushing
0.8,0.174,0.469,-39.672,9.205,64.207,brushing
0.455,-0.637,0.978,-39.672,9.205,64.207,brushing
0.455,-0.637,0.978,-15.61,-39.637,6.58,brushing
0.316,-0.939,0.826,-15.61,-39.637,6.58,brushing
0.709,0.212,0.564,-15.61,-39.637,6.58,brushing
0.709,0.212,0.564,8.4,3.797,-34.09,brushing
0.833,0.875,0.408,8.4,3.797,-34.09,brushing
0.833,0.875,0.408,10.78,25.655,-35.35,brushing
0.752,0.475,0.211,10.78,25.655,-35.35,brushing
0.752,0.475,0.211,-4.655,-7.542,-29.75,brushing
0.83,0.334,0.057,-4.655,-7.542,-29.75,brushing
0.83,0.334,0.057,-25.55,5.81,-29.575,brushing
1.034,0.367,-0.004,-25.55,5.81,-29.575,brushing
1.034,0.367,-0.004,-50.47,9.975,-38.255,brushing
1.21,0.404,0.099,-50.47,9.975,-38.255,brushing
1.21,0.404,0.099,-71.26,-34.107,-49.105,brushing
1.321,0.692,0.231,-71.26,-34.107,-49.105,brushing
1.321,0.692,0.231,-83.475,-81.427,-40.635,brushing
1.245,0.75,0.557,-83.475,-81.427,-40.635,brushing
1.245,0.75,0.557,-82.897,-156.012,-23.887,brushing
1.193,0.373,0.577,-82.897,-156.012,-23.887,brushing
1.193,0.373,0.577,-73.92,-157.92,-2.117,brushing
1.169,0.075,0.506,-73.92,-157.92,-2.117,brushing
1.199,0.305,0.231,-73.92,-157.92,-2.117,brushing
1.199,0.305,0.231,-67.147,-97.807,18.13,brushing
1.163,0.457,0.33,-67.147,-97.807,18.13,brushing
1.163,0.457,0.33,-68.285,-62.23,39.41,brushing
0.991,0.62,0.391,-68.285,-62.23,39.41,brushing
0.991,0.62,0.391,-65.082,-47.547,66.99,brushing
1.029,0.701,0.204,-65.082,-47.547,66.99,brushing
1.029,0.701,0.204,-66.885,-63.402,95.55,brushing
0.888,0.073,0.085,-66.885,-63.402,95.55,brushing
0.888,0.073,0.085,-76.457,-45.762,118.142,brushing
0.625,-0.092,0.428,-76.457,-45.762,118.142,brushing
0.625,-0.092,0.428,-76.44,-20.37,111.475,brushing
0.213,-0.11,0.834,-76.44,-20.37,111.475,brushing
0.213,-0.11,0.834,-63.472,-57.12,80.237,brushing
0.082,-0.489,0.957,-63.472,-57.12,80.237,brushing
0.082,-0.489,0.957,-39.41,-54.985,41.51,brushing
0.071,-0.654,1.072,-39.41,-54.985,41.51,brushing
0.071,-0.654,1.072,-8.662,-6.475,-3.377,brushing
0.1,-0.41,0.925,-8.662,-6.475,-3.377,brushing
0.408,0.354,0.761,-8.662,-6.475,-3.377,brushing
0.408,0.354,0.761,12.127,31.167,-32.55,brushing
0.353,0.512,0.742,12.127,31.167,-32.55,brushing
0.353,0.512,0.742,20.632,-25.707,-44.607,brushing
0.415,0.046,0.746,20.632,-25.707,-44.607,brushing
0.415,0.046,0.746,25.935,-115.64,-60.532,brushing
0.622,0.049,0.818,25.935,-115.64,-60.532,brushing
0.622,0.049,0.818,34.93,-142.677,-68.6,brushing
0.803,-0.224,0.544,34.93,-142.677,-68.6,brushing
0.803,-0.224,0.544,32.707,-126.245,-66.395,brushing
1.087,-0.381,0.355,32.707,-126.245,-66.395,brushing
1.087,-0.381,0.355,26.687,-41.895,-58.695,brushing
1.529,0.33,0.183,26.687,-41.895,-58.695,brushing
1.529,0.33,0.183,16.52,14.805,-30.047,brushing
1.676,0.59,0.207,16.52,14.805,-30.047,brushing
1.676,0.59,0.207,3.92,-1.05,6.247,brushing
1.237,0.378,0.486,3.92,-1.05,6.247,brushing
1.198,0.557,0.153,-2.607,-24.535,35.472,brushing
0.811,0.056,0.603,-2.607,-24.535,35.472,brushing
0.811,0.056,0.603,-13.825,8.137,72.415,brushing
0.474,-0.107,0.623,-13.825,8.137,72.415,brushing
0.474,-0.107,0.623,-11.112,33.215,70.262,brushing
0.592,0.041,0.626,-11.112,33.215,70.262,brushing
0.592,0.041,0.626,-10.395,74.48,65.712,brushing
0.307,-0.034,0.939,-10.395,74.48,65.712,brushing
0.307,-0.034,0.939,-4.235,76.422,46.795,brushing
0.146,-0.269,1.142,-4.235,76.422,46.795,brushing
0.146,-0.269,1.142,9.572,18.112,3.29,brushing
0.186,-0.353,0.978,9.572,18.112,3.29,brushing
0.186,-0.353,0.978,25.952,4.917,-32.2,brushing
0.475,0.208,0.761,25.952,4.917,-32.2,brushing
0.475,0.208,0.761,29.557,1.855,-42.455,brushing
0.533,0.305,0.648,29.557,1.855,-42.455,brushing
0.533,0.305,0.648,21.455,-69.055,-56.105,brushing
0.359,-0.219,0.711,21.455,-69.055,-56.105,brushing
0.457,-0.56,0.783,16.327,-118.177,-86.047,brushing
0.906,-0.467,0.354,16.327,-118.177,-86.047,brushing
0.906,-0.467,0.354,15.242,-71.382,-106.015,brushing
1.514,0.178,0.061,15.242,-71.382,-106.015,brushing
1.514,0.178,0.061,11.952,50.155,-92.907,brushing
1.835,0.971,0.116,11.952,50.155,-92.907,brushing
1.835,0.971,0.116,4.602,103.302,-46.987,brushing
1.433,0.963,0.497,4.602,103.302,-46.987,brushing
1.433,0.963,0.497,0.192,64.452,8.155,brushing
1.238,0.795,0.206,0.192,64.452,8.155,brushing
1.238,0.795,0.206,-5.197,48.3,61.127,brushing
1.241,0.455,0.135,-5.197,48.3,61.127,brushing
1.241,0.455,0.135,-21.402,113.487,106.067,brushing
0.558,-0.116,0.571,-21.402,113.487,106.067,brushing
0.558,-0.116,0.571,-26.11,131.967,99.75,brushing
0.714,0.418,0.686,-26.11,131.967,99.75,brushing
0.714,0.418,0.686,-24.097,87.237,87.99,brushing
0.308,-0.016,1.155,-24.097,87.237,87.99,brushing
0.133,-0.481,1.224,-24.097,87.237,87.99,brushing
0.133,-0.481,1.224,-2.1,24.167,50.732,brushing
0.103,-0.433,1.011,-2.1,24.167,50.732,brushing
0.103,-0.433,1.011,30.275,14.752,-4.2,brushing
0.315,-0.092,0.635,30.275,14.752,-4.2,brushing
0.315,-0.092,0.635,46.2,38.517,-35.822,brushing
0.167,0.01,0.635,46.2,38.517,-35.822,brushing
0.167,0.01,0.635,49.21,23.957,-65.992,brushing
0.504,0.181,0.312,49.21,23.957,-65.992,brushing
0.504,0.181,0.312,30.607,-48.352,-91.7,brushing
1.129,0.469,0.092,30.607,-48.352,-91.7,brushing
1.129,0.469,0.092,0.49,-24.237,-73.097,brushing
1.479,0.252,0.245,0.49,-24.237,-73.097,brushing
1.479,0.252,0.245,-10.272,54.705,-43.785,brushing
1.703,0.826,0.445,-10.272,54.705,-43.785,brushing
1.703,0.826,0.445,-8.837,67.795,-2.887,brushing
1.304,0.857,0.832,-8.837,67.795,-2.887,brushing
1.304,0.857,0.832,-2.835,-18.077,26.512,brushing
1.053,0.489,0.36,-2.835,-18.077,26.512,brushing
1.429,0.653,-0.01,-2.835,-18.077,26.512,brushing
1.429,0.653,-0.01,-17.307,-5.057,63.07,brushing
0.686,-0.059,0.418,-17.307,-5.057,63.07,brushing
0.686,-0.059,0.418,-46.777,33.512,84.052,brushing
0.364,-0.083,0.787,-46.777,33.512,84.052,brushing
0.364,-0.083,0.787,-53.41,45.22,61.285,brushing
0.142,-0.174,1.151,-53.41,45.22,61.285,brushing
0.142,-0.174,1.151,-39.707,-2.607,22.662,brushing
0.024,-0.332,1.202,-39.707,-2.607,22.662,brushing
0.024,-0.332,1.202,-3.937,-15.277,-20.265,brushing
0.332,0.477,0.991,-3.937,-15.277,-20.265,brushing
0.332,0.477,0.991,27.545,-14.035,-34.702,brushing
0.473,0.655,0.775,27.545,-14.035,-34.702,brushing
0.473,0.655,0.775,38.885,-72.17,-38.342,brushing
0.474,0.093,0.511,38.885,-72.17,-38.342,brushing
0.474,0.093,0.511,35.105,-109.077,-59.447,brushing
0.447,-0.589,0.471,35.105,-109.077,-59.447,brushing
0.447,-0.589,0.471,29.592,-72.887,-87.92,brushing
0.936,-0.161,0.418,29.592,-72.887,-87.92,brushing
1.62,0.725,0.087,29.592,-72.887,-87.92,brushing
1.62,0.725,0.087,20.475,-6.02,-78.032,brushing
1.913,1.145,0.067,20.475,-6.02,-78.032,brushing
1.913,1.145,0.067,-2.362,20.755,-25.445,brushing
1.214,0.61,0.473,-2.362,20.755,-25.445,brushing
1.214,0.61,0.473,-21.945,-21.612,20.807,brushing
0.926,0.175,0.249,-21.945,-21.612,20.807,brushing
0.926,0.175,0.249,-29.575,-9.31,46.83,brushing
1.145,0.726,0.122,-29.575,-9.31,46.83,brushing
1.145,0.726,0.122,-45.482,49.735,80.465,brushing
0.569,-0.197,0.717,-45.482,49.735,80.465,brushing
0.569,-0.197,0.717,-52.972,19.04,70.787,brushing
0.407,-0.214,0.542,-52.972,19.04,70.787,brushing
0.407,-0.214,0.542,-50.137,34.44,47.88,brushing
0.359,0.07,0.881,-50.137,34.44,47.88,brushing
0.359,0.07,0.881,-40.407,15.925,19.757,brushing
0.057,-0.281,1.078,-40.407,15.925,19.757,brushing
0.03,-0.12,1.197,-10.762,0.945,-23.17,brushing
0.333,0.589,1.116,-10.762,0.945,-23.17,brushing
0.333,0.589,1.116,24.465,-13.09,-50.942,brushing
0.337,0.338,0.895,24.465,-13.09,-50.942,brushing
0.337,0.338,0.895,46.042,-82.6,-63.14,brushing
0.433,-0.156,0.642,46.042,-82.6,-63.14,brushing
0.433,-0.156,0.642,51.817,-115.867,-78.925,brushing
0.711,-0.265,0.536,51.817,-115.867,-78.925,brushing
0.711,-0.265,0.536,43.89,-86.852,-94.43,brushing
1.234,0.096,0.319,43.89,-86.852,-94.43,brushing
1.234,0.096,0.319,29.207,-33.46,-93.397,brushing
1.831,0.843,0.047,29.207,-33.46,-93.397,brushing
1.831,0.843,0.047,5.6,10.99,-47.67,brushing
1.871,1.255,0.153,5.6,10.99,-47.67,brushing
1.871,1.255,0.153,-22.61,-24.29,14.297,brushing
1.351,0.705,0.199,-22.61,-24.29,14.297,brushing
1.351,0.705,0.199,-43.102,-21.087,68.53,brushing
1.26,0.584,0.303,-43.102,-21.087,68.53,brushing
0.452,-0.011,0.844,-49.402,54.547,107.292,brushing
0.478,0.455,0.859,-49.402,54.547,107.292,brushing
0.478,0.455,0.859,-42.332,59.85,102.655,brushing
-0.205,-0.716,1.421,-42.332,59.85,102.655,brushing
-0.205,-0.716,1.421,-31.622,-28.402,63.455,brushing
-0.437,-1.027,1.044,-31.622,-28.402,63.455,brushing
-0.437,-1.027,1.044,5.442,-48.842,-21.472,brushing
0.452,1.02,0.875,5.442,-48.842,-21.472,brushing
0.452,1.02,0.875,31.867,25.777,-32.987,brushing
0.494,0.78,0.783,31.867,25.777,-32.987,brushing
0.494,0.78,0.783,27.807,-85.715,-32.97,brushing
0.315,-0.405,0.705,27.807,-85.715,-32.97,brushing
0.315,-0.405,0.705,32.777,-101.815,-59.622,brushing
0.426,-0.575,0.64,32.777,-101.815,-59.622,brushing
0.426,-0.575,0.64,33.022,-80.937,-94.797,brushing
0.825,-0.318,0.516,33.022,-80.937,-94.797,brushing
0.825,-0.318,0.516,24.622,-58.065,-110.95,brushing
1.436,0.143,0.145,24.622,-58.065,-110.95,brushing
2.005,1.214,-0.133,24.622,-58.065,-110.95,brushing
2.005,1.214,-0.133,8.067,16.152,-74.707,brushing
1.635,1.438,0.259,8.067,16.152,-74.707,brushing
1.635,1.438,0.259,-19.302,41.16,5.442,brushing
1.12,0.72,0.254,-19.302,41.16,5.442,brushing
1.12,0.72,0.254,-38.57,-10.5,63.297,brushing
0.964,0.401,0.626,-38.57,-10.5,63.297,brushing
0.964,0.401,0.626,-41.3,62.702,114.45,brushing
0.444,0.15,0.772,-41.3,62.702,114.45,brushing
0.444,0.15,0.772,-36.837,40.075,110.355,brushing
0.31,-0.047,1.036,-36.837,40.075,110.355,brushing
0.31,-0.047,1.036,-22.977,16.485,86.73,brushing
-0.237,-0.688,1.302,-22.977,16.485,86.73,brushing
-0.237,-0.688,1.302,9.38,-36.592,16.345,brushing
-0.235,-0.591,1.015,9.38,-36.592,16.345,brushing
-0.235,-0.591,1.015,45.43,3.01,-36.137,brushing
0.297,0.702,0.666,45.43,3.01,-36.137,brushing
0.297,0.702,0.666,51.695,-27.352,-44.205,brushing
0.265,0.269,0.695,51.695,-27.352,-44.205,brushing
0.241,-0.405,0.673,51.695,-27.352,-44.205,brushing
0.241,-0.405,0.673,54.582,-90.02,-69.825,brushing
0.579,-0.521,0.604,54.582,-90.02,-69.825,brushing
0.579,-0.521,0.604,57.61,-90.842,-105.7,brushing
1.026,-0.442,0.442,57.61,-90.842,-105.7,brushing
1.026,-0.442,0.442,54.25,-39.042,-124.127,brushing
1.589,0.462,0.194,54.25,-39.042,-124.127,brushing
1.589,0.462,0.194,52.08,59.675,-101.132,brushing
1.984,1.67,-0.004,52.08,59.675,-101.132,brushing
1.984,1.67,-0.004,34.667,86.082,-25.13,brushing
1.365,1.106,0.474,34.667,86.082,-25.13,brushing
1.365,1.106,0.474,10.867,-25.655,32.235,brushing
1.18,0.359,0.169,10.867,-25.655,32.235,brushing
1.18,0.359,0.169,-2.642,27.667,77.91,brushing
1.16,0.284,0.038,-2.642,27.667,77.91,brushing
1.16,0.284,0.038,-23.415,129.5,102.742,brushing
0.44,-0.072,0.773,-23.415,129.5,102.742,brushing
0.44,-0.072,0.773,-28.945,95.235,66.517,brushing
0.17,-0.107,0.838,-28.945,95.235,66.517,brushing
-0.142,-0.384,1.222,-28.945,95.235,66.517,brushing
-0.142,-0.384,1.222,-9.66,93.677,20.405,brushing
0.047,0.085,0.815,-9.66,93.677,20.405,brushing
0.047,0.085,0.815,23.345,86.24,-32.812,brushing
0.518,0.734,0.719,23.345,86.24,-32.812,brushing
0.518,0.734,0.719,37.835,109.287,-35.42,brushing
0.431,0.354,0.775,37.835,109.287,-35.42,brushing
0.431,0.354,0.775,41.562,35.805,-44.73,brushing
0.442,-0.154,0.7,41.562,35.805,-44.73,brushing
0.442,-0.154,0.7,47.845,17.727,-64.715,brushing
0.426,-0.447,1.071,47.845,17.727,-64.715,brushing
0.426,-0.447,1.071,67.2,74.217,-84.682,brushing
1.28,1.006,0.156,67.2,74.217,-84.682,brushing
1.28,1.006,0.156,53.217,27.055,-74.532,brushing
1.994,0.949,-0.462,53.217,27.055,-74.532,brushing
1.994,0.949,-0.462,8.82,25.62,-24.132,brushing
1.941,1.167,-0.288,8.82,25.62,-24.132,brushing
1.941,1.167,-0.288,-32.76,11.672,28.122,brushing
1.232,0.595,0.091,-32.76,11.672,28.122,brushing
1.029,0.615,0.212,-32.76,11.672,28.122,brushing
1.029,0.615,0.212,-51.345,23.852,58.852,brushing
1.11,1.309,0.339,-51.345,23.852,58.852,brushing
1.11,1.309,0.339,-59.062,61.25,95.357,brushing
0.389,-0.152,1.015,-59.062,61.25,95.357,brushing
0.389,-0.152,1.015,-53.637,-21.035,98.07,brushing
-0.066,-0.92,0.817,-53.637,-21.035,98.07,brushing
-0.066,-0.92,0.817,-28.455,-33.057,37.87,brushing
-0.145,-0.366,1.145,-28.455,-33.057,37.87,brushing
-0.145,-0.366,1.145,6.387,24.255,-21.262,brushing
0.247,0.85,0.791,6.387,24.255,-21.262,brushing
0.247,0.85,0.791,28.367,38.797,-31.92,brushing
0.479,1.042,0.679,28.367,38.797,-31.92,brushing
0.479,1.042,0.679,28.245,-33.74,-31.517,brushing
0.455,0.306,0.586,28.245,-33.74,-31.517,brushing
0.455,0.306,0.586,24.132,-77.857,-50.645,brushing
0.454,-0.13,0.734,24.132,-77.857,-50.645,brushing
0.581,-0.569,0.703,25.83,-90.685,-87.167,brushing
1.376,0.279,0.293,25.83,-90.685,-87.167,brushing
1.376,0.279,0.293,31.22,-35.752,-109.042,brushing
2.005,1.763,-0.12,31.22,-35.752,-109.042,brushing
2.005,1.763,-0.12,18.795,12.635,-67.445,brushing
1.564,1.517,0.174,18.795,12.635,-67.445,brushing
1.564,1.517,0.174,-9.712,-51.607,8.207,brushing
0.861,0.367,0.274,-9.712,-51.607,8.207,brushing
0.861,0.367,0.274,-15.68,-63.087,51.397,brushing
1.281,0.879,-0.216,-15.68,-63.087,51.397,brushing
1.281,0.879,-0.216,-28.367,34.352,97.965,brushing
0.83,-0.071,0.547,-28.367,34.352,97.965,brushing
0.83,-0.071,0.547,-40.46,13.527,92.155,brushing
0.377,-0.305,0.544,-40.46,13.527,92.155,brushing
0.377,-0.305,0.544,-35.14,22.575,52.797,brushing
0.205,-0.044,1.049,-35.14,22.575,52.797,brushing
0.205,-0.044,1.049,-15.942,-10.675,-7.105,brushing
-0.208,-0.029,1.153,-15.942,-10.675,-7.105,brushing
0.081,0.933,1.107,-15.942,-10.675,-7.105,brushing
0.081,0.933,1.107,16.712,-7.245,-51.1,brushing
0.293,1.28,0.987,16.712,-7.245,-51.1,brushing
0.293,1.28,0.987,43.032,-43.942,-56.245,brushing
0.341,0.71,0.851,43.032,-43.942,-56.245,brushing
0.341,0.71,0.851,54.845,-141.802,-59.92,brushing
0.423,-0.034,0.732,54.845,-141.802,-59.92,brushing
0.423,-0.034,0.732,59.307,-194.845,-82.075,brushing
0.552,-0.673,0.424,59.307,-194.845,-82.075,brushing
0.552,-0.673,0.424,50.47,-208.915,-126,brushing
1.342,-0.282,0.148,50.47,-208.915,-126,brushing
1.342,-0.282,0.148,27.545,-122.657,-130.585,brushing
2.012,0.962,-0.117,27.545,-122.657,-130.585,brushing
2.012,0.962,-0.117,-0.157,-9.24,-67.497,brushing
1.958,1.672,0.096,-0.157,-9.24,-67.497,brushing
1.958,1.672,0.096,-19.442,-1.767,21.262,brushing
1.165,0.933,0.3,-19.442,-1.767,21.262,brushing
1.165,0.933,0.3,-21.35,-38.692,80.692,brushing
1.213,0.903,0.134,-21.35,-38.692,80.692,brushing
0.653,-0.24,0.741,-21.35,-38.692,80.692,brushing
0.653,-0.24,0.741,-16.87,-32.112,121.887,brushing
0.397,-0.219,0.386,-16.87,-32.112,121.887,brushing
0.397,-0.219,0.386,-4.042,-33.11,102.602,brushing
0.411,-0.052,0.398,-4.042,-33.11,102.602,brushing
0.411,-0.052,0.398,-7.77,-4.235,72.747,brushing
0.033,-0.223,0.615,-7.77,-4.235,72.747,brushing
0.033,-0.223,0.615,-17.64,-12.967,21.857,brushing
-0.145,-0.242,0.906,-17.64,-12.967,21.857,brushing
-0.145,-0.242,0.906,-5.057,-2.957,-34.632,brushing
0.248,0.798,1.035,-5.057,-2.957,-34.632,brushing
0.248,0.798,1.035,20.982,-3.36,-50.89,brushing
0.394,0.781,1.024,20.982,-3.36,-50.89,brushing
0.394,0.781,1.024,41.247,-95.2,-57.242,brushing
0.433,0.046,0.843,41.247,-95.2,-57.242,brushing
0.433,0.046,0.843,53.9,-147.875,-80.325,brushing
0.603,-0.487,0.55,53.9,-147.875,-80.325,brushing
0.603,-0.487,0.55,51.415,-131.46,-105.857,brushing
1.024,-0.534,0.387,51.415,-131.46,-105.857,brushing
1.569,0.052,0.242,51.415,-131.46,-105.857,brushing
1.569,0.052,0.242,41.772,-76.072,-109.392,brushing
2.004,0.855,-0.105,41.772,-76.072,-109.392,brushing
2.004,0.855,-0.105,29.872,18.305,-60.2,brushing
1.597,0.953,0.124,29.872,18.305,-60.2,brushing
1.597,0.953,0.124,9.24,53.462,20.457,brushing
1.234,0.425,0.08,9.24,53.462,20.457,brushing
1.234,0.425,0.08,-8.505,3.64,67.515,brushing
1.079,0.249,0.452,-8.505,3.64,67.515,brushing
1.079,0.249,0.452,-11.2,46.095,103.267,brushing
0.672,0.345,0.658,-11.2,46.095,103.267,brushing
0.672,0.345,0.658,-6.527,18.06,103.477,brushing
0.679,0.356,0.62,-6.527,18.06,103.477,brushing
0.679,0.356,0.62,-10.272,-22.96,88.882,brushing
0.322,-0.039,0.888,-10.272,-22.96,88.882,brushing
0.322,-0.039,0.888,-2.555,-45.71,43.487,brushing
-0.09,-0.512,1.075,-2.555,-45.71,43.487,brushing
-0.09,-0.512,1.075,16.87,-55.335,-18.532,brushing
0.268,0.456,0.89,16.87,-55.335,-18.532,brushing
0.48,1.215,0.748,16.87,-55.335,-18.532,brushing
0.48,1.215,0.748,31.832,-62.422,-29.995,brushing
0.429,0.635,0.64,31.832,-62.422,-29.995,brushing
0.429,0.635,0.64,24.167,-188.23,-28.997,brushing
0.64,-0.17,0.475,24.167,-188.23,-28.997,brushing
0.64,-0.17,0.475,17.587,-256.427,-41.195,brushing
0.918,-0.469,0.529,17.587,-256.427,-41.195,brushing
0.918,-0.469,0.529,19.547,-211.172,-46.392,brushing
1.178,-0.204,0.29,19.547,-211.172,-46.392,brushing
1.178,-0.204,0.29,14.21,-175.262,-44.012,brushing
1.416,0.092,0.104,14.21,-175.262,-44.012,brushing
1.416,0.092,0.104,-1.802,-126.875,-12.687,brushing
1.529,0.356,-0.003,-1.802,-126.875,-12.687,brushing
1.529,0.356,-0.003,-11.97,-64.61,34.755,brushing
1.222,-0.056,0.441,-11.97,-64.61,34.755,brushing
1.222,-0.056,0.441,-8.96,-52.395,50.837,brushing
1.031,-0.517,0.515,-8.96,-52.395,50.837,brushing
0.918,-0.27,0.639,6.44,-9.135,46.147,brushing
0.677,-0.22,0.648,6.44,-9.135,46.147,brushing
0.677,-0.22,0.648,16.8,9.135,37.292,brushing
0.49,-0.134,0.711,16.8,9.135,37.292,brushing
0.49,-0.134,0.711,16.327,4.917,20.492,brushing
0.504,0.164,0.659,16.327,4.917,20.492,brushing
0.504,0.164,0.659,8.907,4.322,7.49,brushing
0.625,0.542,0.69,8.907,4.322,7.49,brushing
0.625,0.542,0.69,-2.695,8.785,15.4,brushing
0.685,0.263,0.732,-2.695,8.785,15.4,brushing
0.685,0.263,0.732,-10.255,-1.75,24.325,brushing
0.701,-0.138,0.682,-10.255,-1.75,24.325,brushing
0.701,-0.138,0.682,-8.662,5.302,15.452,brushing
0.726,-0.275,0.696,-8.662,5.302,15.452,brushing
0.726,-0.275,0.696,-7.7,-5.792,-0.612,brushing
0.71,-0.272,0.722,-7.7,-5.792,-0.612,brushing
0.71,-0.272,0.722,-4.55,-20.79,-16.152,brushing
0.721,-0.133,0.709,-4.55,-20.79,-16.152,brushing
0.675,0.009,0.679,-2.66,-29.207,-24.832,brushing
0.637,-0.068,0.566,-2.66,-29.207,-24.832,brushing
0.637,-0.068,0.566,-4.41,-41.317,-29.452,brushing
0.603,-0.192,0.486,-4.41,-41.317,-29.452,brushing
0.603,-0.192,0.486,-9.03,-45.587,-36.12,brushing
0.6,-0.405,0.443,-9.03,-45.587,-36.12,brushing
0.6,-0.405,0.443,-17.325,-49.997,-49.052,brushing
0.721,-0.512,0.499,-17.325,-49.997,-49.052,brushing
0.721,-0.512,0.499,-25.025,-30.765,-62.195,brushing
1.009,-0.205,0.468,-25.025,-30.765,-62.195,brushing
1.009,-0.205,0.468,-25.707,-10.272,-65.695,brushing
1.312,0.103,0.487,-25.707,-10.272,-65.695,brushing
1.312,0.103,0.487,-16.135,19.687,-48.86,brushing
1.551,0.443,0.431,-16.135,19.687,-48.86,brushing
1.551,0.443,0.431,4.252,70.507,-3.937,brushing
1.495,0.596,0.496,4.252,70.507,-3.937,brushing
1.495,0.596,0.496,16.065,53.865,42.63,brushing
1.322,0.297,0.39,16.065,53.865,42.63,brushing
1.037,0.1,0.608,16.065,53.865,42.63,brushing
1.037,0.1,0.608,21.927,50.54,80.955,brushing
0.716,-0.287,0.538,21.927,50.54,80.955,brushing
0.716,-0.287,0.538,30.607,49.227,89.792,brushing
0.891,0.356,0.553,30.607,49.227,89.792,brushing
0.891,0.356,0.553,27.387,75.845,95.55,brushing
0.61,0.365,0.872,27.387,75.845,95.55,brushing
0.61,0.365,0.872,20.142,54.775,100.642,brushing
0.32,-0.421,1.083,20.142,54.775,100.642,brushing
0.32,-0.421,1.083,19.757,3.692,70.49,brushing
-0.378,-1.49,1.308,19.757,3.692,70.49,brushing
-0.378,-1.49,1.308,30.292,-57.417,-32.882,brushing
0.33,0.072,0.663,30.292,-57.417,-32.882,brushing
0.33,0.072,0.663,31.727,-10.535,-65.187,brushing
0.49,0.586,0.315,31.727,-10.535,-65.187,brushing
0.49,0.586,0.315,-0.717,-32.095,-48.755,brushing
0.471,0.223,0.179,-0.717,-32.095,-48.755,brushing
0.471,0.223,0.179,-23.992,-46.952,-37.397,brushing
0.577,0.329,1.037,-23.992,-46.952,-37.397,brushing
1.13,-0.074,0.512,-23.992,-46.952,-37.397,brushing
1.13,-0.074,0.512,-19.985,-75.285,-24.01,brushing
0.988,-0.972,0.52,-19.985,-75.285,-24.01,brushing
0.988,-0.972,0.52,-27.807,-67.077,-25.777,brushing
1.108,-0.571,0.324,-27.807,-67.077,-25.777,brushing
1.108,-0.571,0.324,-26.757,-24.342,-48.037,brushing
1.116,-0.352,0.556,-26.757,-24.342,-48.037,brushing
1.116,-0.352,0.556,-22.277,-6.545,-59.85,brushing
1.313,0.401,0.466,-22.277,-6.545,-59.85,brushing
1.313,0.401,0.466,-7.14,-0.437,-42.717,brushing
1.228,0.815,0.602,-7.14,-0.437,-42.717,brushing
1.228,0.815,0.602,11.13,-5.95,4.445,brushing
1.031,0.47,0.586,11.13,-5.95,4.445,brushing
1.031,0.47,0.586,25.83,-18.952,40.39,brushing
0.963,0.182,0.368,25.83,-18.952,40.39,brushing
0.963,0.182,0.368,33.67,26.95,59.377,brushing
0.611,-0.269,0.48,33.67,26.95,59.377,brushing
0.611,-0.269,0.48,26.145,34.3,47.092,brushing
0.7,0.049,0.334,26.145,34.3,47.092,brushing
0.552,0.119,0.668,26.145,34.3,47.092,brushing
0.552,0.119,0.668,11.83,42.787,38.815,brushing
0.437,0.119,0.929,11.83,42.787,38.815,brushing
0.437,0.119,0.929,5.215,14.14,24.972,brushing
0.419,-0.169,1.004,5.215,14.14,24.972,brushing
0.419,-0.169,1.004,8.627,-24.78,0.63,brushing
0.656,0.304,0.916,8.627,-24.78,0.63,brushing
0.656,0.304,0.916,18.917,-27.632,-4.077,brushing
0.659,-0.104,0.728,18.917,-27.632,-4.077,brushing
0.659,-0.104,0.728,17.027,-65.222,-3.167,brushing
0.647,-0.478,0.598,17.027,-65.222,-3.167,brushing
0.647,-0.478,0.598,15.68,-78.505,-16.625,brushing
0.73,-0.335,0.516,15.68,-78.505,-16.625,brushing
0.73,-0.335,0.516,11.742,-94.762,-27.667,brushing
0.652,-0.334,0.519,11.742,-94.762,-27.667,brushing
0.652,-0.334,0.519,9.415,-98.665,-37.397,brushing
0.545,-0.521,0.548,9.415,-98.665,-37.397,brushing
0.894,-0.126,0.31,15.855,-49.28,-50.225,brushing
1.329,0.422,0.043,15.855,-49.28,-50.225,brushing
1.329,0.422,0.043,13.65,-3.727,-42.962,brushing
1.301,0.166,0.109,13.65,-3.727,-42.962,brushing
1.301,0.166,0.109,5.215,14.087,-18.427,brushing
1.084,-0.06,0.317,5.215,14.087,-18.427,brushing
1.084,-0.06,0.317,10.71,32.69,-4.935,brushing
1.005,-0.009,0.53,10.71,32.69,-4.935,brushing
1.005,-0.009,0.53,23.782,34.195,1.067,brushing
0.977,0.12,0.649,23.782,34.195,1.067,brushing
0.977,0.12,0.649,39.235,23.677,12.39,brushing
0.638,-0.691,0.869,39.235,23.677,12.39,brushing
0.638,-0.691,0.869,53.322,11.847,-3.902,brushing
0.782,-0.185,0.581,53.322,11.847,-3.902,brushing
0.782,-0.185,0.581,59.937,4.655,-21,brushing
0.706,-0.176,0.612,59.937,4.655,-21,brushing
0.706,-0.176,0.612,51.135,-21.577,-30.695,brushing
0.75,-0.01,0.485,51.135,-21.577,-30.695,brushing
0.798,0.036,0.45,38.587,-14.857,-29.697,brushing
0.888,0.034,0.493,38.587,-14.857,-29.697,brushing
0.888,0.034,0.493,22.207,-5.67,-24.5,brushing
0.948,0,0.562,22.207,-5.67,-24.5,brushing
0.948,0,0.562,9.1,-2.975,-21.787,brushing
0.938,0.001,0.659,9.1,-2.975,-21.787,brushing
0.938,0.001,0.659,4.83,-8.382,-21.035,brushing
0.908,-0.021,0.734,4.83,-8.382,-21.035,brushing
0.908,-0.021,0.734,7.052,-27.09,-19.687,brushing
0.915,-0.099,0.714,7.052,-27.09,-19.687,brushing
0.915,-0.099,0.714,14.14,-31.062,-15.662,brushing
0.932,-0.108,0.586,14.14,-31.062,-15.662,brushing
0.932,-0.108,0.586,17.447,-26.372,-9.467,brushing
0.934,-0.051,0.465,17.447,-26.372,-9.467,brushing
0.934,-0.051,0.465,14.84,-33.372,-3.85,brushing
0.975,0.019,0.311,14.84,-33.372,-3.85,brushing
0.975,0.019,0.311,2.117,-49.647,1.155,brushing
0.935,-0.103,0.317,2.117,-49.647,1.155,brushing
0.906,-0.108,0.361,2.117,-49.647,1.155,brushing
0.906,-0.108,0.361,-6.982,-38.255,2.642,brushing
0.892,-0.074,0.39,-6.982,-38.255,2.642,brushing
0.892,-0.074,0.39,-11.672,-23.765,1.855,brushing
0.882,-0.117,0.384,-11.672,-23.765,1.855,brushing
0.882,-0.117,0.384,-15.89,-18.235,-1.05,brushing
0.874,-0.178,0.352,-15.89,-18.235,-1.05,brushing
0.874,-0.178,0.352,-19.285,4.83,-3.797,brushing
0.857,-0.276,0.347,-19.285,4.83,-3.797,brushing
0.857,-0.276,0.347,-20.965,63.245,-4.9,brushing
0.82,-0.237,0.491,-20.965,63.245,-4.9,brushing
0.82,-0.237,0.491,-12.6,121.782,-7.7,brushing
0.882,0.103,0.32,-12.6,121.782,-7.7,brushing
0.882,0.103,0.32,-14.595,79.992,-16.835,brushing
0.908,0.198,0.327,-14.595,79.992,-16.835,brushing
0.908,0.198,0.327,-28.035,-19.127,-27.58,brushing
0.852,0.042,0.474,-28.035,-19.127,-27.58,brushing
0.852,0.042,0.474,-30.765,-69.632,-33.827,brushing
0.816,-0.122,0.622,-30.765,-69.632,-33.827,brushing
0.825,-0.123,0.625,-30.765,-69.632,-33.827,brushing
0.825,-0.123,0.625,-20.755,-53.06,-35.525,brushing
0.863,0.015,0.553,-20.755,-53.06,-35.525,brushing
0.863,0.015,0.553,-11.427,-16.905,-34.58,brushing
0.903,0.275,0.56,-11.427,-16.905,-34.58,brushing
0.903,0.275,0.56,-5.547,11.182,-25.165,brushing
1.063,0.599,0.493,-5.547,11.182,-25.165,brushing
1.063,0.599,0.493,-5.67,-3.412,-7.227,brushing
1.161,0.595,0.521,-5.67,-3.412,-7.227,brushing
1.161,0.595,0.521,-8.015,-6.615,22.697,brushing
1.175,0.435,0.608,-8.015,-6.615,22.697,brushing
1.175,0.435,0.608,-0.77,31.027,56.175,brushing
1.149,0.202,0.512,-0.77,31.027,56.175,brushing
1.149,0.202,0.512,8.575,82.215,80.57,brushing
1.108,-0.116,0.455,8.575,82.215,80.57,brushing
1.108,-0.116,0.455,12.775,136.272,91.752,brushing
0.98,-0.513,0.346,12.775,136.272,91.752,brushing
0.98,-0.513,0.346,11.655,202.842,86.712,brushing
0.825,-0.704,0.295,11.655,202.842,86.712,brushing
0.782,-0.442,0.259,11.655,202.842,86.712,brushing
0.782,-0.442,0.259,7.91,281.767,73.745,brushing
0.63,-0.314,0.392,7.91,281.767,73.745,brushing
0.63,-0.314,0.392,0.84,324.362,52.885,brushing
0.368,-0.248,0.548,0.84,324.362,52.885,brushing
0.368,-0.248,0.548,2.537,287.472,6.16,brushing
0.398,0.348,0.634,2.537,287.472,6.16,brushing
0.398,0.348,0.634,11.83,195.632,-36.137,brushing
0.445,0.622,0.764,11.83,195.632,-36.137,brushing
0.445,0.622,0.764,24.692,76.265,-55.09,brushing
0.342,0.239,0.63,24.692,76.265,-55.09,brushing
0.342,0.239,0.63,34.877,9.03,-62.965,brushing
0.699,0.608,0.331,34.877,9.03,-62.965,brushing
0.699,0.608,0.331,31.902,33.792,-42.42,brushing
1.278,0.951,-0.038,31.902,33.792,-42.42,brushing
1.278,0.951,-0.038,8.277,12.04,-10.185,brushing
1.644,0.485,-0.278,8.277,12.04,-10.185,brushing
1.644,0.485,-0.278,-16.082,47.355,22.977,brushing
1.616,0.275,-0.109,-16.082,47.355,22.977,brushing
1.249,0.234,0.221,-16.082,47.355,22.977,brushing
1.249,0.234,0.221,-31.202,79.047,45.132,brushing
1.131,0.385,0.241,-31.202,79.047,45.132,brushing
1.131,0.385,0.241,-37.17,98.28,65.957,brushing
1.033,0.627,0.212,-37.17,98.28,65.957,brushing
1.033,0.627,0.212,-49.752,107.45,86.642,brushing
0.73,0.546,0.507,-49.752,107.45,86.642,brushing
0.73,0.546,0.507,-65.817,37.31,84.35,brushing
0.379,-0.07,0.966,-65.817,37.31,84.35,brushing
0.379,-0.07,0.966,-53.97,11.987,64.365,brushing
0.015,-0.566,1.185,-53.97,11.987,64.365,brushing
0.015,-0.566,1.185,-10.937,60.165,21.227,brushing
0.179,0.139,0.829,-10.937,60.165,21.227,brushing
0.179,0.139,0.829,20.79,68.495,-8.715,brushing
0.512,1.007,0.743,20.79,68.495,-8.715,brushing
0.512,1.007,0.743,25.182,-63.542,-14.857,brushing
0.514,0.298,0.528,25.182,-63.542,-14.857,brushing
0.464,-0.789,0.754,22.015,-120.277,-28.175,brushing
1.178,-0.345,0.245,22.015,-120.277,-28.175,brushing
1.178,-0.345,0.245,20.965,-65.59,-55.44,brushing
1.818,0.21,-0.113,20.965,-65.59,-55.44,brushing
1.818,0.21,-0.113,3.692,36.015,-46.795,brushing
1.947,1.24,-0.001,3.692,36.015,-46.795,brushing
1.947,1.24,-0.001,-25.672,73.78,-4.077,brushing
1.317,1.085,0.304,-25.672,73.78,-4.077,brushing
1.317,1.085,0.304,-47.005,7.717,47.337,brushing
1.095,0.893,0.32,-47.005,7.717,47.337,brushing
1.095,0.893,0.32,-54.985,-11.585,89.267,brushing
1.113,0.665,0.068,-54.985,-11.585,89.267,brushing
1.113,0.665,0.068,-68.232,-5.722,116.602,brushing
0.507,-0.573,0.495,-68.232,-5.722,116.602,brushing
0.507,-0.573,0.495,-64.032,32.917,87.815,brushing
0.159,-0.039,0.693,-64.032,32.917,87.815,brushing
0.159,-0.039,0.693,-48.055,12.582,37.135,brushing
-0.11,-0.201,1.031,-48.055,12.582,37.135,brushing
-0.201,-0.001,1.03,-48.055,12.582,37.135,brushing
-0.201,-0.001,1.03,-9.327,-10.272,-14.052,brushing
0.236,0.834,0.847,-9.327,-10.272,-14.052,brushing
0.236,0.834,0.847,32.287,3.517,-31.027,brushing
0.367,0.316,0.651,32.287,3.517,-31.027,brushing
0.367,0.316,0.651,45.85,-70.787,-37.135,brushing
0.546,-0.592,0.471,45.85,-70.787,-37.135,brushing
0.546,-0.592,0.471,44.817,-102.62,-65.432,brushing
0.999,-0.764,0.355,44.817,-102.62,-65.432,brushing
0.999,-0.764,0.355,44.905,-50.855,-103.145,brushing
1.655,0.477,0.059,44.905,-50.855,-103.145,brushing
1.655,0.477,0.059,42.77,15.89,-90.877,brushing
2.167,1.623,-0.389,42.77,15.89,-90.877,brushing
2.167,1.623,-0.389,8.785,19.565,-15.155,brushing
1.525,1.003,0.051,8.785,19.565,-15.155,brushing
1.525,1.003,0.051,-17.972,4.952,51.205,brushing
1.253,0.564,0.112,-17.972,4.952,51.205,brushing
1.253,0.564,0.112,-29.312,69.58,108.22,brushing
1.121,0.511,0.577,-29.312,69.58,108.22,brushing
0.122,-0.761,0.765,-29.312,69.58,108.22,brushing
0.122,-0.761,0.765,-42.017,-31.727,86.1,brushing
0.2,-0.405,1.22,-42.017,-31.727,86.1,brushing
0.2,-0.405,1.22,-22.015,10.71,44.992,brushing
-0.198,-0.196,1.364,-22.015,10.71,44.992,brushing
-0.198,-0.196,1.364,7.507,-26.565,-10.272,brushing
0.05,0.199,1.088,7.507,-26.565,-10.272,brushing
0.05,0.199,1.088,38.115,-69.72,-45.78,brushing
0.464,0.259,0.631,38.115,-69.72,-45.78,brushing
0.464,0.259,0.631,40.197,-83.457,-61.355,brushing
0.521,-0.322,0.567,40.197,-83.457,-61.355,brushing
0.521,-0.322,0.567,27.702,-107.555,-92.102,brushing
0.832,-0.453,0.419,27.702,-107.555,-92.102,brushing
0.832,-0.453,0.419,20.912,-57.505,-114.537,brushing
1.287,0.341,0.311,20.912,-57.505,-114.537,brushing
1.287,0.341,0.311,12.407,-27.352,-97.125,brushing
1.852,1.017,-0.046,12.407,-27.352,-97.125,brushing
1.852,1.017,-0.046,-4.147,0.822,-29.82,brushing
1.886,1.287,-0.039,-4.147,0.822,-29.82,brushing
1.169,0.565,0.109,-4.147,0.822,-29.82,brushing
1.169,0.565,0.109,-20.352,1.295,41.107,brushing
1.233,0.537,0.066,-20.352,1.295,41.107,brushing
1.233,0.537,0.066,-28.07,26.285,89.127,brushing
0.713,-0.386,0.698,-28.07,26.285,89.127,brushing
0.713,-0.386,0.698,-29.33,11.602,99.785,brushing
0.726,-0.123,0.541,-29.33,11.602,99.785,brushing
0.726,-0.123,0.541,-15.837,14.245,83.702,brushing
0.566,0.043,0.645,-15.837,14.245,83.702,brushing
0.566,0.043,0.645,-15.172,-6.09,62.107,brushing
0.244,-0.097,0.916,-15.172,-6.09,62.107,brushing
0.244,-0.097,0.916,-6.3,-31.115,26.407,brushing
0,-0.199,1.178,-6.3,-31.115,26.407,brushing
0,-0.199,1.178,24.01,-45.5,-20.405,brushing
0.231,0.44,1.036,24.01,-45.5,-20.405,brushing
0.231,0.44,1.036,50.47,-60.182,-41.125,brushing
0.465,0.616,0.8,50.47,-60.182,-41.125,brushing
0.465,0.616,0.8,55.457,-123.497,-53.2,brushing
0.513,0.105,0.606,55.457,-123.497,-53.2,brushing
0.64,-0.296,0.518,55.457,-123.497,-53.2,brushing
0.64,-0.296,0.518,55.037,-148.767,-71.365,brushing
1.023,-0.294,0.404,55.037,-148.767,-71.365,brushing
1.023,-0.294,0.404,55.667,-123.147,-84.682,brushing
1.459,0.026,0.016,55.667,-123.147,-84.682,brushing
1.459,0.026,0.016,53.41,-77.42,-78.715,brushing
1.829,0.41,-0.252,53.41,-77.42,-78.715,brushing
1.829,0.41,-0.252,37.1,-11.935,-41.212,brushing
1.583,0.635,-0.106,37.1,-11.935,-41.212,brushing
1.583,0.635,-0.106,16.275,42.927,12.582,brushing
1.323,0.433,-0.002,16.275,42.927,12.582,brushing
1.323,0.433,-0.002,-1.4,66.955,53.777,brushing
1.255,0.406,0.179,-1.4,66.955,53.777,brushing
1.255,0.406,0.179,-10.43,90.685,83.23,brushing
0.667,-0.035,0.764,-10.43,90.685,83.23,brushing
0.667,-0.035,0.764,-7.332,38.325,69.142,brushing
0.607,-0.003,0.857,-7.332,38.325,69.142,brushing
0.607,-0.003,0.857,5.915,24.587,45.92,brushing
0.282,-0.213,1.097,5.915,24.587,45.92,brushing
0.077,-0.261,1.096,5.915,24.587,45.92,brushing
0.077,-0.261,1.096,22.802,-19.88,-2.975,brushing
0.526,0.597,0.666,22.802,-19.88,-2.975,brushing
0.526,0.597,0.666,33.897,-23.957,-32.217,brushing
0.593,0.713,0.588,33.897,-23.957,-32.217,brushing
0.593,0.713,0.588,23.362,-54.372,-29.732,brushing
0.591,0.074,0.516,23.362,-54.372,-29.732,brushing
0.591,0.074,0.516,11.742,-105,-39.112,brushing
0.618,-0.333,0.536,11.742,-105,-39.112,brushing
0.618,-0.333,0.536,6.492,-117.425,-62.79,brushing
0.893,-0.499,0.496,6.492,-117.425,-62.79,brushing
0.893,-0.499,0.496,8.82,-94.605,-84.7,brushing
1.354,-0.164,0.321,8.82,-94.605,-84.7,brushing
1.354,-0.164,0.321,17.482,-51.187,-85.365,brushing
1.685,0.356,-0.088,17.482,-51.187,-85.365,brushing
1.685,0.356,-0.088,16.957,1.767,-43.925,brushing
1.802,0.888,-0.249,16.957,1.767,-43.925,brushing
1.312,0.618,-0.064,1.855,13.055,18.742,brushing
1.303,0.248,-0.071,1.855,13.055,18.742,brushing
1.303,0.248,-0.071,-14.91,14.35,63.157,brushing
0.866,-0.019,0.45,-14.91,14.35,63.157,brushing
0.866,-0.019,0.45,-23.222,69.072,90.02,brushing
0.584,-0.174,0.54,-23.222,69.072,90.02,brushing
0.584,-0.174,0.54,-22.242,51.397,68.547,brushing
0.495,-0.017,0.806,-22.242,51.397,68.547,brushing
0.495,-0.017,0.806,-14.087,43.365,43.767,brushing
0.143,-0.204,0.996,-14.087,43.365,43.767,brushing
0.143,-0.204,0.996,0.052,-10.185,-0.962,brushing
0.263,0.068,0.805,0.052,-10.185,-0.962,brushing
0.263,0.068,0.805,15.365,-19.897,-31.815,brushing
0.516,0.586,0.61,15.365,-19.897,-31.815,brushing
0.516,0.586,0.61,14.735,-41.387,-38.185,brushing
0.53,0.263,0.613,14.735,-41.387,-38.185,brushing
0.53,0.263,0.613,11.655,-91.122,-53.882,brushing
0.548,-0.202,0.641,11.655,-91.122,-53.882,brushing
0.707,-0.476,0.583,11.655,-91.122,-53.882,brushing
0.707,-0.476,0.583,15.54,-103.127,-81.322,brushing
1.066,-0.326,0.432,15.54,-103.127,-81.322,brushing
1.066,-0.326,0.432,23.922,-60.445,-102.76,brushing
1.444,0.059,-0.017,23.922,-60.445,-102.76,brushing
1.444,0.059,-0.017,29.365,8.067,-101.132,brushing
1.795,0.799,-0.441,29.365,8.067,-101.132,brushing
1.795,0.799,-0.441,19.722,86.625,-56.595,brushing
1.438,0.901,-0.06,19.722,86.625,-56.595,brushing
1.438,0.901,-0.06,-7.122,56.577,-2.782,brushing
1.133,0.127,-0.029,-7.122,56.577,-2.782,brushing
1.133,0.127,-0.029,-22.522,59.202,29.015,brushing
1.265,0.306,-0.22,-22.522,59.202,29.015,brushing
1.265,0.306,-0.22,-37.817,170.397,60.147,brushing
0.515,-0.31,0.476,-37.817,170.397,60.147,brushing
0.515,-0.31,0.476,-49.857,160.387,30.625,brushing
0.294,-0.272,0.59,-49.857,160.387,30.625,brushing
0.294,-0.272,0.59,-34.912,179.252,-12.337,brushing
-0.084,-0.383,1.001,-34.912,179.252,-12.337,brushing
-0.027,0.055,0.565,-34.912,179.252,-12.337,brushing
-0.027,0.055,0.565,-3.027,177.397,-68.845,brushing
0.379,0.732,0.3,-3.027,177.397,-68.845,brushing
0.379,0.732,0.3,16.852,214.27,-82.04,brushing
0.35,0.635,0.303,16.852,214.27,-82.04,brushing
0.35,0.635,0.303,15.102,144.025,-91.91,brushing
0.297,0.153,0.403,15.102,144.025,-91.91,brushing
0.297,0.153,0.403,14.035,61.53,-118.352,brushing
0.233,-0.353,0.724,14.035,61.53,-118.352,brushing
0.233,-0.353,0.724,32.165,83.807,-150.517,brushing
0.809,0.445,0.127,32.165,83.807,-150.517,brushing
0.809,0.445,0.127,43.33,125.825,-163.45,brushing
1.52,1.202,-0.438,43.33,125.825,-163.45,brushing
1.52,1.202,-0.438,16.24,103.722,-133.56,brushing
1.828,1.61,-0.487,16.24,103.722,-133.56,brushing
1.828,1.61,-0.487,-21.49,71.12,-73.937,brushing
1.189,0.967,0.125,-21.49,71.12,-73.937,brushing
1.189,0.967,0.125,-31.745,54.022,-37.1,brushing
0.997,0.511,0.126,-31.745,54.022,-37.1,brushing
1.209,1.087,0.077,-31.745,54.022,-37.1,brushing
1.209,1.087,0.077,-31.832,135.642,-0.262,brushing
0.675,0.583,0.31,-31.832,135.642,-0.262,brushing
0.675,0.583,0.31,-43.452,72.642,7.14,brushing
0.195,-0.322,0.38,-43.452,72.642,7.14,brushing
0.195,-0.322,0.38,-48.317,-19.985,-36.015,brushing
-0.099,0.055,0.729,-48.317,-19.985,-36.015,brushing
-0.099,0.055,0.729,-24.78,64.89,-75.95,brushing
-0.095,1.084,0.793,-24.78,64.89,-75.95,brushing
-0.095,1.084,0.793,17.045,80.587,-93.835,brushing
0.386,1.633,0.665,17.045,80.587,-93.835,brushing
0.386,1.633,0.665,48.475,20.72,-81.077,brushing
0.569,1.297,0.459,48.475,20.72,-81.077,brushing
0.569,1.297,0.459,59.885,-65.922,-76.877,brushing
0.623,0.618,0.313,59.885,-65.922,-76.877,brushing
0.623,0.618,0.313,54.127,-139.335,-108.045,brushing
0.579,-0.09,0.263,54.127,-139.335,-108.045,brushing
0.579,-0.09,0.263,50.54,-87.395,-137.935,brushing
0.747,0.518,0.275,50.54,-87.395,-137.935,brushing
1.199,1.442,-0.112,50.54,-87.395,-137.935,brushing
1.199,1.442,-0.112,42.175,-19.827,-128.835,brushing
1.57,1.959,-0.329,42.175,-19.827,-128.835,brushing
1.57,1.959,-0.329,16.415,-5.827,-78.942,brushing
1.293,1.85,-0.046,16.415,-5.827,-78.942,brushing
1.293,1.85,-0.046,-10.465,-21.735,-10.045,brushing
0.792,1.078,0.123,-10.465,-21.735,-10.045,brushing
0.792,1.078,0.123,-25.532,-76.807,26.967,brushing
0.926,0.73,0.03,-25.532,-76.807,26.967,brushing
0.926,0.73,0.03,-28.542,-9.45,57.855,brushing
0.647,0.538,0.379,-28.542,-9.45,57.855,brushing
0.647,0.538,0.379,-32.445,-9.187,53.917,brushing
0.425,0.385,0.303,-32.445,-9.187,53.917,brushing
0.425,0.385,0.303,-37.275,-37.205,25.165,brushing
0.332,0.513,0.4,-37.275,-37.205,25.165,brushing
0.332,0.513,0.4,-36.715,-25.725,-0.332,brushing
0.221,0.905,0.526,-36.715,-25.725,-0.332,brushing
0.394,1.249,0.623,-28.367,-19.6,-6.877,brushing
0.44,1.021,0.677,-28.367,-19.6,-6.877,brushing
0.44,1.021,0.677,-17.605,-41.615,-2.45,brushing
0.441,0.713,0.695,-17.605,-41.615,-2.45,brushing
0.441,0.713,0.695,-3.08,-77.717,-9.17,brushing
0.463,0.611,0.659,-3.08,-77.717,-9.17,brushing
0.463,0.611,0.659,11.375,-118.125,-25.742,brushing
0.412,0.42,0.596,11.375,-118.125,-25.742,brushing
0.412,0.42,0.596,19.967,-157.08,-44.625,brushing
0.417,0.048,0.375,19.967,-157.08,-44.625,brushing
0.417,0.048,0.375,19.897,-141.995,-63.28,brushing
0.754,0.412,0.22,19.897,-141.995,-63.28,brushing
0.754,0.412,0.22,16.1,-45.01,-57.417,brushing
1.267,1.34,0.014,16.1,-45.01,-57.417,brushing
1.267,1.34,0.014,-2.712,-8.942,-18.585,brushing
1.404,1.681,0.015,-2.712,-8.942,-18.585,brushing
1.404,1.681,0.015,-22.487,-41.947,32.707,brushing
0.863,1.105,0.437,-22.487,-41.947,32.707,brushing
0.782,1.065,0.383,-19.022,-67.585,66.202,brushing
0.824,1.358,0.457,-19.022,-67.585,66.202,brushing
0.824,1.358,0.457,-7.577,-20.667,118.23,brushing
0.392,0.461,0.519,-7.577,-20.667,118.23,brushing
0.392,0.461,0.519,-5.04,-60.83,137.865,brushing
0.492,0.505,0.3,-5.04,-60.83,137.865,brushing
0.492,0.505,0.3,-1.19,-42.367,134.89,brushing
-0.165,-0.192,0.643,-1.19,-42.367,134.89,brushing
-0.165,-0.192,0.643,-7.035,-59.902,88.637,brushing
-0.128,-0.36,0.482,-7.035,-59.902,88.637,brushing
-0.128,-0.36,0.482,-2.555,-27.317,21.752,brushing
0.551,0.915,0.505,-2.555,-27.317,21.752,brushing
0.551,0.915,0.505,2.502,40.32,16.012,brushing
0.435,0.995,0.756,2.502,40.32,16.012,brushing
0.435,0.995,0.756,2.905,-44.31,11.76,brushing
0.392,0.54,0.913,2.905,-44.31,11.76,brushing
0.392,0.54,0.913,17.307,-128.765,-6.247,brushing
0.343,0.134,0.923,17.307,-128.765,-6.247,brushing
0.293,-0.232,0.693,17.307,-128.765,-6.247,brushing
0.293,-0.232,0.693,30.467,-176.627,-37.065,brushing
0.381,-0.23,0.521,30.467,-176.627,-37.065,brushing
0.381,-0.23,0.521,33.18,-144.795,-65.03,brushing
0.951,0.502,0.264,33.18,-144.795,-65.03,brushing
0.951,0.502,0.264,31.937,-39.13,-65.905,brushing
1.424,1.324,0.101,31.937,-39.13,-65.905,brushing
1.424,1.324,0.101,25.235,20.965,-35.857,brushing
1.422,1.677,0.128,25.235,20.965,-35.857,brushing
1.422,1.677,0.128,16.1,-8.925,13.807,brushing
0.76,0.808,0.495,16.1,-8.925,13.807,brushing
0.76,0.808,0.495,15.802,-52.027,43.382,brushing
0.739,0.907,0.371,15.802,-52.027,43.382,brushing
0.739,0.907,0.371,27.877,62.982,93.957,brushing
0.694,1.081,0.304,27.877,62.982,93.957,brushing
0.694,1.081,0.304,12.407,109.48,129.377,brushing
0.402,0.378,0.261,12.407,109.48,129.377,brushing
0.402,0.378,0.261,-12.53,96.232,120.33,brushing
0.302,0.19,0.46,-12.53,96.232,120.33,brushing
-0.344,-0.722,1.306,-12.53,96.232,120.33,brushing
-0.344,-0.722,1.306,-17.955,72.397,79.24,brushing
0.252,0.057,1.224,-17.955,72.397,79.24,brushing
0.252,0.057,1.224,7.892,28.752,8.82,brushing
0.537,0.698,1.046,7.892,28.752,8.82,brushing
0.537,0.698,1.046,27.247,2.852,-7.84,brushing
0.696,0.35,0.725,27.247,2.852,-7.84,brushing
0.696,0.35,0.725,23.817,-62.667,-20.09,brushing
0.66,0.258,0.575,23.817,-62.667,-20.09,brushing
0.66,0.258,0.575,12.337,-81.795,-34.93,brushing
0.738,0.273,0.401,12.337,-81.795,-34.93,brushing
0.738,0.273,0.401,-7.385,-84.28,-45.745,brushing
0.557,0.032,0.524,-7.385,-84.28,-45.745,brushing
0.557,0.032,0.524,-19.005,-67.812,-59.92,brushing
0.512,-0.02,0.537,-19.005,-67.812,-59.92,brushing
0.512,-0.02,0.537,-16.992,-12.775,-65.362,brushing
0.726,0.661,0.401,-16.992,-12.775,-65.362,brushing
0.726,0.661,0.401,-14.542,-1.295,-49.875,brushing
0.842,1.044,0.426,-14.542,-1.295,-49.875,brushing
0.825,0.672,0.47,-14.542,-1.295,-49.875,brushing
0.825,0.672,0.47,-11.375,-37.677,-26.565,brushing
0.825,0.335,0.441,-11.375,-37.677,-26.565,brushing
0.825,0.335,0.441,2.572,-33.95,-12.425,brushing
0.742,0.145,0.488,2.572,-33.95,-12.425,brushing
0.742,0.145,0.488,21.752,-20.737,-9.555,brushing
0.68,-0.036,0.346,21.752,-20.737,-9.555,brushing
0.68,-0.036,0.346,36.977,1.015,-14.192,brushing
0.56,-0.132,0.31,36.977,1.015,-14.192,brushing
0.56,-0.132,0.31,49.14,61.285,-15.662,brushing
0.574,0.277,0.409,49.14,61.285,-15.662,brushing
0.574,0.277,0.409,57.4,108.797,-11.637,brushing
0.708,0.648,0.572,57.4,108.797,-11.637,brushing
0.708,0.648,0.572,62.055,133.122,-5.04,brushing
0.838,1.191,0.617,62.055,133.122,-5.04,brushing
0.838,1.191,0.617,67.445,115.885,15.697,brushing
0.952,1.541,0.568,67.445,115.885,15.697,brushing
0.949,1.357,0.412,67.462,70.56,44.292,brushing
0.93,0.689,0.339,67.462,70.56,44.292,brushing
0.93,0.689,0.339,63.647,54.722,62.352,brushing
0.932,0.696,0.328,63.647,54.722,62.352,brushing
0.932,0.696,0.328,51.975,83.44,70.087,brushing
1.014,0.952,0.357,51.975,83.44,70.087,brushing
1.014,0.952,0.357,38.64,85.417,73.85,brushing
1.01,1.084,0.339,38.64,85.417,73.85,brushing
1.01,1.084,0.339,24.745,68.197,90.335,brushing
0.838,0.323,0.381,24.745,68.197,90.335,brushing
0.838,0.323,0.381,12.95,59.517,96.215,brushing
0.718,0.45,0.5,12.95,59.517,96.215,brushing
0.718,0.45,0.5,1.662,15.102,88.742,brushing
0.687,0.146,0.391,1.662,15.102,88.742,brushing
0.687,0.146,0.391,-1.785,27.457,80.43,brushing
0.612,-0.001,0.459,-1.785,27.457,80.43,brushing
0.612,-0.001,0.459,-4.392,42.7,58.887,brushing
0.465,-0.041,0.433,-4.392,42.7,58.887,brushing
0.391,-0.301,0.348,-0.787,25.55,22.417,brushing
0.529,0.217,0.282,-0.787,25.55,22.417,brushing
0.529,0.217,0.282,-3.36,9.887,-11.76,brushing
0.631,0.347,0.308,-3.36,9.887,-11.76,brushing
0.631,0.347,0.308,-4.83,-7.455,-28.822,brushing
0.669,0.193,0.303,-4.83,-7.455,-28.822,brushing
0.669,0.193,0.303,-6.737,-11.165,-43.732,brushing
0.791,0.169,0.286,-6.737,-11.165,-43.732,brushing
0.791,0.169,0.286,-6.772,19.985,-59.22,brushing
1.057,0.897,0.229,-6.772,19.985,-59.22,brushing
1.057,0.897,0.229,-5.39,52.15,-57.155,brushing
1.25,1.734,0.196,-5.39,52.15,-57.155,brushing
1.25,1.734,0.196,-5.985,43.05,-20.615,brushing
1.138,1.615,0.119,-5.985,43.05,-20.615,brushing
1.138,1.615,0.119,-6.335,8.207,21.822,brushing
1.017,1.033,0.206,-6.335,8.207,21.822,brushing
1.017,1.033,0.206,-10.307,-14.91,58.135,brushing
0.985,1.055,0.084,-10.307,-14.91,58.135,brushing
0.729,-0.332,0.122,-10.307,-14.91,58.135,brushing
0.729,-0.332,0.122,-10.937,-28.647,70.787,brushing
0.753,0.056,0.151,-10.937,-28.647,70.787,brushing
0.753,0.056,0.151,-17.237,10.885,57.872,brushing
0.452,-0.502,0.236,-17.237,10.885,57.872,brushing
0.452,-0.502,0.236,-15.312,26.372,34.947,brushing
0.54,-0.299,0.361,-15.312,26.372,34.947,brushing
0.54,-0.299,0.361,-13.317,42.682,-4.725,brushing
0.725,0.775,0.477,-13.317,42.682,-4.725,brushing
0.725,0.775,0.477,-7.14,27.667,-11.235,brushing
0.787,0.653,0.507,-7.14,27.667,-11.235,brushing
0.787,0.653,0.507,-1.33,-24.045,-14.297,brushing
0.779,0.353,0.442,-1.33,-24.045,-14.297,brushing
0.779,0.353,0.442,4.077,-33.687,-17.43,brushing
0.792,0.163,0.416,4.077,-33.687,-17.43,brushing
0.792,0.163,0.416,6.23,-27.107,-26.075,brushing
0.918,0.59,0.288,6.23,-27.107,-26.075,brushing
0.918,0.59,0.288,2.275,-37.677,-26.845,brushing
0.931,0.386,0.229,2.275,-37.677,-26.845,brushing
0.823,-0.104,0.263,2.275,-37.677,-26.845,brushing
0.823,-0.104,0.263,-2.222,-18.497,-33.022,brushing
0.845,0.16,0.321,-2.222,-18.497,-33.022,brushing
0.845,0.16,0.321,-0.98,19.005,-49.087,brushing
0.854,0.508,0.254,-0.98,19.005,-49.087,brushing
0.854,0.508,0.254,0.787,33.232,-53.095,brushing
0.846,1.159,0.182,0.787,33.232,-53.095,brushing
0.846,1.159,0.182,-0.507,41.965,-35.542,brushing
0.964,1.567,0.097,-0.507,41.965,-35.542,brushing
0.964,1.567,0.097,-2.922,39.462,2.922,brushing
0.882,1.108,0.078,-2.922,39.462,2.922,brushing
0.882,1.108,0.078,-2.765,25.235,31.71,brushing
0.823,0.647,0.115,-2.765,25.235,31.71,brushing
0.823,0.647,0.115,1.102,31.815,47.705,brushing
0.9,0.872,0.159,1.102,31.815,47.705,brushing
0.9,0.872,0.159,3.92,24.325,68.915,brushing
0.946,0.842,0.187,3.92,24.325,68.915,brushing
0.946,0.842,0.187,3.657,8.487,79.292,brushing
0.775,-0.031,0.237,3.657,8.487,79.292,brushing
0.72,-0.167,0.272,3.657,8.487,79.292,brushing
0.72,-0.167,0.272,5.232,12.372,63.052,brushing
0.573,-0.35,0.409,5.232,12.372,63.052,brushing
0.573,-0.35,0.409,9.135,33.285,38.972,brushing
0.693,0,0.477,9.135,33.285,38.972,brushing
0.693,0,0.477,14.542,28.052,6.597,brushing
0.834,0.619,0.451,14.542,28.052,6.597,brushing
0.834,0.619,0.451,18.287,17.955,-1.925,brushing
0.872,0.655,0.432,18.287,17.955,-1.925,brushing
0.872,0.655,0.432,18.2,-29.015,-6.982,brushing
0.861,0.475,0.308,18.2,-29.015,-6.982,brushing
0.861,0.475,0.308,16.73,-40.53,-8.662,brushing
0.888,0.525,0.203,16.73,-40.53,-8.662,brushing
0.888,0.525,0.203,12.495,-27.79,-8.54,brushing
0.906,0.62,0.182,12.495,-27.79,-8.54,brushing
0.906,0.62,0.182,5.6,-26.18,-6.51,brushing
0.896,0.562,0.208,5.6,-26.18,-6.51,brushing
0.867,0.506,0.245,0.105,-26.582,-5.512,brushing
0.854,0.512,0.281,0.105,-26.582,-5.512,brushing
0.854,0.512,0.281,-2.327,-18.305,-3.185,brushing
0.845,0.52,0.317,-2.327,-18.305,-3.185,brushing
0.845,0.52,0.317,-2.257,-14.98,-0.455,brushing
0.84,0.439,0.313,-2.257,-14.98,-0.455,brushing
0.84,0.439,0.313,-1.592,-23.922,-1.155,brushing
0.837,0.398,0.301,-1.592,-23.922,-1.155,brushing
0.837,0.398,0.301,-0.14,-26.95,-2.817,brushing
0.845,0.396,0.277,-0.14,-26.95,-2.817,brushing
0.845,0.396,0.277,0.455,-29.627,-4.9,brushing
0.848,0.376,0.266,0.455,-29.627,-4.9,brushing
0.848,0.376,0.266,0.035,-31.762,-6.107,brushing
0.858,0.342,0.243,0.035,-31.762,-6.107,brushing
0.858,0.342,0.243,-0.787,-30.887,-8.277,brushing
0.847,0.323,0.249,-0.787,-30.887,-8.277,brushing
0.847,0.323,0.249,-1.785,-31.535,-11.567,brushing
0.841,0.278,0.249,-1.785,-31.535,-11.567,brushing
0.853,0.287,0.277,-2.485,-32.235,-16.327,brushing
0.799,0.196,0.319,-2.485,-32.235,-16.327,brushing
0.799,0.196,0.319,-2.205,-33.32,-21.962,brushing
0.777,0.086,0.335,-2.205,-33.32,-21.962,brushing
0.777,0.086,0.335,0.665,-30.17,-34.37,brushing
0.884,0.374,0.345,0.665,-30.17,-34.37,brushing
0.884,0.374,0.345,5.477,-27.475,-43.312,brushing
0.885,0.41,0.302,5.477,-27.475,-43.312,brushing
0.885,0.41,0.302,7.472,-17.797,-43.505,brushing
0.913,0.601,0.204,7.472,-17.797,-43.505,brushing
0.913,0.601,0.204,7.35,-9.992,-39.305,brushing
0.971,0.978,0.045,7.35,-9.992,-39.305,brushing
0.971,0.978,0.045,5.11,27.107,-14.437,brushing
1.092,1.767,0.061,5.11,27.107,-14.437,brushing
1.092,1.767,0.061,2.082,27.807,31.727,brushing
0.972,1.513,0.131,2.082,27.807,31.727,brushing
0.972,1.513,0.131,1.872,-34.3,60.742,brushing
0.858,0.652,0.207,1.872,-34.3,60.742,brushing
0.816,0.33,0.165,1.872,-34.3,60.742,brushing
0.816,0.33,0.165,7.857,-24.342,78.977,brushing
0.764,0.135,0.21,7.857,-24.342,78.977,brushing
0.764,0.135,0.21,10.237,-0.017,79.502,brushing
0.722,0.024,0.302,10.237,-0.017,79.502,brushing
0.722,0.024,0.302,8.977,-15.4,65.555,brushing
0.661,-0.115,0.38,8.977,-15.4,65.555,brushing
0.661,-0.115,0.38,10.097,-19.215,47.635,brushing
0.578,-0.43,0.502,10.097,-19.215,47.635,brushing
0.578,-0.43,0.502,14.91,-21.455,15.907,brushing
0.73,0.061,0.564,14.91,-21.455,15.907,brushing
0.73,0.061,0.564,21.437,-28.787,-5.355,brushing
0.79,0.45,0.576,21.437,-28.787,-5.355,brushing
0.79,0.45,0.576,27.177,-76.982,-19.32,brushing
0.819,0.2,0.562,27.177,-76.982,-19.32,brushing
0.819,0.2,0.562,31.71,-91.752,-28.717,brushing
0.816,0.09,0.475,31.71,-91.752,-28.717,brushing
0.816,0.09,0.475,35.665,-68.285,-39.83,brushing
0.84,0.05,0.391,35.665,-68.285,-39.83,brushing
0.956,0.696,0.338,35.665,-68.285,-39.83,brushing
0.956,0.696,0.338,36.102,-26.442,-43.067,brushing
1.07,1.313,0.283,36.102,-26.442,-43.067,brushing
1.07,1.313,0.283,33.425,-12.722,-25.9,brushing
1.101,1.615,0.142,33.425,-12.722,-25.9,brushing
1.101,1.615,0.142,32.2,-18.742,16.712,brushing
0.94,0.769,0.193,32.2,-18.742,16.712,brushing
0.94,0.769,0.193,32.795,-37.327,49.682,brushing
0.913,0.491,0.268,32.795,-37.327,49.682,brushing
0.913,0.491,0.268,32.007,-46.375,61.46,brushing
0.93,0.44,0.203,32.007,-46.375,61.46,brushing
0.93,0.44,0.203,30.31,-55.16,67.305,brushing
0.862,-0.054,0.31,30.31,-55.16,67.305,brushing
0.862,-0.054,0.31,29.155,-51.975,60.06,brushing
0.794,-0.061,0.402,29.155,-51.975,60.06,brushing
0.794,-0.061,0.402,28.525,-59.517,46.007,brushing
0.779,-0.042,0.419,28.525,-59.517,46.007,brushing
0.779,-0.042,0.419,29.645,-62.02,32.725,brushing
0.798,0.025,0.495,29.645,-62.02,32.725,brushing
0.849,0.212,0.577,29.645,-62.02,32.725,brushing
0.849,0.212,0.577,33.88,-73.255,20.58,brushing
0.851,0.337,0.537,33.88,-73.255,20.58,brushing
0.851,0.337,0.537,38.902,-92.732,12.915,brushing
0.863,0.236,0.464,38.902,-92.732,12.915,brushing
0.863,0.236,0.464,42.98,-112.805,5.092,brushing
0.893,0.147,0.358,42.98,-112.805,5.092,brushing
0.893,0.147,0.358,47.215,-119.122,-5.285,brushing
0.926,0.138,0.252,47.215,-119.122,-5.285,brushing
0.926,0.138,0.252,49.84,-117.547,-18.042,brushing
0.875,0.209,0.077,49.84,-117.547,-18.042,brushing
0.875,0.209,0.077,46.725,-119.35,-32.13,brushing
0.836,0.087,-0.023,46.725,-119.35,-32.13,brushing
0.836,0.087,-0.023,42.507,-91.455,-42.035,brushing
0.893,0.389,-0.108,42.507,-91.455,-42.035,brushing
0.893,0.389,-0.108,36.575,-45.045,-32.707,brushing
0.999,0.817,-0.117,36.575,-45.045,-32.707,brushing
0.999,0.817,-0.117,28.14,-29.137,-4.375,brushing
1.047,0.994,-0.171,28.14,-29.137,-4.375,brushing
1.009,0.447,-0.147,28.14,-29.137,-4.375,brushing
1.009,0.447,-0.147,19.162,-44.17,20.597,brushing
0.991,0.119,-0.066,19.162,-44.17,20.597,brushing
0.991,0.119,-0.066,14.98,-35.367,31.097,brushing
1.059,0.287,-0.062,14.98,-35.367,31.097,brushing
1.059,0.287,-0.062,12.39,-4.742,41.86,brushing
1.046,0.222,-0.025,12.39,-4.742,41.86,brushing
1.046,0.222,-0.025,3.78,-3.08,49.455,brushing
0.868,-0.314,0.166,3.78,-3.08,49.455,brushing
0.868,-0.314,0.166,-1.627,-28.297,31.552,brushing
0.777,-0.661,0.276,-1.627,-28.297,31.552,brushing
0.777,-0.661,0.276,2.467,-18.847,3.132,brushing
0.861,-0.223,0.299,2.467,-18.847,3.132,brushing
0.861,-0.223,0.299,8.89,17.85,-7.665,brushing
0.977,0.407,0.31,8.89,17.85,-7.665,brushing
0.977,0.407,0.31,9.012,4.077,-4.287,brushing
1.007,0.372,0.288,9.012,4.077,-4.287,brushing
0.944,0.124,0.266,7.332,-26.827,-2.782,brushing
0.952,0.064,0.202,7.332,-26.827,-2.782,brushing
0.952,0.064,0.202,7.49,-29.242,-4.882,brushing
0.993,0.164,0.166,7.49,-29.242,-4.882,brushing
0.993,0.164,0.166,6.457,-19.11,-5.355,brushing
1.028,0.167,0.128,6.457,-19.11,-5.355,brushing
1.028,0.167,0.128,2.94,-15.33,-4.287,brushing
1.017,0.183,0.17,2.94,-15.33,-4.287,brushing
1.017,0.183,0.17,-0.367,-17.22,-3.202,brushing
1.005,0.157,0.218,-0.367,-17.22,-3.202,brushing
1.005,0.157,0.218,-1.312,-22.137,-2.31,brushing
0.994,0.133,0.25,-1.312,-22.137,-2.31,brushing
0.994,0.133,0.25,0.857,-23.992,-2.012,brushing
0.996,0.141,0.262,0.857,-23.992,-2.012,brushing
0.996,0.141,0.262,4.427,-25.725,-1.645,brushing
0.996,0.147,0.25,4.427,-25.725,-1.645,brushing
0.996,0.147,0.25,7.875,-24.832,-0.63,brushing
0.981,0.194,0.232,7.875,-24.832,-0.63,brushing
0.976,0.215,0.208,10.08,-25.41,1.295,brushing
0.979,0.152,0.175,10.08,-25.41,1.295,brushing
0.979,0.152,0.175,9.94,-27.755,2.782,brushing
0.963,0.092,0.163,9.94,-27.755,2.782,brushing
0.963,0.092,0.163,7.647,-26.477,1.767,brushing
0.976,0.107,0.147,7.647,-26.477,1.767,brushing
0.976,0.107,0.147,4.48,-21.56,-0.227,brushing
0.96,0.078,0.147,4.48,-21.56,-0.227,brushing
0.96,0.078,0.147,0.035,-20.79,-4.375,brushing
0.917,-0.098,0.193,0.035,-20.79,-4.375,brushing
0.917,-0.098,0.193,-3.902,-25.235,-16.502,brushing
0.864,-0.213,0.235,-3.902,-25.235,-16.502,brushing
0.864,-0.213,0.235,-5.757,-23.292,-34.177,brushing
0.789,-0.055,0.244,-5.757,-23.292,-34.177,brushing
0.789,-0.055,0.244,-7.14,-28.367,-53.69,brushing
0.836,-0.115,0.243,-7.14,-28.367,-53.69,brushing
0.836,-0.115,0.243,-7.262,-9.905,-65.432,brushing
1.027,0.446,0.058,-7.262,-9.905,-65.432,brushing
1.255,1.311,-0.048,-7.262,-9.905,-65.432,brushing
1.255,1.311,-0.048,-11.795,46.777,-37.992,brushing
1.279,1.524,0.014,-11.795,46.777,-37.992,brushing
1.279,1.524,0.014,-23.537,45.552,13.755,brushing
1.166,0.883,0.137,-23.537,45.552,13.755,brushing
1.166,0.883,0.137,-32.532,6.877,56.805,brushing
1.079,0.409,0.093,-32.532,6.877,56.805,brushing
1.079,0.409,0.093,-33.792,18.76,87.36,brushing
0.895,0.038,0.214,-33.792,18.76,87.36,brushing
0.895,0.038,0.214,-35.455,21.857,89.39,brushing
0.845,-0.116,0.261,-35.455,21.857,89.39,brushing
0.845,-0.116,0.261,-38.202,-1.767,76.177,brushing
0.742,-0.259,0.263,-38.202,-1.767,76.177,brushing
0.742,-0.259,0.263,-38.867,1.05,58.45,brushing
0.59,-0.638,0.447,-38.867,1.05,58.45,brushing
0.59,-0.638,0.447,-31.43,11.112,23.135,brushing
0.527,-0.795,0.517,-31.43,11.112,23.135,brushing
0.527,-0.795,0.517,-17.395,20.772,-16.817,brushing
0.724,-0.252,0.5,-17.395,20.772,-16.817,brushing
0.847,0.237,0.432,-17.395,20.772,-16.817,brushing
0.847,0.237,0.432,-8.067,0.332,-39.13,brushing
0.872,0.007,0.376,-8.067,0.332,-39.13,brushing
0.872,0.007,0.376,-5.04,-49.175,-51.03,brushing
0.841,-0.166,0.399,-5.04,-49.175,-51.03,brushing
0.841,-0.166,0.399,-3.202,-59.517,-62.545,brushing
0.82,-0.245,0.399,-3.202,-59.517,-62.545,brushing
0.82,-0.245,0.399,-0.927,-56.105,-77.875,brushing
0.903,-0.069,0.283,-0.927,-56.105,-77.875,brushing
0.903,-0.069,0.283,2.275,-18.865,-85.645,brushing
1.084,0.526,0.217,2.275,-18.865,-85.645,brushing
1.084,0.526,0.217,3.552,26.512,-72.257,brushing
1.27,1.276,0.094,3.552,26.512,-72.257,brushing
1.27,1.276,0.094,-0.875,44.59,-25.637,brushing
1.312,1.57,0.048,-0.875,44.59,-25.637,brushing
1.312,1.57,0.048,-6.982,25.427,31.325,brushing
1.101,0.944,0.224,-6.982,25.427,31.325,brushing
1.101,0.944,0.224,-4.55,0.787,67.252,brushing
1.05,0.417,0.264,-4.55,0.787,67.252,brushing
0.879,0.065,0.236,-4.55,0.787,67.252,brushing
0.879,0.065,0.236,-1.54,15.855,88.41,brushing
0.874,-0.209,0.31,-1.54,15.855,88.41,brushing
0.874,-0.209,0.31,-1.995,10.01,79.257,brushing
0.75,-0.272,0.247,-1.995,10.01,79.257,brushing
0.75,-0.272,0.247,-6.44,5.932,62.265,brushing
0.49,-0.97,0.461,-6.44,5.932,62.265,brushing
0.49,-0.97,0.461,-5.267,2.607,22.032,brushing
0.583,-0.664,0.563,-5.267,2.607,22.032,brushing
0.583,-0.664,0.563,8.645,41.405,-17.815,brushing
0.876,0.323,0.387,8.645,41.405,-17.815,brushing
0.876,0.323,0.387,11.217,19.985,-32.235,brushing
0.959,0.191,0.34,11.217,19.985,-32.235,brushing
0.959,0.191,0.34,5.32,-32.637,-39.55,brushing
0.939,0.044,0.3,5.32,-32.637,-39.55,brushing
0.939,0.044,0.3,-1.242,-52.342,-47.95,brushing
0.897,-0.049,0.219,-1.242,-52.342,-47.95,brushing
0.889,-0.19,0.203,-8.015,-31.797,-54.617,brushing
0.903,-0.039,0.234,-8.015,-31.797,-54.617,brushing
0.903,-0.039,0.234,-12.425,9.1,-61.407,brushing
0.93,0.158,0.251,-12.425,9.1,-61.407,brushing
0.93,0.158,0.251,-13.51,20.352,-66.657,brushing
1.022,0.527,0.18,-13.51,20.352,-66.657,brushing
1.022,0.527,0.18,-12.092,36.505,-56.227,brushing
1.12,0.774,0.172,-12.092,36.505,-56.227,brushing
1.12,0.774,0.172,-11.655,51.502,-33.477,brushing
1.245,1.218,0.161,-11.655,51.502,-33.477,brushing
1.245,1.218,0.161,-15.382,60.742,7.35,brushing
1.112,1.117,0.322,-15.382,60.742,7.35,brushing
1.112,1.117,0.322,-15.645,27.667,40.512,brushing
0.971,0.583,0.447,-15.645,27.667,40.512,brushing
0.971,0.583,0.447,-7.455,21.542,62.93,brushing
1.06,0.737,0.281,-7.455,21.542,62.93,brushing
1.06,0.737,0.281,-7.927,27.895,86.94,brushing
0.915,0.344,0.169,-7.927,27.895,86.94,brushing
0.766,-0.449,0.331,-15.172,5.617,78.435,brushing
0.492,-0.864,0.316,-15.172,5.617,78.435,brushing
0.492,-0.864,0.316,-17.5,7.997,46.707,brushing
0.506,-1.014,0.594,-17.5,7.997,46.707,brushing
0.506,-1.014,0.594,-6.58,43.032,-4.567,brushing
0.808,0.313,0.456,-6.58,43.032,-4.567,brushing
0.808,0.313,0.456,1.785,53.252,-34.58,brushing
0.898,0.303,0.336,1.785,53.252,-34.58,brushing
0.898,0.303,0.336,0.507,-6.632,-45.587,brushing
0.859,0.083,0.38,0.507,-6.632,-45.587,brushing
0.859,0.083,0.38,-0.07,-22.312,-51.485,brushing
0.837,-0.111,0.336,-0.07,-22.312,-51.485,brushing
0.837,-0.111,0.336,1.015,-20.492,-63.297,brushing
0.799,-0.351,0.371,1.015,-20.492,-63.297,brushing
0.799,-0.351,0.371,3.307,4.287,-80.78,brushing
0.738,-0.226,0.305,3.307,4.287,-80.78,brushing
0.738,-0.226,0.305,7.49,27.177,-97.562,brushing
0.814,0.186,0.144,7.49,27.177,-97.562,brushing
1.024,1.205,-0.041,7.49,27.177,-97.562,brushing
1.024,1.205,-0.041,6.615,69.3,-88.935,brushing
1.261,2.016,-0.201,6.615,69.3,-88.935,brushing
1.261,2.016,-0.201,-6.615,84.91,-43.907,brushing
1.193,1.776,-0.135,-6.615,84.91,-43.907,brushing
1.193,1.776,-0.135,-22.767,70.7,20.667,brushing
1.007,0.661,0.123,-22.767,70.7,20.667,brushing
1.007,0.661,0.123,-26.845,53.9,54.897,brushing
1.137,0.844,-0.081,-26.845,53.9,54.897,brushing
1.137,0.844,-0.081,-30.957,81.707,85.505,brushing
0.822,-0.084,0.321,-30.957,81.707,85.505,brushing
0.822,-0.084,0.321,-32.007,81.497,84.945,brushing
0.867,-0.012,0.349,-32.007,81.497,84.945,brushing
0.867,-0.012,0.349,-33.495,86.065,72.852,brushing
0.864,0.094,0.244,-33.495,86.065,72.852,brushing
0.864,0.094,0.244,-36.102,91.402,60.025,brushing
0.777,-0.118,0.386,-36.102,91.402,60.025,brushing
0.777,-0.118,0.386,-32.812,97.86,36.96,brushing
0.505,-0.581,0.659,-32.812,97.86,36.96,brushing
0.581,-0.112,0.765,-32.812,97.86,36.96,brushing
0.581,-0.112,0.765,-17.255,85.662,-5.46,brushing
0.81,0.594,0.511,-17.255,85.662,-5.46,brushing
0.81,0.594,0.511,-5.32,48.177,-26.495,brushing
0.899,0.556,0.426,-5.32,48.177,-26.495,brushing
0.899,0.556,0.426,-3.15,15.05,-23.835,brushing
0.872,0.418,0.429,-3.15,15.05,-23.835,brushing
0.872,0.418,0.429,-6.475,3.745,-17.272,brushing
0.824,0.109,0.444,-6.475,3.745,-17.272,brushing
0.824,0.109,0.444,-8.907,2.362,-21.962,brushing
0.814,-0.022,0.446,-8.907,2.362,-21.962,brushing
0.814,-0.022,0.446,-8.26,20.457,-37.817,brushing
0.84,0.124,0.404,-8.26,20.457,-37.817,brushing
0.84,0.124,0.404,-3.587,50.137,-53.532,brushing
0.888,0.482,0.372,-3.587,50.137,-53.532,brushing
0.888,0.482,0.372,-0.84,66.78,-55.37,brushing
1.002,1.217,0.147,-0.84,66.78,-55.37,brushing
1.002,1.217,0.147,-8.365,78.33,-22.382,brushing
1.166,2.026,-0.09,-8.365,78.33,-22.382,brushing
0.953,1.284,0.002,-8.365,78.33,-22.382,brushing
0.953,1.284,0.002,-19.95,59.202,34.545,brushing
0.954,0.818,0.115,-19.95,59.202,34.545,brushing
0.954,0.818,0.115,-25.077,58.94,66.097,brushing
0.993,1.141,-0.052,-25.077,58.94,66.097,brushing
0.993,1.141,-0.052,-34.86,52.815,99.662,brushing
0.563,-0.725,0.254,-34.86,52.815,99.662,brushing
0.563,-0.725,0.254,-38.972,16.152,82.372,brushing
0.206,-1.555,0.618,-38.972,16.152,82.372,brushing
0.206,-1.555,0.618,-18.13,106.47,30.887,brushing
0.571,0.216,0.763,-18.13,106.47,30.887,brushing
0.571,0.216,0.763,3.78,129.832,-0.962,brushing
0.85,1.082,0.674,3.78,129.832,-0.962,brushing
0.85,1.082,0.674,14.56,-3.412,-7.087,brushing
0.844,0.19,0.609,14.56,-3.412,-7.087,brushing
0.844,0.19,0.609,23.975,-20.912,-13.667,brushing
0.793,-0.006,0.515,23.975,-20.912,-13.667,brushing
0.793,-0.006,0.515,28,-11.515,-28.787,brushing
0.846,0.108,0.361,28,-11.515,-28.787,brushing
0.882,0.151,0.224,28,-11.515,-28.787,brushing
0.882,0.151,0.224,19.757,-39.182,-48.667,brushing
0.866,-0.025,0.261,19.757,-39.182,-48.667,brushing
0.866,-0.025,0.261,9.292,-18.095,-61.67,brushing
0.875,0.436,0.401,9.292,-18.095,-61.67,brushing
0.875,0.436,0.401,9.8,61.46,-65.362,brushing
0.877,0.868,0.31,9.8,61.46,-65.362,brushing
0.877,0.868,0.31,11.532,54.197,-63.42,brushing
1.05,1.657,-0.084,11.532,54.197,-63.42,brushing
1.05,1.657,-0.084,3.535,43.855,-26.915,brushing
1.102,1.709,-0.245,3.535,43.855,-26.915,brushing
1.102,1.709,-0.245,-11.287,17.797,19.897,brushing
0.927,0.752,-0.098,-11.287,17.797,19.897,brushing
0.927,0.752,-0.098,-16.765,20.02,44.66,brushing
0.936,0.833,-0.185,-16.765,20.02,44.66,brushing
0.936,0.833,-0.185,-22.977,49.56,67.83,brushing
0.809,0.321,0.031,-22.977,49.56,67.83,brushing
0.809,0.321,0.031,-21.647,10.29,46.812,brushing
0.521,-0.585,0.425,-21.647,10.29,46.812,brushing
0.819,0.808,0.264,-21.647,10.29,46.812,brushing
0.819,0.808,0.264,-12.932,38.745,31.762,brushing
0.78,0.57,0.663,-12.932,38.745,31.762,brushing
0.78,0.57,0.663,-8.89,-25.602,35.735,brushing
0.603,-0.499,0.781,-8.89,-25.602,35.735,brushing
0.603,-0.499,0.781,12.792,-56.245,19.915,brushing
0.513,-0.546,0.966,12.792,-56.245,19.915,brushing
0.513,-0.546,0.966,47.512,-16.275,-15.242,brushing
0.728,0.181,0.651,47.512,-16.275,-15.242,brushing
0.728,0.181,0.651,69.265,-35.332,-41.195,brushing
0.782,0.381,0.425,69.265,-35.332,-41.195,brushing
0.782,0.381,0.425,68.11,-79.082,-52.937,brushing
0.89,0.403,0.113,68.11,-79.082,-52.937,brushing
0.89,0.403,0.113,48.125,-130.865,-64.82,brushing
0.888,0.239,0.099,48.125,-130.865,-64.82,brushing
0.888,0.239,0.099,25.41,-129.5,-74.952,brushing
0.951,0.13,0.097,25.41,-129.5,-74.952,brushing
1.066,0.599,0.054,10.115,-51.992,-75.407,brushing
1.245,0.931,0.013,10.115,-51.992,-75.407,brushing
1.245,0.931,0.013,0.385,-6.51,-65.467,brushing
1.346,1.458,-0.149,0.385,-6.51,-65.467,brushing
1.346,1.458,-0.149,-11.445,-6.195,-40.88,brushing
1.148,1.592,0.004,-11.445,-6.195,-40.88,brushing
1.148,1.592,0.004,-21.822,-37.117,2.572,brushing
0.992,0.884,0.102,-21.822,-37.117,2.572,brushing
0.992,0.884,0.102,-22.19,-83.422,35.525,brushing
0.925,0.427,-0.003,-22.19,-83.422,35.525,brushing
0.925,0.427,-0.003,-17.062,-21.84,66.832,brushing
0.93,0.39,0.162,-17.062,-21.84,66.832,brushing
0.93,0.39,0.162,-17.727,-13.002,71.33,brushing
0.729,0.138,0.245,-17.727,-13.002,71.33,brushing
0.729,0.138,0.245,-19.6,-71.242,49.542,brushing
0.516,-0.654,0.364,-19.6,-71.242,49.542,brushing
0.516,-0.654,0.364,-11.007,-69.3,5.6,brushing
0.495,-0.975,0.4,-11.007,-69.3,5.6,brushing
0.728,-0.114,0.342,-11.007,-69.3,5.6,brushing
0.728,-0.114,0.342,5.232,19.915,-28,brushing
0.758,0.592,0.343,5.232,19.915,-28,brushing
0.758,0.592,0.343,12.862,53.637,-41.965,brushing
0.729,0.421,0.332,12.862,53.637,-41.965,brushing
0.729,0.421,0.332,8.75,-31.045,-56.052,brushing
0.665,0.186,0.322,8.75,-31.045,-56.052,brushing
0.665,0.186,0.322,5.075,-61.687,-65.222,brushing
0.652,0.016,0.391,5.075,-61.687,-65.222,brushing
0.652,0.016,0.391,9.345,-38.587,-75.915,brushing
0.799,0.427,0.368,9.345,-38.587,-75.915,brushing
0.799,0.427,0.368,20.615,24.08,-69.947,brushing
0.985,1.383,0.192,20.615,24.08,-69.947,brushing
0.985,1.383,0.192,22.837,22.785,-40.582,brushing
1.232,2.029,-0.048,22.837,22.785,-40.582,brushing
1.232,2.029,-0.048,17.097,22.855,28.402,brushing
1.276,1.937,-0.077,17.097,22.855,28.402,brushing
1.276,1.937,-0.077,10.395,-2.082,84.7,brushing
1.116,0.876,0.156,10.395,-2.082,84.7,brushing
0.972,0.34,0.205,10.395,-2.082,84.7,brushing
0.972,0.34,0.205,10.85,-10.482,105.28,brushing
0.797,0.1,0.315,10.85,-10.482,105.28,brushing
0.797,0.1,0.315,8.242,12.232,113.102,brushing
0.841,0.072,0.473,8.242,12.232,113.102,brushing
0.841,0.072,0.473,5.46,-3.727,99.19,brushing
0.828,0.173,0.304,5.46,-3.727,99.19,brushing
0.828,0.173,0.304,-0.997,-13.09,93.152,brushing
0.737,-0.183,0.446,-0.997,-13.09,93.152,brushing
0.737,-0.183,0.446,-6.387,-35.647,70.665,brushing
0.591,-0.539,0.555,-6.387,-35.647,70.665,brushing
0.591,-0.539,0.555,-1.277,-44.065,32.427,brushing
0.481,-0.706,0.655,-1.277,-44.065,32.427,brushing
0.481,-0.706,0.655,12.442,-51.712,-17.675,brushing
0.704,-0.053,0.444,12.442,-51.712,-17.675,brushing
0.704,-0.053,0.444,21.315,-46.41,-40.477,brushing
0.728,0.234,0.415,21.315,-46.41,-40.477,brushing
0.728,0.234,0.415,28.14,-75.46,-60.532,brushing
0.546,-0.072,0.534,28.14,-75.46,-60.532,brushing
0.612,0.107,0.293,28.14,-75.46,-60.532,brushing
0.612,0.107,0.293,42.087,-58.047,-77.385,brushing
0.837,0.825,0.079,42.087,-58.047,-77.385,brushing
0.837,0.825,0.079,50.942,7.577,-70.28,brushing
1.214,1.695,-0.217,50.942,7.577,-70.28,brushing
1.214,1.695,-0.217,43.68,33.792,-31.15,brushing
1.309,1.898,-0.17,43.68,33.792,-31.15,brushing
1.309,1.898,-0.17,31.955,37.362,33.005,brushing
1.022,0.863,0.085,31.955,37.362,33.005,brushing
1.022,0.863,0.085,30.607,9.397,66.097,brushing
1.064,0.628,0.022,30.607,9.397,66.097,brushing
1.064,0.628,0.022,34.195,52.22,93.8,brushing
1.135,0.763,-0.239,34.195,52.22,93.8,brushing
1.135,0.763,-0.239,14.332,49.752,111.177,brushing
0.85,-0.361,0.141,14.332,49.752,111.177,brushing
0.85,-0.361,0.141,-0.14,37.38,90.09,brushing
0.858,-0.287,0.122,-0.14,37.38,90.09,brushing
0.596,-0.76,0.465,-8.837,64.942,65.205,brushing
0.468,-0.718,0.842,-8.837,64.942,65.205,brushing
0.468,-0.718,0.842,1.365,59.885,7.962,brushing
0.905,0.529,0.358,1.365,59.885,7.962,brushing
0.905,0.529,0.358,16.45,48.877,-24.36,brushing
0.99,0.499,0.204,16.45,48.877,-24.36,brushing
0.99,0.499,0.204,8.155,-2.975,-29.82,brushing
0.843,0.031,0.2,8.155,-2.975,-29.82,brushing
0.843,0.031,0.2,-2.712,-18.165,-37.187,brushing
0.699,-0.201,0.231,-2.712,-18.165,-37.187,brushing
0.699,-0.201,0.231,-8.89,1.557,-56.35,brushing
0.54,-0.342,0.355,-8.89,1.557,-56.35,brushing
0.54,-0.342,0.355,-5.67,39.987,-81.515,brushing
0.67,0.349,0.249,-5.67,39.987,-81.515,brushing
0.67,0.349,0.249,-1.05,61.547,-91.262,brushing
0.914,0.965,0.07,-1.05,61.547,-91.262,brushing
0.914,0.965,0.07,1.155,55.405,-80.815,brushing
1.196,1.537,-0.224,1.155,55.405,-80.815,brushing
1.459,1.891,-0.31,-3.867,53.69,-35.525,brushing
1.106,0.446,0.08,-3.867,53.69,-35.525,brushing
1.106,0.446,0.08,-11.112,-6.317,1.242,brushing
1.046,0.038,0.01,-11.112,-6.317,1.242,brushing
1.046,0.038,0.01,-3.36,33.302,14.77,brushing
1.195,0.973,-0.095,-3.36,33.302,14.77,brushing
1.195,0.973,-0.095,-6.825,77.91,33.932,brushing
0.999,0.429,0.017,-6.825,77.91,33.932,brushing
0.999,0.429,0.017,-22.207,9.38,40.845,brushing
0.728,-0.298,0.354,-22.207,9.38,40.845,brushing
0.728,-0.298,0.354,-19.267,15.61,28,brushing
0.823,0.327,0.129,-19.267,15.61,28,brushing
0.823,0.327,0.129,-19.425,15.155,16.52,brushing
0.336,-0.943,0.674,-19.425,15.155,16.52,brushing
0.336,-0.943,0.674,-2.415,29.435,-24.972,brushing
0.697,0.269,0.221,-2.415,29.435,-24.972,brushing
0.697,0.269,0.221,3.115,61.11,-31.185,brushing
0.935,0.88,0.187,3.115,61.11,-31.185,brushing
0.843,0.215,0.305,3.115,61.11,-31.185,brushing
0.843,0.215,0.305,-2.047,14.385,-29.68,brushing
0.872,0.157,0.271,-2.047,14.385,-29.68,brushing
0.872,0.157,0.271,2.887,24.412,-40.39,brushing
0.91,0.392,0.323,2.887,24.412,-40.39,brushing
0.91,0.392,0.323,4.445,1.032,-57.417,brushing
0.847,0.325,0.312,4.445,1.032,-57.417,brushing
0.847,0.325,0.312,3.36,-51.24,-73.01,brushing
0.756,0.063,0.255,3.36,-51.24,-73.01,brushing
0.756,0.063,0.255,5.092,-29.277,-79.887,brushing
0.748,0.125,0.237,5.092,-29.277,-79.887,brushing
0.748,0.125,0.237,12.705,26.355,-84.98,brushing
1.013,1.018,-0.096,12.705,26.355,-84.98,brushing
1.013,1.018,-0.096,12.705,54.232,-64.925,brushing
1.201,1.733,-0.281,12.705,54.232,-64.925,brushing
1.201,1.733,-0.281,2.187,21.735,-19.67,brushing
1.262,1.711,-0.287,2.187,21.735,-19.67,brushing
1.262,1.711,-0.287,-7.577,-41.247,19.075,brushing
1.002,0.622,-0.083,-7.577,-41.247,19.075,brushing
0.834,0.251,-0.023,-7.577,-41.247,19.075,brushing
0.834,0.251,-0.023,-2.555,-13.265,38.657,brushing
0.848,0.645,0.013,-2.555,-13.265,38.657,brushing
0.848,0.645,0.013,2.94,37.152,48.702,brushing
0.889,0.881,-0.075,2.94,37.152,48.702,brushing
0.889,0.881,-0.075,-3.937,9.03,59.377,brushing
0.806,0.456,0.072,-3.937,9.03,59.377,brushing
0.806,0.456,0.072,-14.42,-33.757,62.895,brushing
0.796,0.302,0.091,-14.42,-33.757,62.895,brushing
0.796,0.302,0.091,-18.917,-20.3,61.005,brushing
0.588,-0.091,0.424,-18.917,-20.3,61.005,brushing
0.588,-0.091,0.424,-14.192,-29.487,31.15,brushing
0.385,-0.69,0.626,-14.192,-29.487,31.15,brushing
0.385,-0.69,0.626,5.81,-15.82,-17.832,brushing
0.701,0.025,0.357,5.81,-15.82,-17.832,brushing
0.701,0.025,0.357,17.727,24.167,-38.097,brushing
0.85,0.699,0.326,17.727,24.167,-38.097,brushing
0.85,0.699,0.326,15.067,-37.03,-49.332,brushing
0.847,0.398,0.273,15.067,-37.03,-49.332,brushing
0.782,0.282,0.286,15.067,-37.03,-49.332,brushing
0.782,0.282,0.286,13.3,-55.807,-56.945,brushing
0.731,0.266,0.31,13.3,-55.807,-56.945,brushing
0.731,0.266,0.31,14.192,-61.862,-68.25,brushing
0.785,0.279,0.267,14.192,-61.862,-68.25,brushing
0.785,0.279,0.267,18.9,-56.875,-82.197,brushing
1.107,1.102,-0.018,18.9,-56.875,-82.197,brushing
1.107,1.102,-0.018,21.332,-1.4,-63.332,brushing
1.285,1.889,-0.148,21.332,-1.4,-63.332,brushing
1.285,1.889,-0.148,14.752,3.762,-17.272,brushing
1.163,1.741,-0.18,14.752,3.762,-17.272,brushing
1.163,1.741,-0.18,3.587,-59.622,29.715,brushing
0.935,0.577,-0.039,3.587,-59.622,29.715,brushing
0.935,0.577,-0.039,2.66,-73.062,49.28,brushing
0.895,0.415,-0.169,2.66,-73.062,49.28,brushing
0.895,0.415,-0.169,-1.505,0.245,70.945,brushing
0.921,0.531,-0.057,-1.505,0.245,70.945,brushing
0.921,0.531,-0.057,-12.197,-1.89,73.815,brushing
0.831,0.357,0.04,-12.197,-1.89,73.815,brushing
0.706,0.002,0.173,-12.197,-1.89,73.815,brushing
0.706,0.002,0.173,-20.072,-8.365,68.355,brushing
0.546,-0.604,0.48,-20.072,-8.365,68.355,brushing
0.546,-0.604,0.48,-17.92,-20.475,35.7,brushing
0.544,-0.703,0.501,-17.92,-20.475,35.7,brushing
0.544,-0.703,0.501,-1.907,-4.655,-14.49,brushing
0.758,0.333,0.374,-1.907,-4.655,-14.49,brushing
0.758,0.333,0.374,9.59,33.53,-36.75,brushing
0.74,0.404,0.444,9.59,33.53,-36.75,brushing
0.74,0.404,0.444,13.527,-24.447,-54.862,brushing
0.786,0.363,0.286,13.527,-24.447,-54.862,brushing
0.786,0.363,0.286,13.65,-48.072,-63.35,brushing
0.74,0.27,0.239,13.65,-48.072,-63.35,brushing
0.74,0.27,0.239,15.767,-20.562,-68.337,brushing
0.985,0.44,0.26,15.767,-20.562,-68.337,brushing
0.985,0.44,0.26,19.687,52.78,-51.345,brushing
1.2,1.635,0.078,19.687,52.78,-51.345,brushing
1.363,2.091,-0.156,12.022,37.502,-6.702,brushing
1.183,1.517,0.033,12.022,37.502,-6.702,brushing
1.183,1.517,0.033,-0.105,4.2,52.447,brushing
0.986,0.631,0.133,-0.105,4.2,52.447,brushing
0.986,0.631,0.133,0.14,-29.645,80.762,brushing
0.971,0.526,0.043,0.14,-29.645,80.762,brushing
0.971,0.526,0.043,0.385,-5.477,97.317,brushing
0.873,0.365,0.127,0.385,-5.477,97.317,brushing
0.873,0.365,0.127,-8.942,-17.57,98.56,brushing
0.793,0.144,0.113,-8.942,-17.57,98.56,brushing
0.793,0.144,0.113,-17.447,-35.507,86.362,brushing
0.724,0.11,0.182,-17.447,-35.507,86.362,brushing
0.724,0.11,0.182,-23.59,-40.075,69.615,brushing
0.549,-0.416,0.402,-23.59,-40.075,69.615,brushing
0.549,-0.416,0.402,-18.742,-54.827,31.115,brushing
0.594,-0.528,0.466,-18.742,-54.827,31.115,brushing
0.594,-0.528,0.466,-7.455,-21.962,2.222,brushing
0.821,0.427,0.42,-7.455,-21.962,2.222,brushing
0.86,0.398,0.422,-2.852,-55.79,-8.452,brushing
0.778,0.101,0.404,-2.852,-55.79,-8.452,brushing
0.778,0.101,0.404,1.137,-92.802,-18.27,brushing
0.713,-0.24,0.473,1.137,-92.802,-18.27,brushing
0.713,-0.24,0.473,10.815,-78.12,-34.335,brushing
0.788,0.014,0.322,10.815,-78.12,-34.335,brushing
0.788,0.014,0.322,20.79,-39.235,-53.182,brushing
0.918,0.576,0.107,20.79,-39.235,-53.182,brushing
0.918,0.576,0.107,21.63,-24.78,-60.847,brushing
1.223,1.275,-0.354,21.63,-24.78,-60.847,brushing
1.223,1.275,-0.354,7.525,12.635,-32.042,brushing
1.327,2.09,-0.507,7.525,12.635,-32.042,brushing
1.327,2.09,-0.507,-15.277,25.182,30.327,brushing
1.078,1.672,-0.189,-15.277,25.182,30.327,brushing
1.078,1.672,-0.189,-31.622,-33.6,80.447,brushing
0.907,0.803,0.013,-31.622,-33.6,80.447,brushing
0.907,0.803,0.013,-37.432,-48.335,108.395,brushing
0.869,0.353,-0.122,-37.432,-48.335,108.395,brushing
0.687,-0.441,0.357,-37.432,-48.335,108.395,brushing
0.687,-0.441,0.357,-41.685,-41.125,105.21,brushing
0.636,-0.158,0.411,-41.685,-41.125,105.21,brushing
0.636,-0.158,0.411,-36.627,-28.14,80.447,brushing
0.501,-0.475,0.656,-36.627,-28.14,80.447,brushing
0.501,-0.475,0.656,-26.477,-28.315,50.137,brushing
0.266,-0.832,0.956,-26.477,-28.315,50.137,brushing
0.266,-0.832,0.956,-3.447,-43.382,0.402,brushing
0.323,-0.571,0.787,-3.447,-43.382,0.402,brushing
0.323,-0.571,0.787,18.935,-58.17,-55.317,brushing
0.615,0.158,0.255,18.935,-58.17,-55.317,brushing
0.615,0.158,0.255,17.885,-66.92,-80.15,brushing
0.586,-0.1,0.333,17.885,-66.92,-80.15,brushing
0.586,-0.1,0.333,15.575,-49.857,-96.092,brushing
0.589,-0.209,0.445,15.575,-49.857,-96.092,brushing
0.589,-0.209,0.445,25.602,1.925,-109.76,brushing
0.918,0.361,0.287,25.602,1.925,-109.76,brushing
0.918,0.361,0.287,31.937,40.11,-97.947,brushing
1.221,1.284,0.212,31.937,40.11,-97.947,brushing
1.409,1.934,-0.047,31.937,40.11,-97.947,brushing
1.409,1.934,-0.047,29.697,26.775,-54.652,brushing
1.253,1.552,-0.073,29.697,26.775,-54.652,brushing
1.253,1.552,-0.073,19.985,5.652,13.895,brushing
1.16,0.97,0.065,19.985,5.652,13.895,brushing
1.16,0.97,0.065,11.112,-24.605,58.187,brushing
1.15,0.687,-0.27,11.112,-24.605,58.187,brushing
1.15,0.687,-0.27,-8.767,-17.43,98.385,brushing
0.695,-0.872,0.511,-8.767,-17.43,98.385,brushing
0.695,-0.872,0.511,-15.837,-2.257,77.21,brushing
0.601,-0.538,0.466,-15.837,-2.257,77.21,brushing
0.601,-0.538,0.466,-5.285,23.38,39.322,brushing
0.13,-1.4,1.331,-5.285,23.38,39.322,brushing
0.13,-1.4,1.331,28.14,6.492,-33.092,brushing
0.643,0.389,0.469,28.14,6.492,-33.092,brushing
0.643,0.389,0.469,30.782,-75.25,-62.09,brushing
0.72,-0.063,0.241,30.782,-75.25,-62.09,brushing
0.72,-0.063,0.241,21.122,-50.715,-66.36,brushing
0.705,-0.234,0.41,21.122,-50.715,-66.36,brushing
0.842,-0.064,0.327,21.122,-50.715,-66.36,brushing
0.842,-0.064,0.327,21.35,-1.802,-72.607,brushing
1.152,0.292,0.297,21.35,-1.802,-72.607,brushing
1.152,0.292,0.297,25.27,33.635,-73.745,brushing
1.414,1.003,0.097,25.27,33.635,-73.745,brushing
1.414,1.003,0.097,31.237,64.295,-59.64,brushing
1.488,2.036,-0.168,31.237,64.295,-59.64,brushing
1.488,2.036,-0.168,29.347,57.365,-8.032,brushing
1.269,1.7,-0.28,29.347,57.365,-8.032,brushing
1.269,1.7,-0.28,11.06,-13.982,55.23,brushing
0.979,0.349,0.017,11.06,-13.982,55.23,brushing
0.979,0.349,0.017,1.417,-15.172,83.09,brushing
1.175,0.902,-0.389,1.417,-15.172,83.09,brushing
1.175,0.902,-0.389,-17.815,-13.562,99.907,brushing
0.727,-0.641,0.26,-17.815,-13.562,99.907,brushing
0.727,-0.641,0.26,-22.575,0.07,73.972,brushing
0.826,0.009,-0.05,-22.575,0.07,73.972,brushing
0.826,0.009,-0.05,-25.777,34.247,52.237,brushing
0.546,-0.351,0.424,-25.777,34.247,52.237,brushing
0.329,-0.65,0.645,-25.777,34.247,52.237,brushing
0.329,-0.65,0.645,-15.54,12.74,3.535,brushing
0.599,0.36,0.502,-15.54,12.74,3.535,brushing
0.599,0.36,0.502,5.582,17.167,-37.17,brushing
0.7,0.547,0.493,5.582,17.167,-37.17,brushing
0.7,0.547,0.493,13.615,-23.432,-46.532,brushing
0.719,0.25,0.554,13.615,-23.432,-46.532,brushing
0.719,0.25,0.554,18.917,-59.08,-57.26,brushing
0.76,-0.046,0.449,18.917,-59.08,-57.26,brushing
0.76,-0.046,0.449,23.257,-49.192,-73.85,brushing
0.869,-0.092,0.388,23.257,-49.192,-73.85,brushing
0.869,-0.092,0.388,29.312,21.682,-86.38,brushing
1.216,1.196,0.231,29.312,21.682,-86.38,brushing
1.216,1.196,0.231,29.365,48.37,-64.085,brushing
1.416,2.033,0.011,29.365,48.37,-64.085,brushing
1.416,2.033,0.011,17.535,7.682,-3.167,brushing
1.363,1.835,-0.224,17.535,7.682,-3.167,brushing
1.213,0.614,-0.045,1.172,-37.52,48.352,brushing
1.213,0.764,-0.35,1.172,-37.52,48.352,brushing
1.213,0.764,-0.35,-22.225,-38.272,79.922,brushing
0.814,-0.885,0.04,-22.225,-38.272,79.922,brushing
0.814,-0.885,0.04,-47.722,-64.61,65.45,brushing
0.239,-1.652,0.516,-47.722,-64.61,65.45,brushing
0.239,-1.652,0.516,-49.665,-2.257,11.235,brushing
0.331,-0.356,0.703,-49.665,-2.257,11.235,brushing
0.331,-0.356,0.703,-29.662,38.185,-52.832,brushing
0.663,1.308,0.522,-29.662,38.185,-52.832,brushing
0.663,1.308,0.522,-16.292,-33.565,-53.917,brushing
0.542,0.506,0.765,-16.292,-33.565,-53.917,brushing
0.542,0.506,0.765,3.797,-100.17,-54.722,brushing
0.524,0.122,0.655,3.797,-100.17,-54.722,brushing
0.524,0.122,0.655,26.215,-111.685,-68.722,brushing
0.7,-0.221,0.416,26.215,-111.685,-68.722,brushing
0.7,-0.221,0.416,35.49,-71.592,-91.017,brushing
0.912,-0.282,0.164,35.49,-71.592,-91.017,brushing
1.194,0.849,0.096,35.49,-71.592,-91.017,brushing
1.194,0.849,0.096,35.962,18.305,-96.827,brushing
1.33,1.886,-0.128,35.962,18.305,-96.827,brushing
1.33,1.886,-0.128,26.022,33.285,-65.17,brushing
1.357,2.191,-0.484,26.022,33.285,-65.17,brushing
1.357,2.191,-0.484,4.095,-3.587,0.91,brushing
1.078,0.917,-0.134,4.095,-3.587,0.91,brushing
1.078,0.917,-0.134,-14.56,-23.17,54.81,brushing
1.096,0.961,-0.245,-14.56,-23.17,54.81,brushing
1.096,0.961,-0.245,-26.145,-16.065,87.5,brushing
0.73,-0.319,0.209,-26.145,-16.065,87.5,brushing
0.73,-0.319,0.209,-33.25,-22.557,81.392,brushing
0.68,-0.071,0.333,-33.25,-22.557,81.392,brushing
0.68,-0.071,0.333,-30.117,-7.892,64.505,brushing
0.543,-0.72,0.576,-30.117,-7.892,64.505,brushing
0.543,-0.72,0.576,-10.22,-7.962,14.98,brushing
0.236,-1.152,1.096,-10.22,-7.962,14.98,brushing
0.236,-1.152,1.096,24.43,-2.87,-37.467,brushing
0.576,0.559,0.641,24.43,-2.87,-37.467,brushing
0.603,0.308,0.557,24.43,-2.87,-37.467,brushing
0.603,0.308,0.557,38.43,-55.212,-53.935,brushing
0.519,-0.304,0.416,38.43,-55.212,-53.935,brushing
0.519,-0.304,0.416,41.755,-79.065,-71.715,brushing
0.69,-0.144,0.311,41.755,-79.065,-71.715,brushing
0.69,-0.144,0.311,46.97,2.905,-90.982,brushing
1.031,1.007,0.142,46.97,2.905,-90.982,brushing
1.031,1.007,0.142,45.57,50.26,-86.87,brushing
1.442,2.052,-0.268,45.57,50.26,-86.87,brushing
1.442,2.052,-0.268,27.807,39.112,-37.677,brushing
1.515,2.395,-0.397,27.807,39.112,-37.677,brushing
1.515,2.395,-0.397,2.415,4.27,40.827,brushing
1.139,0.853,0.032,2.415,4.27,40.827,brushing
1.139,0.853,0.032,-9.572,-32.2,81.27,brushing
1.186,1.02,-0.356,-9.572,-32.2,81.27,brushing
1.186,1.02,-0.356,-27.072,-7.052,109.742,brushing
0.805,-0.497,0.369,-27.072,-7.052,109.742,brushing
0.805,-0.497,0.369,-32.182,10.272,90.772,brushing
0.748,0.23,0.339,-32.182,10.272,90.772,brushing
0.574,-0.452,0.549,-32.182,10.272,90.772,brushing
0.574,-0.452,0.549,-34.615,7.77,75.005,brushing
0.052,-1.35,1.272,-34.615,7.77,75.005,brushing
0.052,-1.35,1.272,-12.565,2.537,14.577,brushing
0.39,0.064,0.68,-12.565,2.537,14.577,brushing
0.39,0.064,0.68,19.215,-13.685,-47.985,brushing
0.714,0.61,0.156,19.215,-13.685,-47.985,brushing
0.714,0.61,0.156,12.145,-52.447,-58.94,brushing
0.535,-0.108,0.394,12.145,-52.447,-58.94,brushing
0.535,-0.108,0.394,6.65,-35.665,-73.64,brushing
0.577,-0.109,0.459,6.65,-35.665,-73.64,brushing
0.577,-0.109,0.459,17.972,13.58,-93.905,brushing
0.939,0.447,0.308,17.972,13.58,-93.905,brushing
0.939,0.447,0.308,26.127,36.382,-94.43,brushing
1.313,1.382,0.016,26.127,36.382,-94.43,brushing
1.313,1.382,0.016,23.327,45.587,-49.437,brushing
1.501,2.366,-0.193,23.327,45.587,-49.437,brushing
1.501,2.366,-0.193,11.252,8.592,26.67,brushing
1.217,1.456,-0.077,11.252,8.592,26.67,brushing
1.051,0.651,-0.073,11.252,8.592,26.67,brushing
1.051,0.651,-0.073,3.71,-40.792,63.997,brushing
1.164,0.634,-0.42,3.71,-40.792,63.997,brushing
1.164,0.634,-0.42,-14.507,9.065,105.77,brushing
0.538,-0.965,0.593,-14.507,9.065,105.77,brushing
0.538,-0.965,0.593,-24.797,20.282,80.132,brushing
0.606,-0.132,0.217,-24.797,20.282,80.132,brushing
0.606,-0.132,0.217,-21.315,49.315,45.885,brushing
0.409,-0.515,0.699,-21.315,49.315,45.885,brushing
0.409,-0.515,0.699,-13.597,35.35,2.257,brushing
0.394,-0.291,0.768,-13.597,35.35,2.257,brushing
0.394,-0.291,0.768,7.91,18.357,-39.655,brushing
0.631,0.483,0.408,7.91,18.357,-39.655,brushing
0.631,0.483,0.408,15.505,-6.912,-52.5,brushing
0.594,0.114,0.51,15.505,-6.912,-52.5,brushing
0.594,0.114,0.51,23.502,-21.84,-68.652,brushing
0.686,0,0.467,23.502,-21.84,-68.652,brushing
0.865,0.188,0.243,36.767,3.937,-83.422,brushing
1.074,0.76,0.1,36.767,3.937,-83.422,brushing
1.074,0.76,0.1,45.325,47.705,-86.047,brushing
1.369,2.2,-0.541,45.325,47.705,-86.047,brushing
1.369,2.2,-0.541,34.72,70.647,-45.412,brushing
1.267,2.097,-0.527,34.72,70.647,-45.412,brushing
1.267,2.097,-0.527,-0.402,28.665,26.547,brushing
0.923,0.361,-0.009,-0.402,28.665,26.547,brushing
0.923,0.361,-0.009,-18.182,-2.485,55.632,brushing
0.916,0.667,-0.215,-18.182,-2.485,55.632,brushing
0.916,0.667,-0.215,-30.52,39.795,67.97,brushing
0.663,-0.492,0.464,-30.52,39.795,67.97,brushing
0.663,-0.492,0.464,-31.71,14.542,33.687,brushing
0.663,0.095,0.228,-31.71,14.542,33.687,brushing
0.663,0.095,0.228,-26.495,47.075,14.962,brushing
0.616,0.16,0.523,-26.495,47.075,14.962,brushing
0.616,0.16,0.523,-15.977,20.72,-8.54,brushing
0.488,0.004,0.605,-15.977,20.72,-8.54,brushing
0.665,0.494,0.323,1.592,23.135,-26.022,brushing
0.755,0.633,0.203,1.592,23.135,-26.022,brushing
0.755,0.633,0.203,7.017,26.46,-27.947,brushing
0.749,0.411,0.115,7.017,26.46,-27.947,brushing
0.749,0.411,0.115,2.642,6.352,-35.21,brushing
0.738,0.372,0.103,2.642,6.352,-35.21,brushing
0.738,0.372,0.103,-1.592,15.942,-42.542,brushing
0.75,0.424,0.116,-1.592,15.942,-42.542,brushing
0.75,0.424,0.116,-5.32,24.237,-48.737,brushing
0.872,0.586,0.053,-5.32,24.237,-48.737,brushing
0.872,0.586,0.053,-10.412,27.807,-50.557,brushing
0.954,0.499,0.076,-10.412,27.807,-50.557,brushing
0.954,0.499,0.076,-14.787,21.927,-58.135,brushing
0.891,0.345,0.16,-14.787,21.927,-58.135,brushing
0.891,0.345,0.16,-11.76,37.17,-64.085,brushing
0.924,0.335,0.279,-11.76,37.17,-64.085,brushing
0.924,0.335,0.279,-6.282,56.49,-59.692,brushing
0.9,0.782,0.355,-6.282,56.49,-59.692,brushing
0.885,1.024,0.264,-6.282,56.49,-59.692,brushing
0.885,1.024,0.264,-0.892,33.652,-47.18,brushing
0.874,1.084,0.181,-0.892,33.652,-47.18,brushing
0.874,1.084,0.181,4.847,20.107,-25.725,brushing
0.86,1.102,0.088,4.847,20.107,-25.725,brushing
0.86,1.102,0.088,8.995,14.35,-3.482,brushing
0.827,0.898,0.093,8.995,14.35,-3.482,brushing
0.827,0.898,0.093,9.87,3.78,12.915,brushing
0.783,0.645,0.113,9.87,3.78,12.915,brushing
0.783,0.645,0.113,8.925,0.525,19.74,brushing
0.779,0.338,0.104,8.925,0.525,19.74,brushing
0.779,0.338,0.104,5.372,3.622,13.685,brushing
0.78,0.281,0.12,5.372,3.622,13.685,brushing
0.78,0.281,0.12,0.91,19.967,3.185,brushing
0.811,0.44,0.14,0.91,19.967,3.185,brushing
0.811,0.44,0.14,-3.325,26.792,-3.465,brushing
0.814,0.689,0.199,-3.325,26.792,-3.465,brushing
0.814,0.689,0.199,-4.865,15.277,-2.485,brushing
0.805,0.716,0.31,-4.865,15.277,-2.485,brushing
0.78,0.604,0.341,-4.865,15.277,-2.485,brushing
0.78,0.604,0.341,-1.295,-8.155,-2.747,brushing
0.793,0.509,0.309,-1.295,-8.155,-2.747,brushing
0.793,0.509,0.309,5.11,-23.782,-5.88,brushing
0.817,0.587,0.228,5.11,-23.782,-5.88,brushing
0.817,0.587,0.228,10.08,-26.547,-7.787,brushing
0.831,0.671,0.149,10.08,-26.547,-7.787,brushing
0.831,0.671,0.149,10.15,-37.957,-9.152,brushing
0.818,0.603,0.106,10.15,-37.957,-9.152,brushing
0.818,0.603,0.106,6.44,-47.285,-9.537,brushing
0.822,0.521,0.131,6.44,-47.285,-9.537,brushing
0.822,0.521,0.131,4.602,-33.565,-7.875,brushing
0.797,0.535,0.198,4.602,-33.565,-7.875,brushing
0.797,0.535,0.198,5.74,-24.202,-8.47,brushing
0.77,0.546,0.243,5.74,-24.202,-8.47,brushing
0.77,0.546,0.243,7.7,-39.217,-14.542,brushing
0.695,0.442,0.266,7.7,-39.217,-14.542,brushing
0.695,0.442,0.266,8.995,-52.08,-24.43,brushing
0.692,0.329,0.162,8.995,-52.08,-24.43,brushing
0.758,0.29,0.056,8.995,-52.08,-24.43,brushing
0.758,0.29,0.056,7.315,-39.987,-34.58,brushing
0.8,0.557,-0.004,7.315,-39.987,-34.58,brushing
0.8,0.557,-0.004,3.78,-10.832,-41.632,brushing
0.873,0.875,-0.103,3.78,-10.832,-41.632,brushing
0.873,0.875,-0.103,-4.007,-5.775,-41.842,brushing
0.956,1.252,0.03,-4.007,-5.775,-41.842,brushing
0.956,1.252,0.03,-13.457,-20.3,-25.602,brushing
0.88,1.4,0.189,-13.457,-20.3,-25.602,brushing
0.88,1.4,0.189,-12.285,-10.762,7.647,brushing
0.835,1.132,0.152,-12.285,-10.762,7.647,brushing
0.835,1.132,0.152,-8.172,-12.25,27.247,brushing
0.785,0.871,0.137,-8.172,-12.25,27.247,brushing
0.785,0.871,0.137,-6.615,-3.535,41.807,brushing
0.793,1.132,0.179,-6.615,-3.535,41.807,brushing
0.793,1.132,0.179,-7.927,-5.565,60.462,brushing
0.774,1.171,0.292,-7.927,-5.565,60.462,brushing
0.774,1.171,0.292,-10.412,-70.262,56.14,brushing
0.425,0.107,0.428,-10.412,-70.262,56.14,brushing
0.336,-0.459,0.377,-10.412,-70.262,56.14,brushing
0.336,-0.459,0.377,-3.815,-103.232,17.22,brushing
0.451,-0.117,0.32,-3.815,-103.232,17.22,brushing
0.451,-0.117,0.32,3.447,-48.632,-12.215,brushing
0.713,0.326,0.279,3.447,-48.632,-12.215,brushing
0.713,0.326,0.279,6.037,-12.635,-23.205,brushing
0.861,0.526,0.14,6.037,-12.635,-23.205,brushing
0.861,0.526,0.14,3.657,-5.267,-20.16,brushing
0.95,0.335,0.006,3.657,-5.267,-20.16,brushing
0.95,0.335,0.006,-3.202,-9.467,-17.92,brushing
0.94,0.304,-0.052,-3.202,-9.467,-17.92,brushing
0.94,0.304,-0.052,-11.515,-0.052,-15.295,brushing
0.914,0.393,-0.049,-11.515,-0.052,-15.295,brushing
0.914,0.393,-0.049,-18.707,22.067,-9.887,brushing
0.921,0.52,-0.051,-18.707,22.067,-9.887,brushing
0.921,0.52,-0.051,-24.727,42.63,-1.662,brushing
0.923,0.65,-0.019,-24.727,42.63,-1.662,brushing
0.918,0.695,0.059,-28.892,57.295,6.912,brushing
0.882,0.781,0.135,-28.892,57.295,6.912,brushing
0.882,0.781,0.135,-32.2,60.935,11.76,brushing
0.839,0.801,0.213,-32.2,60.935,11.76,brushing
0.839,0.801,0.213,-35.332,58.1,14.927,brushing
0.796,0.834,0.289,-35.332,58.1,14.927,brushing
0.796,0.834,0.289,-38.727,54.582,16.432,brushing
0.765,0.833,0.353,-38.727,54.582,16.432,brushing
0.765,0.833,0.353,-41.807,46.585,16.275,brushing
0.751,0.771,0.434,-41.807,46.585,16.275,brushing
0.751,0.771,0.434,-43.47,39.585,14.927,brushing
0.701,0.791,0.472,-43.47,39.585,14.927,brushing
0.701,0.791,0.472,-45.552,20.475,12.757,brushing
0.708,0.73,0.369,-45.552,20.475,12.757,brushing
0.708,0.73,0.369,-49.892,11.69,12.687,brushing
0.689,0.572,0.438,-49.892,11.69,12.687,brushing
0.689,0.572,0.438,-49.63,18.252,12.792,brushing
0.64,0.6,0.534,-49.63,18.252,12.792,brushing
0.645,0.548,0.527,-49.63,18.252,12.792,brushing
0.645,0.548,0.527,-43.522,9.082,12.285,brushing
0.668,0.498,0.469,-43.522,9.082,12.285,brushing
0.668,0.498,0.469,-34.195,-1.33,12.162,brushing
0.702,0.462,0.371,-34.195,-1.33,12.162,brushing
0.702,0.462,0.371,-25.217,-5.652,12.32,brushing
0.718,0.409,0.279,-25.217,-5.652,12.32,brushing
0.718,0.409,0.279,-18.76,1.33,12.495,brushing
0.718,0.425,0.218,-18.76,1.33,12.495,brushing
0.718,0.425,0.218,-14.875,14.717,13.247,brushing
0.689,0.804,0.284,-14.875,14.717,13.247,brushing
0.689,0.804,0.284,-13.282,-7.262,23.257,brushing
0.647,1.093,0.349,-13.282,-7.262,23.257,brushing
0.647,1.093,0.349,-9.782,-55.825,37.975,brushing
0.663,0.471,0.273,-9.782,-55.825,37.975,brushing
0.663,0.471,0.273,-4.952,-34.685,26.897,brushing
0.533,-0.117,0.246,-4.952,-34.685,26.897,brushing
0.533,-0.117,0.246,2.502,37.695,9.677,brushing
0.674,0.233,0.24,2.502,37.695,9.677,brushing
0.737,0.453,0.224,2.502,37.695,9.677,brushing
0.737,0.453,0.224,4.007,81.602,1.75,brushing
0.806,0.555,0.247,4.007,81.602,1.75,brushing
0.806,0.555,0.247,0.962,81.795,-4.865,brushing
0.816,0.683,0.282,0.962,81.795,-4.865,brushing
0.816,0.683,0.282,-0.087,73.78,-2.082,brushing
0.83,0.768,0.307,-0.087,73.78,-2.082,brushing
0.83,0.768,0.307,0.962,55.772,3.43,brushing
0.829,0.748,0.319,0.962,55.772,3.43,brushing
0.829,0.748,0.319,1.417,28.35,9.712,brushing
0.786,0.648,0.334,1.417,28.35,9.712,brushing
0.786,0.648,0.334,3.062,7.962,12.985,brushing
0.768,0.539,0.349,3.062,7.962,12.985,brushing
0.768,0.539,0.349,5.67,4.112,12.337,brushing
0.77,0.551,0.362,5.67,4.112,12.337,brushing
0.77,0.551,0.362,7.7,-1.767,9.66,brushing
0.767,0.61,0.391,7.7,-1.767,9.66,brushing
0.767,0.61,0.391,9.852,-14.962,6.65,brushing
0.744,0.611,0.442,9.852,-14.962,6.65,brushing
0.719,0.579,0.47,9.852,-14.962,6.65,brushing
0.719,0.579,0.47,13.545,-37.327,0.84,brushing
0.723,0.563,0.478,13.545,-37.327,0.84,brushing
0.723,0.563,0.478,19.005,-57.085,-6.142,brushing
0.74,0.552,0.451,19.005,-57.085,-6.142,brushing
0.74,0.552,0.451,24.797,-70.385,-12.95,brushing
0.761,0.606,0.424,24.797,-70.385,-12.95,brushing
0.761,0.606,0.424,28.665,-77.63,-16.782,brushing
0.798,0.688,0.346,28.665,-77.63,-16.782,brushing
0.798,0.688,0.346,28.91,-85.995,-16.485,brushing
0.843,0.763,0.27,28.91,-85.995,-16.485,brushing
0.843,0.763,0.27,26.197,-91.315,-11.41,brushing
0.86,0.839,0.208,26.197,-91.315,-11.41,brushing
0.86,0.839,0.208,22.575,-85.12,0.787,brushing
0.876,0.812,0.128,22.575,-85.12,0.787,brushing
0.876,0.812,0.128,19.547,-64.487,17.43,brushing
0.885,0.815,0.12,19.547,-64.487,17.43,brushing
0.885,0.815,0.12,17.045,-59.622,32.095,brushing
0.879,0.791,0.093,17.045,-59.622,32.095,brushing
0.853,0.517,0.054,17.045,-59.622,32.095,brushing
0.853,0.517,0.054,14.14,-62.615,42.962,brushing
0.759,0.183,0.09,14.14,-62.615,42.962,brushing
0.759,0.183,0.09,11.97,-50.732,43.4,brushing
0.686,0.001,0.143,11.97,-50.732,43.4,brushing
0.686,0.001,0.143,10.465,-35,31.99,brushing
0.662,-0.161,0.221,10.465,-35,31.99,brushing
0.662,-0.161,0.221,10.745,-12.757,12.495,brushing
0.782,0.132,0.349,10.745,-12.757,12.495,brushing
0.782,0.132,0.349,13.335,18.532,1.942,brushing
0.841,0.491,0.466,13.335,18.532,1.942,brushing
0.841,0.491,0.466,14.682,2.485,-4.777,brushing
0.855,0.548,0.568,14.682,2.485,-4.777,brushing
0.855,0.548,0.568,16.205,-41.72,-12.145,brushing
0.818,0.46,0.678,16.205,-41.72,-12.145,brushing
0.818,0.46,0.678,21.192,-68.95,-19.145,brushing
0.818,0.36,0.701,21.192,-68.95,-19.145,brushing
0.814,0.324,0.665,24.745,-82.145,-29.89,brushing
0.797,0.299,0.579,24.745,-82.145,-29.89,brushing
0.797,0.299,0.579,21.875,-99.627,-44.502,brushing
0.805,0.328,0.427,21.875,-99.627,-44.502,brushing
0.805,0.328,0.427,13.632,-105.735,-54.337,brushing
0.875,0.524,0.341,13.632,-105.735,-54.337,brushing
0.875,0.524,0.341,7.402,-71.067,-47.267,brushing
0.976,0.975,0.281,7.402,-71.067,-47.267,brushing
0.976,0.975,0.281,5.967,-43.82,-26.197,brushing
1.098,1.358,0.15,5.967,-43.82,-26.197,brushing
1.098,1.358,0.15,7.91,-26.145,14.297,brushing
1.032,1.135,0.062,7.91,-26.145,14.297,brushing
1.032,1.135,0.062,13.142,-7.962,54.162,brushing
0.991,0.856,0.021,13.142,-7.962,54.162,brushing
0.991,0.856,0.021,18.2,22.032,92.61,brushing
0.942,0.763,-0.099,18.2,22.032,92.61,brushing
0.942,0.763,-0.099,13.51,25.55,111.86,brushing
0.736,0.208,0.01,13.51,25.55,111.86,brushing
0.355,-0.887,0.067,4.847,-25.322,85.977,brushing
0.419,-1.024,0.06,4.847,-25.322,85.977,brushing
0.419,-1.024,0.06,4.952,3.71,25.69,brushing
0.736,0.577,0.342,4.952,3.71,25.69,brushing
0.736,0.577,0.342,10.657,119.892,10.395,brushing
0.773,0.903,0.541,10.657,119.892,10.395,brushing
0.773,0.903,0.541,10.937,40.197,-0.49,brushing
0.763,0.356,0.557,10.937,40.197,-0.49,brushing
0.763,0.356,0.557,12.46,-31.517,-6.895,brushing
0.795,0.16,0.548,12.46,-31.517,-6.895,brushing
0.795,0.16,0.548,11.795,-43.837,-19.862,brushing
0.796,0.052,0.499,11.795,-43.837,-19.862,brushing
0.796,0.052,0.499,4.27,-63.35,-43.487,brushing
0.813,-0.162,0.416,4.27,-63.35,-43.487,brushing
0.813,-0.162,0.416,-2.625,-45.99,-67.375,brushing
0.89,0.113,0.34,-2.625,-45.99,-67.375,brushing
0.89,0.113,0.34,-2.17,17.36,-72.887,brushing
0.999,1.089,0.267,-2.17,17.36,-72.887,brushing
1.162,2.028,0.087,-2.17,17.36,-72.887,brushing
1.162,2.028,0.087,-3.535,39.235,-42.752,brushing
1.161,2.296,0.138,-3.535,39.235,-42.752,brushing
1.161,2.296,0.138,-9.677,33.582,27.912,brushing
1.024,1.279,0.317,-9.677,33.582,27.912,brushing
1.024,1.279,0.317,-10.902,-20.965,84.245,brushing
0.97,0.578,0.179,-10.902,-20.965,84.245,brushing
0.97,0.578,0.179,-8.102,-17.955,115.447,brushing
0.864,0.156,0.37,-8.102,-17.955,115.447,brushing
0.864,0.156,0.37,-10.972,-15.54,116.637,brushing
0.798,0.036,0.38,-10.972,-15.54,116.637,brushing
0.798,0.036,0.38,-20.405,-56.385,97.825,brushing
0.609,-0.855,0.451,-20.405,-56.385,97.825,brushing
0.609,-0.855,0.451,-28.612,-75.355,44.205,brushing
0.23,-1.583,0.632,-28.612,-75.355,44.205,brushing
0.23,-1.583,0.632,-31.902,-15.26,-14.542,brushing
0.623,0.054,0.505,-31.902,-15.26,-14.542,brushing
0.623,0.054,0.505,-43.68,20.195,-25.025,brushing
0.679,0.836,0.62,-43.68,20.195,-25.025,brushing
0.641,0.408,0.731,-43.68,20.195,-25.025,brushing
0.641,0.408,0.731,-48.405,-70.822,-26.005,brushing
0.591,0.032,0.736,-48.405,-70.822,-26.005,brushing
0.591,0.032,0.736,-34.632,-105.087,-28.63,brushing
0.648,-0.403,0.804,-34.632,-105.087,-28.63,brushing
0.648,-0.403,0.804,-11.987,-95.252,-47.652,brushing
0.768,-0.178,0.645,-11.987,-95.252,-47.652,brushing
0.768,-0.178,0.645,9.975,-54.95,-66.535,brushing
0.928,0.221,0.46,9.975,-54.95,-66.535,brushing
0.928,0.221,0.46,22.855,-25.672,-74.252,brushing
1.122,0.878,0.253,22.855,-25.672,-74.252,brushing
1.122,0.878,0.253,22.925,4.48,-46.34,brushing
1.283,1.511,0.047,22.925,4.48,-46.34,brushing
1.283,1.511,0.047,15.995,34.107,15.662,brushing
1.221,1.695,0.008,15.995,34.107,15.662,brushing
1.221,1.695,0.008,9.345,26.757,79.502,brushing
1.116,1.074,0.077,9.345,26.757,79.502,brushing
1.116,1.074,0.077,3.955,8.417,118.685,brushing
0.957,0.402,0.052,3.955,8.417,118.685,brushing
0.805,0.086,0.221,3.955,8.417,118.685,brushing
0.805,0.086,0.221,-2.87,13.195,130.777,brushing
0.74,-0.005,0.203,-2.87,13.195,130.777,brushing
0.74,-0.005,0.203,-10.955,9.747,128.8,brushing
0.444,-0.705,0.479,-10.955,9.747,128.8,brushing
0.444,-0.705,0.479,-14.21,3.325,99.995,brushing
-0.007,-1.945,1.092,-14.21,3.325,99.995,brushing
-0.007,-1.945,1.092,10.902,5.302,17.902,brushing
0.435,-0.437,0.677,10.902,5.302,17.902,brushing
0.435,-0.437,0.677,37.695,75.915,-27.002,brushing
0.674,0.581,0.401,37.695,75.915,-27.002,brushing
0.674,0.581,0.401,35.525,23.992,-44.17,brushing
0.649,-0.049,0.689,35.525,23.992,-44.17,brushing
0.649,-0.049,0.689,34.247,-25.532,-63.612,brushing
0.75,-0.049,0.543,34.247,-25.532,-63.612,brushing
0.75,-0.049,0.543,38.71,11.795,-69.912,brushing
0.929,0.381,0.431,38.71,11.795,-69.912,brushing
1.101,0.992,0.35,39.567,33.442,-67.025,brushing
1.309,2.145,0.013,39.567,33.442,-67.025,brushing
1.309,2.145,0.013,33.302,37.257,-29.855,brushing
1.221,1.879,-0.05,33.302,37.257,-29.855,brushing
1.221,1.879,-0.05,15.785,-8.925,37.397,brushing
1.179,0.916,0.082,15.785,-8.925,37.397,brushing
1.179,0.916,0.082,3.657,-39.287,87.22,brushing
0.962,0.279,-0.006,3.657,-39.287,87.22,brushing
0.962,0.279,-0.006,-8.277,-16.607,110.705,brushing
0.878,-0.155,0.167,-8.277,-16.607,110.705,brushing
0.878,-0.155,0.167,-21.367,-13.125,100.257,brushing
0.698,-0.379,0.156,-21.367,-13.125,100.257,brushing
0.698,-0.379,0.156,-32.672,1.085,73.517,brushing
0.144,-1.596,0.894,-32.672,1.085,73.517,brushing
0.144,-1.596,0.894,-15.015,-9.31,-8.33,brushing
0.275,-1.344,0.905,-15.015,-9.31,-8.33,brushing
0.275,-1.344,0.905,10.955,77.367,-46.48,brushing
0.712,0.41,0.358,10.955,77.367,-46.48,brushing
0.7,0.207,0.602,9.292,43.837,-58.887,brushing
0.692,-0.184,0.593,9.292,43.837,-58.887,brushing
0.692,-0.184,0.593,9.695,-17.447,-78.277,brushing
0.815,0.2,0.45,9.695,-17.447,-78.277,brushing
0.815,0.2,0.45,18.777,14.507,-89.775,brushing
0.984,0.571,0.389,18.777,14.507,-89.775,brushing
0.984,0.571,0.389,27.877,31.202,-88.165,brushing
1.195,1.473,0.012,27.877,31.202,-88.165,brushing
1.195,1.473,0.012,28.315,41.72,-56.455,brushing
1.362,2.19,-0.372,28.315,41.72,-56.455,brushing
1.362,2.19,-0.372,10.552,27.02,13.825,brushing
1.171,1.315,-0.187,10.552,27.02,13.825,brushing
1.171,1.315,-0.187,-8.295,3.902,74.742,brushing
1.207,0.709,-0.204,-8.295,3.902,74.742,brushing
1.207,0.709,-0.204,-23.205,36.05,111.667,brushing
0.915,-0.04,0.231,-23.205,36.05,111.667,brushing
0.915,-0.04,0.231,-32.847,11.882,101.412,brushing
0.843,-0.246,0.268,-32.847,11.882,101.412,brushing
0.203,-1.756,0.996,-32.847,11.882,101.412,brushing
0.203,-1.756,0.996,-32.252,0.175,65.327,brushing
0.36,-1.131,0.994,-32.252,0.175,65.327,brushing
0.36,-1.131,0.994,3.255,32.707,-16.485,brushing
0.76,0.889,0.743,3.255,32.707,-16.485,brushing
0.76,0.889,0.743,27.352,75.425,-36.26,brushing
0.738,0.418,0.718,27.352,75.425,-36.26,brushing
0.738,0.418,0.718,36.837,-32.025,-45.342,brushing
0.646,0.103,0.573,36.837,-32.025,-45.342,brushing
0.646,0.103,0.573,40.04,-69.492,-54.932,brushing
0.68,-0.219,0.536,40.04,-69.492,-54.932,brushing
0.68,-0.219,0.536,40.845,-51.467,-72.152,brushing
0.807,-0.034,0.393,40.845,-51.467,-72.152,brushing
0.807,-0.034,0.393,42.087,0.997,-85.015,brushing
1.029,0.523,0.171,42.087,0.997,-85.015,brushing
1.029,0.523,0.171,37.87,25.742,-79.607,brushing
1.225,1.416,-0.117,37.87,25.742,-79.607,brushing
1.225,1.416,-0.117,24.64,38.85,-30.485,brushing
1.373,2.133,-0.291,24.64,38.85,-30.485,brushing
1.145,1.229,-0.1,24.64,38.85,-30.485,brushing
1.145,1.229,-0.1,9.73,1.61,37.135,brushing
1.191,0.729,-0.207,9.73,1.61,37.135,brushing
1.191,0.729,-0.207,1.102,-7.385,82.18,brushing
0.925,-0.283,0.176,1.102,-7.385,82.18,brushing
0.925,-0.283,0.176,-8.627,10.027,97.125,brushing
0.821,-0.188,0.285,-8.627,10.027,97.125,brushing
0.821,-0.188,0.285,-12.862,13.212,77.892,brushing
0.602,-0.674,0.436,-12.862,13.212,77.892,brushing
0.602,-0.674,0.436,-6.457,12.932,42.752,brushing
0.236,-1.222,1.02,-6.457,12.932,42.752,brushing
0.236,-1.222,1.02,21.227,37.502,-14,brushing
0.651,0.338,0.561,21.227,37.502,-14,brushing
0.651,0.338,0.561,35.402,0.997,-41.702,brushing
0.804,0.389,0.4,35.402,0.997,-41.702,brushing
0.804,0.389,0.4,32.812,-41.335,-47.46,brushing
0.783,0.074,0.408,32.812,-41.335,-47.46,brushing
0.783,0.074,0.408,28.332,-36.26,-57.4,brushing
0.766,-0.028,0.444,28.332,-36.26,-57.4,brushing
0.801,-0.181,0.456,28.332,-36.26,-57.4,brushing
0.801,-0.181,0.456,28.857,-25.55,-79.327,brushing
1.085,0.36,0.159,28.857,-25.55,-79.327,brushing
1.085,0.36,0.159,32.13,27.475,-90.632,brushing
1.278,1.242,0.106,32.13,27.475,-90.632,brushing
1.278,1.242,0.106,30.555,59.605,-71.872,brushing
1.404,2.189,-0.246,30.555,59.605,-71.872,brushing
1.404,2.189,-0.246,15.452,32.585,-12.302,brushing
1.163,1.255,-0.212,15.452,32.585,-12.302,brushing
1.163,1.255,-0.212,-0.28,-8.89,43.05,brushing
0.982,0.494,-0.124,-0.28,-8.89,43.05,brushing
0.982,0.494,-0.124,-13.107,34.142,73.587,brushing
1.044,0.601,-0.298,-13.107,34.142,73.587,brushing
1.044,0.601,-0.298,-32.497,73.867,97.02,brushing
0.847,0.299,0.181,-32.497,73.867,97.02,brushing
0.847,0.299,0.181,-37.24,68.04,92.487,brushing
0.617,-0.402,0.583,-37.24,68.04,92.487,brushing
0.617,-0.402,0.583,-22.837,48.737,56.56,brushing
0.553,-0.61,0.684,-22.837,48.737,56.56,brushing
0.465,-0.643,0.953,-22.837,48.737,56.56,brushing
0.465,-0.643,0.953,3.412,40.302,6.23,brushing
0.785,0.186,0.401,3.412,40.302,6.23,brushing
0.785,0.186,0.401,21.07,-15.54,-37.205,brushing
0.787,-0.062,0.318,21.07,-15.54,-37.205,brushing
0.787,-0.062,0.318,27.545,-21.682,-50.312,brushing
0.844,0.024,0.332,27.545,-21.682,-50.312,brushing
0.844,0.024,0.332,34.16,40.005,-53.585,brushing
0.995,0.45,0.342,34.16,40.005,-53.585,brushing
0.995,0.45,0.342,41.982,47.215,-53.602,brushing
1.179,0.823,-0.123,41.982,47.215,-53.602,brushing
1.179,0.823,-0.123,36.207,41.037,-35.42,brushing
1.468,1.704,-0.605,36.207,41.037,-35.42,brushing
1.468,1.704,-0.605,13.23,36.382,16.432,brushing
1.212,1.217,-0.36,13.23,36.382,16.432,brushing
1.212,1.217,-0.36,2.642,35.122,58.677,brushing
0.894,0.332,0.035,2.642,35.122,58.677,brushing
1.249,0.876,-0.604,-9.66,38.167,77.087,brushing
0.684,-0.96,0.352,-9.66,38.167,77.087,brushing
0.684,-0.96,0.352,-27.895,39.76,79.152,brushing
0.733,-0.43,0.213,-27.895,39.76,79.152,brushing
0.733,-0.43,0.213,-25.41,104.545,43.82,brushing
0.557,-0.531,0.701,-25.41,104.545,43.82,brushing
0.557,-0.531,0.701,-16.117,94.412,3.027,brushing
0.626,-0.068,0.694,-16.117,94.412,3.027,brushing
0.626,-0.068,0.694,-0.21,55.142,-40.46,brushing
0.788,0.502,0.426,-0.21,55.142,-40.46,brushing
0.788,0.502,0.426,9.275,18.007,-55.772,brushing
0.806,0.512,0.431,9.275,18.007,-55.772,brushing
0.806,0.512,0.431,12.495,-14.857,-58.31,brushing
0.767,0.449,0.438,12.495,-14.857,-58.31,brushing
0.767,0.449,0.438,15.89,-38.01,-63.157,brushing
0.86,0.251,0.339,15.89,-38.01,-63.157,brushing
0.86,0.251,0.339,19.967,-3.64,-63,brushing
1.082,0.323,0.203,19.967,-3.64,-63,brushing
1.23,0.677,-0.006,19.967,-3.64,-63,brushing
1.23,0.677,-0.006,24.01,36.732,-58.03,brushing
1.433,1.545,-0.566,24.01,36.732,-58.03,brushing
1.433,1.545,-0.566,15.522,47.495,-33.915,brushing
1.226,1.506,-0.593,15.522,47.495,-33.915,brushing
1.226,1.506,-0.593,-10.062,32.357,19.425,brushing
0.986,0.831,-0.332,-10.062,32.357,19.425,brushing
0.986,0.831,-0.332,-28.787,20.247,58.8,brushing
1.082,0.818,-0.481,-28.787,20.247,58.8,brushing
1.082,0.818,-0.481,-55.387,-17.01,80.412,brushing
0.319,-1.241,0.521,-55.387,-17.01,80.412,brushing
0.319,-1.241,0.521,-43.872,-24.447,37.73,brushing
0.048,-1.387,0.754,-43.872,-24.447,37.73,brushing
0.048,-1.387,0.754,-4.445,94.22,-17.447,brushing
0.708,0.527,0.464,-4.445,94.22,-17.447,brushing
0.708,0.527,0.464,10.237,47.232,-42.472,brushing
0.992,0.902,0.127,10.237,47.232,-42.472,brushing
0.992,0.902,0.127,4.69,-16.957,-42.56,brushing
0.892,0.276,0.217,4.69,-16.957,-42.56,brushing
0.752,0.243,0.434,4.69,-16.957,-42.56,brushing
0.752,0.243,0.434,2.17,-8.47,-46.585,brushing
0.784,0.244,0.325,2.17,-8.47,-46.585,brushing
0.784,0.244,0.325,2.712,-35.245,-64.137,brushing
0.783,0.191,0.289,2.712,-35.245,-64.137,brushing
0.783,0.191,0.289,0.875,-28.507,-76.702,brushing
0.726,0.117,0.438,0.875,-28.507,-76.702,brushing
0.726,0.117,0.438,4.742,10.097,-84.245,brushing
0.796,0.86,0.224,4.742,10.097,-84.245,brushing
0.796,0.86,0.224,15.54,28.787,-86.275,brushing
1.126,1.731,-0.293,15.54,28.787,-86.275,brushing
1.126,1.731,-0.293,12.18,5.915,-49.892,brushing
1.214,1.878,-0.473,12.18,5.915,-49.892,brushing
1.214,1.878,-0.473,0.91,-37.222,-1.907,brushing
0.926,0.905,-0.133,0.91,-37.222,-1.907,brushing
0.926,0.905,-0.133,2.957,-68.722,19.827,brushing
0.903,0.616,-0.211,2.957,-68.722,19.827,brushing
0.903,0.616,-0.211,-0.315,-42.647,41.86,brushing
1.025,0.564,-0.262,-0.315,-42.647,41.86,brushing
0.824,-0.109,-0.04,-0.315,-42.647,41.86,brushing
0.824,-0.109,-0.04,-14.997,-45.535,40.057,brushing
0.699,-0.434,0.229,-14.997,-45.535,40.057,brushing
0.699,-0.434,0.229,-25.445,-17.307,19.547,brushing
0.424,-0.806,0.693,-25.445,-17.307,19.547,brushing
0.424,-0.806,0.693,-19.355,-10.412,-30.45,brushing
0.562,-0.099,0.491,-19.355,-10.412,-30.45,brushing
0.562,-0.099,0.491,-1.89,18.655,-73.972,brushing
0.754,0.949,0.405,-1.89,18.655,-73.972,brushing
0.754,0.949,0.405,2.117,6.912,-81.41,brushing
0.748,0.901,0.31,2.117,6.912,-81.41,brushing
0.748,0.901,0.31,-1.26,-60.865,-81.147,brushing
0.754,0.746,0.153,-1.26,-60.865,-81.147,brushing
0.754,0.746,0.153,-8.995,-74.847,-76.982,brushing
0.775,0.738,0.093,-8.995,-74.847,-76.982,brushing
0.775,0.738,0.093,-20.912,-71.522,-74.095,brushing
0.785,0.751,0.047,-20.912,-71.522,-74.095,brushing
0.785,0.751,0.047,-35.892,-67.847,-69.912,brushing
0.88,0.822,0.066,-35.892,-67.847,-69.912,brushing
0.865,1.071,0.507,-35.892,-67.847,-69.912,brushing
0.865,1.071,0.507,-44.415,-97.072,-67.007,brushing
0.865,0.957,0.668,-44.415,-97.072,-67.007,brushing
0.865,0.957,0.668,-36.47,-167.177,-61.267,brushing
0.859,1.046,0.686,-36.47,-167.177,-61.267,brushing
0.859,1.046,0.686,-21.84,-218.802,-47.127,brushing
1.031,0.9,0.415,-21.84,-218.802,-47.127,brushing
1.031,0.9,0.415,-13.737,-252.735,-29.75,brushing
1.321,0.764,0.171,-13.737,-252.735,-29.75,brushing
1.321,0.764,0.171,-18.48,-217.402,-2.432,brushing
1.336,0.89,0.112,-18.48,-217.402,-2.432,brushing
1.336,0.89,0.112,-26.04,-145.04,42.542,brushing
0.977,0.885,0.478,-26.04,-145.04,42.542,brushing
0.977,0.885,0.478,-21.577,-137.48,75.757,brushing
1.021,0.895,0.205,-21.577,-137.48,75.757,brushing
1.021,0.895,0.205,-22.452,-183.015,95.025,brushing
0.56,0.019,0.558,-22.452,-183.015,95.025,brushing
0.656,0.118,0.156,-16.677,-169.592,92.19,brushing
0.46,0.017,0.519,-16.677,-169.592,92.19,brushing
0.46,0.017,0.519,-18.602,-119.21,94.097,brushing
0.244,-0.044,0.453,-18.602,-119.21,94.097,brushing
0.244,-0.044,0.453,-26.74,-180.267,62.072,brushing
0.096,-0.496,0.599,-26.74,-180.267,62.072,brushing
0.096,-0.496,0.599,-38.027,-271.67,1.802,brushing
0.269,0.087,0.78,-38.027,-271.67,1.802,brushing
0.269,0.087,0.78,-28.945,-234.465,-36.26,brushing
0.42,0.76,0.857,-28.945,-234.465,-36.26,brushing
0.42,0.76,0.857,-20.16,-193.55,-26.74,brushing
0.334,-0.08,0.973,-20.16,-193.55,-26.74,brushing
0.334,-0.08,0.973,-8.172,-185.692,-31.605,brushing
0.456,-0.577,0.96,-8.172,-185.692,-31.605,brushing
0.456,-0.577,0.96,19.495,-125.807,-55.685,brushing
0.722,-0.341,0.64,19.495,-125.807,-55.685,brushing
0.722,-0.341,0.64,26.565,-96.39,-70.385,brushing
0.894,-0.214,0.342,26.565,-96.39,-70.385,brushing
1.076,-0.076,0.346,13.79,-72.712,-68.792,brushing
1.343,0.465,0.409,13.79,-72.712,-68.792,brushing
1.343,0.465,0.409,7.7,-26.285,-46.025,brushing
1.217,0.233,0.598,7.7,-26.285,-46.025,brushing
1.217,0.233,0.598,6.685,-6.947,-10.202,brushing
1.075,0.063,0.7,6.685,-6.947,-10.202,brushing
1.075,0.063,0.7,17.36,1.89,4.27,brushing
1.059,0.337,0.532,17.36,1.89,4.27,brushing
1.059,0.337,0.532,24.412,16.8,22.54,brushing
0.606,-0.117,0.802,24.412,16.8,22.54,brushing
0.606,-0.117,0.802,29.067,22.575,28.525,brushing
0.812,0.671,0.545,29.067,22.575,28.525,brushing
0.812,0.671,0.545,22.19,6.72,40.285,brushing
0.597,0.299,0.578,22.19,6.72,40.285,brushing
0.597,0.299,0.578,0.42,-17.167,47.845,brushing
0.431,-0.117,0.643,0.42,-17.167,47.845,brushing
0.431,-0.117,0.643,-11.427,2.8,26.722,brushing
-0.012,-0.741,1.084,-11.427,2.8,26.722,brushing
0.393,0.035,1.017,-11.427,2.8,26.722,brushing
0.393,0.035,1.017,-5.477,-6.737,-24.08,brushing
0.37,0.233,1.03,-5.477,-6.737,-24.08,brushing
0.37,0.233,1.03,0.875,-64.54,-42.052,brushing
0.291,-0.621,0.951,0.875,-64.54,-42.052,brushing
0.291,-0.621,0.951,7.402,-125.877,-61.722,brushing
0.596,-0.614,0.64,7.402,-125.877,-61.722,brushing
0.596,-0.614,0.64,22.75,-76.405,-88.34,brushing
0.984,-0.203,0.286,22.75,-76.405,-88.34,brushing
0.984,-0.203,0.286,21.612,-29.382,-90.422,brushing
1.411,0.314,0.277,21.612,-29.382,-90.422,brushing
1.411,0.314,0.277,11.812,-0.682,-68.39,brushing
1.79,0.832,0.217,11.812,-0.682,-68.39,brushing
1.79,0.832,0.217,4.41,24.15,-18.585,brushing
1.308,0.387,0.563,4.41,24.15,-18.585,brushing
1.308,0.387,0.563,10.045,46.217,21.752,brushing
1.176,0.702,0.524,10.045,46.217,21.752,brushing
1.176,0.702,0.524,18.007,51.397,55.86,brushing
0.71,0.053,0.894,18.007,51.397,55.86,brushing
0.716,0.236,0.772,18.007,51.397,55.86,brushing
0.716,0.236,0.772,35.175,64.33,64.522,brushing
0.554,0.101,0.715,35.175,64.33,64.522,brushing
0.554,0.101,0.715,43.452,64.925,67.83,brushing
0.272,-0.356,0.747,43.452,64.925,67.83,brushing
0.272,-0.356,0.747,43.4,48.317,48.492,brushing
0.088,-0.696,0.754,43.4,48.317,48.492,brushing
0.088,-0.696,0.754,43.12,41.107,3.692,brushing
0.392,-0.009,0.603,43.12,41.107,3.692,brushing
0.392,-0.009,0.603,40.827,47.652,-26.145,brushing
0.441,0.263,0.694,40.827,47.652,-26.145,brushing
0.441,0.263,0.694,34.772,23.38,-40.25,brushing
0.321,-0.178,0.744,34.772,23.38,-40.25,brushing
0.321,-0.178,0.744,34.142,-11.025,-63.945,brushing
0.263,-0.551,0.734,34.142,-11.025,-63.945,brushing
0.263,-0.551,0.734,40.162,-10.185,-97.44,brushing
0.634,-0.517,0.455,40.162,-10.185,-97.44,brushing
0.634,-0.517,0.455,38.902,22.277,-117.46,brushing
1.17,-0.009,0.067,38.902,22.277,-117.46,brushing
1.658,0.745,-0.08,38.902,22.277,-117.46,brushing
1.658,0.745,-0.08,34.282,119,-97.125,brushing
1.762,1.549,-0.07,34.282,119,-97.125,brushing
1.762,1.549,-0.07,25.2,202.475,-38.5,brushing
1.367,1.507,0.034,25.2,202.475,-38.5,brushing
1.367,1.507,0.034,7.332,185.29,26.565,brushing
1.17,1.489,-0.013,7.332,185.29,26.565,brushing
1.17,1.489,-0.013,-16.502,122.675,79.205,brushing
0.957,0.976,0.09,-16.502,122.675,79.205,brushing
0.957,0.976,0.09,-41.632,90.562,121.292,brushing
0.672,-0.16,0.493,-41.632,90.562,121.292,brushing
0.672,-0.16,0.493,-38.535,163.327,126.49,brushing
0.565,0.165,0.778,-38.535,163.327,126.49,brushing
0.565,0.165,0.778,-26.635,172.83,101.5,brushing
0.24,-0.074,1.277,-26.635,172.83,101.5,brushing
0.24,-0.074,1.277,-1.942,54.477,47.67,brushing
0.053,-0.566,1.261,-1.942,54.477,47.67,brushing
0.053,-0.566,1.261,34.947,-4.13,-11.357,brushing
0.192,-0.359,1.042,34.947,-4.13,-11.357,brushing
0.428,0.409,0.657,34.947,-4.13,-11.357,brushing
0.428,0.409,0.657,57.365,11.672,-37.677,brushing
0.325,-0.18,0.626,57.365,11.672,-37.677,brushing
0.325,-0.18,0.626,56.367,-17.027,-61.687,brushing
0.833,-0.044,0.335,56.367,-17.027,-61.687,brushing
0.833,-0.044,0.335,40.267,-33.127,-91.42,brushing
1.305,0.938,-0.008,40.267,-33.127,-91.42,brushing
1.305,0.938,-0.008,13.475,-25.847,-86.905,brushing
1.672,1.012,-0.077,13.475,-25.847,-86.905,brushing
1.672,1.012,-0.077,-16.135,-23.73,-54.477,brushing
1.732,1.356,-0.154,-16.135,-23.73,-54.477,brushing
1.732,1.356,-0.154,-35.455,31.36,6.055,brushing
1.189,1.033,0.339,-35.455,31.36,6.055,brushing
1.189,1.033,0.339,-40.617,-3.027,46.147,brushing
0.973,0.579,0.223,-40.617,-3.027,46.147,brushing
0.973,0.579,0.223,-38.605,-0.84,78.137,brushing
1.042,1.099,0.231,-38.605,-0.84,78.137,brushing
0.971,0.794,0.054,-45.885,-30.012,110.39,brushing
0.372,-1.078,0.673,-45.885,-30.012,110.39,brushing
0.372,-1.078,0.673,-54.6,-37.1,109.427,brushing
0.289,-0.374,0.795,-54.6,-37.1,109.427,brushing
0.289,-0.374,0.795,-33.6,51.695,69.72,brushing
0.124,-0.612,1.094,-33.6,51.695,69.72,brushing
0.124,-0.612,1.094,-11.585,14.052,15.19,brushing
0.263,0.006,0.978,-11.585,14.052,15.19,brushing
0.263,0.006,0.978,19.355,-8.347,-24.412,brushing
0.441,0.56,0.882,19.355,-8.347,-24.412,brushing
0.441,0.56,0.882,37.222,-27.65,-32.095,brushing
0.416,-0.003,0.653,37.222,-27.65,-32.095,brushing
0.416,-0.003,0.653,41.947,-55.492,-52.465,brushing
0.646,-0.402,0.477,41.947,-55.492,-52.465,brushing
0.646,-0.402,0.477,37.747,-27.317,-78.662,brushing
1.12,0.296,0.251,37.747,-27.317,-78.662,brushing
1.12,0.296,0.251,23.765,-8.347,-74.025,brushing
1.542,1.094,0.02,23.765,-8.347,-74.025,brushing
1.888,1.587,-0.284,-0.262,-3.36,-24.605,brushing
1.299,0.662,0.121,-0.262,-3.36,-24.605,brushing
1.299,0.662,0.121,-30.152,-17.43,37.1,brushing
0.939,0.252,0.201,-30.152,-17.43,37.1,brushing
0.939,0.252,0.201,-40.53,-11.847,62.632,brushing
1.369,1.51,-0.234,-40.53,-11.847,62.632,brushing
1.369,1.51,-0.234,-54.897,12.547,105.875,brushing
0.536,-0.712,0.984,-54.897,12.547,105.875,brushing
0.536,-0.712,0.984,-56.665,12.81,118.65,brushing
0.448,0.041,0.767,-56.665,12.81,118.65,brushing
0.448,0.041,0.767,-27.755,29.592,91.997,brushing
0.376,-0.214,1.049,-27.755,29.592,91.997,brushing
0.376,-0.214,1.049,-8.155,-44.625,50.802,brushing
0.121,-0.84,1.015,-8.155,-44.625,50.802,brushing
0.121,-0.84,1.015,22.505,-38.885,-1.925,brushing
0.307,-0.073,0.813,22.505,-38.885,-1.925,brushing
0.307,-0.073,0.813,38.867,-23.362,-25.13,brushing
0.508,0.664,0.661,38.867,-23.362,-25.13,brushing
0.436,0.162,0.645,38.867,-23.362,-25.13,brushing
0.436,0.162,0.645,33.197,-69.982,-29.96,brushing
0.471,-0.475,0.577,33.197,-69.982,-29.96,brushing
0.471,-0.475,0.577,28.542,-97.072,-52.202,brushing
0.724,-0.414,0.53,28.542,-97.072,-52.202,brushing
0.724,-0.414,0.53,27.02,-61.845,-79.047,brushing
1.062,0.225,0.442,27.02,-61.845,-79.047,brushing
1.062,0.225,0.442,24.727,-32.795,-86.327,brushing
1.561,1.071,0.105,24.727,-32.795,-86.327,brushing
1.561,1.071,0.105,10.447,-28.21,-55.79,brushing
1.92,1.759,-0.191,10.447,-28.21,-55.79,brushing
1.92,1.759,-0.191,-20.125,-27.51,19.215,brushing
1.343,1,0.204,-20.125,-27.51,19.215,brushing
1.343,1,0.204,-40.67,-46.095,76.947,brushing
1.204,0.973,0.03,-40.67,-46.095,76.947,brushing
1.204,0.973,0.03,-48.405,-23.887,126.42,brushing
0.882,0.021,0.735,-48.405,-23.887,126.42,brushing
0.882,0.021,0.735,-39.095,-34.93,128.852,brushing
0.653,0.076,0.487,-39.095,-34.93,128.852,brushing
0.418,-0.512,0.903,-39.095,-34.93,128.852,brushing
0.418,-0.512,0.903,-27.912,-32.742,118.37,brushing
-0.484,-2.173,1.038,-27.912,-32.742,118.37,brushing
-0.484,-2.173,1.038,-10.99,-99.137,32.34,brushing
0.371,-0.233,0.647,-10.99,-99.137,32.34,brushing
0.371,-0.233,0.647,23.957,5.372,-29.032,brushing
0.677,1.114,0.856,23.957,5.372,-29.032,brushing
0.677,1.114,0.856,32.567,-26.915,-29.26,brushing
0.495,0.095,0.758,32.567,-26.915,-29.26,brushing
0.495,0.095,0.758,35.157,-128.73,-31.587,brushing
0.594,-0.375,0.655,35.157,-128.73,-31.587,brushing
0.594,-0.375,0.655,46.83,-114.765,-45.535,brushing
0.693,-0.354,0.511,46.83,-114.765,-45.535,brushing
0.693,-0.354,0.511,48.177,-87.78,-58.1,brushing
0.927,-0.155,0.419,48.177,-87.78,-58.1,brushing
0.927,-0.155,0.419,38.22,-87.85,-63.98,brushing
1.278,-0.037,0.098,38.22,-87.85,-63.98,brushing
1.278,-0.037,0.098,19.967,-57.837,-55.965,brushing
1.548,0.442,-0.014,19.967,-57.837,-55.965,brushing
1.613,0.992,-0.043,19.967,-57.837,-55.965,brushing
1.613,0.992,-0.043,1.732,11.55,-10.727,brushing
1.155,0.683,0.352,1.732,11.55,-10.727,brushing
1.155,0.683,0.352,-16.485,10.727,38.482,brushing
1.142,0.59,0.175,-16.485,10.727,38.482,brushing
1.142,0.59,0.175,-21.892,5.547,72.922,brushing
0.886,0.237,0.354,-21.892,5.547,72.922,brushing
0.886,0.237,0.354,-31.272,36.05,103.162,brushing
0.514,-0.275,0.497,-31.272,36.05,103.162,brushing
0.514,-0.275,0.497,-33.652,30.222,85.242,brushing
0.449,-0.289,0.646,-33.652,30.222,85.242,brushing
0.449,-0.289,0.646,-35.875,10.43,53.532,brushing
-0.004,-1.131,1.033,-35.875,10.43,53.532,brushing
-0.004,-1.131,1.033,-20.265,-22.82,-11.13,brushing
0.449,-0.281,0.837,-20.265,-22.82,-11.13,brushing
0.449,-0.281,0.837,-0.175,-8.015,-31.85,brushing
0.609,0.542,0.881,-0.175,-8.015,-31.85,brushing
0.524,0.208,0.833,3.745,-96.267,-38.342,brushing
0.451,-0.304,0.83,3.745,-96.267,-38.342,brushing
0.451,-0.304,0.83,10.587,-159.057,-56.91,brushing
0.453,-0.463,0.687,10.587,-159.057,-56.91,brushing
0.453,-0.463,0.687,20.265,-190.435,-94.115,brushing
0.552,-0.273,0.511,20.265,-190.435,-94.115,brushing
0.552,-0.273,0.511,23.8,-178.902,-117.25,brushing
0.866,-0.143,0.206,23.8,-178.902,-117.25,brushing
0.866,-0.143,0.206,9.747,-140.56,-119.122,brushing
1.488,0.539,-0.027,9.747,-140.56,-119.122,brushing
1.488,0.539,-0.027,-8.82,-25.567,-73.43,brushing
1.777,1.14,0.103,-8.82,-25.567,-73.43,brushing
1.777,1.14,0.103,-21.997,29.347,-7.087,brushing
1.354,0.378,0.589,-21.997,29.347,-7.087,brushing
1.354,0.378,0.589,-14.542,3.675,25.025,brushing
1.234,0.065,0.57,-14.542,3.675,25.025,brushing
1.234,0.065,0.57,6.615,21.595,52.08,brushing
1.071,0.373,0.44,6.615,21.595,52.08,brushing
0.704,-0.365,0.538,9.152,6.93,68.162,brushing
0.699,-0.211,0.337,9.152,6.93,68.162,brushing
0.699,-0.211,0.337,2.257,20.72,59.447,brushing
0.118,-1.015,0.653,2.257,20.72,59.447,brushing
0.118,-1.015,0.653,-16.485,-3.272,26.687,brushing
0.411,-0.467,0.787,-16.485,-3.272,26.687,brushing
0.411,-0.467,0.787,-21.997,-29.557,-31.622,brushing
0.761,0.657,1.07,-21.997,-29.557,-31.622,brushing
0.761,0.657,1.07,-12.6,-34.737,-26.512,brushing
0.687,0.073,1.129,-12.6,-34.737,-26.512,brushing
0.687,0.073,1.129,1.295,-81.637,-20.685,brushing
0.691,-0.254,0.866,1.295,-81.637,-20.685,brushing
0.691,-0.254,0.866,17.167,-90.265,-29.592,brushing
0.572,-0.485,0.702,17.167,-90.265,-29.592,brushing
0.572,-0.485,0.702,16.327,-127.312,-54.197,brushing
0.693,-0.682,0.224,16.327,-127.312,-54.197,brushing
0.693,-0.682,0.224,0,-118.055,-76.405,brushing
0.685,-0.607,0.263,0,-118.055,-76.405,brushing
1.098,0.017,0.039,0,-118.055,-76.405,brushing
1.098,0.017,0.039,-15.977,-52.08,-75.775,brushing
1.527,0.379,0.173,-15.977,-52.08,-75.775,brushing
1.527,0.379,0.173,-35.262,-9.065,-50.715,brushing
1.514,0.398,0.486,-35.262,-9.065,-50.715,brushing
1.514,0.398,0.486,-34.982,43.592,-10.062,brushing
1.212,-0.061,0.732,-34.982,43.592,-10.062,brushing
1.212,-0.061,0.732,-15.05,70.875,11.777,brushing
1.13,0.106,0.591,-15.05,70.875,11.777,brushing
1.13,0.106,0.591,4.532,82.88,28.752,brushing
0.981,0.221,0.526,4.532,82.88,28.752,brushing
0.981,0.221,0.526,8.942,101.325,54.285,brushing
0.792,0.056,0.487,8.942,101.325,54.285,brushing
0.792,0.056,0.487,1.627,122.237,69.912,brushing
0.722,0.135,0.381,1.627,122.237,69.912,brushing
0.722,0.135,0.381,-19.39,138.792,77.875,brushing
0.556,-0.114,0.533,-19.39,138.792,77.875,brushing
0.556,-0.114,0.533,-40.6,149.03,66.115,brushing
0.34,-0.545,0.689,-40.6,149.03,66.115,brushing
0.306,-0.392,0.918,-40.6,149.03,66.115,brushing
0.306,-0.392,0.918,-43.872,155.015,25.287,brushing
0.482,0.291,1.053,-43.872,155.015,25.287,brushing
0.482,0.291,1.053,-33.897,124.547,-3.36,brushing
0.499,0.27,1.139,-33.897,124.547,-3.36,brushing
0.499,0.27,1.139,-18.287,27.09,-28.875,brushing
0.519,-0.115,0.944,-18.287,27.09,-28.875,brushing
0.519,-0.115,0.944,1.312,-44.485,-46.987,brushing
0.436,-0.479,0.724,1.312,-44.485,-46.987,brushing
0.436,-0.479,0.724,10.202,-68.705,-72.135,brushing
0.495,-0.679,0.5,10.202,-68.705,-72.135,brushing
0.495,-0.679,0.5,4.27,-53.025,-100.152,brushing
1.092,0.074,0.201,4.27,-53.025,-100.152,brushing
1.092,0.074,0.201,-4.375,21.227,-88.987,brushing
1.638,0.746,0.279,-4.375,21.227,-88.987,brushing
1.638,0.746,0.279,-5.442,89.39,-41.16,brushing
1.753,1.202,0.22,-5.442,89.39,-41.16,brushing
1.753,1.202,0.22,-5.46,94.482,20.947,brushing
1.306,0.829,0.452,-5.46,94.482,20.947,brushing
1.175,0.719,0.297,-5.46,94.482,20.947,brushing
1.175,0.719,0.297,-4.917,44.03,62.387,brushing
0.994,0.502,0.371,-4.917,44.03,62.387,brushing
0.994,0.502,0.371,-8.33,39.48,106.907,brushing
0.561,-0.451,0.628,-8.33,39.48,106.907,brushing
0.561,-0.451,0.628,-10.657,34.37,106.522,brushing
0.635,-0.065,0.406,-10.657,34.37,106.522,brushing
0.635,-0.065,0.406,-10.727,80.517,95.917,brushing
0.391,-0.313,0.689,-10.727,80.517,95.917,brushing
0.391,-0.313,0.689,-12.74,104.755,68.932,brushing
0.072,-0.735,0.866,-12.74,104.755,68.932,brushing
0.072,-0.735,0.866,0.14,124.337,18.025,brushing
0.183,-0.29,0.76,0.14,124.337,18.025,brushing
0.183,-0.29,0.76,22.452,197.26,-4.445,brushing
0.48,0.375,0.629,22.452,197.26,-4.445,brushing
0.48,0.375,0.629,33.477,199.465,-10.902,brushing
0.491,0.547,0.603,33.477,199.465,-10.902,brushing
0.497,0.11,0.595,34.247,105.717,-24.727,brushing
0.588,-0.22,0.502,34.247,105.717,-24.727,brushing
0.588,-0.22,0.502,33.11,60.322,-44.992,brushing
0.737,-0.374,0.462,33.11,60.322,-44.992,brushing
0.737,-0.374,0.462,31.605,82.04,-63.245,brushing
0.971,-0.04,0.324,31.605,82.04,-63.245,brushing
0.971,-0.04,0.324,35.28,149.712,-73.22,brushing
1.473,1.164,0.032,35.28,149.712,-73.22,brushing
1.473,1.164,0.032,27.3,193.83,-48.702,brushing
1.627,1.725,-0.132,27.3,193.83,-48.702,brushing
1.627,1.725,-0.132,4.235,182.49,14.84,brushing
1.28,1.434,0.059,4.235,182.49,14.84,brushing
1.28,1.434,0.059,-23.485,93.73,59.15,brushing
1.108,0.894,0.116,-23.485,93.73,59.15,brushing
1.108,0.894,0.116,-42.875,53.952,89.145,brushing
0.998,0.714,0.342,-42.875,53.952,89.145,brushing
0.998,0.714,0.342,-52.902,36.82,95.182,brushing
0.542,-0.203,0.67,-52.902,36.82,95.182,brushing
0.171,-0.581,1.065,-41.597,30.432,59.045,brushing
0.146,-0.314,0.992,-41.597,30.432,59.045,brushing
0.146,-0.314,0.992,-11.2,28.437,3.885,brushing
0.528,0.845,0.76,-11.2,28.437,3.885,brushing
0.528,0.845,0.76,18.69,42.42,-19.232,brushing
0.635,0.996,0.684,18.69,42.42,-19.232,brushing
0.635,0.996,0.684,34.545,-6.79,-10.797,brushing
0.664,0.352,0.575,34.545,-6.79,-10.797,brushing
0.664,0.352,0.575,42.052,-61.53,-13.44,brushing
0.64,-0.148,0.488,42.052,-61.53,-13.44,brushing
0.64,-0.148,0.488,47.092,-53.375,-34.055,brushing
0.637,-0.205,0.507,47.092,-53.375,-34.055,brushing
0.637,-0.205,0.507,43.697,-66.307,-69.23,brushing
1.104,0.359,0.155,43.697,-66.307,-69.23,brushing
1.104,0.359,0.155,25.27,-78.26,-74.13,brushing
1.582,1.048,-0.085,25.27,-78.26,-74.13,brushing
1.582,1.048,-0.085,-2.257,-45.955,-29.89,brushing
1.573,1.417,0.019,-2.257,-45.955,-29.89,brushing
1.024,0.711,0.344,-2.257,-45.955,-29.89,brushing
1.024,0.711,0.344,-31.22,-75.267,16.677,brushing
0.74,0.288,0.563,-31.22,-75.267,16.677,brushing
0.74,0.288,0.563,-36.977,-86.222,37.537,brushing
0.71,0.561,0.571,-36.977,-86.222,37.537,brushing
0.71,0.561,0.571,-24.832,-64.872,47.88,brushing
0.829,0.878,0.562,-24.832,-64.872,47.88,brushing
0.829,0.878,0.562,-14.577,-82.775,63.192,brushing
0.48,0.197,0.65,-14.577,-82.775,63.192,brushing
0.48,0.197,0.65,-8.19,-140.28,59.535,brushing
0.399,-0.174,0.658,-8.19,-140.28,59.535,brushing
0.399,-0.174,0.658,8.96,-121.765,40.005,brushing
0.393,-0.176,0.581,8.96,-121.765,40.005,brushing
0.393,-0.176,0.581,19.075,-110.057,8.802,brushing
0.547,0.055,0.548,19.075,-110.057,8.802,brushing
0.547,0.055,0.548,25.095,-82.547,-5.495,brushing
0.66,0.315,0.633,25.095,-82.547,-5.495,brushing
0.66,0.315,0.633,30.45,-93.87,-15.61,brushing
0.632,0.239,0.719,30.45,-93.87,-15.61,brushing
0.565,0.079,0.821,30.45,-93.87,-15.61,brushing
0.565,0.079,0.821,39.305,-134.697,-34.702,brushing
0.589,0.058,0.705,39.305,-134.697,-34.702,brushing
0.589,0.058,0.705,56.56,-145.897,-52.447,brushing
0.7,0.154,0.469,56.56,-145.897,-52.447,brushing
0.7,0.154,0.469,66.342,-134.347,-62.685,brushing
0.825,0.15,0.22,66.342,-134.347,-62.685,brushing
0.825,0.15,0.22,55.387,-122.885,-63.087,brushing
0.927,-0.06,0.093,55.387,-122.885,-63.087,brushing
0.927,-0.06,0.093,28.105,-103.39,-57.872,brushing
1.1,-0.118,0.136,28.105,-103.39,-57.872,brushing
1.1,-0.118,0.136,0.14,-65.432,-49.542,brushing
1.379,0.205,0.158,0.14,-65.432,-49.542,brushing
1.379,0.205,0.158,-20.002,-17.115,-27.79,brushing
1.477,0.573,0.256,-20.002,-17.115,-27.79,brushing
1.477,0.573,0.256,-33.53,7.157,7.227,brushing
1.265,0.471,0.476,-33.53,7.157,7.227,brushing
1.265,0.471,0.476,-35,3.727,32.007,brushing
1.041,0.316,0.548,-35,3.727,32.007,brushing
0.975,0.593,0.518,-35,3.727,32.007,brushing
0.975,0.593,0.518,-24.132,22.802,56.14,brushing
0.67,0.029,0.632,-24.132,22.802,56.14,brushing
0.67,0.029,0.632,-16.59,21.087,72.485,brushing
0.5,-0.236,0.525,-16.59,21.087,72.485,brushing
0.5,-0.236,0.525,-9.292,15.015,56.017,brushing
0.517,-0.065,0.574,-9.292,15.015,56.017,brushing
0.517,-0.065,0.574,-5.967,18.602,33.495,brushing
0.47,-0.072,0.688,-5.967,18.602,33.495,brushing
0.47,-0.072,0.688,-5.372,-11.497,5.197,brushing
0.587,0.204,0.775,-5.372,-11.497,5.197,brushing
0.587,0.204,0.775,2.572,-35.717,-13.895,brushing
0.632,0.307,0.855,2.572,-35.717,-13.895,brushing
0.632,0.307,0.855,12.337,-61.46,-23.327,brushing
0.609,0.194,0.868,12.337,-61.46,-23.327,brushing
0.609,0.194,0.868,23.66,-99.4,-38.202,brushing
0.543,0.048,0.828,23.66,-99.4,-38.202,brushing
0.543,0.048,0.828,36.627,-131.53,-60.795,brushing
0.506,-0.236,0.572,36.627,-131.53,-60.795,brushing
0.641,-0.464,0.263,36.627,-131.53,-60.795,brushing
0.641,-0.464,0.263,37.415,-129.85,-87.167,brushing
0.911,-0.174,0.245,37.415,-129.85,-87.167,brushing
0.911,-0.174,0.245,28.227,-67.812,-97.44,brushing
1.447,0.512,0.086,28.227,-67.812,-97.44,brushing
1.447,0.512,0.086,14.28,-11.637,-77.77,brushing
1.776,0.865,0.081,14.28,-11.637,-77.77,brushing
1.776,0.865,0.081,-2.292,39.34,-22.785,brushing
1.521,0.509,0.244,-2.292,39.34,-22.785,brushing
1.521,0.509,0.244,-10.745,71.085,28.962,brushing
1.258,0.328,0.309,-10.745,71.085,28.962,brushing
1.258,0.328,0.309,-15.137,74.112,58.572,brushing
1.079,0.269,0.512,-15.137,74.112,58.572,brushing
1.079,0.269,0.512,-12.897,77.157,77.192,brushing
0.737,-0.094,0.742,-12.897,77.157,77.192,brushing
0.737,-0.094,0.742,1.487,84.577,75.04,brushing
0.747,0.419,0.692,1.487,84.577,75.04,brushing
0.623,0.337,0.693,6.055,47.53,76.79,brushing
0.494,0.082,0.682,6.055,47.53,76.79,brushing
0.494,0.082,0.682,9.432,27.072,73.062,brushing
0.375,-0.191,0.676,9.432,27.072,73.062,brushing
0.375,-0.191,0.676,10.342,9.572,50.277,brushing
0.289,-0.492,0.723,10.342,9.572,50.277,brushing
0.289,-0.492,0.723,10.57,-20.387,6.597,brushing
0.541,0.051,0.715,10.57,-20.387,6.597,brushing
0.541,0.051,0.715,14.297,-35.122,-24.587,brushing
0.631,0.086,0.747,14.297,-35.122,-24.587,brushing
0.631,0.086,0.747,14.577,-80.22,-40.022,brushing
0.614,-0.305,0.65,14.577,-80.22,-40.022,brushing
0.614,-0.305,0.65,14.437,-111.317,-63.56,brushing
0.794,-0.483,0.441,14.437,-111.317,-63.56,brushing
0.794,-0.483,0.441,7.017,-88.812,-79.607,brushing
1.02,-0.338,0.423,7.017,-88.812,-79.607,brushing
1.02,-0.338,0.423,-4.112,-60.637,-82.215,brushing
1.473,0.303,0.358,-4.112,-60.637,-82.215,brushing
1.771,0.955,0.428,-5.722,-25.882,-52.22,brushing
1.586,1.116,0.435,-5.722,-25.882,-52.22,brushing
1.586,1.116,0.435,5.407,12.897,13.37,brushing
1.215,0.536,0.424,5.407,12.897,13.37,brushing
1.215,0.536,0.424,13.317,-0.192,63.035,brushing
1.04,0.422,0.351,13.317,-0.192,63.035,brushing
1.04,0.422,0.351,19.477,21.56,96.337,brushing
0.707,0.049,0.557,19.477,21.56,96.337,brushing
0.707,0.049,0.557,22.33,31.22,104.685,brushing
0.76,0.393,0.36,22.33,31.22,104.685,brushing
0.76,0.393,0.36,15.802,21.577,107.975,brushing
0.603,0.073,0.488,15.802,21.577,107.975,brushing
0.603,0.073,0.488,5.915,13.51,102.952,brushing
0.275,-0.689,0.471,5.915,13.51,102.952,brushing
0.275,-0.689,0.471,-3.237,1.05,52.832,brushing
0.117,-1.078,0.584,-3.237,1.05,52.832,brushing
0.117,-1.078,0.584,-3.5,-1.767,-5.285,brushing
0.607,0.485,0.679,-3.5,-1.767,-5.285,brushing
0.66,0.499,0.92,-3.5,-1.767,-5.285,brushing
0.66,0.499,0.92,-4.305,-55.02,-7.892,brushing
0.647,-0.122,0.784,-4.305,-55.02,-7.892,brushing
0.647,-0.122,0.784,4.375,-111.772,-9.957,brushing
0.66,-0.328,0.551,4.375,-111.772,-9.957,brushing
0.66,-0.328,0.551,15.61,-116.742,-28.507,brushing
0.578,-0.482,0.41,15.61,-116.742,-28.507,brushing
0.578,-0.482,0.41,10.062,-147.735,-58.59,brushing
0.711,-0.595,0.305,10.062,-147.735,-58.59,brushing
0.711,-0.595,0.305,-5.88,-158.48,-87.132,brushing
0.87,-0.29,0.29,-5.88,-158.48,-87.132,brushing
0.87,-0.29,0.29,-17.377,-85.452,-87.762,brushing
1.143,0.2,0.29,-17.377,-85.452,-87.762,brushing
1.143,0.2,0.29,-26.757,-44.012,-70.857,brushing
1.423,0.803,0.399,-26.757,-44.012,-70.857,brushing
1.423,0.803,0.399,-22.207,-11.865,-23.782,brushing
1.465,0.965,0.51,-22.207,-11.865,-23.782,brushing
1.465,0.965,0.51,-7.437,-4.305,24.027,brushing
1.126,0.257,0.615,-7.437,-4.305,24.027,brushing
1.15,0.471,0.346,-7.437,-4.305,24.027,brushing
1.15,0.471,0.346,7.49,-5.215,48.282,brushing
0.971,0.263,0.315,7.49,-5.215,48.282,brushing
0.971,0.263,0.315,10.675,17.517,80.85,brushing
0.749,-0.019,0.317,10.675,17.517,80.85,brushing
0.749,-0.019,0.317,1.085,32.375,96.162,brushing
0.354,-0.687,0.505,1.085,32.375,96.162,brushing
0.354,-0.687,0.505,-12.495,4.235,73.552,brushing
0.214,-1.35,0.767,-12.495,4.235,73.552,brushing
0.214,-1.35,0.767,-12.005,-11.06,7.752,brushing
0.711,0.099,0.767,-12.005,-11.06,7.752,brushing
0.711,0.099,0.767,-3.22,-6.545,-13.335,brushing
0.724,0.027,0.85,-3.22,-6.545,-13.335,brushing
0.724,0.027,0.85,-0.367,-56.437,-14.63,brushing
0.636,-0.406,0.724,-0.367,-56.437,-14.63,brushing
0.636,-0.406,0.724,7.612,-78.12,-33.057,brushing
0.62,-0.441,0.589,7.612,-78.12,-33.057,brushing
0.62,-0.441,0.589,7.822,-103.88,-57.067,brushing
0.62,-0.325,0.422,7.822,-103.88,-57.067,brushing
0.582,-0.255,0.342,7.822,-103.88,-57.067,brushing
0.582,-0.255,0.342,0.245,-103.425,-67.042,brushing
0.741,-0.245,0.366,0.245,-103.425,-67.042,brushing
0.741,-0.245,0.366,-10.307,-71.925,-66.412,brushing
1.01,0.133,0.308,-10.307,-71.925,-66.412,brushing
1.01,0.133,0.308,-21.192,-33.635,-55.947,brushing
1.318,0.301,0.441,-21.192,-33.635,-55.947,brushing
1.318,0.301,0.441,-26.88,-10.78,-34.755,brushing
1.532,0.618,0.409,-26.88,-10.78,-34.755,brushing
1.532,0.618,0.409,-18.252,17.535,0.017,brushing
1.315,-0.137,0.588,-18.252,17.535,0.017,brushing
1.315,-0.137,0.588,0.49,61.967,18.97,brushing
1.172,0.164,0.487,0.49,61.967,18.97,brushing
1.172,0.164,0.487,14.157,58.765,31.587,brushing
1.075,0.219,0.491,14.157,58.765,31.587,brushing
1.075,0.219,0.491,19.897,47.88,53.217,brushing
0.899,0.143,0.471,19.897,47.88,53.217,brushing
0.899,0.143,0.471,14.857,48.492,71.435,brushing
0.838,0.22,0.498,14.857,48.492,71.435,brushing
0.671,0.056,0.636,14.857,48.492,71.435,brushing
0.671,0.056,0.636,8.207,42.192,84.927,brushing
0.383,-0.663,0.693,8.207,42.192,84.927,brushing
0.383,-0.663,0.693,7.035,25.602,70.105,brushing
0.252,-1.11,0.758,7.035,25.602,70.105,brushing
0.252,-1.11,0.758,5.355,-2.782,9.257,brushing
0.474,-0.151,0.647,5.355,-2.782,9.257,brushing
0.474,-0.151,0.647,6.755,-36.557,-30.625,brushing
0.497,-0.376,0.681,6.755,-36.557,-30.625,brushing
0.497,-0.376,0.681,10.657,-64.54,-53.077,brushing
0.498,-0.371,0.528,10.657,-64.54,-53.077,brushing
0.498,-0.371,0.528,12.355,-55.895,-72.992,brushing
0.686,-0.009,0.429,12.355,-55.895,-72.992,brushing
0.686,-0.009,0.429,4.532,-50.452,-76.772,brushing
0.827,-0.15,0.357,4.532,-50.452,-76.772,brushing
0.827,-0.15,0.357,-7.105,-27.947,-62.842,brushing
1.26,0.195,0.346,-7.105,-27.947,-62.842,brushing
1.617,0.418,0.401,-14.192,5.845,-34.597,brushing
1.492,0.205,0.447,-14.192,5.845,-34.597,brushing
1.492,0.205,0.447,-10.482,50.96,4.725,brushing
1.274,-0.011,0.621,-10.482,50.96,4.725,brushing
1.274,-0.011,0.621,0.787,66.657,24.395,brushing
1.089,0.139,0.562,0.787,66.657,24.395,brushing
1.089,0.139,0.562,12.53,38.99,38.465,brushing
0.937,0.081,0.522,12.53,38.99,38.465,brushing
0.937,0.081,0.522,17.15,30.992,54.775,brushing
0.85,0.292,0.413,17.15,30.992,54.775,brushing
0.85,0.292,0.413,7.157,31.517,72.765,brushing
0.625,0.075,0.442,7.157,31.517,72.765,brushing
0.625,0.075,0.442,-6.702,29.785,76.457,brushing
0.385,-0.497,0.496,-6.702,29.785,76.457,brushing
0.385,-0.497,0.496,-14.157,27.545,40.372,brushing
0.194,-0.925,0.657,-14.157,27.545,40.372,brushing
0.194,-0.925,0.657,-12.442,17.745,-13.93,brushing
0.397,-0.332,0.56,-12.442,17.745,-13.93,brushing
0.431,-0.386,0.475,-12.442,17.745,-13.93,brushing
0.431,-0.386,0.475,-3.272,6.842,-48.895,brushing
0.476,-0.309,0.302,-3.272,6.842,-48.895,brushing
0.476,-0.309,0.302,0.14,16.38,-72.17,brushing
0.509,-0.354,0.202,0.14,16.38,-72.17,brushing
0.509,-0.354,0.202,-5.302,42.052,-85.085,brushing
0.635,-0.534,0.233,-5.302,42.052,-85.085,brushing
0.635,-0.534,0.233,-10.517,93.905,-93.8,brushing
0.818,-0.168,0.248,-10.517,93.905,-93.8,brushing
0.818,-0.168,0.248,-5.74,153.457,-92.26,brushing
0.965,0.152,0.217,-5.74,153.457,-92.26,brushing
0.965,0.152,0.217,6.842,192.062,-79.082,brushing
1.136,0.234,0.317,6.842,192.062,-79.082,brushing
1.136,0.234,0.317,19.985,232.907,-66.587,brushing
1.166,0.519,0.361,19.985,232.907,-66.587,brushing
1.166,0.519,0.361,45.465,325.167,-38.447,brushing
1.336,1.274,0.608,45.465,325.167,-38.447,brushing
1.336,1.274,0.608,56.105,315.28,7.997,brushing
1.255,2.241,0.62,56.105,315.28,7.997,brushing
1.221,1.218,0.43,56.105,315.28,7.997,brushing
1.221,1.218,0.43,60.62,141.487,56.63,brushing
1.187,0.712,0.389,60.62,141.487,56.63,brushing
1.187,0.712,0.389,53.952,130.27,100.502,brushing
1.145,0.522,0.559,53.952,130.27,100.502,brushing
1.145,0.522,0.559,48.16,158.025,124.25,brushing
1.012,0.313,0.679,48.16,158.025,124.25,brushing
1.012,0.313,0.679,39.2,114.187,125.002,brushing
0.856,-0.077,0.599,39.2,114.187,125.002,brushing
0.856,-0.077,0.599,28.262,47.635,106.802,brushing
0.735,-0.357,0.383,28.262,47.635,106.802,brushing
0.735,-0.357,0.383,14.752,6.492,76.002,brushing
0.365,-1.152,0.318,14.752,6.492,76.002,brushing
0.365,-1.152,0.318,8.68,38.605,20.265,brushing
0.349,-0.857,0.42,8.68,38.605,20.265,brushing
0.349,-0.857,0.42,-6.387,45.535,-34.212,brushing
0.525,0.402,0.397,-6.387,45.535,-34.212,brushing
0.525,0.402,0.397,-12.967,-9.695,-56.927,brushing
0.59,0.217,0.393,-12.967,-9.695,-56.927,brushing
0.555,-0.161,0.408,-12.967,-9.695,-56.927,brushing
0.555,-0.161,0.408,-14.682,-8.487,-68.565,brushing
0.674,-0.235,0.464,-14.682,-8.487,-68.565,brushing
0.674,-0.235,0.464,-6.755,32.97,-88.462,brushing
0.95,0.565,0.482,-6.755,32.97,-88.462,brushing
0.95,0.565,0.482,2.572,47.127,-102.847,brushing
1.276,0.977,0.203,2.572,47.127,-102.847,brushing
1.276,0.977,0.203,10.272,44.047,-88.13,brushing
1.517,1.824,0.024,10.272,44.047,-88.13,brushing
1.517,1.824,0.024,9.187,69.3,-29.12,brushing
1.328,1.585,-0.045,9.187,69.3,-29.12,brushing
1.328,1.585,-0.045,7.07,58.082,34.807,brushing
1.142,0.732,0.112,7.07,58.082,34.807,brushing
1.142,0.732,0.112,1.715,72.695,77.437,brushing
1.032,0.618,-0.142,1.715,72.695,77.437,brushing
1.032,0.618,-0.142,-11.217,80.727,89.215,brushing
0.751,-0.514,0.085,-11.217,80.727,89.215,brushing
0.751,-0.514,0.085,-18.165,114.66,66.517,brushing
0.409,-0.862,0.268,-18.165,114.66,66.517,brushing
0.35,-0.669,0.625,-18.165,114.66,66.517,brushing
0.35,-0.669,0.625,-5.932,137.952,9.695,brushing
0.789,0.722,0.514,-5.932,137.952,9.695,brushing
0.789,0.722,0.514,8.242,142.117,-12.687,brushing
0.754,0.553,0.708,8.242,142.117,-12.687,brushing
0.754,0.553,0.708,19.617,38.5,-22.137,brushing
0.737,0.118,0.537,19.617,38.5,-22.137,brushing
0.737,0.118,0.537,34.895,1.96,-27.667,brushing
0.749,0.041,0.444,34.895,1.96,-27.667,brushing
0.749,0.041,0.444,40.6,-8.47,-41.842,brushing
0.723,-0.012,0.321,40.6,-8.47,-41.842,brushing
0.723,-0.012,0.321,37.642,-32.847,-67.427,brushing
0.866,-0.092,0.113,37.642,-32.847,-67.427,brushing
0.866,-0.092,0.113,35.087,5.232,-87.727,brushing
1.173,0.704,-0.233,35.087,5.232,-87.727,brushing
1.173,0.704,-0.233,23.625,67.655,-72.8,brushing
1.538,1.86,-0.602,23.625,67.655,-72.8,brushing
1.39,2.041,-0.442,-3.15,55.93,-14.787,brushing
1.02,0.674,-0.005,-3.15,55.93,-14.787,brushing
1.02,0.674,-0.005,-21,-30.835,29.767,brushing
1.027,0.589,-0.111,-21,-30.835,29.767,brushing
1.027,0.589,-0.111,-22.855,-8.627,63.07,brushing
0.956,0.37,0.162,-22.855,-8.627,63.07,brushing
0.956,0.37,0.162,-30.485,-16.712,72.415,brushing
0.813,-0.109,0.175,-30.485,-16.712,72.415,brushing
0.813,-0.109,0.175,-33.512,-36.242,61.25,brushing
0.652,-0.453,0.357,-33.512,-36.242,61.25,brushing
0.652,-0.453,0.357,-28.997,-3.955,35.472,brushing
0.478,-0.722,0.54,-28.997,-3.955,35.472,brushing
0.478,-0.722,0.54,-15.54,6.282,-12.757,brushing
0.584,-0.221,0.454,-15.54,6.282,-12.757,brushing
0.584,-0.221,0.454,-3.01,33.985,-39.147,brushing
0.782,0.517,0.357,-3.01,33.985,-39.147,brushing
0.782,0.517,0.357,1.05,1.68,-49.227,brushing
0.788,0.47,0.416,1.05,1.68,-49.227,brushing
0.757,0.21,0.385,5.74,-40.932,-55.737,brushing
0.758,0.029,0.351,5.74,-40.932,-55.737,brushing
0.758,0.029,0.351,12.25,-43.067,-65.73,brushing
0.85,-0.03,0.253,12.25,-43.067,-65.73,brushing
0.85,-0.03,0.253,19.267,-29.732,-83.16,brushing
1.185,0.778,-0.001,19.267,-29.732,-83.16,brushing
1.185,0.778,-0.001,23.432,31.01,-74.55,brushing
1.427,1.94,-0.24,23.432,31.01,-74.55,brushing
1.427,1.94,-0.24,15.137,49.262,-27.562,brushing
1.307,1.984,-0.298,15.137,49.262,-27.562,brushing
1.307,1.984,-0.298,-1.085,-4.567,33.932,brushing
0.959,0.74,-0.011,-1.085,-4.567,33.932,brushing
0.959,0.74,-0.011,-6.107,-21.997,68.057,brushing
1.044,0.805,-0.226,-6.107,-21.997,68.057,brushing
1.044,0.805,-0.226,-17.657,20.265,106.295,brushing
1,0.9,-0.127,-17.657,20.265,106.295,brushing
1,0.9,-0.127,-36.137,-52.255,104.02,brushing
0.623,-0.251,0.337,-36.137,-52.255,104.02,brushing
0.267,-1.347,0.452,-36.137,-52.255,104.02,brushing
0.267,-1.347,0.452,-31.045,-89.407,62.387,brushing
0.324,-1.017,0.62,-31.045,-89.407,62.387,brushing
0.324,-1.017,0.62,-8.645,-8.54,-0.385,brushing
0.772,0.773,0.421,-8.645,-8.54,-0.385,brushing
0.772,0.773,0.421,7.052,60.917,-20.79,brushing
0.778,0.805,0.486,7.052,60.917,-20.79,brushing
0.778,0.805,0.486,7.122,-38.36,-30.782,brushing
0.758,0.388,0.405,7.122,-38.36,-30.782,brushing
0.758,0.388,0.405,7.315,-99.575,-35.49,brushing
0.758,0.303,0.417,7.315,-99.575,-35.49,brushing
0.758,0.303,0.417,8.032,-125.51,-46.042,brushing
0.766,-0.015,0.292,8.032,-125.51,-46.042,brushing
0.766,-0.015,0.292,5.862,-137.76,-68.862,brushing
0.729,-0.45,0.269,5.862,-137.76,-68.862,brushing
0.729,-0.45,0.269,8.207,-69.405,-93.292,brushing
0.904,0.114,0.199,8.207,-69.405,-93.292,brushing
0.904,0.114,0.199,9.1,-10.29,-99.942,brushing
0.944,0.752,0.181,9.1,-10.29,-99.942,brushing
1.098,1.43,0.085,9.1,-10.29,-99.942,brushing
1.098,1.43,0.085,3.465,-23.117,-87.955,brushing
1.244,2.058,0.088,3.465,-23.117,-87.955,brushing
1.244,2.058,0.088,-5.162,-37.817,-41.93,brushing
1.148,1.82,0.179,-5.162,-37.817,-41.93,brushing
1.148,1.82,0.179,-10.43,-93.17,17.237,brushing
0.985,0.916,0.321,-10.43,-93.17,17.237,brushing
0.985,0.916,0.321,-4.497,-153.3,50.155,brushing
0.907,0.521,0.275,-4.497,-153.3,50.155,brushing
0.907,0.521,0.275,6.422,-170.957,65.012,brushing
0.85,0.331,0.37,6.422,-170.957,65.012,brushing
0.85,0.331,0.37,13.125,-192.29,63.682,brushing
0.864,0.181,0.379,13.125,-192.29,63.682,brushing
0.864,0.181,0.379,16.992,-190.697,64.137,brushing
0.808,0.077,0.317,16.992,-190.697,64.137,brushing
0.808,0.077,0.317,15.382,-197.207,56.595,brushing
0.702,-0.006,0.305,15.382,-197.207,56.595,brushing
0.702,-0.006,0.305,12.617,-212.31,41.23,brushing
0.656,-0.21,0.352,12.617,-212.31,41.23,brushing
0.671,-0.24,0.366,12.617,-212.31,41.23,brushing
0.671,-0.24,0.366,13.265,-197.19,24.115,brushing
0.652,-0.197,0.399,13.265,-197.19,24.115,brushing
0.652,-0.197,0.399,15.365,-161.77,11.182,brushing
0.718,0.003,0.342,15.365,-161.77,11.182,brushing
0.718,0.003,0.342,16.257,-144.147,-3.202,brushing
0.897,0.219,0.24,16.257,-144.147,-3.202,brushing
0.897,0.219,0.24,8.155,-154.822,-13.895,brushing
0.914,0.107,0.345,8.155,-154.822,-13.895,brushing
0.914,0.107,0.345,-0.175,-152.985,-16.31,brushing
0.877,-0.09,0.351,-0.175,-152.985,-16.31,brushing
0.877,-0.09,0.351,-0.157,-108.447,-18.655,brushing
0.857,-0.205,0.121,-0.157,-108.447,-18.655,brushing
0.857,-0.205,0.121,-9.537,-65.275,-26.827,brushing
0.86,-0.378,-0.073,-9.537,-65.275,-26.827,brushing
0.86,-0.378,-0.073,-29.05,-19.442,-42.28,brushing
0.742,-0.521,0.123,-29.05,-19.442,-42.28,brushing
0.742,-0.521,0.123,-41.142,31.832,-65.415,brushing
0.717,-0.522,0.114,-41.142,31.832,-65.415,brushing
0.854,-0.464,0.052,-41.142,31.832,-65.415,brushing
0.854,-0.464,0.052,-51.94,77.91,-92.522,brushing
1.016,0.279,0.224,-51.94,77.91,-92.522,brushing
1.016,0.279,0.224,-57.277,143.412,-101.482,brushing
1.126,1.035,0.59,-57.277,143.412,-101.482,brushing
1.126,1.035,0.59,-50.067,213.902,-69.107,brushing
1.319,1.911,1.072,-50.067,213.902,-69.107,brushing
1.319,1.911,1.072,-21.91,261.66,-3.692,brushing
1.115,1.914,0.932,-21.91,261.66,-3.692,brushing
1.115,1.914,0.932,3.745,196.98,58.677,brushing
0.923,1.034,0.73,3.745,196.98,58.677,brushing
0.923,1.034,0.73,19.722,151.952,103.477,brushing
0.917,0.741,0.428,19.722,151.952,103.477,brushing
0.917,0.741,0.428,15.995,142.695,125.125,brushing
0.824,-0.266,0.358,15.995,142.695,125.125,brushing
0.824,-0.266,0.358,1.96,121.17,105.367,brushing
0.585,-0.386,0.301,1.96,121.17,105.367,brushing
0.394,-1.129,0.481,-0.525,100.607,62.16,brushing
0.481,-0.149,0.584,-0.525,100.607,62.16,brushing
0.481,-0.149,0.584,1.627,93.835,9.677,brushing
0.638,0.493,0.555,1.627,93.835,9.677,brushing
0.638,0.493,0.555,5.617,11.077,-16.012,brushing
0.738,0.203,0.411,5.617,11.077,-16.012,brushing
0.738,0.203,0.411,8.155,-9.205,-22.172,brushing
0.738,0.093,0.395,8.155,-9.205,-22.172,brushing
0.738,0.093,0.395,9.572,1.452,-31.605,brushing
0.792,-0.119,0.332,9.572,1.452,-31.605,brushing
0.792,-0.119,0.332,8.995,-4.795,-55.825,brushing
0.936,0.251,0.299,8.995,-4.795,-55.825,brushing
0.936,0.251,0.299,5.6,14.385,-68.425,brushing
1.072,1.019,0.394,5.6,14.385,-68.425,brushing
1.072,1.019,0.394,5.285,46.637,-45.867,brushing
1.219,2.124,0.512,5.285,46.637,-45.867,brushing
1.219,2.124,0.512,22.365,32.567,14.28,brushing
1.035,1.484,0.411,22.365,32.567,14.28,brushing
1.047,1.189,0.281,22.365,32.567,14.28,brushing
1.047,1.189,0.281,34.527,12.442,58.362,brushing
0.697,0.287,0.017,34.527,12.442,58.362,brushing
0.697,0.287,0.017,34.615,-17.622,92.592,brushing
0.651,-0.755,0.053,34.615,-17.622,92.592,brushing
0.651,-0.755,0.053,16.345,8.855,73.22,brushing
0.287,-1.004,0.307,16.345,8.855,73.22,brushing
0.287,-1.004,0.307,5.88,71.715,32.025,brushing
0.602,0.362,0.671,5.88,71.715,32.025,brushing
0.602,0.362,0.671,-1.575,31.22,-2.607,brushing
0.847,0.332,0.707,-1.575,31.22,-2.607,brushing
0.847,0.332,0.707,1.855,-60.777,-18.48,brushing
0.922,-0.07,0.498,1.855,-60.777,-18.48,brushing
0.922,-0.07,0.498,3.587,-55.877,-27.142,brushing
0.913,-0.123,0.339,3.587,-55.877,-27.142,brushing
0.913,-0.123,0.339,4.2,-57.102,-46.515,brushing
0.826,-0.443,0.278,4.2,-57.102,-46.515,brushing
0.826,-0.443,0.278,6.807,-31.762,-72.432,brushing
0.773,-0.452,0.279,6.807,-31.762,-72.432,brushing
0.837,0.593,0.31,6.807,-31.762,-72.432,brushing
0.837,0.593,0.31,9.8,13.055,-87.92,brushing
0.945,1.018,0.264,9.8,13.055,-87.92,brushing
0.945,1.018,0.264,14.507,23.765,-78.155,brushing
1.165,1.933,0.177,14.507,23.765,-78.155,brushing
1.165,1.933,0.177,19.267,56.91,-32.077,brushing
1.061,1.331,0.078,19.267,56.91,-32.077,brushing
1.061,1.331,0.078,24.64,47.652,19.46,brushing
0.967,0.277,0.04,24.64,47.652,19.46,brushing
0.967,0.277,0.04,23.537,64.942,34.282,brushing
1.02,0.709,0.027,23.537,64.942,34.282,brushing
1.02,0.709,0.027,16.205,86.415,52.587,brushing
1.117,0.907,0.06,16.205,86.415,52.587,brushing
1.117,0.907,0.06,-1.645,81.917,75.285,brushing
0.816,-0.062,0.253,-1.645,81.917,75.285,brushing
0.816,-0.062,0.253,-15.015,79.835,68.81,brushing
0.723,-0.096,0.274,-15.015,79.835,68.81,brushing
0.723,-0.096,0.274,-18.357,68.652,41.86,brushing
0.492,-0.54,0.468,-18.357,68.652,41.86,brushing
0.623,-0.4,0.522,-18.357,68.652,41.86,brushing
0.623,-0.4,0.522,-11.532,68.127,-6.282,brushing
0.94,0.761,0.44,-11.532,68.127,-6.282,brushing
0.94,0.761,0.44,-3.727,47.6,-28.84,brushing
0.895,0.334,0.334,-3.727,47.6,-28.84,brushing
0.895,0.334,0.334,-2.887,-14.787,-35.805,brushing
0.812,0.195,0.24,-2.887,-14.787,-35.805,brushing
0.812,0.195,0.24,-6.335,-22.295,-41.335,brushing
0.774,0.28,0.202,-6.335,-22.295,-41.335,brushing
0.774,0.28,0.202,-12.442,-16.852,-46.2,brushing
0.693,0.05,0.244,-12.442,-16.852,-46.2,brushing
0.693,0.05,0.244,-14.175,-9.975,-58.87,brushing
0.715,-0.09,0.224,-14.175,-9.975,-58.87,brushing
0.715,-0.09,0.224,-9.817,19.53,-81.532,brushing
0.818,0.072,0.185,-9.817,19.53,-81.532,brushing
0.818,0.072,0.185,-4.795,60.445,-95.865,brushing
1.075,1.212,0.055,-4.795,60.445,-95.865,brushing
1.075,1.212,0.055,-4.06,78.907,-62.772,brushing
1.224,2.124,-0.012,-4.06,78.907,-62.772,brushing
1.127,1.731,-0.011,-4.06,78.907,-62.772,brushing
1.127,1.731,-0.011,-8.382,34.142,-1.715,brushing
0.945,0.805,0.132,-8.382,34.142,-1.715,brushing
0.945,0.805,0.132,-7.875,-14.98,34.737,brushing
1.003,0.79,0.038,-7.875,-14.98,34.737,brushing
1.003,0.79,0.038,-4.847,-2.222,60.812,brushing
0.973,0.67,0.093,-4.847,-2.222,60.812,brushing
0.973,0.67,0.093,-9.922,-3.605,78.715,brushing
0.841,0.188,0.131,-9.922,-3.605,78.715,brushing
0.841,0.188,0.131,-18.2,-13.772,77,brushing
0.665,-0.427,0.272,-18.2,-13.772,77,brushing
0.665,-0.427,0.272,-22.662,-8.82,45.955,brushing
0.372,-1.147,0.439,-22.662,-8.82,45.955,brushing
0.372,-1.147,0.439,-16.432,4.952,-12.022,brushing
0.644,-0.196,0.433,-16.432,4.952,-12.022,brushing
0.644,-0.196,0.433,-7.14,55.405,-33.687,brushing
0.721,0.615,0.492,-7.14,55.405,-33.687,brushing
0.666,0.281,0.413,-2.52,-5.88,-49.7,brushing
0.583,-0.086,0.357,-2.52,-5.88,-49.7,brushing
0.583,-0.086,0.357,0.787,-35.997,-66.727,brushing
0.766,0.078,0.308,0.787,-35.997,-66.727,brushing
0.766,0.078,0.308,3.955,-22.277,-89.162,brushing
1.004,0.823,0.182,3.955,-22.277,-89.162,brushing
1.004,0.823,0.182,6.492,27.457,-85.225,brushing
1.257,1.754,0.129,6.492,27.457,-85.225,brushing
1.257,1.754,0.129,6.562,29.767,-53.847,brushing
1.364,2.355,-0.069,6.562,29.767,-53.847,brushing
1.364,2.355,-0.069,0.262,-3.885,12.6,brushing
1.02,1.159,0.016,0.262,-3.885,12.6,brushing
1.02,1.159,0.016,-5.092,-39.567,52.867,brushing
0.906,0.543,-0.055,-5.092,-39.567,52.867,brushing
0.906,0.543,-0.055,-8.645,6.3,76.282,brushing
0.81,0.413,0.085,-8.645,6.3,76.282,brushing
0.81,0.413,0.085,-14.665,7.752,77.35,brushing
0.747,0.553,0.183,-14.665,7.752,77.35,brushing
0.693,0.35,0.233,-20.807,-22.732,74.847,brushing
0.559,-0.147,0.374,-20.807,-22.732,74.847,brushing
0.559,-0.147,0.374,-21.525,-29.855,62.72,brushing
0.409,-0.687,0.473,-21.525,-29.855,62.72,brushing
0.409,-0.687,0.473,-14.017,-24.43,24.325,brushing
0.555,-0.497,0.548,-14.017,-24.43,24.325,brushing
0.555,-0.497,0.548,-2.537,1.855,-20.422,brushing
0.695,0.162,0.538,-2.537,1.855,-20.422,brushing
0.695,0.162,0.538,5.687,5.88,-48.632,brushing
0.781,0.207,0.445,5.687,5.88,-48.632,brushing
0.781,0.207,0.445,5.687,-35.595,-68.355,brushing
0.848,0.107,0.259,5.687,-35.595,-68.355,brushing
0.848,0.107,0.259,-0.35,-44.135,-81.13,brushing
0.931,-0.093,0.256,-0.35,-44.135,-81.13,brushing
0.931,-0.093,0.256,2.292,38.237,-83.475,brushing
1.076,0.944,0.377,2.292,38.237,-83.475,brushing
1.076,0.944,0.377,13.58,92.925,-49.367,brushing
1.258,2.319,0.277,13.58,92.925,-49.367,brushing
1.229,2.341,0.097,13.58,92.925,-49.367,brushing
1.229,2.341,0.097,20.107,43.47,23.572,brushing
0.976,1.137,0.058,20.107,43.47,23.572,brushing
0.976,1.137,0.058,20.107,-9.047,81.252,brushing
0.828,0.622,-0.082,20.107,-9.047,81.252,brushing
0.828,0.622,-0.082,11.672,-8.89,106.4,brushing
0.499,-0.319,-0.023,11.672,-8.89,106.4,brushing
0.499,-0.319,-0.023,-2.572,-5.792,87.902,brushing
0.416,-0.332,0.025,-2.572,-5.792,87.902,brushing
0.416,-0.332,0.025,-15.05,29.365,50.435,brushing
0.456,-0.13,0.177,-15.05,29.365,50.435,brushing
0.456,-0.13,0.177,-23.87,61.477,17.15,brushing
0.59,0.534,0.407,-23.87,61.477,17.15,brushing
0.59,0.534,0.407,-29.697,22.435,0.7,brushing
0.676,0.285,0.55,-29.697,22.435,0.7,brushing
0.676,0.285,0.55,-30.012,-22.627,-11.742,brushing
0.741,0.053,0.643,-30.012,-22.627,-11.742,brushing
0.741,0.053,0.643,-26.635,-35.087,-27.737,brushing
0.715,0.009,0.709,-26.635,-35.087,-27.737,brushing
0.761,-0.173,0.699,-26.635,-35.087,-27.737,brushing
0.761,-0.173,0.699,-17.972,-53.777,-53.112,brushing
0.969,0.063,0.62,-17.972,-53.777,-53.112,brushing
0.969,0.063,0.62,-1.102,-45.115,-79.117,brushing
1.161,0.957,0.357,-1.102,-45.115,-79.117,brushing
1.161,0.957,0.357,10.517,-12.075,-82.635,brushing
1.338,1.991,-0.022,10.517,-12.075,-82.635,brushing
1.338,1.991,-0.022,4.095,-7.805,-42.175,brushing
1.25,2.351,-0.211,4.095,-7.805,-42.175,brushing
1.25,2.351,-0.211,-8.452,-9.275,37.537,brushing
0.976,1.412,-0.108,-8.452,-9.275,37.537,brushing
0.976,1.412,-0.108,-18.9,-19.267,93.485,brushing
0.838,0.98,-0.132,-18.9,-19.267,93.485,brushing
0.838,0.98,-0.132,-29.015,-20.037,122.01,brushing
0.697,0.173,0.185,-29.015,-20.037,122.01,brushing
0.697,0.173,0.185,-36.96,-36.277,112.56,brushing
0.641,0.22,0.202,-36.96,-36.277,112.56,brushing
0.641,0.22,0.202,-37.17,-44.642,94.447,brushing
0.438,-0.475,0.332,-37.17,-44.642,94.447,brushing
0.057,-1.532,0.702,-37.17,-44.642,94.447,brushing
0.057,-1.532,0.702,-19.95,-1.19,45.43,brushing
0.324,-0.432,0.727,-19.95,-1.19,45.43,brushing
0.324,-0.432,0.727,-4.095,7.805,-29.715,brushing
0.671,0.451,0.419,-4.095,7.805,-29.715,brushing
0.671,0.451,0.419,4.235,-83.212,-66.202,brushing
0.633,-0.281,0.403,4.235,-83.212,-66.202,brushing
0.633,-0.281,0.403,13.93,-67.48,-74.76,brushing
0.658,-0.114,0.564,13.93,-67.48,-74.76,brushing
0.658,-0.114,0.564,26.495,26.425,-80.815,brushing
0.801,0.528,0.454,26.495,26.425,-80.815,brushing
0.801,0.528,0.454,33.04,-3.08,-86.677,brushing
1.003,0.572,0.085,33.04,-3.08,-86.677,brushing
1.003,0.572,0.085,31.29,22.557,-69.072,brushing
1.291,1.4,-0.104,31.29,22.557,-69.072,brushing
1.291,1.4,-0.104,26.442,74.007,-17.027,brushing
1.437,2.256,-0.219,26.442,74.007,-17.027,brushing
1.113,1.545,-0.007,19.407,69.58,54.32,brushing
1,0.959,-0.068,19.407,69.58,54.32,brushing
1,0.959,-0.068,15.522,37.922,89.792,brushing
0.985,0.858,-0.148,15.522,37.922,89.792,brushing
0.985,0.858,-0.148,-1.732,27.737,116.76,brushing
0.519,-0.742,0.431,-1.732,27.737,116.76,brushing
0.519,-0.742,0.431,-13.3,34.195,99.032,brushing
0.617,-0.055,0.236,-13.3,34.195,99.032,brushing
0.617,-0.055,0.236,-24.447,54.285,66.22,brushing
0.346,-0.66,0.581,-24.447,54.285,66.22,brushing
0.346,-0.66,0.581,-19.792,59.692,19.652,brushing
0.365,-0.284,0.839,-19.792,59.692,19.652,brushing
0.365,-0.284,0.839,-2.065,49.822,-25.62,brushing
0.779,0.819,0.757,-2.065,49.822,-25.62,brushing
0.779,0.819,0.757,7.7,-27.177,-37.467,brushing
0.784,0.413,0.705,7.7,-27.177,-37.467,brushing
0.784,0.413,0.705,12.617,-56.665,-41.93,brushing
0.773,0.359,0.647,12.617,-56.665,-41.93,brushing
0.807,0.664,0.288,12.88,-48.282,-47.512,brushing
0.785,0.699,0.308,12.88,-48.282,-47.512,brushing
0.785,0.699,0.308,-0.49,-57.295,-49.787,brushing
0.809,1.039,0.241,-0.49,-57.295,-49.787,brushing
0.809,1.039,0.241,-18.287,-74.515,-51.922,brushing
0.935,1.154,0.443,-18.287,-74.515,-51.922,brushing
0.935,1.154,0.443,-35.63,-74.987,-37.782,brushing
1.103,0.86,0.319,-35.63,-74.987,-37.782,brushing
1.103,0.86,0.319,-46.935,-67.76,-17.692,brushing
1.349,0.578,0.391,-46.935,-67.76,-17.692,brushing
1.349,0.578,0.391,-62.877,-69.02,-4.707,brushing
1.418,0.963,0.535,-62.877,-69.02,-4.707,brushing
1.418,0.963,0.535,-71.382,-124.092,11.042,brushing
1.673,0.623,0.331,-71.382,-124.092,11.042,brushing
1.673,0.623,0.331,-79.467,-122.902,46.322,brushing
1.773,0.305,0.016,-79.467,-122.902,46.322,brushing
1.773,0.305,0.016,-96.652,-48.055,86.292,brushing
1.421,-0.08,-0.14,-96.652,-48.055,86.292,brushing
0.859,0.441,0.356,-122.43,-77.665,88.41,brushing
0.33,0.115,0.572,-122.43,-77.665,88.41,brushing
0.33,0.115,0.572,-122.605,-241.22,69.247,brushing
0.394,-0.35,0.543,-122.605,-241.22,69.247,brushing
0.394,-0.35,0.543,-98.437,-242.532,65.065,brushing
0.16,-0.109,0.547,-98.437,-242.532,65.065,brushing
0.16,-0.109,0.547,-65.817,-138.232,56.98,brushing
0.172,0.209,0.479,-65.817,-138.232,56.98,brushing
0.172,0.209,0.479,-47.705,-113.085,35.385,brushing
0.215,0.247,0.291,-47.705,-113.085,35.385,brushing
0.215,0.247,0.291,-48.16,-174.772,6.247,brushing
0.532,0.442,0.16,-48.16,-174.772,6.247,brushing
0.532,0.442,0.16,-57.645,-209.842,-3.745,brushing
0.42,0.265,0.522,-57.645,-209.842,-3.745,brushing
0.42,0.265,0.522,-57.715,-252.91,-14,brushing
0.41,-0.419,0.696,-57.715,-252.91,-14,brushing
0.41,-0.419,0.696,-40.285,-211.19,-22.557,brushing
0.477,-0.551,0.843,-40.285,-211.19,-22.557,brushing
0.589,-0.463,0.759,-40.285,-211.19,-22.557,brushing
0.589,-0.463,0.759,-18.112,-153.545,-32.532,brushing
0.862,-0.215,0.634,-18.112,-153.545,-32.532,brushing
0.862,-0.215,0.634,-5.845,-119.21,-39.042,brushing
1,0.015,0.536,-5.845,-119.21,-39.042,brushing
1,0.015,0.536,1.855,-90.842,-23.275,brushing
1.138,-0.14,0.455,1.855,-90.842,-23.275,brushing
1.138,-0.14,0.455,2.765,-81.182,-0.297,brushing
0.963,-0.526,0.585,2.765,-81.182,-0.297,brushing
0.963,-0.526,0.585,6.982,-61.337,8.61,brushing
0.875,-0.477,0.583,6.982,-61.337,8.61,brushing
0.875,-0.477,0.583,16.292,-42.367,6.352,brushing
0.966,-0.07,0.387,16.292,-42.367,6.352,brushing
0.966,-0.07,0.387,18.48,-23.17,11.497,brushing
0.585,-0.402,0.708,18.48,-23.17,11.497,brushing
0.585,-0.402,0.708,18.147,-16.03,2.817,brushing
0.626,0.066,0.676,18.147,-16.03,2.817,brushing
0.626,0.066,0.676,12.425,-55.597,-9.31,brushing
0.237,-0.378,0.84,12.425,-55.597,-9.31,brushing
0.166,-0.396,1.075,12.425,-55.597,-9.31,brushing
0.166,-0.396,1.075,2.135,-93.747,-38.517,brushing
0.541,0.722,0.921,2.135,-93.747,-38.517,brushing
0.541,0.722,0.921,1.277,-75.775,-39.042,brushing
0.581,0.601,0.955,1.277,-75.775,-39.042,brushing
0.581,0.601,0.955,-3.622,-72.082,-1.032,brushing
0.501,-0.478,0.807,-3.622,-72.082,-1.032,brushing
0.501,-0.478,0.807,-4.602,-78.942,10.85,brushing
0.501,-1.209,0.678,-4.602,-78.942,10.85,brushing
0.501,-1.209,0.678,-7.035,-72.712,-22.137,brushing
0.623,-1.015,0.596,-7.035,-72.712,-22.137,brushing
0.623,-1.015,0.596,-11.497,-42.91,-50.505,brushing
1.007,-0.263,0.461,-11.497,-42.91,-50.505,brushing
1.007,-0.263,0.461,-13.177,-4.165,-40.215,brushing
1.23,0.135,0.512,-13.177,-4.165,-40.215,brushing
1.23,0.135,0.512,-13.772,-10.237,-3.78,brushing
1.243,0.004,0.532,-13.772,-10.237,-3.78,brushing
1.243,0.004,0.532,-1.522,-15.662,20.055,brushing
0.968,-0.669,0.719,-1.522,-15.662,20.055,brushing
0.95,-0.613,0.335,-1.522,-15.662,20.055,brushing
0.95,-0.613,0.335,14.42,-9.642,13.037,brushing
0.547,-0.519,0.544,14.42,-9.642,13.037,brushing
0.547,-0.519,0.544,18.252,6.177,1.347,brushing
0.559,-0.126,0.416,18.252,6.177,1.347,brushing
0.559,-0.126,0.416,12.162,2.467,-14.98,brushing
0.556,0.451,0.786,12.162,2.467,-14.98,brushing
0.556,0.451,0.786,5.407,-5.215,-5.687,brushing
0.537,0.045,0.605,5.407,-5.215,-5.687,brushing
0.537,0.045,0.605,-5.285,-27.3,-0.175,brushing
0.243,-0.265,0.956,-5.285,-27.3,-0.175,brushing
0.243,-0.265,0.956,-9.485,-34.982,-11.707,brushing
0.376,-0.181,1.066,-9.485,-34.982,-11.707,brushing
0.376,-0.181,1.066,-8.96,-44.135,-18.462,brushing
0.683,0.462,0.853,-8.96,-44.135,-18.462,brushing
0.683,0.462,0.853,-10.325,-56.14,2.887,brushing
0.561,-0.629,0.767,-10.325,-56.14,2.887,brushing
0.535,-1.187,0.763,-4.672,-35.7,-4.97,brushing
0.633,-0.781,0.6,-4.672,-35.7,-4.97,brushing
0.633,-0.781,0.6,-1.155,-25.9,-33.005,brushing
0.677,-0.536,0.626,-1.155,-25.9,-33.005,brushing
0.677,-0.536,0.626,-3.342,-30.012,-49.175,brushing
1.084,0.249,0.468,-3.342,-30.012,-49.175,brushing
1.084,0.249,0.468,-4.48,-10.64,-29.785,brushing
1.277,0.113,0.317,-4.48,-10.64,-29.785,brushing
1.277,0.113,0.317,-6.86,7.315,10.22,brushing
1.078,-0.391,0.439,-6.86,7.315,10.22,brushing
1.078,-0.391,0.439,-1.47,17.045,28.612,brushing
0.866,-0.876,0.553,-1.47,17.045,28.612,brushing
0.866,-0.876,0.553,11.515,16.24,9.992,brushing
0.879,-0.392,0.39,11.515,16.24,9.992,brushing
0.879,-0.392,0.39,15.54,14.315,-1.977,brushing
0.544,-0.35,0.63,15.54,14.315,-1.977,brushing
0.544,-0.35,0.63,16.87,18.357,-11.567,brushing
0.413,0.02,0.646,16.87,18.357,-11.567,brushing
0.572,0.488,0.629,12.897,31.937,-10.29,brushing
0.47,0.063,0.936,12.897,31.937,-10.29,brushing
0.47,0.063,0.936,8.627,19.162,7.192,brushing
0.299,-0.558,0.977,8.627,19.162,7.192,brushing
0.299,-0.558,0.977,6.79,-32.06,-8.96,brushing
0.524,-0.312,1.032,6.79,-32.06,-8.96,brushing
0.524,-0.312,1.032,9.17,-29.925,-33.74,brushing
0.765,0.383,0.812,9.17,-29.925,-33.74,brushing
0.765,0.383,0.812,5.687,-16.222,-15.68,brushing
0.67,-0.343,0.686,5.687,-16.222,-15.68,brushing
0.67,-0.343,0.686,-2.082,-20.842,-0.577,brushing
0.491,-0.999,0.739,-2.082,-20.842,-0.577,brushing
0.491,-0.999,0.739,-2.747,2.695,-18.987,brushing
0.628,-0.617,0.653,-2.747,2.695,-18.987,brushing
0.628,-0.617,0.653,-3.92,13.177,-32.095,brushing
0.836,-0.223,0.552,-3.92,13.177,-32.095,brushing
0.836,-0.223,0.552,-10.885,-0.262,-20.755,brushing
1.063,0.07,0.438,-10.885,-0.262,-20.755,brushing
1.219,-0.124,0.311,-10.885,-0.262,-20.755,brushing
1.219,-0.124,0.311,-16.485,-1.312,3.92,brushing
0.985,-0.495,0.437,-16.485,-1.312,3.92,brushing
0.985,-0.495,0.437,-13.685,21.577,19.775,brushing
0.773,-0.624,0.601,-13.685,21.577,19.775,brushing
0.773,-0.624,0.601,-1.592,21.35,6.807,brushing
0.917,-0.048,0.45,-1.592,21.35,6.807,brushing
0.917,-0.048,0.45,6.405,9.012,-1.662,brushing
0.675,-0.012,0.714,6.405,9.012,-1.662,brushing
0.675,-0.012,0.714,12.792,16.852,6.615,brushing
0.536,-0.11,0.613,12.792,16.852,6.615,brushing
0.536,-0.11,0.613,19.722,32.025,3.237,brushing
0.638,0.146,0.585,19.722,32.025,3.237,brushing
0.638,0.146,0.585,13.125,19.792,4.672,brushing
0.634,-0.058,0.639,13.125,19.792,4.672,brushing
0.634,-0.058,0.639,1.12,-3.745,3.272,brushing
0.571,-0.382,0.649,1.12,-3.745,3.272,brushing
0.571,-0.382,0.649,-11.165,-4.917,-7.122,brushing
0.411,-0.513,0.957,-11.165,-4.917,-7.122,brushing
0.585,-0.175,0.984,-11.165,-4.917,-7.122,brushing
0.585,-0.175,0.984,-14.63,-7.332,-23.415,brushing
0.664,0.142,0.921,-14.63,-7.332,-23.415,brushing
0.664,0.142,0.921,-14.682,-11.567,-15.487,brushing
0.618,-0.382,0.822,-14.682,-11.567,-15.487,brushing
0.618,-0.382,0.822,-15.54,-14.332,-3.797,brushing
0.505,-0.617,0.826,-15.54,-14.332,-3.797,brushing
0.505,-0.617,0.826,-16.152,-13.72,-12.582,brushing
0.552,-0.463,0.702,-16.152,-13.72,-12.582,brushing
0.552,-0.463,0.702,-20.895,-31.885,-29.102,brushing
0.415,-0.294,0.732,-20.895,-31.885,-29.102,brushing
0.415,-0.294,0.732,-27.352,-50.347,-33.915,brushing
0.664,-0.123,0.528,-27.352,-50.347,-33.915,brushing
0.664,-0.123,0.528,-35.507,-38.395,-26.057,brushing
0.952,-0.151,0.409,-35.507,-38.395,-26.057,brushing
0.952,-0.151,0.409,-42.525,-7.595,-19.46,brushing
1.105,-0.208,0.508,-42.525,-7.595,-19.46,brushing
1.105,-0.208,0.508,-39.13,17.167,-14.245,brushing
1.122,-0.179,0.538,-39.13,17.167,-14.245,brushing
0.92,-0.402,0.746,-39.13,17.167,-14.245,brushing
0.92,-0.402,0.746,-23.782,17.832,-10.43,brushing
0.942,-0.224,0.632,-23.782,17.832,-10.43,brushing
0.942,-0.224,0.632,-3.622,7.315,-13.947,brushing
0.836,-0.117,0.582,-3.622,7.315,-13.947,brushing
0.836,-0.117,0.582,12.372,7,-9.45,brushing
0.527,-0.2,0.703,12.372,7,-9.45,brushing
0.527,-0.2,0.703,24.587,14.052,-6.737,brushing
0.764,0.391,0.45,24.587,14.052,-6.737,brushing
0.764,0.391,0.45,23.817,20.405,5.232,brushing
0.684,0.072,0.562,23.817,20.405,5.232,brushing
0.684,0.072,0.562,6.387,11.69,22.12,brushing
0.558,-0.407,0.428,6.387,11.69,22.12,brushing
0.558,-0.407,0.428,-14.752,12.495,9.275,brushing
0.326,-0.315,0.966,-14.752,12.495,9.275,brushing
0.326,-0.315,0.966,-25.392,-20.772,-13.44,brushing
0.159,-0.537,1.355,-25.392,-20.772,-13.44,brushing
0.159,-0.537,1.355,-16.187,-38.36,-32.55,brushing
0.488,0.129,1.261,-16.187,-38.36,-32.55,brushing
0.493,-0.22,1.063,-16.187,-38.36,-32.55,brushing
0.493,-0.22,1.063,-5.565,-57.295,-29.347,brushing
0.525,-0.569,0.835,-5.565,-57.295,-29.347,brushing
0.525,-0.569,0.835,-0.315,-52.517,-34.37,brushing
0.675,-0.423,0.63,-0.315,-52.517,-34.37,brushing
0.675,-0.423,0.63,-2.572,-56.507,-48.632,brushing
0.564,-0.542,0.598,-2.572,-56.507,-48.632,brushing
0.564,-0.542,0.598,-9.607,-49.087,-56.927,brushing
0.837,0.063,0.515,-9.607,-49.087,-56.927,brushing
0.837,0.063,0.515,-16.782,-25.182,-46.252,brushing
1.06,0.331,0.543,-16.782,-25.182,-46.252,brushing
1.06,0.331,0.543,-20.002,-10.78,-10.325,brushing
1.198,0.092,0.516,-20.002,-10.78,-10.325,brushing
1.198,0.092,0.516,-13.352,11.392,21.455,brushing
1.098,-0.275,0.511,-13.352,11.392,21.455,brushing
1.098,-0.275,0.511,-0.787,18.27,29.015,brushing
0.856,-0.655,0.623,-0.787,18.27,29.015,brushing
0.873,-0.265,0.529,13.335,10.85,16.327,brushing
0.722,-0.172,0.584,13.335,10.85,16.327,brushing
0.722,-0.172,0.584,21.875,6.457,15.032,brushing
0.598,-0.089,0.585,21.875,6.457,15.032,brushing
0.598,-0.089,0.585,27.965,24.622,13.877,brushing
0.529,0.03,0.692,27.965,24.622,13.877,brushing
0.529,0.03,0.692,20.037,26.845,10.867,brushing
0.391,0.125,0.884,20.037,26.845,10.867,brushing
0.391,0.125,0.884,10.447,13.702,8.295,brushing
0.212,-0.123,1.089,10.447,13.702,8.295,brushing
0.212,-0.123,1.089,5.075,-11.952,-5.39,brushing
0.172,-0.222,1.282,5.075,-11.952,-5.39,brushing
0.172,-0.222,1.282,6.457,-12.757,-20.667,brushing
0.488,0.296,1.024,6.457,-12.757,-20.667,brushing
0.488,0.296,1.024,1.505,-4.777,-9.66,brushing
0.509,-0.267,0.829,1.505,-4.777,-9.66,brushing
0.509,-0.267,0.829,-8.872,-2.397,-9.275,brushing
0.477,-0.757,0.771,-8.872,-2.397,-9.275,brushing
0.577,-0.674,0.741,-8.872,-2.397,-9.275,brushing
0.577,-0.674,0.741,-21.717,-14.525,-30.66,brushing
0.604,-0.279,0.892,-21.717,-14.525,-30.66,brushing
0.604,-0.279,0.892,-27.44,-13.37,-45.272,brushing
0.967,0.263,0.786,-27.44,-13.37,-45.272,brushing
0.967,0.263,0.786,-25.567,-22.487,-34.3,brushing
1.203,0.181,0.532,-25.567,-22.487,-34.3,brushing
1.203,0.181,0.532,-21.717,-24.745,-2.537,brushing
1.18,-0.098,0.341,-21.717,-24.745,-2.537,brushing
1.18,-0.098,0.341,-18.13,-12.722,24.237,brushing
0.845,-0.663,0.423,-18.13,-12.722,24.237,brushing
0.845,-0.663,0.423,-10.85,-2.012,23.327,brushing
0.789,-0.385,0.436,-10.85,-2.012,23.327,brushing
0.789,-0.385,0.436,-3.22,-2.467,16.8,brushing
0.968,0.289,0.492,-3.22,-2.467,16.8,brushing
0.968,0.289,0.492,6.265,-0.927,36.155,brushing
0.659,-0.081,0.708,6.265,-0.927,36.155,brushing
0.659,-0.081,0.708,15.662,6.79,40.635,brushing
0.618,-0.083,0.655,15.662,6.79,40.635,brushing
0.362,-0.394,0.742,15.662,6.79,40.635,brushing
0.362,-0.394,0.742,13.317,-1.54,30.817,brushing
0.266,-0.249,0.854,13.317,-1.54,30.817,brushing
0.266,-0.249,0.854,0.962,-25.217,6.86,brushing
0.189,-0.207,1.16,0.962,-25.217,6.86,brushing
0.189,-0.207,1.16,-3.045,-30.187,-10.745,brushing
0.473,0.538,1.135,-3.045,-30.187,-10.745,brushing
0.473,0.538,1.135,1.925,-20.107,3.762,brushing
0.427,-0.16,0.992,1.925,-20.107,3.762,brushing
0.427,-0.16,0.992,4.917,-23.817,21.087,brushing
0.43,-0.885,0.75,4.917,-23.817,21.087,brushing
0.43,-0.885,0.75,4.34,-7.525,4.165,brushing
0.582,-0.667,0.695,4.34,-7.525,4.165,brushing
0.582,-0.667,0.695,-3.797,-12.197,-18.777,brushing
0.526,-0.676,0.693,-3.797,-12.197,-18.777,brushing
0.526,-0.676,0.693,-10.202,-16.992,-30.117,brushing
0.815,-0.067,0.737,-10.202,-16.992,-30.117,brushing
0.815,-0.067,0.737,-8.102,-9.485,-13.947,brushing
1.027,0.074,0.741,-8.102,-9.485,-13.947,brushing
1.176,0.122,0.557,-8.102,-9.485,-13.947,brushing
1.176,0.122,0.557,-0.157,2.94,16.59,brushing
0.876,-0.458,0.53,-0.157,2.94,16.59,brushing
0.876,-0.458,0.53,7.332,8.19,38.517,brushing
0.799,-0.559,0.467,7.332,8.19,38.517,brushing
0.799,-0.559,0.467,13.23,5.46,30.345,brushing
0.924,-0.142,0.422,13.23,5.46,30.345,brushing
0.924,-0.142,0.422,13.597,5.897,26.862,brushing
0.597,-0.212,0.688,13.597,5.897,26.862,brushing
0.597,-0.212,0.688,18.025,23.275,32.34,brushing
0.554,0.051,0.69,18.025,23.275,32.34,brushing
0.554,0.051,0.69,20.422,17.5,34.037,brushing
0.522,0.125,0.844,20.422,17.5,34.037,brushing
0.522,0.125,0.844,20.772,-0.77,41.58,brushing
0.336,-0.23,0.749,20.772,-0.77,41.58,brushing
0.336,-0.23,0.749,18.095,-4.917,31.797,brushing
0.161,-0.527,1.048,18.095,-4.917,31.797,brushing
0.161,-0.527,1.048,15.627,0.647,-4.865,brushing
0.073,-0.315,1.206,15.627,0.647,-4.865,brushing
0.488,0.698,1.037,15.627,0.647,-4.865,brushing
0.488,0.698,1.037,12.057,-10.762,-19.477,brushing
0.343,-0.061,0.909,12.057,-10.762,-19.477,brushing
0.343,-0.061,0.909,6.457,-26.53,5.11,brushing
0.391,-0.872,0.821,6.457,-26.53,5.11,brushing
0.391,-0.872,0.821,5.25,-5.81,2.642,brushing
0.606,-0.926,0.661,5.25,-5.81,2.642,brushing
0.606,-0.926,0.661,-0.157,-10.097,-26.372,brushing
0.483,-0.835,0.739,-0.157,-10.097,-26.372,brushing
0.483,-0.835,0.739,-9.607,-34.685,-52.762,brushing
0.808,-0.023,0.686,-9.607,-34.685,-52.762,brushing
0.808,-0.023,0.686,-15.347,-37.87,-45.657,brushing
0.984,0.254,0.743,-15.347,-37.87,-45.657,brushing
0.984,0.254,0.743,-12.862,-29.26,-11.165,brushing
1.024,-0.037,0.72,-12.862,-29.26,-11.165,brushing
1.024,-0.037,0.72,-0.105,-4.917,9.537,brushing
1.167,-0.116,0.524,-0.105,-4.917,9.537,brushing
0.978,-0.336,0.585,8.61,7.49,23.012,brushing
0.927,-0.369,0.499,8.61,7.49,23.012,brushing
0.927,-0.369,0.499,12.075,-8.085,25.112,brushing
0.719,-0.437,0.579,12.075,-8.085,25.112,brushing
0.719,-0.437,0.579,12.215,-4.655,24.92,brushing
0.337,-0.387,0.813,12.215,-4.655,24.92,brushing
0.337,-0.387,0.813,15.19,12.337,17.325,brushing
0.394,0.173,0.818,15.19,12.337,17.325,brushing
0.394,0.173,0.818,15.312,-12.145,7.472,brushing
0.389,0.029,0.827,15.312,-12.145,7.472,brushing
0.389,0.029,0.827,12.11,-23.415,10.15,brushing
0.485,-0.096,0.707,12.11,-23.415,10.15,brushing
0.485,-0.096,0.707,10.36,4.06,10.552,brushing
0.619,-0.194,0.712,10.36,4.06,10.552,brushing
0.619,-0.194,0.712,5.285,0.542,4.637,brushing
0.583,-0.288,0.872,5.285,0.542,4.637,brushing
0.583,-0.288,0.872,8.802,-14.227,-2.38,brushing
0.528,-0.303,0.969,8.802,-14.227,-2.38,brushing
0.446,-0.465,0.895,13.632,-41.807,-15.312,brushing
0.328,-0.554,0.801,13.632,-41.807,-15.312,brushing
0.328,-0.554,0.801,10.78,-54.32,-34.72,brushing
0.513,-0.192,0.682,10.78,-54.32,-34.72,brushing
0.513,-0.192,0.682,-4.34,-70.56,-54.845,brushing
0.676,0.207,0.752,-4.34,-70.56,-54.845,brushing
0.676,0.207,0.752,-16.047,-66.377,-42.822,brushing
0.62,-0.198,0.745,-16.047,-66.377,-42.822,brushing
0.62,-0.198,0.745,-17.447,-42.84,-22.697,brushing
0.561,-0.579,0.751,-17.447,-42.84,-22.697,brushing
0.561,-0.579,0.751,-14.087,-33.145,-26.407,brushing
0.575,-0.678,0.707,-14.087,-33.145,-26.407,brushing
0.575,-0.678,0.707,-12.862,-40.145,-39.182,brushing
0.628,-0.4,0.66,-12.862,-40.145,-39.182,brushing
0.628,-0.4,0.66,-13.807,-47.162,-38.71,brushing
0.636,-0.475,0.625,-13.807,-47.162,-38.71,brushing
0.636,-0.475,0.625,-13.702,-36.995,-35.875,brushing
0.838,-0.203,0.661,-13.702,-36.995,-35.875,brushing
1.112,0.179,0.466,-13.702,-36.995,-35.875,brushing
1.112,0.179,0.466,-10.342,-17.115,-18.217,brushing
1.169,0.023,0.362,-10.342,-17.115,-18.217,brushing
1.169,0.023,0.362,-7.647,0.612,17.447,brushing
0.921,-0.427,0.4,-7.647,0.612,17.447,brushing
0.921,-0.427,0.4,-4.305,19.967,45.64,brushing
0.826,-0.665,0.5,-4.305,19.967,45.64,brushing
0.826,-0.665,0.5,1.365,23.397,43.54,brushing
0.917,-0.506,0.481,1.365,23.397,43.54,brushing
0.917,-0.506,0.481,3.797,17.115,32.515,brushing
0.764,-0.294,0.632,3.797,17.115,32.515,brushing
0.764,-0.294,0.632,7.367,16.222,26.74,brushing
0.438,-0.462,0.838,7.367,16.222,26.74,brushing
0.438,-0.462,0.838,13.51,15.942,16.677,brushing
0.485,0.024,0.927,13.51,15.942,16.677,brushing
0.485,0.024,0.927,15.312,-2.31,13.44,brushing
0.436,0.013,0.859,15.312,-2.31,13.44,brushing
0.436,0.013,0.859,10.202,-17.972,12.547,brushing
0.327,-0.249,0.85,10.202,-17.972,12.547,brushing
0.143,-0.581,0.972,10.202,-17.972,12.547,brushing
0.143,-0.581,0.972,3.307,-16.695,-1.732,brushing
0.419,-0.227,0.941,3.307,-16.695,-1.732,brushing
0.419,-0.227,0.941,-3.412,-23.45,-26.46,brushing
0.541,-0.11,0.953,-3.412,-23.45,-26.46,brushing
0.541,-0.11,0.953,-5.11,-28.682,-24.01,brushing
0.51,-0.646,0.871,-5.11,-28.682,-24.01,brushing
0.51,-0.646,0.871,1.767,-10.99,-20.79,brushing
0.618,-0.75,0.78,1.767,-10.99,-20.79,brushing
0.618,-0.75,0.78,9.432,-15.505,-35.542,brushing
0.669,-0.542,0.632,9.432,-15.505,-35.542,brushing
0.669,-0.542,0.632,7.315,-54.932,-44.45,brushing
0.5,-0.797,0.536,7.315,-54.932,-44.45,brushing
0.5,-0.797,0.536,1.085,-59.99,-51.87,brushing
0.797,-0.082,0.483,1.085,-59.99,-51.87,brushing
0.797,-0.082,0.483,-6.492,-49.647,-34.632,brushing
1.07,0.113,0.461,-6.492,-49.647,-34.632,brushing
1.07,0.113,0.461,-9.677,-37.397,0.315,brushing
1.238,0.086,0.497,-9.677,-37.397,0.315,brushing
1.122,-0.174,0.645,-9.677,-37.397,0.315,brushing
1.122,-0.174,0.645,1.855,-11.427,32.725,brushing
0.891,-0.484,0.747,1.855,-11.427,32.725,brushing
0.891,-0.484,0.747,24.027,-7.91,43.907,brushing
0.851,-0.387,0.594,24.027,-7.91,43.907,brushing
0.851,-0.387,0.594,42.63,-19.39,40.827,brushing
0.648,-0.554,0.523,42.63,-19.39,40.827,brushing
0.648,-0.554,0.523,49.84,-8.4,36.715,brushing
0.388,-0.516,0.533,49.84,-8.4,36.715,brushing
0.388,-0.516,0.533,47.705,14.035,23.66,brushing
0.505,0.037,0.457,47.705,14.035,23.66,brushing
0.505,0.037,0.457,36.242,9.59,20.947,brushing
0.56,-0.191,0.62,36.242,9.59,20.947,brushing
0.56,-0.191,0.62,24.202,7.682,22.505,brushing
0.468,-0.271,0.726,24.202,7.682,22.505,brushing
0.468,-0.271,0.726,14.175,0.647,12.092,brushing
0.345,-0.648,0.902,14.175,0.647,12.092,brushing
0.345,-0.648,0.902,10.727,-5.25,-3.64,brushing
0.594,0.081,0.927,10.727,-5.25,-3.64,brushing
0.615,-0.175,0.895,10.727,-5.25,-3.64,brushing
0.615,-0.175,0.895,9.205,-17.587,10.22,brushing
0.549,-0.583,0.733,9.205,-17.587,10.22,brushing
0.549,-0.583,0.733,11.532,1.557,22.855,brushing
0.579,-0.688,0.649,11.532,1.557,22.855,brushing
0.579,-0.688,0.649,8.627,6.965,17.342,brushing
0.709,-0.569,0.564,8.627,6.965,17.342,brushing
0.709,-0.569,0.564,1.645,-0.805,12.127,brushing
0.702,-0.633,0.561,1.645,-0.805,12.127,brushing
0.702,-0.633,0.561,-5.705,-1.032,9.712,brushing
0.866,-0.268,0.57,-5.705,-1.032,9.712,brushing
0.866,-0.268,0.57,-8.54,-3.692,17.185,brushing
1.017,-0.226,0.53,-8.54,-3.692,17.185,brushing
1.017,-0.226,0.53,-6.93,-0.227,34.807,brushing
1.054,-0.291,0.535,-6.93,-0.227,34.807,brushing
1.054,-0.291,0.535,1.96,4.655,44.362,brushing
0.904,-0.658,0.58,1.96,4.655,44.362,brushing
0.893,-0.559,0.357,12.442,15.47,37.73,brushing
0.582,-0.579,0.507,12.442,15.47,37.73,brushing
0.582,-0.579,0.507,16.59,38.167,31.185,brushing
0.337,-0.462,0.567,16.59,38.167,31.185,brushing
0.337,-0.462,0.567,19.652,45.377,15.487,brushing
0.502,0.146,0.531,19.652,45.377,15.487,brushing
0.502,0.146,0.531,14.77,31.08,11.182,brushing
0.474,-0.017,0.705,14.77,31.08,11.182,brushing
0.474,-0.017,0.705,5.162,6.422,18.445,brushing
0.339,-0.305,0.905,5.162,6.422,18.445,brushing
0.339,-0.305,0.905,7.035,7.017,13.09,brushing
0.228,-0.56,1.046,7.035,7.017,13.09,brushing
0.228,-0.56,1.046,10.22,-7.315,-6.037,brushing
0.459,-0.432,0.929,10.22,-7.315,-6.037,brushing
0.459,-0.432,0.929,9.94,-17.132,-10.85,brushing
0.613,-0.202,0.803,9.94,-17.132,-10.85,brushing
0.613,-0.202,0.803,3.587,-29.05,-0.122,brushing
0.588,-0.622,0.738,3.587,-29.05,-0.122,brushing
0.514,-0.67,0.662,1.627,-17.097,-1.505,brushing
0.664,-0.409,0.564,1.627,-17.097,-1.505,brushing
0.664,-0.409,0.564,-2.362,-8.172,-5.985,brushing
0.662,-0.386,0.461,-2.362,-8.172,-5.985,brushing
0.662,-0.386,0.461,-13.37,-18.585,-2.327,brushing
0.628,-0.488,0.503,-13.37,-18.585,-2.327,brushing
0.628,-0.488,0.503,-21.927,-14.455,0.245,brushing
0.812,-0.448,0.474,-21.927,-14.455,0.245,brushing
0.812,-0.448,0.474,-23.152,0.035,-1.96,brushing
0.972,-0.388,0.55,-23.152,0.035,-1.96,brushing
0.972,-0.388,0.55,-16.03,14.507,-1.75,brushing
0.987,-0.33,0.595,-16.03,14.507,-1.75,brushing
0.987,-0.33,0.595,-0.7,19.862,2.502,brushing
0.892,-0.405,0.606,-0.7,19.862,2.502,brushing
0.892,-0.405,0.606,13.37,23.502,8.557,brushing
0.8,-0.288,0.541,13.37,23.502,8.557,brushing
0.8,-0.288,0.541,19.075,24.972,14.332,brushing
0.397,-0.664,0.655,19.075,24.972,14.332,brushing
0.594,-0.064,0.552,19.075,24.972,14.332,brushing
0.594,-0.064,0.552,15.435,22.155,6.23,brushing
0.537,-0.185,0.707,15.435,22.155,6.23,brushing
0.537,-0.185,0.707,1.207,6.825,12.005,brushing
0.39,-0.357,0.904,1.207,6.825,12.005,brushing
0.39,-0.357,0.904,-5.197,-1.995,12.74,brushing
0.184,-0.778,1.07,-5.197,-1.995,12.74,brushing
0.184,-0.778,1.07,-9.835,-24.027,-8.015,brushing
0.522,-0.38,0.922,-9.835,-24.027,-8.015,brushing
0.522,-0.38,0.922,-14.805,-32.252,-28.087,brushing
0.585,-0.042,0.859,-14.805,-32.252,-28.087,brushing
0.585,-0.042,0.859,-19.705,-42.28,-16.047,brushing
0.437,-0.569,0.831,-19.705,-42.28,-16.047,brushing
0.437,-0.569,0.831,-16.73,-35.42,-13.58,brushing
0.533,-0.794,0.682,-16.73,-35.42,-13.58,brushing
0.533,-0.794,0.682,-16.38,-23.275,-24.132,brushing
0.594,-0.592,0.613,-16.38,-23.275,-24.132,brushing
0.594,-0.592,0.613,-19.46,-27.72,-30.24,brushing
0.592,-0.523,0.604,-19.46,-27.72,-30.24,brushing
0.681,-0.391,0.615,-19.46,-27.72,-30.24,brushing
0.681,-0.391,0.615,-22.89,-38.045,-32.725,brushing
0.934,-0.046,0.533,-22.89,-38.045,-32.725,brushing
0.934,-0.046,0.533,-19.18,-18.795,-19.95,brushing
1.041,-0.172,0.455,-19.18,-18.795,-19.95,brushing
1.041,-0.172,0.455,-12.565,-1.487,2.117,brushing
1.049,-0.282,0.345,-12.565,-1.487,2.117,brushing
1.049,-0.282,0.345,-4.935,7.875,21.945,brushing
0.749,-0.731,0.517,-4.935,7.875,21.945,brushing
0.749,-0.731,0.517,6.632,7.472,24.202,brushing
0.785,-0.618,0.477,6.632,7.472,24.202,brushing
0.785,-0.618,0.477,18.007,4.725,14.892,brushing
0.805,-0.386,0.484,18.007,4.725,14.892,brushing
0.805,-0.386,0.484,25.532,17.272,14.28,brushing
0.453,-0.363,0.764,25.532,17.272,14.28,brushing
0.453,-0.363,0.764,27.737,21.087,12.705,brushing
0.519,-0.083,0.667,27.737,21.087,12.705,brushing
0.519,-0.083,0.667,25.007,16.467,19.442,brushing
0.491,-0.062,0.896,25.007,16.467,19.442,brushing
0.377,-0.469,0.84,25.007,16.467,19.442,brushing
0.377,-0.469,0.84,20.02,-7.385,20.247,brushing
0.243,-0.72,0.851,20.02,-7.385,20.247,brushing
0.243,-0.72,0.851,12.355,-6.65,2.922,brushing
0.292,-0.641,0.905,12.355,-6.65,2.922,brushing
0.292,-0.641,0.905,0.087,-14.017,-23.03,brushing
0.513,-0.095,0.82,0.087,-14.017,-23.03,brushing
0.513,-0.095,0.82,-10.815,-21.752,-24.99,brushing
0.506,-0.382,0.827,-10.815,-21.752,-24.99,brushing
0.506,-0.382,0.827,-14.49,-27.755,-16.66,brushing
0.453,-0.801,0.809,-14.49,-27.755,-16.66,brushing
0.453,-0.801,0.809,-11.34,-22.89,-28.717,brushing
0.617,-0.62,0.615,-11.34,-22.89,-28.717,brushing
0.617,-0.62,0.615,-12.792,-22.96,-38.255,brushing
0.597,-0.548,0.569,-12.792,-22.96,-38.255,brushing
0.597,-0.548,0.569,-19.74,-34.947,-37.782,brushing
0.518,-0.453,0.682,-19.74,-34.947,-37.782,brushing
0.797,-0.108,0.51,-22.05,-39.112,-32.06,brushing
0.965,-0.349,0.521,-22.05,-39.112,-32.06,brushing
0.965,-0.349,0.521,-24.692,-31.657,-17.552,brushing
1,-0.285,0.5,-24.692,-31.657,-17.552,brushing
1,-0.285,0.5,-19.687,1.785,-7.63,brushing
0.793,-0.574,0.678,-19.687,1.785,-7.63,brushing
0.793,-0.574,0.678,-9.747,14.315,-7.245,brushing
0.779,-0.433,0.632,-9.747,14.315,-7.245,brushing
0.779,-0.433,0.632,-3.342,1.19,-10.622,brushing
0.714,-0.351,0.726,-3.342,1.19,-10.622,brushing
0.714,-0.351,0.726,1.61,-5.565,-7.35,brushing
0.441,-0.531,0.813,1.61,-5.565,-7.35,brushing
0.441,-0.531,0.813,9.012,-1.47,-16.047,brushing
0.379,-0.406,0.75,9.012,-1.47,-16.047,brushing
0.379,-0.406,0.75,7.017,6.772,-27.405,brushing
0.656,0.204,0.562,7.017,6.772,-27.405,brushing
0.656,0.204,0.562,-4.637,5.827,-13.44,brushing
0.589,-0.026,0.682,-4.637,5.827,-13.44,brushing
0.527,-0.28,0.714,-13.177,-0.63,-2.205,brushing
0.418,-0.529,0.878,-13.177,-0.63,-2.205,brushing
0.418,-0.529,0.878,-19.127,-10.675,-4.077,brushing
0.332,-0.734,0.961,-19.127,-10.675,-4.077,brushing
0.332,-0.734,0.961,-21.052,-30.992,-22.977,brushing
0.49,-0.526,0.853,-21.052,-30.992,-22.977,brushing
0.49,-0.526,0.853,-21.717,-40.477,-44.975,brushing
0.613,-0.033,0.755,-21.717,-40.477,-44.975,brushing
0.613,-0.033,0.755,-24.745,-43.995,-38.955,brushing
0.583,-0.257,0.683,-24.745,-43.995,-38.955,brushing
0.583,-0.257,0.683,-28.262,-40.46,-24.552,brushing
0.499,-0.578,0.671,-28.262,-40.46,-24.552,brushing
0.499,-0.578,0.671,-29.907,-30.695,-27.317,brushing
0.416,-0.703,0.771,-29.907,-30.695,-27.317,brushing
0.416,-0.703,0.771,-29.645,-44.852,-45.237,brushing
0.474,-0.624,0.757,-29.645,-44.852,-45.237,brushing
0.474,-0.624,0.757,-27.895,-52.99,-54.985,brushing
0.56,-0.366,0.787,-27.895,-52.99,-54.985,brushing
0.644,-0.421,0.638,-27.895,-52.99,-54.985,brushing
0.644,-0.421,0.638,-26.53,-55.195,-52.832,brushing
0.68,-0.315,0.749,-26.53,-55.195,-52.832,brushing
0.68,-0.315,0.749,-23.275,-37.765,-47.67,brushing
0.917,-0.129,0.555,-23.275,-37.765,-47.67,brushing
0.917,-0.129,0.555,-19.18,-28.28,-36.47,brushing
0.979,-0.221,0.53,-19.18,-28.28,-36.47,brushing
0.979,-0.221,0.53,-14.385,-12.757,-15.015,brushing
1.027,-0.247,0.474,-14.385,-12.757,-15.015,brushing
1.027,-0.247,0.474,-7.28,1.487,6.387,brushing
0.878,-0.468,0.51,-7.28,1.487,6.387,brushing
0.878,-0.468,0.51,2.695,3.972,18.865,brushing
0.758,-0.693,0.627,2.695,3.972,18.865,brushing
0.758,-0.693,0.627,16.52,-2.135,12.757,brushing
0.802,-0.535,0.567,16.52,-2.135,12.757,brushing
0.802,-0.535,0.567,28.997,6.772,11.462,brushing
0.719,-0.36,0.629,28.997,6.772,11.462,brushing
0.719,-0.36,0.629,41.125,23.432,18.83,brushing
0.451,-0.326,0.889,41.125,23.432,18.83,brushing
0.422,-0.383,0.665,41.125,23.432,18.83,brushing
0.422,-0.383,0.665,44.922,20.632,24.71,brushing
0.535,-0.091,0.581,44.922,20.632,24.71,brushing
0.535,-0.091,0.581,39.9,32.725,29.872,brushing
0.558,-0.302,0.675,39.9,32.725,29.872,brushing
0.558,-0.302,0.675,27.51,7.49,35.77,brushing
0.354,-0.738,0.759,27.51,7.49,35.77,brushing
0.354,-0.738,0.759,18.795,1.015,24.657,brushing
0.53,-0.555,0.64,18.795,1.015,24.657,brushing
0.53,-0.555,0.64,9.905,12.915,10.465,brushing
0.683,-0.045,0.587,9.905,12.915,10.465,brushing
0.683,-0.045,0.587,-1.522,7.875,24.745,brushing
0.592,-0.355,0.701,-1.522,7.875,24.745,brushing
0.592,-0.355,0.701,-6.58,-10.57,34.317,brushing
0.545,-0.668,0.721,-6.58,-10.57,34.317,brushing
0.545,-0.668,0.721,-3.867,-1.715,28.525,brushing
0.474,-0.729,0.734,-3.867,-1.715,28.525,brushing
0.474,-0.729,0.734,-1.68,-5.565,13.877,brushing
0.434,-0.611,0.776,-1.68,-5.565,13.877,brushing
0.546,-0.404,0.701,-1.68,-5.565,13.877,brushing
0.546,-0.404,0.701,-0.332,-19.862,3.045,brushing
0.568,-0.462,0.636,-0.332,-19.862,3.045,brushing
0.568,-0.462,0.636,-2.31,-20.702,1.312,brushing
0.82,-0.269,0.512,-2.31,-20.702,1.312,brushing
0.82,-0.269,0.512,-5.617,-13.72,0.262,brushing
0.921,-0.335,0.479,-5.617,-13.72,0.262,brushing
0.921,-0.335,0.479,-9.87,-1.977,7.227,brushing
0.913,-0.412,0.559,-9.87,-1.977,7.227,brushing
0.913,-0.412,0.559,-6.072,13.877,11.235,brushing
0.806,-0.573,0.678,-6.072,13.877,11.235,brushing
0.806,-0.573,0.678,5.862,20.212,1.067,brushing
0.835,-0.429,0.547,5.862,20.212,1.067,brushing
0.835,-0.429,0.547,16.625,37.38,-5.39,brushing
0.678,-0.293,0.505,16.625,37.38,-5.39,brushing
0.678,-0.293,0.505,19.337,48.282,-7.752,brushing
0.439,-0.311,0.515,19.337,48.282,-7.752,brushing
0.439,-0.311,0.515,6.212,50.505,-8.312,brushing
0.552,0.166,0.581,6.212,50.505,-8.312,brushing
0.362,0.069,0.944,6.212,50.505,-8.312,brushing
0.362,0.069,0.944,-6.387,34.037,6.737,brushing
0.238,-0.387,1.089,-6.387,34.037,6.737,brushing
0.238,-0.387,1.089,-8.207,0.437,5.95,brushing
0.099,-0.782,1.202,-8.207,0.437,5.95,brushing
0.099,-0.782,1.202,2.887,5.652,-16.94,brushing
0.227,-0.665,1.035,2.887,5.652,-16.94,brushing
0.227,-0.665,1.035,6.002,-7.14,-51.362,brushing
0.522,-0.098,0.799,6.002,-7.14,-51.362,brushing
0.522,-0.098,0.799,-2.485,-23.432,-54.565,brushing
0.504,-0.277,0.731,-2.485,-23.432,-54.565,brushing
0.504,-0.277,0.731,-13.072,-19.162,-44.292,brushing
0.463,-0.506,0.753,-13.072,-19.162,-44.292,brushing
0.463,-0.506,0.753,-21.612,-16.38,-46.462,brushing
0.426,-0.653,0.78,-21.612,-16.38,-46.462,brushing
0.426,-0.653,0.78,-30.362,-35.822,-61.285,brushing
0.571,-0.496,0.719,-30.362,-35.822,-61.285,brushing
0.551,-0.348,0.756,-38.692,-46.112,-63.525,brushing
0.628,-0.285,0.685,-38.692,-46.112,-63.525,brushing
0.628,-0.285,0.685,-42.63,-38.447,-55.247,brushing
0.752,-0.162,0.587,-42.63,-38.447,-55.247,brushing
0.752,-0.162,0.587,-44.712,-20.072,-42.752,brushing
0.855,-0.303,0.553,-44.712,-20.072,-42.752,brushing
0.855,-0.303,0.553,-44.485,-7.665,-30.66,brushing
0.992,-0.151,0.494,-44.485,-7.665,-30.66,brushing
0.992,-0.151,0.494,-38.08,10.92,-16.047,brushing
0.94,-0.227,0.555,-38.08,10.92,-16.047,brushing
0.94,-0.227,0.555,-26.407,15.575,0.332,brushing
0.743,-0.564,0.702,-26.407,15.575,0.332,brushing
0.743,-0.564,0.702,-6.23,15.032,-0.49,brushing
0.728,-0.467,0.613,-6.23,15.032,-0.49,brushing
0.728,-0.467,0.613,12.74,27.142,-6.825,brushing
0.75,-0.245,0.485,12.74,27.142,-6.825,brushing
0.75,-0.245,0.485,24.832,42.752,-5.67,brushing
0.408,-0.405,0.624,24.832,42.752,-5.67,brushing
0.295,-0.469,0.521,24.832,42.752,-5.67,brushing
0.295,-0.469,0.521,28.367,39.935,-20.93,brushing
0.449,0.194,0.57,28.367,39.935,-20.93,brushing
0.449,0.194,0.57,19.337,47.81,-31.027,brushing
0.364,-0.106,0.861,19.337,47.81,-31.027,brushing
0.364,-0.106,0.861,6.72,19.967,-27.895,brushing
0.237,-0.597,1.087,6.72,19.967,-27.895,brushing
0.237,-0.597,1.087,7.017,5.705,-42.157,brushing
0.488,-0.452,1.036,7.017,5.705,-42.157,brushing
0.488,-0.452,1.036,9.94,-2.485,-67.935,brushing
0.656,-0.203,0.932,9.94,-2.485,-67.935,brushing
0.656,-0.203,0.932,10.587,-6.335,-73.972,brushing
0.62,-0.371,0.909,10.587,-6.335,-73.972,brushing
0.62,-0.371,0.909,12.512,2.852,-75.267,brushing
0.568,-0.424,0.895,12.512,2.852,-75.267,brushing
0.568,-0.424,0.895,14.752,13.16,-81.042,brushing
0.543,-0.358,0.833,14.752,13.16,-81.042,brushing
0.543,-0.358,0.833,13.72,-0.945,-86.502,brushing
0.668,-0.025,0.761,13.72,-0.945,-86.502,brushing
0.673,-0.001,0.737,13.72,-0.945,-86.502,brushing
0.673,-0.001,0.737,6.702,-32.41,-78.032,brushing
0.681,0.001,0.755,6.702,-32.41,-78.032,brushing
0.681,0.001,0.755,-1.102,-36.12,-59.412,brushing
0.777,-0.009,0.647,-1.102,-36.12,-59.412,brushing
0.777,-0.009,0.647,-6.282,-18.76,-38.71,brushing
0.875,-0.013,0.614,-6.282,-18.76,-38.71,brushing
0.875,-0.013,0.614,-9.695,8.995,-20.685,brushing
0.919,0.13,0.608,-9.695,8.995,-20.685,brushing
0.919,0.13,0.608,-9.345,17.412,-6.02,brushing
0.826,0.001,0.732,-9.345,17.412,-6.02,brushing
0.826,0.001,0.732,-3.115,28.84,5.705,brushing
0.754,0.038,0.738,-3.115,28.84,5.705,brushing
0.754,0.038,0.738,7.665,48.597,16.642,brushing
0.758,0.193,0.727,7.665,48.597,16.642,brushing
0.758,0.193,0.727,16.257,56.21,31.01,brushing
0.863,0.237,0.612,16.257,56.21,31.01,brushing
0.863,0.237,0.612,19.967,76.177,46.9,brushing
0.67,-0.058,0.662,19.967,76.177,46.9,brushing
0.461,-0.213,0.745,19.967,76.177,46.9,brushing
0.461,-0.213,0.745,23.24,95.322,41.825,brushing
0.503,0.058,0.736,23.24,95.322,41.825,brushing
0.503,0.058,0.736,21.052,78.61,27.597,brushing
0.452,-0.077,0.856,21.052,78.61,27.597,brushing
0.452,-0.077,0.856,16.275,41.352,14.612,brushing
0.462,-0.055,0.867,16.275,41.352,14.612,brushing
0.462,-0.055,0.867,15.172,28.297,0.962,brushing
0.411,-0.142,0.869,15.172,28.297,0.962,brushing
0.411,-0.142,0.869,10.5,25.602,-15.47,brushing
0.357,-0.176,0.861,10.5,25.602,-15.47,brushing
0.357,-0.176,0.861,4.217,18.602,-40.477,brushing
0.374,-0.144,0.878,4.217,18.602,-40.477,brushing
0.374,-0.144,0.878,1.015,18.865,-64.82,brushing
0.608,0.318,0.807,1.015,18.865,-64.82,brushing
0.608,0.318,0.807,0.052,34.23,-61.25,brushing
0.644,0.344,0.792,0.052,34.23,-61.25,brushing
0.644,0.344,0.792,-2.397,38.062,-50.207,brushing
0.638,0.068,0.754,-2.397,38.062,-50.207,brushing
0.68,0.045,0.711,-2.397,38.062,-50.207,brushing
0.68,0.045,0.711,-4.13,39.935,-48.632,brushing
0.68,0.071,0.687,-4.13,39.935,-48.632,brushing
0.68,0.071,0.687,-8.172,31.237,-47.46,brushing
0.629,0.048,0.722,-8.172,31.237,-47.46,brushing
0.629,0.048,0.722,-11.462,23.59,-44.66,brushing
0.619,0.048,0.732,-11.462,23.59,-44.66,brushing
0.619,0.048,0.732,-11.305,32.672,-41.282,brushing
0.641,0.155,0.748,-11.305,32.672,-41.282,brushing
0.641,0.155,0.748,-10.57,37.152,-37.222,brushing
0.637,0.187,0.781,-10.57,37.152,-37.222,brushing
0.637,0.187,0.781,-9.905,32.865,-31.727,brushing
0.603,0.185,0.79,-9.905,32.865,-31.727,brushing
0.603,0.185,0.79,-8.295,25.497,-27.842,brushing
0.603,0.218,0.803,-8.295,25.497,-27.842,brushing
0.603,0.218,0.803,-7.087,18.847,-24.325,brushing
0.637,0.271,0.798,-7.087,18.847,-24.325,brushing
0.621,0.23,0.805,-7.105,15.75,-20.37,brushing
0.629,0.237,0.82,-7.105,15.75,-20.37,brushing
0.629,0.237,0.82,-7.367,17.745,-18.917,brushing
0.631,0.246,0.813,-7.367,17.745,-18.917,brushing
0.631,0.246,0.813,-7.087,20.282,-18.025,brushing
0.619,0.253,0.81,-7.087,20.282,-18.025,brushing
0.619,0.253,0.81,-6.002,20.877,-16.73,brushing
0.636,0.264,0.797,-6.002,20.877,-16.73,brushing
0.636,0.264,0.797,-3.815,22.067,-13.947,brushing
0.654,0.223,0.765,-3.815,22.067,-13.947,brushing
0.654,0.223,0.765,-0.63,27.212,-12.39,brushing
0.649,0.18,0.683,-0.63,27.212,-12.39,brushing
0.649,0.18,0.683,1.767,40.127,-13.667,brushing
0.637,0.18,0.586,1.767,40.127,-13.667,brushing
0.637,0.18,0.586,1.207,60.83,-14.945,brushing
0.716,0.299,0.517,1.207,60.83,-14.945,brushing
0.716,0.299,0.517,0,93.537,-7.105,brushing
0.8,0.483,0.586,0,93.537,-7.105,brushing
0.776,0.532,0.715,1.085,125.755,10.255,brushing
0.551,0.217,0.86,1.085,125.755,10.255,brushing
0.551,0.217,0.86,7.49,138.565,21.612,brushing
0.28,-0.086,0.837,7.49,138.565,21.612,brushing
0.28,-0.086,0.837,11.9,117.967,1.925,brushing
0.155,-0.133,0.743,11.9,117.967,1.925,brushing
0.155,-0.133,0.743,13.352,103.005,-39.515,brushing
0.479,0.463,0.481,13.352,103.005,-39.515,brushing
0.479,0.463,0.481,14.77,147.42,-50.977,brushing
0.477,0.579,0.504,14.77,147.42,-50.977,brushing
0.477,0.579,0.504,13.982,185.745,-48.702,brushing
0.426,0.62,0.515,13.982,185.745,-48.702,brushing
0.426,0.62,0.515,15.102,168.07,-52.885,brushing
0.411,0.649,0.602,15.102,168.07,-52.885,brushing
0.411,0.649,0.602,17.01,105,-63.262,brushing
0.483,0.658,0.636,17.01,105,-63.262,brushing
0.483,0.658,0.636,19.757,59.657,-64.505,brushing
0.477,0.463,0.601,19.757,59.657,-64.505,brushing
0.583,0.425,0.441,19.757,59.657,-64.505,brushing
0.583,0.425,0.441,25.147,73.85,-59.307,brushing
0.684,0.52,0.32,25.147,73.85,-59.307,brushing
0.684,0.52,0.32,26.267,118.282,-48.685,brushing
0.835,0.869,0.134,26.267,118.282,-48.685,brushing
0.835,0.869,0.134,22.68,161.315,-33.215,brushing
0.992,1.37,0.002,22.68,161.315,-33.215,brushing
0.992,1.37,0.002,9.572,177.835,-1.4,brushing
0.932,1.539,0.049,9.572,177.835,-1.4,brushing
0.932,1.539,0.049,-8.452,120.68,33.757,brushing
0.722,0.883,0.196,-8.452,120.68,33.757,brushing
0.722,0.883,0.196,-12.355,94.01,54.565,brushing
0.679,0.665,0.109,-12.355,94.01,54.565,brushing
0.679,0.665,0.109,-6.37,152.32,65.222,brushing
0.769,0.995,0.005,-6.37,152.32,65.222,brushing
0.769,0.995,0.005,-9.537,188.615,73.64,brushing
0.762,1.323,-0.027,-9.537,188.615,73.64,brushing
0.762,1.323,-0.027,-17.885,184.8,82.67,brushing
0.592,1.139,0.189,-17.885,184.8,82.67,brushing
0.345,1.03,0.469,-17.885,184.8,82.67,brushing
0.345,1.03,0.469,-15.207,170.432,82.687,brushing
0.16,0.788,0.739,-15.207,170.432,82.687,brushing
0.16,0.788,0.739,1.015,120.347,67.48,brushing
-0.013,0.409,0.931,1.015,120.347,67.48,brushing
-0.013,0.409,0.931,30.975,59.832,31.08,brushing
0.184,0.514,0.611,30.975,59.832,31.08,brushing
0.184,0.514,0.611,59.08,16.922,-7.665,brushing
0.512,0.879,0.28,59.08,16.922,-7.665,brushing
0.512,0.879,0.28,62.965,2.905,-21.28,brushing
0.51,0.602,0.164,62.965,2.905,-21.28,brushing
0.51,0.602,0.164,47.302,-22.767,-34.16,brushing
0.581,0.461,0.064,47.302,-22.767,-34.16,brushing
0.581,0.461,0.064,20.79,-28.21,-50.942,brushing
0.826,0.622,-0.06,20.79,-28.21,-50.942,brushing
0.826,0.622,-0.06,-10.622,-3.465,-52.955,brushing
1.21,0.952,-0.255,-10.622,-3.465,-52.955,brushing
1.21,0.952,-0.255,-39.27,62.3,-27.807,brushing
1.366,1.446,-0.272,-39.27,62.3,-27.807,brushing
1.026,1.43,0.04,-39.27,62.3,-27.807,brushing
1.026,1.43,0.04,-61.372,62.317,9.52,brushing
0.698,0.834,0.125,-61.372,62.317,9.52,brushing
0.698,0.834,0.125,-67.795,-7.612,30.642,brushing
0.702,0.933,0.08,-67.795,-7.612,30.642,brushing
0.702,0.933,0.08,-61.127,-1.26,47.162,brushing
0.699,1.187,0.043,-61.127,-1.26,47.162,brushing
0.699,1.187,0.043,-56.402,-6.615,66.92,brushing
0.825,0.988,-0.1,-56.402,-6.615,66.92,brushing
0.825,0.988,-0.1,-59.937,-43.645,80.675,brushing
0.476,0.283,0.187,-59.937,-43.645,80.675,brushing
0.476,0.283,0.187,-52.395,-45.237,65.712,brushing
0.291,0.102,0.323,-52.395,-45.237,65.712,brushing
0.291,0.102,0.323,-36.312,-67.55,26.477,brushing
0.249,0.047,0.342,-36.312,-67.55,26.477,brushing
0.249,0.047,0.342,-15.767,-63,-8.365,brushing
0.531,0.863,0.441,-15.767,-63,-8.365,brushing
0.531,0.863,0.441,3.482,-56.63,-12.827,brushing
0.548,1.257,0.483,3.482,-56.63,-12.827,brushing
0.476,0.856,0.447,3.482,-56.63,-12.827,brushing
0.476,0.856,0.447,18.497,-88.042,-9.135,brushing
0.466,0.626,0.334,18.497,-88.042,-9.135,brushing
0.466,0.626,0.334,30.852,-80.115,-9.362,brushing
0.442,0.455,0.245,30.852,-80.115,-9.362,brushing
0.442,0.455,0.245,33.11,-74.795,-19.372,brushing
0.846,0.707,-0.138,33.11,-74.795,-19.372,brushing
0.846,0.707,-0.138,17.92,-61.302,-20.79,brushing
1.174,0.939,-0.299,17.92,-61.302,-20.79,brushing
1.174,0.939,-0.299,-17.85,-54.687,-7.665,brushing
1.419,1.252,-0.282,-17.85,-54.687,-7.665,brushing
1.419,1.252,-0.282,-55.597,-50.417,22.312,brushing
1.311,1.591,0.097,-55.597,-50.417,22.312,brushing
1.311,1.591,0.097,-75.827,-47.827,69.527,brushing
0.723,0.809,0.498,-75.827,-47.827,69.527,brushing
0.723,0.809,0.498,-69.44,-43.487,90.37,brushing
0.612,0.552,0.417,-69.44,-43.487,90.37,brushing
0.773,1.229,0.267,-58.292,-13.58,107.362,brushing
0.729,1.194,0.33,-58.292,-13.58,107.362,brushing
0.729,1.194,0.33,-58.432,-29.627,135.152,brushing
0.316,0.294,0.592,-58.432,-29.627,135.152,brushing
0.316,0.294,0.592,-52.307,-68.162,134.802,brushing
0.294,0.169,0.592,-52.307,-68.162,134.802,brushing
0.294,0.169,0.592,-31.325,-74.97,111.3,brushing
0.285,0.237,0.662,-31.325,-74.97,111.3,brushing
0.285,0.237,0.662,-11.97,-91.892,81.427,brushing
0.212,-0.083,0.583,-11.97,-91.892,81.427,brushing
0.212,-0.083,0.583,0.525,-125.002,40.022,brushing
0.446,0.218,0.448,0.525,-125.002,40.022,brushing
0.446,0.218,0.448,7.367,-113.89,15.365,brushing
0.569,0.728,0.589,7.367,-113.89,15.365,brushing
0.569,0.728,0.589,10.727,-134.382,5.145,brushing
0.549,0.728,0.688,10.727,-134.382,5.145,brushing
0.549,0.728,0.688,16.362,-183.295,0.175,brushing
0.513,0.315,0.662,16.362,-183.295,0.175,brushing
0.513,-0.003,0.505,21.927,-200.357,-10.745,brushing
0.594,-0.172,0.285,21.927,-200.357,-10.745,brushing
0.594,-0.172,0.285,16.817,-177.835,-23.1,brushing
0.82,-0.035,0.247,16.817,-177.835,-23.1,brushing
0.82,-0.035,0.247,1.417,-116.27,-23.362,brushing
1.165,0.279,0.301,1.417,-116.27,-23.362,brushing
1.165,0.279,0.301,-13.527,-59.867,-14.122,brushing
1.46,0.778,0.518,-13.527,-59.867,-14.122,brushing
1.46,0.778,0.518,-18.62,-0.927,15.575,brushing
1.296,1.116,0.723,-18.62,-0.927,15.575,brushing
1.296,1.116,0.723,-12.407,8.067,62.387,brushing
1.024,0.776,0.712,-12.407,8.067,62.387,brushing
1.024,0.776,0.712,-2.257,-32.462,97.055,brushing
0.838,0.463,0.695,-2.257,-32.462,97.055,brushing
0.838,0.463,0.695,11.69,-46.112,113.977,brushing
0.623,0.124,0.599,11.69,-46.112,113.977,brushing
0.623,0.124,0.599,15.557,-68.635,98.385,brushing
0.084,-1.069,0.486,15.557,-68.635,98.385,brushing
0.415,-0.538,0.219,15.557,-68.635,98.385,brushing
0.415,-0.538,0.219,6.545,-66.85,33.95,brushing
0.769,0.782,0.491,6.545,-66.85,33.95,brushing
0.769,0.782,0.491,3.29,-2.782,15.592,brushing
0.639,0.636,0.759,3.29,-2.782,15.592,brushing
0.639,0.636,0.759,-6.002,-69.265,18.97,brushing
0.578,0.084,0.889,-6.002,-69.265,18.97,brushing
0.578,0.084,0.889,4.077,-118.177,14.227,brushing
0.579,-0.134,0.882,4.077,-118.177,14.227,brushing
0.579,-0.134,0.882,23.922,-127.785,-4.515,brushing
0.61,-0.053,0.711,23.922,-127.785,-4.515,brushing
0.61,-0.053,0.711,35,-149.975,-26.512,brushing
0.642,-0.002,0.468,35,-149.975,-26.512,brushing
0.642,-0.002,0.468,29.89,-170.572,-38.745,brushing
0.633,-0.166,0.28,29.89,-170.572,-38.745,brushing
0.633,-0.166,0.28,15.155,-142.887,-39.2,brushing
0.695,-0.417,0.231,15.155,-142.887,-39.2,brushing
0.695,-0.417,0.231,2.432,-83.247,-40.092,brushing
0.874,-0.198,0.353,2.432,-83.247,-40.092,brushing
1.104,0.087,0.333,2.432,-83.247,-40.092,brushing
1.104,0.087,0.333,-5.495,-59.062,-39.375,brushing
1.207,0.285,0.382,-5.495,-59.062,-39.375,brushing
1.207,0.285,0.382,-7.017,-49.525,-26.81,brushing
1.279,0.406,0.496,-7.017,-49.525,-26.81,brushing
1.279,0.406,0.496,2.817,-22.837,0.402,brushing
1.1,0.033,0.644,2.817,-22.837,0.402,brushing
1.1,0.033,0.644,20.807,10.36,23.415,brushing
1.126,-0.011,0.673,20.807,10.36,23.415,brushing
1.126,-0.011,0.673,39.445,25.41,33.477,brushing
1.128,0.143,0.651,39.445,25.41,33.477,brushing
1.128,0.143,0.651,53.007,23.275,49.665,brushing
1.03,0.225,0.569,53.007,23.275,49.665,brushing
1.03,0.225,0.569,60.41,29.295,72.922,brushing
0.795,-0.054,0.553,60.41,29.295,72.922,brushing
0.795,-0.054,0.553,56.49,26.197,83.562,brushing
0.856,0.306,0.37,56.49,26.197,83.562,brushing
0.856,0.306,0.37,40.775,19.932,99.015,brushing
0.759,0.142,0.399,40.775,19.932,99.015,brushing
0.498,-0.569,0.654,40.775,19.932,99.015,brushing
0.498,-0.569,0.654,23.17,13.23,94.99,brushing
0.412,-0.916,0.668,23.17,13.23,94.99,brushing
0.412,-0.916,0.668,15.19,2.817,53.375,brushing
0.353,-0.748,0.677,15.19,2.817,53.375,brushing
0.353,-0.748,0.677,9.677,-23.275,-2.397,brushing
0.431,-0.194,0.561,9.677,-23.275,-2.397,brushing
0.431,-0.194,0.561,1.487,-68.687,-35.245,brushing
0.533,-0.198,0.478,1.487,-68.687,-35.245,brushing
0.533,-0.198,0.478,-5.897,-75.057,-44.835,brushing
0.543,-0.408,0.337,-5.897,-75.057,-44.835,brushing
0.543,-0.408,0.337,-10.797,-27.877,-50.435,brushing
0.63,-0.128,0.287,-10.797,-27.877,-50.435,brushing
0.63,-0.128,0.287,-18.13,-18.357,-55.055,brushing
0.594,-0.336,0.508,-18.13,-18.357,-55.055,brushing
0.594,-0.336,0.508,-25.655,-43.995,-63.42,brushing
0.866,-0.02,0.393,-25.655,-43.995,-63.42,brushing
0.928,-0.322,0.444,-24.447,-34.247,-61.162,brushing
1.038,-0.297,0.378,-24.447,-34.247,-61.162,brushing
1.038,-0.297,0.378,-15.61,34.72,-56.56,brushing
1.192,-0.19,0.402,-15.61,34.72,-56.56,brushing
1.192,-0.19,0.402,1.015,105.105,-55.247,brushing
1.244,0.034,0.305,1.015,105.105,-55.247,brushing
1.244,0.034,0.305,19.722,160.895,-43.96,brushing
1.076,0.119,0.258,19.722,160.895,-43.96,brushing
1.076,0.119,0.258,41.387,175.997,-24.832,brushing
0.982,0.089,0.241,41.387,175.997,-24.832,brushing
0.982,0.089,0.241,56.752,161.14,-16.415,brushing
0.999,0.271,0.212,56.752,161.14,-16.415,brushing
0.999,0.271,0.212,71.487,189.262,1.12,brushing
1.07,0.575,0.281,71.487,189.262,1.12,brushing
1.07,0.575,0.281,88.41,249.322,35.14,brushing
1.143,0.923,0.475,88.41,249.322,35.14,brushing
1.143,0.923,0.475,94.115,192.955,53.987,brushing
1.045,0.695,0.3,94.115,192.955,53.987,brushing
1.148,0.47,0.227,92.417,146.352,65.292,brushing
1.139,0.427,0.302,92.417,146.352,65.292,brushing
1.139,0.427,0.302,80.745,157.08,74.55,brushing
1.086,0.462,0.348,80.745,157.08,74.55,brushing
1.086,0.462,0.348,66.01,162.12,79.835,brushing
0.999,0.56,0.449,66.01,162.12,79.835,brushing
0.999,0.56,0.449,49.21,158.48,91.665,brushing
0.912,0.245,0.464,49.21,158.48,91.665,brushing
0.912,0.245,0.464,29.015,114.852,88.62,brushing
0.824,0.157,0.482,29.015,114.852,88.62,brushing
0.824,0.157,0.482,12.092,78.54,84.56,brushing
0.662,-0.145,0.406,12.092,78.54,84.56,brushing
0.662,-0.145,0.406,3.097,65.24,60.97,brushing
0.255,-1.45,0.251,3.097,65.24,60.97,brushing
0.255,-1.45,0.251,-11.34,98.087,-0.787,brushing
0.628,0.112,0.325,-11.34,98.087,-0.787,brushing
0.628,0.112,0.325,-24.937,70.805,-20.72,brushing
0.798,0.478,0.441,-24.937,70.805,-20.72,brushing
0.827,0.156,0.434,-24.937,70.805,-20.72,brushing
0.827,0.156,0.434,-26.915,20.475,-29.207,brushing
0.838,-0.086,0.499,-26.915,20.475,-29.207,brushing
0.838,-0.086,0.499,-24.955,4.252,-36.767,brushing
0.89,-0.299,0.524,-24.955,4.252,-36.767,brushing
0.89,-0.299,0.524,-18.252,-30.047,-57.05,brushing
0.991,-0.515,0.428,-18.252,-30.047,-57.05,brushing
0.991,-0.515,0.428,-8.19,-29.435,-80.185,brushing
1.14,-0.061,0.277,-8.19,-29.435,-80.185,brushing
1.14,-0.061,0.277,-2.082,45.657,-88.935,brushing
1.344,1.226,0.27,-2.082,45.657,-88.935,brushing
1.344,1.226,0.27,-2.975,82.442,-59.167,brushing
1.374,2.202,0.232,-2.975,82.442,-59.167,brushing
1.374,2.202,0.232,-0.192,40.827,8.277,brushing
1.128,1.15,0.208,-0.192,40.827,8.277,brushing
1.128,1.15,0.208,-4.392,2.1,54.915,brushing
1.198,1.088,0.094,-4.392,2.1,54.915,brushing
1.198,1.088,0.094,-12.81,-2.082,91.052,brushing
0.852,-0.106,0.139,-12.81,-2.082,91.052,brushing
0.589,-0.831,0.19,-12.81,-2.082,91.052,brushing
0.589,-0.831,0.19,-20.737,14.21,71.75,brushing
0.273,-1.591,0.387,-20.737,14.21,71.75,brushing
0.273,-1.591,0.387,-10.815,51.66,14.962,brushing
0.625,0.071,0.559,-10.815,51.66,14.962,brushing
0.625,0.071,0.559,1.557,73.342,-30.187,brushing
0.834,0.6,0.645,1.557,73.342,-30.187,brushing
0.834,0.6,0.645,14.717,-35.787,-42.945,brushing
0.896,-0.195,0.456,14.717,-35.787,-42.945,brushing
0.896,-0.195,0.456,17.115,-82.267,-48.405,brushing
0.869,-0.237,0.345,17.115,-82.267,-48.405,brushing
0.869,-0.237,0.345,13.51,-77.017,-56.21,brushing
0.888,-0.171,0.272,13.51,-77.017,-56.21,brushing
0.888,-0.171,0.272,4.62,-80.482,-67.147,brushing
0.868,-0.314,0.165,4.62,-80.482,-67.147,brushing
0.868,-0.314,0.165,0.822,-16.73,-80.832,brushing
0.899,-0.392,0.233,0.822,-16.73,-80.832,brushing
0.899,-0.392,0.233,1.505,63.262,-90.055,brushing
1.086,1.073,0.116,1.505,63.262,-90.055,brushing
1.164,2.111,0.11,1.505,63.262,-90.055,brushing
1.164,2.111,0.11,3.675,53.585,-45.535,brushing
1.068,1.204,0.105,3.675,53.585,-45.535,brushing
1.068,1.204,0.105,7.507,17.237,16.117,brushing
0.991,0.234,0.098,7.507,17.237,16.117,brushing
0.991,0.234,0.098,14.332,30.205,36.172,brushing
1.079,0.822,0.044,14.332,30.205,36.172,brushing
1.079,0.822,0.044,13.825,41.055,51.94,brushing
1.099,0.774,0.035,13.825,41.055,51.94,brushing
1.099,0.774,0.035,4.235,-7.192,73.272,brushing
0.756,-0.564,0.344,4.235,-7.192,73.272,brushing
0.756,-0.564,0.344,-4.585,-17.99,59.255,brushing
0.695,-0.717,0.408,-4.585,-17.99,59.255,brushing
0.695,-0.717,0.408,-5.04,8.732,21.035,brushing
0.64,-0.792,0.569,-5.04,8.732,21.035,brushing
0.64,-0.792,0.569,-2.887,-8.312,-22.54,brushing
0.917,0.196,0.494,-2.887,-8.312,-22.54,brushing
0.917,0.196,0.494,-3.167,-37.537,-32.042,brushing
0.92,0.224,0.463,-3.167,-37.537,-32.042,brushing
0.902,0.044,0.364,-3.167,-37.537,-32.042,brushing
0.902,0.044,0.364,-7.28,-52.85,-36.75,brushing
0.882,-0.035,0.392,-7.28,-52.85,-36.75,brushing
0.882,-0.035,0.392,-10.71,-42.455,-43.82,brushing
0.894,0.151,0.416,-10.71,-42.455,-43.82,brushing
0.894,0.151,0.416,-11.987,-45.85,-56.822,brushing
0.905,0.42,0.413,-11.987,-45.85,-56.822,brushing
0.905,0.42,0.413,-9.887,-47.687,-58.31,brushing
0.932,0.301,0.323,-9.887,-47.687,-58.31,brushing
0.932,0.301,0.323,-5.407,1.26,-52.622,brushing
1.058,0.783,0.278,-5.407,1.26,-52.622,brushing
1.058,0.783,0.278,-2.135,43.347,-26.442,brushing
1.249,1.648,0.149,-2.135,43.347,-26.442,brushing
1.249,1.648,0.149,1.785,12.372,20.422,brushing
1.046,0.612,0.155,1.785,12.372,20.422,brushing
1.046,0.612,0.155,6.527,12.337,43.242,brushing
0.96,0.42,0.082,6.527,12.337,43.242,brushing
0.819,0.204,0.034,6.685,26.215,56.472,brushing
0.767,0.062,0.105,6.685,26.215,56.472,brushing
0.767,0.062,0.105,2.31,33.95,54.932,brushing
0.654,-0.167,0.258,2.31,33.95,54.932,brushing
0.654,-0.167,0.258,-2.73,29.242,38.412,brushing
0.602,-0.313,0.437,-2.73,29.242,38.412,brushing
0.602,-0.313,0.437,-0.437,16.415,5.6,brushing
0.755,0.082,0.513,-0.437,16.415,5.6,brushing
0.755,0.082,0.513,2.17,-17.552,-24.937,brushing
0.822,0.297,0.453,2.17,-17.552,-24.937,brushing
0.822,0.297,0.453,3.85,-61.722,-42.822,brushing
0.815,0.188,0.45,3.85,-61.722,-42.822,brushing
0.815,0.188,0.45,1.4,-84.875,-56.98,brushing
0.817,0.28,0.465,1.4,-84.875,-56.98,brushing
0.817,0.28,0.465,-6.072,-101.832,-73.552,brushing
0.839,0.576,0.364,-6.072,-101.832,-73.552,brushing
0.839,0.576,0.364,-17.08,-100.275,-76.597,brushing
0.785,0.8,0.384,-17.08,-100.275,-76.597,brushing
0.92,0.84,0.165,-17.08,-100.275,-76.597,brushing
0.92,0.84,0.165,-29.837,-87.692,-55.877,brushing
1.123,0.704,0.249,-29.837,-87.692,-55.877,brushing
1.123,0.704,0.249,-45.062,-82.372,-26.81,brushing
1.321,0.46,0.069,-45.062,-82.372,-26.81,brushing
1.321,0.46,0.069,-58.572,-84.14,-5.127,brushing
1.348,0.602,0.382,-58.572,-84.14,-5.127,brushing
1.348,0.602,0.382,-69.125,-131.145,7.84,brushing
1.611,0.869,0.194,-69.125,-131.145,7.84,brushing
1.611,0.869,0.194,-72.205,-202.492,34.982,brushing
1.54,-1.102,-0.036,-72.205,-202.492,34.982,brushing
1.54,-1.102,-0.036,-77.14,-110.845,54.53,brushing
1.035,-0.444,0.34,-77.14,-110.845,54.53,brushing
1.035,-0.444,0.34,-52.15,41.44,67.217,brushing
0.77,0.34,0.689,-52.15,41.44,67.217,brushing
0.77,0.34,0.689,-49.98,-57.767,61.757,brushing
0.49,-0.324,0.784,-49.98,-57.767,61.757,brushing
0.49,-0.324,0.784,-20.282,-48.545,43.942,brushing
0.368,-0.274,0.724,-20.282,-48.545,43.942,brushing
0.201,-0.087,0.503,-20.282,-48.545,43.942,brushing
0.201,-0.087,0.503,3.307,-7.927,16.957,brushing
0.174,0.134,0.478,3.307,-7.927,16.957,brushing
0.174,0.134,0.478,16.362,10.395,-15.207,brushing
0.37,0.736,0.434,16.362,10.395,-15.207,brushing
0.37,0.736,0.434,26.092,2.905,-40.337,brushing
0.454,0.886,0.581,26.092,2.905,-40.337,brushing
0.454,0.886,0.581,34.597,-46.322,-48.755,brushing
0.489,0.281,0.592,34.597,-46.322,-48.755,brushing
0.489,0.281,0.592,45.097,-106.47,-62.335,brushing
0.578,-0.516,0.553,45.097,-106.47,-62.335,brushing
0.578,-0.516,0.553,53.532,-79.065,-81.445,brushing
0.973,-0.48,0.365,53.532,-79.065,-81.445,brushing
0.973,-0.48,0.365,54.512,8.347,-86.205,brushing
1.353,0.129,0.263,54.512,8.347,-86.205,brushing
1.353,0.129,0.263,37.992,42.962,-64.032,brushing
1.685,0.628,0.112,37.992,42.962,-64.032,brushing
1.685,0.628,0.112,12.6,36.26,-19.635,brushing
1.5,0.678,0.396,12.6,36.26,-19.635,brushing
1.243,0.423,0.441,12.6,36.26,-19.635,brushing
1.243,0.423,0.441,-4.532,5.74,17.237,brushing
1.192,0.548,0.422,-4.532,5.74,17.237,brushing
1.192,0.548,0.422,-8.907,36.155,53.41,brushing
0.817,0.17,0.636,-8.907,36.155,53.41,brushing
0.817,0.17,0.636,-10.132,47.425,71.172,brushing
0.73,0.189,0.401,-10.132,47.425,71.172,brushing
0.73,0.189,0.401,-8.61,31.202,60.935,brushing
0.589,0.104,0.422,-8.61,31.202,60.935,brushing
0.589,0.104,0.422,-18.445,12.53,43.19,brushing
0.367,-0.156,0.573,-18.445,12.53,43.19,brushing
0.367,-0.156,0.573,-19.652,-4.865,9.17,brushing
0.325,-0.071,0.704,-19.652,-4.865,9.17,brushing
0.325,-0.071,0.704,-7.962,-1.89,-22.435,brushing
0.601,0.616,0.747,-7.962,-1.89,-22.435,brushing
0.601,0.616,0.747,4.847,-35.822,-29.347,brushing
0.631,0.443,0.78,4.847,-35.822,-29.347,brushing
0.631,0.443,0.78,15.75,-108.465,-42.875,brushing
0.623,-0.093,0.709,15.75,-108.465,-42.875,brushing
0.741,-0.401,0.588,15.75,-108.465,-42.875,brushing
0.741,-0.401,0.588,24.815,-123.777,-64.417,brushing
1.129,-0.219,0.471,24.815,-123.777,-64.417,brushing
1.129,-0.219,0.471,30.205,-82.617,-75.74,brushing
1.519,0.432,0.362,30.205,-82.617,-75.74,brushing
1.519,0.432,0.362,33.337,-29.837,-54.512,brushing
1.686,1.019,0.291,33.337,-29.837,-54.512,brushing
1.686,1.019,0.291,27.86,-49.402,-4.427,brushing
1.341,0.733,0.289,27.86,-49.402,-4.427,brushing
1.341,0.733,0.289,15.837,-144.217,35.595,brushing
1.124,0.401,0.296,15.837,-144.217,35.595,brushing
1.124,0.401,0.296,11.795,-167.562,64.242,brushing
1.167,0.507,0.369,11.795,-167.562,64.242,brushing
1.167,0.507,0.369,21.735,-94.045,102.62,brushing
0.755,-0.174,0.576,21.735,-94.045,102.62,brushing
0.755,-0.174,0.576,29.767,-87.272,94.832,brushing
0.757,0.118,0.276,29.767,-87.272,94.832,brushing
0.583,-0.274,0.325,24.447,-108.692,82.197,brushing
0.212,-1.066,0.371,24.447,-108.692,82.197,brushing
0.212,-1.066,0.371,5.372,-150.797,34.265,brushing
0.509,-0.131,0.555,5.372,-150.797,34.265,brushing
0.509,-0.131,0.555,8.75,-87.955,-12.88,brushing
0.659,0.604,0.671,8.75,-87.955,-12.88,brushing
0.659,0.604,0.671,7.892,-78.522,-17.062,brushing
0.552,0.172,0.757,7.892,-78.522,-17.062,brushing
0.552,0.172,0.757,5.075,-141.207,-19.442,brushing
0.562,-0.289,0.641,5.075,-141.207,-19.442,brushing
0.562,-0.289,0.641,14.367,-145.512,-33.635,brushing
0.612,-0.329,0.47,14.367,-145.512,-33.635,brushing
0.612,-0.329,0.47,15.417,-141.12,-52.92,brushing
0.606,-0.571,0.383,15.417,-141.12,-52.92,brushing
0.606,-0.571,0.383,1.54,-174.667,-82.81,brushing
0.811,-0.691,0.259,1.54,-174.667,-82.81,brushing
0.811,-0.691,0.259,-8.995,-123.445,-92.68,brushing
1.037,-0.177,0.362,-8.995,-123.445,-92.68,brushing
1.362,0.513,0.358,-11.83,-56.962,-74.9,brushing
1.585,0.954,0.47,-11.83,-56.962,-74.9,brushing
1.585,0.954,0.47,-11.077,-28.385,-33.495,brushing
1.304,0.521,0.579,-11.077,-28.385,-33.495,brushing
1.304,0.521,0.579,6.265,1.925,16.17,brushing
1.122,0.249,0.356,6.265,1.925,16.17,brushing
1.122,0.249,0.356,24.447,5.652,39.812,brushing
1.109,0.378,0.177,24.447,5.652,39.812,brushing
1.109,0.378,0.177,26.127,6.632,65.73,brushing
0.929,0.202,0.222,26.127,6.632,65.73,brushing
0.929,0.202,0.222,18.707,18.235,86.572,brushing
0.831,0.071,0.21,18.707,18.235,86.572,brushing
0.831,0.071,0.21,4.112,5.46,91.07,brushing
0.261,-1.177,0.543,4.112,5.46,91.07,brushing
0.261,-1.177,0.543,-6.23,-48.72,30.205,brushing
0.381,-1.299,0.504,-6.23,-48.72,30.205,brushing
0.381,-1.299,0.504,-2.467,-18.305,-23.66,brushing
0.862,0.149,0.54,-2.467,-18.305,-23.66,brushing
0.718,0.035,0.71,-2.467,-18.305,-23.66,brushing
0.718,0.035,0.71,-9.065,-34.965,-24.937,brushing
0.641,-0.237,0.646,-9.065,-34.965,-24.937,brushing
0.641,-0.237,0.646,-9.17,-80.062,-30.957,brushing
0.552,-0.368,0.595,-9.17,-80.062,-30.957,brushing
0.552,-0.368,0.595,-6.107,-112.91,-46.007,brushing
0.558,-0.431,0.574,-6.107,-112.91,-46.007,brushing
0.558,-0.431,0.574,-4.007,-119.84,-60.392,brushing
0.705,-0.228,0.364,-4.007,-119.84,-60.392,brushing
0.705,-0.228,0.364,-6.965,-96.705,-61.46,brushing
0.88,-0.356,0.333,-6.965,-96.705,-61.46,brushing
0.88,-0.356,0.333,-13.16,-56.525,-56.612,brushing
1.171,-0.073,0.259,-13.16,-56.525,-56.612,brushing
1.171,-0.073,0.259,-13.807,-18.27,-47.985,brushing
1.485,0.37,0.366,-13.807,-18.27,-47.985,brushing
1.485,0.37,0.366,-4.812,17.237,-16.677,brushing
1.443,0.473,0.368,-4.812,17.237,-16.677,brushing
1.443,0.473,0.368,12.617,55.002,10.832,brushing
1.254,-0.05,0.434,12.617,55.002,10.832,brushing
1.016,0.127,0.341,12.617,55.002,10.832,brushing
1.016,0.127,0.341,25.042,84.787,23.187,brushing
0.981,0.092,0.363,25.042,84.787,23.187,brushing
0.981,0.092,0.363,28.14,76.44,33.88,brushing
0.92,0.085,0.27,28.14,76.44,33.88,brushing
0.92,0.085,0.27,17.377,93.835,48.475,brushing
0.836,0.034,0.179,17.377,93.835,48.475,brushing
0.836,0.034,0.179,1.715,130.812,59.71,brushing
0.796,0.079,0.193,1.715,130.812,59.71,brushing
0.796,0.079,0.193,-16.555,164.027,67.462,brushing
0.544,-0.285,0.452,-16.555,164.027,67.462,brushing
0.544,-0.285,0.452,-26.337,163.327,52.867,brushing
0.392,-0.821,0.739,-26.337,163.327,52.867,brushing
0.392,-0.821,0.739,-23.485,125.23,4.497,brushing
0.387,-0.453,0.82,-23.485,125.23,4.497,brushing
0.387,-0.453,0.82,-11.567,37.677,-40.022,brushing
0.529,0.059,0.792,-11.567,37.677,-40.022,brushing
0.529,0.059,0.792,-1.242,-40.845,-57.557,brushing
0.679,0.197,0.609,-1.242,-40.845,-57.557,brushing
0.756,0.096,0.426,-1.242,-40.845,-57.557,brushing
0.756,0.096,0.426,3.272,-43.505,-52.92,brushing
0.776,-0.021,0.501,3.272,-43.505,-52.92,brushing
0.776,-0.021,0.501,0.577,-5.635,-45.395,brushing
0.828,-0.031,0.537,0.577,-5.635,-45.395,brushing
0.828,-0.031,0.537,-3.57,3.885,-46.952,brushing
0.912,-0.059,0.519,-3.57,3.885,-46.952,brushing
0.912,-0.059,0.519,-7.892,-28.875,-51.45,brushing
1.074,-0.142,0.579,-7.892,-28.875,-51.45,brushing
1.074,-0.142,0.579,-7.402,-25.725,-52.255,brushing
1.29,0.022,0.518,-7.402,-25.725,-52.255,brushing
1.29,0.022,0.518,-2.415,22.785,-45.692,brushing
1.397,0.362,0.404,-2.415,22.785,-45.692,brushing
1.397,0.362,0.404,2.747,40.81,-27.422,brushing
1.342,0.581,0.32,2.747,40.81,-27.422,brushing
1.342,0.581,0.32,2.17,17.15,1.61,brushing
1.178,0.298,0.355,2.17,17.15,1.61,brushing
1.101,0.209,0.409,2.257,25.462,25.672,brushing
1.014,0.076,0.289,2.257,25.462,25.672,brushing
1.014,0.076,0.289,2.117,44.082,37.992,brushing
0.911,0.186,0.288,2.117,44.082,37.992,brushing
0.911,0.186,0.288,-1.837,50.697,46.217,brushing
0.761,-0.067,0.42,-1.837,50.697,46.217,brushing
0.761,-0.067,0.42,-8.487,23.555,43.505,brushing
0.65,-0.364,0.593,-8.487,23.555,43.505,brushing
0.65,-0.364,0.593,-7.332,14.507,26.162,brushing
0.577,-0.321,0.715,-7.332,14.507,26.162,brushing
0.577,-0.321,0.715,-0.315,-6.44,-0.647,brushing
0.658,-0.141,0.731,-0.315,-6.44,-0.647,brushing
0.658,-0.141,0.731,6.72,-35.21,-22.505,brushing
0.727,0.066,0.598,6.72,-35.21,-22.505,brushing
0.727,0.066,0.598,9.205,-63.262,-31.517,brushing
0.759,0.1,0.507,9.205,-63.262,-31.517,brushing
0.759,0.1,0.507,6.72,-78.487,-29.522,brushing
0.743,-0.028,0.519,6.72,-78.487,-29.522,brushing
0.803,-0.148,0.496,4.042,-75.25,-29.015,brushing
1.007,0.026,0.363,4.042,-75.25,-29.015,brushing
1.007,0.026,0.363,-0.63,-42.017,-25.41,brushing
1.206,0.231,0.335,-0.63,-42.017,-25.41,brushing
1.206,0.231,0.335,-10.167,-14.612,-14.77,brushing
1.279,0.414,0.355,-10.167,-14.612,-14.77,brushing
1.279,0.414,0.355,-20.107,-6.405,2.327,brushing
1.152,0.322,0.446,-20.107,-6.405,2.327,brushing
1.152,0.322,0.446,-22.19,0.665,23.485,brushing
1.071,0.338,0.55,-22.19,0.665,23.485,brushing
1.071,0.338,0.55,-17.115,4.322,42.455,brushing
0.947,0.245,0.579,-17.115,4.322,42.455,brushing
0.947,0.245,0.579,-9.625,-7.297,55.825,brushing
0.879,0.032,0.563,-9.625,-7.297,55.825,brushing
0.879,0.032,0.563,-1.82,-0.105,61.46,brushing
0.785,-0.229,0.601,-1.82,-0.105,61.46,brushing
0.785,-0.229,0.601,4.235,17.92,53.97,brushing
0.707,-0.435,0.619,4.235,17.92,53.97,brushing
0.62,-0.686,0.62,4.235,17.92,53.97,brushing
0.62,-0.686,0.62,8.347,38.115,33.635,brushing
0.564,-0.873,0.592,8.347,38.115,33.635,brushing
0.564,-0.873,0.592,10.605,74.952,3.535,brushing
0.645,-0.366,0.462,10.605,74.952,3.535,brushing
0.645,-0.366,0.462,9.87,120.032,-21.262,brushing
0.743,0.25,0.423,9.87,120.032,-21.262,brushing
0.743,0.25,0.423,2.257,120.12,-23.327,brushing
0.827,0.566,0.472,2.257,120.12,-23.327,brushing
0.827,0.566,0.472,-9.835,83.807,-9.555,brushing
0.873,0.505,0.525,-9.835,83.807,-9.555,brushing
0.873,0.505,0.525,-20.475,60.41,9.957,brushing
0.936,0.256,0.625,-20.475,60.41,9.957,brushing
0.936,0.256,0.625,-23.695,78.995,27.772,brushing
1.025,0.136,0.707,-23.695,78.995,27.772,brushing
1.025,0.136,0.707,-20.37,109.357,38.745,brushing
1.111,0.309,0.698,-20.37,109.357,38.745,brushing
1.111,0.309,0.698,-18.637,83.93,45.167,brushing
1.089,0.455,0.801,-18.637,83.93,45.167,brushing
0.981,0.487,0.953,-18.637,83.93,45.167,brushing
0.981,0.487,0.953,-14.752,11.532,53.392,brushing
0.889,0.236,0.984,-14.752,11.532,53.392,brushing
0.889,0.236,0.984,-1.277,-46.952,65.432,brushing
0.903,-0.085,0.753,-1.277,-46.952,65.432,brushing
0.903,-0.085,0.753,14.087,-70.91,67.97,brushing
0.937,-0.155,0.368,14.087,-70.91,67.97,brushing
0.937,-0.155,0.368,15.4,-65.117,65.065,brushing
0.951,-0.111,0.101,15.4,-65.117,65.065,brushing
0.951,-0.111,0.101,-0.245,-51.275,67.095,brushing
0.857,-0.378,0.072,-0.245,-51.275,67.095,brushing
0.857,-0.378,0.072,-20.055,-22.242,63.63,brushing
0.755,-0.722,0.201,-20.055,-22.242,63.63,brushing
0.755,-0.722,0.201,-30.012,60.672,49.472,brushing
0.737,-0.728,0.206,-30.012,60.672,49.472,brushing
0.737,-0.728,0.206,-38.92,159.005,29.995,brushing
0.729,-0.454,0.228,-38.92,159.005,29.995,brushing
0.729,-0.454,0.228,-50.697,195.562,12.022,brushing
0.692,-0.084,0.249,-50.697,195.562,12.022,brushing
0.647,0.046,0.296,-50.697,195.562,12.022,brushing
0.647,0.046,0.296,-61.285,202.212,2.852,brushing
0.558,0.037,0.542,-61.285,202.212,2.852,brushing
0.558,0.037,0.542,-65.502,165.112,-17.202,brushing
0.545,-0.061,0.631,-65.502,165.112,-17.202,brushing
0.545,-0.061,0.631,-56.42,106.662,-41.37,brushing
0.581,0.055,0.574,-56.42,106.662,-41.37,brushing
0.581,0.055,0.574,-36.82,143.535,-44.87,brushing
0.712,0.643,0.529,-36.82,143.535,-44.87,brushing
0.712,0.643,0.529,-19.932,160.16,-37.765,brushing
0.66,0.918,0.594,-19.932,160.16,-37.765,brushing
0.66,0.918,0.594,-11.112,46.095,-33.075,brushing
0.579,0.497,0.4,-11.112,46.095,-33.075,brushing
0.579,0.497,0.4,-10.955,-55.58,-34.825,brushing
0.632,0.141,0.364,-10.955,-55.58,-34.825,brushing
0.632,0.141,0.364,-8.347,-47.53,-31.675,brushing
0.607,0.159,0.54,-8.347,-47.53,-31.675,brushing
0.607,0.159,0.54,0.245,-40.127,-31.377,brushing
0.581,0.14,0.531,0.245,-40.127,-31.377,brushing
0.615,0.024,0.719,0.245,-40.127,-31.377,brushing
0.615,0.024,0.719,7.91,-60.007,-37.485,brushing
0.546,-0.41,0.632,7.91,-60.007,-37.485,brushing
0.546,-0.41,0.632,19.372,-71.627,-50.627,brushing
0.518,-0.281,0.915,19.372,-71.627,-50.627,brushing
0.518,-0.281,0.915,40.757,-5.722,-65.572,brushing
0.819,1.287,0.827,40.757,-5.722,-65.572,brushing
0.819,1.287,0.827,60.637,-48.947,-58.45,brushing
1.007,0.619,0.329,60.637,-48.947,-58.45,brushing
1.007,0.619,0.329,55.492,-148.26,-43.417,brushing
1.183,0.719,0.209,55.492,-148.26,-43.417,brushing
1.183,0.719,0.209,45.097,-145.53,-19.582,brushing
1.285,0.9,0.419,45.097,-145.53,-19.582,brushing
1.285,0.9,0.419,42.665,-125.282,20.527,brushing
1.244,0.638,0.523,42.665,-125.282,20.527,brushing
1.244,0.638,0.523,44.012,-117.617,54.127,brushing
1.254,0.348,0.491,44.012,-117.617,54.127,brushing
1.185,0.34,0.499,41.002,-109.287,81.83,brushing
0.961,-0.069,0.414,41.002,-109.287,81.83,brushing
0.961,-0.069,0.414,25.987,-111.475,99.697,brushing
0.691,-0.52,0.524,25.987,-111.475,99.697,brushing
0.691,-0.52,0.524,2.87,-83.3,100.555,brushing
0.317,-0.984,0.743,2.87,-83.3,100.555,brushing
0.317,-0.984,0.743,-10.097,-26.582,77.49,brushing
0.341,-0.929,0.726,-10.097,-26.582,77.49,brushing
0.341,-0.929,0.726,-14.612,15.522,31.57,brushing
0.376,-0.48,0.811,-14.612,15.522,31.57,brushing
0.376,-0.48,0.811,-12.005,5.075,-12.67,brushing
0.478,-0.175,0.76,-12.005,5.075,-12.67,brushing
0.478,-0.175,0.76,-4.497,-18.69,-38.29,brushing
0.524,-0.205,0.631,-4.497,-18.69,-38.29,brushing
0.524,-0.205,0.631,1.47,-32.147,-53.235,brushing
0.443,-0.395,0.744,1.47,-32.147,-53.235,brushing
0.443,-0.395,0.744,9.502,-27.527,-73.727,brushing
0.54,-0.413,0.526,9.502,-27.527,-73.727,brushing
0.878,0.028,0.439,9.502,-27.527,-73.727,brushing
0.878,0.028,0.439,15.295,35.472,-77.962,brushing
1.33,0.601,0.301,15.295,35.472,-77.962,brushing
1.33,0.601,0.301,12.215,76.895,-58.975,brushing
1.713,0.884,0.256,12.215,76.895,-58.975,brushing
1.713,0.884,0.256,2.94,99.575,-9.957,brushing
1.379,0.561,0.64,2.94,99.575,-9.957,brushing
1.379,0.561,0.64,-4.217,72.31,38.29,brushing
1.124,0.071,0.561,-4.217,72.31,38.29,brushing
1.124,0.071,0.561,-1.592,45.885,66.15,brushing
1.226,0.651,0.498,-1.592,45.885,66.15,brushing
1.226,0.651,0.498,-4.917,63.472,102.165,brushing
0.759,0.177,0.854,-4.917,63.472,102.165,brushing
0.759,0.177,0.854,-10.972,21.052,112.962,brushing
0.382,-0.64,0.813,-10.972,21.052,112.962,brushing
0.382,-0.64,0.813,0.21,60.252,85.732,brushing
0.367,-0.431,0.889,0.21,60.252,85.732,brushing
0.367,-0.431,0.889,13.247,92.715,46.585,brushing
0.118,-0.547,0.751,13.247,92.715,46.585,brushing
0.487,0.38,0.434,13.247,92.715,46.585,brushing
0.487,0.38,0.434,20.405,77.367,4.165,brushing
0.557,0.829,0.65,20.405,77.367,4.165,brushing
0.557,0.829,0.65,15.75,2.817,-2.957,brushing
0.491,-0.113,0.685,15.75,2.817,-2.957,brushing
0.491,-0.113,0.685,14.542,-76.597,-4.235,brushing
0.445,-0.679,0.656,14.542,-76.597,-4.235,brushing
0.445,-0.679,0.656,26.302,-25.812,-23.38,brushing
0.536,-0.806,0.448,26.302,-25.812,-23.38,brushing
0.536,-0.806,0.448,27.895,13.702,-60.532,brushing
0.977,-0.067,0.291,27.895,13.702,-60.532,brushing
0.977,-0.067,0.291,12.6,32.532,-73.972,brushing
1.47,0.624,0.27,12.6,32.532,-73.972,brushing
1.47,0.624,0.27,-13.247,21.892,-42.822,brushing
1.669,0.736,0.387,-13.247,21.892,-42.822,brushing
1.669,0.736,0.387,-31.692,40.565,18.112,brushing
1.156,0.344,0.889,-31.692,40.565,18.112,brushing
1.156,0.344,0.889,-35.017,7.665,49.56,brushing
1.1,0.142,0.656,-35.017,7.665,49.56,brushing
1.202,0.414,0.554,-35.017,7.665,49.56,brushing
1.202,0.414,0.554,-40.932,-7.367,74.585,brushing
0.702,-0.184,0.953,-40.932,-7.367,74.585,brushing
0.702,-0.184,0.953,-45.272,-29.715,91.542,brushing
0.676,-0.062,0.701,-45.272,-29.715,91.542,brushing
0.676,-0.062,0.701,-39.55,-48.807,82.407,brushing
0.629,0.048,0.824,-39.55,-48.807,82.407,brushing
0.629,0.048,0.824,-33.67,-49.612,75.617,brushing
0.211,-0.546,0.919,-33.67,-49.612,75.617,brushing
0.211,-0.546,0.919,-17.465,-60.532,38.552,brushing
0.069,-0.48,0.86,-17.465,-60.532,38.552,brushing
0.069,-0.48,0.86,4.602,-56.77,-13.002,brushing
0.419,0.22,0.587,4.602,-56.77,-13.002,brushing
0.419,0.22,0.587,14.945,-53.637,-29.032,brushing
0.506,0.513,0.599,14.945,-53.637,-29.032,brushing
0.506,0.513,0.599,18.987,-86.485,-31.92,brushing
0.433,0.097,0.629,18.987,-86.485,-31.92,brushing
0.433,0.097,0.629,26.88,-129.902,-49.455,brushing
0.357,-0.242,0.649,26.88,-129.902,-49.455,brushing
0.456,-0.59,0.535,26.88,-129.902,-49.455,brushing
0.456,-0.59,0.535,28,-177.362,-83.09,brushing
0.89,-0.705,0.381,28,-177.362,-83.09,brushing
0.89,-0.705,0.381,19.95,-150.885,-106.382,brushing
1.422,-0.067,0.284,19.95,-150.885,-106.382,brushing
1.422,-0.067,0.284,8.277,-70.087,-99.907,brushing
1.819,0.503,0.144,8.277,-70.087,-99.907,brushing
1.819,0.503,0.144,-6.317,-22.802,-54.845,brushing
1.685,0.736,0.202,-6.317,-22.802,-54.845,brushing
1.685,0.736,0.202,-21.175,-29.802,7.14,brushing
1.121,0.199,0.583,-21.175,-29.802,7.14,brushing
1.121,0.199,0.583,-26.95,-124.705,33.285,brushing
1.098,0.157,0.569,-26.95,-124.705,33.285,brushing
1.098,0.157,0.569,-14.157,-124.932,66.307,brushing
0.742,-0.141,0.858,-14.157,-124.932,66.307,brushing
0.742,-0.141,0.858,8.032,-110.057,68.687,brushing
0.504,-0.686,0.706,8.032,-110.057,68.687,brushing
0.593,-0.211,0.381,22.33,-87.57,51.957,brushing
0.176,-0.676,0.479,22.33,-87.57,51.957,brushing
0.176,-0.676,0.479,10.202,-115.08,17.64,brushing
0.065,-1.035,0.494,10.202,-115.08,17.64,brushing
0.065,-1.035,0.494,-3.587,-152.442,-51.082,brushing
0.444,0.135,0.555,-3.587,-152.442,-51.082,brushing
0.444,0.135,0.555,-6.265,-121.8,-83.51,brushing
0.496,0.434,0.787,-6.265,-121.8,-83.51,brushing
0.496,0.434,0.787,-12.442,-182.385,-85.645,brushing
0.431,-0.167,0.899,-12.442,-182.385,-85.645,brushing
0.431,-0.167,0.899,-6.965,-223.685,-87.64,brushing
0.604,-0.392,0.769,-6.965,-223.685,-87.64,brushing
0.604,-0.392,0.769,4.567,-203.455,-90.352,brushing
0.584,-0.874,0.599,4.567,-203.455,-90.352,brushing
0.584,-0.874,0.599,5.355,-152.302,-103.827,brushing
0.794,-0.683,0.309,5.355,-152.302,-103.827,brushing
0.794,-0.683,0.309,-1.732,-77.245,-98.315,brushing
1.042,-0.182,0.28,-1.732,-77.245,-98.315,brushing
1.281,0.019,0.354,-15.75,-52.972,-77.805,brushing
1.384,0.258,0.44,-15.75,-52.972,-77.805,brushing
1.384,0.258,0.44,-18.392,-10.15,-39.147,brushing
1.236,-0.142,0.52,-18.392,-10.15,-39.147,brushing
1.236,-0.142,0.52,-7.542,42.997,0.56,brushing
1.106,-0.273,0.424,-7.542,42.997,0.56,brushing
1.106,-0.273,0.424,4.917,75.407,16.765,brushing
1.037,-0.096,0.376,4.917,75.407,16.765,brushing
1.037,-0.096,0.376,8.225,63.49,26.197,brushing
0.962,-0.088,0.257,8.225,63.49,26.197,brushing
0.962,-0.088,0.257,1.452,58.485,39.777,brushing
0.8,-0.306,0.36,1.452,58.485,39.777,brushing
0.8,-0.306,0.36,-9.625,72.327,42.28,brushing
0.678,-0.312,0.505,-9.625,72.327,42.28,brushing
0.678,-0.312,0.505,-14.577,53.252,24.832,brushing
0.39,-0.764,0.818,-14.577,53.252,24.832,brushing
0.39,-0.764,0.818,-8.592,-10.395,-23.572,brushing
0.438,-0.552,0.842,-8.592,-10.395,-23.572,brushing
0.567,-0.056,0.794,-8.592,-10.395,-23.572,brushing
0.567,-0.056,0.794,1.05,-54.845,-57.68,brushing
0.579,-0.272,0.679,1.05,-54.845,-57.68,brushing
0.579,-0.272,0.679,10.027,-66.482,-68.792,brushing
0.578,-0.242,0.531,10.027,-66.482,-68.792,brushing
0.578,-0.242,0.531,20.685,-27.895,-76.422,brushing
0.693,0.02,0.489,20.685,-27.895,-76.422,brushing
0.693,0.02,0.489,26.372,-14.035,-78.155,brushing
0.801,0.087,0.246,26.372,-14.035,-78.155,brushing
0.801,0.087,0.246,19.145,-29.715,-64.732,brushing
0.948,-0.328,0.291,19.145,-29.715,-64.732,brushing
0.948,-0.328,0.291,12.897,-1.33,-48.265,brushing
1.266,-0.176,0.257,12.897,-1.33,-48.265,brushing
1.266,-0.176,0.257,10.85,65.117,-24.342,brushing
1.525,0.063,0.303,10.85,65.117,-24.342,brushing
1.525,0.063,0.303,7.525,88.725,6.527,brushing
1.495,-0.046,0.343,7.525,88.725,6.527,brushing
1.495,-0.046,0.343,11.357,81.882,31.325,brushing
1.168,-0.406,0.61,11.357,81.882,31.325,brushing
0.898,-0.702,0.707,11.357,81.882,31.325,brushing
0.898,-0.702,0.707,25.305,50.05,26.687,brushing
0.847,-0.506,0.558,25.305,50.05,26.687,brushing
0.847,-0.506,0.558,39.077,59.237,9.502,brushing
0.838,-0.167,0.35,39.077,59.237,9.502,brushing
0.838,-0.167,0.35,46.515,129.342,7.892,brushing
0.847,0.098,0.141,46.515,129.342,7.892,brushing
0.847,0.098,0.141,43.015,196.157,23.94,brushing
0.776,0.33,0.272,43.015,196.157,23.94,brushing
0.776,0.33,0.272,28.945,156.03,33.372,brushing
0.751,0.069,0.315,28.945,156.03,33.372,brushing
0.751,0.069,0.315,19.617,91.227,32.252,brushing
0.793,-0.278,0.365,19.617,91.227,32.252,brushing
0.793,-0.278,0.365,21.21,94.202,24.815,brushing
0.81,-0.44,0.313,21.21,94.202,24.815,brushing
0.81,-0.44,0.313,28.297,136.447,12.11,brushing
0.709,-0.536,0.403,28.297,136.447,12.11,brushing
0.709,-0.536,0.403,41.09,191.835,5.88,brushing
0.891,-0.117,0.167,41.09,191.835,5.88,brushing
1.248,0.295,-0.026,41.09,191.835,5.88,brushing
1.248,0.295,-0.026,43.33,208.32,18.637,brushing
1.374,0.439,-0.024,43.33,208.32,18.637,brushing
1.374,0.439,-0.024,32.935,168.84,38.622,brushing
1.247,0.292,0.231,32.935,168.84,38.622,brushing
1.247,0.292,0.231,22.54,113.872,44.765,brushing
1.108,0.134,0.184,22.54,113.872,44.765,brushing
1.108,0.134,0.184,16.695,124.372,46.865,brushing
1.072,0.427,0.149,16.695,124.372,46.865,brushing
1.072,0.427,0.149,1.12,175.297,58.782,brushing
0.986,0.685,0.276,1.12,175.297,58.782,brushing
0.986,0.685,0.276,-18.672,142.467,67.112,brushing
0.78,0.379,0.6,-18.672,142.467,67.112,brushing
0.78,0.379,0.6,-23.327,69.142,58.52,brushing
0.622,-0.032,0.707,-23.327,69.142,58.52,brushing
0.622,-0.032,0.707,-11.41,53.97,39.532,brushing
0.522,-0.086,0.847,-11.41,53.97,39.532,brushing
0.522,-0.086,0.847,4.095,51.87,14.385,brushing
0.411,-0.055,0.898,4.095,51.87,14.385,brushing
0.398,-0.09,0.754,4.095,51.87,14.385,brushing
0.398,-0.09,0.754,21.297,26.705,-17.762,brushing
0.653,0.305,0.583,21.297,26.705,-17.762,brushing
0.653,0.305,0.583,32.795,20.562,-38.745,brushing
0.686,0.305,0.527,32.795,20.562,-38.745,brushing
0.686,0.305,0.527,35.822,-14.07,-48.597,brushing
0.724,-0.053,0.471,35.822,-14.07,-48.597,brushing
0.724,-0.053,0.471,36.032,-36.452,-58.52,brushing
0.769,-0.275,0.583,36.032,-36.452,-58.52,brushing
0.769,-0.275,0.583,37.38,-38.237,-75.915,brushing
1.165,-0.143,0.236,37.38,-38.237,-75.915,brushing
1.165,-0.143,0.236,29.61,-33.32,-85.435,brushing
1.7,0.29,-0.095,29.61,-33.32,-85.435,brushing
1.7,0.29,-0.095,6.212,18.235,-53.357,brushing
1.935,0.675,-0.182,6.212,18.235,-53.357,brushing
1.935,0.675,-0.182,-22.732,39.69,-0.402,brushing
1.489,0.58,0.329,-22.732,39.69,-0.402,brushing
1.195,0.145,0.355,-37.957,-15.557,30.992,brushing
1.28,0.579,0.286,-37.957,-15.557,30.992,brushing
1.28,0.579,0.286,-44.135,15.855,60.147,brushing
0.904,0.49,0.492,-44.135,15.855,60.147,brushing
0.904,0.49,0.492,-57.417,-10.062,79.87,brushing
0.456,-0.522,0.727,-57.417,-10.062,79.87,brushing
0.456,-0.522,0.727,-58.03,-77.385,57.4,brushing
0.404,-0.491,0.801,-58.03,-77.385,57.4,brushing
0.404,-0.491,0.801,-37.905,-34.685,21.927,brushing
0.226,-0.404,0.807,-37.905,-34.685,21.927,brushing
0.226,-0.404,0.807,-15.295,-12.162,-20.3,brushing
0.445,0.192,0.498,-15.295,-12.162,-20.3,brushing
0.445,0.192,0.498,-4.532,-1.032,-38.797,brushing
0.606,0.651,0.461,-4.532,-1.032,-38.797,brushing
0.606,0.651,0.461,-3.745,-38.167,-37.152,brushing
0.55,0.262,0.473,-3.745,-38.167,-37.152,brushing
0.55,0.262,0.473,0.927,-78.54,-43.995,brushing
0.5,-0.231,0.525,0.927,-78.54,-43.995,brushing
0.585,-0.648,0.481,11.147,-89.372,-71.155,brushing
1.172,-0.398,0.064,11.147,-89.372,-71.155,brushing
1.172,-0.398,0.064,18.305,-62.527,-101.027,brushing
1.602,0.309,-0.34,18.305,-62.527,-101.027,brushing
1.602,0.309,-0.34,15.47,24.272,-90.982,brushing
1.838,1.059,-0.446,15.47,24.272,-90.982,brushing
1.838,1.059,-0.446,-12.652,64.855,-35.437,brushing
1.273,0.555,0.168,-12.652,64.855,-35.437,brushing
1.273,0.555,0.168,-41.79,3.307,9.625,brushing
0.974,-0.012,0.328,-41.79,3.307,9.625,brushing
0.974,-0.012,0.328,-45.955,4.97,30.887,brushing
1.103,0.368,0.428,-45.955,4.97,30.887,brushing
1.103,0.368,0.428,-44.38,45.01,54.512,brushing
0.847,0.303,0.672,-44.38,45.01,54.512,brushing
0.847,0.303,0.672,-41.037,-13.177,52.115,brushing
0.658,0.071,0.742,-41.037,-13.177,52.115,brushing
0.658,0.071,0.742,-34.877,-79.135,28.332,brushing
0.499,-0.27,0.807,-34.877,-79.135,28.332,brushing
0.432,-0.32,0.782,-34.877,-79.135,28.332,brushing
0.432,-0.32,0.782,-23.642,-80.675,-2.415,brushing
0.495,0.027,0.647,-23.642,-80.675,-2.415,brushing
0.495,0.027,0.647,-14.332,-57.505,-30.415,brushing
0.635,0.478,0.626,-14.332,-57.505,-30.415,brushing
0.635,0.478,0.626,-14.332,-70.857,-43.592,brushing
0.689,0.403,0.634,-14.332,-70.857,-43.592,brushing
0.689,0.403,0.634,-17.937,-141.05,-50.207,brushing
0.73,0.067,0.556,-17.937,-141.05,-50.207,brushing
0.73,0.067,0.556,-21.21,-193.567,-58.642,brushing
0.798,-0.167,0.453,-21.21,-193.567,-58.642,brushing
0.798,-0.167,0.453,-28.892,-192.552,-63.14,brushing
0.916,-0.356,0.379,-28.892,-192.552,-63.14,brushing
0.916,-0.356,0.379,-41.16,-143.605,-60.147,brushing
1.068,-0.434,0.345,-41.16,-143.605,-60.147,brushing
1.068,-0.434,0.345,-51.712,-72.502,-52.762,brushing
1.419,-0.177,0.259,-51.712,-72.502,-52.762,brushing
1.419,-0.177,0.259,-56.07,14.49,-23.152,brushing
1.602,0.481,0.348,-56.07,14.49,-23.152,brushing
1.235,0.483,0.621,-56.07,14.49,-23.152,brushing
1.235,0.483,0.621,-56.665,39.287,24.08,brushing
0.948,0.115,0.635,-56.665,39.287,24.08,brushing
0.948,0.115,0.635,-47.897,14.227,54.915,brushing
0.872,0.322,0.624,-47.897,14.227,54.915,brushing
0.872,0.322,0.624,-33.18,36.12,80.465,brushing
0.724,0.207,0.643,-33.18,36.12,80.465,brushing
0.724,0.207,0.643,-28.14,40.705,96.407,brushing
0.379,-0.32,0.676,-28.14,40.705,96.407,brushing
0.379,-0.32,0.676,-29.05,26.267,78.715,brushing
0.167,-0.498,0.746,-29.05,26.267,78.715,brushing
0.167,-0.498,0.746,-24.132,23.835,33.32,brushing
0.344,0.064,0.873,-24.132,23.835,33.32,brushing
0.344,0.064,0.873,-16.642,0.087,3.762,brushing
0.464,0.494,0.836,-16.642,0.087,3.762,brushing
0.464,0.494,0.836,-8.732,-35.122,0.227,brushing
0.427,0.337,0.924,-8.732,-35.122,0.227,brushing
0.427,0.337,0.924,0.192,-85.977,-7.332,brushing
0.464,0.013,0.898,0.192,-85.977,-7.332,brushing
0.596,-0.183,0.749,0.192,-85.977,-7.332,brushing
0.596,-0.183,0.749,5.232,-118.177,-25.252,brushing
0.626,-0.273,0.667,5.232,-118.177,-25.252,brushing
0.626,-0.273,0.667,5.897,-88.427,-35.402,brushing
0.788,-0.194,0.534,5.897,-88.427,-35.402,brushing
0.788,-0.194,0.534,-2.52,-54.127,-38.5,brushing
1.02,-0.005,0.511,-2.52,-54.127,-38.5,brushing
1.02,-0.005,0.511,-13.912,-24.027,-28.122,brushing
1.285,0.208,0.526,-13.912,-24.027,-28.122,brushing
1.285,0.208,0.526,-16.135,11.515,-4.2,brushing
1.122,0.273,0.684,-16.135,11.515,-4.2,brushing
1.122,0.273,0.684,-10.22,13.282,20.667,brushing
0.893,0.041,0.763,-10.22,13.282,20.667,brushing
0.893,0.041,0.763,2.485,2.835,35.21,brushing
0.806,0.17,0.754,2.485,2.835,35.21,brushing
0.806,0.17,0.754,14.087,-1.277,51.152,brushing
0.741,0.217,0.644,14.087,-1.277,51.152,brushing
0.586,0.104,0.606,15.767,-0.542,65.59,brushing
0.408,-0.27,0.686,15.767,-0.542,65.59,brushing
0.408,-0.27,0.686,8.855,-24.36,57.015,brushing
0.249,-0.697,0.822,8.855,-24.36,57.015,brushing
0.249,-0.697,0.822,4.462,-57.82,20.772,brushing
0.458,-0.375,0.833,4.462,-57.82,20.772,brushing
0.458,-0.375,0.833,4.392,-71.942,-15.575,brushing
0.583,0.077,0.867,4.392,-71.942,-15.575,brushing
0.583,0.077,0.867,6.387,-100.467,-26.617,brushing
0.58,-0.101,0.967,6.387,-100.467,-26.617,brushing
0.58,-0.101,0.967,11.025,-136.675,-28.122,brushing
0.55,-0.293,0.91,11.025,-136.675,-28.122,brushing
0.55,-0.293,0.91,21.787,-138.915,-30.117,brushing
0.494,-0.462,0.845,21.787,-138.915,-30.117,brushing
0.494,-0.462,0.845,27.895,-148.417,-39.235,brushing
0.483,-0.439,0.718,27.895,-148.417,-39.235,brushing
0.483,-0.439,0.718,26.845,-173.53,-50.207,brushing
0.534,-0.34,0.657,26.845,-173.53,-50.207,brushing
0.514,-0.426,0.595,23.152,-183.452,-54.11,brushing
0.615,-0.555,0.549,23.152,-183.452,-54.11,brushing
0.615,-0.555,0.549,19.88,-146.562,-54.355,brushing
0.728,-0.345,0.519,19.88,-146.562,-54.355,brushing
0.728,-0.345,0.519,15.61,-96.39,-51.695,brushing
0.985,-0.234,0.489,15.61,-96.39,-51.695,brushing
0.985,-0.234,0.489,4.357,-85.417,-50.085,brushing
1.251,-0.035,0.53,4.357,-85.417,-50.085,brushing
1.251,-0.035,0.53,-9.415,-72.625,-48.597,brushing
1.297,0.219,0.573,-9.415,-72.625,-48.597,brushing
1.297,0.219,0.573,-14.262,-50.4,-34.125,brushing
1.199,0.226,0.573,-14.262,-50.4,-34.125,brushing
1.199,0.226,0.573,-4.112,-18.9,-5.652,brushing
1.069,-0.022,0.57,-4.112,-18.9,-5.652,brushing
1.069,-0.022,0.57,6.16,-0.595,15.4,brushing
0.947,-0.175,0.542,6.16,-0.595,15.4,brushing
0.947,-0.175,0.542,9.905,-11.777,21.367,brushing
0.852,-0.331,0.485,9.905,-11.777,21.367,brushing
0.787,-0.395,0.449,9.905,-11.777,21.367,brushing
0.787,-0.395,0.449,7.49,-24.605,17.762,brushing
0.774,-0.246,0.461,7.49,-24.605,17.762,brushing
0.774,-0.246,0.461,-0.63,-33.81,10.29,brushing
0.721,-0.248,0.402,-0.63,-33.81,10.29,brushing
0.721,-0.248,0.402,-3.815,-39.707,10.605,brushing
0.699,-0.27,0.393,-3.815,-39.707,10.605,brushing
0.699,-0.27,0.393,-3.202,-17.272,17.027,brushing
0.709,-0.265,0.454,-3.202,-17.272,17.027,brushing
0.709,-0.265,0.454,-1.522,-0.472,20.422,brushing
0.722,-0.425,0.421,-1.522,-0.472,20.422,brushing
0.722,-0.425,0.421,-7.612,-14.735,10.745,brushing
0.734,-0.531,0.425,-7.612,-14.735,10.745,brushing
0.734,-0.531,0.425,-11.865,-14.262,-0.595,brushing
0.739,-0.509,0.458,-11.865,-14.262,-0.595,brushing
0.739,-0.509,0.458,-14.245,-5.547,-9.852,brushing
0.735,-0.526,0.532,-14.245,-5.547,-9.852,brushing
0.735,-0.526,0.532,-13.982,19.162,-13.545,brushing
0.76,-0.473,0.601,-13.982,19.162,-13.545,brushing
0.809,-0.302,0.61,-13.982,19.162,-13.545,brushing
0.809,-0.302,0.61,-10.377,59.062,-10.36,brushing
0.782,-0.34,0.669,-10.377,59.062,-10.36,brushing
0.782,-0.34,0.669,-8.225,81.725,-2.17,brushing
0.753,-0.314,0.694,-8.225,81.725,-2.17,brushing
0.753,-0.314,0.694,-2.852,100.432,6.405,brushing
0.775,-0.257,0.791,-2.852,100.432,6.405,brushing
0.775,-0.257,0.791,0.857,96.407,13.195,brushing
0.773,-0.326,0.806,0.857,96.407,13.195,brushing
0.773,-0.326,0.806,1.662,79.047,13.177,brushing
0.836,-0.402,0.6,1.662,79.047,13.177,brushing
0.836,-0.402,0.6,-2.065,87.902,12.565,brushing
0.84,-0.389,0.556,-2.065,87.902,12.565,brushing
0.84,-0.389,0.556,-8.207,111.3,17.535,brushing
0.8,-0.284,0.689,-8.207,111.3,17.535,brushing
0.8,-0.284,0.689,-9.432,127.365,23.222,brushing
0.804,-0.111,0.801,-9.432,127.365,23.222,brushing
0.804,-0.111,0.801,-9.047,110.215,26.127,brushing
0.818,-0.068,0.758,-9.047,110.215,26.127,brushing
0.847,0.012,0.691,-9.047,110.215,26.127,brushing
0.847,0.012,0.691,-10.587,84.297,29.575,brushing
0.859,0.043,0.706,-10.587,84.297,29.575,brushing
0.859,0.043,0.706,-15.05,53.357,36.312,brushing
0.875,-0.033,0.74,-15.05,53.357,36.312,brushing
0.875,-0.033,0.74,-18.725,17.447,42.647,brushing
0.883,-0.185,0.725,-18.725,17.447,42.647,brushing
0.883,-0.185,0.725,-19.46,-3.692,47.022,brushing
0.868,-0.237,0.74,-19.46,-3.692,47.022,brushing
0.868,-0.237,0.74,-17.92,-5.652,48.492,brushing
0.858,-0.187,0.742,-17.92,-5.652,48.492,brushing
0.858,-0.187,0.742,-16.292,-6.23,50.767,brushing
0.865,-0.178,0.673,-16.292,-6.23,50.767,brushing
0.865,-0.178,0.673,-17.237,-10.762,51.502,brushing
0.842,-0.155,0.641,-17.237,-10.762,51.502,brushing
0.842,-0.155,0.641,-20.3,-8.487,58.187,brushing
0.779,-0.198,0.642,-20.3,-8.487,58.187,brushing
0.779,-0.198,0.642,-23.555,6.947,65.065,brushing
0.749,-0.263,0.646,-23.555,6.947,65.065,brushing
0.71,-0.303,0.667,-23.555,6.947,65.065,brushing
0.71,-0.303,0.667,-24.657,35.647,69.352,brushing
0.676,-0.411,0.682,-24.657,35.647,69.352,brushing
0.676,-0.411,0.682,-24.64,63.595,70.367,brushing
0.671,-0.465,0.604,-24.64,63.595,70.367,brushing
0.671,-0.465,0.604,-24.307,100.607,65.502,brushing
0.688,-0.473,0.525,-24.307,100.607,65.502,brushing
0.688,-0.473,0.525,-26.81,153.965,61.88,brushing
0.656,-0.514,0.551,-26.81,153.965,61.88,brushing
0.656,-0.514,0.551,-29.19,203.612,54.897,brushing
0.591,-0.596,0.532,-29.19,203.612,54.897,brushing
0.591,-0.596,0.532,-31.255,237.09,36.89,brushing
0.561,-0.433,0.495,-31.255,237.09,36.89,brushing
0.561,-0.433,0.495,-31.675,266.63,21.735,brushing
0.503,-0.24,0.484,-31.675,266.63,21.735,brushing
0.503,-0.24,0.484,-34.09,264.635,5.477,brushing
0.485,-0.076,0.296,-34.09,264.635,5.477,brushing
0.473,0.234,0.275,-44.765,230.492,-15.767,brushing
0.462,0.654,0.369,-44.765,230.492,-15.767,brushing
0.462,0.654,0.369,-59.622,168.227,-28.455,brushing
0.522,0.797,0.608,-59.622,168.227,-28.455,brushing
0.522,0.797,0.608,-72.047,63.402,-33.232,brushing
0.428,0.75,0.857,-72.047,63.402,-33.232,brushing
0.428,0.75,0.857,-74.655,-35.157,-27.737,brushing
0.353,0.662,1.225,-74.655,-35.157,-27.737,brushing
0.353,0.662,1.225,-62.527,-126.595,-20.51,brushing
0.213,0.434,1.33,-62.527,-126.595,-20.51,brushing
0.213,0.434,1.33,-40.687,-226.415,-22.82,brushing
0.282,0.16,1.199,-40.687,-226.415,-22.82,brushing
0.282,0.16,1.199,-21.455,-279.475,-27.58,brushing
0.366,-0.042,1.127,-21.455,-279.475,-27.58,brushing
0.366,-0.042,1.127,-8.12,-286.282,-30.17,brushing
0.283,-0.081,1.056,-8.12,-286.282,-30.17,brushing
0.283,-0.081,1.056,-0.945,-293.947,-34.037,brushing
0.439,-0.273,0.98,-0.945,-293.947,-34.037,brushing
0.61,-0.386,0.913,-0.945,-293.947,-34.037,brushing
0.61,-0.386,0.913,4.655,-228.637,-21.927,brushing
0.711,-0.146,0.768,4.655,-228.637,-21.927,brushing
0.711,-0.146,0.768,6.93,-150.08,-4.777,brushing
0.873,-0.085,0.524,6.93,-150.08,-4.777,brushing
0.873,-0.085,0.524,-3.08,-159.162,8.505,brushing
0.926,-0.387,0.416,-3.08,-159.162,8.505,brushing
0.926,-0.387,0.416,-18.042,-165.27,27.107,brushing
0.894,-0.635,0.435,-18.042,-165.27,27.107,brushing
0.894,-0.635,0.435,-26.845,-99.26,50.995,brushing
0.841,-0.655,0.569,-26.845,-99.26,50.995,brushing
0.841,-0.655,0.569,-24.71,-3.71,73.78,brushing
0.824,-0.385,0.563,-24.71,-3.71,73.78,brushing
0.824,-0.385,0.563,-20.125,46.48,92.732,brushing
0.719,-0.005,0.61,-20.125,46.48,92.732,brushing
0.719,-0.005,0.61,-25.252,-5.18,101.815,brushing
0.412,-0.159,0.573,-25.252,-5.18,101.815,brushing
0.412,-0.159,0.573,-30.59,-59.972,99.067,brushing
0.196,-0.448,0.704,-30.59,-59.972,99.067,brushing
0.042,-0.594,0.732,-30.59,-59.972,99.067,brushing
0.042,-0.594,0.732,-24.727,-12.46,102.637,brushing
-0.116,-0.61,0.691,-24.727,-12.46,102.637,brushing
-0.116,-0.61,0.691,-22.522,31.657,89.845,brushing
-0.295,-0.647,0.775,-22.522,31.657,89.845,brushing
-0.295,-0.647,0.775,-25.935,6.23,54.022,brushing
-0.1,-0.48,0.887,-25.935,6.23,54.022,brushing
-0.1,-0.48,0.887,-23.45,-26.635,20.405,brushing
-0.079,-0.309,0.923,-23.45,-26.635,20.405,brushing
-0.079,-0.309,0.923,-18.865,-58.992,-1.05,brushing
0.041,-0.412,0.782,-18.865,-58.992,-1.05,brushing
0.041,-0.412,0.782,-18.795,-72.082,-11.567,brushing
0.052,-0.396,0.973,-18.795,-72.082,-11.567,brushing
0.052,-0.396,0.973,-14.63,-60.34,-14.84,brushing
0.155,-0.452,1.041,-14.63,-60.34,-14.84,brushing
0.155,-0.452,1.041,-4.76,-49.262,-14.28,brushing
0.244,-0.43,1.152,-4.76,-49.262,-14.28,brushing
0.244,-0.43,1.152,6.3,-60.777,-10.5,brushing
0.43,-0.545,0.908,6.3,-60.777,-10.5,brushing
0.593,-0.741,0.751,6.3,-60.777,-10.5,brushing
0.593,-0.741,0.751,9.135,-70.892,-5.127,brushing
0.749,-0.837,0.596,9.135,-70.892,-5.127,brushing
0.749,-0.837,0.596,8.75,-45.062,3.447,brushing
0.71,-0.8,0.495,8.75,-45.062,3.447,brushing
0.71,-0.8,0.495,6.527,-11.27,15.26,brushing
0.632,-0.833,0.436,6.527,-11.27,15.26,brushing
0.632,-0.833,0.436,3.57,18.795,25.042,brushing
0.526,-0.627,0.552,3.57,18.795,25.042,brushing
0.526,-0.627,0.552,3.132,45.517,34.51,brushing
0.342,-0.624,0.554,3.132,45.517,34.51,brushing
0.342,-0.624,0.554,2.047,44.59,34.3,brushing
0.27,-0.434,0.679,2.047,44.59,34.3,brushing
0.27,-0.434,0.679,-1.102,46.602,34.667,brushing
0.168,-0.288,0.729,-1.102,46.602,34.667,brushing
0.168,-0.288,0.729,-8.662,25.41,34.002,brushing
0.004,-0.368,0.836,-8.662,25.41,34.002,brushing
0.004,-0.368,0.836,-14.665,-6.265,23.467,brushing
-0.199,-0.433,1.016,-14.665,-6.265,23.467,brushing
-0.157,-0.455,1.079,-14.665,-6.265,23.467,brushing
-0.157,-0.455,1.079,-12.967,-51.187,1.82,brushing
-0.002,-0.214,1.203,-12.967,-51.187,1.82,brushing
-0.002,-0.214,1.203,-5.967,-79.817,-13.807,brushing
0.033,-0.352,0.97,-5.967,-79.817,-13.807,brushing
0.033,-0.352,0.97,-3.29,-130.847,-25.305,brushing
0.157,-0.449,0.841,-3.29,-130.847,-25.305,brushing
0.157,-0.449,0.841,-7.612,-149.047,-28.227,brushing
0.186,-0.515,0.853,-7.612,-149.047,-28.227,brushing
0.186,-0.515,0.853,-8.382,-147.28,-24.92,brushing
0.349,-0.819,0.753,-8.382,-147.28,-24.92,brushing
0.349,-0.819,0.753,-8.47,-116.427,-19.617,brushing
0.483,-0.869,0.545,-8.47,-116.427,-19.617,brushing
0.483,-0.869,0.545,-13.702,-83.142,-15.312,brushing
0.594,-0.959,0.39,-13.702,-83.142,-15.312,brushing
0.594,-0.959,0.39,-19.95,-42.7,-6.335,brushing
0.708,-0.947,0.338,-19.95,-42.7,-6.335,brushing
0.624,-0.914,0.4,-20.79,0.367,8.732,brushing
0.521,-0.939,0.435,-20.79,0.367,8.732,brushing
0.521,-0.939,0.435,-12.897,36.925,22.435,brushing
0.403,-0.722,0.5,-12.897,36.925,22.435,brushing
0.403,-0.722,0.5,0.805,76.51,32.41,brushing
0.26,-0.605,0.533,0.805,76.51,32.41,brushing
0.26,-0.605,0.533,9.485,70.105,34.387,brushing
0.254,-0.532,0.528,9.485,70.105,34.387,brushing
0.254,-0.532,0.528,10.307,65.59,36.225,brushing
0.105,-0.452,0.55,10.307,65.59,36.225,brushing
0.105,-0.452,0.55,4.025,54.162,35.595,brushing
-0.061,-0.568,0.627,4.025,54.162,35.595,brushing
-0.061,-0.568,0.627,-4.987,38.482,22.067,brushing
-0.233,-0.494,0.97,-4.987,38.482,22.067,brushing
-0.233,-0.494,0.97,-11.112,0.192,-3.972,brushing
-0.331,-0.626,0.928,-11.112,0.192,-3.972,brushing
-0.331,-0.626,0.928,-15.855,-20.405,-30.485,brushing
-0.063,-0.268,1.155,-15.855,-20.405,-30.485,brushing
-0.07,-0.065,1.176,-14.665,-48.405,-40.652,brushing
0.141,-0.346,0.9,-14.665,-48.405,-40.652,brushing
0.141,-0.346,0.9,-18.025,-123.217,-45.115,brushing
0.155,-0.699,0.874,-18.025,-123.217,-45.115,brushing
0.155,-0.699,0.874,-24.71,-150.36,-42.437,brushing
0.296,-1.161,0.672,-24.71,-150.36,-42.437,brushing
0.296,-1.161,0.672,-29.277,-130.69,-40.88,brushing
0.509,-1.037,0.687,-29.277,-130.69,-40.88,brushing
0.509,-1.037,0.687,-28.542,-68.442,-37.537,brushing
0.628,-0.881,0.434,-28.542,-68.442,-37.537,brushing
0.628,-0.881,0.434,-30.397,-51.1,-24.937,brushing
0.717,-0.964,0.38,-30.397,-51.1,-24.937,brushing
0.717,-0.964,0.38,-26.582,-14.857,-0.98,brushing
0.741,-0.955,0.376,-26.582,-14.857,-0.98,brushing
0.741,-0.955,0.376,-14.875,28.262,22.925,brushing
0.538,-0.939,0.363,-14.875,28.262,22.925,brushing
0.538,-0.939,0.363,-0.087,65.677,37.1,brushing
0.433,-0.806,0.49,-0.087,65.677,37.1,brushing
0.274,-0.669,0.508,-0.087,65.677,37.1,brushing
0.274,-0.669,0.508,14.332,87.08,44.537,brushing
0.139,-0.503,0.583,14.332,87.08,44.537,brushing
0.139,-0.503,0.583,21.892,71.12,45.57,brushing
0.073,-0.611,0.497,21.892,71.12,45.57,brushing
0.073,-0.611,0.497,19.11,40.25,39.235,brushing
-0.03,-0.669,0.548,19.11,40.25,39.235,brushing
-0.03,-0.669,0.548,11.375,36.452,29.89,brushing
-0.214,-0.693,0.672,11.375,36.452,29.89,brushing
-0.214,-0.693,0.672,1.102,28.105,10.36,brushing
-0.298,-0.563,0.848,1.102,28.105,10.36,brushing
-0.298,-0.563,0.848,-8.61,2.362,-13.842,brushing
-0.137,-0.423,1.049,-8.61,2.362,-13.842,brushing
-0.137,-0.423,1.049,-9.712,-10.255,-25.865,brushing
-0.1,-0.124,1.204,-9.712,-10.255,-25.865,brushing
-0.1,-0.124,1.204,-5.197,-63.315,-30.625,brushing
0.016,-0.365,0.987,-5.197,-63.315,-30.625,brushing
0.016,-0.365,0.987,-7.122,-111.737,-31.587,brushing
0.134,-0.504,0.927,-7.122,-111.737,-31.587,brushing
0.194,-0.723,0.912,-7.122,-111.737,-31.587,brushing
0.194,-0.723,0.912,-7.105,-137.655,-28.63,brushing
0.289,-0.939,0.754,-7.105,-137.655,-28.63,brushing
0.289,-0.939,0.754,-2.065,-137.76,-25.182,brushing
0.369,-1.106,0.506,-2.065,-137.76,-25.182,brushing
0.369,-1.106,0.506,-0.315,-111.02,-21.332,brushing
0.458,-1.011,0.383,-0.315,-111.02,-21.332,brushing
0.458,-1.011,0.383,-0.857,-72.66,-15.54,brushing
0.505,-1.038,0.266,-0.857,-72.66,-15.54,brushing
0.505,-1.038,0.266,1.295,-39.41,-4.567,brushing
0.579,-1.084,0.154,1.295,-39.41,-4.567,brushing
0.579,-1.084,0.154,7.857,11.095,8.137,brushing
0.517,-1.081,0.173,7.857,11.095,8.137,brushing
0.517,-1.081,0.173,18.077,65.275,17.85,brushing
0.546,-1.018,0.171,18.077,65.275,17.85,brushing
0.546,-1.018,0.171,25.672,122.412,26.337,brushing
0.4,-0.842,0.349,25.672,122.412,26.337,brushing
0.4,-0.842,0.349,25.462,144.602,31.92,brushing
0.198,-0.85,0.309,25.462,144.602,31.92,brushing
0.07,-0.776,0.524,25.462,144.602,31.92,brushing
0.07,-0.776,0.524,16.152,142.852,24.255,brushing
-0.04,-0.575,0.783,16.152,142.852,24.255,brushing
-0.04,-0.575,0.783,10.36,132.86,12.722,brushing
-0.087,-0.376,0.941,10.36,132.86,12.722,brushing
-0.087,-0.376,0.941,10.937,125.702,4.935,brushing
-0.104,-0.152,0.976,10.937,125.702,4.935,brushing
-0.104,-0.152,0.976,10.097,95.13,-1.312,brushing
-0.139,-0.095,1.011,10.097,95.13,-1.312,brushing
-0.139,-0.095,1.011,2.222,25.497,-13.825,brushing
-0.086,-0.239,1.041,2.222,25.497,-13.825,brushing
-0.086,-0.239,1.041,-3.605,-35.857,-28.245,brushing
0.039,-0.182,1.176,-3.605,-35.857,-28.245,brushing
0.039,-0.182,1.176,-0.857,-75.827,-32.497,brushing
0.074,-0.288,1.105,-0.857,-75.827,-32.497,brushing
0.074,-0.288,1.105,-1.522,-139.65,-35.122,brushing
0.144,-0.522,0.844,-1.522,-139.65,-35.122,brushing
0.144,-0.522,0.844,-10.22,-176.19,-36.19,brushing
0.244,-0.79,0.76,-10.22,-176.19,-36.19,brushing
0.224,-1.052,0.564,-10.22,-176.19,-36.19,brushing
0.224,-1.052,0.564,-18.025,-168.367,-36.137,brushing
0.408,-1.052,0.547,-18.025,-168.367,-36.137,brushing
0.408,-1.052,0.547,-19.827,-100.187,-34.352,brushing
0.476,-0.804,0.335,-19.827,-100.187,-34.352,brushing
0.476,-0.804,0.335,-20.212,-58.887,-27.912,brushing
0.571,-0.884,0.239,-20.212,-58.887,-27.912,brushing
0.571,-0.884,0.239,-22.33,-48.895,-15.995,brushing
0.628,-0.986,0.205,-22.33,-48.895,-15.995,brushing
0.628,-0.986,0.205,-16.905,-10.745,2.047,brushing
0.633,-0.993,0.18,-16.905,-10.745,2.047,brushing
0.633,-0.993,0.18,-6.65,44.275,17.307,brushing
0.489,-0.9,0.163,-6.65,44.275,17.307,brushing
0.489,-0.9,0.163,0.962,85.592,29.942,brushing
0.467,-0.75,0.192,0.962,85.592,29.942,brushing
0.467,-0.75,0.192,4.182,111.597,41.457,brushing
0.301,-0.539,0.437,4.182,111.597,41.457,brushing
0.217,-0.685,0.456,4.515,91.175,42.665,brushing
0.106,-0.513,0.726,4.515,91.175,42.665,brushing
0.106,-0.513,0.726,4.83,89.67,41.982,brushing
-0.053,-0.646,0.807,4.83,89.67,41.982,brushing
-0.053,-0.646,0.807,5.967,61.845,34.125,brushing
-0.095,-0.649,0.944,5.967,61.845,34.125,brushing
-0.095,-0.649,0.944,7.647,42.997,20.72,brushing
-0.171,-0.565,1.087,7.647,42.997,20.72,brushing
-0.171,-0.565,1.087,6.86,8.732,2.835,brushing
-0.148,-0.554,1.068,6.86,8.732,2.835,brushing
-0.148,-0.554,1.068,4.602,-23.432,-13.685,brushing
-0.014,-0.256,1.196,4.602,-23.432,-13.685,brushing
-0.014,-0.256,1.196,6.807,-69.877,-20.37,brushing
-0.033,-0.169,1.153,6.807,-69.877,-20.37,brushing
-0.033,-0.169,1.153,4.462,-185.762,-26.95,brushing
0.036,-0.675,0.948,4.462,-185.762,-26.95,brushing
0.036,-0.675,0.948,6.317,-225.242,-31.5,brushing
0.104,-1.17,0.924,6.317,-225.242,-31.5,brushing
0.242,-1.189,0.695,6.317,-225.242,-31.5,brushing
0.242,-1.189,0.695,19.285,-168.892,-36.732,brushing
0.394,-0.846,0.519,19.285,-168.892,-36.732,brushing
0.394,-0.846,0.519,31.01,-97.527,-37.17,brushing
0.568,-0.71,0.243,31.01,-97.527,-37.17,brushing
0.568,-0.71,0.243,30.222,-83.02,-24.675,brushing
0.657,-0.757,0.148,30.222,-83.02,-24.675,brushing
0.657,-0.757,0.148,23.835,-64.925,-4.55,brushing
0.62,-0.895,0.197,23.835,-64.925,-4.55,brushing
0.62,-0.895,0.197,25.147,-8.347,18.725,brushing
0.487,-1.044,0.156,25.147,-8.347,18.725,brushing
0.487,-1.044,0.156,30.485,57.522,30.73,brushing
0.437,-0.979,0.174,30.485,57.522,30.73,brushing
0.437,-0.979,0.174,35.945,117.442,35.91,brushing
0.332,-0.731,0.316,35.945,117.442,35.91,brushing
0.332,-0.731,0.316,37.73,128.94,37.695,brushing
0.18,-0.728,0.373,37.73,128.94,37.695,brushing
0.18,-0.728,0.373,31.5,105.507,27.177,brushing
0.126,-1.003,0.441,31.5,105.507,27.177,brushing
0.001,-0.8,0.763,31.5,105.507,27.177,brushing
0.001,-0.8,0.763,30.467,148.032,20.037,brushing
-0.147,-0.74,1.075,30.467,148.032,20.037,brushing
-0.147,-0.74,1.075,31.71,158.917,8.277,brushing
-0.219,-0.485,1.107,31.71,158.917,8.277,brushing
-0.219,-0.485,1.107,37.24,109.427,-12.95,brushing
0.058,-0.298,1.114,37.24,109.427,-12.95,brushing
0.058,-0.298,1.114,31.5,13.667,-35.175,brushing
0.102,-0.079,1.237,31.5,13.667,-35.175,brushing
0.102,-0.079,1.237,26.635,-70.612,-36.172,brushing
0.151,-0.523,0.866,26.635,-70.612,-36.172,brushing
0.151,-0.523,0.866,18.34,-112.42,-32.497,brushing
0.261,-0.671,0.774,18.34,-112.42,-32.497,brushing
0.261,-0.671,0.774,8.785,-84.787,-23.135,brushing
0.305,-0.708,0.612,8.785,-84.787,-23.135,brushing
0.305,-0.708,0.612,2.467,-46.865,-13.65,brushing
0.322,-0.615,0.566,2.467,-46.865,-13.65,brushing
0.322,-0.615,0.566,-2.642,-34.195,-7.752,brushing
0.368,-0.652,0.433,-2.642,-34.195,-7.752,brushing
0.437,-0.74,0.385,-2.642,-34.195,-7.752,brushing
0.437,-0.74,0.385,-5.32,-31.202,-2.555,brushing
0.533,-0.915,0.346,-5.32,-31.202,-2.555,brushing
0.533,-0.915,0.346,-2.292,-1.96,7.647,brushing
0.575,-0.921,0.328,-2.292,-1.96,7.647,brushing
0.575,-0.921,0.328,7.612,50.452,19.582,brushing
0.554,-0.963,0.278,7.612,50.452,19.582,brushing
0.554,-0.963,0.278,16.905,80.902,28.087,brushing
0.522,-0.96,0.242,16.905,80.902,28.087,brushing
0.522,-0.96,0.242,20.247,106.627,31.57,brushing
0.419,-0.786,0.324,20.247,106.627,31.57,brushing
0.419,-0.786,0.324,18.427,110.705,29.977,brushing
0.382,-0.74,0.385,18.427,110.705,29.977,brushing
0.382,-0.74,0.385,12.652,118.685,29.452,brushing
0.396,-0.396,0.565,12.652,118.685,29.452,brushing
0.396,-0.396,0.565,1.872,115.342,34.562,brushing
0.225,-0.352,0.564,1.872,115.342,34.562,brushing
0.225,-0.352,0.564,-13.422,86.607,33.18,brushing
0.053,-0.461,0.753,-13.422,86.607,33.18,brushing
-0.172,-0.465,1.165,-13.422,86.607,33.18,brushing
-0.172,-0.465,1.165,-21.035,60.305,23.065,brushing
-0.277,-0.462,1.398,-21.035,60.305,23.065,brushing
-0.277,-0.462,1.398,-13.16,19.652,3.167,brushing
-0.15,-0.288,1.503,-13.16,19.652,3.167,brushing
-0.15,-0.288,1.503,4.655,-19.495,-13.125,brushing
-0.053,-0.011,1.391,4.655,-19.495,-13.125,brushing
-0.053,-0.011,1.391,23.572,-92.102,-22.102,brushing
0,-0.18,0.942,23.572,-92.102,-22.102,brushing
0,-0.18,0.942,25.585,-199.132,-31.307,brushing
0.161,-0.596,0.848,25.585,-199.132,-31.307,brushing
0.161,-0.596,0.848,20.492,-228.41,-32.55,brushing
0.301,-0.87,0.75,20.492,-228.41,-32.55,brushing
0.301,-0.87,0.75,19.81,-178.01,-26.915,brushing
0.526,-1.028,0.341,19.81,-178.01,-26.915,brushing
0.526,-1.028,0.341,9.975,-91.192,-19.95,brushing
0.619,-0.767,0.229,9.975,-91.192,-19.95,brushing
0.721,-0.736,0.198,-3.517,-61.092,-8.225,brushing
0.678,-0.846,0.366,-3.517,-61.092,-8.225,brushing
0.678,-0.846,0.366,-7.402,-49,8.137,brushing
0.54,-1.087,0.361,-7.402,-49,8.137,brushing
0.54,-1.087,0.361,3.552,-20.982,22.82,brushing
0.5,-1.086,0.386,3.552,-20.982,22.82,brushing
0.5,-1.086,0.386,19.162,42.7,32.445,brushing
0.321,-0.841,0.471,19.162,42.7,32.445,brushing
0.321,-0.841,0.471,29.575,71.277,33.792,brushing
0.229,-0.797,0.382,29.575,71.277,33.792,brushing
0.229,-0.797,0.382,30.117,50.75,25.497,brushing
0.305,-0.56,0.508,30.117,50.75,25.497,brushing
0.305,-0.56,0.508,26.845,53.567,26.932,brushing
0.205,-0.363,0.501,26.845,53.567,26.932,brushing
0.205,-0.363,0.501,14.612,7.577,26.477,brushing
0.072,-0.602,0.546,14.612,7.577,26.477,brushing
0.072,-0.602,0.546,3.412,-17.08,20.807,brushing
-0.03,-0.722,0.733,3.412,-17.08,20.807,brushing
-0.164,-0.791,0.917,-1.4,-33.6,5.477,brushing
-0.026,-0.641,1.095,-1.4,-33.6,5.477,brushing
-0.026,-0.641,1.095,2.922,-40.53,-9.467,brushing
0.013,-0.455,1.141,2.922,-40.53,-9.467,brushing
0.013,-0.455,1.141,17.202,-58.52,-14.752,brushing
0.121,-0.706,0.846,17.202,-58.52,-14.752,brushing
0.121,-0.706,0.846,24.36,-106.89,-19.512,brushing
0.275,-0.958,0.667,24.36,-106.89,-19.512,brushing
0.275,-0.958,0.667,21.665,-101.36,-20.492,brushing
0.361,-0.996,0.597,21.665,-101.36,-20.492,brushing
0.361,-0.996,0.597,16.607,-68.285,-16.712,brushing
0.455,-1.093,0.443,16.607,-68.285,-16.712,brushing
0.455,-1.093,0.443,8.505,-40.32,-12.862,brushing
0.596,-1.077,0.317,8.505,-40.32,-12.862,brushing
0.596,-1.077,0.317,2.24,-4.287,-6.685,brushing
0.707,-0.889,0.185,2.24,-4.287,-6.685,brushing
0.707,-0.889,0.185,-1.33,10.64,4.917,brushing
0.729,-0.821,0.175,-1.33,10.64,4.917,brushing
0.585,-0.974,0.276,-1.33,10.64,4.917,brushing
0.585,-0.974,0.276,4.182,23.782,22.225,brushing
0.507,-1.024,0.289,4.182,23.782,22.225,brushing
0.507,-1.024,0.289,21.297,59.692,33.652,brushing
0.414,-0.841,0.271,21.297,59.692,33.652,brushing
0.414,-0.841,0.271,39.9,101.08,38.832,brushing
0.315,-0.732,0.247,39.9,101.08,38.832,brushing
0.315,-0.732,0.247,45.885,95.427,37.275,brushing
0.373,-0.544,0.306,45.885,95.427,37.275,brushing
0.373,-0.544,0.306,45.412,97.422,41.475,brushing
0.224,-0.389,0.499,45.412,97.422,41.475,brushing
0.224,-0.389,0.499,44.467,75.39,47.302,brushing
0.106,-0.628,0.621,44.467,75.39,47.302,brushing
0.106,-0.628,0.621,50.75,73.027,48.037,brushing
0.06,-0.485,0.748,50.75,73.027,48.037,brushing
0.06,-0.485,0.748,55.37,65.52,44.502,brushing
0.006,-0.412,0.879,55.37,65.52,44.502,brushing
0.006,-0.412,0.879,53.847,23.257,36.4,brushing
0.029,-0.463,0.902,53.847,23.257,36.4,brushing
0.104,-0.374,1.019,53.847,23.257,36.4,brushing
0.104,-0.374,1.019,51.555,-10.64,27.982,brushing
0.099,-0.451,0.983,51.555,-10.64,27.982,brushing
0.099,-0.451,0.983,50.995,-48.212,25.392,brushing
0.111,-0.692,0.818,50.995,-48.212,25.392,brushing
0.111,-0.692,0.818,46.865,-84.997,21.402,brushing
0.254,-0.948,0.697,46.865,-84.997,21.402,brushing
0.254,-0.948,0.697,37.782,-87.08,17.867,brushing
0.306,-1.065,0.647,37.782,-87.08,17.867,brushing
0.306,-1.065,0.647,32.375,-43.347,14.42,brushing
0.377,-0.912,0.677,32.375,-43.347,14.42,brushing
0.377,-0.912,0.677,32.515,-6.195,14,brushing
0.483,-0.816,0.534,32.515,-6.195,14,brushing
0.483,-0.816,0.534,32.375,4.76,19.145,brushing
0.549,-0.852,0.438,32.375,4.76,19.145,brushing
0.549,-0.852,0.438,34.002,22.54,27.86,brushing
0.546,-0.868,0.352,34.002,22.54,27.86,brushing
0.546,-0.868,0.352,38.062,42.455,36.522,brushing
0.498,-0.939,0.282,38.062,42.455,36.522,brushing
0.475,-0.974,0.226,38.062,42.455,36.522,brushing
0.475,-0.974,0.226,38.29,62.002,39.375,brushing
0.351,-0.969,0.296,38.29,62.002,39.375,brushing
0.351,-0.969,0.296,34.965,86.817,35.017,brushing
0.291,-0.955,0.296,34.965,86.817,35.017,brushing
0.291,-0.955,0.296,26.757,106.575,23.24,brushing
0.233,-0.641,0.498,26.757,106.575,23.24,brushing
0.233,-0.641,0.498,15.82,123.27,16.1,brushing
0.137,-0.422,0.742,15.82,123.27,16.1,brushing
0.137,-0.422,0.742,5.845,97.755,9.922,brushing
-0.083,-0.463,1.121,5.845,97.755,9.922,brushing
-0.083,-0.463,1.121,8.522,66.535,0.227,brushing
-0.235,-0.404,1.392,8.522,66.535,0.227,brushing
-0.235,-0.404,1.392,26.407,39.077,-13.23,brushing
-0.251,-0.308,1.415,26.407,39.077,-13.23,brushing
-0.251,-0.308,1.415,43.522,4.252,-27.072,brushing
0.035,-0.206,1.054,43.522,4.252,-27.072,brushing
0.269,0.135,0.872,43.767,-20.667,-31.692,brushing
0.309,-0.225,0.664,43.767,-20.667,-31.692,brushing
0.309,-0.225,0.664,26.285,-94.517,-32.165,brushing
0.253,-0.623,0.707,26.285,-94.517,-32.165,brushing
0.253,-0.623,0.707,5.39,-131.862,-31.202,brushing
0.293,-0.948,0.706,5.39,-131.862,-31.202,brushing
0.293,-0.948,0.706,-9.275,-116.41,-33.775,brushing
0.445,-0.876,0.704,-9.275,-116.41,-33.775,brushing
0.445,-0.876,0.704,-17.85,-69.965,-34.667,brushing
0.489,-0.799,0.595,-17.85,-69.965,-34.667,brushing
0.489,-0.799,0.595,-25.095,-54.302,-35.35,brushing
0.592,-0.724,0.569,-25.095,-54.302,-35.35,brushing
0.592,-0.724,0.569,-28.857,-62.405,-31.64,brushing
0.627,-0.823,0.535,-28.857,-62.405,-31.64,brushing
0.627,-0.823,0.535,-26.022,-57.995,-21.91,brushing
0.691,-0.896,0.429,-26.022,-57.995,-21.91,brushing
0.691,-0.896,0.429,-17.78,-21.892,-7.752,brushing
0.636,-0.883,0.4,-17.78,-21.892,-7.752,brushing
0.582,-0.893,0.31,-10.062,3.482,0.665,brushing
0.504,-0.799,0.217,-10.062,3.482,0.665,brushing
0.504,-0.799,0.217,-7.367,22.785,3.377,brushing
0.415,-0.777,0.196,-7.367,22.785,3.377,brushing
0.415,-0.777,0.196,-13.562,35.875,2.572,brushing
0.461,-0.549,0.17,-13.562,35.875,2.572,brushing
0.461,-0.549,0.17,-27.545,55.702,3.885,brushing
0.24,-0.492,0.344,-27.545,55.702,3.885,brushing
0.24,-0.492,0.344,-52.132,32.165,3.29,brushing
0.018,-0.665,0.719,-52.132,32.165,3.29,brushing
0.018,-0.665,0.719,-65.94,35.805,2.8,brushing
-0.204,-0.49,1.174,-65.94,35.805,2.8,brushing
-0.204,-0.49,1.174,-59.01,16.835,-6.562,brushing
-0.161,-0.519,1.278,-59.01,16.835,-6.562,brushing
-0.161,-0.519,1.278,-42.682,-24.22,-16.835,brushing
0.062,-0.234,1.374,-42.682,-24.22,-16.835,brushing
0.062,-0.234,1.374,-30.047,-99.452,-21.472,brushing
0.146,-0.72,0.979,-30.047,-99.452,-21.472,brushing
0.296,-0.794,0.832,-30.047,-99.452,-21.472,brushing
0.296,-0.794,0.832,-30.642,-120.75,-24.587,brushing
0.262,-0.817,0.825,-30.642,-120.75,-24.587,brushing
0.262,-0.817,0.825,-34.265,-115.01,-24.377,brushing
0.344,-0.885,0.75,-34.265,-115.01,-24.377,brushing
0.344,-0.885,0.75,-34.44,-97.195,-23.152,brushing
0.413,-0.845,0.56,-34.44,-97.195,-23.152,brushing
0.413,-0.845,0.56,-34.02,-75.845,-20.912,brushing
0.532,-0.869,0.33,-34.02,-75.845,-20.912,brushing
0.532,-0.869,0.33,-41.002,-69.772,-17.57,brushing
0.591,-0.995,0.202,-41.002,-69.772,-17.57,brushing
0.591,-0.995,0.202,-49.507,-52.972,-12.95,brushing
0.55,-1.047,0.271,-49.507,-52.972,-12.95,brushing
0.55,-1.047,0.271,-46.462,-18.305,-7.682,brushing
0.552,-1.09,0.253,-46.462,-18.305,-7.682,brushing
0.552,-1.09,0.253,-32.182,30.94,-1.907,brushing
0.517,-0.974,0.195,-32.182,30.94,-1.907,brushing
0.517,-0.974,0.195,-15.26,76.282,4.9,brushing
0.446,-0.763,0.243,-15.26,76.282,4.9,brushing
0.304,-0.702,0.315,-15.26,76.282,4.9,brushing
0.304,-0.702,0.315,-0.857,84.315,8.977,brushing
0.277,-0.696,0.347,-0.857,84.315,8.977,brushing
0.277,-0.696,0.347,7.367,76.79,9.432,brushing
0.156,-0.768,0.38,7.367,76.79,9.432,brushing
0.156,-0.768,0.38,4.83,78.435,8.662,brushing
0.04,-0.908,0.433,4.83,78.435,8.662,brushing
0.04,-0.908,0.433,-8.207,96.197,2.502,brushing
-0.069,-0.862,0.692,-8.207,96.197,2.502,brushing
-0.069,-0.862,0.692,-20.527,119.28,-8.417,brushing
-0.137,-0.649,0.934,-20.527,119.28,-8.417,brushing
-0.137,-0.649,0.934,-25.9,102.637,-24.045,brushing
-0.005,-0.413,1.021,-25.9,102.637,-24.045,brushing
-0.005,-0.413,1.021,-24.797,68.687,-33.145,brushing
0.016,-0.116,1.21,-24.797,68.687,-33.145,brushing
0.016,-0.116,1.21,-20.142,1.785,-36.75,brushing
0.066,-0.288,1.104,-20.142,1.785,-36.75,brushing
0.066,-0.288,1.104,-15.715,-24.832,-29.242,brushing
0.216,-0.317,1.078,-15.715,-24.832,-29.242,brushing
0.276,-0.3,0.98,-15.715,-24.832,-29.242,brushing
0.276,-0.3,0.98,-8.19,-24.412,-16.205,brushing
0.337,-0.436,0.936,-8.19,-24.412,-16.205,brushing
0.337,-0.436,0.936,-0.437,-38.062,-5.425,brushing
0.369,-0.687,0.823,-0.437,-38.062,-5.425,brushing
0.369,-0.687,0.823,8.802,-53.882,2.31,brushing
0.457,-0.912,0.671,8.802,-53.882,2.31,brushing
0.457,-0.912,0.671,16.94,-48.195,5.355,brushing
0.471,-1.019,0.468,16.94,-48.195,5.355,brushing
0.471,-1.019,0.468,24.185,-24.202,8.312,brushing
0.585,-0.959,0.327,24.185,-24.202,8.312,brushing
0.585,-0.959,0.327,28.175,0.402,15.47,brushing
0.545,-0.994,0.21,28.175,0.402,15.47,brushing
0.545,-0.994,0.21,30.327,19.057,22.347,brushing
0.574,-1.032,0.17,30.327,19.057,22.347,brushing
0.574,-1.032,0.17,34.737,76.825,31.307,brushing
0.483,-0.779,0.232,34.737,76.825,31.307,brushing
0.483,-0.779,0.232,37.66,107.765,37.397,brushing
0.355,-0.622,0.239,37.66,107.765,37.397,brushing
0.253,-0.634,0.171,37.66,107.765,37.397,brushing
0.253,-0.634,0.171,31.972,106.417,38.097,brushing
-0.003,-0.526,0.648,31.972,106.417,38.097,brushing
-0.003,-0.526,0.648,27.282,108.202,35.35,brushing
-0.241,-0.513,0.997,27.282,108.202,35.35,brushing
-0.241,-0.513,0.997,44.887,117.635,30.292,brushing
-0.338,-0.366,1.098,44.887,117.635,30.292,brushing
-0.338,-0.366,1.098,71.505,117.582,19.81,brushing
-0.356,-0.265,1.138,71.505,117.582,19.81,brushing
-0.356,-0.265,1.138,89.04,55.055,4.707,brushing
-0.203,-0.507,1.027,89.04,55.055,4.707,brushing
-0.203,-0.507,1.027,99.732,-11.217,-16.642,brushing
-0.067,-0.711,0.909,99.732,-11.217,-16.642,brushing
-0.067,-0.711,0.909,106.855,-45.412,-46.06,brushing
-0.005,-0.968,0.694,106.855,-45.412,-46.06,brushing
-0.005,-0.968,0.694,109.41,-37.082,-77.315,brushing
0.152,-1.008,0.529,109.41,-37.082,-77.315,brushing
0.171,-0.926,0.317,112.105,15.732,-99.47,brushing
0.35,-0.478,0.17,112.105,15.732,-99.47,brushing
0.35,-0.478,0.17,115.237,91.105,-108.745,brushing
0.666,0.414,0.079,115.237,91.105,-108.745,brushing
0.666,0.414,0.079,120.505,168.665,-91.892,brushing
0.893,0.977,0.026,120.505,168.665,-91.892,brushing
0.893,0.977,0.026,115.727,157.465,-59.062,brushing
1.017,0.8,0.328,115.727,157.465,-59.062,brushing
1.017,0.8,0.328,114.117,130.672,-27.23,brushing
0.861,0.434,0.494,114.117,130.672,-27.23,brushing
0.861,0.434,0.494,126.28,140.962,-1.89,brushing
0.878,0.351,0.535,126.28,140.962,-1.89,brushing
0.878,0.351,0.535,140.962,174.055,29.995,brushing
0.899,0.267,0.765,140.962,174.055,29.995,brushing
0.899,0.267,0.765,152.04,133.927,43.067,brushing
0.872,-0.272,0.648,152.04,133.927,43.067,brushing
0.872,-0.272,0.648,161.507,124.232,34.177,brushing
0.968,-0.342,0.694,161.507,124.232,34.177,brushing
0.999,0.266,0.828,161.507,124.232,34.177,brushing
0.999,0.266,0.828,179.165,191.66,37.222,brushing
0.849,0.035,0.863,179.165,191.66,37.222,brushing
0.849,0.035,0.863,189.84,133.49,35.017,brushing
0.783,-0.762,0.411,189.84,133.49,35.017,brushing
0.783,-0.762,0.411,184.485,57.19,7.91,brushing
0.959,-1.004,0.225,184.485,57.19,7.91,brushing
0.959,-1.004,0.225,158.34,64.085,-31.535,brushing
1.065,-0.362,0.565,158.34,64.085,-31.535,brushing
1.065,-0.362,0.565,132.457,106.452,-56.56,brushing
1.021,-0.054,0.693,132.457,106.452,-56.56,brushing
1.021,-0.054,0.693,109.69,48.422,-86.117,brushing
0.904,-0.31,0.665,109.69,48.422,-86.117,brushing
0.904,-0.31,0.665,88.952,30.082,-112.927,brushing
0.822,-0.139,0.641,88.952,30.082,-112.927,brushing
0.822,-0.139,0.641,61.302,31.727,-128.94,brushing
0.752,-0.16,0.734,61.302,31.727,-128.94,brushing
0.752,-0.16,0.734,30.45,19.967,-141.435,brushing
0.758,-0.05,0.745,30.45,19.967,-141.435,brushing
0.955,0.495,0.713,30.45,19.967,-141.435,brushing
0.955,0.495,0.713,6.37,17.29,-139.895,brushing
1.155,0.807,0.873,6.37,17.29,-139.895,brushing
1.155,0.807,0.873,-13.195,-15.505,-124.985,brushing
1.303,1.328,0.936,-13.195,-15.505,-124.985,brushing
1.303,1.328,0.936,-19.582,-46.655,-92.837,brushing
1.307,1.565,0.825,-19.582,-46.655,-92.837,brushing
1.307,1.565,0.825,-10.447,-58.765,-39.847,brushing
1.122,0.995,0.632,-10.447,-58.765,-39.847,brushing
1.122,0.995,0.632,5.74,-50.75,8.417,brushing
1.031,0.755,0.581,5.74,-50.75,8.417,brushing
1.031,0.755,0.581,15.785,-31.01,45.29,brushing
0.852,0.153,0.497,15.785,-31.01,45.29,brushing
0.852,0.153,0.497,8.872,-60.48,50.452,brushing
0.838,-0.249,0.411,8.872,-60.48,50.452,brushing
0.838,-0.249,0.411,-2.642,-51.152,44.222,brushing
0.608,-0.735,0.268,-2.642,-51.152,44.222,brushing
0.608,-0.735,0.268,-25.76,-94.377,-11.865,brushing
0.404,-1.68,0.043,-25.76,-94.377,-11.865,brushing
0.431,-1.006,0.247,-25.76,-94.377,-11.865,brushing
0.431,-1.006,0.247,-44.555,-19.95,-73.465,brushing
0.41,-0.049,0.523,-44.555,-19.95,-73.465,brushing
0.41,-0.049,0.523,-56.315,35.332,-104.912,brushing
0.405,0.072,0.564,-56.315,35.332,-104.912,brushing
0.405,0.072,0.564,-70.28,-42.892,-131.652,brushing
0.562,0.069,0.51,-70.28,-42.892,-131.652,brushing
0.562,0.069,0.51,-80.552,-84.612,-142.555,brushing
0.687,0.273,0.596,-80.552,-84.612,-142.555,brushing
0.687,0.273,0.596,-76.055,-54.6,-142.1,brushing
0.867,0.82,0.688,-76.055,-54.6,-142.1,brushing
0.867,0.82,0.688,-59.255,-10.202,-130.515,brushing
0.98,1.813,0.807,-59.255,-10.202,-130.515,brushing
0.98,1.813,0.807,-29.137,-2.712,-83.422,brushing
0.982,2.042,0.748,-29.137,-2.712,-83.422,brushing
0.982,2.042,0.748,1.102,-25.917,-19.285,brushing
0.876,0.926,0.46,1.102,-25.917,-19.285,brushing
0.876,0.926,0.46,23.642,32.725,32.13,brushing
0.865,0.82,0.518,23.642,32.725,32.13,brushing
0.628,0.219,0.446,23.642,32.725,32.13,brushing
0.628,0.219,0.446,31.815,30.852,54.46,brushing
0.625,-0.393,0.257,31.815,30.852,54.46,brushing
0.625,-0.393,0.257,24.097,-0.262,42.77,brushing
0.305,-1.266,0.059,24.097,-0.262,42.77,brushing
0.305,-1.266,0.059,4.952,-20.545,-12.355,brushing
0.229,-1.636,0.01,4.952,-20.545,-12.355,brushing
0.229,-1.636,0.01,-18.305,51.765,-81.095,brushing
0.336,-0.146,0.42,-18.305,51.765,-81.095,brushing
0.336,-0.146,0.42,-31.115,117.127,-114.362,brushing
0.305,0.282,0.668,-31.115,117.127,-114.362,brushing
0.305,0.282,0.668,-51.362,1.015,-149.642,brushing
0.406,-0.105,0.531,-51.362,1.015,-149.642,brushing
0.406,-0.105,0.531,-70.77,-33.565,-171.272,brushing
0.544,0.282,0.402,-70.77,-33.565,-171.272,brushing
0.544,0.282,0.402,-71.802,21.402,-175.91,brushing
0.606,1.03,0.617,-71.802,21.402,-175.91,brushing
0.743,2.286,0.884,-54.95,87.902,-149.975,brushing
0.84,2.949,0.886,-54.95,87.902,-149.975,brushing
0.84,2.949,0.886,-22.995,99.05,-72.712,brushing
0.73,1.499,0.764,-22.995,99.05,-72.712,brushing
0.73,1.499,0.764,7.472,40.582,-0.752,brushing
0.738,0.97,0.63,7.472,40.582,-0.752,brushing
0.738,0.97,0.63,30.135,52.01,41.965,brushing
0.627,0.517,0.68,30.135,52.01,41.965,brushing
0.627,0.517,0.68,42.472,94.255,59.395,brushing
0.475,-0.364,0.79,42.472,94.255,59.395,brushing
0.475,-0.364,0.79,44.555,106.452,33.985,brushing
0.093,-1.644,0.315,44.555,106.452,33.985,brushing
0.093,-1.644,0.315,22.382,25.655,-62.3,brushing
0.234,-1.539,-0.003,22.382,25.655,-62.3,brushing
0.234,-1.539,-0.003,4.69,168.84,-121.467,brushing
0.482,0.285,0.249,4.69,168.84,-121.467,brushing
0.482,0.285,0.249,-9.94,193.952,-148.487,brushing
0.444,1.315,0.178,-9.94,193.952,-148.487,brushing
0.413,0.908,0.034,-54.022,6.457,-166.302,brushing
0.573,1.206,-0.091,-54.022,6.457,-166.302,brushing
0.573,1.206,-0.091,-84,4.882,-161.402,brushing
0.805,2.483,0.126,-84,4.882,-161.402,brushing
0.805,2.483,0.126,-81.882,136.01,-111.247,brushing
0.98,3.617,0.326,-81.882,136.01,-111.247,brushing
0.98,3.617,0.326,-62.982,153.632,-19.897,brushing
0.908,2.661,0.384,-62.982,153.632,-19.897,brushing
0.908,2.661,0.384,-46.847,72.712,72.205,brushing
0.652,1.222,0.379,-46.847,72.712,72.205,brushing
0.652,1.222,0.379,-23.922,66.885,119.087,brushing
0.333,0.39,0.581,-23.922,66.885,119.087,brushing
0.333,0.39,0.581,6.247,103.635,115.202,brushing
-0.002,-0.155,0.941,6.247,103.635,115.202,brushing
-0.002,-0.155,0.941,39.217,50.015,54.075,brushing
-0.359,-0.902,0.66,39.217,50.015,54.075,brushing
-0.359,-0.902,0.66,50.68,-6.825,-35.612,brushing
0.195,-0.051,0.032,50.68,-6.825,-35.612,brushing
0.3,0.797,0.121,50.68,-6.825,-35.612,brushing
0.3,0.797,0.121,37.572,44.992,-72.135,brushing
0.298,0.632,0.105,37.572,44.992,-72.135,brushing
0.298,0.632,0.105,12.757,-10.15,-97.352,brushing
0.379,0.5,0.121,12.757,-10.15,-97.352,brushing
0.379,0.5,0.121,-15.417,-47.67,-120.925,brushing
0.439,0.91,0.219,-15.417,-47.67,-120.925,brushing
0.439,0.91,0.219,-32.357,-35.962,-132.16,brushing
0.636,1.758,0.468,-32.357,-35.962,-132.16,brushing
0.636,1.758,0.468,-27.965,-3.15,-111.3,brushing
0.929,2.931,0.388,-27.965,-3.15,-111.3,brushing
0.929,2.931,0.388,-9.292,10.605,-35.297,brushing
0.975,3.015,0.46,-9.292,10.605,-35.297,brushing
0.975,3.015,0.46,9.275,-16.222,64.715,brushing
0.83,1.967,0.184,9.275,-16.222,64.715,brushing
0.83,1.967,0.184,21.647,-44.012,126.822,brushing
0.491,0.843,-0.016,21.647,-44.012,126.822,brushing
0.491,0.843,-0.016,43.68,19.075,151.567,brushing
0.317,0.687,0.318,43.68,19.075,151.567,brushing
0.222,0.623,0.379,43.68,19.075,151.567,brushing
0.222,0.623,0.379,81.007,56.315,154.017,brushing
0.014,-0.371,0.085,81.007,56.315,154.017,brushing
0.014,-0.371,0.085,103.705,-16.397,107.87,brushing
0.229,-0.784,-0.153,103.705,-16.397,107.87,brushing
0.229,-0.784,-0.153,113.977,-11.725,42.437,brushing
0.39,0.27,0.039,113.977,-11.725,42.437,brushing
0.39,0.27,0.039,108.027,44.607,24.815,brushing
0.491,0.631,0.06,108.027,44.607,24.815,brushing
0.491,0.631,0.06,88.2,-14.175,-9.03,brushing
0.529,0.329,0.002,88.2,-14.175,-9.03,brushing
0.529,0.329,0.002,53.34,-41.09,-39.375,brushing
0.561,0.341,0.039,53.34,-41.09,-39.375,brushing
0.561,0.341,0.039,9.17,-39.462,-63.49,brushing
0.661,0.757,0.139,9.17,-39.462,-63.49,brushing
0.661,0.757,0.139,-27.702,-0.98,-63.805,brushing
0.707,1.441,0.358,-27.702,-0.98,-63.805,brushing
0.707,1.441,0.358,-45.08,20.23,-38.43,brushing
0.836,1.987,0.543,-45.08,20.23,-38.43,brushing
0.893,2.524,0.621,-45.08,20.23,-38.43,brushing
0.893,2.524,0.621,-39.742,11.077,16.555,brushing
0.757,1.763,0.474,-39.742,11.077,16.555,brushing
0.757,1.763,0.474,-19.302,-22.732,75.092,brushing
0.729,1.409,0.383,-19.302,-22.732,75.092,brushing
0.729,1.409,0.383,1.172,-21.227,119.787,brushing
0.452,1.024,0.423,1.172,-21.227,119.787,brushing
0.452,1.024,0.423,12.722,-59.552,138.862,brushing
0.414,0.355,0.18,12.722,-59.552,138.862,brushing
0.414,0.355,0.18,14.332,-96.985,123.27,brushing
0.071,-0.15,-0.024,14.332,-96.985,123.27,brushing
0.071,-0.15,-0.024,3.377,-138.337,70.017,brushing
0.121,-1.06,-0.283,3.377,-138.337,70.017,brushing
0.121,-1.06,-0.283,-15.645,-99.925,1.837,brushing
0.274,-0.406,-0.115,-15.645,-99.925,1.837,brushing
0.274,-0.406,-0.115,-33.652,-39.27,-36.487,brushing
0.335,0.324,0.13,-33.652,-39.27,-36.487,brushing
0.335,0.324,0.13,-58.73,-92.54,-80.097,brushing
0.428,0.205,0.194,-58.73,-92.54,-80.097,brushing
0.589,0.653,0.211,-58.73,-92.54,-80.097,brushing
0.589,0.653,0.211,-81.585,-115.902,-106.032,brushing
0.84,1.406,0.352,-81.585,-115.902,-106.032,brushing
0.84,1.406,0.352,-85.732,-62.335,-96.6,brushing
1.085,2.466,0.632,-85.732,-62.335,-96.6,brushing
1.085,2.466,0.632,-72.8,-8.575,-46.76,brushing
1.063,3.169,0.814,-72.8,-8.575,-46.76,brushing
1.063,3.169,0.814,-42.77,-22.68,47.005,brushing
0.845,1.726,0.66,-42.77,-22.68,47.005,brushing
0.845,1.726,0.66,-10.78,-59.377,113.19,brushing
0.795,1.349,0.663,-10.78,-59.377,113.19,brushing
0.795,1.349,0.663,21.84,5.302,171.15,brushing
0.394,0.426,0.741,21.84,5.302,171.15,brushing
0.394,0.426,0.741,36.645,-3.85,163.852,brushing
0.399,0.225,0.659,36.645,-3.85,163.852,brushing
0.399,0.225,0.659,39.042,-34.79,148.907,brushing
0.166,0.121,0.464,39.042,-34.79,148.907,brushing
0.188,-0.69,0.128,28.21,-105.157,96.775,brushing
0.287,-0.556,0.119,28.21,-105.157,96.775,brushing
0.287,-0.556,0.119,10.237,-82.162,42.105,brushing
0.426,0.323,0.415,10.237,-82.162,42.105,brushing
0.426,0.323,0.415,-8.155,-55.265,11.882,brushing
0.51,0.245,0.504,-8.155,-55.265,11.882,brushing
0.51,0.245,0.504,-29.54,-88.445,-13.212,brushing
0.616,0.115,0.474,-29.54,-88.445,-13.212,brushing
0.616,0.115,0.474,-47.565,-114.117,-36.942,brushing
0.775,0.636,0.562,-47.565,-114.117,-36.942,brushing
0.775,0.636,0.562,-53.165,-103.845,-39.27,brushing
0.887,1.141,0.69,-53.165,-103.845,-39.27,brushing
0.887,1.141,0.69,-45.237,-57.925,-17.027,brushing
0.951,1.892,0.841,-45.237,-57.925,-17.027,brushing
0.951,1.892,0.841,-21.665,-19.145,42.245,brushing
0.849,2.013,0.814,-21.665,-19.145,42.245,brushing
0.849,2.013,0.814,-1.015,-45.955,95.76,brushing
0.703,0.726,0.506,-1.015,-45.955,95.76,brushing
0.591,0.392,0.644,-1.015,-45.955,95.76,brushing
0.591,0.392,0.644,7.017,-18.025,122.045,brushing
0.266,0.158,0.729,7.017,-18.025,122.045,brushing
0.266,0.158,0.729,-2.905,-29.12,121.852,brushing
0.259,-0.557,0.661,-2.905,-29.12,121.852,brushing
0.259,-0.557,0.661,-20.527,-85.645,88.725,brushing
0.093,-1.052,0.695,-20.527,-85.645,88.725,brushing
0.093,-1.052,0.695,-32.672,-82.337,42.682,brushing
0.31,-0.805,0.992,-32.672,-82.337,42.682,brushing
0.31,-0.805,0.992,-39.27,-115.587,-19.32,brushing
0.517,-0.258,1.216,-39.27,-115.587,-19.32,brushing
0.517,-0.258,1.216,-39.112,-140.437,-58.485,brushing
0.63,0.202,0.706,-39.112,-140.437,-58.485,brushing
0.63,0.202,0.706,-56.07,-160.545,-79.03,brushing
0.674,0.24,0.611,-56.07,-160.545,-79.03,brushing
0.674,0.24,0.611,-76.405,-143.115,-83.475,brushing
0.782,0.707,0.738,-76.405,-143.115,-83.475,brushing
0.782,0.707,0.738,-75.18,-101.71,-68.705,brushing
0.969,1.649,0.815,-75.18,-101.71,-68.705,brushing
1.107,2.475,0.813,-75.18,-101.71,-68.705,brushing
1.107,2.475,0.813,-55.177,-52.377,-12.372,brushing
0.942,1.876,0.656,-55.177,-52.377,-12.372,brushing
0.942,1.876,0.656,-33.337,-59.78,72.432,brushing
0.76,0.938,0.446,-33.337,-59.78,72.432,brushing
0.76,0.938,0.446,-12.932,-63.997,133.28,brushing
0.467,0.047,0.274,-12.932,-63.997,133.28,brushing
0.467,0.047,0.274,-5.232,-57.295,148.417,brushing
0.281,-0.504,0.259,-5.232,-57.295,148.417,brushing
0.281,-0.504,0.259,-6.142,-21.245,131.005,brushing
0.082,-1.025,0.464,-6.142,-21.245,131.005,brushing
0.082,-1.025,0.464,-9.852,-33.425,77.77,brushing
-0.057,-1.47,0.392,-9.852,-33.425,77.77,brushing
-0.057,-1.47,0.392,-17.482,-56.787,1.47,brushing
0.109,-1.021,0.594,-17.482,-56.787,1.47,brushing
0.109,-1.021,0.594,-22.312,-15.137,-47.6,brushing
0.177,-0.239,0.916,-22.312,-15.137,-47.6,brushing
0.177,-0.239,0.916,-31.605,-100.765,-89.197,brushing
0.281,-0.353,0.802,-31.605,-100.765,-89.197,brushing
0.474,-0.346,0.7,-31.605,-100.765,-89.197,brushing
0.474,-0.346,0.7,-42.63,-133.595,-119.385,brushing
0.642,0.63,0.849,-42.63,-133.595,-119.385,brushing
0.642,0.63,0.849,-40.547,-72.625,-122.15,brushing
0.849,1.809,1.053,-40.547,-72.625,-122.15,brushing
0.849,1.809,1.053,-23.572,-55.562,-83.195,brushing
0.888,2.155,1.026,-23.572,-55.562,-83.195,brushing
0.888,2.155,1.026,2.117,-66.395,4.777,brushing
0.816,1.525,1.037,2.117,-66.395,4.777,brushing
0.816,1.525,1.037,34.125,-54.495,91.367,brushing
0.573,0.459,0.692,34.125,-54.495,91.367,brushing
0.573,0.459,0.692,62.527,-22.925,140.717,brushing
0.419,-0.27,0.407,62.527,-22.925,140.717,brushing
0.419,-0.27,0.407,72.922,34.982,151.252,brushing
0.317,-0.872,0.412,72.922,34.982,151.252,brushing
0.317,-0.872,0.412,60.795,4.725,104.037,brushing
-0.082,-2.217,0.4,60.795,4.725,104.037,brushing
-0.082,-2.217,0.4,40.267,-75.81,-6.527,brushing
0.08,-2.495,0.43,40.267,-75.81,-6.527,brushing
0.416,-0.598,0.937,40.267,-75.81,-6.527,brushing
0.416,-0.598,0.937,32.567,98.542,-49.665,brushing
0.41,0.01,0.835,32.567,98.542,-49.665,brushing
0.41,0.01,0.835,11.427,4.725,-98.402,brushing
0.445,-0.582,0.692,11.427,4.725,-98.402,brushing
0.445,-0.582,0.692,-21.455,-93.432,-124.302,brushing
0.493,0.104,0.766,-21.455,-93.432,-124.302,brushing
0.493,0.104,0.766,-38.447,-2.047,-123.602,brushing
0.716,1.515,1.071,-38.447,-2.047,-123.602,brushing
0.716,1.515,1.071,-33.547,53.795,-79.1,brushing
1.027,2.509,1.153,-33.547,53.795,-79.1,brushing
1.027,2.509,1.153,-18.795,31.272,12.81,brushing
1.09,1.77,1.154,-18.795,31.272,12.81,brushing
1.09,1.77,1.154,3.92,14.56,98.84,brushing
0.866,0.643,0.932,3.92,14.56,98.84,brushing
0.866,0.643,0.932,24.955,11.55,137.042,brushing
0.598,-0.443,0.717,24.955,11.55,137.042,brushing
0.511,-0.547,0.91,38.797,80.815,138.25,brushing
0.204,-1.168,0.909,38.797,80.815,138.25,brushing
0.204,-1.168,0.909,45.01,44.135,97.51,brushing
0.059,-1.678,0.573,45.01,44.135,97.51,brushing
0.059,-1.678,0.573,43.4,-26.285,16.1,brushing
0.344,-1.024,0.476,43.4,-26.285,16.1,brushing
0.344,-1.024,0.476,24.08,4.497,-42.42,brushing
0.337,-0.164,0.813,24.08,4.497,-42.42,brushing
0.337,-0.164,0.813,0.402,5.757,-74.602,brushing
0.332,-0.116,0.794,0.402,5.757,-74.602,brushing
0.332,-0.116,0.794,-19.652,-81.427,-102.567,brushing
0.388,-0.066,0.701,-19.652,-81.427,-102.567,brushing
0.388,-0.066,0.701,-26.32,-76.02,-114.59,brushing
0.459,0.599,0.831,-26.32,-76.02,-114.59,brushing
0.459,0.599,0.831,-9.922,-17.99,-94.027,brushing
0.719,1.615,1.036,-9.922,-17.99,-94.027,brushing
0.719,1.615,1.036,21.157,13.037,-28.42,brushing
0.923,2.053,1.095,21.157,13.037,-28.42,brushing
0.886,1.308,0.915,52.64,7.7,52.972,brushing
0.796,0.332,0.855,52.64,7.7,52.972,brushing
0.796,0.332,0.855,82.915,4.13,109.62,brushing
0.795,-0.027,0.872,82.915,4.13,109.62,brushing
0.795,-0.027,0.872,99.662,3.062,134.032,brushing
0.7,-0.527,0.78,99.662,3.062,134.032,brushing
0.7,-0.527,0.78,95.322,-70.192,118.317,brushing
0.267,-2.57,0.164,95.322,-70.192,118.317,brushing
0.267,-2.57,0.164,72.485,-187.232,15.995,brushing
0.716,-2.085,0.133,72.485,-187.232,15.995,brushing
0.716,-2.085,0.133,48.125,-50.26,-27.65,brushing
0.746,0.141,0.837,48.125,-50.26,-27.65,brushing
0.746,0.141,0.837,29.557,-39.777,-36.872,brushing
0.754,-0.198,0.799,29.557,-39.777,-36.872,brushing
0.754,-0.198,0.799,11.847,-101.36,-59.325,brushing
0.678,-0.562,0.588,11.847,-101.36,-59.325,brushing
0.678,-0.562,0.588,-0.227,-92.085,-62.632,brushing
0.735,-0.295,0.65,-0.227,-92.085,-62.632,brushing
0.766,-0.125,0.771,-0.227,-92.085,-62.632,brushing
0.766,-0.125,0.771,-10.307,-79.275,-55.107,brushing
0.823,0.044,0.82,-10.307,-79.275,-55.107,brushing
0.823,0.044,0.82,-15.382,-52.43,-56.437,brushing
0.82,0.974,0.986,-15.382,-52.43,-56.437,brushing
0.82,0.974,0.986,-8.102,-13.475,-31.482,brushing
0.873,1.477,0.989,-8.102,-13.475,-31.482,brushing
0.873,1.477,0.989,8.837,-17.342,26.372,brushing
0.78,0.494,0.617,8.837,-17.342,26.372,brushing
0.78,0.494,0.617,22.522,-42.84,63.507,brushing
0.709,0.112,0.509,22.522,-42.84,63.507,brushing
0.709,0.112,0.509,39.532,16.817,96.565,brushing
0.603,0.15,0.692,39.532,16.817,96.565,brushing
0.603,0.15,0.692,40.81,-8.505,98.84,brushing
0.519,-0.551,0.428,40.81,-8.505,98.84,brushing
0.519,-0.551,0.428,31.745,-31.237,79.257,brushing
0.372,-1.312,0.234,31.745,-31.237,79.257,brushing
0.372,-1.312,0.234,10.08,-39.252,20.947,brushing
0.383,-1.834,0.1,10.08,-39.252,20.947,brushing
0.483,-1.191,0.341,10.08,-39.252,20.947,brushing
0.483,-1.191,0.341,-16.607,-13.142,-34.86,brushing
0.527,-0.597,0.606,-16.607,-13.142,-34.86,brushing
0.527,-0.597,0.606,-42.542,-7.472,-63.735,brushing
0.601,-0.779,0.559,-42.542,-7.472,-63.735,brushing
0.601,-0.779,0.559,-68.845,-48.072,-98.77,brushing
0.685,-0.014,0.674,-68.845,-48.072,-98.77,brushing
0.685,-0.014,0.674,-76.825,-23.747,-108.902,brushing
0.979,0.7,0.945,-76.825,-23.747,-108.902,brushing
0.979,0.7,0.945,-68.04,28.665,-85.662,brushing
1.134,1.657,1.24,-68.04,28.665,-85.662,brushing
1.134,1.657,1.24,-37.712,81.305,-7.7,brushing
1.015,1.51,1.217,-37.712,81.305,-7.7,brushing
1.015,1.51,1.217,-7.192,30.625,56.612,brushing
0.812,-0.006,0.854,-7.192,30.625,56.612,brushing
0.812,-0.006,0.854,22.96,61.092,92.785,brushing
0.671,0.172,1.188,22.96,61.092,92.785,brushing
0.671,0.172,1.188,43.907,53.357,105.332,brushing
0.305,-0.25,1.122,43.907,53.357,105.332,brushing
0.428,-0.325,0.951,43.907,53.357,105.332,brushing
0.428,-0.325,0.951,54.302,-6.93,88.357,brushing
0.091,-0.706,0.495,54.302,-6.93,88.357,brushing
0.091,-0.706,0.495,53.025,-51.012,67.252,brushing
0.094,-1.907,-0.031,53.025,-51.012,67.252,brushing
0.094,-1.907,-0.031,27.79,-130.077,-2.432,brushing
0.443,-1.273,0.225,27.79,-130.077,-2.432,brushing
0.443,-1.273,0.225,11.637,-31.01,-42.07,brushing
0.584,-0.368,0.613,11.637,-31.01,-42.07,brushing
0.584,-0.368,0.613,-16.957,-40.512,-67.287,brushing
0.712,-0.75,0.418,-16.957,-40.512,-67.287,brushing
0.712,-0.75,0.418,-60.375,-97.58,-97.422,brushing
0.955,-0.472,0.486,-60.375,-97.58,-97.422,brushing
0.955,-0.472,0.486,-81.952,-56.787,-99.732,brushing
1.075,0.103,0.786,-81.952,-56.787,-99.732,brushing
1.075,0.103,0.786,-76.282,-2.817,-83.842,brushing
1.104,1.043,1.126,-76.282,-2.817,-83.842,brushing
1.161,1.869,1.385,-44.222,7.542,-20.615,brushing
0.904,0.737,1.035,-44.222,7.542,-20.615,brushing
0.904,0.737,1.035,-6.317,-44.362,54.897,brushing
0.741,0.077,0.836,-6.317,-44.362,54.897,brushing
0.741,0.077,0.836,33.74,-16.52,101.36,brushing
0.451,0.073,0.974,33.74,-16.52,101.36,brushing
0.451,0.073,0.974,62.702,12.005,127.732,brushing
0.446,-0.453,0.62,62.702,12.005,127.732,brushing
0.446,-0.453,0.62,68.53,-33.722,114.31,brushing
0.122,-1.33,0.142,68.53,-33.722,114.31,brushing
0.122,-1.33,0.142,50.715,-74.865,61.687,brushing
0.074,-2.292,-0.335,50.715,-74.865,61.687,brushing
0.074,-2.292,-0.335,20.23,-39.042,-14.665,brushing
0.401,-1.12,0.137,20.23,-39.042,-14.665,brushing
0.401,-1.12,0.137,-0.105,53.497,-41.422,brushing
0.523,-0.326,0.586,-0.105,53.497,-41.422,brushing
0.523,-0.326,0.586,-39.847,-27.457,-83.3,brushing
0.614,-0.745,0.367,-39.847,-27.457,-83.3,brushing
0.729,-0.44,0.512,-72.677,-43.872,-99.855,brushing
0.876,-0.099,0.688,-72.677,-43.872,-99.855,brushing
0.876,-0.099,0.688,-86.117,-30.415,-103.32,brushing
0.958,0.84,1.11,-86.117,-30.415,-103.32,brushing
0.958,0.84,1.11,-74.707,29.715,-80.202,brushing
0.982,2.012,1.513,-74.707,29.715,-80.202,brushing
0.982,2.012,1.513,-33.617,71.47,-3.395,brushing
0.793,1.088,1.245,-33.617,71.47,-3.395,brushing
0.793,1.088,1.245,9.082,9.712,65.957,brushing
0.678,0.038,0.912,9.082,9.712,65.957,brushing
0.678,0.038,0.912,47.355,27.51,113.015,brushing
0.519,0.224,1.116,47.355,27.51,113.015,brushing
0.519,0.224,1.116,63.21,36.715,127.977,brushing
0.488,-0.647,0.835,63.21,36.715,127.977,brushing
0.488,-0.647,0.835,63.945,18.025,118.912,brushing
0.27,-0.577,0.588,63.945,18.025,118.912,brushing
0.27,-0.577,0.588,40.425,-57.47,67.602,brushing
0.142,-2.544,-0.188,40.425,-57.47,67.602,brushing
0.407,-1.91,-0.032,2.432,-11.637,-17.447,brushing
0.484,-0.317,0.681,2.432,-11.637,-17.447,brushing
0.484,-0.317,0.681,-22.295,84.945,-43.05,brushing
0.577,-0.452,0.731,-22.295,84.945,-43.05,brushing
0.577,-0.452,0.731,-54.88,-0.77,-82.407,brushing
0.62,-0.681,0.63,-54.88,-0.77,-82.407,brushing
0.62,-0.681,0.63,-78.68,-56.105,-107.73,brushing
0.721,-0.154,0.772,-78.68,-56.105,-107.73,brushing
0.721,-0.154,0.772,-77.07,-45.727,-110.495,brushing
0.841,0.362,0.982,-77.07,-45.727,-110.495,brushing
0.841,0.362,0.982,-59.272,18.76,-90.387,brushing
0.803,1.631,1.253,-59.272,18.76,-90.387,brushing
0.803,1.631,1.253,-21.297,63.315,-17.097,brushing
0.75,1.875,1.212,-21.297,63.315,-17.097,brushing
0.75,1.875,1.212,15.767,4.69,51.52,brushing
0.615,-0.015,0.61,15.767,4.69,51.52,brushing
0.615,-0.015,0.61,43.33,52.885,85.452,brushing
0.609,0.123,0.758,43.33,52.885,85.452,brushing
0.418,0.215,1.026,43.33,52.885,85.452,brushing
0.418,0.215,1.026,59.622,104.702,113.96,brushing
0.332,-0.86,0.671,59.622,104.702,113.96,brushing
0.332,-0.86,0.671,58.502,-5.11,92.102,brushing
0.313,-0.991,0.559,58.502,-5.11,92.102,brushing
0.313,-0.991,0.559,53.165,-2.66,68.687,brushing
0.384,-1.856,0.217,53.165,-2.66,68.687,brushing
0.384,-1.856,0.217,23.292,-36.61,5.407,brushing
0.584,-1.597,0.381,23.292,-36.61,5.407,brushing
0.584,-1.597,0.381,-11.76,24.762,-39.952,brushing
0.681,-0.781,0.633,-11.76,24.762,-39.952,brushing
0.681,-0.781,0.633,-50.347,32.742,-68.355,brushing
0.653,-0.539,0.52,-50.347,32.742,-68.355,brushing
0.653,-0.539,0.52,-84.49,12.88,-94.29,brushing
0.696,-0.357,0.601,-84.49,12.88,-94.29,brushing
0.696,-0.357,0.601,-91,121.957,-87.675,brushing
0.726,0.784,0.829,-91,121.957,-87.675,brushing
0.726,0.784,0.829,-73.132,194.582,-47.95,brushing
0.797,2.083,0.877,-73.132,194.582,-47.95,brushing
0.788,2.079,0.963,-73.132,194.582,-47.95,brushing
0.788,2.079,0.963,-53.952,172.777,32.847,brushing
0.7,0.978,0.813,-53.952,172.777,32.847,brushing
0.7,0.978,0.813,-37.187,89.617,97.895,brushing
0.42,-0.261,0.813,-37.187,89.617,97.895,brushing
0.42,-0.261,0.813,-17.745,89.32,124.425,brushing
0.159,-1.097,0.848,-17.745,89.32,124.425,brushing
0.159,-1.097,0.848,1.89,130.217,103.127,brushing
0.023,-1.611,0.784,1.89,130.217,103.127,brushing
0.023,-1.611,0.784,12.39,94.185,26.792,brushing
0.211,-1.403,0.715,12.39,94.185,26.792,brushing
0.211,-1.403,0.715,15.032,113.575,-32.777,brushing
0.398,-0.319,1.073,15.032,113.575,-32.777,brushing
0.398,-0.319,1.073,8.05,68.862,-73.185,brushing
0.39,-0.005,1.026,8.05,68.862,-73.185,brushing
0.39,-0.005,1.026,-12.372,-75.232,-108.832,brushing
0.594,-0.277,0.767,-12.372,-75.232,-108.832,brushing
0.594,-0.277,0.767,-22.312,-46.48,-119.805,brushing
0.688,0.362,0.92,-22.312,-46.48,-119.805,brushing
0.929,1.779,1.196,-22.312,-46.48,-119.805,brushing
0.929,1.779,1.196,-5.827,29.26,-87.097,brushing
1.032,2.491,1.021,-5.827,29.26,-87.097,brushing
1.032,2.491,1.021,9.852,-17.062,-16.135,brushing
0.739,1.605,0.857,9.852,-17.062,-16.135,brushing
0.739,1.605,0.857,25.812,-82.95,67.9,brushing
0.61,0.189,0.498,25.812,-82.95,67.9,brushing
0.61,0.189,0.498,39.182,-48.877,119.665,brushing
0.368,-0.337,0.658,39.182,-48.877,119.665,brushing
0.368,-0.337,0.658,42.262,32.69,124.232,brushing
0.311,-0.565,0.629,42.262,32.69,124.232,brushing
0.311,-0.565,0.629,33.687,37.782,93.502,brushing
0.18,-1.11,0.661,33.687,37.782,93.502,brushing
0.18,-1.11,0.661,19.6,22.925,35.367,brushing
0.177,-1.319,0.683,19.6,22.925,35.367,brushing
0.177,-1.319,0.683,0.63,14.787,-29.137,brushing
0.382,-0.858,0.848,0.63,14.787,-29.137,brushing
0.399,-0.485,1.002,-20.265,0.017,-76.09,brushing
0.514,-0.27,0.8,-20.265,0.017,-76.09,brushing
0.514,-0.27,0.8,-41.562,-76.982,-119.402,brushing
0.554,0.312,0.886,-41.562,-76.982,-119.402,brushing
0.554,0.312,0.886,-45.36,-47.057,-131.617,brushing
0.822,1.818,1.185,-45.36,-47.057,-131.617,brushing
0.822,1.818,1.185,-25.935,18.637,-90.142,brushing
0.947,2.839,1.09,-25.935,18.637,-90.142,brushing
0.947,2.839,1.09,-3.01,-7.332,8.067,brushing
0.737,1.836,0.983,-3.01,-7.332,8.067,brushing
0.737,1.836,0.983,26.005,-48.737,103.337,brushing
0.545,0.211,0.636,26.005,-48.737,103.337,brushing
0.545,0.211,0.636,43.977,-18.095,139.965,brushing
0.406,-0.574,0.531,43.977,-18.095,139.965,brushing
0.406,-0.574,0.531,43.925,71.26,134.347,brushing
0.329,-0.585,0.715,43.925,71.26,134.347,brushing
0.329,-0.585,0.715,29.417,43.242,89.722,brushing
0.073,-1.408,0.778,29.417,43.242,89.722,brushing
0.067,-1.556,0.665,13.86,-7.56,7.892,brushing
0.369,-0.497,0.765,13.86,-7.56,7.892,brushing
0.369,-0.497,0.765,0.07,24.587,-52.255,brushing
0.4,-0.034,0.966,0.07,24.587,-52.255,brushing
0.4,-0.034,0.966,-14.892,-12.88,-85.365,brushing
0.473,0.189,0.909,-14.892,-12.88,-85.365,brushing
0.473,0.189,0.909,-27.58,-83.072,-102.987,brushing
0.572,0.659,0.932,-27.58,-83.072,-102.987,brushing
0.572,0.659,0.932,-29.19,-70.752,-90.842,brushing
0.609,1.1,1.058,-29.19,-70.752,-90.842,brushing
0.609,1.1,1.058,-15.207,-41.842,-52.202,brushing
0.702,1.426,1.149,-15.207,-41.842,-52.202,brushing
0.702,1.426,1.149,5.075,-30.957,4.077,brushing
0.7,0.882,1.051,5.075,-30.957,4.077,brushing
0.7,0.882,1.051,13.177,-82.057,32.707,brushing
0.563,-0.065,0.869,13.177,-82.057,32.707,brushing
0.563,-0.065,0.869,20.667,-54.705,42.332,brushing
0.465,-0.259,0.846,20.667,-54.705,42.332,brushing
0.414,-0.066,0.929,20.667,-54.705,42.332,brushing
0.414,-0.066,0.929,25.655,-26.18,35.892,brushing
0.363,-0.131,0.83,25.655,-26.18,35.892,brushing
0.363,-0.131,0.83,23.012,-60.112,19.617,brushing
0.338,-0.214,0.708,23.012,-60.112,19.617,brushing
0.338,-0.214,0.708,12.915,-97.23,1.995,brushing
0.306,-0.258,0.609,12.915,-97.23,1.995,brushing
0.306,-0.258,0.609,-2.31,-118.93,-14.525,brushing
0.375,-0.312,0.512,-2.31,-118.93,-14.525,brushing
0.375,-0.312,0.512,-19.057,-120.767,-26.985,brushing
0.562,-0.139,0.599,-19.057,-120.767,-26.985,brushing
0.562,-0.139,0.599,-28.98,-87.185,-25.76,brushing
0.683,0.073,0.831,-28.98,-87.185,-25.76,brushing
0.683,0.073,0.831,-30.012,-78.102,-22.382,brushing
0.729,0.03,0.963,-30.012,-78.102,-22.382,brushing
0.729,0.03,0.963,-21.507,-90.755,-20.16,brushing
0.732,-0.035,0.919,-21.507,-90.755,-20.16,brushing
0.732,-0.035,0.919,-10.412,-104.86,-17.412,brushing
0.747,-0.12,0.812,-10.412,-104.86,-17.412,brushing
0.69,-0.259,0.768,-10.412,-104.86,-17.412,brushing
0.69,-0.259,0.768,-3.027,-109.69,-12.81,brushing
0.641,-0.291,0.759,-3.027,-109.69,-12.81,brushing
0.641,-0.291,0.759,2.345,-101.517,-7.63,brushing
0.592,-0.309,0.715,2.345,-101.517,-7.63,brushing
0.592,-0.309,0.715,5.687,-91.315,-4.97,brushing
0.581,-0.287,0.659,5.687,-91.315,-4.97,brushing
0.581,-0.287,0.659,6.58,-78.435,-3.465,brushing
0.566,-0.33,0.614,6.58,-78.435,-3.465,brushing
0.566,-0.33,0.614,3.972,-73.395,-3.972,brushing
0.544,-0.466,0.603,3.972,-73.395,-3.972,brushing
0.544,-0.466,0.603,-1.907,-56.98,-5.915,brushing
0.534,-0.545,0.666,-1.907,-56.98,-5.915,brushing
0.534,-0.545,0.666,-6.422,-27.807,-7.437,brushing
0.539,-0.402,0.739,-6.422,-27.807,-7.437,brushing
0.539,-0.402,0.739,-8.995,-24.045,-11.672,brushing
0.527,-0.284,0.8,-8.995,-24.045,-11.672,brushing
0.527,-0.284,0.8,-10.727,-50.662,-15.662,brushing
0.538,-0.367,0.823,-10.727,-50.662,-15.662,brushing
0.579,-0.223,0.785,-10.727,-50.662,-15.662,brushing
0.579,-0.223,0.785,-12.915,-72.327,-18.655,brushing
0.613,0.07,0.876,-12.915,-72.327,-18.655,brushing
0.613,0.07,0.876,-19.46,-114.047,-15.155,brushing
0.598,-0.16,0.86,-19.46,-114.047,-15.155,brushing
0.598,-0.16,0.86,-28.787,-212.66,-23.362,brushing
0.549,-0.907,0.472,-28.787,-212.66,-23.362,brushing
0.549,-0.907,0.472,-30.275,-191.922,-22.382,brushing
0.576,-0.99,0.673,-30.275,-191.922,-22.382,brushing
0.576,-0.99,0.673,-19.075,-26.25,-14,brushing
0.549,-0.526,0.829,-19.075,-26.25,-14,brushing
0.549,-0.526,0.829,-12.652,10.29,-20.072,brushing
0.599,-0.105,0.855,-12.652,10.29,-20.072,brushing
0.599,-0.105,0.855,-15.627,-53.34,-15.645,brushing
0.67,-0.176,0.744,-15.627,-53.34,-15.645,brushing
0.67,-0.176,0.744,-18.97,-69.072,-0.63,brushing
0.687,-0.468,0.466,-18.97,-69.072,-0.63,brushing
0.687,-0.468,0.466,-17.937,41.422,24.097,brushing
0.68,-0.603,0.497,-17.937,41.422,24.097,brushing
0.589,-0.193,0.74,-17.937,41.422,24.097,brushing
0.589,-0.193,0.74,-9.782,178.062,44.222,brushing
0.57,-0.169,0.658,-9.782,178.062,44.222,brushing
0.57,-0.169,0.658,-10.78,202.527,52.902,brushing
0.484,-0.644,0.62,-10.78,202.527,52.902,brushing
0.484,-0.644,0.62,-12.197,261.467,59.797,brushing
0.423,-0.449,0.611,-12.197,261.467,59.797,brushing
0.423,-0.449,0.611,-1.382,383.005,68.39,brushing
0.33,-0.22,0.775,-1.382,383.005,68.39,brushing
0.33,-0.22,0.775,5.845,422.747,63.297,brushing
0.171,-0.216,0.966,5.845,422.747,63.297,brushing
0.171,-0.216,0.966,18.9,391.002,37.117,brushing
0.028,-0.146,1.138,18.9,391.002,37.117,brushing
0.028,-0.146,1.138,39.48,325.342,-0.262,brushing
0.062,0.084,1.122,39.48,325.342,-0.262,brushing
0.062,0.084,1.122,63.14,293.3,-20.282,brushing
0.279,0.198,0.954,63.14,293.3,-20.282,brushing
0.339,0.385,0.794,76.615,265.492,-26.775,brushing
0.488,0.696,0.875,76.615,265.492,-26.775,brushing
0.488,0.696,0.875,77.332,154.245,-34.597,brushing
0.667,0.53,0.61,77.332,154.245,-34.597,brushing
0.667,0.53,0.61,72.135,49.647,-35.98,brushing
0.906,0.491,0.427,72.135,49.647,-35.98,brushing
0.906,0.491,0.427,53.112,42.07,-24.062,brushing
0.831,0.444,0.624,53.112,42.07,-24.062,brushing
0.831,0.444,0.624,31.552,45.482,-10.885,brushing
0.683,0.431,0.888,31.552,45.482,-10.885,brushing
0.683,0.431,0.888,18.865,12.81,-11.147,brushing
0.673,0.559,0.897,18.865,12.81,-11.147,brushing
0.673,0.559,0.897,16.03,-32.69,-13.685,brushing
0.681,0.559,0.764,16.03,-32.69,-13.685,brushing
0.681,0.559,0.764,15.295,-37.275,-6.947,brushing
0.604,0.728,0.701,15.295,-37.275,-6.947,brushing
0.604,0.728,0.701,11.392,-61.425,2.572,brushing
0.554,0.806,0.8,11.392,-61.425,2.572,brushing
0.517,0.787,0.847,11.392,-61.425,2.572,brushing
0.517,0.787,0.847,7.262,-124.827,7.455,brushing
0.51,0.65,0.876,7.262,-124.827,7.455,brushing
0.51,0.65,0.876,8.907,-195.86,9.485,brushing
0.464,0.283,0.887,8.907,-195.86,9.485,brushing
0.464,0.283,0.887,15.662,-244.195,6.79,brushing
0.441,0.04,0.88,15.662,-244.195,6.79,brushing
0.441,0.04,0.88,25.06,-255.797,-0.332,brushing
0.23,-0.314,0.827,25.06,-255.797,-0.332,brushing
0.23,-0.314,0.827,28.262,-290.517,-26.81,brushing
0.359,-0.742,0.623,28.262,-290.517,-26.81,brushing
0.359,-0.742,0.623,25.795,-237.16,-50.61,brushing
0.571,-0.114,0.511,25.795,-237.16,-50.61,brushing
0.571,-0.114,0.511,13.16,-159.897,-56.385,brushing
0.786,0.15,0.436,13.16,-159.897,-56.385,brushing
0.786,0.15,0.436,-7.595,-115.902,-40.285,brushing
1.132,0.357,0.36,-7.595,-115.902,-40.285,brushing
1.132,0.357,0.36,-26.005,-41.317,-2.31,brushing
1.332,0.427,0.419,-26.005,-41.317,-2.31,brushing
1.107,0.109,0.564,-26.005,-41.317,-2.31,brushing
1.107,0.109,0.564,-37.205,8.312,34.965,brushing
0.921,-0.053,0.63,-37.205,8.312,34.965,brushing
0.921,-0.053,0.63,-38.15,63.875,64.155,brushing
0.656,-0.261,0.664,-38.15,63.875,64.155,brushing
0.656,-0.261,0.664,-38.605,100.345,76.125,brushing
0.58,-0.468,0.5,-38.605,100.345,76.125,brushing
0.58,-0.468,0.5,-37.852,168.787,78.785,brushing
0.461,-0.37,0.418,-37.852,168.787,78.785,brushing
0.461,-0.37,0.418,-40.775,271.932,73.43,brushing
0.206,-0.307,0.522,-40.775,271.932,73.43,brushing
0.206,-0.307,0.522,-45.57,290.92,43.872,brushing
-0.214,-0.363,0.805,-45.57,290.92,43.872,brushing
-0.214,-0.363,0.805,-37.432,227.412,-6.755,brushing
-0.022,0.015,0.782,-37.432,227.412,-6.755,brushing
-0.022,0.015,0.782,-22.085,191.607,-33.215,brushing
0.21,0.38,0.652,-22.085,191.607,-33.215,brushing
0.21,0.38,0.652,-9.327,164.342,-45.815,brushing
0.09,0.485,0.778,-9.327,164.342,-45.815,brushing
0.035,0.378,0.84,-9.327,164.342,-45.815,brushing
0.035,0.378,0.84,8.645,112.14,-55.527,brushing
0.024,0.279,0.829,8.645,112.14,-55.527,brushing
0.024,0.279,0.829,30.17,78.557,-65.73,brushing
0.065,0.157,0.702,30.17,78.557,-65.73,brushing
0.065,0.157,0.702,47.302,66.85,-76.545,brushing
0.239,0.205,0.493,47.302,66.85,-76.545,brushing
0.239,0.205,0.493,52.36,76.09,-84.962,brushing
0.538,0.23,0.198,52.36,76.09,-84.962,brushing
0.538,0.23,0.198,45.535,115.132,-85.662,brushing
0.971,0.55,-0.162,45.535,115.132,-85.662,brushing
0.971,0.55,-0.162,31.202,209.055,-68.6,brushing
1.287,1.28,-0.434,31.202,209.055,-68.6,brushing
1.287,1.28,-0.434,2.24,269.57,-30.59,brushing
1.193,1.574,-0.23,2.24,269.57,-30.59,brushing
1.193,1.574,-0.23,-31.78,236.495,10.92,brushing
0.909,1.223,0.133,-31.78,236.495,10.92,brushing
0.909,1.223,0.133,-53.707,204.4,38.972,brushing
0.56,0.797,0.245,-53.707,204.4,38.972,brushing
0.108,0.548,0.577,-53.707,204.4,38.972,brushing
0.108,0.548,0.577,-60.27,195.755,31.78,brushing
-0.642,0.328,1.206,-60.27,195.755,31.78,brushing
-0.642,0.328,1.206,-32.095,189.455,-3.255,brushing
-0.878,0.822,1.414,-32.095,189.455,-3.255,brushing
-0.878,0.822,1.414,29.942,155.575,-49.542,brushing
-0.3,1.342,1.067,29.942,155.575,-49.542,brushing
-0.3,1.342,1.067,77.997,52.08,-70.647,brushing
-0.359,0.896,1.033,77.997,52.08,-70.647,brushing
-0.359,0.896,1.033,106.207,-62.107,-92.977,brushing
-0.282,0.443,0.6,106.207,-62.107,-92.977,brushing
-0.282,0.443,0.6,123.637,-16.8,-101.447,brushing
0.272,0.825,0.326,123.637,-16.8,-101.447,brushing
0.272,0.825,0.326,120.015,77.035,-95.305,brushing
1.083,1.437,-0.107,120.015,77.035,-95.305,brushing
1.083,1.437,-0.107,95.34,72.712,-71.995,brushing
1.874,1.733,-0.672,95.34,72.712,-71.995,brushing
1.829,1.846,-0.541,50.995,85.487,-19.827,brushing
1.373,1.485,-0.251,50.995,85.487,-19.827,brushing
1.373,1.485,-0.251,8.085,70.577,38.71,brushing
1.103,1.462,-0.224,8.085,70.577,38.71,brushing
1.103,1.462,-0.224,-23.222,69.58,88.41,brushing
0.526,1.077,-0.007,-23.222,69.58,88.41,brushing
0.526,1.077,-0.007,-39.865,66.342,102.987,brushing
-0.267,0.54,0.697,-39.865,66.342,102.987,brushing
-0.267,0.54,0.697,-27.79,67.322,74.532,brushing
-1.424,0.161,1.605,-27.79,67.322,74.532,brushing
-1.424,0.161,1.605,35.91,64.155,3.797,brushing
-0.539,1.48,0.877,35.91,64.155,3.797,brushing
-0.539,1.48,0.877,78.067,-34.702,-42.682,brushing
0.061,1.196,0.272,78.067,-34.702,-42.682,brushing
0.061,1.196,0.272,78.715,-102.392,-64.102,brushing
-0.086,0.898,0.575,78.715,-102.392,-64.102,brushing
-0.086,0.898,0.575,81.375,-111.335,-86.817,brushing
-0.072,0.672,0.563,81.375,-111.335,-86.817,brushing
0.146,0.892,0.266,81.375,-111.335,-86.817,brushing
0.146,0.892,0.266,86.362,-80.15,-104.527,brushing
0.655,1.354,-0.031,86.362,-80.15,-104.527,brushing
0.655,1.354,-0.031,77.927,-20.597,-97.317,brushing
1.44,1.463,-0.52,77.927,-20.597,-97.317,brushing
1.44,1.463,-0.52,62.457,9.695,-67.48,brushing
2,1.902,-0.92,62.457,9.695,-67.48,brushing
2,1.902,-0.92,39.76,51.327,-8.977,brushing
1.367,1.386,-0.535,39.76,51.327,-8.977,brushing
1.367,1.386,-0.535,9.94,31.342,53.83,brushing
0.903,0.963,-0.223,9.94,31.342,53.83,brushing
0.903,0.963,-0.223,-11.06,12.617,94.272,brushing
0.54,0.696,-0.246,-11.06,12.617,94.272,brushing
0.54,0.696,-0.246,-33.81,-9.817,97.352,brushing
0.199,0.088,-0.092,-33.81,-9.817,97.352,brushing
0.199,0.088,-0.092,-48.912,25.515,64.89,brushing
-0.162,0.171,0.227,-48.912,25.515,64.89,brushing
-0.162,0.171,0.227,-42.98,59.097,18.952,brushing
-0.778,0.264,1.118,-42.98,59.097,18.952,brushing
-0.499,0.881,0.918,-42.98,59.097,18.952,brushing
-0.499,0.881,0.918,-1.645,0.28,-38.08,brushing
0.005,1.361,0.608,-1.645,0.28,-38.08,brushing
0.005,1.361,0.608,27.772,-50.75,-55.632,brushing
-0.041,1.059,0.648,27.772,-50.75,-55.632,brushing
-0.041,1.059,0.648,44.38,-128.537,-69.545,brushing
0.053,0.843,0.42,44.38,-128.537,-69.545,brushing
0.053,0.843,0.42,59.727,-137.76,-78.802,brushing
0.407,1.026,0.065,59.727,-137.76,-78.802,brushing
0.407,1.026,0.065,59.307,-95.917,-70.07,brushing
1.246,0.959,-0.347,59.307,-95.917,-70.07,brushing
1.246,0.959,-0.347,41.317,-67.445,-49.087,brushing
1.886,1.303,-0.77,41.317,-67.445,-49.087,brushing
1.886,1.303,-0.77,10.657,-60.322,-14.087,brushing
1.553,1.442,-0.653,10.657,-60.322,-14.087,brushing
1.553,1.442,-0.653,-20.492,-66.99,32.48,brushing
1.131,1.513,-0.452,-20.492,-66.99,32.48,brushing
1.131,1.513,-0.452,-49.647,-51.712,85.837,brushing
0.75,1.69,-0.215,-49.647,-51.712,85.837,brushing
0.353,1.549,0.372,-49.647,-51.712,85.837,brushing
0.353,1.549,0.372,-76.072,-116.147,108.85,brushing
-0.281,0.537,0.932,-76.072,-116.147,108.85,brushing
-0.281,0.537,0.932,-72.082,-211.33,99.225,brushing
-0.868,-0.291,1.557,-72.082,-211.33,99.225,brushing
-0.868,-0.291,1.557,-30.677,-251.615,35.56,brushing
-0.427,0.5,1.543,-30.677,-251.615,35.56,brushing
-0.427,0.5,1.543,20.965,-242.375,-21.35,brushing
-0.119,1.086,1.394,20.965,-242.375,-21.35,brushing
-0.119,1.086,1.394,46.725,-301.682,-52.535,brushing
-0.098,1.003,1.125,46.725,-301.682,-52.535,brushing
-0.098,1.003,1.125,51.292,-387.31,-68.757,brushing
0.361,0.688,0.625,51.292,-387.31,-68.757,brushing
0.361,0.688,0.625,40.407,-331.432,-49.752,brushing
0.602,0.329,0.433,40.407,-331.432,-49.752,brushing
0.602,0.329,0.433,24.885,-191.257,-16.852,brushing
1.228,0.664,0.337,24.885,-191.257,-16.852,brushing
1.228,0.664,0.337,3.675,-114.835,9.8,brushing
1.756,0.889,0.148,3.675,-114.835,9.8,brushing
1.565,0.769,0.284,3.675,-114.835,9.8,brushing
1.565,0.769,0.284,-7.297,-59.22,40.862,brushing
1.15,0.961,0.484,-7.297,-59.22,40.862,brushing
1.15,0.961,0.484,1.522,-7.21,87.832,brushing
0.74,0.845,0.602,1.522,-7.21,87.832,brushing
0.74,0.845,0.602,13.79,-7.42,132.072,brushing
0.363,0.229,0.513,13.79,-7.42,132.072,brushing
0.363,0.229,0.513,20.3,-9.047,141.47,brushing
0.141,-0.011,0.485,20.3,-9.047,141.47,brushing
0.141,-0.011,0.485,14.892,42.385,119.647,brushing
-0.204,-0.147,0.785,14.892,42.385,119.647,brushing
-0.204,-0.147,0.785,-1.4,20.702,72.065,brushing
-0.421,-0.089,1.073,-1.4,20.702,72.065,brushing
-0.421,-0.089,1.073,-4.742,-41.16,19.11,brushing
-0.144,0.153,1.105,-4.742,-41.16,19.11,brushing
-0.144,0.153,1.105,-2.73,-84.91,-11.025,brushing
-0.16,0.257,1.17,-2.73,-84.91,-11.025,brushing
-0.105,0.184,1.041,-0.315,-135.31,-30.45,brushing
0.129,0.167,0.792,-0.315,-135.31,-30.45,brushing
0.129,0.167,0.792,1.47,-143.447,-37.66,brushing
0.615,0.217,0.432,1.47,-143.447,-37.66,brushing
0.615,0.217,0.432,-2.327,-100.52,-29.942,brushing
1.351,0.464,0.132,-2.327,-100.52,-29.942,brushing
1.351,0.464,0.132,-9.345,-41.72,-12.88,brushing
1.873,0.736,-0.069,-9.345,-41.72,-12.88,brushing
1.873,0.736,-0.069,-14.385,21.595,18.392,brushing
1.418,0.755,0.181,-14.385,21.595,18.392,brushing
1.418,0.755,0.181,-12.757,80.815,65.485,brushing
1.063,0.868,0.469,-12.757,80.815,65.485,brushing
1.063,0.868,0.469,1.995,106.505,114.625,brushing
0.551,0.247,0.644,1.995,106.505,114.625,brushing
0.551,0.247,0.644,14.892,125.702,128.922,brushing
0.395,-0.133,0.534,14.892,125.702,128.922,brushing
0.395,-0.133,0.534,13.492,196.105,113.61,brushing
0.016,-0.221,0.796,13.492,196.105,113.61,brushing
-0.421,-0.009,1.162,3.15,182.245,65.765,brushing
-0.538,0.283,1.402,3.15,182.245,65.765,brushing
-0.538,0.283,1.402,0.42,43.505,-1.33,brushing
-0.182,0.126,1.34,0.42,43.505,-1.33,brushing
-0.182,0.126,1.34,3.937,-70.087,-52.045,brushing
-0.204,0.07,1.296,3.937,-70.087,-52.045,brushing
-0.204,0.07,1.296,6.72,-112.927,-88.112,brushing
-0.086,0.401,1.185,6.72,-112.927,-88.112,brushing
-0.086,0.401,1.185,4.007,-153.212,-112.595,brushing
0.202,0.707,0.916,4.007,-153.212,-112.595,brushing
0.202,0.707,0.916,-7.245,-180.635,-112.315,brushing
0.597,0.629,0.741,-7.245,-180.635,-112.315,brushing
0.597,0.629,0.741,-16.117,-134.155,-91.175,brushing
1.278,0.692,0.426,-16.117,-134.155,-91.175,brushing
1.278,0.692,0.426,-22.592,-27.58,-61.11,brushing
1.685,0.771,0.163,-22.592,-27.58,-61.11,brushing
1.685,0.771,0.163,-34.177,68.39,-24.867,brushing
1.31,0.621,0.306,-34.177,68.39,-24.867,brushing
0.94,0.394,0.439,-34.177,68.39,-24.867,brushing
0.94,0.394,0.439,-39.217,124.407,13.125,brushing
0.647,0.035,0.507,-39.217,124.407,13.125,brushing
0.647,0.035,0.507,-36.102,185.972,39.392,brushing
0.45,-0.057,0.458,-36.102,185.972,39.392,brushing
0.45,-0.057,0.458,-29.662,283.832,44.992,brushing
0.278,0.256,0.38,-29.662,283.832,44.992,brushing
0.278,0.256,0.38,-33.355,373.415,34.632,brushing
-0.142,0.346,0.664,-33.355,373.415,34.632,brushing
-0.142,0.346,0.664,-40.565,366.467,-1.277,brushing
-0.467,0.443,1.033,-40.565,366.467,-1.277,brushing
-0.467,0.443,1.033,-25.235,311.097,-47.197,brushing
-0.453,0.874,0.998,-25.235,311.097,-47.197,brushing
-0.453,0.874,0.998,3.92,262.797,-73.517,brushing
-0.332,1.145,1.119,3.92,262.797,-73.517,brushing
-0.332,1.145,1.119,32.445,190.347,-82.267,brushing
-0.228,1.193,1.078,32.445,190.347,-82.267,brushing
-0.228,1.193,1.078,56.665,92.33,-84.175,brushing
-0.104,1.29,0.848,56.665,92.33,-84.175,brushing
0.105,0.715,0.55,56.665,92.33,-84.175,brushing
0.105,0.715,0.55,68.757,-18.112,-90.23,brushing
0.448,0.411,0.296,68.757,-18.112,-90.23,brushing
0.448,0.411,0.296,68.057,-24.692,-93.117,brushing
1.094,0.823,-0.031,68.057,-24.692,-93.117,brushing
1.094,0.823,-0.031,60.812,42.35,-80.832,brushing
1.702,1.529,-0.454,60.812,42.35,-80.832,brushing
1.702,1.529,-0.454,42.402,55.107,-47.46,brushing
1.659,1.671,-0.59,42.402,55.107,-47.46,brushing
1.659,1.671,-0.59,13.772,44.695,12.81,brushing
1.247,1.555,-0.41,13.772,44.695,12.81,brushing
1.247,1.555,-0.41,-12.932,73.885,81.777,brushing
0.854,1.474,-0.075,-12.932,73.885,81.777,brushing
0.854,1.474,-0.075,-29.487,56.857,122.202,brushing
0.399,0.851,0.172,-29.487,56.857,122.202,brushing
0.399,0.851,0.172,-33.162,42.577,117.39,brushing
0.027,0.47,0.414,-33.162,42.577,117.39,brushing
0.027,0.47,0.414,-24.885,58.03,82.88,brushing
-0.467,0.168,0.872,-24.885,58.03,82.88,brushing
-0.744,0.377,1.132,-24.885,58.03,82.88,brushing
-0.744,0.377,1.132,1.505,56.717,27.51,brushing
-0.169,0.958,0.696,1.505,56.717,27.51,brushing
-0.169,0.958,0.696,25.567,11.445,-18.252,brushing
-0.238,1.024,0.519,25.567,11.445,-18.252,brushing
-0.238,1.024,0.519,31.36,-25.48,-38.937,brushing
-0.07,0.837,0.402,31.36,-25.48,-38.937,brushing
-0.07,0.837,0.402,31.675,-47.845,-53.725,brushing
0.157,0.777,0.106,31.675,-47.845,-53.725,brushing
0.157,0.777,0.106,23.502,-25.76,-58.94,brushing
0.518,0.599,0.056,23.502,-25.76,-58.94,brushing
0.518,0.599,0.056,13.545,17.587,-59.01,brushing
1.21,0.81,-0.21,13.545,17.587,-59.01,brushing
1.21,0.81,-0.21,8.382,63.28,-41.685,brushing
1.835,1.337,-0.481,8.382,63.28,-41.685,brushing
1.835,1.337,-0.481,-6.58,49.525,-3.92,brushing
1.365,1.06,-0.336,-6.58,49.525,-3.92,brushing
1.365,1.06,-0.336,-22.015,59.92,44.117,brushing
0.813,1.161,-0.197,-22.015,59.92,44.117,brushing
0.329,1.118,-0.137,-22.015,59.92,44.117,brushing
0.329,1.118,-0.137,-36.05,60.515,81.462,brushing
-0.262,0.657,0.196,-36.05,60.515,81.462,brushing
-0.262,0.657,0.196,-37.905,53.847,84.35,brushing
-0.862,0.187,0.947,-37.905,53.847,84.35,brushing
-0.862,0.187,0.947,-5.88,52.972,42.595,brushing
-1.241,0.288,1.072,-5.88,52.972,42.595,brushing
-1.241,0.288,1.072,51.975,18.567,-28.157,brushing
-0.475,0.803,0.592,51.975,18.567,-28.157,brushing
-0.475,0.803,0.592,78.645,-33.705,-77.175,brushing
-0.464,0.828,0.405,78.645,-33.705,-77.175,brushing
-0.464,0.828,0.405,83.527,-52.64,-106.522,brushing
-0.092,0.999,0.203,83.527,-52.64,-106.522,brushing
-0.092,0.999,0.203,77.297,-41.65,-116.97,brushing
0.593,1.063,-0.072,77.297,-41.65,-116.97,brushing
0.593,1.063,-0.072,63.227,-19.127,-108.797,brushing
1.66,1.179,-0.48,63.227,-19.127,-108.797,brushing
2.185,1.597,-0.726,37.222,33.162,-68.635,brushing
1.501,1.251,-0.33,37.222,33.162,-68.635,brushing
1.501,1.251,-0.33,-4.62,38.92,-3.832,brushing
1.086,0.944,-0.146,-4.62,38.92,-3.832,brushing
1.086,0.944,-0.146,-35.717,42.525,49.77,brushing
0.715,0.84,-0.12,-35.717,42.525,49.77,brushing
0.715,0.84,-0.12,-51.625,55.755,76.44,brushing
0.125,0.617,0.079,-51.625,55.755,76.44,brushing
0.125,0.617,0.079,-43.155,82.775,65.1,brushing
-0.539,0.751,0.508,-43.155,82.775,65.1,brushing
-0.539,0.751,0.508,-9.257,98.98,32.515,brushing
-1.409,0.716,1.029,-9.257,98.98,32.515,brushing
-1.409,0.716,1.029,50.837,66.097,-13.895,brushing
-0.52,1.704,0.351,50.837,66.097,-13.895,brushing
-0.52,1.704,0.351,73.535,-18.532,-35.227,brushing
-0.067,1.344,0.179,73.535,-18.532,-35.227,brushing
-0.067,1.344,0.179,70.787,-80.867,-52.832,brushing
-0.201,0.896,0.374,70.787,-80.867,-52.832,brushing
0.005,0.735,0.27,73.762,-68.25,-74.935,brushing
0.289,1.035,0.088,73.762,-68.25,-74.935,brushing
0.289,1.035,0.088,68.985,-32.725,-89.302,brushing
1.027,1.193,-0.29,68.985,-32.725,-89.302,brushing
1.027,1.193,-0.29,51.537,-28.595,-89.302,brushing
1.77,1.468,-0.606,51.537,-28.595,-89.302,brushing
1.77,1.468,-0.606,27.895,2.082,-59.202,brushing
1.637,1.393,-0.579,27.895,2.082,-59.202,brushing
1.637,1.393,-0.579,-3.972,24.027,-4.882,brushing
1.012,1.113,-0.345,-3.972,24.027,-4.882,brushing
1.012,1.113,-0.345,-31.727,30.415,41.457,brushing
0.696,1.072,-0.291,-31.727,30.415,41.457,brushing
0.696,1.072,-0.291,-57.137,-6.86,65.03,brushing
0.351,0.63,-0.131,-57.137,-6.86,65.03,brushing
0.351,0.63,-0.131,-65.292,-25.042,58.135,brushing
-0.207,0.235,0.242,-65.292,-25.042,58.135,brushing
-0.207,0.235,0.242,-47.547,7.455,28.28,brushing
-0.768,0.199,0.726,-47.547,7.455,28.28,brushing
-0.902,0.473,0.664,-47.547,7.455,28.28,brushing
-0.902,0.473,0.664,-7.84,-9.782,-24.832,brushing
-0.172,1.356,0.087,-7.84,-9.782,-24.832,brushing
-0.172,1.356,0.087,17.797,-41.545,-56.385,brushing
-0.26,1.357,0.095,17.797,-41.545,-56.385,brushing
-0.26,1.357,0.095,18.585,-76.107,-61.862,brushing
-0.192,1.069,0.122,18.585,-76.107,-61.862,brushing
-0.192,1.069,0.122,19.407,-85.995,-66.622,brushing
-0.203,0.862,0.266,19.407,-85.995,-66.622,brushing
-0.203,0.862,0.266,23.485,-66.937,-77.892,brushing
0.042,0.975,0.075,23.485,-66.937,-77.892,brushing
0.042,0.975,0.075,20.002,-62.16,-88.235,brushing
0.479,0.765,-0.056,20.002,-62.16,-88.235,brushing
0.479,0.765,-0.056,11.62,-4.41,-82.267,brushing
1.163,1.177,-0.249,11.62,-4.41,-82.267,brushing
1.163,1.177,-0.249,2.047,50.085,-49.56,brushing
1.513,1.355,-0.263,2.047,50.085,-49.56,brushing
1.513,1.355,-0.263,-9.17,47.687,-9.905,brushing
0.907,0.943,-0.008,-9.17,47.687,-9.905,brushing
0.652,1.191,0.026,-9.17,47.687,-9.905,brushing
0.652,1.191,0.026,-11.917,58.852,23.082,brushing
0.466,1.151,-0.198,-11.917,58.852,23.082,brushing
0.466,1.151,-0.198,-18.742,36.872,48.212,brushing
0.158,0.957,-0.217,-18.742,36.872,48.212,brushing
0.158,0.957,-0.217,-28.595,63.84,57.627,brushing
-0.318,1.119,0.152,-28.595,63.84,57.627,brushing
-0.318,1.119,0.152,-30.73,79.345,42.315,brushing
-0.591,1.216,0.418,-30.73,79.345,42.315,brushing
-0.591,1.216,0.418,-24.36,29.645,17.307,brushing
-0.647,1.35,0.7,-24.36,29.645,17.307,brushing
-0.647,1.35,0.7,-9.31,-55.772,-12.18,brushing
-0.375,1.521,0.801,-9.31,-55.772,-12.18,brushing
-0.375,1.521,0.801,11.357,-146.93,-37.572,brushing
-0.396,1.477,0.745,11.357,-146.93,-37.572,brushing
-0.396,1.477,0.745,29.907,-223.09,-59.815,brushing
-0.162,1.414,0.54,29.907,-223.09,-59.815,brushing
-0.162,1.414,0.54,38.395,-244.317,-70.49,brushing
0.006,1.308,0.577,38.395,-244.317,-70.49,brushing
0.09,0.821,0.34,38.395,-244.317,-70.49,brushing
0.09,0.821,0.34,36.89,-260.732,-78.872,brushing
0.373,0.188,0.109,36.89,-260.732,-78.872,brushing
0.373,0.188,0.109,27.895,-159.757,-75.232,brushing
0.614,0.74,0.045,27.895,-159.757,-75.232,brushing
0.614,0.74,0.045,20.072,9.992,-59.342,brushing
0.921,0.896,-0.141,20.072,9.992,-59.342,brushing
0.921,0.896,-0.141,-3.832,19.355,-43.417,brushing
0.847,0.447,0.069,-3.832,19.355,-43.417,brushing
0.847,0.447,0.069,-21.21,12.355,-29.382,brushing
0.376,0.042,0.228,-21.21,12.355,-29.382,brushing
0.376,0.042,0.228,-10.01,75.477,-19.74,brushing
0.305,0.504,0.01,-10.01,75.477,-19.74,brushing
0.305,0.504,0.01,5.075,138.617,-13.702,brushing
0.231,1.031,-0.274,5.075,138.617,-13.702,brushing
0.231,1.031,-0.274,1.155,139.055,-14.21,brushing
0.02,1.153,-0.494,1.155,139.055,-14.21,brushing
-0.284,1.455,-0.378,-15.715,178.5,-10.885,brushing
-0.542,1.837,0.011,-15.715,178.5,-10.885,brushing
-0.542,1.837,0.011,-32.235,176.925,-7.735,brushing
-0.823,1.753,0.434,-32.235,176.925,-7.735,brushing
-0.823,1.753,0.434,-36.365,61.372,-22.085,brushing
-0.501,1.581,0.626,-36.365,61.372,-22.085,brushing
-0.501,1.581,0.626,-24.43,-59.237,-41.457,brushing
-0.448,1.224,0.628,-24.43,-59.237,-41.457,brushing
-0.448,1.224,0.628,-4.427,-93.555,-52.237,brushing
-0.315,1.281,0.639,-4.427,-93.555,-52.237,brushing
-0.315,1.281,0.639,11.69,-91.07,-59.08,brushing
-0.04,1.357,0.589,11.69,-91.07,-59.08,brushing
-0.04,1.357,0.589,10.272,-142.712,-60.48,brushing
0.198,0.727,0.557,10.272,-142.712,-60.48,brushing
0.198,0.727,0.557,7.822,-143.395,-59.727,brushing
0.754,0.446,0.392,7.822,-143.395,-59.727,brushing
0.754,0.446,0.392,8.26,-73.29,-47.652,brushing
0.865,0.258,0.252,8.26,-73.29,-47.652,brushing
0.884,0.348,0.195,5.6,-19.215,-31.167,brushing
0.502,0.235,0.396,5.6,-19.215,-31.167,brushing
0.502,0.235,0.396,6.422,-16.66,-12.915,brushing
0.152,0.341,0.261,6.422,-16.66,-12.915,brushing
0.152,0.341,0.261,25.497,-1.522,-0.56,brushing
-0.009,0.573,-0.277,25.497,-1.522,-0.56,brushing
-0.009,0.573,-0.277,40.617,18.427,-6.125,brushing
-0.343,0.796,-0.956,40.617,18.427,-6.125,brushing
-0.343,0.796,-0.956,32.322,138.25,-0.77,brushing
-0.536,2.441,-1.251,32.322,138.25,-0.77,brushing
-0.536,2.441,-1.251,-30.8,104.177,9.695,brushing
-0.726,1.858,-0.764,-30.8,104.177,9.695,brushing
-0.726,1.858,-0.764,-81.34,-10.29,16.572,brushing
-0.671,1.528,0.171,-81.34,-10.29,16.572,brushing
-0.671,1.528,0.171,-78.225,-45.85,15.54,brushing
-0.865,0.84,1.128,-78.225,-45.85,15.54,brushing
-0.865,0.84,1.128,-27.982,-54.407,-0.087,brushing
-0.449,0.647,1.033,-27.982,-54.407,-0.087,brushing
0.154,0.743,1.241,-27.982,-54.407,-0.087,brushing
0.154,0.743,1.241,12.267,-59.465,-22.662,brushing
0.592,0.645,0.766,12.267,-59.465,-22.662,brushing
0.592,0.645,0.766,37.38,-94.325,-31.325,brushing
0.796,-0.007,0.739,37.38,-94.325,-31.325,brushing
0.796,-0.007,0.739,51.467,-58.87,-20.65,brushing
0.471,0.654,0.508,51.467,-58.87,-20.65,brushing
0.471,0.654,0.508,59.412,-5.25,-8.417,brushing
0.394,0.476,0.088,59.412,-5.25,-8.417,brushing
0.394,0.476,0.088,54.355,-21.157,-1.645,brushing
0.201,0.499,-0.398,54.355,-21.157,-1.645,brushing
0.201,0.499,-0.398,33.25,30.975,-3.465,brushing
-0.004,0.524,-0.486,33.25,30.975,-3.465,brushing
-0.004,0.524,-0.486,7.997,151.672,-0.7,brushing
-0.393,1.666,-0.976,7.997,151.672,-0.7,brushing
-0.393,1.666,-0.976,-25.497,164.517,7.805,brushing
-0.659,2.455,-0.857,-25.497,164.517,7.805,brushing
-0.659,2.455,-0.857,-72.607,32.287,15.435,brushing
-0.627,1.546,-0.694,-72.607,32.287,15.435,brushing
-0.761,1.586,0.584,-72.607,32.287,15.435,brushing
-0.761,1.586,0.584,-90.527,20.212,22.277,brushing
-0.777,0.869,0.823,-90.527,20.212,22.277,brushing
-0.777,0.869,0.823,-57.487,-34.177,15.645,brushing
-0.248,0.814,1.138,-57.487,-34.177,15.645,brushing
-0.248,0.814,1.138,-20.177,-60.41,-8.155,brushing
0.232,0.653,0.97,-20.177,-60.41,-8.155,brushing
0.232,0.653,0.97,1.575,-90.667,-24.185,brushing
0.86,0.05,1.005,1.575,-90.667,-24.185,brushing
0.86,0.05,1.005,10.972,-52.972,-30.432,brushing
0.724,0.372,0.857,10.972,-52.972,-30.432,brushing
0.724,0.372,0.857,30.31,15.312,-23.03,brushing
0.555,1.002,0.574,30.31,15.312,-23.03,brushing
0.555,1.002,0.574,30.292,-39.375,-15.19,brushing
0.381,0.496,0.303,30.292,-39.375,-15.19,brushing
0.381,0.496,0.303,30.327,-40.897,-14.875,brushing
0.071,0.579,-0.615,30.327,-40.897,-14.875,brushing
0.071,0.579,-0.615,34.562,116.725,3.027,brushing
-0.334,1.358,-0.376,34.562,116.725,3.027,brushing
-0.584,3.793,-1.372,34.562,116.725,3.027,brushing
-0.584,3.793,-1.372,13.492,164.185,38.57,brushing
-0.854,1.515,-1.082,13.492,164.185,38.57,brushing
-0.854,1.515,-1.082,-47.617,-97.282,59.745,brushing
-0.783,0.421,0.098,-47.617,-97.282,59.745,brushing
-0.783,0.421,0.098,-66.237,-42.192,46.812,brushing
-0.828,0.957,1.045,-66.237,-42.192,46.812,brushing
-0.828,0.957,1.045,-39.112,-4.06,13.72,brushing
-0.409,1.239,1.282,-39.112,-4.06,13.72,brushing
-0.409,1.239,1.282,-3.57,-109.305,-24.482,brushing
0.4,1.066,1.047,-3.57,-109.305,-24.482,brushing
0.4,1.066,1.047,4.27,-165.9,-30.782,brushing
0.713,0.107,0.852,4.27,-165.9,-30.782,brushing
0.713,0.107,0.852,18.62,-67.707,-18.112,brushing
0.595,0.247,1.223,18.62,-67.707,-18.112,brushing
0.595,0.247,1.223,40.127,-36.697,-14,brushing
0.328,0.246,0.619,40.127,-36.697,-14,brushing
0.218,0.162,0.032,44.992,-46.322,-22.785,brushing
0.156,0.136,-0.467,44.992,-46.322,-22.785,brushing
0.156,0.136,-0.467,31.727,-17.797,-31.167,brushing
0.086,0.367,-0.512,31.727,-17.797,-31.167,brushing
0.086,0.367,-0.512,8.96,110.6,-26.46,brushing
-0.296,2.259,-1.126,8.96,110.6,-26.46,brushing
-0.296,2.259,-1.126,-16.467,251.72,5.232,brushing
-0.605,3.035,-0.909,-16.467,251.72,5.232,brushing
-0.605,3.035,-0.909,-76.387,36.995,23.222,brushing
-0.796,1.127,-0.676,-76.387,36.995,23.222,brushing
-0.796,1.127,-0.676,-99.767,5.792,36.05,brushing
-0.679,1.183,0.302,-99.767,5.792,36.05,brushing
-0.679,1.183,0.302,-81.585,51.782,34.352,brushing
-0.66,0.936,0.726,-81.585,51.782,34.352,brushing
-0.66,0.936,0.726,-46.445,-8.032,7.297,brushing
-0.337,1.108,0.929,-46.445,-8.032,7.297,brushing
-0.337,1.108,0.929,-25.042,-110.95,-21.647,brushing
0.082,1.543,0.962,-25.042,-110.95,-21.647,brushing
0.269,0.007,0.789,-18.025,-188.247,-21.805,brushing
0.537,0.252,0.977,-18.025,-188.247,-21.805,brushing
0.537,0.252,0.977,-3.605,-42.42,-9.52,brushing
0.34,0.409,0.95,-3.605,-42.42,-9.52,brushing
0.34,0.409,0.95,15.715,-3.675,-9.572,brushing
0.153,0.599,0.692,15.715,-3.675,-9.572,brushing
0.153,0.599,0.692,31.255,-33.617,-17.745,brushing
0.009,0.292,0.334,31.255,-33.617,-17.745,brushing
0.009,0.292,0.334,45.552,-30.135,-18.13,brushing
0.001,0.327,-0.002,45.552,-30.135,-18.13,brushing
0.001,0.327,-0.002,56.087,31.885,-21.472,brushing
0.097,0.997,-0.61,56.087,31.885,-21.472,brushing
0.097,0.997,-0.61,47.11,140.717,-2.642,brushing
-0.106,1.955,-1.1,47.11,140.717,-2.642,brushing
-0.106,1.955,-1.1,11.2,186.182,37.537,brushing
-0.252,3.071,-1.232,11.2,186.182,37.537,brushing
-0.252,3.071,-1.232,-57.68,-26.617,52.71,brushing
-0.624,0.852,-1.019,-57.68,-26.617,52.71,brushing
-0.742,0.951,0.094,-57.68,-26.617,52.71,brushing
-0.742,0.951,0.094,-91.42,0.997,33.425,brushing
-0.946,0.944,0.974,-91.42,0.997,33.425,brushing
-0.946,0.944,0.974,-78.172,30.607,13.265,brushing
-0.737,1.296,1.427,-78.172,30.607,13.265,brushing
-0.737,1.296,1.427,-32.095,-21.91,-13.807,brushing
0.043,1.126,0.969,-32.095,-21.91,-13.807,brushing
0.043,1.126,0.969,-2.345,-142.327,-37.012,brushing
0.594,-0.04,0.425,-2.345,-142.327,-37.012,brushing
0.594,-0.04,0.425,4.55,-116.2,-43.802,brushing
0.73,-0.03,0.917,4.55,-116.2,-43.802,brushing
0.73,-0.03,0.917,12.915,5.582,-37.922,brushing
0.35,0.541,0.793,12.915,5.582,-37.922,brushing
0.35,0.541,0.793,27.195,13.72,-32.812,brushing
0.344,0.594,0.591,27.195,13.72,-32.812,brushing
0.344,0.594,0.591,40.145,-13.685,-27.457,brushing
0.188,0.028,0.169,40.145,-13.685,-27.457,brushing
0.188,0.028,0.169,50.067,71.452,-26.722,brushing
-0.028,0.476,-0.358,50.067,71.452,-26.722,brushing
-0.144,1.463,-0.683,50.067,71.452,-26.722,brushing
-0.144,1.463,-0.683,31.272,147.21,-22.172,brushing
-0.346,2.56,-1.039,31.272,147.21,-22.172,brushing
-0.346,2.56,-1.039,13.387,230.212,19.075,brushing
-0.676,2.853,-0.758,13.387,230.212,19.075,brushing
-0.676,2.853,-0.758,-32.76,42.472,42.665,brushing
-0.802,0.575,-0.548,-32.76,42.472,42.665,brushing
-0.802,0.575,-0.548,-58.152,-45.132,31.517,brushing
-0.774,0.812,0.358,-58.152,-45.132,31.517,brushing
-0.774,0.812,0.358,-56.385,20.09,3.307,brushing
-0.745,0.819,0.74,-56.385,20.09,3.307,brushing
-0.745,0.819,0.74,-35.437,15.015,-30.362,brushing
-0.245,1.349,0.841,-35.437,15.015,-30.362,brushing
-0.245,1.349,0.841,-13.947,-49.577,-49.332,brushing
0.312,1.073,0.824,-13.947,-49.577,-49.332,brushing
0.312,1.073,0.824,3.92,-85.487,-46.515,brushing
0.59,0.577,0.373,3.92,-85.487,-46.515,brushing
0.59,0.577,0.373,20.895,-34.475,-30.94,brushing
0.461,0.182,0.989,20.895,-34.475,-30.94,brushing
0.215,0.798,0.707,20.895,-34.475,-30.94,brushing
0.215,0.798,0.707,43.942,14.77,-14.735,brushing
0.102,0.384,0.395,43.942,14.77,-14.735,brushing
0.102,0.384,0.395,54.477,-19.95,-6.055,brushing
0.043,0.041,-0.094,54.477,-19.95,-6.055,brushing
0.043,0.041,-0.094,60.707,12.11,-10.185,brushing
0.022,0.799,-0.824,60.707,12.11,-10.185,brushing
0.022,0.799,-0.824,51.87,71.347,-15.4,brushing
-0.048,1.057,-0.481,51.87,71.347,-15.4,brushing
-0.048,1.057,-0.481,37.922,180.547,15.47,brushing
-0.258,3.346,-1.554,37.922,180.547,15.47,brushing
-0.258,3.346,-1.554,-16.747,113.785,55.352,brushing
-0.701,2.22,-0.995,-16.747,113.785,55.352,brushing
-0.701,2.22,-0.995,-56.157,-137.305,60.672,brushing
-0.778,0.093,-0.989,-56.157,-137.305,60.672,brushing
-0.778,0.093,-0.989,-73.43,19.915,46.13,brushing
-0.884,0.871,0.336,-73.43,19.915,46.13,brushing
-0.884,0.871,0.336,-50.732,16.397,16.817,brushing
-0.845,1.596,0.885,-50.732,16.397,16.817,brushing
-0.43,1.735,1.09,-50.732,16.397,16.817,brushing
-0.43,1.735,1.09,-5.722,-160.72,-9.555,brushing
0.254,0.485,0.28,-5.722,-160.72,-9.555,brushing
0.254,0.485,0.28,26.95,-280.28,-15.26,brushing
0.538,-0.894,0.705,26.95,-280.28,-15.26,brushing
0.538,-0.894,0.705,45.692,-122.465,-19.722,brushing
0.419,0.266,0.792,45.692,-122.465,-19.722,brushing
0.419,0.266,0.792,77.052,87.447,-11.62,brushing
0.348,0.827,0.509,77.052,87.447,-11.62,brushing
0.348,0.827,0.509,77.717,-1.032,-15.767,brushing
0.307,0.065,0.27,77.717,-1.032,-15.767,brushing
0.307,0.065,0.27,80.675,-18.27,-21.175,brushing
0.173,0.069,0.065,80.675,-18.27,-21.175,brushing
0.173,0.069,0.065,92.242,62.72,-16.52,brushing
-0.028,1.089,-0.744,92.242,62.72,-16.52,brushing
-0.028,1.089,-0.744,82.075,69.492,-5.215,brushing
0.099,1.232,-0.765,82.075,69.492,-5.215,brushing
-0.327,2.164,-0.89,55.212,147.945,35.787,brushing
-0.783,1.593,-0.184,55.212,147.945,35.787,brushing
-0.783,1.593,-0.184,22.137,77.857,61.372,brushing
-1.14,0.614,0.296,22.137,77.857,61.372,brushing
-1.14,0.614,0.296,34.23,31.08,44.887,brushing
-0.793,1.311,0.696,34.23,31.08,44.887,brushing
-0.793,1.311,0.696,72.135,30.957,18.532,brushing
-0.24,1.675,0.466,72.135,30.957,18.532,brushing
-0.24,1.675,0.466,96.617,-69.317,1.225,brushing
0.517,0.895,-0.027,96.617,-69.317,1.225,brushing
0.517,0.895,-0.027,93.1,10.78,23.222,brushing
0.923,1.719,0.128,93.1,10.78,23.222,brushing
0.923,1.719,0.128,77.752,19.46,37.52,brushing
0.787,0.821,0.225,77.752,19.46,37.52,brushing
0.787,0.821,0.225,56.507,-3.36,30.45,brushing
0.235,0.429,0.29,56.507,-3.36,30.45,brushing
0.235,0.429,0.29,35.822,-5.53,1.4,brushing
-0.221,0.634,0.239,35.822,-5.53,1.4,brushing
-0.35,1.262,0.099,14.84,-10.552,-26.81,brushing
-0.428,1.425,0.146,14.84,-10.552,-26.81,brushing
-0.428,1.425,0.146,3.78,-24.08,-27.545,brushing
-0.213,1.199,0.25,3.78,-24.08,-27.545,brushing
-0.213,1.199,0.25,7.805,-22.977,-13.02,brushing
0.212,0.801,0.175,7.805,-22.977,-13.02,brushing
0.212,0.801,0.175,17.027,-31.745,-5.617,brushing
0.674,0.6,-0.048,17.027,-31.745,-5.617,brushing
0.674,0.6,-0.048,18.462,-23.24,1.382,brushing
0.86,0.462,-0.298,18.462,-23.24,1.382,brushing
0.86,0.462,-0.298,9.94,30.117,15.452,brushing
0.841,0.889,-0.517,9.94,30.117,15.452,brushing
0.841,0.889,-0.517,-14.77,78.312,33.88,brushing
0.321,1.26,-0.578,-14.77,78.312,33.88,brushing
0.321,1.26,-0.578,-45.902,16.502,14.927,brushing
0.685,2.51,-0.383,-45.902,16.502,14.927,brushing
0.685,2.51,-0.383,-67.637,-52.815,78.452,brushing
-0.18,-0.257,-0.527,-67.637,-52.815,78.452,brushing
-0.817,0.647,0.201,-67.637,-52.815,78.452,brushing
-0.817,0.647,0.201,-73.115,171.797,82.022,brushing
-1.182,1.513,0.789,-73.115,171.797,82.022,brushing
-1.182,1.513,0.789,-49.297,110.057,9.677,brushing
-1.147,1.177,0.56,-49.297,110.057,9.677,brushing
-1.147,1.177,0.56,-12.862,-9.607,-20.667,brushing
-0.68,1.778,0.571,-12.862,-9.607,-20.667,brushing
-0.68,1.778,0.571,16.065,-14.332,-22.085,brushing
-0.525,1.279,0.542,16.065,-14.332,-22.085,brushing
-0.525,1.279,0.542,38.675,-81.742,-31.972,brushing
-0.315,0.775,0.278,38.675,-81.742,-31.972,brushing
-0.315,0.775,0.278,49.122,-89.145,-51.467,brushing
0.235,0.788,-0.22,49.122,-89.145,-51.467,brushing
0.235,0.788,-0.22,36.207,-34.947,-51.712,brushing
0.944,1.211,-0.39,36.207,-34.947,-51.712,brushing
0.944,1.211,-0.39,16.485,-7.175,-31.115,brushing
1.504,1.47,-0.646,16.485,-7.175,-31.115,brushing
1.504,1.47,-0.646,-7.262,-7.98,11.217,brushing
1.1,1.252,-0.517,-7.262,-7.98,11.217,brushing
0.702,0.992,-0.489,-7.262,-7.98,11.217,brushing
0.702,0.992,-0.489,-34.825,10.377,59.447,brushing
0.169,0.461,-0.373,-34.825,10.377,59.447,brushing
0.169,0.461,-0.373,-61.862,33.967,74.882,brushing
-0.367,0.488,0.087,-61.862,33.967,74.882,brushing
-0.367,0.488,0.087,-74.06,59.412,46.357,brushing
-0.892,1.083,0.417,-74.06,59.412,46.357,brushing
-0.892,1.083,0.417,-61.652,57.575,11.392,brushing
-1.095,1.605,0.553,-61.652,57.575,11.392,brushing
-1.095,1.605,0.553,-33.057,0.385,-9.45,brushing
-0.736,1.656,0.684,-33.057,0.385,-9.45,brushing
-0.736,1.656,0.684,-4.672,-87.727,-21.227,brushing
-0.552,1.143,0.702,-4.672,-87.727,-21.227,brushing
-0.552,1.143,0.702,18.515,-154.805,-38.097,brushing
-0.403,0.841,0.546,18.515,-154.805,-38.097,brushing
-0.403,0.841,0.546,32.637,-174.037,-60.97,brushing
-0.124,0.716,0.242,32.637,-174.037,-60.97,brushing
-0.124,0.716,0.242,31.447,-125.842,-65.695,brushing
0.29,0.761,-0.005,31.447,-125.842,-65.695,brushing
0.983,1.022,-0.396,31.447,-125.842,-65.695,brushing
0.983,1.022,-0.396,17.412,-50.05,-46.322,brushing
1.529,1.188,-0.581,17.412,-50.05,-46.322,brushing
1.529,1.188,-0.581,-2.17,-13.877,-14.245,brushing
1.113,1.056,-0.608,-2.17,-13.877,-14.245,brushing
1.113,1.056,-0.608,-25.182,0.402,30.362,brushing
0.732,0.796,-0.848,-25.182,0.402,30.362,brushing
0.732,0.796,-0.848,-61.915,27.825,68.285,brushing
0.201,0.499,-0.703,-61.915,27.825,68.285,brushing
0.201,0.499,-0.703,-104.65,94.325,75.53,brushing
-0.408,0.792,-0.003,-104.65,94.325,75.53,brushing
-0.408,0.792,-0.003,-115.185,124.057,54.25,brushing
-1.033,1.316,0.785,-115.185,124.057,54.25,brushing
-1.033,1.316,0.785,-76.772,37.257,29.365,brushing
-1.361,1.34,0.966,-76.772,37.257,29.365,brushing
-1.361,1.34,0.966,-15.575,-65.24,8.207,brushing
-0.692,1.37,0.873,-15.575,-65.24,8.207,brushing
-0.534,1.29,0.444,33.53,-145.792,-6.982,brushing
-0.376,1.267,0.259,33.53,-145.792,-6.982,brushing
-0.376,1.267,0.259,53.34,-238.647,-32.182,brushing
-0.155,1.229,0.447,53.34,-238.647,-32.182,brushing
-0.155,1.229,0.447,56.962,-310.187,-54.775,brushing
0.285,0.574,0.129,56.962,-310.187,-54.775,brushing
0.285,0.574,0.129,48.685,-322.192,-58.1,brushing
0.668,0.254,-0.05,48.685,-322.192,-58.1,brushing
0.668,0.254,-0.05,29.102,-172.777,-38.937,brushing
1.178,0.735,-0.031,29.102,-172.777,-38.937,brushing
1.178,0.735,-0.031,10.15,-49.752,-3.832,brushing
1.139,0.783,0.129,10.15,-49.752,-3.832,brushing
1.139,0.783,0.129,-1.312,-32.847,29.61,brushing
0.755,0.477,0.125,-1.312,-32.847,29.61,brushing
0.755,0.477,0.125,-5.915,15.295,64.155,brushing
0.473,0.582,-0.033,-5.915,15.295,64.155,brushing
0.473,0.582,-0.033,-26.582,83.09,81.62,brushing
0.251,0.886,-0.22,-26.582,83.09,81.62,brushing
-0.387,0.938,0.469,-58.1,113.172,81.112,brushing
-1.127,1.067,1.279,-58.1,113.172,81.112,brushing
-1.127,1.067,1.279,-52.85,75.057,53.252,brushing
-1.208,1.031,1.301,-52.85,75.057,53.252,brushing
-1.208,1.031,1.301,-10.692,-48.545,1.89,brushing
-0.793,1.026,1.251,-10.692,-48.545,1.89,brushing
-0.793,1.026,1.251,35.42,-124.39,-38.622,brushing
-0.615,1.247,0.947,35.42,-124.39,-38.622,brushing
-0.615,1.247,0.947,63.245,-202.895,-71.925,brushing
-0.134,1.098,0.361,63.245,-202.895,-71.925,brushing
-0.134,1.098,0.361,54.215,-266.98,-93.485,brushing
0.178,0.39,0.21,54.215,-266.98,-93.485,brushing
0.178,0.39,0.21,28.367,-188.58,-92.172,brushing
0.614,0.579,0.228,28.367,-188.58,-92.172,brushing
0.614,0.579,0.228,8.767,-52.237,-63.14,brushing
1.1,0.949,0.221,8.767,-52.237,-63.14,brushing
1.1,0.949,0.221,-2.975,12.425,-22.995,brushing
1.077,0.886,0.35,-2.975,12.425,-22.995,brushing
0.817,0.975,0.346,-2.975,12.425,-22.995,brushing
0.817,0.975,0.346,-4.287,36.207,16.38,brushing
0.482,0.811,0.3,-4.287,36.207,16.38,brushing
0.482,0.811,0.3,-4.795,66.29,54.757,brushing
0.225,0.668,0.098,-4.795,66.29,54.757,brushing
0.225,0.668,0.098,-17.132,132.562,72.695,brushing
-0.226,0.76,0.514,-17.132,132.562,72.695,brushing
-0.226,0.76,0.514,-35.595,186.655,64.26,brushing
-0.864,0.409,1.077,-35.595,186.655,64.26,brushing
-0.864,0.409,1.077,-29.225,163.8,25.287,brushing
-1.306,0.808,1.303,-29.225,163.8,25.287,brushing
-1.306,0.808,1.303,1.557,66.377,-34.352,brushing
-0.888,1.335,1.233,1.557,66.377,-34.352,brushing
-0.888,1.335,1.233,29.347,-40.705,-66.937,brushing
-0.769,1.135,1.082,29.347,-40.705,-66.937,brushing
-0.769,1.135,1.082,51.047,-76.947,-84.332,brushing
-0.532,1.076,0.702,51.047,-76.947,-84.332,brushing
-0.532,1.076,0.702,52.832,-83.737,-98.385,brushing
-0.161,0.643,0.264,52.832,-83.737,-98.385,brushing
0.129,0.446,0.148,52.832,-83.737,-98.385,brushing
0.129,0.446,0.148,35.157,-34.597,-107.922,brushing
0.534,0.638,0.085,35.157,-34.597,-107.922,brushing
0.534,0.638,0.085,16.275,62.125,-95.865,brushing
0.638,0.405,0.041,16.275,62.125,-95.865,brushing
0.638,0.405,0.041,2.922,151.567,-75.722,brushing
0.722,0.778,0.043,2.922,151.567,-75.722,brushing
0.722,0.778,0.043,1.645,233.432,-45.412,brushing
0.893,1.113,0.017,1.645,233.432,-45.412,brushing
0.893,1.113,0.017,0.262,200.83,-12.967,brushing
0.61,1.101,-0.034,0.262,200.83,-12.967,brushing
0.61,1.101,-0.034,-3.01,125.737,11.497,brushing
0.335,1.043,-0.197,-3.01,125.737,11.497,brushing
0.335,1.043,-0.197,-11.497,92.68,34.3,brushing
0.082,0.931,-0.306,-11.497,92.68,34.3,brushing
0.082,0.931,-0.306,-19.862,131.547,54.075,brushing
-0.18,1.333,-0.387,-19.862,131.547,54.075,brushing
-0.18,1.333,-0.387,-23.432,139.86,61.355,brushing
-0.511,1.665,-0.119,-23.432,139.86,61.355,brushing
-1.013,1.836,0.264,-23.432,139.86,61.355,brushing
-1.013,1.836,0.264,-16.73,85.907,57.96,brushing
-1.25,1.616,0.497,-16.73,85.907,57.96,brushing
-1.25,1.616,0.497,3.395,-12.425,46.287,brushing
-0.766,1.419,0.657,3.395,-12.425,46.287,brushing
-0.766,1.419,0.657,25.147,-81.182,30.712,brushing
-0.614,0.938,0.57,25.147,-81.182,30.712,brushing
-0.614,0.938,0.57,39.585,-119.857,8.137,brushing
-0.198,0.569,0.577,39.585,-119.857,8.137,brushing
-0.198,0.569,0.577,39.48,-112.63,-20.44,brushing
0.277,0.848,0.476,39.48,-112.63,-20.44,brushing
0.277,0.848,0.476,27.842,-99.75,-32.725,brushing
0.982,0.526,0.207,27.842,-99.75,-32.725,brushing
0.982,0.526,0.207,12.337,-52.85,-22.312,brushing
1.336,0.595,0.183,12.337,-52.85,-22.312,brushing
1.336,0.595,0.183,8.05,39.392,14.682,brushing
1.15,0.743,0.553,8.05,39.392,14.682,brushing
0.672,0.51,0.542,11.042,18.27,38.482,brushing
0.381,0.462,0.338,11.042,18.27,38.482,brushing
0.381,0.462,0.338,17.167,1.032,45.097,brushing
0.1,0.574,-0.443,17.167,1.032,45.097,brushing
0.1,0.574,-0.443,18.34,1.33,31.5,brushing
0.05,0.873,-0.763,18.34,1.33,31.5,brushing
0.05,0.873,-0.763,4.795,109.847,23.992,brushing
-0.391,2.484,-0.8,4.795,109.847,23.992,brushing
-0.391,2.484,-0.8,-30.835,196.367,39.532,brushing
-1.003,2.162,-0.088,-30.835,196.367,39.532,brushing
-1.003,2.162,-0.088,-57.977,15.925,32.847,brushing
-1.125,0.989,0.267,-57.977,15.925,32.847,brushing
-1.125,0.989,0.267,-47.985,-49.7,9.257,brushing
-0.725,0.874,0.683,-47.985,-49.7,9.257,brushing
-0.725,0.874,0.683,-20.86,-43.855,-14.892,brushing
-0.617,1.182,0.741,-20.86,-43.855,-14.892,brushing
-0.617,1.182,0.741,1.277,-101.972,-35.647,brushing
-0.137,1.494,0.719,1.277,-101.972,-35.647,brushing
0.495,1.172,0.367,4.357,-204.067,-37.817,brushing
1.085,-0.077,-0.003,4.357,-204.067,-37.817,brushing
1.085,-0.077,-0.003,-4.165,-190.837,-24.745,brushing
1.253,0.256,0.564,-4.165,-190.837,-24.745,brushing
1.253,0.256,0.564,6.317,16.03,4.41,brushing
0.81,0.667,0.822,6.317,16.03,4.41,brushing
0.81,0.667,0.822,23.362,33.197,27.247,brushing
0.546,0.208,0.47,23.362,33.197,27.247,brushing
0.546,0.208,0.47,34.422,-23.31,25.987,brushing
0.391,0.275,0.068,34.422,-23.31,25.987,brushing
0.391,0.275,0.068,38.5,13.65,20.475,brushing
0.155,0.457,-0.564,38.5,13.65,20.475,brushing
0.155,0.457,-0.564,29.575,85.032,4.252,brushing
0.03,0.801,-0.848,29.575,85.032,4.252,brushing
0.03,0.801,-0.848,0.892,247.24,11.06,brushing
-0.197,2.716,-1.198,0.892,247.24,11.06,brushing
-0.197,2.716,-1.198,-58.222,187.057,30.31,brushing
-0.679,2.474,-0.455,-58.222,187.057,30.31,brushing
-1.076,1.13,0.383,-58.222,187.057,30.31,brushing
-1.076,1.13,0.383,-87.237,27.037,25.987,brushing
-0.805,1.11,1.08,-87.237,27.037,25.987,brushing
-0.805,1.11,1.08,-65.292,-2.467,2.275,brushing
-0.672,1.184,1.217,-65.292,-2.467,2.275,brushing
-0.672,1.184,1.217,-22.085,-59.972,-23.992,brushing
-0.381,1.21,0.956,-22.085,-59.972,-23.992,brushing
-0.381,1.21,0.956,12.635,-138.897,-46.97,brushing
0.036,1.33,0.521,12.635,-138.897,-46.97,brushing
0.036,1.33,0.521,19.092,-191.327,-53.567,brushing
0.522,0.631,-0.069,19.092,-191.327,-53.567,brushing
0.522,0.631,-0.069,6.142,-150.167,-46.077,brushing
0.757,0.353,0.106,6.142,-150.167,-46.077,brushing
0.757,0.353,0.106,3.867,3.325,-29.295,brushing
0.749,0.996,0.476,3.867,3.325,-29.295,brushing
0.749,0.996,0.476,7.455,-18.392,-16.432,brushing
0.536,0.574,0.593,7.455,-18.392,-16.432,brushing
0.536,0.574,0.593,15.452,-67.935,-8.662,brushing
0.325,0.037,0.415,15.452,-67.935,-8.662,brushing
0.36,0.587,0.123,15.452,-67.935,-8.662,brushing
0.36,0.587,0.123,18.13,-30.695,-7.665,brushing
0.409,1.251,-0.146,18.13,-30.695,-7.665,brushing
0.409,1.251,-0.146,2.502,-35.42,-0.105,brushing
0.356,1.364,-0.167,2.502,-35.42,-0.105,brushing
0.356,1.364,-0.167,-25.777,-85.61,14.577,brushing
0.058,1.309,-0.114,-25.777,-85.61,14.577,brushing
0.058,1.309,-0.114,-48.79,-120.33,27.195,brushing
-0.132,1.164,0.135,-48.79,-120.33,27.195,brushing
-0.132,1.164,0.135,-61.967,-154.07,32.112,brushing
-0.349,1.028,0.335,-61.967,-154.07,32.112,brushing
-0.349,1.028,0.335,-64.557,-184.362,29.382,brushing
-0.49,0.805,0.6,-64.557,-184.362,29.382,brushing
-0.49,0.805,0.6,-54.232,-190.575,21.822,brushing
-0.482,0.535,0.686,-54.232,-190.575,21.822,brushing
-0.482,0.535,0.686,-33.985,-115.29,19.985,brushing
-0.325,0.621,0.672,-33.985,-115.29,19.985,brushing
-0.325,0.621,0.672,-19.18,-60.742,12.127,brushing
-0.181,0.902,0.625,-19.18,-60.742,12.127,brushing
-0.089,0.935,0.578,-19.18,-60.742,12.127,brushing
-0.089,0.935,0.578,-18.48,-82.25,2.257,brushing
-0.111,0.659,0.743,-18.48,-82.25,2.257,brushing
-0.111,0.659,0.743,-22.295,-109.742,-3.552,brushing
-0.061,0.449,0.697,-22.295,-109.742,-3.552,brushing
-0.061,0.449,0.697,-22.155,-85.05,-10.132,brushing
-0.088,0.533,0.631,-22.155,-85.05,-10.132,brushing
-0.088,0.533,0.631,-27.562,-59.605,-17.447,brushing
-0.005,0.631,0.6,-27.562,-59.605,-17.447,brushing
-0.005,0.631,0.6,-41.3,-65.047,-19.792,brushing
0.041,0.602,0.732,-41.3,-65.047,-19.792,brushing
0.041,0.602,0.732,-46.9,-57.137,-16.292,brushing
0.057,0.775,0.809,-46.9,-57.137,-16.292,brushing
0.057,0.775,0.809,-44.712,-62.37,-10.447,brushing
0.067,0.797,0.831,-44.712,-62.37,-10.447,brushing
0.067,0.797,0.831,-41.072,-75.425,-4.165,brushing
0.023,0.775,0.844,-41.072,-75.425,-4.165,brushing
0.023,0.775,0.844,-34.492,-97.265,1.855,brushing
0.009,0.957,0.799,-34.492,-97.265,1.855,brushing
-0.064,0.682,0.795,-34.492,-97.265,1.855,brushing
-0.064,0.682,0.795,-35.647,-163.45,3.062,brushing
-0.146,0.292,0.816,-35.647,-163.45,3.062,brushing
-0.146,0.292,0.816,-34.44,-183.75,-1.417,brushing
-0.173,0.3,0.854,-34.44,-183.75,-1.417,brushing
-0.173,0.3,0.854,-25.112,-138.127,-4.637,brushing
-0.118,0.56,0.811,-25.112,-138.127,-4.637,brushing
-0.118,0.56,0.811,-17.745,-113.347,-6.947,brushing
-0.088,0.673,0.779,-17.745,-113.347,-6.947,brushing
-0.088,0.673,0.779,-19.565,-133.227,-6.3,brushing
-0.079,0.532,0.787,-19.565,-133.227,-6.3,brushing
-0.079,0.532,0.787,-23.047,-141.067,-1.75,brushing
-0.122,0.358,0.839,-23.047,-141.067,-1.75,brushing
-0.122,0.358,0.839,-21.227,-105.822,5.162,brushing
-0.141,0.294,0.848,-21.227,-105.822,5.162,brushing
-0.141,0.294,0.848,-17.64,-67.532,9.397,brushing
-0.102,0.352,0.795,-17.64,-67.532,9.397,brushing
-0.098,0.366,0.831,-19.267,-64.627,9.537,brushing
-0.096,0.308,0.87,-19.267,-64.627,9.537,brushing
-0.096,0.308,0.87,-21.507,-75.95,9.012,brushing
-0.115,0.199,0.921,-21.507,-75.95,9.012,brushing
-0.115,0.199,0.921,-20.387,-74.707,9.152,brushing
-0.13,0.136,0.956,-20.387,-74.707,9.152,brushing
-0.13,0.136,0.956,-14.612,-52.57,9.782,brushing
-0.125,0.23,0.935,-14.612,-52.57,9.782,brushing
-0.125,0.23,0.935,-8.75,-35.35,10.027,brushing
-0.134,0.284,0.86,-8.75,-35.35,10.027,brushing
-0.134,0.284,0.86,-8.575,-35.77,9.782,brushing
-0.151,0.226,0.816,-8.575,-35.77,9.782,brushing
-0.151,0.226,0.816,-10.185,-20.982,11.532,brushing
-0.18,0.228,0.813,-10.185,-20.982,11.532,brushing
-0.18,0.228,0.813,-11.812,13.72,15.102,brushing
-0.19,0.265,0.828,-11.812,13.72,15.102,brushing
-0.19,0.265,0.828,-13.562,53.305,18.147,brushing
-0.235,0.292,0.839,-13.562,53.305,18.147,brushing
-0.246,0.29,0.828,-13.562,53.305,18.147,brushing
-0.246,0.29,0.828,-13.51,101.955,21.297,brushing
-0.287,0.314,0.752,-13.51,101.955,21.297,brushing
-0.287,0.314,0.752,-11.585,176.452,27.177,brushing
-0.255,0.508,0.602,-11.585,176.452,27.177,brushing
-0.255,0.508,0.602,-7.42,281.12,41.597,brushing
-0.216,0.679,0.621,-7.42,281.12,41.597,brushing
-0.216,0.679,0.621,-2.187,388.657,65.712,brushing
-0.21,0.838,0.606,-2.187,388.657,65.712,brushing
-0.21,0.838,0.606,-3.027,424.27,74.532,brushing
-0.178,0.799,0.547,-3.027,424.27,74.532,brushing
-0.178,0.799,0.547,-4.812,399.262,71.907,brushing
-0.119,0.737,0.426,-4.812,399.262,71.907,brushing
-0.119,0.737,0.426,-4.322,363.492,67.532,brushing
-0.093,1.218,0.595,-4.322,363.492,67.532,brushing
-0.093,1.218,0.595,-3.762,225.225,53.357,brushing
-0.196,1.282,0.801,-3.762,225.225,53.357,brushing
-0.196,1.282,0.801,-2.222,-37.747,10.745,brushing
-0.313,0.765,0.792,-2.222,-37.747,10.745,brushing
-0.398,0.47,0.874,-2.222,-37.747,10.745,brushing
-0.398,0.47,0.874,4.795,-216.58,-28.56,brushing
-0.362,0.49,1.048,4.795,-216.58,-28.56,brushing
-0.362,0.49,1.048,22.977,-263.917,-52.762,brushing
-0.247,0.83,1.021,22.977,-263.917,-52.762,brushing
-0.247,0.83,1.021,39.707,-219.66,-58.117,brushing
-0.486,0.641,0.699,39.707,-219.66,-58.117,brushing
-0.486,0.641,0.699,41.405,-242.532,-72.572,brushing
-0.295,0.678,0.308,41.405,-242.532,-72.572,brushing
-0.295,0.678,0.308,30.607,-237.947,-77.175,brushing
-0.317,0.018,0.599,30.607,-237.947,-77.175,brushing
-0.317,0.018,0.599,31.255,-118.562,-81.357,brushing
-0.12,0.673,0.589,31.255,-118.562,-81.357,brushing
-0.12,0.673,0.589,32.515,-8.907,-72.205,brushing
0.04,0.951,0.901,32.515,-8.907,-72.205,brushing
0.04,0.951,0.901,31.797,38.99,-45.762,brushing
0.449,1.066,1.072,31.797,38.99,-45.762,brushing
0.449,1.066,1.072,49.49,118.212,10.062,brushing
0.547,1.071,0.986,49.49,118.212,10.062,brushing
0.424,0.415,0.748,49.49,118.212,10.062,brushing
0.424,0.415,0.748,61.67,190.96,65.607,brushing
0.343,0.206,0.376,61.67,190.96,65.607,brushing
0.343,0.206,0.376,66.447,330.487,107.327,brushing
0.181,0.444,0.023,66.447,330.487,107.327,brushing
0.181,0.444,0.023,38.447,387.572,110.197,brushing
-0.066,0.741,0.071,38.447,387.572,110.197,brushing
-0.066,0.741,0.071,1.96,346.5,86.432,brushing
-0.436,0.922,0.195,1.96,346.5,86.432,brushing
-0.436,0.922,0.195,-11.76,320.652,57.61,brushing
-0.736,1.211,0.239,-11.76,320.652,57.61,brushing
-0.736,1.211,0.239,-10.465,260.277,23.432,brushing
-0.773,1.488,0.197,-10.465,260.277,23.432,brushing
-0.773,1.488,0.197,-3.045,111.807,-13.142,brushing
-0.513,1.548,0.175,-3.045,111.807,-13.142,brushing
-0.513,1.548,0.175,6.772,14.455,-30.765,brushing
-0.424,1.245,0.16,6.772,14.455,-30.765,brushing
-0.424,1.245,0.16,13.667,-15.47,-38.342,brushing
-0.115,1.456,-0.04,13.667,-15.47,-38.342,brushing
0.011,1.099,0.308,13.667,-15.47,-38.342,brushing
0.011,1.099,0.308,4.707,-63.07,-36.417,brushing
-0.102,0.826,0.364,4.707,-63.07,-36.417,brushing
-0.102,0.826,0.364,4.76,-88.112,-38.395,brushing
0.077,0.734,0.569,4.76,-88.112,-38.395,brushing
0.077,0.734,0.569,10.237,-58.432,-33.162,brushing
0.125,0.807,0.428,10.237,-58.432,-33.162,brushing
0.125,0.807,0.428,21.35,-29.557,-24.167,brushing
0.48,1.02,0.246,21.35,-29.557,-24.167,brushing
0.48,1.02,0.246,22.05,-43.505,-8.032,brushing
0.631,0.584,0.05,22.05,-43.505,-8.032,brushing
0.631,0.584,0.05,19.582,-38.272,15.872,brushing
0.479,0.297,0.071,19.582,-38.272,15.872,brushing
0.479,0.297,0.071,19.302,-0.087,32.725,brushing
0.267,0.205,0.027,19.302,-0.087,32.725,brushing
0.267,0.205,0.027,16.835,34.107,30.695,brushing
0.124,0.539,-0.232,16.835,34.107,30.695,brushing
0.124,0.539,-0.232,5.652,66.57,29.47,brushing
0.098,0.691,-0.484,5.652,66.57,29.47,brushing
-0.045,1.007,-0.453,5.652,66.57,29.47,brushing
-0.045,1.007,-0.453,-8.942,121.677,26.53,brushing
-0.364,1.607,-0.064,-8.942,121.677,26.53,brushing
-0.364,1.607,-0.064,-20.51,112.052,19.74,brushing
-0.635,1.691,0.476,-20.51,112.052,19.74,brushing
-0.635,1.691,0.476,-14.472,-17.237,8.767,brushing
-0.872,1.487,0.941,-14.472,-17.237,8.767,brushing
-0.872,1.487,0.941,19.845,-185.745,-15.54,brushing
-0.65,1.411,0.84,19.845,-185.745,-15.54,brushing
-0.65,1.411,0.84,60.06,-315.91,-41.405,brushing
-0.424,1.223,0.55,60.06,-315.91,-41.405,brushing
-0.424,1.223,0.55,76.755,-415.047,-66.762,brushing
-0.238,0.792,0.316,76.755,-415.047,-66.762,brushing
-0.238,0.792,0.316,73.272,-428.61,-85.872,brushing
-0.142,0.462,0.383,73.272,-428.61,-85.872,brushing
-0.142,0.462,0.383,69.755,-337.19,-85.505,brushing
0.111,0.427,0.478,69.755,-337.19,-85.505,brushing
0.201,0.111,0.568,78.295,-133.332,-54.88,brushing
0.32,0.645,0.59,78.295,-133.332,-54.88,brushing
0.32,0.645,0.59,93.712,-14.122,-44.905,brushing
0.544,0.904,0.533,93.712,-14.122,-44.905,brushing
0.544,0.904,0.533,102.445,-2.852,-31.797,brushing
0.522,0.756,0.596,102.445,-2.852,-31.797,brushing
0.522,0.756,0.596,106.557,23.8,-11.445,brushing
0.479,0.882,0.629,106.557,23.8,-11.445,brushing
0.479,0.882,0.629,106.557,94.167,19.005,brushing
0.499,0.927,0.595,106.557,94.167,19.005,brushing
0.499,0.927,0.595,95.445,142.187,53.76,brushing
0.513,0.979,0.656,95.445,142.187,53.76,brushing
0.513,0.979,0.656,77.56,156.065,76.352,brushing
0.45,1.107,0.674,77.56,156.065,76.352,brushing
0.45,1.107,0.674,55.23,108.762,80.132,brushing
0.329,0.8,0.636,55.23,108.762,80.132,brushing
0.329,0.8,0.636,33.302,98.437,77.472,brushing
0.24,0.784,0.57,33.302,98.437,77.472,brushing
0.188,0.751,0.443,33.302,98.437,77.472,brushing
0.188,0.751,0.443,11.567,113.522,73.692,brushing
0.139,0.607,0.335,11.567,113.522,73.692,brushing
0.139,0.607,0.335,-13.002,132.825,63.56,brushing
0.115,0.613,0.205,-13.002,132.825,63.56,brushing
0.115,0.613,0.205,-37.1,169.68,49.542,brushing
0.116,0.548,-0.068,-37.1,169.68,49.542,brushing
0.116,0.548,-0.068,-59.762,214.2,33.11,brushing
0.062,0.742,-0.094,-59.762,214.2,33.11,brushing
0.062,0.742,-0.094,-80.412,266.297,15.207,brushing
0.143,1.285,-0.156,-80.412,266.297,15.207,brushing
0.143,1.285,-0.156,-89.215,296.1,12.582,brushing
0.297,1.561,-0.207,-89.215,296.1,12.582,brushing
0.297,1.561,-0.207,-89.635,315.525,29.12,brushing
0.332,1.318,-0.002,-89.635,315.525,29.12,brushing
0.332,1.318,-0.002,-75.442,318.29,42.017,brushing
0.264,1.117,0.344,-75.442,318.29,42.017,brushing
0.264,1.117,0.344,-45.535,286.107,46.585,brushing
0.184,1.078,0.406,-45.535,286.107,46.585,brushing
0.222,0.844,0.061,-45.535,286.107,46.585,brushing
0.222,0.844,0.061,-15.855,168.367,30.082,brushing
0.21,0.36,-0.373,-15.855,168.367,30.082,brushing
0.21,0.36,-0.373,-10.15,41.755,-0.297,brushing
0.188,0.459,-0.596,-10.15,41.755,-0.297,brushing
0.188,0.459,-0.596,-21.402,-5.74,-29.032,brushing
0.177,0.941,-0.168,-21.402,-5.74,-29.032,brushing
0.177,0.941,-0.168,-30.152,1.96,-32.917,brushing
0.088,1.343,0.223,-30.152,1.96,-32.917,brushing
0.088,1.343,0.223,-16.87,-19.862,-20.912,brushing
0.116,0.879,0.044,-16.87,-19.862,-20.912,brushing
0.116,0.879,0.044,5.442,-20.177,-5.81,brushing
0.297,1.103,-0.082,5.442,-20.177,-5.81,brushing
0.297,1.103,-0.082,17.307,-31.325,3.115,brushing
0.217,1.498,0.069,17.307,-31.325,3.115,brushing
0.217,1.498,0.069,24.867,-84.28,17.045,brushing
0.231,1.598,-0.086,24.867,-84.28,17.045,brushing
0.231,1.598,-0.086,29.365,-87.99,43.715,brushing
0.493,1.59,-0.248,29.365,-87.99,43.715,brushing
0.614,1.54,-0.198,29.365,-87.99,43.715,brushing
0.614,1.54,-0.198,28.665,-67.76,75.145,brushing
0.588,1.364,-0.11,28.665,-67.76,75.145,brushing
0.588,1.364,-0.11,21.122,-78.365,104.037,brushing
0.384,1.014,0.044,21.122,-78.365,104.037,brushing
0.384,1.014,0.044,9.047,-100.362,114.747,brushing
0.067,0.402,0.203,9.047,-100.362,114.747,brushing
0.067,0.402,0.203,-0.122,-106.767,90.72,brushing
-0.276,-0.637,0.266,-0.122,-106.767,90.72,brushing
-0.276,-0.637,0.266,-0.42,-82.285,23.59,brushing
-0.222,-0.047,0.149,-0.42,-82.285,23.59,brushing
-0.222,-0.047,0.149,-6.405,-42.962,-33.337,brushing
-0.112,1.146,0.228,-6.405,-42.962,-33.337,brushing
-0.112,1.146,0.228,-12.145,-100.415,-69.212,brushing
-0.027,1.03,0.295,-12.145,-100.415,-69.212,brushing
-0.027,1.03,0.295,-19.11,-143.99,-91.42,brushing
-0.091,0.507,0.355,-19.11,-143.99,-91.42,brushing
-0.091,0.507,0.355,-19.022,-160.527,-119,brushing
-0.029,0.422,0.348,-19.022,-160.527,-119,brushing
0.145,0.636,0.284,-19.022,-160.527,-119,brushing
0.145,0.636,0.284,-15.977,-194.967,-144.637,brushing
0.567,1.345,0.019,-15.977,-194.967,-144.637,brushing
0.567,1.345,0.019,-16.467,-165.952,-152.862,brushing
0.853,2.679,-0.199,-16.467,-165.952,-152.862,brushing
0.853,2.679,-0.199,-15.645,-37.38,-94.01,brushing
0.903,3.296,-0.057,-15.645,-37.38,-94.01,brushing
0.903,3.296,-0.057,-12.845,-9.677,8.032,brushing
0.645,1.691,-0.038,-12.845,-9.677,8.032,brushing
0.645,1.691,-0.038,-5.915,-30.345,80.727,brushing
0.294,1.468,0.365,-5.915,-30.345,80.727,brushing
0.294,1.468,0.365,-2.135,-26.285,129.815,brushing
-0.128,0.604,0.538,-2.135,-26.285,129.815,brushing
-0.128,0.604,0.538,15.785,-75.477,113.365,brushing
-0.395,-0.091,0.606,15.785,-75.477,113.365,brushing
-0.395,-0.091,0.606,28.595,-97.982,51.485,brushing
-0.652,-0.882,0.384,28.595,-97.982,51.485,brushing
-0.483,-0.264,0.22,27.632,-113.452,-38.412,brushing
-0.304,0.477,0.373,27.632,-113.452,-38.412,brushing
-0.304,0.477,0.373,11.935,-78.802,-81.322,brushing
-0.163,0.515,0.326,11.935,-78.802,-81.322,brushing
-0.163,0.515,0.326,-12.932,-98.507,-112.105,brushing
0.132,0.68,0.3,-12.932,-98.507,-112.105,brushing
0.132,0.68,0.3,-40.302,-134.032,-136.85,brushing
0.463,1.025,0.205,-40.302,-134.032,-136.85,brushing
0.463,1.025,0.205,-52.657,-67.182,-137.742,brushing
0.749,2.269,0.315,-52.657,-67.182,-137.742,brushing
0.749,2.269,0.315,-48.212,41.597,-78.4,brushing
0.85,3.015,0.524,-48.212,41.597,-78.4,brushing
0.85,3.015,0.524,-35.77,43.155,15.277,brushing
0.469,1.5,0.396,-35.77,43.155,15.277,brushing
0.469,1.5,0.396,-18.847,60.602,80.867,brushing
0.309,1.43,0.649,-18.847,60.602,80.867,brushing
0.309,1.43,0.649,-2.1,61.565,120.225,brushing
-0.047,0.874,0.871,-2.1,61.565,120.225,brushing
-0.175,0.464,0.714,20.002,-12.215,109.077,brushing
-0.382,-0.069,0.5,20.002,-12.215,109.077,brushing
-0.382,-0.069,0.5,29.487,-47.775,75.39,brushing
-0.393,-0.871,0.076,29.487,-47.775,75.39,brushing
-0.393,-0.871,0.076,25.322,-74.112,3.447,brushing
-0.047,0.302,0.295,25.322,-74.112,3.447,brushing
-0.047,0.302,0.295,11.637,-15.662,-31.745,brushing
0.061,0.307,0.418,11.637,-15.662,-31.745,brushing
0.061,0.307,0.418,-2.852,-25.217,-64.4,brushing
0.173,0.449,0.49,-2.852,-25.217,-64.4,brushing
0.173,0.449,0.49,-19.46,-67.69,-94.237,brushing
0.442,0.778,0.427,-19.46,-67.69,-94.237,brushing
0.442,0.778,0.427,-27.142,-73.937,-104.912,brushing
0.588,1.385,0.451,-27.142,-73.937,-104.912,brushing
0.588,1.385,0.451,-19.845,26.197,-61.285,brushing
0.63,2.514,0.635,-19.845,26.197,-61.285,brushing
0.63,2.514,0.635,-1.61,40.95,18.532,brushing
0.448,2.326,0.734,-1.61,40.95,18.532,brushing
0.104,0.986,0.479,-1.61,40.95,18.532,brushing
0.104,0.986,0.479,16.467,8.785,65.292,brushing
0.006,1.475,0.672,16.467,8.785,65.292,brushing
0.006,1.475,0.672,31.132,63.087,93.922,brushing
-0.116,1.071,0.587,31.132,63.087,93.922,brushing
-0.116,1.071,0.587,35.962,-13.317,96.197,brushing
-0.19,0.306,0.482,35.962,-13.317,96.197,brushing
-0.19,0.306,0.482,36.295,-29.592,77.805,brushing
-0.192,0.47,0.508,36.295,-29.592,77.805,brushing
-0.192,0.47,0.508,27.44,-28.052,48.02,brushing
-0.182,-0.057,0.33,27.44,-28.052,48.02,brushing
-0.182,-0.057,0.33,9.432,-73.412,-3.587,brushing
-0.018,-0.258,0.28,9.432,-73.412,-3.587,brushing
-0.018,-0.258,0.28,-14.245,-45.237,-42.595,brushing
0.111,0.319,0.443,-14.245,-45.237,-42.595,brushing
0.111,0.319,0.443,-43.295,-40.757,-67.322,brushing
0.085,0.307,0.49,-43.295,-40.757,-67.322,brushing
0.085,0.307,0.49,-76.265,-82.792,-98.35,brushing
0.253,0.563,0.464,-76.265,-82.792,-98.35,brushing
0.409,1.359,0.555,-76.265,-82.792,-98.35,brushing
0.409,1.359,0.555,-88.147,-41.702,-100.292,brushing
0.617,2.408,0.662,-88.147,-41.702,-100.292,brushing
0.617,2.408,0.662,-73.185,34.947,-52.78,brushing
0.523,2.302,0.701,-73.185,34.947,-52.78,brushing
0.523,2.302,0.701,-48.86,39.13,22.89,brushing
0.249,1.216,0.476,-48.86,39.13,22.89,brushing
0.249,1.216,0.476,-20.947,27.51,69.667,brushing
0.153,1.471,0.64,-20.947,27.51,69.667,brushing
0.153,1.471,0.64,3.692,48.492,107.24,brushing
-0.141,0.564,0.651,3.692,48.492,107.24,brushing
-0.141,0.564,0.651,17.727,-17.5,96.302,brushing
-0.218,0.19,0.47,17.727,-17.5,96.302,brushing
-0.218,0.19,0.47,15.802,-27.23,63.262,brushing
-0.398,-0.828,0.139,15.802,-27.23,63.262,brushing
-0.398,-0.828,0.139,-1.715,-28.052,-13.51,brushing
-0.275,-0.46,0.113,-1.715,-28.052,-13.51,brushing
-0.275,-0.46,0.113,-21.332,36.172,-41.002,brushing
-0.109,0.607,0.557,-21.332,36.172,-41.002,brushing
-0.101,0.258,0.573,-21.332,36.172,-41.002,brushing
-0.101,0.258,0.573,-38.622,-13.965,-80.867,brushing
-0.001,0.401,0.524,-38.622,-13.965,-80.867,brushing
-0.001,0.401,0.524,-54.32,-48.702,-112.472,brushing
0.246,0.763,0.324,-54.32,-48.702,-112.472,brushing
0.246,0.763,0.324,-62.212,-20.755,-122.727,brushing
0.49,2.001,0.375,-62.212,-20.755,-122.727,brushing
0.49,2.001,0.375,-52.167,106.435,-74.27,brushing
0.609,3.147,0.47,-52.167,106.435,-74.27,brushing
0.609,3.147,0.47,-30.747,128.38,18.97,brushing
0.35,2.116,0.443,-30.747,128.38,18.97,brushing
0.35,2.116,0.443,-8.102,58.677,88.725,brushing
0.101,1.543,0.469,-8.102,58.677,88.725,brushing
0.101,1.543,0.469,17.115,42.857,129.01,brushing
-0.01,0.72,0.702,17.115,42.857,129.01,brushing
-0.01,0.72,0.702,40.005,53.06,125.545,brushing
-0.227,0.384,0.736,40.005,53.06,125.545,brushing
-0.227,0.384,0.736,53.707,16.31,83.702,brushing
-0.377,-0.517,0.483,53.707,16.31,83.702,brushing
-0.351,-0.32,0.3,53.707,16.31,83.702,brushing
-0.351,-0.32,0.3,53.305,-5.827,11.095,brushing
-0.167,0.571,0.386,53.305,-5.827,11.095,brushing
-0.167,0.571,0.386,38.01,-32.812,-35.437,brushing
-0.163,0.426,0.351,38.01,-32.812,-35.437,brushing
-0.163,0.426,0.351,11.882,-49.857,-68.582,brushing
-0.14,0.21,0.388,11.882,-49.857,-68.582,brushing
-0.14,0.21,0.388,-12.967,-27.527,-103.652,brushing
0.045,0.872,0.381,-12.967,-27.527,-103.652,brushing
0.045,0.872,0.381,-21.682,11.2,-118.282,brushing
0.339,1.893,0.503,-21.682,11.2,-118.282,brushing
0.339,1.893,0.503,-13.527,65.835,-80.692,brushing
0.543,3.145,0.52,-13.527,65.835,-80.692,brushing
0.543,3.145,0.52,-0.787,38.762,7.192,brushing
0.436,2.174,0.459,-0.787,38.762,7.192,brushing
0.436,2.174,0.459,15.12,8.715,72.59,brushing
0.241,1.217,0.467,15.12,8.715,72.59,brushing
0.093,0.902,0.582,29.697,10.745,107.922,brushing
-0.068,0.653,0.569,29.697,10.745,107.922,brushing
-0.068,0.653,0.569,37.52,5.197,108.815,brushing
-0.128,0.521,0.554,37.52,5.197,108.815,brushing
-0.128,0.521,0.554,39.2,-18.13,92.295,brushing
-0.254,-0.14,0.353,39.2,-18.13,92.295,brushing
-0.254,-0.14,0.353,32.235,-53.97,48.667,brushing
-0.263,-0.425,0.19,32.235,-53.97,48.667,brushing
-0.263,-0.425,0.19,16.677,-50.645,-9.012,brushing
-0.117,0.375,0.35,16.677,-50.645,-9.012,brushing
-0.117,0.375,0.35,1.12,-37.415,-44.8,brushing
-0.104,0.51,0.527,1.12,-37.415,-44.8,brushing
-0.104,0.51,0.527,-7.35,-25.847,-71.872,brushing
-0.007,0.46,0.493,-7.35,-25.847,-71.872,brushing
-0.007,0.46,0.493,-13.072,-29.312,-98.945,brushing
0.187,1.062,0.324,-13.072,-29.312,-98.945,brushing
0.187,1.062,0.324,-14.647,-35.105,-96.25,brushing
0.438,1.54,0.244,-14.647,-35.105,-96.25,brushing
0.556,2.418,0.295,-14.647,-35.105,-96.25,brushing
0.556,2.418,0.295,-15.627,25.637,-49.035,brushing
0.372,2.055,0.339,-15.627,25.637,-49.035,brushing
0.372,2.055,0.339,-13.947,16.625,24.447,brushing
0.18,1.079,0.367,-13.947,16.625,24.447,brushing
0.18,1.079,0.367,-1.452,14.385,68.512,brushing
0.006,1.387,0.628,-1.452,14.385,68.512,brushing
0.006,1.387,0.628,12.845,1.872,94.482,brushing
-0.194,0.169,0.552,12.845,1.872,94.482,brushing
-0.194,0.169,0.552,24.307,-73.657,71.085,brushing
-0.254,-0.121,0.512,24.307,-73.657,71.085,brushing
-0.254,-0.121,0.512,27.667,-52.29,36.277,brushing
-0.269,-0.47,0.376,27.667,-52.29,36.277,brushing
-0.269,-0.47,0.376,17.202,-76.125,-32.515,brushing
-0.108,-0.189,0.346,17.202,-76.125,-32.515,brushing
-0.108,-0.189,0.346,0.647,-58.415,-75.775,brushing
-0.068,0.164,0.372,0.647,-58.415,-75.775,brushing
-0.068,0.164,0.372,-30.345,-76.177,-112.98,brushing
0.05,0.291,0.244,-30.345,-76.177,-112.98,brushing
0.158,1.071,0.22,-30.345,-76.177,-112.98,brushing
0.158,1.071,0.22,-63.42,-26.547,-130.27,brushing
0.438,2.601,0.408,-63.42,-26.547,-130.27,brushing
0.438,2.601,0.408,-67.952,90.737,-92.242,brushing
0.626,3.177,0.602,-67.952,90.737,-92.242,brushing
0.626,3.177,0.602,-55.58,99.067,-3.43,brushing
0.359,1.59,0.628,-55.58,99.067,-3.43,brushing
0.359,1.59,0.628,-40.775,27.457,62.702,brushing
0.077,0.993,0.779,-40.775,27.457,62.702,brushing
0.077,0.993,0.779,-19.355,43.802,103.232,brushing
-0.153,0.67,0.888,-19.355,43.802,103.232,brushing
-0.153,0.67,0.888,0.945,40.635,101.675,brushing
-0.245,0.334,0.443,0.945,40.635,101.675,brushing
-0.245,0.334,0.443,5.652,26.162,66.692,brushing
-0.427,-1.408,0.334,5.652,26.162,66.692,brushing
-0.427,-1.408,0.334,-4.865,61.88,-10.937,brushing
-0.291,-0.491,0.223,-4.865,61.88,-10.937,brushing
-0.291,-0.491,0.223,-14.945,120.452,-57.96,brushing
0.033,1.027,0.596,-14.945,120.452,-57.96,brushing
-0.08,0.863,0.587,-14.945,120.452,-57.96,brushing
-0.08,0.863,0.587,-26.425,16.677,-91.525,brushing
-0.157,0.7,0.48,-26.425,16.677,-91.525,brushing
-0.157,0.7,0.48,-36.785,-56.892,-116.392,brushing
-0.115,1.462,0.351,-36.785,-56.892,-116.392,brushing
-0.115,1.462,0.351,-35.525,-24.5,-116.305,brushing
0.237,2.537,0.29,-35.525,-24.5,-116.305,brushing
0.237,2.537,0.29,-27.72,-3.167,-71.802,brushing
0.474,2.96,0.285,-27.72,-3.167,-71.802,brushing
0.474,2.96,0.285,-16.292,-15.802,12.722,brushing
0.236,2.017,0.286,-16.292,-15.802,12.722,brushing
0.236,2.017,0.286,4.375,-32.305,84.875,brushing
0.039,1.185,0.211,4.375,-32.305,84.875,brushing
0.039,1.185,0.211,26.442,-5.705,118.755,brushing
-0.174,0.524,0.12,26.442,-5.705,118.755,brushing
-0.174,0.524,0.12,32.777,11.515,110.005,brushing
-0.376,-0.135,0.247,32.777,11.515,110.005,brushing
-0.376,-0.135,0.247,32.217,26.617,62.475,brushing
-0.563,-0.521,0.306,32.217,26.617,62.475,brushing
-0.454,-0.304,0.341,32.217,26.617,62.475,brushing
-0.454,-0.304,0.341,26.547,22.452,-7.227,brushing
-0.238,0.277,0.564,26.547,22.452,-7.227,brushing
-0.238,0.277,0.564,20.002,37.257,-58.537,brushing
-0.195,0.289,0.669,20.002,37.257,-58.537,brushing
-0.195,0.289,0.669,9.467,-33.39,-107.502,brushing
0.14,0.564,0.248,9.467,-33.39,-107.502,brushing
0.14,0.564,0.248,-11.497,-83.3,-137.795,brushing
0.21,1.373,0.34,-11.497,-83.3,-137.795,brushing
0.21,1.373,0.34,-19.355,-1.942,-116.27,brushing
0.533,3.004,0.375,-19.355,-1.942,-116.27,brushing
0.533,3.004,0.375,-12.827,28.315,-29.592,brushing
0.528,3.177,0.382,-12.827,28.315,-29.592,brushing
0.528,3.177,0.382,-4.357,-24.22,74.007,brushing
0.224,1.776,0.349,-4.357,-24.22,74.007,brushing
0.224,1.776,0.349,12.88,-37.135,128.012,brushing
-0.113,0.487,0.236,12.88,-37.135,128.012,brushing
-0.329,0.088,0.318,26.32,34.807,131.442,brushing
-0.35,0.425,0.454,26.32,34.807,131.442,brushing
-0.35,0.425,0.454,33.635,69.09,102.165,brushing
-0.495,-0.192,0.311,33.635,69.09,102.165,brushing
-0.495,-0.192,0.311,31.272,-0.56,47.337,brushing
-0.33,-0.198,0.218,31.272,-0.56,47.337,brushing
-0.33,-0.198,0.218,25.165,2.625,-13.107,brushing
-0.213,0.298,0.379,25.165,2.625,-13.107,brushing
-0.213,0.298,0.379,19.565,29.26,-61.617,brushing
-0.214,0.268,0.384,19.565,29.26,-61.617,brushing
-0.214,0.268,0.384,5.617,-38.972,-117.372,brushing
-0.18,0.993,0.206,5.617,-38.972,-117.372,brushing
-0.18,0.993,0.206,-12.092,-67.865,-137.9,brushing
-0.021,1.813,0.187,-12.092,-67.865,-137.9,brushing
-0.021,1.813,0.187,-6.335,46.427,-82.372,brushing
0.334,3.152,0.479,-6.335,46.427,-82.372,brushing
0.334,3.152,0.479,19.932,68.652,21.84,brushing
0.439,2.879,0.699,19.932,68.652,21.84,brushing
0.291,1.446,0.701,19.932,68.652,21.84,brushing
0.291,1.446,0.701,61.302,16.502,101.22,brushing
0.176,0.958,0.701,61.302,16.502,101.22,brushing
0.176,0.958,0.701,100.625,32.62,143.605,brushing
0.185,1.033,0.567,100.625,32.62,143.605,brushing
0.185,1.033,0.567,111.965,6.51,151.217,brushing
0.072,0.473,0.336,111.965,6.51,151.217,brushing
0.072,0.473,0.336,97.51,-64.925,130.252,brushing
-0.162,-0.652,0.137,97.51,-64.925,130.252,brushing
-0.162,-0.652,0.137,72.87,-98.595,67.9,brushing
-0.157,-0.965,-0.054,72.87,-98.595,67.9,brushing
-0.157,-0.965,-0.054,41.09,-58.31,-4.987,brushing
-0.036,0.698,0.201,41.09,-58.31,-4.987,brushing
-0.036,0.698,0.201,6.265,-27.177,-31.92,brushing
0.001,0.57,0.309,6.265,-27.177,-31.92,brushing
0.001,0.57,0.309,-24.605,-28.647,-63.42,brushing
-0.065,0.467,0.375,-24.605,-28.647,-63.42,brushing
-0.065,0.467,0.375,-45.027,-40.81,-86.467,brushing
-0.077,0.648,0.499,-45.027,-40.81,-86.467,brushing
-0.004,1.035,0.481,-45.027,-40.81,-86.467,brushing
-0.004,1.035,0.481,-48.125,-40.67,-101.395,brushing
0.191,1.871,0.413,-48.125,-40.67,-101.395,brushing
0.191,1.871,0.413,-37.222,12.495,-87.167,brushing
0.428,2.807,0.429,-37.222,12.495,-87.167,brushing
0.428,2.807,0.429,-20.09,24.727,-27.562,brushing
0.301,2.107,0.324,-20.09,24.727,-27.562,brushing
0.301,2.107,0.324,-1.365,-25.445,37.66,brushing
0.242,1.251,0.197,-1.365,-25.445,37.66,brushing
0.242,1.251,0.197,15.872,-10.832,77.7,brushing
0.13,1.301,0.307,15.872,-10.832,77.7,brushing
0.13,1.301,0.307,23.852,8.032,105.122,brushing
0.057,0.618,0.465,23.852,8.032,105.122,brushing
0.057,0.618,0.465,22.942,3.902,101.325,brushing
-0.022,0.41,0.427,22.942,3.902,101.325,brushing
-0.022,0.41,0.427,11.602,-32.83,74.392,brushing
-0.188,-0.234,0.314,11.602,-32.83,74.392,brushing
-0.188,-0.234,0.314,-10.482,-56.455,8.995,brushing
-0.175,-1.002,0.241,-10.482,-56.455,8.995,brushing
-0.052,-0.18,0.482,-10.482,-56.455,8.995,brushing
-0.052,-0.18,0.482,-36.26,1.032,-51.957,brushing
-0.178,0.46,0.538,-36.26,1.032,-51.957,brushing
-0.178,0.46,0.538,-53.532,-6.282,-90.755,brushing
-0.088,0.557,0.404,-53.532,-6.282,-90.755,brushing
-0.088,0.557,0.404,-69.545,-72.345,-129.15,brushing
-0.122,1.001,0.401,-69.545,-72.345,-129.15,brushing
-0.122,1.001,0.401,-73.71,-10.605,-130.147,brushing
0.124,2.348,0.437,-73.71,-10.605,-130.147,brushing
0.124,2.348,0.437,-61.372,63.647,-87.22,brushing
0.464,3.081,0.36,-61.372,63.647,-87.22,brushing
0.464,3.081,0.36,-48.562,56.595,-3.71,brushing
0.386,2.254,0.444,-48.562,56.595,-3.71,brushing
0.386,2.254,0.444,-28.455,22.925,63.157,brushing
0.162,1.267,0.376,-28.455,22.925,63.157,brushing
0.162,1.267,0.376,-5.827,36.015,95.55,brushing
0.031,0.793,0.338,-5.827,36.015,95.55,brushing
0.031,0.793,0.338,4.952,51.555,97.895,brushing
-0.098,0.295,0.434,4.952,51.555,97.895,brushing
-0.402,-0.663,0.365,4.952,51.555,97.895,brushing
-0.402,-0.663,0.365,4.83,6.3,54.862,brushing
-0.426,-0.617,0.388,4.83,6.3,54.862,brushing
-0.426,-0.617,0.388,2.467,3.237,-12.337,brushing
-0.013,0.826,0.62,2.467,3.237,-12.337,brushing
-0.013,0.826,0.62,15.032,97.72,-40.232,brushing
-0.083,0.93,0.624,15.032,97.72,-40.232,brushing
-0.083,0.93,0.624,9.117,-34.475,-68.705,brushing
-0.095,0.18,0.389,9.117,-34.475,-68.705,brushing
-0.095,0.18,0.389,-6.317,-122.937,-98.49,brushing
0.094,0.2,0.073,-6.317,-122.937,-98.49,brushing
0.094,0.2,0.073,-20.09,-52.587,-111.825,brushing
0.13,1.519,0.116,-20.09,-52.587,-111.825,brushing
0.13,1.519,0.116,-19.635,19.95,-92.172,brushing
0.389,2.908,0.166,-19.635,19.95,-92.172,brushing
0.389,2.908,0.166,-12.635,39.392,-8.19,brushing
0.47,3.089,0.256,-12.635,39.392,-8.19,brushing
0.47,3.089,0.256,-0.507,7.14,84.175,brushing
0.22,1.701,0.088,-0.507,7.14,84.175,brushing
-0.033,0.597,0.091,-0.507,7.14,84.175,brushing
-0.033,0.597,0.091,14.385,33.32,123.427,brushing
-0.189,0.02,0.14,14.385,33.32,123.427,brushing
-0.189,0.02,0.14,18.847,78.995,109.147,brushing
-0.292,-0.059,0.379,18.847,78.995,109.147,brushing
-0.292,-0.059,0.379,15.802,101.622,66.5,brushing
-0.403,-0.299,0.505,15.802,101.622,66.5,brushing
-0.403,-0.299,0.505,6.667,44.817,0.525,brushing
-0.336,-0.198,0.546,6.667,44.817,0.525,brushing
-0.336,-0.198,0.546,0.367,30.1,-59.272,brushing
-0.27,0.406,0.76,0.367,30.1,-59.272,brushing
-0.27,0.406,0.76,-4.672,-8.872,-106.137,brushing
-0.165,0.823,0.553,-4.672,-8.872,-106.137,brushing
-0.165,0.823,0.553,-17.325,-103.932,-137.83,brushing
-0.049,1.132,0.21,-17.325,-103.932,-137.83,brushing
-0.049,1.132,0.21,-21.385,-48.02,-121.24,brushing
0.167,2.428,0.394,-21.385,-48.02,-121.24,brushing
0.391,3.444,0.322,-9.642,7.28,-43.4,brushing
0.246,2.495,0.342,-9.642,7.28,-43.4,brushing
0.246,2.495,0.342,0.997,-40.95,52.115,brushing
-0.039,0.894,0.196,0.997,-40.95,52.115,brushing
-0.039,0.894,0.196,15.19,-77.367,98.98,brushing
-0.286,0.182,0.191,15.19,-77.367,98.98,brushing
-0.286,0.182,0.191,24.062,-28.192,95.112,brushing
-0.374,0.263,0.409,24.062,-28.192,95.112,brushing
-0.374,0.263,0.409,24.727,10.29,63.017,brushing
-0.453,0.533,0.535,24.727,10.29,63.017,brushing
-0.453,0.533,0.535,22.4,-32.427,24.447,brushing
-0.472,0.502,0.65,22.4,-32.427,24.447,brushing
-0.472,0.502,0.65,23.905,-70.525,-9.38,brushing
-0.339,0.804,0.757,23.905,-70.525,-9.38,brushing
-0.339,0.804,0.757,27.195,-122.5,-37.8,brushing
-0.252,0.903,0.66,27.195,-122.5,-37.8,brushing
-0.252,0.903,0.66,24.85,-173.18,-51.66,brushing
-0.123,1.176,0.739,24.85,-173.18,-51.66,brushing
-0.049,1.238,0.784,24.85,-173.18,-51.66,brushing
-0.049,1.238,0.784,21.14,-209.16,-49.735,brushing
0.054,0.974,0.642,21.14,-209.16,-49.735,brushing
0.054,0.974,0.642,17.692,-254.555,-47.81,brushing
0.163,0.736,0.496,17.692,-254.555,-47.81,brushing
0.163,0.736,0.496,10.097,-262.43,-47.792,brushing
0.278,0.601,0.44,10.097,-262.43,-47.792,brushing
0.278,0.601,0.44,-1.89,-230.265,-46.357,brushing
0.351,0.747,0.501,-1.89,-230.265,-46.357,brushing
0.351,0.747,0.501,-14.315,-209.982,-39.27,brushing
0.455,0.706,0.517,-14.315,-209.982,-39.27,brushing
0.455,0.706,0.517,-18.62,-191.222,-28.157,brushing
0.534,0.723,0.418,-18.62,-191.222,-28.157,brushing
0.534,0.723,0.418,-18.27,-124.635,-1.207,brushing
0.432,0.583,0.532,-18.27,-124.635,-1.207,brushing
0.432,0.583,0.532,-12.985,-45.972,27.195,brushing
0.281,0.588,0.563,-12.985,-45.972,27.195,brushing
0.281,0.588,0.563,-11.2,-25.935,41.405,brushing
0.166,0.551,0.675,-11.2,-25.935,41.405,brushing
0.281,1.005,0.447,-11.2,-25.935,41.405,brushing
0.281,1.005,0.447,-1.295,-33.757,53.742,brushing
0.004,-0.393,0.08,-1.295,-33.757,53.742,brushing
0.004,-0.393,0.08,-30.922,-69.667,54.477,brushing
-0.244,0.251,0.573,-30.922,-69.667,54.477,brushing
-0.244,0.251,0.573,-26.057,122.99,56.157,brushing
-0.269,0.596,0.583,-26.057,122.99,56.157,brushing
-0.269,0.596,0.583,-32.742,186.62,46.812,brushing
-0.58,0.568,0.715,-32.742,186.62,46.812,brushing
-0.58,0.568,0.715,-35.962,207.812,31.535,brushing
-0.738,0.371,0.746,-35.962,207.812,31.535,brushing
-0.738,0.371,0.746,-27.492,264.092,10.815,brushing
-0.711,0.582,0.698,-27.492,264.092,10.815,brushing
-0.711,0.582,0.698,-12.617,326.357,-5.967,brushing
-0.63,0.922,0.736,-12.617,326.357,-5.967,brushing
-0.63,0.922,0.736,6.212,317.24,-18.9,brushing
-0.419,1.524,0.743,6.212,317.24,-18.9,brushing
-0.419,1.524,0.743,16.222,204.417,-27.58,brushing
-0.21,1.267,0.658,16.222,204.417,-27.58,brushing
-0.163,0.731,0.649,16.222,204.417,-27.58,brushing
-0.163,0.731,0.649,18.497,116.182,-39.095,brushing
-0.033,1.166,0.721,18.497,116.182,-39.095,brushing
-0.033,1.166,0.721,26.862,123.445,-46.917,brushing
0.172,1.537,0.502,26.862,123.445,-46.917,brushing
0.172,1.537,0.502,24.115,53.427,-45.185,brushing
0.233,1.294,0.411,24.115,53.427,-45.185,brushing
0.233,1.294,0.411,12.057,-4.865,-32.532,brushing
0.371,1.192,0.291,12.057,-4.865,-32.532,brushing
0.371,1.192,0.291,-3.08,12.74,-6.842,brushing
0.473,1.309,0.288,-3.08,12.74,-6.842,brushing
0.473,1.309,0.288,-20.282,10.587,22.067,brushing
0.455,1.036,0.446,-20.282,10.587,22.067,brushing
0.455,1.036,0.446,-24.272,-27.667,45.552,brushing
0.345,0.56,0.624,-24.272,-27.667,45.552,brushing
0.345,0.56,0.624,-6.65,-42.297,54.057,brushing
0.038,0.206,0.679,-6.65,-42.297,54.057,brushing
0.038,0.206,0.679,22.032,-26.39,47.547,brushing
-0.035,0.12,0.477,22.032,-26.39,47.547,brushing
-0.077,0.499,-0.001,22.032,-26.39,47.547,brushing
-0.077,0.499,-0.001,36.75,2.572,29.872,brushing
-0.151,1.039,-0.419,36.75,2.572,29.872,brushing
-0.151,1.039,-0.419,23.835,37.607,15.837,brushing
-0.263,1.536,-0.522,23.835,37.607,15.837,brushing
-0.263,1.536,-0.522,-9.345,72.747,16.17,brushing
-0.346,1.941,-0.46,-9.345,72.747,16.17,brushing
-0.346,1.941,-0.46,-48.125,66.797,25.287,brushing
-0.388,1.699,0.153,-48.125,66.797,25.287,brushing
-0.388,1.699,0.153,-70,-7.665,28.945,brushing
-0.544,1.36,0.696,-70,-7.665,28.945,brushing
-0.544,1.36,0.696,-58.432,-88.585,21.472,brushing
-0.391,0.877,0.658,-58.432,-88.585,21.472,brushing
-0.391,0.877,0.658,-34.912,-75.582,23.38,brushing
-0.208,0.512,1.072,-34.912,-75.582,23.38,brushing
-0.208,0.512,1.072,-5.04,-60.41,14.157,brushing
0.053,0.437,0.883,-5.04,-60.41,14.157,brushing
0.335,0.075,0.648,17.22,-87.43,0.385,brushing
0.38,0.077,0.481,17.22,-87.43,0.385,brushing
0.38,0.077,0.481,34.912,-53.427,-2.975,brushing
0.224,0.422,0.215,34.912,-53.427,-2.975,brushing
0.224,0.422,0.215,49.245,2.66,3.762,brushing
0.218,0.44,-0.185,49.245,2.66,3.762,brushing
0.218,0.44,-0.185,45.552,30.625,14.927,brushing
0.221,0.313,-0.747,45.552,30.625,14.927,brushing
0.221,0.313,-0.747,18.462,52.465,11.13,brushing
0.107,0.457,0.225,18.462,52.465,11.13,brushing
0.107,0.457,0.225,6.895,148.12,10.937,brushing
-0.326,1.546,-0.788,6.895,148.12,10.937,brushing
-0.326,1.546,-0.788,-19.81,126.402,1.33,brushing
-0.5,1.991,-0.341,-19.81,126.402,1.33,brushing
-0.5,1.991,-0.341,-49.28,37.152,5.372,brushing
-0.601,1.38,-0.059,-49.28,37.152,5.372,brushing
-0.601,1.38,-0.059,-50.225,33.705,6.72,brushing
-0.391,1.203,0.512,-50.225,33.705,6.72,brushing
-0.369,1.11,1.052,-30.502,13.545,-2.065,brushing
-0.336,1.198,1.131,-30.502,13.545,-2.065,brushing
-0.336,1.198,1.131,3.605,-49.227,-15.907,brushing
0.204,0.608,0.725,3.605,-49.227,-15.907,brushing
0.204,0.608,0.725,14.735,-122.377,-26.67,brushing
0.593,0.084,0.566,14.735,-122.377,-26.67,brushing
0.593,0.084,0.566,22.505,-39.305,-23.537,brushing
0.735,0.607,0.747,22.505,-39.305,-23.537,brushing
0.735,0.607,0.747,28.507,4.252,-17.08,brushing
0.373,0.587,0.702,28.507,4.252,-17.08,brushing
0.373,0.587,0.702,35.192,-28.595,-13.195,brushing
0.296,0.549,0.387,35.192,-28.595,-13.195,brushing
0.296,0.549,0.387,39.83,-24.377,-8.26,brushing
0.312,0.316,0.066,39.83,-24.377,-8.26,brushing
0.312,0.316,0.066,35.875,51.065,-3.797,brushing
0.176,0.41,0.026,35.875,51.065,-3.797,brushing
0.176,0.41,0.026,34.65,154.682,-3.745,brushing
-0.261,1.406,-0.569,34.65,154.682,-3.745,brushing
-0.328,2.512,-1.138,34.65,154.682,-3.745,brushing
-0.328,2.512,-1.138,-2.852,106.225,-9.415,brushing
-0.607,1.702,-0.885,-2.852,106.225,-9.415,brushing
-0.607,1.702,-0.885,-65.345,8.067,-4.235,brushing
-0.733,1.695,0.075,-65.345,8.067,-4.235,brushing
-0.733,1.695,0.075,-88.515,46.935,2.52,brushing
-0.63,1.476,0.835,-88.515,46.935,2.52,brushing
-0.63,1.476,0.835,-64.33,31.01,-1.05,brushing
-0.737,1.304,1.543,-64.33,31.01,-1.05,brushing
-0.737,1.304,1.543,-11.182,-55.23,-20.405,brushing
-0.149,1.371,0.71,-11.182,-55.23,-20.405,brushing
-0.149,1.371,0.71,13.265,-176.82,-38.552,brushing
0.55,0.233,0.812,13.265,-176.82,-38.552,brushing
0.55,0.233,0.812,31.22,-94.762,-27.02,brushing
0.67,0.379,0.829,31.22,-94.762,-27.02,brushing
0.67,0.379,0.829,62.457,12.617,-4.952,brushing
0.541,0.954,0.782,62.457,12.617,-4.952,brushing
0.541,0.954,0.782,74.392,-68.215,7.927,brushing
0.181,0.114,0.19,74.392,-68.215,7.927,brushing
0.262,0.111,-0.187,74.392,-68.215,7.927,brushing
0.262,0.111,-0.187,74.935,-38.22,-1.207,brushing
0.2,0.518,-1.122,74.935,-38.22,-1.207,brushing
0.2,0.518,-1.122,60.13,76.247,1.452,brushing
-0.188,1.19,0.513,60.13,76.247,1.452,brushing
-0.188,1.19,0.513,43.837,137.935,3.622,brushing
-0.39,2.456,-1.137,43.837,137.935,3.622,brushing
-0.39,2.456,-1.137,25.497,117.477,27.51,brushing
-0.38,2.039,-0.289,25.497,117.477,27.51,brushing
-0.38,2.039,-0.289,-24.342,-6.002,48.422,brushing
-0.447,1.236,0.188,-24.342,-6.002,48.422,brushing
-0.447,1.236,0.188,-35.665,-2.677,48.475,brushing
-0.421,0.862,0.855,-35.665,-2.677,48.475,brushing
-0.421,0.862,0.855,-15.89,-7.157,24.675,brushing
-0.486,0.724,1.595,-15.89,-7.157,24.675,brushing
-0.486,0.724,1.595,26.792,-40.075,-6.317,brushing
-0.163,1.046,0.66,26.792,-40.075,-6.317,brushing
-0.163,1.046,0.66,26.285,-86.292,-20.737,brushing
0.615,0.644,0.392,26.285,-86.292,-20.737,brushing
0.727,0.883,0.612,26.285,-86.292,-20.737,brushing
0.727,0.883,0.612,22.382,-34.772,-18.095,brushing
0.687,0.845,0.467,22.382,-34.772,-18.095,brushing
0.687,0.845,0.467,26.582,-41.545,-4.112,brushing
0.288,0.38,0.318,26.582,-41.545,-4.112,brushing
0.288,0.38,0.318,27.317,-47.145,4.375,brushing
0.182,0.394,0.062,27.317,-47.145,4.375,brushing
0.182,0.394,0.062,28.7,-14.945,-0.21,brushing
0.09,0.111,-0.289,28.7,-14.945,-0.21,brushing
0.09,0.111,-0.289,16.135,24.115,-21.595,brushing
-0.064,0.405,-0.678,16.135,24.115,-21.595,brushing
-0.064,0.405,-0.678,-7.612,76.405,-50.557,brushing
-0.416,1.478,0.166,-7.612,76.405,-50.557,brushing
-0.416,1.478,0.166,-2.642,164.657,-22.802,brushing
-0.208,2.917,-0.854,-2.642,164.657,-22.802,brushing
-0.208,2.917,-0.854,-40.022,30.765,9.677,brushing
-0.268,2.319,-0.061,-40.022,30.765,9.677,brushing
-0.478,1.062,0.739,-51.52,-96.215,31.325,brushing
-0.368,0.682,0.271,-51.52,-96.215,31.325,brushing
-0.368,0.682,0.271,-20.492,-47.285,37.135,brushing
-0.079,0.924,1.266,-20.492,-47.285,37.135,brushing
-0.079,0.924,1.266,-1.137,-16.082,24.43,brushing
0.142,1.066,-0.021,-1.137,-16.082,24.43,brushing
0.142,1.066,-0.021,13.09,-60.41,18.602,brushing
0.466,0.119,0.684,13.09,-60.41,18.602,brushing
0.466,0.119,0.684,7.052,-62.23,18.48,brushing
0.469,0.464,0.422,7.052,-62.23,18.48,brushing
0.469,0.464,0.422,9.222,-3.937,22.225,brushing
0.329,0.592,0.329,9.222,-3.937,22.225,brushing
0.329,0.592,0.329,2.852,-6.37,27.247,brushing
0.214,0.582,-0.037,2.852,-6.37,27.247,brushing
0.214,0.582,-0.037,-7.105,21.245,28.665,brushing
0.327,0.576,0.107,-7.105,21.245,28.665,brushing
0.327,0.576,0.107,-9.905,54.565,26.477,brushing
0.096,0.657,0.135,-9.905,54.565,26.477,brushing
-0.028,1.371,-0.161,-7.385,59.482,14.927,brushing
-0.225,2.194,-0.351,-7.385,59.482,14.927,brushing
-0.225,2.194,-0.351,-25.445,27.545,23.957,brushing
-0.476,1.878,0.036,-25.445,27.545,23.957,brushing
-0.476,1.878,0.036,-52.587,-96.88,33.495,brushing
-0.409,1.085,0.571,-52.587,-96.88,33.495,brushing
-0.409,1.085,0.571,-47.32,-142.275,33.53,brushing
-0.4,0.563,0.783,-47.32,-142.275,33.53,brushing
-0.4,0.563,0.783,-15.89,-102.322,14.577,brushing
-0.277,0.771,0.76,-15.89,-102.322,14.577,brushing
-0.277,0.771,0.76,11.182,-68.407,-10.325,brushing
0.005,1.144,0.533,11.182,-68.407,-10.325,brushing
0.005,1.144,0.533,16.572,-81.13,-18.83,brushing
0.336,1.104,0.185,16.572,-81.13,-18.83,brushing
0.336,1.104,0.185,5.792,-90.335,-15.662,brushing
0.662,0.585,0.429,5.792,-90.335,-15.662,brushing
0.662,0.585,0.429,8.61,-61.74,-8.89,brushing
0.657,0.28,0.445,8.61,-61.74,-8.89,brushing
0.543,0.305,0.463,8.61,-61.74,-8.89,brushing
0.543,0.305,0.463,21.402,-12.985,1.47,brushing
0.481,0.56,0.371,21.402,-12.985,1.47,brushing
0.481,0.56,0.371,31.272,12.915,14.297,brushing
0.185,0.622,0.294,31.272,12.915,14.297,brushing
0.185,0.622,0.294,37.695,34.002,25.357,brushing
0.034,0.602,0.167,37.695,34.002,25.357,brushing
0.034,0.602,0.167,35.577,-8.785,1.855,brushing
0.06,0.698,-0.275,35.577,-8.785,1.855,brushing
0.06,0.698,-0.275,15.417,-33.25,-28.017,brushing
-0.005,1.374,-0.437,15.417,-33.25,-28.017,brushing
-0.005,1.374,-0.437,-17.85,43.137,-15.575,brushing
-0.157,2.357,0.158,-17.85,43.137,-15.575,brushing
-0.157,2.357,0.158,-42.91,-10.937,9.485,brushing
-0.31,1.892,0.872,-42.91,-10.937,9.485,brushing
-0.31,1.892,0.872,-34.09,-125.737,22.89,brushing
-0.326,0.908,0.934,-34.09,-125.737,22.89,brushing
-0.326,0.908,0.934,-7.997,-138.127,14.892,brushing
-0.316,0.426,1.059,-7.997,-138.127,14.892,brushing
-0.058,0.09,1.001,-7.997,-138.127,14.892,brushing
-0.058,0.09,1.001,18.515,-115.447,-9.94,brushing
0.336,-0.103,0.559,18.515,-115.447,-9.94,brushing
0.336,-0.103,0.559,31.08,-83.492,-41.02,brushing
0.703,0.141,0.107,31.08,-83.492,-41.02,brushing
0.703,0.141,0.107,27.142,-10.045,-48.667,brushing
0.774,0.629,-0.009,27.142,-10.045,-48.667,brushing
0.774,0.629,-0.009,12.092,65.1,-22.592,brushing
0.595,0.864,0.254,12.092,65.1,-22.592,brushing
0.595,0.864,0.254,1.855,75.81,7.42,brushing
0.195,0.554,0.462,1.855,75.81,7.42,brushing
0.195,0.554,0.462,2.782,78.68,20.002,brushing
0.099,0.43,0.129,2.782,78.68,20.002,brushing
0.099,0.43,0.129,-15.75,42.105,-6.755,brushing
0.007,0.669,-0.16,-15.75,42.105,-6.755,brushing
0.007,0.669,-0.16,-44.905,43.05,-36.557,brushing
-0.201,1.147,-0.266,-44.905,43.05,-36.557,brushing
-0.201,1.147,-0.266,-74.707,143.027,-24.517,brushing
-0.243,2.188,-0.282,-74.707,143.027,-24.517,brushing
-0.47,2.619,0.716,-74.707,143.027,-24.517,brushing
-0.47,2.619,0.716,-108.797,73.412,-6.877,brushing
-0.524,1.466,1.09,-108.797,73.412,-6.877,brushing
-0.524,1.466,1.09,-100.73,-136.552,-2.607,brushing
-0.453,0.688,1.441,-100.73,-136.552,-2.607,brushing
-0.453,0.688,1.441,-57.05,-186.917,-11.357,brushing
-0.429,0.163,1.26,-57.05,-186.917,-11.357,brushing
-0.429,0.163,1.26,-0.28,-128.625,-26.302,brushing
0.063,0.309,0.756,-0.28,-128.625,-26.302,brushing
0.063,0.309,0.756,19.67,-83.037,-49.507,brushing
0.512,0.155,0.472,19.67,-83.037,-49.507,brushing
0.512,0.155,0.472,19.757,-40.057,-53.777,brushing
0.678,0.564,0.233,19.757,-40.057,-53.777,brushing
0.678,0.564,0.233,18.497,44.38,-25.707,brushing
0.501,0.748,0.342,18.497,44.38,-25.707,brushing
0.501,0.748,0.342,23.17,68.775,1.47,brushing
0.159,0.468,0.409,23.17,68.775,1.47,brushing
0.159,0.468,0.409,29.435,73.71,0.525,brushing
0.042,0.082,-0.076,29.435,73.71,0.525,brushing
-0.099,0.335,-0.222,29.435,73.71,0.525,brushing
-0.099,0.335,-0.222,14.017,86.397,-34.65,brushing
-0.172,1.659,-0.913,14.017,86.397,-34.65,brushing
-0.172,1.659,-0.913,-15.4,129.78,-48.895,brushing
-0.196,3.146,-0.529,-15.4,129.78,-48.895,brushing
-0.196,3.146,-0.529,-82.775,56.91,-28.49,brushing
-0.519,2.197,0.586,-82.775,56.91,-28.49,brushing
-0.519,2.197,0.586,-114.73,-60.847,17.237,brushing
-0.696,0.93,1.304,-114.73,-60.847,17.237,brushing
-0.696,0.93,1.304,-78.662,-54.88,31.132,brushing
-0.588,0.39,1.575,-78.662,-54.88,31.132,brushing
-0.588,0.39,1.575,-29.347,-73.027,-4.97,brushing
-0.239,0.165,1.085,-29.347,-73.027,-4.97,brushing
-0.239,0.165,1.085,-2.292,-99.907,-48.737,brushing
0.153,-0.327,0.847,-2.292,-99.907,-48.737,brushing
0.153,-0.327,0.847,10.78,-20.93,-71.575,brushing
0.495,0.653,0.613,10.78,-20.93,-71.575,brushing
0.489,1.003,0.338,9.52,0.875,-55.562,brushing
0.275,0.647,0.453,9.52,0.875,-55.562,brushing
0.275,0.647,0.453,6.65,5.582,-20.282,brushing
0.09,0.318,0.457,6.65,5.582,-20.282,brushing
0.09,0.318,0.457,20.09,31.727,-1.995,brushing
-0.083,0.19,0.079,20.09,31.727,-1.995,brushing
-0.083,0.19,0.079,28.105,44.327,-15.662,brushing
-0.109,0.498,-0.058,28.105,44.327,-15.662,brushing
-0.109,0.498,-0.058,19.092,72.87,-31.57,brushing
-0.135,2.02,-0.822,19.092,72.87,-31.57,brushing
-0.135,2.02,-0.822,-12.057,140.735,1.995,brushing
-0.267,2.613,-0.844,-12.057,140.735,1.995,brushing
-0.267,2.613,-0.844,-66.307,51.835,38.255,brushing
-0.681,1.628,-0.158,-66.307,51.835,38.255,brushing
-0.681,1.628,-0.158,-88.305,1.12,52.64,brushing
-0.852,0.84,0.885,-88.305,1.12,52.64,brushing
-0.852,0.84,0.885,-53.69,6.055,43.61,brushing
-1.015,0.731,1.529,-53.69,6.055,43.61,brushing
-0.675,0.94,1.32,8.015,-30.135,18.795,brushing
0.035,1.038,0.584,8.015,-30.135,18.795,brushing
0.035,1.038,0.584,40.81,-100.38,0.122,brushing
0.443,-0.18,0.686,40.81,-100.38,0.122,brushing
0.443,-0.18,0.686,48.72,-120.995,-11.165,brushing
0.481,-0.04,0.6,48.72,-120.995,-11.165,brushing
0.481,-0.04,0.6,70.525,-3.605,-9.94,brushing
0.26,0.248,0.32,70.525,-3.605,-9.94,brushing
0.26,0.248,0.32,83.632,54.005,-5.285,brushing
0.097,0.236,0.126,83.632,54.005,-5.285,brushing
0.097,0.236,0.126,93.957,59.937,-16.66,brushing
0.031,-0.133,-0.19,93.957,59.937,-16.66,brushing
0.031,-0.133,-0.19,95.97,94.675,-46.025,brushing
-0.01,0.571,-0.391,95.97,94.675,-46.025,brushing
-0.01,0.571,-0.391,76.72,173.705,-54.127,brushing
-0.213,2.367,-1.029,76.72,173.705,-54.127,brushing
-0.213,2.367,-1.029,27.562,190.12,3.43,brushing
-0.209,3.437,-0.881,27.562,190.12,3.43,brushing
-0.687,1.921,0.062,27.562,190.12,3.43,brushing
-0.687,1.921,0.062,-30.607,44.922,48.457,brushing
-0.954,0.964,1.222,-30.607,44.922,48.457,brushing
-0.954,0.964,1.222,-27.457,-3.832,51.222,brushing
-0.826,0.769,1.442,-27.457,-3.832,51.222,brushing
-0.826,0.769,1.442,22.89,-20.422,23.52,brushing
-0.575,1.003,1.113,22.89,-20.422,23.52,brushing
-0.575,1.003,1.113,64.767,-62.737,-6.457,brushing
0.135,1.159,0.334,64.767,-62.737,-6.457,brushing
0.135,1.159,0.334,58.467,-143.745,-26.355,brushing
0.785,0.049,0.314,58.467,-143.745,-26.355,brushing
0.785,0.049,0.314,44.992,-118.667,-38.465,brushing
0.856,-0.174,0.495,44.992,-118.667,-38.465,brushing
0.856,-0.174,0.495,64.032,26.547,-26.705,brushing
0.61,0.556,0.396,64.032,26.547,-26.705,brushing
0.61,0.556,0.396,68.512,18.182,-13.825,brushing
0.391,0.669,-0.037,68.512,18.182,-13.825,brushing
0.391,0.669,-0.037,55.58,-39.095,-13.895,brushing
0.456,-0.212,0.149,55.58,-39.095,-13.895,brushing
0.01,0.355,-0.722,55.58,-39.095,-13.895,brushing
0.01,0.355,-0.722,62.755,107.555,-4.532,brushing
-0.233,1.81,-0.295,62.755,107.555,-4.532,brushing
-0.233,1.81,-0.295,52.36,195.545,-0.42,brushing
-0.6,2.869,-0.883,52.36,195.545,-0.42,brushing
-0.6,2.869,-0.883,25.007,132.177,27.037,brushing
-0.915,2.165,-0.281,25.007,132.177,27.037,brushing
-0.915,2.165,-0.281,-3.482,-5.005,51.415,brushing
-0.88,1.445,0.554,-3.482,-5.005,51.415,brushing
-0.88,1.445,0.554,12.827,-20.755,57.452,brushing
-0.821,1,1.088,12.827,-20.755,57.452,brushing
-0.821,1,1.088,56.157,-72.205,29.837,brushing
-0.555,0.739,1.133,56.157,-72.205,29.837,brushing
-0.555,0.739,1.133,89.582,-113.575,-6.842,brushing
0.168,1.169,0.823,89.582,-113.575,-6.842,brushing
0.168,1.169,0.823,89.88,-163.555,-22.82,brushing
0.905,0.561,0.461,89.88,-163.555,-22.82,brushing
0.905,0.561,0.461,74.06,-107.187,-17.202,brushing
1.252,0.277,0.296,74.06,-107.187,-17.202,brushing
0.989,0.671,0.362,74.06,-107.187,-17.202,brushing
0.989,0.671,0.362,63.84,-4.2,7.875,brushing
0.882,0.623,-0.188,63.84,-4.2,7.875,brushing
0.882,0.623,-0.188,36.75,-21.42,24.745,brushing
0.533,-0.2,0.091,36.75,-21.42,24.745,brushing
0.533,-0.2,0.091,-0.525,16.135,29.715,brushing
0.089,0.167,-0.494,-0.525,16.135,29.715,brushing
0.089,0.167,-0.494,-28.402,156.31,14.157,brushing
-0.494,0.928,-0.239,-28.402,156.31,14.157,brushing
-0.494,0.928,-0.239,-46.2,249.375,-6.44,brushing
-1,2.974,-0.812,-46.2,249.375,-6.44,brushing
-1,2.974,-0.812,-85.155,138.915,-14.962,brushing
-1.133,2.289,-0.242,-85.155,138.915,-14.962,brushing
-1.133,2.289,-0.242,-104.79,-1.05,-4.357,brushing
-0.812,1.549,0.659,-104.79,-1.05,-4.357,brushing
-0.812,1.549,0.659,-71.487,-56.105,-8.575,brushing
-0.818,0.745,1.136,-71.487,-56.105,-8.575,brushing
-0.279,0.615,0.669,-23.59,-113.557,-43.487,brushing
0.623,0.133,0.393,-23.59,-113.557,-43.487,brushing
0.623,0.133,0.393,-15.067,-110.792,-67.165,brushing
1.161,0.608,0.529,-15.067,-110.792,-67.165,brushing
1.161,0.608,0.529,-7.805,14.472,-60.077,brushing
1.212,1.209,0.577,-7.805,14.472,-60.077,brushing
1.212,1.209,0.577,5.635,4.69,-25.812,brushing
0.714,0.719,0.471,5.635,4.69,-25.812,brushing
0.714,0.719,0.471,17.815,-52.22,8.662,brushing
0.368,0.411,0.301,17.815,-52.22,8.662,brushing
0.368,0.411,0.301,33.267,-19.267,31.972,brushing
0.076,0.511,-0.266,33.267,-19.267,31.972,brushing
0.076,0.511,-0.266,36.785,21.77,30.94,brushing
-0.112,0.372,-0.483,36.785,21.77,30.94,brushing
-0.112,0.372,-0.483,33.705,133.297,23.31,brushing
-0.577,1.774,-1,33.705,133.297,23.31,brushing
-0.577,1.774,-1,-1.19,118.93,26.495,brushing
-0.821,2.292,-0.787,-1.19,118.93,26.495,brushing
-1.015,1.103,-0.135,-40.022,-21,17.01,brushing
-0.857,1.085,0.872,-40.022,-21,17.01,brushing
-0.857,1.085,0.872,-30.485,-2.38,3.937,brushing
-0.719,0.879,1.197,-30.485,-2.38,3.937,brushing
-0.719,0.879,1.197,14.612,-33.635,-22.61,brushing
-0.234,1.32,1.165,14.612,-33.635,-22.61,brushing
-0.234,1.32,1.165,53.935,-88.445,-45.15,brushing
0.543,1.026,0.528,53.935,-88.445,-45.15,brushing
0.543,1.026,0.528,54.495,-153.965,-48.142,brushing
1.123,0.526,0.172,54.495,-153.965,-48.142,brushing
1.123,0.526,0.172,45.097,-28.035,-20.615,brushing
1.31,1.321,0.285,45.097,-28.035,-20.615,brushing
1.31,1.321,0.285,37.03,-3.027,21.84,brushing
0.854,0.784,0.276,37.03,-3.027,21.84,brushing
0.854,0.784,0.276,31.447,-53.917,41.177,brushing
0.544,0.225,0.202,31.447,-53.917,41.177,brushing
0.544,0.225,0.202,28.035,-4.217,49.297,brushing
0.172,0.394,-0.309,28.035,-4.217,49.297,brushing
-0.143,0.265,-0.296,28.035,-4.217,49.297,brushing
-0.143,0.265,-0.296,16.205,57.312,35.192,brushing
-0.697,1.727,-0.349,16.205,57.312,35.192,brushing
-0.697,1.727,-0.349,10.517,172.742,26.285,brushing
-0.986,2.182,-0.32,10.517,172.742,26.285,brushing
-0.986,2.182,-0.32,-10.587,76.09,15.942,brushing
-0.859,1.531,-0.194,-10.587,76.09,15.942,brushing
-0.859,1.531,-0.194,-28.91,-18.095,0,brushing
-0.408,1.376,0.365,-28.91,-18.095,0,brushing
-0.408,1.376,0.365,-32.27,-28.035,-7.892,brushing
-0.562,1.102,1.014,-32.27,-28.035,-7.892,brushing
-0.562,1.102,1.014,-11.602,-43.89,-23.73,brushing
-0.198,1.064,0.92,-11.602,-43.89,-23.73,brushing
-0.198,1.064,0.92,2.625,-84.227,-38.115,brushing
0.34,1.015,0.662,2.625,-84.227,-38.115,brushing
0.34,1.015,0.662,-5.425,-125.562,-48.44,brushing
0.96,0.252,0.34,-5.425,-125.562,-48.44,brushing
0.96,0.252,0.34,-9.065,-24.132,-32.13,brushing
1.19,0.743,0.649,-9.065,-24.132,-32.13,brushing
0.818,0.586,0.744,-9.065,-24.132,-32.13,brushing
0.818,0.586,0.744,5.6,-11.322,-2.135,brushing
0.526,0.116,0.333,5.6,-11.322,-2.135,brushing
0.526,0.116,0.333,21.735,-50.54,8.855,brushing
0.298,0.41,-0.167,21.735,-50.54,8.855,brushing
0.298,0.41,-0.167,23.59,-5.635,13.877,brushing
0.133,0.705,-0.808,23.59,-5.635,13.877,brushing
0.133,0.705,-0.808,7.595,14.927,6.335,brushing
-0.397,0.68,-0.355,7.595,14.927,6.335,brushing
-0.397,0.68,-0.355,0.91,141.557,6.352,brushing
-0.819,2.69,-0.75,0.91,141.557,6.352,brushing
-0.819,2.69,-0.75,-23.765,91.63,19.425,brushing
-0.966,1.634,-0.287,-23.765,91.63,19.425,brushing
-0.966,1.634,-0.287,-39.147,-45.92,18.287,brushing
-0.557,0.852,0.155,-39.147,-45.92,18.287,brushing
-0.557,0.852,0.155,-21.84,-20.02,6.527,brushing
-0.711,0.434,1.133,-21.84,-20.02,6.527,brushing
-0.711,0.434,1.133,19.687,-18.48,-25.637,brushing
-0.355,0.871,0.531,19.687,-18.48,-25.637,brushing
0.072,0.819,0.955,19.687,-18.48,-25.637,brushing
0.072,0.819,0.955,40.827,-27.545,-43.242,brushing
0.487,1.009,0.437,40.827,-27.545,-43.242,brushing
0.487,1.009,0.437,50.522,-32.427,-43.47,brushing
1.033,0.751,0.247,50.522,-32.427,-43.47,brushing
1.033,0.751,0.247,46.952,3.132,-28.017,brushing
1.096,1.209,0.325,46.952,3.132,-28.017,brushing
1.096,1.209,0.325,46.532,19.162,3.815,brushing
0.86,0.697,0.161,46.532,19.162,3.815,brushing
0.86,0.697,0.161,41.177,-6.16,29.26,brushing
0.559,0.788,-0.116,41.177,-6.16,29.26,brushing
0.559,0.788,-0.116,27.475,35.35,52.447,brushing
0.27,0.871,-0.326,27.475,35.35,52.447,brushing
0.27,0.871,-0.326,14.507,48.755,48.772,brushing
-0.148,0.777,-0.721,14.507,48.755,48.772,brushing
-0.148,0.777,-0.721,-1.82,134.4,37.975,brushing
-0.361,1.646,-0.579,-1.82,134.4,37.975,brushing
-1.012,1.719,0.378,-17.5,143.85,38.132,brushing
-1.352,0.918,0.924,-17.5,143.85,38.132,brushing
-1.352,0.918,0.924,6.667,40.582,19.197,brushing
-0.842,0.974,0.814,6.667,40.582,19.197,brushing
-0.842,0.974,0.814,51.45,-2.502,-16.17,brushing
-0.484,1.036,0.755,51.45,-2.502,-16.17,brushing
-0.484,1.036,0.755,75.862,-49.612,-43.505,brushing
-0.33,0.489,0.309,75.862,-49.612,-43.505,brushing
-0.33,0.489,0.309,79.152,-80.552,-78.295,brushing
0.296,0.629,0.089,79.152,-80.552,-78.295,brushing
0.296,0.629,0.089,60.602,8.68,-87.307,brushing
0.863,1.411,-0.237,60.602,8.68,-87.307,brushing
0.863,1.411,-0.237,31.78,12.932,-73.15,brushing
1.376,1.471,-0.459,31.78,12.932,-73.15,brushing
1.376,1.471,-0.459,3.902,23.065,-24.867,brushing
1.398,1.711,-0.426,3.902,23.065,-24.867,brushing
1.398,1.711,-0.426,-21.437,23.362,40.407,brushing
0.943,1.368,-0.229,-21.437,23.362,40.407,brushing
0.603,0.825,-0.367,-43.592,13.667,88.952,brushing
0.01,0.369,-0.172,-43.592,13.667,88.952,brushing
0.01,0.369,-0.172,-59.657,51.502,99.242,brushing
-0.482,0.687,0.162,-59.657,51.502,99.242,brushing
-0.482,0.687,0.162,-64.015,69.317,61.582,brushing
-0.94,1.159,0.556,-64.015,69.317,61.582,brushing
-0.94,1.159,0.556,-50.837,39.007,27.3,brushing
-1.158,1.36,0.655,-50.837,39.007,27.3,brushing
-1.158,1.36,0.655,-20.457,-6.387,3.797,brushing
-0.7,1.577,0.554,-20.457,-6.387,3.797,brushing
-0.7,1.577,0.554,4.217,-67.13,-12.407,brushing
-0.573,0.993,0.463,4.217,-67.13,-12.407,brushing
-0.573,0.993,0.463,17.22,-122.587,-40.775,brushing
-0.454,0.357,0.194,17.22,-122.587,-40.775,brushing
-0.454,0.357,0.194,21.28,-78.137,-72.572,brushing
-0.142,0.615,0.081,21.28,-78.137,-72.572,brushing
-0.142,0.615,0.081,15.767,-2.957,-79.887,brushing
0.502,1.182,-0.166,15.767,-2.957,-79.887,brushing
1.356,1.351,-0.624,15.767,-2.957,-79.887,brushing
1.356,1.351,-0.624,1.242,2.222,-59.78,brushing
1.598,1.377,-0.819,1.242,2.222,-59.78,brushing
1.598,1.377,-0.819,-17.815,16.642,-10.657,brushing
1.029,1.315,-0.832,-17.815,16.642,-10.657,brushing
1.029,1.315,-0.832,-52.237,24.867,44.257,brushing
0.448,1.141,-0.429,-52.237,24.867,44.257,brushing
0.448,1.141,-0.429,-87.745,16.572,84.035,brushing
-0.472,0.561,0.089,-87.745,16.572,84.035,brushing
-0.472,0.561,0.089,-83.51,25.2,78.802,brushing
-0.957,0.416,0.671,-83.51,25.2,78.802,brushing
-0.957,0.416,0.671,-46.9,31.745,38.255,brushing
-1.181,0.835,0.606,-46.9,31.745,38.255,brushing
-1.181,0.835,0.606,-12.04,12.215,-1.085,brushing
-0.564,1.544,0.503,-12.04,12.215,-1.085,brushing
-0.564,1.544,0.503,1.715,-45.027,-16.24,brushing
-0.583,1.391,0.579,1.715,-45.027,-16.24,brushing
-0.583,1.391,0.579,7.735,-112.42,-35.017,brushing
-0.527,0.925,0.543,7.735,-112.42,-35.017,brushing
-0.294,0.871,0.727,7.735,-112.42,-35.017,brushing
-0.294,0.871,0.727,14.682,-119.997,-55.737,brushing
0.033,1.117,0.33,14.682,-119.997,-55.737,brushing
0.033,1.117,0.33,16.327,-140.07,-69.807,brushing
0.689,0.716,-0.074,16.327,-140.07,-69.807,brushing
0.689,0.716,-0.074,1.68,-146.755,-70.927,brushing
1.257,1.159,-0.213,1.68,-146.755,-70.927,brushing
1.257,1.159,-0.213,-6.58,-71.855,-41.895,brushing
1.321,1.488,-0.246,-6.58,-71.855,-41.895,brushing
1.321,1.488,-0.246,-14.7,-67.462,6.667,brushing
0.755,1.149,-0.279,-14.7,-67.462,6.667,brushing
0.755,1.149,-0.279,-26.512,-48.562,57.155,brushing
0.349,0.986,-0.368,-26.512,-48.562,57.155,brushing
0.349,0.986,-0.368,-43.837,5.81,90.142,brushing
-0.134,0.767,-0.036,-43.837,5.81,90.142,brushing
-0.134,0.767,-0.036,-56.315,22.995,81.077,brushing
-0.627,0.719,0.485,-56.315,22.995,81.077,brushing
-0.627,0.719,0.485,-40.18,7.682,50.417,brushing
-1.166,0.654,1.335,-40.18,7.682,50.417,brushing
-1.087,1.095,1.35,-40.18,7.682,50.417,brushing
-1.087,1.095,1.35,5.705,-84.105,-0.507,brushing
-0.65,1.246,1,5.705,-84.105,-0.507,brushing
-0.65,1.246,1,39.655,-190.732,-37.817,brushing
-0.412,0.862,0.648,39.655,-190.732,-37.817,brushing
-0.412,0.862,0.648,44.59,-247.135,-61.337,brushing
-0.161,0.874,0.521,44.59,-247.135,-61.337,brushing
-0.161,0.874,0.521,35.612,-200.427,-66.657,brushing
0.138,0.941,0.187,35.612,-200.427,-66.657,brushing
0.138,0.941,0.187,9.817,-197.47,-69.527,brushing
0.466,0.348,0.028,9.817,-197.47,-69.527,brushing
0.466,0.348,0.028,-16.397,-100.397,-55.457,brushing
0.939,0.671,0.028,-16.397,-100.397,-55.457,brushing
0.939,0.671,0.028,-30.502,18.462,-27.02,brushing
1.138,0.947,0.053,-30.502,18.462,-27.02,brushing
1.138,0.947,0.053,-38.745,57.505,6.667,brushing
0.836,0.938,0.178,-38.745,57.505,6.667,brushing
0.836,0.938,0.178,-40.057,66.272,40.53,brushing
0.522,0.781,0.133,-40.057,66.272,40.53,brushing
0.125,0.567,0.246,-40.057,66.272,40.53,brushing
0.125,0.567,0.246,-39.742,113.242,63.945,brushing
-0.1,0.78,0.2,-39.742,113.242,63.945,brushing
-0.1,0.78,0.2,-40.355,160.422,63.98,brushing
-0.384,0.649,0.369,-40.355,160.422,63.98,brushing
-0.384,0.649,0.369,-44.782,170.8,44.327,brushing
-0.756,0.778,0.711,-44.782,170.8,44.327,brushing
-0.756,0.778,0.711,-33.862,184.695,17.132,brushing
-0.976,1.211,0.938,-33.862,184.695,17.132,brushing
-0.976,1.211,0.938,-10.78,130.252,-12.285,brushing
-0.802,1.378,0.823,-10.78,130.252,-12.285,brushing
-0.802,1.378,0.823,6.597,33.075,-34.527,brushing
-0.66,1.155,0.685,6.597,33.075,-34.527,brushing
-0.66,1.155,0.685,17.902,7.682,-44.52,brushing
-0.21,1.364,0.229,17.902,7.682,-44.52,brushing
-0.21,1.364,0.229,12.04,-10.237,-51.712,brushing
-0.148,0.736,0.224,12.04,-10.237,-51.712,brushing
-0.045,0.548,0.186,4.707,15.4,-63.315,brushing
0.432,0.921,0.068,4.707,15.4,-63.315,brushing
0.432,0.921,0.068,-1.277,76.265,-58.59,brushing
0.753,1.001,0.007,-1.277,76.265,-58.59,brushing
0.753,1.001,0.007,-4.952,93.625,-40.25,brushing
0.932,1.144,-0.021,-4.952,93.625,-40.25,brushing
0.932,1.144,-0.021,-6.247,81.567,-9.362,brushing
0.62,0.839,-0.046,-6.247,81.567,-9.362,brushing
0.62,0.839,-0.046,-8.435,38.727,16.642,brushing
0.17,0.833,0.035,-8.435,38.727,16.642,brushing
0.17,0.833,0.035,-6.475,37.345,30.397,brushing
-0.104,1.108,-0.111,-6.475,37.345,30.397,brushing
-0.104,1.108,-0.111,-7,27.912,37.66,brushing
-0.381,1.233,-0.251,-7,27.912,37.66,brushing
-0.381,1.233,-0.251,-12.722,34.247,37.8,brushing
-0.621,1.3,-0.157,-12.722,34.247,37.8,brushing
-0.621,1.3,-0.157,-18.48,17.867,29.067,brushing
-0.869,1.299,0.157,-18.48,17.867,29.067,brushing
-0.416,1.438,0.27,-18.48,17.867,29.067,brushing
-0.416,1.438,0.27,-15.925,-24.535,15.522,brushing
-0.421,1.466,0.702,-15.925,-24.535,15.522,brushing
-0.421,1.466,0.702,-9.695,-77.612,8.697,brushing
-0.576,1.1,0.696,-9.695,-77.612,8.697,brushing
-0.576,1.1,0.696,10.675,-140.437,-6.842,brushing
-0.268,0.885,0.846,10.675,-140.437,-6.842,brushing
-0.268,0.885,0.846,28.472,-132.965,-17.535,brushing
0.094,1.192,0.573,28.472,-132.965,-17.535,brushing
0.094,1.192,0.573,34.405,-130.2,-21.42,brushing
0.605,0.7,0.146,34.405,-130.2,-21.42,brushing
0.605,0.7,0.146,19.862,-97.16,-14.577,brushing
0.751,0.795,0.464,19.862,-97.16,-14.577,brushing
0.751,0.795,0.464,21.7,2.975,13.842,brushing
0.617,1.048,0.751,21.7,2.975,13.842,brushing
0.617,1.048,0.751,31.027,-42.857,31.692,brushing
0.282,0.218,0.366,31.027,-42.857,31.692,brushing
0.282,0.218,0.366,36.977,-14.787,31.132,brushing
0.354,0.03,0.065,36.977,-14.787,31.132,brushing
0.141,0.595,-0.633,36.977,-14.787,31.132,brushing
0.141,0.595,-0.633,20.65,68.897,21.28,brushing
-0.277,0.491,-0.023,20.65,68.897,21.28,brushing
-0.277,0.491,-0.023,-8.452,100.31,-2.73,brushing
-0.557,2.203,-0.849,-8.452,100.31,-2.73,brushing
-0.557,2.203,-0.849,-35.35,137.41,-12.477,brushing
-0.621,2.174,-0.584,-35.35,137.41,-12.477,brushing
-0.621,2.174,-0.584,-79.835,6.632,-3.377,brushing
-0.488,1.611,0.022,-79.835,6.632,-3.377,brushing
-0.488,1.611,0.022,-94.027,-50.977,4.637,brushing
-0.68,1.011,0.449,-94.027,-50.977,4.637,brushing
-0.68,1.011,0.449,-69.825,-63.787,4.41,brushing
-0.339,0.559,0.993,-69.825,-63.787,4.41,brushing
-0.339,0.559,0.993,-35.21,-28.472,-3.325,brushing
-0.24,0.616,0.855,-35.21,-28.472,-3.325,brushing
-0.24,0.616,0.855,-5.11,-68.425,-24.255,brushing
0.339,0.339,0.984,-5.11,-68.425,-24.255,brushing
0.339,0.339,0.984,20.825,-78.872,-32.305,brushing
0.57,-0.141,0.69,20.825,-78.872,-32.305,brushing
0.547,0.647,0.387,20.825,-78.872,-32.305,brushing
0.547,0.647,0.387,50.05,-8.032,-25.06,brushing
0.435,0.657,-0.079,50.05,-8.032,-25.06,brushing
0.435,0.657,-0.079,51.765,-24.85,-8.732,brushing
0.345,0.578,-0.325,51.765,-24.85,-8.732,brushing
0.345,0.578,-0.325,38.29,-11.812,7.437,brushing
0.171,0.42,-0.558,38.29,-11.812,7.437,brushing
0.171,0.42,-0.558,18.375,41.51,8.207,brushing
-0.375,0.615,0.05,18.375,41.51,8.207,brushing
-0.375,0.615,0.05,20.177,175.7,8.557,brushing
-0.339,2.79,-0.765,20.177,175.7,8.557,brushing
-0.339,2.79,-0.765,-20.632,118.16,21.945,brushing
-0.53,2.182,-0.199,-20.632,118.16,21.945,brushing
-0.53,2.182,-0.199,-52.08,0.367,45.167,brushing
-0.47,1.733,0.602,-52.08,0.367,45.167,brushing
-0.47,1.733,0.602,-39.077,-17.465,56.21,brushing
-0.508,0.962,1.114,-39.077,-17.465,56.21,brushing
-0.508,0.962,1.114,1.592,-32.182,40.862,brushing
-0.381,0.719,1.259,1.592,-32.182,40.862,brushing
0.095,1.02,0.65,1.592,-32.182,40.862,brushing
0.095,1.02,0.65,27.755,-50.802,16.817,brushing
0.44,0.718,0.172,27.755,-50.802,16.817,brushing
0.44,0.718,0.172,15.277,-76.807,3.797,brushing
0.618,0.357,0.322,15.277,-76.807,3.797,brushing
0.618,0.357,0.322,-9.187,-54.775,0.14,brushing
0.459,0.244,0.347,-9.187,-54.775,0.14,brushing
0.459,0.244,0.347,-16.572,0.367,-2.555,brushing
0.451,0.528,0.233,-16.572,0.367,-2.555,brushing
0.451,0.528,0.233,-19.162,27.685,-0.647,brushing
0.288,0.575,0.156,-19.162,27.685,-0.647,brushing
0.288,0.575,0.156,-17.15,48.142,3.377,brushing
-0.005,0.992,0.129,-17.15,48.142,3.377,brushing
-0.005,0.992,0.129,-11.41,60.305,7.525,brushing
-0.294,1.677,-0.215,-11.41,60.305,7.525,brushing
-0.294,1.677,-0.215,-16.432,-5.075,7.525,brushing
-0.409,1.526,-0.156,-16.432,-5.075,7.525,brushing
-0.578,1.692,-0.14,-17.587,-8.592,19.162,brushing
-0.477,1.52,0.247,-17.587,-8.592,19.162,brushing
-0.477,1.52,0.247,-16.8,-15.907,26.407,brushing
-0.638,0.978,0.759,-16.8,-15.907,26.407,brushing
-0.638,0.978,0.759,-1.382,-58.38,13.475,brushing
-0.447,0.761,0.691,-1.382,-58.38,13.475,brushing
-0.447,0.761,0.691,33.722,-41.667,-7,brushing
0.456,0.878,0.306,33.722,-41.667,-7,brushing
0.456,0.878,0.306,39.62,-65.012,-25.165,brushing
0.535,0.331,0.53,39.62,-65.012,-25.165,brushing
0.535,0.331,0.53,43.347,-98.28,-29.102,brushing
0.693,0.276,0.351,43.347,-98.28,-29.102,brushing
0.693,0.276,0.351,42.21,-39.41,-9.922,brushing
0.555,0.509,0.14,42.21,-39.41,-9.922,brushing
0.555,0.509,0.14,33.547,19.722,18.497,brushing
0.438,0.923,0.211,33.547,19.722,18.497,brushing
0.438,0.923,0.211,25.375,2.03,36.96,brushing
0.15,0.812,0.21,25.375,2.03,36.96,brushing
0.025,0.313,0.216,23.082,-38.5,32.76,brushing
-0.087,0.262,0.018,23.082,-38.5,32.76,brushing
-0.087,0.262,0.018,19.687,-32.06,0.997,brushing
-0.171,0.98,-0.159,19.687,-32.06,0.997,brushing
-0.171,0.98,-0.159,4.41,31.587,-20.142,brushing
-0.318,2.041,-0.05,4.41,31.587,-20.142,brushing
-0.318,2.041,-0.05,-13.317,79.362,-9.152,brushing
-0.385,2.343,0.345,-13.317,79.362,-9.152,brushing
-0.385,2.343,0.345,-21.437,5.53,9.012,brushing
-0.29,1.49,0.653,-21.437,5.53,9.012,brushing
-0.29,1.49,0.653,-16.765,-84.507,12.792,brushing
-0.463,0.509,0.575,-16.765,-84.507,12.792,brushing
-0.463,0.509,0.575,-2.03,-52.587,-4.27,brushing
-0.207,0.568,0.861,-2.03,-52.587,-4.27,brushing
-0.207,0.568,0.861,19.022,-26.407,-33.145,brushing
-0.154,0.762,0.729,19.022,-26.407,-33.145,brushing
-0.154,0.762,0.729,27.58,-69.282,-52.027,brushing
0.29,0.65,0.476,27.58,-69.282,-52.027,brushing
0.642,0.519,0.115,27.58,-69.282,-52.027,brushing
0.642,0.519,0.115,25.725,-54.32,-51.31,brushing
0.807,0.748,0.035,25.725,-54.32,-51.31,brushing
0.807,0.748,0.035,22.767,-2.03,-29.487,brushing
0.646,0.829,0.025,22.767,-2.03,-29.487,brushing
0.646,0.829,0.025,19.337,5.67,2.782,brushing
0.08,0.44,0.115,19.337,5.67,2.782,brushing
0.08,0.44,0.115,25.375,26.372,26.372,brushing
0.123,0.645,-0.271,25.375,26.372,26.372,brushing
0.123,0.645,-0.271,14.962,50.365,14.175,brushing
-0.295,1.075,0.176,14.962,50.365,14.175,brushing
-0.295,1.075,0.176,7.507,60.532,9.31,brushing
-0.44,2.056,0.017,7.507,60.532,9.31,brushing
-0.44,2.056,0.017,-1.277,37.537,23.747,brushing
-0.457,2.1,0.381,-1.277,37.537,23.747,brushing
-0.457,2.1,0.381,-1.26,-62.492,34.86,brushing
-0.312,1.321,0.623,-1.26,-62.492,34.86,brushing
-0.312,1.321,0.623,12.565,-73.832,34.807,brushing
-0.345,0.581,0.878,12.565,-73.832,34.807,brushing
-0.108,0.823,0.822,12.565,-73.832,34.807,brushing
-0.108,0.823,0.822,36.785,-27.195,16.397,brushing
0.193,0.505,0.734,36.785,-27.195,16.397,brushing
0.193,0.505,0.734,36.452,-82.092,-12.74,brushing
0.523,-0.033,0.409,36.452,-82.092,-12.74,brushing
0.523,-0.033,0.409,31.727,-68.477,-33.512,brushing
0.797,0.593,0.246,31.727,-68.477,-33.512,brushing
0.797,0.593,0.246,17.762,6.807,-30.345,brushing
0.623,0.897,0.189,17.762,6.807,-30.345,brushing
0.623,0.897,0.189,5.425,28.175,-1.75,brushing
0.548,0.937,0.219,5.425,28.175,-1.75,brushing
0.548,0.937,0.219,2.152,21.525,25.182,brushing
0.223,0.475,0.263,2.152,21.525,25.182,brushing
0.223,0.475,0.263,10.395,48.107,35.175,brushing
-0.098,0.395,0.045,10.395,48.107,35.175,brushing
-0.098,0.395,0.045,8.417,42.28,6.702,brushing
-0.09,0.653,-0.119,8.417,42.28,6.702,brushing
-0.09,0.653,-0.119,-2.205,61.827,-15.627,brushing
-0.364,1.377,-0.301,-2.205,61.827,-15.627,brushing
-0.454,2.469,-0.054,-2.205,61.827,-15.627,brushing
-0.454,2.469,-0.054,-16.94,103.145,-1.942,brushing
-0.442,2.252,0.579,-16.94,103.145,-1.942,brushing
-0.442,2.252,0.579,-21.787,-5.687,19.722,brushing
-0.515,1.179,0.706,-21.787,-5.687,19.722,brushing
-0.515,1.179,0.706,-2.03,-102.777,26.74,brushing
-0.403,0.579,1.136,-2.03,-102.777,26.74,brushing
-0.403,0.579,1.136,35.14,-106.977,8.4,brushing
-0.283,0.548,0.842,35.14,-106.977,8.4,brushing
-0.283,0.548,0.842,65.467,-144.025,-23.87,brushing
0.407,-0.086,0.484,65.467,-144.025,-23.87,brushing
0.407,-0.086,0.484,77.752,-138.197,-54.162,brushing
1.066,-0.216,-0.058,77.752,-138.197,-54.162,brushing
1.066,-0.216,-0.058,85.242,2.712,-45.587,brushing
1.055,0.515,-0.232,85.242,2.712,-45.587,brushing
1.055,0.515,-0.232,71.697,78.085,0.262,brushing
0.881,0.749,-0.18,71.697,78.085,0.262,brushing
0.483,0.506,0,41.3,53.462,22.662,brushing
0.271,0.445,0.031,41.3,53.462,22.662,brushing
0.271,0.445,0.031,16.695,54.145,14.892,brushing
-0.109,1.303,-0.152,16.695,54.145,14.892,brushing
-0.109,1.303,-0.152,-0.735,156.73,13.947,brushing
-0.471,2.359,0.116,-0.735,156.73,13.947,brushing
-0.471,2.359,0.116,-24.92,104.037,10.465,brushing
-0.949,1.745,0.746,-24.92,104.037,10.465,brushing
-0.949,1.745,0.746,-18.27,-10.955,10.307,brushing
-0.851,1.265,1.174,-18.27,-10.955,10.307,brushing
-0.851,1.265,1.174,32.182,-25.62,0.262,brushing
-0.596,1.1,1.204,32.182,-25.62,0.262,brushing
-0.596,1.1,1.204,83.177,-76.037,-23.415,brushing
-0.494,0.757,0.929,83.177,-76.037,-23.415,brushing
-0.494,0.757,0.929,114.992,-97.02,-48.142,brushing
0.133,1.021,0.193,114.992,-97.02,-48.142,brushing
0.133,1.021,0.193,101.482,-130.532,-66.062,brushing
0.867,0.407,-0.137,101.482,-130.532,-66.062,brushing
1.086,-0.048,0.041,77.507,-64.907,-69.947,brushing
0.986,0.538,0.186,77.507,-64.907,-69.947,brushing
0.986,0.538,0.186,70.35,52.815,-59.71,brushing
0.811,0.483,0.145,70.35,52.815,-59.71,brushing
0.811,0.483,0.145,51.38,38.045,-52.955,brushing
0.535,1.212,0.052,51.38,38.045,-52.955,brushing
0.535,1.212,0.052,29.487,50.82,-35.14,brushing
0.457,1.506,-0.144,29.487,50.82,-35.14,brushing
0.457,1.506,-0.144,8.172,27.825,-6.545,brushing
-0.076,1.087,0.218,8.172,27.825,-6.545,brushing
-0.076,1.087,0.218,7.315,113.575,19.232,brushing
-0.436,2.087,0.101,7.315,113.575,19.232,brushing
-0.436,2.087,0.101,1.33,87.657,24.097,brushing
-0.603,1.884,0.476,1.33,87.657,24.097,brushing
-0.603,1.884,0.476,4.077,-48.965,10.867,brushing
-1.136,0.855,0.898,4.077,-48.965,10.867,brushing
-1.136,0.855,0.898,31.395,-77.367,-17.43,brushing
-0.676,0.921,0.631,31.395,-77.367,-17.43,brushing
-0.352,0.965,0.622,31.395,-77.367,-17.43,brushing
-0.352,0.965,0.622,41.58,-65.24,-35.122,brushing
-0.13,0.891,0.465,41.58,-65.24,-35.122,brushing
-0.13,0.891,0.465,37.625,-84.087,-52.08,brushing
0.202,0.739,0.532,37.625,-84.087,-52.08,brushing
0.202,0.739,0.532,23.502,-81.042,-57.697,brushing
0.856,0.729,0.095,23.502,-81.042,-57.697,brushing
0.856,0.729,0.095,6.667,-59.71,-53.655,brushing
1.349,0.627,-0.09,6.667,-59.71,-53.655,brushing
1.349,0.627,-0.09,-8.067,-5.862,-35.052,brushing
1.225,0.772,0.059,-8.067,-5.862,-35.052,brushing
1.225,0.772,0.059,-16.327,42.612,2.362,brushing
0.909,0.744,0.015,-16.327,42.612,2.362,brushing
0.909,0.744,0.015,-28.805,49.367,35.28,brushing
0.493,0.73,-0.086,-28.805,49.367,35.28,brushing
0.493,0.73,-0.086,-45.622,67.007,51.047,brushing
0.139,0.646,-0.388,-45.622,67.007,51.047,brushing
0.139,0.646,-0.388,-61.6,113.54,38.377,brushing
-0.431,0.794,0.045,-61.6,113.54,38.377,brushing
-0.953,1.613,0.443,-61.6,113.54,38.377,brushing
-0.953,1.613,0.443,-54.512,142.555,22.68,brushing
-1.227,1.466,0.781,-54.512,142.555,22.68,brushing
-1.227,1.466,0.781,-28.945,49.752,12.232,brushing
-0.752,1.305,0.615,-28.945,49.752,12.232,brushing
-0.752,1.305,0.615,3.255,-43.522,-2.345,brushing
-0.458,0.809,0.63,3.255,-43.522,-2.345,brushing
-0.458,0.809,0.63,25.375,-103.145,-23.45,brushing
-0.384,0.158,0.393,25.375,-103.145,-23.45,brushing
-0.384,0.158,0.393,38.482,-76.405,-54.862,brushing
0.137,0.557,0.448,38.482,-76.405,-54.862,brushing
0.137,0.557,0.448,37.87,11.235,-62.79,brushing
0.788,1.284,0,37.87,11.235,-62.79,brushing
0.788,1.284,0,22.715,0.315,-51.73,brushing
1.376,1.366,-0.342,22.715,0.315,-51.73,brushing
1.376,1.366,-0.342,2.747,30.397,-8.33,brushing
1.144,1.487,-0.171,2.747,30.397,-8.33,brushing
1.144,1.487,-0.171,-21.087,34.212,41.825,brushing
0.756,1.331,-0.271,-21.087,34.212,41.825,brushing
0.321,0.661,-0.275,-21.087,34.212,41.825,brushing
0.321,0.661,-0.275,-53.725,29.032,71.295,brushing
-0.334,0.559,0.371,-53.725,29.032,71.295,brushing
-0.334,0.559,0.371,-67.322,71.47,57.505,brushing
-0.693,0.885,0.644,-67.322,71.47,57.505,brushing
-0.693,0.885,0.644,-59.535,57.347,24.36,brushing
-0.961,1.081,0.868,-59.535,57.347,24.36,brushing
-0.961,1.081,0.868,-37.502,15.662,0.245,brushing
-0.564,1.491,0.712,-37.502,15.662,0.245,brushing
-0.564,1.491,0.712,-14.192,-38.412,-9.572,brushing
-0.38,1.281,0.605,-14.192,-38.412,-9.572,brushing
-0.38,1.281,0.605,-2.485,-117.897,-21.787,brushing
-0.39,0.613,0.463,-2.485,-117.897,-21.787,brushing
-0.39,0.613,0.463,7.105,-114.817,-39.305,brushing
-0.168,0.633,0.487,7.105,-114.817,-39.305,brushing
-0.168,0.633,0.487,13.79,-81.13,-48.982,brushing
0.351,0.855,0.22,13.79,-81.13,-48.982,brushing
0.351,0.855,0.22,11.935,-63.525,-37.94,brushing
1.086,1.242,-0.193,11.935,-63.525,-37.94,brushing
1.341,1.451,-0.387,11.935,-63.525,-37.94,brushing
1.341,1.451,-0.387,-3.465,-69.982,-3.43,brushing
0.816,1.592,-0.18,-3.465,-69.982,-3.43,brushing
0.816,1.592,-0.18,-28.175,-105.577,39.357,brushing
0.477,1.186,-0.42,-28.175,-105.577,39.357,brushing
0.477,1.186,-0.42,-57.54,-129.517,80.36,brushing
0.01,0.857,0.129,-57.54,-129.517,80.36,brushing
0.01,0.857,0.129,-83.895,-82.075,101.64,brushing
-0.499,0.96,0.462,-83.895,-82.075,101.64,brushing
-0.499,0.96,0.462,-94.605,-117.355,89.775,brushing
-1.128,0.233,1.32,-94.605,-117.355,89.775,brushing
-1.128,0.233,1.32,-68.862,-186.865,46.007,brushing
-1.056,0.081,1.425,-68.862,-186.865,46.007,brushing
-1.056,0.081,1.425,-21.542,-194.25,-1.312,brushing
-0.654,0.43,1.227,-21.542,-194.25,-1.312,brushing
-0.654,0.43,1.227,5.88,-203.84,-43.505,brushing
-0.44,0.634,0.796,5.88,-203.84,-43.505,brushing
-0.16,0.723,0.518,6.93,-201.022,-63.997,brushing
0.278,0.726,0.281,6.93,-201.022,-63.997,brushing
0.278,0.726,0.281,-8.82,-149.327,-55.982,brushing
0.895,0.982,0.248,-8.82,-149.327,-55.982,brushing
0.895,0.982,0.248,-20.44,-40.302,-29.085,brushing
1.07,1.259,0.352,-20.44,-40.302,-29.085,brushing
1.07,1.259,0.352,-18.2,48.195,9.992,brushing
0.61,1.093,0.38,-18.2,48.195,9.992,brushing
0.61,1.093,0.38,-17.762,74.235,48.177,brushing
0.158,0.745,0.371,-17.762,74.235,48.177,brushing
0.158,0.745,0.371,-28.822,105.472,69.545,brushing
-0.211,0.646,0.434,-28.822,105.472,69.545,brushing
-0.211,0.646,0.434,-45.57,104.125,63.945,brushing
-0.638,0.602,0.952,-45.57,104.125,63.945,brushing
-0.638,0.602,0.952,-44.555,43.925,34.037,brushing
-1.054,0.493,1.387,-44.555,43.925,34.037,brushing
-1.054,0.493,1.387,-12.652,-14.507,-10.43,brushing
-0.946,0.615,1.428,-12.652,-14.507,-10.43,brushing
-0.794,0.613,1.177,-12.652,-14.507,-10.43,brushing
-0.794,0.613,1.177,26.6,-76.352,-52.01,brushing
-0.549,0.613,0.79,26.6,-76.352,-52.01,brushing
-0.549,0.613,0.79,47.337,-144.497,-92.942,brushing
-0.328,0.554,0.44,47.337,-144.497,-92.942,brushing
-0.328,0.554,0.44,44.222,-145.53,-119.385,brushing
-0.211,0.441,0.325,44.222,-145.53,-119.385,brushing
-0.211,0.441,0.325,25.06,-88.165,-131.897,brushing
-0.184,0.59,0.372,25.06,-88.165,-131.897,brushing
-0.184,0.59,0.372,4.007,-30.292,-138.792,brushing
-0.14,0.684,0.592,4.007,-30.292,-138.792,brushing
-0.14,0.684,0.592,-11.427,-20.93,-147.84,brushing
-0.081,0.777,0.561,-11.427,-20.93,-147.84,brushing
-0.081,0.777,0.561,-24.01,-29.855,-150.832,brushing
-0.046,0.887,0.587,-24.01,-29.855,-150.832,brushing
-0.046,0.887,0.587,-30.257,-12.145,-143.43,brushing
-0.018,0.797,0.566,-30.257,-12.145,-143.43,brushing
-0.018,0.797,0.566,-28.35,35.175,-128.887,brushing
-0.031,0.795,0.658,-28.35,35.175,-128.887,brushing
-0.027,0.934,0.758,-28.35,35.175,-128.887,brushing
-0.027,0.934,0.758,-16.117,88.287,-110.915,brushing
-0.046,0.958,0.823,-16.117,88.287,-110.915,brushing
-0.046,0.958,0.823,0.28,101.045,-94.43,brushing
-0.064,0.92,0.8,0.28,101.045,-94.43,brushing
-0.064,0.92,0.8,18.112,90.23,-78.487,brushing
-0.064,0.865,0.711,18.112,90.23,-78.487,brushing
-0.064,0.865,0.711,32.322,79.835,-62.965,brushing
-0.07,0.743,0.615,32.322,79.835,-62.965,brushing
-0.07,0.743,0.615,41.265,86.1,-46.515,brushing
-0.059,0.661,0.508,41.265,86.1,-46.515,brushing
-0.059,0.661,0.508,44.87,119.192,-27.755,brushing
-0.049,0.631,0.431,44.87,119.192,-27.755,brushing
-0.049,0.631,0.431,43.592,156.887,-11.882,brushing
-0.037,0.662,0.352,43.592,156.887,-11.882,brushing
-0.037,0.662,0.352,37.782,182.7,0.98,brushing
-0.052,0.725,0.325,37.782,182.7,0.98,brushing
-0.052,0.725,0.325,29.995,202.545,12.215,brushing
-0.069,0.802,0.33,29.995,202.545,12.215,brushing
-0.078,0.796,0.292,29.995,202.545,12.215,brushing
-0.078,0.796,0.292,21.875,205.257,19.092,brushing
-0.098,0.777,0.268,21.875,205.257,19.092,brushing
-0.098,0.777,0.268,16.835,206.587,24.902,brushing
-0.102,0.906,0.196,16.835,206.587,24.902,brushing
-0.102,0.906,0.196,15.137,215.25,30.012,brushing
-0.066,1.056,0.103,15.137,215.25,30.012,brushing
-0.066,1.056,0.103,12.127,200.042,31.5,brushing
-0.088,1.067,0.11,12.127,200.042,31.5,brushing
-0.088,1.067,0.11,9.572,176.225,33.372,brushing
-0.132,0.823,0.001,9.572,176.225,33.372,brushing
-0.132,0.823,0.001,6.475,148.207,25.322,brushing
-0.167,0.839,-0.19,6.475,148.207,25.322,brushing
-0.167,0.839,-0.19,1.207,176.19,26.005,brushing
-0.142,1.16,-0.214,1.207,176.19,26.005,brushing
-0.142,1.16,-0.214,-6.02,197.522,33.985,brushing
-0.12,1.352,-0.129,-6.02,197.522,33.985,brushing
-0.12,1.352,-0.129,-10.237,165.34,39.357,brushing
-0.179,1.316,-0.04,-10.237,165.34,39.357,brushing
-0.211,1.278,0.058,-10.237,165.34,39.357,brushing
-0.211,1.278,0.058,-7.437,136.692,45.255,brushing
-0.171,1.163,0.078,-7.437,136.692,45.255,brushing
-0.171,1.163,0.078,-1.68,106.837,45.57,brushing
-0.171,1.042,-0.053,-1.68,106.837,45.57,brushing
-0.171,1.042,-0.053,-0.98,33.145,28.385,brushing
-0.168,1.057,-0.15,-0.98,33.145,28.385,brushing
-0.168,1.057,-0.15,-3.552,0.507,20.615,brushing
-0.154,1.125,-0.05,-3.552,0.507,20.615,brushing
-0.154,1.125,-0.05,-2.695,20.405,24.412,brushing
-0.158,1.172,0.041,-2.695,20.405,24.412,brushing
-0.158,1.172,0.041,1.977,38.08,28.56,brushing
-0.158,1.138,0.044,1.977,38.08,28.56,brushing
-0.158,1.138,0.044,5.25,35.192,29.067,brushing
-0.13,1.064,0.043,5.25,35.192,29.067,brushing
-0.13,1.064,0.043,6.702,16.24,24.307,brushing
-0.122,1.004,0.02,6.702,16.24,24.307,brushing
-0.122,1.004,0.02,7.42,-2.362,17.85,brushing
-0.111,0.981,-0.011,7.42,-2.362,17.85,brushing
-0.118,0.952,-0.031,7.42,-2.362,17.85,brushing
-0.118,0.952,-0.031,7.052,-17.867,12.53,brushing
-0.118,0.916,-0.054,7.052,-17.867,12.53,brushing
-0.118,0.916,-0.054,5.67,-31.307,6.877,brushing
-0.122,0.884,-0.076,5.67,-31.307,6.877,brushing
-0.122,0.884,-0.076,3.85,-37.31,2.082,brushing
-0.106,0.876,-0.116,3.85,-37.31,2.082,brushing
-0.106,0.876,-0.116,1.225,-40.792,-1.872,brushing
-0.1,0.845,-0.158,1.225,-40.792,-1.872,brushing
-0.1,0.845,-0.158,-2.065,-45.045,-6.877,brushing
-0.108,0.82,-0.155,-2.065,-45.045,-6.877,brushing
-0.108,0.82,-0.155,-4.165,-44.782,-12.04,brushing
-0.112,0.812,-0.155,-4.165,-44.782,-12.04,brushing
-0.112,0.812,-0.155,-4.322,-38.027,-16.555,brushing
-0.113,0.811,-0.153,-4.322,-38.027,-16.555,brushing
-0.113,0.811,-0.153,-3.955,-30.887,-21.7,brushing
-0.113,0.835,-0.164,-3.955,-30.887,-21.7,brushing
-0.094,0.834,-0.188,-3.587,-21.997,-25.515,brushing
-0.069,0.854,-0.198,-3.587,-21.997,-25.515,brushing
-0.069,0.854,-0.198,-3.78,-12.565,-27.37,brushing
-0.066,0.865,-0.17,-3.78,-12.565,-27.37,brushing
-0.066,0.865,-0.17,-4.007,-4.935,-27.93,brushing
-0.059,0.891,-0.152,-4.007,-4.935,-27.93,brushing
-0.059,0.891,-0.152,-4.095,-1.96,-28.087,brushing
-0.03,0.88,-0.145,-4.095,-1.96,-28.087,brushing
-0.03,0.88,-0.145,-4.672,-4.847,-28.14,brushing
0.019,0.901,-0.154,-4.672,-4.847,-28.14,brushing
0.019,0.901,-0.154,-6.807,-12.425,-28.525,brushing
0.061,0.939,-0.162,-6.807,-12.425,-28.525,brushing
0.061,0.939,-0.162,-10.99,-21.927,-26.337,brushing
0.1,0.926,-0.148,-10.99,-21.927,-26.337,brushing
0.1,0.926,-0.148,-17.64,-33.232,-24.57,brushing
0.106,0.856,-0.115,-17.64,-33.232,-24.57,brushing
0.106,0.856,-0.115,-26.145,-42.7,-25.375,brushing
0.11,0.932,-0.127,-26.145,-42.7,-25.375,brushing
0.158,1.097,-0.146,-26.145,-42.7,-25.375,brushing
0.158,1.097,-0.146,-35.805,-43.312,-19.285,brushing
0.134,1.233,-0.102,-35.805,-43.312,-19.285,brushing
0.134,1.233,-0.102,-45.097,-40.442,-7.805,brushing
0.015,1.267,-0.066,-45.097,-40.442,-7.805,brushing
0.015,1.267,-0.066,-51.887,-35.892,5.285,brushing
-0.084,1.407,-0.008,-51.887,-35.892,5.285,brushing
-0.084,1.407,-0.008,-54.39,-27.055,22.68,brushing
-0.15,1.504,0.06,-54.39,-27.055,22.68,brushing
-0.15,1.504,0.06,-52.062,-32.077,41.947,brushing
-0.18,1.601,0.087,-52.062,-32.077,41.947,brushing
-0.18,1.601,0.087,-47.95,-67.515,57.522,brushing
-0.192,1.563,0.098,-47.95,-67.515,57.522,brushing
-0.192,1.563,0.098,-42.385,-113.575,67.812,brushing
-0.134,1.441,0.099,-42.385,-113.575,67.812,brushing
-0.134,1.441,0.099,-36.172,-136.395,76.335,brushing
-0.094,1.215,0.047,-36.172,-136.395,76.335,brushing
-0.094,1.215,0.047,-32.427,-126.647,83.65,brushing
-0.044,0.995,-0.05,-32.427,-126.647,83.65,brushing
0.004,1.002,-0.047,-32.427,-126.647,83.65,brushing
0.004,1.002,-0.047,-31.185,-81.042,91.735,brushing
0.019,1.03,0.031,-31.185,-81.042,91.735,brushing
0.019,1.03,0.031,-30.45,-43.225,97.422,brushing
0.03,1.043,0.076,-30.45,-43.225,97.422,brushing
0.03,1.043,0.076,-26.862,-26.425,99.995,brushing
-0.013,1.046,0.059,-26.862,-26.425,99.995,brushing
-0.013,1.046,0.059,-20.002,-34.685,100.52,brushing
-0.101,0.74,0.068,-20.002,-34.685,100.52,brushing
-0.101,0.74,0.068,-8.627,-15.96,97.475,brushing
-0.152,0.628,0.15,-8.627,-15.96,97.475,brushing
-0.152,0.628,0.15,7.052,35.402,92.505,brushing
-0.201,0.751,0.177,7.052,35.402,92.505,brushing
-0.201,0.751,0.177,15.732,17.867,74.672,brushing
-0.296,0.746,0.107,15.732,17.867,74.672,brushing
-0.296,0.746,0.107,24.255,-24.342,47.425,brushing
-0.282,0.441,0.115,24.255,-24.342,47.425,brushing
-0.282,0.441,0.115,35.717,-3.605,25.777,brushing
-0.232,0.492,0.217,35.717,-3.605,25.777,brushing
-0.234,0.522,0.26,35.717,-3.605,25.777,brushing
-0.234,0.522,0.26,45.465,4.725,-0.175,brushing
-0.276,0.504,0.273,45.465,4.725,-0.175,brushing
-0.276,0.504,0.273,50.557,-32.585,-39.462,brushing
-0.244,0.522,0.185,50.557,-32.585,-39.462,brushing
-0.244,0.522,0.185,48.895,-92.592,-79.59,brushing
-0.001,0.75,0.03,48.895,-92.592,-79.59,brushing
-0.001,0.75,0.03,34.825,-102.69,-103.355,brushing
0.272,1.524,-0.127,34.825,-102.69,-103.355,brushing
0.272,1.524,-0.127,13.177,-66.447,-97.527,brushing
0.551,1.992,-0.041,13.177,-66.447,-97.527,brushing
0.551,1.992,-0.041,-1.172,-0.77,-46.357,brushing
0.67,2.356,0.207,-1.172,-0.77,-46.357,brushing
0.67,2.356,0.207,-7.56,10.202,26.967,brushing
0.669,2.226,0.385,-7.56,10.202,26.967,brushing
0.669,2.226,0.385,-5.32,-45.237,81.725,brushing
0.417,1.074,0.355,-5.32,-45.237,81.725,brushing
0.417,1.074,0.355,8.452,11.795,117.442,brushing
0.354,1.032,0.581,8.452,11.795,117.442,brushing
0.134,0.88,0.529,8.452,11.795,117.442,brushing
0.134,0.88,0.529,18.445,-11.567,125.072,brushing
0.167,0.414,0.311,18.445,-11.567,125.072,brushing
0.167,0.414,0.311,24.587,-70.752,110.827,brushing
0.114,0.654,0.206,24.587,-70.752,110.827,brushing
0.114,0.654,0.206,23.362,-59.955,101.71,brushing
-0.003,0.151,-0.099,23.362,-59.955,101.71,brushing
-0.003,0.151,-0.099,17.885,-58.03,68.162,brushing
-0.22,-0.306,-0.255,17.885,-58.03,68.162,brushing
-0.22,-0.306,-0.255,8.487,8.505,22.207,brushing
-0.259,0.036,-0.142,8.487,8.505,22.207,brushing
-0.259,0.036,-0.142,-3.167,49.367,-24.342,brushing
-0.221,0.742,0.07,-3.167,49.367,-24.342,brushing
-0.221,0.742,0.07,-12.985,29.12,-58.135,brushing
-0.245,0.612,0.235,-12.985,29.12,-58.135,brushing
-0.245,0.612,0.235,-20.457,-15.627,-87.902,brushing
-0.205,0.402,0.341,-20.457,-15.627,-87.902,brushing
0.004,0.549,0.362,-30.537,-50.802,-115.097,brushing
0.279,0.915,0.357,-30.537,-50.802,-115.097,brushing
0.279,0.915,0.357,-38.342,-50.26,-131.197,brushing
0.506,1.979,0.361,-38.342,-50.26,-131.197,brushing
0.506,1.979,0.361,-35.402,-8.05,-117.705,brushing
0.74,2.975,0.382,-35.402,-8.05,-117.705,brushing
0.74,2.975,0.382,-19.057,40.67,-42.052,brushing
0.715,2.879,0.4,-19.057,40.67,-42.052,brushing
0.715,2.879,0.4,3.132,38.447,57.522,brushing
0.566,1.729,0.319,3.132,38.447,57.522,brushing
0.566,1.729,0.319,20.965,17.587,121.345,brushing
0.289,1.533,0.349,20.965,17.587,121.345,brushing
0.289,1.533,0.349,27.527,-2.73,154.525,brushing
-0.015,0.666,0.261,27.527,-2.73,154.525,brushing
-0.015,0.666,0.261,25.06,-21.035,138.792,brushing
-0.446,-0.715,0.006,25.06,-21.035,138.792,brushing
-0.446,-0.715,0.006,15.137,0.857,51.625,brushing
-0.655,-1.754,-0.157,15.137,0.857,51.625,brushing
-0.388,0.412,0.294,-7.997,88.83,-23.782,brushing
-0.359,0.8,0.621,-7.997,88.83,-23.782,brushing
-0.359,0.8,0.621,-21.105,41.93,-68.617,brushing
-0.256,0.458,0.615,-21.105,41.93,-68.617,brushing
-0.256,0.458,0.615,-35.892,-89.775,-119.28,brushing
-0.003,0.736,0.509,-35.892,-89.775,-119.28,brushing
-0.003,0.736,0.509,-44.03,-100.887,-141.785,brushing
0.291,1.672,0.453,-44.03,-100.887,-141.785,brushing
0.291,1.672,0.453,-31.99,9.275,-129.237,brushing
0.714,2.721,0.395,-31.99,9.275,-129.237,brushing
0.714,2.721,0.395,-20.317,28.945,-68.285,brushing
0.806,3.231,0.17,-20.317,28.945,-68.285,brushing
0.806,3.231,0.17,-19.635,7.577,38.307,brushing
0.696,2.284,0.199,-19.635,7.577,38.307,brushing
0.696,2.284,0.199,-17.482,-6.16,114.642,brushing
0.31,1.042,-0.019,-17.482,-6.16,114.642,brushing
0.31,1.042,-0.019,-19.582,33.547,133.122,brushing
-0.032,0.189,-0.044,-19.582,33.547,133.122,brushing
-0.188,0.147,0.032,-19.582,33.547,133.122,brushing
-0.188,0.147,0.032,-23.555,91.735,109.567,brushing
-0.449,-0.546,0.153,-23.555,91.735,109.567,brushing
-0.449,-0.546,0.153,-29.662,48.632,48.51,brushing
-0.317,-0.219,0.287,-29.662,48.632,48.51,brushing
-0.317,-0.219,0.287,-27.16,36.172,-19.145,brushing
-0.304,0.596,0.568,-27.16,36.172,-19.145,brushing
-0.304,0.596,0.568,-18.147,10.15,-67.305,brushing
-0.201,0.601,0.481,-18.147,10.15,-67.305,brushing
-0.201,0.601,0.481,-20.457,-114.415,-115.29,brushing
0.122,0.382,0.142,-20.457,-114.415,-115.29,brushing
0.122,0.382,0.142,-29.89,-96.617,-139.265,brushing
0.259,1.693,0.176,-29.89,-96.617,-139.265,brushing
0.259,1.693,0.176,-27.107,-22.242,-116.777,brushing
0.608,2.849,0.144,-27.107,-22.242,-116.777,brushing
0.608,2.849,0.144,-20.825,7.612,-25.252,brushing
0.724,3.315,0.222,-20.825,7.612,-25.252,brushing
0.724,3.315,0.222,-4.97,-8.295,84.105,brushing
0.661,2.238,0.205,-4.97,-8.295,84.105,brushing
0.307,0.984,0.177,-4.97,-8.295,84.105,brushing
0.307,0.984,0.177,12.915,-30.852,148.837,brushing
0.027,0.259,0.184,12.915,-30.852,148.837,brushing
0.027,0.259,0.184,24.955,-0.227,163.1,brushing
-0.246,0.171,0.315,24.955,-0.227,163.1,brushing
-0.246,0.171,0.315,33.232,26.635,144.235,brushing
-0.574,-0.865,0.074,33.232,26.635,144.235,brushing
-0.574,-0.865,0.074,37.66,-21.297,74.235,brushing
-0.55,-1.156,0.04,37.66,-21.297,74.235,brushing
-0.55,-1.156,0.04,46.497,35.822,-0.017,brushing
-0.335,0.397,0.519,46.497,35.822,-0.017,brushing
-0.335,0.397,0.519,61.687,88.34,-42.875,brushing
-0.263,1.026,0.434,61.687,88.34,-42.875,brushing
-0.263,1.026,0.434,76.37,2.765,-84.192,brushing
0.085,1.561,-0.026,76.37,2.765,-84.192,brushing
0.085,1.561,-0.026,84.14,49.84,-63.997,brushing
0.556,2.44,-0.066,84.14,49.84,-63.997,brushing
0.556,2.44,-0.066,93.362,96.232,3.64,brushing
0.923,2.799,-0.082,93.362,96.232,3.64,brushing
0.851,2.092,-0.185,93.362,96.232,3.64,brushing
0.851,2.092,-0.185,88.952,22.295,79.467,brushing
0.697,1.082,-0.174,88.952,22.295,79.467,brushing
0.697,1.082,-0.174,71.347,-38.307,115.5,brushing
0.195,-0.247,0.02,71.347,-38.307,115.5,brushing
0.195,-0.247,0.02,52.202,-8.907,101.622,brushing
-0.197,-1.748,0.217,52.202,-8.907,101.622,brushing
-0.197,-1.748,0.217,35.402,41.737,9.94,brushing
-0.198,-0.051,0.57,35.402,41.737,9.94,brushing
-0.198,-0.051,0.57,5.32,23.467,-53.9,brushing
-0.134,0.704,0.701,5.32,23.467,-53.9,brushing
-0.134,0.704,0.701,-8.802,-85.207,-102.865,brushing
-0.051,0.431,0.552,-8.802,-85.207,-102.865,brushing
-0.051,0.431,0.552,-26.407,-130.34,-130.69,brushing
0.12,0.728,0.344,-26.407,-130.34,-130.69,brushing
0.12,0.728,0.344,-33.04,-83.895,-141.592,brushing
0.476,1.499,0.127,-33.04,-83.895,-141.592,brushing
0.783,2.756,0.093,-28.822,17.08,-102.987,brushing
0.855,3.352,0.085,-28.822,17.08,-102.987,brushing
0.855,3.352,0.085,-19.985,22.977,-15.295,brushing
0.593,1.851,-0.136,-19.985,22.977,-15.295,brushing
0.593,1.851,-0.136,-14.49,-25.725,69.177,brushing
0.586,2.18,0.119,-14.49,-25.725,69.177,brushing
0.586,2.18,0.119,-24.08,17.535,142.012,brushing
0.102,0.293,0.181,-24.08,17.535,142.012,brushing
0.102,0.293,0.181,-24.115,-33.565,135.362,brushing
-0.214,0.038,0.147,-24.115,-33.565,135.362,brushing
-0.214,0.038,0.147,-31.482,12.407,101.237,brushing
-0.529,-1.383,0.084,-31.482,12.407,101.237,brushing
-0.529,-1.383,0.084,-33.39,23.327,3.167,brushing
-0.481,-0.485,0.316,-33.39,23.327,3.167,brushing
-0.481,-0.485,0.316,-36.767,27.335,-57.12,brushing
-0.327,0.808,0.628,-36.767,27.335,-57.12,brushing
-0.327,0.808,0.628,-29.977,-73.745,-108.255,brushing
-0.07,0.325,0.4,-29.977,-73.745,-108.255,brushing
0.218,0.966,0.081,-34.177,-99.925,-136.167,brushing
0.516,1.87,0.093,-34.177,-99.925,-136.167,brushing
0.516,1.87,0.093,-39.305,-28.577,-117.337,brushing
0.72,2.907,0.091,-39.305,-28.577,-117.337,brushing
0.72,2.907,0.091,-36.33,21.087,-58.66,brushing
0.642,2.851,0.114,-36.33,21.087,-58.66,brushing
0.642,2.851,0.114,-22.347,21.7,42.787,brushing
0.548,1.602,0.046,-22.347,21.7,42.787,brushing
0.548,1.602,0.046,-7.175,34.125,113.47,brushing
0.194,1.58,0.347,-7.175,34.125,113.47,brushing
0.194,1.58,0.347,-0.752,-3.692,148.907,brushing
0.019,0.524,0.215,-0.752,-3.692,148.907,brushing
0.019,0.524,0.215,5.092,-33.722,133.507,brushing
-0.482,-0.917,0.029,5.092,-33.722,133.507,brushing
-0.482,-0.917,0.029,12.215,-1.575,47.495,brushing
-0.464,-1.526,0.085,12.215,-1.575,47.495,brushing
-0.464,-1.526,0.085,12.827,45.745,-23.835,brushing
-0.251,0.674,0.566,12.827,45.745,-23.835,brushing
-0.052,0.734,0.639,12.827,45.745,-23.835,brushing
-0.052,0.734,0.639,17.832,-41.912,-68.862,brushing
0.056,0.559,0.328,17.832,-41.912,-68.862,brushing
0.056,0.559,0.328,9.887,-127.33,-108.255,brushing
0.28,0.869,0.152,9.887,-127.33,-108.255,brushing
0.28,0.869,0.152,-5.757,-111.107,-113.61,brushing
0.536,1.583,0.202,-5.757,-111.107,-113.61,brushing
0.536,1.583,0.202,-22.855,-34.825,-99.732,brushing
0.739,2.54,0.238,-22.855,-34.825,-99.732,brushing
0.739,2.54,0.238,-27.632,2.187,-46.112,brushing
0.687,2.91,0.37,-27.632,2.187,-46.112,brushing
0.687,2.91,0.37,-13.387,2.135,46.077,brushing
0.48,1.551,0.325,-13.387,2.135,46.077,brushing
0.48,1.551,0.325,6.755,11.182,107.66,brushing
0.285,1.789,0.513,6.755,11.182,107.66,brushing
0.285,1.789,0.513,23.887,-13.265,138.232,brushing
0.015,0.551,0.424,23.887,-13.265,138.232,brushing
0.015,0.551,0.424,33.442,-33.967,119.735,brushing
-0.205,0.044,0.145,33.442,-33.967,119.735,brushing
-0.363,-1.367,-0.122,33.442,-33.967,119.735,brushing
-0.363,-1.367,-0.122,29.592,-27.037,49.56,brushing
-0.248,-0.231,0.087,29.592,-27.037,49.56,brushing
-0.248,-0.231,0.087,12.18,17.377,-24.535,brushing
-0.116,0.706,0.485,12.18,17.377,-24.535,brushing
-0.116,0.706,0.485,-6.912,-6.562,-65.24,brushing
-0.071,0.264,0.346,-6.912,-6.562,-65.24,brushing
-0.071,0.264,0.346,-29.977,-86.695,-115.552,brushing
-0.012,0.687,0.29,-29.977,-86.695,-115.552,brushing
-0.012,0.687,0.29,-47.67,-75.617,-130.077,brushing
0.219,1.243,0.323,-47.67,-75.617,-130.077,brushing
0.219,1.243,0.323,-56.332,-7.437,-124.285,brushing
0.461,2.047,0.348,-56.332,-7.437,-124.285,brushing
0.461,2.047,0.348,-50.102,45.255,-75.407,brushing
0.617,2.952,0.458,-50.102,45.255,-75.407,brushing
0.617,2.952,0.458,-28.507,38.587,13.877,brushing
0.458,2.152,0.451,-28.507,38.587,13.877,brushing
0.458,2.152,0.451,-1.557,7.962,77.052,brushing
0.5,1.843,0.484,-1.557,7.962,77.052,brushing
0.077,1.033,0.529,-1.557,7.962,77.052,brushing
0.077,1.033,0.529,17.71,-20.93,127.05,brushing
0.175,0.038,0.33,17.71,-20.93,127.05,brushing
0.175,0.038,0.33,31.937,-21.017,110.425,brushing
-0.274,-0.247,0.062,31.937,-21.017,110.425,brushing
-0.274,-0.247,0.062,22.435,-9.012,78.977,brushing
-0.277,-1.269,-0.097,22.435,-9.012,78.977,brushing
-0.277,-1.269,-0.097,0.105,-8.225,-8.155,brushing
-0.216,0.028,0.236,0.105,-8.225,-8.155,brushing
-0.216,0.028,0.236,-18.357,34.457,-49.297,brushing
-0.135,0.641,0.495,-18.357,34.457,-49.297,brushing
-0.135,0.641,0.495,-38.29,-20.86,-90.597,brushing
-0.103,0.328,0.395,-38.29,-20.86,-90.597,brushing
-0.103,0.328,0.395,-59.517,-70.21,-127.925,brushing
-0.084,0.522,0.313,-59.517,-70.21,-127.925,brushing
-0.084,0.522,0.313,-71.015,-39.952,-148.05,brushing
-0.016,1.031,0.313,-71.015,-39.952,-148.05,brushing
0.251,2.111,0.384,-62.265,77,-130.34,brushing
0.389,3.277,0.318,-62.265,77,-130.34,brushing
0.389,3.277,0.318,-31.027,214.147,-44.135,brushing
0.459,3.194,0.388,-31.027,214.147,-44.135,brushing
0.459,3.194,0.388,3.622,180.18,70.297,brushing
0.344,1.845,0.238,3.622,180.18,70.297,brushing
0.344,1.845,0.238,21.857,19.6,135.502,brushing
-0.007,0.033,0.214,21.857,19.6,135.502,brushing
-0.007,0.033,0.214,35.98,1.82,142.135,brushing
-0.462,-1.211,0.138,35.98,1.82,142.135,brushing
-0.462,-1.211,0.138,40.215,-13.037,59.955,brushing
-0.477,-1.441,-0.089,40.215,-13.037,59.955,brushing
-0.477,-1.441,-0.089,40.635,94.692,-26.775,brushing
-0.078,0.815,0.312,40.635,94.692,-26.775,brushing
-0.078,0.815,0.312,38.99,117.81,-61.652,brushing
-0.046,1.486,0.101,38.99,117.81,-61.652,brushing
-0.046,1.486,0.101,4.392,-82.862,-92.33,brushing
0.122,0.523,0.036,4.392,-82.862,-92.33,brushing
0.101,0.845,0.118,-19.985,-80.08,-115.902,brushing
0.334,2.077,0.21,-19.985,-80.08,-115.902,brushing
0.334,2.077,0.21,-22.05,1.207,-106.26,brushing
0.527,3.15,0.116,-22.05,1.207,-106.26,brushing
0.527,3.15,0.116,-21.647,7.472,-44.695,brushing
0.394,2.884,0.221,-21.647,7.472,-44.695,brushing
0.394,2.884,0.221,-13.65,-16.222,52.57,brushing
0.258,1.53,0.216,-13.65,-16.222,52.57,brushing
0.258,1.53,0.216,2.502,-29.435,113.487,brushing
-0.02,0.816,0.212,2.502,-29.435,113.487,brushing
-0.02,0.816,0.212,14.385,-24.85,120.627,brushing
-0.182,0.115,0.145,14.385,-24.85,120.627,brushing
-0.182,0.115,0.145,15.82,1.505,96.092,brushing
-0.324,-0.015,0.205,15.82,1.505,96.092,brushing
-0.324,-0.015,0.205,11.27,-15.89,43.47,brushing
-0.403,-0.413,0.135,11.27,-15.89,43.47,brushing
-0.403,-0.413,0.135,1.067,-31.885,-22.855,brushing
-0.251,-0.114,0.128,1.067,-31.885,-22.855,brushing
-0.129,0.442,0.277,1.067,-31.885,-22.855,brushing
-0.129,0.442,0.277,-12.652,-14.962,-73.587,brushing
0.003,0.735,0.14,-12.652,-14.962,-73.587,brushing
0.003,0.735,0.14,-33.337,-83.912,-115.657,brushing
0.193,1.431,0.025,-33.337,-83.912,-115.657,brushing
0.193,1.431,0.025,-43.575,-49.122,-118.142,brushing
0.391,2.846,0.191,-43.575,-49.122,-118.142,brushing
0.391,2.846,0.191,-36.19,30.292,-56.717,brushing
0.468,3.34,0.307,-36.19,30.292,-56.717,brushing
0.468,3.34,0.307,-15.785,34.667,51.922,brushing
0.426,2.237,0.348,-15.785,34.667,51.922,brushing
0.426,2.237,0.348,9.782,-17.675,131.512,brushing
0.139,1.155,0.3,9.782,-17.675,131.512,brushing
0.139,1.155,0.3,34.142,-27.72,162.907,brushing
0,0.412,0.509,34.142,-27.72,162.907,brushing
0,0.412,0.509,55.177,2.24,160.405,brushing
-0.255,-0.158,0.508,55.177,2.24,160.405,brushing
-0.255,-0.158,0.508,62.352,-49.175,89.985,brushing
-0.401,-1.285,0.129,62.352,-49.175,89.985,brushing
-0.062,0.116,0.421,62.352,-49.175,89.985,brushing
-0.062,0.116,0.421,62.16,29.925,26.477,brushing
-0.122,0.967,0.579,62.16,29.925,26.477,brushing
-0.122,0.967,0.579,70.455,26.022,-7.875,brushing
-0.021,0.399,0.282,70.455,26.022,-7.875,brushing
-0.021,0.399,0.282,72.572,-64.785,-49.612,brushing
0.008,0.077,0.058,72.572,-64.785,-49.612,brushing
0.008,0.077,0.058,57.4,-65.397,-87.71,brushing
0.118,0.462,-0.061,57.4,-65.397,-87.71,brushing
0.118,0.462,-0.061,21.63,-85.697,-118.667,brushing
0.099,0.658,-0.254,21.63,-85.697,-118.667,brushing
0.099,0.658,-0.254,-13.387,-37.047,-131.582,brushing
0.142,1.765,-0.171,-13.387,-37.047,-131.582,brushing
0.142,1.765,-0.171,-28.927,70.297,-93.205,brushing
0.36,3.075,0.074,-28.927,70.297,-93.205,brushing
0.36,3.075,0.074,-25.515,83.965,-9.695,brushing
0.473,3.363,0.21,-25.515,83.965,-9.695,brushing
0.473,3.363,0.21,-11.97,29.837,80.552,brushing
0.419,2.114,0.161,-11.97,29.837,80.552,brushing
0.236,1.926,0.496,-11.97,29.837,80.552,brushing
0.236,1.926,0.496,1.19,23.817,148.347,brushing
0.071,0.455,0.415,1.19,23.817,148.347,brushing
0.071,0.455,0.415,20.58,-44.345,158.987,brushing
-0.238,0.055,0.485,20.58,-44.345,158.987,brushing
-0.238,0.055,0.485,27.072,-62.912,135.625,brushing
-0.528,-2.203,0.132,27.072,-62.912,135.625,brushing
-0.528,-2.203,0.132,30.38,-99.68,23.887,brushing
-0.112,-0.992,0.265,30.38,-99.68,23.887,brushing
-0.112,-0.992,0.265,10.832,18.97,-53.515,brushing
-0.165,0.967,0.581,10.832,18.97,-53.515,brushing
-0.165,0.967,0.581,-5.722,-39.042,-101.832,brushing
-0.001,0.409,0.346,-5.722,-39.042,-101.832,brushing
-0.001,0.409,0.346,-33.127,-105.7,-139.772,brushing
0.062,0.927,0.124,-33.127,-105.7,-139.772,brushing
0.062,0.927,0.124,-45.325,-37.275,-131.372,brushing
0.292,1.756,0.253,-45.325,-37.275,-131.372,brushing
0.292,1.756,0.253,-43.942,19.547,-93.625,brushing
0.525,2.838,0.252,-43.942,19.547,-93.625,brushing
0.542,3.179,0.298,-43.942,19.547,-93.625,brushing
0.542,3.179,0.298,-27.842,30.012,-0.875,brushing
0.434,1.583,0.199,-27.842,30.012,-0.875,brushing
0.434,1.583,0.199,-1.645,5.162,76.825,brushing
0.236,1.517,0.444,-1.645,5.162,76.825,brushing
0.236,1.517,0.444,16.135,31.027,126.927,brushing
0.01,0.423,0.454,16.135,31.027,126.927,brushing
0.01,0.423,0.454,28.77,-21.385,119.665,brushing
-0.238,0.242,0.338,28.77,-21.385,119.665,brushing
-0.238,0.242,0.338,28.28,-49.542,86.782,brushing
-0.436,-1.398,0.069,28.28,-49.542,86.782,brushing
-0.436,-1.398,0.069,16.135,-56.595,-2.677,brushing
-0.195,-0.841,0.153,16.135,-56.595,-2.677,brushing
-0.195,-0.841,0.153,-3.377,5.197,-61.512,brushing
-0.171,0.288,0.515,-3.377,5.197,-61.512,brushing
-0.171,0.288,0.515,-26.092,-71.452,-120.627,brushing
0.089,0.055,0.323,-26.092,-71.452,-120.627,brushing
0.177,0.899,-0.019,-54.81,-91.402,-159.302,brushing
0.478,2.541,0.23,-54.81,-91.402,-159.302,brushing
0.478,2.541,0.23,-57.767,37.52,-130.252,brushing
0.727,3.997,0.345,-57.767,37.52,-130.252,brushing
0.727,3.997,0.345,-32.672,99.172,-25.69,brushing
0.42,2.619,0.325,-32.672,99.172,-25.69,brushing
0.42,2.619,0.325,6.982,43.557,89.687,brushing
0.332,1.398,0.313,6.982,43.557,89.687,brushing
0.332,1.398,0.313,39.217,84.84,159.407,brushing
-0.189,0.916,0.648,39.217,84.84,159.407,brushing
-0.189,0.916,0.648,54.407,44.992,165.357,brushing
-0.397,0.217,0.379,54.407,44.992,165.357,brushing
-0.397,0.217,0.379,50.715,-21.525,119.227,brushing
-0.687,-1.536,0.081,50.715,-21.525,119.227,brushing
-0.687,-1.536,0.081,31.71,-16.73,14.367,brushing
-0.314,-0.88,0.127,31.71,-16.73,14.367,brushing
-0.314,-0.88,0.127,-4.987,42.437,-47.372,brushing
-0.256,0.582,0.639,-4.987,42.437,-47.372,brushing
-0.138,0.022,0.528,-35.647,-70.49,-117.827,brushing
-0.17,0.926,0.344,-35.647,-70.49,-117.827,brushing
-0.17,0.926,0.344,-67.34,-96.162,-163.327,brushing
-0.025,1.966,0.161,-67.34,-96.162,-163.327,brushing
-0.025,1.966,0.161,-76.527,-23.117,-157.185,brushing
0.325,3.338,0.226,-76.527,-23.117,-157.185,brushing
0.325,3.338,0.226,-66.885,46.322,-83.842,brushing
0.558,3.391,0.197,-66.885,46.322,-83.842,brushing
0.558,3.391,0.197,-53.462,33.687,24.5,brushing
0.44,1.985,0.29,-53.462,33.687,24.5,brushing
0.44,1.985,0.29,-41.825,-7.192,97.527,brushing
0.156,0.338,0.071,-41.825,-7.192,97.527,brushing
0.156,0.338,0.071,-29.33,41.055,105.91,brushing
-0.034,0.012,0.392,-29.33,41.055,105.91,brushing
-0.034,0.012,0.392,-18.13,87.167,76.072,brushing
-0.145,0.066,0.413,-18.13,87.167,76.072,brushing
-0.145,0.066,0.413,-16.677,5.53,18.602,brushing
-0.212,-0.395,0.506,-16.677,5.53,18.602,brushing
-0.148,-0.108,0.534,-16.677,5.53,18.602,brushing
-0.148,-0.108,0.534,-13.545,-31.517,-36.26,brushing
-0.246,0.496,0.478,-13.545,-31.517,-36.26,brushing
-0.246,0.496,0.478,-7.927,-40.372,-77,brushing
-0.168,1.03,0.186,-7.927,-40.372,-77,brushing
-0.168,1.03,0.186,-10.22,-83.16,-104.965,brushing
0.298,2.169,-0.142,-10.22,-83.16,-104.965,brushing
0.298,2.169,-0.142,-14.175,-39.06,-76.475,brushing
0.653,2.919,-0.203,-14.175,-39.06,-76.475,brushing
0.653,2.919,-0.203,-17.307,42.192,16.642,brushing
0.492,2.005,0.009,-17.307,42.192,16.642,brushing
0.492,2.005,0.009,-18.165,53.497,92.767,brushing
0.129,0.454,-0.017,-18.165,53.497,92.767,brushing
0.129,0.454,-0.017,-13.65,78.47,103.355,brushing
-0.153,-0.026,0.204,-13.65,78.47,103.355,brushing
-0.153,-0.026,0.204,-2.415,113.085,71.505,brushing
-0.272,0.132,0.301,-2.415,113.085,71.505,brushing
-0.272,0.132,0.301,6.737,66.797,22.26,brushing
-0.375,0.085,0.447,6.737,66.797,22.26,brushing
-0.256,0.524,0.577,6.737,66.797,22.26,brushing
-0.256,0.524,0.577,20.23,32.707,-18.935,brushing
-0.216,0.746,0.627,20.23,32.707,-18.935,brushing
-0.216,0.746,0.627,35.63,-14.315,-47.337,brushing
-0.138,0.677,0.238,35.63,-14.315,-47.337,brushing
-0.138,0.677,0.238,36.295,-88.025,-80.08,brushing
0.009,1.339,0.028,36.295,-88.025,-80.08,brushing
0.009,1.339,0.028,25.497,-54.477,-83.055,brushing
0.419,2.51,0.051,25.497,-54.477,-83.055,brushing
0.419,2.51,0.051,16.59,8.82,-29.61,brushing
0.519,2.62,0.128,16.59,8.82,-29.61,brushing
0.519,2.62,0.128,6.492,-28.42,35.227,brushing
0.277,1.426,0.182,6.492,-28.42,35.227,brushing
0.277,1.426,0.182,-0.735,-54.722,64.067,brushing
0.026,0.771,0.2,-0.735,-54.722,64.067,brushing
0.026,0.771,0.2,-4.987,-37.135,62.212,brushing
-0.193,0.847,0.453,-4.987,-37.135,62.212,brushing
-0.193,0.847,0.453,-4.13,-53.812,44.852,brushing
-0.345,0.965,0.701,-4.13,-53.812,44.852,brushing
-0.416,0.772,0.703,-4.13,-53.812,44.852,brushing
-0.416,0.772,0.703,-1.12,-127.627,17.132,brushing
-0.298,0.687,0.626,-1.12,-127.627,17.132,brushing
-0.298,0.687,0.626,-3.08,-184.415,-18.48,brushing
-0.072,0.74,0.675,-3.08,-184.415,-18.48,brushing
-0.072,0.74,0.675,-9.24,-194.845,-49.315,brushing
0.122,1.09,0.665,-9.24,-194.845,-49.315,brushing
0.122,1.09,0.665,-19.547,-220.71,-70.805,brushing
0.31,1.082,0.502,-19.547,-220.71,-70.805,brushing
0.31,1.082,0.502,-36.96,-267.872,-78.61,brushing
0.395,0.676,0.423,-36.96,-267.872,-78.61,brushing
0.395,0.676,0.423,-51.38,-259.49,-75.057,brushing
0.427,0.719,0.414,-51.38,-259.49,-75.057,brushing
0.427,0.719,0.414,-65.082,-261.45,-69.877,brushing
0.462,0.744,0.303,-65.082,-261.45,-69.877,brushing
0.462,0.744,0.303,-80.605,-248.115,-53.935,brushing
0.446,0.611,0.353,-80.605,-248.115,-53.935,brushing
0.465,0.838,0.41,-78.4,-142.975,-18.812,brushing
0.483,0.883,0.339,-78.4,-142.975,-18.812,brushing
0.483,0.883,0.339,-73.972,-57.627,19.705,brushing
0.18,0.929,0.832,-73.972,-57.627,19.705,brushing
0.18,0.929,0.832,-62.597,15.015,52.955,brushing
0.15,0.931,0.6,-62.597,15.015,52.955,brushing
0.15,0.931,0.6,-38.762,17.08,69.037,brushing
-0.015,0.223,0.39,-38.762,17.08,69.037,brushing
-0.015,0.223,0.39,-29.697,34.93,66.535,brushing
-0.299,0.013,0.471,-29.697,34.93,66.535,brushing
-0.299,0.013,0.471,-14.472,192.5,55.982,brushing
-0.519,0.062,0.404,-14.472,192.5,55.982,brushing
-0.519,0.062,0.404,2.695,388.342,47.162,brushing
-0.761,0.004,0.364,2.695,388.342,47.162,brushing
-0.761,0.004,0.364,21.35,531.055,27.79,brushing
-0.784,0.5,0.205,21.35,531.055,27.79,brushing
-0.784,0.5,0.205,30.747,512.802,-6.877,brushing
-0.579,1.563,0.367,30.747,512.802,-6.877,brushing
-0.234,2.017,0.53,30.24,300.877,-36.557,brushing
-0.153,1.408,0.498,30.24,300.877,-36.557,brushing
-0.153,1.408,0.498,30.397,115.412,-41.825,brushing
-0.084,1.347,0.534,30.397,115.412,-41.825,brushing
-0.084,1.347,0.534,37.905,83.877,-28.717,brushing
0.097,1.39,0.387,37.905,83.877,-28.717,brushing
0.097,1.39,0.387,41.527,28.315,-16.66,brushing
0.43,1.046,0.147,41.527,28.315,-16.66,brushing
0.43,1.046,0.147,33.407,-49.525,-9.275,brushing
0.678,0.598,-0.001,33.407,-49.525,-9.275,brushing
0.678,0.598,-0.001,26.25,-60.375,5.442,brushing
0.634,0.343,0.052,26.25,-60.375,5.442,brushing
0.634,0.343,0.052,27.667,-9.502,25.077,brushing
0.295,0.411,0.111,27.667,-9.502,25.077,brushing
0.295,0.411,0.111,33.635,17.395,33.775,brushing
0.105,0.411,-0.231,33.635,17.395,33.775,brushing
0.105,0.411,-0.231,22.435,3.692,17.01,brushing
0.064,0.548,-0.654,22.435,3.692,17.01,brushing
-0.359,0.833,-0.227,22.435,3.692,17.01,brushing
-0.359,0.833,-0.227,9.467,59.097,7.49,brushing
-0.553,2.239,-0.911,9.467,59.097,7.49,brushing
-0.553,2.239,-0.911,-6.23,135.555,23.38,brushing
-0.493,2.378,-0.342,-6.23,135.555,23.38,brushing
-0.493,2.378,-0.342,-45.622,-4.515,36.61,brushing
-0.504,1.725,0.301,-45.622,-4.515,36.61,brushing
-0.504,1.725,0.301,-57.75,-116.532,50.75,brushing
-0.444,0.84,0.763,-57.75,-116.532,50.75,brushing
-0.444,0.84,0.763,-33.145,-120.977,58.187,brushing
-0.267,0.48,1.602,-33.145,-120.977,58.187,brushing
-0.267,0.48,1.602,12.792,-103.11,44.835,brushing
0.313,0.559,0.553,12.792,-103.11,44.835,brushing
0.313,0.559,0.553,33.11,-165.935,25.637,brushing
0.619,-0.637,1.119,33.11,-165.935,25.637,brushing
0.619,-0.637,1.119,63.875,-62.492,16.782,brushing
0.625,0.296,0.525,63.875,-62.492,16.782,brushing
0.625,0.296,0.525,77.507,-7.647,19.95,brushing
0.461,0.531,0.192,77.507,-7.647,19.95,brushing
0.31,0.256,-0.483,77.507,-7.647,19.95,brushing
0.31,0.256,-0.483,71.277,-22.085,6.632,brushing
0.039,0.58,-0.971,71.277,-22.085,6.632,brushing
0.039,0.58,-0.971,40.145,40.792,-24.552,brushing
-0.534,1.476,-0.581,40.145,40.792,-24.552,brushing
-0.534,1.476,-0.581,25.235,218.05,-23.327,brushing
-0.49,3.576,-1.799,25.235,218.05,-23.327,brushing
-0.49,3.576,-1.799,-39.112,155.592,-2.257,brushing
-0.608,2.457,-0.425,-39.112,155.592,-2.257,brushing
-0.608,2.457,-0.425,-98.017,-57.277,23.187,brushing
-0.656,1.247,0.55,-98.017,-57.277,23.187,brushing
-0.656,1.247,0.55,-79.205,-69.055,36.575,brushing
-0.48,0.343,2.058,-79.205,-69.055,36.575,brushing
-0.48,0.343,2.058,6.632,-18.83,27.562,brushing
-0.097,0.841,1.761,6.632,-18.83,27.562,brushing
-0.097,0.841,1.761,69.79,-106.015,3.43,brushing
0.834,0.038,0.213,69.79,-106.015,3.43,brushing
0.834,0.038,0.213,70.105,-90.86,-14.472,brushing
1.022,-0.329,0.758,70.105,-90.86,-14.472,brushing
0.501,0.752,0.561,70.105,-90.86,-14.472,brushing
0.501,0.752,0.561,88.025,24.482,-8.05,brushing
0.403,0.423,-0.01,88.025,24.482,-8.05,brushing
0.403,0.423,-0.01,90.16,-50.54,-11.305,brushing
0.11,-0.183,0.12,90.16,-50.54,-11.305,brushing
0.11,-0.183,0.12,85.347,-65.572,-44.957,brushing
-0.28,0.919,-0.681,85.347,-65.572,-44.957,brushing
-0.28,0.919,-0.681,66.01,82.6,-62.58,brushing
-0.51,2.715,-0.731,66.01,82.6,-62.58,brushing
-0.51,2.715,-0.731,39.06,154.157,-24.57,brushing
-0.324,3.746,-1.392,39.06,154.157,-24.57,brushing
-0.324,3.746,-1.392,-41.527,-24.902,29.942,brushing
-0.345,1.929,-0.274,-41.527,-24.902,29.942,brushing
-0.345,1.929,-0.274,-78.155,-101.675,56.787,brushing
-0.449,1.079,0.626,-78.155,-101.675,56.787,brushing
-0.449,1.079,0.626,-66.762,-129.185,44.765,brushing
-0.13,0.246,1.262,-66.762,-129.185,44.765,brushing
0.361,-0.056,0.857,-31.29,-120.995,16.432,brushing
0.559,-0.87,1.668,-31.29,-120.995,16.432,brushing
0.559,-0.87,1.668,17.325,-78.085,-15.137,brushing
0.585,0.002,0.802,17.325,-78.085,-15.137,brushing
0.585,0.002,0.802,75.53,41.23,-34.335,brushing
0.394,0.487,0.251,75.53,41.23,-34.335,brushing
0.394,0.487,0.251,82.285,24.71,-48.79,brushing
0.393,0.408,-0.376,82.285,24.71,-48.79,brushing
0.393,0.408,-0.376,67.165,42.367,-56.787,brushing
0.075,1.076,-1.161,67.165,42.367,-56.787,brushing
0.075,1.076,-1.161,27.387,155.452,-46.042,brushing
-0.401,2.111,-0.085,27.387,155.452,-46.042,brushing
-0.401,2.111,-0.085,6.335,207.585,-12.46,brushing
-0.527,3.542,-1.47,6.335,207.585,-12.46,brushing
-0.527,3.542,-1.47,-62.037,-16.327,20.072,brushing
-0.496,2.02,-0.441,-62.037,-16.327,20.072,brushing
-0.496,2.02,-0.441,-96.285,-113.4,41.737,brushing
-0.526,1.285,0.251,-96.285,-113.4,41.737,brushing
-0.289,0.355,1.185,-74.935,-77.367,51.345,brushing
0.121,0.292,1.757,-74.935,-77.367,51.345,brushing
0.121,0.292,1.757,-14.07,-43.592,33.687,brushing
0.565,0.018,0.64,-14.07,-43.592,33.687,brushing
0.565,0.018,0.64,35.35,-81.515,7.175,brushing
0.906,-0.734,-0.001,35.35,-81.515,7.175,brushing
0.906,-0.734,-0.001,30.415,-37.975,-24.132,brushing
0.462,0.143,0.543,30.415,-37.975,-24.132,brushing
0.462,0.143,0.543,28.682,70,-46.725,brushing
0.293,0.762,-0.029,28.682,70,-46.725,brushing
0.293,0.762,-0.029,11.987,18.707,-65.03,brushing
0.115,0.574,-0.326,11.987,18.707,-65.03,brushing
0.115,0.574,-0.326,-1.767,95.917,-66.255,brushing
-0.554,2.306,0.035,-1.767,95.917,-66.255,brushing
-0.554,2.306,0.035,-0.07,113.19,-34.405,brushing
-0.61,3.612,-1.146,-0.07,113.19,-34.405,brushing
-0.61,3.612,-1.146,-46.69,-47.652,24.377,brushing
-0.521,2.372,-0.622,-46.69,-47.652,24.377,brushing
-0.451,1.694,0.09,-46.69,-47.652,24.377,brushing
-0.451,1.694,0.09,-71.102,-75.652,69.055,brushing
-0.516,0.026,1.283,-71.102,-75.652,69.055,brushing
-0.516,0.026,1.283,-54.022,-126.962,60.69,brushing
-0.184,-0.321,1.685,-54.022,-126.962,60.69,brushing
-0.184,-0.321,1.685,10.045,-83.86,19.477,brushing
0.477,-0.077,0.554,10.045,-83.86,19.477,brushing
0.477,-0.077,0.554,53.06,-49.017,-13.107,brushing
1.178,-0.289,0.393,53.06,-49.017,-13.107,brushing
1.178,-0.289,0.393,38.57,-15.592,-33.46,brushing
0.788,0.469,0.659,38.57,-15.592,-33.46,brushing
0.788,0.469,0.659,41.335,28.665,-29.645,brushing
0.459,0.626,0.319,41.335,28.665,-29.645,brushing
0.459,0.626,0.319,33.355,-4.707,-26.162,brushing
0.35,0.33,-0.191,33.355,-4.707,-26.162,brushing
0.35,0.33,-0.191,18.392,37.607,-31.412,brushing
0.061,0.787,-0.929,18.392,37.607,-31.412,brushing
0.061,0.787,-0.929,4.48,172.585,-15.312,brushing
-0.429,2.018,0.218,4.48,172.585,-15.312,brushing
-0.433,3.398,-1.182,4.48,172.585,-15.312,brushing
-0.433,3.398,-1.182,-1.085,134.522,25.287,brushing
-0.346,1.867,-0.63,-1.085,134.522,25.287,brushing
-0.346,1.867,-0.63,-53.935,-108.01,56.367,brushing
-0.466,0.634,0.015,-53.935,-108.01,56.367,brushing
-0.466,0.634,0.015,-68.635,-135.835,63.315,brushing
-0.427,-0.158,0.854,-68.635,-135.835,63.315,brushing
-0.427,-0.158,0.854,-42.28,-60.077,39.97,brushing
-0.107,0.087,1.107,-42.28,-60.077,39.97,brushing
-0.107,0.087,1.107,-5.092,-45.762,-0.595,brushing
0.114,0.02,1.047,-5.092,-45.762,-0.595,brushing
0.114,0.02,1.047,21.542,-61.74,-29.942,brushing
0.582,0.057,0.047,21.542,-61.74,-29.942,brushing
0.582,0.057,0.047,12.232,-40.53,-53.515,brushing
0.701,0.228,0.254,12.232,-40.53,-53.515,brushing
0.701,0.228,0.254,-1.435,5.127,-61.88,brushing
0.289,0.621,0.196,-1.435,5.127,-61.88,brushing
0.289,0.621,0.196,-8.172,16.432,-63.437,brushing
0.283,0.807,-0.11,-8.172,16.432,-63.437,brushing
0.098,0.973,-0.164,-8.172,16.432,-63.437,brushing
0.098,0.973,-0.164,-20.877,45.832,-56.262,brushing
-0.131,1.839,-0.248,-20.877,45.832,-56.262,brushing
-0.131,1.839,-0.248,-28.717,113.522,-36.855,brushing
-0.312,2.828,-0.429,-28.717,113.522,-36.855,brushing
-0.312,2.828,-0.429,-44.607,64.995,-4.217,brushing
-0.393,2.17,-0.229,-44.607,64.995,-4.217,brushing
-0.393,2.17,-0.229,-67.13,-75.11,28.227,brushing
-0.47,0.98,0.122,-67.13,-75.11,28.227,brushing
-0.47,0.98,0.122,-66.01,-53.042,44.135,brushing
-0.509,0.731,0.795,-66.01,-53.042,44.135,brushing
-0.509,0.731,0.795,-42.017,-23.87,28.052,brushing
-0.476,0.567,1.045,-42.017,-23.87,28.052,brushing
-0.476,0.567,1.045,-7.14,-39.725,-0.612,brushing
-0.152,0.628,1.161,-7.14,-39.725,-0.612,brushing
-0.152,0.628,1.161,21.98,-29.242,-10.115,brushing
0.429,1.045,0.029,21.98,-29.242,-10.115,brushing
0.429,1.045,0.029,10.272,-56.56,-10.027,brushing
0.66,0.38,1.025,10.272,-56.56,-10.027,brushing
0.459,0.645,0.822,10.272,-56.56,-10.027,brushing
0.459,0.645,0.822,35.577,-8.05,-2.065,brushing
0.25,0.408,0.551,35.577,-8.05,-2.065,brushing
0.25,0.408,0.551,53.007,-18.795,-1.592,brushing
0.223,0.163,-0.035,53.007,-18.795,-1.592,brushing
0.223,0.163,-0.035,52.255,0.28,-14.42,brushing
0.162,0.482,-0.6,52.255,0.28,-14.42,brushing
0.162,0.482,-0.6,34.387,113.715,-21.122,brushing
-0.16,1.313,-0.409,34.387,113.715,-21.122,brushing
-0.16,1.313,-0.409,6.895,176.96,-22.172,brushing
-0.485,2.506,-0.477,6.895,176.96,-22.172,brushing
-0.485,2.506,-0.477,-15.767,110.232,-2.835,brushing
-0.499,3.13,-1.08,-15.767,110.232,-2.835,brushing
-0.499,3.13,-1.08,-72.712,-111.457,21.962,brushing
-0.576,1.54,-0.337,-72.712,-111.457,21.962,brushing
-0.576,1.54,-0.337,-87.115,-112.98,40.495,brushing
-0.598,1.424,0.349,-87.115,-112.98,40.495,brushing
-0.547,1.123,1.127,-64.942,-135.992,41.037,brushing
-0.345,0.643,1.5,-64.942,-135.992,41.037,brushing
-0.345,0.643,1.5,-17.045,-235.935,19.092,brushing
0.428,-0.139,0.079,-17.045,-235.935,19.092,brushing
0.428,-0.139,0.079,2.695,-240.992,11.795,brushing
0.672,-1.357,0.873,2.695,-240.992,11.795,brushing
0.672,-1.357,0.873,5.25,-73.027,-11.182,brushing
0.488,-0.15,0.805,5.25,-73.027,-11.182,brushing
0.488,-0.15,0.805,33.075,59.29,-45.29,brushing
0.261,0.161,0.492,33.075,59.29,-45.29,brushing
0.261,0.161,0.492,38.08,1.592,-67.742,brushing
0.13,0.296,0.236,38.08,1.592,-67.742,brushing
0.13,0.296,0.236,40.915,47.075,-74.165,brushing
0.077,1.555,-0.57,40.915,47.075,-74.165,brushing
0.077,1.555,-0.57,25.9,79.31,-56.315,brushing
-0.362,1.833,0.48,25.9,79.31,-56.315,brushing
-0.362,1.833,0.48,30.362,113.347,-12.25,brushing
-0.556,3.103,-0.737,30.362,113.347,-12.25,brushing
-0.417,2.53,-0.557,-14.017,-7,35.122,brushing
-0.445,1.008,0.159,-14.017,-7,35.122,brushing
-0.445,1.008,0.159,-52.902,-115.15,52.692,brushing
-0.454,-0.119,0.786,-52.902,-115.15,52.692,brushing
-0.454,-0.119,0.786,-46.655,-76.807,35.612,brushing
-0.288,-0.073,1.808,-46.655,-76.807,35.612,brushing
-0.288,-0.073,1.808,1.172,8.435,5.092,brushing
0.375,0.809,0.538,1.172,8.435,5.092,brushing
0.375,0.809,0.538,35.472,-37.94,-11.585,brushing
0.769,-0.753,0.651,35.472,-37.94,-11.585,brushing
0.769,-0.753,0.651,37.8,-42.122,-28.262,brushing
0.542,0.096,0.775,37.8,-42.122,-28.262,brushing
0.542,0.096,0.775,58.677,73.692,-34.842,brushing
0.378,0.777,0.475,58.677,73.692,-34.842,brushing
0.378,0.777,0.475,61.005,10.832,-29.277,brushing
0.206,0.263,0.06,61.005,10.832,-29.277,brushing
0.206,0.263,0.06,49.28,65.607,-25.252,brushing
0.192,1.102,-0.881,49.28,65.607,-25.252,brushing
-0.254,1.291,0.138,49.28,65.607,-25.252,brushing
-0.254,1.291,0.138,14.542,116.007,-21.262,brushing
-0.627,3.116,-0.457,14.542,116.007,-21.262,brushing
-0.627,3.116,-0.457,11.55,195.667,16.012,brushing
-0.419,3.238,-0.509,11.55,195.667,16.012,brushing
-0.419,3.238,-0.509,-33.057,-30.992,58.187,brushing
-0.48,1.485,0.289,-33.057,-30.992,58.187,brushing
-0.48,1.485,0.289,-48.965,-157.482,82.565,brushing
-0.484,0.506,0.843,-48.965,-157.482,82.565,brushing
-0.484,0.506,0.843,-21.98,-132.632,78.47,brushing
-0.382,-0.06,1.711,-21.98,-132.632,78.47,brushing
-0.382,-0.06,1.711,33.425,-95.007,47.862,brushing
0.488,0.096,0.226,33.425,-95.007,47.862,brushing
0.488,0.096,0.226,33.18,-109.672,16.012,brushing
0.674,-1.209,0.978,33.18,-109.672,16.012,brushing
0.674,-1.209,0.978,44.572,18.27,-19.617,brushing
0.579,0.26,0.721,44.572,18.27,-19.617,brushing
0.579,0.26,0.721,41.492,21.245,-38.36,brushing
0.358,-0.001,0.332,41.492,21.245,-38.36,brushing
0.314,0.142,-0.068,41.492,21.245,-38.36,brushing
0.314,0.142,-0.068,22.592,25.165,-58.957,brushing
0.181,1.082,-0.867,22.592,25.165,-58.957,brushing
0.181,1.082,-0.867,-2.555,122.955,-59.465,brushing
-0.239,1.916,0.165,-2.555,122.955,-59.465,brushing
-0.239,1.916,0.165,-27.65,179.532,-42.665,brushing
-0.652,3.103,-0.459,-27.65,179.532,-42.665,brushing
-0.652,3.103,-0.459,-23.397,168.682,7.84,brushing
-0.391,3.389,-0.52,-23.397,168.682,7.84,brushing
-0.391,3.389,-0.52,-61.407,-108.5,46.567,brushing
-0.442,1.842,0.152,-61.407,-108.5,46.567,brushing
-0.442,1.842,0.152,-59.045,-249.917,71.855,brushing
-0.425,0.353,0.825,-59.045,-249.917,71.855,brushing
-0.425,0.353,0.825,-14.962,-204.645,69.002,brushing
-0.378,-0.817,1.784,-14.962,-204.645,69.002,brushing
-0.378,-0.817,1.784,52.99,-87.955,27.877,brushing
0.161,-0.247,0.303,52.99,-87.955,27.877,brushing
0.161,-0.247,0.303,45.832,-53.655,-9.852,brushing
0.814,-0.917,0.191,45.832,-53.655,-9.852,brushing
0.523,-0.147,0.695,45.832,-53.655,-9.852,brushing
0.523,-0.147,0.695,28.91,42.052,-52.815,brushing
0.327,0.467,0.647,28.91,42.052,-52.815,brushing
0.327,0.467,0.647,29.19,65.782,-66.22,brushing
0.258,0.29,0.168,29.19,65.782,-66.22,brushing
0.258,0.29,0.168,31.325,61.512,-74.847,brushing
0.163,1.12,-0.348,31.325,61.512,-74.847,brushing
0.163,1.12,-0.348,19.932,117.005,-71.242,brushing
-0.231,2.1,0.515,19.932,117.005,-71.242,brushing
-0.231,2.1,0.515,11.725,116.147,-45.325,brushing
-0.6,3.407,-0.171,11.725,116.147,-45.325,brushing
-0.6,3.407,-0.171,12.722,50.75,22.662,brushing
-0.315,3.176,-0.543,12.722,50.75,22.662,brushing
-0.315,3.176,-0.543,-22.907,-110.215,85.347,brushing
-0.348,1.721,0.051,-22.907,-110.215,85.347,brushing
-0.348,1.721,0.051,-22.015,-140.647,106.277,brushing
-0.342,0.365,0.398,-22.015,-140.647,106.277,brushing
-0.036,-0.646,0.887,-5.495,-103.407,85.12,brushing
0.238,-0.293,0.78,-5.495,-103.407,85.12,brushing
0.238,-0.293,0.78,25.882,-15.347,42.577,brushing
0.56,-0.948,0.815,25.882,-15.347,42.577,brushing
0.56,-0.948,0.815,26.67,-20.265,-3.167,brushing
0.465,-0.178,1.023,26.67,-20.265,-3.167,brushing
0.465,-0.178,1.023,48.37,47.652,-42.245,brushing
0.384,0.405,0.507,48.37,47.652,-42.245,brushing
0.384,0.405,0.507,57.697,66.202,-55.877,brushing
0.308,0.601,-0.002,57.697,66.202,-55.877,brushing
0.308,0.601,-0.002,50.015,104.615,-57.785,brushing
0.177,1.321,-0.81,50.015,104.615,-57.785,brushing
0.177,1.321,-0.81,15.26,142.695,-50.312,brushing
-0.166,1.838,-0.264,15.26,142.695,-50.312,brushing
-0.166,1.838,-0.264,-9.537,157.552,-24.885,brushing
-0.463,2.729,-0.332,-9.537,157.552,-24.885,brushing
-0.463,2.729,-0.332,-35.122,90.072,22.96,brushing
-0.25,2.743,-1.319,-35.122,90.072,22.96,brushing
-0.303,1.832,-0.145,-94.202,-41.51,52.15,brushing
-0.406,1.103,0.528,-94.202,-41.51,52.15,brushing
-0.406,1.103,0.528,-96.355,-85.487,63.875,brushing
-0.342,-0.036,1.696,-96.355,-85.487,63.875,brushing
-0.342,-0.036,1.696,-48.16,-52.29,62.317,brushing
0.047,0.361,1.226,-48.16,-52.29,62.317,brushing
0.047,0.361,1.226,15.837,-48.702,33.565,brushing
0.541,-0.954,1.134,15.837,-48.702,33.565,brushing
0.541,-0.954,1.134,39.935,-101.622,-14.542,brushing
0.491,-0.691,1.038,39.935,-101.622,-14.542,brushing
0.491,-0.691,1.038,76.037,45.902,-51.94,brushing
0.46,0.671,0.611,76.037,45.902,-51.94,brushing
0.46,0.671,0.611,82.652,42.63,-56.21,brushing
0.424,0.577,-0.299,82.652,42.63,-56.21,brushing
0.424,0.577,-0.299,62.825,37.467,-56.035,brushing
0.34,1.397,-0.969,62.825,37.467,-56.035,brushing
0.34,1.397,-0.969,35.122,81.322,-33.985,brushing
-0.234,1.864,0.495,35.122,81.322,-33.985,brushing
-0.492,3.153,-1.169,35.122,81.322,-33.985,brushing
-0.492,3.153,-1.169,43.942,89.18,16.45,brushing
-0.405,1.91,-0.771,43.942,89.18,16.45,brushing
-0.405,1.91,-0.771,-0.21,-68.092,55.842,brushing
-0.485,0.979,-0.217,-0.21,-68.092,55.842,brushing
-0.485,0.979,-0.217,-29.662,-91.805,64.732,brushing
-0.394,0.47,0.637,-29.662,-91.805,64.732,brushing
-0.394,0.47,0.637,-24.43,-23.047,55.23,brushing
-0.033,0.695,1.705,-24.43,-23.047,55.23,brushing
-0.033,0.695,1.705,18.025,-3.815,34.265,brushing
0.563,0.82,0.615,18.025,-3.815,34.265,brushing
0.563,0.82,0.615,45.99,-56.945,25.725,brushing
0.876,-0.554,0.574,45.99,-56.945,25.725,brushing
0.876,-0.554,0.574,39.707,-31.412,4.76,brushing
0.851,0.423,0.988,39.707,-31.412,4.76,brushing
0.851,0.423,0.988,52.587,23.502,2.152,brushing
0.626,0.663,0.457,52.587,23.502,2.152,brushing
0.626,0.663,0.457,40.722,-38.01,-3.937,brushing
0.5,0.137,-0.101,40.722,-38.01,-3.937,brushing
0.207,-0.044,-0.256,40.722,-38.01,-3.937,brushing
0.207,-0.044,-0.256,20.107,16.187,-20.23,brushing
-0.07,1.251,-1.263,20.107,16.187,-20.23,brushing
-0.07,1.251,-1.263,-1.785,136.972,-31.132,brushing
-0.376,2,-0.245,-1.785,136.972,-31.132,brushing
-0.376,2,-0.245,-39.462,114.642,-33.53,brushing
-0.573,2.927,-0.414,-39.462,114.642,-33.53,brushing
-0.573,2.927,-0.414,-32.83,72.852,8.347,brushing
-0.547,2.135,-0.274,-32.83,72.852,8.347,brushing
-0.547,2.135,-0.274,-47.687,-51.117,43.347,brushing
-0.405,1.473,0.513,-47.687,-51.117,43.347,brushing
-0.405,1.473,0.513,-23.887,-88.042,52.132,brushing
-0.209,0.485,1.267,-23.887,-88.042,52.132,brushing
-0.209,0.485,1.267,23.905,-59.132,44.03,brushing
0.333,0.618,0.954,23.905,-59.132,44.03,brushing
0.333,0.618,0.954,45.185,-68.512,28,brushing
0.974,-0.027,0.315,45.185,-68.512,28,brushing
0.974,-0.027,0.315,40.635,-44.467,10.937,brushing
1.196,-0.128,0.918,40.635,-44.467,10.937,brushing
0.905,0.151,0.649,40.635,-44.467,10.937,brushing
0.905,0.151,0.649,53.375,-2.117,6.86,brushing
0.738,-0.017,0.015,53.375,-2.117,6.86,brushing
0.738,-0.017,0.015,48.615,-14.682,-3.29,brushing
0.471,-0.083,-0.061,48.615,-14.682,-3.29,brushing
0.471,-0.083,-0.061,31.237,5.932,-23.695,brushing
0.056,0.865,-0.872,31.237,5.932,-23.695,brushing
0.056,0.865,-0.872,17.097,101.167,-38.535,brushing
-0.453,1.927,-0.103,17.097,101.167,-38.535,brushing
-0.453,1.927,-0.103,-4.147,91.752,-38.762,brushing
-0.656,3.257,-0.708,-4.147,91.752,-38.762,brushing
-0.656,3.257,-0.708,-14.402,67.69,20.667,brushing
-0.602,2.58,-0.384,-14.402,67.69,20.667,brushing
-0.602,2.58,-0.384,-42.192,-69.44,56.647,brushing
-0.475,1.346,0.555,-42.192,-69.44,56.647,brushing
-0.475,1.346,0.555,-19.477,-93.922,51.345,brushing
-0.263,0.146,0.832,-19.477,-93.922,51.345,brushing
-0.263,0.146,0.832,25.147,-22.662,26.495,brushing
0.377,0.367,1.103,25.147,-22.662,26.495,brushing
0.867,0.212,0.091,25.147,-22.662,26.495,brushing
0.867,0.212,0.091,48.965,-17.307,7.367,brushing
1.05,-0.165,0.449,48.965,-17.307,7.367,brushing
1.05,-0.165,0.449,40.197,-6.825,-17.01,brushing
0.782,0.753,0.498,40.197,-6.825,-17.01,brushing
0.782,0.753,0.498,38.482,21.525,-25.515,brushing
0.539,0.346,0.123,38.482,21.525,-25.515,brushing
0.539,0.346,0.123,30.31,-3.307,-31.395,brushing
0.406,0.524,-0.128,30.31,-3.307,-31.395,brushing
0.406,0.524,-0.128,18.987,65.275,-36.995,brushing
0.149,1.62,-0.589,18.987,65.275,-36.995,brushing
0.149,1.62,-0.589,-5.302,89.652,-34.737,brushing
-0.191,2.422,0.147,-5.302,89.652,-34.737,brushing
-0.191,2.422,0.147,-9.87,46.48,-1.487,brushing
-0.335,3.329,-0.228,-9.87,46.48,-1.487,brushing
-0.335,3.329,-0.228,-16.607,-40.67,58.467,brushing
-0.429,2.764,-0.197,-16.607,-40.67,58.467,brushing
-0.286,1.346,0.522,-27.16,-149.712,89.915,brushing
0.062,0.061,0.355,-27.16,-149.712,89.915,brushing
0.062,0.061,0.355,-6.387,-135.415,88.392,brushing
0.438,-1.1,1.095,-6.387,-135.415,88.392,brushing
0.438,-1.1,1.095,20.177,-104.177,40.075,brushing
0.728,-1.358,0.697,20.177,-104.177,40.075,brushing
0.728,-1.358,0.697,51.362,-18.97,-15.855,brushing
0.858,-0.653,0.094,51.362,-18.97,-15.855,brushing
0.858,-0.653,0.094,46.602,59.01,-61.005,brushing
0.685,0.233,-0.305,46.602,59.01,-61.005,brushing
0.685,0.233,-0.305,13.212,74.602,-82.495,brushing
0.425,0.803,-0.659,13.212,74.602,-82.495,brushing
0.425,0.803,-0.659,-22.382,99.242,-84.507,brushing
0.12,1.841,-0.733,-22.382,99.242,-84.507,brushing
0.12,1.841,-0.733,-44.922,48.002,-75.005,brushing
-0.421,1.513,0.339,-44.922,48.002,-75.005,brushing
-0.421,1.513,0.339,-21.665,90.457,-36.225,brushing
-0.65,2.191,-0.909,-21.665,90.457,-36.225,brushing
-0.522,2.463,-0.192,-38.08,55.79,-8.032,brushing
-0.475,1.678,0.329,-38.08,55.79,-8.032,brushing
-0.475,1.678,0.329,-44.765,-87.92,6.405,brushing
-0.305,0.566,0.984,-44.765,-87.92,6.405,brushing
-0.305,0.566,0.984,-12.337,-84.805,13.895,brushing
0.005,0.78,1.16,-12.337,-84.805,13.895,brushing
0.005,0.78,1.16,33.95,-35.49,3.797,brushing
0.758,0.312,0.214,33.95,-35.49,3.797,brushing
0.758,0.312,0.214,40.67,-79.625,-15.015,brushing
1.206,-0.162,0.852,40.67,-79.625,-15.015,brushing
1.206,-0.162,0.852,54.705,-21.665,-22.225,brushing
1.084,0.347,0.706,54.705,-21.665,-22.225,brushing
1.084,0.347,0.706,66.447,-8.347,-12.11,brushing
0.822,0.06,0.204,66.447,-8.347,-12.11,brushing
0.822,0.06,0.204,52.307,17.167,-11.025,brushing
0.546,0.346,-0.105,52.307,17.167,-11.025,brushing
0.546,0.346,-0.105,26.6,28.647,-20.65,brushing
0.27,0.503,-0.344,26.6,28.647,-20.65,brushing
-0.039,0.922,-0.92,26.6,28.647,-20.65,brushing
-0.039,0.922,-0.92,1.242,41.317,-36.137,brushing
-0.388,1.055,0.037,1.242,41.317,-36.137,brushing
-0.388,1.055,0.037,-22.137,34.387,-53.952,brushing
-0.631,2.585,-0.735,-22.137,34.387,-53.952,brushing
-0.631,2.585,-0.735,-9.695,99.487,-23.835,brushing
-0.46,3.125,-0.578,-9.695,99.487,-23.835,brushing
-0.46,3.125,-0.578,-43.137,-30.572,31.99,brushing
-0.238,1.855,0.323,-43.137,-30.572,31.99,brushing
-0.238,1.855,0.323,-39.847,-169.627,57.802,brushing
-0.198,0.66,0.789,-39.847,-169.627,57.802,brushing
-0.198,0.66,0.789,-0.77,-174.982,56.542,brushing
0.093,-0.156,1.237,-0.77,-174.982,56.542,brushing
0.093,-0.156,1.237,52.937,-85.085,32.567,brushing
0.528,0.154,0.906,52.937,-85.085,32.567,brushing
0.528,0.154,0.906,79.677,-41.037,9.572,brushing
0.92,-0.443,0.411,79.677,-41.037,9.572,brushing
0.92,-0.443,0.411,73.832,30.87,-12.057,brushing
0.894,0.49,0.469,73.832,30.87,-12.057,brushing
0.604,0.515,0.244,73.832,30.87,-12.057,brushing
0.604,0.515,0.244,63.595,38.71,-19.057,brushing
0.41,0.304,-0.114,63.595,38.71,-19.057,brushing
0.41,0.304,-0.114,50.452,42.017,-30.275,brushing
0.144,1.139,-0.739,50.452,42.017,-30.275,brushing
0.144,1.139,-0.739,33.267,118.702,-38.465,brushing
-0.206,1.934,-0.313,33.267,118.702,-38.465,brushing
-0.206,1.934,-0.313,-3.185,121.45,-28.542,brushing
-0.54,2.659,-0.447,-3.185,121.45,-28.542,brushing
-0.54,2.659,-0.447,-12.18,88.515,9.87,brushing
-0.753,1.914,-0.604,-12.18,88.515,9.87,brushing
-0.753,1.914,-0.604,-48.352,-53.322,19.372,brushing
-0.615,0.762,0.258,-48.352,-53.322,19.372,brushing
-0.615,0.762,0.258,-43.89,-67.917,-2.712,brushing
-0.458,0.095,0.708,-43.89,-67.917,-2.712,brushing
-0.458,0.095,0.708,-15.452,-11.445,-35.28,brushing
-0.24,0.158,0.907,-15.452,-11.445,-35.28,brushing
-0.24,0.158,0.907,18.182,25.007,-65.292,brushing
0.159,0.745,0.698,18.182,25.007,-65.292,brushing
0.79,0.2,0.227,18.182,25.007,-65.292,brushing
0.79,0.2,0.227,40.39,6.16,-78.54,brushing
1.264,1.006,0.209,40.39,6.16,-78.54,brushing
1.264,1.006,0.209,73.657,106.487,-55.3,brushing
1.188,1.387,0.007,73.657,106.487,-55.3,brushing
1.188,1.387,0.007,87.167,87.027,-7.91,brushing
0.685,0.863,-0.181,87.167,87.027,-7.91,brushing
0.685,0.863,-0.181,78.19,34.842,22.137,brushing
0.368,1.114,-0.363,78.19,34.842,22.137,brushing
0.368,1.114,-0.363,60.497,28.367,33.53,brushing
0.192,1.157,-0.905,60.497,28.367,33.53,brushing
0.192,1.157,-0.905,27.597,15.242,33.022,brushing
-0.049,0.774,-0.687,27.597,15.242,33.022,brushing
-0.049,0.774,-0.687,-4.427,64.785,18.375,brushing
-0.594,0.867,0.038,-4.427,64.785,18.375,brushing
-0.594,0.867,0.038,-2.8,88.725,-5.232,brushing
-0.72,1.025,0.185,-2.8,88.725,-5.232,brushing
-0.272,1.144,-0.183,10.692,47.057,-29.172,brushing
0.179,1.298,-0.412,10.692,47.057,-29.172,brushing
0.179,1.298,-0.412,11.777,54.11,-31.832,brushing
0.364,1.04,-0.612,11.777,54.11,-31.832,brushing
0.364,1.04,-0.612,0.052,77.525,-29.855,brushing
0.333,1.326,-0.51,0.052,77.525,-29.855,brushing
0.333,1.326,-0.51,-21.56,105.735,-32.672,brushing
0.136,1.712,-0.021,-21.56,105.735,-32.672,brushing
0.136,1.712,-0.021,-37.502,67.147,-31.972,brushing
-0.091,1.592,0.369,-37.502,67.147,-31.972,brushing
-0.091,1.592,0.369,-31.727,14.175,-27.265,brushing
-0.305,1.366,0.675,-31.727,14.175,-27.265,brushing
-0.305,1.366,0.675,-4.182,-8.137,-26.652,brushing
-0.411,1.138,0.808,-4.182,-8.137,-26.652,brushing
-0.411,1.138,0.808,29.172,-39.287,-34.527,brushing
-0.175,1.069,0.809,29.172,-39.287,-34.527,brushing
-0.175,1.069,0.809,42.455,-87.745,-39.987,brushing
0.132,0.791,0.451,42.455,-87.745,-39.987,brushing
0.401,0.27,0.282,32.165,-105.647,-48.177,brushing
0.991,0.321,0.005,32.165,-105.647,-48.177,brushing
0.991,0.321,0.005,24.797,-34.125,-55.16,brushing
1.579,1.115,-0.489,24.797,-34.125,-55.16,brushing
1.579,1.115,-0.489,19.127,42.21,-40.845,brushing
1.34,1.755,-0.783,19.127,42.21,-40.845,brushing
1.34,1.755,-0.783,-11.007,13.545,1.312,brushing
0.839,1.668,-0.918,-11.007,13.545,1.312,brushing
0.839,1.668,-0.918,-51.292,-13.492,60.48,brushing
0.158,1.231,-0.67,-51.292,-13.492,60.48,brushing
0.158,1.231,-0.67,-73.587,9.765,96.495,brushing
-0.508,0.801,-0.296,-73.587,9.765,96.495,brushing
-0.508,0.801,-0.296,-63.612,-3.675,75.057,brushing
-1.049,0.422,0.162,-63.612,-3.675,75.057,brushing
-1.049,0.422,0.162,-30.362,-7.927,29.645,brushing
-1.25,0.634,0.292,-30.362,-7.927,29.645,brushing
-1.25,0.634,0.292,-2.852,-28.052,-8.295,brushing
-0.617,0.937,0.117,-2.852,-28.052,-8.295,brushing
-0.719,0.621,0.437,-2.852,-28.052,-8.295,brushing
-0.719,0.621,0.437,13.09,-44.45,-27.597,brushing
-0.377,0.654,0.334,13.09,-44.45,-27.597,brushing
-0.377,0.654,0.334,39.147,-23.292,-45.955,brushing
0.22,0.625,0.007,39.147,-23.292,-45.955,brushing
0.22,0.625,0.007,55.772,17.955,-53.41,brushing
1.046,1.122,-0.096,55.772,17.955,-53.41,brushing
1.046,1.122,-0.096,62.58,58.24,-42.105,brushing
1.724,1.396,-0.885,62.58,58.24,-42.105,brushing
1.724,1.396,-0.885,46.987,59.517,-1.627,brushing
1.54,1.715,-1.13,46.987,59.517,-1.627,brushing
1.54,1.715,-1.13,-7.087,66.517,58.94,brushing
0.883,1.293,-0.772,-7.087,66.517,58.94,brushing
0.883,1.293,-0.772,-57.207,47.792,95.952,brushing
0.237,1.06,-0.506,-57.207,47.792,95.952,brushing
0.237,1.06,-0.506,-74.112,38.657,97.457,brushing
-0.307,0.769,-0.147,-74.112,38.657,97.457,brushing
-0.307,0.769,-0.147,-63.367,35.437,66.587,brushing
-0.857,0.936,0.301,-63.367,35.437,66.587,brushing
-1.409,1.049,0.853,-63.367,35.437,66.587,brushing
-1.409,1.049,0.853,-27.002,28.805,34.247,brushing
-0.94,1.439,0.335,-27.002,28.805,34.247,brushing
-0.94,1.439,0.335,14.367,-42.945,-3.955,brushing
-0.62,0.816,0.216,14.367,-42.945,-3.955,brushing
-0.62,0.816,0.216,29.837,-116.602,-35.682,brushing
-0.626,0.422,0.241,29.837,-116.602,-35.682,brushing
-0.626,0.422,0.241,49.385,-77.28,-68.442,brushing
0.158,0.946,-0.272,49.385,-77.28,-68.442,brushing
0.158,0.946,-0.272,62.772,14.105,-74.69,brushing
0.942,1.512,-0.101,62.772,14.105,-74.69,brushing
0.942,1.512,-0.101,75.005,-12.46,-52.325,brushing
1.595,1.018,-1.032,75.005,-12.46,-52.325,brushing
1.595,1.018,-1.032,59.377,1.487,3.745,brushing
1.647,1.372,-1.31,59.377,1.487,3.745,brushing
1.647,1.372,-1.31,3.325,40.32,64.855,brushing
1.108,1.235,-1.129,3.325,40.32,64.855,brushing
1.108,1.235,-1.129,-54.11,17.482,102.9,brushing
0.51,0.849,-0.526,-54.11,17.482,102.9,brushing
-0.033,0.637,-0.136,-54.11,17.482,102.9,brushing
-0.033,0.637,-0.136,-75.512,11.532,105.437,brushing
-0.543,0.538,0.246,-75.512,11.532,105.437,brushing
-0.543,0.538,0.246,-61.862,27.055,71.225,brushing
-0.826,0.97,0.475,-61.862,27.055,71.225,brushing
-0.826,0.97,0.475,-34.877,47.075,34.37,brushing
-1.083,1.319,0.688,-34.877,47.075,34.37,brushing
-1.083,1.319,0.688,-4.112,18.9,3.185,brushing
-0.59,1.514,0.351,-4.112,18.9,3.185,brushing
-0.59,1.514,0.351,12.477,-69.23,-23.467,brushing
-0.469,0.943,0.302,12.477,-69.23,-23.467,brushing
-0.469,0.943,0.302,24.15,-100.327,-50.032,brushing
-0.325,0.732,0.132,24.15,-100.327,-50.032,brushing
-0.325,0.732,0.132,37.45,-59.447,-69.037,brushing
0.463,1.046,-0.197,37.45,-59.447,-69.037,brushing
0.463,1.046,-0.197,45.85,-10.972,-58.73,brushing
1.184,1.377,-0.542,45.85,-10.972,-58.73,brushing
1.184,1.377,-0.542,38.01,-25.392,-25.182,brushing
1.633,1.083,-1.186,38.01,-25.392,-25.182,brushing
1.208,1.198,-0.97,38.01,-25.392,-25.182,brushing
1.208,1.198,-0.97,-2.782,15.365,25.287,brushing
0.787,0.81,-0.855,-2.782,15.365,25.287,brushing
0.787,0.81,-0.855,-51.117,8.855,58.065,brushing
0.306,0.664,-0.611,-51.117,8.855,58.065,brushing
0.306,0.664,-0.611,-93.975,33.04,64.085,brushing
-0.138,0.545,-0.089,-93.975,33.04,64.085,brushing
-0.138,0.545,-0.089,-111.037,40.74,36.382,brushing
-0.594,0.67,0.436,-111.037,40.74,36.382,brushing
-0.594,0.67,0.436,-92.172,48.895,2.677,brushing
-1.026,1.13,1.003,-92.172,48.895,2.677,brushing
-1.026,1.13,1.003,-44.432,0.052,-26.425,brushing
-0.559,1.642,0.629,-44.432,0.052,-26.425,brushing
-0.559,1.642,0.629,-8.767,-129.727,-41.23,brushing
-0.294,1.662,0.398,-8.767,-129.727,-41.23,brushing
-0.294,1.662,0.398,10.097,-235.882,-44.852,brushing
-0.279,1.276,0.155,10.097,-235.882,-44.852,brushing
-0.031,0.67,0.111,20.247,-247.03,-49.385,brushing
0.303,0.681,-0.169,20.247,-247.03,-49.385,brushing
0.303,0.681,-0.169,18.655,-179.515,-53.025,brushing
1.024,0.576,-0.4,18.655,-179.515,-53.025,brushing
1.024,0.576,-0.4,1.452,-126.682,-50.085,brushing
1.476,0.848,-0.735,1.452,-126.682,-50.085,brushing
1.476,0.848,-0.735,-22.277,-75.74,-36.54,brushing
1.329,0.95,-0.697,-22.277,-75.74,-36.54,brushing
1.329,0.95,-0.697,-51.905,7.455,3.272,brushing
0.778,1.229,-0.339,-51.905,7.455,3.272,brushing
0.778,1.229,-0.339,-78.207,69.702,46.235,brushing
0.192,1.264,-0.009,-78.207,69.702,46.235,brushing
0.192,1.264,-0.009,-95.41,51.537,61.617,brushing
-0.265,1.082,0.431,-95.41,51.537,61.617,brushing
-0.265,1.082,0.431,-86.432,5.442,47.705,brushing
-0.764,0.939,0.975,-86.432,5.442,47.705,brushing
-0.764,0.939,0.975,-44.135,-54.337,10.762,brushing
-1.101,0.808,1.28,-44.135,-54.337,10.762,brushing
-0.764,0.892,0.986,6.702,-112.227,-28.035,brushing
-0.521,0.948,0.887,6.702,-112.227,-28.035,brushing
-0.521,0.948,0.887,36.067,-155.627,-59.955,brushing
-0.26,1.102,0.438,36.067,-155.627,-59.955,brushing
-0.26,1.102,0.438,47.477,-204.452,-91.542,brushing
0.122,0.779,-0.004,47.477,-204.452,-91.542,brushing
0.122,0.779,-0.004,28.7,-194.897,-99.995,brushing
0.649,0.488,-0.173,28.7,-194.897,-99.995,brushing
0.649,0.488,-0.173,-1.627,-100.082,-92.312,brushing
1.301,0.98,-0.365,-1.627,-100.082,-92.312,brushing
1.301,0.98,-0.365,-28.595,11.165,-64.452,brushing
1.419,1.437,-0.315,-28.595,11.165,-64.452,brushing
1.419,1.437,-0.315,-49.315,59.412,-7.91,brushing
1.018,1.481,-0.153,-49.315,59.412,-7.91,brushing
1.018,1.481,-0.153,-57.522,70.962,54.075,brushing
0.532,1.092,0.042,-57.522,70.962,54.075,brushing
0.532,1.092,0.042,-53.917,73.885,85.085,brushing
0.035,0.586,0.106,-53.917,73.885,85.085,brushing
-0.328,0.454,0.217,-53.917,73.885,85.085,brushing
-0.328,0.454,0.217,-47.407,84.98,73.43,brushing
-0.673,0.924,0.737,-47.407,84.98,73.43,brushing
-0.673,0.924,0.737,-34.142,91.017,49.017,brushing
-0.97,1.088,1.072,-34.142,91.017,49.017,brushing
-0.97,1.088,1.072,-2.835,18.847,22.697,brushing
-0.814,0.949,0.885,-2.835,18.847,22.697,brushing
-0.814,0.949,0.885,35.052,-53.077,-8.225,brushing
-0.552,0.91,0.732,35.052,-53.077,-8.225,brushing
-0.552,0.91,0.732,56.647,-73.307,-32.48,brushing
-0.404,0.752,0.594,56.647,-73.307,-32.48,brushing
-0.404,0.752,0.594,58.747,-98.665,-60.882,brushing
-0.018,0.725,0.084,58.747,-98.665,-60.882,brushing
-0.018,0.725,0.084,32.585,-90.982,-76.177,brushing
0.36,0.488,-0.061,32.585,-90.982,-76.177,brushing
0.36,0.488,-0.061,3.185,-10.815,-74.672,brushing
0.951,0.832,-0.096,3.185,-10.815,-74.672,brushing
0.951,0.832,-0.096,-12.53,77.122,-49.192,brushing
1.487,1.444,-0.442,-12.53,77.122,-49.192,brushing
1.362,2.079,-0.375,-12.53,77.122,-49.192,brushing
1.362,2.079,-0.375,-35.175,118.877,6.615,brushing
0.934,1.977,-0.167,-35.175,118.877,6.615,brushing
0.934,1.977,-0.167,-61.827,87.167,77.297,brushing
0.315,1.334,0.096,-61.827,87.167,77.297,brushing
0.315,1.334,0.096,-77.262,51.082,127.54,brushing
-0.216,0.579,0.299,-77.262,51.082,127.54,brushing
-0.216,0.579,0.299,-76.965,44.17,127.505,brushing
-0.69,0.394,0.622,-76.965,44.17,127.505,brushing
-0.69,0.394,0.622,-60.445,59.815,91.735,brushing
-1.109,0.669,1.077,-60.445,59.815,91.735,brushing
-1.109,0.669,1.077,-21.332,16.957,40.932,brushing
-1.101,0.909,0.987,-21.332,16.957,40.932,brushing
-1.101,0.909,0.987,20.142,-48.982,-4.97,brushing
-0.636,1.119,0.663,20.142,-48.982,-4.97,brushing
-0.636,1.119,0.663,43.155,-72.957,-31.99,brushing
-0.476,1.155,0.644,43.155,-72.957,-31.99,brushing
-0.476,1.155,0.644,48.387,-133.035,-61.39,brushing
-0.176,1.139,0.328,48.387,-133.035,-61.39,brushing
0.17,0.693,0,48.387,-133.035,-61.39,brushing
0.17,0.693,0,27.632,-161.77,-80.045,brushing
0.679,0.668,0.128,27.632,-161.77,-80.045,brushing
0.679,0.668,0.128,6.44,-59.517,-78.61,brushing
1.177,1.183,-0.092,6.44,-59.517,-78.61,brushing
1.177,1.183,-0.092,-5.757,23.572,-60.427,brushing
1.282,1.535,-0.114,-5.757,23.572,-60.427,brushing
1.282,1.535,-0.114,-21.262,53.27,-16.345,brushing
0.956,1.497,-0.123,-21.262,53.27,-16.345,brushing
0.956,1.497,-0.123,-38.85,50.137,37.677,brushing
0.583,1.062,-0.064,-38.85,50.137,37.677,brushing
0.583,1.062,-0.064,-53.427,79.607,79.012,brushing
0.163,0.737,0.026,-53.427,79.607,79.012,brushing
0.163,0.737,0.026,-63.665,81.865,79.345,brushing
-0.322,0.262,0.181,-63.665,81.865,79.345,brushing
-0.322,0.262,0.181,-57.452,118.3,55.615,brushing
-0.854,0.269,0.593,-57.452,118.3,55.615,brushing
-1.118,0.577,0.814,-23.59,142.992,22.172,brushing
-0.729,0.919,0.445,-23.59,142.992,22.172,brushing
-0.729,0.919,0.445,22.295,114.012,-14.052,brushing
-0.475,0.965,0.222,22.295,114.012,-14.052,brushing
-0.475,0.965,0.222,54.705,130.042,-34.702,brushing
-0.383,1.261,0.036,54.705,130.042,-34.702,brushing
-0.383,1.261,0.036,69.037,152.582,-47.652,brushing
-0.176,1.348,-0.112,69.037,152.582,-47.652,brushing
-0.176,1.348,-0.112,67.445,138.215,-56.927,brushing
0.051,1.486,-0.252,67.445,138.215,-56.927,brushing
0.051,1.486,-0.252,54.355,91.682,-67.445,brushing
0.146,1.271,-0.288,54.355,91.682,-67.445,brushing
0.146,1.271,-0.288,41.527,56.945,-70.822,brushing
0.402,0.99,-0.225,41.527,56.945,-70.822,brushing
0.402,0.99,-0.225,35.857,90.387,-58.03,brushing
0.782,1.12,-0.275,35.857,90.387,-58.03,brushing
0.782,1.12,-0.275,27.807,103.337,-25.497,brushing
0.975,1.38,-0.227,27.807,103.337,-25.497,brushing
0.909,1.212,-0.272,12.127,10.762,6.37,brushing
0.608,0.576,-0.314,12.127,10.762,6.37,brushing
0.608,0.576,-0.314,-4.987,-57.277,31.517,brushing
0.286,0.753,-0.309,-4.987,-57.277,31.517,brushing
0.286,0.753,-0.309,-14.682,-8.452,53.357,brushing
0.096,0.933,-0.534,-14.682,-8.452,53.357,brushing
0.096,0.933,-0.534,-22.645,1.242,60.987,brushing
-0.19,0.879,-0.611,-22.645,1.242,60.987,brushing
-0.19,0.879,-0.611,-33.477,19.635,58.24,brushing
-0.576,1.18,-0.202,-33.477,19.635,58.24,brushing
-0.576,1.18,-0.202,-33.407,5.057,44.012,brushing
-0.93,1.27,0.271,-33.407,5.057,44.012,brushing
-0.93,1.27,0.271,-4.602,-40.6,31.08,brushing
-0.581,1.541,0.335,-4.602,-40.6,31.08,brushing
-0.581,1.541,0.335,28.402,-63.507,31.045,brushing
-0.482,1.616,0.581,28.402,-63.507,31.045,brushing
-0.482,1.616,0.581,58.94,-140.035,21.875,brushing
-0.426,1.196,0.438,58.94,-140.035,21.875,brushing
0.09,0.852,0.126,58.94,-140.035,21.875,brushing
0.09,0.852,0.126,73.29,-173.022,4.777,brushing
0.532,0.685,-0.297,73.29,-173.022,4.777,brushing
0.532,0.685,-0.297,58.38,-114.905,-0.087,brushing
1.046,0.449,-0.422,58.38,-114.905,-0.087,brushing
1.046,0.449,-0.422,33.74,-5.67,12.425,brushing
1.138,0.84,0.128,33.74,-5.67,12.425,brushing
1.138,0.84,0.128,27.3,71.365,33.792,brushing
0.669,0.604,0.044,27.3,71.365,33.792,brushing
0.669,0.604,0.044,28.437,16.52,43.75,brushing
0.696,0.266,-0.308,28.437,16.52,43.75,brushing
0.696,0.266,-0.308,14.35,36.067,49.262,brushing
0.442,0.544,-0.364,14.35,36.067,49.262,brushing
0.442,0.544,-0.364,0.367,75.775,43.172,brushing
0.138,0.713,-0.541,0.367,75.775,43.172,brushing
0.138,0.713,-0.541,-8.452,104.825,25.532,brushing
-0.091,0.691,-0.69,-8.452,104.825,25.532,brushing
-0.091,0.691,-0.69,-24.797,166.967,8.242,brushing
-0.458,1.525,-0.38,-24.797,166.967,8.242,brushing
-0.887,1.517,-0.071,-24.797,166.967,8.242,brushing
-0.887,1.517,-0.071,-36.785,89.617,-9.415,brushing
-0.651,1.498,-0.198,-36.785,89.617,-9.415,brushing
-0.651,1.498,-0.198,-36.032,-0.087,-24.097,brushing
-0.297,1.438,0.079,-36.032,-0.087,-24.097,brushing
-0.297,1.438,0.079,-31.815,-31.342,-24.29,brushing
-0.384,1.157,0.42,-31.815,-31.342,-24.29,brushing
-0.384,1.157,0.42,-9.38,-66.307,-32.515,brushing
-0.152,0.871,0.057,-9.38,-66.307,-32.515,brushing
-0.152,0.871,0.057,6.02,-66.22,-41.125,brushing
0.074,1,0.554,6.02,-66.22,-41.125,brushing
0.074,1,0.554,16.082,-68.705,-56.052,brushing
0.273,1.001,-0.037,16.082,-68.705,-56.052,brushing
0.273,1.001,-0.037,18.882,-96.95,-65.905,brushing
0.908,0.436,-0.274,18.882,-96.95,-65.905,brushing
0.908,0.436,-0.274,19.32,25.55,-52.482,brushing
1.28,1.242,-0.18,19.32,25.55,-52.482,brushing
1.28,1.242,-0.18,15.802,6.912,-20.912,brushing
1.036,1.17,-0.134,15.802,6.912,-20.912,brushing
0.701,0.665,-0.389,15.802,6.912,-20.912,brushing
0.701,0.665,-0.389,8.855,-44.117,6.422,brushing
0.391,0.654,-0.359,8.855,-44.117,6.422,brushing
0.391,0.654,-0.359,-7.577,2.467,17.5,brushing
-0.204,0.741,-0.183,-7.577,2.467,17.5,brushing
-0.204,0.741,-0.183,-13.615,74.165,14.752,brushing
-0.438,1.566,-0.132,-13.615,74.165,14.752,brushing
-0.438,1.566,-0.132,-20.912,29.75,-1.19,brushing
-0.705,1.293,-0.229,-20.912,29.75,-1.19,brushing
-0.705,1.293,-0.229,-21.402,-29.995,-12.425,brushing
-0.332,1.431,-0.561,-21.402,-29.995,-12.425,brushing
-0.332,1.431,-0.561,-28.35,-19.617,-13.72,brushing
0.036,1.469,-0.308,-28.35,-19.617,-13.72,brushing
0.036,1.469,-0.308,-36.155,-41.615,-12.81,brushing
-0.262,1.015,0.374,-36.155,-41.615,-12.81,brushing
-0.262,1.015,0.374,-26.127,-56.822,-21.595,brushing
0.002,1.115,0.174,-26.127,-56.822,-21.595,brushing
0.002,1.115,0.174,-22.977,-65.1,-25.777,brushing
0.185,0.927,0.557,-22.977,-65.1,-25.777,brushing
0.549,0.506,0.307,-22.977,-65.1,-25.777,brushing
0.549,0.506,0.307,-22.277,-110.162,-39.13,brushing
0.795,0.355,0.521,-22.277,-110.162,-39.13,brushing
0.795,0.355,0.521,-9.52,-15.435,-30.205,brushing
0.646,1.001,0.542,-9.52,-15.435,-30.205,brushing
0.646,1.001,0.542,5.967,-5.267,-17.43,brushing
0.308,0.534,0.172,5.967,-5.267,-17.43,brushing
0.308,0.534,0.172,18.55,-49.49,-5.285,brushing
0.342,0.581,-0.109,18.55,-49.49,-5.285,brushing
0.342,0.581,-0.109,21.507,-22.05,-2.695,brushing
0.3,0.896,-0.932,21.507,-22.05,-2.695,brushing
0.3,0.896,-0.932,11.935,17.08,2.135,brushing
-0.153,0.313,-0.001,11.935,17.08,2.135,brushing
-0.153,0.313,-0.001,13.457,149.205,7.42,brushing
-0.391,2.171,-1.182,13.457,149.205,7.42,brushing
-0.391,2.171,-1.182,-33.022,38.132,1.995,brushing
-0.37,1.884,-0.83,-33.022,38.132,1.995,brushing
-0.339,0.954,-0.632,-74.165,-57.592,1.837,brushing
-0.252,1.348,0.187,-74.165,-57.592,1.837,brushing
-0.252,1.348,0.187,-88.165,7,-2.625,brushing
-0.435,1.015,0.68,-88.165,7,-2.625,brushing
-0.435,1.015,0.68,-66.99,-15.697,-11.497,brushing
-0.176,1.037,0.776,-66.99,-15.697,-11.497,brushing
-0.176,1.037,0.776,-39.882,-79.292,-31.71,brushing
0.057,0.815,0.816,-39.882,-79.292,-31.71,brushing
0.057,0.815,0.816,-14.017,-143.185,-55.667,brushing
0.468,0.502,0.63,-14.017,-143.185,-55.667,brushing
0.468,0.502,0.63,6.177,-116.707,-58.397,brushing
0.555,0.348,0.497,6.177,-116.707,-58.397,brushing
0.555,0.348,0.497,25.62,-41.58,-45.167,brushing
0.459,0.904,0.24,25.62,-41.58,-45.167,brushing
0.459,0.904,0.24,23.905,-63.42,-25.112,brushing
0.386,0.458,-0.128,23.905,-63.42,-25.112,brushing
0.386,0.458,-0.128,15.295,-48.842,-12.302,brushing
0.341,0.267,-0.243,15.295,-48.842,-12.302,brushing
-0.071,0.278,-0.048,15.295,-48.842,-12.302,brushing
-0.071,0.278,-0.048,19.81,32.13,-3.377,brushing
-0.206,1.432,-1.149,19.81,32.13,-3.377,brushing
-0.206,1.432,-1.149,14.647,91.245,-3.92,brushing
-0.289,1.554,-1.196,14.647,91.245,-3.92,brushing
-0.289,1.554,-1.196,-41.002,-43.977,-14.892,brushing
-0.503,0.935,-0.8,-41.002,-43.977,-14.892,brushing
-0.503,0.935,-0.8,-77.98,-28.892,-7.28,brushing
-0.562,1.177,0.161,-77.98,-28.892,-7.28,brushing
-0.562,1.177,0.161,-65.257,54.145,2.31,brushing
-0.499,1.268,0.765,-65.257,54.145,2.31,brushing
-0.499,1.268,0.765,-22.925,19.565,-2.187,brushing
-0.37,1.323,1.095,-22.925,19.565,-2.187,brushing
-0.37,1.323,1.095,20.93,-56.175,-11.34,brushing
0.141,1.497,0.573,20.93,-56.175,-11.34,brushing
0.141,1.497,0.573,26.407,-158.935,-18.812,brushing
0.584,0.866,0.448,26.407,-158.935,-18.812,brushing
0.584,0.866,0.448,23.17,-113.575,-7.28,brushing
0.608,0.323,0.581,23.17,-113.575,-7.28,brushing
0.41,0.923,0.636,23.17,-113.575,-7.28,brushing
0.41,0.923,0.636,28.017,9.572,8.627,brushing
0.168,0.755,0.437,28.017,9.572,8.627,brushing
0.168,0.755,0.437,29.89,-9.415,10.71,brushing
0.285,0.442,0.052,29.89,-9.415,10.71,brushing
0.285,0.442,0.052,28.21,-16.187,3.045,brushing
0.116,0.378,-0.322,28.21,-16.187,3.045,brushing
0.116,0.378,-0.322,31.657,88.252,3.99,brushing
-0.016,1.343,-0.137,31.657,88.252,3.99,brushing
-0.016,1.343,-0.137,22.872,157.955,4.025,brushing
-0.329,2.114,-1.016,22.872,157.955,4.025,brushing
-0.329,2.114,-1.016,-9.415,99.452,11.847,brushing
-0.299,2.16,-0.892,-9.415,99.452,11.847,brushing
-0.299,2.16,-0.892,-59.972,-41.632,13.317,brushing
-0.629,1.484,-0.197,-59.972,-41.632,13.317,brushing
-0.629,1.484,-0.197,-61.512,-39.392,23.135,brushing
-0.587,1.104,0.751,-61.512,-39.392,23.135,brushing
-0.587,1.104,0.751,-13.842,-22.417,20.247,brushing
-0.673,0.943,1.184,-13.842,-22.417,20.247,brushing
-0.321,0.85,1.002,-13.842,-22.417,20.247,brushing
-0.321,0.85,1.002,46.637,-74.83,-3.115,brushing
0.564,0.693,-0.184,46.637,-74.83,-3.115,brushing
0.564,0.693,-0.184,58.94,-123.987,-21.42,brushing
0.721,0.079,0.563,58.94,-123.987,-21.42,brushing
0.721,0.079,0.563,46.532,-81.077,-24.202,brushing
0.623,0.754,0.307,46.532,-81.077,-24.202,brushing
0.623,0.754,0.307,54.04,9.152,-7.21,brushing
0.296,0.776,0.452,54.04,9.152,-7.21,brushing
0.296,0.776,0.452,52.57,-43.277,1.89,brushing
0.239,0.2,0.029,52.57,-43.277,1.89,brushing
0.239,0.2,0.029,53.585,-75.372,-11.777,brushing
0.015,-0.053,-0.009,53.585,-75.372,-11.777,brushing
0.015,-0.053,-0.009,63.315,34.002,-21.052,brushing
-0.021,1.185,-0.754,63.315,34.002,-21.052,brushing
-0.021,1.185,-0.754,63.787,133.63,-10.797,brushing
-0.351,1.793,-0.523,63.787,133.63,-10.797,brushing
-0.351,1.793,-0.523,40.915,179.06,25.357,brushing
-0.385,3.248,-1.341,40.915,179.06,25.357,brushing
-0.427,2.212,-0.594,40.915,179.06,25.357,brushing
-0.427,2.212,-0.594,-26.617,-51.8,48.86,brushing
-0.473,0.588,0.055,-26.617,-51.8,48.86,brushing
-0.473,0.588,0.055,-52.412,-127.557,48.475,brushing
-0.543,0.212,0.983,-52.412,-127.557,48.475,brushing
-0.543,0.212,0.983,-30.835,-40.862,26.6,brushing
-0.231,0.297,1.113,-30.835,-40.862,26.6,brushing
-0.231,0.297,1.113,8.365,-2.975,-9.695,brushing
0.323,0.498,0.862,8.365,-2.975,-9.695,brushing
0.323,0.498,0.862,33.775,-42.367,-38.57,brushing
0.798,0.224,0.832,33.775,-42.367,-38.57,brushing
0.798,0.224,0.832,49.927,-29.942,-40.11,brushing
0.732,0.539,0.566,49.927,-29.942,-40.11,brushing
0.732,0.539,0.566,68.652,39.602,-19.687,brushing
0.484,1.021,0.244,68.652,39.602,-19.687,brushing
0.484,1.021,0.244,62.93,-12.985,-6.02,brushing
0.395,0.397,-0.081,62.93,-12.985,-6.02,brushing
0.213,0.727,-1.192,42.595,24.43,-7.682,brushing
-0.279,1.132,0.021,42.595,24.43,-7.682,brushing
-0.279,1.132,0.021,11.13,128.87,-6.142,brushing
-0.569,2.512,-1.183,11.13,128.87,-6.142,brushing
-0.569,2.512,-1.183,-6.247,183.96,10.64,brushing
-0.476,2.536,-0.605,-6.247,183.96,10.64,brushing
-0.476,2.536,-0.605,-59.517,-5.722,23.87,brushing
-0.498,1.479,-0.058,-59.517,-5.722,23.87,brushing
-0.498,1.479,-0.058,-69.002,-84.175,32.83,brushing
-0.439,0.973,0.813,-69.002,-84.175,32.83,brushing
-0.439,0.973,0.813,-35.227,-25.305,39.165,brushing
-0.389,0.725,0.933,-35.227,-25.305,39.165,brushing
-0.389,0.725,0.933,8.312,-9.52,18.812,brushing
0.029,0.98,0.787,8.312,-9.52,18.812,brushing
0.029,0.98,0.787,25.217,-64.645,-3.587,brushing
0.655,0.659,0.224,25.217,-64.645,-3.587,brushing
0.655,0.659,0.224,20.615,-74.445,-15.435,brushing
0.863,0.194,0.451,20.615,-74.445,-15.435,brushing
0.708,0.662,0.248,21.997,-0.245,-7.77,brushing
0.3,0.728,0.188,21.997,-0.245,-7.77,brushing
0.3,0.728,0.188,10.045,-7.437,-1.382,brushing
0.206,0.58,-0.102,10.045,-7.437,-1.382,brushing
0.206,0.58,-0.102,-3.062,-24.867,-7.63,brushing
0.101,0.254,-0.116,-3.062,-24.867,-7.63,brushing
0.101,0.254,-0.116,-10.692,25.112,-11.935,brushing
-0.059,0.792,-0.698,-10.692,25.112,-11.935,brushing
-0.059,0.792,-0.698,-17.955,96.232,-15.785,brushing
-0.201,1.507,-0.329,-17.955,96.232,-15.785,brushing
-0.201,1.507,-0.329,-21.647,124.67,-0.577,brushing
-0.315,2.498,-0.893,-21.647,124.67,-0.577,brushing
-0.315,2.498,-0.893,-38.255,56.332,33.827,brushing
-0.35,2.268,-0.347,-38.255,56.332,33.827,brushing
-0.35,2.268,-0.347,-47.442,-76.947,57.435,brushing
-0.562,1.441,0.492,-47.442,-76.947,57.435,brushing
-0.562,1.441,0.492,-10.237,-97.93,66.132,brushing
-0.716,0.418,0.611,-10.237,-97.93,66.132,brushing
-0.083,0.367,0.739,-10.237,-97.93,66.132,brushing
-0.083,0.367,0.739,29.61,-34.965,49.525,brushing
0.037,0.263,0.804,29.61,-34.965,49.525,brushing
0.037,0.263,0.804,55.597,-53.077,2.345,brushing
0.533,-0.154,0.314,55.597,-53.077,2.345,brushing
0.533,-0.154,0.314,69.09,-56.315,-34.86,brushing
0.906,0.188,-0.138,69.09,-56.315,-34.86,brushing
0.906,0.188,-0.138,59.535,47.162,-38.92,brushing
0.86,0.896,-0.25,59.535,47.162,-38.92,brushing
0.86,0.896,-0.25,28.822,89.11,-21.945,brushing
0.684,1.179,-0.082,28.822,89.11,-21.945,brushing
0.684,1.179,-0.082,4.707,74.515,3.71,brushing
0.128,1.416,0.132,4.707,74.515,3.71,brushing
0.128,1.416,0.132,3.307,52.867,27.212,brushing
-0.034,1.317,0.036,3.307,52.867,27.212,brushing
-0.034,1.317,0.036,8.767,-24.045,24.937,brushing
-0.151,0.909,-0.268,8.767,-24.045,24.937,brushing
-0.151,0.909,-0.268,5.967,3.412,21,brushing
-0.241,1.053,-0.505,5.967,3.412,21,brushing
-0.278,1.533,-0.467,5.967,3.412,21,brushing
-0.278,1.533,-0.467,-8.295,49.087,18.55,brushing
-0.139,1.655,-0.163,-8.295,49.087,18.55,brushing
-0.139,1.655,-0.163,-24.797,1.137,15.837,brushing
-0.277,1.359,0.477,-24.797,1.137,15.837,brushing
-0.277,1.359,0.477,-20.055,-40.565,20.335,brushing
-0.124,1.064,0.055,-20.055,-40.565,20.335,brushing
-0.124,1.064,0.055,-4.077,-43.382,20.632,brushing
0.225,0.701,0.855,-4.077,-43.382,20.632,brushing
0.225,0.701,0.855,8.155,-52.377,5.81,brushing
0.16,0.449,0.757,8.155,-52.377,5.81,brushing
0.16,0.449,0.757,38.08,-45.727,-12.232,brushing
0.6,0.418,0.428,38.08,-45.727,-12.232,brushing
0.6,0.418,0.428,50.645,-19.285,-17.01,brushing
0.771,0.52,0.013,50.645,-19.285,-17.01,brushing
0.771,0.52,0.013,43.452,16.257,-6.352,brushing
0.66,0.808,-0.173,43.452,16.257,-6.352,brushing
0.66,0.808,-0.173,24.57,35.735,9.415,brushing
0.586,0.856,-0.177,24.57,35.735,9.415,brushing
0.312,0.863,-0.078,24.57,35.735,9.415,brushing
0.312,0.863,-0.078,6.632,5.705,14.192,brushing
-0.046,0.747,-0.126,6.632,5.705,14.192,brushing
-0.046,0.747,-0.126,8.96,-4.042,12.267,brushing
-0.032,0.947,-0.472,8.96,-4.042,12.267,brushing
-0.032,0.947,-0.472,11.865,25.427,3.885,brushing
-0.227,1.414,-0.49,11.865,25.427,3.885,brushing
-0.227,1.414,-0.49,-1.155,60.497,8.837,brushing
-0.316,1.95,-0.176,-1.155,60.497,8.837,brushing
-0.316,1.95,-0.176,-16.152,2.677,15.505,brushing
-0.164,1.781,0.319,-16.152,2.677,15.505,brushing
-0.164,1.781,0.319,-11.182,-108.062,21.507,brushing
-0.273,1.451,0.333,-11.182,-108.062,21.507,brushing
-0.273,1.451,0.333,6.755,-173.407,20.912,brushing
-0.019,0.917,0.676,6.755,-173.407,20.912,brushing
-0.019,0.917,0.676,34.317,-144.76,19.67,brushing
0.066,0.591,0.907,34.317,-144.76,19.67,brushing
0.094,0.606,0.783,64.4,-105.805,6.737,brushing
0.405,0.321,0.32,64.4,-105.805,6.737,brushing
0.405,0.321,0.32,77.14,-101.797,-11.287,brushing
0.848,0.338,-0.221,77.14,-101.797,-11.287,brushing
0.848,0.338,-0.221,68.81,-56.805,-22.732,brushing
0.805,0.573,-0.324,68.81,-56.805,-22.732,brushing
0.805,0.573,-0.324,51.782,15.802,-11.987,brushing
0.699,0.582,-0.309,51.782,15.802,-11.987,brushing
0.699,0.582,-0.309,34.072,45.307,0.77,brushing
0.356,0.484,-0.066,34.072,45.307,0.77,brushing
0.356,0.484,-0.066,27.545,55.037,-0.682,brushing
0.118,0.749,-0.457,27.545,55.037,-0.682,brushing
0.118,0.749,-0.457,24.027,32.865,-23.485,brushing
0.107,0.925,-0.522,24.027,32.865,-23.485,brushing
0.107,0.925,-0.522,13.265,105.332,-16.835,brushing
-0.113,1.488,-0.778,13.265,105.332,-16.835,brushing
-0.113,1.488,-0.778,-10.5,187.897,9.327,brushing
-0.173,2.404,-0.445,-10.5,187.897,9.327,brushing
-0.458,2.094,0.438,-36.505,73.832,20.422,brushing
-0.286,1.396,0.828,-36.505,73.832,20.422,brushing
-0.286,1.396,0.828,-22.26,-33.04,21.21,brushing
-0.221,1.288,1.029,-22.26,-33.04,21.21,brushing
-0.221,1.288,1.029,15.89,-42,20.44,brushing
-0.103,1.256,0.812,15.89,-42,20.44,brushing
-0.103,1.256,0.812,51.887,-39.515,16.87,brushing
0.193,1.433,0.579,51.887,-39.515,16.87,brushing
0.193,1.433,0.579,67.672,-85.33,12.757,brushing
0.518,0.763,0.141,67.672,-85.33,12.757,brushing
0.518,0.763,0.141,58.222,-139.72,1.487,brushing
0.806,0.114,-0.065,58.222,-139.72,1.487,brushing
0.806,0.114,-0.065,50.05,-67.48,-3.797,brushing
0.986,0.17,-0.224,50.05,-67.48,-3.797,brushing
0.986,0.17,-0.224,40.337,17.587,3.535,brushing
0.849,0.516,-0.193,40.337,17.587,3.535,brushing
0.849,0.516,-0.193,22.82,18.97,8.96,brushing
0.735,0.453,-0.166,22.82,18.97,8.96,brushing
0.524,0.531,-0.19,22.82,18.97,8.96,brushing
0.524,0.531,-0.19,10.325,35.7,15.855,brushing
0.327,0.99,0.062,10.325,35.7,15.855,brushing
0.327,0.99,0.062,6.457,49.017,18.777,brushing
0.088,1.242,-0.205,6.457,49.017,18.777,brushing
0.088,1.242,-0.205,17.272,50.067,23.012,brushing
-0.243,1.798,-0.536,17.272,50.067,23.012,brushing
-0.243,1.798,-0.536,13.632,48.282,29.085,brushing
-0.526,1.776,-0.104,13.632,48.282,29.085,brushing
-0.526,1.776,-0.104,0.297,-50.61,24.657,brushing
-0.697,1.035,0.501,0.297,-50.61,24.657,brushing
-0.697,1.035,0.501,18.095,-103.46,10.832,brushing
-0.554,0.437,0.799,18.095,-103.46,10.832,brushing
-0.554,0.437,0.799,62.125,-51.677,-10.255,brushing
-0.32,0.664,0.756,62.125,-51.677,-10.255,brushing
-0.32,0.664,0.756,95.83,-19.442,-26.145,brushing
-0.038,0.828,0.5,95.83,-19.442,-26.145,brushing
-0.038,0.828,0.5,97.93,-26.285,-29.732,brushing
0.519,0.937,-0.33,97.93,-26.285,-29.732,brushing
1.174,0.122,-0.541,97.93,-26.285,-29.732,brushing
1.174,0.122,-0.541,72.52,-51.782,-37.485,brushing
1.571,0.368,-0.645,72.52,-51.782,-37.485,brushing
1.571,0.368,-0.645,61.635,81.952,-20.58,brushing
1.301,0.923,-0.426,61.635,81.952,-20.58,brushing
1.301,0.923,-0.426,39.602,148.085,9.625,brushing
0.922,0.935,-0.123,39.602,148.085,9.625,brushing
0.922,0.935,-0.123,8.032,108.202,29.05,brushing
0.632,1.142,-0.365,8.032,108.202,29.05,brushing
0.632,1.142,-0.365,-29.225,61.407,31.5,brushing
0.238,0.641,-0.056,-29.225,61.407,31.5,brushing
0.238,0.641,-0.056,-51.065,69.807,12.075,brushing
-0.523,0.734,0.151,-51.065,69.807,12.075,brushing
-0.523,0.734,0.151,-49.28,150.342,-23.817,brushing
-0.909,1.515,0.067,-49.28,150.342,-23.817,brushing
-0.909,1.515,0.067,-57.47,82.705,-64.802,brushing
-0.732,1.898,0.098,-57.47,82.705,-64.802,brushing
-0.732,1.898,0.098,-69.842,-55.282,-89.74,brushing
-0.22,1.803,0.222,-69.842,-55.282,-89.74,brushing
-0.273,1.29,0.752,-69.842,-55.282,-89.74,brushing
-0.273,1.29,0.752,-62.51,-125.282,-92.907,brushing
-0.179,1.098,0.521,-62.51,-125.282,-92.907,brushing
-0.179,1.098,0.521,-34.247,-114.24,-91.542,brushing
0.611,0.621,0.271,-34.247,-114.24,-91.542,brushing
0.611,0.621,0.271,-18.742,-82.18,-88.305,brushing
1.147,1.072,0.189,-18.742,-82.18,-88.305,brushing
1.147,1.072,0.189,-1.89,-38.99,-75.32,brushing
1.577,0.963,-0.5,-1.89,-38.99,-75.32,brushing
1.577,0.963,-0.5,0.752,-38.867,-36.662,brushing
1.328,1.013,-0.826,0.752,-38.867,-36.662,brushing
1.328,1.013,-0.826,-22.627,23.607,21.385,brushing
0.911,0.741,-0.792,-22.627,23.607,21.385,brushing
0.911,0.741,-0.792,-54.897,85.347,63.052,brushing
0.257,1.027,-0.573,-54.897,85.347,63.052,brushing
0.257,1.027,-0.573,-74.725,20.125,52.675,brushing
-0.13,0.135,-0.352,-74.725,20.125,52.675,brushing
-0.13,0.135,-0.352,-70.84,50.435,17.885,brushing
-0.611,0.238,-0.26,-70.84,50.435,17.885,brushing
-0.982,1.12,0.188,-70.84,50.435,17.885,brushing
-0.982,1.12,0.188,-59.412,124.32,-13.79,brushing
-0.873,1.665,0.32,-59.412,124.32,-13.79,brushing
-0.873,1.665,0.32,-41.965,50.767,-33.25,brushing
-0.481,1.487,0.615,-41.965,50.767,-33.25,brushing
-0.481,1.487,0.615,-23.065,-48.93,-32.9,brushing
-0.638,0.978,0.963,-23.065,-48.93,-32.9,brushing
-0.638,0.978,0.963,17.85,-99.907,-42.525,brushing
-0.306,0.942,0.506,17.85,-99.907,-42.525,brushing
-0.306,0.942,0.506,55.702,-97.335,-52.815,brushing
0.126,1.274,0.01,55.702,-97.335,-52.815,brushing
0.126,1.274,0.01,60.83,-108.972,-53.69,brushing
0.878,1.058,-0.433,60.83,-108.972,-53.69,brushing
0.878,1.058,-0.433,46.655,-90.335,-37.817,brushing
1.477,0.955,-0.831,46.655,-90.335,-37.817,brushing
1.477,0.955,-0.831,26.967,24.167,9.327,brushing
1.428,1.266,-0.791,26.967,24.167,9.327,brushing
0.902,1.216,-0.475,-5.687,63.577,60.252,brushing
0.468,0.958,-0.574,-5.687,63.577,60.252,brushing
0.468,0.958,-0.574,-39.9,28.017,83.562,brushing
0.119,0.427,-0.459,-39.9,28.017,83.562,brushing
0.119,0.427,-0.459,-68.057,28.77,75.092,brushing
-0.316,0.649,-0.044,-68.057,28.77,75.092,brushing
-0.316,0.649,-0.044,-75.915,106.225,49.122,brushing
-0.647,1.177,0.379,-75.915,106.225,49.122,brushing
-0.647,1.177,0.379,-61.652,125.282,23.887,brushing
-0.951,1.615,0.705,-61.652,125.282,23.887,brushing
-0.951,1.615,0.705,-35.56,47.845,3.412,brushing
-0.688,1.698,0.889,-35.56,47.845,3.412,brushing
-0.688,1.698,0.889,-3.675,-77.682,-11.357,brushing
-0.511,1.357,0.827,-3.675,-77.682,-11.357,brushing
-0.511,1.357,0.827,28.525,-175.262,-28.857,brushing
-0.379,1.004,0.482,28.525,-175.262,-28.857,brushing
-0.379,1.004,0.482,47.197,-202.265,-49.63,brushing
-0.055,0.68,0.13,47.197,-202.265,-49.63,brushing
0.285,0.613,0.061,47.197,-202.265,-49.63,brushing
0.285,0.613,0.061,48.352,-147.787,-64.662,brushing
0.857,0.897,-0.357,48.352,-147.787,-64.662,brushing
0.857,0.897,-0.357,41.685,-63.997,-63.63,brushing
1.222,1.394,-0.638,41.685,-63.997,-63.63,brushing
1.222,1.394,-0.638,22.715,-1.68,-41.352,brushing
1.059,1.718,-0.576,22.715,-1.68,-41.352,brushing
1.059,1.718,-0.576,-14.262,-28.332,-1.61,brushing
0.751,1.174,-0.519,-14.262,-28.332,-1.61,brushing
0.751,1.174,-0.519,-53.83,-36.61,42.402,brushing
0.342,0.937,-0.228,-53.83,-36.61,42.402,brushing
0.342,0.937,-0.228,-83.842,11.935,68.232,brushing
-0.024,0.918,0.324,-83.842,11.935,68.232,brushing
-0.024,0.918,0.324,-93.31,-28.42,57.4,brushing
-0.503,0.513,0.88,-93.31,-28.42,57.4,brushing
-0.503,0.513,0.88,-70.455,-78.802,25.287,brushing
-0.855,0.453,1.361,-70.455,-78.802,25.287,brushing
-0.855,0.453,1.361,-23.065,-137.182,-16.835,brushing
-0.752,0.75,1.255,-23.065,-137.182,-16.835,brushing
-0.468,1.072,0.938,-23.065,-137.182,-16.835,brushing
-0.468,1.072,0.938,18.637,-196.157,-42.717,brushing
-0.399,0.91,0.592,18.637,-196.157,-42.717,brushing
-0.399,0.91,0.592,41.755,-248.045,-60.007,brushing
-0.101,0.807,0.122,41.755,-248.045,-60.007,brushing
-0.101,0.807,0.122,48.107,-211.837,-60.497,brushing
0.242,0.701,-0.084,48.107,-211.837,-60.497,brushing
0.242,0.701,-0.084,34.212,-125.737,-50.592,brushing
0.658,0.971,-0.2,34.212,-125.737,-50.592,brushing
0.658,0.971,-0.2,13.422,-51.607,-35.367,brushing
1.157,0.882,-0.336,13.422,-51.607,-35.367,brushing
1.157,0.882,-0.336,-2.922,43.715,-6.755,brushing
1.181,1.292,-0.291,-2.922,43.715,-6.755,brushing
1.181,1.292,-0.291,-13.685,114.065,35.91,brushing
0.859,1.359,-0.155,-13.685,114.065,35.91,brushing
0.859,1.359,-0.155,-27.527,122.797,78.785,brushing
0.467,1.281,0.197,-27.527,122.797,78.785,brushing
0.467,1.281,0.197,-35.577,98.157,99.855,brushing
0.102,1.281,0.498,-35.577,98.157,99.855,brushing
-0.178,0.781,0.602,-35.577,98.157,99.855,brushing
-0.178,0.781,0.602,-33.11,33.985,96.932,brushing
-0.488,0.769,0.878,-33.11,33.985,96.932,brushing
-0.488,0.769,0.878,-16.415,46.165,81.462,brushing
-0.781,0.876,1.095,-16.415,46.165,81.462,brushing
-0.781,0.876,1.095,9.012,-15.767,43.452,brushing
-0.644,0.798,0.76,9.012,-15.767,43.452,brushing
-0.644,0.798,0.76,28.42,-149.66,-6.3,brushing
-0.321,0.831,0.668,28.42,-149.66,-6.3,brushing
-0.321,0.831,0.668,33.32,-221.672,-39.917,brushing
-0.351,0.686,0.626,33.32,-221.672,-39.917,brushing
-0.351,0.686,0.626,34.265,-241.167,-66.99,brushing
-0.131,0.654,0.415,34.265,-241.167,-66.99,brushing
-0.131,0.654,0.415,30.047,-177.957,-77,brushing
0.132,0.652,0.314,30.047,-177.957,-77,brushing
0.132,0.652,0.314,18.357,-96.652,-76.09,brushing
0.432,0.755,0.353,18.357,-96.652,-76.09,brushing
0.432,0.755,0.353,9.537,-6.685,-60.235,brushing
0.949,0.928,0.101,9.537,-6.685,-60.235,brushing
1.223,1.167,0.028,9.537,-6.685,-60.235,brushing
1.223,1.167,0.028,-0.525,88.655,-23.852,brushing
1,1.443,0.149,-0.525,88.655,-23.852,brushing
1,1.443,0.149,-13.912,132.422,23.012,brushing
0.679,1.155,0.23,-13.912,132.422,23.012,brushing
0.679,1.155,0.23,-30.992,145.897,70.63,brushing
0.286,1.143,0.428,-30.992,145.897,70.63,brushing
0.286,1.143,0.428,-48.755,136.482,93.205,brushing
-0.011,0.94,0.682,-48.755,136.482,93.205,brushing
-0.011,0.94,0.682,-60.69,64.907,85.242,brushing
-0.352,0.802,0.986,-60.69,64.907,85.242,brushing
-0.352,0.802,0.986,-48.772,8.522,60.357,brushing
-0.621,0.65,1.247,-48.772,8.522,60.357,brushing
-0.621,0.65,1.247,-19.862,-49.507,22.085,brushing
-0.689,0.706,1.162,-19.862,-49.507,22.085,brushing
-0.689,0.706,1.162,6.44,-94.815,-12.81,brushing
-0.368,0.91,0.932,6.44,-94.815,-12.81,brushing
-0.289,0.965,0.774,19.985,-119.56,-34.912,brushing
-0.108,0.935,0.487,19.985,-119.56,-34.912,brushing
-0.108,0.935,0.487,25.655,-145.145,-54.477,brushing
0.053,0.729,0.135,25.655,-145.145,-54.477,brushing
0.053,0.729,0.135,18.462,-145.022,-67.06,brushing
0.26,0.337,-0.005,18.462,-145.022,-67.06,brushing
0.26,0.337,-0.005,3.447,-75.32,-70.717,brushing
0.693,0.487,-0.003,3.447,-75.32,-70.717,brushing
0.693,0.487,-0.003,-1.417,47.967,-60.742,brushing
1.084,0.93,-0.07,-1.417,47.967,-60.742,brushing
1.084,0.93,-0.07,1.172,124.372,-31.307,brushing
0.866,1.152,-0.035,1.172,124.372,-31.307,brushing
0.866,1.152,-0.035,0.367,110.88,2.782,brushing
0.654,1.191,0.048,0.367,110.88,2.782,brushing
0.654,1.191,0.048,-4.952,78.382,35.175,brushing
0.349,1.086,0.294,-4.952,78.382,35.175,brushing
0.349,1.086,0.294,-6.65,63,53.882,brushing
0.158,0.769,0.302,-6.65,63,53.882,brushing
-0.211,0.571,0.779,-0.35,97.562,57.26,brushing
-0.591,0.731,1.153,-0.35,97.562,57.26,brushing
-0.591,0.731,1.153,25.585,100.555,37.152,brushing
-0.681,0.67,1.053,25.585,100.555,37.152,brushing
-0.681,0.67,1.053,58.31,22.12,-0.84,brushing
-0.328,0.587,0.702,58.31,22.12,-0.84,brushing
-0.328,0.587,0.702,77.437,-24.71,-31.622,brushing
-0.248,0.263,0.507,77.437,-24.71,-31.622,brushing
-0.248,0.263,0.507,86.747,30.292,-49.91,brushing
0.099,0.347,0.107,86.747,30.292,-49.91,brushing
0.099,0.347,0.107,93.642,162.68,-52.832,brushing
0.867,0.614,-0.353,93.642,162.68,-52.832,brushing
0.867,0.614,-0.353,84.49,299.39,-27.895,brushing
1.453,1.104,-0.755,84.49,299.39,-27.895,brushing
1.453,1.104,-0.755,44.852,332.622,5.845,brushing
1.01,1.472,-0.639,44.852,332.622,5.845,brushing
1.01,1.472,-0.639,4.567,237.247,19.425,brushing
0.475,1.31,-0.415,4.567,237.247,19.425,brushing
0.353,1.326,-0.345,4.567,237.247,19.425,brushing
0.353,1.326,-0.345,-24.202,153.615,22.242,brushing
-0.123,1.433,0.143,-24.202,153.615,22.242,brushing
-0.123,1.433,0.143,-37.625,138.057,33.127,brushing
-0.511,1.555,0.56,-37.625,138.057,33.127,brushing
-0.511,1.555,0.56,-26.092,60.147,30.117,brushing
-0.758,1.071,0.722,-26.092,60.147,30.117,brushing
-0.758,1.071,0.722,10.587,-34.877,13.545,brushing
-0.53,1.155,0.395,10.587,-34.877,13.545,brushing
-0.53,1.155,0.395,41.317,-83.842,-11.235,brushing
-0.326,1.076,0.327,41.317,-83.842,-11.235,brushing
-0.326,1.076,0.327,56.07,-133.77,-37.625,brushing
-0.471,0.632,0.277,56.07,-133.77,-37.625,brushing
-0.471,0.632,0.277,68.442,-113.522,-65.187,brushing
-0.095,0.752,-0.302,68.442,-113.522,-65.187,brushing
-0.095,0.752,-0.302,62.055,-16.187,-74.252,brushing
0.33,1.004,-0.194,62.055,-16.187,-74.252,brushing
0.33,1.004,-0.194,49.227,3.64,-79.502,brushing
0.977,1.076,-0.573,49.227,3.64,-79.502,brushing
1.48,1.403,-0.888,49.227,3.64,-79.502,brushing
1.48,1.403,-0.888,27.982,50.96,-48.335,brushing
1.219,1.57,-0.698,27.982,50.96,-48.335,brushing
1.219,1.57,-0.698,-8.102,71.505,3.395,brushing
0.896,1.12,-0.502,-8.102,71.505,3.395,brushing
0.896,1.12,-0.502,-43.627,53.007,44.065,brushing
0.38,1.112,-0.113,-43.627,53.007,44.065,brushing
0.38,1.112,-0.113,-66.937,58.17,64.802,brushing
0.02,1.019,0.131,-66.937,58.17,64.802,brushing
0.02,1.019,0.131,-67.567,21.367,59.185,brushing
-0.461,0.95,0.623,-67.567,21.367,59.185,brushing
-0.461,0.95,0.623,-41.002,4.252,42.525,brushing
-0.86,1.001,0.801,-41.002,4.252,42.525,brushing
-0.86,1.001,0.801,1.4,-31.15,18.06,brushing
-0.747,1.158,0.474,1.4,-31.15,18.06,brushing
-0.747,1.158,0.474,26.67,-97.265,-7.752,brushing
-0.333,1.117,0.137,26.67,-97.265,-7.752,brushing
-0.333,1.117,0.137,33.162,-136.85,-28.577,brushing
-0.412,0.627,0.177,33.162,-136.85,-28.577,brushing
-0.309,0.613,-0.15,33.162,-136.85,-28.577,brushing
-0.309,0.613,-0.15,42.035,-77.227,-46.637,brushing
0,1.103,0.056,42.035,-77.227,-46.637,brushing
0,1.103,0.056,42.297,4.2,-48.965,brushing
0.336,1.081,-0.12,42.297,4.2,-48.965,brushing
0.336,1.081,-0.12,42.612,-14.122,-48.405,brushing
1.098,1.067,-0.496,42.612,-14.122,-48.405,brushing
1.098,1.067,-0.496,43.68,32.515,-23.38,brushing
1.579,1.537,-0.844,43.68,32.515,-23.38,brushing
1.579,1.537,-0.844,28.98,84.682,28.805,brushing
1.221,1.514,-0.727,28.98,84.682,28.805,brushing
1.221,1.514,-0.727,-6.562,57.102,79.065,brushing
0.752,1.061,-0.416,-6.562,57.102,79.065,brushing
0.752,1.061,-0.416,-39.077,28.595,109.795,brushing
0.35,0.786,-0.172,-39.077,28.595,109.795,brushing
0.35,0.786,-0.172,-55.527,16.73,109.69,brushing
0.046,0.553,0.026,-55.527,16.73,109.69,brushing
-0.312,0.752,0.491,-53.742,14.875,84.157,brushing
-0.664,1.029,0.713,-53.742,14.875,84.157,brushing
-0.664,1.029,0.713,-29.522,-12.32,55.825,brushing
-0.669,1.174,0.72,-29.522,-12.32,55.825,brushing
-0.669,1.174,0.72,4.375,-75.302,25.48,brushing
-0.307,1.442,0.485,4.375,-75.302,25.48,brushing
-0.307,1.442,0.485,27.177,-168.07,-1.487,brushing
-0.174,1.293,0.34,27.177,-168.07,-1.487,brushing
-0.174,1.293,0.34,34.055,-261.1,-23.415,brushing
-0.232,0.854,0.123,34.055,-261.1,-23.415,brushing
-0.232,0.854,0.123,36.12,-247.17,-39.847,brushing
0.031,0.725,0.186,36.12,-247.17,-39.847,brushing
0.031,0.725,0.186,33.022,-157.36,-46.83,brushing
0.191,0.976,0.195,33.022,-157.36,-46.83,brushing
0.191,0.976,0.195,21.21,-153.632,-54.985,brushing
0.539,0.438,-0.076,21.21,-153.632,-54.985,brushing
0.539,0.438,-0.076,9.887,-77.472,-50.977,brushing
0.968,0.234,-0.108,9.887,-77.472,-50.977,brushing
1.172,0.84,-0.213,10.15,55.72,-33.635,brushing
0.986,1.089,-0.26,10.15,55.72,-33.635,brushing
0.986,1.089,-0.26,4.427,84.927,-6.912,brushing
0.651,1.111,-0.17,4.427,84.927,-6.912,brushing
0.651,1.111,-0.17,-10.972,74.252,24.045,brushing
0.316,0.889,-0.241,-10.972,74.252,24.045,brushing
0.316,0.889,-0.241,-29.382,65.782,37.397,brushing
-0.023,0.703,-0.009,-29.382,65.782,37.397,brushing
-0.023,0.703,-0.009,-39.882,91.577,29.085,brushing
-0.418,0.892,0.584,-39.882,91.577,29.085,brushing
-0.418,0.892,0.584,-27.352,83.545,4.305,brushing
-0.704,0.992,0.895,-27.352,83.545,4.305,brushing
-0.704,0.992,0.895,3.937,16.922,-23.887,brushing
-0.365,1.223,0.578,3.937,16.922,-23.887,brushing
-0.365,1.223,0.578,25.62,-33.145,-36.452,brushing
-0.257,1.407,0.549,25.62,-33.145,-36.452,brushing
-0.257,1.407,0.549,40.547,-64.575,-38.482,brushing
-0.062,1.379,0.377,40.547,-64.575,-38.482,brushing
0.135,1.125,0.349,40.547,-64.575,-38.482,brushing
0.135,1.125,0.349,47.792,-71.102,-35.98,brushing
0.363,0.932,0.287,47.792,-71.102,-35.98,brushing
0.363,0.932,0.287,45.955,-74.427,-41.807,brushing
0.675,0.658,0.204,45.955,-74.427,-41.807,brushing
0.675,0.658,0.204,39.06,-53.375,-43.82,brushing
1.03,0.642,-0.133,39.06,-53.375,-43.82,brushing
1.03,0.642,-0.133,29.96,8.365,-33.547,brushing
1.202,0.586,-0.321,29.96,8.365,-33.547,brushing
1.202,0.586,-0.321,11.69,84.455,-10.045,brushing
0.924,0.799,-0.209,11.69,84.455,-10.045,brushing
0.924,0.799,-0.209,-9.87,108.097,10.692,brushing
0.699,0.686,-0.006,-9.87,108.097,10.692,brushing
0.699,0.686,-0.006,-22.61,129.097,30.52,brushing
0.356,0.682,-0.178,-22.61,129.097,30.52,brushing
0.356,0.682,-0.178,-27.685,166.32,36.732,brushing
0.17,0.703,-0.428,-27.685,166.32,36.732,brushing
0.17,0.703,-0.428,-28.84,223.492,37.432,brushing
-0.204,1.452,-0.21,-28.84,223.492,37.432,brushing
-0.492,1.871,0.045,-28.84,223.492,37.432,brushing
-0.492,1.871,0.045,-25.55,150.92,24.482,brushing
-0.66,1.402,0.078,-25.55,150.92,24.482,brushing
-0.66,1.402,0.078,-11.725,10.657,12.635,brushing
-0.44,1.146,0.143,-11.725,10.657,12.635,brushing
-0.44,1.146,0.143,4.585,-48.51,-1.977,brushing
-0.398,0.769,0.472,4.585,-48.51,-1.977,brushing
-0.398,0.769,0.472,26.547,-66.167,-23.992,brushing
-0.269,0.91,0.096,26.547,-66.167,-23.992,brushing
-0.269,0.91,0.096,46.112,-39.41,-40.74,brushing
0.289,1.239,0.1,46.112,-39.41,-40.74,brushing
0.289,1.239,0.1,41.545,-37.8,-42.717,brushing
0.431,0.991,0.064,41.545,-37.8,-42.717,brushing
0.431,0.991,0.064,33.985,-51.712,-41.037,brushing
0.886,0.775,-0.254,33.985,-51.712,-41.037,brushing
0.886,0.775,-0.254,19.495,14.542,-17.885,brushing
1.287,0.935,-0.355,19.495,14.542,-17.885,brushing
1.287,0.935,-0.355,-2.38,35.157,11.865,brushing
1.178,0.862,-0.291,-2.38,35.157,11.865,brushing
0.815,0.579,-0.101,-2.38,35.157,11.865,brushing
0.815,0.579,-0.101,-21.997,24.745,32.672,brushing
0.507,0.638,-0.05,-21.997,24.745,32.672,brushing
0.507,0.638,-0.05,-30.31,43.26,43.137,brushing
0.205,0.639,-0.139,-30.31,43.26,43.137,brushing
0.205,0.639,-0.139,-23.677,74.62,37.887,brushing
-0.121,1.12,-0.169,-23.677,74.62,37.887,brushing
-0.121,1.12,-0.169,-14.157,112.14,25.252,brushing
-0.376,1.854,-0.216,-14.157,112.14,25.252,brushing
-0.376,1.854,-0.216,-11.042,78.102,28.542,brushing
-0.622,1.906,-0.039,-11.042,78.102,28.542,brushing
-0.622,1.906,-0.039,-6.44,-41.702,29.417,brushing
-0.441,1.446,-0.151,-6.44,-41.702,29.417,brushing
-0.441,1.446,-0.151,-1.12,-119.63,20.002,brushing
-0.128,0.875,0.135,-1.12,-119.63,20.002,brushing
-0.128,0.875,0.135,12.39,-109.76,2.975,brushing
-0.2,0.343,0.178,12.39,-109.76,2.975,brushing
-0.2,0.343,0.178,26.792,-40.88,-21.84,brushing
0.213,0.802,0.247,26.792,-40.88,-21.84,brushing
0.566,0.809,0.115,26.792,-40.88,-21.84,brushing
0.566,0.809,0.115,23.152,-51.642,-40.67,brushing
0.892,0.591,-0.184,23.152,-51.642,-40.67,brushing
0.892,0.591,-0.184,13.895,-29.942,-41.842,brushing
1.153,0.836,-0.097,13.895,-29.942,-41.842,brushing
1.153,0.836,-0.097,6.3,53.165,-18.777,brushing
1.016,1.151,0.143,6.3,53.165,-18.777,brushing
1.016,1.151,0.143,3.92,40.39,10.185,brushing
0.682,0.697,-0.009,3.92,40.39,10.185,brushing
0.682,0.697,-0.009,2.222,2.817,28.7,brushing
0.453,0.543,-0.089,2.222,2.817,28.7,brushing
0.453,0.543,-0.089,-0.49,29.435,32.042,brushing
0.106,0.549,-0.331,-0.49,29.435,32.042,brushing
0.106,0.549,-0.331,-2.187,62.825,16.922,brushing
-0.139,0.924,-0.583,-2.187,62.825,16.922,brushing
-0.139,0.924,-0.583,-15.225,86.975,1.872,brushing
-0.245,1.597,-0.825,-15.225,86.975,1.872,brushing
-0.464,1.757,-0.647,-42.805,36.732,-1.96,brushing
-0.432,1.389,-0.311,-42.805,36.732,-1.96,brushing
-0.432,1.389,-0.311,-59.78,-49.262,-8.26,brushing
-0.16,0.916,0.135,-59.78,-49.262,-8.26,brushing
-0.16,0.916,0.135,-55.107,-70.98,-16.835,brushing
-0.29,0.781,0.862,-55.107,-70.98,-16.835,brushing
-0.29,0.781,0.862,-21.087,-46.392,-27.737,brushing
-0.212,0.953,0.635,-21.087,-46.392,-27.737,brushing
-0.212,0.953,0.635,19.477,-57.54,-39.585,brushing
0.321,1.065,0.543,19.477,-57.54,-39.585,brushing
0.321,1.065,0.543,36.4,-84.7,-44.047,brushing
0.629,0.838,0.041,36.4,-84.7,-44.047,brushing
0.629,0.838,0.041,40.092,-77.28,-37.415,brushing
1.107,0.563,-0.175,40.092,-77.28,-37.415,brushing
1.107,0.563,-0.175,38.185,9.292,-7.735,brushing
1.251,1.09,-0.129,38.185,9.292,-7.735,brushing
1.251,1.09,-0.129,27.142,-19.88,26.232,brushing
0.855,0.66,-0.071,27.142,-19.88,26.232,brushing
0.693,0.204,-0.224,14.647,-44.625,41.195,brushing
0.488,0.465,-0.406,14.647,-44.625,41.195,brushing
0.488,0.465,-0.406,-0.437,20.632,45.22,brushing
0.243,0.598,-0.457,-0.437,20.632,45.22,brushing
0.243,0.598,-0.457,-13.982,63.175,33.897,brushing
0.132,1.108,-0.749,-13.982,63.175,33.897,brushing
0.132,1.108,-0.749,-28.14,127.417,26.897,brushing
-0.101,1.805,-0.563,-28.14,127.417,26.897,brushing
-0.101,1.805,-0.563,-45.185,127.68,30.572,brushing
-0.463,1.799,-0.203,-45.185,127.68,30.572,brushing
-0.463,1.799,-0.203,-51.52,25.445,23.87,brushing
-0.672,1.3,0.278,-51.52,25.445,23.87,brushing
-0.672,1.3,0.278,-35.122,-66.482,2.59,brushing
-0.493,0.888,0.323,-35.122,-66.482,2.59,brushing
-0.493,0.888,0.323,-7.14,-74.742,-20.405,brushing
-0.181,1.206,0.477,-7.14,-74.742,-20.405,brushing
-0.181,1.206,0.477,15.89,-116.742,-40.285,brushing
-0.103,1.176,0.291,15.89,-116.742,-40.285,brushing
0.176,1.015,0.332,15.89,-116.742,-40.285,brushing
0.176,1.015,0.332,27.982,-168.892,-57.837,brushing
0.15,1.265,0.074,27.982,-168.892,-57.837,brushing
0.15,1.265,0.074,29.732,-196.63,-66.937,brushing
0.44,0.747,-0.474,29.732,-196.63,-66.937,brushing
0.44,0.747,-0.474,6.877,-228.357,-71.137,brushing
0.496,0.748,-0.149,6.877,-228.357,-71.137,brushing
0.496,0.748,-0.149,-10.15,-119.157,-58.73,brushing
0.556,1.1,-0.003,-10.15,-119.157,-58.73,brushing
0.556,1.1,-0.003,-14.927,-87.377,-43.067,brushing
0.562,0.917,0.024,-14.927,-87.377,-43.067,brushing
0.562,0.917,0.024,-14.385,-106.277,-32.112,brushing
0.537,0.989,0.185,-14.385,-106.277,-32.112,brushing
0.537,0.989,0.185,-7.892,-127.96,-17.605,brushing
0.428,0.874,0.288,-7.892,-127.96,-17.605,brushing
0.428,0.874,0.288,5.827,-129.692,-0.945,brushing
0.485,0.781,0.262,5.827,-129.692,-0.945,brushing
0.485,0.781,0.262,19.267,-65.572,23.257,brushing
0.508,0.931,0.33,19.267,-65.572,23.257,brushing
0.44,1.205,0.476,19.267,-65.572,23.257,brushing
0.44,1.205,0.476,25.707,-19.652,42.07,brushing
0.379,1.156,0.58,25.707,-19.652,42.07,brushing
0.379,1.156,0.58,26.845,-56.525,48.895,brushing
0.317,0.946,0.624,26.845,-56.525,48.895,brushing
0.317,0.946,0.624,30.59,-83.65,53.025,brushing
0.342,0.696,0.448,30.59,-83.65,53.025,brushing
0.342,0.696,0.448,29.96,-71.33,52.832,brushing
0.328,0.625,0.358,29.96,-71.33,52.832,brushing
0.328,0.625,0.358,20.037,-31.605,48.965,brushing
0.342,0.639,0.271,20.037,-31.605,48.965,brushing
0.342,0.639,0.271,1.697,15.907,42.157,brushing
0.377,0.668,0.127,1.697,15.907,42.157,brushing
0.377,0.668,0.127,-23.975,75.81,37.59,brushing
0.375,0.72,0.013,-23.975,75.81,37.59,brushing
0.375,0.72,0.013,-55.65,130.322,35.735,brushing
0.299,0.733,0.047,-55.65,130.322,35.735,brushing
0.299,0.733,0.047,-86.782,145.145,25.637,brushing
0.205,0.639,0.173,-86.782,145.145,25.637,brushing
0.102,0.519,0.31,-86.782,145.145,25.637,brushing
0.102,0.519,0.31,-105.91,143.045,5.372,brushing
0.042,0.709,0.288,-105.91,143.045,5.372,brushing
0.042,0.709,0.288,-110.95,155.715,-16.38,brushing
0.123,1.02,0.238,-110.95,155.715,-16.38,brushing
0.123,1.02,0.238,-108.15,196.175,-22.015,brushing
0.149,1.225,0.164,-108.15,196.175,-22.015,brushing
0.149,1.225,0.164,-103.652,219.782,-19.302,brushing
0.187,1.201,0.061,-103.652,219.782,-19.302,brushing
0.187,1.201,0.061,-98.997,222.075,-15.697,brushing
0.145,0.988,0.118,-98.997,222.075,-15.697,brushing
0.145,0.988,0.118,-87.22,223.055,-18.602,brushing
0.115,1.113,0.092,-87.22,223.055,-18.602,brushing
0.115,1.113,0.092,-71.155,197.645,-23.87,brushing
0.133,1.29,0.014,-71.155,197.645,-23.87,brushing
0.133,1.29,0.014,-54.635,154.647,-18.532,brushing
0.137,1.321,-0.027,-54.635,154.647,-18.532,brushing
0.159,1.18,-0.042,-41.457,89.547,-12.565,brushing
0.138,0.968,-0.24,-41.457,89.547,-12.565,brushing
0.138,0.968,-0.24,-35.017,-5.827,-19.512,brushing
0.052,0.422,-0.377,-35.017,-5.827,-19.512,brushing
0.052,0.422,-0.377,-34.317,-30.415,-22.732,brushing
0.006,0.295,-0.411,-34.317,-30.415,-22.732,brushing
0.006,0.295,-0.411,-31.675,41.702,-28.805,brushing
0.004,0.693,-0.282,-31.675,41.702,-28.805,brushing
0.004,0.693,-0.282,-24.517,123.427,-24.902,brushing
0.062,0.967,-0.192,-24.517,123.427,-24.902,brushing
0.062,0.967,-0.192,-14.192,138.985,-20.387,brushing
0.137,1.1,-0.309,-14.192,138.985,-20.387,brushing
0.137,1.1,-0.309,-9.782,79.117,-23.135,brushing
0.132,1.063,-0.327,-9.782,79.117,-23.135,brushing
0.132,1.063,-0.327,-8.19,7.297,-27.09,brushing
0.039,0.877,-0.101,-8.19,7.297,-27.09,brushing
0.039,0.877,-0.101,4.812,-13.247,-28.437,brushing
-0.029,0.759,-0.077,4.812,-13.247,-28.437,brushing
-0.006,0.779,-0.145,18.392,-34.142,-39.742,brushing
0.033,1.02,-0.274,18.392,-34.142,-39.742,brushing
0.033,1.02,-0.274,22.697,-91.385,-58.292,brushing
0.061,1.442,-0.254,22.697,-91.385,-58.292,brushing
0.061,1.442,-0.254,21.21,-134.505,-60.725,brushing
0.106,1.493,-0.343,21.21,-134.505,-60.725,brushing
0.106,1.493,-0.343,22.855,-140.175,-41.212,brushing
0.285,1.722,-0.446,22.855,-140.175,-41.212,brushing
0.285,1.722,-0.446,25.112,-90.912,-4.34,brushing
0.434,1.617,-0.358,25.112,-90.912,-4.34,brushing
0.434,1.617,-0.358,30.047,-75.827,27.842,brushing
0.44,1.475,-0.297,30.047,-75.827,27.842,brushing
0.44,1.475,-0.297,43.365,-48.51,63.542,brushing
0.361,1.387,-0.185,43.365,-48.51,63.542,brushing
0.361,1.387,-0.185,63.157,-11.637,100.52,brushing
0.128,1.15,0.082,63.157,-11.637,100.52,brushing
0.128,1.15,0.082,84.717,-24.85,106.382,brushing
-0.104,0.416,0.104,84.717,-24.85,106.382,brushing
-0.254,-0.6,0.099,84.717,-24.85,106.382,brushing
-0.254,-0.6,0.099,93.572,-28.612,57.767,brushing
-0.193,0.343,0.074,93.572,-28.612,57.767,brushing
-0.193,0.343,0.074,88.06,47.39,14.297,brushing
-0.125,1.177,0.119,88.06,47.39,14.297,brushing
-0.125,1.177,0.119,81.69,35.945,-12.25,brushing
-0.038,1.143,0.121,81.69,35.945,-12.25,brushing
-0.038,1.143,0.121,70.665,-2.555,-26.897,brushing
-0.026,0.964,0.176,70.665,-2.555,-26.897,brushing
-0.026,0.964,0.176,55.177,-35.28,-37.467,brushing
-0.048,0.571,0.236,55.177,-35.28,-37.467,brushing
-0.048,0.571,0.236,40.32,-78.032,-62.475,brushing
0.016,0.374,0.153,40.32,-78.032,-62.475,brushing
0.016,0.374,0.153,22.89,-76.772,-88.585,brushing
0.025,0.81,-0.008,22.89,-76.772,-88.585,brushing
0.025,0.81,-0.008,6.825,-39.602,-95.147,brushing
0.152,1.36,-0.154,6.825,-39.602,-95.147,brushing
0.152,1.36,-0.154,-6.965,27.667,-73.08,brushing
0.292,1.913,-0.259,-6.965,27.667,-73.08,brushing
0.355,2.172,-0.318,-6.965,27.667,-73.08,brushing
0.355,2.172,-0.318,-17.377,48.09,-30.257,brushing
0.341,1.827,-0.226,-17.377,48.09,-30.257,brushing
0.341,1.827,-0.226,-26.232,19.32,19.495,brushing
0.258,1.248,-0.072,-26.232,19.32,19.495,brushing
0.258,1.248,-0.072,-28.91,-5.407,48.737,brushing
0.105,0.904,0.03,-28.91,-5.407,48.737,brushing
0.105,0.904,0.03,-25.322,-24.902,55.807,brushing
0.021,0.699,0.059,-25.322,-24.902,55.807,brushing
0.021,0.699,0.059,-17.5,-29.015,46.672,brushing
-0.032,0.556,-0.007,-17.5,-29.015,46.672,brushing
-0.032,0.556,-0.007,-8.855,-13.265,28.875,brushing
-0.104,0.436,-0.034,-8.855,-13.265,28.875,brushing
-0.104,0.436,-0.034,-1.225,17.85,5.11,brushing
-0.161,0.522,-0.072,-1.225,17.85,5.11,brushing
-0.161,0.522,-0.072,3.08,54.827,-14.052,brushing
-0.108,0.843,-0.233,3.08,54.827,-14.052,brushing
-0.108,0.843,-0.233,1.382,78.54,-17.815,brushing
-0.011,1.302,-0.337,1.382,78.54,-17.815,brushing
0.058,1.485,-0.362,1.382,78.54,-17.815,brushing
0.058,1.485,-0.362,-6.142,60.252,-12.915,brushing
0.081,1.234,-0.238,-6.142,60.252,-12.915,brushing
0.081,1.234,-0.238,-13.002,21.665,-4.305,brushing
0.071,0.976,-0.062,-13.002,21.665,-4.305,brushing
0.071,0.976,-0.062,-8.26,18.637,2.065,brushing
0.092,0.92,-0.011,-8.26,18.637,2.065,brushing
0.092,0.92,-0.011,5.985,47.005,6.195,brushing
0.125,0.884,-0.051,5.985,47.005,6.195,brushing
0.125,0.884,-0.051,18.865,71.68,11.637,brushing
0.171,0.94,-0.092,18.865,71.68,11.637,brushing
0.171,0.94,-0.092,23.835,63.105,13.597,brushing
0.21,1.048,0.006,23.835,63.105,13.597,brushing
0.21,1.048,0.006,30.047,48.982,18.112,brushing
0.209,0.956,0.019,30.047,48.982,18.112,brushing
0.209,0.956,0.019,38.062,60.165,24.08,brushing
0.236,0.75,-0.227,38.062,60.165,24.08,brushing
0.236,0.75,-0.227,31.85,69.562,20.282,brushing
0.213,0.689,-0.329,31.85,69.562,20.282,brushing
0.177,0.972,-0.156,31.85,69.562,20.282,brushing
0.177,0.972,-0.156,19.652,40.932,4.707,brushing
0.165,0.88,-0.09,19.652,40.932,4.707,brushing
0.165,0.88,-0.09,17.395,25.847,-0.017,brushing
0.163,0.753,-0.169,17.395,25.847,-0.017,brushing
0.163,0.753,-0.169,24.762,85.942,7.875,brushing
0.202,0.774,-0.45,24.762,85.942,7.875,brushing
0.202,0.774,-0.45,20.51,118.632,11.62,brushing
0.207,1.024,-0.605,20.51,118.632,11.62,brushing
0.207,1.024,-0.605,1.277,60.847,5.635,brushing
0.222,0.94,-0.502,1.277,60.847,5.635,brushing
0.222,0.94,-0.502,-12.547,-2.572,1.96,brushing
0.159,0.766,-0.386,-12.547,-2.572,1.96,brushing
0.159,0.766,-0.386,-12.215,-12.162,3.657,brushing
0.15,0.722,-0.3,-12.215,-12.162,3.657,brushing
0.15,0.722,-0.3,-2.87,12.145,6.09,brushing
0.151,0.735,-0.41,-2.87,12.145,6.09,brushing
0.172,0.688,-0.594,2.327,26.512,5.81,brushing
0.108,0.732,-0.665,2.327,26.512,5.81,brushing
0.108,0.732,-0.665,-5.11,9.975,1.137,brushing
0.072,0.758,-0.437,-5.11,9.975,1.137,brushing
0.072,0.758,-0.437,-9.677,-14.315,-5.302,brushing
0.036,0.815,-0.432,-9.677,-14.315,-5.302,brushing
0.036,0.815,-0.432,-4.882,-15.242,-6.195,brushing
0.043,0.759,-0.526,-4.882,-15.242,-6.195,brushing
0.043,0.759,-0.526,-1.365,-21.997,-9.257,brushing
0.056,0.821,-0.453,-1.365,-21.997,-9.257,brushing
0.056,0.821,-0.453,-0.122,-57.225,-19.53,brushing
0.127,0.823,-0.356,-0.122,-57.225,-19.53,brushing
0.127,0.823,-0.356,4.095,-100.782,-29.96,brushing
0.159,0.705,-0.384,4.095,-100.782,-29.96,brushing
0.159,0.705,-0.384,8.19,-122.43,-42.63,brushing
0.199,0.66,-0.502,8.19,-122.43,-42.63,brushing
0.199,0.66,-0.502,6.002,-106.347,-48.79,brushing
0.208,0.924,-0.625,6.002,-106.347,-48.79,brushing
0.094,1.096,-0.409,6.002,-106.347,-48.79,brushing
0.094,1.096,-0.409,-2.572,-97.107,-46.375,brushing
0.027,1.021,-0.233,-2.572,-97.107,-46.375,brushing
0.027,1.021,-0.233,-7.7,-120.277,-42.7,brushing
-0.045,0.795,0.019,-7.7,-120.277,-42.7,brushing
-0.045,0.795,0.019,-2.45,-107.065,-37.345,brushing
0.012,0.887,-0.063,-2.45,-107.065,-37.345,brushing
0.012,0.887,-0.063,8.75,-70.175,-33.582,brushing
0.096,1.104,-0.071,8.75,-70.175,-33.582,brushing
0.096,1.104,-0.071,14.035,-38.622,-25.655,brushing
-0.092,1.23,0.022,14.035,-38.622,-25.655,brushing
-0.092,1.23,0.022,16.205,-75.757,-29.365,brushing
-0.266,0.537,0.173,16.205,-75.757,-29.365,brushing
-0.266,0.537,0.173,26.652,-70.21,-44.152,brushing
-0.13,1.078,0.071,26.652,-70.21,-44.152,brushing
-0.13,1.078,0.071,35.122,-15.347,-38.955,brushing
0.097,1.628,-0.299,35.122,-15.347,-38.955,brushing
0.097,1.628,-0.299,24.36,-1.155,-14.402,brushing
0.303,1.932,-0.599,24.36,-1.155,-14.402,brushing
0.486,2.025,-0.542,24.36,-1.155,-14.402,brushing
0.486,2.025,-0.542,4.147,-13.632,22.137,brushing
0.493,1.599,-0.439,4.147,-13.632,22.137,brushing
0.493,1.599,-0.439,-12.005,-49.42,56.98,brushing
0.436,1.182,-0.328,-12.005,-49.42,56.98,brushing
0.436,1.182,-0.328,-19.95,-35.402,89.967,brushing
0.205,0.86,-0.162,-19.95,-35.402,89.967,brushing
0.205,0.86,-0.162,-26.355,-12.302,103.932,brushing
-0.058,0.571,0.033,-26.355,-12.302,103.932,brushing
-0.058,0.571,0.033,-30.135,1.277,91.63,brushing
-0.47,-0.067,0.352,-30.135,1.277,91.63,brushing
-0.47,-0.067,0.352,-22.225,-13.597,38.01,brushing
-0.593,-0.472,0.387,-22.225,-13.597,38.01,brushing
-0.593,-0.472,0.387,-7.087,26.39,-19.53,brushing
-0.398,0.562,0.259,-7.087,26.39,-19.53,brushing
-0.398,0.562,0.259,-0.612,33.687,-50.907,brushing
-0.283,1.098,0.288,-0.612,33.687,-50.907,brushing
-0.283,1.098,0.288,0.84,-54.95,-77.472,brushing
-0.272,0.772,0.293,0.84,-54.95,-77.472,brushing
-0.215,0.626,0.258,0.84,-54.95,-77.472,brushing
-0.215,0.626,0.258,1.487,-106.417,-98.49,brushing
-0.072,1.045,0.098,1.487,-106.417,-98.49,brushing
-0.072,1.045,0.098,1.575,-105.805,-109.532,brushing
0.197,1.502,0.009,1.575,-105.805,-109.532,brushing
0.197,1.502,0.009,0.525,-75.145,-101.85,brushing
0.562,2.298,-0.165,0.525,-75.145,-101.85,brushing
0.562,2.298,-0.165,2.45,-55.02,-61.967,brushing
0.728,2.793,-0.317,2.45,-55.02,-61.967,brushing
0.728,2.793,-0.317,2.205,-52.395,19.827,brushing
0.563,2.094,-0.352,2.205,-52.395,19.827,brushing
0.563,2.094,-0.352,-0.665,-14.42,101.657,brushing
0.35,1.744,-0.147,-0.665,-14.42,101.657,brushing
0.35,1.744,-0.147,-4.287,17.85,158.13,brushing
0.044,1.15,-0.068,-4.287,17.85,158.13,brushing
0.044,1.15,-0.068,-11.165,-36.767,157.552,brushing
-0.376,-0.042,0.213,-11.165,-36.767,157.552,brushing
-0.376,-0.042,0.213,-6.72,-12.215,120.907,brushing
-0.61,-0.112,0.176,-6.72,-12.215,120.907,brushing
-0.845,-1.093,0.238,-6.72,-12.215,120.907,brushing
-0.845,-1.093,0.238,-6.545,-68.092,29.015,brushing
-0.445,0.139,0.227,-6.545,-68.092,29.015,brushing
-0.445,0.139,0.227,5.635,42.455,-35.227,brushing
-0.212,1.137,0.303,5.635,42.455,-35.227,brushing
-0.212,1.137,0.303,8.592,47.722,-70.525,brushing
-0.281,0.886,0.444,8.592,47.722,-70.525,brushing
-0.281,0.886,0.444,3.272,-65.135,-102.41,brushing
-0.125,0.805,0.276,3.272,-65.135,-102.41,brushing
-0.125,0.805,0.276,-4.777,-104.457,-119.665,brushing
0.033,1.036,0.316,-4.777,-104.457,-119.665,brushing
0.033,1.036,0.316,-5.057,-39.585,-110.022,brushing
0.262,1.525,0.278,-5.057,-39.585,-110.022,brushing
0.262,1.525,0.278,1.61,-9.205,-88.322,brushing
0.662,2.256,0.029,1.61,-9.205,-88.322,brushing
0.662,2.256,0.029,6.51,15.645,-27.16,brushing
0.795,2.436,-0.085,6.51,15.645,-27.16,brushing
0.795,2.436,-0.085,6.632,42.542,52.342,brushing
0.473,1.582,-0.048,6.632,42.542,52.342,brushing
0.237,0.737,-0.016,6.632,42.542,52.342,brushing
0.237,0.737,-0.016,10.745,104.37,103.775,brushing
0.183,0.851,-0.04,10.745,104.37,103.775,brushing
0.183,0.851,-0.04,20.475,248.29,137.375,brushing
0.163,1.234,-0.051,20.475,248.29,137.375,brushing
0.163,1.234,-0.051,15.155,285.337,154.105,brushing
-0.109,0.674,0.16,15.155,285.337,154.105,brushing
-0.109,0.674,0.16,10.675,186.41,130.62,brushing
-0.609,-0.069,0.127,10.675,186.41,130.62,brushing
-0.609,-0.069,0.127,17.15,40.88,59.045,brushing
-0.563,-0.382,-0.519,17.15,40.88,59.045,brushing
-0.563,-0.382,-0.519,13.457,-37.957,-25.165,brushing
-0.03,0.522,-0.799,13.457,-37.957,-25.165,brushing
-0.03,0.522,-0.799,-4.882,-38.815,-66.377,brushing
0.048,1.124,-0.453,-4.882,-38.815,-66.377,brushing
0.048,1.124,-0.453,-17.412,-96.127,-86.712,brushing
-0.044,1.259,-0.534,-17.412,-96.127,-86.712,brushing
0.016,1.327,-0.589,-27.072,-114.31,-82.46,brushing
0.225,1.525,-0.432,-27.072,-114.31,-82.46,brushing
0.225,1.525,-0.432,-37.222,-128.887,-66.937,brushing
0.417,1.418,-0.221,-37.222,-128.887,-66.937,brushing
0.417,1.418,-0.221,-42.052,-172.13,-48.93,brushing
0.42,1.24,0.017,-42.052,-172.13,-48.93,brushing
0.42,1.24,0.017,-36.557,-148.732,-17.08,brushing
0.177,0.931,0.151,-36.557,-148.732,-17.08,brushing
0.177,0.931,0.151,-21.507,-69.545,14.315,brushing
0.172,0.769,0.063,-21.507,-69.545,14.315,brushing
0.172,0.769,0.063,-15.802,-32.76,24.482,brushing
-0.049,0.573,0.208,-15.802,-32.76,24.482,brushing
-0.049,0.573,0.208,-6.545,-31.482,14.367,brushing
-0.227,0.557,0.379,-6.545,-31.482,14.367,brushing
-0.227,0.557,0.379,7.752,-14.052,0.612,brushing
-0.044,0.736,0.242,7.752,-14.052,0.612,brushing
-0.044,0.736,0.242,2.625,22.732,-10.5,brushing
-0.001,0.938,0.059,2.625,22.732,-10.5,brushing
0.056,1.225,0.075,2.625,22.732,-10.5,brushing
0.056,1.225,0.075,-8.382,29.645,-10.57,brushing
0.19,1.306,0.203,-8.382,29.645,-10.57,brushing
0.19,1.306,0.203,-20.947,-26.197,-4.567,brushing
0.364,1.334,0.253,-20.947,-26.197,-4.567,brushing
0.364,1.334,0.253,-31.325,-43.732,6.107,brushing
0.309,1.271,0.192,-31.325,-43.732,6.107,brushing
0.309,1.271,0.192,-34.562,16.205,25.497,brushing
0.228,1.284,0.141,-34.562,16.205,25.497,brushing
0.228,1.284,0.141,-38.57,63.49,46.83,brushing
0.088,1.228,0.193,-38.57,63.49,46.83,brushing
0.088,1.228,0.193,-38.22,37.065,58.082,brushing
0.037,0.982,0.3,-38.22,37.065,58.082,brushing
0.037,0.982,0.3,-33.32,-22.47,54.337,brushing
-0.018,0.689,0.316,-33.32,-22.47,54.337,brushing
-0.018,0.689,0.316,-22.82,-32.567,40.6,brushing
-0.103,0.506,0.332,-22.82,-32.567,40.6,brushing
-0.103,0.506,0.332,-12.862,-18.025,15.767,brushing
-0.191,0.391,0.386,-12.862,-18.025,15.767,brushing
-0.351,0.447,0.491,-12.862,-18.025,15.767,brushing
-0.351,0.447,0.491,2.572,6.912,-9.817,brushing
-0.373,0.485,0.524,2.572,6.912,-9.817,brushing
-0.373,0.485,0.524,34.685,67.55,-25.147,brushing
-0.177,0.742,0.319,34.685,67.55,-25.147,brushing
-0.177,0.742,0.319,64.96,86.362,-49.84,brushing
-0.01,0.971,-0.069,64.96,86.362,-49.84,brushing
-0.01,0.971,-0.069,67.34,2.8,-80.237,brushing
0.198,0.935,-0.583,67.34,2.8,-80.237,brushing
0.198,0.935,-0.583,39.025,-100.835,-104.562,brushing
0.303,1.133,-0.436,39.025,-100.835,-104.562,brushing
0.303,1.133,-0.436,16.765,-88.025,-99.767,brushing
0.42,1.599,-0.318,16.765,-88.025,-99.767,brushing
0.42,1.599,-0.318,10.78,-30.065,-66.377,brushing
0.644,2.158,-0.415,10.78,-30.065,-66.377,brushing
0.644,2.158,-0.415,-3.885,-15.977,-1.575,brushing
0.628,2.259,-0.393,-3.885,-15.977,-1.575,brushing
0.628,2.259,-0.393,-22.627,-52.36,60.655,brushing
0.432,1.432,-0.334,-22.627,-52.36,60.655,brushing
0.15,0.874,0.109,-22.627,-52.36,60.655,brushing
0.15,0.874,0.109,-29.487,-50.732,94.955,brushing
-0.037,0.524,0.483,-29.487,-50.732,94.955,brushing
-0.037,0.524,0.483,-14.63,-12.215,106.19,brushing
-0.2,-0.003,0.588,-14.63,-12.215,106.19,brushing
-0.2,-0.003,0.588,5.425,-6.107,78.662,brushing
-0.438,-0.349,0.686,5.425,-6.107,78.662,brushing
-0.438,-0.349,0.686,28.857,-17.395,19.442,brushing
-0.357,-0.222,0.51,28.857,-17.395,19.442,brushing
-0.357,-0.222,0.51,49.192,38.797,-34.615,brushing
-0.238,0.434,0.181,49.192,38.797,-34.615,brushing
-0.238,0.434,0.181,58.765,157.64,-47.215,brushing
-0.09,0.947,-0.374,58.765,157.64,-47.215,brushing
-0.09,0.947,-0.374,35.21,107.187,-63.42,brushing
-0.092,1.153,-0.436,35.21,107.187,-63.42,brushing
-0.092,1.153,-0.436,1.277,-16.695,-92.26,brushing
-0.156,1.128,-0.361,1.277,-16.695,-92.26,brushing
-0.183,1.431,-0.399,-22.732,-82.39,-111.79,brushing
0.031,2.046,-0.259,-22.732,-82.39,-111.79,brushing
0.031,2.046,-0.259,-32.812,-63.297,-90.247,brushing
0.346,2.596,-0.495,-32.812,-63.297,-90.247,brushing
0.346,2.596,-0.495,-29.19,-20.335,-29.295,brushing
0.529,2.408,-0.735,-29.19,-20.335,-29.295,brushing
0.529,2.408,-0.735,-37.992,-66.815,35.122,brushing
0.562,1.627,-0.509,-37.992,-66.815,35.122,brushing
0.562,1.627,-0.509,-46.882,-69.037,94.08,brushing
0.279,1.148,0.256,-46.882,-69.037,94.08,brushing
0.279,1.148,0.256,-25.34,19.512,142.695,brushing
0.009,1.053,0.262,-25.34,19.512,142.695,brushing
0.009,1.053,0.262,-4.725,27.317,155.557,brushing
-0.162,0.216,0.188,-4.725,27.317,155.557,brushing
-0.162,0.216,0.188,1.627,-53.235,103.88,brushing
-0.653,-1.187,0.311,1.627,-53.235,103.88,brushing
-0.653,-1.187,0.311,15.995,-29.277,10.325,brushing
-0.482,-0.61,0.255,15.995,-29.277,10.325,brushing
-0.212,1.153,0.402,22.907,101.78,-34.685,brushing
-0.215,1.083,0.445,22.907,101.78,-34.685,brushing
-0.215,1.083,0.445,15.015,-7.822,-64.225,brushing
-0.216,0.615,0.439,15.015,-7.822,-64.225,brushing
-0.216,0.615,0.439,7.49,-119.367,-85.365,brushing
-0.01,0.526,0.333,7.49,-119.367,-85.365,brushing
-0.01,0.526,0.333,2.537,-112.227,-100.432,brushing
0.217,1.159,0.239,2.537,-112.227,-100.432,brushing
0.217,1.159,0.239,0.525,-38.955,-98.297,brushing
0.48,1.983,0.133,0.525,-38.955,-98.297,brushing
0.48,1.983,0.133,-2.467,-14.507,-62.807,brushing
0.613,2.596,0.095,-2.467,-14.507,-62.807,brushing
0.613,2.596,0.095,-4.55,-16.187,12.355,brushing
0.48,2.177,0.122,-4.55,-16.187,12.355,brushing
0.48,2.177,0.122,1.137,-8.155,81.882,brushing
0.339,1.581,0.157,1.137,-8.155,81.882,brushing
0.339,1.581,0.157,10.202,7.455,128.642,brushing
-0.02,1.423,0.394,10.202,7.455,128.642,brushing
-0.152,0.297,0.147,10.202,7.455,128.642,brushing
-0.152,0.297,0.147,19.127,-75.565,120.487,brushing
-0.404,0.385,0.196,19.127,-75.565,120.487,brushing
-0.404,0.385,0.196,22.19,-42.647,100.835,brushing
-0.524,-0.372,0.044,22.19,-42.647,100.835,brushing
-0.524,-0.372,0.044,18.095,-71.4,38.237,brushing
-0.39,-0.022,0.136,18.095,-71.4,38.237,brushing
-0.39,-0.022,0.136,9.38,-11.97,-10.045,brushing
-0.252,0.693,0.594,9.38,-11.97,-10.045,brushing
-0.252,0.693,0.594,6.265,-9.555,-41.142,brushing
-0.221,0.498,0.635,6.265,-9.555,-41.142,brushing
-0.221,0.498,0.635,1.75,-95.217,-80.395,brushing
0.045,0.533,0.449,1.75,-95.217,-80.395,brushing
0.045,0.533,0.449,-11.217,-140.927,-103.967,brushing
0.383,0.694,0.263,-11.217,-140.927,-103.967,brushing
0.383,0.694,0.263,-22.365,-85.505,-107.922,brushing
0.627,1.288,0.315,-22.365,-85.505,-107.922,brushing
0.627,1.288,0.315,-24.657,-20.86,-82.18,brushing
0.716,2.251,0.368,-24.657,-20.86,-82.18,brushing
0.645,2.999,0.235,-24.657,-20.86,-82.18,brushing
0.645,2.999,0.235,-19.95,-25.672,-12.145,brushing
0.411,2.175,0.207,-19.95,-25.672,-12.145,brushing
0.411,2.175,0.207,-4.76,-39.2,84.63,brushing
0.14,1.352,0.252,-4.76,-39.2,84.63,brushing
0.14,1.352,0.252,12.512,5.092,143.535,brushing
-0.189,0.55,0.328,12.512,5.092,143.535,brushing
-0.189,0.55,0.328,26.075,11.567,145.792,brushing
-0.447,-0.165,0.331,26.075,11.567,145.792,brushing
-0.447,-0.165,0.331,38.272,8.33,99.907,brushing
-0.467,0.187,0.288,38.272,8.33,99.907,brushing
-0.467,0.187,0.288,47.18,-5.197,45.167,brushing
-0.374,0.43,0.2,47.18,-5.197,45.167,brushing
-0.374,0.43,0.2,47.145,-49.035,-1.4,brushing
-0.168,0.665,0.087,47.145,-49.035,-1.4,brushing
-0.168,0.665,0.087,39.987,-31.045,-20.615,brushing
-0.068,0.932,0.252,39.987,-31.045,-20.615,brushing
-0.068,0.932,0.252,29.47,-50.662,-37.03,brushing
-0.053,0.691,0.332,29.47,-50.662,-37.03,brushing
0.035,0.376,0.324,29.47,-50.662,-37.03,brushing
0.035,0.376,0.324,20.982,-66.85,-58.275,brushing
0.278,0.477,0.236,20.982,-66.85,-58.275,brushing
0.278,0.477,0.236,7.14,-50.225,-74.515,brushing
0.533,0.969,0.153,7.14,-50.225,-74.515,brushing
0.533,0.969,0.153,-13.895,-18.69,-79.1,brushing
0.757,1.988,0.241,-13.895,-18.69,-79.1,brushing
0.757,1.988,0.241,-30.485,22.75,-50.137,brushing
0.816,2.63,0.334,-30.485,22.75,-50.137,brushing
0.816,2.63,0.334,-33.25,39.112,24.587,brushing
0.583,2.169,0.454,-33.25,39.112,24.587,brushing
0.583,2.169,0.454,-24.57,31.412,99.347,brushing
0.35,1.178,0.573,-24.57,31.412,99.347,brushing
0.35,1.178,0.573,-5.897,43.522,139.895,brushing
0.021,1.073,0.751,-5.897,43.522,139.895,brushing
0.021,1.073,0.751,9.485,-24.255,137.865,brushing
-0.109,0.499,0.467,9.485,-24.255,137.865,brushing
-0.109,0.499,0.467,12.722,-77.507,89.967,brushing
-0.49,-1.301,0.017,12.722,-77.507,89.967,brushing
-0.476,-1.314,-0.254,12.722,-77.507,89.967,brushing
-0.476,-1.314,-0.254,4.182,-31.132,-9.432,brushing
-0.26,1.008,0.36,4.182,-31.132,-9.432,brushing
-0.26,1.008,0.36,-5.372,91.875,-47.162,brushing
-0.187,0.975,0.44,-5.372,91.875,-47.162,brushing
-0.187,0.975,0.44,-18.235,7.472,-78.47,brushing
-0.16,0.544,0.381,-18.235,7.472,-78.47,brushing
-0.16,0.544,0.381,-30.642,-51.45,-99.33,brushing
0.063,0.645,0.315,-30.642,-51.45,-99.33,brushing
0.063,0.645,0.315,-42.175,-63.192,-115.972,brushing
0.308,0.999,0.272,-42.175,-63.192,-115.972,brushing
0.308,0.999,0.272,-49.91,20.317,-110.18,brushing
0.505,1.926,0.318,-49.91,20.317,-110.18,brushing
0.505,1.926,0.318,-49.945,75.425,-65.485,brushing
0.714,2.847,0.35,-49.945,75.425,-65.485,brushing
0.714,2.847,0.35,-43.435,58.73,12.932,brushing
0.446,1.787,0.378,-43.435,58.73,12.932,brushing
0.333,1.238,0.386,-33.04,44.957,64.015,brushing
0.035,0.92,0.711,-33.04,44.957,64.015,brushing
0.035,0.92,0.711,-17.29,95.392,97.475,brushing
-0.295,0.001,0.906,-17.29,95.392,97.475,brushing
-0.295,0.001,0.906,2.275,85.505,78.015,brushing
-0.548,-1.395,0.322,2.275,85.505,78.015,brushing
-0.548,-1.395,0.322,14.192,70.91,10.535,brushing
-0.336,-0.894,-0.285,14.192,70.91,10.535,brushing
-0.336,-0.894,-0.285,-3.167,138.6,-59.605,brushing
-0.125,1.498,0.49,-3.167,138.6,-59.605,brushing
-0.125,1.498,0.49,-14.49,76.93,-92.347,brushing
-0.1,1.216,0.383,-14.49,76.93,-92.347,brushing
-0.1,1.216,0.383,-35.315,-131.915,-122.132,brushing
0.084,0.382,0.181,-35.315,-131.915,-122.132,brushing
0.084,0.382,0.181,-39.077,-75.53,-135.887,brushing
0.348,1.479,0.083,-39.077,-75.53,-135.887,brushing
0.348,1.479,0.083,-29.295,-0.7,-109.077,brushing
0.696,2.943,0.08,-29.295,-0.7,-109.077,brushing
0.757,3.544,0.061,-25.322,-35.84,-28.84,brushing
0.457,2.497,0.019,-25.322,-35.84,-28.84,brushing
0.457,2.497,0.019,-17.447,-80.08,77.507,brushing
0.065,1.05,0.049,-17.447,-80.08,77.507,brushing
0.065,1.05,0.049,-5.337,-47.075,142.345,brushing
-0.225,0.49,0.172,-5.337,-47.075,142.345,brushing
-0.225,0.49,0.172,3.29,35.612,149.66,brushing
-0.37,0.651,0.245,3.29,35.612,149.66,brushing
-0.37,0.651,0.245,3.36,19.845,120.54,brushing
-0.649,-0.268,0.151,3.36,19.845,120.54,brushing
-0.649,-0.268,0.151,-3.552,-32.322,62.562,brushing
-0.691,-0.697,0.155,-3.552,-32.322,62.562,brushing
-0.691,-0.697,0.155,-6.405,-2.887,-10.972,brushing
-0.493,0.001,0.404,-6.405,-2.887,-10.972,brushing
-0.493,0.001,0.404,-5.827,36.347,-64.085,brushing
-0.31,0.675,0.683,-5.827,36.347,-64.085,brushing
-0.31,0.675,0.683,-9.992,-87.99,-120.715,brushing
-0.038,0.65,0.354,-9.992,-87.99,-120.715,brushing
0.221,1.051,0.079,-9.992,-87.99,-120.715,brushing
0.221,1.051,0.079,-24.78,-120.19,-146.702,brushing
0.469,2.486,0.334,-24.78,-120.19,-146.702,brushing
0.469,2.486,0.334,-27.93,-16.345,-113.365,brushing
0.601,3.608,0.35,-27.93,-16.345,-113.365,brushing
0.601,3.608,0.35,-22.102,0.262,-17.412,brushing
0.393,2.34,0.366,-22.102,0.262,-17.412,brushing
0.393,2.34,0.366,-10.132,-59.15,79.852,brushing
0.063,0.758,0.299,-10.132,-59.15,79.852,brushing
0.063,0.758,0.299,8.925,-33.232,123.235,brushing
-0.13,0.233,0.359,8.925,-33.232,123.235,brushing
-0.13,0.233,0.359,26.267,26.81,116.322,brushing
-0.279,0.088,0.27,26.267,26.81,116.322,brushing
-0.279,0.088,0.27,29.067,7.945,74.865,brushing
-0.428,-0.634,0.078,29.067,7.945,74.865,brushing
-0.428,-0.634,0.078,17.115,-28.385,2.73,brushing
-0.26,-0.733,-0.188,17.115,-28.385,2.73,brushing
-0.26,-0.733,-0.188,0.35,64.68,-44.992,brushing
-0.252,0.429,0.443,0.35,64.68,-44.992,brushing
-0.153,0.612,0.609,0.35,64.68,-44.992,brushing
-0.153,0.612,0.609,-13.055,-7.105,-91.63,brushing
0.122,0.635,0.26,-13.055,-7.105,-91.63,brushing
0.122,0.635,0.26,-28.84,-115.85,-126.77,brushing
0.373,1.461,0.241,-28.84,-115.85,-126.77,brushing
0.373,1.461,0.241,-31.255,-23.415,-115.85,brushing
0.537,3.08,0.266,-31.255,-23.415,-115.85,brushing
0.537,3.08,0.266,-24.43,66.71,-38.972,brushing
0.503,3.265,0.402,-24.43,66.71,-38.972,brushing
0.503,3.265,0.402,-17.867,42.63,70.07,brushing
0.235,1.672,0.417,-17.867,42.63,70.07,brushing
0.235,1.672,0.417,-0.542,22.225,135.415,brushing
-0.155,0.411,0.44,-0.542,22.225,135.415,brushing
-0.155,0.411,0.44,21.857,49.332,133.262,brushing
-0.269,0.274,0.559,21.857,49.332,133.262,brushing
-0.269,0.274,0.559,37.747,51.572,98.962,brushing
-0.428,0.127,0.409,37.747,51.572,98.962,brushing
-0.428,0.127,0.409,40.74,-19.88,38.027,brushing
-0.485,-0.43,0.131,40.74,-19.88,38.027,brushing
-0.339,-0.083,0.081,40.74,-19.88,38.027,brushing
-0.339,-0.083,0.081,27.317,-15.277,-23.135,brushing
-0.299,0.386,0.312,27.317,-15.277,-23.135,brushing
-0.299,0.386,0.312,6.09,3.377,-69.72,brushing
-0.125,0.577,0.257,6.09,3.377,-69.72,brushing
-0.125,0.577,0.257,-19.215,-73.045,-114.38,brushing
0.073,1.031,0.314,-19.215,-73.045,-114.38,brushing
0.073,1.031,0.314,-32.13,-58.502,-125.632,brushing
0.264,2.138,0.401,-32.13,-58.502,-125.632,brushing
0.264,2.138,0.401,-22.417,-1.155,-83.142,brushing
0.489,3.166,0.486,-22.417,-1.155,-83.142,brushing
0.489,3.166,0.486,-1.96,28.91,14.612,brushing
0.398,2.633,0.456,-1.96,28.91,14.612,brushing
0.398,2.633,0.456,21.665,12.915,100.362,brushing
0.222,1.509,0.357,21.665,12.915,100.362,brushing
0.222,1.509,0.357,35.682,3.447,134.172,brushing
-0.028,0.551,0.255,35.682,3.447,134.172,brushing
-0.055,0.377,0.185,34.737,29.067,122.08,brushing
-0.128,0.42,0.242,34.737,29.067,122.08,brushing
-0.128,0.42,0.242,22.54,55.562,96.005,brushing
-0.273,-0.173,0.288,22.54,55.562,96.005,brushing
-0.273,-0.173,0.288,13.387,27.755,48.037,brushing
-0.358,-0.402,0.378,13.387,27.755,48.037,brushing
-0.358,-0.402,0.378,8.925,5.127,-18.2,brushing
-0.266,0.424,0.437,8.925,5.127,-18.2,brushing
-0.266,0.424,0.437,6.685,11.637,-65.677,brushing
-0.21,0.494,0.476,6.685,11.637,-65.677,brushing
-0.21,0.494,0.476,4.182,-37.397,-106.907,brushing
0,1.184,0.223,4.182,-37.397,-106.907,brushing
0,1.184,0.223,-1.96,-37.66,-110.11,brushing
0.295,1.917,0.106,-1.96,-37.66,-110.11,brushing
0.295,1.917,0.106,2.922,30.59,-63.07,brushing
0.546,2.685,0.165,2.922,30.59,-63.07,brushing
0.546,2.685,0.165,12.512,40.32,18.287,brushing
0.608,2.556,0.237,12.512,40.32,18.287,brushing
0.534,1.852,0.335,27.65,32.515,91.262,brushing
0.229,1.269,0.457,27.65,32.515,91.262,brushing
0.229,1.269,0.457,39.637,-2.38,134.977,brushing
0.082,0.474,0.355,39.637,-2.38,134.977,brushing
0.082,0.474,0.355,46.9,-45.937,134.26,brushing
-0.45,-1.279,0.181,46.9,-45.937,134.26,brushing
-0.45,-1.279,0.181,52.587,-70.175,70.402,brushing
-0.212,-0.699,0.078,52.587,-70.175,70.402,brushing
-0.212,-0.699,0.078,46.707,-20.597,-6.632,brushing
-0.055,1.156,0.385,46.707,-20.597,-6.632,brushing
-0.055,1.156,0.385,39.445,-84.035,-38.535,brushing
0.036,0.849,0.239,39.445,-84.035,-38.535,brushing
0.036,0.849,0.239,33.285,-125.125,-53.742,brushing
0.042,0.552,0.248,33.285,-125.125,-53.742,brushing
0.042,0.552,0.248,24.272,-116.007,-64.085,brushing
0.109,0.508,0.267,24.272,-116.007,-64.085,brushing
0.109,0.508,0.267,15.435,-112.56,-79.94,brushing
0.181,0.675,0.175,15.435,-112.56,-79.94,brushing
0.363,1.379,0.198,13.545,-26.057,-76.44,brushing
0.472,2.576,0.291,13.545,-26.057,-76.44,brushing
0.472,2.576,0.291,18.322,54.53,-31.447,brushing
0.442,2.657,0.309,18.322,54.53,-31.447,brushing
0.442,2.657,0.309,27.51,35.367,43.452,brushing
0.329,1.186,0.219,27.51,35.367,43.452,brushing
0.329,1.186,0.219,36.505,33.95,91.28,brushing
0.226,1.484,0.533,36.505,33.95,91.28,brushing
0.226,1.484,0.533,41.912,66.062,123.235,brushing
-0.047,0.857,0.753,41.912,66.062,123.235,brushing
-0.047,0.857,0.753,51.555,-15.54,112.805,brushing
-0.111,0.417,0.593,51.555,-15.54,112.805,brushing
-0.111,0.417,0.593,57.82,-34.527,85.995,brushing
-0.316,-0.05,0.484,57.82,-34.527,85.995,brushing
-0.316,-0.05,0.484,54.495,-78.855,23.572,brushing
-0.363,-0.589,0.197,54.495,-78.855,23.572,brushing
-0.363,-0.589,0.197,35.91,-63.647,-33.267,brushing
-0.103,0.189,0.189,35.91,-63.647,-33.267,brushing
0.027,0.425,0.302,35.91,-63.647,-33.267,brushing
0.027,0.425,0.302,9.397,-39.76,-59.64,brushing
0.021,0.282,0.376,9.397,-39.76,-59.64,brushing
0.021,0.282,0.376,-17.727,-61.722,-92.26,brushing
0.17,0.753,0.354,-17.727,-61.722,-92.26,brushing
0.17,0.753,0.354,-33.197,-94.92,-117.88,brushing
0.404,1.056,0.316,-33.197,-94.92,-117.88,brushing
0.404,1.056,0.316,-33.25,-28.892,-113.75,brushing
0.537,2.193,0.351,-33.25,-28.892,-113.75,brushing
0.537,2.193,0.351,-25.392,68.705,-62.37,brushing
0.548,3.019,0.393,-25.392,68.705,-62.37,brushing
0.548,3.019,0.393,-13.93,61.092,20.037,brushing
0.401,1.595,0.261,-13.93,61.092,20.037,brushing
0.401,1.595,0.261,-1.312,62.212,77.647,brushing
0.474,1.529,0.54,-1.312,62.212,77.647,brushing
0.474,1.529,0.54,6.02,40.81,112.63,brushing
0.122,0.727,0.658,6.02,40.81,112.63,brushing
0.122,0.727,0.658,15.172,-42.91,94.395,brushing
0.052,0.072,0.621,15.172,-42.91,94.395,brushing
-0.315,-0.687,0.493,15.172,-42.91,94.395,brushing
-0.315,-0.687,0.493,21.595,-75.617,48.195,brushing
-0.208,-0.862,0.349,21.595,-75.617,48.195,brushing
-0.208,-0.862,0.349,19.232,-93.905,-34.055,brushing
-0.063,0.279,0.539,19.232,-93.905,-34.055,brushing
-0.063,0.279,0.539,7.157,-58.135,-79.765,brushing
-0.052,0.332,0.434,7.157,-58.135,-79.765,brushing
-0.052,0.332,0.434,-12.04,-95.847,-119.927,brushing
0.043,0.528,0.228,-12.04,-95.847,-119.927,brushing
0.043,0.528,0.228,-37.38,-79.345,-145.215,brushing
0.138,1.219,0.107,-37.38,-79.345,-145.215,brushing
0.138,1.219,0.107,-48.387,27.72,-126.14,brushing
0.308,2.5,0.335,-48.387,27.72,-126.14,brushing
0.308,2.5,0.335,-45.22,90.055,-64.785,brushing
0.486,3.15,0.333,-45.22,90.055,-64.785,brushing
0.486,3.15,0.333,-43.452,78.925,22.68,brushing
0.342,2.352,0.446,-43.452,78.925,22.68,brushing
0.342,2.352,0.446,-31.15,72.782,89.285,brushing
0.226,1.423,0.365,-31.15,72.782,89.285,brushing
0.183,0.881,0.317,-31.15,72.782,89.285,brushing
0.183,0.881,0.317,-21.752,81.532,119.192,brushing
0.023,0.281,0.406,-21.752,81.532,119.192,brushing
0.023,0.281,0.406,-24.57,45.307,108.36,brushing
-0.255,-0.678,0.401,-24.57,45.307,108.36,brushing
-0.255,-0.678,0.401,-26.635,-11.235,51.415,brushing
-0.257,-0.761,0.298,-26.635,-11.235,51.415,brushing
-0.257,-0.761,0.298,-28.21,27.842,-13.947,brushing
-0.142,0.411,0.609,-28.21,27.842,-13.947,brushing
-0.142,0.411,0.609,-24.832,85.225,-49.892,brushing
-0.136,1,0.746,-24.832,85.225,-49.892,brushing
-0.136,1,0.746,-26.092,-49.052,-84.087,brushing
0.059,0.602,0.477,-26.092,-49.052,-84.087,brushing
0.059,0.602,0.477,-31.132,-109.83,-109.655,brushing
0.175,0.593,0.29,-31.132,-109.83,-109.655,brushing
0.175,0.593,0.29,-29.487,-49.49,-110.355,brushing
0.292,1.631,0.336,-29.487,-49.49,-110.355,brushing
0.53,2.587,0.196,-25.322,-34.212,-74.725,brushing
0.494,2.737,0.193,-25.322,-34.212,-74.725,brushing
0.494,2.737,0.193,-23.117,-18.48,12.092,brushing
0.335,1.85,0.163,-23.117,-18.48,12.092,brushing
0.335,1.85,0.163,-12.25,-15.4,93.922,brushing
0.007,0.498,0.149,-12.25,-15.4,93.922,brushing
0.007,0.498,0.149,-1.942,1.435,123.567,brushing
-0.168,0.109,0.259,-1.942,1.435,123.567,brushing
-0.168,0.109,0.259,8.295,76.09,111.93,brushing
-0.317,-0.008,0.278,8.295,76.09,111.93,brushing
-0.317,-0.008,0.278,8.627,58.992,65.922,brushing
-0.487,-0.462,0.317,8.627,58.992,65.922,brushing
-0.487,-0.462,0.317,3.57,28.787,0.245,brushing
-0.358,-0.101,0.367,3.57,28.787,0.245,brushing
-0.358,-0.101,0.367,2.187,69.562,-42.192,brushing
-0.28,0.728,0.797,2.187,69.562,-42.192,brushing
-0.28,0.728,0.797,4.637,-17.64,-84.647,brushing
-0.181,0.633,0.711,4.637,-17.64,-84.647,brushing
0.094,0.548,0.246,-3.57,-115.955,-120.732,brushing
0.216,1.294,0.337,-3.57,-115.955,-120.732,brushing
0.216,1.294,0.337,-11.462,-57.855,-124.372,brushing
0.458,2.441,0.376,-11.462,-57.855,-124.372,brushing
0.458,2.441,0.376,-8.907,-10.482,-84.122,brushing
0.577,2.976,0.305,-8.907,-10.482,-84.122,brushing
0.577,2.976,0.305,-8.26,-11.042,2.73,brushing
0.497,2.336,0.301,-8.26,-11.042,2.73,brushing
0.497,2.336,0.301,-2.905,-28.017,86.94,brushing
0.188,1.225,0.2,-2.905,-28.017,86.94,brushing
0.188,1.225,0.2,1.137,-8.365,133.297,brushing
-0.027,0.32,0.294,1.137,-8.365,133.297,brushing
-0.027,0.32,0.294,8.19,49.28,134.102,brushing
-0.126,0.52,0.541,8.19,49.28,134.102,brushing
-0.126,0.52,0.541,17.29,45.885,107.765,brushing
-0.326,0.074,0.529,17.29,45.885,107.765,brushing
-0.326,0.074,0.529,19.565,-33.127,44.502,brushing
-0.494,-0.913,0.205,19.565,-33.127,44.502,brushing
-0.374,-0.039,0.436,19.565,-33.127,44.502,brushing
-0.374,-0.039,0.436,17.745,12.67,-22.137,brushing
-0.316,0.852,0.684,17.745,12.67,-22.137,brushing
-0.316,0.852,0.684,23.24,36.645,-61.04,brushing
-0.18,0.662,0.51,23.24,36.645,-61.04,brushing
-0.18,0.662,0.51,14.787,-102.725,-104.51,brushing
0.062,0.755,0.334,14.787,-102.725,-104.51,brushing
0.062,0.755,0.334,-3.587,-123.165,-124.022,brushing
0.309,1.582,0.455,-3.587,-123.165,-124.022,brushing
0.309,1.582,0.455,-2.555,-62.37,-105.63,brushing
0.73,2.67,0.515,-2.555,-62.37,-105.63,brushing
0.73,2.67,0.515,10.972,-12.495,-29.872,brushing
0.752,2.983,0.526,10.972,-12.495,-29.872,brushing
0.752,2.983,0.526,21.682,-36.067,66.99,brushing
0.473,1.693,0.327,21.682,-36.067,66.99,brushing
0.473,1.693,0.327,26.95,-54.845,120.995,brushing
0.101,0.486,0.186,26.95,-54.845,120.995,brushing
0.101,0.486,0.186,34.247,33.862,130.742,brushing
-0.009,0.531,0.384,34.247,33.862,130.742,brushing
-0.324,0.198,0.554,34.247,33.862,130.742,brushing
-0.324,0.198,0.554,42.665,44.852,108.342,brushing
-0.537,-0.812,0.257,42.665,44.852,108.342,brushing
-0.537,-0.812,0.257,51.52,-27.615,41.965,brushing
-0.28,0.259,0.444,51.52,-27.615,41.965,brushing
-0.28,0.259,0.444,64.925,66.552,3.342,brushing
-0.229,1.238,0.559,64.925,66.552,3.342,brushing
-0.229,1.238,0.559,77.402,58.52,-16.1,brushing
-0.072,0.832,0.384,77.402,58.52,-16.1,brushing
-0.072,0.832,0.384,77.717,-18.165,-36.837,brushing
0.045,0.475,0.183,77.717,-18.165,-36.837,brushing
0.045,0.475,0.183,61.477,-42.175,-64.015,brushing
0.173,0.353,0.006,61.477,-42.175,-64.015,brushing
0.173,0.353,0.006,31.692,-42.472,-91.525,brushing
0.234,0.608,-0.123,31.692,-42.472,-91.525,brushing
0.234,0.608,-0.123,1.4,0.017,-97.335,brushing
0.324,1.155,0.057,1.4,0.017,-97.335,brushing
0.324,1.155,0.057,-13.772,46.76,-72.485,brushing
0.557,2.107,0.314,-13.772,46.76,-72.485,brushing
0.707,2.772,0.431,-13.772,46.76,-72.485,brushing
0.707,2.772,0.431,-10.255,55.877,-13.895,brushing
0.417,2.083,0.368,-10.255,55.877,-13.895,brushing
0.417,2.083,0.368,2.257,45.465,62.65,brushing
0.346,1.704,0.503,2.257,45.465,62.65,brushing
0.346,1.704,0.503,17.027,77.91,126.84,brushing
-0.033,1.183,0.694,17.027,77.91,126.84,brushing
-0.033,1.183,0.694,29.715,36.907,151.392,brushing
-0.213,-0.06,0.553,29.715,36.907,151.392,brushing
-0.213,-0.06,0.553,36.645,-12.127,111.177,brushing
-0.722,-1.543,0.122,36.645,-12.127,111.177,brushing
-0.722,-1.543,0.122,33.985,-20.65,4.62,brushing
-0.349,-0.456,0.249,33.985,-20.65,4.62,brushing
-0.349,-0.456,0.249,18.147,56.752,-48.912,brushing
-0.302,1.003,0.599,18.147,56.752,-48.912,brushing
-0.302,1.003,0.599,-1.592,-33.722,-90.44,brushing
-0.167,0.601,0.572,-1.592,-33.722,-90.44,brushing
0.022,0.674,0.409,-23.957,-112.595,-119.542,brushing
0.24,0.816,0.258,-23.957,-112.595,-119.542,brushing
0.24,0.816,0.258,-42.682,-108.71,-135.765,brushing
0.457,1.738,0.342,-42.682,-108.71,-135.765,brushing
0.457,1.738,0.342,-52.062,-38.885,-127.662,brushing
0.671,2.819,0.518,-52.062,-38.885,-127.662,brushing
0.671,2.819,0.518,-45.867,-6.055,-65.607,brushing
0.561,2.74,0.481,-45.867,-6.055,-65.607,brushing
0.561,2.74,0.481,-25.41,-23.24,26.215,brushing
0.375,1.213,0.328,-25.41,-23.24,26.215,brushing
0.375,1.213,0.328,-2.31,6.825,83.667,brushing
0.196,1.079,0.455,-2.31,6.825,83.667,brushing
0.196,1.079,0.455,14.227,53.165,113.19,brushing
-0.04,0.236,0.504,14.227,53.165,113.19,brushing
-0.04,0.236,0.504,21.402,34.352,92.417,brushing
-0.197,0.075,0.417,21.402,34.352,92.417,brushing
-0.197,0.075,0.417,16.327,4.515,47.582,brushing
-0.364,-0.665,0.237,16.327,4.515,47.582,brushing
-0.216,-0.691,0.247,-2.572,-4.847,-25.497,brushing
-0.108,0.622,0.555,-2.572,-4.847,-25.497,brushing
-0.108,0.622,0.555,-25.48,42.28,-63.087,brushing
0.035,0.778,0.4,-25.48,42.28,-63.087,brushing
0.035,0.778,0.4,-44.047,-71.242,-104.142,brushing
0.27,0.377,0.259,-44.047,-71.242,-104.142,brushing
0.27,0.377,0.259,-56.087,-99.102,-128.485,brushing
0.129,1.723,0.399,-56.087,-99.102,-128.485,brushing
0.129,1.723,0.399,-49.42,4.252,-106.365,brushing
0.232,2.802,0.445,-49.42,4.252,-106.365,brushing
0.232,2.802,0.445,-35.927,4.532,-44.047,brushing
0.293,2.941,0.372,-35.927,4.532,-44.047,brushing
0.293,2.941,0.372,-23.957,-10.167,41.755,brushing
0.323,1.998,0.148,-23.957,-10.167,41.755,brushing
0.323,1.998,0.148,-16.537,13.3,106.487,brushing
0.06,0.815,0.137,-16.537,13.3,106.487,brushing
0.06,0.815,0.137,-14.892,91.297,124.302,brushing
-0.098,0.433,0.312,-14.892,91.297,124.302,brushing
-0.188,0.208,0.244,-14.892,91.297,124.302,brushing
-0.188,0.208,0.244,-20.072,96.005,100.625,brushing
-0.384,-0.623,0.17,-20.072,96.005,100.625,brushing
-0.384,-0.623,0.17,-33.547,44.327,48.58,brushing
-0.333,-0.033,0.575,-33.547,44.327,48.58,brushing
-0.333,-0.033,0.575,-32.655,83.58,-4.602,brushing
-0.307,0.796,0.805,-32.655,83.58,-4.602,brushing
-0.307,0.796,0.805,-20.912,46.2,-44.607,brushing
-0.313,0.494,0.63,-20.912,46.2,-44.607,brushing
-0.313,0.494,0.63,-19.477,-76.37,-86.45,brushing
-0.027,0.503,0.375,-19.477,-76.37,-86.45,brushing
-0.027,0.503,0.375,-22.96,-93.87,-114.24,brushing
0.136,1.093,0.426,-22.96,-93.87,-114.24,brushing
0.136,1.093,0.426,-16.66,-55.072,-112.612,brushing
0.331,2.332,0.312,-16.66,-55.072,-112.612,brushing
0.331,2.332,0.312,-12.862,-42.7,-56.752,brushing
0.453,2.809,0.109,-12.862,-42.7,-56.752,brushing
0.453,2.809,0.109,-8.067,6.982,36.54,brushing
0.303,2.338,0.116,-8.067,6.982,36.54,brushing
0.17,1.225,-0.015,-8.067,6.982,36.54,brushing
0.17,1.225,-0.015,0.595,25.935,105.14,brushing
-0.035,0.303,0,0.595,25.935,105.14,brushing
-0.035,0.303,0,1.662,59.43,119.402,brushing
-0.091,0.307,0.153,1.662,59.43,119.402,brushing
-0.091,0.307,0.153,-0.717,89.53,98.402,brushing
-0.291,-0.564,0.188,-0.717,89.53,98.402,brushing
-0.291,-0.564,0.188,-9.432,39.41,40.722,brushing
-0.295,-0.616,0.342,-9.432,39.41,40.722,brushing
-0.295,-0.616,0.342,-10.272,62.037,-24.167,brushing
-0.318,0.539,0.85,-10.272,62.037,-24.167,brushing
-0.318,0.539,0.85,-0.63,23.187,-75.25,brushing
-0.297,0.719,0.8,-0.63,23.187,-75.25,brushing
-0.297,0.719,0.8,0.892,-130.952,-122.517,brushing
-0.063,0.622,0.225,0.892,-130.952,-122.517,brushing
-0.063,0.622,0.225,-7.297,-104.51,-137.62,brushing
0.035,1.468,0.303,-7.297,-104.51,-137.62,brushing
0.035,1.468,0.303,-0.332,-4.305,-95.41,brushing
0.315,3.152,0.407,-0.332,-4.305,-95.41,brushing
0.529,3.265,0.293,-0.332,-4.305,-95.41,brushing
0.529,3.265,0.293,6.93,3.815,5.88,brushing
0.415,2.009,0.239,6.93,3.815,5.88,brushing
0.415,2.009,0.239,13.895,-14.385,99.697,brushing
0.152,0.607,-0.001,13.895,-14.385,99.697,brushing
0.152,0.607,-0.001,19.005,15.032,138.862,brushing
-0.004,0.383,0.246,19.005,15.032,138.862,brushing
-0.004,0.383,0.246,17.15,85.242,131.862,brushing
-0.226,0.066,0.313,17.15,85.242,131.862,brushing
-0.226,0.066,0.313,6.177,19.6,84.665,brushing
-0.388,-1.158,0.127,6.177,19.6,84.665,brushing
-0.388,-1.158,0.127,-5.967,-33.617,-0.21,brushing
-0.359,-0.41,0.445,-5.967,-33.617,-0.21,brushing
-0.359,-0.41,0.445,-3.237,35.017,-58.327,brushing
-0.38,0.71,0.818,-3.237,35.017,-58.327,brushing
-0.38,0.71,0.818,1.977,-93.327,-112.42,brushing
-0.241,0.852,0.484,1.977,-93.327,-112.42,brushing
-0.241,0.852,0.484,-4.865,-165.392,-134.785,brushing
-0.126,1.139,0.074,-4.865,-165.392,-134.785,brushing
0.138,2.331,0.326,-4.865,-165.392,-134.785,brushing
0.138,2.331,0.326,-3.71,-66.465,-100.852,brushing
0.264,3.096,0.521,-3.71,-66.465,-100.852,brushing
0.264,3.096,0.521,12.652,-4.13,-11.69,brushing
0.278,2.262,0.624,12.652,-4.13,-11.69,brushing
0.278,2.262,0.624,38.92,-30.817,73.692,brushing
0.058,0.977,0.44,38.92,-30.817,73.692,brushing
0.058,0.977,0.44,61.022,-59.325,104.02,brushing
-0.079,0.325,0.463,61.022,-59.325,104.02,brushing
-0.079,0.325,0.463,72.66,-15.382,101.815,brushing
-0.166,0.707,0.767,72.66,-15.382,101.815,brushing
-0.166,0.707,0.767,74.235,-52.01,77.28,brushing
-0.255,0.652,0.747,74.235,-52.01,77.28,brushing
-0.255,0.652,0.747,68.25,-147.297,39.095,brushing
-0.307,0.269,0.734,68.25,-147.297,39.095,brushing
-0.307,0.269,0.734,58.502,-204.47,-3.885,brushing
-0.35,0.19,0.559,58.502,-204.47,-3.885,brushing
-0.153,0.368,0.526,39.847,-248.062,-47.32,brushing
0.047,1.033,0.553,39.847,-248.062,-47.32,brushing
0.047,1.033,0.553,15.05,-247.31,-63.49,brushing
0.192,1.138,0.579,15.05,-247.31,-63.49,brushing
0.192,1.138,0.579,-16.047,-281.522,-62.632,brushing
0.321,0.945,0.525,-16.047,-281.522,-62.632,brushing
0.321,0.945,0.525,-45.097,-297.762,-52.57,brushing
0.376,0.766,0.506,-45.097,-297.762,-52.57,brushing
0.376,0.766,0.506,-65.677,-251.685,-32.497,brushing
0.421,0.566,0.44,-65.677,-251.685,-32.497,brushing
0.421,0.566,0.44,-81.462,-185.43,-13.737,brushing
0.464,0.629,0.545,-81.462,-185.43,-13.737,brushing
0.464,0.629,0.545,-87.255,-81.095,14.875,brushing
0.452,0.867,0.783,-87.255,-81.095,14.875,brushing
0.452,0.867,0.783,-79.467,-13.527,36.732,brushing
0.337,0.834,0.783,-79.467,-13.527,36.732,brushing
0.337,0.834,0.783,-68.81,-10.99,46.672,brushing
0.288,0.64,0.686,-68.81,-10.99,46.672,brushing
0.171,0.275,0.429,-66.342,-9.1,51.415,brushing
-0.205,0.018,0.758,-66.342,-9.1,51.415,brushing
-0.205,0.018,0.758,-65.415,62.072,48.457,brushing
-0.343,0.217,0.672,-65.415,62.072,48.457,brushing
-0.343,0.217,0.672,-57.925,160.982,33.022,brushing
-0.532,0.298,0.594,-57.925,160.982,33.022,brushing
-0.532,0.298,0.594,-57.785,260.242,18.987,brushing
-0.695,0.501,0.553,-57.785,260.242,18.987,brushing
-0.695,0.501,0.553,-54.862,337.487,9.257,brushing
-0.662,0.783,0.635,-54.862,337.487,9.257,brushing
-0.662,0.783,0.635,-52.115,327.862,-12.162,brushing
-0.597,0.88,0.805,-52.115,327.862,-12.162,brushing
-0.597,0.88,0.805,-36.785,294.927,-33.425,brushing
-0.457,1.186,0.785,-36.785,294.927,-33.425,brushing
-0.457,1.186,0.785,-12.635,285.25,-35.332,brushing
-0.231,1.283,0.661,-12.635,285.25,-35.332,brushing
-0.231,1.283,0.661,0.437,223.422,-35.84,brushing
-0.162,1.461,0.737,0.437,223.422,-35.84,brushing
-0.068,1.444,0.601,0.437,223.422,-35.84,brushing
-0.068,1.444,0.601,10.797,137.2,-32.637,brushing
0.051,1.22,0.445,10.797,137.2,-32.637,brushing
0.051,1.22,0.445,17.132,87.955,-18.34,brushing
0.309,1.234,0.269,17.132,87.955,-18.34,brushing
0.309,1.234,0.269,15.662,71.61,2.52,brushing
0.488,1.081,0.143,15.662,71.61,2.52,brushing
0.488,1.081,0.143,5.285,29.61,25.305,brushing
0.522,0.65,0.153,5.285,29.61,25.305,brushing
0.522,0.65,0.153,-0.857,0.682,44.625,brushing
0.41,0.387,0.179,-0.857,0.682,44.625,brushing
0.41,0.387,0.179,5.022,-0.28,56.175,brushing
0.127,0.251,0.174,5.022,-0.28,56.175,brushing
0.127,0.251,0.174,14.525,8.19,55.877,brushing
-0.024,0.378,-0.116,14.525,8.19,55.877,brushing
-0.024,0.378,-0.116,8.242,15.925,47.915,brushing
-0.076,0.79,-0.376,8.242,15.925,47.915,brushing
-0.076,0.79,-0.376,-4.235,31.517,53.69,brushing
-0.366,1.069,-0.088,-4.235,31.517,53.69,brushing
-0.401,1.689,-0.609,-4.235,31.517,53.69,brushing
-0.401,1.689,-0.609,-16.327,68.46,76.317,brushing
-0.389,1.471,-0.078,-16.327,68.46,76.317,brushing
-0.389,1.471,-0.078,-48.265,-21.245,80.29,brushing
-0.572,0.77,0.322,-48.265,-21.245,80.29,brushing
-0.572,0.77,0.322,-56.087,-97.3,71.365,brushing
-0.285,0.46,0.62,-56.087,-97.3,71.365,brushing
-0.285,0.46,0.62,-42.49,-40.477,66.71,brushing
-0.346,0.757,1.156,-42.49,-40.477,66.71,brushing
-0.346,0.757,1.156,-7.227,-33.547,54.372,brushing
0.146,0.563,0.965,-7.227,-33.547,54.372,brushing
0.146,0.563,0.965,22.33,-94.57,30.432,brushing
0.313,0.1,0.779,22.33,-94.57,30.432,brushing
0.313,0.1,0.779,52.237,-35.315,19.145,brushing
0.652,0.502,0.296,52.237,-35.315,19.145,brushing
0.652,0.502,0.296,58.747,35.35,28.175,brushing
0.685,1.02,0.039,58.747,35.35,28.175,brushing
0.685,1.02,0.039,50.225,28.262,46.165,brushing
0.537,0.983,0.017,50.225,28.262,46.165,brushing
0.167,0.737,0.117,50.225,28.262,46.165,brushing
0.167,0.737,0.117,47.057,38.85,56.402,brushing
-0.198,0.567,0.131,47.057,38.85,56.402,brushing
-0.198,0.567,0.131,48.335,46.462,31.605,brushing
-0.376,0.83,-0.115,48.335,46.462,31.605,brushing
-0.376,0.83,-0.115,46.497,54.11,-11.567,brushing
-0.493,1.717,-0.39,46.497,54.11,-11.567,brushing
-0.493,1.717,-0.39,31.832,116.06,-18.655,brushing
-0.193,2.309,-0.313,31.832,116.06,-18.655,brushing
-0.193,2.309,-0.313,0.21,58.03,-10.605,brushing
-0.042,1.983,0.317,0.21,58.03,-10.605,brushing
-0.042,1.983,0.317,-15.767,-45.867,-1.33,brushing
-0.281,1.13,0.88,-15.767,-45.867,-1.33,brushing
-0.281,1.13,0.88,4.725,-35,1.995,brushing
0.083,0.608,0.762,4.725,-35,1.995,brushing
0.083,0.608,0.762,24.517,-20.597,-18.2,brushing
0.2,0.715,1.174,24.517,-20.597,-18.2,brushing
0.529,0.527,0.654,46.025,-73.22,-39.9,brushing
0.794,0.511,0.148,46.025,-73.22,-39.9,brushing
0.794,0.511,0.148,50.522,-55.055,-41.965,brushing
0.725,1.001,-0.096,50.522,-55.055,-41.965,brushing
0.725,1.001,-0.096,41.195,20.825,-16.852,brushing
0.617,1.01,-0.181,41.195,20.825,-16.852,brushing
0.617,1.01,-0.181,25.007,11.917,6.79,brushing
0.326,0.681,-0.245,25.007,11.917,6.79,brushing
0.326,0.681,-0.245,9.572,-28.612,8.96,brushing
-0.083,0.651,-0.227,9.572,-28.612,8.96,brushing
-0.083,0.651,-0.227,-0.14,1.54,0.472,brushing
-0.25,1,-0.399,-0.14,1.54,0.472,brushing
-0.25,1,-0.399,-9.905,58.695,-0.787,brushing
-0.335,1.615,-0.427,-9.905,58.695,-0.787,brushing
-0.335,1.615,-0.427,-31.395,45.36,5.075,brushing
-0.182,1.848,-0.186,-31.395,45.36,5.075,brushing
-0.182,1.848,-0.186,-44.712,-39.742,12.705,brushing
-0.361,1.492,0.425,-44.712,-39.742,12.705,brushing
-0.279,1.1,0.681,-26.39,-58.8,24.22,brushing
-0.082,0.935,1.077,-26.39,-58.8,24.22,brushing
-0.082,0.935,1.077,7.35,-61.512,23.45,brushing
0.014,0.481,0.924,7.35,-61.512,23.45,brushing
0.014,0.481,0.924,45.377,-110.985,8.207,brushing
0.599,0.171,0.402,45.377,-110.985,8.207,brushing
0.599,0.171,0.402,71.47,-88.952,-0.49,brushing
0.854,0.153,-0.009,71.47,-88.952,-0.49,brushing
0.854,0.153,-0.009,75.67,-20.44,8.522,brushing
0.735,0.6,-0.212,75.67,-20.44,8.522,brushing
0.735,0.6,-0.212,60.847,33.705,24.867,brushing
0.721,0.616,-0.331,60.847,33.705,24.867,brushing
0.721,0.616,-0.331,31.64,-6.545,21.612,brushing
0.368,0.335,-0.237,31.64,-6.545,21.612,brushing
0.368,0.335,-0.237,9.905,-4.025,1.155,brushing
0.081,0.588,0.132,9.905,-4.025,1.155,brushing
0.081,0.588,0.132,-0.84,24.412,-13.072,brushing
-0.147,1.426,0.012,-0.84,24.412,-13.072,brushing
-0.321,2.232,0.07,-0.84,24.412,-13.072,brushing
-0.321,2.232,0.07,-12.477,42.665,1.785,brushing
-0.404,2.492,0.424,-12.477,42.665,1.785,brushing
-0.404,2.492,0.424,-18.165,-26.215,26.162,brushing
-0.216,1.824,0.54,-18.165,-26.215,26.162,brushing
-0.216,1.824,0.54,-13.405,-154.98,39.97,brushing
-0.172,0.757,0.72,-13.405,-154.98,39.97,brushing
-0.172,0.757,0.72,0.7,-165.305,40.005,brushing
-0.064,0.442,0.842,0.7,-165.305,40.005,brushing
-0.064,0.442,0.842,19.302,-67.585,29.855,brushing
0.288,0.43,0.643,19.302,-67.585,29.855,brushing
0.288,0.43,0.643,18.287,-79.782,-1.732,brushing
0.712,-0.256,0.488,18.287,-79.782,-1.732,brushing
0.712,-0.256,0.488,18.515,-57.277,-26.792,brushing
1.05,-0.115,0.242,18.515,-57.277,-26.792,brushing
1.05,-0.115,0.242,15.697,38.517,-23.467,brushing
0.8,0.603,0.231,15.697,38.517,-23.467,brushing
0.8,0.603,0.231,1.627,48.527,-7.805,brushing
0.72,0.946,0.185,1.627,48.527,-7.805,brushing
0.445,0.255,0.288,1.627,48.527,-7.805,brushing
0.445,0.255,0.288,-12.985,9.117,4.427,brushing
0.045,0.255,-0.103,-12.985,9.117,4.427,brushing
0.045,0.255,-0.103,-18.742,86.327,-2.257,brushing
-0.174,0.924,-0.139,-18.742,86.327,-2.257,brushing
-0.174,0.924,-0.139,-25.672,130.042,-26.425,brushing
-0.224,1.968,-0.759,-25.672,130.042,-26.425,brushing
-0.224,1.968,-0.759,-46.375,148.33,-19.687,brushing
-0.353,2.773,-0.413,-46.375,148.33,-19.687,brushing
-0.353,2.773,-0.413,-74.76,50.015,1.172,brushing
-0.415,2.122,0.421,-74.76,50.015,1.172,brushing
-0.415,2.122,0.421,-65.327,-65.047,23.537,brushing
-0.365,1.237,1.161,-65.327,-65.047,23.537,brushing
-0.365,1.237,1.161,-16.275,-77.105,33.932,brushing
-0.28,0.562,1.159,-16.275,-77.105,33.932,brushing
-0.28,0.562,1.159,28.542,-60.042,18.9,brushing
0.354,0.515,1.043,28.542,-60.042,18.9,brushing
0.354,0.515,1.043,43.347,-108.867,-13.02,brushing
0.693,-0.073,0.655,43.347,-108.867,-13.02,brushing
0.943,-0.235,0.432,43.347,-108.867,-13.02,brushing
0.943,-0.235,0.432,42.63,-64.977,-34.615,brushing
0.647,0.62,0.269,42.63,-64.977,-34.615,brushing
0.647,0.62,0.269,37.415,56.647,-30.345,brushing
0.481,0.92,0.285,37.415,56.647,-30.345,brushing
0.481,0.92,0.285,20.265,22.592,-27.895,brushing
0.34,0.235,0.21,20.265,22.592,-27.895,brushing
0.34,0.235,0.21,6.422,-54.092,-48.055,brushing
0.012,-0.063,-0.07,6.422,-54.092,-48.055,brushing
0.012,-0.063,-0.07,10.22,50.977,-64.942,brushing
-0.288,1.112,-0.064,10.22,50.977,-64.942,brushing
-0.288,1.112,-0.064,9.712,169.19,-63.052,brushing
-0.397,2.747,-0.811,9.712,169.19,-63.052,brushing
-0.397,2.747,-0.811,-26.897,100.432,-33.11,brushing
-0.371,3.607,-0.631,-26.897,100.432,-33.11,brushing
-0.371,3.607,-0.631,-71.4,-102.637,12.46,brushing
-0.308,2.164,-0.024,-71.4,-102.637,12.46,brushing
-0.308,2.164,-0.024,-65.835,-147.385,45.132,brushing
-0.347,0.855,0.976,-65.835,-147.385,45.132,brushing
-0.387,0.31,1.608,-65.835,-147.385,45.132,brushing
-0.387,0.31,1.608,-13.807,-108.57,37.992,brushing
0.261,0.239,0.881,-13.807,-108.57,37.992,brushing
0.261,0.239,0.881,33.757,-115.132,8.487,brushing
1.071,-0.228,0.565,33.757,-115.132,8.487,brushing
1.071,-0.228,0.565,28.647,-134.26,-18.935,brushing
0.986,-0.442,0.693,28.647,-134.26,-18.935,brushing
0.986,-0.442,0.693,36.417,-15.452,-23.66,brushing
0.656,0.614,0.47,36.417,-15.452,-23.66,brushing
0.656,0.614,0.47,38.027,54.127,-8.82,brushing
0.401,0.569,0.187,38.027,54.127,-8.82,brushing
0.401,0.569,0.187,26.845,5.88,-11.865,brushing
0.31,0.129,0.032,26.845,5.88,-11.865,brushing
0.31,0.129,0.032,17.78,55.545,-25.287,brushing
-0.133,0.613,-0.774,17.78,55.545,-25.287,brushing
-0.133,0.613,-0.774,9.03,204.68,-18.392,brushing
-0.322,1.913,-0.53,9.03,204.68,-18.392,brushing
-0.33,3.041,-1.021,-23.66,178.885,7.017,brushing
-0.465,2.23,-0.101,-23.66,178.885,7.017,brushing
-0.465,2.23,-0.101,-74.847,-75.407,19.967,brushing
-0.466,0.934,0.654,-74.847,-75.407,19.967,brushing
-0.466,0.934,0.654,-70.315,-141.032,37.362,brushing
-0.505,0.525,1.434,-70.315,-141.032,37.362,brushing
-0.505,0.525,1.434,-15.487,-35.857,44.292,brushing
0.023,0.853,1.198,-15.487,-35.857,44.292,brushing
0.023,0.853,1.198,31.237,-57.19,26.582,brushing
0.82,0.106,0.746,31.237,-57.19,26.582,brushing
0.82,0.106,0.746,41.16,-120.96,5.74,brushing
1.045,-0.361,0.816,41.16,-120.96,5.74,brushing
1.045,-0.361,0.816,52.43,-18.935,5.687,brushing
0.885,0.321,0.575,52.43,-18.935,5.687,brushing
0.885,0.321,0.575,45.307,17.92,15.557,brushing
0.539,0.293,0.262,45.307,17.92,15.557,brushing
0.539,0.293,0.262,32.497,19.075,8.662,brushing
0.389,0.335,-0.002,32.497,19.075,8.662,brushing
0.091,0.392,0.092,32.497,19.075,8.662,brushing
0.091,0.392,0.092,27.632,54.46,0.367,brushing
-0.15,1.551,-0.251,27.632,54.46,0.367,brushing
-0.15,1.551,-0.251,24.465,90.79,-9.205,brushing
-0.276,1.85,-0.244,24.465,90.79,-9.205,brushing
-0.276,1.85,-0.244,11.182,28.332,-5.442,brushing
-0.291,2.389,-0.462,11.182,28.332,-5.442,brushing
-0.291,2.389,-0.462,-15.487,8.207,25.27,brushing
-0.31,1.886,0.226,-15.487,8.207,25.27,brushing
-0.31,1.886,0.226,-31.867,-77.507,46.917,brushing
-0.43,0.871,1.11,-31.867,-77.507,46.917,brushing
-0.43,0.871,1.11,-7.735,-72.467,48.58,brushing
-0.07,0.514,0.319,-7.735,-72.467,48.58,brushing
-0.07,0.514,0.319,9.555,-18.182,29.645,brushing
0.156,0.608,1.183,9.555,-18.182,29.645,brushing
0.156,0.608,1.183,27.492,-56.49,0.42,brushing
0.5,0.222,0.91,27.492,-56.49,0.42,brushing
0.5,0.222,0.91,41.177,-57.487,-21.07,brushing
0.801,-0.341,0.621,41.177,-57.487,-21.07,brushing
0.97,0.293,0.285,41.177,-57.487,-21.07,brushing
0.97,0.293,0.285,53.445,32.095,-25.742,brushing
0.772,0.775,0.011,53.445,32.095,-25.742,brushing
0.772,0.775,0.011,44.187,60.69,-12.32,brushing
0.64,0.575,-0.061,44.187,60.69,-12.32,brushing
0.64,0.575,-0.061,23.362,35.612,-1.312,brushing
0.212,0.382,-0.059,23.362,35.612,-1.312,brushing
0.212,0.382,-0.059,17.99,83.702,-0.175,brushing
-0.001,1.033,-0.106,17.99,83.702,-0.175,brushing
-0.001,1.033,-0.106,18.882,85.102,-17.78,brushing
-0.167,1.258,-0.343,18.882,85.102,-17.78,brushing
-0.167,1.258,-0.343,17.482,127.925,-10.745,brushing
-0.219,2.35,-0.88,17.482,127.925,-10.745,brushing
-0.219,2.35,-0.88,-18.445,106.452,8.855,brushing
-0.427,2.509,-0.201,-18.445,106.452,8.855,brushing
-0.427,2.509,-0.201,-40.635,-29.662,23.87,brushing
-0.6,1.64,0.665,-40.635,-29.662,23.87,brushing
-0.6,1.64,0.665,-10.99,-74.13,23.922,brushing
-0.401,0.914,1.32,-10.99,-74.13,23.922,brushing
-0.232,0.556,1.578,-10.99,-74.13,23.922,brushing
-0.232,0.556,1.578,49.717,-66.272,2.677,brushing
0.244,0.511,0.565,49.717,-66.272,2.677,brushing
0.244,0.511,0.565,94.605,-52.92,-22.61,brushing
1.226,0.387,-0.522,94.605,-52.92,-22.61,brushing
1.226,0.387,-0.522,64.662,-61.477,-45.307,brushing
1.163,-0.154,0.15,64.662,-61.477,-45.307,brushing
1.163,-0.154,0.15,41.02,-11.287,-47.582,brushing
0.802,0.279,0.063,41.02,-11.287,-47.582,brushing
0.802,0.279,0.063,36.155,67.602,-36.382,brushing
0.676,0.576,-0.242,36.155,67.602,-36.382,brushing
0.676,0.576,-0.242,18.987,15.925,-44.222,brushing
0.195,0.007,0.026,18.987,15.925,-44.222,brushing
0.195,0.007,0.026,18.69,94.325,-48.51,brushing
-0.217,0.622,-0.081,18.69,94.325,-48.51,brushing
-0.217,0.622,-0.081,27.86,207.182,-50.295,brushing
-0.536,2.038,-0.618,27.86,207.182,-50.295,brushing
-0.536,2.038,-0.618,7.437,128.362,-36.872,brushing
-0.728,2.802,-0.76,7.437,128.362,-36.872,brushing
-0.479,1.898,-0.12,7.437,128.362,-36.872,brushing
-0.479,1.898,-0.12,-23.765,-49.017,-21.945,brushing
-0.356,1.127,0.661,-23.765,-49.017,-21.945,brushing
-0.356,1.127,0.661,-13.72,-58.782,-5.687,brushing
-0.163,0.792,1.362,-13.72,-58.782,-5.687,brushing
-0.163,0.792,1.362,37.31,-10.08,-8.662,brushing
0.565,1.06,0.648,37.31,-10.08,-8.662,brushing
0.565,1.06,0.648,74.042,-47.46,-17.517,brushing
1.438,-0.17,0.555,74.042,-47.46,-17.517,brushing
1.438,-0.17,0.555,69.825,-55.842,-14.035,brushing
1.45,0.201,0.601,69.825,-55.842,-14.035,brushing
1.45,0.201,0.601,70.665,61.425,3.99,brushing
0.958,0.992,0.477,70.665,61.425,3.99,brushing
0.958,0.992,0.477,56.157,13.492,19.372,brushing
0.73,0.485,0.175,56.157,13.492,19.372,brushing
0.73,0.485,0.175,43.802,35.262,19.425,brushing
0.068,0.8,-0.412,43.802,35.262,19.425,brushing
-0.273,1.458,-0.904,20.3,68.635,1.137,brushing
-0.67,1.655,-0.125,20.3,68.635,1.137,brushing
-0.67,1.655,-0.125,11.707,95.252,1.592,brushing
-0.73,2.869,-0.645,11.707,95.252,1.592,brushing
-0.73,2.869,-0.645,3.447,58.03,23.222,brushing
-0.643,1.416,0.298,3.447,58.03,23.222,brushing
-0.643,1.416,0.298,-3.99,-150.745,22.347,brushing
-0.429,0.227,-0.245,-3.99,-150.745,22.347,brushing
-0.429,0.227,-0.245,12.39,-85.172,14.385,brushing
0.066,0.479,0.936,12.39,-85.172,14.385,brushing
0.066,0.479,0.936,38.22,20.195,-3.955,brushing
0.56,0.748,0.635,38.22,20.195,-3.955,brushing
0.56,0.748,0.635,66.762,-51.555,-19.565,brushing
1.258,-0.003,0.145,66.762,-51.555,-19.565,brushing
1.258,-0.003,0.145,75.67,6.02,-11.427,brushing
1.349,0.498,0.122,75.67,6.02,-11.427,brushing
1.349,0.498,0.122,67.322,63.122,14.892,brushing
0.947,0.816,0.051,67.322,63.122,14.892,brushing
0.529,0.563,0.244,48.755,24.587,26.267,brushing
0.043,0.537,-0.25,48.755,24.587,26.267,brushing
0.043,0.537,-0.25,46.147,8.015,20.947,brushing
-0.229,0.488,-0.716,46.147,8.015,20.947,brushing
-0.229,0.488,-0.716,50.33,26.355,4.602,brushing
-0.708,1.403,-0.673,50.33,26.355,4.602,brushing
-0.708,1.403,-0.673,49.21,94.185,-0.857,brushing
-1.071,2.122,-0.098,49.21,94.185,-0.857,brushing
-1.071,2.122,-0.098,55.475,5.862,4.305,brushing
-0.618,1.185,-0.016,55.475,5.862,4.305,brushing
-0.618,1.185,-0.016,72.73,-86.642,-0.105,brushing
-0.351,0.212,0.215,72.73,-86.642,-0.105,brushing
-0.351,0.212,0.215,96.722,-13.615,-23.922,brushing
0.099,0.555,0.197,96.722,-13.615,-23.922,brushing
0.099,0.555,0.197,112.542,65.572,-35.087,brushing
0.958,1.317,-0.093,112.542,65.572,-35.087,brushing
0.958,1.317,-0.093,109.235,38.797,-22.855,brushing
1.494,1.562,-0.458,109.235,38.797,-22.855,brushing
1.446,1.485,-0.671,109.235,38.797,-22.855,brushing
1.446,1.485,-0.671,80.587,20.405,12.757,brushing
1.298,1.292,-0.543,80.587,20.405,12.757,brushing
1.298,1.292,-0.543,27.51,43.68,51.467,brushing
0.868,1.347,-0.564,27.51,43.68,51.467,brushing
0.868,1.347,-0.564,-28.682,67.322,70.805,brushing
0.331,0.645,-0.293,-28.682,67.322,70.805,brushing
0.331,0.645,-0.293,-78.452,25.515,40.425,brushing
-0.437,0.535,0.133,-78.452,25.515,40.425,brushing
-0.437,0.535,0.133,-96.495,60.427,-6.212,brushing
-1.15,0.957,0.896,-96.495,60.427,-6.212,brushing
-1.15,0.957,0.896,-70.945,69.947,-46.515,brushing
-1.222,1.717,0.957,-70.945,69.947,-46.515,brushing
-1.222,1.717,0.957,-25.375,-38.36,-74.742,brushing
-0.474,1.315,0.701,-25.375,-38.36,-74.742,brushing
-0.474,1.315,0.701,4.305,-118.615,-87.745,brushing
-0.421,0.645,0.253,4.305,-118.615,-87.745,brushing
-0.421,0.645,0.253,27.667,-55.737,-100.45,brushing
0.07,0.869,0.238,27.667,-55.737,-100.45,brushing
0.726,1.198,-0.083,27.667,-55.737,-100.45,brushing
0.726,1.198,-0.083,38.745,-27.772,-102.27,brushing
1.366,1.122,-0.729,38.745,-27.772,-102.27,brushing
1.366,1.122,-0.729,33.022,-30.415,-82.565,brushing
1.692,1.624,-0.871,33.022,-30.415,-82.565,brushing
1.692,1.624,-0.871,8.82,14.752,-28.227,brushing
1.164,1.417,-0.773,8.82,14.752,-28.227,brushing
1.164,1.417,-0.773,-26.075,-10.395,30.992,brushing
0.746,0.988,-0.702,-26.075,-10.395,30.992,brushing
0.746,0.988,-0.702,-63.665,-8.522,72.975,brushing
0.22,0.443,-0.58,-63.665,-8.522,72.975,brushing
0.22,0.443,-0.58,-89.88,16.45,66.132,brushing
-0.304,0.288,-0.214,-89.88,16.45,66.132,brushing
-0.304,0.288,-0.214,-96.6,54.477,21.665,brushing
-0.985,0.742,0.435,-96.6,54.477,21.665,brushing
-0.985,0.742,0.435,-71.75,50.242,-19.547,brushing
-1.197,1.339,0.571,-71.75,50.242,-19.547,brushing
-1.197,1.339,0.571,-45.255,-28.052,-43.732,brushing
-0.488,1.618,0.523,-45.255,-28.052,-43.732,brushing
-0.623,1.242,0.467,-45.255,-28.052,-43.732,brushing
-0.623,1.242,0.467,-28.087,-115.097,-52.22,brushing
-0.225,1.103,0.618,-28.087,-115.097,-52.22,brushing
-0.225,1.103,0.618,-5.145,-125.807,-59.92,brushing
0.006,1.06,0.622,-5.145,-125.807,-59.92,brushing
0.006,1.06,0.622,16.747,-154.682,-74.077,brushing
0.455,0.347,0.212,16.747,-154.682,-74.077,brushing
0.455,0.347,0.212,25.095,-127.015,-74.235,brushing
1.175,0.591,-0.331,25.095,-127.015,-74.235,brushing
1.175,0.591,-0.331,23.1,11.235,-48.037,brushing
1.582,1.085,-0.523,23.1,11.235,-48.037,brushing
1.582,1.085,-0.523,7.735,79.1,-0.822,brushing
1.31,1.499,-0.43,7.735,79.1,-0.822,brushing
1.31,1.499,-0.43,-20.16,12.67,46.392,brushing
0.741,0.797,-0.31,-20.16,12.67,46.392,brushing
0.741,0.797,-0.31,-37.992,-14.84,68.617,brushing
0.203,0.327,-0.442,-37.992,-14.84,68.617,brushing
-0.058,0.599,-0.521,-46.165,60.427,57.995,brushing
-0.481,1.238,-0.326,-46.165,60.427,57.995,brushing
-0.481,1.238,-0.326,-55.072,109.952,37.502,brushing
-0.772,1.614,0.066,-55.072,109.952,37.502,brushing
-0.772,1.614,0.066,-58.887,68.145,27.037,brushing
-0.878,1.496,0.349,-58.887,68.145,27.037,brushing
-0.878,1.496,0.349,-46.69,-21.945,19.565,brushing
-0.47,1.36,0.391,-46.69,-21.945,19.565,brushing
-0.47,1.36,0.391,-25.725,-89.092,11.672,brushing
-0.406,0.747,0.458,-25.725,-89.092,11.672,brushing
-0.406,0.747,0.458,-1.662,-98.805,-3.115,brushing
-0.106,0.51,0.533,-1.662,-98.805,-3.115,brushing
-0.106,0.51,0.533,16.31,-47.652,-15.54,brushing
0.327,0.98,0.339,16.31,-47.652,-15.54,brushing
0.327,0.98,0.339,16.45,-48.3,-21.49,brushing
0.814,0.84,-0.168,16.45,-48.3,-21.49,brushing
0.814,0.84,-0.168,2.222,-31.342,-14.525,brushing
1.17,0.531,-0.308,2.222,-31.342,-14.525,brushing
1.093,0.976,-0.076,-6.755,81.952,15.575,brushing
0.665,0.662,-0.109,-6.755,81.952,15.575,brushing
0.665,0.662,-0.109,-15.785,71.347,35.14,brushing
0.371,0.494,-0.106,-15.785,71.347,35.14,brushing
0.371,0.494,-0.106,-23.94,62.86,32.567,brushing
0.023,0.698,-0.659,-23.94,62.86,32.567,brushing
0.023,0.698,-0.659,-29.662,81.882,7.367,brushing
-0.147,0.734,-0.939,-29.662,81.882,7.367,brushing
-0.147,0.734,-0.939,-43.032,157.71,-25.217,brushing
-0.489,1.952,-0.894,-43.032,157.71,-25.217,brushing
-0.489,1.952,-0.894,-67.165,208.652,-30.187,brushing
-0.862,2.185,-0.035,-67.165,208.652,-30.187,brushing
-0.862,2.185,-0.035,-71.645,73.622,-31.517,brushing
-0.983,1.575,0.25,-71.645,73.622,-31.517,brushing
-0.983,1.575,0.25,-48.877,-19.215,-45.307,brushing
-0.266,1.518,0.197,-48.877,-19.215,-45.307,brushing
-0.266,1.518,0.197,-29.102,-24.71,-47.022,brushing
-0.206,1.375,0.482,-29.102,-24.71,-47.022,brushing
-0.088,1.366,0.438,-29.102,-24.71,-47.022,brushing
-0.088,1.366,0.438,-8.592,-40.25,-48.247,brushing
0.241,1.53,0.415,-8.592,-40.25,-48.247,brushing
0.241,1.53,0.415,-0.472,-50.855,-41.055,brushing
0.467,1.462,0.036,-0.472,-50.855,-41.055,brushing
0.467,1.462,0.036,-10.762,-94.325,-28.98,brushing
0.758,0.735,-0.116,-10.762,-94.325,-28.98,brushing
0.758,0.735,-0.116,-35.192,-101.727,-15.505,brushing
0.824,0.747,-0.012,-35.192,-101.727,-15.505,brushing
0.824,0.747,-0.012,-49.56,-37.135,-0.315,brushing
0.792,0.852,-0.125,-49.56,-37.135,-0.315,brushing
0.792,0.852,-0.125,-62.982,-58.695,13.037,brushing
0.53,0.259,-0.204,-62.982,-58.695,13.037,brushing
0.53,0.259,-0.204,-69.982,-50.085,14.892,brushing
0.303,0.183,-0.254,-69.982,-50.085,14.892,brushing
0.303,0.183,-0.254,-72.852,3.815,-0.752,brushing
0.041,0.662,-0.301,-72.852,3.815,-0.752,brushing
0.041,0.662,-0.301,-79.397,4.042,-21.577,brushing
-0.259,1.095,-0.469,-79.397,4.042,-21.577,brushing
-0.42,1.263,-0.267,-79.397,4.042,-21.577,brushing
-0.42,1.263,-0.267,-87.85,-11.882,-34.142,brushing
-0.585,1.456,-0.145,-87.85,-11.882,-34.142,brushing
-0.585,1.456,-0.145,-85.855,-3.692,-32.865,brushing
-0.472,1.376,0.129,-85.855,-3.692,-32.865,brushing
-0.472,1.376,0.129,-77.122,-28.752,-33.075,brushing
-0.517,1.279,0.312,-77.122,-28.752,-33.075,brushing
-0.517,1.279,0.312,-60.042,-64.767,-34.86,brushing
-0.259,1.095,0.302,-60.042,-64.767,-34.86,brushing
-0.259,1.095,0.302,-39.532,-76.667,-34.195,brushing
0.026,0.794,0.215,-39.532,-76.667,-34.195,brushing
0.026,0.794,0.215,-26.565,-85.697,-41.772,brushing
0.097,0.433,0.406,-26.565,-85.697,-41.772,brushing
0.097,0.433,0.406,-6.895,-58.835,-49.612,brushing
0.291,0.459,0.292,-6.895,-58.835,-49.612,brushing
0.291,0.459,0.292,8.382,-28.175,-49.14,brushing
0.449,0.577,0.053,8.382,-28.175,-49.14,brushing
0.449,0.577,0.053,10.307,-11.235,-36.627,brushing
0.498,0.76,-0.201,10.307,-11.235,-36.627,brushing
0.426,0.859,-0.239,10.307,-11.235,-36.627,brushing
0.426,0.859,-0.239,3.167,9.397,-12.407,brushing
0.153,0.956,-0.197,3.167,9.397,-12.407,brushing
0.153,0.956,-0.197,-1.802,32.2,14.087,brushing
-0.174,0.826,0.004,-1.802,32.2,14.087,brushing
-0.174,0.826,0.004,4.532,23.31,24.885,brushing
-0.293,0.668,-0.261,4.532,23.31,24.885,brushing
-0.293,0.668,-0.261,13.702,-16.205,11.69,brushing
-0.476,0.602,-0.349,13.702,-16.205,11.69,brushing
-0.476,0.602,-0.349,18.48,-18.235,-3.062,brushing
-0.562,0.947,-0.325,18.48,-18.235,-3.062,brushing
-0.562,0.947,-0.325,20.282,-33.355,-14.175,brushing
-0.521,1.258,-0.05,20.282,-33.355,-14.175,brushing
-0.521,1.258,-0.05,28.77,-124.372,-22.715,brushing
-0.395,1.208,0.138,28.77,-124.372,-22.715,brushing
-0.395,1.208,0.138,46.795,-235.707,-30.607,brushing
-0.258,1.039,0.173,46.795,-235.707,-30.607,brushing
-0.106,0.711,0.259,67.707,-300.72,-37.38,brushing
0.074,0.555,0.272,67.707,-300.72,-37.38,brushing
0.074,0.555,0.272,94.867,-287.035,-41.475,brushing
0.16,0.526,0.318,94.867,-287.035,-41.475,brushing
0.16,0.526,0.318,124.565,-198.87,-32.515,brushing
0.153,0.756,0.333,124.565,-198.87,-32.515,brushing
0.153,0.756,0.333,150.972,-95.392,-21.262,brushing
0.23,0.876,0.277,150.972,-95.392,-21.262,brushing
0.23,0.876,0.277,164.5,-30.992,-10.202,brushing
0.343,0.886,0.288,164.5,-30.992,-10.202,brushing
0.343,0.886,0.288,165.462,47.985,3.587,brushing
0.294,1.094,0.455,165.462,47.985,3.587,brushing
0.294,1.094,0.455,160.195,118.685,22.382,brushing
0.26,1.28,0.548,160.195,118.685,22.382,brushing
0.26,1.28,0.548,145.6,88.27,28.84,brushing
0.3,0.817,0.551,145.6,88.27,28.84,brushing
0.3,0.817,0.551,129.78,98.525,26.547,brushing
0.396,0.777,0.398,129.78,98.525,26.547,brushing
0.512,1.038,0.4,108.727,155.33,27.86,brushing
0.482,1.31,0.445,108.727,155.33,27.86,brushing
0.482,1.31,0.445,81.532,170.66,31.587,brushing
0.494,1.253,0.44,81.532,170.66,31.587,brushing
0.494,1.253,0.44,57.767,155.575,39.48,brushing
0.5,1.273,0.498,57.767,155.575,39.48,brushing
0.5,1.273,0.498,41.335,156.222,52.5,brushing
0.428,1.21,0.547,41.335,156.222,52.5,brushing
0.428,1.21,0.547,31.43,142.607,60.97,brushing
0.364,1.14,0.508,31.43,142.607,60.97,brushing
0.364,1.14,0.508,26.005,102.952,57.277,brushing
0.308,0.849,0.467,26.005,102.952,57.277,brushing
0.308,0.849,0.467,24.85,78.697,45.15,brushing
0.238,0.886,0.381,24.85,78.697,45.15,brushing
0.238,0.886,0.381,24.64,81.357,34.93,brushing
0.373,1.101,-0.16,24.64,81.357,34.93,brushing
0.373,1.101,-0.16,7,80.115,32.532,brushing
0.254,0.933,-0.219,7,80.115,32.532,brushing
0.205,0.605,-0.269,7,80.115,32.532,brushing
0.205,0.605,-0.269,-13.405,82.407,27.23,brushing
0.192,0.599,-0.426,-13.405,82.407,27.23,brushing
0.192,0.599,-0.426,-33.162,79.59,11.077,brushing
0.128,0.879,-0.182,-33.162,79.59,11.077,brushing
0.128,0.879,-0.182,-48.947,82.057,0.105,brushing
0.041,0.747,-0.104,-48.947,82.057,0.105,brushing
0.041,0.747,-0.104,-50.907,37.905,-13.527,brushing
0.108,0.751,-0.126,-50.907,37.905,-13.527,brushing
0.108,0.751,-0.126,-41.09,61.39,-14.857,brushing
0.12,0.879,-0.047,-41.09,61.39,-14.857,brushing
0.12,0.879,-0.047,-25.76,84.49,-11.707,brushing
0.158,0.867,-0.074,-25.76,84.49,-11.707,brushing
0.158,0.867,-0.074,-13.842,51.905,-20.79,brushing
0.108,0.607,0.142,-13.842,51.905,-20.79,brushing
0.108,0.607,0.142,1.715,7.892,-40.162,brushing
0.2,0.911,-0.084,1.715,7.892,-40.162,brushing
0.2,0.911,-0.084,14.21,-2.66,-44.957,brushing
0.293,0.999,-0.194,14.21,-2.66,-44.957,brushing
0.58,1.387,-0.684,14.21,-2.66,-44.957,brushing
0.58,1.387,-0.684,21.21,43.435,-32.305,brushing
0.963,2.043,-0.885,21.21,43.435,-32.305,brushing
0.963,2.043,-0.885,1.89,95.76,6.772,brushing
0.693,1.74,-0.423,1.89,95.76,6.772,brushing
0.693,1.74,-0.423,-30.555,17.92,42.507,brushing
0.596,1.24,-0.291,-30.555,17.92,42.507,brushing
0.596,1.24,-0.291,-47.232,-2.992,76.317,brushing
0.47,0.861,-0.112,-47.232,-2.992,76.317,brushing
0.47,0.861,-0.112,-52.64,32.06,89.442,brushing
0.275,0.736,-0.146,-52.64,32.06,89.442,brushing
0.275,0.736,-0.146,-57.645,12.932,76.405,brushing
-0.081,0.046,0.156,-57.645,12.932,76.405,brushing
-0.081,0.046,0.156,-47.652,-9.677,29.277,brushing
-0.365,-0.433,0.311,-47.652,-9.677,29.277,brushing
-0.365,-0.433,0.311,-23.782,20.982,-29.802,brushing
-0.103,0.479,0.119,-23.782,20.982,-29.802,brushing
-0.103,0.479,0.119,-6.825,31.465,-57.382,brushing
-0.065,1.01,0.225,-6.825,31.465,-57.382,brushing
-0.114,0.766,0.187,-6.825,31.465,-57.382,brushing
-0.114,0.766,0.187,5.32,-60.777,-80.675,brushing
0.008,0.908,0.096,5.32,-60.777,-80.675,brushing
0.008,0.908,0.096,10.885,-148.225,-103.617,brushing
0.108,0.864,0.031,10.885,-148.225,-103.617,brushing
0.108,0.864,0.031,14.437,-190.382,-117.215,brushing
0.239,1.225,-0.197,14.437,-190.382,-117.215,brushing
0.239,1.225,-0.197,19.32,-117.88,-105.07,brushing
0.469,2.015,-0.413,19.32,-117.88,-105.07,brushing
0.469,2.015,-0.413,14.63,-58.642,-63.822,brushing
0.646,2.188,-0.511,14.63,-58.642,-63.822,brushing
0.646,2.188,-0.511,0.542,-40.127,-3.01,brushing
0.733,2.177,-0.467,0.542,-40.127,-3.01,brushing
0.733,2.177,-0.467,-13.947,-35.14,57.61,brushing
0.601,1.364,-0.399,-13.947,-35.14,57.61,brushing
0.601,1.364,-0.399,-22.032,1.96,96.04,brushing
0.475,1.222,-0.168,-22.032,1.96,96.04,brushing
0.475,1.222,-0.168,-26.687,11.077,115.85,brushing
0.075,0.906,0.121,-26.687,11.077,115.85,brushing
-0.137,0.208,0.203,-26.687,11.077,115.85,brushing
-0.137,0.208,0.203,-17.587,-1.225,95.882,brushing
-0.422,0.361,0.344,-17.587,-1.225,95.882,brushing
-0.422,0.361,0.344,-6.317,12.372,55.545,brushing
-0.549,0.272,0.318,-6.317,12.372,55.545,brushing
-0.549,0.272,0.318,9.992,-23.52,2.257,brushing
-0.356,0.981,0.291,9.992,-23.52,2.257,brushing
-0.356,0.981,0.291,14.612,-53.287,-28.805,brushing
-0.24,1.094,0.322,14.612,-53.287,-28.805,brushing
-0.24,1.094,0.322,1.225,-133.245,-50.435,brushing
-0.145,0.711,0.308,1.225,-133.245,-50.435,brushing
-0.145,0.711,0.308,-15.96,-174.265,-72.712,brushing
0.078,0.439,0.375,-15.96,-174.265,-72.712,brushing
0.078,0.439,0.375,-23.712,-136.902,-85.417,brushing
0.341,0.772,0.309,-23.712,-136.902,-85.417,brushing
0.341,0.772,0.309,-22.12,-121.852,-98.21,brushing
0.783,1.184,0.051,-22.12,-121.852,-98.21,brushing
0.961,1.561,-0.06,-16.8,-73.027,-88.252,brushing
0.952,2.105,0.002,-16.8,-73.027,-88.252,brushing
0.952,2.105,0.002,-13.79,-20.947,-38.412,brushing
0.781,1.984,0.024,-13.79,-20.947,-38.412,brushing
0.781,1.984,0.024,-14.262,-23.24,30.782,brushing
0.539,1.493,0.062,-14.262,-23.24,30.782,brushing
0.539,1.493,0.062,-13.912,-34.457,88.007,brushing
0.198,0.719,0.023,-13.912,-34.457,88.007,brushing
0.198,0.719,0.023,-11.007,-41.772,108.36,brushing
-0.02,0.154,0.105,-11.007,-41.772,108.36,brushing
-0.02,0.154,0.105,-5.687,-8.4,93.327,brushing
-0.212,0.207,0.153,-5.687,-8.4,93.327,brushing
-0.212,0.207,0.153,0.087,-9.695,54.6,brushing
-0.367,-0.03,0.039,0.087,-9.695,54.6,brushing
-0.367,-0.03,0.039,9.38,7.665,12.862,brushing
-0.337,0.469,0.048,9.38,7.665,12.862,brushing
-0.337,0.469,0.048,20.982,56.157,-10.062,brushing
-0.319,0.918,0.223,20.982,56.157,-10.062,brushing
-0.224,0.756,0.268,27.457,18.34,-31.867,brushing
-0.144,0.551,0.315,27.457,18.34,-31.867,brushing
-0.144,0.551,0.315,26.075,-14.157,-54.477,brushing
-0.039,0.685,0.266,26.075,-14.157,-54.477,brushing
-0.039,0.685,0.266,19.39,-46.112,-82.11,brushing
0.143,0.626,0.081,19.39,-46.112,-82.11,brushing
0.143,0.626,0.081,12.285,-32.41,-99.995,brushing
0.337,1.344,0.069,12.285,-32.41,-99.995,brushing
0.337,1.344,0.069,3.92,16.17,-97.247,brushing
0.604,2.063,0.049,3.92,16.17,-97.247,brushing
0.604,2.063,0.049,-6.72,19.932,-62.597,brushing
0.731,2.383,0.167,-6.72,19.932,-62.597,brushing
0.731,2.383,0.167,-9.38,23.047,4.305,brushing
0.587,1.646,0.368,-9.38,23.047,4.305,brushing
0.587,1.646,0.368,-3.482,12.215,51.117,brushing
0.453,1.111,0.478,-3.482,12.215,51.117,brushing
0.453,1.111,0.478,10.29,24.22,67.27,brushing
0.35,0.726,0.59,10.29,24.22,67.27,brushing
0.134,0.732,0.532,10.29,24.22,67.27,brushing
0.134,0.732,0.532,23.992,14.875,62.755,brushing
0.064,0.579,0.384,23.992,14.875,62.755,brushing
0.064,0.579,0.384,31.115,-29.417,46.27,brushing
0.066,0.919,0.261,31.115,-29.417,46.27,brushing
0.066,0.919,0.261,34.037,-39.9,35.945,brushing
0.077,1.011,0.122,34.037,-39.9,35.945,brushing
0.077,1.011,0.122,30.957,-59.29,31.535,brushing
0.095,0.628,-0.027,30.957,-59.29,31.535,brushing
0.095,0.628,-0.027,23.765,-57.225,20.79,brushing
0.078,0.181,-0.059,23.765,-57.225,20.79,brushing
0.078,0.181,-0.059,18.217,-35.682,-6.09,brushing
0.086,0.244,-0.03,18.217,-35.682,-6.09,brushing
0.086,0.244,-0.03,20.055,9.03,-27.982,brushing
0.136,0.924,0.047,20.055,9.03,-27.982,brushing
0.136,0.924,0.047,26.547,44.345,-27.055,brushing
0.202,1.267,0.098,26.547,44.345,-27.055,brushing
0.202,1.267,0.098,26.372,35.507,-17.255,brushing
0.236,1.182,0.108,26.372,35.507,-17.255,brushing
0.26,0.888,0.24,26.372,35.507,-17.255,brushing
0.26,0.888,0.24,25.27,19.092,-5.267,brushing
0.206,0.788,0.204,25.27,19.092,-5.267,brushing
0.206,0.788,0.204,26.11,15.855,-8.015,brushing
0.269,0.992,0.142,26.11,15.855,-8.015,brushing
0.269,0.992,0.142,20.65,21.245,-12.967,brushing
0.309,1.26,0.065,20.65,21.245,-12.967,brushing
0.309,1.26,0.065,2.905,22.347,-5.687,brushing
0.255,1.231,0.07,2.905,22.347,-5.687,brushing
0.255,1.231,0.07,-14.472,17.85,6.877,brushing
0.196,0.928,0.154,-14.472,17.85,6.877,brushing
0.196,0.928,0.154,-27.545,16.782,6.125,brushing
0.125,0.775,0.193,-27.545,16.782,6.125,brushing
0.125,0.775,0.193,-34.282,10.185,-8.522,brushing
0.114,0.913,0.163,-34.282,10.185,-8.522,brushing
0.114,0.913,0.163,-40.6,0.017,-18.515,brushing
0.142,1.191,0.1,-40.6,0.017,-18.515,brushing
0.142,1.191,0.1,-50.032,-6.247,-16.555,brushing
0.156,1.278,0.051,-50.032,-6.247,-16.555,brushing
0.187,1.004,0.205,-50.032,-6.247,-16.555,brushing
0.187,1.004,0.205,-52.272,22.61,-9.065,brushing
0.137,0.879,0.283,-52.272,22.61,-9.065,brushing
0.137,0.879,0.283,-47.285,29.767,-15.207,brushing
0.133,0.836,0.394,-47.285,29.767,-15.207,brushing
0.133,0.836,0.394,-38.972,5.337,-26.81,brushing
0.078,1.072,0.297,-38.972,5.337,-26.81,brushing
0.078,1.072,0.297,-36.067,-42.122,-34.842,brushing
0.204,0.897,0.224,-36.067,-42.122,-34.842,brushing
0.204,0.897,0.224,-33.425,-24.185,-32.69,brushing
0.281,1.074,0.164,-33.425,-24.185,-32.69,brushing
0.281,1.074,0.164,-26.862,0.857,-23.537,brushing
0.533,0.873,0.301,-26.862,0.857,-23.537,brushing
0.533,0.873,0.301,-15.207,14.332,-19.827,brushing
0.66,0.791,0.443,-15.207,14.332,-19.827,brushing
0.66,0.791,0.443,-0.752,14.63,-16.012,brushing
0.695,0.72,0.471,-0.752,14.63,-16.012,brushing
0.659,0.857,0.421,16.66,30.205,-0.192,brushing
0.607,1.246,0.381,16.66,30.205,-0.192,brushing
0.607,1.246,0.381,30.765,43.102,26.547,brushing
0.551,1.418,0.253,30.765,43.102,26.547,brushing
0.551,1.418,0.253,36.54,15.312,53.217,brushing
0.441,1.33,0.163,36.54,15.312,53.217,brushing
0.441,1.33,0.163,34.79,-17.272,77.42,brushing
0.343,1.153,0.027,34.79,-17.272,77.42,brushing
0.343,1.153,0.027,25.27,-43.295,89.81,brushing
0.245,1,-0.089,25.27,-43.295,89.81,brushing
0.245,1,-0.089,10.167,-35.472,93.082,brushing
0.116,0.664,-0.088,10.167,-35.472,93.082,brushing
0.116,0.664,-0.088,-8.102,-8.4,77.647,brushing
-0.154,0.331,-0.118,-8.102,-8.4,77.647,brushing
-0.154,0.331,-0.118,-25.515,-11.095,34.387,brushing
-0.375,-0.034,-0.047,-25.515,-11.095,34.387,brushing
-0.375,-0.034,-0.047,-41.492,-4.252,-22.662,brushing
-0.309,0.4,-0.01,-41.492,-4.252,-22.662,brushing
-0.207,1.055,0.2,-55.772,-2.31,-59.692,brushing
-0.121,1.123,0.276,-55.772,-2.31,-59.692,brushing
-0.121,1.123,0.276,-69.562,-65.817,-89.407,brushing
-0.096,1.247,0.324,-69.562,-65.817,-89.407,brushing
-0.096,1.247,0.324,-81.602,-114.152,-101.29,brushing
-0.022,1.145,0.447,-81.602,-114.152,-101.29,brushing
-0.022,1.145,0.447,-86.45,-137.147,-101.062,brushing
0.164,1.22,0.502,-86.45,-137.147,-101.062,brushing
0.164,1.22,0.502,-85.785,-120.155,-94.99,brushing
0.251,1.37,0.643,-85.785,-120.155,-94.99,brushing
0.251,1.37,0.643,-79.642,-119.63,-83.072,brushing
0.296,1.367,0.701,-79.642,-119.63,-83.072,brushing
0.296,1.367,0.701,-69.195,-141.312,-66.045,brushing
0.385,1.478,0.568,-69.195,-141.312,-66.045,brushing
0.385,1.478,0.568,-57.697,-145.302,-34.79,brushing
0.39,1.368,0.48,-57.697,-145.302,-34.79,brushing
0.39,1.368,0.48,-49.682,-159.477,-7.35,brushing
0.331,1.006,0.369,-49.682,-159.477,-7.35,brushing
0.293,0.754,0.3,-49.682,-159.477,-7.35,brushing
0.293,0.754,0.3,-42.577,-155.785,8.155,brushing
0.197,0.468,0.303,-42.577,-155.785,8.155,brushing
0.197,0.468,0.303,-33.407,-117.95,14.84,brushing
0.105,0.439,0.232,-33.407,-117.95,14.84,brushing
0.105,0.439,0.232,-22.102,-58.257,13.212,brushing
0.055,0.521,0.11,-22.102,-58.257,13.212,brushing
0.055,0.521,0.11,-19.95,-6.965,8.452,brushing
-0.062,0.628,0.172,-19.95,-6.965,8.452,brushing
-0.062,0.628,0.172,-23.73,26.6,1.522,brushing
-0.181,0.813,0.381,-23.73,26.6,1.522,brushing
-0.181,0.813,0.381,-20.142,34.65,-3.727,brushing
-0.066,1.059,0.476,-20.142,34.65,-3.727,brushing
-0.066,1.059,0.476,-12.302,36.855,-0.227,brushing
0.042,0.566,0.178,-12.302,36.855,-0.227,brushing
0.042,0.566,0.178,-22.767,75.075,-1.137,brushing
-0.321,0.186,0.52,-22.767,75.075,-1.137,brushing
-0.321,0.186,0.52,-4.095,242.97,-0.315,brushing
-0.291,0.921,0.831,-4.095,242.97,-0.315,brushing
-0.302,0.884,0.795,-4.095,242.97,-0.315,brushing
-0.302,0.884,0.795,21.367,259.14,-7.157,brushing
-0.112,1.518,0.402,21.367,259.14,-7.157,brushing
-0.112,1.518,0.402,35.192,138.705,-26.565,brushing
0.041,1.475,0.443,35.192,138.705,-26.565,brushing
0.041,1.475,0.443,23.887,-51.047,-37.852,brushing
-0.023,0.867,0.502,23.887,-51.047,-37.852,brushing
-0.023,0.867,0.502,18.567,-96.162,-38.08,brushing
-0.043,0.944,0.548,18.567,-96.162,-38.08,brushing
-0.043,0.944,0.548,22.33,-48.965,-33.775,brushing
-0.026,1.069,0.497,22.33,-48.965,-33.775,brushing
-0.026,1.069,0.497,20.93,-62.947,-32.725,brushing
0.063,0.975,0.381,20.93,-62.947,-32.725,brushing
0.063,0.975,0.381,15.75,-68.512,-27.772,brushing
0.044,0.815,0.353,15.75,-68.512,-27.772,brushing
0.044,0.815,0.353,13.177,-60.515,-26.04,brushing
-0.079,0.717,0.459,13.177,-60.515,-26.04,brushing
-0.079,0.717,0.459,16.152,-58.415,-29.242,brushing
-0.098,0.62,0.417,16.152,-58.415,-29.242,brushing
-0.002,0.718,0.219,16.152,-58.415,-29.242,brushing
-0.002,0.718,0.219,19.407,-31.395,-30.59,brushing
0.013,0.691,0.168,19.407,-31.395,-30.59,brushing
0.013,0.691,0.168,16.012,-11.235,-29.645,brushing
0.025,0.691,0.07,16.012,-11.235,-29.645,brushing
0.025,0.691,0.07,12.46,15.75,-26.075,brushing
0.071,0.704,0.013,12.46,15.75,-26.075,brushing
0.071,0.704,0.013,8.697,46.375,-18.952,brushing
0.004,0.698,0.111,8.697,46.375,-18.952,brushing
0.004,0.698,0.111,8.68,63.052,-16.87,brushing
-0.078,0.492,0.218,8.68,63.052,-16.87,brushing
-0.078,0.492,0.218,19.74,88.41,-18.34,brushing
-0.06,0.476,-0.012,19.74,88.41,-18.34,brushing
-0.06,0.476,-0.012,26.67,129.552,-23.712,brushing
-0.022,0.951,-0.064,26.67,129.552,-23.712,brushing
-0.022,0.951,-0.064,26.88,145.985,-18.025,brushing
-0.023,1.376,0.112,26.88,145.985,-18.025,brushing
-0.023,1.376,0.112,30.047,129.937,4.55,brushing
0.025,1.466,0.122,30.047,129.937,4.55,brushing
0.147,1.293,0.072,30.047,129.937,4.55,brushing
0.147,1.293,0.072,36.47,117.022,34.195,brushing
0.255,1.268,0.038,36.47,117.022,34.195,brushing
0.255,1.268,0.038,47.355,119.07,61.162,brushing
0.419,1.347,-0.022,47.355,119.07,61.162,brushing
0.419,1.347,-0.022,61.687,125.685,85.785,brushing
0.435,1.259,-0.035,61.687,125.685,85.785,brushing
0.435,1.259,-0.035,74.357,119.84,96.11,brushing
0.371,1.085,0,74.357,119.84,96.11,brushing
0.371,1.085,0,86.642,129.167,105.245,brushing
0.426,1.13,-0.137,86.642,129.167,105.245,brushing
0.426,1.13,-0.137,89.74,153.877,120.365,brushing
0.408,1.235,-0.05,89.74,153.877,120.365,brushing
0.408,1.235,-0.05,79.362,115.342,121.205,brushing
0.107,0.837,0.311,79.362,115.342,121.205,brushing
0.107,0.837,0.311,84.77,66.64,99.907,brushing
-0.128,0.321,0.552,84.77,66.64,99.907,brushing
-0.19,0.462,0.521,104.965,57.382,61.67,brushing
-0.153,0.932,0.378,104.965,57.382,61.67,brushing
-0.153,0.932,0.378,109.9,22.487,21.332,brushing
-0.128,0.97,0.315,109.9,22.487,21.332,brushing
-0.128,0.97,0.315,98.892,-55.685,-9.957,brushing
-0.033,0.785,0.211,98.892,-55.685,-9.957,brushing
-0.033,0.785,0.211,80.307,-110.757,-37.222,brushing
0.052,0.818,0.032,80.307,-110.757,-37.222,brushing
0.052,0.818,0.032,55.177,-85.645,-53.27,brushing
0.132,0.995,-0.011,55.177,-85.645,-53.27,brushing
0.132,0.995,-0.011,33.81,-14.49,-62.37,brushing
0.257,1.457,0.015,33.81,-14.49,-62.37,brushing
0.257,1.457,0.015,16.415,-24.377,-64.925,brushing
0.307,1.802,-0.111,16.415,-24.377,-64.925,brushing
0.307,1.802,-0.111,3.78,-82.337,-52.08,brushing
0.359,1.628,-0.206,3.78,-82.337,-52.08,brushing
0.359,1.628,-0.206,-9.607,-47.775,-21.28,brushing
0.37,1.713,-0.223,-9.607,-47.775,-21.28,brushing
0.277,1.776,-0.146,-9.607,-47.775,-21.28,brushing
0.277,1.776,-0.146,-24.202,-7.997,16.467,brushing
0.123,1.278,-0.035,-24.202,-7.997,16.467,brushing
0.123,1.278,-0.035,-33.932,-23.292,38.08,brushing
0.021,0.89,0.016,-33.932,-23.292,38.08,brushing
0.021,0.89,0.016,-38.955,-28.595,43.732,brushing
-0.084,0.619,0.085,-38.955,-28.595,43.732,brushing
-0.084,0.619,0.085,-42.192,-14.192,35.717,brushing
-0.175,0.55,0.11,-42.192,-14.192,35.717,brushing
-0.175,0.55,0.11,-41.002,-8.032,16.887,brushing
-0.185,0.756,0.092,-41.002,-8.032,16.887,brushing
-0.185,0.756,0.092,-34.317,-15.4,-1.82,brushing
-0.065,1.038,0.122,-34.317,-15.4,-1.82,brushing
-0.065,1.038,0.122,-26.565,-27.125,-7.245,brushing
0.014,1.076,0.076,-26.565,-27.125,-7.245,brushing
0.014,1.076,0.076,-21.42,-42.84,-8.26,brushing
0.109,0.884,0.059,-21.42,-42.84,-8.26,brushing
0.109,0.884,0.059,-17.08,-41.597,-8.47,brushing
0.135,0.774,0.124,-17.08,-41.597,-8.47,brushing
0.158,0.898,0.181,-17.08,-41.597,-8.47,brushing
0.158,0.898,0.181,-7.875,-33.46,-10.64,brushing
0.174,1.014,0.216,-7.875,-33.46,-10.64,brushing
0.174,1.014,0.216,1.837,-47.547,-10.167,brushing
0.203,0.896,0.171,1.837,-47.547,-10.167,brushing
0.203,0.896,0.171,10.132,-57.785,-7.787,brushing
0.234,0.838,0.066,10.132,-57.785,-7.787,brushing
0.234,0.838,0.066,18.672,-26.74,-2.397,brushing
0.281,0.88,-0.007,18.672,-26.74,-2.397,brushing
0.281,0.88,-0.007,20.387,-15.942,0.91,brushing
0.294,1.038,-0.011,20.387,-15.942,0.91,brushing
0.294,1.038,-0.011,16.502,-26.495,4.585,brushing
0.249,0.952,0.008,16.502,-26.495,4.585,brushing
0.249,0.952,0.008,12.145,-18.34,10.85,brushing
0.179,0.884,0.002,12.145,-18.34,10.85,brushing
0.179,0.884,0.002,7.857,-6.842,11.515,brushing
0.148,0.707,0.073,7.857,-6.842,11.515,brushing
0.148,0.707,0.073,6.037,10.99,8.89,brushing
0.135,0.943,0.131,6.037,10.99,8.89,brushing
0.097,1.098,0.218,6.037,10.99,8.89,brushing
0.097,1.098,0.218,6.09,-1.697,6.3,brushing
0.069,1.09,0.215,6.09,-1.697,6.3,brushing
0.069,1.09,0.215,9.695,-19.88,8.4,brushing
0.059,0.852,0.226,9.695,-19.88,8.4,brushing
0.059,0.852,0.226,14.21,-24.937,7.332,brushing
0.109,0.949,0.188,14.21,-24.937,7.332,brushing
0.109,0.949,0.188,18.077,-17.325,4.812,brushing
0.153,0.974,0.121,18.077,-17.325,4.812,brushing
0.153,0.974,0.121,15.855,-32.567,0.665,brushing
0.162,0.893,0.102,15.855,-32.567,0.665,brushing
0.162,0.893,0.102,11.392,-28.945,-2.485,brushing
0.168,0.843,0.167,11.392,-28.945,-2.485,brushing
0.168,0.843,0.167,8.26,-7.28,-4.147,brushing
0.154,1.004,0.242,8.26,-7.28,-4.147,brushing
0.154,1.004,0.242,7.385,-13.562,-3.657,brushing
0.15,1.174,0.236,7.385,-13.562,-3.657,brushing
0.15,1.174,0.236,6.562,-44.467,-2.222,brushing
0.131,0.863,0.22,6.562,-44.467,-2.222,brushing
0.155,0.847,0.238,6.562,-44.467,-2.222,brushing
0.155,0.847,0.238,8.802,-28.42,-1.172,brushing
0.174,0.913,0.221,8.802,-28.42,-1.172,brushing
0.174,0.913,0.221,12.232,-11.322,-2.065,brushing
0.17,1.21,0.239,12.232,-11.322,-2.065,brushing
0.17,1.21,0.239,16.152,-21.647,0.875,brushing
0.127,1.113,0.244,16.152,-21.647,0.875,brushing
0.127,1.113,0.244,18.795,-60.515,5.827,brushing
0.132,0.849,0.212,18.795,-60.515,5.827,brushing
0.132,0.849,0.212,24.29,-49.875,8.522,brushing
0.151,0.832,0.219,24.29,-49.875,8.522,brushing
0.151,0.832,0.219,30.187,-31.745,6.37,brushing
0.186,0.778,0.211,30.187,-31.745,6.37,brushing
0.186,0.778,0.211,35.14,-20.492,3.692,brushing
0.218,1.006,0.219,35.14,-20.492,3.692,brushing
0.218,1.006,0.219,36.627,-29.382,4.165,brushing
0.218,1.051,0.199,36.627,-29.382,4.165,brushing
0.197,0.863,0.174,34.475,-37.537,6.597,brushing
0.202,0.746,0.211,34.475,-37.537,6.597,brushing
0.202,0.746,0.211,32.042,-19.81,5.897,brushing
0.232,0.827,0.244,32.042,-19.81,5.897,brushing
0.232,0.827,0.244,30.572,-2.1,1.645,brushing
0.235,1.047,0.271,30.572,-2.1,1.645,brushing
0.235,1.047,0.271,28.735,-6.3,1.33,brushing
0.212,1.048,0.307,28.735,-6.3,1.33,brushing
0.212,1.048,0.307,27.352,-26.565,4.725,brushing
0.223,1.004,0.34,27.352,-26.565,4.725,brushing
0.223,1.004,0.34,29.75,-33.267,7.892,brushing
0.309,0.988,0.255,29.75,-33.267,7.892,brushing
0.309,0.988,0.255,34.825,-1.995,16.835,brushing
0.472,1.463,0.258,34.825,-1.995,16.835,brushing
0.472,1.463,0.258,37.152,41.667,53.27,brushing
0.497,2.027,0.367,37.152,41.667,53.27,brushing
0.497,2.027,0.367,25.55,-73.605,73.325,brushing
0.325,0.984,0.042,25.55,-73.605,73.325,brushing
0.308,0.325,-0.016,25.55,-73.605,73.325,brushing
0.308,0.325,-0.016,12.407,-95.742,71.75,brushing
0.174,0.289,0,12.407,-95.742,71.75,brushing
0.174,0.289,0,-3.08,-1.172,57.802,brushing
0.074,0.391,0.122,-3.08,-1.172,57.802,brushing
0.074,0.391,0.122,-22.925,43.347,26.95,brushing
0.011,0.563,0.264,-22.925,43.347,26.95,brushing
0.011,0.563,0.264,-37.205,55.877,-0.997,brushing
0.006,0.86,0.35,-37.205,55.877,-0.997,brushing
0.006,0.86,0.35,-41.51,74.462,-14.157,brushing
0.001,1.043,0.358,-41.51,74.462,-14.157,brushing
0.001,1.043,0.358,-38.062,98.805,-14.227,brushing
0.02,0.991,0.371,-38.062,98.805,-14.227,brushing
0.02,0.991,0.371,-31.202,112.472,-15.557,brushing
0.069,0.793,0.333,-31.202,112.472,-15.557,brushing
0.069,0.793,0.333,-23.135,104.947,-26.635,brushing
0.124,0.771,0.27,-23.135,104.947,-26.635,brushing
0.124,0.771,0.27,-20.947,66.132,-41.807,brushing
0.167,0.824,0.119,-20.947,66.132,-41.807,brushing
0.211,0.795,0.011,-20.947,66.132,-41.807,brushing
0.211,0.795,0.011,-22.417,29.575,-53.585,brushing
0.267,0.83,0.053,-22.417,29.575,-53.585,brushing
0.267,0.83,0.053,-25.445,4.515,-62.755,brushing
0.278,0.816,0.115,-25.445,4.515,-62.755,brushing
0.278,0.816,0.115,-28.035,-28.367,-74.62,brushing
0.263,0.708,0.099,-28.035,-28.367,-74.62,brushing
0.263,0.708,0.099,-26.092,-19.687,-79.467,brushing
0.225,0.994,0.128,-26.092,-19.687,-79.467,brushing
0.225,0.994,0.128,-18.462,25.06,-71.732,brushing
0.239,1.571,0.031,-18.462,25.06,-71.732,brushing
0.239,1.571,0.031,-14.927,5.355,-53.935,brushing
0.271,1.785,-0.009,-14.927,5.355,-53.935,brushing
0.271,1.785,-0.009,-14.962,-28.28,-19.32,brushing
0.281,1.739,-0.022,-14.962,-28.28,-19.32,brushing
0.281,1.739,-0.022,-13.632,-9.8,26.372,brushing
0.192,1.328,0.061,-13.632,-9.8,26.372,brushing
0.192,1.328,0.061,-8.785,6.055,50.837,brushing
0.147,1.14,0.141,-8.785,6.055,50.837,brushing
0.069,0.887,0.126,-8.785,6.055,50.837,brushing
0.069,0.887,0.126,-7.787,-19.757,53.13,brushing
-0.05,0.542,0.13,-7.787,-19.757,53.13,brushing
-0.05,0.542,0.13,-8.277,-17.71,42.77,brushing
-0.166,0.511,0.146,-8.277,-17.71,42.77,brushing
-0.166,0.511,0.146,-7.245,9.432,23.03,brushing
-0.144,0.727,0.119,-7.245,9.432,23.03,brushing
-0.144,0.727,0.119,-6.772,8.33,-1.242,brushing
-0.07,1.106,0.09,-6.772,8.33,-1.242,brushing
-0.07,1.106,0.09,-9.905,-5.512,-10.885,brushing
0.028,1.13,0.08,-9.905,-5.512,-10.885,brushing
0.028,1.13,0.08,-15.645,-21.297,-10.99,brushing
-0.007,1.107,0.106,-15.645,-21.297,-10.99,brushing
-0.007,1.107,0.106,-17.745,-14.612,-2.362,brushing
0.079,1.474,0.165,-17.745,-14.612,-2.362,brushing
0.079,1.474,0.165,-20.877,-24.85,0.682,brushing
0.352,0.293,0.059,-20.877,-24.85,0.682,brushing
0.352,0.293,0.059,-21.857,10.272,-12.74,brushing
0.402,0.719,0.114,-21.857,10.272,-12.74,brushing
0.378,0.888,0.375,-21.857,10.272,-12.74,brushing
0.378,0.888,0.375,-18.305,41.23,-15.89,brushing
0.398,1.041,0.463,-18.305,41.23,-15.89,brushing
0.398,1.041,0.463,-11.147,10.447,-13.492,brushing
0.388,0.765,0.413,-11.147,10.447,-13.492,brushing
0.388,0.765,0.413,-0.892,-3.867,-8.872,brushing
0.359,0.846,0.354,-0.892,-3.867,-8.872,brushing
0.359,0.846,0.354,9.257,-7.42,-3.937,brushing
0.361,0.748,0.279,9.257,-7.42,-3.937,brushing
0.361,0.748,0.279,17.78,5.67,1.785,brushing
0.392,0.781,0.241,17.78,5.67,1.785,brushing
0.392,0.781,0.241,28.122,49.77,11.987,brushing
0.415,0.974,0.179,28.122,49.77,11.987,brushing
0.415,0.974,0.179,32.567,34.475,16.59,brushing
0.368,1.005,0.067,32.567,34.475,16.59,brushing
0.368,1.005,0.067,25.742,-16.607,11.865,brushing
0.309,0.758,-0.112,25.742,-16.607,11.865,brushing
0.309,0.758,-0.112,16.17,18.76,9.765,brushing
0.257,0.794,-0.142,16.17,18.76,9.765,brushing
0.188,1.161,-0.24,16.17,18.76,9.765,brushing
0.188,1.161,-0.24,4.095,57.452,13.317,brushing
0.073,1.487,-0.166,4.095,57.452,13.317,brushing
0.073,1.487,-0.166,-9.765,64.557,25.655,brushing
-0.061,1.314,-0.23,-9.765,64.557,25.655,brushing
-0.061,1.314,-0.23,-21,38.29,29.68,brushing
-0.167,0.993,-0.162,-21,38.29,29.68,brushing
-0.167,0.993,-0.162,-25.725,39.515,26.635,brushing
-0.185,0.845,-0.073,-25.725,39.515,26.635,brushing
-0.185,0.845,-0.073,-24.237,51.24,12.477,brushing
-0.07,0.973,-0.04,-24.237,51.24,12.477,brushing
-0.07,0.973,-0.04,-15.855,64.277,0.49,brushing
0.102,1.098,-0.018,-15.855,64.277,0.49,brushing
0.102,1.098,-0.018,-1.26,82.215,-7,brushing
0.209,0.821,0.117,-1.26,82.215,-7,brushing
0.209,0.821,0.117,14.227,83.615,-10.535,brushing
0.178,1.18,0.197,14.227,83.615,-10.535,brushing
0.271,1.038,0.242,28.192,28.927,-9.397,brushing
0.225,1.191,0.008,28.192,28.927,-9.397,brushing
0.225,1.191,0.008,37.572,-24.115,-3.605,brushing
0.236,1.189,-0.25,37.572,-24.115,-3.605,brushing
0.236,1.189,-0.25,28.385,-91.892,2.38,brushing
0.25,0.902,-0.422,28.385,-91.892,2.38,brushing
0.25,0.902,-0.422,3.132,-90.405,11.392,brushing
0.201,0.781,-0.315,3.132,-90.405,11.392,brushing
0.201,0.781,-0.315,-25.637,-53.27,15.382,brushing
0.099,0.677,-0.148,-25.637,-53.27,15.382,brushing
0.099,0.677,-0.148,-42.245,-53.69,2.66,brushing
-0.053,0.588,-0.02,-42.245,-53.69,2.66,brushing
-0.053,0.588,-0.02,-40.442,-33.372,-17.325,brushing
-0.123,0.774,0.11,-40.442,-33.372,-17.325,brushing
-0.123,0.774,0.11,-31.36,-7.752,-30.415,brushing
-0.074,1.36,-0.011,-31.36,-7.752,-30.415,brushing
-0.074,1.36,-0.011,-25.882,-21.682,-28.682,brushing
0.031,1.275,0.007,-25.882,-21.682,-28.682,brushing
-0.124,0.836,0.097,-25.882,-21.682,-28.682,brushing
-0.124,0.836,0.097,-20.23,-23.905,-25.287,brushing
-0.127,0.894,0.144,-20.23,-23.905,-25.287,brushing
-0.127,0.894,0.144,-11.882,-42.122,-41.107,brushing
0.156,1.252,0.033,-11.882,-42.122,-41.107,brushing
0.156,1.252,0.033,-6.107,-36.872,-48.055,brushing
0.215,0.979,0.15,-6.107,-36.872,-48.055,brushing
0.215,0.979,0.15,-2.257,-1.54,-45.377,brushing
0.295,1.032,0.248,-2.257,-1.54,-45.377,brushing
0.295,1.032,0.248,-0.402,-0.175,-49.157,brushing
0.309,0.838,0.462,-0.402,-0.175,-49.157,brushing
0.309,0.838,0.462,8.312,0.35,-52.36,brushing
0.305,0.879,0.516,8.312,0.35,-52.36,brushing
0.305,0.879,0.516,21.822,-4.392,-52.08,brushing
0.299,0.96,0.441,21.822,-4.392,-52.08,brushing
0.299,0.96,0.441,30.747,-9.607,-47.057,brushing
0.265,1.024,0.346,30.747,-9.607,-47.057,brushing
0.265,1.024,0.346,35.717,-7.752,-38.78,brushing
0.169,1.169,0.352,35.717,-7.752,-38.78,brushing
0.013,1.116,0.362,35.717,-7.752,-38.78,brushing
0.013,1.116,0.362,37.747,-49.437,-36.4,brushing
-0.121,0.96,0.353,37.747,-49.437,-36.4,brushing
-0.121,0.96,0.353,40.88,-109.76,-42.612,brushing
-0.203,0.688,0.315,40.88,-109.76,-42.612,brushing
-0.203,0.688,0.315,43.75,-148.557,-56.595,brushing
-0.198,0.621,0.192,43.75,-148.557,-56.595,brushing
-0.198,0.621,0.192,41.562,-172.287,-80.517,brushing
-0.116,0.798,-0.065,41.562,-172.287,-80.517,brushing
-0.116,0.798,-0.065,25.69,-178.045,-98.157,brushing
-0.066,0.903,-0.093,25.69,-178.045,-98.157,brushing
-0.066,0.903,-0.093,5.6,-130.462,-94.552,brushing
-0.056,1.151,0.046,5.6,-130.462,-94.552,brushing
-0.056,1.151,0.046,-7.857,-101.745,-85.242,brushing
-0.017,1.445,0.136,-7.857,-101.745,-85.242,brushing
-0.017,1.445,0.136,-21.367,-137.007,-72.747,brushing
0.024,1.379,0.165,-21.367,-137.007,-72.747,brushing
0.024,1.379,0.165,-32.795,-174.965,-58.222,brushing
0.035,1.217,0.194,-32.795,-174.965,-58.222,brushing
0.022,1.142,0.282,-32.795,-174.965,-58.222,brushing
0.022,1.142,0.282,-36.102,-175.665,-39.707,brushing
0.005,0.966,0.362,-36.102,-175.665,-39.707,brushing
0.005,0.966,0.362,-35.175,-161.437,-22.872,brushing
-0.032,0.819,0.399,-35.175,-161.437,-22.872,brushing
-0.032,0.819,0.399,-32.025,-129.412,-10.815,brushing
-0.079,0.778,0.471,-32.025,-129.412,-10.815,brushing
-0.079,0.778,0.471,-26.6,-95.55,-1.4,brushing
-0.123,0.799,0.515,-26.6,-95.55,-1.4,brushing
-0.123,0.799,0.515,-21.192,-95.55,4.305,brushing
-0.133,0.845,0.54,-21.192,-95.55,4.305,brushing
-0.133,0.845,0.54,-19.197,-130.147,6.37,brushing
-0.145,0.772,0.594,-19.197,-130.147,6.37,brushing
-0.145,0.772,0.594,-17.815,-159.582,10.307,brushing
-0.167,0.574,0.614,-17.815,-159.582,10.307,brushing
-0.167,0.574,0.614,-13.072,-145.74,13.23,brushing
-0.189,0.459,0.623,-13.072,-145.74,13.23,brushing
-0.189,0.459,0.623,-4.882,-109.742,14.682,brushing
-0.189,0.59,0.575,-4.882,-109.742,14.682,brushing
-0.193,0.666,0.67,-4.882,-109.742,14.682,brushing
-0.193,0.666,0.67,-3.5,-91.7,14.717,brushing
-0.22,0.627,0.753,-3.5,-91.7,14.717,brushing
-0.22,0.627,0.753,-1.347,-76.037,16.887,brushing
-0.261,0.587,0.823,-1.347,-76.037,16.887,brushing
-0.261,0.587,0.823,3.972,-59.815,16.695,brushing
-0.249,0.669,0.762,3.972,-59.815,16.695,brushing
-0.249,0.669,0.762,8.557,-61.565,13.912,brushing
-0.256,0.598,0.78,8.557,-61.565,13.912,brushing
-0.256,0.598,0.78,7.28,-70.962,10.78,brushing
-0.27,0.498,0.779,7.28,-70.962,10.78,brushing
-0.27,0.498,0.779,8.172,-61.88,7.052,brushing
-0.27,0.468,0.807,8.172,-61.88,7.052,brushing
-0.27,0.468,0.807,10.605,-42.875,4.917,brushing
-0.248,0.494,0.759,10.605,-42.875,4.917,brushing
-0.248,0.494,0.759,8.54,-34.51,2.38,brushing
-0.243,0.476,0.79,8.54,-34.51,2.38,brushing
-0.24,0.401,0.817,6.125,-26.652,-0.297,brushing
-0.239,0.425,0.844,6.125,-26.652,-0.297,brushing
-0.239,0.425,0.844,6.615,-14.07,-4.182,brushing
-0.216,0.432,0.817,6.615,-14.07,-4.182,brushing
-0.216,0.432,0.817,5.932,-17.692,-9.887,brushing
-0.223,0.375,0.842,5.932,-17.692,-9.887,brushing
-0.223,0.375,0.842,3.692,-22.855,-16.817,brushing
-0.245,0.343,0.922,3.692,-22.855,-16.817,brushing
-0.245,0.343,0.922,3.797,-21.175,-24.412,brushing
-0.274,0.327,0.942,3.797,-21.175,-24.412,brushing
-0.274,0.327,0.942,7.175,-16.695,-34.72,brushing
-0.276,0.362,0.925,7.175,-16.695,-34.72,brushing
-0.276,0.362,0.925,11.585,-10.237,-43.085,brushing
-0.289,0.392,0.913,11.585,-10.237,-43.085,brushing
-0.289,0.392,0.913,14.857,-11.777,-50.732,brushing
-0.307,0.465,0.946,14.857,-11.777,-50.732,brushing
-0.307,0.465,0.946,16.975,-24.955,-56.525,brushing
-0.306,0.504,0.935,16.975,-24.955,-56.525,brushing
-0.301,0.484,0.887,17.727,-36.312,-58.747,brushing
-0.291,0.465,0.833,17.727,-36.312,-58.747,brushing
-0.291,0.465,0.833,16.205,-36.26,-58.712,brushing
-0.284,0.478,0.802,16.205,-36.26,-58.712,brushing
-0.284,0.478,0.802,12.932,-32.69,-57.68,brushing
-0.269,0.481,0.789,12.932,-32.69,-57.68,brushing
-0.269,0.481,0.789,8.417,-31.955,-56.56,brushing
-0.244,0.492,0.785,8.417,-31.955,-56.56,brushing
-0.244,0.492,0.785,3.797,-26.775,-53.672,brushing
-0.205,0.457,0.74,3.797,-26.775,-53.672,brushing
-0.205,0.457,0.74,-2.782,-18.515,-50.47,brushing
-0.185,0.426,0.749,-2.782,-18.515,-50.47,brushing
-0.185,0.426,0.749,-9.012,-7.892,-48.51,brushing
-0.164,0.444,0.754,-9.012,-7.892,-48.51,brushing
-0.164,0.444,0.754,-12.6,-0.385,-47.705,brushing
-0.161,0.487,0.781,-12.6,-0.385,-47.705,brushing
-0.161,0.487,0.781,-13.597,0.945,-46.672,brushing
-0.168,0.542,0.822,-13.597,0.945,-46.672,brushing
-0.189,0.55,0.854,-13.597,0.945,-46.672,brushing
-0.189,0.55,0.854,-12.162,-4.427,-43.61,brushing
-0.203,0.536,0.851,-12.162,-4.427,-43.61,brushing
-0.203,0.536,0.851,-8.347,-6.44,-38.255,brushing
-0.205,0.507,0.837,-8.347,-6.44,-38.255,brushing
-0.205,0.507,0.837,-3.465,1.942,-30.012,brushing
-0.217,0.477,0.829,-3.465,1.942,-30.012,brushing
-0.217,0.477,0.829,1.715,17.167,-20.615,brushing
-0.212,0.457,0.803,1.715,17.167,-20.615,brushing
-0.212,0.457,0.803,6.475,36.662,-11.06,brushing
-0.21,0.442,0.781,6.475,36.662,-11.06,brushing
-0.21,0.442,0.781,10.255,54.25,-2.187,brushing
-0.211,0.458,0.79,10.255,54.25,-2.187,brushing
-0.211,0.458,0.79,13.405,62.982,4.9,brushing
-0.197,0.463,0.761,13.405,62.982,4.9,brushing
-0.197,0.463,0.761,14.21,61.285,9.957,brushing
-0.207,0.465,0.774,14.21,61.285,9.957,brushing
-0.207,0.465,0.774,14.157,51.817,11.707,brushing
-0.213,0.444,0.754,14.157,51.817,11.707,brushing
-0.207,0.4,0.698,14.157,51.817,11.707,brushing
-0.207,0.4,0.698,13.247,48.615,11.865,brushing
-0.208,0.37,0.649,13.247,48.615,11.865,brushing
-0.208,0.37,0.649,10.815,63.787,12.6,brushing
-0.228,0.393,0.646,10.815,63.787,12.6,brushing
-0.228,0.393,0.646,8.365,100.467,14.472,brushing
-0.239,0.506,0.675,8.365,100.467,14.472,brushing
-0.239,0.506,0.675,8.032,145.04,17.885,brushing
-0.25,0.616,0.655,8.032,145.04,17.885,brushing
-0.25,0.616,0.655,8.365,179.725,21.647,brushing
-0.24,0.733,0.601,8.365,179.725,21.647,brushing
-0.24,0.733,0.601,7.472,200.462,25.445,brushing
-0.236,0.789,0.543,7.472,200.462,25.445,brushing
-0.236,0.789,0.543,4.865,211.96,27.51,brushing
-0.247,0.783,0.49,4.865,211.96,27.51,brushing
-0.247,0.783,0.49,3.552,230.825,29.487,brushing
-0.246,0.783,0.439,3.552,230.825,29.487,brushing
-0.246,0.783,0.439,4.095,256.007,31.237,brushing
-0.219,0.84,0.386,4.095,256.007,31.237,brushing
-0.198,0.916,0.359,4.095,256.007,31.237,brushing
-0.198,0.916,0.359,3.587,267.47,31.465,brushing
-0.196,0.985,0.364,3.587,267.47,31.465,brushing
-0.196,0.985,0.364,2.065,250.197,28.105,brushing
-0.192,1.046,0.362,2.065,250.197,28.105,brushing
-0.192,1.046,0.362,1.19,205.327,22.925,brushing
-0.182,1.065,0.346,1.19,205.327,22.925,brushing
-0.182,1.065,0.346,-0.227,141.96,17.062,brushing
-0.162,1.098,0.347,-0.227,141.96,17.062,brushing
-0.162,1.098,0.347,-2.642,74.55,11.042,brushing
-0.161,1.071,0.342,-2.642,74.55,11.042,brushing
-0.161,1.071,0.342,-4.13,18.375,7.315,brushing
-0.151,1.014,0.317,-4.13,18.375,7.315,brushing
-0.151,1.014,0.317,-4.725,-15.102,6.09,brushing
-0.146,0.956,0.288,-4.725,-15.102,6.09,brushing
-0.146,0.956,0.288,-4.952,-26.915,6.037,brushing
-0.146,0.919,0.269,-4.952,-26.915,6.037,brushing
-0.161,0.904,0.254,-5.127,-27.44,5.512,brushing
-0.162,0.926,0.251,-5.127,-27.44,5.512,brushing
-0.162,0.926,0.251,-4.427,-14.105,5.967,brushing
-0.159,0.955,0.251,-4.427,-14.105,5.967,brushing
-0.159,0.955,0.251,-3.482,0.98,7.455,brushing
-0.166,0.985,0.22,-3.482,0.98,7.455,brushing
-0.166,0.985,0.22,-2.817,9.152,8.697,brushing
-0.149,0.971,0.144,-2.817,9.152,8.697,brushing
-0.149,0.971,0.144,-4.41,6.86,7.507,brushing
-0.148,0.986,0.105,-4.41,6.86,7.507,brushing
-0.148,0.986,0.105,-8.172,-6.825,3.64,brushing
-0.175,0.997,0.125,-8.172,-6.825,3.64,brushing
-0.175,0.997,0.125,-10.517,-21.105,0.647,brushing
-0.199,0.983,0.172,-10.517,-21.105,0.647,brushing
-0.199,0.983,0.172,-9.012,-23.695,-0.017,brushing
-0.227,0.941,0.196,-9.012,-23.695,-0.017,brushing
-0.227,0.941,0.196,-5.127,-15.312,0.455,brushing
-0.234,0.943,0.164,-5.127,-15.312,0.455,brushing
-0.214,0.956,0.12,-2.152,-7.525,0.752,brushing
-0.214,0.95,0.133,-2.152,-7.525,0.752,brushing
-0.214,0.95,0.133,-1.207,-4.182,0.28,brushing
-0.217,0.944,0.172,-1.207,-4.182,0.28,brushing
-0.217,0.944,0.172,0.49,-3.132,-0.997,brushing
-0.21,0.926,0.185,0.49,-3.132,-0.997,brushing
-0.21,0.926,0.185,2.782,-3.097,-2.677,brushing
-0.205,0.913,0.199,2.782,-3.097,-2.677,brushing
-0.205,0.913,0.199,4.97,-2.835,-4.392,brushing
-0.193,0.926,0.175,4.97,-2.835,-4.392,brushing
-0.193,0.926,0.175,6.492,-0.507,-5.302,brushing
-0.18,0.934,0.173,6.492,-0.507,-5.302,brushing
-0.18,0.934,0.173,6.282,1.96,-4.725,brushing
-0.176,0.924,0.182,6.282,1.96,-4.725,brushing
-0.176,0.924,0.182,5.67,4.952,-3.797,brushing
-0.159,0.934,0.177,5.67,4.952,-3.797,brushing
-0.159,0.934,0.177,4.41,6.387,-2.432,brushing
-0.149,0.953,0.196,4.41,6.387,-2.432,brushing
-0.14,0.966,0.176,4.41,6.387,-2.432,brushing
-0.14,0.966,0.176,2.87,5.6,-0.927,brushing
-0.126,0.965,0.178,2.87,5.6,-0.927,brushing
-0.126,0.965,0.178,0.56,2.52,0.157,brushing
-0.134,0.963,0.18,0.56,2.52,0.157,brushing
-0.134,0.963,0.18,-2.047,-0.7,0.892,brushing
-0.126,0.959,0.167,-2.047,-0.7,0.892,brushing
-0.126,0.959,0.167,-4.62,0.84,1.977,brushing
-0.123,0.955,0.178,-4.62,0.84,1.977,brushing
-0.123,0.955,0.178,-7.402,4.217,2.747,brushing
-0.122,0.947,0.181,-7.402,4.217,2.747,brushing
-0.122,0.947,0.181,-9.642,6.457,2.555,brushing
-0.119,0.957,0.179,-9.642,6.457,2.555,brushing
-0.119,0.957,0.179,-11.952,5.862,1.907,brushing
-0.132,0.969,0.175,-11.952,5.862,1.907,brushing
-0.132,0.969,0.175,-14.105,-1.575,1.207,brushing
-0.129,0.971,0.185,-14.105,-1.575,1.207,brushing
-0.129,0.971,0.185,-15.697,-9.275,1.522,brushing
-0.136,0.942,0.204,-15.697,-9.275,1.522,brushing
-0.144,0.923,0.186,-15.697,-9.275,1.522,brushing
-0.144,0.923,0.186,-15.995,-9.345,2.152,brushing
-0.129,0.986,0.158,-15.995,-9.345,2.152,brushing
-0.129,0.986,0.158,-15.785,-4.182,2.992,brushing
-0.138,0.994,0.137,-15.785,-4.182,2.992,brushing
-0.138,0.994,0.137,-15.872,-1.645,4.952,brushing
-0.152,0.981,0.13,-15.872,-1.645,4.952,brushing
-0.152,0.981,0.13,-16.327,-2.432,5.145,brushing
-0.16,0.981,0.13,-16.327,-2.432,5.145,brushing
-0.16,0.981,0.13,-16.66,-0.245,4.462,brushing
-0.166,1.001,0.13,-16.66,-0.245,4.462,brushing
-0.166,1.001,0.13,-17.377,2.362,4.34,brushing
-0.177,0.999,0.125,-17.377,2.362,4.34,brushing
-0.177,0.999,0.125,-18.76,4.602,5.18,brushing
-0.189,1.014,0.135,-18.76,4.602,5.18,brushing
-0.189,1.014,0.135,-20.737,0.192,7.77,brushing
-0.198,0.978,0.146,-20.737,0.192,7.77,brushing
-0.198,0.978,0.146,-21.84,-7.91,10.605,brushing
-0.198,0.945,0.177,-21.84,-7.91,10.605,brushing
-0.203,0.889,0.243,-21.84,-7.91,10.605,brushing
-0.203,0.889,0.243,-18.777,-11.777,13.387,brushing
-0.194,0.86,0.247,-18.777,-11.777,13.387,brushing
-0.194,0.86,0.247,-11.69,-6.912,15.382,brushing
-0.187,0.89,0.197,-11.69,-6.912,15.382,brushing
-0.187,0.89,0.197,-4.375,6.702,16.24,brushing
-0.189,1.004,0.194,-4.375,6.702,16.24,brushing
-0.189,1.004,0.194,0.682,12.32,15.207,brushing
-0.201,1.128,0.22,0.682,12.32,15.207,brushing
-0.201,1.128,0.22,5.355,7.437,16.152,brushing
-0.21,1.187,0.212,5.355,7.437,16.152,brushing
-0.21,1.187,0.212,9.94,-7.35,18.812,brushing
-0.212,1.167,0.217,9.94,-7.35,18.812,brushing
-0.212,1.167,0.217,13.44,-21.927,22.067,brushing
-0.19,1.142,0.242,13.44,-21.927,22.067,brushing
-0.19,1.142,0.242,16.485,-21.787,26.162,brushing
-0.099,1.101,0.085,16.485,-21.787,26.162,brushing
-0.099,1.101,0.085,12.197,4.725,32.69,brushing
0.02,1.113,-0.08,12.197,4.725,32.69,brushing
0.096,1.207,-0.162,12.197,4.725,32.69,brushing
0.096,1.207,-0.162,-1.102,39.62,42.945,brushing
0.166,1.212,-0.144,-1.102,39.62,42.945,brushing
0.166,1.212,-0.144,-20.3,51.327,54.88,brushing
0.249,1.156,-0.089,-20.3,51.327,54.88,brushing
0.249,1.156,-0.089,-39.322,50.05,65.59,brushing
0.264,1.098,-0.047,-39.322,50.05,65.59,brushing
0.264,1.098,-0.047,-55.597,45.815,75.005,brushing
0.176,0.962,-0.11,-55.597,45.815,75.005,brushing
0.176,0.962,-0.11,-72.397,32.882,73.57,brushing
-0.083,0.592,-0.003,-72.397,32.882,73.57,brushing
-0.083,0.592,-0.003,-82.617,22.505,53.9,brushing
-0.425,0.315,0.279,-82.617,22.505,53.9,brushing
-0.425,0.315,0.279,-70.63,70.017,29.26,brushing
-0.556,0.946,0.399,-70.63,70.017,29.26,brushing
-0.556,0.946,0.399,-45.465,105.28,25.34,brushing
-0.564,1.329,0.204,-45.465,105.28,25.34,brushing
-0.378,1.407,-0.196,-28.84,83.247,33.372,brushing
-0.133,1.273,0.111,-28.84,83.247,33.372,brushing
-0.133,1.273,0.111,-31.43,4.322,29.452,brushing
-0.257,-0.242,0.299,-31.43,4.322,29.452,brushing
-0.257,-0.242,0.299,-25.025,-167.212,-17.395,brushing
0.234,-0.261,-0.021,-25.025,-167.212,-17.395,brushing
0.234,-0.261,-0.021,-6.685,-25.427,-36.015,brushing
0.855,0.965,-0.362,-6.685,-25.427,-36.015,brushing
0.855,0.965,-0.362,-9.922,78.312,-25.41,brushing
1.267,1.38,-0.764,-9.922,78.312,-25.41,brushing
1.267,1.38,-0.764,-47.477,-8.417,-3.01,brushing
0.958,1.197,-0.408,-47.477,-8.417,-3.01,brushing
0.958,1.197,-0.408,-75.425,-52.08,33.337,brushing
0.5,1.197,-0.224,-75.425,-52.08,33.337,brushing
0.5,1.197,-0.224,-87.132,-36.557,67.165,brushing
0.068,0.9,0.048,-87.132,-36.557,67.165,brushing
0.068,0.9,0.048,-80.587,-12.425,73.307,brushing
-0.66,0.696,0.583,-80.587,-12.425,73.307,brushing
-1.017,1.187,0.937,-80.587,-12.425,73.307,brushing
-1.017,1.187,0.937,-37.222,-25.392,42.507,brushing
-0.917,1.104,0.71,-37.222,-25.392,42.507,brushing
-0.917,1.104,0.71,12.845,-162.645,-8.855,brushing
-0.597,0.548,-0.011,12.845,-162.645,-8.855,brushing
-0.597,0.548,-0.011,32.602,-260.995,-62.475,brushing
-0.481,0.21,-0.351,32.602,-260.995,-62.475,brushing
-0.481,0.21,-0.351,11.742,-207.812,-103.967,brushing
-0.625,0.659,-0.09,11.742,-207.812,-103.967,brushing
-0.625,0.659,-0.09,-6.09,-27.755,-113.645,brushing
-0.391,1.617,0.031,-6.09,-27.755,-113.645,brushing
-0.391,1.617,0.031,-14.577,98.227,-92.277,brushing
-0.03,1.945,0.241,-14.577,98.227,-92.277,brushing
-0.03,1.945,0.241,-10.482,156.765,-47.932,brushing
0.41,1.754,0.446,-10.482,156.765,-47.932,brushing
0.41,1.754,0.446,9.345,170.607,-6.195,brushing
0.633,1.579,0.553,9.345,170.607,-6.195,brushing
0.633,1.579,0.553,32.287,98.63,20.09,brushing
0.597,1.317,0.456,32.287,98.63,20.09,brushing
0.521,0.723,0.133,32.287,98.63,20.09,brushing
0.521,0.723,0.133,45.57,38.745,45.745,brushing
1.008,2.094,-0.627,45.57,38.745,45.745,brushing
1.008,2.094,-0.627,35.35,110.897,93.205,brushing
0.563,0.909,-0.109,35.35,110.897,93.205,brushing
0.563,0.909,-0.109,-20.02,-134.12,105,brushing
-0.119,-0.926,-0.315,-20.02,-134.12,105,brushing
-0.119,-0.926,-0.315,-27.965,-123.077,71.05,brushing
-0.172,0.501,-0.156,-27.965,-123.077,71.05,brushing
-0.172,0.501,-0.156,-23.205,42.367,38.517,brushing
-0.272,1.403,-0.267,-23.205,42.367,38.517,brushing
-0.272,1.403,-0.267,-41.282,-36.312,18.725,brushing
-0.296,0.848,-0.31,-41.282,-36.312,18.725,brushing
-0.296,0.848,-0.31,-61.18,-102.97,-7.56,brushing
-0.722,0.267,0.549,-61.18,-102.97,-7.56,brushing
-0.722,0.267,0.549,-40.442,-77.875,-49.577,brushing
-0.767,0.715,0.677,-40.442,-77.875,-49.577,brushing
-0.767,0.715,0.677,-13.02,-91.7,-85.715,brushing
-0.484,1.135,0.409,-13.02,-91.7,-85.715,brushing
-0.47,0.934,0.284,-13.02,-91.7,-85.715,brushing
-0.47,0.934,0.284,-10.43,-125.527,-104.3,brushing
-0.443,0.897,0.413,-10.43,-125.527,-104.3,brushing
-0.443,0.897,0.413,-7.245,-35.962,-95.865,brushing
-0.191,1.447,0.552,-7.245,-35.962,-95.865,brushing
-0.191,1.447,0.552,11.357,107.87,-61.39,brushing
0.109,1.663,0.555,11.357,107.87,-61.39,brushing
0.109,1.663,0.555,30.17,120.12,-26.95,brushing
0.401,1.313,0.407,30.17,120.12,-26.95,brushing
0.401,1.313,0.407,46.55,88.025,-0.21,brushing
0.458,1.219,0.453,46.55,88.025,-0.21,brushing
0.458,1.219,0.453,62.457,65.975,25.48,brushing
0.709,1.592,-0.039,62.457,65.975,25.48,brushing
0.709,1.592,-0.039,61.232,18.06,68.25,brushing
1.15,1.857,-0.458,61.232,18.06,68.25,brushing
1.15,1.857,-0.458,22.225,-164.395,95.252,brushing
0.596,-0.236,-0.764,22.225,-164.395,95.252,brushing
0.596,-0.236,-0.764,-10.727,-81.287,87.815,brushing
0.156,-0.381,-0.45,-10.727,-81.287,87.815,brushing
-0.043,0.645,-0.358,-10.727,-81.287,87.815,brushing
-0.043,0.645,-0.358,-28.42,71.715,67.287,brushing
-0.128,1.521,-0.324,-28.42,71.715,67.287,brushing
-0.128,1.521,-0.324,-48.58,65.275,51.607,brushing
-0.387,1.401,-0.004,-48.58,65.275,51.607,brushing
-0.387,1.401,-0.004,-60.725,-15.925,44.135,brushing
-0.611,0.919,0.443,-60.725,-15.925,44.135,brushing
-0.611,0.919,0.443,-45.272,-43.575,27.947,brushing
-0.828,0.737,0.889,-45.272,-43.575,27.947,brushing
-0.828,0.737,0.889,0,-44.205,-5.88,brushing
-0.631,1.052,0.861,0,-44.205,-5.88,brushing
-0.631,1.052,0.861,38.255,-108.062,-52.185,brushing
-0.374,0.767,0.482,38.255,-108.062,-52.185,brushing
-0.374,0.767,0.482,47.162,-124.967,-87.885,brushing
-0.164,0.678,0.339,47.162,-124.967,-87.885,brushing
-0.164,0.678,0.339,34.982,-45.255,-96.477,brushing
-0.018,0.936,0.217,34.982,-45.255,-96.477,brushing
0.257,1.298,0.145,12.18,40.792,-82.635,brushing
0.499,1.566,0.276,12.18,40.792,-82.635,brushing
0.499,1.566,0.276,-8.382,73.675,-48.545,brushing
0.703,1.112,0.212,-8.382,73.675,-48.545,brushing
0.703,1.112,0.212,-15.172,61.617,-8.155,brushing
0.782,0.839,0.106,-15.172,61.617,-8.155,brushing
0.782,0.839,0.106,-13.16,65.362,21.875,brushing
0.719,0.778,0.131,-13.16,65.362,21.875,brushing
0.719,0.778,0.131,-11.515,20.58,41.86,brushing
0.545,0.572,-0.103,-11.515,20.58,41.86,brushing
0.545,0.572,-0.103,-6.072,21.56,61.302,brushing
0.292,0.954,-0.371,-6.072,21.56,61.302,brushing
0.292,0.954,-0.371,-6.037,56.332,77.647,brushing
0.106,1.529,-0.362,-6.037,56.332,77.647,brushing
0.106,1.529,-0.362,-13.982,17.78,82.302,brushing
-0.094,1.508,-0.45,-13.982,17.78,82.302,brushing
-0.094,1.508,-0.45,-29.067,-44.555,71.697,brushing
-0.484,0.714,-0.318,-29.067,-44.555,71.697,brushing
-0.716,0.363,0.073,-40.582,-17.255,38.78,brushing
-1.083,0.324,0.802,-40.582,-17.255,38.78,brushing
-1.083,0.324,0.802,-37.677,2.94,-19.845,brushing
-0.828,1.067,0.911,-37.677,2.94,-19.845,brushing
-0.828,1.067,0.911,-12.652,-3.657,-73.325,brushing
-0.417,1.425,0.661,-12.652,-3.657,-73.325,brushing
-0.417,1.425,0.661,3.972,-71.19,-101.727,brushing
-0.312,1.131,0.603,3.972,-71.19,-101.727,brushing
-0.312,1.131,0.603,10.062,-119.297,-116.305,brushing
-0.28,1.01,0.597,10.062,-119.297,-116.305,brushing
-0.28,1.01,0.597,21.77,-64.732,-107.432,brushing
0.004,1.222,0.454,21.77,-64.732,-107.432,brushing
0.004,1.222,0.454,30.607,21.56,-77,brushing
0.203,1.563,0.402,30.607,21.56,-77,brushing
0.203,1.563,0.402,34.947,28.857,-39.48,brushing
0.441,1.201,0.183,34.947,28.857,-39.48,brushing
0.441,1.201,0.183,39.865,65.94,-1.19,brushing
0.678,0.928,-0.314,39.865,65.94,-1.19,brushing
1.024,1.676,-0.311,39.865,65.94,-1.19,brushing
1.024,1.676,-0.311,32.515,98.175,28.122,brushing
0.777,0.76,-0.398,32.515,98.175,28.122,brushing
0.777,0.76,-0.398,8.522,-64.417,49.21,brushing
0.489,0.101,-0.429,8.522,-64.417,49.21,brushing
0.489,0.101,-0.429,-2.415,-5.425,77.402,brushing
0.45,0.987,-0.389,-2.415,-5.425,77.402,brushing
0.45,0.987,-0.389,-19.687,93.835,96.967,brushing
0.124,1.111,-0.147,-19.687,93.835,96.967,brushing
0.124,1.111,-0.147,-41.51,39.27,97.125,brushing
-0.115,1.031,-0.02,-41.51,39.27,97.125,brushing
-0.115,1.031,-0.02,-47.442,19.862,89.32,brushing
-0.281,1.084,0.141,-47.442,19.862,89.32,brushing
-0.281,1.084,0.141,-43.767,-13.335,65.152,brushing
-0.843,0.514,0.943,-43.767,-13.335,65.152,brushing
-0.843,0.514,0.943,-8.085,-53.445,16.45,brushing
-0.943,0.984,0.753,-8.085,-53.445,16.45,brushing
-0.943,0.984,0.753,19.355,-115.85,-26.757,brushing
-0.479,1.38,0.443,19.355,-115.85,-26.757,brushing
-0.342,0.535,0.169,19.355,-115.85,-26.757,brushing
-0.342,0.535,0.169,14.087,-203.052,-62.002,brushing
-0.403,0.118,0.19,14.087,-203.052,-62.002,brushing
-0.403,0.118,0.19,-5.162,-174.965,-104.37,brushing
-0.384,0.784,0.4,-5.162,-174.965,-104.37,brushing
-0.384,0.784,0.4,-12.687,-39.97,-119.875,brushing
-0.24,1.376,0.4,-12.687,-39.97,-119.875,brushing
-0.24,1.376,0.4,-9.485,61.512,-103.145,brushing
0.04,1.834,0.433,-9.485,61.512,-103.145,brushing
0.04,1.834,0.433,-2.835,124.635,-60.235,brushing
0.296,1.645,0.306,-2.835,124.635,-60.235,brushing
0.296,1.645,0.306,1.645,133.21,-16.415,brushing
0.545,1.331,0.335,1.645,133.21,-16.415,brushing
0.545,1.331,0.335,7.227,104.335,9.012,brushing
0.609,1.12,0.411,7.227,104.335,9.012,brushing
0.609,1.12,0.411,15.925,35.052,25.13,brushing
0.807,0.996,0.054,15.925,35.052,25.13,brushing
0.807,0.996,0.054,15.487,11.06,56.087,brushing
0.905,1.179,-0.162,15.487,11.06,56.087,brushing
0.695,0.554,-0.42,15.487,11.06,56.087,brushing
0.695,0.554,-0.42,-1.242,-41.93,82.25,brushing
0.469,0.597,-0.266,-1.242,-41.93,82.25,brushing
0.469,0.597,-0.266,-20.02,-9.87,97.475,brushing
0.095,0.752,-0.119,-20.02,-9.87,97.475,brushing
0.095,0.752,-0.119,-30.922,-0.577,94.85,brushing
-0.128,0.935,-0.205,-30.922,-0.577,94.85,brushing
-0.128,0.935,-0.205,-35.717,-12.32,77.84,brushing
-0.299,0.968,-0.204,-35.717,-12.32,77.84,brushing
-0.299,0.968,-0.204,-47.127,-43.015,50.015,brushing
-0.597,0.56,0.227,-47.127,-43.015,50.015,brushing
-0.597,0.56,0.227,-50.347,-75.862,1.172,brushing
-1.012,0.295,0.727,-50.347,-75.862,1.172,brushing
-1.012,0.295,0.727,-22.522,-45.535,-46.655,brushing
-0.74,1.093,0.69,-22.522,-45.535,-46.655,brushing
-0.74,1.093,0.69,-3.342,-71.26,-78.575,brushing
-0.456,1.231,0.34,-3.342,-71.26,-78.575,brushing
-0.456,1.231,0.34,-7.437,-126.927,-104.125,brushing
-0.373,0.84,0.238,-7.437,-126.927,-104.125,brushing
-0.312,0.745,0.304,-7.437,-126.927,-104.125,brushing
-0.312,0.745,0.304,-14.035,-96.32,-117.687,brushing
-0.214,1.151,0.392,-14.035,-96.32,-117.687,brushing
-0.214,1.151,0.392,-9.432,18.567,-103.705,brushing
0.033,1.65,0.449,-9.432,18.567,-103.705,brushing
0.033,1.65,0.449,0.35,92.102,-70.105,brushing
0.172,1.514,0.523,0.35,92.102,-70.105,brushing
0.172,1.514,0.523,16.8,97.3,-29.085,brushing
0.317,1.188,0.505,16.8,97.3,-29.085,brushing
0.317,1.188,0.505,41.16,115.132,7.017,brushing
0.421,1.15,0.402,41.16,115.132,7.017,brushing
0.421,1.15,0.402,58.8,84.507,28.91,brushing
0.604,1.055,0.093,58.8,84.507,28.91,brushing
0.604,1.055,0.093,62.982,43.68,51.852,brushing
0.83,1.152,-0.265,62.982,43.68,51.852,brushing
0.83,1.152,-0.265,46.2,35.35,92.68,brushing
0.926,1.53,-0.518,46.2,35.35,92.68,brushing
0.553,0.407,-0.53,8.277,-45.727,128.187,brushing
0.164,0.152,-0.274,8.277,-45.727,128.187,brushing
0.164,0.152,-0.274,-20.982,-43.085,129.78,brushing
-0.013,0.484,-0.197,-20.982,-43.085,129.78,brushing
-0.013,0.484,-0.197,-32.27,-3.15,110.862,brushing
-0.219,0.747,-0.148,-32.27,-3.15,110.862,brushing
-0.219,0.747,-0.148,-39.077,-13.125,76.44,brushing
-0.483,0.348,-0.052,-39.077,-13.125,76.44,brushing
-0.483,0.348,-0.052,-47.757,-17.272,27.702,brushing
-0.95,0.618,0.676,-47.757,-17.272,27.702,brushing
-0.95,0.618,0.676,-28.735,27.055,-23.975,brushing
-0.785,1.713,0.888,-28.735,27.055,-23.975,brushing
-0.785,1.713,0.888,3.692,2.135,-45.85,brushing
-0.575,1.872,0.704,3.692,2.135,-45.85,brushing
-0.575,1.872,0.704,19.915,-96.302,-60.83,brushing
-0.413,1.194,0.561,19.915,-96.302,-60.83,brushing
-0.413,1.194,0.561,23.94,-129.22,-80.027,brushing
-0.293,0.793,0.52,23.94,-129.22,-80.027,brushing
-0.222,0.676,0.384,23.94,-129.22,-80.027,brushing
-0.222,0.676,0.384,24.622,-75.162,-92.715,brushing
-0.094,1.03,0.198,24.622,-75.162,-92.715,brushing
-0.094,1.03,0.198,20.405,1.96,-93.817,brushing
-0.031,1.254,0.208,20.405,1.96,-93.817,brushing
-0.031,1.254,0.208,12.197,42.175,-80.902,brushing
0.188,1.206,0.176,12.197,42.175,-80.902,brushing
0.188,1.206,0.176,11.077,86.607,-54.197,brushing
0.534,1.156,0.051,11.077,86.607,-54.197,brushing
0.534,1.156,0.051,14.28,139.807,-21.07,brushing
0.78,1.267,-0.03,14.28,139.807,-21.07,brushing
0.78,1.267,-0.03,16.52,141.995,14.105,brushing
0.962,1.478,-0.251,16.52,141.995,14.105,brushing
0.962,1.478,-0.251,10.167,101.307,60.2,brushing
0.879,1.36,-0.163,10.167,101.307,60.2,brushing
0.879,1.36,-0.163,-2.03,-9.205,92.207,brushing
0.53,0.443,-0.073,-2.03,-9.205,92.207,brushing
0.53,0.443,-0.073,-2.485,-0.227,103.897,brushing
0.363,0.419,-0.131,-2.485,-0.227,103.897,brushing
0.213,1.061,-0.095,-2.485,-0.227,103.897,brushing
0.213,1.061,-0.095,-4.742,40.425,100.887,brushing
-0.12,1.058,-0.092,-4.742,40.425,100.887,brushing
-0.12,1.058,-0.092,-15.75,-18.025,84.997,brushing
-0.312,0.764,-0.138,-15.75,-18.025,84.997,brushing
-0.312,0.764,-0.138,-29.015,-48.317,58.047,brushing
-0.443,0.607,0.173,-29.015,-48.317,58.047,brushing
-0.443,0.607,0.173,-39.567,-65.432,15.05,brushing
-0.754,0.464,0.588,-39.567,-65.432,15.05,brushing
-0.754,0.464,0.588,-23.852,-43.715,-28.857,brushing
-0.545,1.266,0.562,-23.852,-43.715,-28.857,brushing
-0.545,1.266,0.562,-1.977,-64.347,-58.38,brushing
-0.388,1.202,0.318,-1.977,-64.347,-58.38,brushing
-0.388,1.202,0.318,4.305,-121.555,-83.247,brushing
-0.311,0.986,0.242,4.305,-121.555,-83.247,brushing
-0.311,0.986,0.242,9.817,-76.335,-87.64,brushing
-0.174,1.147,0.167,9.817,-76.335,-87.64,brushing
-0.174,1.147,0.167,11.077,8.925,-71.977,brushing
-0.035,1.26,0.132,11.077,8.925,-71.977,brushing
0.105,1.469,0.339,11.077,8.925,-71.977,brushing
0.105,1.469,0.339,12.39,82.932,-44.257,brushing
0.09,1.101,0.51,12.39,82.932,-44.257,brushing
0.09,1.101,0.51,20.282,76.107,-22.225,brushing
0.172,0.811,0.495,20.282,76.107,-22.225,brushing
0.172,0.811,0.495,38.237,75.687,-11.182,brushing
0.309,0.833,0.368,38.237,75.687,-11.182,brushing
0.309,0.833,0.368,52.92,90.3,1.312,brushing
0.453,0.999,-0.071,52.92,90.3,1.312,brushing
0.453,0.999,-0.071,61.232,164.815,35.122,brushing
1.314,2.365,-0.419,61.232,164.815,35.122,brushing
1.314,2.365,-0.419,22.61,0.717,56.122,brushing
0.887,0.96,-0.332,22.61,0.717,56.122,brushing
0.887,0.96,-0.332,-6.755,-199.465,68.687,brushing
0.477,-0.251,-0.326,-6.755,-199.465,68.687,brushing
0.477,-0.251,-0.326,-10.167,-3.342,86.52,brushing
0.499,0.908,-0.149,-10.167,-3.342,86.52,brushing
0.499,0.908,-0.149,-22.417,25.095,92.942,brushing
0.261,1.186,-0.174,-22.417,25.095,92.942,brushing
0.018,0.88,-0.306,-22.417,25.095,92.942,brushing
0.018,0.88,-0.306,-38.692,-45.325,82.862,brushing
-0.109,0.92,-0.147,-38.692,-45.325,82.862,brushing
-0.109,0.92,-0.147,-51.152,-53.182,61.722,brushing
-0.378,0.712,0.166,-51.152,-53.182,61.722,brushing
-0.378,0.712,0.166,-54.46,-72.17,27.737,brushing
-0.808,0.506,0.525,-54.46,-72.17,27.737,brushing
-0.808,0.506,0.525,-31.062,-33.652,-9.047,brushing
-0.595,1.352,0.505,-31.062,-33.652,-9.047,brushing
-0.595,1.352,0.505,-5.547,-36.12,-35.63,brushing
-0.273,1.276,0.197,-5.547,-36.12,-35.63,brushing
-0.273,1.276,0.197,-2.362,-99.102,-58.345,brushing
-0.231,0.72,0.205,-2.362,-99.102,-58.345,brushing
-0.231,0.72,0.205,-6.737,-127.557,-93.642,brushing
-0.321,0.257,0.246,-6.737,-127.557,-93.642,brushing
-0.321,0.257,0.246,-4.445,-68.652,-123.2,brushing
-0.327,0.545,0.412,-4.445,-68.652,-123.2,brushing
-0.174,1.188,0.38,6.457,39.987,-122.517,brushing
0.031,1.746,0.291,6.457,39.987,-122.517,brushing
0.031,1.746,0.291,20.562,139.632,-87.237,brushing
0.321,1.749,0.2,20.562,139.632,-87.237,brushing
0.321,1.749,0.2,24.465,145.425,-40.792,brushing
0.335,1.085,0.33,24.465,145.425,-40.792,brushing
0.335,1.085,0.33,22.435,92.015,-12.792,brushing
0.299,0.504,0.214,22.435,92.015,-12.792,brushing
0.299,0.504,0.214,34.842,125.002,3.517,brushing
0.803,1.398,-0.076,34.842,125.002,3.517,brushing
0.803,1.398,-0.076,26.302,55.23,5.25,brushing
0.809,0.663,-0.082,26.302,55.23,5.25,brushing
0.809,0.663,-0.082,11.165,-64.715,6.072,brushing
0.575,0.23,-0.285,11.165,-64.715,6.072,brushing
0.575,0.23,-0.285,7.857,43.802,24.272,brushing
0.529,1.311,-0.255,7.857,43.802,24.272,brushing
0.529,1.311,-0.255,-7.402,14.42,50.347,brushing
0.418,1.602,-0.272,-7.402,14.42,50.347,brushing
0.142,1.019,-0.145,-7.402,14.42,50.347,brushing
0.142,1.019,-0.145,-25.445,-83.037,70.84,brushing
-0.113,0.701,-0.095,-25.445,-83.037,70.84,brushing
-0.113,0.701,-0.095,-28.122,-101.185,68.932,brushing
-0.176,0.908,-0.132,-28.122,-101.185,68.932,brushing
-0.176,0.908,-0.132,-31.395,-111.282,46.76,brushing
-0.4,0.664,-0.034,-31.395,-111.282,46.76,brushing
-0.4,0.664,-0.034,-40.897,-121.59,22.627,brushing
-0.553,0.908,0.475,-40.897,-121.59,22.627,brushing
-0.553,0.908,0.475,-34.51,-85.435,7.14,brushing
-0.464,1.139,0.618,-34.51,-85.435,7.14,brushing
-0.464,1.139,0.618,-16.082,-95.445,-9.397,brushing
-0.281,1.117,0.607,-16.082,-95.445,-9.397,brushing
-0.281,1.117,0.607,-1.557,-142.275,-32.69,brushing
-0.188,0.65,0.376,-1.557,-142.275,-32.69,brushing
-0.188,0.65,0.376,-1.137,-137.812,-58.765,brushing
-0.139,0.545,0.216,-1.137,-137.812,-58.765,brushing
-0.139,0.545,0.216,-9.065,-53.865,-70.105,brushing
-0.099,0.823,0.3,-9.065,-53.865,-70.105,brushing
-0.031,1.138,0.339,-9.065,-53.865,-70.105,brushing
-0.031,1.138,0.339,-11.34,59.132,-59.22,brushing
0.062,1.33,0.384,-11.34,59.132,-59.22,brushing
0.062,1.33,0.384,-5.775,137.235,-36.33,brushing
-0.043,0.929,0.582,-5.775,137.235,-36.33,brushing
-0.043,0.929,0.582,6.65,141.295,-25.497,brushing
-0.092,0.622,0.476,6.65,141.295,-25.497,brushing
-0.092,0.622,0.476,33.915,187.005,-20.422,brushing
-0.1,1.147,0.255,33.915,187.005,-20.422,brushing
-0.1,1.147,0.255,54.617,185.745,-17.132,brushing
0.041,1.698,0.243,54.617,185.745,-17.132,brushing
0.041,1.698,0.243,60.34,66.272,-9.257,brushing
0.14,1.232,0.079,60.34,66.272,-9.257,brushing
0.14,1.232,0.079,61.267,17.5,13.177,brushing
0.411,1.004,-0.248,61.267,17.5,13.177,brushing
0.411,1.004,-0.248,49.857,68.285,42.542,brushing
0.855,1.428,-0.37,49.857,68.285,42.542,brushing
0.855,1.428,-0.37,18.182,-25.2,53.112,brushing
0.796,0.463,-0.327,18.182,-25.2,53.112,brushing
0.49,-0.18,-0.004,18.182,-25.2,53.112,brushing
0.49,-0.18,-0.004,-2.03,-48.947,48.947,brushing
0.505,0.712,-0.047,-2.03,-48.947,48.947,brushing
0.505,0.712,-0.047,-2.362,41.352,50.732,brushing
0.557,1.518,-0.215,-2.362,41.352,50.732,brushing
0.557,1.518,-0.215,-16.065,39.287,70.437,brushing
0.453,1.61,-0.225,-16.065,39.287,70.437,brushing
0.453,1.61,-0.225,-39.252,-25.147,96.932,brushing
0.006,0.911,0.022,-39.252,-25.147,96.932,brushing
0.006,0.911,0.022,-46.637,-69.527,96.005,brushing
-0.253,0.634,0.129,-46.637,-69.527,96.005,brushing
-0.253,0.634,0.129,-36.855,-61.932,71.242,brushing
-0.455,0.695,0.382,-36.855,-61.932,71.242,brushing
-0.455,0.695,0.382,-23.047,-83.58,30.502,brushing
-0.597,0.747,0.5,-23.047,-83.58,30.502,brushing
-0.597,0.747,0.5,-6.352,-99.942,-8.155,brushing
-0.415,1.146,0.402,-6.352,-99.942,-8.155,brushing
-0.415,1.146,0.402,1.172,-120.872,-36.61,brushing
-0.248,1.135,0.098,1.172,-120.872,-36.61,brushing
-0.234,0.888,-0.001,1.172,-120.872,-36.61,brushing
-0.234,0.888,-0.001,-5.827,-119,-59.517,brushing
-0.251,0.659,-0.014,-5.827,-119,-59.517,brushing
-0.251,0.659,-0.014,-17.465,-86.905,-83.422,brushing
-0.324,0.654,0.186,-17.465,-86.905,-83.422,brushing
-0.324,0.654,0.186,-26.81,-28.805,-106.19,brushing
-0.374,0.954,0.438,-26.81,-28.805,-106.19,brushing
-0.374,0.954,0.438,-18.182,63.262,-108.727,brushing
-0.311,1.361,0.522,-18.182,63.262,-108.727,brushing
-0.311,1.361,0.522,5.302,136.815,-88.427,brushing
-0.103,1.625,0.541,5.302,136.815,-88.427,brushing
-0.103,1.625,0.541,31.29,157.867,-53.112,brushing
0.22,1.529,0.431,31.29,157.867,-53.112,brushing
0.22,1.529,0.431,49.245,142.572,-21.367,brushing
0.386,1.319,0.208,49.245,142.572,-21.367,brushing
0.386,1.319,0.208,51.87,82.687,-5.005,brushing
0.614,1.07,0.028,51.87,82.687,-5.005,brushing
0.725,0.844,-0.124,44.957,35.63,8.015,brushing
1.044,1.392,-0.453,44.957,35.63,8.015,brushing
1.044,1.392,-0.453,30.327,56.945,40.057,brushing
0.801,0.92,-0.198,30.327,56.945,40.057,brushing
0.801,0.92,-0.198,-2.222,-35.682,65.152,brushing
0.394,0.026,-0.168,-2.222,-35.682,65.152,brushing
0.394,0.026,-0.168,-18.2,-51.03,70.7,brushing
0.24,0.495,-0.166,-18.2,-51.03,70.7,brushing
0.24,0.495,-0.166,-23.905,9.432,64.452,brushing
0.137,1.076,-0.214,-23.905,9.432,64.452,brushing
0.137,1.076,-0.214,-36.802,-27.422,53.83,brushing
-0.124,0.877,-0.232,-36.802,-27.422,53.83,brushing
-0.124,0.877,-0.232,-49.105,-60.882,39.042,brushing
-0.284,0.603,-0.192,-49.105,-60.882,39.042,brushing
-0.284,0.603,-0.192,-55.895,-38.307,15.435,brushing
-0.603,0.723,0.392,-55.895,-38.307,15.435,brushing
-0.603,0.723,0.392,-32.97,-16.87,-13.79,brushing
-0.584,0.944,0.595,-32.97,-16.87,-13.79,brushing
-0.376,1.236,0.493,0.612,-20.772,-33.862,brushing
-0.244,1.158,0.272,0.612,-20.772,-33.862,brushing
-0.244,1.158,0.272,24.5,-30.45,-41.965,brushing
-0.214,0.892,0.044,24.5,-30.45,-41.965,brushing
-0.214,0.892,0.044,33.862,-4.41,-48.895,brushing
-0.149,0.983,0.077,33.862,-4.41,-48.895,brushing
-0.149,0.983,0.077,37.065,39.322,-55.842,brushing
-0.095,0.978,-0.044,37.065,39.322,-55.842,brushing
-0.095,0.978,-0.044,36.417,50.277,-65.117,brushing
0.027,1.38,-0.085,36.417,50.277,-65.117,brushing
0.027,1.38,-0.085,28.98,13.125,-70.665,brushing
0.024,1.245,0.011,28.98,13.125,-70.665,brushing
0.024,1.245,0.011,24.237,-2.625,-59.517,brushing
-0.003,1.183,0.137,24.237,-2.625,-59.517,brushing
-0.003,1.183,0.137,29.12,45.815,-34.545,brushing
0.074,1.287,0.275,29.12,45.815,-34.545,brushing
0.074,1.287,0.275,39.515,72.345,-5.46,brushing
0.11,1.185,0.344,39.515,72.345,-5.46,brushing
0.166,0.836,0.182,39.515,72.345,-5.46,brushing
0.166,0.836,0.182,47.547,66.955,15.855,brushing
0.306,0.886,0.108,47.547,66.955,15.855,brushing
0.306,0.886,0.108,49.752,77.28,27.492,brushing
0.494,1.044,-0.108,49.752,77.28,27.492,brushing
0.494,1.044,-0.108,46.585,96.145,43.032,brushing
0.817,1.614,-0.334,46.585,96.145,43.032,brushing
0.817,1.614,-0.334,24.99,92.522,71.12,brushing
0.739,1.417,-0.262,24.99,92.522,71.12,brushing
0.739,1.417,-0.262,-8.802,-42.052,88.9,brushing
0.493,0.537,-0.121,-8.802,-42.052,88.9,brushing
0.493,0.537,-0.121,-27.352,-88.497,93.012,brushing
0.353,0.523,-0.054,-27.352,-88.497,93.012,brushing
0.353,0.523,-0.054,-30.905,-40.25,90.51,brushing
0.177,0.845,-0.015,-30.905,-40.25,90.51,brushing
0.177,0.845,-0.015,-34.02,-46.445,80.5,brushing
0.091,1.27,-0.127,-34.02,-46.445,80.5,brushing
0.091,1.27,-0.127,-39.27,-101.307,70.472,brushing
-0.094,1.233,-0.164,-39.27,-101.307,70.472,brushing
-0.464,0.812,0.085,-39.27,-101.307,70.472,brushing
-0.464,0.812,0.085,-37.1,-145.477,52.657,brushing
-0.615,0.692,0.244,-37.1,-145.477,52.657,brushing
-0.615,0.692,0.244,-18.48,-145.547,21.455,brushing
-0.438,0.726,0.083,-18.48,-145.547,21.455,brushing
-0.438,0.726,0.083,-4.252,-139.195,-13.702,brushing
-0.226,0.813,0.007,-4.252,-139.195,-13.702,brushing
-0.226,0.813,0.007,-3.727,-119.385,-42.385,brushing
-0.082,0.68,0.023,-3.727,-119.385,-42.385,brushing
-0.082,0.68,0.023,-10.097,-97.44,-68.425,brushing
-0.126,0.566,0.181,-10.097,-97.44,-68.425,brushing
-0.126,0.566,0.181,-10.85,-39.217,-87.937,brushing
-0.132,0.72,0.356,-10.85,-39.217,-87.937,brushing
-0.132,0.72,0.356,-2.887,19.565,-97.422,brushing
-0.069,0.996,0.471,-2.887,19.565,-97.422,brushing
-0.069,0.996,0.471,10.377,56.437,-90.842,brushing
0,1.296,0.509,10.377,56.437,-90.842,brushing
0,1.296,0.509,22.312,46.305,-73.797,brushing
0.009,1.263,0.48,22.312,46.305,-73.797,brushing
0.132,1.133,0.265,22.312,46.305,-73.797,brushing
0.132,1.133,0.265,35.752,55.93,-49.175,brushing
0.347,1.215,0.133,35.752,55.93,-49.175,brushing
0.347,1.215,0.133,44.1,91.507,-22.942,brushing
0.611,1.318,-0.047,44.1,91.507,-22.942,brushing
0.611,1.318,-0.047,45.78,96.11,4.97,brushing
0.841,1.246,-0.237,45.78,96.11,4.97,brushing
0.841,1.246,-0.237,35.402,58.047,29.4,brushing
0.849,1.053,-0.249,35.402,58.047,29.4,brushing
0.849,1.053,-0.249,15.732,-11.602,45.745,brushing
0.526,0.206,-0.145,15.732,-11.602,45.745,brushing
0.526,0.206,-0.145,5.285,10.027,54.862,brushing
0.389,0.41,-0.265,5.285,10.027,54.862,brushing
0.389,0.41,-0.265,-9.152,77.875,55.877,brushing
0.278,1.137,-0.258,-9.152,77.875,55.877,brushing
0.278,1.137,-0.258,-30.1,20.947,53.48,brushing
0.048,1.162,-0.096,-30.1,20.947,53.48,brushing
-0.14,0.734,-0.034,-37.415,-31.885,47.635,brushing
-0.243,0.927,0.066,-37.415,-31.885,47.635,brushing
-0.243,0.927,0.066,-34.352,-20.475,28.612,brushing
-0.44,0.805,0.201,-34.352,-20.475,28.612,brushing
-0.44,0.805,0.201,-29.47,-68.18,-4.235,brushing
-0.622,0.546,0.368,-29.47,-68.18,-4.235,brushing
-0.622,0.546,0.368,-15.172,-70.437,-39.655,brushing
-0.58,1.004,0.527,-15.172,-70.437,-39.655,brushing
-0.58,1.004,0.527,11.287,-30.695,-64.067,brushing
-0.407,1.384,0.386,11.287,-30.695,-64.067,brushing
-0.407,1.384,0.386,28.91,-49.962,-79.59,brushing
-0.249,1.244,0.302,28.91,-49.962,-79.59,brushing
-0.249,1.244,0.302,31.185,-93.817,-94.605,brushing
-0.199,1.007,0.323,31.185,-93.817,-94.605,brushing
-0.199,1.007,0.323,32.357,-70.42,-100.835,brushing
-0.096,0.953,0.279,32.357,-70.42,-100.835,brushing
-0.096,0.953,0.279,35.017,0.682,-93.047,brushing
0.112,1.132,0.17,35.017,0.682,-93.047,brushing
0.36,1.333,-0.02,35.84,77.35,-66.465,brushing
0.525,1.311,-0.101,35.84,77.35,-66.465,brushing
0.525,1.311,-0.101,27.072,114.135,-29.347,brushing
0.615,1.105,-0.106,27.072,114.135,-29.347,brushing
0.615,1.105,-0.106,15.295,122.605,3.832,brushing
0.733,0.995,-0.222,15.295,122.605,3.832,brushing
0.733,0.995,-0.222,9.082,119.21,33.6,brushing
0.711,0.918,-0.369,9.082,119.21,33.6,brushing
0.711,0.918,-0.369,1.82,105.42,66.447,brushing
0.615,0.817,-0.384,1.82,105.42,66.447,brushing
0.615,0.817,-0.384,-14,79.1,88.427,brushing
0.373,0.753,-0.264,-14,79.1,88.427,brushing
0.373,0.753,-0.264,-27.352,62.842,95.27,brushing
0.045,0.701,-0.174,-27.352,62.842,95.27,brushing
0.045,0.701,-0.174,-38.622,40.915,79.012,brushing
-0.069,0.973,-0.174,-38.622,40.915,79.012,brushing
-0.069,0.973,-0.174,-51.852,6.177,51.432,brushing
-0.289,0.915,-0.071,-51.852,6.177,51.432,brushing
-0.573,0.61,0.217,-51.852,6.177,51.432,brushing
-0.573,0.61,0.217,-56.455,-12.687,16.625,brushing
-0.722,1.036,0.655,-56.455,-12.687,16.625,brushing
-0.722,1.036,0.655,-40.95,-17.447,-28.735,brushing
-0.518,1.217,0.459,-40.95,-17.447,-28.735,brushing
-0.518,1.217,0.459,-21.28,-89.495,-68.88,brushing
-0.303,1.38,0.279,-21.28,-89.495,-68.88,brushing
-0.303,1.38,0.279,-10.395,-82.337,-80.08,brushing
-0.28,1.551,0.202,-10.395,-82.337,-80.08,brushing
-0.28,1.551,0.202,-10.517,-99.102,-80.657,brushing
-0.111,1.46,0.165,-10.517,-99.102,-80.657,brushing
-0.111,1.46,0.165,-13.3,-96.145,-68.32,brushing
0.014,1.291,0.126,-13.3,-96.145,-68.32,brushing
0.014,1.291,0.126,-12.495,-31.01,-45.92,brushing
0.069,1.2,0.073,-12.495,-31.01,-45.92,brushing
0.069,1.2,0.073,-6.807,25.27,-24.937,brushing
0.083,1.147,0.111,-6.807,25.27,-24.937,brushing
0.083,1.147,0.111,3.797,26.197,-13.457,brushing
0.053,1.052,0.092,3.797,26.197,-13.457,brushing
0.091,0.797,-0.068,3.797,26.197,-13.457,brushing
0.091,0.797,-0.068,19.897,41.545,-1.82,brushing
0.186,0.88,-0.176,19.897,41.545,-1.82,brushing
0.186,0.88,-0.176,31.99,85.155,10.01,brushing
0.555,1.445,-0.428,31.99,85.155,10.01,brushing
0.555,1.445,-0.428,35.612,126.735,38.64,brushing
0.812,1.377,-0.432,35.612,126.735,38.64,brushing
0.812,1.377,-0.432,18.83,8.102,52.167,brushing
0.583,0.2,-0.436,18.83,8.102,52.167,brushing
0.583,0.2,-0.436,5.88,-46.847,57.785,brushing
0.599,0.223,-0.371,5.88,-46.847,57.785,brushing
0.599,0.223,-0.371,-2.73,39.62,65.24,brushing
0.607,1.16,-0.344,-2.73,39.62,65.24,brushing
0.607,1.16,-0.344,-23.677,29.435,76.807,brushing
0.429,1.159,-0.378,-23.677,29.435,76.807,brushing
0.429,1.159,-0.378,-49.49,7.647,84.087,brushing
0.116,0.934,-0.438,-49.49,7.647,84.087,brushing
0.116,0.934,-0.438,-72.52,3.867,69.772,brushing
-0.339,0.954,0.022,-72.52,3.867,69.772,brushing
-0.725,0.719,0.676,-72.52,3.867,69.772,brushing
-0.725,0.719,0.676,-63.805,-24.727,40.477,brushing
-0.706,1.07,0.774,-63.805,-24.727,40.477,brushing
-0.706,1.07,0.774,-21.805,-57.54,5.197,brushing
-0.423,1.057,0.381,-21.805,-57.54,5.197,brushing
-0.423,1.057,0.381,9.905,-123.812,-27.79,brushing
-0.339,0.743,0.057,9.905,-123.812,-27.79,brushing
-0.339,0.743,0.057,14.087,-135.8,-56.35,brushing
-0.279,0.92,0.024,14.087,-135.8,-56.35,brushing
-0.279,0.92,0.024,14.525,-36.4,-59.797,brushing
-0.149,1.349,0.022,14.525,-36.4,-59.797,brushing
-0.149,1.349,0.022,11.322,11.27,-56.245,brushing
-0.115,1.343,0.002,11.322,11.27,-56.245,brushing
-0.115,1.343,0.002,3.937,-19.267,-59.377,brushing
-0.084,1.473,0.247,3.937,-19.267,-59.377,brushing
-0.084,1.473,0.247,8.697,-45.167,-54.635,brushing
-0.098,1.316,0.428,8.697,-45.167,-54.635,brushing
-0.098,1.316,0.428,27.58,-25.445,-38.22,brushing
-0.069,1.006,0.497,27.58,-25.445,-38.22,brushing
0.054,0.932,0.379,27.58,-25.445,-38.22,brushing
0.054,0.932,0.379,51.66,10.797,-23.485,brushing
0.225,0.718,0.114,51.66,10.797,-23.485,brushing
0.225,0.718,0.114,62.16,6.825,-19.022,brushing
0.353,0.414,-0.185,62.16,6.825,-19.022,brushing
0.353,0.414,-0.185,59.99,46.042,-13.702,brushing
0.433,1.095,-0.313,59.99,46.042,-13.702,brushing
0.433,1.095,-0.313,56.612,155.767,14.49,brushing
0.937,1.901,-0.521,56.612,155.767,14.49,brushing
0.937,1.901,-0.521,18.427,-35.56,19.25,brushing
0.697,0.259,-0.73,18.427,-35.56,19.25,brushing
0.697,0.259,-0.73,-14.052,-101.115,28.717,brushing
0.587,0.108,-0.635,-14.052,-101.115,28.717,brushing
0.587,0.108,-0.635,-34.842,32.427,41.3,brushing
0.427,0.514,-0.529,-34.842,32.427,41.3,brushing
0.427,0.514,-0.529,-56.56,66.307,37.31,brushing
0.192,0.6,-0.446,-56.56,66.307,37.31,brushing
-0.098,0.649,-0.133,-70.7,78.697,26.827,brushing
-0.298,0.802,0.159,-70.7,78.697,26.827,brushing
-0.298,0.802,0.159,-61.407,99.627,12.67,brushing
-0.324,1.061,0.48,-61.407,99.627,12.67,brushing
-0.324,1.061,0.48,-33.337,72.887,-5.32,brushing
-0.322,1.062,0.452,-33.337,72.887,-5.32,brushing
-0.322,1.062,0.452,4.847,38.657,-17.29,brushing
-0.212,1.199,0.334,4.847,38.657,-17.29,brushing
-0.212,1.199,0.334,35.945,24.797,-21.455,brushing
-0.103,1.082,0.108,35.945,24.797,-21.455,brushing
-0.103,1.082,0.108,49.595,6.807,-29.487,brushing
-0.044,0.897,-0.081,49.595,6.807,-29.487,brushing
-0.044,0.897,-0.081,48.562,-8.872,-47.722,brushing
0.012,0.928,-0.247,48.562,-8.872,-47.722,brushing
0.012,0.928,-0.247,36.785,-1.347,-63.07,brushing
0.017,0.822,-0.215,36.785,-1.347,-63.07,brushing
0.017,0.822,-0.215,30.642,75.512,-62.51,brushing
-0.019,1.088,-0.244,30.642,75.512,-62.51,brushing
-0.033,1.334,-0.215,27.877,120.295,-57.015,brushing
-0.048,1.349,-0.17,27.877,120.295,-57.015,brushing
-0.048,1.349,-0.17,24.85,112.455,-53.235,brushing
-0.051,1.341,-0.208,24.85,112.455,-53.235,brushing
-0.051,1.341,-0.208,23.082,100.047,-44.152,brushing
-0.047,1.283,-0.214,23.082,100.047,-44.152,brushing
-0.047,1.283,-0.214,21.735,86.135,-33.46,brushing
-0.061,1.225,-0.238,21.735,86.135,-33.46,brushing
-0.061,1.225,-0.238,21.892,76.16,-21.735,brushing
-0.078,1.188,-0.188,21.892,76.16,-21.735,brushing
-0.078,1.188,-0.188,25.165,66.815,-8.837,brushing
-0.059,1.116,-0.197,25.165,66.815,-8.837,brushing
-0.059,1.116,-0.197,30.135,55.02,1.54,brushing
-0.027,1.053,-0.253,30.135,55.02,1.54,brushing
-0.027,1.053,-0.253,33.407,36.89,8.207,brushing
0.008,0.972,-0.263,33.407,36.89,8.207,brushing
0.008,0.972,-0.263,36.032,20.247,10.832,brushing
0.014,0.896,-0.268,36.032,20.247,10.832,brushing
0.03,0.825,-0.315,36.032,20.247,10.832,brushing
0.03,0.825,-0.315,38.885,12.845,10.482,brushing
0.051,0.773,-0.361,38.885,12.845,10.482,brushing
0.051,0.773,-0.361,40.582,17.01,9.94,brushing
0.049,0.764,-0.441,40.582,17.01,9.94,brushing
0.049,0.764,-0.441,39.182,27.597,9.747,brushing
0.05,0.814,-0.456,39.182,27.597,9.747,brushing
0.05,0.814,-0.456,34.317,32.55,9.887,brushing
0.055,0.842,-0.468,34.317,32.55,9.887,brushing
0.055,0.842,-0.468,27.755,35.49,11.305,brushing
0.071,0.886,-0.474,27.755,35.49,11.305,brushing
0.071,0.886,-0.474,20.597,32.97,11.585,brushing
0.053,0.848,-0.455,20.597,32.97,11.585,brushing
0.053,0.848,-0.455,14.245,15.085,7.42,brushing
0.043,0.787,-0.458,14.245,15.085,7.42,brushing
0.043,0.787,-0.458,7.822,-6.37,-1.645,brushing
0.006,0.781,-0.47,7.822,-6.37,-1.645,brushing
0.006,0.781,-0.47,3.517,-13.86,-11.97,brushing
-0.016,0.735,-0.601,3.517,-13.86,-11.97,brushing
-0.037,0.622,-0.633,3.517,-13.86,-11.97,brushing
-0.037,0.622,-0.633,-2.835,6.597,-23.345,brushing
-0.089,0.531,-0.617,-2.835,6.597,-23.345,brushing
-0.089,0.531,-0.617,-10.01,43.645,-36.242,brushing
-0.116,0.606,-0.532,-10.01,43.645,-36.242,brushing
-0.116,0.606,-0.532,-16.24,95.095,-45.535,brushing
-0.071,0.72,-0.624,-16.24,95.095,-45.535,brushing
-0.071,0.72,-0.624,-21,123.55,-52.657,brushing
-0.043,0.693,-0.642,-21,123.55,-52.657,brushing
-0.043,0.693,-0.642,-25.987,124.985,-59.517,brushing
-0.067,0.689,-0.639,-25.987,124.985,-59.517,brushing
-0.067,0.689,-0.639,-29.33,122.027,-63.647,brushing
-0.081,0.754,-0.651,-29.33,122.027,-63.647,brushing
-0.081,0.754,-0.651,-33.565,127.19,-59.202,brushing
-0.01,0.862,-0.66,-33.565,127.19,-59.202,brushing
-0.01,0.862,-0.66,-34.527,140.91,-51.24,brushing
0.002,0.837,-0.629,-34.527,140.91,-51.24,brushing
0.002,0.837,-0.629,-34.632,137.06,-45.535,brushing
-0.042,0.894,-0.713,-34.632,137.06,-45.535,brushing
-0.055,0.923,-0.677,-34.632,137.06,-45.535,brushing
-0.055,0.923,-0.677,-35.402,125.16,-37.397,brushing
-0.103,0.891,-0.647,-35.402,125.16,-37.397,brushing
-0.103,0.891,-0.647,-32.672,92.68,-34.492,brushing
-0.158,0.848,-0.714,-32.672,92.68,-34.492,brushing
-0.158,0.848,-0.714,-29.347,63.262,-31.832,brushing
-0.253,0.684,-0.978,-29.347,63.262,-31.832,brushing
-0.253,0.684,-0.978,-32.76,47.022,-31.167,brushing
-0.368,0.684,-0.892,-32.76,47.022,-31.167,brushing
-0.368,0.684,-0.892,-33.285,67.165,-28.052,brushing
-0.416,1.139,-0.638,-33.285,67.165,-28.052,brushing
-0.416,1.139,-0.638,-23.59,42.822,-20.37,brushing
-0.437,1.225,-0.536,-23.59,42.822,-20.37,brushing
-0.437,1.225,-0.536,-11.62,-59.57,-14.857,brushing
-0.439,1.219,-0.498,-11.62,-59.57,-14.857,brushing
-0.439,1.219,-0.498,-1.592,-175.962,-10.78,brushing
-0.391,1.139,-0.507,-1.592,-175.962,-10.78,brushing
-0.399,0.841,-0.528,9.187,-262.255,-9.502,brushing
-0.406,0.762,-0.535,9.187,-262.255,-9.502,brushing
-0.406,0.762,-0.535,22.207,-288.627,-11.305,brushing
-0.372,0.781,-0.557,22.207,-288.627,-11.305,brushing
-0.372,0.781,-0.557,32.287,-281.295,-12.32,brushing
-0.314,0.753,-0.564,32.287,-281.295,-12.32,brushing
-0.314,0.753,-0.564,36.89,-250.6,-13.632,brushing
-0.293,0.806,-0.406,36.89,-250.6,-13.632,brushing
-0.293,0.806,-0.406,40.985,-212.59,-15.557,brushing
-0.287,0.957,-0.294,40.985,-212.59,-15.557,brushing
-0.287,0.957,-0.294,45.447,-197.925,-17.535,brushing
-0.289,0.894,-0.267,45.447,-197.925,-17.535,brushing
-0.289,0.894,-0.267,49.56,-164.535,-15.277,brushing
-0.289,0.948,-0.281,49.56,-164.535,-15.277,brushing
-0.289,0.948,-0.281,54.127,-96.565,-4.585,brushing
-0.275,1.018,-0.326,54.127,-96.565,-4.585,brushing
-0.275,1.018,-0.326,56.717,-31.36,8.54,brushing
-0.217,1.034,-0.382,56.717,-31.36,8.54,brushing
-0.16,1.02,-0.442,53.69,1.54,16.152,brushing
-0.135,1.022,-0.445,53.69,1.54,16.152,brushing
-0.135,1.022,-0.445,45.22,2.817,17.885,brushing
-0.119,0.997,-0.429,45.22,2.817,17.885,brushing
-0.119,0.997,-0.429,35.875,-18.987,15.522,brushing
-0.119,0.986,-0.401,35.875,-18.987,15.522,brushing
-0.119,0.986,-0.401,28.227,-43.907,11.987,brushing
-0.135,0.948,-0.387,28.227,-43.907,11.987,brushing
-0.135,0.948,-0.387,22.802,-63.577,8.907,brushing
-0.15,0.937,-0.359,22.802,-63.577,8.907,brushing
-0.15,0.937,-0.359,18.235,-75.495,4.83,brushing
-0.156,0.895,-0.313,18.235,-75.495,4.83,brushing
-0.156,0.895,-0.313,14.682,-80.377,2.275,brushing
-0.179,0.945,-0.243,14.682,-80.377,2.275,brushing
-0.179,0.945,-0.243,13.737,-82.582,2.555,brushing
-0.199,0.978,-0.22,13.737,-82.582,2.555,brushing
-0.199,0.978,-0.22,14.7,-84.385,4.585,brushing
-0.208,0.976,-0.201,14.7,-84.385,4.585,brushing
-0.208,0.971,-0.197,14.7,-84.385,4.585,brushing
-0.208,0.971,-0.197,15.925,-85.102,6.79,brushing
-0.214,0.973,-0.183,15.925,-85.102,6.79,brushing
-0.214,0.973,-0.183,16.782,-83.72,9.205,brushing
-0.221,0.957,-0.147,16.782,-83.72,9.205,brushing
-0.221,0.957,-0.147,17.64,-79.66,11.97,brushing
-0.216,0.937,-0.119,17.64,-79.66,11.97,brushing
-0.216,0.937,-0.119,18.725,-75.915,13.317,brushing
-0.2,0.898,-0.11,18.725,-75.915,13.317,brushing
-0.2,0.898,-0.11,18.882,-69.335,14.122,brushing
-0.192,0.876,-0.089,18.882,-69.335,14.122,brushing
-0.192,0.876,-0.089,18.252,-60.322,13.93,brushing
-0.178,0.848,-0.069,18.252,-60.322,13.93,brushing
-0.178,0.848,-0.069,17.045,-50.82,12.337,brushing
-0.162,0.833,-0.036,17.045,-50.82,12.337,brushing
-0.162,0.833,-0.036,15.47,-39.515,10.237,brushing
-0.145,0.821,-0.006,15.47,-39.515,10.237,brushing
-0.145,0.821,-0.006,14.14,-28.49,7.21,brushing
-0.126,0.822,0.009,14.14,-28.49,7.21,brushing
-0.117,0.825,0.031,14.14,-28.49,7.21,brushing
-0.117,0.825,0.031,12.162,-19.6,3.535,brushing
-0.119,0.858,0.074,12.162,-19.6,3.535,brushing
-0.119,0.858,0.074,9.66,-14.805,-1.015,brushing
-0.121,0.897,0.094,9.66,-14.805,-1.015,brushing
-0.121,0.897,0.094,8.417,-14.595,-4.217,brushing
-0.119,0.904,0.103,8.417,-14.595,-4.217,brushing
-0.119,0.904,0.103,7.927,-17.08,-6.3,brushing
-0.117,0.92,0.109,7.927,-17.08,-6.3,brushing
-0.117,0.92,0.109,8.26,-18.112,-8.242,brushing
-0.115,0.931,0.105,8.26,-18.112,-8.242,brushing
-0.115,0.931,0.105,9.187,-14.7,-9.24,brushing
-0.102,0.921,0.086,9.187,-14.7,-9.24,brushing
-0.102,0.921,0.086,9.117,-7.77,-9.45,brushing
-0.09,0.938,0.058,9.117,-7.77,-9.45,brushing
-0.09,0.938,0.058,6.755,-0.717,-8.89,brushing
-0.09,0.945,0.059,6.755,-0.717,-8.89,brushing
-0.09,0.945,0.059,3.675,3.22,-7.822,brushing
-0.083,0.96,0.072,3.675,3.22,-7.822,brushing
-0.068,0.987,0.079,3.675,3.22,-7.822,brushing
-0.068,0.987,0.079,0.577,4.462,-6.177,brushing
-0.041,1.012,0.067,0.577,4.462,-6.177,brushing
-0.041,1.012,0.067,-3.185,3.972,-4.06,brushing
-0.032,1.062,0.082,-3.185,3.972,-4.06,brushing
-0.032,1.062,0.082,-9.275,-0.507,-1.785,brushing
-0.06,1.078,0.122,-9.275,-0.507,-1.785,brushing
-0.06,1.078,0.122,-14.42,-10.57,0.56,brushing
-0.083,1.073,0.138,-14.42,-10.57,0.56,brushing
-0.083,1.073,0.138,-16.45,-19.67,3.237,brushing
-0.097,1.061,0.146,-16.45,-19.67,3.237,brushing
-0.097,1.061,0.146,-16.537,-26.705,6.58,brushing
-0.112,1.041,0.131,-16.537,-26.705,6.58,brushing
-0.112,1.041,0.131,-16.047,-31.71,9.747,brushing
-0.124,1.006,0.108,-16.047,-31.71,9.747,brushing
-0.124,1.006,0.108,-16.1,-32.585,11.865,brushing
-0.14,0.991,0.094,-16.1,-32.585,11.865,brushing
-0.14,0.991,0.094,-16.38,-31.815,12.862,brushing
-0.145,0.985,0.102,-16.38,-31.815,12.862,brushing
-0.148,0.984,0.11,-16.38,-31.815,12.862,brushing
-0.148,0.984,0.11,-16.957,-31.01,13.37,brushing
-0.157,0.99,0.132,-16.957,-31.01,13.37,brushing
-0.157,0.99,0.132,-17.99,-30.065,14.14,brushing
-0.153,0.969,0.142,-17.99,-30.065,14.14,brushing
-0.153,0.969,0.142,-18.445,-28.787,14.7,brushing
-0.137,0.943,0.152,-18.445,-28.787,14.7,brushing
-0.137,0.943,0.152,-19.267,-25.34,14.56,brushing
-0.129,0.94,0.162,-19.267,-25.34,14.56,brushing
-0.129,0.94,0.162,-20.405,-23.59,13.405,brushing
-0.127,0.935,0.171,-20.405,-23.59,13.405,brushing
-0.127,0.935,0.171,-20.842,-22.33,11.62,brushing
-0.12,0.939,0.158,-20.842,-22.33,11.62,brushing
-0.12,0.939,0.158,-21.105,-20.037,9.66,brushing
-0.107,0.928,0.127,-21.105,-20.037,9.66,brushing
-0.107,0.928,0.127,-23.677,-19.635,6.545,brushing
-0.097,0.92,0.122,-23.677,-19.635,6.545,brushing
-0.08,0.949,0.129,-29.785,-20.3,3.307,brushing
-0.115,0.993,0.203,-29.785,-20.3,3.307,brushing
-0.115,0.993,0.203,-38.29,-26.407,-0.175,brushing
-0.168,0.959,0.225,-38.29,-26.407,-0.175,brushing
-0.168,0.959,0.225,-46.812,-46.62,-4.917,brushing
-0.214,0.934,0.193,-46.812,-46.62,-4.917,brushing
-0.214,0.934,0.193,-54.757,-62.982,-7.7,brushing
-0.249,0.981,0.15,-54.757,-62.982,-7.7,brushing
-0.249,0.981,0.15,-60.217,-64.102,-7.332,brushing
-0.319,1.054,0.171,-60.217,-64.102,-7.332,brushing
-0.319,1.054,0.171,-59.325,-51.922,-3.622,brushing
-0.375,1.116,0.263,-59.325,-51.922,-3.622,brushing
-0.375,1.116,0.263,-48.912,-45.92,1.382,brushing
-0.388,1.022,0.326,-48.912,-45.92,1.382,brushing
-0.388,1.022,0.326,-31.605,-42.91,6.09,brushing
-0.365,0.857,0.307,-31.605,-42.91,6.09,brushing
-0.365,0.857,0.307,-14.052,-32.935,7.822,brushing
-0.304,0.739,0.24,-14.052,-32.935,7.822,brushing
-0.247,0.69,0.165,-14.052,-32.935,7.822,brushing
-0.247,0.69,0.165,-2.047,-22.417,6.055,brushing
-0.195,0.703,0.151,-2.047,-22.417,6.055,brushing
-0.195,0.703,0.151,2.852,-13.405,1.487,brushing
-0.164,0.77,0.194,2.852,-13.405,1.487,brushing
-0.164,0.77,0.194,4.007,-11.935,-4.865,brushing
-0.151,0.844,0.261,4.007,-11.935,-4.865,brushing
-0.151,0.844,0.261,3.132,-15.68,-8.347,brushing
-0.135,0.845,0.271,3.132,-15.68,-8.347,brushing
-0.135,0.845,0.271,1.26,-21.192,-10.255,brushing
-0.123,0.852,0.248,1.26,-21.192,-10.255,brushing
-0.123,0.852,0.248,-2.957,-27.125,-12.302,brushing
-0.155,0.866,0.196,-2.957,-27.125,-12.302,brushing
-0.155,0.866,0.196,-9.73,-36.277,-14.647,brushing
-0.216,0.963,0.212,-9.73,-36.277,-14.647,brushing
-0.216,0.963,0.212,-14.105,-46.165,-15.347,brushing
-0.281,1.025,0.294,-14.105,-46.165,-15.347,brushing
-0.281,1.025,0.294,-14.42,-46.095,-12.215,brushing
-0.263,1,0.435,-14.42,-46.095,-12.215,brushing
-0.215,1.001,0.559,-14.42,-46.095,-12.215,brushing
-0.215,1.001,0.559,-12.512,-29.925,-4.392,brushing
-0.165,0.983,0.581,-12.512,-29.925,-4.392,brushing
-0.165,0.983,0.581,-8.54,-7.595,4.76,brushing
-0.128,0.94,0.487,-8.54,-7.595,4.76,brushing
-0.128,0.94,0.487,-5.442,7.98,9.765,brushing
-0.097,0.916,0.395,-5.442,7.98,9.765,brushing
-0.097,0.916,0.395,-3.657,21.91,11.13,brushing
-0.059,0.918,0.314,-3.657,21.91,11.13,brushing
-0.059,0.918,0.314,-2.38,32.812,10.552,brushing
0.002,0.913,0.221,-2.38,32.812,10.552,brushing
0.002,0.913,0.221,-3.097,40.792,10.955,brushing
0.055,0.922,0.18,-3.097,40.792,10.955,brushing
0.055,0.922,0.18,-5.25,42.297,11.235,brushing
0.079,0.941,0.149,-5.25,42.297,11.235,brushing
0.079,0.941,0.149,-6.79,36.715,13.685,brushing
0.098,0.929,0.09,-6.79,36.715,13.685,brushing
0.098,0.929,0.09,-8.312,32.69,17.762,brushing
0.117,0.975,0.021,-8.312,32.69,17.762,brushing
0.117,1.006,-0.007,-8.312,32.69,17.762,brushing
0.117,1.006,-0.007,-12.25,24.745,22.767,brushing
0.088,0.999,-0.005,-12.25,24.745,22.767,brushing
0.088,0.999,-0.005,-19.547,7.805,27.195,brushing
0.052,0.913,0.048,-19.547,7.805,27.195,brushing
0.052,0.913,0.048,-25.357,-2.327,32.2,brushing
0.024,0.801,0.082,-25.357,-2.327,32.2,brushing
0.024,0.801,0.082,-27.3,4.41,34.737,brushing
0.017,0.744,0.112,-27.3,4.41,34.737,brushing
0.017,0.744,0.112,-26.862,26.512,35.105,brushing
-0.005,0.737,0.113,-26.862,26.512,35.105,brushing
-0.005,0.737,0.113,-24.482,52.64,32.567,brushing
-0.006,0.796,0.047,-24.482,52.64,32.567,brushing
-0.006,0.796,0.047,-25.305,78.802,29.137,brushing
-0.045,0.867,0.056,-25.305,78.802,29.137,brushing
-0.045,0.867,0.056,-26.757,94.605,24.482,brushing
-0.083,0.92,0.065,-26.757,94.605,24.482,brushing
-0.083,0.92,0.065,-26.477,103.6,19.705,brushing
-0.122,0.98,0.044,-26.477,103.6,19.705,brushing
-0.162,1.08,0.014,-26.477,103.6,19.705,brushing
-0.162,1.08,0.014,-27.72,102.882,14.192,brushing
-0.207,1.127,0.048,-27.72,102.882,14.192,brushing
-0.207,1.127,0.048,-30.73,82.565,8.12,brushing
-0.264,1.09,0.094,-30.73,82.565,8.12,brushing
-0.264,1.09,0.094,-33.495,41.667,-2.485,brushing
-0.305,0.993,0.087,-33.495,41.667,-2.485,brushing
-0.305,0.993,0.087,-35.052,9.607,-13.335,brushing
-0.292,0.885,0.015,-35.052,9.607,-13.335,brushing
-0.292,0.885,0.015,-36.067,4.987,-22.855,brushing
-0.311,0.846,0.011,-36.067,4.987,-22.855,brushing
-0.311,0.846,0.011,-36.89,21.297,-31.535,brushing
-0.304,0.974,-0.078,-36.89,21.297,-31.535,brushing
-0.304,0.974,-0.078,-40.022,38.15,-37.45,brushing
-0.335,1.079,-0.079,-40.022,38.15,-37.45,brushing
-0.335,1.079,-0.079,-43.015,37.765,-42.84,brushing
-0.385,1.173,-0.047,-43.015,37.765,-42.84,brushing
-0.467,1.301,0.124,-41.877,13.107,-46.41,brushing
-0.388,1.179,0.197,-41.877,13.107,-46.41,brushing
-0.388,1.179,0.197,-33.232,-46.795,-49.14,brushing
-0.433,0.902,0.146,-33.232,-46.795,-49.14,brushing
-0.433,0.902,0.146,-22.487,-78.12,-49.665,brushing
-0.358,0.839,-0.025,-22.487,-78.12,-49.665,brushing
-0.358,0.839,-0.025,-16.152,-45.937,-45.43,brushing
-0.332,0.918,-0.047,-16.152,-45.937,-45.43,brushing
-0.332,0.918,-0.047,-15.085,-1.137,-40.967,brushing
-0.317,1.028,0.031,-15.085,-1.137,-40.967,brushing
-0.317,1.028,0.031,-12.547,18.322,-35.14,brushing
-0.332,1.017,0.049,-12.547,18.322,-35.14,brushing
-0.332,1.017,0.049,-6.09,27.93,-27.125,brushing
-0.306,0.943,-0.018,-6.09,27.93,-27.125,brushing
-0.306,0.943,-0.018,-0.21,44.642,-22.487,brushing
-0.252,0.846,0.005,-0.21,44.642,-22.487,brushing
-0.252,0.846,0.005,5.425,57.662,-22.627,brushing
-0.241,1.035,0.02,5.425,57.662,-22.627,brushing
-0.275,1.046,-0.068,5.425,57.662,-22.627,brushing
-0.275,1.046,-0.068,11.41,57.295,-16.712,brushing
-0.253,0.819,-0.24,11.41,57.295,-16.712,brushing
-0.253,0.819,-0.24,15.522,60.987,-12.127,brushing
-0.252,0.8,-0.266,15.522,60.987,-12.127,brushing
-0.252,0.8,-0.266,14.017,93.782,-7.63,brushing
-0.205,1.005,-0.224,14.017,93.782,-7.63,brushing
-0.205,1.005,-0.224,14.717,120.26,-0.437,brushing
-0.238,1.186,-0.169,14.717,120.26,-0.437,brushing
-0.238,1.186,-0.169,16.992,105.455,6.02,brushing
-0.204,1.197,-0.192,16.992,105.455,6.02,brushing
-0.204,1.197,-0.192,18.515,57.487,9.677,brushing
-0.285,1.146,-0.156,18.515,57.487,9.677,brushing
-0.285,1.146,-0.156,17.972,12.092,12.495,brushing
-0.223,1.065,-0.338,17.972,12.092,12.495,brushing
-0.223,1.065,-0.338,10.447,-5.81,16.765,brushing
-0.139,0.825,-0.532,10.447,-5.81,16.765,brushing
-0.139,0.825,-0.532,-6.125,-15.452,8.715,brushing
-0.195,0.855,-0.475,-6.125,-15.452,8.715,brushing
-0.207,0.854,-0.08,-6.125,-15.452,8.715,brushing
-0.207,0.854,-0.08,-15.907,-9.59,5.005,brushing
-0.31,0.966,0.007,-15.907,-9.59,5.005,brushing
-0.31,0.966,0.007,-10.15,-22.942,1.662,brushing
-0.194,0.858,-0.165,-10.15,-22.942,1.662,brushing
-0.194,0.858,-0.165,-5.6,-35.507,-1.907,brushing
-0.217,0.773,-0.209,-5.6,-35.507,-1.907,brushing
-0.217,0.773,-0.209,-6.755,-36.4,-5.6,brushing
-0.255,0.691,-0.157,-6.755,-36.4,-5.6,brushing
-0.255,0.691,-0.157,-5.512,-17.867,-10.797,brushing
-0.262,0.819,-0.131,-5.512,-17.867,-10.797,brushing
-0.262,0.819,-0.131,-0.647,23.17,-7.315,brushing
-0.241,0.855,-0.152,-0.647,23.17,-7.315,brushing
-0.241,0.855,-0.152,5.687,63.787,-1.067,brushing
-0.237,0.913,-0.209,5.687,63.787,-1.067,brushing
-0.237,0.913,-0.209,11.637,94.027,5.005,brushing
-0.261,0.963,-0.228,11.637,94.027,5.005,brushing
-0.261,0.963,-0.228,17.657,108.797,11.235,brushing
-0.277,0.945,-0.257,17.657,108.797,11.235,brushing
-0.281,0.873,-0.365,17.657,108.797,11.235,brushing
-0.281,0.873,-0.365,21.752,126.542,17.622,brushing
-0.251,0.862,-0.443,21.752,126.542,17.622,brushing
-0.251,0.862,-0.443,22.995,162.662,24.132,brushing
-0.231,0.924,-0.484,22.995,162.662,24.132,brushing
-0.231,0.924,-0.484,22.557,203.77,31.92,brushing
-0.205,0.983,-0.529,22.557,203.77,31.92,brushing
-0.205,0.983,-0.529,21.245,213.377,36.557,brushing
-0.214,0.857,-0.566,21.245,213.377,36.557,brushing
-0.214,0.857,-0.566,16.852,196.105,35.245,brushing
-0.223,0.91,-0.562,16.852,196.105,35.245,brushing
-0.223,0.91,-0.562,13.195,161.455,31.377,brushing
-0.213,0.969,-0.539,13.195,161.455,31.377,brushing
-0.213,0.969,-0.539,10.64,105.385,27.632,brushing
-0.211,0.88,-0.614,10.64,105.385,27.632,brushing
-0.211,0.88,-0.614,7.805,41.16,18.112,brushing
-0.202,0.851,-0.675,7.805,41.16,18.112,brushing
-0.202,0.851,-0.675,1.89,-11.235,10.08,brushing
-0.199,0.9,-0.626,1.89,-11.235,10.08,brushing
-0.189,0.948,-0.573,1.89,-11.235,10.08,brushing
-0.189,0.948,-0.573,-1.96,-52.99,4.217,brushing
-0.226,0.945,-0.509,-1.96,-52.99,4.217,brushing
-0.226,0.945,-0.509,-2.712,-91.367,0.84,brushing
-0.263,0.851,-0.491,-2.712,-91.367,0.84,brushing
-0.263,0.851,-0.491,0.542,-115.85,-0.385,brushing
-0.257,0.883,-0.519,0.542,-115.85,-0.385,brushing
-0.257,0.883,-0.519,4.27,-119.437,-0.262,brushing
-0.191,0.971,-0.673,4.27,-119.437,-0.262,brushing
-0.191,0.971,-0.673,2.047,-128.205,0.647,brushing
-0.189,0.901,-0.627,2.047,-128.205,0.647,brushing
-0.189,0.901,-0.627,-3.902,-169.067,-4.55,brushing
-0.221,0.999,-0.435,-3.902,-169.067,-4.55,brushing
-0.221,0.999,-0.435,-4.725,-226.8,-11.62,brushing
-0.23,0.953,-0.466,-4.725,-226.8,-11.62,brushing
-0.23,0.953,-0.466,-6.195,-245.14,-11.935,brushing
-0.074,0.765,-0.484,-6.195,-245.14,-11.935,brushing
-0.103,0.863,-0.331,-6.37,-228.882,-16.607,brushing
-0.177,0.588,-0.215,-6.37,-228.882,-16.607,brushing
-0.177,0.588,-0.215,-0.507,-159.582,-7.157,brushing
-0.162,0.482,-0.229,-0.507,-159.582,-7.157,brushing
-0.162,0.482,-0.229,5.057,-48.3,0.525,brushing
-0.131,0.812,-0.234,5.057,-48.3,0.525,brushing
-0.131,0.812,-0.234,5.215,26.425,3.395,brushing
-0.148,0.89,-0.265,5.215,26.425,3.395,brushing
-0.148,0.89,-0.265,4.042,70.787,9.992,brushing
-0.181,0.997,-0.276,4.042,70.787,9.992,brushing
-0.181,0.997,-0.276,2.817,74.585,10.132,brushing
-0.265,1.01,-0.297,2.817,74.585,10.132,brushing
-0.265,1.01,-0.297,2.975,59.15,10.902,brushing
-0.336,0.969,-0.265,2.975,59.15,10.902,brushing
-0.336,0.969,-0.265,4.935,51.887,13.982,brushing
-0.386,0.94,-0.245,4.935,51.887,13.982,brushing
-0.386,0.94,-0.245,8.627,46.13,14.91,brushing
-0.388,0.872,-0.285,8.627,46.13,14.91,brushing
-0.37,0.859,-0.372,11.515,47.6,13.37,brushing
-0.352,0.857,-0.459,11.515,47.6,13.37,brushing
-0.352,0.857,-0.459,11.935,58.782,13.002,brushing
-0.343,0.862,-0.486,11.935,58.782,13.002,brushing
-0.343,0.862,-0.486,10.062,75.145,12.495,brushing
-0.327,0.844,-0.437,10.062,75.145,12.495,brushing
-0.327,0.844,-0.437,8.295,80.29,9.362,brushing
-0.309,0.859,-0.414,8.295,80.29,9.362,brushing
-0.309,0.859,-0.414,8.89,69.265,3.885,brushing
-0.277,0.831,-0.446,8.89,69.265,3.885,brushing
-0.277,0.831,-0.446,9.73,61.005,0.157,brushing
-0.22,0.807,-0.476,9.73,61.005,0.157,brushing
-0.22,0.807,-0.476,10.167,52.535,-6.037,brushing
-0.171,0.76,-0.511,10.167,52.535,-6.037,brushing
-0.171,0.76,-0.511,9.852,50.68,-12.792,brushing
-0.183,0.636,-0.47,9.852,50.68,-12.792,brushing
-0.183,0.636,-0.47,11.217,66.412,-18.795,brushing
-0.222,0.645,-0.38,11.217,66.412,-18.795,brushing
-0.178,0.749,-0.413,11.217,66.412,-18.795,brushing
-0.178,0.749,-0.413,14.332,81.69,-21.542,brushing
-0.093,0.868,-0.451,14.332,81.69,-21.542,brushing
-0.093,0.868,-0.451,16.975,87.867,-21.122,brushing
-0.059,0.913,-0.462,16.975,87.867,-21.122,brushing
-0.059,0.913,-0.462,19.197,74.672,-21.892,brushing
-0.048,0.912,-0.492,19.197,74.672,-21.892,brushing
-0.048,0.912,-0.492,20.685,61.582,-17.745,brushing
-0.029,1.014,-0.483,20.685,61.582,-17.745,brushing
-0.029,1.014,-0.483,21,50.505,-10.01,brushing
-0.116,1.177,-0.429,21,50.505,-10.01,brushing
-0.116,1.177,-0.429,25.182,18.217,1.015,brushing
-0.223,1.121,-0.469,25.182,18.217,1.015,brushing
-0.223,1.121,-0.469,32.112,-23.065,8.767,brushing
-0.277,1.072,-0.495,32.112,-23.065,8.767,brushing
-0.277,1.072,-0.495,38.867,-55.212,14.805,brushing
-0.392,1.043,-0.373,38.867,-55.212,14.805,brushing
-0.392,1.043,-0.373,51.887,-99.627,14.437,brushing
-0.452,1.012,-0.282,51.887,-99.627,14.437,brushing
-0.495,0.98,-0.26,51.887,-99.627,14.437,brushing
-0.495,0.98,-0.26,68.495,-122.78,14.892,brushing
-0.488,1.035,-0.448,68.495,-122.78,14.892,brushing
-0.488,1.035,-0.448,81.795,-130.305,16.537,brushing
-0.426,1.243,-0.584,81.795,-130.305,16.537,brushing
-0.426,1.243,-0.584,80.99,-156.432,15.207,brushing
-0.443,1.281,-0.606,80.99,-156.432,15.207,brushing
-0.443,1.281,-0.606,71.855,-204.75,11.41,brushing
-0.417,1.207,-0.51,71.855,-204.75,11.41,brushing
-0.417,1.207,-0.51,62.755,-224.507,11.182,brushing
-0.335,1.296,-0.435,62.755,-224.507,11.182,brushing
-0.335,1.296,-0.435,57.33,-210.525,19.04,brushing
-0.233,1.36,-0.412,57.33,-210.525,19.04,brushing
-0.233,1.36,-0.412,52.5,-180.932,35.157,brushing
-0.143,1.181,-0.389,52.5,-180.932,35.157,brushing
-0.143,1.181,-0.389,46.497,-133.35,49.56,brushing
-0.103,1.029,-0.269,46.497,-133.35,49.56,brushing
-0.103,1.029,-0.269,41.387,-87.745,58.275,brushing
-0.064,1.054,-0.144,41.387,-87.745,58.275,brushing
-0.031,1.046,-0.09,41.387,-87.745,58.275,brushing
-0.031,1.046,-0.09,36.925,-71.942,65.152,brushing
0.038,0.956,-0.14,36.925,-71.942,65.152,brushing
0.038,0.956,-0.14,30.957,-73.185,70.647,brushing
0.046,0.822,-0.093,30.957,-73.185,70.647,brushing
0.046,0.822,-0.093,23.187,-73.027,72.38,brushing
0.064,0.769,-0.183,23.187,-73.027,72.38,brushing
0.064,0.769,-0.183,12.215,-68.11,71.837,brushing
0.041,0.726,-0.203,12.215,-68.11,71.837,brushing
0.041,0.726,-0.203,-3.062,-77.07,66.045,brushing
-0.053,0.747,-0.083,-3.062,-77.07,66.045,brushing
-0.053,0.747,-0.083,-10.097,-86.152,61.845,brushing
-0.155,0.722,0.001,-10.097,-86.152,61.845,brushing
-0.155,0.722,0.001,-9.502,-76.545,64.715,brushing
-0.215,0.717,-0.042,-9.502,-76.545,64.715,brushing
-0.215,0.717,-0.042,-6.405,-59.045,64.382,brushing
-0.193,0.671,0.087,-6.405,-59.045,64.382,brushing
-0.193,0.671,0.087,3.815,-49.682,55.877,brushing
-0.096,0.802,0.39,3.815,-49.682,55.877,brushing
0.117,1.265,0.287,3.815,-49.682,55.877,brushing
0.117,1.265,0.287,15.907,-107.8,38.727,brushing
0.279,0.052,-0.102,15.907,-107.8,38.727,brushing
0.279,0.052,-0.102,2.572,-331.695,-13.772,brushing
0.369,-0.287,0.236,2.572,-331.695,-13.772,brushing
0.369,-0.287,0.236,-6.93,-288.785,-40.757,brushing
0.558,0.351,0.301,-6.93,-288.785,-40.757,brushing
0.558,0.351,0.301,-0.332,-88.042,-23.065,brushing
0.763,1.514,0.289,-0.332,-88.042,-23.065,brushing
0.763,1.514,0.289,-1.557,-37.117,15.225,brushing
0.736,1.955,0.224,-1.557,-37.117,15.225,brushing
0.736,1.955,0.224,-18.392,-150.167,54.67,brushing
0.324,1.106,0.145,-18.392,-150.167,54.67,brushing
0.324,1.106,0.145,-30.975,-141.032,87.43,brushing
-0.174,0.594,0.551,-30.975,-141.032,87.43,brushing
-0.174,0.594,0.551,-16.712,-50.015,94.43,brushing
-0.526,0.812,0.754,-16.712,-50.015,94.43,brushing
-0.636,0.323,0.675,-7.14,-107.152,59.675,brushing
-0.705,0.568,0.847,-7.14,-107.152,59.675,brushing
-0.705,0.568,0.847,11.235,-114.975,14.717,brushing
-0.55,1.232,0.891,11.235,-114.975,14.717,brushing
-0.55,1.232,0.891,41.247,-71.732,-3.167,brushing
-0.419,0.968,0.683,41.247,-71.732,-3.167,brushing
-0.419,0.968,0.683,44.397,-130.882,-25.427,brushing
-0.28,0.395,0.32,44.397,-130.882,-25.427,brushing
-0.28,0.395,0.32,29.732,-161.49,-52.745,brushing
-0.248,-0.248,0.538,29.732,-161.49,-52.745,brushing
-0.248,-0.248,0.538,18.76,-26.845,-71.907,brushing
-0.145,0.658,0.82,18.76,-26.845,-71.907,brushing
-0.145,0.658,0.82,45.08,182.77,-52.342,brushing
0.198,1.112,0.642,45.08,182.77,-52.342,brushing
0.198,1.112,0.642,45.08,196.577,-29.662,brushing
0.463,1.153,0.545,45.08,196.577,-29.662,brushing
0.463,1.153,0.545,45.762,183.767,-4.76,brushing
0.67,1.367,0.599,45.762,183.767,-4.76,brushing
0.988,2.261,0.361,45.762,183.767,-4.76,brushing
0.988,2.261,0.361,54.337,166.005,42.227,brushing
0.774,0.854,0.008,54.337,166.005,42.227,brushing
0.774,0.854,0.008,20.947,-88.007,64.767,brushing
0.57,-0.403,0.152,20.947,-88.007,64.767,brushing
0.57,-0.403,0.152,-3.92,-130.515,62.685,brushing
0.361,0.299,0.458,-3.92,-130.515,62.685,brushing
0.361,0.299,0.458,-2.187,45.5,69.772,brushing
0.193,1.356,0.571,-2.187,45.5,69.772,brushing
0.193,1.356,0.571,-9.642,22.557,70.84,brushing
0.042,1.301,0.512,-9.642,22.557,70.84,brushing
0.042,1.301,0.512,-20.965,-84.612,69.125,brushing
-0.201,0.944,0.629,-20.965,-84.612,69.125,brushing
-0.201,0.944,0.629,-18.2,-112.35,60.882,brushing
-0.427,0.716,0.666,-18.2,-112.35,60.882,brushing
-0.427,0.716,0.666,-13.72,-138.11,30.817,brushing
-0.403,0.16,0.325,-13.72,-138.11,30.817,brushing
-0.403,0.16,0.325,-18.917,-105.875,-9.957,brushing
-0.388,0.445,0.611,-18.917,-105.875,-9.957,brushing
-0.205,1.174,0.773,-18.917,-105.875,-9.957,brushing
-0.205,1.174,0.773,-10.255,-45.482,-31.15,brushing
-0.149,1.049,0.877,-10.255,-45.482,-31.15,brushing
-0.149,1.049,0.877,-7.21,-72.31,-37.03,brushing
-0.111,0.614,0.85,-7.21,-72.31,-37.03,brushing
-0.111,0.614,0.85,-2.905,-100.537,-44.957,brushing
-0.115,0.224,0.782,-2.905,-100.537,-44.957,brushing
-0.115,0.224,0.782,-1.96,-82.512,-61.565,brushing
-0.049,0.152,0.706,-1.96,-82.512,-61.565,brushing
-0.049,0.152,0.706,-0.472,-1.347,-73.92,brushing
0.033,0.56,0.65,-0.472,-1.347,-73.92,brushing
0.033,0.56,0.65,4.777,79.957,-69.37,brushing
0.234,0.836,0.554,4.777,79.957,-69.37,brushing
0.234,0.836,0.554,2.747,104.475,-50.872,brushing
0.503,0.924,0.482,2.747,104.475,-50.872,brushing
0.503,0.924,0.482,-3.342,115.587,-23.992,brushing
0.789,1.138,0.298,-3.342,115.587,-23.992,brushing
0.789,1.138,0.298,-11.812,114.03,10.832,brushing
0.945,1.418,0.24,-11.812,114.03,10.832,brushing
0.776,0.924,0.123,-11.812,114.03,10.832,brushing
0.776,0.924,0.123,-28.752,38.762,43.592,brushing
0.417,0.105,0.423,-28.752,38.762,43.592,brushing
0.417,0.105,0.423,-37.94,37.765,62.79,brushing
0.281,0.763,0.624,-37.94,37.765,62.79,brushing
0.281,0.763,0.624,-24.727,124.46,71.435,brushing
0.091,1.256,0.708,-24.727,124.46,71.435,brushing
0.091,1.256,0.708,-15.277,88.935,74.042,brushing
-0.031,1.392,0.736,-15.277,88.935,74.042,brushing
-0.031,1.392,0.736,-13.02,-25.707,66.692,brushing
-0.336,0.856,0.972,-13.02,-25.707,66.692,brushing
-0.336,0.856,0.972,-4.427,-118.702,49.175,brushing
-0.565,0.188,1.064,-4.427,-118.702,49.175,brushing
-0.565,0.188,1.064,21.105,-95.322,15.242,brushing
-0.302,0.76,0.608,21.105,-95.322,15.242,brushing
-0.302,0.76,0.608,21.122,-81.165,-8.505,brushing
-0.12,1.11,0.263,21.122,-81.165,-8.505,brushing
-0.12,1.11,0.263,-5.162,-98.472,-19.652,brushing
-0.063,0.745,0.191,-5.162,-98.472,-19.652,brushing
-0.095,0.659,0.378,-5.162,-98.472,-19.652,brushing
-0.095,0.659,0.378,-25.795,-40.39,-27.475,brushing
-0.035,0.95,0.587,-25.795,-40.39,-27.475,brushing
-0.035,0.95,0.587,-30.502,22.172,-32.462,brushing
-0.032,0.95,0.835,-30.502,22.172,-32.462,brushing
-0.032,0.95,0.835,-27.352,13.317,-37.012,brushing
-0.054,0.729,0.904,-27.352,13.317,-37.012,brushing
-0.054,0.729,0.904,-13.772,-12.862,-45.185,brushing
-0.07,0.574,0.795,-13.772,-12.862,-45.185,brushing
-0.07,0.574,0.795,0.507,-4.532,-53.55,brushing
-0.064,0.358,0.531,0.507,-4.532,-53.55,brushing
-0.064,0.358,0.531,1.505,22.47,-62.597,brushing
-0.113,0.42,0.515,1.505,22.47,-62.597,brushing
-0.113,0.42,0.515,1.732,66.29,-64.522,brushing
0.006,0.839,0.554,1.732,66.29,-64.522,brushing
0.006,0.839,0.554,-1.242,72.642,-51.94,brushing
0.403,1.151,0.431,-1.242,72.642,-51.94,brushing
0.745,1.217,0.37,-8.645,63.892,-24.517,brushing
0.793,1.133,0.411,-8.645,63.892,-24.517,brushing
0.793,1.133,0.411,-13.387,35.245,5.652,brushing
0.62,0.748,0.47,-13.387,35.245,5.652,brushing
0.62,0.748,0.47,-12.075,8.295,33.372,brushing
0.461,0.679,0.555,-12.075,8.295,33.372,brushing
0.461,0.679,0.555,-4.83,29.277,54.652,brushing
0.287,1.091,0.603,-4.83,29.277,54.652,brushing
0.287,1.091,0.603,-0.752,10.185,68.862,brushing
0.073,1.068,0.566,-0.752,10.185,68.862,brushing
0.073,1.068,0.566,2.275,-41.195,77.7,brushing
-0.163,0.765,0.484,2.275,-41.195,77.7,brushing
-0.163,0.765,0.484,12.46,-33.005,75.67,brushing
-0.359,0.977,0.544,12.46,-33.005,75.67,brushing
-0.359,0.977,0.544,22.557,-73.815,61.617,brushing
-0.508,0.992,0.515,22.557,-73.815,61.617,brushing
-0.508,0.992,0.515,29.557,-143.447,38.64,brushing
-0.423,0.634,0.379,29.557,-143.447,38.64,brushing
-0.268,0.534,0.41,29.557,-143.447,38.64,brushing
-0.268,0.534,0.41,34.317,-124.337,13.772,brushing
-0.154,0.714,0.491,34.317,-124.337,13.772,brushing
-0.154,0.714,0.491,36.435,-69.282,-9.975,brushing
0.019,0.864,0.568,36.435,-69.282,-9.975,brushing
0.019,0.864,0.568,34.457,-33.635,-21.822,brushing
0.123,0.778,0.626,34.457,-33.635,-21.822,brushing
0.123,0.778,0.626,29.347,-18.095,-24.78,brushing
0.139,0.655,0.686,29.347,-18.095,-24.78,brushing
0.139,0.655,0.686,26.092,-9.747,-30.8,brushing
0.106,0.51,0.739,26.092,-9.747,-30.8,brushing
0.106,0.51,0.739,22.382,1.872,-41.212,brushing
0.062,0.583,0.781,22.382,1.872,-41.212,brushing
0.062,0.583,0.781,22.365,10.01,-50.33,brushing
0.089,0.679,0.699,22.365,10.01,-50.33,brushing
0.089,0.679,0.699,7.892,-30.957,-63.157,brushing
0.121,0.198,0.361,7.892,-30.957,-63.157,brushing
0.121,0.198,0.361,-21.105,-10.99,-79.135,brushing
0.05,0.184,0.425,-21.105,-10.99,-79.135,brushing
0.139,1.097,0.778,-21.105,-10.99,-79.135,brushing
0.139,1.097,0.778,-26.127,103.687,-68.88,brushing
0.234,1.371,0.769,-26.127,103.687,-68.88,brushing
0.234,1.371,0.769,-14.927,159.302,-31.78,brushing
0.32,0.964,0.535,-14.927,159.302,-31.78,brushing
0.32,0.964,0.535,-5.267,155.26,-1.697,brushing
0.31,0.835,0.587,-5.267,155.26,-1.697,brushing
0.31,0.835,0.587,1.645,143.692,7.647,brushing
0.28,0.884,0.546,1.645,143.692,7.647,brushing
0.28,0.884,0.546,8.872,107.992,9.17,brushing
0.365,1.018,0.489,8.872,107.992,9.17,brushing
0.365,1.018,0.489,14.052,74.042,17.692,brushing
0.469,1.156,0.237,14.052,74.042,17.692,brushing
0.469,1.156,0.237,6.825,10.307,27.58,brushing
0.379,0.712,0.253,6.825,10.307,27.58,brushing
0.379,0.712,0.253,0.525,-24.097,31.272,brushing
0.324,0.814,0.353,0.525,-24.097,31.272,brushing
0.324,0.814,0.353,-0.56,-21.21,42.56,brushing
0.343,0.814,0.197,-0.56,-21.21,42.56,brushing
0.27,0.86,0.147,-0.56,-21.21,42.56,brushing
0.27,0.86,0.147,-10.78,-10.377,53.672,brushing
0.07,0.669,0.236,-10.78,-10.377,53.672,brushing
0.07,0.669,0.236,-27.3,-27.527,50.067,brushing
-0.127,0.505,0.488,-27.3,-27.527,50.067,brushing
-0.127,0.505,0.488,-32.427,-25.182,33.512,brushing
-0.246,0.832,0.765,-32.427,-25.182,33.512,brushing
-0.246,0.832,0.765,-17.08,-12.932,15.767,brushing
-0.14,1.293,0.805,-17.08,-12.932,15.767,brushing
-0.14,1.293,0.805,2.065,-63.14,5.04,brushing
-0.024,1.15,0.587,2.065,-63.14,5.04,brushing
-0.024,1.15,0.587,7.052,-132.79,-2.642,brushing
-0.007,0.428,0.157,7.052,-132.79,-2.642,brushing
-0.007,0.428,0.157,-6.492,-95.287,-14.612,brushing
-0.195,0.369,0.261,-6.492,-95.287,-14.612,brushing
-0.195,0.369,0.261,-10.132,63.437,-16.222,brushing
-0.151,1.225,0.424,-10.132,63.437,-16.222,brushing
-0.151,1.225,0.424,-14.577,86.922,-12.757,brushing
-0.196,1.278,0.695,-14.577,86.922,-12.757,brushing
-0.122,0.899,0.744,-14.577,86.922,-12.757,brushing
-0.122,0.899,0.744,-4.55,43.662,-19.775,brushing
-0.148,0.561,0.583,-4.55,43.662,-19.775,brushing
-0.148,0.561,0.583,6.912,32.882,-39.305,brushing
-0.138,0.584,0.45,6.912,32.882,-39.305,brushing
-0.138,0.584,0.45,12.897,71.05,-57.557,brushing
-0.076,0.968,0.446,12.897,71.05,-57.557,brushing
-0.076,0.968,0.446,14.297,96.32,-62.772,brushing
-0.02,0.976,0.366,14.297,96.32,-62.772,brushing
-0.02,0.976,0.366,14.437,109.585,-55.685,brushing
0.106,0.995,0.23,14.437,109.585,-55.685,brushing
0.106,0.995,0.23,12.722,149.765,-41.142,brushing
0.321,1.058,0.195,12.722,149.765,-41.142,brushing
0.321,1.058,0.195,9.852,179.357,-22.032,brushing
0.567,1.499,0.186,9.852,179.357,-22.032,brushing
0.567,1.499,0.186,-1.417,83.107,-10.517,brushing
0.647,1.097,0.153,-1.417,83.107,-10.517,brushing
0.647,1.097,0.153,-11.077,2.012,-0.612,brushing
0.653,0.63,0.096,-11.077,2.012,-0.612,brushing
0.541,0.738,0.266,-11.077,2.012,-0.612,brushing
0.541,0.738,0.266,-12.6,19.442,15.067,brushing
0.403,0.945,0.213,-12.6,19.442,15.067,brushing
0.403,0.945,0.213,-11.427,-7.507,25.06,brushing
0.238,0.876,0.052,-11.427,-7.507,25.06,brushing
0.238,0.876,0.052,-17.85,-52.185,28.087,brushing
0.009,0.515,0,-17.85,-52.185,28.087,brushing
0.009,0.515,0,-29.417,-44.275,22.785,brushing
-0.203,0.372,0.289,-29.417,-44.275,22.785,brushing
-0.203,0.372,0.289,-26.302,17.15,9.467,brushing
-0.195,0.53,0.32,-26.302,17.15,9.467,brushing
-0.195,0.53,0.32,-17.482,33.547,-12.495,brushing
-0.127,0.532,0.221,-17.482,33.547,-12.495,brushing
-0.127,0.532,0.221,-14.07,52.272,-33.635,brushing
0.011,0.747,-0.065,-14.07,52.272,-33.635,brushing
0.011,0.747,-0.065,-22.505,102.095,-40.057,brushing
0.038,0.948,-0.207,-22.505,102.095,-40.057,brushing
0,0.844,-0.215,-41.947,137.357,-42.63,brushing
0.015,0.939,-0.132,-41.947,137.357,-42.63,brushing
0.015,0.939,-0.132,-59.762,181.842,-45.727,brushing
-0.055,0.975,0.237,-59.762,181.842,-45.727,brushing
-0.055,0.975,0.237,-55.965,258.125,-44.52,brushing
-0.023,1.291,0.083,-55.965,258.125,-44.52,brushing
-0.023,1.291,0.083,-39.27,286.772,-49.945,brushing
-0.021,1.384,-0.106,-39.27,286.772,-49.945,brushing
-0.021,1.384,-0.106,-33.652,278.845,-51.502,brushing
-0.029,1.28,-0.248,-33.652,278.845,-51.502,brushing
-0.029,1.28,-0.248,-35.595,290.5,-46.497,brushing
-0.05,1.226,-0.28,-35.595,290.5,-46.497,brushing
-0.05,1.226,-0.28,-37.572,305.882,-43.435,brushing
-0.2,1.19,-0.106,-37.572,305.882,-43.435,brushing
-0.2,1.19,-0.106,-35.962,243.075,-56.997,brushing
-0.185,1.825,-0.232,-35.962,243.075,-56.997,brushing
-0.185,1.825,-0.232,-36.05,101.622,-58.957,brushing
-0.095,1.659,-0.141,-36.05,101.622,-58.957,brushing
-0.141,1.228,-0.064,-36.05,101.622,-58.957,brushing
-0.141,1.228,-0.064,-28.542,-7.175,-58.555,brushing
-0.185,1.07,-0.08,-28.542,-7.175,-58.555,brushing
-0.185,1.07,-0.08,-15.89,-48.352,-58.012,brushing
-0.163,1.092,-0.088,-15.89,-48.352,-58.012,brushing
-0.163,1.092,-0.088,-2.887,-77.07,-58.765,brushing
-0.225,1.132,-0.063,-2.887,-77.07,-58.765,brushing
-0.225,1.132,-0.063,12.022,-123.917,-60.147,brushing
-0.317,1.387,-0.098,12.022,-123.917,-60.147,brushing
-0.317,1.387,-0.098,28.385,-195.02,-56.612,brushing
-0.303,1.439,-0.214,28.385,-195.02,-56.612,brushing
-0.303,1.439,-0.214,41.265,-275.152,-48.405,brushing
-0.32,0.873,-0.345,41.265,-275.152,-48.405,brushing
-0.32,0.873,-0.345,50.942,-252.997,-37.362,brushing
-0.279,0.895,-0.389,50.942,-252.997,-37.362,brushing
-0.279,0.895,-0.389,54.897,-181.387,-25.165,brushing
-0.219,0.954,-0.415,54.897,-181.387,-25.165,brushing
-0.219,0.954,-0.415,53.007,-132.702,-17.185,brushing
-0.204,0.921,-0.374,53.007,-132.702,-17.185,brushing
-0.175,0.875,-0.344,53.007,-132.702,-17.185,brushing
-0.175,0.875,-0.344,48.02,-75.67,-3.622,brushing
-0.11,0.898,-0.381,48.02,-75.67,-3.622,brushing
-0.11,0.898,-0.381,42.717,-14.49,10.587,brushing
-0.067,0.906,-0.428,42.717,-14.49,10.587,brushing
-0.067,0.906,-0.428,34.247,25.515,18.83,brushing
-0.025,0.953,-0.468,34.247,25.515,18.83,brushing
-0.025,0.953,-0.468,21.612,36.382,20.492,brushing
-0.035,0.993,-0.483,21.612,36.382,20.492,brushing
-0.035,0.993,-0.483,5.512,22.26,21.315,brushing
-0.051,0.955,-0.439,5.512,22.26,21.315,brushing
-0.051,0.955,-0.439,-9.8,-4.585,19.302,brushing
-0.068,0.899,-0.37,-9.8,-4.585,19.302,brushing
-0.068,0.899,-0.37,-22.242,-23.467,15.942,brushing
-0.09,0.842,-0.304,-22.242,-23.467,15.942,brushing
-0.09,0.842,-0.304,-30.555,-28.21,13.895,brushing
-0.123,0.795,-0.245,-30.555,-28.21,13.895,brushing
-0.123,0.795,-0.245,-35.542,-20.247,12.547,brushing
-0.118,0.783,-0.206,-35.542,-20.247,12.547,brushing
-0.099,0.86,-0.172,-35.542,-20.247,12.547,brushing
-0.099,0.86,-0.172,-39.69,-4.812,11.987,brushing
-0.083,0.913,-0.167,-39.69,-4.812,11.987,brushing
-0.083,0.913,-0.167,-42.42,8.312,13.982,brushing
-0.095,0.922,-0.168,-42.42,8.312,13.982,brushing
-0.095,0.922,-0.168,-43.225,20.09,16.747,brushing
-0.137,1.026,-0.169,-43.225,20.09,16.747,brushing
-0.137,1.026,-0.169,-42.122,24.237,18.672,brushing
-0.166,0.951,-0.097,-42.122,24.237,18.672,brushing
-0.166,0.951,-0.097,-38.5,17.395,19.337,brushing
-0.165,0.78,-0.118,-38.5,17.395,19.337,brushing
-0.165,0.78,-0.118,-34.825,44.03,19.057,brushing
-0.149,0.901,-0.175,-34.825,44.03,19.057,brushing
-0.149,0.901,-0.175,-33.197,70.157,19.145,brushing
-0.151,1.075,-0.282,-33.197,70.157,19.145,brushing
-0.151,1.075,-0.282,-35.21,62.09,18.427,brushing
-0.186,1.017,-0.279,-35.21,62.09,18.427,brushing
-0.186,1.017,-0.279,-37.59,42.525,13.982,brushing
-0.232,1.011,-0.228,-37.59,42.525,13.982,brushing
-0.295,0.985,-0.029,-37.59,42.525,13.982,brushing
-0.295,0.985,-0.029,-35.28,5.722,5.582,brushing
-0.323,0.768,-0.011,-35.28,5.722,5.582,brushing
-0.323,0.768,-0.011,-24.692,-27.912,-5.67,brushing
-0.308,0.698,-0.078,-24.692,-27.912,-5.67,brushing
-0.308,0.698,-0.078,-12.477,-2.03,-11.917,brushing
-0.268,0.848,-0.195,-12.477,-2.03,-11.917,brushing
-0.268,0.848,-0.195,-3.482,43.102,-14.577,brushing
-0.239,1.035,-0.245,-3.482,43.102,-14.577,brushing
-0.239,1.035,-0.245,-1.295,52.43,-15.837,brushing
-0.2,1.112,-0.277,-1.295,52.43,-15.837,brushing
-0.2,1.112,-0.277,-3.447,25.147,-17.202,brushing
-0.179,1.183,-0.279,-3.447,25.147,-17.202,brushing
-0.179,1.183,-0.279,-5.967,-11.025,-16.94,brushing
-0.142,1.24,-0.261,-5.967,-11.025,-16.94,brushing
-0.142,1.24,-0.261,-7.927,-45.132,-13.667,brushing
-0.139,1.127,-0.153,-7.927,-45.132,-13.667,brushing
-0.142,0.911,-0.161,-7.052,-74.515,-13.387,brushing
-0.146,0.859,-0.251,-7.052,-74.515,-13.387,brushing
-0.146,0.859,-0.251,-8.54,-64.942,-15.242,brushing
-0.159,0.912,-0.218,-8.54,-64.942,-15.242,brushing
-0.159,0.912,-0.218,-11.935,-31.78,-14.052,brushing
-0.153,0.984,-0.182,-11.935,-31.78,-14.052,brushing
-0.153,0.984,-0.182,-13.597,-18.357,-14.385,brushing
-0.167,1.06,-0.139,-13.597,-18.357,-14.385,brushing
-0.167,1.06,-0.139,-13.545,-17.622,-11.847,brushing
-0.196,1.084,-0.069,-13.545,-17.622,-11.847,brushing
-0.196,1.084,-0.069,-10.605,-32.2,-9.222,brushing
-0.204,1.036,-0.047,-10.605,-32.2,-9.222,brushing
-0.204,1.036,-0.047,-5.005,-45.972,-7.892,brushing
-0.2,1.043,-0.077,-5.005,-45.972,-7.892,brushing
-0.2,1.043,-0.077,-1.032,-50.75,-5.652,brushing
-0.17,0.997,-0.169,-1.032,-50.75,-5.652,brushing
-0.17,0.997,-0.169,-0.892,-41.79,-2.327,brushing
-0.178,0.979,-0.189,-0.892,-41.79,-2.327,brushing
-0.186,0.939,-0.054,-1.785,-37.502,-2.31,brushing
-0.18,0.957,0.01,-1.785,-37.502,-2.31,brushing
-0.18,0.957,0.01,1.942,-35.997,-3.395,brushing
-0.172,0.937,-0.049,1.942,-35.997,-3.395,brushing
-0.172,0.937,-0.049,7.56,-32.602,-2.607,brushing
-0.132,0.874,-0.174,7.56,-32.602,-2.607,brushing
-0.132,0.874,-0.174,9.415,-21.017,-0.945,brushing
-0.139,0.927,-0.178,9.415,-21.017,-0.945,brushing
-0.139,0.927,-0.178,9.957,-7.07,0.857,brushing
-0.123,0.87,-0.211,9.957,-7.07,0.857,brushing
-0.123,0.87,-0.211,12.022,-1.68,0.472,brushing
-0.127,0.874,-0.224,12.022,-1.68,0.472,brushing
-0.127,0.874,-0.224,14.927,12.215,3.325,brushing
-0.117,0.885,-0.241,14.927,12.215,3.325,brushing
-0.117,0.885,-0.241,16.992,29.382,7.017,brushing
-0.12,0.893,-0.245,16.992,29.382,7.017,brushing
-0.12,0.893,-0.245,16.485,41.282,9.695,brushing
-0.126,0.929,-0.236,16.485,41.282,9.695,brushing
-0.135,0.923,-0.225,16.485,41.282,9.695,brushing
-0.135,0.923,-0.225,13.667,41.422,10.745,brushing
-0.137,0.908,-0.248,13.667,41.422,10.745,brushing
-0.137,0.908,-0.248,9.415,36.942,10.482,brushing
-0.131,0.846,-0.308,9.415,36.942,10.482,brushing
-0.131,0.846,-0.308,4.13,38.307,9.117,brushing
-0.153,0.841,-0.301,4.13,38.307,9.117,brushing
-0.153,0.841,-0.301,-0.752,50.19,6.125,brushing
-0.167,0.88,-0.271,-0.752,50.19,6.125,brushing
-0.167,0.88,-0.271,-3.36,62.457,2.905,brushing
-0.183,0.915,-0.226,-3.36,62.457,2.905,brushing
-0.183,0.915,-0.226,-2.432,67.655,0.07,brushing
-0.171,0.92,-0.237,-2.432,67.655,0.07,brushing
-0.171,0.92,-0.237,-0.192,70.595,-1.662,brushing
-0.151,0.926,-0.264,-0.192,70.595,-1.662,brushing
-0.151,0.926,-0.264,1.75,74.235,-3.36,brushing
-0.145,0.922,-0.285,1.75,74.235,-3.36,brushing
-0.145,0.922,-0.285,3.517,79.152,-4.147,brushing
-0.154,0.964,-0.264,3.517,79.152,-4.147,brushing
-0.132,0.991,-0.307,3.517,79.152,-4.147,brushing
-0.132,0.991,-0.307,5.495,75.477,-3.71,brushing
-0.085,0.972,-0.399,5.495,75.477,-3.71,brushing
-0.085,0.972,-0.399,6.475,73.552,-0.63,brushing
-0.072,0.957,-0.459,6.475,73.552,-0.63,brushing
-0.072,0.957,-0.459,6.492,76.965,2.73,brushing
-0.075,0.93,-0.477,6.492,76.965,2.73,brushing
-0.075,0.93,-0.477,7.77,84.42,8.732,brushing
-0.066,0.879,-0.464,7.77,84.42,8.732,brushing
-0.066,0.879,-0.464,9.712,97.86,13.737,brushing
-0.051,0.904,-0.455,9.712,97.86,13.737,brushing
-0.051,0.904,-0.455,12.39,109.882,18.97,brushing
-0.069,0.869,-0.606,12.39,109.882,18.97,brushing
-0.069,0.869,-0.606,11.025,123.515,25.427,brushing
-0.091,0.872,-0.659,11.025,123.515,25.427,brushing
-0.091,0.872,-0.659,10.955,115.202,30.782,brushing
-0.118,0.841,-0.577,10.955,115.202,30.782,brushing
-0.118,0.841,-0.577,14.63,105.315,36.715,brushing
-0.132,0.852,-0.457,14.63,105.315,36.715,brushing
-0.112,0.892,-0.448,14.63,105.315,36.715,brushing
-0.112,0.892,-0.448,22.382,107.292,45.692,brushing
-0.077,0.834,-0.542,22.382,107.292,45.692,brushing
-0.077,0.834,-0.542,26.862,111.422,53.585,brushing
-0.034,0.801,-0.664,26.862,111.422,53.585,brushing
-0.034,0.801,-0.664,25.007,112.822,54.74,brushing
-0.022,0.841,-0.651,25.007,112.822,54.74,brushing
-0.022,0.841,-0.651,19.967,104.685,53.707,brushing
-0.036,0.83,-0.586,19.967,104.685,53.707,brushing
-0.036,0.83,-0.586,17.885,88.76,52.535,brushing
-0.047,0.762,-0.622,17.885,88.76,52.535,brushing
-0.047,0.762,-0.622,16.38,76.965,49.56,brushing
-0.059,0.718,-0.679,16.38,76.965,49.56,brushing
-0.059,0.718,-0.679,16.117,78.365,46.392,brushing
-0.098,0.796,-0.73,16.117,78.365,46.392,brushing
-0.098,0.796,-0.73,16.905,85.855,46.235,brushing
-0.144,0.846,-0.789,16.905,85.855,46.235,brushing
-0.194,0.838,-0.899,15.365,87.237,46.41,brushing
-0.231,0.846,-0.939,15.365,87.237,46.41,brushing
-0.231,0.846,-0.939,9.24,82.127,45.15,brushing
-0.219,0.896,-0.942,9.24,82.127,45.15,brushing
-0.219,0.896,-0.942,0.42,57.4,41.912,brushing
-0.193,0.879,-0.932,0.42,57.4,41.912,brushing
-0.193,0.879,-0.932,-9.642,8.89,37.327,brushing
-0.159,0.801,-0.992,-9.642,8.89,37.327,brushing
-0.159,0.801,-0.992,-18.27,-35.315,32.725,brushing
-0.12,0.802,-0.986,-18.27,-35.315,32.725,brushing
-0.12,0.802,-0.986,-25.27,-61.232,29.102,brushing
-0.102,0.813,-0.911,-25.27,-61.232,29.102,brushing
-0.102,0.813,-0.911,-28.77,-91.77,24.01,brushing
-0.083,0.835,-0.768,-28.77,-91.77,24.01,brushing
-0.083,0.835,-0.768,-28.56,-127.645,17.5,brushing
-0.078,0.865,-0.655,-28.56,-127.645,17.5,brushing
-0.078,0.865,-0.655,-24.36,-172.042,8.172,brushing
-0.062,0.856,-0.537,-24.36,-172.042,8.172,brushing
-0.054,0.82,-0.614,-15.54,-212.59,-4.042,brushing
-0.017,0.618,-0.777,-15.54,-212.59,-4.042,brushing
-0.017,0.618,-0.777,-9.8,-210.595,-13.125,brushing
0,0.49,-0.73,-9.8,-210.595,-13.125,brushing
0,0.49,-0.73,-9.905,-140.21,-18.27,brushing
0.063,0.7,-0.681,-9.905,-140.21,-18.27,brushing
0.063,0.7,-0.681,-9.712,-44.712,-14.962,brushing
0.13,0.918,-0.617,-9.712,-44.712,-14.962,brushing
0.13,0.918,-0.617,-13.475,-5.652,-11.025,brushing
0.195,0.993,-0.65,-13.475,-5.652,-11.025,brushing
0.195,0.993,-0.65,-19.67,-27.65,-10.587,brushing
0.226,0.886,-0.706,-19.67,-27.65,-10.587,brushing
0.226,0.886,-0.706,-24.237,-55.387,-10.01,brushing
0.225,0.719,-0.667,-24.237,-55.387,-10.01,brushing
0.225,0.719,-0.667,-27.527,-59.92,-9.502,brushing
0.222,0.638,-0.58,-27.527,-59.92,-9.502,brushing
0.222,0.638,-0.58,-26.635,-41.51,-4.952,brushing
0.207,0.539,-0.503,-26.635,-41.51,-4.952,brushing
0.201,0.522,-0.481,-26.635,-41.51,-4.952,brushing
0.201,0.522,-0.481,-22.557,-0.437,0.647,brushing
0.147,0.479,-0.382,-22.557,-0.437,0.647,brushing
0.147,0.479,-0.382,-16.38,57.05,7.787,brushing
0.069,0.443,-0.342,-16.38,57.05,7.787,brushing
0.069,0.443,-0.342,-3.482,117.127,12.46,brushing
0.086,0.578,-0.41,-3.482,117.127,12.46,brushing
0.086,0.578,-0.41,9.222,165.812,18.497,brushing
0.158,0.719,-0.516,9.222,165.812,18.497,brushing
0.158,0.719,-0.516,11.2,160.142,20.912,brushing
0.203,0.818,-0.611,11.2,160.142,20.912,brushing
0.203,0.818,-0.611,4.375,106.435,19.04,brushing
0.215,0.729,-0.64,4.375,106.435,19.04,brushing
0.215,0.729,-0.64,-6.107,35.245,14.017,brushing
0.147,0.538,-0.548,-6.107,35.245,14.017,brushing
0.147,0.538,-0.548,-5.285,-5.005,5.005,brushing
0.038,0.328,-0.437,-5.285,-5.005,5.005,brushing
0.038,0.328,-0.437,5.722,24.797,-3.955,brushing
0.071,0.379,-0.484,5.722,24.797,-3.955,brushing
0.111,0.622,-0.661,5.722,24.797,-3.955,brushing
0.111,0.622,-0.661,10.797,72.047,-8.68,brushing
0.137,0.832,-0.921,10.797,72.047,-8.68,brushing
0.137,0.832,-0.921,8.172,69.352,-10.43,brushing
0.109,0.82,-0.961,8.172,69.352,-10.43,brushing
0.109,0.82,-0.961,-2.555,40.582,-9.52,brushing
0.076,0.706,-0.724,-2.555,40.582,-9.52,brushing
0.076,0.706,-0.724,-4.847,25.322,-8.015,brushing
0.046,0.804,-0.556,-4.847,25.322,-8.015,brushing
0.046,0.804,-0.556,5.547,10.027,-6.755,brushing
0.054,0.799,-0.602,5.547,10.027,-6.755,brushing
0.054,0.799,-0.602,16.905,2.572,-6.475,brushing
0.045,0.749,-0.719,16.905,2.572,-6.475,brushing
0.045,0.749,-0.719,21.49,-3.202,-10.745,brushing
0.031,0.614,-0.823,21.49,-3.202,-10.745,brushing
0.031,0.614,-0.823,20.055,-6.3,-22.085,brushing
0.072,0.605,-0.886,20.055,-6.3,-22.085,brushing
0.072,0.605,-0.886,15.82,-12.705,-33.337,brushing
0.029,0.825,-0.767,15.82,-12.705,-33.337,brushing
-0.024,0.871,-0.708,15.82,-12.705,-33.337,brushing
-0.024,0.871,-0.708,17.202,-36.015,-37.852,brushing
-0.093,0.833,-0.647,17.202,-36.015,-37.852,brushing
-0.093,0.833,-0.647,23.362,-55.352,-37.905,brushing
-0.119,0.666,-0.628,23.362,-55.352,-37.905,brushing
-0.119,0.666,-0.628,34.877,-54.46,-38.36,brushing
0.006,0.872,-0.653,34.877,-54.46,-38.36,brushing
0.006,0.872,-0.653,44.17,-38.867,-34.597,brushing
-0.016,1.189,-0.549,44.17,-38.867,-34.597,brushing
-0.016,1.189,-0.549,52.832,-69.002,-22.347,brushing
-0.025,1.217,-0.535,52.832,-69.002,-22.347,brushing
-0.025,1.217,-0.535,58.992,-149.065,-14.052,brushing
0.005,1.064,-0.56,58.992,-149.065,-14.052,brushing
0.005,1.064,-0.56,60.9,-225.312,-15.4,brushing
0.057,0.978,-0.473,60.9,-225.312,-15.4,brushing
0.057,0.978,-0.473,61.687,-289.87,-24.307,brushing
0.077,0.862,-0.42,61.687,-289.87,-24.307,brushing
0.155,0.719,-0.603,64.05,-333.112,-39.847,brushing
0.234,0.691,-0.758,64.05,-333.112,-39.847,brushing
0.234,0.691,-0.758,56.857,-305.515,-46.077,brushing
0.218,0.619,-0.631,56.857,-305.515,-46.077,brushing
0.218,0.619,-0.631,39.305,-241.115,-45.92,brushing
0.119,0.624,-0.436,39.305,-241.115,-45.92,brushing
0.119,0.624,-0.436,22.295,-194.127,-51.047,brushing
0.025,0.704,-0.286,22.295,-194.127,-51.047,brushing
0.025,0.704,-0.286,9.555,-166.897,-55.807,brushing
-0.079,0.799,-0.155,9.555,-166.897,-55.807,brushing
-0.079,0.799,-0.155,2.537,-146.492,-54.722,brushing
-0.16,0.807,-0.064,2.537,-146.492,-54.722,brushing
-0.16,0.807,-0.064,0.63,-126.612,-51.712,brushing
-0.219,0.856,-0.002,0.63,-126.612,-51.712,brushing
-0.219,0.856,-0.002,1.925,-109.55,-46.865,brushing
-0.259,0.939,0.017,1.925,-109.55,-46.865,brushing
-0.259,0.939,0.017,4.795,-99.872,-41.37,brushing
-0.266,1.011,-0.043,4.795,-99.872,-41.37,brushing
-0.264,1.061,-0.075,6.877,-81.357,-31.29,brushing
-0.272,1.028,-0.061,6.877,-81.357,-31.29,brushing
-0.272,1.028,-0.061,8.33,-58.975,-20.457,brushing
-0.274,1.003,-0.041,8.33,-58.975,-20.457,brushing
-0.274,1.003,-0.041,10.22,-41.597,-11.97,brushing
-0.266,0.938,-0.002,10.22,-41.597,-11.97,brushing
-0.266,0.938,-0.002,11.672,-32.007,-8.172,brushing
-0.26,0.897,0.023,11.672,-32.007,-8.172,brushing
-0.26,0.897,0.023,12.652,-25.252,-7.98,brushing
-0.263,0.955,0.031,12.652,-25.252,-7.98,brushing
-0.263,0.955,0.031,13.317,-15.61,-7.175,brushing
-0.267,0.985,0.063,13.317,-15.61,-7.175,brushing
-0.267,0.985,0.063,14,-9.467,-5.215,brushing
-0.256,1.007,0.077,14,-9.467,-5.215,brushing
-0.256,1.007,0.077,14.192,-8.54,-3.465,brushing
-0.256,1.028,0.086,14.192,-8.54,-3.465,brushing
-0.256,1.028,0.086,13.475,-13.527,-2.38,brushing
-0.262,1.01,0.105,13.475,-13.527,-2.38,brushing
-0.271,1.023,0.131,13.475,-13.527,-2.38,brushing
-0.271,1.023,0.131,12.827,-21.84,-3.412,brushing
-0.28,1.02,0.153,12.827,-21.84,-3.412,brushing
-0.28,1.02,0.153,12.6,-30.765,-4.637,brushing
-0.281,1.02,0.158,12.6,-30.765,-4.637,brushing
-0.281,1.02,0.158,12.477,-36.96,-5.792,brushing
-0.289,0.996,0.154,12.477,-36.96,-5.792,brushing
-0.289,0.996,0.154,11.567,-36.26,-5.32,brushing
-0.292,0.959,0.168,11.567,-36.26,-5.32,brushing
-0.292,0.959,0.168,10.482,-30.012,-4.322,brushing
-0.3,0.943,0.183,10.482,-30.012,-4.322,brushing
-0.3,0.943,0.183,10.325,-23.66,-4.217,brushing
-0.305,0.923,0.201,10.325,-23.66,-4.217,brushing
-0.305,0.923,0.201,11.357,-18.515,-5.25,brushing
-0.301,0.91,0.204,11.357,-18.515,-5.25,brushing
-0.301,0.91,0.204,13.51,-13.072,-6.737,brushing
-0.296,0.903,0.201,13.51,-13.072,-6.737,brushing
-0.296,0.903,0.201,15.75,-10.412,-8.645,brushing
-0.295,0.918,0.195,15.75,-10.412,-8.645,brushing
-0.299,0.942,0.182,15.75,-10.412,-8.645,brushing
-0.299,0.942,0.182,17.447,-11.112,-10.307,brushing
-0.293,0.952,0.175,17.447,-11.112,-10.307,brushing
-0.293,0.952,0.175,18.462,-13.387,-10.535,brushing
-0.294,0.952,0.181,18.462,-13.387,-10.535,brushing
-0.294,0.952,0.181,18.532,-18.847,-10.92,brushing
-0.299,0.949,0.197,18.532,-18.847,-10.92,brushing
-0.299,0.949,0.197,18.567,-27.247,-12.092,brushing
-0.302,0.943,0.207,18.567,-27.247,-12.092,brushing
-0.302,0.943,0.207,19.442,-34.527,-13.09,brushing
-0.299,0.957,0.204,19.442,-34.527,-13.09,brushing
-0.299,0.957,0.204,20.93,-37.642,-13.23,brushing
-0.296,0.94,0.197,20.93,-37.642,-13.23,brushing
-0.296,0.94,0.197,21.857,-37.257,-12.337,brushing
-0.284,0.93,0.188,21.857,-37.257,-12.337,brushing
-0.284,0.93,0.188,21.315,-34.072,-12.162,brushing
-0.285,0.931,0.193,21.315,-34.072,-12.162,brushing
-0.285,0.931,0.193,20.055,-30.012,-11.987,brushing
-0.29,0.901,0.209,20.055,-30.012,-11.987,brushing
-0.292,0.888,0.223,20.055,-30.012,-11.987,brushing
-0.292,0.888,0.223,18.97,-24.412,-12.18,brushing
-0.283,0.874,0.238,18.97,-24.412,-12.18,brushing
-0.283,0.874,0.238,18.69,-17.132,-11.655,brushing
-0.275,0.862,0.234,18.69,-17.132,-11.655,brushing
-0.275,0.862,0.234,18.847,-10.307,-10.902,brushing
-0.269,0.859,0.227,18.847,-10.307,-10.902,brushing
-0.269,0.859,0.227,18.69,-6.037,-10.552,brushing
-0.261,0.841,0.216,18.69,-6.037,-10.552,brushing
-0.261,0.841,0.216,18.095,-4.025,-10.71,brushing
-0.244,0.864,0.199,18.095,-4.025,-10.71,brushing
-0.244,0.864,0.199,16.73,-0.927,-10.517,brushing
-0.23,0.876,0.188,16.73,-0.927,-10.517,brushing
-0.23,0.876,0.188,14.682,0.77,-9.695,brushing
-0.229,0.911,0.192,14.682,0.77,-9.695,brushing
-0.229,0.911,0.192,12.372,0.157,-8.05,brushing
-0.242,0.916,0.203,12.372,0.157,-8.05,brushing
-0.247,0.935,0.226,10.377,-1.942,-5.547,brushing
-0.248,0.95,0.25,10.377,-1.942,-5.547,brushing
-0.248,0.95,0.25,9.065,-6.265,-2.59,brushing
-0.248,0.97,0.261,9.065,-6.265,-2.59,brushing
-0.248,0.97,0.261,8.96,-10.482,0.017,brushing
-0.253,0.989,0.266,8.96,-10.482,0.017,brushing
-0.253,0.989,0.266,8.995,-13.352,2.94,brushing
-0.268,0.989,0.272,8.995,-13.352,2.94,brushing
-0.268,0.989,0.272,8.96,-16.275,6.09,brushing
-0.279,0.982,0.27,8.96,-16.275,6.09,brushing
-0.279,0.982,0.27,9.065,-18.725,8.627,brushing
-0.283,0.959,0.275,9.065,-18.725,8.627,brushing
-0.283,0.959,0.275,8.942,-20.737,10.097,brushing
-0.284,0.933,0.29,8.942,-20.737,10.097,brushing
-0.284,0.933,0.29,9.502,-19.932,10.237,brushing
-0.287,0.92,0.298,9.502,-19.932,10.237,brushing
-0.287,0.92,0.298,10.71,-16.012,10.552,brushing
-0.284,0.897,0.307,10.71,-16.012,10.552,brushing
-0.279,0.909,0.31,12.372,-12.285,10.01,brushing
-0.283,0.924,0.303,12.372,-12.285,10.01,brushing
-0.283,0.924,0.303,14.262,-10.692,9.642,brushing
-0.283,0.93,0.285,14.262,-10.692,9.642,brushing
-0.283,0.93,0.285,15.645,-11.585,9.905,brushing
-0.292,0.918,0.259,15.645,-11.585,9.905,brushing
-0.292,0.918,0.259,16.03,-13.65,9.485,brushing
-0.296,0.885,0.243,16.03,-13.65,9.485,brushing
-0.296,0.885,0.243,15.54,-14.42,7.437,brushing
-0.278,0.868,0.246,15.54,-14.42,7.437,brushing
-0.278,0.868,0.246,15.172,-10.167,5.232,brushing
-0.273,0.842,0.267,15.172,-10.167,5.232,brushing
-0.273,0.842,0.267,15.225,-3.99,2.73,brushing
-0.26,0.831,0.286,15.225,-3.99,2.73,brushing
-0.26,0.831,0.286,15.33,1.592,-0.07,brushing
-0.242,0.823,0.3,15.33,1.592,-0.07,brushing
-0.242,0.823,0.3,15.172,5.477,-2.887,brushing
-0.223,0.846,0.308,15.172,5.477,-2.887,brushing
-0.206,0.863,0.317,14.945,6.895,-4.655,brushing
-0.188,0.894,0.331,14.945,6.895,-4.655,brushing
-0.188,0.894,0.331,14.525,5.285,-5.757,brushing
-0.172,0.925,0.358,14.525,5.285,-5.757,brushing
-0.172,0.925,0.358,14.157,1.522,-5.897,brushing
-0.145,0.961,0.383,14.157,1.522,-5.897,brushing
-0.145,0.961,0.383,14.402,-5.512,-5.267,brushing
-0.129,1.009,0.39,14.402,-5.512,-5.267,brushing
-0.129,1.009,0.39,15.015,-14.21,-3.08,brushing
-0.124,1.065,0.381,15.015,-14.21,-3.08,brushing
-0.124,1.065,0.381,14.717,-26.407,1.172,brushing
-0.129,1.09,0.372,14.717,-26.407,1.172,brushing
-0.129,1.09,0.372,12.775,-40.005,7.227,brushing
-0.144,1.056,0.376,12.775,-40.005,7.227,brushing
-0.144,1.056,0.376,10.36,-51.572,13.055,brushing
-0.15,0.951,0.372,10.36,-51.572,13.055,brushing
-0.15,0.951,0.372,7.787,-52.675,17.237,brushing
-0.138,0.832,0.366,7.787,-52.675,17.237,brushing
-0.115,0.715,0.354,7.787,-52.675,17.237,brushing
-0.115,0.715,0.354,5.145,-38.902,20.405,brushing
-0.084,0.65,0.351,5.145,-38.902,20.405,brushing
-0.084,0.65,0.351,2.817,-14.822,22.592,brushing
-0.03,0.635,0.324,2.817,-14.822,22.592,brushing
-0.03,0.635,0.324,0.735,8.942,24.29,brushing
0.044,0.667,0.294,0.735,8.942,24.29,brushing
0.044,0.667,0.294,-1.242,31.815,27.44,brushing
0.111,0.765,0.254,-1.242,31.815,27.44,brushing
0.111,0.765,0.254,-5.495,44.485,32.095,brushing
0.119,0.885,0.279,-5.495,44.485,32.095,brushing
0.119,0.885,0.279,-11.322,37.135,33.232,brushing
0.066,0.969,0.324,-11.322,37.135,33.232,brushing
0.066,0.969,0.324,-14.315,13.352,31.342,brushing
0.002,1.008,0.323,-14.315,13.352,31.342,brushing
0.002,1.008,0.323,-14.805,-6.422,28.805,brushing
-0.079,0.997,0.298,-14.805,-6.422,28.805,brushing
-0.079,0.997,0.298,-14.297,-13.37,26.477,brushing
-0.137,0.913,0.271,-14.297,-13.37,26.477,brushing
-0.189,0.799,0.244,-14.297,-13.37,26.477,brushing
-0.189,0.799,0.244,-14.21,-7.525,21.63,brushing
-0.211,0.731,0.193,-14.21,-7.525,21.63,brushing
-0.211,0.731,0.193,-14.332,12.932,13.79,brushing
-0.206,0.7,0.113,-14.332,12.932,13.79,brushing
-0.206,0.7,0.113,-15.382,49.35,7.647,brushing
-0.165,0.677,0.02,-15.382,49.35,7.647,brushing
-0.165,0.677,0.02,-18.375,94.465,3.325,brushing
-0.106,0.753,-0.067,-18.375,94.465,3.325,brushing
-0.106,0.753,-0.067,-23.03,135.94,0.822,brushing
-0.089,0.863,-0.113,-23.03,135.94,0.822,brushing
-0.089,0.863,-0.113,-28.07,161.245,-1.085,brushing
-0.057,0.936,-0.14,-28.07,161.245,-1.085,brushing
-0.057,0.936,-0.14,-31.447,170.432,-3.062,brushing
-0.033,0.973,-0.177,-31.447,170.432,-3.062,brushing
-0.033,0.973,-0.177,-35.84,160.755,-4.917,brushing
-0.05,0.99,-0.256,-35.84,160.755,-4.917,brushing
-0.05,0.99,-0.256,-47.337,138.145,-8.365,brushing
-0.06,0.988,-0.322,-47.337,138.145,-8.365,brushing
-0.091,1.05,-0.296,-47.337,138.145,-8.365,brushing
-0.091,1.05,-0.296,-63.805,123.235,-11.077,brushing
-0.177,1.047,-0.221,-63.805,123.235,-11.077,brushing
-0.177,1.047,-0.221,-76.755,117.617,-10.342,brushing
-0.283,1.009,-0.165,-76.755,117.617,-10.342,brushing
-0.283,1.009,-0.165,-81.655,122.762,-9.87,brushing
-0.379,1.026,-0.146,-81.655,122.762,-9.87,brushing
-0.379,1.026,-0.146,-79.24,142.152,-8.435,brushing
-0.479,1.164,-0.045,-79.24,142.152,-8.435,brushing
-0.479,1.164,-0.045,-69.44,156.905,-4.76,brushing
-0.525,1.248,0.038,-69.44,156.905,-4.76,brushing
-0.525,1.248,0.038,-51.94,149.03,0.175,brushing
-0.545,1.225,-0.032,-51.94,149.03,0.175,brushing
-0.545,1.225,-0.032,-33.81,131.407,3.395,brushing
-0.568,1.181,-0.068,-33.81,131.407,3.395,brushing
-0.568,1.181,-0.068,-16.695,107.065,4.637,brushing
-0.565,1.186,-0.105,-16.695,107.065,4.637,brushing
-0.541,1.175,-0.161,-1.767,74.62,4.55,brushing
-0.545,1.215,-0.17,-1.767,74.62,4.55,brushing
-0.545,1.215,-0.17,11.672,40.6,4.025,brushing
-0.425,1.316,-0.197,11.672,40.6,4.025,brushing
-0.425,1.316,-0.197,23.047,-0.297,5.477,brushing
-0.445,1.321,-0.262,23.047,-0.297,5.477,brushing
-0.445,1.321,-0.262,31.465,-68.11,1.277,brushing
-0.434,1.153,-0.212,31.465,-68.11,1.277,brushing
-0.434,1.153,-0.212,38.097,-127.575,-7.42,brushing
-0.433,1.15,-0.198,38.097,-127.575,-7.42,brushing
-0.433,1.15,-0.198,43.487,-165.007,-13.72,brushing
-0.437,1.241,-0.294,43.487,-165.007,-13.72,brushing
-0.437,1.241,-0.294,42.717,-202.79,-17.85,brushing
-0.424,1.27,-0.303,42.717,-202.79,-17.85,brushing
-0.424,1.27,-0.303,38.622,-237.632,-19.705,brushing
-0.382,1.364,-0.231,38.622,-237.632,-19.705,brushing
-0.382,1.364,-0.231,37.45,-248.307,-11.76,brushing
-0.283,1.349,-0.169,37.45,-248.307,-11.76,brushing
-0.112,1.224,-0.174,40.897,-213.587,5.145,brushing
-0.057,1.204,-0.136,40.897,-213.587,5.145,brushing
-0.057,1.204,-0.136,41.545,-158.497,19.39,brushing
-0.045,1.117,-0.181,41.545,-158.497,19.39,brushing
-0.045,1.117,-0.181,38.535,-130.585,29.19,brushing
0.034,1.038,-0.188,38.535,-130.585,29.19,brushing
0.034,1.038,-0.188,30.572,-112.385,35.875,brushing
0.028,0.95,-0.065,30.572,-112.385,35.875,brushing
0.028,0.95,-0.065,21.21,-113.207,36.662,brushing
0.017,0.82,0.007,21.21,-113.207,36.662,brushing
0.017,0.82,0.007,15.855,-111.702,36.382,brushing
0.028,0.776,0,15.855,-111.702,36.382,brushing
