time[us],acc_l_x[mg],acc_l_y[mg],acc_l_z[mg],gyro_x[mdps],gyro_y[mdps],gyro_z[mdps],label
3910348967,10,986,-71,2450,-4462,-875,idle-X
3910349903,10,986,-70,2450,-4462,-875,idle-X
3910367021,10,986,-71,2450,-4462,-875,idle-X
3910367958,10,986,-71,2485,-4480,-875,idle-X
3910384161,10,986,-70,2485,-4480,-875,idle-X
3910387234,10,986,-70,2467,-4480,-857,idle-X
3910401299,10,986,-71,2467,-4480,-857,idle-X
3910406204,10,986,-71,2450,-4480,-892,idle-X
3910418741,10,986,-70,2450,-4480,-892,idle-X
3910425479,10,986,-70,2432,-4480,-875,idle-X
3910435880,10,986,-71,2432,-4480,-875,idle-X
3910444754,10,986,-71,2432,-4462,-875,idle-X
3910453019,10,986,-71,2432,-4462,-875,idle-X
3910463725,10,986,-71,2450,-4462,-875,idle-X
3910470158,10,986,-71,2450,-4462,-875,idle-X
3910482999,10,986,-71,2467,-4480,-857,idle-X
3910487600,10,986,-71,2467,-4480,-857,idle-X
3910502275,10,986,-71,2485,-4480,-840,idle-X
3910504737,10,986,-71,2485,-4480,-840,idle-X
3910521246,10,986,-71,2450,-4462,-857,idle-X
3910521876,10,986,-71,2450,-4462,-857,idle-X
3910538995,10,986,-70,2450,-4462,-857,idle-X
3910540542,10,986,-70,2432,-4462,-875,idle-X
3910556439,10,986,-71,2432,-4462,-875,idle-X
3910559819,10,986,-71,2432,-4462,-875,idle-X
3910573578,10,986,-71,2432,-4462,-875,idle-X
3910578790,10,986,-71,2467,-4497,-857,idle-X
3910590718,10,986,-71,2467,-4497,-857,idle-X
3910598066,10,986,-71,2467,-4462,-857,idle-X
3910607856,10,986,-71,2467,-4462,-857,idle-X
3910617036,10,986,-71,2467,-4445,-875,idle-X
3910625299,10,986,-71,2467,-4445,-875,idle-X
3910636310,10,986,-71,2450,-4462,-910,idle-X
3910642437,10,986,-71,2450,-4462,-910,idle-X
3910655586,10,986,-71,2467,-4462,-857,idle-X
3910659575,10,986,-71,2467,-4462,-857,idle-X
3910674557,10,986,-71,2485,-4462,-875,idle-X
3910676715,10,986,-71,2485,-4462,-875,idle-X
3910693833,10,986,-71,2450,-4480,-857,idle-X
3910694463,10,986,-71,2450,-4480,-857,idle-X
3910711275,10,986,-71,2450,-4480,-857,idle-X
3910713128,10,986,-71,2502,-4480,-875,idle-X
3910728415,10,986,-71,2502,-4480,-875,idle-X
3910732100,10,986,-71,2467,-4445,-875,idle-X
3910745554,10,986,-71,2467,-4445,-875,idle-X
3910751375,10,986,-71,2467,-4462,-875,idle-X
3910762692,10,986,-71,2467,-4462,-875,idle-X
3910770651,10,986,-71,2467,-4462,-875,idle-X
3910780137,10,986,-71,2467,-4462,-875,idle-X
3910789622,10,986,-71,2485,-4445,-892,idle-X
3910797275,10,986,-71,2485,-4445,-892,idle-X
3910808897,10,986,-71,2467,-4427,-840,idle-X
3910814413,10,986,-71,2467,-4427,-840,idle-X
3910828172,10,986,-71,2467,-4462,-875,idle-X
3910831551,10,985,-71,2467,-4462,-875,idle-X
3910847143,10,985,-71,2467,-4445,-892,idle-X
3910848995,10,985,-71,2467,-4445,-892,idle-X
3910866113,10,986,-70,2485,-4427,-875,idle-X
3910883243,10,986,-71,2485,-4427,-875,idle-X
3910885401,10,986,-71,2467,-4462,-892,idle-X
3910900382,10,986,-71,2467,-4462,-892,idle-X
3910904677,10,986,-71,2450,-4445,-910,idle-X
3910917827,10,986,-71,2450,-4445,-910,idle-X
3910923953,10,986,-71,2485,-4445,-892,idle-X
3910934965,10,986,-71,2485,-4445,-892,idle-X
3910942923,10,986,-71,2485,-4462,-892,idle-X
3910952103,10,986,-71,2485,-4462,-892,idle-X
3910962198,10,986,-71,2485,-4497,-892,idle-X
3910969240,10,986,-71,2485,-4497,-892,idle-X
3910981473,10,986,-71,2485,-4480,-892,idle-X
3910986683,10,986,-71,2485,-4480,-892,idle-X
3911000442,10,986,-71,2485,-4480,-857,idle-X
3911003823,10,986,-71,2485,-4480,-857,idle-X
3911019718,10,986,-71,2450,-4445,-840,idle-X
3911020960,9,986,-71,2450,-4445,-840,idle-X
3911038079,10,986,-71,2450,-4445,-840,idle-X
3911039015,10,986,-71,2485,-4462,-892,idle-X
3911055523,10,986,-71,2485,-4462,-892,idle-X
3911057986,10,986,-71,2485,-4480,-892,idle-X
3911072661,10,986,-71,2485,-4480,-892,idle-X
3911077261,10,986,-71,2485,-4462,-892,idle-X
3911089800,10,986,-71,2485,-4462,-892,idle-X
3911096537,10,986,-71,2450,-4462,-857,idle-X
3911106939,10,986,-71,2450,-4462,-857,idle-X
3911115507,10,986,-71,2467,-4462,-840,idle-X
3911124382,10,986,-70,2467,-4462,-840,idle-X
3911134783,10,986,-70,2450,-4445,-840,idle-X
3911141520,10,986,-71,2450,-4445,-840,idle-X
3911154058,10,986,-71,2467,-4462,-840,idle-X
3911158657,10,986,-70,2467,-4462,-840,idle-X
3911173028,10,986,-70,2450,-4480,-875,idle-X
3911175796,10,986,-70,2450,-4480,-875,idle-X
3911192303,10,986,-70,2450,-4445,-840,idle-X
3911193240,10,986,-71,2450,-4445,-840,idle-X
3911210358,10,986,-71,2450,-4445,-840,idle-X
3911211295,10,986,-71,2467,-4462,-875,idle-X
3911227496,10,986,-71,2467,-4462,-875,idle-X
3911230570,10,986,-71,2467,-4462,-910,idle-X
3911244636,10,986,-71,2467,-4462,-910,idle-X
3911249847,10,986,-71,2450,-4462,-875,idle-X
3911262079,10,986,-71,2450,-4462,-875,idle-X
3911268816,10,986,-71,2450,-4480,-875,idle-X
3911279218,10,986,-70,2450,-4480,-875,idle-X
3911288092,10,986,-70,2485,-4480,-857,idle-X
3911296355,10,986,-71,2485,-4480,-857,idle-X
3911307367,10,986,-71,2467,-4480,-875,idle-X
3911313800,10,986,-71,2467,-4480,-875,idle-X
3911326337,10,986,-71,2485,-4480,-892,idle-X
3911330937,10,986,-71,2485,-4480,-892,idle-X
3911345613,10,986,-71,2467,-4445,-875,idle-X
3911348076,10,986,-71,2467,-4445,-875,idle-X
3911364888,10,986,-71,2450,-4445,-875,idle-X
3911365518,10,986,-71,2450,-4445,-875,idle-X
3911382636,10,986,-70,2450,-4445,-875,idle-X
3911383878,10,986,-70,2450,-4462,-910,idle-X
3911399775,10,986,-71,2450,-4462,-910,idle-X
3911403154,10,986,-71,2467,-4445,-875,idle-X
3911416913,10,986,-71,2467,-4445,-875,idle-X
3911422428,10,986,-71,2450,-4427,-875,idle-X
3911434051,10,986,-71,2450,-4427,-875,idle-X
3911441399,10,986,-71,2450,-4462,-892,idle-X
3911451495,10,986,-71,2450,-4462,-892,idle-X
3911460674,10,986,-71,2467,-4462,-875,idle-X
3911468633,10,986,-71,2467,-4462,-875,idle-X
3911479950,10,986,-71,2450,-4445,-857,idle-X
3911485771,10,986,-71,2450,-4445,-857,idle-X
3911498920,10,986,-71,2467,-4392,-875,idle-X
3911502909,10,986,-70,2467,-4392,-875,idle-X
3911518195,10,986,-70,2467,-4375,-892,idle-X
3911520353,10,986,-71,2467,-4375,-892,idle-X
3911537471,10,986,-71,2485,-4410,-875,idle-X
3911554602,10,986,-71,2485,-4410,-875,idle-X
3911556454,10,986,-71,2502,-4480,-857,idle-X
3911571741,10,986,-71,2502,-4480,-857,idle-X
3911575731,10,986,-71,2502,-4515,-857,idle-X
3911589186,10,986,-71,2502,-4515,-857,idle-X
3911595007,10,986,-71,2467,-4532,-875,idle-X
3911606324,10,986,-70,2467,-4532,-875,idle-X
3911613976,10,986,-70,2450,-4497,-875,idle-X
3911623460,10,986,-71,2450,-4497,-875,idle-X
3911633251,10,986,-71,2450,-4462,-875,idle-X
3911640599,10,986,-71,2450,-4462,-875,idle-X
3911652221,10,986,-71,2432,-4427,-857,idle-X
3911658042,9,986,-71,2432,-4427,-857,idle-X
3911671496,9,986,-71,2450,-4427,-875,idle-X
3911675181,10,986,-71,2450,-4427,-875,idle-X
3911690771,10,986,-71,2450,-4462,-857,idle-X
3911692319,10,986,-71,2450,-4462,-857,idle-X
3911709436,10,986,-70,2450,-4480,-857,idle-X
3911726872,10,986,-71,2450,-4480,-857,idle-X
3911729030,10,986,-71,2467,-4462,-875,idle-X
3911744011,10,986,-70,2467,-4462,-875,idle-X
3911748306,10,986,-70,2485,-4497,-892,idle-X
3911761149,10,986,-71,2485,-4497,-892,idle-X
3911767275,10,986,-71,2450,-4480,-840,idle-X
3911778286,10,986,-71,2450,-4480,-840,idle-X
3911786550,10,986,-71,2485,-4462,-857,idle-X
3911795729,9,986,-70,2485,-4462,-857,idle-X
3911805826,9,986,-70,2450,-4445,-892,idle-X
3911812868,10,986,-71,2450,-4445,-892,idle-X
3911824797,10,986,-71,2502,-4445,-892,idle-X
3911830007,10,986,-71,2502,-4445,-892,idle-X
3911844073,10,986,-71,2485,-4445,-892,idle-X
3911847146,10,986,-71,2485,-4445,-892,idle-X
3911863347,10,986,-71,2467,-4462,-892,idle-X
3911864588,10,986,-71,2467,-4462,-892,idle-X
3911881707,10,986,-71,2467,-4462,-892,idle-X
3911882337,10,986,-71,2485,-4462,-875,idle-X
3911898847,10,986,-71,2485,-4462,-875,idle-X
3911901614,10,986,-71,2467,-4462,-875,idle-X
3911915983,10,986,-71,2467,-4462,-875,idle-X
3911920887,10,986,-71,2432,-4480,-892,idle-X
3911933425,10,986,-71,2432,-4480,-892,idle-X
3911939858,10,986,-71,2450,-4462,-892,idle-X
3911950564,10,986,-71,2450,-4462,-892,idle-X
3911959135,10,986,-71,2485,-4410,-857,idle-X
3911967703,10,986,-71,2485,-4410,-857,idle-X
3911978410,10,986,-71,2450,-4427,-910,idle-X
3911984843,10,986,-70,2450,-4427,-910,idle-X
3911997380,10,986,-70,2485,-4462,-875,idle-X
3912002286,10,986,-70,2485,-4462,-875,idle-X
3912016656,10,986,-70,2467,-4445,-857,idle-X
3912019424,10,986,-71,2467,-4445,-857,idle-X
3912035933,10,986,-71,2467,-4445,-857,idle-X
3912036564,10,986,-71,2467,-4445,-857,idle-X
3912053987,10,986,-71,2467,-4445,-857,idle-X
3912054923,10,986,-71,2450,-4462,-857,idle-X
3912071125,9,986,-71,2450,-4462,-857,idle-X
3912074198,9,986,-71,2467,-4462,-875,idle-X
3912088263,10,986,-71,2467,-4462,-875,idle-X
3912093475,10,986,-71,2485,-4462,-875,idle-X
3912105403,10,986,-72,2485,-4462,-875,idle-X
3912112750,10,986,-72,2450,-4445,-875,idle-X
3912122846,10,986,-71,2450,-4445,-875,idle-X
3912131721,10,986,-71,2467,-4462,-857,idle-X
3912139985,10,986,-71,2467,-4462,-857,idle-X
3912150997,10,986,-71,2467,-4480,-840,idle-X
3912157124,10,986,-72,2467,-4480,-840,idle-X
3912170273,10,986,-72,2467,-4462,-857,idle-X
3912174567,10,986,-71,2467,-4462,-857,idle-X
3912189243,10,986,-71,2467,-4462,-875,idle-X
3912191706,10,986,-71,2467,-4462,-875,idle-X
3912208519,10,986,-71,2450,-4462,-875,idle-X
3912209149,10,986,-71,2450,-4462,-875,idle-X
3912225963,10,986,-71,2450,-4462,-875,idle-X
3912227814,10,986,-71,2432,-4480,-857,idle-X
3912243405,10,986,-71,2432,-4480,-857,idle-X
3912246785,10,986,-71,2467,-4462,-875,idle-X
3912260545,10,986,-71,2467,-4462,-875,idle-X
3912266061,10,986,-71,2432,-4480,-857,idle-X
3912277682,10,985,-71,2432,-4480,-857,idle-X
3912285335,10,985,-71,2467,-4462,-857,idle-X
3912295126,9,986,-70,2467,-4462,-857,idle-X
3912304305,9,986,-70,2467,-4497,-857,idle-X
3912312263,10,986,-70,2467,-4497,-857,idle-X
3912323580,10,986,-70,2485,-4480,-875,idle-X
3912329402,10,986,-71,2485,-4480,-875,idle-X
3912342856,10,986,-71,2467,-4462,-875,idle-X
3912346541,9,986,-71,2467,-4462,-875,idle-X
3912361828,9,986,-71,2467,-4462,-875,idle-X
3912363986,10,986,-70,2467,-4462,-875,idle-X
3912381104,10,986,-71,2485,-4445,-875,idle-X
3912398235,10,986,-71,2485,-4445,-875,idle-X
3912400392,10,986,-71,2467,-4445,-875,idle-X
3912415678,9,986,-71,2467,-4445,-875,idle-X
3912419363,9,986,-71,2450,-4445,-840,idle-X
3912432816,10,986,-70,2450,-4445,-840,idle-X
3912438638,10,986,-70,2467,-4480,-857,idle-X
3912449954,9,986,-71,2467,-4480,-857,idle-X
3912457913,9,986,-71,2450,-4462,-875,idle-X
3912467092,10,986,-71,2450,-4462,-875,idle-X
3912476883,10,986,-71,2467,-4462,-892,idle-X
3912484536,10,986,-71,2467,-4462,-892,idle-X
3912496159,10,986,-71,2467,-4497,-857,idle-X
3912501674,10,986,-71,2467,-4497,-857,idle-X
3912515433,10,986,-71,2450,-4480,-875,idle-X
3912518812,10,986,-71,2450,-4480,-875,idle-X
3912534404,10,986,-71,2485,-4445,-892,idle-X
3912535951,10,985,-71,2485,-4445,-892,idle-X
3912553375,10,986,-71,2467,-4462,-892,idle-X
3912570505,10,986,-71,2467,-4462,-892,idle-X
3912572967,10,986,-71,2450,-4445,-875,idle-X
3912587642,10,986,-71,2450,-4445,-875,idle-X
3912592242,10,986,-71,2467,-4462,-857,idle-X
3912605086,10,986,-70,2467,-4462,-857,idle-X
3912611213,10,986,-70,2485,-4462,-857,idle-X
3912622225,10,986,-71,2485,-4462,-857,idle-X
3912630488,10,986,-71,2467,-4462,-857,idle-X
3912639363,10,986,-71,2467,-4462,-857,idle-X
3912649763,10,986,-71,2485,-4462,-892,idle-X
3912656806,10,986,-71,2485,-4462,-892,idle-X
3912669038,10,986,-71,2467,-4462,-892,idle-X
3912673944,9,986,-71,2467,-4462,-892,idle-X
3912688009,9,986,-71,2467,-4445,-910,idle-X
3912691083,10,986,-71,2467,-4445,-910,idle-X
3912707285,10,986,-71,2432,-4462,-892,idle-X
3912708526,10,986,-71,2432,-4462,-892,idle-X
3912725644,10,986,-71,2432,-4462,-892,idle-X
3912726580,10,986,-71,2450,-4462,-875,idle-X
3912742783,10,986,-71,2450,-4462,-875,idle-X
3912745551,10,986,-71,2485,-4497,-857,idle-X
3912760226,10,986,-70,2485,-4497,-857,idle-X
3912764827,10,986,-70,2467,-4445,-875,idle-X
3912777364,9,986,-71,2467,-4445,-875,idle-X
3912784101,9,986,-71,2485,-4445,-875,idle-X
3912794502,10,986,-70,2485,-4445,-875,idle-X
3912803071,10,986,-70,2485,-4462,-840,idle-X
3912811640,10,986,-71,2485,-4462,-840,idle-X
3912822347,10,986,-71,2485,-4462,-892,idle-X
3912829084,10,986,-70,2485,-4462,-892,idle-X
3912841622,10,986,-70,2467,-4462,-892,idle-X
3912846222,10,986,-71,2467,-4462,-892,idle-X
3912860897,10,986,-71,2485,-4445,-875,idle-X
3912863359,10,986,-71,2485,-4445,-875,idle-X
3912879867,10,986,-71,2485,-4462,-857,idle-X
3912880497,10,986,-71,2485,-4462,-857,idle-X
3912897921,10,986,-71,2485,-4462,-857,idle-X
3912899162,10,986,-71,2485,-4480,-892,idle-X
3912915057,10,986,-71,2485,-4480,-892,idle-X
3912918436,10,986,-71,2485,-4445,-857,idle-X
3912932196,10,986,-71,2485,-4445,-857,idle-X
3912937407,10,986,-71,2485,-4445,-875,idle-X
3912949641,10,986,-70,2485,-4445,-875,idle-X
3912956684,10,986,-70,2485,-4480,-892,idle-X
3912966779,10,986,-71,2485,-4480,-892,idle-X
3912975958,10,986,-71,2467,-4462,-875,idle-X
3912983917,10,986,-71,2467,-4462,-875,idle-X
3912994929,10,986,-71,2467,-4445,-892,idle-X
3913001056,10,986,-71,2467,-4445,-892,idle-X
3913014205,10,986,-71,2467,-4427,-857,idle-X
3913018501,10,986,-70,2467,-4427,-857,idle-X
3913033481,10,986,-70,2450,-4445,-857,idle-X
3913035639,10,986,-71,2450,-4445,-857,idle-X
3913052451,10,986,-71,2467,-4445,-875,idle-X
3913053081,10,986,-71,2467,-4445,-875,idle-X
3913070202,10,986,-71,2467,-4445,-875,idle-X
3913071749,10,986,-71,2467,-4462,-892,idle-X
3913087340,10,986,-70,2467,-4462,-892,idle-X
3913091025,10,986,-70,2450,-4462,-875,idle-X
3913104479,10,986,-71,2450,-4462,-875,idle-X
3913109995,10,986,-71,2467,-4445,-875,idle-X
3913121921,10,986,-71,2467,-4445,-875,idle-X
3913129270,10,986,-71,2450,-4462,-857,idle-X
3913139060,10,986,-71,2450,-4462,-857,idle-X
3913148545,10,986,-71,2432,-4462,-875,idle-X
3913156197,10,986,-71,2432,-4462,-875,idle-X
3913167819,10,986,-71,2467,-4462,-875,idle-X
3913173336,10,986,-71,2467,-4462,-875,idle-X
3913186788,10,986,-71,2485,-4462,-892,idle-X
3913190777,10,986,-71,2485,-4462,-892,idle-X
3913206065,10,986,-71,2485,-4462,-875,idle-X
3913207917,10,986,-71,2485,-4462,-875,idle-X
3913225035,10,986,-71,2467,-4445,-840,idle-X
3913242471,10,986,-71,2467,-4445,-840,idle-X
3913244324,10,986,-71,2432,-4445,-910,idle-X
3913259610,10,986,-71,2432,-4445,-910,idle-X
3913263600,10,986,-71,2450,-4445,-927,idle-X
3913276749,10,986,-70,2450,-4445,-927,idle-X
3913282875,10,986,-70,2450,-4462,-892,idle-X
3913293886,10,986,-70,2450,-4462,-892,idle-X
3913301844,10,986,-70,2450,-4462,-892,idle-X
3913311329,10,986,-71,2450,-4462,-892,idle-X
3913321120,10,986,-71,2467,-4445,-875,idle-X
3913328468,10,986,-71,2467,-4445,-875,idle-X
3913340395,10,986,-71,2467,-4462,-875,idle-X
3913345607,10,986,-71,2467,-4462,-875,idle-X
3913359365,10,986,-71,2450,-4462,-892,idle-X
3913362744,10,986,-71,2450,-4462,-892,idle-X
3913378641,10,986,-71,2450,-4462,-875,idle-X
3913380188,10,986,-70,2450,-4462,-875,idle-X
3913397305,10,986,-71,2450,-4462,-875,idle-X
3913397936,10,986,-71,2467,-4480,-857,idle-X
3913414444,10,986,-71,2467,-4480,-857,idle-X
3913416908,10,986,-71,2467,-4462,-875,idle-X
3913431583,10,986,-70,2467,-4462,-875,idle-X
3913436184,10,986,-70,2485,-4462,-892,idle-X
3913449027,10,986,-71,2485,-4462,-892,idle-X
3913455458,10,986,-71,2467,-4480,-892,idle-X
3913466166,10,986,-71,2467,-4480,-892,idle-X
3913474431,10,986,-71,2467,-4462,-875,idle-X
3913483306,10,986,-71,2467,-4462,-875,idle-X
3913493707,10,986,-71,2467,-4462,-857,idle-X
3913500444,10,986,-71,2467,-4462,-857,idle-X
3913512983,10,986,-71,2467,-4480,-875,idle-X
3913517888,10,986,-70,2467,-4480,-875,idle-X
3913531953,10,986,-70,2467,-4445,-892,idle-X
3913535027,9,986,-71,2467,-4445,-892,idle-X
3913551229,9,986,-71,2467,-4462,-892,idle-X
3913552165,10,986,-71,2467,-4462,-892,idle-X
3913569283,10,986,-71,2467,-4462,-892,idle-X
3913570219,10,986,-71,2450,-4462,-875,idle-X
3913586725,10,986,-71,2450,-4462,-875,idle-X
3913589494,10,986,-71,2467,-4445,-892,idle-X
3913603864,10,986,-71,2467,-4445,-892,idle-X
3913608770,10,986,-71,2450,-4462,-875,idle-X
3913621001,10,986,-71,2450,-4462,-875,idle-X
3913627739,10,986,-71,2467,-4480,-875,idle-X
3913638446,10,986,-71,2467,-4480,-875,idle-X
3913647015,10,986,-71,2467,-4480,-892,idle-X
3913655585,9,986,-71,2467,-4480,-892,idle-X
3913666292,9,986,-71,2432,-4480,-892,idle-X
3913672724,10,986,-71,2432,-4480,-892,idle-X
3913685263,10,986,-71,2467,-4480,-875,idle-X
3913689863,10,986,-71,2467,-4480,-875,idle-X
3913704537,10,986,-71,2467,-4480,-875,idle-X
3913707000,10,986,-71,2467,-4480,-875,idle-X
3913723814,10,986,-71,2450,-4462,-875,idle-X
3913724444,10,986,-71,2450,-4462,-875,idle-X
3913741564,10,986,-71,2450,-4462,-875,idle-X
3913742806,10,986,-71,2467,-4462,-892,idle-X
3913758702,10,986,-70,2467,-4462,-892,idle-X
3913762081,10,986,-70,2485,-4445,-892,idle-X
3913775840,10,986,-71,2485,-4445,-892,idle-X
3913781354,10,986,-71,2450,-4480,-875,idle-X
3913793282,10,986,-71,2450,-4480,-875,idle-X
3913800325,10,986,-71,2450,-4480,-857,idle-X
3913810420,10,986,-71,2450,-4480,-857,idle-X
3913819600,10,986,-71,2467,-4445,-892,idle-X
3913827557,10,986,-71,2467,-4445,-892,idle-X
3913838875,10,986,-71,2467,-4480,-875,idle-X
3913844696,10,986,-71,2467,-4480,-875,idle-X
3913857845,10,986,-71,2467,-4462,-857,idle-X
3913862140,10,986,-71,2467,-4462,-857,idle-X
3913877121,10,986,-71,2485,-4462,-875,idle-X
3913879279,10,986,-71,2485,-4462,-875,idle-X
3913896396,10,986,-71,2485,-4445,-875,idle-X
3913913831,10,986,-71,2485,-4445,-875,idle-X
3913915377,10,986,-71,2450,-4445,-892,idle-X
3913930969,10,986,-71,2450,-4445,-892,idle-X
3913934653,10,986,-71,2432,-4462,-875,idle-X
3913948107,10,986,-71,2432,-4462,-875,idle-X
3913953622,10,986,-71,2467,-4445,-875,idle-X
3913965245,10,986,-71,2467,-4445,-875,idle-X
3913972897,10,986,-71,2450,-4445,-875,idle-X
3913982686,10,986,-71,2450,-4445,-875,idle-X
3913992172,10,986,-71,2450,-4480,-875,idle-X
3913999826,10,986,-71,2450,-4480,-875,idle-X
3914011448,10,986,-71,2485,-4480,-857,idle-X
3914016963,10,986,-71,2485,-4480,-857,idle-X
3914030418,10,986,-71,2485,-4462,-892,idle-X
3914034102,10,986,-70,2485,-4462,-892,idle-X
3914049694,10,986,-70,2467,-4445,-892,idle-X
3914051546,10,986,-71,2467,-4445,-892,idle-X
3914068664,10,986,-71,2485,-4462,-892,idle-X
3914085794,10,986,-71,2485,-4462,-892,idle-X
3914087951,10,986,-71,2467,-4462,-892,idle-X
3914102932,10,986,-71,2467,-4462,-892,idle-X
3914107227,10,986,-71,2450,-4462,-910,idle-X
3914120375,10,986,-71,2450,-4462,-910,idle-X
3914126197,10,986,-71,2467,-4480,-892,idle-X
3914137513,10,986,-71,2467,-4480,-892,idle-X
3914145473,10,986,-71,2467,-4480,-875,idle-X
3914154652,10,985,-71,2467,-4480,-875,idle-X
3914164748,10,985,-71,2450,-4462,-892,idle-X
3914171790,10,986,-71,2450,-4462,-892,idle-X
3914183718,10,986,-71,2467,-4462,-875,idle-X
3914189234,10,986,-71,2467,-4462,-875,idle-X
3914202994,10,986,-71,2485,-4445,-875,idle-X
3914206373,10,986,-71,2485,-4445,-875,idle-X
3914222268,10,986,-71,2467,-4497,-857,idle-X
3914223510,10,986,-71,2467,-4497,-857,idle-X
3914240628,9,986,-70,2467,-4497,-857,idle-X
3914241258,9,986,-70,2467,-4480,-857,idle-X
3914258073,10,986,-71,2467,-4480,-857,idle-X
3914260536,10,986,-71,2467,-4462,-892,idle-X
3914275212,10,986,-70,2467,-4462,-892,idle-X
3914279811,10,986,-70,2450,-4445,-857,idle-X
3914292349,10,986,-70,2450,-4445,-857,idle-X
3914298781,10,986,-70,2450,-4462,-892,idle-X
3914309793,10,986,-70,2450,-4462,-892,idle-X
3914318057,10,986,-70,2485,-4462,-892,idle-X
3914326931,10,986,-72,2485,-4462,-892,idle-X
3914337332,10,986,-72,2467,-4462,-892,idle-X
3914344069,10,986,-71,2467,-4462,-892,idle-X
3914356302,10,986,-71,2485,-4445,-875,idle-X
3914361208,10,986,-71,2485,-4445,-875,idle-X
3914375578,10,986,-71,2467,-4445,-875,idle-X
3914378651,9,986,-71,2467,-4445,-875,idle-X
3914394853,9,986,-71,2467,-4462,-857,idle-X
3914395790,10,986,-71,2467,-4462,-857,idle-X
3914412909,10,986,-71,2467,-4462,-857,idle-X
3914413845,10,986,-71,2467,-4497,-875,idle-X
3914430046,10,986,-71,2467,-4497,-875,idle-X
3914433120,10,986,-71,2467,-4480,-892,idle-X
3914447490,9,986,-71,2467,-4480,-892,idle-X
3914452397,9,986,-71,2485,-4480,-875,idle-X
3914464629,9,986,-71,2485,-4480,-875,idle-X
3914471366,9,986,-71,2450,-4480,-892,idle-X
3914481767,10,986,-71,2450,-4480,-892,idle-X
3914490641,10,986,-71,2450,-4462,-875,idle-X
3914498904,10,986,-71,2450,-4462,-875,idle-X
3914509916,10,986,-71,2467,-4462,-875,idle-X
3914516349,10,986,-71,2467,-4462,-875,idle-X
3914528887,10,986,-71,2467,-4480,-875,idle-X
3914533487,10,986,-71,2467,-4480,-875,idle-X
3914548162,10,986,-71,2485,-4462,-892,idle-X
3914550625,10,986,-71,2485,-4462,-892,idle-X
3914567438,10,986,-71,2485,-4462,-875,idle-X
3914568068,10,986,-71,2485,-4462,-875,idle-X
3914585187,11,986,-71,2485,-4462,-875,idle-X
3914586429,11,986,-71,2485,-4445,-892,idle-X
3914602326,10,986,-70,2485,-4445,-892,idle-X
3914605705,10,986,-70,2485,-4462,-892,idle-X
3914619465,10,986,-70,2485,-4462,-892,idle-X
3914624981,10,986,-70,2467,-4445,-910,idle-X
3914636909,10,986,-71,2467,-4445,-910,idle-X
3914643952,10,986,-71,2485,-4462,-875,idle-X
3914654049,10,986,-71,2485,-4462,-875,idle-X
3914663229,10,986,-71,2467,-4462,-910,idle-X
3914671187,10,986,-71,2467,-4462,-910,idle-X
3914682504,10,986,-71,2485,-4497,-892,idle-X
3914688325,10,986,-71,2485,-4497,-892,idle-X
3914701778,10,986,-71,2485,-4462,-892,idle-X
3914705768,10,986,-71,2485,-4462,-892,idle-X
3914720749,10,986,-71,2467,-4462,-857,idle-X
3914722907,10,986,-70,2467,-4462,-857,idle-X
3914740025,9,986,-70,2467,-4445,-875,idle-X
3914757460,10,986,-70,2467,-4445,-875,idle-X
3914759313,10,986,-70,2467,-4462,-875,idle-X
3914774599,10,986,-71,2467,-4462,-875,idle-X
3914778283,10,986,-71,2467,-4445,-892,idle-X
3914791737,10,986,-71,2467,-4445,-892,idle-X
3914797558,10,986,-71,2450,-4462,-875,idle-X
3914808875,10,986,-71,2450,-4462,-875,idle-X
3914816832,10,986,-71,2467,-4462,-892,idle-X
3914826318,10,986,-71,2467,-4462,-892,idle-X
3914835803,10,986,-71,2450,-4480,-892,idle-X
3914843457,10,986,-71,2450,-4480,-892,idle-X
3914855081,10,986,-71,2467,-4445,-875,idle-X
3914860596,10,986,-71,2467,-4445,-875,idle-X
3914874355,10,986,-71,2467,-4462,-875,idle-X
3914877734,10,985,-71,2467,-4462,-875,idle-X
3914893326,10,985,-71,2485,-4515,-892,idle-X
3914895179,10,986,-71,2485,-4515,-892,idle-X
3914912298,10,986,-70,2450,-4480,-892,idle-X
3914929428,10,986,-71,2450,-4480,-892,idle-X
3914931586,10,986,-71,2467,-4462,-875,idle-X
3914946566,10,986,-71,2467,-4462,-875,idle-X
3914950861,10,986,-71,2467,-4462,-857,idle-X
3914964011,10,986,-70,2467,-4462,-857,idle-X
3914970138,10,986,-70,2467,-4445,-892,idle-X
3914981150,10,985,-70,2467,-4445,-892,idle-X
3914989414,10,985,-70,2467,-4462,-875,idle-X
3914998289,10,986,-70,2467,-4462,-875,idle-X
3915008385,10,986,-70,2467,-4480,-875,idle-X
3915015428,10,986,-71,2467,-4480,-875,idle-X
3915027660,10,986,-71,2450,-4480,-875,idle-X
3915032870,10,986,-71,2450,-4480,-875,idle-X
3915046935,10,986,-71,2450,-4462,-910,idle-X
3915050009,10,986,-71,2450,-4462,-910,idle-X
3915065905,10,986,-71,2467,-4462,-875,idle-X
3915067147,9,986,-71,2467,-4462,-875,idle-X
3915084571,9,986,-71,2467,-4462,-875,idle-X
3915085201,9,986,-71,2467,-4462,-857,idle-X
3915101710,10,986,-71,2467,-4462,-857,idle-X
3915104478,10,986,-71,2467,-4462,-892,idle-X
3915118849,10,986,-71,2467,-4462,-892,idle-X
3915123449,10,986,-71,2450,-4462,-857,idle-X
3915135987,10,986,-71,2450,-4462,-857,idle-X
3915142724,10,986,-71,2467,-4462,-892,idle-X
3915153430,9,986,-71,2467,-4462,-892,idle-X
3915161999,9,986,-71,2467,-4462,-892,idle-X
3915170570,10,986,-71,2467,-4462,-892,idle-X
3915180971,10,986,-71,2432,-4480,-857,idle-X
3915187709,10,986,-70,2432,-4480,-857,idle-X
3915200247,10,986,-70,2450,-4480,-857,idle-X
3915204846,10,986,-70,2450,-4480,-857,idle-X
3915219521,10,986,-70,2450,-4462,-892,idle-X
3915222290,10,986,-71,2450,-4462,-892,idle-X
3915238493,10,986,-71,2467,-4480,-875,idle-X
3915239430,10,986,-71,2467,-4480,-875,idle-X
3915256548,10,986,-70,2467,-4480,-875,idle-X
3915257790,10,986,-70,2485,-4462,-857,idle-X
3915273686,10,986,-71,2485,-4462,-857,idle-X
3915277065,10,986,-71,2467,-4480,-892,idle-X
3915291130,10,986,-71,2467,-4480,-892,idle-X
3915296035,10,986,-71,2467,-4480,-892,idle-X
3915308268,9,986,-71,2467,-4480,-892,idle-X
3915315310,9,986,-71,2450,-4445,-892,idle-X
3915325406,10,986,-71,2450,-4445,-892,idle-X
3915334586,10,986,-71,2467,-4480,-875,idle-X
3915342544,10,986,-71,2467,-4480,-875,idle-X
3915353556,10,986,-71,2467,-4462,-875,idle-X
3915359987,10,986,-71,2467,-4462,-875,idle-X
3915372831,10,986,-71,2467,-4445,-875,idle-X
3915377126,10,986,-71,2467,-4445,-875,idle-X
3915391802,10,986,-71,2450,-4462,-857,idle-X
3915394265,10,986,-71,2450,-4462,-857,idle-X
3915411078,10,986,-71,2467,-4480,-857,idle-X
3915411708,9,986,-71,2467,-4480,-857,idle-X
3915428827,10,986,-72,2467,-4480,-857,idle-X
3915430374,10,986,-72,2467,-4445,-875,idle-X
3915445966,10,985,-71,2467,-4445,-875,idle-X
3915449344,10,985,-71,2450,-4445,-892,idle-X
3915463104,10,985,-71,2450,-4445,-892,idle-X
3915468619,10,985,-71,2467,-4462,-892,idle-X
3915480546,10,986,-70,2467,-4462,-892,idle-X
3915487893,10,986,-70,2485,-4462,-875,idle-X
3915497684,10,986,-71,2485,-4462,-875,idle-X
3915506864,10,986,-71,2485,-4445,-892,idle-X
3915514823,10,986,-71,2485,-4445,-892,idle-X
3915526139,10,986,-71,2467,-4462,-875,idle-X
3915531960,10,986,-71,2467,-4462,-875,idle-X
3915545414,10,986,-71,2467,-4462,-857,idle-X
3915549403,9,986,-71,2467,-4462,-857,idle-X
3915564690,9,986,-71,2467,-4445,-857,idle-X
3915566543,10,986,-71,2467,-4445,-857,idle-X
3915583661,10,985,-71,2485,-4462,-892,idle-X
3915601097,10,986,-71,2485,-4462,-892,idle-X
3915602949,10,986,-71,2450,-4480,-875,idle-X
3915618236,10,986,-71,2450,-4480,-875,idle-X
3915622225,10,986,-71,2467,-4462,-840,idle-X
3915635373,10,986,-70,2467,-4462,-840,idle-X
3915641194,10,986,-70,2467,-4445,-840,idle-X
3915652511,9,986,-71,2467,-4445,-840,idle-X
3915660470,9,986,-71,2450,-4445,-857,idle-X
3915669955,10,986,-71,2450,-4445,-857,idle-X
3915679746,10,986,-71,2485,-4445,-875,idle-X
3915687095,10,986,-71,2485,-4445,-875,idle-X
3915698718,10,986,-71,2485,-4480,-875,idle-X
3915704234,10,986,-71,2485,-4480,-875,idle-X
3915717993,10,986,-71,2467,-4480,-840,idle-X
3915721372,10,986,-71,2467,-4480,-840,idle-X
3915737268,10,986,-71,2485,-4445,-857,idle-X
3915738815,10,986,-71,2485,-4445,-857,idle-X
3915755934,10,986,-71,2467,-4462,-892,idle-X
3915773065,10,986,-71,2467,-4462,-892,idle-X
3915775527,10,986,-71,2450,-4445,-892,idle-X
3915790509,10,986,-71,2450,-4445,-892,idle-X
3915794803,10,986,-71,2467,-4462,-875,idle-X
3915807647,10,986,-71,2467,-4462,-875,idle-X
3915813774,10,986,-71,2485,-4462,-892,idle-X
3915824785,10,986,-71,2485,-4462,-892,idle-X
3915833050,10,986,-71,2450,-4445,-857,idle-X
3915841923,10,986,-70,2450,-4445,-857,idle-X
3915852324,10,986,-70,2467,-4462,-875,idle-X
3915859366,10,986,-71,2467,-4462,-875,idle-X
3915871294,10,986,-71,2467,-4480,-875,idle-X
3915876504,10,986,-71,2467,-4480,-875,idle-X
3915890570,10,986,-71,2467,-4462,-875,idle-X
3915893645,10,986,-71,2467,-4462,-875,idle-X
3915909847,10,986,-71,2450,-4445,-857,idle-X
3915910784,9,986,-71,2450,-4445,-857,idle-X
3915928207,10,986,-71,2450,-4445,-857,idle-X
3915928837,10,986,-71,2450,-4462,-875,idle-X
3915945344,10,986,-71,2450,-4462,-875,idle-X
3915948112,10,986,-71,2467,-4462,-892,idle-X
3915962482,10,986,-71,2467,-4462,-892,idle-X
3915967388,10,986,-71,2467,-4480,-875,idle-X
3915979621,10,986,-70,2467,-4480,-875,idle-X
3915986358,10,986,-70,2450,-4462,-875,idle-X
3915997065,10,986,-70,2450,-4462,-875,idle-X
3916005634,10,986,-70,2467,-4462,-892,idle-X
3916014203,9,986,-70,2467,-4462,-892,idle-X
3916024910,9,986,-70,2467,-4480,-892,idle-X
3916031342,10,986,-71,2467,-4480,-892,idle-X
3916043881,10,986,-71,2450,-4427,-875,idle-X
3916048481,10,986,-70,2450,-4427,-875,idle-X
3916063156,10,986,-70,2450,-4462,-875,idle-X
3916065924,10,986,-71,2450,-4462,-875,idle-X
3916082432,10,986,-71,2485,-4480,-875,idle-X
3916083062,10,986,-71,2485,-4480,-875,idle-X
3916100182,10,986,-71,2485,-4480,-875,idle-X
3916101423,10,986,-71,2502,-4480,-875,idle-X
3916117625,10,986,-71,2502,-4480,-875,idle-X
3916120698,10,986,-71,2467,-4462,-875,idle-X
3916134762,10,986,-71,2467,-4462,-875,idle-X
3916139972,10,986,-71,2450,-4462,-875,idle-X
3916151900,10,986,-70,2450,-4462,-875,idle-X
3916158943,10,986,-70,2450,-4480,-892,idle-X
3916169039,10,986,-71,2450,-4480,-892,idle-X
3916178219,10,986,-71,2485,-4445,-892,idle-X
3916186483,10,986,-71,2485,-4445,-892,idle-X
3916197494,10,986,-71,2467,-4427,-875,idle-X
3916203621,10,986,-70,2467,-4427,-875,idle-X
3916216465,10,986,-70,2450,-4427,-857,idle-X
3916220760,10,986,-71,2450,-4427,-857,idle-X
3916235741,10,986,-71,2450,-4480,-875,idle-X
3916238204,10,986,-71,2450,-4480,-875,idle-X
3916255018,10,986,-71,2467,-4480,-875,idle-X
3916255648,10,986,-71,2467,-4480,-875,idle-X
3916272460,10,986,-71,2467,-4480,-875,idle-X
3916274008,10,986,-71,2450,-4497,-875,idle-X
3916289600,10,987,-71,2450,-4497,-875,idle-X
3916293284,10,987,-71,2450,-4480,-840,idle-X
3916307044,10,986,-70,2450,-4480,-840,idle-X
3916312560,10,986,-70,2467,-4445,-875,idle-X
3916324182,10,986,-71,2467,-4445,-875,idle-X
3916331836,10,986,-71,2467,-4462,-857,idle-X
3916341321,10,986,-71,2467,-4462,-857,idle-X
3916350806,10,986,-71,2467,-4462,-840,idle-X
3916358764,10,986,-71,2467,-4462,-840,idle-X
3916370081,10,986,-71,2450,-4445,-875,idle-X
3916375902,10,986,-71,2450,-4445,-875,idle-X
3916389355,10,986,-71,2450,-4480,-892,idle-X
3916393040,10,986,-71,2450,-4480,-892,idle-X
3916408326,10,986,-71,2450,-4462,-875,idle-X
3916410484,10,986,-71,2450,-4462,-875,idle-X
3916427603,10,986,-71,2432,-4480,-892,idle-X
3916444732,10,986,-71,2432,-4480,-892,idle-X
3916446890,10,986,-71,2467,-4480,-875,idle-X
3916461870,10,986,-71,2467,-4480,-875,idle-X
3916465860,10,986,-71,2485,-4462,-892,idle-X
3916479316,10,986,-71,2485,-4462,-892,idle-X
3916485137,10,986,-71,2467,-4445,-857,idle-X
3916496455,10,986,-71,2467,-4445,-857,idle-X
3916504414,10,986,-71,2485,-4445,-875,idle-X
3916513594,9,986,-71,2485,-4445,-875,idle-X
3916523385,9,986,-71,2467,-4462,-857,idle-X
3916530733,10,986,-71,2467,-4462,-857,idle-X
3916542661,10,986,-71,2450,-4445,-875,idle-X
3916548177,10,986,-71,2450,-4445,-875,idle-X
3916561936,10,986,-71,2432,-4462,-910,idle-X
3916565314,10,986,-71,2432,-4462,-910,idle-X
3916581210,10,986,-71,2467,-4462,-892,idle-X
3916582452,10,986,-71,2467,-4462,-892,idle-X
3916599876,10,986,-71,2467,-4462,-892,idle-X
3916617006,10,987,-71,2467,-4462,-892,idle-X
3916619470,10,987,-71,2467,-4497,-875,idle-X
3916634144,10,986,-71,2467,-4497,-875,idle-X
3916638744,10,986,-71,2450,-4480,-875,idle-X
3916651587,9,986,-71,2450,-4480,-875,idle-X
3916657714,9,986,-71,2467,-4445,-875,idle-X
3916668725,9,986,-71,2467,-4445,-875,idle-X
3916676990,9,986,-71,2467,-4445,-857,idle-X
3916685864,10,986,-70,2467,-4445,-857,idle-X
3916696266,10,986,-70,2467,-4462,-857,idle-X
3916703003,10,986,-71,2467,-4462,-857,idle-X
3916715237,10,986,-71,2467,-4462,-840,idle-X
3916720447,10,986,-71,2467,-4462,-840,idle-X
3916734513,10,986,-71,2450,-4462,-857,idle-X
3916737587,10,986,-71,2450,-4462,-857,idle-X
3916753789,10,986,-71,2450,-4480,-857,idle-X
3916754725,10,986,-71,2450,-4480,-857,idle-X
3916771844,10,986,-70,2450,-4480,-857,idle-X
3916772780,10,986,-70,2467,-4480,-892,idle-X
3916789287,10,986,-71,2467,-4480,-892,idle-X
3916792056,10,986,-71,2485,-4480,-892,idle-X
3916806426,10,986,-71,2485,-4480,-892,idle-X
3916811332,10,986,-71,2450,-4462,-857,idle-X
3916823565,10,986,-71,2450,-4462,-857,idle-X
3916830302,10,986,-71,2467,-4445,-892,idle-X
3916841007,10,986,-71,2467,-4445,-892,idle-X
3916849577,10,986,-71,2467,-4462,-875,idle-X
3916858146,10,986,-71,2467,-4462,-875,idle-X
3916868851,10,986,-71,2450,-4445,-857,idle-X
3916875284,10,986,-71,2450,-4445,-857,idle-X
3916887822,10,986,-71,2450,-4480,-875,idle-X
3916892421,9,986,-71,2450,-4480,-875,idle-X
3916907097,9,986,-71,2467,-4497,-875,idle-X
3916909865,10,986,-70,2467,-4497,-875,idle-X
3916926372,10,986,-70,2467,-4480,-857,idle-X
3916927003,10,986,-71,2467,-4480,-857,idle-X
3916944122,10,986,-71,2467,-4480,-857,idle-X
3916945363,10,986,-71,2450,-4462,-857,idle-X
3916961260,9,986,-71,2450,-4462,-857,idle-X
3916964640,9,986,-71,2467,-4445,-857,idle-X
3916978704,10,986,-71,2467,-4445,-857,idle-X
3916983915,10,986,-71,2450,-4445,-857,idle-X
3916995842,10,986,-71,2450,-4445,-857,idle-X
3917002885,10,986,-71,2485,-4462,-857,idle-X
3917012980,10,986,-71,2485,-4462,-857,idle-X
3917022160,10,986,-71,2450,-4427,-840,idle-X
3917030119,10,986,-71,2450,-4427,-840,idle-X
3917041436,10,986,-71,2432,-4445,-892,idle-X
3917047563,10,986,-71,2432,-4445,-892,idle-X
3917060407,10,986,-71,2467,-4445,-892,idle-X
3917064701,10,986,-71,2467,-4445,-892,idle-X
3917079683,10,986,-71,2467,-4480,-857,idle-X
3917081840,10,986,-71,2467,-4480,-857,idle-X
3917098958,10,986,-71,2467,-4480,-892,idle-X
3917116393,9,986,-71,2467,-4480,-892,idle-X
3917117940,9,986,-71,2450,-4445,-875,idle-X
3917133531,10,986,-70,2450,-4445,-875,idle-X
3917137215,10,986,-70,2467,-4445,-875,idle-X
3917150669,10,986,-71,2467,-4445,-875,idle-X
3917156490,10,986,-71,2467,-4462,-857,idle-X
3917167807,10,986,-70,2467,-4462,-857,idle-X
3917175459,10,986,-70,2467,-4462,-840,idle-X
3917185250,9,986,-71,2467,-4462,-840,idle-X
3917194735,9,986,-71,2485,-4480,-875,idle-X
3917202389,10,986,-70,2485,-4480,-875,idle-X
3917214011,10,986,-70,2485,-4462,-857,idle-X
3917219528,10,986,-71,2485,-4462,-857,idle-X
3917232982,10,986,-71,2485,-4480,-892,idle-X
3917236666,10,986,-71,2485,-4480,-892,idle-X
3917252257,10,986,-71,2485,-4480,-892,idle-X
3917254109,10,986,-71,2485,-4480,-892,idle-X
3917271227,10,986,-71,2467,-4445,-910,idle-X
3917288357,10,986,-71,2467,-4445,-910,idle-X
3917290516,10,986,-71,2467,-4445,-857,idle-X
3917305496,10,986,-71,2467,-4445,-857,idle-X
3917309791,10,986,-71,2450,-4462,-857,idle-X
3917322940,10,986,-71,2450,-4462,-857,idle-X
3917328761,10,986,-71,2450,-4480,-840,idle-X
3917340079,10,986,-71,2450,-4480,-840,idle-X
3917348037,10,986,-71,2432,-4462,-840,idle-X
3917357218,10,986,-71,2432,-4462,-840,idle-X
3917367313,10,986,-71,2467,-4480,-892,idle-X
3917374355,10,986,-71,2467,-4480,-892,idle-X
3917386282,10,986,-71,2467,-4480,-840,idle-X
3917391798,10,986,-71,2467,-4480,-840,idle-X
3917405558,10,986,-71,2467,-4480,-857,idle-X
3917408936,10,986,-71,2467,-4480,-857,idle-X
3917424833,10,986,-71,2485,-4462,-892,idle-X
3917426074,10,986,-71,2485,-4462,-892,idle-X
3917443191,9,986,-71,2485,-4462,-892,idle-X
3917443822,9,986,-71,2485,-4445,-875,idle-X
3917460636,10,986,-71,2485,-4445,-875,idle-X
3917463099,10,986,-71,2485,-4462,-875,idle-X
3917477776,10,986,-71,2485,-4462,-875,idle-X
3917482070,10,986,-71,2467,-4445,-875,idle-X
3917494914,10,986,-71,2467,-4445,-875,idle-X
3917501345,10,986,-71,2467,-4497,-857,idle-X
3917512052,10,986,-71,2467,-4497,-857,idle-X
3917520621,10,986,-71,2502,-4480,-892,idle-X
3917529496,10,986,-71,2502,-4480,-892,idle-X
3917539591,10,986,-71,2485,-4462,-875,idle-X
3917546633,10,986,-70,2485,-4462,-875,idle-X
3917558866,10,986,-70,2485,-4462,-875,idle-X
3917563771,9,986,-71,2485,-4462,-875,idle-X
3917578141,9,986,-71,2450,-4462,-892,idle-X
3917580909,10,986,-71,2450,-4462,-892,idle-X
3917597112,10,986,-71,2450,-4480,-910,idle-X
3917598353,10,985,-71,2450,-4480,-910,idle-X
3917615471,10,986,-71,2450,-4480,-910,idle-X
3917616408,10,986,-71,2450,-4480,-892,idle-X
3917632610,10,986,-71,2450,-4480,-892,idle-X
3917635683,10,986,-71,2467,-4462,-892,idle-X
3917649747,10,986,-70,2467,-4462,-892,idle-X
3917654654,10,986,-70,2485,-4462,-875,idle-X
3917667192,10,986,-71,2485,-4462,-875,idle-X
3917673930,10,986,-71,2467,-4480,-875,idle-X
3917684331,10,986,-71,2467,-4480,-875,idle-X
3917693206,10,986,-71,2467,-4445,-875,idle-X
3917701470,10,986,-71,2467,-4445,-875,idle-X
3917712177,10,986,-71,2467,-4445,-910,idle-X
3917718609,10,986,-71,2467,-4445,-910,idle-X
3917731452,10,986,-71,2485,-4445,-910,idle-X
3917736052,10,986,-71,2485,-4445,-910,idle-X
3917750726,10,986,-71,2467,-4462,-857,idle-X
3917753188,10,986,-71,2467,-4462,-857,idle-X
3917769695,10,986,-71,2467,-4480,-875,idle-X
3917770325,9,986,-71,2467,-4480,-875,idle-X
3917787444,10,986,-71,2467,-4480,-875,idle-X
3917788992,10,986,-71,2485,-4445,-892,idle-X
3917804889,10,986,-71,2485,-4445,-892,idle-X
3917807962,10,986,-71,2485,-4445,-875,idle-X
3917822026,9,986,-70,2485,-4445,-875,idle-X
3917827236,9,986,-70,2450,-4462,-875,idle-X
3917839163,10,986,-71,2450,-4462,-875,idle-X
3917846511,10,986,-71,2450,-4480,-892,idle-X
3917856302,10,986,-71,2450,-4480,-892,idle-X
3917865483,10,986,-71,2485,-4462,-892,idle-X
3917873747,9,986,-71,2485,-4462,-892,idle-X
3917884759,9,986,-71,2467,-4445,-927,idle-X
3917890886,10,986,-71,2467,-4445,-927,idle-X
3917904034,10,986,-71,2467,-4462,-892,idle-X
3917908024,10,986,-71,2467,-4462,-892,idle-X
3917923005,10,986,-71,2485,-4462,-857,idle-X
3917925162,10,986,-70,2485,-4462,-857,idle-X
3917942279,10,986,-70,2467,-4462,-892,idle-X
3917942910,9,986,-71,2467,-4462,-892,idle-X
3917959723,10,986,-71,2467,-4462,-892,idle-X
3917961576,10,986,-71,2485,-4480,-840,idle-X
3917976862,9,986,-71,2485,-4480,-840,idle-X
3917980547,9,986,-71,2467,-4462,-875,idle-X
3917994001,10,986,-70,2467,-4462,-875,idle-X
3917999822,10,986,-70,2467,-4462,-875,idle-X
3918011444,10,986,-71,2467,-4462,-875,idle-X
3918019098,10,986,-71,2432,-4445,-875,idle-X
3918028583,10,986,-71,2432,-4445,-875,idle-X
3918038068,10,986,-71,2450,-4462,-875,idle-X
3918045721,10,986,-71,2450,-4462,-875,idle-X
3918057343,10,986,-71,2450,-4480,-857,idle-X
3918062860,10,986,-70,2450,-4480,-857,idle-X
3918076314,10,986,-70,2467,-4462,-857,idle-X
3918079999,10,986,-71,2467,-4462,-857,idle-X
3918095591,10,986,-71,2450,-4445,-892,idle-X
3918097443,10,986,-71,2450,-4445,-892,idle-X
3918114562,10,986,-71,2467,-4462,-875,idle-X
3918131693,10,986,-71,2467,-4462,-875,idle-X
3918133851,10,986,-71,2485,-4462,-875,idle-X
3918148831,9,986,-71,2485,-4462,-875,idle-X
3918153126,9,986,-71,2450,-4497,-875,idle-X
3918166275,9,986,-71,2450,-4497,-875,idle-X
3918172401,9,986,-71,2467,-4445,-875,idle-X
3918183414,10,986,-70,2467,-4445,-875,idle-X
3918191372,10,986,-70,2467,-4445,-875,idle-X
3918200551,10,986,-71,2467,-4445,-875,idle-X
3918210647,10,986,-71,2450,-4427,-892,idle-X
3918217690,10,986,-71,2450,-4427,-892,idle-X
3918229922,10,986,-71,2485,-4480,-875,idle-X
3918235133,10,986,-71,2485,-4480,-875,idle-X
3918248893,10,986,-71,2467,-4480,-857,idle-X
3918252271,10,986,-71,2467,-4480,-857,idle-X
3918268167,10,986,-71,2485,-4462,-875,idle-X
3918269408,10,986,-71,2485,-4462,-875,idle-X
3918286526,10,986,-71,2485,-4462,-875,idle-X
3918287462,10,986,-71,2485,-4480,-857,idle-X
3918303969,10,986,-71,2485,-4480,-857,idle-X
3918306432,10,986,-71,2467,-4480,-892,idle-X
3918321109,10,986,-71,2467,-4480,-892,idle-X
3918325709,10,986,-71,2450,-4445,-892,idle-X
3918338247,10,986,-71,2450,-4445,-892,idle-X
3918344678,10,986,-71,2450,-4445,-857,idle-X
3918355385,9,986,-71,2450,-4445,-857,idle-X
3918363954,9,986,-71,2432,-4480,-857,idle-X
3918372828,9,986,-71,2432,-4480,-857,idle-X
3918383229,9,986,-71,2467,-4480,-875,idle-X
3918389966,10,986,-71,2467,-4480,-875,idle-X
3918402199,10,986,-71,2467,-4445,-875,idle-X
3918407105,10,986,-71,2467,-4445,-875,idle-X
3918421475,10,986,-71,2467,-4427,-892,idle-X
3918424242,10,986,-71,2467,-4427,-892,idle-X
3918440750,10,986,-71,2432,-4462,-857,idle-X
3918441686,10,986,-71,2432,-4462,-857,idle-X
3918458805,10,986,-71,2432,-4462,-857,idle-X
3918459741,10,986,-71,2450,-4480,-857,idle-X
3918475943,10,986,-71,2450,-4480,-857,idle-X
3918479017,10,986,-71,2450,-4480,-892,idle-X
3918493081,10,986,-71,2450,-4480,-892,idle-X
3918498291,10,986,-71,2450,-4445,-875,idle-X
3918510525,10,986,-71,2450,-4445,-875,idle-X
3918517263,10,986,-71,2485,-4445,-875,idle-X
3918527664,10,986,-70,2485,-4445,-875,idle-X
3918536537,10,986,-70,2485,-4445,-892,idle-X
3918544801,10,985,-70,2485,-4445,-892,idle-X
3918555812,10,985,-70,2450,-4445,-875,idle-X
3918561940,10,986,-71,2450,-4445,-875,idle-X
3918574783,10,986,-71,2450,-4480,-892,idle-X
3918579383,10,986,-70,2450,-4480,-892,idle-X
3918594058,10,986,-70,2450,-4445,-857,idle-X
3918596520,10,986,-71,2450,-4445,-857,idle-X
3918613028,10,986,-71,2467,-4480,-857,idle-X
3918613658,9,986,-71,2467,-4480,-857,idle-X
3918630776,10,986,-71,2467,-4480,-857,idle-X
3918632322,10,986,-71,2467,-4480,-875,idle-X
3918648220,10,986,-71,2467,-4480,-875,idle-X
3918651600,10,986,-71,2485,-4462,-892,idle-X
3918665359,10,986,-71,2485,-4462,-892,idle-X
3918670570,10,986,-71,2467,-4462,-857,idle-X
3918682498,10,986,-71,2467,-4462,-857,idle-X
3918689846,10,986,-71,2432,-4427,-875,idle-X
3918699636,10,986,-71,2432,-4427,-875,idle-X
3918709122,10,986,-71,2467,-4462,-892,idle-X
3918716776,10,986,-71,2467,-4462,-892,idle-X
3918728092,10,986,-71,2450,-4445,-892,idle-X
3918734219,9,986,-71,2450,-4445,-892,idle-X
3918747367,9,986,-71,2502,-4445,-875,idle-X
3918751357,10,986,-71,2502,-4445,-875,idle-X
3918766641,10,986,-71,2467,-4445,-875,idle-X
3918768494,10,986,-71,2467,-4445,-875,idle-X
3918785613,10,986,-71,2467,-4462,-875,idle-X
3918803049,10,986,-71,2467,-4462,-875,idle-X
3918804901,10,986,-71,2467,-4445,-875,idle-X
3918820187,10,986,-71,2467,-4445,-875,idle-X
3918824176,10,986,-71,2467,-4462,-875,idle-X
3918837325,10,986,-71,2467,-4462,-875,idle-X
3918843146,10,986,-71,2467,-4462,-857,idle-X
3918854462,10,986,-71,2467,-4462,-857,idle-X
3918862420,10,986,-71,2467,-4480,-857,idle-X
3918871906,10,986,-71,2467,-4480,-857,idle-X
3918881392,10,986,-71,2450,-4462,-875,idle-X
3918889046,10,986,-71,2450,-4462,-875,idle-X
3918900668,10,986,-71,2450,-4462,-857,idle-X
3918906184,9,986,-71,2450,-4462,-857,idle-X
3918919944,9,986,-71,2450,-4462,-857,idle-X
3918923322,10,986,-71,2450,-4462,-857,idle-X
3918938913,10,986,-71,2432,-4462,-892,idle-X
3918940765,9,986,-71,2432,-4462,-892,idle-X
3918957883,10,986,-71,2432,-4462,-857,idle-X
3918975015,10,986,-71,2432,-4462,-857,idle-X
3918977478,10,986,-71,2467,-4462,-857,idle-X
3918992153,10,986,-71,2467,-4462,-857,idle-X
3918996448,10,986,-71,2485,-4462,-892,idle-X
3919009597,10,986,-71,2485,-4462,-892,idle-X
3919015724,10,986,-71,2467,-4462,-875,idle-X
3919026735,10,986,-71,2467,-4462,-875,idle-X
3919034999,10,986,-71,2450,-4445,-892,idle-X
3919043875,10,986,-71,2450,-4445,-892,idle-X
3919053971,10,986,-71,2467,-4462,-892,idle-X
3919061013,10,986,-71,2467,-4462,-892,idle-X
3919073246,10,986,-71,2467,-4462,-892,idle-X
3919078456,10,986,-70,2467,-4462,-892,idle-X
3919092521,10,986,-70,2432,-4445,-857,idle-X
3919095595,10,986,-71,2432,-4445,-857,idle-X
3919111492,10,986,-71,2432,-4462,-857,idle-X
3919112734,10,986,-71,2432,-4462,-857,idle-X
3919129853,10,986,-70,2432,-4462,-857,idle-X
3919130789,10,986,-70,2450,-4462,-875,idle-X
3919147296,10,986,-71,2450,-4462,-875,idle-X
3919149759,10,986,-71,2467,-4462,-875,idle-X
3919164435,10,986,-71,2467,-4462,-875,idle-X
3919169037,10,986,-71,2450,-4445,-840,idle-X
3919181575,10,986,-71,2450,-4445,-840,idle-X
3919188313,10,986,-71,2467,-4462,-857,idle-X
3919198713,10,986,-71,2467,-4462,-857,idle-X
3919207281,10,986,-71,2467,-4445,-892,idle-X
3919215850,10,986,-71,2467,-4445,-892,idle-X
3919226556,10,986,-71,2467,-4497,-875,idle-X
3919233294,10,986,-71,2467,-4497,-875,idle-X
3919245832,10,986,-71,2467,-4480,-857,idle-X
3919250433,10,986,-71,2467,-4480,-857,idle-X
3919264803,10,986,-71,2467,-4462,-875,idle-X
3919267571,10,986,-71,2467,-4462,-875,idle-X
3919284079,10,986,-71,2450,-4445,-892,idle-X
3919284709,10,986,-71,2450,-4445,-892,idle-X
3919302134,10,986,-70,2450,-4445,-892,idle-X
3919303070,10,986,-70,2450,-4462,-892,idle-X
3919319272,10,986,-71,2450,-4462,-892,idle-X
3919322344,10,986,-71,2485,-4480,-892,idle-X
3919336409,10,986,-71,2485,-4480,-892,idle-X
3919341619,10,986,-71,2502,-4462,-857,idle-X
3919353546,10,986,-71,2502,-4462,-857,idle-X
3919360589,10,986,-71,2485,-4462,-892,idle-X
3919370990,9,986,-71,2485,-4462,-892,idle-X
3919379864,9,986,-71,2485,-4462,-892,idle-X
3919388129,10,986,-71,2485,-4462,-892,idle-X
3919399140,10,986,-71,2467,-4462,-875,idle-X
3919405267,10,986,-71,2467,-4462,-875,idle-X
3919418109,10,986,-71,2467,-4480,-840,idle-X
3919422404,9,986,-70,2467,-4480,-840,idle-X
3919437386,9,986,-70,2467,-4445,-857,idle-X
3919439544,10,986,-70,2467,-4445,-857,idle-X
3919456357,10,986,-70,2467,-4480,-875,idle-X
3919456987,10,986,-71,2467,-4480,-875,idle-X
3919474106,10,986,-71,2467,-4480,-875,idle-X
3919475652,10,986,-71,2450,-4480,-857,idle-X
3919491244,10,986,-71,2450,-4480,-857,idle-X
3919494928,10,986,-71,2467,-4462,-892,idle-X
3919508383,10,986,-70,2467,-4462,-892,idle-X
3919513899,10,986,-70,2485,-4480,-892,idle-X
3919525826,10,986,-71,2485,-4480,-892,idle-X
3919533173,10,986,-71,2467,-4480,-857,idle-X
3919542964,9,986,-70,2467,-4480,-857,idle-X
3919552449,9,986,-70,2450,-4462,-875,idle-X
3919560102,10,986,-71,2450,-4462,-875,idle-X
3919571419,10,986,-71,2467,-4445,-875,idle-X
3919577240,10,986,-71,2467,-4445,-875,idle-X
3919590694,10,986,-71,2467,-4445,-857,idle-X
3919594683,10,986,-71,2467,-4445,-857,idle-X
3919609969,10,986,-71,2467,-4445,-857,idle-X
3919611821,10,986,-71,2467,-4445,-857,idle-X
3919628940,10,985,-70,2467,-4480,-857,idle-X
3919646071,10,986,-71,2467,-4480,-857,idle-X
3919648228,10,986,-71,2450,-4480,-892,idle-X
3919663514,9,986,-71,2450,-4480,-892,idle-X
3919667198,9,986,-71,2432,-4480,-892,idle-X
3919680652,10,986,-71,2432,-4480,-892,idle-X
3919686474,10,986,-71,2467,-4445,-892,idle-X
3919697792,10,986,-70,2467,-4445,-892,idle-X
3919705750,10,986,-70,2432,-4462,-875,idle-X
3919714930,9,986,-71,2432,-4462,-875,idle-X
3919724721,9,986,-71,2450,-4462,-875,idle-X
3919732374,10,986,-71,2450,-4462,-875,idle-X
3919743997,10,986,-71,2450,-4445,-875,idle-X
3919749513,10,986,-70,2450,-4445,-875,idle-X
3919763273,10,986,-70,2485,-4445,-892,idle-X
3919766652,10,986,-71,2485,-4445,-892,idle-X
3919782243,10,986,-71,2467,-4462,-875,idle-X
3919783790,10,986,-71,2467,-4462,-875,idle-X
3919801213,10,986,-71,2450,-4480,-875,idle-X
3919818343,10,986,-71,2450,-4480,-875,idle-X
3919820807,10,986,-71,2467,-4480,-875,idle-X
3919835482,10,986,-71,2467,-4480,-875,idle-X
3919839777,10,986,-71,2485,-4480,-875,idle-X
3919852621,9,986,-70,2485,-4480,-875,idle-X
3919859054,9,986,-70,2485,-4462,-892,idle-X
3919870065,9,986,-71,2485,-4462,-892,idle-X
3919878329,9,986,-71,2485,-4480,-875,idle-X
3919887205,10,986,-71,2485,-4480,-875,idle-X
3919897302,10,986,-71,2467,-4462,-892,idle-X
3919904344,10,986,-71,2467,-4462,-892,idle-X
3919916577,10,986,-71,2467,-4480,-875,idle-X
3919921483,9,986,-71,2467,-4480,-875,idle-X
3919935853,9,986,-71,2467,-4480,-875,idle-X
3919938926,10,986,-71,2467,-4480,-875,idle-X
3919954824,10,986,-71,2467,-4480,-892,idle-X
3919956066,10,986,-71,2467,-4480,-892,idle-X
3919973184,9,986,-71,2467,-4480,-892,idle-X
3919974120,9,986,-71,2450,-4480,-857,idle-X
3919990321,10,986,-72,2450,-4480,-857,idle-X
3919993089,10,986,-72,2450,-4462,-875,idle-X
3920007763,10,986,-71,2450,-4462,-875,idle-X
3920012363,10,986,-71,2467,-4480,-875,idle-X
3920024902,10,986,-71,2467,-4480,-875,idle-X
3920031639,10,986,-71,2467,-4497,-875,idle-X
3920042040,9,986,-71,2467,-4497,-875,idle-X
3920050609,9,986,-71,2467,-4462,-892,idle-X
3920059178,10,986,-70,2467,-4462,-892,idle-X
3920069883,10,986,-70,2450,-4445,-875,idle-X
3920076620,9,986,-71,2450,-4445,-875,idle-X
3920089159,9,986,-71,2467,-4480,-875,idle-X
3920093759,10,985,-71,2467,-4480,-875,idle-X
3920108129,10,985,-71,2432,-4462,-857,idle-X
3920110897,10,986,-71,2432,-4462,-857,idle-X
3920127405,10,986,-71,2415,-4445,-892,idle-X
3920128035,10,986,-71,2415,-4445,-892,idle-X
3920145460,10,986,-71,2415,-4445,-892,idle-X
3920146701,10,986,-71,2467,-4445,-892,idle-X
3920162598,10,986,-71,2467,-4445,-892,idle-X
3920165671,10,986,-71,2467,-4462,-910,idle-X
3920179735,10,986,-71,2467,-4462,-910,idle-X
3920184946,10,986,-71,2485,-4462,-875,idle-X
3920197179,10,986,-71,2485,-4462,-875,idle-X
3920204221,10,986,-71,2467,-4445,-875,idle-X
3920214318,10,986,-71,2467,-4445,-875,idle-X
3920223192,10,986,-71,2485,-4445,-857,idle-X
3920231456,10,986,-71,2485,-4445,-857,idle-X
3920242469,10,986,-71,2485,-4462,-875,idle-X
3920248595,10,986,-71,2485,-4462,-875,idle-X
3920261744,10,986,-71,2485,-4480,-875,idle-X
3920266038,10,986,-71,2485,-4480,-875,idle-X
3920281019,10,986,-71,2467,-4480,-875,idle-X
3920283177,10,986,-71,2467,-4480,-875,idle-X
3920299990,10,986,-71,2502,-4480,-910,idle-X
3920300621,10,986,-71,2502,-4480,-910,idle-X
3920317739,10,986,-71,2502,-4480,-910,idle-X
3920319286,10,986,-71,2467,-4497,-910,idle-X
3920334877,10,986,-71,2467,-4497,-910,idle-X
3920338562,10,986,-71,2467,-4480,-910,idle-X
3920352017,10,986,-71,2467,-4480,-910,idle-X
3920357533,10,986,-71,2450,-4462,-875,idle-X
3920369155,10,986,-71,2450,-4462,-875,idle-X
3920376807,10,986,-71,2450,-4480,-840,idle-X
3920386597,10,986,-71,2450,-4480,-840,idle-X
3920396082,10,986,-71,2450,-4462,-875,idle-X
3920403736,10,986,-71,2450,-4462,-875,idle-X
3920415053,10,986,-71,2485,-4445,-910,idle-X
3920420875,10,986,-71,2485,-4445,-910,idle-X
3920434329,10,986,-71,2467,-4462,-875,idle-X
3920438014,10,986,-71,2467,-4462,-875,idle-X
3920453606,10,986,-71,2467,-4462,-875,idle-X
3920455458,10,986,-71,2467,-4462,-875,idle-X
3920472576,10,986,-70,2467,-4462,-857,idle-X
3920489708,10,986,-71,2467,-4462,-857,idle-X
3920491866,10,986,-71,2467,-4445,-875,idle-X
3920507153,10,986,-71,2467,-4445,-875,idle-X
3920511141,10,986,-71,2467,-4445,-892,idle-X
3920524290,10,986,-71,2467,-4445,-892,idle-X
3920530111,10,986,-71,2450,-4445,-892,idle-X
3920541428,10,986,-71,2450,-4445,-892,idle-X
3920549387,10,986,-71,2485,-4462,-892,idle-X
3920558567,10,986,-71,2485,-4462,-892,idle-X
3920568662,10,986,-71,2502,-4445,-857,idle-X
3920576010,10,986,-71,2502,-4445,-857,idle-X
3920587632,10,986,-71,2467,-4462,-857,idle-X
3920593149,10,986,-71,2467,-4462,-857,idle-X
3920606909,10,986,-71,2450,-4497,-857,idle-X
3920610287,10,986,-71,2450,-4497,-857,idle-X
3920626183,10,986,-71,2450,-4462,-875,idle-X
3920627425,10,986,-71,2450,-4462,-875,idle-X
3920644849,9,986,-71,2467,-4462,-875,idle-X
3920661979,9,986,-71,2467,-4462,-875,idle-X
3920664442,9,986,-71,2467,-4445,-875,idle-X
3920679119,10,986,-71,2467,-4445,-875,idle-X
3920683719,10,986,-71,2467,-4480,-875,idle-X
3920696563,9,986,-71,2467,-4480,-875,idle-X
3920702691,9,986,-71,2485,-4462,-857,idle-X
3920713703,10,986,-70,2485,-4462,-857,idle-X
3920721966,10,986,-70,2485,-4480,-857,idle-X
3920730839,10,986,-71,2485,-4480,-857,idle-X
3920741240,10,986,-71,2467,-4445,-910,idle-X
3920747977,10,986,-70,2467,-4445,-910,idle-X
3920760515,10,986,-70,2467,-4462,-892,idle-X
3920765420,10,986,-71,2467,-4462,-892,idle-X
3920779485,10,986,-71,2485,-4445,-892,idle-X
3920782558,10,986,-71,2485,-4445,-892,idle-X
3920798761,10,986,-71,2450,-4445,-892,idle-X
3920799697,10,986,-71,2450,-4445,-892,idle-X
3920817121,10,986,-71,2450,-4445,-892,idle-X
3920818057,10,986,-71,2467,-4462,-875,idle-X
3920834259,10,986,-71,2467,-4462,-875,idle-X
3920837027,10,986,-71,2467,-4462,-875,idle-X
3920851396,10,986,-71,2467,-4462,-875,idle-X
3920856302,10,986,-71,2467,-4462,-857,idle-X
3920868535,10,986,-71,2467,-4462,-857,idle-X
3920875578,10,986,-71,2467,-4462,-840,idle-X
3920885979,10,986,-71,2467,-4462,-840,idle-X
3920894549,10,986,-71,2467,-4462,-875,idle-X
3920903118,10,986,-70,2467,-4462,-875,idle-X
3920913825,10,986,-70,2450,-4480,-875,idle-X
3920920257,10,986,-71,2450,-4480,-875,idle-X
3920933101,10,986,-71,2467,-4462,-857,idle-X
3920937396,9,986,-71,2467,-4462,-857,idle-X
3920952072,9,986,-71,2467,-4445,-892,idle-X
3920954840,10,986,-71,2467,-4445,-892,idle-X
3920971345,10,986,-71,2485,-4445,-875,idle-X
3920971975,10,986,-71,2485,-4445,-875,idle-X
3920989093,10,986,-71,2485,-4445,-875,idle-X
3920990334,10,986,-71,2467,-4410,-875,idle-X
3921006231,10,986,-71,2467,-4410,-875,idle-X
3921009610,10,986,-71,2467,-4462,-875,idle-X
3921023674,10,986,-71,2467,-4462,-875,idle-X
3921028884,10,986,-71,2485,-4480,-875,idle-X
3921040812,9,986,-71,2485,-4480,-875,idle-X
3921047854,9,986,-71,2485,-4480,-875,idle-X
3921057950,10,986,-71,2485,-4480,-875,idle-X
3921067131,10,986,-71,2467,-4462,-875,idle-X
3921075089,10,986,-71,2467,-4462,-875,idle-X
3921086405,10,986,-71,2467,-4462,-875,idle-X
3921092532,10,986,-71,2467,-4462,-875,idle-X
3921105375,10,986,-71,2467,-4462,-892,idle-X
3921109669,10,986,-71,2467,-4462,-892,idle-X
3921124649,10,986,-71,2467,-4445,-875,idle-X
3921126807,10,986,-71,2467,-4445,-875,idle-X
3921143925,10,986,-71,2467,-4462,-857,idle-X
3921161055,10,986,-71,2467,-4462,-857,idle-X
3921162907,10,986,-71,2467,-4462,-857,idle-X
3921178499,10,986,-71,2467,-4462,-857,idle-X
3921182183,10,986,-71,2502,-4445,-875,idle-X
3921195637,10,986,-71,2502,-4445,-875,idle-X
3921201153,10,986,-71,2467,-4462,-875,idle-X
3921212774,10,986,-71,2467,-4462,-875,idle-X
3921220427,10,986,-71,2467,-4480,-875,idle-X
3921229913,10,986,-71,2467,-4480,-875,idle-X
3921239703,10,986,-71,2467,-4462,-875,idle-X
3921247356,10,986,-71,2467,-4462,-875,idle-X
3921258672,10,986,-71,2432,-4462,-875,idle-X
3921264494,10,986,-71,2432,-4462,-875,idle-X
3921277949,10,986,-71,2467,-4462,-857,idle-X
3921281634,9,986,-71,2467,-4462,-857,idle-X
3921297226,9,986,-71,2467,-4427,-875,idle-X
3921298773,10,986,-71,2467,-4427,-875,idle-X
3921316196,10,986,-71,2467,-4462,-875,idle-X
3921333327,10,986,-71,2467,-4462,-875,idle-X
3921335485,10,986,-71,2485,-4480,-857,idle-X
3921350466,9,986,-71,2485,-4480,-857,idle-X
3921354761,9,986,-71,2467,-4480,-875,idle-X
3921367909,9,986,-71,2467,-4480,-875,idle-X
3921373730,9,986,-71,2450,-4462,-875,idle-X
3921385047,10,986,-70,2450,-4462,-875,idle-X
3921393006,10,986,-70,2450,-4480,-875,idle-X
3921402187,10,986,-71,2450,-4480,-875,idle-X
3921412281,10,986,-71,2450,-4462,-892,idle-X
3921419323,10,986,-71,2450,-4462,-892,idle-X
3921431251,10,986,-71,2485,-4462,-892,idle-X
3921436769,9,986,-70,2485,-4462,-892,idle-X
3921450528,9,986,-70,2467,-4462,-857,idle-X
3921453908,10,986,-71,2467,-4462,-857,idle-X
3921469805,10,986,-71,2450,-4445,-857,idle-X
3921471046,9,986,-71,2450,-4445,-857,idle-X
3921488163,10,986,-70,2450,-4445,-857,idle-X
3921488794,10,986,-70,2432,-4445,-875,idle-X
3921505607,10,986,-71,2432,-4445,-875,idle-X
3921508069,10,986,-71,2450,-4480,-875,idle-X
3921522745,10,986,-71,2450,-4480,-875,idle-X
3921527346,10,986,-71,2450,-4480,-875,idle-X
3921539884,10,986,-71,2450,-4480,-875,idle-X
3921546316,10,986,-71,2450,-4462,-892,idle-X
3921557022,10,986,-71,2450,-4462,-892,idle-X
3921565592,10,986,-71,2450,-4462,-875,idle-X
3921574466,10,986,-71,2450,-4462,-875,idle-X
3921584867,10,986,-71,2450,-4445,-875,idle-X
3921591604,10,986,-71,2450,-4445,-875,idle-X
3921603837,10,986,-71,2467,-4445,-892,idle-X
3921608743,10,986,-71,2467,-4445,-892,idle-X
3921623112,10,986,-71,2485,-4427,-892,idle-X
3921625881,10,986,-71,2485,-4427,-892,idle-X
3921642387,10,986,-71,2450,-4462,-857,idle-X
3921643323,10,986,-71,2450,-4462,-857,idle-X
3921660442,10,986,-71,2450,-4462,-857,idle-X
3921661379,10,986,-71,2467,-4445,-892,idle-X
3921677580,10,986,-71,2467,-4445,-892,idle-X
3921680653,10,986,-71,2450,-4462,-892,idle-X
3921694717,9,986,-71,2450,-4462,-892,idle-X
3921699623,9,986,-71,2467,-4480,-892,idle-X
3921712160,10,987,-71,2467,-4480,-892,idle-X
3921718898,10,987,-71,2467,-4462,-875,idle-X
3921729299,10,986,-71,2467,-4462,-875,idle-X
3921738173,10,986,-71,2485,-4445,-875,idle-X
3921746437,10,986,-71,2485,-4445,-875,idle-X
3921757144,10,986,-71,2467,-4462,-875,idle-X
3921763576,10,986,-71,2467,-4462,-875,idle-X
3921776419,10,986,-71,2467,-4497,-875,idle-X
3921780714,10,986,-71,2467,-4497,-875,idle-X
3921795696,10,986,-71,2485,-4480,-875,idle-X
3921798159,10,986,-70,2485,-4480,-875,idle-X
3921814666,10,986,-70,2467,-4497,-857,idle-X
3921815296,10,986,-71,2467,-4497,-857,idle-X
3921832414,9,986,-71,2467,-4497,-857,idle-X
3921833961,9,986,-71,2450,-4480,-875,idle-X
3921849553,10,986,-71,2450,-4480,-875,idle-X
3921852932,10,986,-71,2432,-4480,-892,idle-X
3921866997,10,986,-71,2432,-4480,-892,idle-X
3921872207,10,986,-71,2485,-4445,-892,idle-X
3921884134,10,986,-71,2485,-4445,-892,idle-X
3921891482,10,986,-71,2485,-4462,-857,idle-X
3921901272,9,986,-70,2485,-4462,-857,idle-X
3921910451,9,986,-70,2467,-4462,-857,idle-X
3921918411,10,986,-71,2467,-4462,-857,idle-X
3921929728,10,986,-71,2450,-4462,-857,idle-X
3921935551,10,986,-71,2450,-4462,-857,idle-X
3921948699,10,986,-71,2450,-4445,-857,idle-X
3921952994,10,986,-71,2450,-4445,-857,idle-X
3921967973,10,986,-71,2467,-4462,-875,idle-X
3921970131,9,986,-71,2467,-4462,-875,idle-X
3921987250,9,986,-71,2485,-4445,-875,idle-X
3922004381,9,986,-71,2485,-4445,-875,idle-X
3922006233,9,986,-71,2485,-4480,-892,idle-X
3922021519,10,986,-71,2485,-4480,-892,idle-X
3922025509,10,986,-71,2467,-4462,-910,idle-X
3922038963,9,986,-71,2467,-4462,-910,idle-X
3922044480,9,986,-71,2467,-4445,-910,idle-X
3922056104,10,986,-71,2467,-4445,-910,idle-X
3922063756,10,986,-71,2467,-4462,-875,idle-X
3922073242,9,986,-71,2467,-4462,-875,idle-X
3922083032,9,986,-71,2432,-4480,-857,idle-X
3922090380,10,985,-71,2432,-4480,-857,idle-X
3922102001,10,985,-71,2467,-4480,-910,idle-X
3922107518,10,986,-71,2467,-4480,-910,idle-X
3922121279,10,986,-71,2467,-4445,-875,idle-X
3922124963,10,986,-71,2467,-4445,-875,idle-X
3922140248,10,986,-71,2467,-4445,-840,idle-X
3922142101,10,986,-71,2467,-4445,-840,idle-X
3922159219,9,986,-71,2467,-4445,-892,idle-X
3922176349,10,986,-71,2467,-4445,-892,idle-X
3922178812,10,986,-71,2467,-4427,-910,idle-X
3922193794,10,986,-71,2467,-4427,-910,idle-X
3922197783,10,986,-71,2450,-4462,-857,idle-X
3922210932,10,986,-71,2450,-4462,-857,idle-X
3922217058,10,986,-71,2467,-4480,-840,idle-X
3922228069,10,985,-71,2467,-4480,-840,idle-X
3922236333,10,985,-71,2485,-4480,-857,idle-X
3922245208,10,986,-71,2485,-4480,-857,idle-X
3922255304,10,986,-71,2467,-4427,-892,idle-X
3922262652,10,986,-71,2467,-4427,-892,idle-X
3922274579,10,986,-71,2467,-4427,-875,idle-X
3922279789,9,986,-71,2467,-4427,-875,idle-X
3922293549,9,986,-71,2450,-4462,-892,idle-X
3922296927,10,986,-71,2450,-4462,-892,idle-X
3922312825,10,986,-71,2450,-4462,-892,idle-X
3922314067,10,986,-71,2450,-4462,-892,idle-X
3922331186,10,985,-71,2450,-4462,-892,idle-X
3922332122,10,985,-71,2450,-4480,-892,idle-X
3922348629,10,985,-71,2450,-4480,-892,idle-X
3922351092,10,985,-71,2467,-4462,-875,idle-X
3922365766,9,986,-71,2467,-4462,-875,idle-X
3922370365,9,986,-71,2467,-4462,-910,idle-X
3922382905,10,986,-71,2467,-4462,-910,idle-X
3922389641,10,986,-71,2467,-4480,-875,idle-X
3922400042,10,986,-71,2467,-4480,-875,idle-X
3922408611,10,986,-71,2450,-4462,-857,idle-X
3922417486,10,986,-71,2450,-4462,-857,idle-X
3922427887,10,986,-71,2450,-4462,-857,idle-X
3922434623,10,986,-71,2450,-4462,-857,idle-X
3922446857,10,986,-71,2450,-4480,-875,idle-X
3922451763,10,986,-71,2450,-4480,-875,idle-X
3922466134,10,986,-71,2467,-4445,-857,idle-X
3922468902,10,986,-71,2467,-4445,-857,idle-X
3922485410,10,986,-71,2485,-4480,-892,idle-X
3922486040,10,986,-71,2485,-4480,-892,idle-X
3922503465,10,986,-70,2485,-4480,-892,idle-X
3922504402,10,986,-70,2485,-4462,-857,idle-X
3922520605,10,986,-70,2485,-4462,-857,idle-X
3922523678,10,986,-70,2450,-4462,-857,idle-X
3922537743,10,986,-70,2450,-4462,-857,idle-X
3922542648,10,986,-70,2467,-4480,-857,idle-X
3922554881,10,986,-70,2467,-4480,-857,idle-X
3922561923,10,986,-70,2467,-4462,-875,idle-X
3922572324,10,986,-70,2467,-4462,-875,idle-X
3922581199,10,986,-70,2450,-4480,-875,idle-X
3922589463,10,986,-71,2450,-4480,-875,idle-X
3922600169,10,986,-71,2485,-4497,-857,idle-X
3922606601,10,986,-71,2485,-4497,-857,idle-X
3922619445,10,986,-71,2467,-4480,-892,idle-X
3922623740,10,986,-71,2467,-4480,-892,idle-X
3922638722,10,986,-71,2467,-4480,-875,idle-X
3922641185,9,986,-71,2467,-4480,-875,idle-X
3922657692,9,986,-71,2502,-4462,-875,idle-X
3922658323,10,986,-71,2502,-4462,-875,idle-X
3922675440,10,986,-71,2502,-4462,-875,idle-X
3922676989,10,986,-71,2467,-4445,-875,idle-X
3922692580,9,986,-70,2467,-4445,-875,idle-X
3922696263,9,986,-70,2450,-4462,-875,idle-X
3922710023,10,986,-71,2450,-4462,-875,idle-X
3922715234,10,986,-71,2467,-4497,-875,idle-X
3922727161,10,986,-71,2467,-4497,-875,idle-X
3922734508,10,986,-71,2450,-4462,-910,idle-X
3922744299,10,986,-71,2450,-4462,-910,idle-X
3922753784,10,986,-71,2467,-4445,-875,idle-X
3922761437,10,986,-71,2467,-4445,-875,idle-X
3922772755,10,986,-71,2485,-4462,-875,idle-X
3922778881,10,986,-71,2485,-4462,-875,idle-X
3922792029,10,986,-71,2467,-4480,-910,idle-X
3922796019,10,986,-71,2467,-4480,-910,idle-X
3922811000,10,986,-71,2450,-4462,-892,idle-X
3922813157,10,986,-71,2450,-4462,-892,idle-X
3922830274,10,985,-71,2467,-4462,-857,idle-X
3922847710,9,986,-71,2467,-4462,-857,idle-X
3922849563,9,986,-71,2450,-4462,-857,idle-X
3922864849,10,986,-71,2450,-4462,-857,idle-X
3922868533,10,986,-71,2467,-4462,-875,idle-X
3922881987,10,986,-71,2467,-4462,-875,idle-X
3922887808,10,986,-71,2467,-4445,-892,idle-X
3922899125,10,986,-71,2467,-4445,-892,idle-X
3922907083,10,986,-71,2467,-4427,-875,idle-X
3922916263,10,986,-70,2467,-4427,-875,idle-X
3922926053,10,986,-70,2450,-4427,-857,idle-X
3922933706,9,986,-71,2450,-4427,-857,idle-X
3922945328,9,986,-71,2467,-4427,-892,idle-X
3922950844,10,986,-71,2467,-4427,-892,idle-X
3922964299,10,986,-71,2450,-4480,-875,idle-X
3922967983,10,986,-70,2450,-4480,-875,idle-X
3922983575,10,986,-70,2467,-4462,-875,idle-X
3922985122,10,986,-71,2467,-4462,-875,idle-X
3923002545,10,986,-70,2467,-4462,-857,idle-X
3923019676,10,986,-71,2467,-4462,-857,idle-X
3923021833,10,986,-71,2450,-4462,-875,idle-X
3923036815,10,986,-71,2450,-4462,-875,idle-X
3923041109,10,986,-71,2467,-4462,-892,idle-X
3923053952,10,986,-71,2467,-4462,-892,idle-X
3923060384,10,986,-71,2450,-4480,-875,idle-X
3923071396,10,986,-70,2450,-4480,-875,idle-X
3923079354,10,986,-70,2450,-4427,-857,idle-X
3923088534,10,986,-71,2450,-4427,-857,idle-X
3923098630,10,986,-71,2485,-4462,-875,idle-X
3923105673,9,986,-70,2485,-4462,-875,idle-X
3923117906,9,986,-70,2467,-4462,-892,idle-X
3923122810,9,986,-71,2467,-4462,-892,idle-X
3923136876,9,986,-71,2467,-4462,-892,idle-X
3923140255,10,986,-71,2467,-4462,-892,idle-X
3923156152,10,986,-71,2485,-4462,-875,idle-X
3923157394,9,986,-70,2485,-4462,-875,idle-X
3923174512,10,987,-71,2485,-4462,-875,idle-X
3923175142,10,987,-71,2467,-4462,-892,idle-X
3923191650,10,986,-71,2467,-4462,-892,idle-X
3923194418,10,986,-71,2450,-4480,-892,idle-X
3923209094,10,986,-71,2450,-4480,-892,idle-X
3923213694,10,986,-71,2485,-4445,-892,idle-X
3923226232,10,986,-71,2485,-4445,-892,idle-X
3923232664,10,986,-71,2467,-4445,-892,idle-X
3923243370,10,986,-70,2467,-4445,-892,idle-X
3923251940,10,986,-70,2467,-4462,-875,idle-X
3923260509,9,986,-71,2467,-4462,-875,idle-X
3923271216,9,986,-71,2467,-4462,-857,idle-X
3923277648,10,986,-71,2467,-4462,-857,idle-X
3923290187,10,986,-71,2467,-4462,-875,idle-X
3923295092,10,986,-70,2467,-4462,-875,idle-X
3923309462,10,986,-70,2485,-4462,-875,idle-X
3923312230,10,986,-71,2485,-4462,-875,idle-X
3923328738,10,986,-71,2485,-4445,-875,idle-X
3923329368,10,986,-71,2485,-4445,-875,idle-X
3923346791,9,986,-71,2485,-4445,-875,idle-X
3923347727,9,986,-71,2502,-4480,-910,idle-X
3923363930,10,986,-71,2502,-4480,-910,idle-X
3923367004,10,986,-71,2467,-4480,-910,idle-X
3923381067,10,986,-71,2467,-4480,-910,idle-X
3923386278,10,986,-71,2485,-4445,-875,idle-X
3923398205,9,986,-71,2485,-4445,-875,idle-X
3923405248,9,986,-71,2485,-4445,-857,idle-X
3923415648,10,986,-71,2485,-4445,-857,idle-X
3923424523,10,986,-71,2467,-4445,-875,idle-X
3923432788,9,986,-71,2467,-4445,-875,idle-X
3923443799,9,986,-71,2467,-4462,-875,idle-X
3923449926,10,986,-71,2467,-4462,-875,idle-X
3923462770,10,986,-71,2450,-4462,-875,idle-X
3923467065,10,986,-71,2450,-4462,-875,idle-X
3923482046,10,986,-71,2467,-4497,-875,idle-X
3923484509,10,986,-71,2467,-4497,-875,idle-X
3923501323,10,986,-71,2467,-4497,-875,idle-X
3923501953,10,985,-71,2467,-4497,-875,idle-X
3923518766,10,986,-71,2467,-4497,-875,idle-X
3923520314,10,986,-71,2502,-4480,-892,idle-X
3923535905,10,986,-71,2502,-4480,-892,idle-X
3923539589,10,986,-71,2485,-4462,-857,idle-X
3923553348,10,986,-71,2485,-4462,-857,idle-X
3923558560,10,986,-71,2450,-4462,-875,idle-X
3923570488,10,986,-71,2450,-4462,-875,idle-X
3923577837,10,986,-71,2502,-4462,-892,idle-X
3923587626,10,986,-70,2502,-4462,-892,idle-X
3923597111,10,986,-70,2485,-4462,-857,idle-X
3923604763,10,986,-71,2485,-4462,-857,idle-X
3923616081,10,986,-71,2485,-4445,-875,idle-X
3923622208,10,986,-71,2485,-4445,-875,idle-X
3923635357,10,986,-71,2450,-4480,-875,idle-X
3923639345,10,986,-71,2450,-4480,-875,idle-X
3923654631,10,986,-71,2450,-4462,-875,idle-X
3923656483,10,986,-71,2450,-4462,-875,idle-X
3923673602,9,986,-71,2467,-4462,-857,idle-X
3923691038,10,986,-71,2467,-4462,-857,idle-X
3923692891,10,986,-71,2467,-4445,-875,idle-X
3923708176,9,986,-71,2467,-4445,-875,idle-X
3923712166,9,986,-71,2450,-4427,-875,idle-X
3923725314,10,986,-71,2450,-4427,-875,idle-X
3923731135,10,986,-71,2467,-4445,-875,idle-X
3923742756,10,986,-70,2467,-4445,-875,idle-X
3923750410,10,986,-70,2467,-4445,-857,idle-X
3923759897,10,985,-70,2467,-4445,-857,idle-X
3923769687,10,985,-70,2450,-4445,-875,idle-X
3923777035,10,986,-70,2450,-4445,-875,idle-X
3923788658,10,986,-70,2450,-4445,-857,idle-X
3923794173,10,986,-71,2450,-4445,-857,idle-X
3923807932,10,986,-71,2485,-4497,-857,idle-X
3923811616,10,986,-71,2485,-4497,-857,idle-X
3923827208,10,986,-71,2485,-4480,-875,idle-X
3923828755,10,986,-71,2485,-4480,-875,idle-X
3923845873,10,986,-71,2467,-4462,-875,idle-X
3923863003,10,986,-70,2467,-4462,-875,idle-X
3923865465,10,986,-70,2467,-4462,-875,idle-X
3923880446,10,986,-70,2467,-4462,-875,idle-X
3923884742,10,986,-70,2467,-4445,-857,idle-X
3923897585,10,986,-71,2467,-4445,-857,idle-X
3923903712,10,986,-71,2432,-4445,-892,idle-X
3923914723,10,986,-71,2432,-4445,-892,idle-X
3923922987,10,986,-71,2467,-4462,-875,idle-X
3923932167,10,986,-71,2467,-4462,-875,idle-X
3923942264,10,986,-71,2467,-4480,-840,idle-X
3923949307,9,986,-71,2467,-4480,-840,idle-X
3923961234,9,986,-71,2450,-4445,-875,idle-X
3923966445,10,986,-70,2450,-4445,-875,idle-X
3923980510,10,986,-70,2432,-4445,-875,idle-X
3923983584,10,986,-71,2432,-4445,-875,idle-X
3923999784,10,986,-71,2467,-4480,-857,idle-X
3924001026,9,986,-71,2467,-4480,-857,idle-X
3924018145,10,986,-70,2467,-4480,-857,idle-X
3924019081,10,986,-70,2485,-4462,-892,idle-X
3924035282,10,986,-71,2485,-4462,-892,idle-X
3924038050,10,986,-71,2467,-4480,-875,idle-X
3924052724,10,986,-71,2467,-4480,-875,idle-X
3924057325,10,986,-71,2485,-4462,-875,idle-X
3924069862,9,986,-71,2485,-4462,-875,idle-X
3924076600,9,986,-71,2467,-4462,-892,idle-X
3924087002,10,986,-71,2467,-4462,-892,idle-X
3924095571,10,986,-71,2467,-4462,-910,idle-X
3924104140,10,986,-71,2467,-4462,-910,idle-X
3924114847,10,986,-71,2467,-4497,-857,idle-X
3924121584,10,986,-71,2467,-4497,-857,idle-X
3924134122,10,986,-71,2485,-4462,-875,idle-X
3924138723,10,986,-71,2485,-4462,-875,idle-X
3924153094,10,986,-71,2485,-4445,-857,idle-X
3924155862,10,986,-71,2485,-4445,-857,idle-X
3924172370,10,986,-71,2485,-4480,-857,idle-X
3924173000,10,986,-71,2485,-4480,-857,idle-X
3924190423,10,986,-71,2485,-4480,-857,idle-X
3924191666,10,986,-71,2467,-4497,-857,idle-X
3924207562,10,986,-71,2467,-4497,-857,idle-X
3924210636,10,986,-71,2485,-4497,-875,idle-X
3924224701,10,986,-71,2485,-4497,-875,idle-X
3924229912,10,986,-71,2485,-4480,-875,idle-X
3924242145,10,986,-71,2485,-4480,-875,idle-X
3924249187,10,986,-71,2450,-4462,-892,idle-X
3924259282,10,986,-71,2450,-4462,-892,idle-X
3924268156,10,986,-71,2467,-4480,-875,idle-X
3924276420,10,986,-70,2467,-4480,-875,idle-X
3924287433,10,986,-70,2432,-4462,-857,idle-X
3924293560,10,986,-71,2432,-4462,-857,idle-X
3924306709,10,986,-71,2450,-4480,-875,idle-X
3924311004,9,986,-71,2450,-4480,-875,idle-X
3924325679,9,986,-71,2467,-4462,-875,idle-X
3924328143,10,986,-71,2467,-4462,-875,idle-X
3924344956,10,986,-71,2485,-4462,-892,idle-X
3924345587,10,986,-70,2485,-4462,-892,idle-X
3924362704,10,986,-71,2485,-4462,-892,idle-X
3924364251,10,986,-71,2467,-4497,-875,idle-X
3924379842,10,986,-71,2467,-4497,-875,idle-X
3924383221,10,986,-71,2432,-4462,-875,idle-X
3924396980,9,986,-71,2432,-4462,-875,idle-X
3924402496,9,986,-71,2432,-4445,-857,idle-X
3924414120,10,986,-71,2432,-4445,-857,idle-X
3924421773,10,986,-71,2450,-4462,-875,idle-X
3924431563,9,986,-71,2450,-4462,-875,idle-X
3924441048,9,986,-71,2432,-4462,-857,idle-X
3924448701,10,986,-71,2432,-4462,-857,idle-X
3924460018,10,986,-71,2450,-4480,-910,idle-X
3924465840,10,986,-71,2450,-4480,-910,idle-X
3924479295,10,986,-71,2467,-4480,-910,idle-X
3924483284,10,986,-70,2467,-4480,-910,idle-X
3924498570,10,986,-70,2485,-4480,-875,idle-X
3924500423,10,986,-71,2485,-4480,-875,idle-X
3924517542,10,986,-71,2467,-4480,-910,idle-X
3924534977,10,986,-71,2467,-4480,-910,idle-X
3924536830,10,986,-71,2450,-4445,-892,idle-X
3924552117,10,986,-71,2450,-4445,-892,idle-X
3924556107,10,986,-71,2467,-4462,-892,idle-X
3924569256,10,986,-71,2467,-4462,-892,idle-X
3924575078,10,986,-71,2467,-4462,-892,idle-X
3924586394,10,986,-71,2467,-4462,-892,idle-X
3924594352,10,986,-71,2432,-4462,-857,idle-X
3924603836,10,986,-71,2432,-4462,-857,idle-X
3924613627,10,986,-71,2450,-4480,-875,idle-X
3924620974,10,986,-71,2450,-4480,-875,idle-X
3924632901,10,986,-71,2450,-4462,-875,idle-X
3924638112,10,986,-71,2450,-4462,-875,idle-X
3924651872,10,986,-71,2450,-4462,-857,idle-X
3924655556,10,986,-70,2450,-4462,-857,idle-X
3924671148,10,986,-70,2450,-4445,-875,idle-X
3924672695,10,986,-71,2450,-4445,-875,idle-X
3924689813,10,986,-71,2450,-4445,-875,idle-X
3924690443,10,986,-71,2485,-4462,-892,idle-X
3924706952,10,986,-71,2485,-4462,-892,idle-X
3924709415,10,986,-71,2450,-4445,-892,idle-X
3924724396,10,986,-70,2450,-4445,-892,idle-X
3924728691,10,986,-70,2485,-4480,-857,idle-X
3924741535,9,986,-71,2485,-4480,-857,idle-X
3924747966,9,986,-71,2485,-4462,-892,idle-X
3924758672,10,986,-70,2485,-4462,-892,idle-X
3924766935,10,986,-70,2450,-4480,-875,idle-X
3924776115,10,986,-71,2450,-4480,-875,idle-X
3924786211,10,986,-71,2450,-4462,-840,idle-X
3924793253,10,986,-71,2450,-4462,-840,idle-X
3924805487,10,986,-71,2467,-4462,-875,idle-X
3924810392,10,986,-71,2467,-4462,-875,idle-X
3924824456,10,986,-71,2450,-4445,-875,idle-X
3924827531,10,986,-71,2450,-4445,-875,idle-X
3924843733,10,986,-71,2450,-4462,-875,idle-X
3924844975,10,986,-71,2450,-4462,-875,idle-X
3924862093,9,986,-71,2450,-4462,-875,idle-X
3924863029,9,986,-71,2467,-4462,-875,idle-X
3924879232,9,986,-71,2467,-4462,-875,idle-X
3924882001,9,986,-71,2467,-4462,-875,idle-X
3924896371,10,986,-71,2467,-4462,-875,idle-X
3924901276,10,986,-71,2450,-4445,-857,idle-X
3924913814,10,986,-71,2450,-4445,-857,idle-X
3924920551,10,986,-71,2467,-4445,-875,idle-X
3924930952,10,985,-71,2467,-4445,-875,idle-X
3924939523,10,985,-71,2485,-4427,-857,idle-X
3924948092,10,986,-71,2485,-4427,-857,idle-X
3924958798,10,986,-71,2467,-4462,-875,idle-X
3924965229,10,986,-70,2467,-4462,-875,idle-X
3924978073,10,986,-70,2467,-4462,-892,idle-X
3924982672,9,986,-70,2467,-4462,-892,idle-X
3924997043,9,986,-70,2485,-4480,-892,idle-X
3924999811,9,986,-71,2485,-4480,-892,idle-X
3925016319,9,986,-71,2485,-4462,-892,idle-X
3925016949,10,986,-71,2485,-4462,-892,idle-X
3925034373,10,986,-71,2485,-4462,-892,idle-X
3925035615,10,986,-71,2485,-4480,-910,idle-X
3925051511,10,986,-71,2485,-4480,-910,idle-X
3925054585,10,986,-71,2485,-4462,-875,idle-X
3925068650,10,986,-72,2485,-4462,-875,idle-X
3925073861,10,986,-72,2450,-4445,-857,idle-X
3925085789,10,986,-71,2450,-4445,-857,idle-X
3925093136,10,986,-71,2467,-4462,-875,idle-X
3925103232,9,986,-70,2467,-4462,-875,idle-X
3925112107,9,986,-70,2467,-4480,-892,idle-X
3925120370,10,986,-71,2467,-4480,-892,idle-X
3925131382,10,986,-71,2485,-4480,-875,idle-X
3925137509,10,986,-71,2485,-4480,-875,idle-X
3925150657,10,986,-71,2485,-4480,-875,idle-X
3925154647,10,986,-71,2485,-4480,-875,idle-X
3925169626,10,986,-71,2485,-4497,-875,idle-X
3925172090,9,986,-71,2485,-4497,-875,idle-X
3925188903,9,986,-71,2485,-4480,-857,idle-X
3925189533,9,986,-71,2485,-4480,-857,idle-X
3925206346,10,986,-71,2485,-4480,-857,idle-X
3925208198,10,986,-71,2467,-4480,-857,idle-X
3925223789,10,986,-71,2467,-4480,-857,idle-X
3925227167,10,986,-71,2432,-4462,-910,idle-X
3925240925,10,986,-71,2432,-4462,-910,idle-X
3925246441,10,986,-71,2467,-4462,-910,idle-X
3925258064,10,986,-71,2467,-4462,-910,idle-X
3925265718,10,986,-71,2450,-4480,-875,idle-X
3925275204,10,986,-71,2450,-4480,-875,idle-X
3925284690,10,986,-71,2432,-4462,-857,idle-X
3925292648,10,986,-71,2432,-4462,-857,idle-X
3925303966,10,986,-71,2432,-4480,-892,idle-X
3925309787,10,986,-71,2432,-4480,-892,idle-X
3925323241,10,986,-71,2450,-4480,-875,idle-X
3925326925,10,986,-71,2450,-4480,-875,idle-X
3925342211,10,986,-71,2485,-4480,-857,idle-X
3925344062,10,986,-71,2485,-4480,-857,idle-X
3925361487,10,986,-71,2485,-4462,-892,idle-X
3925378616,10,986,-71,2485,-4462,-892,idle-X
3925380775,10,986,-71,2485,-4462,-857,idle-X
3925395755,10,986,-71,2485,-4462,-857,idle-X
3925399745,10,986,-71,2450,-4462,-910,idle-X
3925412893,10,986,-71,2450,-4462,-910,idle-X
3925419019,10,986,-71,2432,-4462,-875,idle-X
3925430336,9,986,-71,2432,-4462,-875,idle-X
3925438294,9,986,-71,2415,-4462,-892,idle-X
3925447473,9,986,-70,2415,-4462,-892,idle-X
3925457264,9,986,-70,2467,-4480,-892,idle-X
3925464612,10,986,-71,2467,-4480,-892,idle-X
3925476539,10,986,-71,2467,-4445,-875,idle-X
3925481750,10,986,-71,2467,-4445,-875,idle-X
3925495815,10,986,-71,2450,-4462,-892,idle-X
3925499194,9,986,-71,2450,-4462,-892,idle-X
3925514785,9,986,-71,2467,-4480,-892,idle-X
3925516332,10,986,-71,2467,-4480,-892,idle-X
3925533451,9,986,-71,2467,-4480,-892,idle-X
3925534081,9,986,-71,2485,-4480,-892,idle-X
3925550590,10,986,-71,2485,-4480,-892,idle-X
3925553357,10,986,-71,2467,-4462,-892,idle-X
3925568033,10,986,-71,2467,-4462,-892,idle-X
3925572327,10,986,-71,2485,-4462,-875,idle-X
3925585172,10,986,-71,2485,-4462,-875,idle-X
3925591604,10,986,-71,2467,-4462,-875,idle-X
3925602310,10,986,-70,2467,-4462,-875,idle-X
3925610878,10,986,-70,2432,-4445,-875,idle-X
3925619752,10,986,-70,2432,-4445,-875,idle-X
3925629848,10,986,-70,2450,-4445,-875,idle-X
3925636890,10,985,-71,2450,-4445,-875,idle-X
3925649122,10,985,-71,2450,-4480,-875,idle-X
3925654028,10,986,-71,2450,-4480,-875,idle-X
3925668398,10,986,-71,2432,-4445,-892,idle-X
3925671167,10,986,-71,2432,-4445,-892,idle-X
3925687368,10,986,-71,2485,-4462,-910,idle-X
3925688610,10,986,-71,2485,-4462,-910,idle-X
3925705728,10,986,-70,2485,-4462,-910,idle-X
3925706664,10,986,-70,2485,-4462,-857,idle-X
3925722867,10,986,-71,2485,-4462,-857,idle-X
3925725940,10,986,-71,2467,-4462,-875,idle-X
3925740005,10,986,-71,2467,-4462,-875,idle-X
3925744909,10,986,-71,2467,-4462,-892,idle-X
3925757446,10,986,-71,2467,-4462,-892,idle-X
3925764185,10,986,-71,2467,-4462,-892,idle-X
3925774585,10,986,-71,2467,-4462,-892,idle-X
3925783461,10,986,-71,2467,-4480,-910,idle-X
3925791725,10,986,-71,2467,-4480,-910,idle-X
3925802431,10,986,-71,2450,-4445,-892,idle-X
3925809169,10,986,-71,2450,-4445,-892,idle-X
3925821707,10,986,-71,2467,-4480,-875,idle-X
3925826307,9,986,-71,2467,-4480,-875,idle-X
3925840982,9,986,-71,2467,-4462,-875,idle-X
3925843445,10,986,-71,2467,-4462,-875,idle-X
3925859954,10,986,-71,2467,-4497,-892,idle-X
3925860584,10,986,-71,2467,-4497,-892,idle-X
3925878006,10,986,-71,2467,-4497,-892,idle-X
3925879248,10,986,-71,2467,-4445,-892,idle-X
3925895144,9,986,-71,2467,-4445,-892,idle-X
3925898522,9,986,-71,2450,-4445,-892,idle-X
3925912282,10,986,-71,2450,-4445,-892,idle-X
3925917493,10,986,-71,2467,-4445,-892,idle-X
3925929420,9,986,-71,2467,-4445,-892,idle-X
3925936767,9,986,-71,2485,-4462,-892,idle-X
3925946863,10,986,-70,2485,-4462,-892,idle-X
3925956043,10,986,-70,2450,-4497,-875,idle-X
3925964001,10,986,-71,2450,-4497,-875,idle-X
3925975013,10,986,-71,2485,-4497,-910,idle-X
3925981140,10,986,-71,2485,-4497,-910,idle-X
3925994290,10,986,-71,2467,-4497,-892,idle-X
3925998278,10,986,-71,2467,-4497,-892,idle-X
3926013564,10,986,-71,2450,-4480,-910,idle-X
3926015722,10,986,-70,2450,-4480,-910,idle-X
3926032534,10,986,-70,2485,-4497,-892,idle-X
3926033165,10,986,-71,2485,-4497,-892,idle-X
3926049976,10,986,-71,2485,-4497,-892,idle-X
3926051828,10,986,-71,2450,-4480,-892,idle-X
3926067114,10,986,-71,2450,-4480,-892,idle-X
3926070798,10,986,-71,2450,-4462,-892,idle-X
3926084557,9,986,-71,2450,-4462,-892,idle-X
3926090073,9,986,-71,2467,-4480,-875,idle-X
3926101695,10,986,-71,2467,-4480,-875,idle-X
3926109348,10,986,-71,2485,-4480,-892,idle-X
3926118834,9,986,-71,2485,-4480,-892,idle-X
3926128319,9,986,-71,2467,-4445,-892,idle-X
3926135971,10,986,-71,2467,-4445,-892,idle-X
3926147594,10,986,-71,2485,-4462,-892,idle-X
3926153415,10,986,-71,2485,-4462,-892,idle-X
3926166868,10,986,-71,2485,-4480,-892,idle-X
3926170553,9,986,-71,2485,-4480,-892,idle-X
3926185840,9,986,-71,2485,-4480,-875,idle-X
3926187693,10,986,-71,2485,-4480,-875,idle-X
3926204810,10,986,-70,2502,-4480,-875,idle-X
3926222246,9,986,-70,2502,-4480,-875,idle-X
3926224403,9,986,-70,2467,-4445,-892,idle-X
3926239383,10,985,-71,2467,-4445,-892,idle-X
3926243373,10,985,-71,2485,-4445,-910,idle-X
3926256522,10,986,-71,2485,-4445,-910,idle-X
3926262649,10,986,-71,2485,-4462,-892,idle-X
3926273661,10,986,-71,2485,-4462,-892,idle-X
3926281923,10,986,-71,2467,-4462,-892,idle-X
3926291102,10,986,-71,2467,-4462,-892,idle-X
3926300892,10,986,-71,2485,-4480,-857,idle-X
3926308241,10,986,-70,2485,-4480,-857,idle-X
3926320168,10,986,-70,2467,-4480,-910,idle-X
3926325378,10,986,-71,2467,-4480,-910,idle-X
3926339442,10,986,-71,2450,-4427,-910,idle-X
3926342516,10,986,-71,2450,-4427,-910,idle-X
3926358413,10,986,-71,2450,-4462,-875,idle-X
3926359960,9,986,-71,2450,-4462,-875,idle-X
3926377080,9,986,-71,2450,-4462,-875,idle-X
3926377710,9,986,-71,2502,-4480,-892,idle-X
3926394218,10,986,-71,2502,-4480,-892,idle-X
3926396986,10,986,-71,2485,-4462,-857,idle-X
3926411661,9,986,-71,2485,-4462,-857,idle-X
3926415956,9,986,-71,2502,-4462,-840,idle-X
3926428800,10,986,-71,2502,-4462,-840,idle-X
3926435232,10,986,-71,2485,-4462,-910,idle-X
3926445938,10,986,-71,2485,-4462,-910,idle-X
3926454508,10,986,-71,2450,-4480,-857,idle-X
3926463077,10,986,-71,2450,-4480,-857,idle-X
3926473478,10,986,-71,2450,-4462,-875,idle-X
3926480520,10,986,-71,2450,-4462,-875,idle-X
3926492753,10,986,-71,2432,-4462,-857,idle-X
3926497657,10,986,-71,2432,-4462,-857,idle-X
3926512028,10,986,-71,2450,-4462,-857,idle-X
3926514797,10,986,-71,2450,-4462,-857,idle-X
3926530997,10,986,-71,2467,-4462,-840,idle-X
3926532239,10,986,-71,2467,-4462,-840,idle-X
3926549356,10,986,-71,2467,-4462,-840,idle-X
3926550292,10,986,-71,2467,-4462,-875,idle-X
3926566495,10,986,-70,2467,-4462,-875,idle-X
3926569569,10,986,-70,2450,-4462,-857,idle-X
3926583635,10,986,-71,2450,-4462,-857,idle-X
3926588541,10,986,-71,2467,-4462,-857,idle-X
3926601079,10,986,-71,2467,-4462,-857,idle-X
3926607815,10,986,-71,2485,-4480,-875,idle-X
3926618216,10,986,-71,2485,-4480,-875,idle-X
3926627091,10,986,-71,2467,-4480,-910,idle-X
3926635354,10,986,-71,2467,-4480,-910,idle-X
3926646060,10,986,-71,2485,-4497,-875,idle-X
3926652491,10,986,-71,2485,-4497,-875,idle-X
3926665335,10,986,-71,2485,-4497,-875,idle-X
3926669935,10,986,-71,2485,-4497,-875,idle-X
3926684610,10,986,-71,2485,-4480,-875,idle-X
3926687072,9,986,-71,2485,-4480,-875,idle-X
3926703885,9,986,-71,2502,-4462,-875,idle-X
3926704515,10,986,-71,2502,-4462,-875,idle-X
3926721633,10,986,-70,2502,-4462,-875,idle-X
3926722875,10,986,-70,2467,-4462,-892,idle-X
3926738771,9,986,-71,2467,-4462,-892,idle-X
3926742150,9,986,-71,2450,-4462,-857,idle-X
3926755909,9,986,-71,2450,-4462,-857,idle-X
3926761425,9,986,-71,2467,-4462,-857,idle-X
3926773048,9,986,-71,2467,-4462,-857,idle-X
3926780395,9,986,-71,2467,-4427,-875,idle-X
3926790491,9,986,-71,2467,-4427,-875,idle-X
3926799671,9,986,-71,2467,-4445,-875,idle-X
3926807629,10,986,-71,2467,-4445,-875,idle-X
3926818946,10,986,-71,2467,-4462,-875,idle-X
3926824769,10,986,-71,2467,-4462,-875,idle-X
3926837919,10,986,-71,2467,-4480,-875,idle-X
3926841909,10,986,-70,2467,-4480,-875,idle-X
3926857195,10,986,-70,2467,-4462,-857,idle-X
3926859353,10,986,-71,2467,-4462,-857,idle-X
3926876470,10,986,-71,2467,-4480,-840,idle-X
3926893601,10,986,-71,2467,-4480,-840,idle-X
3926895454,10,986,-71,2485,-4480,-875,idle-X
3926911047,9,986,-71,2485,-4480,-875,idle-X
3926914731,9,986,-71,2467,-4480,-892,idle-X
3926928186,10,986,-71,2467,-4480,-892,idle-X
3926934007,10,986,-71,2467,-4462,-892,idle-X
3926945324,9,986,-70,2467,-4462,-892,idle-X
3926952976,9,986,-70,2450,-4480,-910,idle-X
3926962766,9,986,-71,2450,-4480,-910,idle-X
3926972252,9,986,-71,2467,-4462,-875,idle-X
3926979906,9,986,-71,2467,-4462,-875,idle-X
3926991528,9,986,-71,2485,-4480,-857,idle-X
3926997044,10,986,-71,2485,-4480,-857,idle-X
3927010499,10,986,-71,2485,-4462,-875,idle-X
3927014183,10,986,-71,2485,-4462,-875,idle-X
3927029774,10,986,-71,2485,-4445,-910,idle-X
3927031626,9,986,-71,2485,-4445,-910,idle-X
3927048744,9,986,-71,2467,-4462,-892,idle-X
3927065875,10,986,-71,2467,-4462,-892,idle-X
3927068033,10,986,-71,2502,-4462,-892,idle-X
3927083320,10,986,-71,2502,-4462,-892,idle-X
3927087309,10,986,-71,2485,-4480,-857,idle-X
3927100458,9,986,-71,2485,-4480,-857,idle-X
3927106585,9,986,-71,2467,-4480,-892,idle-X
3927117595,9,985,-70,2467,-4480,-892,idle-X
3927125860,9,985,-70,2467,-4497,-910,idle-X
3927134733,10,986,-71,2467,-4497,-910,idle-X
3927144829,10,986,-71,2467,-4462,-892,idle-X
3927152177,9,986,-71,2467,-4462,-892,idle-X
3927164106,9,986,-71,2485,-4445,-927,idle-X
3927169316,9,986,-71,2485,-4445,-927,idle-X
3927183381,9,986,-71,2450,-4462,-910,idle-X
3927186453,10,986,-71,2450,-4462,-910,idle-X
3927202351,10,986,-71,2467,-4462,-910,idle-X
3927203898,10,986,-71,2467,-4462,-910,idle-X
3927221016,9,986,-71,2467,-4462,-910,idle-X
3927221646,9,986,-71,2467,-4480,-875,idle-X
3927238156,10,986,-70,2467,-4480,-875,idle-X
3927240924,10,986,-70,2450,-4480,-875,idle-X
3927255294,10,986,-71,2450,-4480,-875,idle-X
3927259894,10,986,-71,2485,-4480,-892,idle-X
3927272738,10,986,-71,2485,-4480,-892,idle-X
3927279169,10,986,-71,2485,-4480,-857,idle-X
3927289876,10,986,-71,2485,-4480,-857,idle-X
3927298445,10,986,-71,2450,-4462,-840,idle-X
3927307015,10,986,-71,2450,-4462,-840,idle-X
3927317415,10,986,-71,2432,-4462,-875,idle-X
3927324457,10,986,-71,2432,-4462,-875,idle-X
3927336691,10,986,-71,2467,-4462,-892,idle-X
3927341596,10,986,-71,2467,-4462,-892,idle-X
3927355966,10,986,-71,2450,-4462,-892,idle-X
3927358734,9,986,-71,2450,-4462,-892,idle-X
3927374937,9,986,-71,2485,-4480,-857,idle-X
3927375873,10,986,-71,2485,-4480,-857,idle-X
3927393296,10,986,-71,2485,-4480,-857,idle-X
3927394233,10,986,-71,2502,-4480,-892,idle-X
3927410435,10,986,-71,2502,-4480,-892,idle-X
3927413509,10,986,-71,2450,-4480,-857,idle-X
3927427575,10,986,-71,2450,-4480,-857,idle-X
3927432481,10,986,-71,2450,-4462,-892,idle-X
3927445018,9,986,-71,2450,-4462,-892,idle-X
3927451756,9,986,-71,2450,-4480,-857,idle-X
3927462156,10,986,-71,2450,-4480,-857,idle-X
3927471030,10,986,-71,2467,-4480,-892,idle-X
3927479294,9,986,-71,2467,-4480,-892,idle-X
3927490305,9,986,-71,2502,-4480,-875,idle-X
3927496432,10,986,-70,2502,-4480,-875,idle-X
3927509275,10,986,-70,2485,-4480,-875,idle-X
3927513875,10,985,-71,2485,-4480,-875,idle-X
3927528551,10,985,-71,2467,-4462,-892,idle-X
3927531013,10,986,-70,2467,-4462,-892,idle-X
3927547826,10,986,-70,2467,-4480,-875,idle-X
3927548456,10,986,-71,2467,-4480,-875,idle-X
3927565576,10,986,-71,2467,-4480,-875,idle-X
3927566819,10,986,-71,2467,-4480,-892,idle-X
3927582716,10,986,-71,2467,-4480,-892,idle-X
3927586094,10,986,-71,2467,-4480,-910,idle-X
3927599855,9,986,-71,2467,-4480,-910,idle-X
3927605370,9,986,-71,2450,-4445,-910,idle-X
3927616992,10,986,-71,2450,-4445,-910,idle-X
3927624341,10,986,-71,2485,-4445,-892,idle-X
3927634436,10,986,-71,2485,-4445,-892,idle-X
3927643617,10,986,-71,2485,-4445,-875,idle-X
3927651575,10,986,-71,2485,-4445,-875,idle-X
3927662892,10,986,-71,2502,-4462,-875,idle-X
3927668714,9,986,-71,2502,-4462,-875,idle-X
3927681862,9,986,-71,2485,-4445,-875,idle-X
3927686157,10,986,-71,2485,-4445,-875,idle-X
3927701138,10,986,-71,2450,-4445,-875,idle-X
3927703296,10,986,-71,2450,-4445,-875,idle-X
3927720414,9,986,-71,2450,-4445,-875,idle-X
3927737850,10,986,-71,2450,-4445,-875,idle-X
3927739702,10,986,-71,2467,-4462,-857,idle-X
3927754988,10,986,-71,2467,-4462,-857,idle-X
3927758671,10,986,-71,2467,-4445,-857,idle-X
3927772124,10,987,-71,2467,-4445,-857,idle-X
3927777946,10,987,-71,2450,-4445,-857,idle-X
3927789263,10,986,-71,2450,-4445,-857,idle-X
3927797222,10,986,-71,2450,-4445,-875,idle-X
3927806707,10,986,-71,2450,-4445,-875,idle-X
3927816193,10,986,-71,2450,-4445,-892,idle-X
3927823846,9,986,-71,2450,-4445,-892,idle-X
3927835468,9,986,-71,2450,-4462,-857,idle-X
3927840984,10,986,-71,2450,-4462,-857,idle-X
3927854744,10,986,-71,2467,-4462,-892,idle-X
3927858428,10,986,-71,2467,-4462,-892,idle-X
3927874018,10,986,-71,2467,-4445,-875,idle-X
3927875566,9,986,-71,2467,-4445,-875,idle-X
3927892684,9,986,-71,2450,-4445,-892,idle-X
3927910120,10,986,-71,2450,-4445,-892,idle-X
3927912277,10,986,-71,2485,-4480,-875,idle-X
3927927258,10,986,-70,2485,-4480,-875,idle-X
3927931553,10,986,-70,2467,-4445,-875,idle-X
3927944397,10,986,-71,2467,-4445,-875,idle-X
3927950525,10,986,-71,2467,-4462,-875,idle-X
3927961537,10,986,-70,2467,-4462,-875,idle-X
3927969801,10,986,-70,2485,-4445,-875,idle-X
3927978981,10,986,-71,2485,-4445,-875,idle-X
3927989077,10,986,-71,2467,-4462,-875,idle-X
3927996118,9,986,-71,2467,-4462,-875,idle-X
3928008047,9,986,-71,2467,-4480,-910,idle-X
3928013257,10,986,-70,2467,-4480,-910,idle-X
3928027321,10,986,-70,2485,-4462,-892,idle-X
3928030700,10,986,-71,2485,-4462,-892,idle-X
3928046597,10,986,-71,2485,-4462,-857,idle-X
3928047839,10,986,-71,2485,-4462,-857,idle-X
3928064955,10,986,-71,2485,-4462,-857,idle-X
3928065891,10,986,-71,2467,-4445,-857,idle-X
3928082398,10,986,-70,2467,-4445,-857,idle-X
3928084862,10,986,-70,2450,-4427,-875,idle-X
3928099537,10,986,-71,2450,-4427,-875,idle-X
3928104137,10,986,-71,2450,-4427,-875,idle-X
3928116676,10,986,-71,2450,-4427,-875,idle-X
3928123414,10,986,-71,2467,-4445,-875,idle-X
3928133815,9,986,-71,2467,-4445,-875,idle-X
3928142384,9,986,-71,2502,-4480,-875,idle-X
3928151260,9,986,-71,2502,-4480,-875,idle-X
3928161660,9,986,-71,2502,-4462,-892,idle-X
3928168398,10,986,-71,2502,-4462,-892,idle-X
3928180936,10,986,-71,2502,-4445,-892,idle-X
3928185537,10,986,-71,2502,-4445,-892,idle-X
3928199907,10,986,-71,2485,-4480,-875,idle-X
3928202675,10,986,-71,2485,-4480,-875,idle-X
3928219183,10,986,-71,2467,-4497,-892,idle-X
3928220120,10,986,-70,2467,-4497,-892,idle-X
3928237238,10,986,-71,2467,-4497,-892,idle-X
3928238480,10,986,-71,2450,-4462,-875,idle-X
3928254377,10,986,-71,2450,-4462,-875,idle-X
3928257450,10,986,-71,2432,-4445,-857,idle-X
3928271819,9,986,-71,2432,-4445,-857,idle-X
3928276725,9,986,-71,2467,-4445,-875,idle-X
3928288958,10,986,-71,2467,-4445,-875,idle-X
3928296000,10,986,-71,2502,-4445,-875,idle-X
3928306095,9,986,-71,2502,-4445,-875,idle-X
3928314970,9,986,-71,2485,-4480,-857,idle-X
3928323234,9,986,-71,2485,-4480,-857,idle-X
3928334246,9,986,-71,2467,-4462,-875,idle-X
3928340677,10,986,-71,2467,-4462,-875,idle-X
3928353523,10,986,-71,2485,-4480,-875,idle-X
3928357817,10,986,-71,2485,-4480,-875,idle-X
3928372492,10,986,-71,2450,-4462,-875,idle-X
3928374955,10,986,-71,2450,-4462,-875,idle-X
3928391766,10,986,-71,2467,-4462,-875,idle-X
3928392397,10,986,-71,2467,-4462,-875,idle-X
3928409515,9,986,-71,2467,-4462,-875,idle-X
3928411063,9,986,-71,2450,-4445,-875,idle-X
3928426654,10,986,-71,2450,-4445,-875,idle-X
3928430033,10,986,-71,2450,-4462,-875,idle-X
3928443792,10,986,-71,2450,-4462,-875,idle-X
3928449309,10,986,-71,2485,-4462,-857,idle-X
3928461236,9,986,-70,2485,-4462,-857,idle-X
3928468583,9,986,-70,2502,-4480,-875,idle-X
3928478374,10,986,-71,2502,-4480,-875,idle-X
3928487554,10,986,-71,2502,-4480,-910,idle-X
3928495512,9,986,-71,2502,-4480,-910,idle-X
3928506830,9,986,-71,2467,-4462,-875,idle-X
3928512651,10,986,-71,2467,-4462,-875,idle-X
3928526105,10,986,-71,2450,-4462,-857,idle-X
3928530095,10,986,-71,2450,-4462,-857,idle-X
3928545382,10,986,-71,2467,-4445,-875,idle-X
3928547235,9,986,-71,2467,-4445,-875,idle-X
3928564352,9,986,-71,2485,-4462,-892,idle-X
3928581787,10,986,-71,2485,-4462,-892,idle-X
3928583639,10,986,-71,2485,-4462,-892,idle-X
3928598926,10,986,-71,2485,-4462,-892,idle-X
3928602915,10,986,-71,2467,-4480,-892,idle-X
3928616065,10,986,-71,2467,-4480,-892,idle-X
3928621886,10,986,-71,2485,-4480,-910,idle-X
3928633508,10,986,-70,2485,-4480,-910,idle-X
3928641162,10,986,-70,2467,-4480,-910,idle-X
3928650646,9,986,-71,2467,-4480,-910,idle-X
3928660436,9,986,-71,2485,-4462,-892,idle-X
3928667785,10,986,-71,2485,-4462,-892,idle-X
3928679408,10,986,-71,2467,-4445,-875,idle-X
3928684925,10,986,-71,2467,-4445,-875,idle-X
3928698684,10,986,-71,2467,-4462,-857,idle-X
3928702368,9,986,-71,2467,-4462,-857,idle-X
3928717959,9,986,-71,2485,-4445,-857,idle-X
3928719506,9,986,-71,2485,-4445,-857,idle-X
3928736625,9,986,-71,2467,-4445,-892,idle-X
3928754061,10,986,-71,2467,-4445,-892,idle-X
3928756218,10,986,-71,2467,-4462,-875,idle-X
3928771198,10,986,-71,2467,-4462,-875,idle-X
3928775493,10,986,-71,2450,-4445,-875,idle-X
3928788336,10,986,-71,2450,-4445,-875,idle-X
3928794768,10,986,-71,2450,-4462,-875,idle-X
3928805474,10,986,-71,2450,-4462,-875,idle-X
3928813739,10,986,-71,2467,-4462,-857,idle-X
3928822918,10,986,-71,2467,-4462,-857,idle-X
3928833014,10,986,-71,2450,-4462,-875,idle-X
3928840057,9,986,-71,2450,-4462,-875,idle-X
3928852290,9,986,-71,2467,-4462,-875,idle-X
3928857195,10,986,-71,2467,-4462,-875,idle-X
3928871260,10,986,-71,2467,-4480,-875,idle-X
3928874333,10,986,-71,2467,-4480,-875,idle-X
3928890535,10,986,-71,2485,-4462,-857,idle-X
3928891777,9,986,-71,2485,-4462,-857,idle-X
3928908895,10,986,-71,2485,-4462,-857,idle-X
3928909525,10,986,-71,2485,-4445,-857,idle-X
3928926033,9,986,-71,2485,-4445,-857,idle-X
3928928802,9,986,-71,2467,-4462,-875,idle-X
3928943477,9,986,-71,2467,-4462,-875,idle-X
3928948077,9,986,-71,2467,-4480,-875,idle-X
3928960615,10,986,-71,2467,-4480,-875,idle-X
3928967352,10,986,-71,2467,-4462,-892,idle-X
3928977753,10,986,-71,2467,-4462,-892,idle-X
3928986322,10,986,-71,2485,-4462,-857,idle-X
3928994891,10,986,-71,2485,-4462,-857,idle-X
3929005597,10,986,-71,2467,-4480,-822,idle-X
3929012334,10,986,-70,2467,-4480,-822,idle-X
3929024872,10,986,-70,2485,-4445,-875,idle-X
3929029472,10,986,-71,2485,-4445,-875,idle-X
3929043841,10,986,-71,2467,-4462,-875,idle-X
3929046610,10,986,-71,2467,-4462,-875,idle-X
3929063118,10,986,-71,2467,-4497,-892,idle-X
3929063749,9,986,-71,2467,-4497,-892,idle-X
3929081172,9,986,-71,2467,-4497,-892,idle-X
3929082414,9,986,-71,2467,-4480,-910,idle-X
3929098311,10,986,-71,2467,-4480,-910,idle-X
3929101385,10,986,-71,2450,-4462,-875,idle-X
3929115450,10,986,-71,2450,-4462,-875,idle-X
3929120661,10,986,-71,2450,-4462,-875,idle-X
3929132894,9,986,-71,2450,-4462,-875,idle-X
3929139936,9,986,-71,2450,-4462,-875,idle-X
3929150031,10,986,-71,2450,-4462,-875,idle-X
3929158906,10,986,-71,2467,-4445,-875,idle-X
3929167169,10,986,-71,2467,-4445,-875,idle-X
3929178180,10,986,-71,2485,-4445,-875,idle-X
3929184612,10,986,-70,2485,-4445,-875,idle-X
3929197456,10,986,-70,2432,-4462,-875,idle-X
3929201751,10,986,-71,2432,-4462,-875,idle-X
3929216732,10,986,-71,2467,-4480,-892,idle-X
3929218890,10,985,-71,2467,-4480,-892,idle-X
3929235702,10,985,-71,2450,-4462,-875,idle-X
3929236332,10,986,-71,2450,-4462,-875,idle-X
3929253449,10,986,-71,2450,-4462,-875,idle-X
3929254996,10,986,-71,2432,-4445,-892,idle-X
3929270587,10,986,-70,2432,-4445,-892,idle-X
3929274270,10,986,-70,2467,-4445,-857,idle-X
3929287723,10,986,-70,2467,-4445,-857,idle-X
3929293240,10,986,-70,2450,-4480,-857,idle-X
3929305167,9,986,-70,2450,-4480,-857,idle-X
3929312514,9,986,-70,2450,-4480,-892,idle-X
3929322305,9,986,-71,2450,-4480,-892,idle-X
3929331791,9,986,-71,2450,-4462,-892,idle-X
3929339444,10,986,-71,2450,-4462,-892,idle-X
3929350762,10,986,-71,2467,-4445,-875,idle-X
3929356887,10,986,-71,2467,-4445,-875,idle-X
3929370036,10,986,-71,2467,-4462,-875,idle-X
3929374026,10,986,-71,2467,-4462,-875,idle-X
3929389313,10,986,-71,2467,-4462,-857,idle-X
3929391164,10,986,-71,2467,-4462,-857,idle-X
3929408282,9,986,-71,2467,-4480,-840,idle-X
3929425717,10,985,-71,2467,-4480,-840,idle-X
3929427570,10,985,-71,2467,-4462,-875,idle-X
3929442856,10,986,-71,2467,-4462,-875,idle-X
3929446845,10,986,-71,2485,-4445,-857,idle-X
3929459995,10,986,-71,2485,-4445,-857,idle-X
3929466122,10,986,-71,2432,-4480,-892,idle-X
3929477439,9,986,-71,2432,-4480,-892,idle-X
3929485093,9,986,-71,2450,-4480,-875,idle-X
3929494577,10,986,-70,2450,-4480,-875,idle-X
3929504368,10,986,-70,2467,-4480,-875,idle-X
3929511716,10,986,-71,2467,-4480,-875,idle-X
3929523643,10,986,-71,2467,-4480,-875,idle-X
3929528855,10,986,-71,2467,-4480,-875,idle-X
3929542614,10,986,-71,2467,-4462,-892,idle-X
3929546298,10,986,-71,2467,-4462,-892,idle-X
3929561888,10,986,-71,2432,-4462,-857,idle-X
3929563435,10,986,-71,2432,-4462,-857,idle-X
3929580555,9,986,-71,2432,-4462,-857,idle-X
3929581185,9,986,-71,2450,-4462,-875,idle-X
3929597999,10,986,-70,2450,-4462,-875,idle-X
3929600156,10,986,-70,2485,-4445,-875,idle-X
3929615137,10,986,-71,2485,-4445,-875,idle-X
3929619431,10,986,-71,2485,-4445,-875,idle-X
3929632275,10,986,-71,2485,-4445,-875,idle-X
3929638706,10,986,-71,2485,-4462,-875,idle-X
3929649413,10,986,-71,2485,-4462,-875,idle-X
3929657678,10,986,-71,2485,-4462,-892,idle-X
3929666858,10,986,-71,2485,-4462,-892,idle-X
3929676954,10,986,-71,2450,-4445,-875,idle-X
3929683997,10,986,-70,2450,-4445,-875,idle-X
3929696229,10,986,-70,2467,-4462,-892,idle-X
3929701135,10,986,-71,2467,-4462,-892,idle-X
3929715199,10,986,-71,2485,-4462,-875,idle-X
3929718272,10,986,-71,2485,-4462,-875,idle-X
3929734474,10,986,-71,2485,-4462,-875,idle-X
3929735716,10,986,-71,2485,-4462,-875,idle-X
3929752833,10,986,-70,2485,-4462,-875,idle-X
3929753769,10,986,-70,2485,-4462,-875,idle-X
3929769971,9,986,-71,2485,-4462,-875,idle-X
3929772739,9,986,-71,2485,-4462,-857,idle-X
3929787416,9,986,-71,2485,-4462,-857,idle-X
3929792016,9,986,-71,2467,-4462,-857,idle-X
3929804554,9,986,-71,2467,-4462,-857,idle-X
3929811291,9,986,-71,2450,-4480,-875,idle-X
3929821692,10,986,-71,2450,-4480,-875,idle-X
3929830567,10,986,-71,2502,-4445,-892,idle-X
3929838831,10,986,-71,2502,-4445,-892,idle-X
3929849538,10,986,-71,2485,-4445,-875,idle-X
3929856275,9,986,-71,2485,-4445,-875,idle-X
3929868813,9,986,-71,2485,-4497,-857,idle-X
3929873413,10,985,-70,2485,-4497,-857,idle-X
3929888088,10,985,-70,2450,-4480,-857,idle-X
3929890550,9,986,-71,2450,-4480,-857,idle-X
3929907057,9,986,-71,2450,-4462,-892,idle-X
3929907993,10,986,-70,2450,-4462,-892,idle-X
3929925111,10,986,-71,2450,-4462,-892,idle-X
3929926353,10,986,-71,2485,-4480,-892,idle-X
3929942249,9,986,-70,2485,-4480,-892,idle-X
3929945628,9,986,-70,2450,-4462,-892,idle-X
3929959389,10,986,-71,2450,-4462,-892,idle-X
3929964599,10,986,-71,2450,-4462,-892,idle-X
3929976831,10,986,-71,2450,-4462,-892,idle-X
3929983874,10,986,-71,2467,-4445,-875,idle-X
3929993970,10,986,-71,2467,-4445,-875,idle-X
3930003149,10,986,-71,2485,-4445,-857,idle-X
3930011107,10,986,-70,2485,-4445,-857,idle-X
3930022118,10,986,-70,2467,-4480,-875,idle-X
3930028245,10,986,-71,2467,-4480,-875,idle-X
3930041395,10,986,-71,2450,-4480,-892,idle-X
3930045690,10,986,-71,2450,-4480,-892,idle-X
3930060670,10,986,-71,2467,-4480,-892,idle-X
3930062828,10,986,-71,2467,-4480,-892,idle-X
3930079640,10,986,-71,2450,-4445,-840,idle-X
3930080270,9,986,-71,2450,-4445,-840,idle-X
3930097388,9,986,-71,2450,-4445,-840,idle-X
3930098935,9,986,-71,2485,-4480,-875,idle-X
3930114527,10,986,-71,2485,-4480,-875,idle-X
3930118213,10,986,-71,2485,-4445,-892,idle-X
3930131666,9,986,-71,2485,-4445,-892,idle-X
3930137182,9,986,-71,2467,-4462,-875,idle-X
3930148804,10,986,-71,2467,-4462,-875,idle-X
3930156457,10,986,-71,2485,-4462,-892,idle-X
3930166247,10,986,-71,2485,-4462,-892,idle-X
3930175732,10,986,-71,2502,-4462,-875,idle-X
3930183386,9,986,-71,2502,-4462,-875,idle-X
3930194703,9,986,-71,2467,-4445,-822,idle-X
3930200524,9,986,-70,2467,-4445,-822,idle-X
3930213977,9,986,-70,2450,-4445,-875,idle-X
3930217966,9,986,-71,2450,-4445,-875,idle-X
3930233251,9,986,-71,2450,-4445,-857,idle-X
3930235105,10,986,-71,2450,-4445,-857,idle-X
3930252222,9,986,-71,2485,-4497,-857,idle-X
3930269352,9,986,-72,2485,-4497,-857,idle-X
3930271509,9,986,-72,2485,-4427,-875,idle-X
3930286796,10,986,-71,2485,-4427,-875,idle-X
3930290785,10,986,-71,2502,-4445,-910,idle-X
3930303935,9,986,-71,2502,-4445,-910,idle-X
3930310062,9,986,-71,2485,-4445,-910,idle-X
3930321074,10,986,-70,2485,-4445,-910,idle-X
3930329032,10,986,-70,2467,-4445,-875,idle-X
3930338517,9,986,-71,2467,-4445,-875,idle-X
3930348307,9,986,-71,2450,-4445,-840,idle-X
3930355654,10,986,-70,2450,-4445,-840,idle-X
3930367581,10,986,-70,2467,-4462,-857,idle-X
3930372792,10,986,-71,2467,-4462,-857,idle-X
3930386551,10,986,-71,2467,-4480,-857,idle-X
3930390235,10,986,-70,2467,-4480,-857,idle-X
3930405827,10,986,-70,2502,-4480,-892,idle-X
3930407374,10,986,-71,2502,-4480,-892,idle-X
3930424492,10,986,-71,2502,-4480,-892,idle-X
3930425122,10,986,-71,2467,-4462,-910,idle-X
3930441937,9,986,-71,2467,-4462,-910,idle-X
3930444095,9,986,-71,2450,-4480,-857,idle-X
3930459076,9,986,-71,2450,-4480,-857,idle-X
3930463370,9,986,-71,2450,-4462,-875,idle-X
3930476214,10,986,-71,2450,-4462,-875,idle-X
3930482646,10,986,-71,2415,-4462,-875,idle-X
3930493352,10,986,-70,2415,-4462,-875,idle-X
3930501921,10,986,-70,2467,-4445,-857,idle-X
3930510796,10,986,-71,2467,-4445,-857,idle-X
3930520891,10,986,-71,2450,-4480,-875,idle-X
3930527934,9,986,-72,2450,-4480,-875,idle-X
3930540167,9,986,-72,2450,-4462,-875,idle-X
3930545072,10,986,-71,2450,-4462,-875,idle-X
3930559442,10,986,-71,2502,-4480,-875,idle-X
3930562517,10,986,-71,2502,-4480,-875,idle-X
3930578415,10,986,-71,2467,-4462,-875,idle-X
3930579656,10,986,-71,2467,-4462,-875,idle-X
3930596774,10,986,-71,2467,-4462,-875,idle-X
3930597710,10,986,-71,2432,-4462,-875,idle-X
3930613912,9,986,-71,2432,-4462,-875,idle-X
3930616986,9,986,-71,2450,-4445,-875,idle-X
3930631357,9,986,-71,2450,-4445,-875,idle-X
3930635956,9,986,-71,2485,-4445,-875,idle-X
3930648495,10,986,-71,2485,-4445,-875,idle-X
3930655232,10,986,-71,2485,-4480,-875,idle-X
3930665633,9,986,-71,2485,-4480,-875,idle-X
3930674506,9,986,-71,2450,-4462,-892,idle-X
3930683075,10,986,-71,2450,-4462,-892,idle-X
3930693782,10,986,-71,2467,-4462,-892,idle-X
3930700214,10,986,-70,2467,-4462,-892,idle-X
3930712753,10,986,-70,2450,-4462,-857,idle-X
3930717353,10,986,-71,2450,-4462,-857,idle-X
3930732029,10,986,-71,2450,-4445,-857,idle-X
3930734492,10,986,-71,2450,-4445,-857,idle-X
3930751304,10,986,-71,2450,-4427,-875,idle-X
3930751935,10,986,-71,2450,-4427,-875,idle-X
3930769053,9,986,-71,2450,-4427,-875,idle-X
3930770295,9,986,-71,2485,-4480,-892,idle-X
3930786191,10,986,-70,2485,-4480,-892,idle-X
3930789570,10,986,-70,2450,-4462,-875,idle-X
3930803636,10,985,-71,2450,-4462,-875,idle-X
3930808846,10,985,-71,2467,-4445,-892,idle-X
3930820773,10,986,-70,2467,-4445,-892,idle-X
3930827815,10,986,-70,2467,-4480,-875,idle-X
3930837912,10,986,-71,2467,-4480,-875,idle-X
3930847092,10,986,-71,2485,-4462,-875,idle-X
3930855050,10,986,-71,2485,-4462,-875,idle-X
3930866366,10,986,-71,2467,-4497,-875,idle-X
3930872493,10,986,-71,2467,-4497,-875,idle-X
3930885336,10,986,-71,2450,-4480,-910,idle-X
3930889631,9,987,-71,2450,-4480,-910,idle-X
3930904612,9,987,-71,2450,-4480,-892,idle-X
3930906770,10,986,-71,2450,-4480,-892,idle-X
3930923888,10,986,-71,2450,-4480,-857,idle-X
3930924518,9,986,-71,2450,-4480,-857,idle-X
3930941331,9,986,-70,2450,-4480,-857,idle-X
3930942878,9,986,-70,2450,-4462,-892,idle-X
3930958470,10,986,-71,2450,-4462,-892,idle-X
3930962154,10,986,-71,2467,-4462,-892,idle-X
3930975609,10,986,-71,2467,-4462,-892,idle-X
3930981429,10,986,-71,2502,-4480,-892,idle-X
3930993052,10,986,-71,2502,-4480,-892,idle-X
3931000400,10,986,-71,2502,-4480,-892,idle-X
3931010190,10,986,-70,2502,-4480,-892,idle-X
3931019675,10,986,-70,2450,-4462,-857,idle-X
3931027329,10,986,-71,2450,-4462,-857,idle-X
3931038951,10,986,-71,2485,-4462,-857,idle-X
3931044467,10,986,-71,2485,-4462,-857,idle-X
3931057920,10,986,-71,2485,-4462,-875,idle-X
3931061910,10,986,-71,2485,-4462,-875,idle-X
3931077195,10,986,-71,2450,-4445,-892,idle-X
3931079048,10,986,-71,2450,-4445,-892,idle-X
3931096167,9,986,-71,2450,-4462,-875,idle-X
3931113604,10,986,-71,2450,-4462,-875,idle-X
3931115456,10,986,-71,2467,-4497,-892,idle-X
3931130743,10,986,-71,2467,-4497,-892,idle-X
3931134732,10,986,-71,2467,-4462,-840,idle-X
3931147881,10,986,-71,2467,-4462,-840,idle-X
3931154008,10,986,-71,2485,-4462,-875,idle-X
3931165020,9,986,-71,2485,-4462,-875,idle-X
3931172977,9,986,-71,2485,-4427,-857,idle-X
3931182462,10,986,-71,2485,-4427,-857,idle-X
3931192253,10,986,-71,2450,-4445,-892,idle-X
3931199601,10,986,-72,2450,-4445,-892,idle-X
3931211527,10,986,-72,2450,-4462,-875,idle-X
3931216738,9,986,-71,2450,-4462,-875,idle-X
3931230499,9,986,-71,2485,-4462,-875,idle-X
3931233878,10,986,-71,2485,-4462,-875,idle-X
3931249776,10,986,-71,2467,-4462,-875,idle-X
3931251322,10,986,-71,2467,-4462,-875,idle-X
3931268440,10,986,-71,2467,-4462,-875,idle-X
3931269070,10,986,-71,2485,-4445,-910,idle-X
3931285579,10,986,-71,2485,-4445,-910,idle-X
3931288042,10,986,-71,2485,-4497,-910,idle-X
3931302718,10,986,-71,2485,-4497,-910,idle-X
3931307319,10,986,-71,2467,-4480,-875,idle-X
3931320162,10,986,-70,2467,-4480,-875,idle-X
3931326593,10,986,-70,2467,-4480,-892,idle-X
3931337299,10,986,-71,2467,-4480,-892,idle-X
3931345562,10,986,-71,2485,-4462,-875,idle-X
3931354438,9,986,-71,2485,-4462,-875,idle-X
3931364839,9,986,-71,2485,-4480,-875,idle-X
3931371577,9,986,-71,2485,-4480,-875,idle-X
3931384115,9,986,-71,2467,-4480,-857,idle-X
3931389019,9,986,-70,2467,-4480,-857,idle-X
3931403084,9,986,-70,2467,-4462,-857,idle-X
3931406157,10,986,-71,2467,-4462,-857,idle-X
3931422358,10,986,-71,2467,-4480,-892,idle-X
3931423294,9,986,-71,2467,-4480,-892,idle-X
3931440718,10,986,-71,2467,-4480,-892,idle-X
3931441654,10,986,-71,2502,-4462,-910,idle-X
3931457856,10,986,-71,2502,-4462,-910,idle-X
3931460624,10,986,-71,2485,-4462,-892,idle-X
3931474994,10,986,-70,2485,-4462,-892,idle-X
3931479900,10,986,-70,2485,-4480,-875,idle-X
3931492134,10,986,-71,2485,-4480,-875,idle-X
3931499177,10,986,-71,2467,-4462,-875,idle-X
3931509578,10,986,-71,2467,-4462,-875,idle-X
3931518147,10,986,-71,2485,-4462,-875,idle-X
3931526716,9,986,-71,2485,-4462,-875,idle-X
3931537422,9,986,-71,2467,-4462,-892,idle-X
3931543854,9,986,-70,2467,-4462,-892,idle-X
3931556698,9,986,-70,2432,-4462,-892,idle-X
3931561299,10,986,-71,2432,-4462,-892,idle-X
3931575973,10,986,-71,2467,-4480,-875,idle-X
3931578435,10,986,-71,2467,-4480,-875,idle-X
3931594943,10,986,-71,2432,-4445,-857,idle-X
3931595574,10,986,-71,2432,-4445,-857,idle-X
3931612692,10,986,-71,2432,-4445,-857,idle-X
3931614240,10,986,-71,2450,-4445,-875,idle-X
3931630137,10,986,-71,2450,-4445,-875,idle-X
3931633516,10,986,-71,2450,-4445,-857,idle-X
3931647275,9,986,-71,2450,-4445,-857,idle-X
3931652486,9,986,-71,2450,-4480,-857,idle-X
3931664413,10,986,-71,2450,-4480,-857,idle-X
3931671760,10,986,-71,2450,-4480,-892,idle-X
3931681551,10,986,-71,2450,-4480,-892,idle-X
3931690731,10,986,-71,2467,-4480,-875,idle-X
3931698995,10,986,-71,2467,-4480,-875,idle-X
3931710006,10,986,-71,2450,-4462,-892,idle-X
3931716133,10,986,-71,2450,-4462,-892,idle-X
3931729281,10,986,-71,2450,-4497,-892,idle-X
3931733270,10,986,-71,2450,-4497,-892,idle-X
3931748557,10,986,-71,2450,-4462,-875,idle-X
3931750409,10,986,-71,2450,-4462,-875,idle-X
3931767527,10,986,-71,2450,-4480,-875,idle-X
3931768157,10,986,-71,2450,-4480,-875,idle-X
3931784968,10,986,-71,2450,-4480,-875,idle-X
3931786821,10,986,-71,2450,-4480,-857,idle-X
3931802107,9,986,-71,2450,-4480,-857,idle-X
3931806097,9,986,-71,2467,-4445,-892,idle-X
3931819551,10,986,-71,2467,-4445,-892,idle-X
3931825068,10,986,-71,2467,-4462,-892,idle-X
3931836691,10,986,-71,2467,-4462,-892,idle-X
3931844343,10,986,-71,2450,-4480,-892,idle-X
3931853829,10,986,-71,2450,-4480,-892,idle-X
3931863618,10,986,-71,2450,-4462,-892,idle-X
3931870965,9,985,-71,2450,-4462,-892,idle-X
3931882588,9,985,-71,2450,-4462,-875,idle-X
3931888409,10,986,-71,2450,-4462,-875,idle-X
3931901862,10,986,-71,2485,-4462,-910,idle-X
3931905547,9,986,-71,2485,-4462,-910,idle-X
3931921138,9,986,-71,2467,-4462,-910,idle-X
3931922685,10,986,-71,2467,-4462,-910,idle-X
3931940108,10,986,-71,2450,-4462,-857,idle-X
3931957240,10,986,-71,2450,-4462,-857,idle-X
3931959397,10,986,-71,2467,-4462,-892,idle-X
3931974378,10,986,-70,2467,-4462,-892,idle-X
3931978672,10,986,-70,2450,-4480,-875,idle-X
3931991516,10,985,-71,2450,-4480,-875,idle-X
3931997642,10,985,-71,2485,-4497,-875,idle-X
3932008960,10,986,-71,2485,-4497,-875,idle-X
3932016918,10,986,-71,2467,-4427,-875,idle-X
3932026098,9,986,-71,2467,-4427,-875,idle-X
3932036194,9,986,-71,2467,-4445,-892,idle-X
3932043236,10,986,-71,2467,-4445,-892,idle-X
3932055164,10,986,-71,2485,-4462,-857,idle-X
3932060680,10,986,-71,2485,-4462,-857,idle-X
3932074441,10,986,-71,2467,-4445,-892,idle-X
3932077821,10,986,-70,2467,-4445,-892,idle-X
3932093718,10,986,-70,2432,-4445,-875,idle-X
3932094960,10,986,-70,2432,-4445,-875,idle-X
3932112383,10,986,-71,2432,-4445,-875,idle-X
3932113013,10,986,-71,2467,-4462,-892,idle-X
3932129520,9,986,-71,2467,-4462,-892,idle-X
3932131984,9,986,-71,2415,-4462,-892,idle-X
3932146660,10,986,-71,2415,-4462,-892,idle-X
3932151261,10,986,-71,2467,-4462,-875,idle-X
3932163798,9,986,-70,2467,-4462,-875,idle-X
3932170535,9,986,-70,2467,-4480,-875,idle-X
3932181241,10,986,-70,2467,-4480,-875,idle-X
3932189505,10,986,-70,2467,-4480,-857,idle-X
3932198379,10,986,-71,2467,-4480,-857,idle-X
3932208782,10,986,-71,2485,-4462,-892,idle-X
3932215520,9,986,-71,2485,-4462,-892,idle-X
3932228058,9,986,-71,2502,-4445,-875,idle-X
3932232658,10,986,-71,2502,-4445,-875,idle-X
3932247027,10,986,-71,2485,-4445,-892,idle-X
3932250102,9,986,-71,2485,-4445,-892,idle-X
3932266303,9,986,-71,2450,-4462,-892,idle-X
3932267240,10,986,-71,2450,-4462,-892,idle-X
3932284358,10,986,-71,2450,-4462,-892,idle-X
3932285599,10,986,-71,2432,-4445,-875,idle-X
3932301800,10,986,-71,2432,-4445,-875,idle-X
3932304568,10,986,-71,2467,-4445,-875,idle-X
3932318939,10,986,-71,2467,-4445,-875,idle-X
3932323844,10,986,-71,2467,-4462,-857,idle-X
3932336077,10,986,-71,2467,-4462,-857,idle-X
3932343119,10,986,-71,2485,-4445,-875,idle-X
3932353520,9,986,-71,2485,-4445,-875,idle-X
3932362395,9,986,-71,2450,-4445,-875,idle-X
3932370659,10,986,-71,2450,-4445,-875,idle-X
3932381365,10,986,-71,2450,-4462,-875,idle-X
3932387796,10,985,-71,2450,-4462,-875,idle-X
3932400640,10,985,-71,2467,-4462,-875,idle-X
3932404934,10,986,-70,2467,-4462,-875,idle-X
3932419915,10,986,-70,2485,-4462,-857,idle-X
3932422377,9,986,-71,2485,-4462,-857,idle-X
3932438884,9,986,-71,2467,-4445,-857,idle-X
3932439514,10,986,-71,2467,-4445,-857,idle-X
3932456632,10,986,-71,2467,-4445,-857,idle-X
3932458179,10,986,-71,2485,-4462,-892,idle-X
3932474077,10,986,-71,2485,-4462,-892,idle-X
3932477456,10,986,-71,2485,-4445,-857,idle-X
3932491215,10,986,-71,2485,-4445,-857,idle-X
3932496426,10,986,-71,2502,-4462,-875,idle-X
3932508354,10,986,-71,2502,-4462,-875,idle-X
3932515702,10,986,-71,2485,-4462,-875,idle-X
3932525492,10,986,-71,2485,-4462,-875,idle-X
3932534977,10,986,-71,2450,-4480,-875,idle-X
3932542936,10,986,-71,2450,-4480,-875,idle-X
3932553946,10,986,-71,2450,-4445,-875,idle-X
3932560074,10,986,-71,2450,-4445,-875,idle-X
3932573222,10,986,-71,2467,-4462,-892,idle-X
3932577212,10,986,-71,2467,-4462,-892,idle-X
3932592498,10,986,-71,2467,-4462,-875,idle-X
3932594350,9,986,-71,2467,-4462,-875,idle-X
3932611470,9,986,-71,2450,-4480,-857,idle-X
3932612100,10,986,-71,2450,-4480,-857,idle-X
3932628913,10,986,-70,2450,-4480,-857,idle-X
3932630765,10,986,-70,2485,-4462,-875,idle-X
3932646051,9,986,-70,2485,-4462,-875,idle-X
3932650041,9,986,-70,2432,-4462,-875,idle-X
3932663190,9,986,-71,2432,-4462,-875,idle-X
3932669011,9,986,-71,2450,-4462,-892,idle-X
3932680633,9,986,-71,2450,-4462,-892,idle-X
3932688287,9,986,-71,2485,-4480,-875,idle-X
3932697772,9,986,-71,2485,-4480,-875,idle-X
3932707257,9,986,-71,2485,-4462,-875,idle-X
3932714911,9,986,-71,2485,-4462,-875,idle-X
3932726533,9,986,-71,2485,-4445,-857,idle-X
3932732049,10,986,-71,2485,-4445,-857,idle-X
3932745808,10,986,-71,2485,-4462,-857,idle-X
3932749492,10,986,-71,2485,-4462,-857,idle-X
3932764777,10,986,-71,2485,-4480,-875,idle-X
3932766629,10,986,-71,2485,-4480,-875,idle-X
3932783747,9,987,-71,2485,-4480,-892,idle-X
3932801184,9,986,-70,2485,-4480,-892,idle-X
3932803342,9,986,-70,2467,-4480,-857,idle-X
3932818323,10,986,-71,2467,-4480,-857,idle-X
3932822312,10,986,-71,2450,-4480,-875,idle-X
3932835461,9,986,-72,2450,-4480,-875,idle-X
3932841587,9,986,-72,2450,-4480,-910,idle-X
3932852598,10,986,-71,2450,-4480,-910,idle-X
3932860862,10,986,-71,2485,-4462,-892,idle-X
3932870043,10,986,-71,2485,-4462,-892,idle-X
3932880138,10,986,-71,2467,-4445,-857,idle-X
3932887181,9,986,-71,2467,-4445,-857,idle-X
3932899108,9,986,-71,2450,-4462,-875,idle-X
3932904319,9,986,-70,2450,-4462,-875,idle-X
3932918384,9,986,-70,2485,-4462,-875,idle-X
3932921458,9,986,-71,2485,-4462,-875,idle-X
3932937660,9,986,-71,2450,-4462,-857,idle-X
3932938901,9,986,-71,2450,-4462,-857,idle-X
3932956019,10,986,-71,2450,-4462,-857,idle-X
3932956649,10,986,-71,2450,-4462,-840,idle-X
3932973157,10,986,-70,2450,-4462,-840,idle-X
3932975925,10,986,-70,2432,-4462,-892,idle-X
3932990602,9,986,-71,2432,-4462,-892,idle-X
3932995202,9,986,-71,2467,-4445,-857,idle-X
3933007741,10,986,-71,2467,-4445,-857,idle-X
3933014173,10,986,-71,2467,-4462,-875,idle-X
3933024879,10,986,-70,2467,-4462,-875,idle-X
3933033447,10,986,-70,2467,-4480,-892,idle-X
3933042015,10,986,-71,2467,-4480,-892,idle-X
3933052722,10,986,-71,2467,-4462,-875,idle-X
3933059460,10,986,-71,2467,-4462,-875,idle-X
3933071694,10,986,-71,2450,-4462,-875,idle-X
3933076600,10,986,-71,2450,-4462,-875,idle-X
3933090970,10,986,-71,2467,-4480,-857,idle-X
3933093737,10,986,-71,2467,-4480,-857,idle-X
3933110246,10,986,-71,2450,-4445,-857,idle-X
3933110876,10,986,-70,2450,-4445,-857,idle-X
3933128301,9,986,-70,2450,-4445,-857,idle-X
3933129237,9,986,-70,2432,-4462,-857,idle-X
3933145440,9,986,-71,2432,-4462,-857,idle-X
3933148514,9,986,-71,2432,-4445,-892,idle-X
3933162579,9,986,-70,2432,-4445,-892,idle-X
3933167789,9,986,-70,2432,-4462,-910,idle-X
3933180022,10,986,-71,2432,-4462,-910,idle-X
3933186760,10,986,-71,2450,-4445,-857,idle-X
3933197161,10,986,-71,2450,-4445,-857,idle-X
3933206035,10,986,-71,2450,-4427,-875,idle-X
3933214299,10,986,-71,2450,-4427,-875,idle-X
3933225310,10,986,-71,2467,-4480,-857,idle-X
3933231436,9,986,-71,2467,-4480,-857,idle-X
3933244280,9,986,-71,2467,-4480,-857,idle-X
3933248879,10,986,-71,2467,-4480,-857,idle-X
3933263555,10,986,-71,2467,-4462,-857,idle-X
3933266018,10,986,-71,2467,-4462,-857,idle-X
3933282831,10,986,-71,2450,-4462,-875,idle-X
3933283461,10,986,-71,2450,-4462,-875,idle-X
3933300580,10,986,-70,2450,-4462,-875,idle-X
3933301821,10,986,-70,2450,-4462,-875,idle-X
3933317718,10,986,-70,2450,-4462,-875,idle-X
3933321097,10,986,-70,2467,-4462,-857,idle-X
3933334857,9,986,-71,2467,-4462,-857,idle-X
3933340373,9,986,-71,2467,-4480,-840,idle-X
3933351996,10,986,-70,2467,-4480,-840,idle-X
3933359343,10,986,-70,2450,-4462,-840,idle-X
3933369439,10,986,-71,2450,-4462,-840,idle-X
3933378619,10,986,-71,2485,-4497,-875,idle-X
3933386578,10,986,-71,2485,-4497,-875,idle-X
3933397896,10,986,-71,2485,-4462,-857,idle-X
3933403718,9,986,-70,2485,-4462,-857,idle-X
3933417171,9,986,-70,2450,-4462,-840,idle-X
3933420855,10,986,-71,2450,-4462,-840,idle-X
3933436142,10,986,-71,2450,-4445,-857,idle-X
3933438299,10,986,-71,2450,-4445,-857,idle-X
3933455417,10,986,-70,2450,-4462,-875,idle-X
3933472548,9,986,-70,2450,-4462,-875,idle-X
3933474706,9,986,-70,2467,-4462,-875,idle-X
3933489992,9,986,-71,2467,-4462,-875,idle-X
3933493677,9,986,-71,2450,-4445,-857,idle-X
3933507131,10,986,-71,2450,-4445,-857,idle-X
3933512952,10,986,-71,2450,-4445,-875,idle-X
3933524270,9,986,-70,2450,-4445,-875,idle-X
3933532228,9,986,-70,2450,-4462,-840,idle-X
3933541713,10,986,-71,2450,-4462,-840,idle-X
3933551198,10,986,-71,2467,-4480,-892,idle-X
3933558850,9,986,-71,2467,-4480,-892,idle-X
3933570472,9,986,-71,2450,-4462,-892,idle-X
3933575987,9,985,-71,2450,-4462,-892,idle-X
3933589747,9,985,-71,2485,-4480,-892,idle-X
3933593126,10,986,-71,2485,-4480,-892,idle-X
3933609023,10,986,-71,2467,-4480,-875,idle-X
3933610570,10,986,-71,2467,-4480,-875,idle-X
3933627689,9,986,-71,2450,-4462,-857,idle-X
3933644820,9,986,-70,2450,-4462,-857,idle-X
3933647283,9,986,-70,2485,-4445,-875,idle-X
3933662264,9,986,-70,2485,-4445,-875,idle-X
3933666558,9,986,-70,2485,-4462,-892,idle-X
3933679401,9,986,-70,2485,-4462,-892,idle-X
3933685528,9,986,-70,2467,-4462,-892,idle-X
3933696540,10,986,-71,2467,-4462,-892,idle-X
3933704804,10,986,-71,2485,-4480,-875,idle-X
3933713679,10,986,-71,2485,-4480,-875,idle-X
3933724081,10,986,-71,2502,-4462,-875,idle-X
3933731123,10,986,-71,2502,-4462,-875,idle-X
3933743051,10,986,-71,2467,-4480,-892,idle-X
3933748261,10,986,-71,2467,-4480,-892,idle-X
3933762326,10,986,-71,2467,-4462,-892,idle-X
3933765400,10,985,-71,2467,-4462,-892,idle-X
3933781603,10,985,-71,2467,-4462,-892,idle-X
3933782845,9,986,-71,2467,-4462,-892,idle-X
3933799964,9,986,-70,2467,-4462,-892,idle-X
3933800594,9,986,-70,2467,-4445,-892,idle-X
3933817102,10,986,-71,2467,-4445,-892,idle-X
3933819870,10,986,-71,2450,-4462,-892,idle-X
3933834545,10,986,-71,2450,-4462,-892,idle-X
3933839145,10,986,-71,2467,-4462,-875,idle-X
3933851683,10,986,-71,2467,-4462,-875,idle-X
3933858115,10,986,-71,2485,-4462,-857,idle-X
3933868821,9,986,-71,2485,-4462,-857,idle-X
3933877389,9,986,-71,2432,-4480,-875,idle-X
3933885958,9,986,-71,2432,-4480,-875,idle-X
3933896664,9,986,-71,2432,-4480,-892,idle-X
3933903400,10,986,-70,2432,-4480,-892,idle-X
3933915634,10,986,-70,2485,-4480,-892,idle-X
3933920540,10,986,-71,2485,-4480,-892,idle-X
3933934910,10,986,-71,2450,-4480,-875,idle-X
3933937677,10,986,-71,2450,-4480,-875,idle-X
3933954185,10,986,-71,2467,-4462,-875,idle-X
3933954815,10,986,-70,2467,-4462,-875,idle-X
3933972239,10,986,-71,2467,-4462,-875,idle-X
3933973480,10,986,-71,2450,-4445,-875,idle-X
3933989377,9,986,-71,2450,-4445,-875,idle-X
3933992451,9,986,-71,2467,-4480,-857,idle-X
3934006515,9,986,-70,2467,-4480,-857,idle-X
3934011725,9,986,-70,2450,-4462,-840,idle-X
3934023958,9,986,-71,2450,-4462,-840,idle-X
3934031000,9,986,-71,2450,-4445,-875,idle-X
3934041096,10,986,-71,2450,-4445,-875,idle-X
3934049971,10,986,-71,2467,-4427,-875,idle-X
3934058234,9,986,-71,2467,-4427,-875,idle-X
3934069246,9,986,-71,2502,-4427,-910,idle-X
3934075372,10,986,-71,2502,-4427,-910,idle-X
3934088521,10,986,-71,2450,-4462,-892,idle-X
3934092816,10,986,-71,2450,-4462,-892,idle-X
3934107491,10,986,-71,2485,-4462,-892,idle-X
3934109954,10,985,-71,2485,-4462,-892,idle-X
3934126766,10,985,-71,2467,-4462,-875,idle-X
3934127396,10,986,-71,2467,-4462,-875,idle-X
3934144514,10,986,-71,2467,-4462,-875,idle-X
3934146062,10,986,-71,2450,-4462,-892,idle-X
3934161653,9,986,-70,2450,-4462,-892,idle-X
3934165032,9,986,-70,2467,-4462,-875,idle-X
3934178792,9,986,-71,2467,-4462,-875,idle-X
3934184308,9,986,-71,2467,-4480,-892,idle-X
3934196235,10,986,-71,2467,-4480,-892,idle-X
3934203582,10,986,-71,2485,-4462,-892,idle-X
3934213372,9,986,-71,2485,-4462,-892,idle-X
3934222857,9,986,-71,2467,-4445,-892,idle-X
3934230510,10,986,-71,2467,-4445,-892,idle-X
3934241829,10,986,-71,2467,-4462,-892,idle-X
3934247649,10,985,-71,2467,-4462,-892,idle-X
3934261104,10,985,-71,2467,-4480,-892,idle-X
3934265093,10,986,-71,2467,-4480,-892,idle-X
3934280378,10,986,-71,2485,-4445,-910,idle-X
3934282230,10,986,-71,2485,-4445,-910,idle-X
3934299347,10,986,-71,2450,-4480,-857,idle-X
3934316784,10,986,-70,2450,-4480,-857,idle-X
3934318636,10,986,-70,2467,-4480,-857,idle-X
3934333921,10,986,-71,2467,-4480,-857,idle-X
3934337910,10,986,-71,2467,-4480,-892,idle-X
3934351058,10,986,-71,2467,-4480,-892,idle-X
3934356880,10,986,-71,2485,-4480,-875,idle-X
3934368502,10,986,-71,2485,-4480,-875,idle-X
3934376156,10,986,-71,2485,-4462,-892,idle-X
3934385640,9,986,-71,2485,-4462,-892,idle-X
3934395430,9,986,-71,2450,-4427,-875,idle-X
3934402778,10,986,-71,2450,-4427,-875,idle-X
3934414704,10,986,-71,2467,-4462,-892,idle-X
3934419915,10,986,-70,2467,-4462,-892,idle-X
3934433675,10,986,-70,2467,-4480,-875,idle-X
3934437359,9,986,-71,2467,-4480,-875,idle-X
3934452950,9,986,-71,2467,-4462,-875,idle-X
3934454498,10,986,-71,2467,-4462,-875,idle-X
3934471614,9,986,-70,2467,-4462,-875,idle-X
3934472245,9,986,-70,2485,-4462,-892,idle-X
3934489058,10,986,-71,2485,-4462,-892,idle-X
3934491215,10,986,-71,2450,-4445,-892,idle-X
3934506197,10,986,-70,2450,-4445,-892,idle-X
3934510491,10,986,-70,2485,-4462,-910,idle-X
3934523335,9,986,-70,2485,-4462,-910,idle-X
3934529766,9,986,-70,2467,-4462,-892,idle-X
3934540472,9,986,-71,2467,-4462,-892,idle-X
3934548735,9,986,-71,2432,-4462,-875,idle-X
3934557915,10,986,-71,2432,-4462,-875,idle-X
3934568011,10,986,-71,2450,-4462,-875,idle-X
3934575054,10,986,-71,2450,-4462,-875,idle-X
3934587286,10,986,-71,2467,-4462,-892,idle-X
3934592191,10,986,-71,2467,-4462,-892,idle-X
3934606255,10,986,-71,2485,-4480,-857,idle-X
3934609635,10,986,-71,2485,-4480,-857,idle-X
3934625531,10,986,-71,2467,-4462,-857,idle-X
3934626772,10,986,-70,2467,-4462,-857,idle-X
3934643890,9,986,-71,2467,-4462,-857,idle-X
3934644826,9,986,-71,2467,-4462,-875,idle-X
3934661027,10,986,-71,2467,-4462,-875,idle-X
3934664102,10,986,-71,2467,-4462,-875,idle-X
3934678472,10,986,-71,2467,-4462,-875,idle-X
3934683072,10,986,-71,2467,-4462,-892,idle-X
3934695610,10,986,-70,2467,-4462,-892,idle-X
3934702348,10,986,-70,2485,-4462,-892,idle-X
3934712749,10,986,-71,2485,-4462,-892,idle-X
3934721624,10,986,-71,2502,-4462,-875,idle-X
3934730192,10,986,-71,2502,-4462,-875,idle-X
3934740593,10,986,-71,2485,-4462,-892,idle-X
3934747330,10,986,-70,2485,-4462,-892,idle-X
3934759868,10,986,-70,2432,-4462,-875,idle-X
3934764469,9,986,-71,2432,-4462,-875,idle-X
3934779144,9,986,-71,2450,-4462,-875,idle-X
3934781607,10,986,-71,2450,-4462,-875,idle-X
3934798115,10,986,-71,2467,-4480,-857,idle-X
3934799050,10,986,-71,2467,-4480,-857,idle-X
3934816168,10,986,-71,2467,-4480,-857,idle-X
3934817409,10,986,-71,2450,-4462,-875,idle-X
3934833307,9,986,-70,2450,-4462,-875,idle-X
3934836686,9,986,-70,2450,-4480,-875,idle-X
3934850751,10,986,-71,2450,-4480,-875,idle-X
3934855656,10,986,-71,2450,-4462,-857,idle-X
3934867888,10,986,-71,2450,-4462,-857,idle-X
3934874931,10,986,-71,2467,-4480,-857,idle-X
3934885027,10,986,-71,2467,-4480,-857,idle-X
3934894206,10,986,-71,2467,-4462,-875,idle-X
3934902165,10,986,-71,2467,-4462,-875,idle-X
3934913481,10,986,-71,2467,-4480,-892,idle-X
3934919608,10,986,-71,2467,-4480,-892,idle-X
3934932450,10,986,-71,2467,-4480,-892,idle-X
3934936745,10,986,-71,2467,-4480,-892,idle-X
3934951726,10,986,-71,2450,-4462,-892,idle-X
3934953883,10,986,-71,2450,-4462,-892,idle-X
3934971002,10,986,-71,2485,-4445,-875,idle-X
3934971632,10,986,-71,2485,-4445,-875,idle-X
3934988445,9,986,-71,2485,-4445,-875,idle-X
3934989992,9,986,-71,2485,-4462,-892,idle-X
3935005583,10,986,-71,2485,-4462,-892,idle-X
3935009266,10,986,-71,2502,-4480,-875,idle-X
3935023026,10,986,-71,2502,-4480,-875,idle-X
3935028543,10,986,-71,2467,-4497,-875,idle-X
3935040165,10,986,-71,2467,-4497,-875,idle-X
3935047512,10,986,-71,2485,-4480,-875,idle-X
3935057303,10,986,-71,2485,-4480,-875,idle-X
3935066788,10,986,-71,2467,-4462,-892,idle-X
3935074441,9,986,-71,2467,-4462,-892,idle-X
3935086064,9,986,-71,2467,-4462,-875,idle-X
3935091885,10,985,-71,2467,-4462,-875,idle-X
3935105339,10,985,-71,2485,-4462,-875,idle-X
3935109024,10,986,-71,2485,-4462,-875,idle-X
3935124310,10,986,-71,2467,-4497,-875,idle-X
3935126163,10,986,-71,2467,-4497,-875,idle-X
3935143586,9,986,-71,2467,-4480,-875,idle-X
3935160717,9,986,-71,2467,-4480,-875,idle-X
3935162875,9,986,-71,2485,-4462,-875,idle-X
3935177856,9,986,-71,2485,-4462,-875,idle-X
3935181845,9,986,-71,2467,-4462,-875,idle-X
3935195299,9,986,-71,2467,-4462,-875,idle-X
3935201120,9,986,-71,2450,-4480,-892,idle-X
3935212437,10,986,-70,2450,-4480,-892,idle-X
3935220397,10,986,-70,2467,-4462,-875,idle-X
3935229577,10,986,-71,2467,-4462,-875,idle-X
3935239367,10,986,-71,2467,-4445,-857,idle-X
3935246715,10,986,-71,2467,-4445,-857,idle-X
3935258642,10,986,-71,2467,-4462,-875,idle-X
3935264158,10,986,-71,2467,-4462,-875,idle-X
3935277918,10,986,-71,2485,-4462,-875,idle-X
3935281297,9,986,-70,2485,-4462,-875,idle-X
3935296888,9,986,-70,2485,-4462,-875,idle-X
3935298436,10,986,-71,2485,-4462,-875,idle-X
3935315554,10,986,-71,2485,-4462,-875,idle-X
3935316185,10,986,-71,2467,-4462,-875,idle-X
3935332998,10,986,-71,2467,-4462,-875,idle-X
3935335461,10,986,-71,2450,-4462,-892,idle-X
3935350137,10,986,-71,2450,-4462,-892,idle-X
3935354432,10,986,-71,2450,-4462,-875,idle-X
3935367276,10,986,-71,2450,-4462,-875,idle-X
3935373708,10,986,-71,2450,-4480,-892,idle-X
3935384720,10,986,-71,2450,-4480,-892,idle-X
3935392983,10,986,-71,2467,-4480,-875,idle-X
3935401858,9,986,-71,2467,-4480,-875,idle-X
3935411953,9,986,-71,2467,-4462,-875,idle-X
3935418997,9,986,-71,2467,-4462,-875,idle-X
3935431230,9,986,-71,2467,-4462,-875,idle-X
3935436135,10,986,-71,2467,-4462,-875,idle-X
3935450504,10,986,-71,2450,-4480,-875,idle-X
3935453577,9,986,-71,2450,-4480,-875,idle-X
3935469779,9,986,-71,2450,-4462,-892,idle-X
3935470716,10,986,-71,2450,-4462,-892,idle-X
3935487835,10,986,-71,2450,-4462,-892,idle-X
3935488771,10,986,-71,2450,-4480,-910,idle-X
3935505278,10,986,-72,2450,-4480,-910,idle-X
3935508045,10,986,-72,2450,-4462,-892,idle-X
3935522415,10,986,-70,2450,-4462,-892,idle-X
3935527320,10,986,-70,2485,-4462,-875,idle-X
3935539553,9,986,-70,2485,-4462,-875,idle-X
3935546290,9,986,-70,2502,-4462,-875,idle-X
3935556997,9,986,-71,2502,-4462,-875,idle-X
3935565566,9,986,-71,2485,-4480,-875,idle-X
3935574136,10,986,-71,2485,-4480,-875,idle-X
3935584842,10,986,-71,2467,-4480,-875,idle-X
3935591274,9,986,-71,2467,-4480,-875,idle-X
3935603812,9,986,-71,2450,-4480,-892,idle-X
3935608413,9,986,-71,2450,-4480,-892,idle-X
3935623089,9,986,-71,2467,-4480,-892,idle-X
3935625858,9,986,-70,2467,-4480,-892,idle-X
3935642365,9,986,-70,2450,-4462,-875,idle-X
3935642995,10,986,-71,2450,-4462,-875,idle-X
3935660113,10,986,-71,2450,-4462,-875,idle-X
3935661354,10,986,-71,2502,-4462,-892,idle-X
3935677251,10,986,-70,2502,-4462,-892,idle-X
3935680630,10,986,-70,2485,-4445,-857,idle-X
3935694695,9,986,-71,2485,-4445,-857,idle-X
3935699906,9,986,-71,2450,-4445,-857,idle-X
3935711834,9,986,-71,2450,-4445,-857,idle-X
3935718876,9,986,-71,2432,-4462,-875,idle-X
3935728972,9,986,-71,2432,-4462,-875,idle-X
3935738151,9,986,-71,2467,-4480,-892,idle-X
3935746415,9,986,-71,2467,-4480,-892,idle-X
3935757427,9,986,-71,2485,-4480,-857,idle-X
3935763554,10,986,-71,2485,-4480,-857,idle-X
3935776703,10,986,-71,2467,-4462,-857,idle-X
3935780693,9,986,-71,2467,-4462,-857,idle-X
3935795674,9,986,-71,2467,-4427,-892,idle-X
3935797832,9,986,-71,2467,-4427,-892,idle-X
3935814951,9,986,-71,2467,-4427,-857,idle-X
3935815581,9,986,-71,2467,-4427,-857,idle-X
3935832393,10,986,-71,2467,-4427,-857,idle-X
3935834245,10,986,-71,2450,-4445,-840,idle-X
3935849531,10,986,-71,2450,-4445,-840,idle-X
3935853216,10,986,-71,2450,-4480,-875,idle-X
3935866975,10,986,-71,2450,-4480,-875,idle-X
3935872491,10,986,-71,2467,-4497,-857,idle-X
3935884114,10,986,-71,2467,-4497,-857,idle-X
3935891767,10,986,-71,2467,-4497,-875,idle-X
3935901252,10,986,-71,2467,-4497,-875,idle-X
3935910738,10,986,-71,2467,-4480,-875,idle-X
3935918696,10,986,-71,2467,-4480,-875,idle-X
3935930014,10,986,-71,2467,-4462,-875,idle-X
3935935835,10,986,-71,2467,-4462,-875,idle-X
3935949290,10,986,-71,2467,-4462,-875,idle-X
3935952974,10,986,-71,2467,-4462,-875,idle-X
3935968564,10,986,-71,2485,-4462,-892,idle-X
3935970111,9,986,-70,2485,-4462,-892,idle-X
3935987534,10,986,-71,2485,-4480,-875,idle-X
3936004664,10,986,-71,2485,-4480,-875,idle-X
3936006822,10,986,-71,2502,-4515,-875,idle-X
3936021804,10,985,-71,2502,-4515,-875,idle-X
3936026099,10,985,-71,2502,-4497,-875,idle-X
3936039248,10,986,-71,2502,-4497,-875,idle-X
3936045069,10,986,-71,2502,-4462,-840,idle-X
3936056386,9,986,-71,2502,-4462,-840,idle-X
3936064344,9,986,-71,2450,-4462,-857,idle-X
3936073525,9,986,-70,2450,-4462,-857,idle-X
3936083622,9,986,-70,2467,-4462,-875,idle-X
3936090664,9,986,-71,2467,-4462,-875,idle-X
3936102591,9,986,-71,2467,-4462,-875,idle-X
3936108107,9,986,-71,2467,-4462,-875,idle-X
3936121866,9,986,-71,2467,-4427,-875,idle-X
3936125245,9,986,-71,2467,-4427,-875,idle-X
3936141143,9,986,-71,2467,-4445,-857,idle-X
3936142384,10,986,-71,2467,-4445,-857,idle-X
3936159807,10,986,-71,2450,-4462,-892,idle-X
3936176938,10,986,-71,2450,-4462,-892,idle-X
3936179400,10,986,-71,2467,-4445,-875,idle-X
3936194076,10,986,-71,2467,-4445,-875,idle-X
3936198677,10,986,-71,2467,-4462,-857,idle-X
3936211521,9,986,-71,2467,-4462,-857,idle-X
3936217648,9,986,-71,2450,-4445,-875,idle-X
3936228660,9,986,-71,2450,-4445,-875,idle-X
3936236923,9,986,-71,2485,-4462,-875,idle-X
3936245798,10,986,-71,2485,-4462,-875,idle-X
3936256198,10,986,-71,2467,-4462,-892,idle-X
3936262934,10,986,-70,2467,-4462,-892,idle-X
3936275473,10,986,-70,2502,-4462,-875,idle-X
3936280378,10,986,-70,2502,-4462,-875,idle-X
3936294442,10,986,-70,2450,-4480,-875,idle-X
3936297516,10,986,-71,2450,-4480,-875,idle-X
3936313718,10,986,-71,2450,-4462,-892,idle-X
3936314655,10,986,-71,2450,-4462,-892,idle-X
3936332078,10,986,-71,2450,-4462,-892,idle-X
3936333015,10,986,-71,2450,-4462,-875,idle-X
3936349218,10,986,-71,2450,-4462,-875,idle-X
3936351986,10,986,-71,2485,-4497,-892,idle-X
3936366355,10,986,-71,2485,-4497,-892,idle-X
3936371261,10,986,-71,2485,-4462,-875,idle-X
3936383494,9,986,-71,2485,-4462,-875,idle-X
3936390537,9,986,-71,2450,-4480,-857,idle-X
3936400938,9,985,-71,2450,-4480,-857,idle-X
3936409508,9,985,-71,2450,-4445,-875,idle-X
3936418077,9,986,-71,2450,-4445,-875,idle-X
3936428783,9,986,-71,2467,-4480,-875,idle-X
3936435214,9,986,-71,2467,-4480,-875,idle-X
3936448057,9,986,-71,2502,-4445,-875,idle-X
3936452656,10,986,-71,2502,-4445,-875,idle-X
3936467026,10,986,-71,2467,-4462,-892,idle-X
3936469794,10,986,-71,2467,-4462,-892,idle-X
3936486302,10,986,-71,2450,-4445,-857,idle-X
3936486932,9,986,-71,2450,-4445,-857,idle-X
3936504050,9,986,-71,2450,-4445,-857,idle-X
3936505597,9,986,-71,2450,-4462,-892,idle-X
3936521494,9,986,-71,2450,-4462,-892,idle-X
3936524873,9,986,-71,2467,-4462,-875,idle-X
3936538634,10,986,-71,2467,-4462,-875,idle-X
3936543844,10,986,-71,2485,-4445,-892,idle-X
3936555772,10,986,-71,2485,-4445,-892,idle-X
3936563120,10,986,-71,2485,-4427,-892,idle-X
3936573216,9,986,-71,2485,-4427,-892,idle-X
3936582395,9,986,-71,2450,-4445,-892,idle-X
3936590354,9,986,-71,2450,-4445,-892,idle-X
3936601366,9,986,-71,2432,-4445,-875,idle-X
3936607492,9,986,-71,2432,-4445,-875,idle-X
3936620641,9,986,-71,2432,-4445,-857,idle-X
3936624630,9,986,-71,2432,-4445,-857,idle-X
3936639917,9,986,-71,2450,-4462,-875,idle-X
3936642074,10,986,-71,2450,-4462,-875,idle-X
3936658887,10,986,-71,2467,-4445,-857,idle-X
3936659517,10,986,-71,2467,-4445,-857,idle-X
3936676331,10,986,-71,2467,-4445,-857,idle-X
3936678184,10,986,-71,2502,-4445,-892,idle-X
3936693470,10,986,-71,2502,-4445,-892,idle-X
3936697460,10,986,-71,2485,-4480,-875,idle-X
3936710914,10,986,-71,2485,-4480,-875,idle-X
3936716431,10,986,-71,2450,-4480,-875,idle-X
3936728053,10,986,-71,2450,-4480,-875,idle-X
3936735707,10,986,-71,2467,-4480,-875,idle-X
3936745193,9,986,-71,2467,-4480,-875,idle-X
3936754983,9,986,-71,2467,-4462,-892,idle-X
3936762636,9,986,-71,2467,-4462,-892,idle-X
3936773952,9,986,-71,2450,-4462,-875,idle-X
3936779775,10,986,-71,2450,-4462,-875,idle-X
3936793229,10,986,-71,2467,-4462,-875,idle-X
3936796913,10,986,-71,2467,-4462,-875,idle-X
3936812505,10,986,-71,2467,-4480,-910,idle-X
3936814052,10,986,-71,2467,-4480,-910,idle-X
3936831475,10,986,-71,2485,-4427,-840,idle-X
3936848605,10,986,-71,2485,-4427,-840,idle-X
3936850763,10,986,-71,2485,-4427,-857,idle-X
3936865745,10,986,-71,2485,-4427,-857,idle-X
3936870040,10,986,-71,2450,-4480,-892,idle-X
3936883188,9,986,-71,2450,-4480,-892,idle-X
3936889010,9,986,-71,2485,-4497,-910,idle-X
3936900327,10,986,-71,2485,-4497,-910,idle-X
3936908286,10,986,-71,2485,-4480,-910,idle-X
3936917466,10,986,-71,2485,-4480,-910,idle-X
3936927563,10,986,-71,2450,-4480,-892,idle-X
3936934605,10,986,-71,2450,-4480,-892,idle-X
3936946838,10,986,-71,2467,-4445,-875,idle-X
3936952048,10,986,-71,2467,-4445,-875,idle-X
3936965807,10,986,-71,2432,-4427,-892,idle-X
3936969186,10,986,-71,2432,-4427,-892,idle-X
3936985082,10,986,-71,2450,-4445,-857,idle-X
3936986324,10,986,-71,2450,-4445,-857,idle-X
3937003747,10,986,-71,2450,-4445,-857,idle-X
3937004378,10,986,-71,2485,-4497,-892,idle-X
3937020885,10,986,-70,2485,-4497,-892,idle-X
3937023347,10,986,-70,2485,-4462,-875,idle-X
3937038022,10,986,-71,2485,-4462,-875,idle-X
3937042622,10,986,-71,2467,-4462,-875,idle-X
3937055161,10,986,-71,2467,-4462,-875,idle-X
3937061898,10,986,-71,2467,-4462,-892,idle-X
3937072604,9,986,-71,2467,-4462,-892,idle-X
3937080867,9,986,-71,2485,-4445,-875,idle-X
3937089742,10,986,-71,2485,-4445,-875,idle-X
3937100143,10,986,-71,2502,-4480,-892,idle-X
3937106880,10,986,-71,2502,-4480,-892,idle-X
3937119418,10,986,-71,2467,-4497,-875,idle-X
3937124323,10,986,-71,2467,-4497,-875,idle-X
3937138389,10,986,-71,2467,-4480,-892,idle-X
3937141462,10,986,-71,2467,-4480,-892,idle-X
3937157664,10,986,-71,2450,-4480,-892,idle-X
3937158601,10,986,-71,2450,-4480,-892,idle-X
3937176024,9,986,-71,2450,-4480,-892,idle-X
3937176961,9,986,-71,2467,-4462,-875,idle-X
3937193163,9,986,-71,2467,-4462,-875,idle-X
3937196238,9,986,-71,2502,-4480,-892,idle-X
3937210302,10,986,-71,2502,-4480,-892,idle-X
3937215208,10,986,-71,2485,-4480,-892,idle-X
3937227440,10,986,-71,2485,-4480,-892,idle-X
3937234483,10,986,-71,2467,-4445,-857,idle-X
3937244884,9,986,-71,2467,-4445,-857,idle-X
3937253759,9,986,-71,2450,-4462,-892,idle-X
3937262023,9,986,-71,2450,-4462,-892,idle-X
3937272729,9,986,-71,2467,-4480,-857,idle-X
3937279162,10,985,-70,2467,-4480,-857,idle-X
3937292004,10,985,-70,2467,-4462,-910,idle-X
3937296605,10,986,-71,2467,-4462,-910,idle-X
3937311280,10,986,-71,2450,-4462,-875,idle-X
3937313743,10,986,-71,2450,-4462,-875,idle-X
3937330557,10,986,-71,2450,-4445,-857,idle-X
3937331187,10,986,-71,2450,-4445,-857,idle-X
3937348304,10,986,-71,2450,-4445,-857,idle-X
3937349546,10,986,-71,2467,-4462,-857,idle-X
3937365443,9,986,-71,2467,-4462,-857,idle-X
3937368823,9,986,-71,2485,-4462,-857,idle-X
3937382583,9,986,-71,2485,-4462,-857,idle-X
3937388099,9,986,-71,2485,-4445,-857,idle-X
3937400026,9,986,-71,2485,-4445,-857,idle-X
3937407069,9,986,-71,2467,-4445,-857,idle-X
3937417164,10,986,-71,2467,-4445,-857,idle-X
3937426343,10,986,-71,2450,-4462,-892,idle-X
3937434302,10,986,-70,2450,-4462,-892,idle-X
3937445619,10,986,-70,2485,-4462,-875,idle-X
3937451745,9,986,-71,2485,-4462,-875,idle-X
3937464894,9,986,-71,2450,-4480,-892,idle-X
3937468884,9,986,-71,2450,-4480,-892,idle-X
3937483863,9,986,-71,2467,-4462,-875,idle-X
3937486022,10,986,-71,2467,-4462,-875,idle-X
3937503140,10,986,-71,2432,-4480,-857,idle-X
3937503770,10,986,-71,2432,-4480,-857,idle-X
3937520583,9,986,-71,2432,-4480,-857,idle-X
3937522435,9,986,-71,2467,-4480,-875,idle-X
3937537722,9,986,-71,2467,-4480,-875,idle-X
3937541711,9,986,-71,2485,-4480,-892,idle-X
3937554860,10,986,-71,2485,-4480,-892,idle-X
3937560682,10,986,-71,2485,-4515,-875,idle-X
3937572303,10,986,-71,2485,-4515,-875,idle-X
3937579956,10,986,-71,2450,-4480,-875,idle-X
3937589442,9,986,-71,2450,-4480,-875,idle-X
3937599234,9,986,-71,2485,-4462,-892,idle-X
3937606581,10,986,-71,2485,-4462,-892,idle-X
3937618203,10,986,-71,2467,-4445,-857,idle-X
3937624024,10,986,-71,2467,-4445,-857,idle-X
3937637478,10,986,-71,2467,-4462,-875,idle-X
3937641162,9,986,-71,2467,-4462,-875,idle-X
3937656754,9,986,-71,2467,-4480,-910,idle-X
3937658301,10,986,-70,2467,-4480,-910,idle-X
3937675724,9,986,-71,2467,-4480,-875,idle-X
3937692855,10,985,-71,2467,-4480,-875,idle-X
3937695012,10,985,-71,2467,-4480,-892,idle-X
3937709993,10,986,-71,2467,-4480,-892,idle-X
3937714289,10,986,-71,2467,-4480,-892,idle-X
3937727437,10,986,-71,2467,-4480,-892,idle-X
3937733565,10,986,-71,2467,-4445,-875,idle-X
3937744576,10,986,-71,2467,-4445,-875,idle-X
3937752840,10,986,-71,2450,-4480,-875,idle-X
3937761715,10,986,-70,2450,-4480,-875,idle-X
3937771811,10,986,-70,2467,-4462,-857,idle-X
3937779159,9,986,-71,2467,-4462,-857,idle-X
3937791086,9,986,-71,2450,-4462,-875,idle-X
3937796296,9,986,-70,2450,-4462,-875,idle-X
3937810360,9,986,-70,2450,-4445,-875,idle-X
3937813434,9,986,-71,2450,-4445,-875,idle-X
3937829637,9,986,-71,2467,-4462,-875,idle-X
3937830878,10,986,-71,2467,-4462,-875,idle-X
3937847997,10,986,-71,2467,-4462,-875,idle-X
3937848627,10,986,-71,2467,-4462,-875,idle-X
3937865440,10,986,-71,2467,-4462,-875,idle-X
3937867903,10,986,-71,2467,-4445,-892,idle-X
3937882578,9,986,-71,2467,-4445,-892,idle-X
3937887178,9,986,-71,2485,-4462,-892,idle-X
3937899716,10,986,-71,2485,-4462,-892,idle-X
3937906453,10,986,-71,2485,-4480,-892,idle-X
3937917160,10,986,-71,2485,-4480,-892,idle-X
3937925424,10,986,-71,2467,-4462,-857,idle-X
3937934299,9,986,-71,2467,-4462,-857,idle-X
3937944699,9,986,-71,2485,-4445,-875,idle-X
3937951436,9,986,-71,2485,-4445,-875,idle-X
3937963975,9,986,-71,2467,-4462,-892,idle-X
3937968575,9,986,-70,2467,-4462,-892,idle-X
3937983251,9,986,-70,2450,-4480,-857,idle-X
3937986020,10,986,-70,2450,-4480,-857,idle-X
3938002222,10,986,-70,2450,-4497,-875,idle-X
3938003157,10,986,-71,2450,-4497,-875,idle-X
3938020275,10,986,-70,2450,-4497,-875,idle-X
3938021516,10,986,-70,2450,-4462,-857,idle-X
3938037718,10,986,-70,2450,-4462,-857,idle-X
3938040792,10,986,-70,2467,-4480,-857,idle-X
3938054858,10,986,-71,2467,-4480,-857,idle-X
3938059763,10,986,-71,2450,-4462,-840,idle-X
3938071996,10,986,-71,2450,-4462,-840,idle-X
3938079038,10,986,-71,2467,-4462,-875,idle-X
3938089440,10,986,-71,2467,-4462,-875,idle-X
3938098315,10,986,-71,2450,-4445,-875,idle-X
3938106578,10,985,-71,2450,-4445,-875,idle-X
3938117590,10,985,-71,2467,-4427,-857,idle-X
3938123716,9,986,-71,2467,-4427,-857,idle-X
3938136559,9,986,-71,2450,-4462,-892,idle-X
3938141159,10,986,-71,2450,-4462,-892,idle-X
3938155835,10,986,-71,2450,-4462,-857,idle-X
3938158298,10,986,-71,2450,-4462,-857,idle-X
3938175111,10,986,-71,2467,-4462,-910,idle-X
3938175741,10,986,-71,2467,-4462,-910,idle-X
3938192860,10,986,-71,2467,-4462,-910,idle-X
3938194407,10,986,-71,2485,-4480,-892,idle-X
3938209999,10,985,-71,2485,-4480,-892,idle-X
3938213378,10,985,-71,2467,-4445,-875,idle-X
3938227137,10,986,-71,2467,-4445,-875,idle-X
3938232653,10,986,-71,2467,-4445,-875,idle-X
3938244581,9,986,-71,2467,-4445,-875,idle-X
3938251929,9,986,-71,2467,-4445,-875,idle-X
3938261720,10,986,-71,2467,-4445,-875,idle-X
3938270899,10,986,-71,2502,-4480,-892,idle-X
3938278858,9,986,-70,2502,-4480,-892,idle-X
3938290174,9,986,-70,2467,-4497,-892,idle-X
3938296301,10,986,-71,2467,-4497,-892,idle-X
3938309449,10,986,-71,2467,-4480,-910,idle-X
3938313439,10,986,-71,2467,-4480,-910,idle-X
3938328725,10,986,-71,2467,-4445,-892,idle-X
3938330577,10,986,-71,2467,-4445,-892,idle-X
3938347695,10,986,-71,2450,-4462,-892,idle-X
3938348325,9,987,-71,2450,-4462,-892,idle-X
3938365137,10,986,-71,2450,-4462,-892,idle-X
3938366990,10,986,-71,2485,-4462,-875,idle-X
3938382276,9,986,-71,2485,-4462,-875,idle-X
3938386266,9,986,-71,2467,-4462,-875,idle-X
3938399414,9,986,-71,2467,-4462,-875,idle-X
3938405235,9,986,-71,2467,-4462,-892,idle-X
3938416857,10,986,-71,2467,-4462,-892,idle-X
3938424510,10,986,-71,2450,-4462,-875,idle-X
3938433996,9,986,-71,2450,-4462,-875,idle-X
3938443787,9,986,-71,2450,-4480,-875,idle-X
3938451135,10,986,-72,2450,-4480,-875,idle-X
3938463062,10,986,-72,2467,-4480,-875,idle-X
3938468578,10,986,-71,2467,-4480,-875,idle-X
3938482030,10,986,-71,2450,-4462,-875,idle-X
3938485715,10,986,-71,2450,-4462,-875,idle-X
3938501307,10,986,-71,2467,-4445,-875,idle-X
3938502853,9,986,-72,2467,-4445,-875,idle-X
3938519972,10,986,-71,2467,-4445,-875,idle-X
3938520602,10,986,-71,2485,-4462,-875,idle-X
3938537415,10,986,-71,2485,-4462,-875,idle-X
3938539573,10,986,-71,2450,-4445,-875,idle-X
3938554553,10,986,-71,2450,-4445,-875,idle-X
3938558848,10,986,-71,2467,-4445,-892,idle-X
3938571693,10,986,-71,2467,-4445,-892,idle-X
3938578126,10,986,-71,2485,-4462,-910,idle-X
3938589137,10,986,-70,2485,-4462,-910,idle-X
3938597096,10,986,-70,2467,-4445,-822,idle-X
3938606275,10,986,-70,2467,-4445,-822,idle-X
3938616371,10,986,-70,2467,-4462,-875,idle-X
3938623414,9,986,-71,2467,-4462,-875,idle-X
3938635648,9,986,-71,2485,-4462,-875,idle-X
3938640553,9,986,-71,2485,-4462,-875,idle-X
3938654618,9,986,-71,2467,-4462,-892,idle-X
3938657997,10,986,-71,2467,-4462,-892,idle-X
3938673892,10,986,-71,2485,-4427,-910,idle-X
3938675134,10,986,-71,2485,-4427,-910,idle-X
3938692252,10,986,-70,2485,-4427,-910,idle-X
3938693189,10,986,-70,2467,-4445,-892,idle-X
3938709696,10,986,-71,2467,-4445,-892,idle-X
3938712464,10,986,-71,2485,-4462,-875,idle-X
3938726835,10,986,-71,2485,-4462,-875,idle-X
3938731435,10,986,-71,2485,-4445,-910,idle-X
3938743974,10,986,-71,2485,-4445,-910,idle-X
3938750710,10,986,-71,2450,-4462,-875,idle-X
3938761417,10,986,-71,2450,-4462,-875,idle-X
3938769987,10,986,-71,2467,-4480,-892,idle-X
3938778556,9,986,-71,2467,-4480,-892,idle-X
3938788956,9,986,-71,2450,-4480,-892,idle-X
3938795694,10,986,-71,2450,-4480,-892,idle-X
3938808232,10,986,-71,2467,-4480,-892,idle-X
3938812831,9,986,-71,2467,-4480,-892,idle-X
3938827507,9,986,-71,2485,-4445,-875,idle-X
3938830275,10,986,-71,2485,-4445,-875,idle-X
3938846783,10,986,-71,2485,-4445,-857,idle-X
3938847413,10,986,-70,2485,-4445,-857,idle-X
3938864530,10,986,-71,2485,-4445,-857,idle-X
3938865772,10,986,-71,2485,-4445,-875,idle-X
3938881973,10,986,-71,2485,-4445,-875,idle-X
3938885047,10,986,-71,2467,-4462,-857,idle-X
3938899111,10,986,-71,2467,-4462,-857,idle-X
3938904321,10,986,-71,2485,-4462,-892,idle-X
3938916249,10,986,-71,2485,-4462,-892,idle-X
3938923291,10,986,-71,2467,-4480,-892,idle-X
3938933692,10,986,-71,2467,-4480,-892,idle-X
3938942566,10,986,-71,2467,-4480,-875,idle-X
3938950831,9,986,-71,2467,-4480,-875,idle-X
3938961843,9,986,-71,2485,-4480,-875,idle-X
3938967969,10,986,-71,2485,-4480,-875,idle-X
3938980813,10,986,-71,2467,-4462,-875,idle-X
3938985108,10,986,-71,2467,-4462,-875,idle-X
3939000089,10,986,-71,2467,-4445,-892,idle-X
3939002552,9,986,-70,2467,-4445,-892,idle-X
3939019364,9,986,-70,2485,-4445,-875,idle-X
3939019995,9,986,-71,2485,-4445,-875,idle-X
3939036808,9,986,-71,2485,-4445,-875,idle-X
3939038354,9,986,-71,2450,-4445,-857,idle-X
3939053946,9,986,-71,2450,-4445,-857,idle-X
3939057629,9,986,-71,2467,-4480,-875,idle-X
3939071388,10,986,-71,2467,-4480,-875,idle-X
3939076905,10,986,-71,2485,-4462,-892,idle-X
3939088527,9,986,-71,2485,-4462,-892,idle-X
3939095876,9,986,-71,2485,-4480,-892,idle-X
3939105666,10,986,-71,2485,-4480,-892,idle-X
3939115151,10,986,-71,2485,-4445,-892,idle-X
3939123109,10,986,-71,2485,-4445,-892,idle-X
3939134426,10,986,-71,2467,-4462,-892,idle-X
3939140247,9,986,-70,2467,-4462,-892,idle-X
3939153397,9,986,-70,2467,-4445,-875,idle-X
3939157386,10,986,-71,2467,-4445,-875,idle-X
3939172671,10,986,-71,2485,-4462,-875,idle-X
3939174523,10,986,-71,2485,-4462,-875,idle-X
3939191946,9,986,-72,2485,-4480,-892,idle-X
3939209077,10,986,-71,2485,-4480,-892,idle-X
3939211234,10,986,-71,2485,-4445,-857,idle-X
3939226215,10,986,-71,2485,-4445,-857,idle-X
3939230205,10,986,-71,2485,-4462,-857,idle-X
3939243658,10,986,-71,2485,-4462,-857,idle-X
3939249480,10,986,-71,2467,-4462,-875,idle-X
3939260797,9,986,-71,2467,-4462,-875,idle-X
3939268755,9,986,-71,2450,-4445,-892,idle-X
3939277934,9,986,-71,2450,-4445,-892,idle-X
3939287725,9,986,-71,2450,-4480,-875,idle-X
3939295377,10,986,-71,2450,-4480,-875,idle-X
3939307000,10,986,-71,2450,-4462,-857,idle-X
3939312516,10,986,-71,2450,-4462,-857,idle-X
3939326275,10,986,-71,2467,-4462,-875,idle-X
3939329654,9,986,-71,2467,-4462,-875,idle-X
3939345245,9,986,-71,2467,-4480,-875,idle-X
3939346792,10,986,-70,2467,-4480,-875,idle-X
3939364217,10,985,-70,2485,-4497,-875,idle-X
3939381347,10,986,-71,2485,-4497,-875,idle-X
3939383810,10,986,-71,2467,-4445,-892,idle-X
3939398486,10,986,-71,2467,-4445,-892,idle-X
3939402780,10,986,-71,2485,-4445,-892,idle-X
3939415931,10,986,-71,2485,-4445,-892,idle-X
3939422057,10,986,-71,2485,-4480,-875,idle-X
3939433068,10,986,-71,2485,-4480,-875,idle-X
3939441331,10,986,-71,2485,-4480,-910,idle-X
3939450206,9,986,-72,2485,-4480,-910,idle-X
3939460607,9,986,-72,2467,-4480,-892,idle-X
3939467344,9,986,-71,2467,-4480,-892,idle-X
3939479577,9,986,-71,2467,-4480,-892,idle-X
3939484788,10,986,-71,2467,-4480,-892,idle-X
3939498853,10,986,-71,2450,-4462,-857,idle-X
3939501927,9,986,-71,2450,-4462,-857,idle-X
3939518130,9,986,-71,2432,-4480,-857,idle-X
3939519066,10,986,-71,2432,-4480,-857,idle-X
3939536489,9,986,-71,2432,-4480,-857,idle-X
3939537119,9,986,-71,2467,-4462,-857,idle-X
3939553628,9,986,-71,2467,-4462,-857,idle-X
3939556396,9,986,-71,2467,-4462,-875,idle-X
3939570766,10,986,-71,2467,-4462,-875,idle-X
3939575671,10,986,-71,2467,-4480,-875,idle-X
3939587903,10,986,-71,2467,-4480,-875,idle-X
3939594641,10,986,-71,2502,-4462,-875,idle-X
3939605347,10,986,-71,2502,-4462,-875,idle-X
3939613917,10,986,-71,2450,-4480,-892,idle-X
3939622486,10,986,-71,2450,-4480,-892,idle-X
3939633192,10,986,-71,2485,-4480,-875,idle-X
3939639624,10,986,-71,2485,-4480,-875,idle-X
3939652163,10,986,-71,2467,-4480,-875,idle-X
3939657069,9,986,-71,2467,-4480,-875,idle-X
3939671439,9,986,-71,2467,-4480,-875,idle-X
3939674207,9,986,-71,2467,-4480,-875,idle-X
3939690716,9,986,-71,2450,-4462,-892,idle-X
3939691346,9,986,-71,2450,-4462,-892,idle-X
3939708464,10,986,-71,2450,-4462,-892,idle-X
3939709706,10,986,-71,2467,-4445,-875,idle-X
3939725908,10,986,-70,2467,-4445,-875,idle-X
3939728982,10,986,-70,2485,-4445,-857,idle-X
3939743047,9,986,-71,2485,-4445,-857,idle-X
3939748257,9,986,-71,2432,-4462,-892,idle-X
3939760184,10,986,-71,2432,-4462,-892,idle-X
3939767531,10,986,-71,2467,-4462,-892,idle-X
3939777627,9,986,-71,2467,-4462,-892,idle-X
3939786501,9,986,-71,2467,-4480,-875,idle-X
3939794765,9,986,-71,2467,-4480,-875,idle-X
3939805777,9,986,-71,2432,-4462,-857,idle-X
3939811904,10,986,-71,2432,-4462,-857,idle-X
3939825052,10,986,-71,2450,-4480,-857,idle-X
3939829347,10,986,-71,2450,-4480,-857,idle-X
3939844023,10,986,-71,2502,-4462,-857,idle-X
3939846486,9,986,-71,2502,-4462,-857,idle-X
3939863299,9,986,-71,2485,-4497,-875,idle-X
3939863929,10,986,-71,2485,-4497,-875,idle-X
3939881048,10,986,-71,2485,-4497,-875,idle-X
3939882595,10,986,-71,2450,-4462,-875,idle-X
3939898187,10,986,-71,2450,-4462,-875,idle-X
3939901871,10,986,-71,2467,-4480,-875,idle-X
3939915324,10,986,-71,2467,-4480,-875,idle-X
3939920840,10,986,-71,2467,-4462,-875,idle-X
3939932462,10,985,-71,2467,-4462,-875,idle-X
3939940115,10,985,-71,2450,-4462,-875,idle-X
3939949906,9,986,-71,2450,-4462,-875,idle-X
3939959390,9,986,-71,2450,-4462,-875,idle-X
3939967044,10,986,-71,2450,-4462,-875,idle-X
3939978360,10,986,-71,2450,-4445,-875,idle-X
3939984181,10,986,-70,2450,-4445,-875,idle-X
3939997635,10,986,-70,2450,-4462,-875,idle-X
3940001624,9,986,-71,2450,-4462,-875,idle-X
3940016911,9,986,-71,2467,-4462,-875,idle-X
3940018763,10,986,-71,2467,-4462,-875,idle-X
3940035881,10,986,-71,2467,-4462,-875,idle-X
3940053318,10,986,-71,2467,-4462,-875,idle-X
3940055170,10,986,-71,2450,-4462,-857,idle-X
3940070457,9,986,-70,2450,-4462,-857,idle-X
3940074447,9,986,-70,2450,-4462,-875,idle-X
3940087597,10,986,-71,2450,-4462,-875,idle-X
3940093724,10,986,-71,2485,-4462,-910,idle-X
3940105040,10,986,-71,2485,-4462,-910,idle-X
3940112999,10,986,-71,2467,-4462,-892,idle-X
3940122179,9,986,-71,2467,-4462,-892,idle-X
3940131969,9,986,-71,2467,-4462,-892,idle-X
3940139317,10,986,-71,2467,-4462,-892,idle-X
3940151245,10,986,-71,2450,-4497,-910,idle-X
3940156762,10,986,-70,2450,-4497,-910,idle-X
3940170521,10,986,-70,2467,-4462,-910,idle-X
3940173899,10,986,-71,2467,-4462,-910,idle-X
3940189491,10,986,-71,2467,-4445,-892,idle-X
3940191038,9,986,-71,2467,-4445,-892,idle-X
3940208462,10,986,-71,2450,-4462,-892,idle-X
3940225593,10,986,-71,2450,-4462,-892,idle-X
3940228056,10,986,-71,2467,-4462,-892,idle-X
3940242730,10,986,-71,2467,-4462,-892,idle-X
3940247331,10,986,-71,2467,-4445,-892,idle-X
3940260175,10,986,-71,2467,-4445,-892,idle-X
3940266302,10,986,-71,2467,-4445,-892,idle-X
3940277313,10,986,-71,2467,-4445,-892,idle-X
3940285576,10,986,-71,2502,-4480,-892,idle-X
3940294451,9,986,-71,2502,-4480,-892,idle-X
3940304852,9,986,-71,2467,-4497,-875,idle-X
3940311894,9,986,-71,2467,-4497,-875,idle-X
3940324128,9,986,-71,2485,-4480,-857,idle-X
3940329032,10,986,-71,2485,-4480,-857,idle-X
3940343098,10,986,-71,2485,-4462,-910,idle-X
3940346171,9,986,-71,2485,-4462,-910,idle-X
3940362373,9,986,-71,2450,-4462,-875,idle-X
3940363615,9,986,-70,2450,-4462,-875,idle-X
3940380732,10,986,-71,2450,-4462,-875,idle-X
3940381669,10,986,-71,2432,-4445,-857,idle-X
3940397871,9,986,-71,2432,-4445,-857,idle-X
3940400640,9,986,-71,2432,-4445,-892,idle-X
3940415315,10,986,-71,2432,-4445,-892,idle-X
3940419915,10,986,-71,2432,-4462,-875,idle-X
3940432453,10,986,-71,2432,-4462,-875,idle-X
3940439191,10,986,-71,2467,-4462,-892,idle-X
3940449592,10,986,-71,2467,-4462,-892,idle-X
3940458467,10,986,-71,2467,-4462,-875,idle-X
3940466731,10,986,-71,2467,-4462,-875,idle-X
3940477439,10,986,-71,2467,-4462,-857,idle-X
3940484178,10,986,-71,2467,-4462,-857,idle-X
3940496716,10,986,-71,2467,-4462,-875,idle-X
3940501317,9,986,-71,2467,-4462,-875,idle-X
3940515992,9,986,-71,2467,-4480,-857,idle-X
3940518456,9,986,-71,2467,-4480,-857,idle-X
3940535270,9,986,-71,2467,-4480,-857,idle-X
3940535900,10,986,-71,2467,-4480,-857,idle-X
3940553019,10,986,-71,2467,-4480,-857,idle-X
3940554260,10,986,-71,2467,-4462,-857,idle-X
3940570157,10,986,-71,2467,-4462,-857,idle-X
3940573535,10,986,-71,2450,-4445,-892,idle-X
3940587600,10,986,-70,2450,-4445,-892,idle-X
3940592811,10,986,-70,2450,-4480,-875,idle-X
3940604740,9,986,-71,2450,-4480,-875,idle-X
3940611782,9,986,-71,2485,-4462,-892,idle-X
3940621878,10,985,-72,2485,-4462,-892,idle-X
3940631057,10,985,-72,2485,-4480,-857,idle-X
3940639320,10,986,-71,2485,-4480,-857,idle-X
3940650332,10,986,-71,2485,-4462,-892,idle-X
3940656459,10,986,-71,2485,-4462,-892,idle-X
3940669608,10,986,-71,2485,-4462,-875,idle-X
3940673597,10,986,-71,2485,-4462,-875,idle-X
3940688577,10,986,-71,2485,-4445,-892,idle-X
3940691040,9,986,-71,2485,-4445,-892,idle-X
3940707853,9,986,-71,2467,-4462,-892,idle-X
3940708483,9,986,-71,2467,-4462,-892,idle-X
3940725297,10,986,-70,2467,-4462,-892,idle-X
3940727150,10,986,-70,2450,-4445,-857,idle-X
3940742742,9,986,-71,2450,-4445,-857,idle-X
3940746426,9,986,-71,2467,-4462,-892,idle-X
3940759880,10,986,-71,2467,-4462,-892,idle-X
3940765396,10,986,-71,2450,-4462,-875,idle-X
3940777018,10,986,-71,2450,-4462,-875,idle-X
3940784671,10,986,-71,2450,-4445,-840,idle-X
3940794461,10,986,-71,2450,-4445,-840,idle-X
3940803946,10,986,-71,2467,-4462,-857,idle-X
3940811599,10,986,-71,2467,-4462,-857,idle-X
3940823221,10,986,-71,2467,-4462,-875,idle-X
3940828737,9,986,-71,2467,-4462,-875,idle-X
3940842191,9,986,-71,2467,-4445,-892,idle-X
3940846181,9,986,-71,2467,-4445,-892,idle-X
3940861467,9,986,-71,2502,-4480,-892,idle-X
3940863319,9,986,-71,2502,-4480,-892,idle-X
3940880437,9,986,-71,2485,-4462,-892,idle-X
3940897872,10,986,-71,2485,-4462,-892,idle-X
3940899724,10,986,-71,2450,-4445,-875,idle-X
3940915009,10,986,-71,2450,-4445,-875,idle-X
3940918999,10,986,-71,2467,-4427,-892,idle-X
3940932149,10,986,-71,2467,-4427,-892,idle-X
3940938275,10,986,-71,2450,-4462,-875,idle-X
3940949592,9,986,-71,2450,-4462,-875,idle-X
3940957550,9,986,-71,2467,-4462,-892,idle-X
3940966730,10,986,-71,2467,-4462,-892,idle-X
3940976521,10,986,-71,2467,-4480,-892,idle-X
3940983869,10,986,-71,2467,-4480,-892,idle-X
3940995797,10,986,-71,2450,-4480,-892,idle-X
3941001313,10,986,-71,2450,-4480,-892,idle-X
3941015072,10,986,-71,2450,-4462,-875,idle-X
3941018451,9,986,-71,2450,-4462,-875,idle-X
3941034349,9,986,-71,2450,-4462,-875,idle-X
3941035591,10,986,-71,2450,-4462,-875,idle-X
3941053015,10,986,-71,2485,-4480,-875,idle-X
3941070145,10,986,-71,2485,-4480,-875,idle-X
3941072608,10,986,-71,2485,-4462,-840,idle-X
3941087283,9,986,-71,2485,-4462,-840,idle-X
3941091883,9,986,-71,2450,-4462,-857,idle-X
3941104725,9,986,-71,2450,-4462,-857,idle-X
3941111157,9,986,-71,2467,-4462,-892,idle-X
3941121863,10,986,-71,2467,-4462,-892,idle-X
3941130128,10,986,-71,2485,-4462,-875,idle-X
3941139002,10,986,-71,2485,-4462,-875,idle-X
3941149403,10,986,-71,2485,-4462,-875,idle-X
3941156446,10,986,-71,2485,-4462,-875,idle-X
3941168679,10,986,-71,2502,-4480,-857,idle-X
3941173584,10,986,-71,2502,-4480,-857,idle-X
3941187649,10,986,-71,2485,-4462,-857,idle-X
3941190723,10,986,-71,2485,-4462,-857,idle-X
3941206924,10,986,-71,2485,-4462,-927,idle-X
3941208166,10,985,-71,2485,-4462,-927,idle-X
3941225283,10,986,-71,2485,-4462,-927,idle-X
3941226219,10,986,-71,2467,-4462,-875,idle-X
3941242420,10,986,-71,2467,-4462,-875,idle-X
3941245493,10,986,-71,2450,-4480,-892,idle-X
3941259864,10,986,-71,2450,-4480,-892,idle-X
3941264465,10,986,-71,2467,-4445,-892,idle-X
3941277003,10,986,-70,2467,-4445,-892,idle-X
3941283741,10,986,-70,2450,-4445,-857,idle-X
3941294142,10,986,-71,2450,-4445,-857,idle-X
3941303016,10,986,-71,2467,-4462,-857,idle-X
3941311584,10,986,-71,2467,-4462,-857,idle-X
3941322290,10,986,-71,2485,-4480,-857,idle-X
3941328722,10,986,-71,2485,-4480,-857,idle-X
3941341260,10,986,-71,2485,-4462,-875,idle-X
3941345860,10,986,-71,2485,-4462,-875,idle-X
3941360535,10,986,-71,2485,-4445,-875,idle-X
3941362998,10,986,-71,2485,-4445,-875,idle-X
3941379810,10,986,-71,2485,-4445,-875,idle-X
3941380441,10,986,-71,2485,-4445,-875,idle-X
3941397560,9,985,-70,2485,-4445,-875,idle-X
3941398802,9,985,-70,2502,-4462,-910,idle-X
3941414698,9,986,-71,2502,-4462,-910,idle-X
3941418077,9,986,-71,2467,-4462,-910,idle-X
3941432142,10,986,-71,2467,-4462,-910,idle-X
3941437352,10,986,-71,2485,-4445,-875,idle-X
3941449279,10,986,-71,2485,-4445,-875,idle-X
3941456627,10,986,-71,2485,-4462,-892,idle-X
3941466418,10,986,-71,2485,-4462,-892,idle-X
3941475597,10,986,-71,2485,-4445,-857,idle-X
3941483862,9,986,-70,2485,-4445,-857,idle-X
3941494873,9,986,-70,2467,-4445,-875,idle-X
3941501000,10,986,-71,2467,-4445,-875,idle-X
3941514150,10,986,-71,2485,-4462,-892,idle-X
3941518139,10,986,-71,2485,-4462,-892,idle-X
3941533120,10,986,-71,2485,-4445,-875,idle-X
3941535582,10,986,-71,2485,-4445,-875,idle-X
3941552394,10,986,-71,2467,-4462,-875,idle-X
3941553024,9,986,-71,2467,-4462,-875,idle-X
3941569837,10,986,-71,2467,-4462,-875,idle-X
3941571690,10,986,-71,2450,-4462,-892,idle-X
3941587282,10,986,-71,2450,-4462,-892,idle-X
3941590966,10,986,-71,2450,-4462,-910,idle-X
3941604419,9,986,-71,2450,-4462,-910,idle-X
3941609937,9,986,-71,2467,-4445,-857,idle-X
3941621558,10,986,-71,2467,-4445,-857,idle-X
3941629212,10,986,-71,2502,-4427,-857,idle-X
3941638697,10,986,-71,2502,-4427,-857,idle-X
3941648488,10,986,-71,2485,-4427,-875,idle-X
3941656142,10,986,-71,2485,-4427,-875,idle-X
3941667458,10,986,-71,2467,-4462,-857,idle-X
3941673280,10,986,-71,2467,-4462,-857,idle-X
3941686734,10,986,-71,2467,-4480,-857,idle-X
3941690418,10,986,-71,2467,-4480,-857,idle-X
3941706009,10,986,-71,2485,-4462,-875,idle-X
3941707862,10,986,-71,2485,-4462,-875,idle-X
3941724981,10,986,-71,2467,-4480,-875,idle-X
3941742110,10,986,-72,2467,-4480,-875,idle-X
3941744268,10,986,-72,2467,-4445,-892,idle-X
3941759554,10,986,-71,2467,-4445,-892,idle-X
3941763544,10,986,-71,2485,-4462,-892,idle-X
3941776694,10,986,-71,2485,-4462,-892,idle-X
3941782821,10,986,-71,2450,-4445,-857,idle-X
3941793833,9,986,-71,2450,-4445,-857,idle-X
3941801791,9,986,-71,2467,-4462,-857,idle-X
3941810970,9,986,-71,2467,-4462,-857,idle-X
3941821065,9,986,-71,2485,-4462,-892,idle-X
3941828413,10,985,-71,2485,-4462,-892,idle-X
3941840341,10,985,-71,2467,-4480,-910,idle-X
3941845552,10,986,-71,2467,-4480,-910,idle-X
3941859312,10,986,-71,2485,-4445,-875,idle-X
3941862691,10,986,-71,2485,-4445,-875,idle-X
3941878586,10,986,-71,2432,-4462,-875,idle-X
3941880133,10,986,-71,2432,-4462,-875,idle-X
3941897252,10,986,-71,2432,-4462,-875,idle-X
3941897882,10,986,-71,2502,-4480,-875,idle-X
3941914391,9,986,-71,2502,-4480,-875,idle-X
3941917160,9,986,-71,2485,-4480,-857,idle-X
3941931835,10,986,-71,2485,-4480,-857,idle-X
3941936130,10,986,-71,2485,-4480,-875,idle-X
3941948972,9,986,-71,2485,-4480,-875,idle-X
3941955403,9,986,-71,2485,-4462,-875,idle-X
3941966110,10,986,-71,2485,-4462,-875,idle-X
3941974680,10,986,-71,2450,-4480,-892,idle-X
3941983249,10,986,-71,2450,-4480,-892,idle-X
3941993649,10,986,-71,2432,-4445,-875,idle-X
3942000692,10,986,-71,2432,-4445,-875,idle-X
3942012924,10,986,-71,2450,-4445,-857,idle-X
3942017830,10,986,-71,2450,-4445,-857,idle-X
3942032199,10,986,-71,2450,-4462,-875,idle-X
3942034966,10,985,-71,2450,-4462,-875,idle-X
3942051473,10,985,-71,2485,-4462,-875,idle-X
3942052410,10,986,-71,2485,-4462,-875,idle-X
3942069527,10,986,-70,2485,-4462,-875,idle-X
3942070463,10,986,-70,2432,-4462,-875,idle-X
3942086664,10,986,-71,2432,-4462,-875,idle-X
3942089738,10,986,-71,2450,-4410,-857,idle-X
3942104109,10,986,-71,2450,-4410,-857,idle-X
3942109015,10,986,-71,2502,-4462,-892,idle-X
3942121247,9,986,-71,2502,-4462,-892,idle-X
3942127985,9,986,-71,2467,-4480,-892,idle-X
3942138386,10,986,-71,2467,-4480,-892,idle-X
3942147260,10,986,-71,2467,-4480,-875,idle-X
3942155524,10,986,-71,2467,-4480,-875,idle-X
3942166536,10,986,-71,2467,-4445,-875,idle-X
3942172968,10,986,-71,2467,-4445,-875,idle-X
3942185506,10,986,-71,2450,-4462,-857,idle-X
3942190106,10,986,-71,2450,-4462,-857,idle-X
3942204782,10,986,-71,2450,-4445,-875,idle-X
3942207245,9,986,-71,2450,-4445,-875,idle-X
3942224057,9,986,-71,2485,-4445,-892,idle-X
3942224687,10,986,-71,2485,-4445,-892,idle-X
3942241806,9,986,-71,2485,-4445,-892,idle-X
3942243047,9,986,-71,2467,-4445,-892,idle-X
3942258944,10,986,-71,2467,-4445,-892,idle-X
3942262322,10,986,-71,2467,-4462,-892,idle-X
3942276387,9,986,-71,2467,-4462,-892,idle-X
3942281598,9,986,-71,2450,-4462,-892,idle-X
3942293526,10,986,-71,2450,-4462,-892,idle-X
3942300875,10,986,-71,2485,-4462,-910,idle-X
3942310665,10,986,-71,2485,-4462,-910,idle-X
3942319844,10,986,-71,2485,-4462,-857,idle-X
3942327803,9,986,-71,2485,-4462,-857,idle-X
3942339120,9,986,-71,2467,-4462,-892,idle-X
3942345247,9,986,-71,2467,-4462,-892,idle-X
3942358395,9,986,-71,2485,-4462,-875,idle-X
3942362385,10,987,-71,2485,-4462,-875,idle-X
3942377365,10,987,-71,2467,-4462,-875,idle-X
3942379523,9,986,-71,2467,-4462,-875,idle-X
3942396641,9,986,-71,2467,-4462,-875,idle-X
3942397271,10,987,-71,2467,-4462,-875,idle-X
3942414082,9,986,-70,2467,-4462,-875,idle-X
3942415934,9,986,-70,2450,-4462,-875,idle-X
3942431221,10,986,-71,2450,-4462,-875,idle-X
3942434905,10,986,-71,2432,-4427,-857,idle-X
3942448359,9,986,-71,2432,-4427,-857,idle-X
3942454181,9,986,-71,2485,-4445,-857,idle-X
3942465803,9,986,-71,2485,-4445,-857,idle-X
3942473455,9,986,-71,2467,-4462,-875,idle-X
3942482941,10,986,-71,2467,-4462,-875,idle-X
3942492731,10,986,-71,2467,-4445,-875,idle-X
3942500081,9,986,-70,2467,-4445,-875,idle-X
3942511703,9,986,-70,2502,-4445,-857,idle-X
3942517524,10,986,-71,2502,-4445,-857,idle-X
3942530977,10,986,-71,2450,-4462,-875,idle-X
3942534661,10,986,-72,2450,-4462,-875,idle-X
3942550251,10,986,-72,2485,-4462,-892,idle-X
3942551798,9,986,-70,2485,-4462,-892,idle-X
3942569222,10,986,-71,2485,-4462,-875,idle-X
3942586352,10,986,-71,2485,-4462,-875,idle-X
3942588510,10,986,-71,2485,-4462,-892,idle-X
3942603491,9,986,-71,2485,-4462,-892,idle-X
3942607785,9,986,-71,2502,-4445,-875,idle-X
3942620935,9,986,-71,2502,-4445,-875,idle-X
3942627061,9,986,-71,2485,-4480,-892,idle-X
3942638072,9,986,-71,2485,-4480,-892,idle-X
3942646030,9,986,-71,2467,-4462,-910,idle-X
3942655211,10,986,-71,2467,-4462,-910,idle-X
3942665307,10,986,-71,2467,-4462,-875,idle-X
3942672349,10,986,-71,2467,-4462,-875,idle-X
3942684582,10,986,-71,2485,-4480,-857,idle-X
3942689792,9,986,-71,2485,-4480,-857,idle-X
3942703552,9,986,-71,2467,-4480,-875,idle-X
3942706931,10,986,-71,2467,-4480,-875,idle-X
3942722828,10,986,-71,2467,-4480,-875,idle-X
3942724070,10,986,-71,2467,-4480,-875,idle-X
3942741493,10,986,-71,2467,-4480,-875,idle-X
3942742123,10,986,-71,2467,-4445,-857,idle-X
3942758632,9,986,-71,2467,-4445,-857,idle-X
3942761399,9,986,-71,2467,-4462,-892,idle-X
3942775770,10,985,-71,2467,-4462,-892,idle-X
3942780370,10,985,-71,2467,-4480,-875,idle-X
3942793214,10,986,-71,2467,-4480,-875,idle-X
3942799646,10,986,-71,2450,-4480,-857,idle-X
3942810352,9,986,-71,2450,-4480,-857,idle-X
3942818922,9,986,-71,2467,-4462,-875,idle-X
3942827491,10,986,-71,2467,-4462,-875,idle-X
3942838198,10,986,-71,2467,-4462,-875,idle-X
3942844936,10,985,-71,2467,-4462,-875,idle-X
3942857169,10,985,-71,2467,-4480,-875,idle-X
3942862073,9,986,-71,2467,-4480,-875,idle-X
3942876443,9,986,-71,2467,-4462,-875,idle-X
3942879213,10,985,-71,2467,-4462,-875,idle-X
3942895721,10,985,-71,2450,-4480,-875,idle-X
3942896658,9,986,-71,2450,-4480,-875,idle-X
3942913776,10,986,-71,2450,-4480,-875,idle-X
3942914713,10,986,-71,2467,-4480,-875,idle-X
3942930915,10,986,-71,2467,-4480,-875,idle-X
3942933988,10,986,-71,2467,-4480,-875,idle-X
3942948358,10,986,-70,2467,-4480,-875,idle-X
3942953265,10,986,-70,2467,-4480,-892,idle-X
3942965499,10,986,-71,2467,-4480,-892,idle-X
3942972541,10,986,-71,2467,-4462,-875,idle-X
3942982636,10,986,-71,2467,-4462,-875,idle-X
3942991511,10,986,-71,2485,-4480,-857,idle-X
3942999776,9,986,-71,2485,-4480,-857,idle-X
3943010787,9,986,-71,2467,-4462,-892,idle-X
3943017219,10,986,-71,2467,-4462,-892,idle-X
3943030062,10,986,-71,2467,-4462,-875,idle-X
3943034356,9,986,-71,2467,-4462,-875,idle-X
3943049030,9,986,-71,2485,-4445,-875,idle-X
3943051493,9,986,-70,2485,-4445,-875,idle-X
3943068306,9,986,-70,2485,-4462,-892,idle-X
3943068936,10,986,-71,2485,-4462,-892,idle-X
3943086054,10,986,-71,2485,-4462,-892,idle-X
3943087601,10,986,-71,2450,-4445,-875,idle-X
3943103191,10,986,-71,2450,-4445,-875,idle-X
3943106571,10,986,-71,2450,-4445,-892,idle-X
3943120636,9,986,-71,2450,-4445,-892,idle-X
3943125848,9,986,-71,2485,-4445,-892,idle-X
3943137775,9,986,-71,2485,-4445,-892,idle-X
3943145122,9,986,-71,2467,-4445,-875,idle-X
3943154913,10,986,-71,2467,-4445,-875,idle-X
3943164397,10,986,-71,2450,-4462,-875,idle-X
3943172355,10,986,-71,2450,-4462,-875,idle-X
3943183367,10,986,-71,2467,-4462,-875,idle-X
3943189493,9,986,-71,2467,-4462,-875,idle-X
3943202641,9,986,-71,2467,-4445,-875,idle-X
3943206630,9,986,-71,2467,-4445,-875,idle-X
3943221917,9,986,-71,2467,-4462,-875,idle-X
3943223769,10,986,-71,2467,-4462,-875,idle-X
3943240887,10,986,-71,2467,-4480,-875,idle-X
3943241518,9,986,-71,2467,-4480,-875,idle-X
3943258331,10,986,-71,2467,-4480,-875,idle-X
3943260183,10,986,-71,2450,-4480,-910,idle-X
3943275469,9,986,-71,2450,-4480,-910,idle-X
3943279458,9,986,-71,2502,-4462,-875,idle-X
3943292914,10,986,-71,2502,-4462,-875,idle-X
3943298734,10,986,-71,2485,-4462,-892,idle-X
3943310051,10,986,-70,2485,-4462,-892,idle-X
3943317705,10,986,-70,2485,-4462,-875,idle-X
3943327190,9,986,-71,2485,-4462,-875,idle-X
3943336981,9,986,-71,2467,-4480,-892,idle-X
3943344634,9,986,-70,2467,-4480,-892,idle-X
3943356256,9,986,-70,2450,-4462,-892,idle-X
3943361773,10,986,-71,2450,-4462,-892,idle-X
3943375228,10,986,-71,2450,-4480,-892,idle-X
3943378912,10,986,-71,2450,-4480,-892,idle-X
3943394503,10,986,-71,2467,-4445,-875,idle-X
3943396051,10,986,-71,2467,-4445,-875,idle-X
3943413474,10,986,-71,2485,-4462,-892,idle-X
3943430605,10,986,-71,2485,-4462,-892,idle-X
3943433067,10,986,-71,2450,-4445,-875,idle-X
3943448047,9,986,-72,2450,-4445,-875,idle-X
3943452035,9,986,-72,2485,-4445,-857,idle-X
3943465184,10,986,-71,2485,-4445,-857,idle-X
3943471310,10,986,-71,2467,-4480,-910,idle-X
3943482322,9,986,-71,2467,-4480,-910,idle-X
3943490586,9,986,-71,2467,-4462,-892,idle-X
3943499460,9,986,-71,2467,-4462,-892,idle-X
3943509556,9,986,-71,2485,-4462,-892,idle-X
3943516904,10,986,-70,2485,-4462,-892,idle-X
3943528831,10,986,-70,2485,-4462,-875,idle-X
3943534042,10,986,-72,2485,-4462,-875,idle-X
3943548107,10,986,-72,2450,-4462,-875,idle-X
3943551180,9,986,-71,2450,-4462,-875,idle-X
3943567382,9,986,-71,2450,-4462,-875,idle-X
3943568624,10,986,-71,2450,-4462,-875,idle-X
3943585741,9,986,-71,2450,-4462,-875,idle-X
3943586372,9,986,-71,2450,-4462,-892,idle-X
3943602879,10,986,-71,2450,-4462,-892,idle-X
3943605646,10,986,-71,2432,-4462,-857,idle-X
3943620323,10,986,-71,2432,-4462,-857,idle-X
3943624923,10,986,-71,2467,-4462,-857,idle-X
3943637462,10,986,-71,2467,-4462,-857,idle-X
3943644199,10,986,-71,2485,-4462,-857,idle-X
3943654601,9,986,-71,2485,-4462,-857,idle-X
3943663169,9,986,-71,2467,-4480,-892,idle-X
3943672043,9,986,-72,2467,-4480,-892,idle-X
3943682445,9,986,-72,2467,-4462,-857,idle-X
3943689183,9,986,-71,2467,-4462,-857,idle-X
3943701721,9,986,-71,2450,-4497,-875,idle-X
3943706321,10,986,-71,2450,-4497,-875,idle-X
3943720691,10,986,-71,2467,-4462,-892,idle-X
3943723765,10,986,-71,2467,-4462,-892,idle-X
3943739968,10,986,-71,2450,-4462,-857,idle-X
3943740904,10,986,-71,2450,-4462,-857,idle-X
3943758022,9,986,-71,2450,-4462,-857,idle-X
3943759264,9,986,-71,2432,-4462,-857,idle-X
3943775466,10,986,-71,2432,-4462,-857,idle-X
3943778540,10,986,-71,2467,-4480,-857,idle-X
3943792605,9,986,-71,2467,-4480,-857,idle-X
3943797510,9,986,-71,2467,-4445,-857,idle-X
3943809745,10,986,-71,2467,-4445,-857,idle-X
3943816787,10,986,-71,2450,-4462,-875,idle-X
3943827188,10,986,-71,2450,-4462,-875,idle-X
3943836061,10,986,-71,2450,-4445,-875,idle-X
3943844324,10,986,-71,2450,-4445,-875,idle-X
3943855336,10,986,-71,2467,-4445,-875,idle-X
3943861462,10,987,-70,2467,-4445,-875,idle-X
3943874306,10,987,-70,2467,-4462,-910,idle-X
3943878602,10,986,-71,2467,-4462,-910,idle-X
3943893582,10,986,-71,2467,-4497,-892,idle-X
3943896045,10,986,-71,2467,-4497,-892,idle-X
3943912857,10,986,-71,2450,-4480,-892,idle-X
3943913487,9,986,-71,2450,-4480,-892,idle-X
3943930300,10,986,-71,2450,-4480,-892,idle-X
3943931847,10,986,-71,2467,-4462,-857,idle-X
3943947745,9,985,-72,2467,-4462,-857,idle-X
3943951123,9,985,-72,2467,-4462,-875,idle-X
3943964882,9,986,-71,2467,-4462,-875,idle-X
3943970397,9,986,-71,2432,-4445,-875,idle-X
3943982020,9,986,-71,2432,-4445,-875,idle-X
3943989367,9,986,-71,2450,-4497,-875,idle-X
3943999461,10,986,-71,2450,-4497,-875,idle-X
3944008641,10,986,-71,2467,-4480,-892,idle-X
3944016601,10,986,-71,2467,-4480,-892,idle-X
3944027917,10,986,-71,2467,-4445,-875,idle-X
3944033739,9,986,-71,2467,-4445,-875,idle-X
3944047192,9,986,-71,2467,-4445,-875,idle-X
3944051182,9,986,-71,2467,-4445,-875,idle-X
3944066162,9,986,-71,2502,-4462,-875,idle-X
3944068320,9,986,-71,2502,-4462,-875,idle-X
3944085438,9,986,-71,2467,-4462,-857,idle-X
3944102874,10,986,-70,2467,-4462,-857,idle-X
3944104725,10,986,-70,2467,-4462,-875,idle-X
3944120012,10,986,-71,2467,-4462,-875,idle-X
3944124001,10,986,-71,2467,-4462,-875,idle-X
3944137152,9,986,-71,2467,-4462,-875,idle-X
3944142973,9,986,-71,2467,-4445,-892,idle-X
3944154289,9,986,-71,2467,-4445,-892,idle-X
3944162247,9,986,-71,2467,-4427,-910,idle-X
3944171732,10,986,-71,2467,-4427,-910,idle-X
3944181524,10,986,-71,2467,-4445,-857,idle-X
3944188871,9,986,-71,2467,-4445,-857,idle-X
3944200494,9,986,-71,2450,-4445,-875,idle-X
3944206011,9,986,-71,2450,-4445,-875,idle-X
3944219771,9,986,-71,2450,-4427,-875,idle-X
3944223454,10,986,-71,2450,-4427,-875,idle-X
3944239046,10,986,-71,2467,-4427,-875,idle-X
3944240594,10,986,-71,2467,-4427,-875,idle-X
3944257712,10,986,-70,2467,-4480,-875,idle-X
3944274843,10,986,-71,2467,-4480,-875,idle-X
3944277306,10,986,-71,2467,-4480,-875,idle-X
3944292286,10,986,-71,2467,-4480,-875,idle-X
3944296582,10,986,-71,2467,-4462,-875,idle-X
3944309424,10,986,-71,2467,-4462,-875,idle-X
3944315552,10,986,-71,2467,-4480,-857,idle-X
3944326564,10,985,-71,2467,-4480,-857,idle-X
3944334829,10,985,-71,2467,-4480,-875,idle-X
3944344009,10,986,-71,2467,-4480,-875,idle-X
3944354105,10,986,-71,2485,-4462,-875,idle-X
3944361148,10,986,-71,2485,-4462,-875,idle-X
3944373381,10,986,-71,2485,-4445,-910,idle-X
3944378286,9,986,-70,2485,-4445,-910,idle-X
3944392350,9,986,-70,2485,-4497,-892,idle-X
3944395423,10,986,-71,2485,-4497,-892,idle-X
3944411626,10,986,-71,2467,-4462,-875,idle-X
3944412869,10,986,-71,2467,-4462,-875,idle-X
3944429987,10,986,-71,2467,-4462,-875,idle-X
3944430923,10,986,-71,2467,-4445,-875,idle-X
3944447125,9,986,-71,2467,-4445,-875,idle-X
3944449892,9,986,-71,2432,-4480,-892,idle-X
3944464569,10,986,-71,2432,-4480,-892,idle-X
3944469170,10,986,-71,2467,-4462,-892,idle-X
3944481708,9,986,-71,2467,-4462,-892,idle-X
3944488445,9,986,-71,2467,-4445,-875,idle-X
3944498846,10,986,-71,2467,-4445,-875,idle-X
3944507416,10,986,-71,2450,-4480,-910,idle-X
3944516290,10,986,-71,2450,-4480,-910,idle-X
3944526692,10,986,-71,2467,-4480,-892,idle-X
3944533429,10,986,-71,2467,-4480,-892,idle-X
3944545967,10,986,-71,2450,-4462,-875,idle-X
3944550567,9,986,-71,2450,-4462,-875,idle-X
3944565243,9,986,-71,2485,-4427,-892,idle-X
3944568011,10,986,-71,2485,-4427,-892,idle-X
3944584214,10,986,-71,2467,-4427,-892,idle-X
3944585150,10,986,-71,2467,-4427,-892,idle-X
3944602270,10,986,-70,2467,-4427,-892,idle-X
3944603511,10,986,-70,2485,-4462,-892,idle-X
3944619713,10,986,-71,2485,-4462,-892,idle-X
3944622787,10,986,-71,2467,-4462,-875,idle-X
3944636852,10,986,-71,2467,-4462,-875,idle-X
3944641757,10,986,-71,2485,-4462,-892,idle-X
3944653990,9,986,-71,2485,-4462,-892,idle-X
3944661034,9,986,-71,2467,-4480,-857,idle-X
3944671131,10,986,-71,2467,-4480,-857,idle-X
3944680310,10,986,-71,2485,-4480,-910,idle-X
3944688573,10,986,-71,2485,-4480,-910,idle-X
3944699584,10,986,-71,2467,-4497,-910,idle-X
3944705710,10,986,-71,2467,-4497,-910,idle-X
3944718554,10,986,-71,2485,-4462,-857,idle-X
3944722849,9,986,-70,2485,-4462,-857,idle-X
3944737830,9,986,-70,2450,-4462,-892,idle-X
3944740293,10,986,-71,2450,-4462,-892,idle-X
3944757106,10,986,-71,2467,-4462,-857,idle-X
3944757736,10,986,-71,2467,-4462,-857,idle-X
3944774550,10,986,-71,2467,-4462,-857,idle-X
3944776402,10,986,-71,2485,-4462,-875,idle-X
3944791994,9,986,-71,2485,-4462,-875,idle-X
3944795373,9,986,-71,2485,-4445,-857,idle-X
3944809133,10,986,-70,2485,-4445,-857,idle-X
3944814648,10,986,-70,2485,-4445,-857,idle-X
3944826271,10,986,-71,2485,-4445,-857,idle-X
3944833924,10,986,-71,2485,-4462,-892,idle-X
3944843714,9,986,-71,2485,-4462,-892,idle-X
3944853199,9,986,-71,2467,-4445,-875,idle-X
3944860853,10,986,-70,2467,-4445,-875,idle-X
3944872170,10,986,-70,2502,-4462,-875,idle-X
3944877991,10,986,-71,2502,-4462,-875,idle-X
3944891445,10,986,-71,2485,-4462,-857,idle-X
3944895435,9,986,-71,2485,-4462,-857,idle-X
3944910722,9,986,-71,2467,-4445,-875,idle-X
3944912575,10,986,-71,2467,-4445,-875,idle-X
3944929999,9,986,-71,2485,-4445,-875,idle-X
3944947130,9,986,-71,2485,-4445,-875,idle-X
3944948982,9,986,-71,2450,-4462,-875,idle-X
3944964269,10,986,-71,2450,-4462,-875,idle-X
3944968259,10,986,-71,2450,-4480,-857,idle-X
3944981713,9,986,-71,2450,-4480,-857,idle-X
3944987535,9,986,-71,2450,-4462,-892,idle-X
3944998852,9,986,-70,2450,-4462,-892,idle-X
3945006809,9,986,-70,2467,-4462,-892,idle-X
3945015988,10,986,-71,2467,-4462,-892,idle-X
3945025779,10,986,-71,2467,-4462,-892,idle-X
3945033432,10,986,-71,2467,-4462,-892,idle-X
3945045054,10,986,-71,2467,-4462,-892,idle-X
3945050570,9,986,-70,2467,-4462,-892,idle-X
3945064330,9,986,-70,2467,-4480,-875,idle-X
3945067708,10,986,-71,2467,-4480,-875,idle-X
3945083605,10,986,-71,2467,-4480,-857,idle-X
3945085151,9,986,-71,2467,-4480,-857,idle-X
3945102270,9,986,-71,2450,-4462,-857,idle-X
3945119400,9,986,-71,2450,-4462,-857,idle-X
3945121863,9,986,-71,2467,-4462,-892,idle-X
3945136844,10,986,-71,2467,-4462,-892,idle-X
3945141138,10,986,-71,2450,-4480,-875,idle-X
3945153983,10,986,-70,2450,-4480,-875,idle-X
3945160415,10,986,-70,2485,-4480,-875,idle-X
3945171121,10,986,-71,2485,-4480,-875,idle-X
3945179386,10,986,-71,2467,-4445,-857,idle-X
3945188566,10,986,-71,2467,-4445,-857,idle-X
3945198662,10,986,-71,2450,-4462,-892,idle-X
3945205705,9,986,-70,2450,-4462,-892,idle-X
3945217939,9,986,-70,2450,-4427,-892,idle-X
3945222844,10,986,-70,2450,-4427,-892,idle-X
3945237214,10,986,-70,2450,-4445,-892,idle-X
3945240288,10,986,-71,2450,-4445,-892,idle-X
3945256186,10,986,-71,2485,-4462,-875,idle-X
3945257427,10,986,-71,2485,-4462,-875,idle-X
3945274545,10,986,-71,2485,-4462,-875,idle-X
3945275482,10,986,-71,2450,-4480,-875,idle-X
3945291990,10,986,-71,2450,-4480,-875,idle-X
3945294759,10,986,-71,2450,-4462,-875,idle-X
3945309130,10,986,-71,2450,-4462,-875,idle-X
3945314036,10,986,-71,2467,-4427,-892,idle-X
3945326270,9,986,-71,2467,-4427,-892,idle-X
3945333006,9,986,-71,2467,-4445,-910,idle-X
3945343713,9,986,-72,2467,-4445,-910,idle-X
3945352282,9,986,-72,2467,-4462,-892,idle-X
3945360851,9,986,-71,2467,-4462,-892,idle-X
3945371557,9,986,-71,2485,-4445,-875,idle-X
3945377990,9,986,-71,2485,-4445,-875,idle-X
3945390834,9,986,-71,2502,-4480,-875,idle-X
3945395434,10,986,-71,2502,-4480,-875,idle-X
3945409805,10,986,-71,2450,-4480,-875,idle-X
3945412573,10,986,-71,2450,-4480,-875,idle-X
3945429081,10,986,-71,2450,-4480,-857,idle-X
3945429711,9,986,-71,2450,-4480,-857,idle-X
3945447136,9,986,-71,2450,-4480,-857,idle-X
3945448378,9,986,-71,2485,-4462,-875,idle-X
3945464273,9,986,-71,2485,-4462,-875,idle-X
3945467347,9,986,-71,2467,-4480,-892,idle-X
3945481411,10,986,-71,2467,-4480,-892,idle-X
3945486622,10,986,-71,2467,-4445,-875,idle-X
3945498854,9,986,-71,2467,-4445,-875,idle-X
3945505897,9,986,-71,2467,-4462,-892,idle-X
3945515994,10,986,-70,2467,-4462,-892,idle-X
3945525173,10,986,-70,2467,-4462,-857,idle-X
3945533132,9,986,-71,2467,-4462,-857,idle-X
3945544143,9,986,-71,2467,-4462,-857,idle-X
3945550575,10,986,-70,2467,-4462,-857,idle-X
3945563419,10,986,-70,2467,-4480,-875,idle-X
3945567714,10,986,-70,2467,-4480,-875,idle-X
3945582696,10,986,-70,2450,-4480,-875,idle-X
3945584854,10,986,-71,2450,-4480,-875,idle-X
3945601972,10,986,-71,2485,-4462,-875,idle-X
3945602602,10,986,-71,2485,-4462,-875,idle-X
3945619414,9,986,-71,2485,-4462,-875,idle-X
3945620961,9,986,-71,2502,-4480,-892,idle-X
3945636553,9,986,-71,2502,-4480,-892,idle-X
3945640237,9,986,-71,2450,-4462,-875,idle-X
3945653997,9,986,-71,2450,-4462,-875,idle-X
3945659512,9,986,-71,2467,-4462,-875,idle-X
3945671135,10,986,-71,2467,-4462,-875,idle-X
3945678787,10,986,-71,2467,-4445,-892,idle-X
3945688272,10,986,-71,2467,-4445,-892,idle-X
3945697756,10,986,-71,2467,-4445,-875,idle-X
3945705714,10,986,-71,2467,-4445,-875,idle-X
3945717032,10,986,-71,2502,-4480,-875,idle-X
3945722854,10,986,-71,2502,-4480,-875,idle-X
3945736308,10,986,-71,2467,-4462,-892,idle-X
3945739992,9,986,-71,2467,-4462,-892,idle-X
3945755583,9,986,-71,2467,-4445,-857,idle-X
3945757435,9,986,-70,2467,-4445,-857,idle-X
3945774554,9,986,-71,2450,-4445,-892,idle-X
3945791685,10,986,-71,2450,-4445,-892,idle-X
3945793842,10,986,-71,2467,-4480,-892,idle-X
3945809129,10,986,-71,2467,-4480,-892,idle-X
3945813118,10,986,-71,2467,-4480,-875,idle-X
3945826267,9,986,-72,2467,-4480,-875,idle-X
3945832089,9,986,-72,2467,-4462,-892,idle-X
3945843406,10,986,-71,2467,-4462,-892,idle-X
3945851364,10,986,-71,2485,-4427,-857,idle-X
3945860850,10,986,-71,2485,-4427,-857,idle-X
3945870640,10,986,-71,2485,-4445,-875,idle-X
3945877988,9,986,-71,2485,-4445,-875,idle-X
3945889915,9,986,-71,2467,-4445,-910,idle-X
3945895127,9,986,-70,2467,-4445,-910,idle-X
3945908887,9,986,-70,2485,-4427,-875,idle-X
3945912570,10,986,-71,2485,-4427,-875,idle-X
3945928163,10,986,-71,2467,-4462,-875,idle-X
3945929709,10,986,-71,2467,-4462,-875,idle-X
3945946827,10,986,-71,2467,-4462,-875,idle-X
3945947457,10,986,-71,2467,-4462,-892,idle-X
3945964271,10,986,-71,2467,-4462,-892,idle-X
3945966428,10,986,-71,2467,-4462,-857,idle-X
3945981410,10,986,-71,2467,-4462,-857,idle-X
3945985705,10,986,-71,2502,-4462,-857,idle-X
3945998549,10,986,-71,2502,-4462,-857,idle-X
3946004981,10,986,-71,2485,-4445,-892,idle-X
3946015688,10,986,-71,2485,-4445,-892,idle-X
3946024256,10,986,-71,2432,-4445,-892,idle-X
3946033131,10,986,-71,2432,-4445,-892,idle-X
3946043227,10,986,-71,2450,-4480,-892,idle-X
3946050270,10,986,-71,2450,-4480,-892,idle-X
3946062502,10,986,-71,2485,-4480,-875,idle-X
3946067408,10,986,-71,2485,-4480,-875,idle-X
3946081777,10,986,-71,2467,-4462,-875,idle-X
3946084851,9,986,-71,2467,-4462,-875,idle-X
3946100748,9,986,-71,2450,-4462,-875,idle-X
3946101990,9,986,-71,2450,-4462,-875,idle-X
3946119108,10,986,-70,2450,-4462,-875,idle-X
3946120044,10,986,-70,2467,-4480,-927,idle-X
3946136552,9,986,-71,2467,-4480,-927,idle-X
3946139320,9,986,-71,2467,-4462,-892,idle-X
3946153690,10,986,-71,2467,-4462,-892,idle-X
3946158595,10,986,-71,2450,-4480,-892,idle-X
3946170829,9,986,-71,2450,-4480,-892,idle-X
3946177565,9,986,-71,2467,-4445,-892,idle-X
3946188271,9,986,-71,2467,-4445,-892,idle-X
3946196840,9,986,-71,2467,-4445,-875,idle-X
3946205409,9,986,-71,2467,-4445,-875,idle-X
3946216115,9,986,-71,2450,-4480,-892,idle-X
3946222546,10,986,-71,2450,-4480,-892,idle-X
3946235390,10,986,-71,2485,-4445,-857,idle-X
3946239990,10,986,-71,2485,-4445,-857,idle-X
3946254361,10,986,-71,2450,-4445,-875,idle-X
3946257129,10,986,-71,2450,-4445,-875,idle-X
3946273637,10,986,-71,2467,-4462,-875,idle-X
3946274267,10,986,-71,2467,-4462,-875,idle-X
3946291690,9,986,-71,2467,-4462,-875,idle-X
3946292931,9,986,-71,2450,-4445,-857,idle-X
3946308829,9,986,-71,2450,-4445,-857,idle-X
3946311901,9,986,-71,2450,-4445,-892,idle-X
3946325967,10,986,-72,2450,-4445,-892,idle-X
3946331177,10,986,-72,2450,-4480,-875,idle-X
3946343105,9,986,-71,2450,-4480,-875,idle-X
3946350453,9,986,-71,2450,-4462,-892,idle-X
3946360550,10,986,-70,2450,-4462,-892,idle-X
3946369730,10,986,-70,2450,-4480,-875,idle-X
3946377689,9,986,-70,2450,-4480,-875,idle-X
3946388700,9,986,-70,2467,-4462,-857,idle-X
3946394827,9,986,-71,2467,-4462,-857,idle-X
3946407975,9,986,-71,2450,-4480,-875,idle-X
3946412270,10,986,-71,2450,-4480,-875,idle-X
3946427252,10,986,-71,2432,-4462,-875,idle-X
3946429410,9,986,-71,2432,-4462,-875,idle-X
3946446222,9,986,-71,2467,-4462,-875,idle-X
3946446853,9,986,-71,2467,-4462,-875,idle-X
3946463972,10,986,-71,2467,-4462,-875,idle-X
3946465519,10,986,-71,2467,-4462,-875,idle-X
3946481110,10,986,-71,2467,-4462,-875,idle-X
3946484795,10,986,-71,2450,-4462,-892,idle-X
3946498249,10,986,-71,2450,-4462,-892,idle-X
3946503765,10,986,-71,2450,-4480,-857,idle-X
3946515387,10,986,-70,2450,-4480,-857,idle-X
3946523039,10,986,-70,2485,-4480,-840,idle-X
3946532829,10,986,-71,2485,-4480,-840,idle-X
3946542314,10,986,-71,2450,-4480,-892,idle-X
3946549967,9,986,-72,2450,-4480,-892,idle-X
3946561589,9,986,-72,2450,-4480,-892,idle-X
3946567105,10,986,-71,2450,-4480,-892,idle-X
3946580559,10,986,-71,2467,-4462,-857,idle-X
3946584549,9,986,-71,2467,-4462,-857,idle-X
3946599835,9,986,-71,2467,-4462,-857,idle-X
3946601688,10,986,-71,2467,-4462,-857,idle-X
3946618805,9,986,-70,2467,-4480,-892,idle-X
3946636242,10,986,-71,2467,-4480,-892,idle-X
3946638095,10,986,-71,2467,-4427,-910,idle-X
3946653381,10,986,-71,2467,-4427,-910,idle-X
3946657371,10,986,-71,2467,-4445,-892,idle-X
3946670520,9,986,-71,2467,-4445,-892,idle-X
3946676646,9,986,-71,2450,-4480,-910,idle-X
3946687658,9,986,-71,2450,-4480,-910,idle-X
3946695617,9,986,-71,2485,-4462,-857,idle-X
3946705102,9,986,-71,2485,-4462,-857,idle-X
3946714892,9,986,-71,2467,-4445,-892,idle-X
3946722241,9,986,-71,2467,-4445,-892,idle-X
3946734168,9,986,-71,2467,-4445,-875,idle-X
3946739378,10,986,-71,2467,-4445,-875,idle-X
3946753443,10,986,-71,2467,-4480,-875,idle-X
3946756823,9,986,-70,2467,-4480,-875,idle-X
3946772415,9,986,-70,2485,-4462,-875,idle-X
3946773962,10,986,-71,2485,-4462,-875,idle-X
3946791080,9,986,-71,2485,-4462,-875,idle-X
3946791710,9,986,-71,2450,-4497,-875,idle-X
3946808523,9,986,-71,2450,-4497,-875,idle-X
3946810986,9,986,-71,2450,-4462,-857,idle-X
3946825662,9,986,-71,2450,-4462,-857,idle-X
3946829957,9,986,-71,2502,-4445,-857,idle-X
3946842800,10,986,-70,2502,-4445,-857,idle-X
3946849232,10,986,-70,2485,-4480,-875,idle-X
3946860243,10,986,-71,2485,-4480,-875,idle-X
3946868507,10,986,-71,2485,-4480,-892,idle-X
3946877381,9,986,-71,2485,-4480,-892,idle-X
3946887783,9,986,-71,2467,-4462,-892,idle-X
3946894520,9,986,-71,2467,-4462,-892,idle-X
3946906753,9,986,-71,2467,-4462,-840,idle-X
3946911658,10,986,-71,2467,-4462,-840,idle-X
3946926027,10,986,-71,2467,-4462,-857,idle-X
3946929102,9,986,-71,2467,-4462,-857,idle-X
3946945303,9,986,-71,2450,-4445,-857,idle-X
3946946240,10,986,-71,2450,-4445,-857,idle-X
3946963358,10,986,-70,2450,-4445,-857,idle-X
3946964294,10,986,-70,2432,-4445,-875,idle-X
3946980801,10,986,-71,2432,-4445,-875,idle-X
3946983568,10,986,-71,2467,-4445,-857,idle-X
3946997939,10,986,-71,2467,-4445,-857,idle-X
3947002844,10,986,-71,2467,-4480,-892,idle-X
3947015077,9,986,-70,2467,-4480,-892,idle-X
3947022120,9,986,-70,2485,-4462,-892,idle-X
3947032521,10,986,-71,2485,-4462,-892,idle-X
3947041090,10,986,-71,2485,-4462,-875,idle-X
3947049660,10,986,-70,2485,-4462,-875,idle-X
3947060365,10,986,-70,2450,-4445,-892,idle-X
3947066797,10,986,-71,2450,-4445,-892,idle-X
3947079641,10,986,-71,2450,-4462,-857,idle-X
3947083936,10,986,-71,2450,-4462,-857,idle-X
3947098611,10,986,-71,2450,-4462,-857,idle-X
3947101380,10,986,-70,2450,-4462,-857,idle-X
3947117887,10,986,-70,2485,-4462,-857,idle-X
3947118517,10,986,-70,2485,-4462,-857,idle-X
3947135636,10,986,-72,2485,-4462,-857,idle-X
3947137182,10,986,-72,2450,-4480,-875,idle-X
3947153081,10,986,-71,2450,-4480,-875,idle-X
3947156459,10,986,-71,2467,-4480,-892,idle-X
3947170219,10,986,-71,2467,-4480,-892,idle-X
3947175430,10,986,-71,2450,-4462,-892,idle-X
3947187357,10,986,-71,2450,-4462,-892,idle-X
3947194705,10,986,-71,2450,-4480,-875,idle-X
3947204802,9,985,-71,2450,-4480,-875,idle-X
3947213982,9,985,-71,2450,-4462,-875,idle-X
3947221941,10,986,-71,2450,-4462,-875,idle-X
3947232951,10,986,-71,2467,-4445,-875,idle-X
3947239078,10,986,-71,2467,-4445,-875,idle-X
3947252227,10,986,-71,2467,-4480,-875,idle-X
3947256520,9,986,-71,2467,-4480,-875,idle-X
3947271501,9,986,-71,2485,-4480,-892,idle-X
3947273659,9,986,-70,2485,-4480,-892,idle-X
3947290778,10,986,-71,2450,-4480,-892,idle-X
3947308214,10,986,-71,2450,-4480,-892,idle-X
3947309762,10,986,-71,2467,-4480,-875,idle-X
3947325353,9,986,-71,2467,-4480,-875,idle-X
3947329037,9,986,-71,2450,-4462,-892,idle-X
3947342491,9,986,-71,2450,-4462,-892,idle-X
3947348313,9,986,-71,2485,-4462,-857,idle-X
3947359630,10,986,-71,2485,-4462,-857,idle-X
3947367282,10,986,-71,2485,-4445,-892,idle-X
3947377071,10,986,-71,2485,-4445,-892,idle-X
3947386556,10,986,-71,2450,-4445,-892,idle-X
3947394210,10,986,-71,2450,-4445,-892,idle-X
3947405831,10,986,-71,2450,-4462,-875,idle-X
3947411348,10,986,-71,2450,-4462,-875,idle-X
3947425108,10,986,-71,2450,-4427,-892,idle-X
3947428791,9,986,-71,2450,-4427,-892,idle-X
3947444077,9,986,-71,2450,-4445,-875,idle-X
3947445930,9,986,-71,2450,-4445,-875,idle-X
3947463048,10,986,-71,2467,-4445,-892,idle-X
3947480484,10,986,-70,2467,-4445,-892,idle-X
3947482642,10,986,-70,2485,-4462,-910,idle-X
3947497623,10,986,-71,2485,-4462,-910,idle-X
3947501612,10,986,-71,2485,-4445,-892,idle-X
3947514760,10,986,-71,2485,-4445,-892,idle-X
3947520887,10,986,-71,2467,-4480,-875,idle-X
3947531898,10,986,-71,2467,-4480,-875,idle-X
3947540162,10,986,-71,2450,-4462,-857,idle-X
3947549342,10,986,-71,2450,-4462,-857,idle-X
3947559133,10,986,-71,2467,-4445,-840,idle-X
3947566480,10,986,-71,2467,-4445,-840,idle-X
3947578408,10,986,-71,2467,-4462,-875,idle-X
3947583618,10,986,-71,2467,-4462,-875,idle-X
3947597682,10,986,-71,2432,-4480,-857,idle-X
3947601062,10,986,-71,2432,-4480,-857,idle-X
3947616959,10,986,-71,2485,-4462,-875,idle-X
3947618201,10,986,-71,2485,-4462,-875,idle-X
3947635320,9,986,-71,2485,-4462,-875,idle-X
3947635950,9,986,-71,2467,-4445,-875,idle-X
3947652763,10,986,-71,2467,-4445,-875,idle-X
3947655225,10,986,-71,2467,-4427,-875,idle-X
3947669901,10,986,-72,2467,-4427,-875,idle-X
3947674501,10,986,-72,2450,-4462,-875,idle-X
3947687040,10,986,-72,2450,-4462,-875,idle-X
3947693472,10,986,-72,2432,-4462,-875,idle-X
3947704485,10,986,-71,2432,-4462,-875,idle-X
3947712749,10,986,-71,2467,-4462,-875,idle-X
3947721623,9,986,-71,2467,-4462,-875,idle-X
3947732024,9,986,-71,2450,-4480,-892,idle-X
3947738761,10,986,-71,2450,-4480,-892,idle-X
3947750994,10,986,-71,2502,-4445,-875,idle-X
3947755899,9,986,-71,2502,-4445,-875,idle-X
3947770268,9,986,-71,2467,-4445,-875,idle-X
3947773342,9,986,-71,2467,-4445,-875,idle-X
3947789544,9,986,-71,2467,-4462,-875,idle-X
3947790480,9,986,-71,2467,-4462,-875,idle-X
3947807598,10,986,-71,2467,-4462,-875,idle-X
3947808840,10,986,-71,2467,-4445,-875,idle-X
3947825042,10,986,-71,2467,-4445,-875,idle-X
3947827810,10,986,-71,2467,-4445,-857,idle-X
3947842181,9,986,-70,2467,-4445,-857,idle-X
3947847087,9,986,-70,2467,-4480,-875,idle-X
3947859319,10,986,-71,2467,-4480,-875,idle-X
3947866362,10,986,-71,2450,-4480,-875,idle-X
3947876458,10,986,-71,2450,-4480,-875,idle-X
3947885334,10,986,-71,2450,-4462,-875,idle-X
3947893903,9,986,-71,2450,-4462,-875,idle-X
3947904609,9,986,-71,2450,-4462,-892,idle-X
3947911041,10,986,-71,2450,-4462,-892,idle-X
3947923884,10,986,-71,2467,-4462,-875,idle-X
3947928179,10,986,-71,2467,-4462,-875,idle-X
3947943160,10,986,-71,2485,-4480,-875,idle-X
3947945623,10,986,-71,2485,-4480,-875,idle-X
3947962131,10,986,-71,2467,-4462,-875,idle-X
3947962761,10,986,-71,2467,-4462,-875,idle-X
3947979878,10,986,-71,2467,-4462,-875,idle-X
3947981425,10,986,-71,2485,-4480,-892,idle-X
3947997323,9,986,-71,2485,-4480,-892,idle-X
3948000702,9,986,-71,2450,-4480,-875,idle-X
3948014462,9,986,-71,2450,-4480,-875,idle-X
3948019673,9,986,-71,2485,-4462,-875,idle-X
3948031600,10,986,-71,2485,-4462,-875,idle-X
3948038947,10,986,-71,2485,-4480,-892,idle-X
3948049043,10,986,-70,2485,-4480,-892,idle-X
3948058223,10,986,-70,2467,-4462,-875,idle-X
3948066182,9,986,-71,2467,-4462,-875,idle-X
3948077194,9,986,-71,2467,-4427,-892,idle-X
3948083320,9,986,-71,2467,-4427,-892,idle-X
3948096469,9,986,-71,2485,-4462,-892,idle-X
3948100458,10,985,-71,2485,-4462,-892,idle-X
3948115744,10,985,-71,2450,-4462,-910,idle-X
3948117901,9,986,-71,2450,-4462,-910,idle-X
3948135021,9,986,-71,2450,-4480,-875,idle-X
3948152152,9,986,-71,2450,-4480,-875,idle-X
3948154004,9,986,-71,2467,-4480,-892,idle-X
3948169596,10,986,-71,2467,-4480,-892,idle-X
3948173280,10,986,-71,2467,-4480,-875,idle-X
3948186734,10,986,-71,2467,-4480,-875,idle-X
3948192556,10,986,-71,2467,-4480,-857,idle-X
3948203874,10,986,-70,2467,-4480,-857,idle-X
3948211526,10,986,-70,2450,-4445,-857,idle-X
3948221012,10,986,-71,2450,-4445,-857,idle-X
3948230802,10,986,-71,2450,-4480,-875,idle-X
3948238455,10,986,-72,2450,-4480,-875,idle-X
3948250078,10,986,-72,2467,-4480,-875,idle-X
3948255594,10,986,-71,2467,-4480,-875,idle-X
3948269355,10,986,-71,2467,-4462,-857,idle-X
3948272734,10,986,-70,2467,-4462,-857,idle-X
3948288326,10,986,-70,2467,-4462,-875,idle-X
3948290178,10,986,-71,2467,-4462,-875,idle-X
3948307297,10,986,-71,2467,-4497,-875,idle-X
3948324426,9,986,-71,2467,-4497,-875,idle-X
3948326889,9,986,-71,2450,-4480,-840,idle-X
3948341870,10,986,-71,2450,-4480,-840,idle-X
3948345860,10,986,-71,2467,-4480,-857,idle-X
3948359008,9,986,-71,2467,-4480,-857,idle-X
3948365135,9,986,-71,2450,-4480,-875,idle-X
3948376147,9,986,-71,2450,-4480,-875,idle-X
3948384410,9,986,-71,2450,-4480,-875,idle-X
3948393285,9,986,-71,2450,-4480,-875,idle-X
3948403381,9,986,-71,2467,-4462,-892,idle-X
3948410729,9,986,-71,2467,-4462,-892,idle-X
3948422656,9,986,-71,2450,-4445,-875,idle-X
3948427868,9,986,-70,2450,-4445,-875,idle-X
3948441932,9,986,-70,2467,-4462,-892,idle-X
3948445005,10,986,-71,2467,-4462,-892,idle-X
3948461207,10,986,-71,2450,-4480,-875,idle-X
3948462448,9,986,-71,2450,-4480,-875,idle-X
3948479567,10,986,-71,2450,-4480,-875,idle-X
3948480197,10,986,-71,2467,-4462,-892,idle-X
3948496705,10,986,-71,2467,-4462,-892,idle-X
3948499474,10,986,-71,2467,-4462,-892,idle-X
3948514149,10,986,-70,2467,-4462,-892,idle-X
3948518749,10,986,-70,2432,-4480,-910,idle-X
3948531288,9,986,-71,2432,-4480,-910,idle-X
3948537720,9,986,-71,2467,-4480,-892,idle-X
3948548426,10,986,-71,2467,-4480,-892,idle-X
3948556995,10,986,-71,2467,-4480,-875,idle-X
3948565564,9,986,-71,2467,-4480,-875,idle-X
3948576270,9,986,-71,2485,-4480,-875,idle-X
3948583008,10,986,-71,2485,-4480,-875,idle-X
3948595242,10,986,-71,2467,-4480,-875,idle-X
3948600147,10,986,-70,2467,-4480,-875,idle-X
3948614518,10,986,-70,2467,-4462,-875,idle-X
3948617287,9,986,-71,2467,-4462,-875,idle-X
3948633794,9,986,-71,2450,-4462,-840,idle-X
3948634424,10,986,-70,2450,-4462,-840,idle-X
3948651848,9,986,-71,2450,-4462,-840,idle-X
3948652785,9,986,-71,2485,-4462,-857,idle-X
3948668987,9,986,-71,2485,-4462,-857,idle-X
3948672060,9,986,-71,2485,-4480,-857,idle-X
3948686124,10,986,-70,2485,-4480,-857,idle-X
3948691334,10,986,-70,2485,-4462,-875,idle-X
3948703566,10,986,-70,2485,-4462,-875,idle-X
3948710303,10,986,-70,2467,-4445,-875,idle-X
3948720704,9,986,-71,2467,-4445,-875,idle-X
3948729579,9,986,-71,2432,-4445,-857,idle-X
3948737843,10,986,-71,2432,-4445,-857,idle-X
3948748855,10,986,-71,2432,-4462,-857,idle-X
3948754982,9,986,-71,2432,-4462,-857,idle-X
3948768131,9,986,-71,2467,-4462,-892,idle-X
3948772425,10,986,-71,2467,-4462,-892,idle-X
3948787101,10,986,-71,2467,-4462,-892,idle-X
3948789564,10,986,-71,2467,-4462,-892,idle-X
3948806377,10,986,-71,2467,-4462,-892,idle-X
3948807007,10,986,-70,2467,-4462,-892,idle-X
3948824125,9,986,-71,2467,-4462,-892,idle-X
3948825671,9,986,-71,2467,-4445,-892,idle-X
3948841263,9,986,-71,2467,-4445,-892,idle-X
3948844642,9,986,-71,2485,-4445,-875,idle-X
3948858403,10,986,-71,2485,-4445,-875,idle-X
3948863919,10,986,-71,2467,-4462,-875,idle-X
3948875846,9,986,-71,2467,-4462,-875,idle-X
3948883193,9,986,-71,2485,-4480,-892,idle-X
3948892983,9,986,-71,2485,-4480,-892,idle-X
3948902163,9,986,-71,2467,-4427,-892,idle-X
3948910122,9,986,-71,2467,-4427,-892,idle-X
3948921440,9,986,-71,2467,-4462,-875,idle-X
3948927262,10,986,-71,2467,-4462,-875,idle-X
3948940716,10,986,-71,2432,-4480,-875,idle-X
3948944706,10,986,-71,2432,-4480,-875,idle-X
3948959687,10,986,-71,2467,-4462,-875,idle-X
3948961845,10,986,-71,2467,-4462,-875,idle-X
3948978963,10,986,-71,2467,-4462,-875,idle-X
3948996399,10,986,-70,2467,-4462,-875,idle-X
3948998251,10,986,-70,2467,-4462,-892,idle-X
3949013536,9,986,-71,2467,-4462,-892,idle-X
3949017220,9,986,-71,2485,-4480,-892,idle-X
3949030673,10,986,-71,2485,-4480,-892,idle-X
3949036495,10,986,-71,2502,-4462,-892,idle-X
3949047811,9,986,-71,2502,-4462,-892,idle-X
3949055770,9,986,-71,2502,-4445,-875,idle-X
3949065255,9,986,-71,2502,-4445,-875,idle-X
3949074741,9,986,-71,2467,-4480,-875,idle-X
3949082394,9,986,-71,2467,-4480,-875,idle-X
3949094017,9,986,-71,2467,-4462,-892,idle-X
3949099533,9,986,-71,2467,-4462,-892,idle-X
3949113292,9,986,-71,2450,-4462,-840,idle-X
3949116671,9,986,-71,2450,-4462,-840,idle-X
3949132567,9,986,-71,2450,-4462,-875,idle-X
3949134114,9,986,-71,2450,-4462,-875,idle-X
3949151232,10,986,-71,2467,-4445,-875,idle-X
3949168361,9,986,-71,2467,-4445,-875,idle-X
3949170825,9,986,-71,2450,-4480,-892,idle-X
3949185806,10,986,-71,2450,-4480,-892,idle-X
3949190100,10,986,-71,2485,-4480,-875,idle-X
3949202943,10,986,-71,2485,-4480,-875,idle-X
3949209069,10,986,-71,2450,-4445,-910,idle-X
3949220081,10,986,-71,2450,-4445,-910,idle-X
3949228345,10,986,-71,2467,-4462,-892,idle-X
3949237524,9,985,-71,2467,-4462,-892,idle-X
3949247621,9,985,-71,2502,-4445,-892,idle-X
3949254663,9,985,-71,2502,-4445,-892,idle-X
3949266896,9,985,-71,2467,-4480,-875,idle-X
3949271802,10,986,-71,2467,-4480,-875,idle-X
3949285866,10,986,-71,2467,-4480,-875,idle-X
3949289245,10,986,-71,2467,-4480,-875,idle-X
3949305142,10,986,-71,2467,-4462,-875,idle-X
3949306383,9,986,-71,2467,-4462,-875,idle-X
3949323501,10,986,-71,2467,-4462,-875,idle-X
3949324438,10,986,-71,2450,-4445,-892,idle-X
3949340640,9,986,-71,2450,-4445,-892,idle-X
3949343408,9,986,-71,2450,-4480,-875,idle-X
3949358083,10,986,-71,2450,-4480,-875,idle-X
3949362683,10,986,-71,2467,-4462,-857,idle-X
3949375222,9,986,-71,2467,-4462,-857,idle-X
3949381959,9,986,-71,2485,-4462,-875,idle-X
3949392360,9,986,-71,2485,-4462,-875,idle-X
3949400929,9,986,-71,2467,-4462,-857,idle-X
3949409803,10,986,-71,2467,-4462,-857,idle-X
3949420205,10,986,-71,2485,-4462,-857,idle-X
3949426943,10,986,-71,2485,-4462,-857,idle-X
3949439481,10,986,-71,2467,-4445,-892,idle-X
3949444082,9,986,-71,2467,-4445,-892,idle-X
3949458757,9,986,-71,2485,-4445,-892,idle-X
3949461526,9,985,-71,2485,-4445,-892,idle-X
3949477728,9,985,-71,2485,-4462,-875,idle-X
3949478664,10,986,-70,2485,-4462,-875,idle-X
3949495782,9,986,-71,2485,-4462,-875,idle-X
3949497023,9,986,-71,2485,-4445,-875,idle-X
3949512920,9,986,-71,2485,-4445,-875,idle-X
3949516299,9,986,-71,2467,-4445,-857,idle-X
3949530364,10,986,-71,2467,-4445,-857,idle-X
3949535270,10,986,-71,2432,-4445,-875,idle-X
3949547501,10,986,-71,2432,-4445,-875,idle-X
3949554544,10,986,-71,2432,-4427,-875,idle-X
3949564640,10,986,-71,2432,-4427,-875,idle-X
3949573820,10,986,-71,2485,-4462,-875,idle-X
3949582084,10,986,-71,2485,-4462,-875,idle-X
3949592790,10,986,-71,2485,-4497,-875,idle-X
3949599223,9,986,-71,2485,-4497,-875,idle-X
3949612066,9,986,-71,2450,-4480,-875,idle-X
3949616360,9,986,-71,2450,-4480,-875,idle-X
3949631341,9,986,-71,2467,-4462,-875,idle-X
3949633499,10,986,-71,2467,-4462,-875,idle-X
3949650617,10,986,-71,2467,-4462,-892,idle-X
3949651247,10,986,-71,2467,-4462,-892,idle-X
3949668058,10,986,-71,2467,-4462,-892,idle-X
3949669606,10,986,-71,2467,-4445,-892,idle-X
3949685197,9,986,-72,2467,-4445,-892,idle-X
3949688880,9,986,-72,2432,-4480,-875,idle-X
3949702640,10,986,-71,2432,-4480,-875,idle-X
3949708156,10,986,-71,2467,-4497,-857,idle-X
3949719778,9,986,-71,2467,-4497,-857,idle-X
3949727126,9,986,-71,2450,-4480,-857,idle-X
3949736916,10,986,-70,2450,-4480,-857,idle-X
3949746401,10,986,-70,2450,-4427,-840,idle-X
3949754360,9,986,-71,2450,-4427,-840,idle-X
3949765677,9,986,-71,2467,-4462,-857,idle-X
3949771499,10,986,-71,2467,-4462,-857,idle-X
3949784954,10,986,-71,2467,-4462,-857,idle-X
3949788638,10,985,-71,2467,-4462,-857,idle-X
3949803923,10,985,-71,2467,-4445,-875,idle-X
3949806081,9,985,-71,2467,-4445,-875,idle-X
3949823198,10,986,-71,2467,-4480,-875,idle-X
3949840330,9,986,-71,2467,-4480,-875,idle-X
3949842487,9,986,-71,2467,-4480,-875,idle-X
3949857468,10,986,-71,2467,-4480,-875,idle-X
3949861457,10,986,-71,2485,-4480,-857,idle-X
3949874912,9,986,-71,2485,-4480,-857,idle-X
3949880733,9,986,-71,2485,-4462,-875,idle-X
3949892050,10,986,-71,2485,-4462,-875,idle-X
3949900009,10,986,-71,2450,-4462,-857,idle-X
3949909189,10,986,-70,2450,-4462,-857,idle-X
3949918978,10,986,-70,2467,-4462,-875,idle-X
3949926632,10,986,-71,2467,-4462,-875,idle-X
3949938255,10,986,-71,2467,-4480,-892,idle-X
3949943771,9,986,-71,2467,-4480,-892,idle-X
3949957531,9,986,-71,2467,-4480,-875,idle-X
3949960910,9,986,-71,2467,-4480,-875,idle-X
3949976806,9,986,-71,2467,-4462,-875,idle-X
3949978354,9,986,-71,2467,-4462,-875,idle-X
3949995472,9,986,-70,2485,-4462,-892,idle-X
3950012603,10,985,-71,2485,-4462,-892,idle-X
3950015065,10,985,-71,2467,-4462,-875,idle-X
3950030046,10,986,-71,2467,-4462,-875,idle-X
3950034341,10,986,-71,2467,-4462,-892,idle-X
3950047186,10,986,-71,2467,-4462,-892,idle-X
3950053312,10,986,-71,2467,-4462,-892,idle-X
3950064324,10,986,-71,2467,-4462,-892,idle-X
3950072588,10,986,-71,2450,-4480,-857,idle-X
3950081766,9,986,-71,2450,-4480,-857,idle-X
3950091862,9,986,-71,2432,-4445,-875,idle-X
3950098905,10,986,-71,2432,-4445,-875,idle-X
3950111139,10,986,-71,2485,-4462,-875,idle-X
3950116044,10,986,-71,2485,-4462,-875,idle-X
3950130108,10,986,-71,2450,-4462,-840,idle-X
3950133181,9,986,-71,2450,-4462,-840,idle-X
3950149384,9,986,-71,2467,-4462,-857,idle-X
3950150626,10,986,-71,2467,-4462,-857,idle-X
3950167744,10,986,-71,2467,-4462,-857,idle-X
3950168681,10,986,-71,2485,-4462,-875,idle-X
3950184884,9,986,-71,2485,-4462,-875,idle-X
3950187652,9,986,-71,2467,-4445,-875,idle-X
3950202328,9,986,-72,2467,-4445,-875,idle-X
3950206928,9,986,-72,2485,-4445,-875,idle-X
3950219466,10,986,-71,2485,-4445,-875,idle-X
3950226204,10,986,-71,2467,-4462,-875,idle-X
3950236605,10,986,-71,2467,-4462,-875,idle-X
3950245479,10,986,-71,2432,-4480,-910,idle-X
3950254047,10,986,-70,2432,-4480,-910,idle-X
3950264447,10,986,-70,2467,-4480,-857,idle-X
3950271185,10,986,-71,2467,-4480,-857,idle-X
3950283723,10,986,-71,2450,-4445,-875,idle-X
3950288323,10,986,-71,2450,-4445,-875,idle-X
3950302999,10,986,-71,2467,-4462,-840,idle-X
3950305767,9,985,-70,2467,-4462,-840,idle-X
3950321969,9,985,-70,2467,-4462,-857,idle-X
3950322905,10,986,-71,2467,-4462,-857,idle-X
3950340023,9,986,-71,2467,-4462,-857,idle-X
3950341264,9,986,-71,2467,-4462,-857,idle-X
3950357161,10,986,-71,2467,-4462,-857,idle-X
3950360540,10,986,-71,2502,-4445,-857,idle-X
3950374605,10,986,-71,2502,-4445,-857,idle-X
3950379817,10,986,-71,2467,-4445,-875,idle-X
3950391744,9,986,-70,2467,-4445,-875,idle-X
3950398787,9,986,-70,2450,-4445,-857,idle-X
3950408882,9,986,-71,2450,-4445,-857,idle-X
3950418061,9,986,-71,2467,-4462,-857,idle-X
3950426325,9,986,-71,2467,-4462,-857,idle-X
3950437336,9,986,-71,2450,-4480,-875,idle-X
3950443463,10,986,-71,2450,-4480,-875,idle-X
3950456306,10,986,-71,2467,-4480,-875,idle-X
3950460602,9,986,-71,2467,-4480,-875,idle-X
3950475582,9,986,-71,2450,-4462,-857,idle-X
3950478045,9,986,-71,2450,-4462,-857,idle-X
3950494858,9,986,-71,2485,-4462,-892,idle-X
3950495488,9,986,-71,2485,-4462,-892,idle-X
3950512302,9,986,-71,2485,-4462,-892,idle-X
3950514154,9,986,-71,2485,-4462,-875,idle-X
3950529745,9,986,-71,2485,-4462,-875,idle-X
3950533124,9,986,-71,2485,-4462,-857,idle-X
3950546884,10,986,-71,2485,-4462,-857,idle-X
3950552400,10,986,-71,2485,-4480,-875,idle-X
3950564023,9,986,-71,2485,-4480,-875,idle-X
3950571676,9,986,-71,2450,-4462,-892,idle-X
3950581161,10,986,-71,2450,-4462,-892,idle-X
3950590646,10,986,-71,2432,-4462,-857,idle-X
3950598604,9,986,-71,2432,-4462,-857,idle-X
3950609920,9,986,-71,2485,-4480,-875,idle-X
3950615742,9,986,-71,2485,-4480,-875,idle-X
3950629196,9,986,-71,2502,-4480,-875,idle-X
3950632880,9,986,-71,2502,-4480,-875,idle-X
3950648471,9,986,-71,2467,-4480,-875,idle-X
3950650324,10,986,-71,2467,-4480,-875,idle-X
3950667442,10,986,-71,2485,-4480,-910,idle-X
3950684572,9,986,-71,2485,-4480,-910,idle-X
3950686731,9,986,-71,2467,-4445,-875,idle-X
3950702018,10,986,-71,2467,-4445,-875,idle-X
3950706008,10,986,-71,2485,-4445,-857,idle-X
3950719156,10,986,-71,2485,-4445,-857,idle-X
3950724977,10,986,-71,2467,-4445,-892,idle-X
3950736294,10,986,-71,2467,-4445,-892,idle-X
3950744252,10,986,-71,2450,-4462,-875,idle-X
3950753737,9,986,-71,2450,-4462,-875,idle-X
3950763528,9,986,-71,2450,-4462,-875,idle-X
3950770876,10,986,-71,2450,-4462,-875,idle-X
3950782498,10,986,-71,2450,-4462,-857,idle-X
3950788014,10,986,-71,2450,-4462,-857,idle-X
3950801773,10,986,-71,2450,-4480,-875,idle-X
3950805151,9,986,-71,2450,-4480,-875,idle-X
3950821049,9,986,-71,2432,-4480,-857,idle-X
3950822596,10,986,-71,2432,-4480,-857,idle-X
3950839713,10,986,-71,2432,-4480,-857,idle-X
3950840344,10,986,-71,2450,-4445,-892,idle-X
3950856851,9,986,-71,2450,-4445,-892,idle-X
3950859314,9,986,-71,2467,-4462,-892,idle-X
3950874294,9,986,-71,2467,-4462,-892,idle-X
3950878589,9,986,-71,2467,-4462,-892,idle-X
3950891433,9,986,-71,2467,-4462,-892,idle-X
3950897865,9,986,-71,2485,-4462,-875,idle-X
3950908572,10,986,-70,2485,-4462,-875,idle-X
3950916835,10,986,-70,2467,-4462,-875,idle-X
3950926015,9,986,-70,2467,-4462,-875,idle-X
3950936111,9,986,-70,2485,-4445,-875,idle-X
3950943153,9,986,-71,2485,-4445,-875,idle-X
3950955386,9,986,-71,2485,-4480,-875,idle-X
3950960292,10,986,-71,2485,-4480,-875,idle-X
3950974661,10,986,-71,2467,-4462,-857,idle-X
3950977735,10,986,-71,2467,-4462,-857,idle-X
3950993632,10,986,-71,2485,-4462,-857,idle-X
3950994874,10,986,-71,2485,-4462,-857,idle-X
3951011992,9,986,-71,2485,-4462,-857,idle-X
3951012929,9,986,-71,2467,-4480,-875,idle-X
3951029436,9,986,-71,2467,-4480,-875,idle-X
3951032205,9,986,-71,2485,-4480,-857,idle-X
3951046575,10,986,-71,2485,-4480,-857,idle-X
3951051175,10,986,-71,2485,-4480,-875,idle-X
3951063713,10,986,-71,2485,-4480,-875,idle-X
3951070449,10,986,-71,2467,-4480,-875,idle-X
3951080851,9,986,-71,2467,-4480,-875,idle-X
3951089727,9,986,-71,2467,-4445,-875,idle-X
3951098296,9,986,-71,2467,-4445,-875,idle-X
3951109003,9,986,-71,2485,-4462,-892,idle-X
3951115435,9,986,-71,2485,-4462,-892,idle-X
3951127972,9,986,-71,2467,-4462,-875,idle-X
3951132572,10,986,-71,2467,-4462,-875,idle-X
3951147249,10,986,-71,2467,-4445,-875,idle-X
3951150017,10,986,-71,2467,-4445,-875,idle-X
3951166524,10,986,-71,2450,-4445,-892,idle-X
3951167154,9,986,-71,2450,-4445,-892,idle-X
3951184272,9,986,-71,2450,-4445,-892,idle-X
3951185513,9,986,-71,2450,-4480,-892,idle-X
3951201716,9,986,-71,2450,-4480,-892,idle-X
3951204789,9,986,-71,2467,-4480,-857,idle-X
3951218855,9,986,-71,2467,-4480,-857,idle-X
3951224066,9,986,-71,2502,-4462,-875,idle-X
3951235993,10,986,-71,2502,-4462,-875,idle-X
3951243036,10,986,-71,2485,-4480,-875,idle-X
3951253132,10,986,-70,2485,-4480,-875,idle-X
3951262312,10,986,-70,2485,-4445,-892,idle-X
3951270575,10,986,-71,2485,-4445,-892,idle-X
3951281587,10,986,-71,2467,-4462,-875,idle-X
3951287713,10,986,-71,2467,-4462,-875,idle-X
3951300556,10,986,-71,2502,-4462,-875,idle-X
3951304851,10,986,-71,2502,-4462,-875,idle-X
3951319831,10,986,-71,2467,-4462,-892,idle-X
3951321988,10,986,-71,2467,-4462,-892,idle-X
3951339107,10,986,-71,2450,-4480,-857,idle-X
3951339737,10,986,-71,2450,-4480,-857,idle-X
3951356551,9,986,-71,2450,-4480,-857,idle-X
3951358098,9,986,-71,2450,-4480,-875,idle-X
3951373690,9,986,-71,2450,-4480,-875,idle-X
3951377373,9,986,-71,2432,-4445,-910,idle-X
3951390827,10,986,-71,2432,-4445,-910,idle-X
3951396648,10,986,-71,2450,-4462,-875,idle-X
3951408271,10,986,-71,2450,-4462,-875,idle-X
3951415619,10,986,-71,2467,-4497,-857,idle-X
3951425409,9,986,-71,2467,-4497,-857,idle-X
3951434893,9,986,-71,2485,-4445,-892,idle-X
3951442547,10,986,-71,2485,-4445,-892,idle-X
3951454169,10,986,-71,2485,-4462,-892,idle-X
3951459685,10,986,-71,2485,-4462,-892,idle-X
3951473139,10,986,-71,2467,-4462,-857,idle-X
3951477129,9,986,-71,2467,-4462,-857,idle-X
3951492415,9,986,-71,2467,-4445,-875,idle-X
3951494268,10,986,-71,2467,-4445,-875,idle-X
3951511386,10,986,-71,2485,-4497,-875,idle-X
3951528823,10,986,-71,2485,-4497,-875,idle-X
3951530675,10,986,-71,2450,-4480,-875,idle-X
3951545962,10,986,-71,2450,-4480,-875,idle-X
3951549952,10,986,-71,2450,-4462,-857,idle-X
3951563100,9,986,-71,2450,-4462,-857,idle-X
3951569226,9,986,-71,2467,-4462,-875,idle-X
3951580237,10,986,-71,2467,-4462,-875,idle-X
3951588196,10,986,-71,2467,-4445,-875,idle-X
3951597681,10,986,-71,2467,-4445,-875,idle-X
3951607472,10,986,-71,2467,-4462,-875,idle-X
3951614820,10,986,-71,2467,-4462,-875,idle-X
3951626747,10,986,-71,2467,-4462,-875,idle-X
3951631958,10,986,-71,2467,-4462,-875,idle-X
3951645717,10,986,-71,2432,-4480,-875,idle-X
3951649095,10,986,-71,2432,-4480,-875,idle-X
3951664993,10,986,-71,2432,-4480,-892,idle-X
3951666541,9,986,-71,2432,-4480,-892,idle-X
3951683659,10,986,-71,2432,-4480,-892,idle-X
3951684290,10,986,-71,2450,-4462,-892,idle-X
3951700797,9,986,-71,2450,-4462,-892,idle-X
3951703260,9,986,-71,2450,-4462,-875,idle-X
3951718242,9,986,-71,2450,-4462,-875,idle-X
3951722536,9,986,-71,2467,-4462,-910,idle-X
3951735380,10,986,-71,2467,-4462,-910,idle-X
3951741813,10,986,-71,2467,-4462,-910,idle-X
3951752520,9,986,-71,2467,-4462,-910,idle-X
3951760784,9,986,-71,2450,-4480,-892,idle-X
3951769658,9,986,-71,2450,-4480,-892,idle-X
3951780059,9,986,-71,2467,-4480,-910,idle-X
3951787101,10,986,-71,2467,-4480,-910,idle-X
3951799334,10,986,-71,2450,-4445,-857,idle-X
3951804239,10,986,-71,2450,-4445,-857,idle-X
3951818304,10,986,-71,2450,-4445,-857,idle-X
3951821377,10,986,-71,2450,-4445,-857,idle-X
3951837578,10,986,-71,2485,-4480,-840,idle-X
3951838515,9,986,-71,2485,-4480,-840,idle-X
3951855938,9,986,-71,2485,-4480,-840,idle-X
3951856874,9,986,-71,2485,-4445,-840,idle-X
3951873077,9,986,-71,2485,-4445,-840,idle-X
3951875845,9,986,-71,2467,-4462,-857,idle-X
3951890216,9,986,-71,2467,-4462,-857,idle-X
3951895121,9,986,-71,2450,-4445,-875,idle-X
3951907353,10,986,-71,2450,-4445,-875,idle-X
3951914395,10,986,-71,2467,-4462,-857,idle-X
3951924797,10,986,-71,2467,-4462,-857,idle-X
3951933365,10,986,-71,2450,-4462,-892,idle-X
3951941934,9,986,-72,2450,-4462,-892,idle-X
3951952641,9,986,-72,2485,-4445,-892,idle-X
3951959074,10,986,-71,2485,-4445,-892,idle-X
3951971917,10,986,-71,2502,-4462,-857,idle-X
3951976518,9,986,-71,2502,-4462,-857,idle-X
3951990888,9,986,-71,2467,-4462,-875,idle-X
3951993656,9,986,-71,2467,-4462,-875,idle-X
3952010163,9,986,-71,2467,-4427,-892,idle-X
3952010793,9,986,-71,2467,-4427,-892,idle-X
3952027912,10,986,-71,2467,-4427,-892,idle-X
3952029459,10,986,-71,2450,-4462,-892,idle-X
3952045356,9,986,-71,2450,-4462,-892,idle-X
3952048429,9,986,-71,2467,-4462,-857,idle-X
3952062495,9,986,-71,2467,-4462,-857,idle-X
3952067706,9,986,-71,2502,-4462,-875,idle-X
3952079634,9,986,-71,2502,-4462,-875,idle-X
3952086982,9,986,-71,2467,-4462,-875,idle-X
3952096772,9,986,-71,2467,-4462,-875,idle-X
3952105952,9,986,-71,2467,-4480,-875,idle-X
3952114218,9,986,-71,2467,-4480,-875,idle-X
3952125229,9,986,-71,2485,-4480,-910,idle-X
3952131356,10,986,-71,2485,-4480,-910,idle-X
3952144504,10,986,-71,2450,-4480,-892,idle-X
3952148494,9,986,-72,2450,-4480,-892,idle-X
3952163474,9,986,-72,2467,-4480,-857,idle-X
3952165631,10,986,-71,2467,-4480,-857,idle-X
3952182749,10,986,-71,2502,-4445,-857,idle-X
3952183379,10,986,-71,2502,-4445,-857,idle-X
3952200191,10,986,-71,2502,-4445,-857,idle-X
3952202044,10,986,-71,2485,-4427,-840,idle-X
3952217330,9,986,-71,2485,-4427,-840,idle-X
3952221014,9,986,-71,2485,-4462,-857,idle-X
3952234774,10,986,-71,2485,-4462,-857,idle-X
3952240290,10,986,-71,2467,-4462,-857,idle-X
3952251912,10,986,-70,2467,-4462,-857,idle-X
3952259566,10,986,-70,2467,-4462,-875,idle-X
3952269051,10,986,-71,2467,-4462,-875,idle-X
3952278536,10,986,-71,2485,-4462,-875,idle-X
3952286189,10,986,-71,2485,-4462,-875,idle-X
3952297812,10,986,-71,2485,-4480,-892,idle-X
3952303633,10,986,-71,2485,-4480,-892,idle-X
3952317087,10,986,-71,2485,-4480,-875,idle-X
3952320771,9,986,-71,2485,-4480,-875,idle-X
3952336057,9,986,-71,2450,-4445,-875,idle-X
3952337909,10,986,-71,2450,-4445,-875,idle-X
3952355333,10,986,-71,2450,-4462,-857,idle-X
3952372464,9,986,-71,2450,-4462,-857,idle-X
3952374621,9,986,-71,2467,-4445,-875,idle-X
3952389602,9,986,-71,2467,-4445,-875,idle-X
3952393592,9,986,-71,2467,-4462,-875,idle-X
3952406741,10,986,-71,2467,-4462,-875,idle-X
3952412868,10,986,-71,2467,-4462,-892,idle-X
3952424185,10,986,-71,2467,-4462,-892,idle-X
3952432144,10,986,-71,2467,-4480,-875,idle-X
3952441323,10,986,-71,2467,-4480,-875,idle-X
3952451113,10,986,-71,2467,-4462,-857,idle-X
3952458460,10,986,-71,2467,-4462,-857,idle-X
3952470388,10,986,-71,2450,-4445,-857,idle-X
3952475600,9,986,-70,2450,-4445,-857,idle-X
3952489663,9,986,-70,2467,-4462,-857,idle-X
3952493041,10,986,-71,2467,-4462,-857,idle-X
3952508633,10,986,-71,2467,-4462,-875,idle-X
3952510180,10,986,-71,2467,-4462,-875,idle-X
3952527299,10,986,-71,2467,-4462,-875,idle-X
3952527929,10,986,-71,2467,-4480,-857,idle-X
3952544742,10,986,-71,2467,-4480,-857,idle-X
3952547206,10,986,-71,2485,-4480,-875,idle-X
3952561881,9,986,-71,2485,-4480,-875,idle-X
3952566176,9,986,-71,2450,-4480,-875,idle-X
3952579018,9,986,-71,2450,-4480,-875,idle-X
3952585451,9,986,-71,2485,-4462,-875,idle-X
3952596158,10,986,-71,2485,-4462,-875,idle-X
3952604728,10,986,-71,2450,-4445,-875,idle-X
3952613603,9,986,-70,2450,-4445,-875,idle-X
3952623698,9,986,-70,2432,-4445,-892,idle-X
3952630740,10,986,-72,2432,-4445,-892,idle-X
3952642973,10,986,-72,2450,-4445,-892,idle-X
3952647879,10,986,-71,2450,-4445,-892,idle-X
3952662249,10,986,-71,2467,-4497,-875,idle-X
3952665018,9,986,-71,2467,-4497,-875,idle-X
3952681525,9,986,-71,2485,-4462,-875,idle-X
3952682462,10,986,-71,2485,-4462,-875,idle-X
3952699580,10,986,-71,2485,-4462,-875,idle-X
3952700516,10,986,-71,2485,-4462,-875,idle-X
3952716719,10,986,-71,2485,-4462,-875,idle-X
3952719792,10,986,-71,2467,-4462,-875,idle-X
3952734163,9,986,-71,2467,-4462,-875,idle-X
3952738764,9,986,-71,2467,-4462,-857,idle-X
3952751303,9,986,-71,2467,-4462,-857,idle-X
3952758040,9,986,-71,2467,-4480,-875,idle-X
3952768442,9,986,-70,2467,-4480,-875,idle-X
3952777317,9,986,-70,2450,-4497,-857,idle-X
3952785580,10,986,-71,2450,-4497,-857,idle-X
3952796287,10,986,-71,2467,-4445,-857,idle-X
3952803024,10,986,-71,2467,-4445,-857,idle-X
3952815562,10,986,-71,2502,-4480,-857,idle-X
3952820162,10,986,-71,2502,-4480,-857,idle-X
3952834838,10,986,-71,2467,-4480,-875,idle-X
3952837301,9,986,-71,2467,-4480,-875,idle-X
3952853809,9,986,-71,2450,-4480,-857,idle-X
3952854440,9,986,-71,2450,-4480,-857,idle-X
3952871862,10,986,-71,2450,-4480,-857,idle-X
3952873104,10,986,-71,2450,-4480,-857,idle-X
3952889000,9,986,-71,2450,-4480,-857,idle-X
3952892379,9,986,-71,2450,-4462,-875,idle-X
3952906138,10,985,-70,2450,-4462,-875,idle-X
3952911349,10,985,-70,2467,-4462,-875,idle-X
3952923277,10,986,-71,2467,-4462,-875,idle-X
3952930625,10,986,-71,2467,-4445,-875,idle-X
3952940720,9,986,-71,2467,-4445,-875,idle-X
3952949899,9,986,-71,2467,-4462,-875,idle-X
3952957858,9,986,-71,2467,-4462,-875,idle-X
3952968868,9,986,-71,2467,-4462,-875,idle-X
3952974996,10,986,-71,2467,-4462,-875,idle-X
3952988145,10,986,-71,2485,-4462,-875,idle-X
3952992440,9,986,-71,2485,-4462,-875,idle-X
3953007421,9,986,-71,2450,-4445,-927,idle-X
3953009579,10,986,-71,2450,-4445,-927,idle-X
3953026696,10,986,-71,2467,-4462,-910,idle-X
3953043827,10,986,-71,2467,-4462,-910,idle-X
3953045679,10,986,-71,2502,-4462,-857,idle-X
3953061271,10,985,-71,2502,-4462,-857,idle-X
3953064954,10,985,-71,2485,-4462,-892,idle-X
3953078408,9,986,-71,2485,-4462,-892,idle-X
3953083924,9,986,-71,2467,-4462,-857,idle-X
3953095546,10,986,-71,2467,-4462,-857,idle-X
3953103198,10,986,-71,2467,-4462,-892,idle-X
3953112988,10,986,-71,2467,-4462,-892,idle-X
3953122474,10,986,-71,2432,-4462,-875,idle-X
3953130128,10,986,-71,2432,-4462,-875,idle-X
3953141750,10,986,-71,2450,-4462,-892,idle-X
3953147266,9,986,-71,2450,-4462,-892,idle-X
3953160721,9,986,-71,2450,-4480,-857,idle-X
3953164405,10,986,-71,2450,-4480,-857,idle-X
3953179998,10,986,-71,2467,-4462,-857,idle-X
3953181850,9,986,-71,2467,-4462,-857,idle-X
3953198968,9,986,-71,2502,-4462,-875,idle-X
3953216099,10,986,-70,2502,-4462,-875,idle-X
3953218256,10,986,-70,2502,-4462,-875,idle-X
3953233543,9,986,-71,2502,-4462,-875,idle-X
3953237532,9,986,-71,2450,-4462,-875,idle-X
3953250682,9,986,-71,2450,-4462,-875,idle-X
3953256809,9,986,-71,2467,-4445,-892,idle-X
3953267821,10,986,-71,2467,-4445,-892,idle-X
3953275779,10,986,-71,2485,-4462,-875,idle-X
3953284959,9,986,-71,2485,-4462,-875,idle-X
3953295054,9,986,-71,2450,-4462,-857,idle-X
3953302401,10,986,-71,2450,-4462,-857,idle-X
3953314329,10,986,-71,2432,-4445,-875,idle-X
3953319540,9,986,-71,2432,-4445,-875,idle-X
3953333299,9,986,-71,2450,-4462,-875,idle-X
3953336678,10,986,-72,2450,-4462,-875,idle-X
3953352575,10,986,-72,2467,-4462,-875,idle-X
3953353817,10,986,-71,2467,-4462,-875,idle-X
3953371240,10,986,-71,2467,-4462,-875,idle-X
3953371870,10,986,-71,2467,-4462,-875,idle-X
3953388379,10,986,-71,2467,-4462,-875,idle-X
3953390842,10,986,-71,2485,-4445,-875,idle-X
3953405518,9,986,-71,2485,-4445,-875,idle-X
3953410118,9,986,-71,2450,-4462,-875,idle-X
3953422962,10,986,-71,2450,-4462,-875,idle-X
3953429394,10,986,-71,2467,-4480,-840,idle-X
3953440102,9,986,-71,2467,-4480,-840,idle-X
3953448670,9,986,-71,2485,-4462,-875,idle-X
3953457239,9,986,-71,2485,-4462,-875,idle-X
3953467639,9,986,-71,2467,-4480,-875,idle-X
3953474681,10,986,-71,2467,-4480,-875,idle-X
3953486914,10,986,-71,2450,-4462,-875,idle-X
3953491820,10,986,-71,2450,-4462,-875,idle-X
3953506190,10,986,-71,2450,-4427,-892,idle-X
3953508958,10,986,-71,2450,-4427,-892,idle-X
3953525160,10,986,-71,2467,-4427,-875,idle-X
3953526401,10,986,-72,2467,-4427,-875,idle-X
3953543520,9,986,-70,2467,-4427,-875,idle-X
3953544456,9,986,-70,2450,-4462,-857,idle-X
3953560659,9,986,-71,2450,-4462,-857,idle-X
3953563732,9,986,-71,2450,-4462,-840,idle-X
3953577798,10,986,-71,2450,-4462,-840,idle-X
3953582703,10,986,-71,2467,-4480,-875,idle-X
3953595241,10,986,-71,2467,-4480,-875,idle-X
3953601977,10,986,-71,2467,-4445,-892,idle-X
3953612377,10,986,-71,2467,-4445,-892,idle-X
3953621252,10,986,-71,2467,-4462,-892,idle-X
3953629517,9,986,-71,2467,-4462,-892,idle-X
3953640530,9,986,-71,2467,-4445,-875,idle-X
3953646962,10,986,-71,2467,-4445,-875,idle-X
3953659500,10,986,-71,2467,-4462,-857,idle-X
3953664100,10,986,-71,2467,-4462,-857,idle-X
3953678775,10,986,-71,2467,-4427,-875,idle-X
3953681238,10,986,-71,2467,-4427,-875,idle-X
3953698050,10,986,-71,2485,-4462,-875,idle-X
3953698680,9,986,-70,2485,-4462,-875,idle-X
3953715800,9,986,-71,2485,-4462,-875,idle-X
3953717041,9,986,-71,2467,-4480,-875,idle-X
3953732938,10,986,-71,2467,-4480,-875,idle-X
3953736316,10,986,-71,2467,-4445,-892,idle-X
3953750075,10,986,-71,2467,-4445,-892,idle-X
3953755591,10,986,-71,2467,-4445,-857,idle-X
3953767519,9,986,-71,2467,-4445,-857,idle-X
3953774562,9,986,-71,2467,-4462,-875,idle-X
3953784658,9,986,-71,2467,-4462,-875,idle-X
3953793837,9,986,-71,2467,-4480,-892,idle-X
3953801795,9,986,-72,2467,-4480,-892,idle-X
3953813112,9,986,-72,2467,-4462,-875,idle-X
3953819238,10,986,-71,2467,-4462,-875,idle-X
3953832387,10,986,-71,2450,-4445,-892,idle-X
3953836376,9,986,-70,2450,-4445,-892,idle-X
3953851357,9,986,-70,2450,-4462,-875,idle-X
3953853515,10,986,-71,2450,-4462,-875,idle-X
3953870633,10,986,-71,2467,-4445,-892,idle-X
3953871263,9,986,-71,2467,-4445,-892,idle-X
3953888076,10,986,-71,2467,-4445,-892,idle-X
3953889928,10,986,-71,2467,-4497,-875,idle-X
3953905215,10,986,-71,2467,-4497,-875,idle-X
3953908900,10,986,-71,2432,-4462,-857,idle-X
3953922353,10,986,-71,2432,-4462,-857,idle-X
3953928175,10,986,-71,2467,-4462,-875,idle-X
3953939797,10,986,-71,2467,-4462,-875,idle-X
3953947449,10,986,-71,2467,-4462,-875,idle-X
3953956934,9,986,-71,2467,-4462,-875,idle-X
3953966420,9,986,-71,2467,-4462,-857,idle-X
3953974074,10,986,-71,2467,-4462,-857,idle-X
3953985695,10,986,-71,2450,-4462,-875,idle-X
3953991517,9,986,-71,2450,-4462,-875,idle-X
3954004970,9,986,-71,2467,-4480,-892,idle-X
3954008654,10,986,-71,2467,-4480,-892,idle-X
3954024245,10,986,-71,2485,-4445,-892,idle-X
3954025792,10,986,-71,2485,-4445,-892,idle-X
3954043217,9,986,-71,2485,-4480,-875,idle-X
3954060347,9,986,-71,2485,-4480,-875,idle-X
3954062505,9,986,-71,2485,-4462,-892,idle-X
3954077486,10,986,-71,2485,-4462,-892,idle-X
3954081780,10,986,-71,2467,-4462,-892,idle-X
3954094625,10,986,-71,2467,-4462,-892,idle-X
3954100752,10,986,-71,2467,-4462,-875,idle-X
3954112069,9,986,-70,2467,-4462,-875,idle-X
3954120026,9,986,-70,2467,-4480,-875,idle-X
3954129206,9,986,-71,2467,-4480,-875,idle-X
3954139302,9,986,-71,2485,-4462,-875,idle-X
3954146344,10,986,-70,2485,-4462,-875,idle-X
3954158272,10,986,-70,2467,-4462,-857,idle-X
3954163483,10,986,-71,2467,-4462,-857,idle-X
3954177549,10,986,-71,2450,-4462,-857,idle-X
3954180927,10,986,-71,2450,-4462,-857,idle-X
3954196823,10,986,-71,2485,-4445,-892,idle-X
3954198065,10,986,-71,2485,-4445,-892,idle-X
3954215183,9,985,-71,2485,-4445,-892,idle-X
3954215813,9,985,-71,2485,-4445,-892,idle-X
3954232628,9,986,-71,2485,-4445,-892,idle-X
3954235091,9,986,-71,2467,-4462,-892,idle-X
3954249766,10,986,-71,2467,-4462,-892,idle-X
3954254365,10,986,-71,2432,-4480,-875,idle-X
3954266903,9,986,-71,2432,-4480,-875,idle-X
3954273640,9,986,-71,2450,-4462,-857,idle-X
3954284347,10,986,-71,2450,-4462,-857,idle-X
3954292610,10,986,-71,2432,-4462,-875,idle-X
3954301485,9,986,-71,2432,-4462,-875,idle-X
3954311886,9,986,-71,2450,-4462,-857,idle-X
3954318622,9,986,-71,2450,-4462,-857,idle-X
3954331160,9,986,-71,2450,-4462,-875,idle-X
3954335760,9,986,-71,2450,-4462,-875,idle-X
3954350130,9,986,-71,2432,-4462,-875,idle-X
3954353203,10,986,-71,2432,-4462,-875,idle-X
3954369406,10,986,-71,2467,-4480,-892,idle-X
3954370342,9,986,-71,2467,-4480,-892,idle-X
3954387460,10,986,-71,2467,-4480,-892,idle-X
3954388702,10,986,-71,2467,-4445,-875,idle-X
3954404904,10,986,-71,2467,-4445,-875,idle-X
3954407977,10,986,-71,2467,-4480,-875,idle-X
3954422042,9,986,-71,2467,-4480,-875,idle-X
3954426947,9,986,-71,2485,-4480,-875,idle-X
3954439181,10,986,-71,2485,-4480,-875,idle-X
3954446224,10,986,-71,2485,-4497,-875,idle-X
3954456625,9,986,-71,2485,-4497,-875,idle-X
3954465500,9,986,-71,2485,-4480,-875,idle-X
3954473762,10,986,-71,2485,-4480,-875,idle-X
3954484469,10,986,-71,2485,-4462,-875,idle-X
3954490901,10,986,-71,2485,-4462,-875,idle-X
3954503744,10,986,-71,2467,-4462,-875,idle-X
3954508040,10,986,-71,2467,-4462,-875,idle-X
3954523020,10,986,-71,2467,-4462,-875,idle-X
3954525483,9,986,-72,2467,-4462,-875,idle-X
3954541990,9,986,-72,2485,-4445,-875,idle-X
3954542621,9,986,-71,2485,-4445,-875,idle-X
3954559739,9,986,-71,2485,-4445,-875,idle-X
3954561287,9,986,-71,2467,-4462,-875,idle-X
3954577184,9,986,-72,2467,-4462,-875,idle-X
3954580562,9,986,-72,2485,-4445,-857,idle-X
3954594323,9,986,-71,2485,-4445,-857,idle-X
3954599533,9,986,-71,2467,-4445,-857,idle-X
3954611460,10,986,-71,2467,-4445,-857,idle-X
3954618808,10,986,-71,2432,-4462,-857,idle-X
3954628905,10,986,-71,2432,-4462,-857,idle-X
3954638085,10,986,-71,2467,-4462,-875,idle-X
3954646043,10,986,-71,2467,-4462,-875,idle-X
3954657360,10,986,-71,2467,-4445,-875,idle-X
3954663181,10,986,-71,2467,-4445,-875,idle-X
3954676331,10,986,-71,2467,-4480,-892,idle-X
3954680320,10,986,-71,2467,-4480,-892,idle-X
3954695607,10,986,-71,2467,-4445,-892,idle-X
3954697765,10,986,-71,2467,-4445,-892,idle-X
3954714883,10,986,-71,2467,-4445,-892,idle-X
3954732014,9,986,-71,2467,-4445,-892,idle-X
3954733866,9,986,-71,2432,-4445,-892,idle-X
3954749458,10,986,-71,2432,-4445,-892,idle-X
3954753143,10,986,-71,2467,-4462,-875,idle-X
3954766597,9,986,-71,2467,-4462,-875,idle-X
3954772419,9,986,-71,2467,-4480,-875,idle-X
3954783735,9,986,-70,2467,-4480,-875,idle-X
3954791389,9,986,-70,2467,-4445,-875,idle-X
3954801179,10,986,-71,2467,-4445,-875,idle-X
3954810664,10,986,-71,2467,-4462,-875,idle-X
3954818317,10,986,-70,2467,-4462,-875,idle-X
3954829940,10,986,-70,2450,-4462,-875,idle-X
3954835456,10,986,-71,2450,-4462,-875,idle-X
3954849215,10,986,-71,2467,-4462,-875,idle-X
3954852594,10,986,-71,2467,-4462,-875,idle-X
3954868185,10,986,-71,2467,-4445,-892,idle-X
3954870038,10,986,-71,2467,-4445,-892,idle-X
3954887157,9,985,-71,2450,-4462,-875,idle-X
3954904288,9,986,-71,2450,-4462,-875,idle-X
3954906751,9,986,-71,2467,-4462,-892,idle-X
3954921731,10,986,-71,2467,-4462,-892,idle-X
3954925721,10,986,-71,2450,-4445,-910,idle-X
3954938870,10,986,-71,2450,-4445,-910,idle-X
3954944997,10,986,-71,2432,-4445,-892,idle-X
3954956009,10,986,-71,2432,-4445,-892,idle-X
3954964273,10,986,-71,2467,-4480,-892,idle-X
3954973148,10,986,-71,2467,-4480,-892,idle-X
3954983243,10,986,-71,2450,-4445,-892,idle-X
3954990591,9,986,-71,2450,-4445,-892,idle-X
3955002519,9,986,-71,2467,-4445,-892,idle-X
3955007730,10,985,-71,2467,-4445,-892,idle-X
3955021795,10,985,-71,2467,-4480,-857,idle-X
3955024869,10,986,-71,2467,-4480,-857,idle-X
3955040765,10,986,-71,2485,-4462,-857,idle-X
3955042007,10,986,-71,2485,-4462,-857,idle-X
3955059430,10,986,-70,2485,-4462,-857,idle-X
3955060060,10,986,-70,2467,-4462,-892,idle-X
3955076567,10,986,-71,2467,-4462,-892,idle-X
3955079336,10,986,-71,2467,-4480,-892,idle-X
3955093707,9,986,-71,2467,-4480,-892,idle-X
3955098308,9,986,-71,2467,-4445,-892,idle-X
3955111152,10,986,-71,2467,-4445,-892,idle-X
3955117583,10,986,-71,2432,-4445,-875,idle-X
3955128289,10,986,-71,2432,-4445,-875,idle-X
3955136858,10,986,-71,2450,-4480,-875,idle-X
3955145428,10,986,-71,2450,-4480,-875,idle-X
3955155829,10,986,-71,2467,-4480,-892,idle-X
3955162566,10,986,-71,2467,-4480,-892,idle-X
3955175104,10,986,-71,2450,-4462,-910,idle-X
3955180009,9,986,-71,2450,-4462,-910,idle-X
3955194379,9,986,-71,2467,-4462,-875,idle-X
3955197147,10,986,-71,2467,-4462,-875,idle-X
3955213350,10,986,-71,2467,-4462,-875,idle-X
3955214287,10,986,-71,2467,-4462,-875,idle-X
3955231711,9,986,-71,2467,-4462,-875,idle-X
3955232647,9,986,-71,2432,-4462,-875,idle-X
3955248849,9,986,-71,2432,-4462,-875,idle-X
3955251923,9,986,-71,2450,-4462,-875,idle-X
3955265987,10,986,-70,2450,-4462,-875,idle-X
3955270893,10,986,-70,2467,-4462,-892,idle-X
3955283126,9,986,-71,2467,-4462,-892,idle-X
3955290169,9,986,-71,2485,-4497,-857,idle-X
3955300570,10,986,-71,2485,-4497,-857,idle-X
3955309445,10,986,-71,2485,-4480,-875,idle-X
3955317709,10,986,-71,2485,-4480,-875,idle-X
3955328416,10,986,-71,2450,-4445,-892,idle-X
3955334848,10,986,-71,2450,-4445,-892,idle-X
3955347692,10,986,-71,2467,-4462,-875,idle-X
3955351986,10,986,-71,2467,-4462,-875,idle-X
3955366967,10,986,-71,2467,-4480,-857,idle-X
3955369430,10,986,-71,2467,-4480,-857,idle-X
3955385938,10,986,-71,2467,-4445,-875,idle-X
3955386568,9,986,-72,2467,-4445,-875,idle-X
3955403687,9,985,-71,2467,-4445,-875,idle-X
3955405234,9,985,-71,2485,-4480,-875,idle-X
3955420826,10,986,-71,2485,-4480,-875,idle-X
3955424510,10,986,-71,2450,-4497,-892,idle-X
3955438270,10,986,-71,2450,-4497,-892,idle-X
3955443480,10,986,-71,2432,-4445,-875,idle-X
3955455407,9,986,-71,2432,-4445,-875,idle-X
3955462754,9,986,-71,2467,-4445,-875,idle-X
3955472544,10,986,-72,2467,-4445,-875,idle-X
3955482030,10,986,-72,2467,-4480,-875,idle-X
3955489988,9,986,-72,2467,-4480,-875,idle-X
3955501000,9,986,-72,2450,-4462,-910,idle-X
3955507126,9,986,-71,2450,-4462,-910,idle-X
3955520275,9,986,-71,2485,-4445,-857,idle-X
3955524264,10,986,-72,2485,-4445,-857,idle-X
3955539550,10,986,-72,2467,-4462,-875,idle-X
3955541403,9,986,-71,2467,-4462,-875,idle-X
3955558521,9,986,-71,2467,-4497,-857,idle-X
3955559151,10,986,-71,2467,-4497,-857,idle-X
3955575964,9,986,-71,2467,-4497,-857,idle-X
3955577816,9,986,-71,2467,-4480,-875,idle-X
3955593103,9,986,-70,2467,-4480,-875,idle-X
3955597092,9,986,-70,2467,-4480,-892,idle-X
3955610546,9,986,-70,2467,-4480,-892,idle-X
3955616063,9,986,-70,2485,-4445,-875,idle-X
3955627684,9,986,-71,2485,-4445,-875,idle-X
3955635337,9,986,-71,2450,-4462,-857,idle-X
3955644822,9,986,-71,2450,-4462,-857,idle-X
3955654612,9,986,-71,2467,-4480,-840,idle-X
3955661959,9,986,-71,2467,-4480,-840,idle-X
3955673887,9,986,-71,2450,-4462,-857,idle-X
3955679403,10,986,-71,2450,-4462,-857,idle-X
3955692857,10,986,-71,2432,-4480,-875,idle-X
3955696541,9,986,-71,2432,-4480,-875,idle-X
3955712132,9,986,-71,2450,-4462,-875,idle-X
3955713679,10,986,-71,2450,-4462,-875,idle-X
3955731103,9,986,-71,2467,-4445,-875,idle-X
3955748234,10,986,-71,2467,-4445,-875,idle-X
3955750391,10,986,-71,2450,-4462,-840,idle-X
3955765372,9,986,-71,2450,-4462,-840,idle-X
3955769667,9,986,-71,2485,-4462,-840,idle-X
3955782509,10,986,-71,2485,-4462,-840,idle-X
3955788942,10,986,-71,2467,-4445,-892,idle-X
3955799953,10,986,-71,2467,-4445,-892,idle-X
3955807912,10,986,-71,2485,-4462,-875,idle-X
3955817092,10,986,-71,2485,-4462,-875,idle-X
3955827187,10,986,-71,2467,-4497,-875,idle-X
3955834230,10,985,-71,2467,-4497,-875,idle-X
3955846462,10,985,-71,2467,-4445,-875,idle-X
3955851673,9,986,-71,2467,-4445,-875,idle-X
3955865739,9,986,-71,2485,-4462,-840,idle-X
3955868813,9,985,-71,2485,-4462,-840,idle-X
3955884710,9,985,-71,2450,-4462,-857,idle-X
3955885952,10,986,-71,2450,-4462,-857,idle-X
3955903375,9,986,-71,2450,-4462,-857,idle-X
3955904006,9,986,-71,2432,-4497,-875,idle-X
3955920514,10,986,-71,2432,-4497,-875,idle-X
3955923282,10,986,-71,2450,-4480,-892,idle-X
3955937653,10,986,-71,2450,-4480,-892,idle-X
3955942254,10,986,-71,2485,-4480,-892,idle-X
3955954792,10,986,-71,2485,-4480,-892,idle-X
3955961528,10,986,-71,2485,-4462,-875,idle-X
3955972235,9,986,-71,2485,-4462,-875,idle-X
3955980805,9,986,-71,2485,-4462,-875,idle-X
3955989373,10,986,-71,2485,-4462,-875,idle-X
3955999775,10,986,-71,2485,-4445,-875,idle-X
3956006511,10,985,-71,2485,-4445,-875,idle-X
3956019050,10,985,-71,2485,-4462,-892,idle-X
3956023955,9,986,-71,2485,-4462,-892,idle-X
3956038326,9,986,-71,2450,-4462,-875,idle-X
3956041093,9,986,-70,2450,-4462,-875,idle-X
3956057600,9,986,-70,2467,-4462,-892,idle-X
3956058231,10,986,-71,2467,-4462,-892,idle-X
3956075654,9,986,-71,2467,-4462,-892,idle-X
3956076590,9,986,-71,2485,-4497,-910,idle-X
3956092792,9,986,-71,2485,-4497,-910,idle-X
3956095866,9,986,-71,2467,-4480,-875,idle-X
3956109930,9,986,-71,2467,-4480,-875,idle-X
3956115141,9,986,-71,2432,-4462,-875,idle-X
3956127069,9,986,-71,2432,-4462,-875,idle-X
3956134111,9,986,-71,2485,-4462,-875,idle-X
3956144511,9,986,-71,2485,-4462,-875,idle-X
3956153386,9,986,-71,2502,-4462,-875,idle-X
3956161649,10,986,-71,2502,-4462,-875,idle-X
3956172661,10,986,-71,2467,-4497,-857,idle-X
3956178787,9,986,-71,2467,-4497,-857,idle-X
3956191631,9,986,-71,2450,-4445,-892,idle-X
3956196232,10,986,-71,2450,-4445,-892,idle-X
3956210908,10,986,-71,2485,-4480,-875,idle-X
3956213371,9,986,-71,2485,-4480,-875,idle-X
3956230184,9,986,-71,2485,-4462,-875,idle-X
3956230814,9,986,-70,2485,-4462,-875,idle-X
3956247628,9,986,-71,2485,-4462,-875,idle-X
3956249175,9,986,-71,2485,-4497,-910,idle-X
3956265072,10,986,-71,2485,-4497,-910,idle-X
3956268450,10,986,-71,2467,-4462,-875,idle-X
3956282211,10,986,-71,2467,-4462,-875,idle-X
3956287727,10,986,-71,2467,-4462,-910,idle-X
3956299349,9,986,-71,2467,-4462,-910,idle-X
3956306698,9,986,-71,2467,-4480,-875,idle-X
3956316793,10,986,-71,2467,-4480,-875,idle-X
3956325973,10,986,-71,2450,-4445,-875,idle-X
3956333932,10,986,-70,2450,-4445,-875,idle-X
3956345249,10,986,-70,2485,-4462,-892,idle-X
3956351070,10,985,-71,2485,-4462,-892,idle-X
3956364524,10,985,-71,2467,-4462,-892,idle-X
3956368208,9,986,-71,2467,-4462,-892,idle-X
3956383494,9,986,-71,2467,-4462,-875,idle-X
3956385652,9,986,-71,2467,-4462,-875,idle-X
3956402771,9,985,-72,2467,-4497,-892,idle-X
3956419901,9,986,-71,2467,-4497,-892,idle-X
3956422058,9,986,-71,2485,-4445,-910,idle-X
3956437342,9,986,-71,2485,-4445,-910,idle-X
3956441027,9,986,-71,2450,-4462,-857,idle-X
3956454482,9,986,-71,2450,-4462,-857,idle-X
3956460304,9,986,-71,2450,-4462,-857,idle-X
3956471621,10,986,-72,2450,-4462,-857,idle-X
3956479579,10,986,-72,2485,-4462,-875,idle-X
3956488758,9,986,-71,2485,-4462,-875,idle-X
3956498549,9,986,-71,2450,-4462,-875,idle-X
3956506202,9,986,-71,2450,-4462,-875,idle-X
3956517825,9,986,-71,2450,-4462,-892,idle-X
3956523341,9,986,-71,2450,-4462,-892,idle-X
3956537100,9,986,-71,2450,-4462,-892,idle-X
3956540479,9,986,-71,2450,-4462,-892,idle-X
3956556376,9,986,-71,2467,-4445,-875,idle-X
3956557923,10,986,-71,2467,-4445,-875,idle-X
3956575041,9,986,-71,2485,-4462,-875,idle-X
3956592172,9,986,-70,2485,-4462,-875,idle-X
3956594634,9,986,-70,2467,-4462,-892,idle-X
3956609615,9,986,-71,2467,-4462,-892,idle-X
3956613910,9,986,-71,2467,-4462,-892,idle-X
3956626753,9,986,-71,2467,-4462,-892,idle-X
3956632879,9,986,-71,2450,-4480,-875,idle-X
3956643890,10,985,-70,2450,-4480,-875,idle-X
3956652155,10,985,-70,2432,-4480,-910,idle-X
3956661029,10,986,-71,2432,-4480,-910,idle-X
3956671429,10,986,-71,2467,-4480,-910,idle-X
3956678472,9,986,-71,2467,-4480,-910,idle-X
3956690399,9,986,-71,2450,-4462,-857,idle-X
3956695610,10,986,-71,2450,-4462,-857,idle-X
3956709673,10,986,-71,2467,-4462,-857,idle-X
3956712747,9,986,-71,2467,-4462,-857,idle-X
3956728950,9,986,-71,2485,-4462,-875,idle-X
3956729887,10,986,-71,2485,-4462,-875,idle-X
3956747310,9,986,-71,2485,-4462,-875,idle-X
3956747940,9,986,-71,2432,-4462,-875,idle-X
3956764447,10,985,-71,2432,-4462,-875,idle-X
3956767216,10,985,-71,2485,-4462,-857,idle-X
3956781586,10,986,-71,2485,-4462,-857,idle-X
3956786491,10,986,-71,2450,-4462,-857,idle-X
3956799029,10,986,-71,2450,-4462,-857,idle-X
3956805460,10,986,-71,2450,-4445,-875,idle-X
3956816167,10,986,-71,2450,-4445,-875,idle-X
3956824736,10,986,-71,2467,-4480,-875,idle-X
3956833306,9,986,-71,2467,-4480,-875,idle-X
3956844013,9,986,-71,2432,-4480,-840,idle-X
3956850445,10,986,-71,2432,-4480,-840,idle-X
3956862983,10,986,-71,2485,-4445,-857,idle-X
3956867888,10,986,-71,2485,-4445,-857,idle-X
3956882258,10,986,-71,2467,-4462,-875,idle-X
3956885027,10,986,-71,2467,-4462,-875,idle-X
3956901534,10,986,-71,2450,-4462,-875,idle-X
3956902164,9,986,-71,2450,-4462,-875,idle-X
3956919588,10,986,-71,2450,-4462,-875,idle-X
3956920524,10,986,-71,2467,-4445,-875,idle-X
3956936725,9,986,-71,2467,-4445,-875,idle-X
3956939800,9,986,-71,2485,-4462,-892,idle-X
3956953864,9,986,-71,2485,-4462,-892,idle-X
3956959075,9,986,-71,2432,-4462,-875,idle-X
3956971307,10,986,-71,2432,-4462,-875,idle-X
3956978350,10,986,-71,2450,-4462,-875,idle-X
3956988445,10,986,-71,2450,-4462,-875,idle-X
3956997321,10,986,-71,2502,-4462,-892,idle-X
3957005584,9,986,-71,2502,-4462,-892,idle-X
3957016596,9,986,-71,2450,-4462,-875,idle-X
3957022722,10,986,-71,2450,-4462,-875,idle-X
3957035870,10,986,-71,2467,-4497,-875,idle-X
3957040165,9,986,-71,2467,-4497,-875,idle-X
3957054841,9,986,-71,2485,-4462,-875,idle-X
3957057305,9,986,-71,2485,-4462,-875,idle-X
3957074118,9,986,-71,2485,-4445,-875,idle-X
3957074748,9,986,-71,2485,-4445,-875,idle-X
3957091867,10,986,-71,2485,-4445,-875,idle-X
3957093414,10,986,-71,2502,-4480,-857,idle-X
3957109006,10,986,-71,2502,-4480,-857,idle-X
3957112691,10,986,-71,2450,-4480,-857,idle-X
3957126144,9,986,-71,2450,-4480,-857,idle-X
3957131660,9,986,-71,2467,-4480,-857,idle-X
3957143587,10,986,-71,2467,-4480,-857,idle-X
3957150935,10,986,-71,2467,-4462,-857,idle-X
3957160725,9,986,-71,2467,-4462,-857,idle-X
3957170211,9,986,-71,2432,-4480,-892,idle-X
3957177863,10,986,-71,2432,-4480,-892,idle-X
3957189181,10,986,-71,2450,-4462,-892,idle-X
3957195002,10,986,-71,2450,-4462,-892,idle-X
3957208456,10,986,-71,2467,-4462,-857,idle-X
3957212445,10,986,-71,2467,-4462,-857,idle-X
3957227731,10,986,-71,2485,-4462,-875,idle-X
3957229584,10,986,-71,2485,-4462,-875,idle-X
3957246702,9,986,-71,2485,-4445,-892,idle-X
3957264138,10,986,-71,2485,-4445,-892,idle-X
3957265990,10,986,-71,2467,-4462,-892,idle-X
3957281276,10,986,-71,2467,-4462,-892,idle-X
3957285266,10,986,-71,2467,-4480,-875,idle-X
3957298414,9,986,-71,2467,-4480,-875,idle-X
3957304541,9,986,-71,2467,-4462,-875,idle-X
3957315859,9,986,-71,2467,-4462,-875,idle-X
3957323512,9,986,-71,2485,-4480,-875,idle-X
3957332998,9,986,-71,2485,-4480,-875,idle-X
3957342788,9,986,-71,2467,-4480,-875,idle-X
3957350136,9,986,-71,2467,-4480,-875,idle-X
3957362064,9,986,-71,2450,-4462,-910,idle-X
3957367274,9,986,-71,2450,-4462,-910,idle-X
3957381034,9,986,-71,2450,-4445,-892,idle-X
3957384718,10,986,-70,2450,-4445,-892,idle-X
3957400310,10,986,-70,2467,-4462,-857,idle-X
3957401856,9,986,-72,2467,-4462,-857,idle-X
3957418974,10,986,-71,2467,-4462,-857,idle-X
3957419604,10,986,-71,2485,-4480,-857,idle-X
3957436418,10,985,-71,2485,-4480,-857,idle-X
3957438575,10,985,-71,2450,-4462,-892,idle-X
3957453557,9,986,-72,2450,-4462,-892,idle-X
3957457852,9,986,-72,2485,-4462,-892,idle-X
3957470694,9,986,-71,2485,-4462,-892,idle-X
3957477127,9,986,-71,2485,-4445,-857,idle-X
3957487832,10,986,-71,2485,-4445,-857,idle-X
3957496096,10,986,-71,2467,-4462,-875,idle-X
3957505276,9,986,-71,2467,-4462,-875,idle-X
3957515371,9,986,-71,2467,-4462,-892,idle-X
3957522413,10,986,-71,2467,-4462,-892,idle-X
3957534647,10,986,-71,2467,-4462,-875,idle-X
3957539553,9,986,-71,2467,-4462,-875,idle-X
3957553923,9,986,-71,2467,-4497,-892,idle-X
3957556997,10,986,-71,2467,-4497,-892,idle-X
3957572894,10,986,-71,2467,-4480,-875,idle-X
3957574135,9,987,-71,2467,-4480,-875,idle-X
3957591253,9,986,-72,2467,-4480,-875,idle-X
3957592190,9,986,-72,2485,-4462,-857,idle-X
3957608392,9,986,-71,2485,-4462,-857,idle-X
3957611466,9,986,-71,2502,-4445,-857,idle-X
3957625836,9,986,-71,2502,-4445,-857,idle-X
3957630436,9,986,-71,2485,-4462,-875,idle-X
3957642974,9,986,-71,2485,-4462,-875,idle-X
3957649711,9,986,-71,2502,-4480,-875,idle-X
3957660112,10,986,-71,2502,-4480,-875,idle-X
3957668987,10,986,-71,2485,-4445,-857,idle-X
3957677556,10,986,-71,2485,-4445,-857,idle-X
3957687958,10,986,-71,2450,-4445,-857,idle-X
3957694695,9,986,-71,2450,-4445,-857,idle-X
3957707234,9,986,-71,2450,-4427,-892,idle-X
3957711834,9,986,-72,2450,-4427,-892,idle-X
3957726509,9,986,-72,2467,-4445,-875,idle-X
3957728972,10,986,-72,2467,-4445,-875,idle-X
3957745478,10,986,-72,2467,-4445,-875,idle-X
3957746415,9,986,-71,2467,-4445,-875,idle-X
3957763532,10,986,-71,2467,-4445,-875,idle-X
3957764775,10,986,-71,2485,-4462,-910,idle-X
3957780671,9,986,-71,2485,-4462,-910,idle-X
3957784050,9,986,-71,2485,-4480,-857,idle-X
3957798114,10,986,-71,2485,-4480,-857,idle-X
3957803020,10,986,-71,2467,-4445,-892,idle-X
3957815252,9,986,-71,2467,-4445,-892,idle-X
3957822296,9,986,-71,2467,-4462,-892,idle-X
3957832391,9,986,-71,2467,-4462,-892,idle-X
3957841572,9,986,-71,2467,-4462,-857,idle-X
3957849531,9,985,-71,2467,-4462,-857,idle-X
3957860543,9,985,-71,2450,-4462,-875,idle-X
3957866974,10,986,-71,2450,-4462,-875,idle-X
3957879817,10,986,-71,2450,-4445,-875,idle-X
3957884112,9,986,-71,2450,-4445,-875,idle-X
3957899093,9,986,-71,2467,-4480,-892,idle-X
3957901251,9,986,-71,2467,-4480,-892,idle-X
3957918369,9,986,-71,2467,-4480,-892,idle-X
3957918999,10,986,-71,2467,-4480,-892,idle-X
3957935811,9,986,-71,2467,-4480,-892,idle-X
3957937358,9,986,-71,2467,-4462,-892,idle-X
3957952950,9,986,-71,2467,-4462,-892,idle-X
3957956634,9,986,-71,2485,-4445,-892,idle-X
3957970089,9,986,-71,2485,-4445,-892,idle-X
3957975909,9,986,-71,2467,-4445,-875,idle-X
3957987531,9,986,-71,2467,-4445,-875,idle-X
3957994879,9,986,-71,2450,-4445,-857,idle-X
3958004669,10,986,-71,2450,-4445,-857,idle-X
3958014153,10,986,-71,2450,-4427,-875,idle-X
3958021807,9,986,-71,2450,-4427,-875,idle-X
3958033430,9,986,-71,2467,-4462,-875,idle-X
3958039252,9,986,-71,2467,-4462,-875,idle-X
3958052401,9,986,-71,2467,-4462,-892,idle-X
3958056391,10,986,-71,2467,-4462,-892,idle-X
3958071677,10,986,-71,2467,-4462,-892,idle-X
3958073529,10,986,-71,2467,-4462,-892,idle-X
3958090953,10,986,-71,2450,-4462,-875,idle-X
3958108083,10,985,-71,2450,-4462,-875,idle-X
3958109935,10,985,-71,2467,-4462,-857,idle-X
3958125221,9,985,-71,2467,-4462,-857,idle-X
3958129211,9,985,-71,2485,-4462,-892,idle-X
3958142359,10,986,-71,2485,-4462,-892,idle-X
3958148486,10,986,-71,2450,-4462,-892,idle-X
3958159804,9,986,-71,2450,-4462,-892,idle-X
3958167763,9,986,-71,2467,-4497,-857,idle-X
3958176943,9,986,-71,2467,-4497,-857,idle-X
3958186733,9,986,-71,2485,-4462,-840,idle-X
3958194081,9,986,-71,2485,-4462,-840,idle-X
3958206008,9,986,-71,2467,-4480,-840,idle-X
3958211524,10,986,-71,2467,-4480,-840,idle-X
3958225284,10,986,-71,2485,-4497,-875,idle-X
3958228663,10,986,-71,2485,-4497,-875,idle-X
3958244253,10,986,-71,2450,-4497,-875,idle-X
3958245800,10,986,-70,2450,-4497,-875,idle-X
3958263223,10,986,-71,2467,-4480,-892,idle-X
3958280352,10,985,-71,2467,-4480,-892,idle-X
3958282816,10,985,-71,2467,-4480,-875,idle-X
3958297492,10,986,-71,2467,-4480,-875,idle-X
3958302092,10,986,-71,2485,-4462,-875,idle-X
3958314630,10,986,-71,2485,-4462,-875,idle-X
3958321062,10,986,-71,2467,-4445,-892,idle-X
3958332073,10,986,-71,2467,-4445,-892,idle-X
3958340336,10,986,-71,2450,-4445,-875,idle-X
3958349210,9,986,-71,2450,-4445,-875,idle-X
3958359611,9,986,-71,2467,-4480,-892,idle-X
3958366349,9,986,-71,2467,-4480,-892,idle-X
3958378581,9,986,-71,2485,-4480,-875,idle-X
3958383792,9,986,-71,2485,-4480,-875,idle-X
3958397857,9,986,-71,2467,-4497,-857,idle-X
3958400931,10,986,-71,2467,-4497,-857,idle-X
3958417133,10,986,-71,2485,-4480,-875,idle-X
3958418070,10,986,-71,2485,-4480,-875,idle-X
3958435494,9,986,-71,2485,-4480,-875,idle-X
3958436124,9,986,-71,2467,-4462,-857,idle-X
3958452632,9,986,-71,2467,-4462,-857,idle-X
3958455400,9,986,-71,2485,-4462,-892,idle-X
3958469771,10,986,-71,2485,-4462,-892,idle-X
3958474676,10,986,-71,2485,-4462,-857,idle-X
3958486910,10,986,-71,2485,-4462,-857,idle-X
3958493647,10,986,-71,2467,-4445,-892,idle-X
3958504354,9,986,-71,2467,-4445,-892,idle-X
3958512923,9,986,-71,2450,-4445,-892,idle-X
3958521492,10,986,-71,2450,-4445,-892,idle-X
3958532197,10,986,-71,2485,-4462,-892,idle-X
3958538629,10,986,-71,2485,-4462,-892,idle-X
3958551168,10,986,-71,2467,-4462,-892,idle-X
3958555768,9,986,-71,2467,-4462,-892,idle-X
3958570444,9,986,-71,2485,-4497,-892,idle-X
3958573213,9,986,-71,2485,-4497,-892,idle-X
3958589721,9,986,-71,2467,-4462,-857,idle-X
3958590351,10,986,-71,2467,-4462,-857,idle-X
3958607468,9,986,-71,2467,-4462,-857,idle-X
3958608710,9,986,-71,2450,-4480,-875,idle-X
3958624913,10,986,-71,2450,-4480,-875,idle-X
3958627986,10,986,-71,2485,-4445,-875,idle-X
3958642050,9,986,-71,2485,-4445,-875,idle-X
3958647260,9,986,-71,2467,-4445,-857,idle-X
3958659188,10,986,-71,2467,-4445,-857,idle-X
3958666229,10,986,-71,2467,-4480,-875,idle-X
3958676324,10,986,-71,2467,-4480,-875,idle-X
3958685504,10,986,-71,2450,-4462,-857,idle-X
3958693768,10,986,-70,2450,-4462,-857,idle-X
3958704779,10,986,-70,2467,-4462,-875,idle-X
3958710907,9,986,-71,2467,-4462,-875,idle-X
3958724054,9,986,-71,2485,-4462,-892,idle-X
3958728044,9,987,-71,2485,-4462,-892,idle-X
3958743024,9,987,-71,2467,-4480,-875,idle-X
3958745182,10,985,-71,2467,-4480,-875,idle-X
3958762300,10,985,-71,2450,-4480,-875,idle-X
3958762930,9,986,-71,2450,-4480,-875,idle-X
3958779744,9,986,-71,2450,-4480,-875,idle-X
3958781597,9,986,-71,2467,-4445,-875,idle-X
3958796883,9,986,-71,2467,-4445,-875,idle-X
3958800567,9,986,-71,2450,-4445,-875,idle-X
3958814328,10,986,-71,2450,-4445,-875,idle-X
3958819844,10,986,-71,2467,-4445,-875,idle-X
3958831467,10,986,-71,2467,-4445,-875,idle-X
3958839120,10,986,-71,2467,-4462,-875,idle-X
3958848605,9,986,-71,2467,-4462,-875,idle-X
3958858090,9,986,-71,2485,-4462,-857,idle-X
3958865743,10,986,-71,2485,-4462,-857,idle-X
3958877365,10,986,-71,2450,-4480,-892,idle-X
3958883186,9,986,-71,2450,-4480,-892,idle-X
3958896640,9,986,-71,2467,-4480,-892,idle-X
3958900323,9,986,-71,2467,-4480,-892,idle-X
3958915609,9,986,-71,2450,-4462,-892,idle-X
3958917461,10,986,-71,2450,-4462,-892,idle-X
3958934884,10,986,-71,2467,-4462,-875,idle-X
3958952016,9,986,-70,2467,-4462,-875,idle-X
3958954174,9,986,-70,2467,-4480,-875,idle-X
3958969155,9,986,-71,2467,-4480,-875,idle-X
3958973144,9,986,-71,2450,-4445,-875,idle-X
3958986292,9,986,-71,2450,-4445,-875,idle-X
3958992419,9,986,-71,2450,-4462,-875,idle-X
3959003736,9,986,-71,2450,-4462,-875,idle-X
3959011695,9,986,-71,2485,-4462,-910,idle-X
3959020876,9,986,-71,2485,-4462,-910,idle-X
3959030971,9,986,-71,2467,-4480,-892,idle-X
3959038013,10,986,-71,2467,-4480,-892,idle-X
3959049941,10,986,-71,2467,-4462,-875,idle-X
3959055457,10,986,-71,2467,-4462,-875,idle-X
3959069218,10,986,-71,2467,-4462,-892,idle-X
3959072596,10,986,-71,2467,-4462,-892,idle-X
3959088493,10,986,-71,2467,-4480,-857,idle-X
3959089734,10,986,-71,2467,-4480,-857,idle-X
3959107158,9,986,-71,2450,-4480,-875,idle-X
3959124288,10,986,-71,2450,-4480,-875,idle-X
3959126751,10,986,-71,2450,-4462,-875,idle-X
3959141426,10,986,-71,2450,-4462,-875,idle-X
3959146026,10,986,-71,2485,-4462,-875,idle-X
3959158565,9,986,-71,2485,-4462,-875,idle-X
3959164997,9,986,-71,2467,-4462,-857,idle-X
3959176008,9,986,-71,2467,-4462,-857,idle-X
3959184272,9,986,-71,2450,-4480,-840,idle-X
3959193146,10,986,-72,2450,-4480,-840,idle-X
3959203546,10,986,-72,2467,-4445,-857,idle-X
3959210283,10,985,-71,2467,-4445,-857,idle-X
3959222516,10,985,-71,2485,-4462,-875,idle-X
3959227422,9,986,-71,2485,-4462,-875,idle-X
3959241792,9,986,-71,2450,-4445,-892,idle-X
3959244866,9,986,-71,2450,-4445,-892,idle-X
3959261067,9,986,-71,2485,-4462,-892,idle-X
3959262004,9,986,-71,2485,-4462,-892,idle-X
3959279123,9,986,-71,2485,-4462,-892,idle-X
3959280059,9,986,-71,2467,-4480,-875,idle-X
3959296261,10,986,-71,2467,-4480,-875,idle-X
3959299335,10,986,-71,2467,-4445,-892,idle-X
3959313704,10,986,-71,2467,-4445,-892,idle-X
3959318610,10,986,-71,2467,-4462,-892,idle-X
3959330843,10,986,-71,2467,-4462,-892,idle-X
3959337580,10,986,-71,2485,-4445,-875,idle-X
3959347982,10,986,-71,2485,-4445,-875,idle-X
3959356857,10,986,-71,2467,-4462,-892,idle-X
3959365120,10,986,-71,2467,-4462,-892,idle-X
3959376132,10,986,-71,2485,-4480,-857,idle-X
3959382564,9,986,-71,2485,-4480,-857,idle-X
3959395103,9,986,-71,2467,-4462,-875,idle-X
3959399702,10,986,-71,2467,-4462,-875,idle-X
3959414379,10,986,-71,2485,-4480,-857,idle-X
3959416842,9,986,-71,2485,-4480,-857,idle-X
3959433654,9,986,-71,2467,-4445,-857,idle-X
3959434284,10,986,-71,2467,-4445,-857,idle-X
3959451402,10,986,-71,2467,-4445,-857,idle-X
3959452644,10,986,-71,2467,-4462,-857,idle-X
3959468542,10,986,-71,2467,-4462,-857,idle-X
3959471920,10,986,-71,2432,-4480,-875,idle-X
3959485679,10,986,-71,2432,-4480,-875,idle-X
3959491196,10,986,-71,2432,-4462,-892,idle-X
3959503123,9,986,-71,2432,-4462,-892,idle-X
3959510166,9,986,-71,2467,-4480,-875,idle-X
3959520260,10,985,-71,2467,-4480,-875,idle-X
3959529440,10,985,-71,2467,-4445,-892,idle-X
3959537400,9,986,-71,2467,-4445,-892,idle-X
3959548718,9,986,-71,2450,-4445,-892,idle-X
3959554540,10,986,-71,2450,-4445,-892,idle-X
3959567688,10,986,-71,2450,-4445,-857,idle-X
3959571983,9,986,-71,2450,-4445,-857,idle-X
3959586962,9,986,-71,2485,-4462,-857,idle-X
3959589121,10,986,-71,2485,-4462,-857,idle-X
3959606240,10,986,-70,2467,-4462,-875,idle-X
3959623677,9,986,-71,2467,-4462,-875,idle-X
3959625223,9,986,-71,2485,-4462,-857,idle-X
3959640815,10,986,-71,2485,-4462,-857,idle-X
3959644499,10,986,-71,2450,-4480,-840,idle-X
3959657953,9,986,-71,2450,-4480,-840,idle-X
3959663775,9,986,-71,2450,-4462,-875,idle-X
3959675092,9,987,-71,2450,-4462,-875,idle-X
3959682745,9,987,-71,2450,-4445,-875,idle-X
3959692536,9,986,-71,2450,-4445,-875,idle-X
3959702020,9,986,-71,2467,-4445,-857,idle-X
3959709673,9,986,-71,2467,-4445,-857,idle-X
3959721296,9,986,-71,2450,-4480,-875,idle-X
3959726813,10,986,-71,2450,-4480,-875,idle-X
3959740268,10,986,-71,2467,-4480,-892,idle-X
3959743951,10,986,-71,2467,-4480,-892,idle-X
3959759542,10,986,-71,2450,-4480,-875,idle-X
3959761394,9,986,-71,2450,-4480,-875,idle-X
3959778513,9,986,-71,2467,-4462,-892,idle-X
3959795643,10,986,-71,2467,-4462,-892,idle-X
3959797801,10,986,-71,2485,-4480,-892,idle-X
3959812782,10,986,-70,2485,-4480,-892,idle-X
3959817076,10,986,-70,2467,-4480,-875,idle-X
3959830224,10,986,-71,2467,-4480,-875,idle-X
3959836351,10,986,-71,2502,-4480,-892,idle-X
3959847362,9,986,-71,2502,-4480,-892,idle-X
3959855321,9,986,-71,2467,-4445,-892,idle-X
3959864501,9,986,-71,2467,-4445,-892,idle-X
3959874596,9,986,-71,2450,-4462,-875,idle-X
3959881639,9,986,-71,2450,-4462,-875,idle-X
3959893871,9,986,-71,2502,-4462,-857,idle-X
3959899082,9,986,-71,2502,-4462,-857,idle-X
3959912841,9,986,-71,2467,-4462,-857,idle-X
3959916220,9,986,-70,2467,-4462,-857,idle-X
3959932118,9,986,-70,2467,-4462,-875,idle-X
3959933360,9,986,-71,2467,-4462,-875,idle-X
3959950478,10,986,-71,2467,-4462,-875,idle-X
3959951415,10,986,-71,2450,-4480,-875,idle-X
3959967921,10,986,-71,2450,-4480,-875,idle-X
3959970384,10,986,-71,2450,-4480,-875,idle-X
3959985060,9,986,-70,2450,-4480,-875,idle-X
3959989660,9,986,-70,2485,-4462,-875,idle-X
3960002198,10,986,-71,2485,-4462,-875,idle-X
3960008935,10,986,-71,2450,-4427,-857,idle-X
3960019641,10,986,-71,2450,-4427,-857,idle-X
3960027906,10,986,-71,2467,-4462,-892,idle-X
3960036781,9,986,-71,2467,-4462,-892,idle-X
3960047182,9,986,-71,2467,-4462,-875,idle-X
3960053919,9,986,-71,2467,-4462,-875,idle-X
3960066458,9,986,-71,2450,-4497,-875,idle-X
3960071058,10,986,-70,2450,-4497,-875,idle-X
3960085428,10,986,-70,2450,-4480,-857,idle-X
3960088502,9,986,-71,2450,-4480,-857,idle-X
3960104703,9,986,-71,2450,-4480,-875,idle-X
3960105639,9,986,-71,2450,-4480,-875,idle-X
3960122757,9,985,-71,2450,-4480,-875,idle-X
3960123998,9,985,-71,2467,-4462,-857,idle-X
3960139895,9,985,-71,2467,-4462,-857,idle-X
3960142969,9,985,-71,2467,-4462,-857,idle-X
3960157337,10,986,-71,2467,-4462,-857,idle-X
3960162242,10,986,-71,2450,-4480,-857,idle-X
3960174476,9,986,-71,2450,-4480,-857,idle-X
3960181519,9,986,-71,2485,-4445,-875,idle-X
3960191615,9,986,-71,2485,-4445,-875,idle-X
3960200490,9,986,-71,2467,-4462,-857,idle-X
3960208754,9,986,-71,2467,-4462,-857,idle-X
3960219765,9,986,-71,2432,-4462,-875,idle-X
3960226197,9,986,-71,2432,-4462,-875,idle-X
3960239039,9,986,-71,2450,-4462,-892,idle-X
3960243334,10,986,-71,2450,-4462,-892,idle-X
3960258009,10,986,-71,2467,-4462,-875,idle-X
3960260473,10,986,-71,2467,-4462,-875,idle-X
3960277285,10,986,-71,2467,-4480,-892,idle-X
3960277915,9,986,-71,2467,-4480,-892,idle-X
3960295033,10,986,-71,2467,-4480,-892,idle-X
3960296581,10,986,-71,2485,-4462,-892,idle-X
3960312172,9,986,-71,2485,-4462,-892,idle-X
3960315551,9,986,-71,2485,-4462,-875,idle-X
3960329312,9,986,-70,2485,-4462,-875,idle-X
3960334828,9,986,-70,2450,-4462,-857,idle-X
3960346756,9,987,-71,2450,-4462,-857,idle-X
3960354103,9,987,-71,2450,-4480,-875,idle-X
3960363893,10,986,-71,2450,-4480,-875,idle-X
3960373073,10,986,-71,2467,-4445,-857,idle-X
3960381030,10,986,-71,2467,-4445,-857,idle-X
3960392349,10,986,-71,2450,-4445,-875,idle-X
3960398171,10,986,-71,2450,-4445,-875,idle-X
3960411625,10,986,-71,2467,-4462,-875,idle-X
3960415614,10,986,-71,2467,-4462,-875,idle-X
3960430595,10,986,-71,2467,-4480,-892,idle-X
3960432753,10,986,-71,2467,-4480,-892,idle-X
3960449871,10,986,-70,2450,-4462,-875,idle-X
3960467308,9,986,-71,2450,-4462,-875,idle-X
3960469160,9,986,-71,2467,-4462,-875,idle-X
3960484446,9,986,-71,2467,-4462,-875,idle-X
3960488130,9,986,-71,2432,-4480,-875,idle-X
3960501583,10,986,-71,2432,-4480,-875,idle-X
3960507403,10,986,-71,2432,-4462,-875,idle-X
3960518721,10,986,-71,2432,-4462,-875,idle-X
3960526680,10,986,-71,2485,-4462,-875,idle-X
3960536165,10,987,-71,2485,-4462,-875,idle-X
3960545650,10,987,-71,2467,-4462,-892,idle-X
3960553303,10,986,-71,2467,-4462,-892,idle-X
3960564924,10,986,-71,2467,-4462,-857,idle-X
3960570440,9,986,-71,2467,-4462,-857,idle-X
3960584201,9,986,-71,2485,-4462,-875,idle-X
3960587580,9,986,-71,2485,-4462,-875,idle-X
3960603171,9,986,-71,2450,-4462,-875,idle-X
3960605023,9,986,-71,2450,-4462,-875,idle-X
3960622142,9,986,-71,2450,-4445,-910,idle-X
3960639271,9,986,-71,2450,-4445,-910,idle-X
3960641735,9,986,-71,2432,-4445,-875,idle-X
3960656717,9,986,-72,2432,-4445,-875,idle-X
3960661012,9,986,-72,2450,-4462,-875,idle-X
3960673855,10,986,-71,2450,-4462,-875,idle-X
3960679981,10,986,-71,2450,-4445,-875,idle-X
3960690993,9,986,-71,2450,-4445,-875,idle-X
3960699257,9,986,-71,2432,-4445,-857,idle-X
3960708437,9,986,-71,2432,-4445,-857,idle-X
3960718534,9,986,-71,2450,-4480,-892,idle-X
3960725577,10,986,-71,2450,-4480,-892,idle-X
3960737503,10,986,-71,2450,-4445,-892,idle-X
3960742714,10,986,-71,2450,-4445,-892,idle-X
3960756778,10,986,-71,2450,-4480,-875,idle-X
3960759852,10,986,-71,2450,-4480,-875,idle-X
3960776054,10,986,-71,2485,-4462,-857,idle-X
3960777296,10,986,-71,2485,-4462,-857,idle-X
3960794413,10,986,-71,2485,-4462,-857,idle-X
3960795044,10,986,-71,2467,-4462,-857,idle-X
3960811552,9,986,-71,2467,-4462,-857,idle-X
3960814321,9,986,-71,2485,-4462,-892,idle-X
3960828997,10,986,-71,2485,-4462,-892,idle-X
3960833597,10,986,-71,2467,-4462,-875,idle-X
3960846136,9,986,-71,2467,-4462,-875,idle-X
3960852568,9,986,-71,2450,-4445,-857,idle-X
3960863275,10,986,-71,2450,-4445,-857,idle-X
3960871843,10,986,-71,2467,-4445,-892,idle-X
3960880413,10,986,-71,2467,-4445,-892,idle-X
3960891119,10,986,-71,2485,-4480,-875,idle-X
3960897856,10,986,-71,2485,-4480,-875,idle-X
3960910089,10,986,-71,2467,-4480,-892,idle-X
3960914995,9,986,-71,2467,-4480,-892,idle-X
3960929363,9,986,-71,2467,-4480,-892,idle-X
3960932132,9,986,-71,2467,-4480,-892,idle-X
3960948639,9,986,-71,2450,-4462,-857,idle-X
3960949269,10,986,-71,2450,-4462,-857,idle-X
3960966692,9,985,-71,2450,-4462,-857,idle-X
3960967628,9,985,-71,2450,-4462,-875,idle-X
3960983831,10,986,-71,2450,-4462,-875,idle-X
3960986904,10,986,-71,2467,-4462,-875,idle-X
3961000968,10,986,-71,2467,-4462,-875,idle-X
3961006179,10,986,-71,2467,-4445,-857,idle-X
3961018411,9,986,-71,2467,-4445,-857,idle-X
3961025453,9,986,-71,2450,-4462,-857,idle-X
3961035550,10,986,-71,2450,-4462,-857,idle-X
3961044425,10,986,-71,2467,-4480,-892,idle-X
3961052690,9,986,-71,2467,-4480,-892,idle-X
3961063701,9,986,-71,2485,-4462,-857,idle-X
3961069828,10,986,-71,2485,-4462,-857,idle-X
3961082976,10,986,-71,2450,-4462,-857,idle-X
3961087271,10,986,-71,2450,-4462,-857,idle-X
3961101945,10,986,-71,2450,-4445,-892,idle-X
3961104409,10,986,-71,2450,-4445,-892,idle-X
3961121222,10,986,-71,2485,-4462,-910,idle-X
3961121853,10,986,-71,2485,-4462,-910,idle-X
3961138971,10,986,-71,2485,-4462,-910,idle-X
3961140518,10,986,-71,2467,-4445,-857,idle-X
3961156110,10,986,-71,2467,-4445,-857,idle-X
3961159488,10,986,-71,2467,-4462,-857,idle-X
3961173248,9,986,-71,2467,-4462,-857,idle-X
3961178763,9,986,-71,2450,-4462,-875,idle-X
3961190386,9,986,-71,2450,-4462,-875,idle-X
3961198039,9,986,-71,2467,-4462,-840,idle-X
3961207830,10,986,-71,2467,-4462,-840,idle-X
3961217009,10,986,-71,2467,-4445,-857,idle-X
3961224968,10,986,-71,2467,-4445,-857,idle-X
3961236286,10,986,-71,2467,-4462,-857,idle-X
3961242107,9,986,-71,2467,-4462,-857,idle-X
3961255562,9,986,-71,2450,-4445,-875,idle-X
3961259246,9,986,-71,2450,-4445,-875,idle-X
3961274532,9,986,-71,2485,-4462,-875,idle-X
3961276689,9,986,-71,2485,-4462,-875,idle-X
3961293807,9,986,-71,2467,-4462,-875,idle-X
3961310938,9,986,-71,2467,-4462,-875,idle-X
3961313096,9,986,-71,2485,-4462,-875,idle-X
3961328382,10,986,-71,2485,-4462,-875,idle-X
3961332067,10,986,-71,2450,-4480,-892,idle-X
3961345520,10,986,-71,2450,-4480,-892,idle-X
3961351342,10,986,-71,2450,-4480,-892,idle-X
3961362658,10,986,-71,2450,-4480,-892,idle-X
3961370617,10,986,-71,2467,-4497,-875,idle-X
3961379797,10,986,-71,2467,-4497,-875,idle-X
3961389587,10,986,-71,2467,-4480,-875,idle-X
3961397240,10,986,-71,2467,-4480,-875,idle-X
3961408862,10,986,-71,2467,-4480,-892,idle-X
3961414378,10,986,-71,2467,-4480,-892,idle-X
3961428137,10,986,-71,2485,-4480,-857,idle-X
3961431516,10,986,-71,2485,-4480,-857,idle-X
3961447414,10,986,-71,2485,-4480,-910,idle-X
3961448961,10,986,-71,2485,-4480,-910,idle-X
3961466079,10,986,-71,2467,-4462,-892,idle-X
3961483210,10,986,-71,2467,-4462,-892,idle-X
3961485672,10,986,-71,2432,-4462,-892,idle-X
3961500652,10,986,-71,2432,-4462,-892,idle-X
3961504947,10,986,-71,2450,-4462,-857,idle-X
3961517792,9,986,-71,2450,-4462,-857,idle-X
3961523918,9,986,-71,2485,-4462,-892,idle-X
3961534930,9,986,-71,2485,-4462,-892,idle-X
3961543192,9,986,-71,2485,-4462,-875,idle-X
3961552067,10,986,-71,2485,-4462,-875,idle-X
3961562468,10,986,-71,2485,-4445,-875,idle-X
3961569511,10,986,-71,2485,-4445,-875,idle-X
3961581439,10,986,-71,2467,-4480,-875,idle-X
3961586650,10,986,-72,2467,-4480,-875,idle-X
3961600716,10,986,-72,2450,-4480,-875,idle-X
3961603789,10,986,-71,2450,-4480,-875,idle-X
3961619990,10,986,-71,2450,-4462,-857,idle-X
3961621232,10,986,-71,2450,-4462,-857,idle-X
3961638351,9,986,-71,2450,-4462,-857,idle-X
3961638981,9,986,-71,2485,-4480,-875,idle-X
3961655489,9,986,-71,2485,-4480,-875,idle-X
3961658258,9,986,-71,2467,-4480,-840,idle-X
3961672629,10,986,-71,2467,-4480,-840,idle-X
3961677533,10,986,-71,2485,-4462,-857,idle-X
3961690071,9,986,-71,2485,-4462,-857,idle-X
3961696504,9,986,-71,2502,-4462,-875,idle-X
3961707211,9,986,-71,2502,-4462,-875,idle-X
3961715781,9,986,-71,2467,-4462,-892,idle-X
3961724351,9,986,-71,2467,-4462,-892,idle-X
3961735056,9,986,-71,2450,-4462,-892,idle-X
3961741488,10,986,-71,2450,-4462,-892,idle-X
3961754026,10,986,-71,2450,-4445,-875,idle-X
3961758932,10,986,-71,2450,-4445,-875,idle-X
3961773303,10,986,-71,2485,-4445,-875,idle-X
3961776071,10,986,-71,2485,-4445,-875,idle-X
3961792577,10,986,-71,2467,-4462,-892,idle-X
3961793208,9,986,-71,2467,-4462,-892,idle-X
3961810631,10,986,-71,2467,-4462,-892,idle-X
3961811568,10,986,-71,2450,-4462,-892,idle-X
3961827770,9,986,-71,2450,-4462,-892,idle-X
3961830844,9,986,-71,2450,-4445,-875,idle-X
3961844909,9,986,-72,2450,-4445,-875,idle-X
3961850119,9,986,-72,2485,-4445,-892,idle-X
3961862047,9,986,-72,2485,-4445,-892,idle-X
3961869089,9,986,-72,2502,-4462,-910,idle-X
3961879489,10,986,-71,2502,-4462,-910,idle-X
3961888363,10,986,-71,2467,-4462,-875,idle-X
3961896628,10,986,-72,2467,-4462,-875,idle-X
3961907639,10,986,-72,2485,-4462,-892,idle-X
3961913765,10,986,-71,2485,-4462,-892,idle-X
3961926609,10,986,-71,2467,-4480,-875,idle-X
3961930903,9,986,-71,2467,-4480,-875,idle-X
3961945883,9,986,-71,2467,-4462,-875,idle-X
3961948346,10,986,-71,2467,-4462,-875,idle-X
3961965159,10,986,-71,2485,-4445,-875,idle-X
3961965789,10,986,-71,2485,-4445,-875,idle-X
3961982602,9,986,-71,2485,-4445,-875,idle-X
3961984149,9,986,-71,2432,-4462,-910,idle-X
3961999741,9,986,-72,2432,-4462,-910,idle-X
3962003425,9,986,-72,2450,-4462,-875,idle-X
3962017184,9,986,-71,2450,-4462,-875,idle-X
3962022701,9,986,-71,2485,-4445,-892,idle-X
3962034325,9,986,-71,2485,-4445,-892,idle-X
3962041672,9,986,-71,2467,-4445,-892,idle-X
3962051462,9,986,-71,2467,-4445,-892,idle-X
3962060946,9,986,-71,2467,-4445,-892,idle-X
3962068600,10,986,-71,2467,-4445,-892,idle-X
3962080222,10,986,-71,2467,-4462,-875,idle-X
3962086043,9,986,-71,2467,-4462,-875,idle-X
3962099191,9,986,-71,2467,-4445,-892,idle-X
3962103181,10,985,-71,2467,-4445,-892,idle-X
3962118467,10,985,-71,2450,-4427,-857,idle-X
3962120319,9,985,-71,2450,-4427,-857,idle-X
3962137742,10,986,-71,2485,-4462,-875,idle-X
3962154873,9,986,-71,2485,-4462,-875,idle-X
3962156725,9,986,-71,2485,-4462,-875,idle-X
3962172012,9,986,-71,2485,-4462,-875,idle-X
3962176002,9,986,-71,2450,-4445,-875,idle-X
3962189150,9,985,-71,2450,-4445,-875,idle-X
3962195277,9,985,-71,2450,-4462,-857,idle-X
3962206593,10,986,-71,2450,-4462,-857,idle-X
3962214246,10,986,-71,2467,-4445,-892,idle-X
3962223732,10,986,-71,2467,-4445,-892,idle-X
3962233523,10,986,-71,2485,-4445,-875,idle-X
3962240871,9,986,-71,2485,-4445,-875,idle-X
3962252798,9,986,-71,2485,-4480,-892,idle-X
3962258009,10,986,-71,2485,-4480,-892,idle-X
3962271768,10,986,-71,2450,-4480,-875,idle-X
3962275452,9,986,-71,2450,-4480,-875,idle-X
3962291046,9,986,-71,2485,-4462,-892,idle-X
3962292593,10,986,-71,2485,-4462,-892,idle-X
3962309711,10,986,-71,2485,-4462,-892,idle-X
3962310341,10,986,-71,2485,-4445,-892,idle-X
3962327155,9,986,-71,2485,-4445,-892,idle-X
3962329312,9,986,-71,2467,-4480,-927,idle-X
3962344293,10,986,-70,2467,-4480,-927,idle-X
3962348587,10,986,-70,2432,-4462,-875,idle-X
3962361431,9,986,-71,2432,-4462,-875,idle-X
3962367864,9,986,-71,2450,-4480,-892,idle-X
3962378570,9,986,-71,2450,-4480,-892,idle-X
3962386834,9,986,-71,2450,-4480,-875,idle-X
3962396014,9,986,-71,2450,-4480,-875,idle-X
3962406110,9,986,-71,2450,-4480,-875,idle-X
3962413153,10,986,-71,2450,-4480,-875,idle-X
3962425386,10,986,-71,2432,-4445,-875,idle-X
3962430291,10,986,-71,2432,-4445,-875,idle-X
3962444356,10,986,-71,2450,-4445,-875,idle-X
3962447429,9,986,-71,2450,-4445,-875,idle-X
3962463632,9,986,-71,2467,-4462,-892,idle-X
3962464873,9,986,-71,2467,-4462,-892,idle-X
3962481992,9,986,-71,2467,-4462,-892,idle-X
3962482929,9,986,-71,2485,-4427,-892,idle-X
3962499132,10,986,-71,2485,-4427,-892,idle-X
3962501901,10,986,-71,2467,-4462,-875,idle-X
3962516271,10,986,-71,2467,-4462,-875,idle-X
3962521176,10,986,-71,2450,-4480,-875,idle-X
3962533714,9,986,-71,2450,-4480,-875,idle-X
3962540451,9,986,-71,2450,-4497,-892,idle-X
3962550854,9,986,-71,2450,-4497,-892,idle-X
3962559423,9,986,-71,2450,-4462,-892,idle-X
3962567992,10,986,-71,2450,-4462,-892,idle-X
3962578699,10,986,-71,2450,-4462,-892,idle-X
3962585436,9,986,-71,2450,-4462,-892,idle-X
3962597974,9,986,-71,2467,-4445,-892,idle-X
3962602574,9,986,-72,2467,-4445,-892,idle-X
3962616945,9,986,-72,2467,-4480,-875,idle-X
3962619713,9,986,-70,2467,-4480,-875,idle-X
3962636220,9,986,-70,2467,-4480,-892,idle-X
3962636851,9,986,-71,2467,-4480,-892,idle-X
3962654274,9,986,-71,2467,-4480,-892,idle-X
3962655516,9,986,-71,2467,-4462,-892,idle-X
3962671413,10,986,-71,2467,-4462,-892,idle-X
3962674487,10,986,-71,2450,-4445,-875,idle-X
3962688553,10,986,-71,2450,-4445,-875,idle-X
3962693763,10,986,-71,2450,-4462,-857,idle-X
3962705997,10,986,-71,2450,-4462,-857,idle-X
3962713039,10,986,-71,2450,-4445,-875,idle-X
3962723135,10,986,-72,2450,-4445,-875,idle-X
3962732009,10,986,-72,2467,-4462,-875,idle-X
3962740273,10,986,-71,2467,-4462,-875,idle-X
3962751286,10,986,-71,2485,-4462,-857,idle-X
3962757413,10,986,-71,2485,-4462,-857,idle-X
3962770561,10,986,-71,2467,-4462,-875,idle-X
3962774856,10,986,-71,2467,-4462,-875,idle-X
3962789837,10,986,-71,2467,-4445,-875,idle-X
3962791994,10,986,-71,2467,-4445,-875,idle-X
3962808807,10,986,-71,2450,-4462,-875,idle-X
3962809438,10,986,-71,2450,-4462,-875,idle-X
3962826252,10,986,-71,2450,-4462,-875,idle-X
3962828105,10,986,-71,2450,-4480,-857,idle-X
3962843696,9,986,-71,2450,-4480,-857,idle-X
3962847074,9,986,-71,2467,-4462,-892,idle-X
3962860833,9,986,-71,2467,-4462,-892,idle-X
3962866348,9,986,-71,2450,-4445,-875,idle-X
3962877970,9,986,-71,2450,-4445,-875,idle-X
3962885624,9,986,-71,2467,-4462,-875,idle-X
3962895109,10,986,-71,2467,-4462,-875,idle-X
3962904594,10,986,-71,2467,-4480,-892,idle-X
3962912553,9,986,-71,2467,-4480,-892,idle-X
3962923870,9,986,-71,2467,-4445,-892,idle-X
3962929691,9,986,-70,2467,-4445,-892,idle-X
3962943145,9,986,-70,2450,-4497,-857,idle-X
3962946830,10,986,-71,2450,-4497,-857,idle-X
3962962117,10,986,-71,2450,-4480,-875,idle-X
3962964273,10,986,-71,2450,-4480,-875,idle-X
3962981390,9,986,-70,2485,-4462,-875,idle-X
3962998521,10,986,-71,2485,-4462,-875,idle-X
3963000679,10,986,-71,2467,-4445,-857,idle-X
3963015661,10,986,-71,2467,-4445,-857,idle-X
3963019650,10,986,-71,2467,-4445,-892,idle-X
3963033104,9,986,-71,2467,-4445,-892,idle-X
3963038925,9,986,-71,2467,-4462,-875,idle-X
3963050242,9,986,-72,2467,-4462,-875,idle-X
3963058200,9,986,-72,2467,-4445,-875,idle-X
3963067379,9,986,-71,2467,-4445,-875,idle-X
3963077171,9,986,-71,2467,-4462,-875,idle-X
3963084520,9,986,-71,2467,-4462,-875,idle-X
3963096447,9,986,-71,2467,-4462,-892,idle-X
3963101963,9,986,-71,2467,-4462,-892,idle-X
3963115722,9,986,-71,2450,-4445,-875,idle-X
3963119100,10,986,-71,2450,-4445,-875,idle-X
3963134692,10,986,-71,2502,-4480,-875,idle-X
3963136239,9,986,-71,2502,-4480,-875,idle-X
3963153663,9,986,-71,2467,-4480,-892,idle-X
3963170794,10,986,-71,2467,-4480,-892,idle-X
3963173256,10,986,-71,2450,-4462,-857,idle-X
3963187931,9,986,-71,2450,-4462,-857,idle-X
3963192226,9,986,-71,2467,-4462,-857,idle-X
3963205070,9,986,-71,2467,-4462,-857,idle-X
3963211502,9,986,-71,2502,-4480,-892,idle-X
3963222513,9,986,-71,2502,-4480,-892,idle-X
3963230777,9,986,-71,2485,-4445,-857,idle-X
3963239651,10,986,-71,2485,-4445,-857,idle-X
3963249746,10,986,-71,2485,-4462,-875,idle-X
3963256789,10,986,-71,2485,-4462,-875,idle-X
3963269023,10,986,-71,2485,-4462,-875,idle-X
3963273928,10,986,-71,2485,-4462,-875,idle-X
3963288299,10,986,-71,2450,-4445,-892,idle-X
3963291373,9,986,-71,2450,-4445,-892,idle-X
3963307270,9,986,-71,2485,-4480,-840,idle-X
3963308511,10,986,-71,2485,-4480,-840,idle-X
3963325629,10,986,-70,2485,-4480,-840,idle-X
3963326566,10,986,-70,2485,-4427,-875,idle-X
3963343074,9,986,-71,2485,-4427,-875,idle-X
3963345843,9,986,-71,2467,-4445,-875,idle-X
3963360214,9,985,-71,2467,-4445,-875,idle-X
3963365120,9,985,-71,2450,-4445,-857,idle-X
3963377352,9,986,-71,2450,-4445,-857,idle-X
3963384089,9,986,-71,2450,-4410,-875,idle-X
3963394489,10,986,-71,2450,-4410,-875,idle-X
3963403363,10,986,-71,2450,-4445,-875,idle-X
3963411933,10,986,-71,2450,-4445,-875,idle-X
3963422639,10,986,-71,2450,-4445,-857,idle-X
3963429071,10,986,-71,2450,-4445,-857,idle-X
3963441610,10,986,-71,2467,-4480,-875,idle-X
3963446210,10,986,-71,2467,-4480,-875,idle-X
3963460885,10,986,-71,2485,-4497,-857,idle-X
3963463653,9,986,-71,2485,-4497,-857,idle-X
3963480161,9,986,-71,2485,-4480,-857,idle-X
3963480791,9,986,-71,2485,-4480,-857,idle-X
3963497909,10,986,-71,2485,-4480,-857,idle-X
3963499151,10,986,-71,2450,-4480,-857,idle-X
3963515048,9,986,-71,2450,-4480,-857,idle-X
3963518427,9,986,-71,2450,-4462,-875,idle-X
3963532492,9,986,-71,2450,-4462,-875,idle-X
3963537703,9,986,-71,2467,-4480,-892,idle-X
3963549631,9,986,-71,2467,-4480,-892,idle-X
3963556674,9,986,-71,2467,-4480,-875,idle-X
3963566770,9,986,-71,2467,-4480,-875,idle-X
3963575950,9,986,-71,2467,-4445,-910,idle-X
3963583910,9,986,-71,2467,-4445,-910,idle-X
3963595227,9,986,-71,2450,-4462,-892,idle-X
3963601355,9,986,-71,2450,-4462,-892,idle-X
3963614198,9,986,-71,2450,-4462,-892,idle-X
3963618493,9,986,-71,2450,-4462,-892,idle-X
3963633473,9,986,-71,2467,-4462,-875,idle-X
3963635630,10,986,-71,2467,-4462,-875,idle-X
3963652747,10,986,-71,2467,-4462,-875,idle-X
3963653377,9,986,-71,2467,-4462,-875,idle-X
3963670190,9,986,-71,2467,-4462,-875,idle-X
3963671737,9,986,-71,2450,-4480,-875,idle-X
3963687328,9,986,-71,2450,-4480,-875,idle-X
3963691013,9,986,-71,2467,-4462,-840,idle-X
3963704466,9,986,-71,2467,-4462,-840,idle-X
3963710287,9,986,-71,2485,-4445,-857,idle-X
3963721909,10,986,-71,2485,-4445,-857,idle-X
3963729257,10,986,-71,2502,-4462,-875,idle-X
3963739048,9,986,-71,2502,-4462,-875,idle-X
3963748532,9,986,-71,2502,-4480,-892,idle-X
3963756185,9,986,-71,2502,-4480,-892,idle-X
3963767808,9,986,-71,2467,-4462,-892,idle-X
3963773629,9,986,-71,2467,-4462,-892,idle-X
3963786778,9,986,-71,2467,-4462,-875,idle-X
3963790767,9,986,-71,2467,-4462,-875,idle-X
3963806054,9,986,-71,2450,-4462,-857,idle-X
3963807906,9,986,-71,2450,-4462,-857,idle-X
3963825025,10,986,-71,2450,-4480,-875,idle-X
3963842460,9,986,-71,2450,-4480,-875,idle-X
3963844619,9,986,-71,2467,-4445,-892,idle-X
3963859600,9,986,-71,2467,-4445,-892,idle-X
3963863590,9,986,-71,2450,-4480,-875,idle-X
3963876739,10,986,-71,2450,-4480,-875,idle-X
3963882866,10,986,-71,2432,-4462,-875,idle-X
3963894182,10,986,-71,2432,-4462,-875,idle-X
3963902141,10,986,-71,2450,-4480,-857,idle-X
3963911320,10,986,-71,2450,-4480,-857,idle-X
3963921110,10,986,-71,2450,-4480,-875,idle-X
3963928458,10,986,-71,2450,-4480,-875,idle-X
3963940386,10,986,-71,2450,-4462,-875,idle-X
3963945597,10,986,-71,2450,-4462,-875,idle-X
3963959661,10,986,-71,2450,-4462,-892,idle-X
3963963040,10,986,-71,2450,-4462,-892,idle-X
3963978631,10,986,-71,2467,-4497,-875,idle-X
3963980178,10,986,-71,2467,-4497,-875,idle-X
3963997297,10,986,-71,2467,-4497,-875,idle-X
3963997927,10,986,-71,2467,-4497,-910,idle-X
3964014741,9,986,-71,2467,-4497,-910,idle-X
3964017204,9,986,-71,2467,-4462,-892,idle-X
3964031880,10,986,-71,2467,-4462,-892,idle-X
3964036175,10,986,-71,2450,-4445,-875,idle-X
3964049017,9,986,-72,2450,-4445,-875,idle-X
3964055449,9,986,-72,2485,-4427,-875,idle-X
3964066156,9,986,-71,2485,-4427,-875,idle-X
3964074725,9,986,-71,2467,-4462,-892,idle-X
3964083601,10,986,-71,2467,-4462,-892,idle-X
3964094002,10,986,-71,2450,-4462,-875,idle-X
3964100740,9,986,-71,2450,-4462,-875,idle-X
3964112972,9,986,-71,2467,-4462,-875,idle-X
3964117877,10,986,-71,2467,-4462,-875,idle-X
3964132247,10,986,-71,2467,-4445,-892,idle-X
3964135320,9,986,-71,2467,-4445,-892,idle-X
3964151522,9,986,-71,2467,-4462,-875,idle-X
3964152458,10,986,-71,2467,-4462,-875,idle-X
3964169576,10,986,-70,2467,-4462,-875,idle-X
3964170513,10,986,-70,2502,-4462,-892,idle-X
3964187021,10,985,-71,2502,-4462,-892,idle-X
3964189789,10,985,-71,2467,-4497,-857,idle-X
3964204160,10,986,-71,2467,-4497,-857,idle-X
3964209065,10,986,-71,2485,-4480,-892,idle-X
3964221298,9,986,-71,2485,-4480,-892,idle-X
3964228034,9,986,-71,2467,-4480,-875,idle-X
3964238436,9,986,-71,2467,-4480,-875,idle-X
3964247311,9,986,-71,2467,-4462,-857,idle-X
3964255881,9,986,-70,2467,-4462,-857,idle-X
3964266587,9,986,-70,2450,-4445,-910,idle-X
3964273018,10,986,-71,2450,-4445,-910,idle-X
3964285862,10,986,-71,2450,-4427,-875,idle-X
3964290156,9,986,-71,2450,-4427,-875,idle-X
3964304831,9,986,-71,2450,-4445,-875,idle-X
3964307600,10,986,-71,2450,-4445,-875,idle-X
3964324108,10,986,-71,2467,-4462,-892,idle-X
3964324738,9,985,-71,2467,-4462,-892,idle-X
3964341857,9,986,-72,2467,-4462,-892,idle-X
3964343404,9,986,-72,2450,-4462,-892,idle-X
3964359301,10,986,-71,2450,-4462,-892,idle-X
3964362374,10,986,-71,2467,-4480,-857,idle-X
3964376439,9,986,-71,2467,-4480,-857,idle-X
3964381650,9,986,-71,2467,-4480,-892,idle-X
3964393578,10,986,-71,2467,-4480,-892,idle-X
3964400925,10,986,-71,2467,-4497,-892,idle-X
3964411022,9,986,-71,2467,-4497,-892,idle-X
3964420202,9,986,-71,2467,-4497,-910,idle-X
3964428161,9,986,-71,2467,-4497,-910,idle-X
3964439172,9,986,-71,2467,-4497,-875,idle-X
3964445299,9,986,-71,2467,-4497,-875,idle-X
3964458448,9,986,-71,2485,-4480,-875,idle-X
3964462744,9,986,-71,2485,-4480,-875,idle-X
3964477725,9,986,-71,2485,-4480,-875,idle-X
3964479882,9,986,-71,2485,-4480,-875,idle-X
3964496694,9,986,-71,2467,-4462,-892,idle-X
3964497324,10,986,-71,2467,-4462,-892,idle-X
3964514137,10,986,-71,2467,-4462,-892,idle-X
3964515990,10,986,-71,2467,-4445,-892,idle-X
3964531581,10,986,-71,2467,-4445,-892,idle-X
3964535264,10,986,-71,2450,-4445,-875,idle-X
3964548718,10,986,-71,2450,-4445,-875,idle-X
3964554539,10,986,-71,2432,-4462,-840,idle-X
3964565856,10,986,-71,2432,-4462,-840,idle-X
3964573509,10,986,-71,2467,-4445,-857,idle-X
3964583301,9,986,-71,2467,-4445,-857,idle-X
3964592787,9,986,-71,2485,-4480,-892,idle-X
3964600440,9,986,-71,2485,-4480,-892,idle-X
3964612062,9,986,-71,2467,-4480,-875,idle-X
3964617578,9,986,-71,2467,-4480,-875,idle-X
3964631032,9,986,-71,2485,-4462,-857,idle-X
3964635021,9,986,-71,2485,-4462,-857,idle-X
3964650308,9,986,-71,2485,-4480,-875,idle-X
3964652161,10,986,-72,2485,-4480,-875,idle-X
3964669278,9,986,-71,2485,-4445,-892,idle-X
3964686713,9,986,-72,2485,-4445,-892,idle-X
3964688871,9,986,-72,2450,-4462,-875,idle-X
3964703852,10,986,-71,2450,-4462,-875,idle-X
3964707842,10,986,-71,2432,-4445,-892,idle-X
3964720991,10,986,-71,2432,-4445,-892,idle-X
3964727118,10,986,-71,2450,-4462,-892,idle-X
3964738435,10,986,-72,2450,-4462,-892,idle-X
3964746395,10,986,-72,2450,-4497,-875,idle-X
3964755575,10,986,-71,2450,-4497,-875,idle-X
3964765365,10,986,-71,2450,-4462,-875,idle-X
3964772713,10,986,-71,2450,-4462,-875,idle-X
3964784641,10,986,-71,2450,-4462,-875,idle-X
3964789852,9,986,-71,2450,-4462,-875,idle-X
3964803915,9,986,-71,2485,-4462,-857,idle-X
3964807294,9,986,-71,2485,-4462,-857,idle-X
3964823190,9,986,-71,2450,-4462,-910,idle-X
3964824431,9,986,-71,2450,-4462,-910,idle-X
3964841550,10,986,-72,2450,-4462,-910,idle-X
3964842180,10,986,-72,2450,-4462,-875,idle-X
3964858994,10,986,-71,2450,-4462,-875,idle-X
3964861457,10,986,-71,2432,-4427,-875,idle-X
3964876134,9,986,-71,2432,-4427,-875,idle-X
3964880733,9,986,-71,2432,-4462,-875,idle-X
3964893271,10,986,-71,2432,-4462,-875,idle-X
3964899702,10,986,-71,2467,-4445,-840,idle-X
3964910715,10,986,-71,2467,-4445,-840,idle-X
3964918979,10,986,-71,2450,-4480,-875,idle-X
3964927853,10,986,-71,2450,-4480,-875,idle-X
3964938255,10,986,-71,2432,-4480,-875,idle-X
3964944992,10,986,-71,2432,-4480,-875,idle-X
3964957531,10,986,-71,2450,-4462,-857,idle-X
3964962436,10,986,-71,2450,-4462,-857,idle-X
3964976502,10,986,-71,2467,-4462,-892,idle-X
3964979575,9,986,-71,2467,-4462,-892,idle-X
3964995777,9,986,-71,2467,-4480,-875,idle-X
3964996713,9,986,-71,2467,-4480,-875,idle-X
3965013831,9,986,-71,2467,-4480,-875,idle-X
3965015073,9,986,-71,2432,-4462,-892,idle-X
3965031275,9,986,-71,2432,-4462,-892,idle-X
3965034043,9,986,-71,2467,-4462,-875,idle-X
3965048413,10,986,-71,2467,-4462,-875,idle-X
3965053319,10,986,-71,2467,-4427,-875,idle-X
3965065552,10,986,-71,2467,-4427,-875,idle-X
3965072594,10,986,-71,2485,-4445,-857,idle-X
3965082995,9,986,-72,2485,-4445,-857,idle-X
3965091869,9,986,-72,2485,-4480,-892,idle-X
3965100134,9,986,-71,2485,-4480,-892,idle-X
3965110840,9,986,-71,2485,-4462,-857,idle-X
3965117272,10,986,-71,2485,-4462,-857,idle-X
3965130115,10,986,-71,2467,-4462,-857,idle-X
3965134714,10,986,-71,2467,-4462,-857,idle-X
3965149389,10,986,-71,2502,-4445,-875,idle-X
3965151852,10,986,-71,2502,-4445,-875,idle-X
3965168359,10,986,-71,2450,-4462,-857,idle-X
3965168989,9,986,-71,2450,-4462,-857,idle-X
3965186413,9,986,-71,2450,-4462,-857,idle-X
3965187656,9,986,-71,2467,-4462,-892,idle-X
3965203552,9,986,-71,2467,-4462,-892,idle-X
3965206931,9,986,-71,2450,-4462,-857,idle-X
3965220691,9,986,-71,2450,-4462,-857,idle-X
3965226207,9,986,-71,2450,-4462,-857,idle-X
3965238134,10,985,-71,2450,-4462,-857,idle-X
3965245178,10,985,-71,2467,-4480,-857,idle-X
3965255273,9,986,-71,2467,-4480,-857,idle-X
3965264451,9,986,-71,2467,-4445,-840,idle-X
3965272410,10,986,-71,2467,-4445,-840,idle-X
3965283727,10,986,-71,2467,-4462,-857,idle-X
3965289549,10,986,-71,2467,-4462,-857,idle-X
3965302698,10,986,-71,2467,-4462,-892,idle-X
3965306993,10,986,-72,2467,-4462,-892,idle-X
3965321973,10,986,-72,2485,-4445,-892,idle-X
3965324131,9,986,-71,2485,-4445,-892,idle-X
3965341249,9,986,-72,2467,-4462,-875,idle-X
3965358685,9,985,-70,2467,-4462,-875,idle-X
3965360231,9,985,-70,2450,-4462,-910,idle-X
3965375824,9,986,-71,2450,-4462,-910,idle-X
3965379508,9,986,-71,2467,-4462,-875,idle-X
3965392962,10,986,-71,2467,-4462,-875,idle-X
3965398783,10,986,-71,2467,-4427,-892,idle-X
3965410405,10,986,-71,2467,-4427,-892,idle-X
3965418058,10,986,-71,2450,-4427,-875,idle-X
3965427543,10,986,-70,2450,-4427,-875,idle-X
3965437029,10,986,-70,2467,-4480,-875,idle-X
3965444681,10,986,-70,2467,-4480,-875,idle-X
3965456304,10,986,-70,2467,-4497,-875,idle-X
3965461819,9,986,-71,2467,-4497,-875,idle-X
3965475578,9,986,-71,2467,-4480,-892,idle-X
3965479262,10,987,-70,2467,-4480,-892,idle-X
3965494548,10,987,-70,2467,-4480,-875,idle-X
3965496400,10,986,-71,2467,-4480,-875,idle-X
3965513519,10,986,-71,2467,-4480,-875,idle-X
3965530954,9,986,-71,2467,-4480,-875,idle-X
3965533112,9,986,-71,2450,-4445,-892,idle-X
3965548092,9,986,-71,2450,-4445,-892,idle-X
3965552387,9,986,-71,2450,-4445,-875,idle-X
3965565230,9,986,-71,2450,-4445,-875,idle-X
3965571357,9,986,-71,2467,-4462,-840,idle-X
3965582672,9,986,-71,2467,-4462,-840,idle-X
3965590631,9,986,-71,2467,-4480,-892,idle-X
3965599811,9,985,-71,2467,-4480,-892,idle-X
3965609907,9,985,-71,2467,-4462,-857,idle-X
3965616949,10,986,-72,2467,-4462,-857,idle-X
3965629183,10,986,-72,2467,-4497,-840,idle-X
3965634393,10,987,-71,2467,-4497,-840,idle-X
3965648152,10,987,-71,2467,-4497,-892,idle-X
3965651531,10,986,-71,2467,-4497,-892,idle-X
3965667427,10,986,-71,2467,-4462,-875,idle-X
3965668669,10,986,-71,2467,-4462,-875,idle-X
3965686092,9,986,-71,2467,-4462,-875,idle-X
3965686722,9,986,-71,2485,-4445,-910,idle-X
3965703231,10,986,-71,2485,-4445,-910,idle-X
3965705694,10,986,-71,2450,-4462,-857,idle-X
3965720370,10,986,-71,2450,-4462,-857,idle-X
3965724970,10,986,-71,2432,-4445,-892,idle-X
3965737813,9,986,-71,2432,-4445,-892,idle-X
3965744245,9,986,-71,2450,-4497,-892,idle-X
3965754950,10,986,-71,2450,-4497,-892,idle-X
3965763520,10,986,-71,2467,-4480,-875,idle-X
3965772090,9,985,-70,2467,-4480,-875,idle-X
3965782491,9,985,-70,2467,-4462,-910,idle-X
3965789534,10,986,-72,2467,-4462,-910,idle-X
3965801766,10,986,-72,2450,-4445,-875,idle-X
3965806671,9,986,-71,2450,-4445,-875,idle-X
3965821041,9,986,-71,2450,-4462,-857,idle-X
3965823809,10,986,-71,2450,-4462,-857,idle-X
3965840316,10,986,-71,2467,-4445,-857,idle-X
3965841253,9,986,-71,2467,-4445,-857,idle-X
3965858370,10,986,-71,2467,-4445,-857,idle-X
3965859307,10,986,-71,2467,-4445,-875,idle-X
3965875509,10,986,-71,2467,-4445,-875,idle-X
3965878583,10,986,-71,2467,-4427,-892,idle-X
3965892647,9,986,-71,2467,-4427,-892,idle-X
3965897858,9,986,-71,2485,-4480,-857,idle-X
3965910091,10,986,-71,2485,-4480,-857,idle-X
3965916828,10,986,-71,2485,-4480,-875,idle-X
3965927229,10,986,-71,2485,-4480,-875,idle-X
3965936103,10,986,-71,2485,-4462,-875,idle-X
3965944366,9,985,-70,2485,-4462,-875,idle-X
3965955377,9,985,-70,2485,-4462,-910,idle-X
3965961809,10,986,-70,2485,-4462,-910,idle-X
3965974652,10,986,-70,2467,-4445,-892,idle-X
3965978947,10,986,-71,2467,-4445,-892,idle-X
3965993622,10,986,-71,2467,-4462,-892,idle-X
3965996084,10,986,-71,2467,-4462,-892,idle-X
3966012897,10,986,-71,2485,-4497,-875,idle-X
3966013527,9,986,-71,2485,-4497,-875,idle-X
3966030646,9,986,-71,2485,-4497,-875,idle-X
3966032194,9,986,-71,2485,-4480,-875,idle-X
3966047785,9,987,-71,2485,-4480,-875,idle-X
3966051468,9,987,-71,2467,-4497,-840,idle-X
3966065227,9,986,-71,2467,-4497,-840,idle-X
3966070436,9,986,-71,2485,-4480,-875,idle-X
3966082364,10,986,-71,2485,-4480,-875,idle-X
3966089712,10,986,-71,2467,-4445,-875,idle-X
3966099502,9,986,-71,2467,-4445,-875,idle-X
3966108987,9,986,-71,2467,-4462,-857,idle-X
3966116945,9,985,-71,2467,-4462,-857,idle-X
3966127956,9,985,-71,2467,-4445,-875,idle-X
3966134083,10,986,-71,2467,-4445,-875,idle-X
3966147232,10,986,-71,2467,-4445,-892,idle-X
3966151222,9,986,-71,2467,-4445,-892,idle-X
3966166509,9,986,-71,2450,-4427,-875,idle-X
3966168666,10,986,-71,2450,-4427,-875,idle-X
3966185784,9,986,-71,2432,-4462,-857,idle-X
3966202914,9,985,-71,2432,-4462,-857,idle-X
3966204766,9,985,-71,2450,-4480,-875,idle-X
3966220358,9,986,-71,2450,-4480,-875,idle-X
3966224043,9,986,-71,2450,-4462,-857,idle-X
3966237498,10,986,-71,2450,-4462,-857,idle-X
3966243319,10,986,-71,2467,-4462,-857,idle-X
3966254636,9,987,-71,2467,-4462,-857,idle-X
3966262593,9,987,-71,2485,-4462,-875,idle-X
3966272078,10,986,-71,2485,-4462,-875,idle-X
3966281563,10,986,-71,2467,-4445,-892,idle-X
3966289218,9,986,-71,2467,-4445,-892,idle-X
3966300840,9,986,-71,2450,-4462,-840,idle-X
3966306355,10,986,-71,2450,-4462,-840,idle-X
3966320115,10,986,-71,2450,-4462,-875,idle-X
3966323799,9,986,-71,2450,-4462,-875,idle-X
3966339085,9,986,-71,2450,-4462,-875,idle-X
3966340937,9,986,-71,2450,-4462,-875,idle-X
3966358056,10,986,-71,2467,-4445,-875,idle-X
3966375492,10,986,-71,2467,-4445,-875,idle-X
3966377650,10,986,-71,2467,-4445,-892,idle-X
3966392631,9,986,-71,2467,-4445,-892,idle-X
3966396926,9,986,-71,2485,-4480,-857,idle-X
3966409768,9,986,-71,2485,-4480,-857,idle-X
3966415896,9,986,-71,2485,-4445,-875,idle-X
3966426909,10,986,-71,2485,-4445,-875,idle-X
3966435172,10,986,-71,2485,-4462,-875,idle-X
3966444352,9,986,-71,2485,-4462,-875,idle-X
3966454447,9,986,-71,2450,-4480,-892,idle-X
3966461491,10,986,-71,2450,-4480,-892,idle-X
3966473418,10,986,-71,2450,-4462,-875,idle-X
3966478629,10,986,-71,2450,-4462,-875,idle-X
3966492694,10,986,-71,2485,-4462,-875,idle-X
3966496073,10,985,-71,2485,-4462,-875,idle-X
3966511968,10,985,-71,2450,-4462,-875,idle-X
3966513210,10,986,-71,2450,-4462,-875,idle-X
3966530328,10,986,-71,2450,-4462,-875,idle-X
3966530958,10,986,-71,2450,-4462,-875,idle-X
3966547772,10,986,-72,2450,-4462,-875,idle-X
3966550235,10,986,-72,2432,-4427,-875,idle-X
3966564911,9,986,-71,2432,-4427,-875,idle-X
3966569511,9,986,-71,2485,-4445,-857,idle-X
3966582050,10,986,-71,2485,-4445,-857,idle-X
3966588787,10,986,-71,2467,-4462,-875,idle-X
3966599188,10,986,-71,2467,-4462,-875,idle-X
3966607757,10,986,-71,2485,-4462,-875,idle-X
3966616632,9,986,-71,2485,-4462,-875,idle-X
3966627034,9,986,-71,2485,-4462,-857,idle-X
3966633772,9,986,-71,2485,-4462,-857,idle-X
3966646310,9,986,-71,2467,-4480,-875,idle-X
3966650910,10,986,-71,2467,-4480,-875,idle-X
3966665279,10,986,-71,2450,-4480,-857,idle-X
3966668352,10,986,-71,2450,-4480,-857,idle-X
3966684554,10,986,-71,2485,-4462,-875,idle-X
3966685490,10,986,-71,2485,-4462,-875,idle-X
3966702608,9,986,-70,2485,-4462,-875,idle-X
3966703849,9,986,-70,2432,-4445,-892,idle-X
3966720051,10,985,-71,2432,-4445,-892,idle-X
3966722818,10,985,-71,2450,-4445,-875,idle-X
3966737189,9,986,-71,2450,-4445,-875,idle-X
3966742094,9,986,-71,2485,-4462,-857,idle-X
3966754327,9,986,-71,2485,-4462,-857,idle-X
3966761370,9,986,-71,2450,-4480,-840,idle-X
3966771771,10,986,-71,2450,-4480,-840,idle-X
3966780646,10,986,-71,2467,-4462,-857,idle-X
3966788910,9,986,-71,2467,-4462,-857,idle-X
3966799616,9,986,-71,2485,-4445,-892,idle-X
3966806048,9,986,-71,2485,-4445,-892,idle-X
3966818891,9,986,-71,2467,-4462,-875,idle-X
3966823186,10,986,-71,2467,-4462,-875,idle-X
3966838167,10,986,-71,2502,-4462,-875,idle-X
3966840629,9,985,-71,2502,-4462,-875,idle-X
3966857442,9,985,-71,2467,-4462,-892,idle-X
3966858072,9,986,-71,2467,-4462,-892,idle-X
3966874885,9,986,-71,2467,-4462,-892,idle-X
3966876432,9,986,-71,2467,-4462,-875,idle-X
3966892329,9,986,-72,2467,-4462,-875,idle-X
3966895708,9,986,-72,2467,-4462,-875,idle-X
3966909468,10,986,-71,2467,-4462,-875,idle-X
3966914984,10,986,-71,2485,-4497,-840,idle-X
3966926606,10,986,-71,2485,-4497,-840,idle-X
3966933953,10,986,-71,2467,-4480,-857,idle-X
3966944050,10,986,-71,2467,-4480,-857,idle-X
3966953230,10,986,-71,2485,-4497,-875,idle-X
3966961189,10,986,-71,2485,-4497,-875,idle-X
3966972505,10,986,-71,2450,-4480,-892,idle-X
3966978327,10,986,-71,2450,-4480,-892,idle-X
3966991780,10,986,-71,2467,-4445,-875,idle-X
3966995770,9,986,-71,2467,-4445,-875,idle-X
3967010751,9,986,-71,2467,-4462,-875,idle-X
3967012909,10,986,-71,2467,-4462,-875,idle-X
3967030026,9,986,-71,2432,-4462,-892,idle-X
3967047462,9,986,-71,2432,-4462,-892,idle-X
3967049314,9,986,-71,2450,-4462,-875,idle-X
3967064601,10,986,-71,2450,-4462,-875,idle-X
3967068284,10,986,-71,2485,-4462,-875,idle-X
3967081739,9,986,-71,2485,-4462,-875,idle-X
3967087560,9,986,-71,2467,-4497,-875,idle-X
3967099183,9,986,-71,2467,-4497,-875,idle-X
3967106836,9,986,-71,2467,-4445,-857,idle-X
3967116321,10,986,-71,2467,-4445,-857,idle-X
3967126110,10,986,-71,2450,-4462,-875,idle-X
3967133457,9,986,-71,2450,-4462,-875,idle-X
3967145081,9,986,-71,2450,-4462,-857,idle-X
3967150902,10,986,-71,2450,-4462,-857,idle-X
3967164355,10,986,-71,2467,-4480,-875,idle-X
3967168040,9,986,-71,2467,-4480,-875,idle-X
3967183630,9,986,-71,2467,-4480,-892,idle-X
3967185177,10,986,-71,2467,-4480,-892,idle-X
3967202601,9,986,-71,2450,-4445,-875,idle-X
3967219732,9,986,-71,2450,-4445,-875,idle-X
3967221890,9,986,-71,2467,-4480,-857,idle-X
3967236870,10,986,-71,2467,-4480,-857,idle-X
3967241166,10,986,-71,2450,-4480,-840,idle-X
3967254008,9,986,-71,2450,-4480,-840,idle-X
3967260439,9,986,-71,2485,-4462,-875,idle-X
3967271451,9,986,-71,2485,-4462,-875,idle-X
3967279411,9,986,-71,2485,-4445,-892,idle-X
3967288591,9,986,-70,2485,-4445,-892,idle-X
3967298686,9,986,-70,2485,-4480,-892,idle-X
3967305729,9,986,-71,2485,-4480,-892,idle-X
3967317962,9,986,-71,2467,-4480,-892,idle-X
3967323174,9,986,-71,2467,-4480,-892,idle-X
3967337239,9,986,-71,2467,-4462,-875,idle-X
3967340313,10,986,-71,2467,-4462,-875,idle-X
3967356209,10,986,-71,2485,-4445,-857,idle-X
3967357451,9,986,-71,2485,-4445,-857,idle-X
3967374875,9,986,-71,2485,-4445,-857,idle-X
3967375505,9,986,-71,2467,-4480,-892,idle-X
3967392014,9,986,-71,2467,-4480,-892,idle-X
3967394782,9,986,-71,2467,-4480,-857,idle-X
3967409153,10,986,-71,2467,-4480,-857,idle-X
3967414058,10,986,-71,2467,-4480,-857,idle-X
3967426596,10,986,-71,2467,-4480,-857,idle-X
3967433028,10,986,-71,2485,-4497,-892,idle-X
3967443734,10,986,-71,2485,-4497,-892,idle-X
3967452304,10,986,-71,2520,-4497,-875,idle-X
3967460873,9,986,-71,2520,-4497,-875,idle-X
3967471580,9,986,-71,2502,-4462,-875,idle-X
3967478317,9,986,-71,2502,-4462,-875,idle-X
3967490855,9,986,-71,2467,-4462,-875,idle-X
3967495455,10,986,-72,2467,-4462,-875,idle-X
3967509825,10,986,-72,2450,-4480,-857,idle-X
3967512594,9,986,-71,2450,-4480,-857,idle-X
3967529102,9,986,-71,2485,-4462,-875,idle-X
3967530038,10,986,-72,2485,-4462,-875,idle-X
3967547157,9,986,-71,2485,-4462,-875,idle-X
3967548398,9,986,-71,2467,-4462,-857,idle-X
3967564295,10,986,-71,2467,-4462,-857,idle-X
3967567368,10,986,-71,2467,-4480,-875,idle-X
3967581738,9,986,-71,2467,-4480,-875,idle-X
3967586643,9,986,-71,2450,-4480,-857,idle-X
3967598877,10,986,-70,2450,-4480,-857,idle-X
3967605920,10,986,-70,2485,-4462,-875,idle-X
3967616015,10,986,-71,2485,-4462,-875,idle-X
3967625195,10,986,-71,2467,-4462,-875,idle-X
3967633458,10,986,-71,2467,-4462,-875,idle-X
3967644165,10,986,-71,2450,-4462,-892,idle-X
3967650596,10,986,-71,2450,-4462,-892,idle-X
3967663440,10,986,-71,2467,-4462,-910,idle-X
3967667737,9,986,-71,2467,-4462,-910,idle-X
3967682718,9,986,-71,2450,-4462,-892,idle-X
3967685181,9,986,-71,2450,-4462,-892,idle-X
3967701994,9,986,-71,2485,-4462,-857,idle-X
3967702624,9,986,-71,2485,-4462,-857,idle-X
3967719436,9,986,-71,2485,-4462,-857,idle-X
3967720984,9,986,-71,2467,-4445,-875,idle-X
3967736882,9,986,-71,2467,-4445,-875,idle-X
3967740260,9,986,-71,2450,-4445,-875,idle-X
3967754020,9,986,-71,2450,-4445,-875,idle-X
3967759535,9,986,-71,2467,-4462,-857,idle-X
3967771157,10,986,-71,2467,-4462,-857,idle-X
3967778811,10,986,-71,2432,-4497,-875,idle-X
3967788602,10,986,-72,2432,-4497,-875,idle-X
3967797782,10,986,-72,2450,-4480,-875,idle-X
3967805741,9,986,-71,2450,-4480,-875,idle-X
3967817057,9,986,-71,2485,-4462,-857,idle-X
3967822878,9,986,-71,2485,-4462,-857,idle-X
3967836332,9,986,-71,2485,-4445,-857,idle-X
3967840321,9,986,-71,2485,-4445,-857,idle-X
3967855302,9,986,-71,2485,-4462,-857,idle-X
3967857460,9,986,-71,2485,-4462,-857,idle-X
3967874579,9,986,-71,2467,-4480,-892,idle-X
3967892014,10,986,-71,2467,-4480,-892,idle-X
3967893866,10,986,-71,2467,-4480,-875,idle-X
3967909152,10,986,-71,2467,-4480,-875,idle-X
3967913142,10,986,-71,2502,-4480,-875,idle-X
3967926290,9,986,-71,2502,-4480,-875,idle-X
3967932112,9,986,-71,2485,-4480,-910,idle-X
3967943733,10,986,-71,2485,-4480,-910,idle-X
3967951387,10,986,-71,2467,-4462,-910,idle-X
3967960871,9,986,-71,2467,-4462,-910,idle-X
3967970660,9,986,-71,2432,-4480,-875,idle-X
3967978007,9,986,-71,2432,-4480,-875,idle-X
3967989936,9,986,-71,2450,-4445,-892,idle-X
3967995452,9,986,-71,2450,-4445,-892,idle-X
3968008907,9,986,-71,2450,-4462,-857,idle-X
3968012591,9,986,-71,2450,-4462,-857,idle-X
3968028183,9,986,-71,2450,-4445,-857,idle-X
3968029730,9,986,-71,2450,-4445,-857,idle-X
3968047153,9,986,-71,2485,-4480,-857,idle-X
3968064283,9,986,-71,2485,-4480,-857,idle-X
3968066745,9,986,-71,2450,-4462,-875,idle-X
3968081419,10,986,-71,2450,-4462,-875,idle-X
3968085714,10,986,-71,2450,-4462,-892,idle-X
3968098862,9,986,-70,2450,-4462,-892,idle-X
3968104988,9,986,-70,2450,-4445,-875,idle-X
3968116000,9,986,-71,2450,-4445,-875,idle-X
3968124264,9,986,-71,2432,-4462,-857,idle-X
3968133138,10,986,-71,2432,-4462,-857,idle-X
3968143234,10,986,-71,2485,-4480,-892,idle-X
3968150276,9,986,-71,2485,-4480,-892,idle-X
3968162509,9,986,-71,2432,-4462,-875,idle-X
3968167720,9,986,-71,2432,-4462,-875,idle-X
3968181786,9,986,-71,2450,-4462,-875,idle-X
3968184859,9,986,-71,2450,-4462,-875,idle-X
3968200755,9,986,-71,2467,-4480,-875,idle-X
3968201998,9,986,-71,2467,-4480,-875,idle-X
3968219420,10,986,-72,2467,-4480,-875,idle-X
3968220050,10,986,-72,2450,-4480,-892,idle-X
3968236558,10,986,-71,2450,-4480,-892,idle-X
3968239327,10,986,-71,2432,-4462,-892,idle-X
3968253698,9,985,-71,2432,-4462,-892,idle-X
3968258299,9,985,-71,2467,-4462,-857,idle-X
3968270837,10,986,-71,2467,-4462,-857,idle-X
3968277574,10,986,-71,2467,-4445,-892,idle-X
3968288280,10,986,-71,2467,-4445,-892,idle-X
3968296849,10,986,-71,2450,-4445,-892,idle-X
3968305418,9,986,-71,2450,-4445,-892,idle-X
3968316125,9,986,-71,2467,-4462,-875,idle-X
3968322557,9,986,-71,2467,-4462,-875,idle-X
3968335096,9,986,-71,2450,-4462,-857,idle-X
3968340001,9,986,-71,2450,-4462,-857,idle-X
3968354371,9,986,-71,2467,-4445,-875,idle-X
3968357139,10,986,-71,2467,-4445,-875,idle-X
3968373646,10,986,-71,2467,-4462,-892,idle-X
3968374276,10,986,-71,2467,-4462,-892,idle-X
3968391700,9,986,-71,2467,-4462,-892,idle-X
3968392636,9,986,-71,2450,-4480,-875,idle-X
3968408837,9,986,-71,2450,-4480,-875,idle-X
3968411910,9,986,-71,2467,-4480,-875,idle-X
3968425974,9,986,-71,2467,-4480,-875,idle-X
3968431185,9,986,-71,2467,-4480,-910,idle-X
3968443418,9,986,-71,2467,-4480,-910,idle-X
3968450460,9,986,-71,2450,-4480,-892,idle-X
3968460557,9,986,-71,2450,-4480,-892,idle-X
3968469432,9,986,-71,2467,-4462,-875,idle-X
3968477695,10,986,-71,2467,-4462,-875,idle-X
3968488707,10,986,-71,2467,-4480,-927,idle-X
3968494833,10,986,-71,2467,-4480,-927,idle-X
3968507982,10,986,-71,2467,-4480,-875,idle-X
3968512277,9,986,-71,2467,-4480,-875,idle-X
3968526952,9,986,-71,2485,-4480,-857,idle-X
3968529416,10,986,-71,2485,-4480,-857,idle-X
3968546228,10,986,-71,2485,-4462,-857,idle-X
3968546858,10,986,-71,2485,-4462,-857,idle-X
3968563975,10,986,-71,2485,-4462,-857,idle-X
3968565522,10,986,-71,2467,-4462,-875,idle-X
3968581114,9,986,-72,2467,-4462,-875,idle-X
3968584493,9,986,-72,2467,-4480,-892,idle-X
3968598252,9,986,-71,2467,-4480,-892,idle-X
3968603767,9,986,-71,2467,-4480,-875,idle-X
3968615694,10,986,-71,2467,-4480,-875,idle-X
3968623042,10,986,-71,2467,-4462,-857,idle-X
3968632833,10,986,-71,2467,-4462,-857,idle-X
3968642317,10,986,-71,2485,-4445,-875,idle-X
3968649970,10,986,-71,2485,-4445,-875,idle-X
3968661287,10,986,-71,2467,-4480,-875,idle-X
3968667109,9,986,-72,2467,-4480,-875,idle-X
3968680561,9,986,-72,2467,-4462,-875,idle-X
3968684551,9,986,-71,2467,-4462,-875,idle-X
3968699838,9,986,-71,2467,-4462,-875,idle-X
3968701690,9,986,-71,2467,-4462,-875,idle-X
3968718809,10,986,-71,2450,-4462,-840,idle-X
3968736244,9,986,-71,2450,-4462,-840,idle-X
3968738096,9,986,-71,2432,-4462,-857,idle-X
3968753383,10,986,-71,2432,-4462,-857,idle-X
3968757372,10,986,-71,2467,-4445,-875,idle-X
3968770521,9,985,-71,2467,-4445,-875,idle-X
3968776648,9,985,-71,2467,-4445,-892,idle-X
3968787966,10,986,-71,2467,-4445,-892,idle-X
3968795619,10,986,-71,2467,-4462,-892,idle-X
3968805104,10,986,-71,2467,-4462,-892,idle-X
3968814895,10,986,-71,2467,-4480,-857,idle-X
3968822243,10,986,-71,2467,-4480,-857,idle-X
3968834170,10,986,-71,2467,-4480,-875,idle-X
3968839686,10,986,-71,2467,-4480,-875,idle-X
3968853140,10,986,-71,2467,-4445,-840,idle-X
3968856825,10,986,-71,2467,-4445,-840,idle-X
3968872416,10,986,-71,2467,-4445,-875,idle-X
3968873962,9,986,-71,2467,-4445,-875,idle-X
3968891385,10,986,-71,2467,-4462,-857,idle-X
3968908517,9,986,-71,2467,-4462,-857,idle-X
3968910980,9,986,-71,2502,-4462,-875,idle-X
3968925656,9,986,-71,2502,-4462,-875,idle-X
3968929950,9,986,-71,2485,-4462,-875,idle-X
3968942794,10,986,-72,2485,-4462,-875,idle-X
3968949226,10,986,-72,2432,-4445,-840,idle-X
3968960237,10,986,-71,2432,-4445,-840,idle-X
3968968501,10,986,-71,2467,-4445,-875,idle-X
3968977376,10,986,-71,2467,-4445,-875,idle-X
3968987471,10,986,-71,2485,-4480,-875,idle-X
3968994514,9,986,-71,2485,-4480,-875,idle-X
3969006747,9,986,-71,2467,-4462,-892,idle-X
3969011653,10,986,-71,2467,-4462,-892,idle-X
3969026023,10,986,-71,2450,-4462,-857,idle-X
3969029096,10,985,-71,2450,-4462,-857,idle-X
3969044994,10,985,-71,2450,-4480,-875,idle-X
3969046236,10,986,-71,2450,-4480,-875,idle-X
3969063354,10,986,-71,2450,-4480,-875,idle-X
3969064290,10,986,-71,2485,-4462,-875,idle-X
3969080797,9,986,-71,2485,-4462,-875,idle-X
3969083564,9,986,-71,2432,-4497,-910,idle-X
3969097935,9,986,-71,2432,-4497,-910,idle-X
3969102535,9,986,-71,2467,-4462,-875,idle-X
3969115074,9,986,-71,2467,-4462,-875,idle-X
3969121811,9,986,-71,2485,-4445,-875,idle-X
3969132213,10,986,-71,2485,-4445,-875,idle-X
3969141087,10,986,-71,2485,-4462,-892,idle-X
3969149655,10,985,-71,2485,-4462,-892,idle-X
3969160057,10,985,-71,2467,-4462,-875,idle-X
3969166794,10,986,-71,2467,-4462,-875,idle-X
3969179333,10,986,-71,2467,-4462,-892,idle-X
3969183933,10,986,-70,2467,-4462,-892,idle-X
3969198610,10,986,-70,2450,-4480,-875,idle-X
3969201378,9,986,-71,2450,-4480,-875,idle-X
3969217579,9,986,-71,2467,-4462,-892,idle-X
3969218516,9,986,-71,2467,-4462,-892,idle-X
3969235635,10,986,-71,2467,-4462,-892,idle-X
3969236876,10,986,-71,2467,-4462,-857,idle-X
3969252774,9,985,-72,2467,-4462,-857,idle-X
3969256152,9,985,-72,2450,-4480,-857,idle-X
3969270216,10,986,-71,2450,-4480,-857,idle-X
3969275121,10,986,-71,2485,-4462,-857,idle-X
3969287354,10,986,-71,2485,-4462,-857,idle-X
3969294397,10,986,-71,2450,-4445,-875,idle-X
3969304493,10,986,-71,2450,-4445,-875,idle-X
3969313673,10,986,-71,2450,-4462,-892,idle-X
3969321632,9,986,-71,2450,-4462,-892,idle-X
3969332644,9,986,-71,2450,-4462,-892,idle-X
3969339076,9,986,-71,2450,-4462,-892,idle-X
3969351919,9,986,-71,2450,-4480,-857,idle-X
3969356214,9,986,-71,2450,-4480,-857,idle-X
3969371195,9,986,-71,2432,-4462,-857,idle-X
3969373352,9,986,-71,2432,-4462,-857,idle-X
3969390165,9,986,-71,2467,-4462,-857,idle-X
3969390795,10,986,-72,2467,-4462,-857,idle-X
3969407913,10,986,-72,2467,-4462,-857,idle-X
3969409460,10,986,-72,2467,-4480,-875,idle-X
3969425052,9,986,-71,2467,-4480,-875,idle-X
3969428736,9,986,-71,2432,-4462,-840,idle-X
3969442191,10,986,-71,2432,-4462,-840,idle-X
3969447707,10,986,-71,2450,-4462,-892,idle-X
3969459634,9,985,-71,2450,-4462,-892,idle-X
3969466981,9,985,-71,2467,-4480,-875,idle-X
3969476771,9,986,-71,2467,-4480,-875,idle-X
3969486255,9,986,-71,2450,-4480,-875,idle-X
3969493910,10,985,-71,2450,-4480,-875,idle-X
3969505531,10,985,-71,2450,-4480,-892,idle-X
3969511047,9,986,-72,2450,-4480,-892,idle-X
3969524500,9,986,-72,2467,-4445,-875,idle-X
3969528490,9,986,-71,2467,-4445,-875,idle-X
3969543777,9,986,-71,2432,-4462,-892,idle-X
3969545629,9,986,-71,2432,-4462,-892,idle-X
3969562747,10,986,-71,2450,-4445,-892,idle-X
3969580183,9,986,-71,2450,-4445,-892,idle-X
3969582036,9,986,-71,2467,-4445,-875,idle-X
3969597323,9,986,-71,2467,-4445,-875,idle-X
3969601311,9,986,-71,2467,-4480,-857,idle-X
3969614460,9,986,-71,2467,-4480,-857,idle-X
3969620587,9,986,-71,2467,-4462,-892,idle-X
3969631903,10,986,-71,2467,-4462,-892,idle-X
3969639557,10,986,-71,2485,-4462,-892,idle-X
3969649042,9,985,-71,2485,-4462,-892,idle-X
3969658833,9,985,-71,2450,-4445,-892,idle-X
3969666181,10,986,-71,2450,-4445,-892,idle-X
3969678108,10,986,-71,2467,-4462,-875,idle-X
3969683319,10,986,-71,2467,-4462,-875,idle-X
3969697384,10,986,-71,2450,-4445,-892,idle-X
3969700763,10,986,-71,2450,-4445,-892,idle-X
3969716355,10,986,-71,2485,-4445,-875,idle-X
3969717902,9,986,-71,2485,-4445,-875,idle-X
3969735019,9,986,-71,2485,-4445,-875,idle-X
3969735649,9,986,-71,2485,-4462,-875,idle-X
3969752463,9,986,-71,2485,-4462,-875,idle-X
3969754926,9,986,-71,2467,-4480,-875,idle-X
3969769603,10,986,-71,2467,-4480,-875,idle-X
3969773897,10,986,-71,2450,-4480,-875,idle-X
3969786741,9,986,-71,2450,-4480,-875,idle-X
3969793173,9,986,-71,2450,-4462,-892,idle-X
3969803879,9,986,-71,2450,-4462,-892,idle-X
3969812447,9,986,-71,2467,-4480,-910,idle-X
3969821321,10,986,-71,2467,-4480,-910,idle-X
3969831418,10,986,-71,2467,-4480,-857,idle-X
3969838460,10,986,-71,2467,-4480,-857,idle-X
3969850694,10,986,-71,2450,-4445,-892,idle-X
3969855599,9,986,-72,2450,-4445,-892,idle-X
3969869969,9,986,-72,2467,-4480,-875,idle-X
3969873042,9,986,-71,2467,-4480,-875,idle-X
3969889244,9,986,-71,2450,-4462,-857,idle-X
3969890180,9,986,-70,2450,-4462,-857,idle-X
3969907298,9,986,-71,2450,-4462,-857,idle-X
3969908235,9,986,-71,2485,-4445,-857,idle-X
3969924742,10,985,-71,2485,-4445,-857,idle-X
3969927511,10,985,-71,2467,-4462,-875,idle-X
3969941881,9,986,-71,2467,-4462,-875,idle-X
3969946787,9,986,-71,2467,-4445,-875,idle-X
3969959020,9,986,-71,2467,-4445,-875,idle-X
3969965758,9,986,-71,2467,-4462,-892,idle-X
3969976465,10,986,-71,2467,-4462,-892,idle-X
3969985034,10,986,-71,2467,-4480,-857,idle-X
3969993604,10,986,-71,2467,-4480,-857,idle-X
3970004310,10,986,-71,2467,-4462,-875,idle-X
3970010742,9,986,-71,2467,-4462,-875,idle-X
3970023280,9,986,-71,2432,-4462,-875,idle-X
3970027880,9,986,-71,2432,-4462,-875,idle-X
3970042555,9,986,-71,2450,-4462,-892,idle-X
3970045324,9,986,-71,2450,-4462,-892,idle-X
3970061831,9,986,-71,2432,-4462,-875,idle-X
3970062461,9,986,-71,2432,-4462,-875,idle-X
3970079579,9,986,-71,2432,-4462,-875,idle-X
3970081126,9,986,-71,2432,-4462,-892,idle-X
3970097023,10,986,-72,2432,-4462,-892,idle-X
3970100097,10,986,-72,2450,-4445,-892,idle-X
3970114162,9,986,-71,2450,-4445,-892,idle-X
3970119373,9,986,-71,2450,-4480,-857,idle-X
3970131300,9,986,-71,2450,-4480,-857,idle-X
3970138648,9,986,-71,2467,-4462,-875,idle-X
3970148745,9,986,-70,2467,-4462,-875,idle-X
3970157619,9,986,-70,2467,-4445,-875,idle-X
3970165883,9,986,-71,2467,-4445,-875,idle-X
3970176894,9,986,-71,2467,-4445,-875,idle-X
3970183021,9,986,-71,2467,-4445,-875,idle-X
3970196170,9,986,-71,2432,-4462,-875,idle-X
3970200159,9,986,-71,2432,-4462,-875,idle-X
3970215139,9,986,-71,2467,-4462,-875,idle-X
3970217602,9,986,-71,2467,-4462,-875,idle-X
3970234415,9,986,-71,2467,-4462,-875,idle-X
3970235045,9,985,-71,2467,-4462,-875,idle-X
3970251858,10,985,-71,2467,-4462,-875,idle-X
3970253710,10,985,-71,2467,-4480,-857,idle-X
3970269302,9,986,-71,2467,-4480,-857,idle-X
3970272986,9,986,-71,2467,-4462,-875,idle-X
3970286440,9,986,-71,2467,-4462,-875,idle-X
3970291958,9,986,-71,2450,-4480,-892,idle-X
3970303579,9,986,-71,2450,-4480,-892,idle-X
3970311232,9,986,-71,2485,-4480,-892,idle-X
3970321023,9,986,-71,2485,-4480,-892,idle-X
3970330508,9,986,-71,2467,-4462,-910,idle-X
3970338162,9,986,-70,2467,-4462,-910,idle-X
3970349479,9,986,-70,2450,-4462,-910,idle-X
3970355301,10,986,-70,2450,-4462,-910,idle-X
3970368755,10,986,-70,2450,-4480,-857,idle-X
3970372438,10,986,-72,2450,-4480,-857,idle-X
3970388029,10,986,-72,2467,-4445,-857,idle-X
3970389881,9,986,-71,2467,-4445,-857,idle-X
3970406999,9,986,-71,2450,-4445,-875,idle-X
3970424130,10,986,-71,2450,-4445,-875,idle-X
3970426288,10,986,-71,2450,-4445,-875,idle-X
3970441575,10,986,-71,2450,-4445,-875,idle-X
3970445565,10,986,-71,2432,-4497,-892,idle-X
3970458713,9,985,-71,2432,-4497,-892,idle-X
3970464840,9,985,-71,2450,-4480,-875,idle-X
3970475851,10,986,-71,2450,-4480,-875,idle-X
3970483809,10,986,-71,2450,-4480,-892,idle-X
3970493295,9,986,-70,2450,-4480,-892,idle-X
3970503086,9,986,-70,2467,-4497,-857,idle-X
3970510435,10,986,-71,2467,-4497,-857,idle-X
3970522362,10,986,-71,2485,-4497,-892,idle-X
3970527573,9,986,-71,2485,-4497,-892,idle-X
3970541638,9,986,-71,2450,-4462,-892,idle-X
3970545018,10,986,-71,2450,-4462,-892,idle-X
3970560610,10,986,-71,2485,-4480,-892,idle-X
3970562156,10,986,-71,2485,-4480,-892,idle-X
3970579273,9,986,-71,2485,-4480,-892,idle-X
3970579903,9,986,-71,2467,-4462,-892,idle-X
3970596716,9,986,-71,2467,-4462,-892,idle-X
3970599180,9,986,-71,2467,-4462,-857,idle-X
3970613856,9,986,-71,2467,-4462,-857,idle-X
3970618151,9,986,-71,2467,-4462,-892,idle-X
3970630994,9,986,-71,2467,-4462,-892,idle-X
3970637425,9,986,-71,2467,-4480,-892,idle-X
3970648132,10,986,-71,2467,-4480,-892,idle-X
3970656701,10,986,-71,2450,-4462,-892,idle-X
3970665576,9,986,-71,2450,-4462,-892,idle-X
3970675672,9,986,-71,2485,-4445,-875,idle-X
3970682714,9,986,-71,2485,-4445,-875,idle-X
3970694946,9,986,-71,2467,-4445,-857,idle-X
3970699852,10,986,-71,2467,-4445,-857,idle-X
3970714221,10,986,-71,2450,-4462,-857,idle-X
3970716989,10,986,-71,2450,-4462,-857,idle-X
3970733191,10,986,-71,2467,-4497,-910,idle-X
3970734433,9,986,-71,2467,-4497,-910,idle-X
3970751553,10,986,-71,2467,-4497,-910,idle-X
3970752489,10,986,-71,2485,-4497,-875,idle-X
3970768692,9,986,-71,2485,-4497,-875,idle-X
3970771765,9,986,-71,2467,-4480,-875,idle-X
3970786134,10,985,-71,2467,-4480,-875,idle-X
3970790734,10,985,-71,2467,-4480,-857,idle-X
3970803272,10,986,-71,2467,-4480,-857,idle-X
3970810009,10,986,-71,2485,-4480,-857,idle-X
3970820411,9,986,-71,2485,-4480,-857,idle-X
3970829285,9,986,-71,2467,-4480,-910,idle-X
3970837549,10,986,-71,2467,-4480,-910,idle-X
3970848561,10,986,-71,2450,-4480,-875,idle-X
3970854993,9,986,-71,2450,-4480,-875,idle-X
3970867531,9,986,-71,2450,-4445,-892,idle-X
3970872131,10,986,-71,2450,-4445,-892,idle-X
3970886807,10,986,-71,2520,-4462,-875,idle-X
3970889270,9,986,-71,2520,-4462,-875,idle-X
3970906083,9,986,-71,2467,-4480,-892,idle-X
3970906713,9,986,-71,2467,-4480,-892,idle-X
3970923830,9,986,-71,2467,-4480,-892,idle-X
3970925072,9,986,-71,2450,-4480,-892,idle-X
3970940969,10,986,-71,2450,-4480,-892,idle-X
3970944347,10,986,-71,2467,-4497,-875,idle-X
3970958106,9,986,-71,2467,-4497,-875,idle-X
3970963622,9,986,-71,2485,-4462,-875,idle-X
3970975550,9,986,-71,2485,-4462,-875,idle-X
3970982592,9,986,-71,2485,-4497,-892,idle-X
3970992688,9,986,-72,2485,-4497,-892,idle-X
3971001867,9,986,-72,2502,-4497,-875,idle-X
3971009826,9,986,-71,2502,-4497,-875,idle-X
3971021143,9,986,-71,2485,-4445,-875,idle-X
3971026964,9,986,-71,2485,-4445,-875,idle-X
3971040112,9,986,-71,2485,-4462,-910,idle-X
3971044407,10,986,-72,2485,-4462,-910,idle-X
3971059388,10,986,-72,2467,-4480,-892,idle-X
3971061546,9,986,-72,2467,-4480,-892,idle-X
3971078664,10,986,-71,2502,-4480,-875,idle-X
3971096100,10,986,-71,2502,-4480,-875,idle-X
3971097647,10,986,-71,2467,-4462,-857,idle-X
3971113238,10,986,-71,2467,-4462,-857,idle-X
3971116922,10,986,-71,2432,-4427,-857,idle-X
3971130376,9,986,-71,2432,-4427,-857,idle-X
3971136197,9,986,-71,2450,-4445,-875,idle-X
3971147515,10,986,-71,2450,-4445,-875,idle-X
3971155169,10,986,-71,2467,-4462,-857,idle-X
3971164959,9,986,-71,2467,-4462,-857,idle-X
3971174444,9,986,-71,2485,-4462,-892,idle-X
3971182098,9,986,-71,2485,-4462,-892,idle-X
3971193720,9,986,-71,2450,-4462,-892,idle-X
3971199237,9,986,-71,2450,-4462,-892,idle-X
3971212997,9,986,-71,2485,-4480,-875,idle-X
3971216681,10,986,-71,2485,-4480,-875,idle-X
3971231966,10,986,-71,2450,-4480,-892,idle-X
3971233819,9,986,-71,2450,-4480,-892,idle-X
3971250937,9,986,-71,2432,-4445,-875,idle-X
3971268068,9,986,-71,2432,-4445,-875,idle-X
3971270531,9,986,-71,2467,-4480,-892,idle-X
3971285512,10,986,-71,2467,-4480,-892,idle-X
3971289502,10,986,-71,2432,-4480,-892,idle-X
3971302650,9,986,-71,2432,-4480,-892,idle-X
3971308777,9,986,-71,2450,-4462,-857,idle-X
3971319787,9,986,-71,2450,-4462,-857,idle-X
3971328051,9,986,-71,2467,-4462,-857,idle-X
3971336926,10,986,-71,2467,-4462,-857,idle-X
3971347022,10,986,-71,2485,-4480,-875,idle-X
3971354370,10,986,-71,2485,-4480,-875,idle-X
3971366298,10,986,-71,2467,-4480,-875,idle-X
3971371508,10,986,-71,2467,-4480,-875,idle-X
3971385573,10,986,-71,2450,-4462,-875,idle-X
3971388647,9,986,-71,2450,-4462,-875,idle-X
3971404546,9,986,-71,2432,-4462,-857,idle-X
3971406093,9,986,-71,2432,-4462,-857,idle-X
3971423211,9,986,-71,2432,-4462,-857,idle-X
3971423841,9,986,-71,2450,-4462,-875,idle-X
3971440349,9,986,-71,2450,-4462,-875,idle-X
3971443118,9,986,-71,2450,-4480,-840,idle-X
3971457794,10,986,-71,2450,-4480,-840,idle-X
3971462089,10,986,-71,2450,-4445,-892,idle-X
3971474931,10,986,-71,2450,-4445,-892,idle-X
3971481362,10,986,-71,2450,-4445,-875,idle-X
3971492068,9,986,-72,2450,-4445,-875,idle-X
3971500637,9,986,-72,2467,-4462,-857,idle-X
3971509206,9,986,-71,2467,-4462,-857,idle-X
3971519913,9,986,-71,2467,-4462,-875,idle-X
3971526650,10,986,-71,2467,-4462,-875,idle-X
3971538884,10,986,-71,2467,-4462,-892,idle-X
3971543789,10,986,-71,2467,-4462,-892,idle-X
3971558159,10,986,-71,2485,-4462,-875,idle-X
3971560927,9,986,-71,2485,-4462,-875,idle-X
3971577435,9,986,-71,2485,-4462,-892,idle-X
3971578372,9,986,-71,2485,-4462,-892,idle-X
3971595491,10,986,-71,2485,-4462,-892,idle-X
3971596428,10,986,-71,2467,-4480,-892,idle-X
3971612630,9,986,-71,2467,-4480,-892,idle-X
3971615703,9,986,-71,2467,-4480,-875,idle-X
3971630075,9,986,-72,2467,-4480,-875,idle-X
3971634979,9,986,-72,2485,-4445,-875,idle-X
3971647213,10,985,-71,2485,-4445,-875,idle-X
3971653950,10,985,-71,2467,-4445,-875,idle-X
3971664352,10,986,-71,2467,-4445,-875,idle-X
3971673225,10,986,-71,2467,-4480,-875,idle-X
3971681489,10,986,-71,2467,-4480,-875,idle-X
3971692501,10,986,-71,2450,-4480,-840,idle-X
3971698933,10,986,-71,2450,-4480,-840,idle-X
3971711776,10,986,-71,2450,-4462,-840,idle-X
3971716070,9,986,-71,2450,-4462,-840,idle-X
3971730746,9,986,-71,2485,-4462,-857,idle-X
3971733210,10,986,-71,2485,-4462,-857,idle-X
3971750022,10,986,-71,2485,-4462,-892,idle-X
3971750652,9,986,-71,2485,-4462,-892,idle-X
3971767769,10,986,-71,2485,-4462,-892,idle-X
3971769317,10,986,-71,2485,-4462,-892,idle-X
3971785214,10,986,-71,2485,-4462,-892,idle-X
3971788592,10,986,-71,2485,-4462,-875,idle-X
3971802352,10,986,-71,2485,-4462,-875,idle-X
3971807562,10,986,-71,2485,-4497,-857,idle-X
3971819490,9,986,-71,2485,-4497,-857,idle-X
3971826839,9,986,-71,2467,-4480,-840,idle-X
3971836630,9,986,-71,2467,-4480,-840,idle-X
3971846114,9,986,-71,2467,-4462,-857,idle-X
3971854072,10,986,-70,2467,-4462,-857,idle-X
3971865389,10,986,-70,2502,-4480,-875,idle-X
3971871211,9,986,-71,2502,-4480,-875,idle-X
3971884359,9,986,-71,2502,-4462,-875,idle-X
3971888349,10,986,-71,2502,-4462,-875,idle-X
3971903634,10,986,-71,2467,-4445,-875,idle-X
3971905792,10,986,-71,2467,-4445,-875,idle-X
3971922910,9,986,-71,2467,-4462,-892,idle-X
3971940040,9,986,-71,2467,-4462,-892,idle-X
3971941892,9,986,-71,2485,-4462,-875,idle-X
3971957483,10,986,-71,2485,-4462,-875,idle-X
3971961168,10,986,-71,2467,-4480,-875,idle-X
3971974622,10,986,-71,2467,-4480,-875,idle-X
3971980443,10,986,-71,2467,-4480,-875,idle-X
3971991761,9,986,-71,2467,-4480,-875,idle-X
3971999720,9,986,-71,2467,-4462,-892,idle-X
3972009205,10,986,-71,2467,-4462,-892,idle-X
3972018690,10,986,-71,2450,-4480,-875,idle-X
3972026343,10,986,-71,2450,-4480,-875,idle-X
3972037965,10,986,-71,2432,-4480,-840,idle-X
3972043482,9,986,-71,2432,-4480,-840,idle-X
3972057242,9,986,-71,2467,-4480,-857,idle-X
3972060621,10,986,-71,2467,-4480,-857,idle-X
3972076213,10,986,-71,2502,-4445,-857,idle-X
3972078065,9,986,-72,2502,-4445,-857,idle-X
3972095183,10,986,-71,2485,-4480,-875,idle-X
3972112313,10,986,-72,2485,-4480,-875,idle-X
3972114776,10,986,-72,2485,-4462,-892,idle-X
3972129757,10,986,-71,2485,-4462,-892,idle-X
3972134052,10,986,-71,2450,-4445,-875,idle-X
3972146895,10,986,-71,2450,-4445,-875,idle-X
3972153021,10,986,-71,2485,-4462,-875,idle-X
3972164033,10,986,-71,2485,-4462,-875,idle-X
3972172298,10,986,-71,2485,-4480,-840,idle-X
3972181478,10,986,-71,2485,-4480,-840,idle-X
3972191575,10,986,-71,2485,-4480,-875,idle-X
3972198618,9,986,-71,2485,-4480,-875,idle-X
3972210545,9,986,-71,2467,-4445,-910,idle-X
3972215756,9,986,-71,2467,-4445,-910,idle-X
3972229819,9,986,-71,2432,-4462,-875,idle-X
3972233198,10,986,-71,2432,-4462,-875,idle-X
3972249095,10,986,-71,2450,-4462,-910,idle-X
3972250337,10,986,-71,2450,-4462,-910,idle-X
3972267455,10,986,-71,2450,-4462,-910,idle-X
3972268392,10,986,-71,2450,-4427,-892,idle-X
3972284899,9,986,-71,2450,-4427,-892,idle-X
3972287361,9,986,-71,2450,-4445,-892,idle-X
3972302036,10,986,-72,2450,-4445,-892,idle-X
3972306637,10,986,-72,2485,-4445,-892,idle-X
3972319176,9,986,-71,2485,-4445,-892,idle-X
3972325914,9,986,-71,2450,-4462,-875,idle-X
3972336619,10,986,-71,2450,-4462,-875,idle-X
3972345188,10,986,-71,2485,-4462,-857,idle-X
3972353756,9,986,-71,2485,-4462,-857,idle-X
3972364156,9,986,-71,2485,-4480,-822,idle-X
3972370893,9,986,-71,2485,-4480,-822,idle-X
3972383432,9,986,-71,2485,-4462,-857,idle-X
3972388032,9,986,-71,2485,-4462,-857,idle-X
3972402708,9,986,-71,2450,-4480,-857,idle-X
3972405476,10,986,-71,2450,-4480,-857,idle-X
3972421983,10,986,-71,2432,-4462,-857,idle-X
3972422613,9,986,-71,2432,-4462,-857,idle-X
3972440036,9,986,-71,2432,-4462,-857,idle-X
3972440973,9,986,-71,2467,-4462,-910,idle-X
3972457175,9,986,-71,2467,-4462,-910,idle-X
3972460249,9,986,-71,2485,-4480,-892,idle-X
3972474313,10,986,-71,2485,-4480,-892,idle-X
3972479523,10,986,-71,2485,-4480,-875,idle-X
3972491450,10,986,-71,2485,-4480,-875,idle-X
3972498493,10,986,-71,2432,-4480,-857,idle-X
3972508894,10,986,-71,2432,-4480,-857,idle-X
3972517769,10,986,-71,2450,-4462,-875,idle-X
3972526033,9,986,-71,2450,-4462,-875,idle-X
3972537045,9,986,-71,2432,-4480,-875,idle-X
3972543171,10,986,-71,2432,-4480,-875,idle-X
3972556320,10,986,-71,2467,-4480,-892,idle-X
3972560614,9,986,-71,2467,-4480,-892,idle-X
3972575289,9,986,-71,2467,-4462,-875,idle-X
3972577752,9,986,-71,2467,-4462,-875,idle-X
3972594565,9,986,-71,2485,-4480,-857,idle-X
3972595196,10,986,-71,2485,-4480,-857,idle-X
3972612313,10,986,-72,2485,-4480,-857,idle-X
3972613860,10,986,-72,2485,-4480,-875,idle-X
3972629451,9,986,-71,2485,-4480,-875,idle-X
3972632830,9,986,-71,2450,-4462,-840,idle-X
3972646589,10,986,-71,2450,-4462,-840,idle-X
3972652106,10,986,-71,2485,-4462,-875,idle-X
3972663729,10,986,-71,2485,-4462,-875,idle-X
3972671382,10,986,-71,2467,-4445,-857,idle-X
3972681172,10,986,-71,2467,-4445,-857,idle-X
3972690352,10,986,-71,2450,-4462,-857,idle-X
3972698309,10,985,-71,2450,-4462,-857,idle-X
3972709628,10,985,-71,2450,-4462,-875,idle-X
3972715448,9,986,-71,2450,-4462,-875,idle-X
3972728902,9,986,-71,2467,-4445,-892,idle-X
3972732891,10,986,-71,2467,-4445,-892,idle-X
3972748176,10,986,-71,2450,-4497,-875,idle-X
3972750028,9,986,-71,2450,-4497,-875,idle-X
3972767146,9,986,-71,2467,-4480,-875,idle-X
3972784582,9,986,-71,2467,-4480,-875,idle-X
3972786434,9,986,-71,2467,-4462,-857,idle-X
3972801721,10,986,-71,2467,-4462,-857,idle-X
3972805710,10,986,-71,2485,-4462,-875,idle-X
3972818860,10,986,-71,2485,-4462,-875,idle-X
3972824680,10,986,-71,2467,-4462,-875,idle-X
3972836303,9,986,-71,2467,-4462,-875,idle-X
3972843957,9,986,-71,2467,-4462,-892,idle-X
3972853442,10,986,-71,2467,-4462,-892,idle-X
3972863233,10,986,-71,2450,-4462,-857,idle-X
3972870581,10,986,-71,2450,-4462,-857,idle-X
3972882507,10,986,-71,2450,-4462,-857,idle-X
3972888024,9,986,-71,2450,-4462,-857,idle-X
3972901479,9,986,-71,2450,-4480,-875,idle-X
3972905163,9,986,-71,2450,-4480,-875,idle-X
3972920754,9,986,-71,2432,-4480,-857,idle-X
3972922301,10,986,-71,2432,-4480,-857,idle-X
3972939724,9,986,-71,2467,-4462,-892,idle-X
3972956854,10,986,-71,2467,-4462,-892,idle-X
3972959317,10,986,-71,2450,-4462,-857,idle-X
3972973993,10,985,-71,2450,-4462,-857,idle-X
3972978289,10,985,-71,2467,-4462,-875,idle-X
3972991438,9,986,-72,2467,-4462,-875,idle-X
3972997565,9,986,-72,2467,-4462,-875,idle-X
3973008576,9,986,-71,2467,-4462,-875,idle-X
3973016841,9,986,-71,2467,-4462,-875,idle-X
3973025716,9,986,-71,2467,-4462,-875,idle-X
3973036118,9,986,-71,2467,-4480,-857,idle-X
3973043160,10,986,-71,2467,-4480,-857,idle-X
3973055087,10,986,-71,2467,-4480,-857,idle-X
3973060298,10,986,-71,2467,-4480,-857,idle-X
3973074362,10,986,-71,2450,-4480,-875,idle-X
3973077436,9,986,-71,2450,-4480,-875,idle-X
3973093638,9,986,-71,2485,-4462,-875,idle-X
3973094574,10,986,-71,2485,-4462,-875,idle-X
3973111998,9,986,-71,2485,-4462,-875,idle-X
3973112628,9,986,-71,2467,-4462,-875,idle-X
3973129136,10,986,-71,2467,-4462,-875,idle-X
3973131905,10,986,-71,2467,-4480,-875,idle-X
3973146275,10,986,-71,2467,-4480,-875,idle-X
3973151180,10,986,-71,2450,-4462,-875,idle-X
3973163719,10,986,-71,2450,-4462,-875,idle-X
3973170151,10,986,-71,2450,-4445,-875,idle-X
3973180857,10,986,-71,2450,-4445,-875,idle-X
3973189425,10,986,-71,2485,-4480,-875,idle-X
3973197996,10,986,-71,2485,-4480,-875,idle-X
3973208702,10,986,-71,2467,-4480,-875,idle-X
3973215439,9,986,-71,2467,-4480,-875,idle-X
3973227978,9,986,-71,2467,-4480,-892,idle-X
3973232578,9,986,-72,2467,-4480,-892,idle-X
3973246949,9,986,-72,2467,-4480,-892,idle-X
3973249717,9,986,-71,2467,-4480,-892,idle-X
3973266225,9,986,-71,2485,-4480,-822,idle-X
3973267161,9,986,-71,2485,-4480,-822,idle-X
3973284278,9,986,-71,2485,-4480,-822,idle-X
3973285520,9,986,-71,2467,-4480,-892,idle-X
3973301418,10,986,-71,2467,-4480,-892,idle-X
3973304492,10,986,-71,2450,-4462,-892,idle-X
3973318557,9,985,-71,2450,-4462,-892,idle-X
3973323767,9,985,-71,2485,-4462,-910,idle-X
3973335999,9,986,-72,2485,-4462,-910,idle-X
3973343042,9,986,-72,2467,-4445,-875,idle-X
3973353138,9,986,-71,2467,-4445,-875,idle-X
3973362318,9,986,-71,2467,-4462,-857,idle-X
3973370277,9,986,-70,2467,-4462,-857,idle-X
3973381288,9,986,-70,2467,-4480,-892,idle-X
3973387719,9,986,-71,2467,-4480,-892,idle-X
3973400563,9,986,-71,2467,-4445,-875,idle-X
3973404858,10,986,-72,2467,-4445,-875,idle-X
3973419838,10,986,-72,2450,-4462,-892,idle-X
3973421996,9,986,-71,2450,-4462,-892,idle-X
3973438809,9,986,-71,2467,-4462,-875,idle-X
3973439439,9,986,-71,2467,-4462,-875,idle-X
3973456557,9,985,-71,2467,-4462,-875,idle-X
3973458103,9,985,-71,2467,-4480,-857,idle-X
3973473694,10,986,-71,2467,-4480,-857,idle-X
3973477378,10,986,-71,2467,-4480,-875,idle-X
3973491137,10,986,-71,2467,-4480,-875,idle-X
3973496653,10,986,-71,2450,-4462,-875,idle-X
3973508276,9,986,-71,2450,-4462,-875,idle-X
3973515623,9,986,-71,2450,-4462,-857,idle-X
3973525414,9,986,-71,2450,-4462,-857,idle-X
3973534899,9,986,-71,2450,-4480,-857,idle-X
3973542551,9,985,-71,2450,-4480,-857,idle-X
3973554174,9,985,-71,2485,-4480,-857,idle-X
3973559995,9,986,-71,2485,-4480,-857,idle-X
3973573145,9,986,-71,2467,-4462,-875,idle-X
3973577133,10,986,-71,2467,-4462,-875,idle-X
3973592419,10,986,-71,2450,-4462,-892,idle-X
3973594271,9,986,-71,2450,-4462,-892,idle-X
3973611694,9,986,-71,2450,-4445,-857,idle-X
3973628825,9,986,-71,2450,-4445,-857,idle-X
3973630983,9,986,-71,2467,-4462,-875,idle-X
3973645963,9,986,-71,2467,-4462,-875,idle-X
3973649953,9,986,-71,2485,-4445,-892,idle-X
3973663408,10,986,-71,2485,-4445,-892,idle-X
3973669229,10,986,-71,2485,-4445,-875,idle-X
3973680545,10,986,-71,2485,-4445,-875,idle-X
3973688504,10,986,-71,2485,-4462,-875,idle-X
3973697684,9,986,-71,2485,-4462,-875,idle-X
3973707779,9,986,-71,2467,-4480,-875,idle-X
3973715127,10,986,-71,2467,-4480,-875,idle-X
3973726749,10,986,-71,2502,-4462,-892,idle-X
3973732265,9,986,-71,2502,-4462,-892,idle-X
3973746024,9,986,-71,2485,-4445,-857,idle-X
3973749403,9,986,-71,2485,-4445,-857,idle-X
3973765302,9,986,-71,2450,-4480,-892,idle-X
3973766848,9,986,-72,2450,-4480,-892,idle-X
3973783966,9,986,-72,2467,-4462,-857,idle-X
3973801097,9,986,-71,2467,-4462,-857,idle-X
3973803560,9,986,-71,2450,-4480,-857,idle-X
3973818236,10,986,-71,2450,-4480,-857,idle-X
3973822837,10,986,-71,2450,-4445,-857,idle-X
3973835680,10,986,-71,2450,-4445,-857,idle-X
3973841807,10,986,-71,2450,-4445,-875,idle-X
3973852819,9,986,-71,2450,-4445,-875,idle-X
3973861083,9,986,-71,2432,-4427,-857,idle-X
3973869957,9,986,-71,2432,-4427,-857,idle-X
3973880358,9,986,-71,2450,-4462,-875,idle-X
3973887401,10,986,-71,2450,-4462,-875,idle-X
3973899329,10,986,-71,2432,-4462,-857,idle-X
3973904540,9,986,-71,2432,-4462,-857,idle-X
3973918605,9,986,-71,2432,-4445,-892,idle-X
3973921678,9,986,-71,2432,-4445,-892,idle-X
3973937881,9,986,-71,2467,-4462,-875,idle-X
3973938817,9,986,-71,2467,-4462,-875,idle-X
3973956241,9,986,-71,2467,-4462,-875,idle-X
3973957177,9,986,-71,2467,-4462,-875,idle-X
3973973379,9,986,-71,2467,-4462,-875,idle-X
3973976148,9,986,-71,2467,-4462,-892,idle-X
3973990517,9,986,-71,2467,-4462,-892,idle-X
3973995423,9,986,-71,2502,-4462,-857,idle-X
3974007962,9,986,-71,2502,-4462,-857,idle-X
3974014698,9,986,-71,2485,-4462,-875,idle-X
3974025100,10,986,-71,2485,-4462,-875,idle-X
3974033669,10,986,-71,2485,-4462,-857,idle-X
3974042238,9,986,-71,2485,-4462,-857,idle-X
3974052944,9,986,-71,2502,-4462,-892,idle-X
3974059375,9,986,-71,2502,-4462,-892,idle-X
3974072219,9,986,-71,2450,-4462,-892,idle-X
3974076818,9,986,-71,2450,-4462,-892,idle-X
3974091189,9,986,-71,2467,-4462,-875,idle-X
3974093957,9,986,-71,2467,-4462,-875,idle-X
3974110464,9,986,-71,2467,-4462,-892,idle-X
3974111095,10,986,-71,2467,-4462,-892,idle-X
3974128518,9,986,-71,2467,-4462,-892,idle-X
3974129760,9,986,-71,2502,-4462,-857,idle-X
3974145657,10,986,-71,2502,-4462,-857,idle-X
3974149035,10,986,-71,2502,-4480,-875,idle-X
3974162796,10,986,-71,2502,-4480,-875,idle-X
3974168007,10,986,-71,2485,-4497,-875,idle-X
3974180240,9,985,-71,2485,-4497,-875,idle-X
3974187282,9,985,-71,2467,-4480,-857,idle-X
3974197378,10,986,-71,2467,-4480,-857,idle-X
3974206557,10,986,-71,2467,-4480,-857,idle-X
3974214515,9,986,-71,2467,-4480,-857,idle-X
3974225527,9,986,-71,2467,-4480,-875,idle-X
3974231959,9,986,-71,2467,-4480,-875,idle-X
3974244802,9,986,-71,2450,-4497,-892,idle-X
3974249097,9,986,-72,2450,-4497,-892,idle-X
3974264077,9,986,-72,2450,-4480,-875,idle-X
3974266235,10,986,-71,2450,-4480,-875,idle-X
3974283048,10,986,-71,2450,-4480,-857,idle-X
3974283678,10,986,-71,2450,-4480,-857,idle-X
3974300797,9,986,-72,2450,-4480,-857,idle-X
3974302344,9,986,-72,2467,-4462,-875,idle-X
3974317936,9,986,-72,2467,-4462,-875,idle-X
3974321620,9,986,-72,2467,-4445,-875,idle-X
3974335074,10,986,-71,2467,-4445,-875,idle-X
3974340895,10,986,-71,2450,-4445,-875,idle-X
3974352518,9,986,-71,2450,-4445,-875,idle-X
3974359866,9,986,-71,2432,-4445,-892,idle-X
3974369656,9,986,-71,2432,-4445,-892,idle-X
3974379142,9,986,-71,2450,-4445,-875,idle-X
3974386794,9,986,-72,2450,-4445,-875,idle-X
3974398417,9,986,-72,2432,-4462,-857,idle-X
3974403933,10,986,-71,2432,-4462,-857,idle-X
3974417387,10,986,-71,2485,-4480,-875,idle-X
3974421376,10,986,-71,2485,-4480,-875,idle-X
3974436663,10,986,-71,2432,-4480,-892,idle-X
3974438515,10,986,-71,2432,-4480,-892,idle-X
3974455633,9,986,-71,2467,-4462,-892,idle-X
3974473070,10,986,-71,2467,-4462,-892,idle-X
3974474922,10,986,-71,2450,-4445,-857,idle-X
3974490209,10,986,-71,2450,-4445,-857,idle-X
3974494199,10,986,-71,2485,-4462,-875,idle-X
3974507348,9,986,-71,2485,-4462,-875,idle-X
3974513475,9,986,-71,2467,-4480,-875,idle-X
3974524486,9,986,-71,2467,-4480,-875,idle-X
3974532445,9,986,-71,2467,-4462,-857,idle-X
3974541932,10,986,-71,2467,-4462,-857,idle-X
3974551723,10,986,-71,2450,-4462,-875,idle-X
3974559071,10,986,-71,2450,-4462,-875,idle-X
3974570998,10,986,-71,2467,-4445,-875,idle-X
3974576208,9,986,-71,2467,-4445,-875,idle-X
3974589967,9,986,-71,2467,-4462,-892,idle-X
3974593651,9,986,-70,2467,-4462,-892,idle-X
3974609243,9,986,-70,2467,-4480,-892,idle-X
3974610790,9,986,-71,2467,-4480,-892,idle-X
3974627909,9,986,-71,2467,-4480,-892,idle-X
3974628539,9,986,-71,2485,-4462,-875,idle-X
3974645047,10,986,-71,2485,-4462,-875,idle-X
3974647509,10,986,-71,2450,-4462,-875,idle-X
3974662490,9,986,-71,2450,-4462,-875,idle-X
3974666785,9,986,-71,2467,-4445,-857,idle-X
3974679630,10,986,-71,2467,-4445,-857,idle-X
3974686061,10,986,-71,2450,-4462,-875,idle-X
3974696767,9,986,-71,2450,-4462,-875,idle-X
3974705336,9,986,-71,2467,-4480,-892,idle-X
3974714210,9,986,-71,2467,-4480,-892,idle-X
3974724305,9,986,-71,2467,-4445,-910,idle-X
3974731348,10,986,-71,2467,-4445,-910,idle-X
3974743581,10,986,-71,2485,-4445,-910,idle-X
3974748487,9,986,-71,2485,-4445,-910,idle-X
3974762856,9,986,-71,2450,-4445,-892,idle-X
3974765624,9,986,-71,2450,-4445,-892,idle-X
3974781826,9,986,-71,2450,-4445,-875,idle-X
3974783068,9,986,-72,2450,-4445,-875,idle-X
3974800186,9,986,-71,2450,-4445,-875,idle-X
3974801122,9,986,-71,2450,-4480,-892,idle-X
3974817325,10,986,-71,2450,-4480,-892,idle-X
3974820398,10,986,-71,2467,-4462,-892,idle-X
3974834768,10,986,-71,2467,-4462,-892,idle-X
3974839368,10,986,-71,2450,-4462,-875,idle-X
3974851907,9,986,-70,2450,-4462,-875,idle-X
3974858644,9,986,-70,2450,-4462,-875,idle-X
3974869046,9,985,-70,2450,-4462,-875,idle-X
3974877920,9,985,-70,2450,-4480,-875,idle-X
3974886183,9,986,-71,2450,-4480,-875,idle-X
3974896888,9,986,-71,2450,-4445,-892,idle-X
3974903626,10,986,-71,2450,-4445,-892,idle-X
3974916164,10,986,-71,2450,-4462,-857,idle-X
3974920764,10,986,-71,2450,-4462,-857,idle-X
3974935440,10,986,-71,2467,-4445,-875,idle-X
3974937905,9,986,-71,2467,-4445,-875,idle-X
3974954412,9,986,-71,2467,-4462,-892,idle-X
3974955042,9,986,-71,2467,-4462,-892,idle-X
3974972466,9,986,-71,2467,-4462,-892,idle-X
3974973708,9,986,-71,2467,-4480,-892,idle-X
3974989604,9,986,-71,2467,-4480,-892,idle-X
3974992983,9,986,-71,2467,-4462,-892,idle-X
3975006743,10,986,-71,2467,-4462,-892,idle-X
3975011954,10,986,-71,2467,-4445,-875,idle-X
3975024187,9,985,-71,2467,-4445,-875,idle-X
3975031230,9,985,-71,2485,-4462,-875,idle-X
3975041325,10,986,-71,2485,-4462,-875,idle-X
3975050504,10,986,-71,2502,-4462,-875,idle-X
3975058462,9,986,-71,2502,-4462,-875,idle-X
3975069475,9,986,-71,2467,-4480,-892,idle-X
3975075602,9,986,-71,2467,-4480,-892,idle-X
3975088751,9,986,-71,2467,-4462,-875,idle-X
3975093046,10,986,-71,2467,-4462,-875,idle-X
3975108026,10,986,-71,2485,-4462,-892,idle-X
3975110184,9,986,-71,2485,-4462,-892,idle-X
3975126997,9,986,-71,2467,-4462,-892,idle-X
3975127627,10,986,-72,2467,-4462,-892,idle-X
3975144440,9,986,-71,2467,-4462,-892,idle-X
3975146293,9,986,-71,2467,-4480,-892,idle-X
3975161884,9,986,-71,2467,-4480,-892,idle-X
3975165568,9,986,-71,2467,-4462,-892,idle-X
3975179023,10,986,-71,2467,-4462,-892,idle-X
3975184540,10,986,-71,2467,-4445,-875,idle-X
3975196163,10,986,-71,2467,-4445,-875,idle-X
3975203817,10,986,-71,2485,-4462,-875,idle-X
3975213302,9,986,-71,2485,-4462,-875,idle-X
3975223091,9,986,-71,2467,-4462,-875,idle-X
3975230745,9,986,-71,2467,-4462,-875,idle-X
3975242061,9,986,-71,2432,-4445,-857,idle-X
3975247882,9,985,-71,2432,-4445,-857,idle-X
3975261336,9,985,-71,2450,-4445,-875,idle-X
3975265021,9,986,-71,2450,-4445,-875,idle-X
3975280613,9,986,-71,2485,-4445,-875,idle-X
3975282465,10,986,-71,2485,-4445,-875,idle-X
3975299582,10,986,-71,2485,-4462,-875,idle-X
3975316713,9,986,-71,2485,-4462,-875,idle-X
3975318871,9,986,-71,2450,-4480,-875,idle-X
3975334158,9,986,-71,2450,-4480,-875,idle-X
3975338148,9,986,-71,2467,-4497,-857,idle-X
3975351296,9,986,-71,2467,-4497,-857,idle-X
3975357422,9,986,-71,2485,-4462,-875,idle-X
3975368434,9,986,-71,2485,-4462,-875,idle-X
3975376393,9,986,-71,2450,-4462,-892,idle-X
3975385572,10,986,-71,2450,-4462,-892,idle-X
3975395668,10,986,-71,2450,-4480,-875,idle-X
3975403016,10,986,-71,2450,-4480,-875,idle-X
3975414943,10,986,-71,2485,-4480,-892,idle-X
3975420153,9,986,-71,2485,-4480,-892,idle-X
3975433913,9,986,-71,2467,-4480,-875,idle-X
3975437291,10,986,-71,2467,-4480,-875,idle-X
3975453187,10,986,-71,2432,-4480,-875,idle-X
3975454734,9,986,-71,2432,-4480,-875,idle-X
3975471854,9,985,-71,2432,-4480,-875,idle-X
3975472484,9,985,-71,2485,-4480,-875,idle-X
3975488992,9,986,-71,2485,-4480,-875,idle-X
3975491455,9,986,-71,2502,-4480,-857,idle-X
3975506436,10,986,-71,2502,-4480,-857,idle-X
3975510732,10,986,-71,2485,-4480,-892,idle-X
3975523576,10,986,-71,2485,-4480,-892,idle-X
3975530009,10,986,-71,2467,-4480,-875,idle-X
3975540715,9,986,-71,2467,-4480,-875,idle-X
3975549284,9,986,-71,2467,-4445,-892,idle-X
3975557853,9,986,-71,2467,-4445,-892,idle-X
3975568253,9,986,-71,2450,-4462,-892,idle-X
3975575297,9,986,-72,2450,-4462,-892,idle-X
3975587530,9,986,-72,2485,-4515,-875,idle-X
3975592435,9,986,-71,2485,-4515,-875,idle-X
3975606806,9,986,-71,2485,-4480,-875,idle-X
3975609575,10,986,-71,2485,-4480,-875,idle-X
3975625777,10,986,-71,2485,-4480,-857,idle-X
3975626713,10,986,-71,2485,-4480,-857,idle-X
3975644136,9,986,-71,2485,-4480,-857,idle-X
3975645073,9,986,-71,2467,-4462,-875,idle-X
3975661275,9,986,-71,2467,-4462,-875,idle-X
3975664348,9,986,-71,2485,-4462,-875,idle-X
3975678412,9,986,-71,2485,-4462,-875,idle-X
3975683318,9,986,-71,2467,-4480,-875,idle-X
3975695856,9,986,-71,2467,-4480,-875,idle-X
3975702593,9,986,-71,2450,-4462,-857,idle-X
3975712994,10,986,-72,2450,-4462,-857,idle-X
3975721869,10,986,-72,2467,-4480,-875,idle-X
3975730134,9,986,-71,2467,-4480,-875,idle-X
3975740840,9,986,-71,2450,-4480,-892,idle-X
3975747577,10,986,-71,2450,-4480,-892,idle-X
3975760115,10,986,-71,2467,-4480,-892,idle-X
3975764714,9,985,-71,2467,-4480,-892,idle-X
3975779389,9,985,-71,2450,-4462,-875,idle-X
3975781852,10,986,-71,2450,-4462,-875,idle-X
3975798360,10,986,-71,2467,-4445,-857,idle-X
3975798990,9,986,-71,2467,-4445,-857,idle-X
3975816414,10,986,-71,2467,-4445,-857,idle-X
3975817656,10,986,-71,2485,-4462,-892,idle-X
3975833553,10,986,-71,2485,-4462,-892,idle-X
3975836932,10,986,-71,2467,-4462,-875,idle-X
3975850692,9,986,-71,2467,-4462,-875,idle-X
3975855902,9,986,-71,2485,-4462,-857,idle-X
3975867830,9,986,-71,2485,-4462,-857,idle-X
3975875178,9,986,-71,2467,-4462,-875,idle-X
3975885273,10,986,-71,2467,-4462,-875,idle-X
3975894452,10,986,-71,2467,-4462,-875,idle-X
3975902411,9,986,-71,2467,-4462,-875,idle-X
3975913729,9,986,-71,2485,-4480,-875,idle-X
3975919551,10,986,-71,2485,-4480,-875,idle-X
3975932700,10,986,-71,2485,-4445,-857,idle-X
3975936995,9,986,-71,2485,-4445,-857,idle-X
3975951975,9,986,-71,2450,-4480,-857,idle-X
3975954132,9,986,-72,2450,-4480,-857,idle-X
3975971249,9,986,-71,2450,-4445,-892,idle-X
3975988686,9,986,-71,2450,-4445,-892,idle-X
3975990233,9,986,-71,2467,-4445,-875,idle-X
3976005825,9,986,-71,2467,-4445,-875,idle-X
3976009509,9,986,-71,2467,-4462,-857,idle-X
3976022964,9,986,-71,2467,-4462,-857,idle-X
3976028786,9,986,-71,2450,-4462,-857,idle-X
3976040102,9,986,-70,2450,-4462,-857,idle-X
3976048060,9,986,-70,2450,-4480,-892,idle-X
3976057546,10,986,-70,2450,-4480,-892,idle-X
3976067030,10,986,-70,2467,-4480,-892,idle-X
3976074683,9,986,-71,2467,-4480,-892,idle-X
3976086305,9,986,-71,2432,-4445,-892,idle-X
3976091821,10,986,-71,2432,-4445,-892,idle-X
3976105580,10,986,-71,2432,-4462,-892,idle-X
3976109264,9,985,-72,2432,-4462,-892,idle-X
3976124550,9,985,-72,2467,-4462,-892,idle-X
3976126402,9,986,-72,2467,-4462,-892,idle-X
3976143520,9,986,-71,2450,-4462,-857,idle-X
3976160955,9,986,-71,2450,-4462,-857,idle-X
3976163113,9,986,-71,2467,-4480,-892,idle-X
3976178093,9,986,-71,2467,-4480,-892,idle-X
3976182083,9,986,-71,2485,-4462,-875,idle-X
3976195232,9,986,-71,2485,-4462,-875,idle-X
3976201359,9,986,-71,2485,-4462,-857,idle-X
3976212676,9,986,-71,2485,-4462,-857,idle-X
3976220635,9,986,-71,2467,-4445,-892,idle-X
3976229815,10,986,-71,2467,-4445,-892,idle-X
3976239910,10,986,-71,2432,-4445,-875,idle-X
3976246953,10,986,-71,2432,-4445,-875,idle-X
3976258882,10,986,-71,2432,-4462,-892,idle-X
3976264092,10,986,-71,2432,-4462,-892,idle-X
3976278156,10,986,-71,2467,-4445,-910,idle-X
3976281534,9,986,-71,2467,-4445,-910,idle-X
3976297431,9,986,-71,2450,-4445,-857,idle-X
3976298673,10,986,-71,2450,-4445,-857,idle-X
3976315792,9,986,-71,2450,-4445,-857,idle-X
3976316422,9,986,-71,2432,-4480,-892,idle-X
3976333237,10,986,-71,2432,-4480,-892,idle-X
3976335699,10,986,-71,2450,-4462,-857,idle-X
3976350374,10,986,-71,2450,-4462,-857,idle-X
3976354973,10,986,-71,2450,-4480,-875,idle-X
3976367511,10,986,-71,2450,-4480,-875,idle-X
3976374249,10,986,-71,2450,-4462,-840,idle-X
3976384956,9,986,-70,2450,-4462,-840,idle-X
3976393219,9,986,-70,2485,-4462,-892,idle-X
3976402093,9,986,-72,2485,-4462,-892,idle-X
3976412493,9,986,-72,2450,-4497,-892,idle-X
3976419230,9,986,-71,2450,-4497,-892,idle-X
3976431768,9,986,-71,2450,-4462,-857,idle-X
3976436368,10,986,-71,2450,-4462,-857,idle-X
3976450739,10,986,-71,2467,-4445,-875,idle-X
3976453812,10,986,-70,2467,-4445,-875,idle-X
3976470013,10,986,-70,2485,-4445,-875,idle-X
3976470950,9,986,-71,2485,-4445,-875,idle-X
3976488068,9,986,-71,2485,-4445,-875,idle-X
3976489310,9,986,-71,2467,-4497,-875,idle-X
3976505512,10,986,-71,2467,-4497,-875,idle-X
3976508585,10,986,-71,2467,-4480,-910,idle-X
3976522650,9,986,-71,2467,-4480,-910,idle-X
3976527556,9,986,-71,2485,-4462,-892,idle-X
3976539788,9,986,-71,2485,-4462,-892,idle-X
3976546831,9,986,-71,2485,-4445,-927,idle-X
3976557232,9,986,-71,2485,-4445,-927,idle-X
3976566107,9,986,-71,2467,-4480,-892,idle-X
3976574371,9,986,-71,2467,-4480,-892,idle-X
3976585078,9,986,-71,2467,-4480,-875,idle-X
3976591509,9,986,-71,2467,-4480,-875,idle-X
3976604353,9,986,-71,2485,-4480,-875,idle-X
3976608952,9,986,-71,2485,-4480,-875,idle-X
3976623628,9,986,-71,2450,-4462,-892,idle-X
3976626090,9,986,-71,2450,-4462,-892,idle-X
3976642903,9,986,-71,2450,-4445,-875,idle-X
3976643534,9,986,-71,2450,-4445,-875,idle-X
3976660653,9,986,-71,2450,-4445,-875,idle-X
3976661895,9,986,-71,2485,-4462,-892,idle-X
3976677791,9,986,-71,2485,-4462,-892,idle-X
3976681170,9,986,-71,2485,-4462,-875,idle-X
3976694930,10,986,-71,2485,-4462,-875,idle-X
3976700446,10,986,-71,2485,-4480,-875,idle-X
3976712069,9,986,-71,2485,-4480,-875,idle-X
3976719417,9,986,-71,2467,-4480,-875,idle-X
3976729512,9,986,-71,2467,-4480,-875,idle-X
3976738693,9,986,-71,2450,-4462,-840,idle-X
3976746651,10,986,-71,2450,-4462,-840,idle-X
3976757968,10,986,-71,2450,-4462,-875,idle-X
3976763789,9,986,-71,2450,-4462,-875,idle-X
3976777244,9,986,-71,2467,-4480,-857,idle-X
3976781233,9,986,-71,2467,-4480,-857,idle-X
3976796214,9,986,-71,2450,-4480,-892,idle-X
3976798371,9,986,-71,2450,-4480,-892,idle-X
3976815489,9,986,-71,2485,-4445,-857,idle-X
3976832924,9,986,-71,2485,-4445,-857,idle-X
3976834777,9,986,-71,2467,-4445,-875,idle-X
3976850064,9,986,-71,2467,-4445,-875,idle-X
3976853749,9,986,-71,2485,-4480,-892,idle-X
3976867203,9,986,-71,2485,-4480,-892,idle-X
3976873024,9,986,-71,2467,-4462,-875,idle-X
3976884341,10,986,-71,2467,-4462,-875,idle-X
3976892299,10,986,-71,2485,-4480,-892,idle-X
3976901784,10,986,-71,2485,-4480,-892,idle-X
3976911270,10,986,-71,2450,-4462,-875,idle-X
3976918923,10,986,-71,2450,-4462,-875,idle-X
3976930545,10,986,-71,2450,-4462,-875,idle-X
3976936061,9,986,-71,2450,-4462,-875,idle-X
3976949819,9,986,-71,2450,-4462,-892,idle-X
3976953503,10,985,-71,2450,-4462,-892,idle-X
3976969095,10,985,-71,2467,-4462,-892,idle-X
3976970642,9,986,-71,2467,-4462,-892,idle-X
3976987760,9,986,-72,2502,-4480,-892,idle-X
3977005196,9,986,-72,2502,-4480,-892,idle-X
3977007353,9,986,-72,2467,-4462,-892,idle-X
3977022332,10,986,-71,2467,-4462,-892,idle-X
3977026628,10,986,-71,2467,-4480,-857,idle-X
3977039473,10,986,-71,2467,-4480,-857,idle-X
3977045600,10,986,-71,2467,-4462,-892,idle-X
3977056917,9,986,-71,2467,-4462,-892,idle-X
3977064875,9,986,-71,2467,-4445,-875,idle-X
3977074055,9,986,-71,2467,-4445,-875,idle-X
3977084150,9,986,-71,2485,-4445,-840,idle-X
3977091193,9,986,-71,2485,-4445,-840,idle-X
3977103426,9,986,-71,2467,-4480,-857,idle-X
3977108332,9,986,-71,2467,-4480,-857,idle-X
3977122396,9,986,-71,2450,-4462,-840,idle-X
3977125775,9,986,-71,2450,-4462,-840,idle-X
3977141671,9,986,-71,2450,-4462,-875,idle-X
3977142912,9,986,-71,2450,-4462,-875,idle-X
3977160030,10,986,-71,2450,-4462,-875,idle-X
3977160966,10,986,-71,2450,-4445,-892,idle-X
3977177474,9,986,-72,2450,-4445,-892,idle-X
3977179937,9,986,-72,2485,-4462,-875,idle-X
3977194612,9,986,-71,2485,-4462,-875,idle-X
3977199211,9,986,-71,2467,-4480,-875,idle-X
3977211748,9,986,-72,2467,-4480,-875,idle-X
3977218486,9,986,-72,2450,-4480,-875,idle-X
3977229192,9,986,-71,2450,-4480,-875,idle-X
3977237762,9,986,-71,2450,-4497,-875,idle-X
3977246331,10,986,-71,2450,-4497,-875,idle-X
3977256732,10,986,-71,2467,-4462,-857,idle-X
3977263470,10,986,-71,2467,-4462,-857,idle-X
3977276008,10,986,-71,2502,-4462,-892,idle-X
3977280609,10,986,-71,2502,-4462,-892,idle-X
3977295284,10,986,-71,2467,-4462,-875,idle-X
3977298052,9,986,-71,2467,-4462,-875,idle-X
3977314255,9,986,-71,2432,-4480,-857,idle-X
3977315191,10,986,-71,2432,-4480,-857,idle-X
3977332308,9,986,-72,2432,-4480,-857,idle-X
3977333550,9,986,-72,2485,-4480,-875,idle-X
3977349751,9,986,-71,2485,-4480,-875,idle-X
3977352825,9,986,-71,2467,-4480,-857,idle-X
3977366891,9,986,-71,2467,-4480,-857,idle-X
3977372101,9,986,-71,2467,-4462,-857,idle-X
3977384028,9,986,-71,2467,-4462,-857,idle-X
3977391071,9,986,-71,2467,-4462,-875,idle-X
3977401472,10,986,-71,2467,-4462,-875,idle-X
3977410346,10,986,-71,2502,-4445,-875,idle-X
3977418610,9,986,-71,2502,-4445,-875,idle-X
3977429622,9,986,-71,2467,-4480,-857,idle-X
3977435748,9,986,-71,2467,-4480,-857,idle-X
3977448592,9,986,-71,2467,-4480,-875,idle-X
3977453191,9,986,-72,2467,-4480,-875,idle-X
3977467867,9,986,-72,2485,-4497,-875,idle-X
3977470329,9,986,-71,2485,-4497,-875,idle-X
3977487141,9,986,-71,2415,-4480,-875,idle-X
3977487771,9,986,-71,2415,-4480,-875,idle-X
3977504888,9,986,-71,2415,-4480,-875,idle-X
3977506435,9,986,-71,2450,-4462,-892,idle-X
3977522027,9,986,-71,2450,-4462,-892,idle-X
3977525406,9,986,-71,2485,-4480,-875,idle-X
3977539166,9,986,-71,2485,-4480,-875,idle-X
3977544681,9,986,-71,2467,-4462,-892,idle-X
3977556610,10,986,-71,2467,-4462,-892,idle-X
3977563958,10,986,-71,2450,-4445,-892,idle-X
3977573749,9,986,-71,2450,-4445,-892,idle-X
3977582929,9,986,-71,2450,-4480,-875,idle-X
3977590887,9,986,-71,2450,-4480,-875,idle-X
3977602204,9,986,-71,2467,-4462,-892,idle-X
3977608025,9,986,-71,2467,-4462,-892,idle-X
3977621479,9,986,-71,2485,-4445,-857,idle-X
3977625469,10,986,-71,2485,-4445,-857,idle-X
3977640755,10,986,-71,2467,-4462,-857,idle-X
3977642607,10,986,-71,2467,-4462,-857,idle-X
3977659725,9,986,-71,2467,-4480,-857,idle-X
3977677161,10,986,-71,2467,-4480,-857,idle-X
3977679013,10,986,-71,2485,-4462,-875,idle-X
3977694301,10,986,-71,2485,-4462,-875,idle-X
3977698290,10,986,-71,2467,-4462,-875,idle-X
3977711439,9,986,-71,2467,-4462,-875,idle-X
3977717259,9,986,-71,2450,-4462,-875,idle-X
3977728882,9,986,-71,2450,-4462,-875,idle-X
3977736535,9,986,-71,2467,-4480,-892,idle-X
3977746021,9,986,-71,2467,-4480,-892,idle-X
3977755812,9,986,-71,2450,-4480,-875,idle-X
3977763161,9,986,-71,2450,-4480,-875,idle-X
3977774782,9,986,-71,2450,-4462,-875,idle-X
3977780299,9,986,-71,2450,-4462,-875,idle-X
3977794058,9,986,-71,2467,-4462,-892,idle-X
3977797741,10,986,-71,2467,-4462,-892,idle-X
3977813333,10,986,-71,2450,-4462,-857,idle-X
3977814881,10,986,-71,2450,-4462,-857,idle-X
3977831998,10,986,-71,2450,-4462,-857,idle-X
3977832629,10,986,-71,2467,-4480,-875,idle-X
3977849442,9,986,-71,2467,-4480,-875,idle-X
3977851600,9,986,-71,2467,-4462,-875,idle-X
3977866581,10,986,-71,2467,-4462,-875,idle-X
3977870875,10,986,-71,2485,-4462,-875,idle-X
3977883718,9,986,-71,2485,-4462,-875,idle-X
3977890150,9,986,-71,2467,-4462,-875,idle-X
3977900856,10,986,-71,2467,-4462,-875,idle-X
3977909120,10,986,-71,2450,-4462,-875,idle-X
3977918300,9,986,-71,2450,-4462,-875,idle-X
3977928395,9,986,-71,2467,-4462,-875,idle-X
3977935438,9,986,-72,2467,-4462,-875,idle-X
3977947671,9,986,-72,2467,-4462,-857,idle-X
3977952577,9,986,-71,2467,-4462,-857,idle-X
3977966642,9,986,-71,2450,-4462,-875,idle-X
3977970021,9,986,-71,2450,-4462,-875,idle-X
3977985917,9,986,-71,2450,-4497,-875,idle-X
3977987159,10,986,-71,2450,-4497,-875,idle-X
3978004276,10,986,-72,2450,-4497,-875,idle-X
3978005213,10,986,-72,2485,-4462,-875,idle-X
3978021721,9,986,-71,2485,-4462,-875,idle-X
3978024489,9,986,-71,2467,-4480,-857,idle-X
3978038859,10,986,-71,2467,-4480,-857,idle-X
3978043459,10,986,-71,2450,-4462,-875,idle-X
3978055998,9,986,-71,2450,-4462,-875,idle-X
3978062735,9,986,-71,2467,-4462,-857,idle-X
3978073442,9,986,-71,2467,-4462,-857,idle-X
3978082012,9,986,-71,2485,-4462,-892,idle-X
3978090581,10,986,-71,2485,-4462,-892,idle-X
3978100982,10,986,-71,2467,-4462,-910,idle-X
3978107719,9,986,-71,2467,-4462,-910,idle-X
3978120257,9,986,-71,2467,-4445,-892,idle-X
3978124857,9,986,-71,2467,-4445,-892,idle-X
3978139532,9,986,-71,2467,-4462,-892,idle-X
3978142300,9,986,-71,2467,-4462,-892,idle-X
3978158809,9,986,-71,2467,-4427,-857,idle-X
3978159439,10,986,-71,2467,-4427,-857,idle-X
3978176557,9,986,-71,2467,-4427,-857,idle-X
3978177798,9,986,-71,2485,-4462,-875,idle-X
3978194000,10,986,-71,2485,-4462,-875,idle-X
3978197072,10,986,-71,2485,-4497,-857,idle-X
3978211137,9,986,-71,2485,-4497,-857,idle-X
3978216348,9,986,-71,2467,-4462,-875,idle-X
3978228275,9,986,-71,2467,-4462,-875,idle-X
3978235318,9,986,-71,2467,-4445,-875,idle-X
3978245413,9,986,-71,2467,-4445,-875,idle-X
3978254592,9,986,-71,2467,-4427,-857,idle-X
3978262855,9,986,-71,2467,-4427,-857,idle-X
3978273867,9,986,-71,2467,-4462,-875,idle-X
3978279993,9,986,-71,2467,-4462,-875,idle-X
3978292836,9,986,-71,2467,-4480,-875,idle-X
3978297131,9,986,-71,2467,-4480,-875,idle-X
3978312111,9,986,-71,2450,-4480,-875,idle-X
3978314573,10,986,-71,2450,-4480,-875,idle-X
3978331386,10,986,-71,2485,-4480,-875,idle-X
3978332016,9,986,-71,2485,-4480,-875,idle-X
3978348830,10,986,-71,2485,-4480,-875,idle-X
3978350376,10,986,-71,2467,-4462,-875,idle-X
3978366273,9,986,-71,2467,-4462,-875,idle-X
3978369651,9,986,-71,2467,-4462,-875,idle-X
3978383412,10,986,-71,2467,-4462,-875,idle-X
3978388928,10,986,-71,2450,-4462,-857,idle-X
3978400550,9,986,-72,2450,-4462,-857,idle-X
3978407899,9,986,-72,2432,-4462,-875,idle-X
3978417690,10,986,-71,2432,-4462,-875,idle-X
3978427175,10,986,-71,2485,-4462,-875,idle-X
3978435132,9,986,-71,2485,-4462,-875,idle-X
3978446448,9,986,-71,2467,-4462,-857,idle-X
3978452270,9,986,-72,2467,-4462,-857,idle-X
3978465724,9,986,-72,2467,-4462,-875,idle-X
3978469408,9,986,-71,2467,-4462,-875,idle-X
3978484695,9,986,-71,2467,-4462,-875,idle-X
3978486547,9,986,-71,2467,-4462,-875,idle-X
3978503970,9,986,-71,2467,-4480,-875,idle-X
3978521100,9,986,-71,2467,-4480,-875,idle-X
3978523257,9,986,-71,2467,-4462,-875,idle-X
3978538239,9,986,-72,2467,-4462,-875,idle-X
3978542229,9,986,-72,2502,-4480,-875,idle-X
3978555683,9,986,-71,2502,-4480,-875,idle-X
3978561505,9,986,-71,2485,-4480,-892,idle-X
3978572822,9,986,-72,2485,-4480,-892,idle-X
3978580780,9,986,-72,2467,-4480,-892,idle-X
3978589960,9,986,-71,2467,-4480,-892,idle-X
3978599751,9,986,-71,2450,-4462,-892,idle-X
3978607098,9,986,-72,2450,-4462,-892,idle-X
3978619026,9,986,-72,2467,-4462,-892,idle-X
3978624541,10,986,-71,2467,-4462,-892,idle-X
3978638300,10,986,-71,2485,-4480,-892,idle-X
3978641679,9,986,-71,2485,-4480,-892,idle-X
3978657271,9,986,-71,2467,-4497,-840,idle-X
3978658818,10,986,-71,2467,-4497,-840,idle-X
3978676242,9,986,-71,2450,-4462,-857,idle-X
3978693373,9,986,-71,2450,-4462,-857,idle-X
3978695836,9,986,-71,2467,-4445,-875,idle-X
3978710511,9,986,-71,2467,-4445,-875,idle-X
3978714806,9,986,-71,2450,-4462,-892,idle-X
3978727955,10,986,-71,2450,-4462,-892,idle-X
3978734082,10,986,-71,2467,-4480,-875,idle-X
3978745095,9,986,-71,2467,-4480,-875,idle-X
3978753358,9,986,-71,2450,-4480,-892,idle-X
3978762234,10,986,-71,2450,-4480,-892,idle-X
3978772634,10,986,-71,2467,-4480,-875,idle-X
3978779372,10,986,-71,2467,-4480,-875,idle-X
3978791605,10,986,-71,2415,-4462,-840,idle-X
3978796815,9,986,-71,2415,-4462,-840,idle-X
3978810881,9,986,-71,2450,-4497,-857,idle-X
3978813954,9,986,-71,2450,-4497,-857,idle-X
3978830156,9,986,-71,2467,-4480,-857,idle-X
3978831092,9,986,-71,2467,-4480,-857,idle-X
3978848515,9,986,-72,2467,-4480,-857,idle-X
3978849145,9,986,-72,2450,-4462,-857,idle-X
3978865654,9,986,-71,2450,-4462,-857,idle-X
3978868422,9,986,-71,2502,-4480,-875,idle-X
3978882794,9,986,-71,2502,-4480,-875,idle-X
3978887699,9,986,-71,2467,-4462,-875,idle-X
3978899931,10,986,-71,2467,-4462,-875,idle-X
3978906668,10,986,-71,2450,-4445,-875,idle-X
3978917373,10,986,-71,2450,-4445,-875,idle-X
3978925942,10,986,-71,2432,-4462,-875,idle-X
3978934512,10,986,-71,2432,-4462,-875,idle-X
3978945219,10,986,-71,2450,-4462,-892,idle-X
3978951650,10,986,-71,2450,-4462,-892,idle-X
3978964188,10,986,-71,2485,-4480,-875,idle-X
3978969094,9,986,-71,2485,-4480,-875,idle-X
3978983464,9,986,-71,2467,-4462,-927,idle-X
3978986232,9,986,-71,2467,-4462,-927,idle-X
3979002741,9,986,-71,2467,-4497,-892,idle-X
3979003371,10,986,-71,2467,-4497,-892,idle-X
3979020489,9,986,-72,2467,-4497,-892,idle-X
3979021731,9,986,-72,2450,-4462,-875,idle-X
3979037933,9,986,-71,2450,-4462,-875,idle-X
3979041007,9,986,-71,2467,-4480,-875,idle-X
3979055071,10,985,-71,2467,-4480,-875,idle-X
3979060281,10,985,-71,2450,-4462,-857,idle-X
3979072209,10,986,-71,2450,-4462,-857,idle-X
3979079557,10,986,-71,2450,-4462,-875,idle-X
3979089651,9,986,-71,2450,-4462,-875,idle-X
3979098526,9,986,-71,2450,-4445,-857,idle-X
3979106790,10,986,-71,2450,-4445,-857,idle-X
3979117801,10,986,-71,2432,-4462,-857,idle-X
3979123928,10,986,-71,2432,-4462,-857,idle-X
3979137078,10,986,-71,2467,-4462,-857,idle-X
3979141373,9,986,-72,2467,-4462,-857,idle-X
3979156354,9,986,-72,2467,-4462,-892,idle-X
3979158512,10,986,-72,2467,-4462,-892,idle-X
3979175325,10,986,-72,2450,-4462,-892,idle-X
3979175955,9,986,-71,2450,-4462,-892,idle-X
3979193074,9,986,-71,2450,-4462,-892,idle-X
3979194621,9,986,-71,2485,-4462,-875,idle-X
3979210213,10,986,-71,2485,-4462,-875,idle-X
3979213898,10,986,-71,2467,-4462,-857,idle-X
3979227352,9,986,-71,2467,-4462,-857,idle-X
3979232867,9,986,-71,2432,-4462,-892,idle-X
3979244489,10,986,-72,2432,-4462,-892,idle-X
3979252142,10,986,-72,2467,-4462,-892,idle-X
3979261932,10,986,-71,2467,-4462,-892,idle-X
3979271417,10,986,-71,2467,-4480,-892,idle-X
3979279070,9,986,-71,2467,-4480,-892,idle-X
3979290387,9,986,-71,2450,-4480,-892,idle-X
3979296208,9,986,-71,2450,-4480,-892,idle-X
3979309662,9,986,-71,2485,-4480,-875,idle-X
3979313652,9,986,-71,2485,-4480,-875,idle-X
3979328938,9,986,-71,2450,-4480,-892,idle-X
3979330791,9,986,-71,2450,-4480,-892,idle-X
3979347909,9,986,-71,2467,-4462,-892,idle-X
3979365345,9,986,-71,2467,-4462,-892,idle-X
3979367197,9,986,-71,2467,-4480,-892,idle-X
3979382483,9,986,-72,2467,-4480,-892,idle-X
3979386473,9,986,-72,2467,-4480,-857,idle-X
3979399623,10,986,-71,2467,-4480,-857,idle-X
3979405749,10,986,-71,2485,-4462,-857,idle-X
3979416761,9,986,-71,2485,-4462,-857,idle-X
3979424720,9,986,-71,2467,-4480,-875,idle-X
3979434205,9,986,-71,2467,-4480,-875,idle-X
3979443995,9,986,-71,2485,-4497,-875,idle-X
3979451343,10,986,-71,2485,-4497,-875,idle-X
3979463271,10,986,-71,2467,-4480,-840,idle-X
3979468482,9,986,-71,2467,-4480,-840,idle-X
3979482241,9,986,-71,2450,-4480,-892,idle-X
3979485925,9,986,-71,2450,-4480,-892,idle-X
3979501515,9,986,-71,2502,-4462,-892,idle-X
3979503063,9,986,-71,2502,-4462,-892,idle-X
3979520181,10,986,-71,2502,-4462,-892,idle-X
3979520811,10,986,-71,2467,-4480,-875,idle-X
3979537320,9,986,-71,2467,-4480,-875,idle-X
3979539783,9,986,-71,2450,-4445,-875,idle-X
3979554763,10,986,-71,2450,-4445,-875,idle-X
3979559058,10,986,-71,2450,-4497,-875,idle-X
3979571901,9,986,-71,2450,-4497,-875,idle-X
3979578333,9,986,-71,2485,-4462,-875,idle-X
3979589040,9,986,-71,2485,-4462,-875,idle-X
3979597304,9,986,-71,2467,-4462,-892,idle-X
3979606179,9,986,-71,2467,-4462,-892,idle-X
3979616580,9,986,-71,2467,-4462,-857,idle-X
3979623623,10,986,-71,2467,-4462,-857,idle-X
3979635856,10,986,-71,2467,-4480,-892,idle-X
3979640761,10,986,-71,2467,-4480,-892,idle-X
3979654826,10,986,-71,2485,-4480,-875,idle-X
3979657899,9,986,-71,2485,-4480,-875,idle-X
3979674102,9,986,-71,2450,-4462,-875,idle-X
3979675343,9,986,-72,2450,-4462,-875,idle-X
3979692461,9,986,-72,2450,-4462,-875,idle-X
3979693398,9,986,-72,2485,-4462,-892,idle-X
3979709601,10,986,-71,2485,-4462,-892,idle-X
3979712368,10,986,-71,2467,-4480,-857,idle-X
3979726739,9,986,-71,2467,-4480,-857,idle-X
3979731644,9,986,-71,2450,-4480,-857,idle-X
3979744183,10,986,-71,2450,-4480,-857,idle-X
3979750920,10,986,-71,2467,-4497,-875,idle-X
3979761321,9,986,-71,2467,-4497,-875,idle-X
3979770194,9,986,-71,2432,-4462,-892,idle-X
3979778458,10,986,-71,2432,-4462,-892,idle-X
3979789166,10,986,-71,2450,-4427,-875,idle-X
3979795903,10,986,-72,2450,-4427,-875,idle-X
3979808442,10,986,-72,2485,-4445,-875,idle-X
3979813043,9,986,-71,2485,-4445,-875,idle-X
3979827718,9,986,-71,2432,-4462,-875,idle-X
3979830181,10,986,-71,2432,-4462,-875,idle-X
3979846688,10,986,-71,2502,-4462,-875,idle-X
3979847625,9,986,-71,2502,-4462,-875,idle-X
3979864743,10,986,-71,2502,-4462,-875,idle-X
3979865984,10,986,-71,2485,-4462,-857,idle-X
3979881881,9,986,-71,2485,-4462,-857,idle-X
3979885260,9,986,-71,2450,-4480,-840,idle-X
3979899019,9,986,-71,2450,-4480,-840,idle-X
3979904230,9,986,-71,2432,-4480,-875,idle-X
3979916462,10,986,-71,2432,-4480,-875,idle-X
3979923505,10,986,-71,2450,-4462,-857,idle-X
3979933601,10,986,-71,2450,-4462,-857,idle-X
3979942780,10,986,-71,2467,-4445,-875,idle-X
3979950738,10,986,-71,2467,-4445,-875,idle-X
3979962055,10,986,-71,2467,-4445,-875,idle-X
3979968181,9,986,-71,2467,-4445,-875,idle-X
3979981025,9,986,-71,2485,-4462,-875,idle-X
3979985320,9,986,-71,2485,-4462,-875,idle-X
3980000302,9,986,-71,2485,-4462,-857,idle-X
3980002458,9,986,-71,2485,-4462,-857,idle-X
3980019577,9,986,-71,2467,-4462,-875,idle-X
3980020207,9,986,-71,2467,-4462,-875,idle-X
3980037020,9,986,-71,2467,-4462,-875,idle-X
3980038567,9,986,-71,2467,-4480,-875,idle-X
3980054160,10,986,-71,2467,-4480,-875,idle-X
3980057844,10,986,-71,2467,-4462,-910,idle-X
3980071604,9,986,-71,2467,-4462,-910,idle-X
3980077119,9,986,-71,2467,-4462,-875,idle-X
3980088742,9,986,-71,2467,-4462,-875,idle-X
3980096395,9,986,-71,2485,-4462,-875,idle-X
3980105881,9,986,-72,2485,-4462,-875,idle-X
3980115366,9,986,-72,2485,-4462,-910,idle-X
3980123020,9,986,-71,2485,-4462,-910,idle-X
3980134641,9,986,-71,2485,-4462,-875,idle-X
3980140463,9,986,-71,2485,-4462,-875,idle-X
3980153917,9,986,-71,2450,-4497,-892,idle-X
3980157602,9,986,-71,2450,-4497,-892,idle-X
3980173193,9,986,-71,2467,-4480,-892,idle-X
3980174740,10,986,-71,2467,-4480,-892,idle-X
3980192164,9,986,-71,2432,-4445,-892,idle-X
3980209295,10,986,-71,2432,-4445,-892,idle-X
3980211452,10,986,-71,2485,-4445,-892,idle-X
3980226433,9,986,-71,2485,-4445,-892,idle-X
3980230729,9,986,-71,2467,-4445,-892,idle-X
3980243879,10,986,-71,2467,-4445,-892,idle-X
3980249700,10,986,-71,2450,-4462,-892,idle-X
3980261018,9,986,-71,2450,-4462,-892,idle-X
3980268976,9,986,-71,2467,-4445,-875,idle-X
3980278155,10,986,-70,2467,-4445,-875,idle-X
3980288250,10,986,-70,2502,-4480,-875,idle-X
3980295598,10,986,-71,2502,-4480,-875,idle-X
3980307526,10,986,-71,2467,-4480,-875,idle-X
3980312737,9,986,-71,2467,-4480,-875,idle-X
3980326497,9,986,-71,2450,-4497,-875,idle-X
3980329876,9,986,-71,2450,-4497,-875,idle-X
3980345774,9,986,-71,2432,-4480,-840,idle-X
3980347015,9,986,-71,2432,-4480,-840,idle-X
3980364439,10,986,-71,2432,-4480,-840,idle-X
3980365069,10,986,-71,2467,-4480,-875,idle-X
3980381579,9,986,-71,2467,-4480,-875,idle-X
3980384043,9,986,-71,2450,-4445,-857,idle-X
3980398717,9,986,-71,2450,-4445,-857,idle-X
3980403317,9,986,-71,2432,-4445,-857,idle-X
3980416160,10,986,-71,2432,-4445,-857,idle-X
3980422592,10,986,-71,2467,-4480,-892,idle-X
3980433298,9,986,-71,2467,-4480,-892,idle-X
3980441563,9,986,-71,2467,-4480,-875,idle-X
3980450438,9,986,-71,2467,-4480,-875,idle-X
3980460839,9,986,-71,2467,-4462,-875,idle-X
3980467576,9,986,-71,2467,-4462,-875,idle-X
3980480114,9,986,-71,2450,-4462,-892,idle-X
3980485019,9,985,-71,2450,-4462,-892,idle-X
3980499083,9,985,-71,2432,-4462,-875,idle-X
3980502157,9,986,-71,2432,-4462,-875,idle-X
3980518359,9,986,-71,2485,-4462,-875,idle-X
3980519296,10,986,-71,2485,-4462,-875,idle-X
3980536719,9,986,-71,2485,-4462,-875,idle-X
3980537656,9,986,-71,2485,-4445,-857,idle-X
3980553858,9,986,-72,2485,-4445,-857,idle-X
3980556931,9,986,-72,2450,-4462,-875,idle-X
3980570997,9,986,-71,2450,-4462,-875,idle-X
3980575902,9,986,-71,2467,-4462,-857,idle-X
3980588441,10,986,-70,2467,-4462,-857,idle-X
3980595178,10,986,-70,2467,-4462,-857,idle-X
3980605578,10,986,-71,2467,-4462,-857,idle-X
3980614452,10,986,-71,2467,-4480,-857,idle-X
3980622717,9,986,-71,2467,-4480,-857,idle-X
3980633424,9,986,-71,2467,-4462,-840,idle-X
3980640163,9,985,-71,2467,-4462,-840,idle-X
3980652700,9,985,-71,2502,-4462,-875,idle-X
3980657301,9,986,-72,2502,-4462,-875,idle-X
3980671976,9,986,-72,2485,-4462,-857,idle-X
3980674439,9,986,-71,2485,-4462,-857,idle-X
3980691253,9,986,-71,2485,-4462,-875,idle-X
3980691883,10,986,-71,2485,-4462,-875,idle-X
3980709000,9,986,-71,2485,-4462,-875,idle-X
3980710242,9,986,-71,2450,-4480,-892,idle-X
3980726139,10,986,-71,2450,-4480,-892,idle-X
3980729519,10,986,-71,2467,-4480,-857,idle-X
3980743277,10,986,-71,2467,-4480,-857,idle-X
3980748792,10,986,-71,2450,-4497,-875,idle-X
3980760720,9,986,-72,2450,-4497,-875,idle-X
3980767764,9,986,-72,2467,-4462,-857,idle-X
3980777860,9,986,-71,2467,-4462,-857,idle-X
3980787039,9,986,-71,2467,-4462,-892,idle-X
3980794997,9,986,-71,2467,-4462,-892,idle-X
3980806313,9,986,-71,2450,-4462,-875,idle-X
3980812440,10,986,-71,2450,-4462,-875,idle-X
3980825284,10,986,-71,2467,-4480,-875,idle-X
3980829579,10,986,-71,2467,-4480,-875,idle-X
3980844559,10,986,-71,2467,-4480,-875,idle-X
3980846717,9,986,-71,2467,-4480,-875,idle-X
3980863835,9,986,-71,2467,-4480,-857,idle-X
3980864465,9,986,-71,2467,-4480,-857,idle-X
3980881278,9,986,-71,2467,-4480,-857,idle-X
3980883130,9,986,-71,2467,-4445,-892,idle-X
3980898416,10,986,-71,2467,-4445,-892,idle-X
3980902101,10,986,-71,2467,-4462,-875,idle-X
3980915556,10,986,-71,2467,-4462,-875,idle-X
3980921376,10,986,-71,2467,-4462,-857,idle-X
3980932999,10,986,-72,2467,-4462,-857,idle-X
3980940652,10,986,-72,2467,-4480,-875,idle-X
3980950137,9,986,-71,2467,-4480,-875,idle-X
3980959622,9,986,-71,2485,-4462,-892,idle-X
3980967276,10,986,-71,2485,-4462,-892,idle-X
3980978897,10,986,-71,2467,-4462,-875,idle-X
3980984718,9,986,-71,2467,-4462,-875,idle-X
3980998172,9,986,-71,2450,-4462,-875,idle-X
3981001856,9,986,-71,2450,-4462,-875,idle-X
3981017141,9,986,-71,2450,-4480,-875,idle-X
3981018993,9,986,-71,2450,-4480,-875,idle-X
3981036416,9,986,-71,2467,-4462,-875,idle-X
3981053548,10,986,-71,2467,-4462,-875,idle-X
3981055705,10,986,-71,2467,-4462,-875,idle-X
3981070686,9,986,-71,2467,-4462,-875,idle-X
3981074981,9,986,-71,2467,-4480,-857,idle-X
3981087825,9,986,-71,2467,-4480,-857,idle-X
3981093952,9,986,-71,2502,-4445,-875,idle-X
3981105270,9,986,-71,2502,-4445,-875,idle-X
3981113229,9,986,-71,2485,-4445,-857,idle-X
3981122409,9,986,-71,2485,-4445,-857,idle-X
3981132504,9,986,-71,2467,-4480,-910,idle-X
3981139547,9,986,-71,2467,-4480,-910,idle-X
3981151474,9,986,-71,2485,-4480,-875,idle-X
3981156685,9,986,-71,2485,-4480,-875,idle-X
3981170750,9,986,-71,2485,-4497,-857,idle-X
3981174128,10,986,-71,2485,-4497,-857,idle-X
3981190025,10,986,-71,2485,-4497,-857,idle-X
3981191267,10,986,-71,2485,-4497,-857,idle-X
3981208385,9,986,-71,2485,-4497,-857,idle-X
3981209015,9,986,-71,2467,-4480,-857,idle-X
3981225829,9,986,-71,2467,-4480,-857,idle-X
3981228292,9,986,-71,2467,-4462,-857,idle-X
3981242968,10,986,-71,2467,-4462,-857,idle-X
3981247568,10,986,-71,2467,-4462,-892,idle-X
3981260107,10,986,-71,2467,-4462,-892,idle-X
3981266539,10,986,-71,2485,-4480,-857,idle-X
3981277551,10,986,-71,2485,-4480,-857,idle-X
3981285815,10,986,-71,2467,-4497,-857,idle-X
3981294691,9,986,-71,2467,-4497,-857,idle-X
3981305092,9,986,-71,2502,-4480,-892,idle-X
3981311829,9,986,-71,2502,-4480,-892,idle-X
3981324060,9,986,-71,2467,-4480,-892,idle-X
3981328965,9,986,-71,2467,-4480,-892,idle-X
3981343334,9,986,-71,2485,-4480,-857,idle-X
3981346408,10,986,-71,2485,-4480,-857,idle-X
3981362610,10,986,-71,2467,-4462,-875,idle-X
3981363546,9,986,-72,2467,-4462,-875,idle-X
3981380663,9,986,-71,2467,-4462,-875,idle-X
3981381905,9,986,-71,2467,-4462,-910,idle-X
3981398107,10,986,-71,2467,-4462,-910,idle-X
3981400875,10,986,-71,2450,-4462,-892,idle-X
3981415245,9,986,-71,2450,-4462,-892,idle-X
3981420150,9,986,-71,2467,-4480,-857,idle-X
3981432383,9,986,-71,2467,-4480,-857,idle-X
3981439425,9,986,-71,2467,-4445,-840,idle-X
3981449522,9,986,-71,2467,-4445,-840,idle-X
3981458397,9,986,-71,2485,-4462,-875,idle-X
3981466965,10,986,-71,2485,-4462,-875,idle-X
3981477671,10,986,-71,2467,-4480,-875,idle-X
3981484103,9,985,-71,2467,-4480,-875,idle-X
3981496947,9,985,-71,2450,-4462,-892,idle-X
3981501243,9,986,-72,2450,-4462,-892,idle-X
3981515918,9,986,-72,2450,-4462,-875,idle-X
3981518686,10,986,-71,2450,-4462,-875,idle-X
3981535193,10,986,-71,2432,-4462,-875,idle-X
3981535823,9,986,-71,2432,-4462,-875,idle-X
3981552942,9,986,-71,2432,-4462,-875,idle-X
3981554488,9,986,-71,2467,-4480,-875,idle-X
3981570081,9,986,-72,2467,-4480,-875,idle-X
3981573460,9,986,-72,2450,-4462,-857,idle-X
3981587525,9,986,-72,2450,-4462,-857,idle-X
3981592736,9,986,-72,2467,-4462,-892,idle-X
3981604664,10,986,-71,2467,-4462,-892,idle-X
3981612011,10,986,-71,2467,-4480,-875,idle-X
3981621803,10,986,-71,2467,-4480,-875,idle-X
3981630982,10,986,-71,2467,-4480,-892,idle-X
3981639247,10,986,-71,2467,-4480,-892,idle-X
3981650257,10,986,-71,2467,-4445,-892,idle-X
3981656384,9,986,-70,2467,-4445,-892,idle-X
3981669533,9,986,-70,2467,-4480,-875,idle-X
3981673523,10,986,-71,2467,-4480,-875,idle-X
3981688809,10,986,-71,2450,-4480,-875,idle-X
3981690662,9,986,-71,2450,-4480,-875,idle-X
3981707779,9,986,-71,2467,-4462,-857,idle-X
3981708410,9,986,-71,2467,-4462,-857,idle-X
3981725222,10,986,-71,2467,-4462,-857,idle-X
3981727074,10,986,-71,2450,-4462,-840,idle-X
3981742359,10,986,-71,2450,-4462,-840,idle-X
3981746349,10,986,-71,2467,-4462,-857,idle-X
3981759804,10,986,-71,2467,-4462,-857,idle-X
3981765320,10,986,-71,2467,-4497,-875,idle-X
3981776942,10,986,-71,2467,-4497,-875,idle-X
3981784595,10,986,-71,2485,-4497,-892,idle-X
3981794081,9,986,-71,2485,-4497,-892,idle-X
3981803870,9,986,-71,2467,-4480,-892,idle-X
3981811218,9,986,-71,2467,-4480,-892,idle-X
3981822840,9,986,-71,2467,-4480,-875,idle-X
3981828662,10,986,-71,2467,-4480,-875,idle-X
3981842116,10,986,-71,2450,-4462,-892,idle-X
3981845800,9,986,-72,2450,-4462,-892,idle-X
3981861392,9,986,-72,2485,-4480,-875,idle-X
3981862939,9,986,-71,2485,-4480,-875,idle-X
3981880362,10,986,-71,2450,-4462,-875,idle-X
3981897493,9,986,-71,2450,-4462,-875,idle-X
3981899650,9,986,-71,2485,-4462,-875,idle-X
3981914631,10,986,-72,2485,-4462,-875,idle-X
3981918926,10,986,-72,2485,-4462,-875,idle-X
3981932074,10,985,-72,2485,-4462,-875,idle-X
3981938200,10,985,-72,2502,-4462,-875,idle-X
3981949213,9,986,-71,2502,-4462,-875,idle-X
3981957173,9,986,-71,2485,-4462,-857,idle-X
3981966352,10,986,-71,2485,-4462,-857,idle-X
3981976447,10,986,-71,2467,-4462,-857,idle-X
3981983491,9,986,-71,2467,-4462,-857,idle-X
3981995723,9,986,-71,2485,-4480,-875,idle-X
3982000934,9,986,-71,2485,-4480,-875,idle-X
3982014694,9,986,-71,2467,-4462,-892,idle-X
3982018073,9,986,-71,2467,-4462,-892,idle-X
3982033969,9,986,-71,2467,-4480,-857,idle-X
3982035211,10,985,-71,2467,-4480,-857,idle-X
3982052634,10,986,-71,2467,-4480,-857,idle-X
3982053264,10,986,-71,2485,-4462,-857,idle-X
3982069773,9,986,-71,2485,-4462,-857,idle-X
3982072236,9,986,-71,2467,-4462,-857,idle-X
3982086911,10,986,-71,2467,-4462,-857,idle-X
3982091512,10,986,-71,2450,-4462,-892,idle-X
3982104050,10,986,-71,2450,-4462,-892,idle-X
3982110787,10,986,-71,2485,-4462,-875,idle-X
3982121493,10,986,-71,2485,-4462,-875,idle-X
3982129756,10,986,-71,2502,-4445,-857,idle-X
3982138630,10,986,-71,2502,-4445,-857,idle-X
3982149030,10,986,-71,2467,-4462,-857,idle-X
3982155768,10,986,-71,2467,-4462,-857,idle-X
3982168305,10,986,-71,2467,-4497,-875,idle-X
3982173212,9,986,-71,2467,-4497,-875,idle-X
3982187582,9,986,-71,2467,-4480,-892,idle-X
3982190350,9,986,-71,2467,-4480,-892,idle-X
3982206551,9,986,-71,2485,-4480,-892,idle-X
3982207488,9,986,-71,2485,-4480,-892,idle-X
3982224607,9,986,-71,2485,-4480,-892,idle-X
3982225848,9,986,-71,2485,-4480,-892,idle-X
3982242050,9,986,-71,2485,-4480,-892,idle-X
3982245122,9,986,-71,2485,-4480,-892,idle-X
3982259187,9,986,-71,2485,-4480,-892,idle-X
3982264092,9,986,-71,2467,-4480,-875,idle-X
3982276325,10,986,-71,2467,-4480,-875,idle-X
3982283368,10,986,-71,2450,-4480,-875,idle-X
3982293768,9,986,-71,2450,-4480,-875,idle-X
3982302642,9,986,-71,2467,-4462,-892,idle-X
3982310906,9,986,-71,2467,-4462,-892,idle-X
3982321611,9,986,-71,2485,-4445,-910,idle-X
3982328043,9,986,-71,2485,-4445,-910,idle-X
3982340886,9,986,-71,2467,-4445,-875,idle-X
3982345486,9,986,-71,2467,-4445,-875,idle-X
3982360163,9,986,-71,2467,-4462,-892,idle-X
3982362626,9,986,-71,2467,-4462,-892,idle-X
3982379439,9,986,-71,2450,-4462,-875,idle-X
3982380069,10,986,-72,2450,-4462,-875,idle-X
3982396883,9,986,-72,2450,-4462,-875,idle-X
3982398429,9,986,-72,2450,-4480,-892,idle-X
3982414327,9,986,-71,2450,-4480,-892,idle-X
3982417706,9,986,-71,2467,-4462,-892,idle-X
3982431466,9,986,-71,2467,-4462,-892,idle-X
3982436982,9,986,-71,2467,-4480,-875,idle-X
3982448604,9,986,-71,2467,-4480,-875,idle-X
3982455952,9,986,-71,2467,-4462,-892,idle-X
3982466048,9,986,-71,2467,-4462,-892,idle-X
3982475229,9,986,-71,2467,-4480,-875,idle-X
3982483187,9,986,-71,2467,-4480,-875,idle-X
3982494504,9,986,-71,2467,-4497,-857,idle-X
3982500325,9,986,-72,2467,-4497,-857,idle-X
3982513473,9,986,-72,2450,-4480,-857,idle-X
3982517462,9,986,-71,2450,-4480,-857,idle-X
3982532748,9,986,-71,2467,-4462,-875,idle-X
3982534906,9,986,-71,2467,-4462,-875,idle-X
3982552024,10,986,-71,2450,-4462,-857,idle-X
3982569154,9,986,-71,2450,-4462,-857,idle-X
3982571007,9,986,-71,2485,-4445,-857,idle-X
3982586599,10,986,-71,2485,-4445,-857,idle-X
3982590283,10,986,-71,2467,-4445,-857,idle-X
3982603737,10,986,-71,2467,-4445,-857,idle-X
3982609559,10,986,-71,2485,-4462,-857,idle-X
3982620877,10,986,-71,2485,-4462,-857,idle-X
3982628836,10,986,-71,2467,-4480,-840,idle-X
3982638321,10,986,-71,2467,-4480,-840,idle-X
3982647806,10,986,-71,2467,-4427,-892,idle-X
3982655458,10,986,-71,2467,-4427,-892,idle-X
3982667082,10,986,-71,2485,-4462,-910,idle-X
3982672598,9,986,-71,2485,-4462,-910,idle-X
3982686357,9,986,-71,2450,-4445,-910,idle-X
3982689736,9,986,-71,2450,-4445,-910,idle-X
3982705327,9,986,-71,2450,-4445,-892,idle-X
3982707180,10,986,-71,2450,-4445,-892,idle-X
3982724298,9,986,-71,2467,-4480,-875,idle-X
3982741429,9,986,-71,2467,-4480,-875,idle-X
3982743892,9,986,-71,2485,-4462,-892,idle-X
3982758872,9,986,-71,2485,-4462,-892,idle-X
3982762861,9,986,-71,2467,-4480,-857,idle-X
3982776011,9,986,-71,2467,-4480,-857,idle-X
3982782137,9,986,-71,2485,-4462,-892,idle-X
3982793149,9,986,-71,2485,-4462,-892,idle-X
3982801413,9,986,-71,2485,-4462,-892,idle-X
3982810288,9,986,-71,2485,-4462,-892,idle-X
3982820383,9,986,-71,2467,-4480,-875,idle-X
3982827730,10,986,-71,2467,-4480,-875,idle-X
3982839658,10,986,-71,2450,-4462,-857,idle-X
3982844869,10,986,-71,2450,-4462,-857,idle-X
3982858934,10,986,-71,2467,-4462,-892,idle-X
3982862007,10,986,-72,2467,-4462,-892,idle-X
3982878210,10,986,-72,2450,-4480,-875,idle-X
3982879451,10,986,-71,2450,-4480,-875,idle-X
3982896568,9,986,-70,2450,-4480,-875,idle-X
3982897199,9,986,-70,2450,-4462,-875,idle-X
3982913707,9,986,-71,2450,-4462,-875,idle-X
3982916476,9,986,-71,2467,-4445,-875,idle-X
3982930847,9,986,-71,2467,-4445,-875,idle-X
3982935752,9,986,-71,2415,-4480,-857,idle-X
3982948290,9,986,-71,2415,-4480,-857,idle-X
3982954722,9,986,-71,2432,-4427,-875,idle-X
3982965428,10,986,-72,2432,-4427,-875,idle-X
3982973998,10,986,-72,2450,-4462,-875,idle-X
3982982567,10,986,-71,2450,-4462,-875,idle-X
3982993273,10,986,-71,2467,-4462,-875,idle-X
3983000011,10,986,-71,2467,-4462,-875,idle-X
3983012244,10,986,-71,2485,-4480,-875,idle-X
3983017150,9,986,-71,2485,-4480,-875,idle-X
3983031520,9,986,-71,2485,-4462,-875,idle-X
3983034288,9,986,-71,2485,-4462,-875,idle-X
3983050795,9,986,-71,2502,-4462,-892,idle-X
3983051425,9,986,-72,2502,-4462,-892,idle-X
3983068850,9,986,-71,2502,-4462,-892,idle-X
3983069786,9,986,-71,2502,-4445,-892,idle-X
3983085988,9,986,-71,2502,-4445,-892,idle-X
3983089061,9,986,-71,2502,-4462,-875,idle-X
3983103124,10,986,-71,2502,-4462,-875,idle-X
3983108335,10,986,-71,2467,-4445,-875,idle-X
3983120567,10,986,-71,2467,-4445,-875,idle-X
3983127305,10,986,-71,2450,-4462,-892,idle-X
3983137707,10,986,-71,2450,-4462,-892,idle-X
3983146581,10,986,-71,2450,-4462,-892,idle-X
3983154844,10,986,-72,2450,-4462,-892,idle-X
3983165855,10,986,-72,2485,-4427,-892,idle-X
3983171982,9,986,-71,2485,-4427,-892,idle-X
3983184825,9,986,-71,2467,-4480,-892,idle-X
3983189425,9,986,-71,2467,-4480,-892,idle-X
3983204102,9,986,-71,2450,-4480,-857,idle-X
3983206565,9,986,-71,2450,-4480,-857,idle-X
3983223377,9,986,-71,2467,-4480,-875,idle-X
3983224007,9,986,-71,2467,-4480,-875,idle-X
3983241126,10,986,-71,2467,-4480,-875,idle-X
3983242673,10,986,-71,2432,-4462,-857,idle-X
3983258265,10,986,-71,2432,-4462,-857,idle-X
3983261644,10,986,-71,2467,-4445,-892,idle-X
3983275404,9,986,-71,2467,-4445,-892,idle-X
3983280920,9,986,-71,2467,-4462,-892,idle-X
3983292542,9,986,-71,2467,-4462,-892,idle-X
3983300195,9,986,-71,2432,-4462,-875,idle-X
3983309985,9,986,-71,2432,-4462,-875,idle-X
3983319166,9,986,-71,2450,-4480,-857,idle-X
3983327125,9,986,-71,2450,-4480,-857,idle-X
3983338442,9,986,-71,2467,-4462,-892,idle-X
3983344264,9,986,-71,2467,-4462,-892,idle-X
3983357718,9,986,-71,2450,-4462,-875,idle-X
3983361709,9,986,-71,2450,-4462,-875,idle-X
3983376690,9,986,-71,2450,-4462,-857,idle-X
3983378847,9,986,-71,2450,-4462,-857,idle-X
3983395966,9,986,-71,2485,-4462,-857,idle-X
3983413097,10,986,-71,2485,-4462,-857,idle-X
3983415255,10,986,-71,2467,-4462,-857,idle-X
3983430541,9,986,-71,2467,-4462,-857,idle-X
3983434225,9,986,-71,2485,-4462,-857,idle-X
3983447679,9,986,-72,2485,-4462,-857,idle-X
3983453501,9,986,-72,2467,-4462,-857,idle-X
3983464819,9,986,-71,2467,-4462,-857,idle-X
3983472778,9,986,-71,2467,-4462,-875,idle-X
3983482263,9,986,-71,2467,-4462,-875,idle-X
3983492053,9,986,-71,2450,-4462,-857,idle-X
3983499400,9,986,-71,2450,-4462,-857,idle-X
3983511023,9,986,-71,2450,-4462,-892,idle-X
3983516540,10,986,-71,2450,-4462,-892,idle-X
3983530299,10,986,-71,2467,-4480,-892,idle-X
3983533678,9,986,-71,2467,-4480,-892,idle-X
3983549575,9,986,-71,2485,-4480,-892,idle-X
3983551122,10,986,-71,2485,-4480,-892,idle-X
3983568240,9,986,-70,2467,-4462,-892,idle-X
3983585372,9,986,-71,2467,-4462,-892,idle-X
3983587835,9,986,-71,2485,-4427,-875,idle-X
3983602816,9,986,-71,2485,-4427,-875,idle-X
3983607111,9,986,-71,2467,-4480,-892,idle-X
3983619954,10,986,-71,2467,-4480,-892,idle-X
3983626081,10,986,-71,2432,-4480,-875,idle-X
3983637092,9,986,-71,2432,-4480,-875,idle-X
3983645355,9,986,-71,2450,-4462,-857,idle-X
3983654231,9,986,-71,2450,-4462,-857,idle-X
3983664632,9,986,-71,2467,-4462,-857,idle-X
3983671675,9,986,-71,2467,-4462,-857,idle-X
3983683603,9,986,-71,2467,-4462,-875,idle-X
3983688814,9,986,-71,2467,-4462,-875,idle-X
3983702879,9,986,-71,2450,-4480,-892,idle-X
3983705952,9,986,-71,2450,-4480,-892,idle-X
3983722155,9,986,-71,2467,-4480,-910,idle-X
3983723396,10,986,-71,2467,-4480,-910,idle-X
3983740514,10,986,-71,2467,-4480,-910,idle-X
3983741450,10,986,-71,2450,-4462,-840,idle-X
3983757652,9,986,-71,2450,-4462,-840,idle-X
3983760420,9,986,-71,2485,-4462,-875,idle-X
3983775097,9,986,-71,2485,-4462,-875,idle-X
3983779698,9,986,-71,2485,-4462,-892,idle-X
3983792237,10,986,-72,2485,-4462,-892,idle-X
3983798973,10,986,-72,2485,-4480,-892,idle-X
3983809373,9,986,-71,2485,-4480,-892,idle-X
3983817942,9,986,-71,2485,-4480,-910,idle-X
3983826511,9,985,-71,2485,-4480,-910,idle-X
3983837218,9,985,-71,2432,-4497,-892,idle-X
3983843956,9,986,-71,2432,-4497,-892,idle-X
3983856495,9,986,-71,2450,-4497,-875,idle-X
3983861095,9,986,-71,2450,-4497,-875,idle-X
3983875464,9,986,-71,2432,-4462,-892,idle-X
3983878233,10,986,-71,2432,-4462,-892,idle-X
3983894740,10,986,-71,2450,-4480,-892,idle-X
3983895677,10,986,-72,2450,-4480,-892,idle-X
3983912796,9,986,-72,2450,-4480,-892,idle-X
3983914037,9,986,-72,2467,-4480,-840,idle-X
3983929934,9,986,-71,2467,-4480,-840,idle-X
3983933008,9,986,-71,2450,-4445,-857,idle-X
3983947072,9,986,-71,2450,-4445,-857,idle-X
3983952283,9,986,-71,2450,-4480,-857,idle-X
3983964515,9,986,-71,2450,-4480,-857,idle-X
3983971558,9,986,-71,2450,-4462,-857,idle-X
3983981654,9,986,-71,2450,-4462,-857,idle-X
3983990835,9,986,-71,2467,-4462,-857,idle-X
3983998793,9,986,-72,2467,-4462,-857,idle-X
3984009805,9,986,-72,2467,-4462,-875,idle-X
3984016237,9,986,-71,2467,-4462,-875,idle-X
3984029081,9,986,-71,2467,-4427,-857,idle-X
3984033375,9,986,-71,2467,-4427,-857,idle-X
3984048356,9,986,-71,2467,-4480,-892,idle-X
3984050513,10,986,-71,2467,-4480,-892,idle-X
3984067326,10,986,-71,2467,-4480,-875,idle-X
3984067956,9,986,-72,2467,-4480,-875,idle-X
3984085075,10,986,-71,2467,-4480,-875,idle-X
3984086622,10,986,-71,2467,-4462,-875,idle-X
3984102214,9,986,-71,2467,-4462,-875,idle-X
3984105899,9,986,-71,2467,-4462,-892,idle-X
3984119353,9,986,-72,2467,-4462,-892,idle-X
3984124870,9,986,-72,2450,-4462,-892,idle-X
3984136797,10,986,-71,2450,-4462,-892,idle-X
3984144144,10,986,-71,2450,-4462,-892,idle-X
3984153934,10,986,-71,2450,-4462,-892,idle-X
3984163419,10,986,-71,2432,-4480,-875,idle-X
3984171071,9,985,-71,2432,-4480,-875,idle-X
3984182695,9,985,-71,2450,-4462,-857,idle-X
3984188516,10,986,-71,2450,-4462,-857,idle-X
3984201665,10,986,-71,2467,-4480,-857,idle-X
3984205654,10,986,-71,2467,-4480,-857,idle-X
3984220940,10,986,-71,2485,-4480,-892,idle-X
3984222792,10,986,-71,2485,-4480,-892,idle-X
3984240216,10,986,-71,2485,-4445,-892,idle-X
3984257347,9,986,-71,2485,-4445,-892,idle-X
3984259200,9,986,-71,2485,-4480,-857,idle-X
3984274486,9,986,-71,2485,-4480,-857,idle-X
3984278475,9,986,-71,2467,-4480,-857,idle-X
3984291625,9,986,-71,2467,-4480,-857,idle-X
3984297752,9,986,-71,2432,-4480,-892,idle-X
3984309069,9,986,-71,2432,-4480,-892,idle-X
3984316723,9,986,-71,2450,-4480,-892,idle-X
3984326208,10,986,-71,2450,-4480,-892,idle-X
3984335998,10,986,-71,2467,-4497,-875,idle-X
3984343347,10,986,-71,2467,-4497,-875,idle-X
3984355274,10,986,-71,2485,-4480,-875,idle-X
3984360789,10,986,-71,2485,-4480,-875,idle-X
3984374550,10,986,-71,2467,-4462,-892,idle-X
3984377929,9,986,-71,2467,-4462,-892,idle-X
3984393520,9,986,-71,2467,-4480,-910,idle-X
3984395068,10,986,-71,2467,-4480,-910,idle-X
3984412186,9,986,-71,2467,-4480,-910,idle-X
3984412816,9,986,-71,2467,-4480,-875,idle-X
3984429629,9,986,-71,2467,-4480,-875,idle-X
3984432092,9,986,-71,2450,-4462,-875,idle-X
3984446768,9,986,-71,2450,-4462,-875,idle-X
3984451063,9,986,-71,2450,-4445,-892,idle-X
3984463907,9,986,-71,2450,-4445,-892,idle-X
3984470339,9,986,-71,2467,-4445,-857,idle-X
3984481351,10,986,-71,2467,-4445,-857,idle-X
3984489614,10,986,-71,2467,-4497,-875,idle-X
3984498489,10,986,-71,2467,-4497,-875,idle-X
3984508584,10,986,-71,2432,-4462,-875,idle-X
3984515627,9,986,-72,2432,-4462,-875,idle-X
3984527859,9,986,-72,2450,-4480,-875,idle-X
3984533070,10,986,-71,2450,-4480,-875,idle-X
3984547134,10,986,-71,2485,-4462,-910,idle-X
3984550208,10,986,-71,2485,-4462,-910,idle-X
3984566411,10,986,-71,2502,-4462,-892,idle-X
3984567347,9,985,-71,2502,-4462,-892,idle-X
3984584465,9,986,-71,2502,-4462,-892,idle-X
3984585402,9,986,-71,2467,-4480,-875,idle-X
3984601909,9,986,-71,2467,-4480,-875,idle-X
3984604677,9,986,-71,2467,-4497,-857,idle-X
3984619046,10,986,-71,2467,-4497,-857,idle-X
3984623952,10,986,-71,2502,-4462,-875,idle-X
3984636185,9,986,-71,2502,-4462,-875,idle-X
3984642923,9,986,-71,2485,-4462,-875,idle-X
3984653628,9,986,-71,2485,-4462,-875,idle-X
3984662197,9,986,-71,2450,-4462,-892,idle-X
3984670766,9,986,-71,2450,-4462,-892,idle-X
3984681472,9,986,-71,2450,-4480,-910,idle-X
3984687905,9,985,-71,2450,-4480,-910,idle-X
3984700749,9,985,-71,2450,-4480,-875,idle-X
3984705349,9,986,-71,2450,-4480,-875,idle-X
3984719719,9,986,-71,2467,-4480,-910,idle-X
3984722487,9,986,-71,2467,-4480,-910,idle-X
3984738995,9,986,-71,2450,-4497,-857,idle-X
3984739625,9,986,-71,2450,-4497,-857,idle-X
3984756742,10,986,-71,2450,-4497,-857,idle-X
3984758289,10,986,-71,2450,-4462,-875,idle-X
3984774187,10,986,-72,2450,-4462,-875,idle-X
3984777261,10,986,-72,2467,-4462,-875,idle-X
3984791325,10,986,-71,2467,-4462,-875,idle-X
3984796535,10,986,-71,2485,-4462,-875,idle-X
3984808463,10,986,-72,2485,-4462,-875,idle-X
3984815811,10,986,-72,2467,-4462,-875,idle-X
3984825907,10,986,-71,2467,-4462,-875,idle-X
3984834782,10,986,-71,2450,-4462,-892,idle-X
3984843046,10,986,-71,2450,-4462,-892,idle-X
3984854057,10,986,-71,2450,-4480,-892,idle-X
3984860183,10,986,-70,2450,-4480,-892,idle-X
3984873332,10,986,-70,2485,-4462,-892,idle-X
3984877627,9,986,-71,2485,-4462,-892,idle-X
3984892608,9,986,-71,2467,-4462,-892,idle-X
3984894765,9,986,-71,2467,-4462,-892,idle-X
3984911579,9,986,-71,2485,-4480,-892,idle-X
3984912209,9,986,-71,2485,-4480,-892,idle-X
3984929326,9,986,-71,2485,-4480,-892,idle-X
3984930873,9,986,-71,2485,-4445,-875,idle-X
3984946464,9,986,-71,2485,-4445,-875,idle-X
3984950149,9,986,-71,2502,-4445,-875,idle-X
3984963603,10,986,-71,2502,-4445,-875,idle-X
3984969119,10,986,-71,2467,-4480,-875,idle-X
3984980741,9,986,-71,2467,-4480,-875,idle-X
3984988395,9,986,-71,2467,-4462,-857,idle-X
3984998186,9,986,-71,2467,-4462,-857,idle-X
3985007670,9,986,-71,2467,-4462,-857,idle-X
3985015323,9,986,-71,2467,-4462,-857,idle-X
3985026640,9,986,-71,2485,-4480,-875,idle-X
3985032462,9,986,-71,2485,-4480,-875,idle-X
3985045916,9,986,-71,2467,-4462,-892,idle-X
3985049906,10,986,-71,2467,-4462,-892,idle-X
3985065192,10,986,-71,2467,-4480,-875,idle-X
3985067045,9,986,-71,2467,-4480,-875,idle-X
3985084163,9,986,-70,2467,-4462,-875,idle-X
3985101600,10,986,-71,2467,-4462,-875,idle-X
3985103453,10,986,-71,2485,-4445,-892,idle-X
3985118741,9,986,-71,2485,-4445,-892,idle-X
3985122730,9,986,-71,2485,-4480,-875,idle-X
3985135880,9,986,-71,2485,-4480,-875,idle-X
3985142007,9,986,-71,2485,-4480,-892,idle-X
3985153018,9,986,-72,2485,-4480,-892,idle-X
3985160977,9,986,-72,2450,-4497,-892,idle-X
3985170463,9,986,-71,2450,-4497,-892,idle-X
3985180253,9,986,-71,2450,-4445,-892,idle-X
3985187601,9,986,-71,2450,-4445,-892,idle-X
3985199527,9,986,-71,2485,-4445,-875,idle-X
3985204738,9,986,-72,2485,-4445,-875,idle-X
3985218498,9,986,-72,2467,-4445,-892,idle-X
3985222182,9,986,-71,2467,-4445,-892,idle-X
3985237775,9,986,-71,2467,-4445,-892,idle-X
3985239322,10,986,-71,2467,-4445,-892,idle-X
3985256440,9,986,-71,2467,-4445,-892,idle-X
3985257070,9,986,-71,2485,-4462,-857,idle-X
3985273884,10,986,-71,2485,-4462,-857,idle-X
3985276347,10,986,-71,2485,-4480,-857,idle-X
3985291023,10,986,-71,2485,-4480,-857,idle-X
3985295318,10,986,-71,2467,-4445,-875,idle-X
3985308162,10,986,-71,2467,-4445,-875,idle-X
3985314593,10,986,-71,2485,-4445,-875,idle-X
3985325300,10,986,-71,2485,-4445,-875,idle-X
3985333869,10,986,-71,2450,-4445,-857,idle-X
3985342743,10,986,-71,2450,-4445,-857,idle-X
3985352839,10,986,-71,2432,-4480,-840,idle-X
3985359882,9,986,-71,2432,-4480,-840,idle-X
3985372114,9,986,-71,2450,-4462,-857,idle-X
3985377019,10,986,-71,2450,-4462,-857,idle-X
3985391389,10,986,-71,2450,-4480,-840,idle-X
3985394462,10,986,-72,2450,-4480,-840,idle-X
3985410664,10,986,-72,2467,-4480,-892,idle-X
3985411600,10,986,-71,2467,-4480,-892,idle-X
3985428720,9,985,-71,2467,-4480,-892,idle-X
3985429656,9,985,-71,2485,-4480,-892,idle-X
3985446163,10,985,-71,2485,-4480,-892,idle-X
3985448932,10,985,-71,2485,-4480,-927,idle-X
3985463302,9,986,-71,2485,-4480,-927,idle-X
3985468207,9,986,-71,2432,-4480,-875,idle-X
3985480440,9,985,-71,2432,-4480,-875,idle-X
3985487178,9,985,-71,2450,-4462,-892,idle-X
3985497579,9,986,-72,2450,-4462,-892,idle-X
3985506453,9,986,-72,2467,-4462,-910,idle-X
3985515023,9,986,-71,2467,-4462,-910,idle-X
3985525728,9,986,-71,2467,-4462,-892,idle-X
3985532161,9,986,-71,2467,-4462,-892,idle-X
3985545005,9,986,-71,2450,-4497,-875,idle-X
3985549300,9,986,-72,2450,-4497,-875,idle-X
3985563976,9,986,-72,2450,-4480,-875,idle-X
3985566744,10,986,-71,2450,-4480,-875,idle-X
3985583252,10,986,-71,2450,-4445,-892,idle-X
3985583882,10,986,-71,2450,-4445,-892,idle-X
3985600999,9,986,-71,2450,-4445,-892,idle-X
3985602546,9,986,-71,2467,-4462,-857,idle-X
3985618442,10,986,-72,2467,-4462,-857,idle-X
3985621517,10,986,-72,2467,-4480,-875,idle-X
3985635582,9,986,-71,2467,-4480,-875,idle-X
3985640792,9,986,-71,2450,-4445,-875,idle-X
3985652720,9,986,-71,2450,-4445,-875,idle-X
3985660068,9,986,-71,2467,-4445,-892,idle-X
3985670164,10,986,-71,2467,-4445,-892,idle-X
3985679038,10,986,-71,2485,-4445,-875,idle-X
3985687302,9,986,-71,2485,-4445,-875,idle-X
3985698314,9,986,-71,2467,-4462,-857,idle-X
3985704440,9,986,-71,2467,-4462,-857,idle-X
3985717590,9,986,-71,2467,-4462,-840,idle-X
3985721884,10,986,-71,2467,-4462,-840,idle-X
3985736864,10,986,-71,2467,-4480,-857,idle-X
3985739022,9,986,-71,2467,-4480,-857,idle-X
3985755836,9,986,-71,2467,-4480,-840,idle-X
3985756466,10,986,-71,2467,-4480,-840,idle-X
3985773278,9,986,-71,2467,-4480,-840,idle-X
3985775129,9,986,-71,2485,-4497,-857,idle-X
3985790721,10,986,-71,2485,-4497,-857,idle-X
3985794405,10,986,-71,2467,-4462,-875,idle-X
3985807860,9,986,-71,2467,-4462,-875,idle-X
3985813376,9,986,-71,2467,-4462,-875,idle-X
3985825000,9,986,-71,2467,-4462,-875,idle-X
3985832653,9,986,-71,2467,-4462,-875,idle-X
3985842443,10,986,-71,2467,-4462,-875,idle-X
3985851929,10,986,-71,2467,-4462,-857,idle-X
3985859581,10,986,-71,2467,-4462,-857,idle-X
3985871204,10,986,-71,2467,-4480,-875,idle-X
3985876720,10,986,-71,2467,-4480,-875,idle-X
3985890175,10,986,-71,2467,-4480,-875,idle-X
3985894165,9,986,-71,2467,-4480,-875,idle-X
3985909451,9,986,-71,2467,-4462,-892,idle-X
3985911303,10,985,-70,2467,-4462,-892,idle-X
3985928420,9,986,-71,2485,-4445,-892,idle-X
3985945857,10,986,-71,2485,-4445,-892,idle-X
3985947709,10,986,-71,2467,-4462,-892,idle-X
3985962995,9,986,-71,2467,-4462,-892,idle-X
3985966984,9,986,-71,2485,-4462,-875,idle-X
3985980133,9,986,-71,2485,-4462,-875,idle-X
3985986259,9,986,-71,2467,-4462,-857,idle-X
3985997271,9,986,-71,2467,-4462,-857,idle-X
3986005535,9,986,-71,2502,-4462,-875,idle-X
3986014716,9,986,-71,2502,-4462,-875,idle-X
3986024507,9,986,-71,2467,-4462,-875,idle-X
3986031856,9,986,-71,2467,-4462,-875,idle-X
3986043783,9,986,-71,2467,-4480,-892,idle-X
3986048994,9,986,-71,2467,-4480,-892,idle-X
3986063057,9,986,-71,2467,-4480,-892,idle-X
3986066436,10,986,-71,2467,-4480,-892,idle-X
3986082029,10,986,-71,2450,-4462,-892,idle-X
3986083576,9,986,-71,2450,-4462,-892,idle-X
3986100693,10,986,-71,2450,-4462,-892,idle-X
3986101324,10,986,-71,2485,-4497,-857,idle-X
3986117831,9,986,-72,2485,-4497,-857,idle-X
3986120600,9,986,-72,2467,-4445,-875,idle-X
3986135275,9,986,-71,2467,-4445,-875,idle-X
3986139569,9,986,-71,2485,-4497,-857,idle-X
3986152414,9,986,-71,2485,-4497,-857,idle-X
3986158846,9,986,-71,2485,-4462,-857,idle-X
3986169553,10,985,-71,2485,-4462,-857,idle-X
3986178123,10,985,-71,2450,-4427,-857,idle-X
3986186997,9,986,-72,2450,-4427,-857,idle-X
3986197092,9,986,-72,2467,-4462,-857,idle-X
3986204134,9,986,-72,2467,-4462,-857,idle-X
3986216367,9,986,-72,2485,-4480,-910,idle-X
3986221272,9,986,-71,2485,-4480,-910,idle-X
3986235641,9,986,-71,2467,-4462,-875,idle-X
3986238715,10,986,-71,2467,-4462,-875,idle-X
3986254917,10,986,-71,2450,-4462,-857,idle-X
3986255853,10,986,-71,2450,-4462,-857,idle-X
3986272971,10,986,-72,2450,-4462,-857,idle-X
3986273908,10,986,-72,2485,-4462,-875,idle-X
3986290110,9,986,-71,2485,-4462,-875,idle-X
3986293183,9,986,-71,2485,-4445,-910,idle-X
3986307552,10,986,-71,2485,-4445,-910,idle-X
3986312458,10,986,-71,2450,-4445,-875,idle-X
3986324691,9,986,-71,2450,-4445,-875,idle-X
3986331429,9,986,-71,2450,-4462,-857,idle-X
3986341830,9,986,-72,2450,-4462,-857,idle-X
3986350704,9,986,-72,2450,-4462,-857,idle-X
3986359273,10,986,-71,2450,-4462,-857,idle-X
3986369979,10,986,-71,2467,-4462,-875,idle-X
3986376412,9,986,-72,2467,-4462,-875,idle-X
3986389255,9,986,-72,2467,-4462,-857,idle-X
3986393551,9,986,-71,2467,-4462,-857,idle-X
3986408227,9,986,-71,2467,-4480,-875,idle-X
3986410996,9,986,-71,2467,-4480,-875,idle-X
3986427503,9,986,-71,2467,-4462,-875,idle-X
3986428133,10,986,-71,2467,-4462,-875,idle-X
3986445250,9,986,-72,2467,-4462,-875,idle-X
3986446797,9,986,-72,2450,-4480,-857,idle-X
3986462694,9,986,-71,2450,-4480,-857,idle-X
3986465768,9,986,-71,2485,-4462,-892,idle-X
3986479834,9,986,-71,2485,-4462,-892,idle-X
3986485044,9,986,-71,2485,-4462,-892,idle-X
3986496971,9,986,-71,2485,-4462,-892,idle-X
3986504318,9,986,-71,2485,-4480,-875,idle-X
3986514109,9,986,-71,2485,-4480,-875,idle-X
3986523289,9,986,-71,2485,-4480,-857,idle-X
3986531553,9,986,-71,2485,-4480,-857,idle-X
3986542565,9,986,-71,2485,-4480,-875,idle-X
3986548692,9,986,-71,2485,-4480,-875,idle-X
3986561840,9,986,-71,2467,-4462,-857,idle-X
3986565829,9,986,-71,2467,-4462,-857,idle-X
3986581115,9,986,-71,2450,-4480,-892,idle-X
3986583271,9,985,-71,2450,-4480,-892,idle-X
3986600083,9,985,-71,2485,-4497,-857,idle-X
3986600713,10,985,-71,2485,-4497,-857,idle-X
3986617526,9,985,-71,2485,-4497,-857,idle-X
3986619379,9,985,-71,2485,-4427,-875,idle-X
3986634970,10,986,-72,2485,-4427,-875,idle-X
3986638653,10,986,-72,2485,-4462,-892,idle-X
3986652107,9,986,-71,2485,-4462,-892,idle-X
3986657623,9,986,-71,2467,-4462,-892,idle-X
3986669245,9,986,-71,2467,-4462,-892,idle-X
3986676899,9,986,-71,2450,-4462,-875,idle-X
3986686384,10,986,-71,2450,-4462,-875,idle-X
3986696174,10,986,-71,2467,-4462,-875,idle-X
3986703827,9,986,-71,2467,-4462,-875,idle-X
3986715449,9,986,-71,2450,-4445,-857,idle-X
3986720965,9,986,-71,2450,-4445,-857,idle-X
3986734420,9,986,-71,2467,-4410,-857,idle-X
3986738104,9,986,-72,2467,-4410,-857,idle-X
3986753695,9,986,-72,2432,-4462,-857,idle-X
3986755548,10,986,-71,2432,-4462,-857,idle-X
3986772665,10,986,-71,2485,-4480,-875,idle-X
3986789796,10,986,-71,2485,-4480,-875,idle-X
3986791953,10,986,-71,2502,-4480,-857,idle-X
3986807240,9,986,-71,2502,-4480,-857,idle-X
3986811229,9,986,-71,2502,-4462,-857,idle-X
3986824377,9,986,-71,2502,-4462,-857,idle-X
3986830504,9,986,-71,2485,-4427,-875,idle-X
3986841517,10,986,-71,2485,-4427,-875,idle-X
3986849476,10,986,-71,2467,-4445,-875,idle-X
3986858656,10,986,-71,2467,-4445,-875,idle-X
3986868752,10,986,-71,2450,-4462,-840,idle-X
3986876100,9,986,-71,2450,-4462,-840,idle-X
3986888027,9,986,-71,2450,-4462,-857,idle-X
3986893238,9,986,-72,2450,-4462,-857,idle-X
3986907303,9,986,-72,2467,-4480,-875,idle-X
3986910376,9,986,-71,2467,-4480,-875,idle-X
3986926273,9,986,-71,2467,-4462,-892,idle-X
3986927820,9,986,-71,2467,-4462,-892,idle-X
3986944938,10,986,-71,2467,-4462,-892,idle-X
3986945568,10,986,-71,2485,-4445,-892,idle-X
3986962076,9,986,-71,2485,-4445,-892,idle-X
3986964845,9,986,-71,2485,-4462,-857,idle-X
3986979215,9,986,-71,2485,-4462,-857,idle-X
3986983815,9,986,-71,2485,-4462,-840,idle-X
3986996659,9,986,-71,2485,-4462,-840,idle-X
3987003091,9,986,-71,2450,-4462,-857,idle-X
3987013797,10,986,-71,2450,-4462,-857,idle-X
3987022365,10,986,-71,2450,-4462,-875,idle-X
3987030934,9,986,-72,2450,-4462,-875,idle-X
3987041335,9,986,-72,2467,-4462,-875,idle-X
3987048377,9,986,-71,2467,-4462,-875,idle-X
3987060611,9,986,-71,2467,-4462,-875,idle-X
3987065516,9,986,-70,2467,-4462,-875,idle-X
3987079887,9,986,-70,2467,-4462,-857,idle-X
3987082654,10,986,-71,2467,-4462,-857,idle-X
3987098856,10,986,-71,2467,-4480,-892,idle-X
3987099793,9,986,-71,2467,-4480,-892,idle-X
3987117216,10,986,-71,2467,-4480,-892,idle-X
3987118153,10,986,-71,2450,-4480,-875,idle-X
3987134355,9,986,-71,2450,-4480,-875,idle-X
3987137429,9,986,-71,2450,-4462,-892,idle-X
3987151495,9,986,-71,2450,-4462,-892,idle-X
3987156401,9,986,-71,2485,-4480,-875,idle-X
3987168939,10,986,-71,2485,-4480,-875,idle-X
3987175676,10,986,-71,2467,-4480,-875,idle-X
3987186078,9,986,-71,2467,-4480,-875,idle-X
3987194953,9,986,-71,2450,-4480,-875,idle-X
3987203217,9,985,-71,2450,-4480,-875,idle-X
3987213923,9,985,-71,2485,-4497,-875,idle-X
3987220355,9,986,-71,2485,-4497,-875,idle-X
3987233198,9,986,-71,2485,-4480,-875,idle-X
3987237798,10,986,-72,2485,-4480,-875,idle-X
3987252473,10,986,-72,2467,-4462,-875,idle-X
3987254936,10,986,-71,2467,-4462,-875,idle-X
3987271749,10,986,-71,2450,-4445,-892,idle-X
3987272379,9,986,-71,2450,-4445,-892,idle-X
3987289498,9,986,-71,2450,-4445,-892,idle-X
3987290741,9,986,-71,2467,-4462,-892,idle-X
3987306637,9,986,-71,2467,-4462,-892,idle-X
3987310016,9,986,-71,2467,-4462,-875,idle-X
3987323776,9,986,-71,2467,-4462,-875,idle-X
3987329292,9,986,-71,2467,-4445,-910,idle-X
3987341219,9,986,-72,2467,-4445,-910,idle-X
3987348567,9,986,-72,2467,-4462,-875,idle-X
3987358358,9,986,-71,2467,-4462,-875,idle-X
3987367537,9,986,-71,2450,-4497,-875,idle-X
3987375496,10,986,-71,2450,-4497,-875,idle-X
3987386813,10,986,-71,2450,-4462,-875,idle-X
3987392941,10,986,-71,2450,-4462,-875,idle-X
3987406090,10,986,-71,2432,-4480,-875,idle-X
3987410079,9,986,-71,2432,-4480,-875,idle-X
3987425059,9,986,-71,2432,-4480,-857,idle-X
3987427217,9,986,-71,2432,-4480,-857,idle-X
3987444334,9,986,-71,2502,-4445,-875,idle-X
3987444964,10,986,-72,2502,-4445,-875,idle-X
3987461777,10,986,-71,2502,-4445,-875,idle-X
3987463629,10,986,-71,2467,-4445,-857,idle-X
3987478915,9,986,-71,2467,-4445,-857,idle-X
3987482600,9,986,-71,2485,-4462,-857,idle-X
3987496054,9,986,-71,2485,-4462,-857,idle-X
3987501876,9,986,-71,2450,-4462,-857,idle-X
3987513497,10,986,-71,2450,-4462,-857,idle-X
3987521150,10,986,-71,2432,-4480,-857,idle-X
3987530636,10,986,-71,2432,-4480,-857,idle-X
3987540426,10,986,-71,2450,-4462,-892,idle-X
3987547775,9,986,-71,2450,-4462,-892,idle-X
3987559397,9,986,-71,2467,-4462,-892,idle-X
3987565218,10,986,-71,2467,-4462,-892,idle-X
3987578671,10,986,-71,2485,-4462,-892,idle-X
3987582355,9,986,-71,2485,-4462,-892,idle-X
3987597946,9,986,-71,2450,-4445,-857,idle-X
3987599493,9,986,-71,2450,-4445,-857,idle-X
3987616915,9,986,-71,2467,-4480,-892,idle-X
3987634046,9,986,-71,2467,-4480,-892,idle-X
3987636203,9,986,-71,2432,-4480,-892,idle-X
3987651184,9,986,-72,2432,-4480,-892,idle-X
3987655479,9,986,-72,2450,-4462,-875,idle-X
3987668628,9,986,-71,2450,-4462,-875,idle-X
3987674754,9,986,-71,2450,-4480,-857,idle-X
3987685765,9,986,-71,2450,-4480,-857,idle-X
3987693724,9,986,-71,2432,-4480,-840,idle-X
3987702903,9,986,-71,2432,-4480,-840,idle-X
3987712999,9,986,-71,2485,-4480,-857,idle-X
3987720042,10,986,-71,2485,-4480,-857,idle-X
3987732275,10,986,-71,2485,-4445,-857,idle-X
3987737486,9,986,-71,2485,-4445,-857,idle-X
3987751245,9,986,-71,2450,-4445,-875,idle-X
3987754624,10,985,-71,2450,-4445,-875,idle-X
3987770520,10,985,-71,2467,-4462,-892,idle-X
3987771763,9,986,-71,2467,-4462,-892,idle-X
3987789187,9,986,-71,2467,-4462,-892,idle-X
3987789817,9,986,-71,2467,-4480,-910,idle-X
3987806326,9,985,-71,2467,-4480,-910,idle-X
3987808789,9,985,-71,2467,-4445,-857,idle-X
3987823465,10,986,-71,2467,-4445,-857,idle-X
3987828064,10,986,-71,2450,-4445,-875,idle-X
3987840909,9,986,-71,2450,-4445,-875,idle-X
3987847341,9,986,-71,2450,-4445,-892,idle-X
3987858048,9,986,-71,2450,-4445,-892,idle-X
3987866617,9,986,-71,2467,-4462,-875,idle-X
3987875186,9,986,-71,2467,-4462,-875,idle-X
3987885587,9,986,-71,2450,-4462,-892,idle-X
3987892324,9,986,-71,2450,-4462,-892,idle-X
3987904862,9,986,-71,2450,-4462,-910,idle-X
3987909768,9,986,-71,2450,-4462,-910,idle-X
3987924138,9,986,-71,2450,-4480,-875,idle-X
3987926907,10,986,-71,2450,-4480,-875,idle-X
3987943414,10,986,-71,2485,-4480,-840,idle-X
3987944044,9,986,-71,2485,-4480,-840,idle-X
3987961469,10,986,-70,2485,-4480,-840,idle-X
3987962405,10,986,-70,2485,-4445,-875,idle-X
3987978608,10,986,-71,2485,-4445,-875,idle-X
3987981681,10,986,-71,2432,-4462,-892,idle-X
3987995746,9,986,-71,2432,-4462,-892,idle-X
3988000958,9,986,-71,2467,-4445,-875,idle-X
3988013191,10,986,-70,2467,-4445,-875,idle-X
3988019928,10,986,-70,2450,-4445,-857,idle-X
3988030329,10,986,-71,2450,-4445,-857,idle-X
3988039203,10,986,-71,2415,-4462,-892,idle-X
3988047467,9,986,-71,2415,-4462,-892,idle-X
3988058479,9,986,-71,2467,-4462,-875,idle-X
3988064911,9,986,-71,2467,-4462,-875,idle-X
3988077753,9,986,-71,2485,-4462,-875,idle-X
3988082048,9,986,-71,2485,-4462,-875,idle-X
3988096722,9,986,-71,2485,-4462,-857,idle-X
3988099186,9,986,-71,2485,-4462,-857,idle-X
3988115999,9,986,-71,2450,-4462,-840,idle-X
3988116629,10,986,-71,2450,-4462,-840,idle-X
3988133747,9,986,-71,2450,-4462,-840,idle-X
3988135294,9,986,-71,2450,-4462,-892,idle-X
3988150885,9,986,-71,2450,-4462,-892,idle-X
3988154263,9,986,-71,2467,-4462,-857,idle-X
3988168022,9,986,-71,2467,-4462,-857,idle-X
3988173538,9,986,-71,2467,-4462,-875,idle-X
3988185467,9,986,-71,2467,-4462,-875,idle-X
3988192815,9,986,-71,2467,-4480,-857,idle-X
3988202605,9,986,-71,2467,-4480,-857,idle-X
3988211785,9,986,-71,2467,-4497,-892,idle-X
3988219744,9,986,-71,2467,-4497,-892,idle-X
3988231060,9,986,-71,2467,-4445,-875,idle-X
3988237187,9,986,-71,2467,-4445,-875,idle-X
3988250336,9,986,-71,2467,-4462,-875,idle-X
3988254325,9,986,-71,2467,-4462,-875,idle-X
3988269611,9,986,-71,2467,-4480,-875,idle-X
3988271464,9,986,-71,2467,-4480,-875,idle-X
3988288582,9,986,-71,2467,-4462,-892,idle-X
3988289212,9,986,-71,2467,-4462,-892,idle-X
3988306024,9,986,-71,2467,-4462,-892,idle-X
3988307876,9,986,-71,2467,-4445,-875,idle-X
3988323163,9,986,-71,2467,-4445,-875,idle-X
3988327153,9,986,-71,2450,-4480,-892,idle-X
3988340608,9,986,-71,2450,-4480,-892,idle-X
3988346429,9,986,-71,2467,-4480,-875,idle-X
3988357746,9,986,-71,2467,-4480,-875,idle-X
3988365400,9,986,-71,2450,-4480,-875,idle-X
3988374886,10,986,-71,2450,-4480,-875,idle-X
3988384676,10,986,-71,2467,-4480,-875,idle-X
3988392023,9,986,-71,2467,-4480,-875,idle-X
3988403951,9,986,-71,2467,-4462,-840,idle-X
3988409468,10,986,-71,2467,-4462,-840,idle-X
3988422921,10,986,-71,2467,-4462,-840,idle-X
3988426605,9,985,-71,2467,-4462,-840,idle-X
3988442199,9,985,-71,2467,-4427,-840,idle-X
3988443745,9,986,-71,2467,-4427,-840,idle-X
3988461168,9,986,-71,2450,-4445,-875,idle-X
3988478298,10,986,-71,2450,-4445,-875,idle-X
3988480455,10,986,-71,2467,-4480,-857,idle-X
3988495435,9,986,-71,2467,-4480,-857,idle-X
3988499731,9,986,-71,2450,-4462,-892,idle-X
3988512881,10,985,-71,2450,-4462,-892,idle-X
3988519007,10,985,-71,2485,-4462,-892,idle-X
3988530019,10,986,-71,2485,-4462,-892,idle-X
3988538283,10,986,-71,2502,-4480,-892,idle-X
3988547157,10,986,-71,2502,-4480,-892,idle-X
3988557253,10,986,-71,2485,-4445,-857,idle-X
3988564601,10,986,-71,2485,-4445,-857,idle-X
3988576530,10,986,-71,2432,-4462,-857,idle-X
3988581741,10,985,-71,2432,-4462,-857,idle-X
3988595806,10,985,-71,2450,-4480,-892,idle-X
3988598880,9,986,-71,2450,-4480,-892,idle-X
3988614776,9,986,-71,2467,-4480,-910,idle-X
3988616018,9,986,-72,2467,-4480,-910,idle-X
3988633442,9,986,-71,2467,-4480,-910,idle-X
3988634072,9,986,-71,2485,-4480,-857,idle-X
3988650581,10,986,-72,2485,-4480,-857,idle-X
3988653348,10,986,-72,2467,-4462,-875,idle-X
3988667718,9,986,-71,2467,-4462,-875,idle-X
3988672318,9,986,-71,2467,-4480,-892,idle-X
3988685161,9,986,-71,2467,-4480,-892,idle-X
3988691592,9,986,-71,2450,-4480,-892,idle-X
3988702299,9,986,-71,2450,-4480,-892,idle-X
3988710868,9,986,-71,2467,-4480,-892,idle-X
3988719438,9,986,-71,2467,-4480,-892,idle-X
3988729839,9,986,-71,2450,-4480,-857,idle-X
3988736576,9,986,-71,2450,-4480,-857,idle-X
3988749114,9,986,-71,2467,-4462,-892,idle-X
3988754020,10,986,-71,2467,-4462,-892,idle-X
3988768390,10,986,-71,2450,-4480,-857,idle-X
3988771159,9,986,-71,2450,-4480,-857,idle-X
3988787361,9,986,-71,2485,-4480,-892,idle-X
3988788298,9,986,-72,2485,-4480,-892,idle-X
3988805415,9,986,-72,2485,-4480,-892,idle-X
3988806656,9,986,-72,2467,-4480,-910,idle-X
3988822859,9,986,-71,2467,-4480,-910,idle-X
3988825932,9,986,-71,2485,-4480,-910,idle-X
3988839998,10,986,-71,2485,-4480,-910,idle-X
3988844904,10,986,-71,2467,-4462,-892,idle-X
3988857136,10,986,-71,2467,-4462,-892,idle-X
3988864179,10,986,-71,2450,-4497,-875,idle-X
3988874273,9,985,-71,2450,-4497,-875,idle-X
3988883453,9,985,-71,2485,-4480,-892,idle-X
3988891717,9,986,-71,2485,-4480,-892,idle-X
3988902424,9,986,-71,2467,-4462,-892,idle-X
3988908856,9,986,-71,2467,-4462,-892,idle-X
3988921700,9,986,-71,2450,-4462,-857,idle-X
3988925995,9,986,-71,2450,-4462,-857,idle-X
3988940976,9,986,-71,2467,-4462,-892,idle-X
3988943134,9,986,-72,2467,-4462,-892,idle-X
3988959946,9,986,-72,2467,-4462,-875,idle-X
3988960577,10,986,-72,2467,-4462,-875,idle-X
3988977696,10,986,-71,2467,-4462,-875,idle-X
3988979242,10,986,-71,2467,-4480,-875,idle-X
3988994833,9,986,-71,2467,-4480,-875,idle-X
3988998212,9,986,-71,2467,-4462,-910,idle-X
3989011971,9,986,-71,2467,-4462,-910,idle-X
3989017487,9,986,-71,2467,-4480,-875,idle-X
3989029416,9,986,-71,2467,-4480,-875,idle-X
3989036764,9,986,-71,2485,-4480,-875,idle-X
3989046554,9,986,-71,2485,-4480,-875,idle-X
3989055734,9,986,-71,2450,-4497,-875,idle-X
3989063692,9,986,-72,2450,-4497,-875,idle-X
3989075009,9,986,-72,2432,-4480,-875,idle-X
3989080830,9,986,-72,2432,-4480,-875,idle-X
3989094285,9,986,-72,2432,-4462,-875,idle-X
3989098274,10,986,-71,2432,-4462,-875,idle-X
3989113560,10,986,-71,2432,-4445,-875,idle-X
3989115412,10,986,-71,2432,-4445,-875,idle-X
3989132530,10,986,-71,2467,-4462,-857,idle-X
3989149966,9,986,-71,2467,-4462,-857,idle-X
3989151818,9,986,-71,2450,-4480,-857,idle-X
3989167105,10,986,-71,2450,-4480,-857,idle-X
3989171095,10,986,-71,2450,-4445,-857,idle-X
3989184243,9,986,-71,2450,-4445,-857,idle-X
3989190064,9,986,-71,2467,-4480,-892,idle-X
3989201381,9,986,-72,2467,-4480,-892,idle-X
3989209339,9,986,-72,2450,-4497,-875,idle-X
3989218825,9,986,-71,2450,-4497,-875,idle-X
3989228616,9,986,-71,2467,-4462,-910,idle-X
3989235964,10,986,-72,2467,-4462,-910,idle-X
3989247586,10,986,-72,2450,-4462,-892,idle-X
3989253102,9,986,-71,2450,-4462,-892,idle-X
3989266861,9,986,-71,2467,-4462,-875,idle-X
3989270545,10,986,-71,2467,-4462,-875,idle-X
3989286137,10,986,-71,2467,-4480,-875,idle-X
3989287684,10,986,-71,2467,-4480,-875,idle-X
3989304802,9,986,-71,2467,-4445,-892,idle-X
3989322237,9,986,-71,2467,-4445,-892,idle-X
3989324395,9,986,-71,2450,-4462,-875,idle-X
3989339374,9,986,-71,2450,-4462,-875,idle-X
3989343668,9,986,-71,2432,-4480,-840,idle-X
3989356512,9,985,-71,2432,-4480,-840,idle-X
3989362944,9,985,-71,2432,-4497,-840,idle-X
3989373955,10,986,-71,2432,-4497,-840,idle-X
3989381914,10,986,-71,2467,-4462,-857,idle-X
3989391093,9,986,-71,2467,-4462,-857,idle-X
3989401188,9,986,-71,2485,-4445,-892,idle-X
3989408231,9,986,-71,2485,-4445,-892,idle-X
3989420465,9,986,-71,2467,-4462,-875,idle-X
3989425371,9,986,-71,2467,-4462,-875,idle-X
3989439435,9,986,-71,2485,-4480,-892,idle-X
3989442815,9,986,-71,2485,-4480,-892,idle-X
3989458712,9,986,-71,2467,-4480,-892,idle-X
3989459954,9,986,-72,2467,-4480,-892,idle-X
3989477072,9,986,-71,2467,-4480,-892,idle-X
3989478008,9,986,-71,2432,-4497,-875,idle-X
3989494517,10,986,-72,2432,-4497,-875,idle-X
3989497286,10,986,-72,2450,-4462,-892,idle-X
3989511656,9,986,-71,2450,-4462,-892,idle-X
3989516255,9,986,-71,2467,-4445,-875,idle-X
3989528794,9,986,-71,2467,-4445,-875,idle-X
3989535530,9,986,-71,2485,-4497,-875,idle-X
3989546237,9,986,-71,2485,-4497,-875,idle-X
3989554806,9,986,-71,2485,-4497,-892,idle-X
3989563376,10,986,-71,2485,-4497,-892,idle-X
3989573777,10,986,-71,2432,-4480,-857,idle-X
3989580515,9,986,-71,2432,-4480,-857,idle-X
3989593053,9,986,-71,2467,-4480,-892,idle-X
3989597653,9,986,-71,2467,-4480,-892,idle-X
3989612329,9,986,-71,2467,-4480,-875,idle-X
3989615097,9,986,-71,2467,-4480,-875,idle-X
3989631300,9,986,-71,2450,-4480,-857,idle-X
3989632237,10,986,-71,2450,-4480,-857,idle-X
3989649355,9,985,-71,2450,-4480,-857,idle-X
3989650597,9,985,-71,2450,-4480,-857,idle-X
3989666800,9,986,-71,2450,-4480,-857,idle-X
3989669873,9,986,-71,2485,-4462,-840,idle-X
3989683939,9,986,-71,2485,-4462,-840,idle-X
3989689150,9,986,-71,2467,-4445,-875,idle-X
3989701077,9,986,-71,2467,-4445,-875,idle-X
3989708119,9,986,-71,2467,-4445,-857,idle-X
3989718520,10,986,-71,2467,-4445,-857,idle-X
3989727395,10,986,-71,2467,-4462,-875,idle-X
3989735659,10,986,-71,2467,-4462,-875,idle-X
3989746670,10,986,-71,2467,-4445,-875,idle-X
3989752797,9,986,-71,2467,-4445,-875,idle-X
3989765640,9,986,-71,2467,-4445,-892,idle-X
3989769934,10,986,-72,2467,-4445,-892,idle-X
3989784914,10,986,-72,2485,-4480,-892,idle-X
3989787377,9,986,-72,2485,-4480,-892,idle-X
3989804189,9,986,-72,2502,-4497,-892,idle-X
3989804820,9,986,-71,2502,-4497,-892,idle-X
3989821634,9,986,-71,2502,-4497,-892,idle-X
3989823180,9,986,-71,2485,-4445,-875,idle-X
3989839078,9,986,-71,2485,-4445,-875,idle-X
3989842456,9,986,-71,2467,-4427,-875,idle-X
3989856215,9,986,-71,2467,-4427,-875,idle-X
3989861731,9,986,-71,2450,-4462,-857,idle-X
3989873353,9,986,-71,2450,-4462,-857,idle-X
3989880702,9,986,-71,2450,-4462,-840,idle-X
3989890493,9,985,-71,2450,-4462,-840,idle-X
3989899978,9,985,-71,2467,-4480,-857,idle-X
3989907937,9,986,-71,2467,-4480,-857,idle-X
3989919254,9,986,-71,2502,-4462,-875,idle-X
3989925075,9,986,-72,2502,-4462,-875,idle-X
3989938529,9,986,-72,2502,-4480,-857,idle-X
3989942214,9,986,-71,2502,-4480,-857,idle-X
3989957499,9,986,-71,2467,-4480,-892,idle-X
3989959657,9,986,-71,2467,-4480,-892,idle-X
3989976775,9,986,-72,2450,-4462,-892,idle-X
3989993906,10,986,-71,2450,-4462,-892,idle-X
3989996063,10,986,-71,2467,-4445,-857,idle-X
3990011350,9,986,-71,2467,-4445,-857,idle-X
3990015035,9,986,-71,2467,-4445,-875,idle-X
3990028489,9,986,-71,2467,-4445,-875,idle-X
3990034310,9,986,-71,2467,-4462,-857,idle-X
3990045627,10,986,-71,2467,-4462,-857,idle-X
3990053584,10,986,-71,2467,-4445,-892,idle-X
3990063069,9,986,-71,2467,-4445,-892,idle-X
3990072859,9,986,-71,2467,-4445,-857,idle-X
3990080207,9,986,-71,2467,-4445,-857,idle-X
3990091829,9,986,-71,2467,-4462,-840,idle-X
3990097344,10,986,-71,2467,-4462,-840,idle-X
3990111104,10,986,-71,2467,-4462,-875,idle-X
3990114482,9,986,-71,2467,-4462,-875,idle-X
3990130380,9,986,-71,2467,-4480,-892,idle-X
3990131927,9,986,-72,2467,-4480,-892,idle-X
3990149046,9,986,-71,2467,-4445,-892,idle-X
3990166481,9,985,-71,2467,-4445,-892,idle-X
3990168639,9,985,-71,2467,-4497,-892,idle-X
3990183619,10,986,-71,2467,-4497,-892,idle-X
3990187914,10,986,-71,2432,-4497,-892,idle-X
3990200756,9,986,-71,2432,-4497,-892,idle-X
3990207189,9,986,-71,2485,-4480,-875,idle-X
3990217896,9,986,-71,2485,-4480,-875,idle-X
3990226160,9,986,-71,2467,-4462,-875,idle-X
3990235340,9,986,-71,2467,-4462,-875,idle-X
3990245436,9,986,-71,2467,-4462,-857,idle-X
3990252479,10,986,-71,2467,-4462,-857,idle-X
3990264713,10,986,-71,2502,-4480,-875,idle-X
3990269619,9,986,-71,2502,-4480,-875,idle-X
3990283988,9,986,-71,2502,-4462,-875,idle-X
3990287062,9,986,-71,2502,-4462,-875,idle-X
3990302958,9,986,-71,2467,-4480,-875,idle-X
3990304200,9,986,-71,2467,-4480,-875,idle-X
3990321317,10,986,-71,2467,-4480,-875,idle-X
3990322253,10,986,-71,2485,-4462,-892,idle-X
3990338761,10,986,-71,2485,-4462,-892,idle-X
3990341530,10,986,-71,2485,-4462,-857,idle-X
3990355900,9,986,-71,2485,-4462,-857,idle-X
3990360501,9,986,-71,2485,-4480,-840,idle-X
3990373038,9,986,-70,2485,-4480,-840,idle-X
3990379776,9,986,-70,2467,-4480,-857,idle-X
3990390481,9,986,-71,2467,-4480,-857,idle-X
3990399050,9,986,-71,2467,-4462,-857,idle-X
3990407619,9,986,-71,2467,-4462,-857,idle-X
3990418021,9,986,-71,2485,-4445,-875,idle-X
3990424758,9,986,-71,2485,-4445,-875,idle-X
3990437297,9,986,-71,2467,-4445,-857,idle-X
3990441897,9,986,-72,2467,-4445,-857,idle-X
3990456572,9,986,-72,2467,-4445,-875,idle-X
3990459340,9,986,-71,2467,-4445,-875,idle-X
3990475848,9,986,-71,2467,-4445,-875,idle-X
3990476478,9,986,-71,2467,-4445,-875,idle-X
3990493597,10,986,-71,2467,-4445,-875,idle-X
3990494839,10,986,-71,2485,-4462,-892,idle-X
3990511041,10,986,-71,2485,-4462,-892,idle-X
3990514114,10,986,-71,2467,-4462,-892,idle-X
3990528179,9,986,-71,2467,-4462,-892,idle-X
3990533390,9,986,-71,2450,-4480,-892,idle-X
3990545319,9,986,-71,2450,-4480,-892,idle-X
3990552360,9,986,-71,2432,-4445,-910,idle-X
3990562762,10,986,-71,2432,-4445,-910,idle-X
3990571636,10,986,-71,2450,-4462,-875,idle-X
3990579899,10,986,-71,2450,-4462,-875,idle-X
3990590912,10,986,-71,2450,-4480,-892,idle-X
3990597039,9,986,-71,2450,-4480,-892,idle-X
3990609883,9,986,-71,2467,-4497,-892,idle-X
3990614177,9,986,-71,2467,-4497,-892,idle-X
3990629158,9,986,-71,2467,-4462,-892,idle-X
3990631620,9,985,-72,2467,-4462,-892,idle-X
3990648433,9,985,-72,2467,-4445,-892,idle-X
3990649064,9,986,-71,2467,-4445,-892,idle-X
3990665878,9,986,-71,2467,-4445,-892,idle-X
3990667730,9,986,-71,2467,-4462,-840,idle-X
3990683321,9,986,-71,2467,-4462,-840,idle-X
3990686700,9,986,-71,2467,-4497,-875,idle-X
3990700460,9,986,-71,2467,-4497,-875,idle-X
3990705976,9,986,-71,2450,-4480,-857,idle-X
3990717597,10,986,-71,2450,-4480,-857,idle-X
3990725251,10,986,-71,2432,-4480,-875,idle-X
3990734737,10,986,-71,2432,-4480,-875,idle-X
3990744222,10,986,-71,2467,-4445,-875,idle-X
3990752181,9,986,-71,2467,-4445,-875,idle-X
3990763498,9,986,-71,2485,-4445,-875,idle-X
3990769319,10,986,-71,2485,-4445,-875,idle-X
3990782773,10,986,-71,2467,-4480,-892,idle-X
3990786457,9,986,-71,2467,-4480,-892,idle-X
3990801745,9,986,-71,2450,-4462,-875,idle-X
3990803903,9,986,-71,2450,-4462,-875,idle-X
3990821022,9,986,-71,2467,-4462,-857,idle-X
3990838152,10,986,-71,2467,-4462,-857,idle-X
3990840309,10,986,-71,2485,-4497,-875,idle-X
3990855289,9,986,-72,2485,-4497,-875,idle-X
3990859278,9,986,-72,2485,-4497,-875,idle-X
3990872732,9,986,-71,2485,-4497,-875,idle-X
3990878554,9,986,-71,2485,-4462,-875,idle-X
3990889870,9,986,-72,2485,-4462,-875,idle-X
3990897828,9,986,-72,2467,-4462,-892,idle-X
3990907007,10,986,-71,2467,-4462,-892,idle-X
3990917103,10,986,-71,2467,-4445,-892,idle-X
3990924451,9,986,-71,2467,-4445,-892,idle-X
3990936074,9,986,-71,2467,-4462,-875,idle-X
3990941589,9,986,-71,2467,-4462,-875,idle-X
3990955349,9,986,-71,2467,-4480,-857,idle-X
3990958727,10,986,-71,2467,-4480,-857,idle-X
3990974625,10,986,-71,2467,-4462,-857,idle-X
3990976172,9,986,-72,2467,-4462,-857,idle-X
3990993290,9,986,-71,2450,-4480,-857,idle-X
3991010420,9,986,-72,2450,-4480,-857,idle-X
3991012883,9,986,-72,2467,-4480,-857,idle-X
3991027863,9,986,-71,2467,-4480,-857,idle-X
3991032158,9,986,-71,2502,-4462,-875,idle-X
3991045000,9,986,-71,2502,-4462,-875,idle-X
3991051433,9,986,-71,2485,-4462,-892,idle-X
3991062139,9,986,-71,2485,-4462,-892,idle-X
3991070403,9,986,-71,2485,-4445,-875,idle-X
3991079583,9,986,-71,2485,-4445,-875,idle-X
3991089678,9,986,-71,2450,-4462,-875,idle-X
3991096722,10,986,-71,2450,-4462,-875,idle-X
3991108954,10,986,-71,2450,-4480,-857,idle-X
3991113860,9,986,-71,2450,-4480,-857,idle-X
3991128230,9,986,-71,2450,-4515,-892,idle-X
3991131304,10,986,-71,2450,-4515,-892,idle-X
3991147201,10,986,-71,2450,-4480,-910,idle-X
3991148444,10,985,-71,2450,-4480,-910,idle-X
3991165563,9,986,-71,2450,-4480,-910,idle-X
3991166499,9,986,-71,2467,-4462,-892,idle-X
3991183006,9,986,-71,2467,-4462,-892,idle-X
3991185775,9,986,-71,2467,-4462,-875,idle-X
3991200145,10,986,-71,2467,-4462,-875,idle-X
3991205050,10,986,-71,2450,-4480,-857,idle-X
3991217281,9,986,-71,2450,-4480,-857,idle-X
3991224019,9,986,-71,2467,-4497,-857,idle-X
3991234725,10,986,-71,2467,-4497,-857,idle-X
3991243295,10,986,-71,2467,-4480,-875,idle-X
3991251864,9,986,-71,2467,-4480,-875,idle-X
3991262572,9,986,-71,2467,-4462,-857,idle-X
3991269004,9,986,-71,2467,-4462,-857,idle-X
3991281848,9,986,-71,2467,-4462,-892,idle-X
3991286447,9,986,-71,2467,-4462,-892,idle-X
3991300817,9,986,-71,2467,-4462,-875,idle-X
3991303585,9,986,-71,2467,-4462,-875,idle-X
3991320091,9,986,-71,2450,-4445,-857,idle-X
3991320721,9,985,-71,2450,-4445,-857,idle-X
3991338145,9,986,-71,2450,-4445,-857,idle-X
3991339386,9,986,-71,2502,-4445,-857,idle-X
3991355282,9,986,-71,2502,-4445,-857,idle-X
3991358660,9,986,-71,2485,-4480,-875,idle-X
3991372419,9,986,-71,2485,-4480,-875,idle-X
3991377630,9,986,-71,2450,-4480,-892,idle-X
3991389863,9,986,-71,2450,-4480,-892,idle-X
3991396906,9,986,-71,2485,-4497,-875,idle-X
3991407001,9,986,-71,2485,-4497,-875,idle-X
3991416181,9,986,-71,2432,-4462,-892,idle-X
3991424139,9,986,-71,2432,-4462,-892,idle-X
3991435456,9,986,-71,2467,-4462,-875,idle-X
3991441583,10,986,-71,2467,-4462,-875,idle-X
3991454426,10,986,-71,2467,-4480,-892,idle-X
3991458721,10,986,-71,2467,-4480,-892,idle-X
3991473701,10,986,-71,2450,-4480,-892,idle-X
3991476165,9,986,-71,2450,-4480,-892,idle-X
3991492976,9,986,-71,2450,-4462,-840,idle-X
3991493606,9,986,-71,2450,-4462,-840,idle-X
3991510419,10,986,-71,2450,-4462,-840,idle-X
3991512272,10,986,-71,2467,-4480,-840,idle-X
3991527863,9,986,-71,2467,-4480,-840,idle-X
3991531242,9,986,-71,2467,-4462,-875,idle-X
3991545000,9,986,-71,2467,-4462,-875,idle-X
3991550516,9,986,-71,2502,-4480,-927,idle-X
3991562138,9,986,-71,2502,-4480,-927,idle-X
3991569791,9,986,-71,2467,-4445,-875,idle-X
3991579581,10,986,-71,2467,-4445,-875,idle-X
3991589066,10,986,-71,2467,-4462,-892,idle-X
3991596720,10,986,-71,2467,-4462,-892,idle-X
3991608036,10,986,-71,2502,-4445,-857,idle-X
3991613858,9,985,-71,2502,-4445,-857,idle-X
3991627312,9,985,-71,2485,-4462,-875,idle-X
3991630997,9,986,-71,2485,-4462,-875,idle-X
3991646587,9,986,-71,2502,-4462,-875,idle-X
3991648440,9,986,-71,2502,-4462,-875,idle-X
3991665558,10,986,-71,2467,-4462,-892,idle-X
3991682689,9,986,-71,2467,-4462,-892,idle-X
3991684847,9,986,-71,2485,-4480,-875,idle-X
3991700133,9,986,-71,2485,-4480,-875,idle-X
3991704122,9,986,-71,2467,-4497,-892,idle-X
3991717271,10,986,-71,2467,-4497,-892,idle-X
3991723398,10,986,-71,2485,-4497,-892,idle-X
3991734410,9,986,-72,2485,-4497,-892,idle-X
3991742369,9,986,-72,2450,-4462,-875,idle-X
3991751854,10,986,-72,2450,-4462,-875,idle-X
3991761644,10,986,-72,2450,-4480,-875,idle-X
3991768993,10,986,-71,2450,-4480,-875,idle-X
3991780921,10,986,-71,2450,-4480,-875,idle-X
3991786133,9,986,-72,2450,-4480,-875,idle-X
3991800198,9,986,-72,2450,-4462,-875,idle-X
3991803577,9,986,-71,2450,-4462,-875,idle-X
3991819168,9,986,-71,2450,-4462,-857,idle-X
3991820715,9,986,-71,2450,-4462,-857,idle-X
3991837833,9,986,-71,2450,-4462,-857,idle-X
3991838463,9,986,-71,2450,-4462,-857,idle-X
3991855276,10,986,-71,2450,-4462,-857,idle-X
3991857739,10,986,-71,2432,-4462,-857,idle-X
3991872414,9,986,-71,2432,-4462,-857,idle-X
3991877015,9,986,-71,2450,-4480,-875,idle-X
3991889553,9,986,-72,2450,-4480,-875,idle-X
3991895985,9,986,-72,2432,-4480,-875,idle-X
3991906997,9,986,-71,2432,-4480,-875,idle-X
3991915261,9,986,-71,2450,-4480,-875,idle-X
3991924136,10,986,-72,2450,-4480,-875,idle-X
3991934537,10,986,-72,2485,-4445,-875,idle-X
3991941274,9,986,-72,2485,-4445,-875,idle-X
3991953812,9,986,-72,2485,-4462,-875,idle-X
3991958718,10,986,-71,2485,-4462,-875,idle-X
3991972783,10,986,-71,2432,-4480,-875,idle-X
3991975858,10,986,-71,2432,-4480,-875,idle-X
3991992060,10,986,-71,2467,-4462,-892,idle-X
3991992996,10,986,-71,2467,-4462,-892,idle-X
3992010419,10,986,-71,2467,-4462,-892,idle-X
3992011355,10,986,-71,2467,-4445,-857,idle-X
3992027557,9,985,-71,2467,-4445,-857,idle-X
3992030326,9,985,-71,2467,-4480,-875,idle-X
3992044696,10,986,-71,2467,-4480,-875,idle-X
3992049603,10,986,-71,2485,-4480,-875,idle-X
3992062141,10,986,-71,2485,-4480,-875,idle-X
3992068878,10,986,-71,2485,-4462,-892,idle-X
3992079278,9,986,-71,2485,-4462,-892,idle-X
3992088153,9,986,-71,2450,-4462,-857,idle-X
3992096417,10,986,-71,2450,-4462,-857,idle-X
3992107124,10,986,-71,2450,-4497,-875,idle-X
3992113862,9,986,-71,2450,-4497,-875,idle-X
3992126400,9,986,-71,2450,-4480,-892,idle-X
3992131000,9,986,-71,2450,-4480,-892,idle-X
3992145675,9,986,-71,2450,-4480,-892,idle-X
3992148139,9,986,-72,2450,-4480,-892,idle-X
3992164645,9,986,-72,2467,-4427,-875,idle-X
3992165275,10,986,-71,2467,-4427,-875,idle-X
3992182699,9,986,-71,2467,-4427,-875,idle-X
3992183941,9,986,-71,2467,-4462,-892,idle-X
3992199837,10,986,-71,2467,-4462,-892,idle-X
3992203216,10,986,-71,2467,-4445,-875,idle-X
3992216974,10,986,-71,2467,-4445,-875,idle-X
3992222490,10,986,-71,2467,-4445,-875,idle-X
3992234418,10,986,-71,2467,-4445,-875,idle-X
3992241461,10,986,-71,2467,-4480,-875,idle-X
3992251556,9,986,-71,2467,-4480,-875,idle-X
3992260736,9,986,-71,2485,-4462,-892,idle-X
3992268695,9,986,-71,2485,-4462,-892,idle-X
3992280012,9,986,-71,2467,-4462,-875,idle-X
3992286138,9,986,-71,2467,-4462,-875,idle-X
3992299287,9,986,-71,2485,-4445,-875,idle-X
3992303276,9,986,-72,2485,-4445,-875,idle-X
3992318257,9,986,-72,2485,-4462,-875,idle-X
3992320415,9,986,-72,2485,-4462,-875,idle-X
3992337533,9,986,-72,2502,-4462,-857,idle-X
3992338163,9,986,-71,2502,-4462,-857,idle-X
3992354975,9,986,-71,2502,-4462,-857,idle-X
3992356827,9,986,-71,2467,-4462,-840,idle-X
3992372114,9,986,-71,2467,-4462,-840,idle-X
3992375798,9,986,-71,2485,-4480,-875,idle-X
3992389557,9,986,-72,2485,-4480,-875,idle-X
3992395073,9,986,-72,2467,-4445,-875,idle-X
3992406695,9,986,-71,2467,-4445,-875,idle-X
3992414348,9,986,-71,2467,-4445,-875,idle-X
3992423833,9,986,-71,2467,-4445,-875,idle-X
3992433319,9,986,-71,2502,-4462,-875,idle-X
3992440972,9,986,-71,2502,-4462,-875,idle-X
3992452594,9,986,-71,2485,-4497,-875,idle-X
3992458415,9,986,-71,2485,-4497,-875,idle-X
3992471869,9,986,-71,2485,-4462,-875,idle-X
3992475553,9,986,-71,2485,-4462,-875,idle-X
3992491143,9,986,-71,2485,-4445,-857,idle-X
3992492690,9,986,-71,2485,-4445,-857,idle-X
3992510114,9,986,-71,2485,-4480,-892,idle-X
3992527245,9,986,-71,2485,-4480,-892,idle-X
3992529402,9,986,-71,2467,-4480,-875,idle-X
3992544383,9,986,-71,2467,-4480,-875,idle-X
3992548678,9,986,-71,2485,-4445,-892,idle-X
3992561826,9,986,-71,2485,-4445,-892,idle-X
3992567648,9,986,-71,2467,-4462,-875,idle-X
3992578966,9,986,-72,2467,-4462,-875,idle-X
3992586924,9,986,-72,2450,-4480,-910,idle-X
3992596104,9,986,-72,2450,-4480,-910,idle-X
3992606198,9,986,-72,2485,-4462,-892,idle-X
3992613546,10,986,-71,2485,-4462,-892,idle-X
3992625473,10,986,-71,2485,-4445,-875,idle-X
3992630684,9,986,-71,2485,-4445,-875,idle-X
3992644443,9,986,-71,2467,-4462,-840,idle-X
3992647823,10,986,-71,2467,-4462,-840,idle-X
3992663720,10,986,-71,2467,-4462,-840,idle-X
3992665267,10,986,-71,2467,-4462,-840,idle-X
3992682386,9,986,-71,2467,-4462,-840,idle-X
3992683016,9,986,-71,2467,-4445,-875,idle-X
3992699524,9,986,-71,2467,-4445,-875,idle-X
3992702292,9,986,-71,2467,-4462,-892,idle-X
3992716968,9,986,-71,2467,-4462,-892,idle-X
3992721263,9,986,-71,2485,-4462,-892,idle-X
3992734106,9,986,-71,2485,-4462,-892,idle-X
3992740537,9,986,-71,2467,-4427,-875,idle-X
3992751244,9,986,-72,2467,-4427,-875,idle-X
3992759813,9,986,-72,2450,-4445,-875,idle-X
3992768688,9,986,-71,2450,-4445,-875,idle-X
3992779089,9,986,-71,2450,-4480,-875,idle-X
3992785825,10,986,-71,2450,-4480,-875,idle-X
3992798058,10,986,-71,2467,-4445,-875,idle-X
3992802963,10,986,-71,2467,-4445,-875,idle-X
3992817333,10,986,-71,2485,-4445,-892,idle-X
3992820407,9,986,-71,2485,-4445,-892,idle-X
3992836610,9,986,-71,2467,-4462,-892,idle-X
3992837546,10,986,-71,2467,-4462,-892,idle-X
3992854664,9,986,-71,2467,-4462,-892,idle-X
3992855600,9,986,-71,2467,-4462,-892,idle-X
3992872107,10,986,-71,2467,-4462,-892,idle-X
3992874874,10,986,-71,2485,-4445,-857,idle-X
3992889245,9,986,-72,2485,-4445,-857,idle-X
3992894149,9,986,-72,2467,-4445,-840,idle-X
3992906382,9,986,-72,2467,-4445,-840,idle-X
3992913425,9,986,-72,2450,-4462,-875,idle-X
3992923522,9,986,-71,2450,-4462,-875,idle-X
3992932395,9,986,-71,2467,-4480,-910,idle-X
3992940965,9,986,-71,2467,-4480,-910,idle-X
3992951671,9,986,-71,2485,-4445,-892,idle-X
3992958103,9,986,-71,2485,-4445,-892,idle-X
3992970946,9,986,-71,2450,-4445,-875,idle-X
3992975240,9,986,-71,2450,-4445,-875,idle-X
3992990221,9,986,-71,2485,-4462,-892,idle-X
3992992684,10,986,-71,2485,-4462,-892,idle-X
3993009191,10,986,-71,2467,-4480,-875,idle-X
3993009821,10,986,-71,2467,-4480,-875,idle-X
3993027245,9,986,-71,2467,-4480,-875,idle-X
3993028485,9,986,-71,2485,-4462,-892,idle-X
3993044382,9,986,-71,2485,-4462,-892,idle-X
3993047761,9,986,-71,2485,-4462,-875,idle-X
3993061520,9,986,-72,2485,-4462,-875,idle-X
3993067036,9,986,-72,2485,-4445,-857,idle-X
3993078964,9,986,-71,2485,-4445,-857,idle-X
3993086007,9,986,-71,2467,-4445,-857,idle-X
3993096103,9,986,-71,2467,-4445,-857,idle-X
3993105282,9,986,-71,2485,-4462,-875,idle-X
3993113240,10,986,-71,2485,-4462,-875,idle-X
3993124557,10,986,-71,2467,-4445,-857,idle-X
3993130378,10,986,-71,2467,-4445,-857,idle-X
3993143526,10,986,-71,2467,-4480,-857,idle-X
3993147822,9,986,-72,2467,-4480,-857,idle-X
3993162804,9,986,-72,2432,-4497,-840,idle-X
3993164961,9,986,-71,2432,-4497,-840,idle-X
3993182078,9,986,-71,2485,-4480,-857,idle-X
3993182708,10,986,-71,2485,-4480,-857,idle-X
3993199520,9,986,-71,2485,-4480,-857,idle-X
3993201372,9,986,-71,2467,-4480,-857,idle-X
3993216659,9,986,-71,2467,-4480,-857,idle-X
3993220343,9,986,-71,2467,-4480,-875,idle-X
3993233798,9,986,-71,2467,-4480,-875,idle-X
3993239619,9,986,-71,2450,-4480,-875,idle-X
3993251241,9,986,-71,2450,-4480,-875,idle-X
3993258893,9,986,-71,2450,-4462,-875,idle-X
3993268378,9,986,-71,2450,-4462,-875,idle-X
3993278168,9,986,-71,2450,-4480,-910,idle-X
3993285516,9,986,-71,2450,-4480,-910,idle-X
3993297139,9,986,-71,2502,-4480,-857,idle-X
3993302961,9,986,-71,2502,-4480,-857,idle-X
3993316414,9,986,-71,2485,-4462,-892,idle-X
3993320098,9,986,-71,2485,-4462,-892,idle-X
3993335691,9,986,-71,2467,-4497,-875,idle-X
3993337238,9,986,-71,2467,-4497,-875,idle-X
3993354662,10,986,-71,2450,-4480,-875,idle-X
3993371792,9,986,-72,2450,-4480,-875,idle-X
3993373949,9,986,-72,2450,-4462,-875,idle-X
3993388931,10,986,-71,2450,-4462,-875,idle-X
3993393225,10,986,-71,2485,-4427,-857,idle-X
3993406374,9,986,-72,2485,-4427,-857,idle-X
3993412501,9,986,-72,2467,-4427,-892,idle-X
3993423513,9,985,-71,2467,-4427,-892,idle-X
3993431472,9,985,-71,2467,-4445,-892,idle-X
3993440651,9,986,-71,2467,-4445,-892,idle-X
3993450746,9,986,-71,2467,-4462,-892,idle-X
3993458095,9,986,-72,2467,-4462,-892,idle-X
3993470022,9,986,-72,2467,-4462,-875,idle-X
3993475232,9,986,-71,2467,-4462,-875,idle-X
3993488992,9,986,-71,2467,-4445,-857,idle-X
3993492371,9,986,-71,2467,-4445,-857,idle-X
3993508268,9,986,-71,2467,-4445,-857,idle-X
3993509509,9,986,-71,2467,-4445,-857,idle-X
3993526932,9,986,-71,2467,-4445,-857,idle-X
3993527562,9,986,-71,2467,-4462,-857,idle-X
3993544070,10,986,-71,2467,-4462,-857,idle-X
3993546838,10,986,-71,2485,-4462,-875,idle-X
3993561209,10,986,-71,2485,-4462,-875,idle-X
3993565809,10,986,-71,2467,-4445,-892,idle-X
3993578653,9,986,-71,2467,-4445,-892,idle-X
3993585086,9,986,-71,2432,-4445,-892,idle-X
3993595792,9,986,-71,2432,-4445,-892,idle-X
3993604360,9,986,-71,2450,-4480,-875,idle-X
3993612929,10,986,-71,2450,-4480,-875,idle-X
3993623330,10,986,-71,2502,-4480,-875,idle-X
3993630372,9,986,-71,2502,-4480,-875,idle-X
3993642606,9,986,-71,2467,-4497,-857,idle-X
3993647510,9,985,-71,2467,-4497,-857,idle-X
3993661881,9,985,-71,2432,-4480,-857,idle-X
3993664648,9,986,-71,2432,-4480,-857,idle-X
3993681156,9,986,-71,2520,-4480,-892,idle-X
3993682093,10,986,-71,2520,-4480,-892,idle-X
3993699212,10,986,-71,2520,-4480,-892,idle-X
3993700148,10,986,-71,2467,-4462,-892,idle-X
3993716351,10,986,-71,2467,-4462,-892,idle-X
3993719424,10,986,-71,2467,-4462,-875,idle-X
3993733490,9,986,-71,2467,-4462,-875,idle-X
3993738701,9,986,-71,2467,-4462,-892,idle-X
3993750934,9,986,-71,2467,-4462,-892,idle-X
3993757671,9,986,-71,2467,-4480,-875,idle-X
3993768071,9,986,-71,2467,-4480,-875,idle-X
3993776945,9,986,-71,2467,-4480,-892,idle-X
3993785209,9,986,-71,2467,-4480,-892,idle-X
3993796221,9,986,-71,2485,-4480,-875,idle-X
3993802652,10,986,-71,2485,-4480,-875,idle-X
3993815191,10,986,-71,2485,-4462,-892,idle-X
3993819791,9,985,-71,2485,-4462,-892,idle-X
3993834466,9,985,-71,2467,-4445,-857,idle-X
3993836929,9,986,-71,2467,-4445,-857,idle-X
3993853741,9,986,-71,2450,-4445,-875,idle-X
3993854372,10,986,-71,2450,-4445,-875,idle-X
3993871489,9,987,-71,2450,-4445,-875,idle-X
3993872731,9,987,-71,2467,-4462,-892,idle-X
3993888629,9,986,-71,2467,-4462,-892,idle-X
3993892007,9,986,-71,2467,-4480,-892,idle-X
3993905766,10,986,-71,2467,-4480,-892,idle-X
3993911282,10,986,-71,2467,-4480,-892,idle-X
3993923209,9,986,-71,2467,-4480,-892,idle-X
3993930557,9,986,-71,2467,-4480,-892,idle-X
3993940347,10,986,-71,2467,-4480,-892,idle-X
3993949528,10,986,-71,2467,-4462,-910,idle-X
3993957486,9,986,-71,2467,-4462,-910,idle-X
3993968803,9,986,-71,2485,-4480,-875,idle-X
3993974929,9,986,-71,2485,-4480,-875,idle-X
3993988078,9,986,-71,2485,-4462,-875,idle-X
3993992067,10,986,-71,2485,-4462,-875,idle-X
3994007048,10,986,-71,2502,-4445,-875,idle-X
3994009205,9,986,-71,2502,-4445,-875,idle-X
3994026323,9,986,-71,2467,-4462,-857,idle-X
3994026953,10,986,-71,2467,-4462,-857,idle-X
3994043766,9,986,-71,2467,-4462,-857,idle-X
3994045618,9,986,-71,2485,-4480,-892,idle-X
3994060905,9,986,-72,2485,-4480,-892,idle-X
3994064894,9,986,-72,2485,-4480,-892,idle-X
3994078044,10,986,-71,2485,-4480,-892,idle-X
3994083865,10,986,-71,2467,-4480,-857,idle-X
3994095487,10,986,-71,2467,-4480,-857,idle-X
3994103141,10,986,-71,2485,-4445,-857,idle-X
3994112625,9,986,-71,2485,-4445,-857,idle-X
3994122416,9,986,-71,2467,-4462,-875,idle-X
3994129764,9,986,-71,2467,-4462,-875,idle-X
3994141386,9,986,-71,2467,-4462,-857,idle-X
3994147207,9,986,-71,2467,-4462,-857,idle-X
3994160661,9,986,-71,2467,-4462,-875,idle-X
3994164345,9,986,-72,2467,-4462,-875,idle-X
3994179937,9,986,-72,2450,-4480,-875,idle-X
3994181483,9,986,-71,2450,-4480,-875,idle-X
3994198907,9,986,-71,2450,-4497,-892,idle-X
3994216038,9,986,-71,2450,-4497,-892,idle-X
3994218196,9,986,-71,2450,-4462,-840,idle-X
3994233176,9,986,-71,2450,-4462,-840,idle-X
3994237471,9,986,-71,2467,-4480,-857,idle-X
3994250619,10,986,-71,2467,-4480,-857,idle-X
3994256746,10,986,-71,2485,-4497,-875,idle-X
3994267757,10,986,-71,2485,-4497,-875,idle-X
3994275717,10,986,-71,2432,-4462,-910,idle-X
3994284897,10,986,-71,2432,-4462,-910,idle-X
3994294993,10,986,-71,2467,-4462,-875,idle-X
3994302036,10,986,-71,2467,-4462,-875,idle-X
3994314269,10,986,-71,2467,-4462,-875,idle-X
3994319480,10,986,-71,2467,-4462,-875,idle-X
3994333546,10,986,-71,2467,-4462,-892,idle-X
3994336619,10,986,-71,2467,-4462,-892,idle-X
3994352517,10,986,-71,2450,-4480,-857,idle-X
3994353758,10,986,-71,2450,-4480,-857,idle-X
3994371182,9,986,-71,2450,-4480,-857,idle-X
3994371812,9,986,-71,2467,-4497,-840,idle-X
3994388320,10,986,-71,2467,-4497,-840,idle-X
3994391089,10,986,-71,2467,-4462,-857,idle-X
3994405459,9,986,-72,2467,-4462,-857,idle-X
3994410059,9,986,-72,2485,-4445,-892,idle-X
3994422902,9,986,-71,2485,-4445,-892,idle-X
3994429333,9,986,-71,2450,-4462,-875,idle-X
3994440039,9,986,-71,2450,-4462,-875,idle-X
3994448609,9,986,-71,2467,-4462,-857,idle-X
3994457178,10,986,-71,2467,-4462,-857,idle-X
3994467579,10,986,-71,2450,-4480,-857,idle-X
3994474317,9,986,-71,2450,-4480,-857,idle-X
3994486855,9,986,-71,2450,-4480,-840,idle-X
3994491761,9,986,-71,2450,-4480,-840,idle-X
3994506131,9,986,-71,2467,-4462,-892,idle-X
3994508899,9,986,-72,2467,-4462,-892,idle-X
3994525407,9,986,-72,2485,-4480,-892,idle-X
3994526037,9,986,-71,2485,-4480,-892,idle-X
3994543461,9,986,-71,2485,-4480,-892,idle-X
3994544398,9,986,-71,2467,-4480,-875,idle-X
3994560600,9,986,-71,2467,-4480,-875,idle-X
3994563673,9,986,-71,2450,-4462,-875,idle-X
3994577739,9,986,-70,2450,-4462,-875,idle-X
3994582949,9,986,-70,2485,-4462,-892,idle-X
3994595182,9,986,-71,2485,-4462,-892,idle-X
3994602225,9,986,-71,2502,-4462,-875,idle-X
3994612320,9,986,-71,2502,-4462,-875,idle-X
3994621195,9,986,-71,2450,-4462,-875,idle-X
3994629459,9,986,-71,2450,-4462,-875,idle-X
3994640471,9,986,-71,2467,-4445,-875,idle-X
3994646903,9,986,-71,2467,-4445,-875,idle-X
3994659747,9,986,-71,2467,-4445,-857,idle-X
3994664043,9,985,-71,2467,-4445,-857,idle-X
3994678719,9,985,-71,2450,-4480,-857,idle-X
3994681181,9,986,-71,2450,-4480,-857,idle-X
3994697994,9,986,-71,2485,-4480,-840,idle-X
3994698624,9,986,-71,2485,-4480,-840,idle-X
3994715743,9,986,-71,2485,-4480,-840,idle-X
3994717290,9,986,-71,2467,-4480,-857,idle-X
3994732882,9,985,-71,2467,-4480,-857,idle-X
3994736261,9,985,-71,2450,-4445,-857,idle-X
3994750021,10,986,-71,2450,-4445,-857,idle-X
3994755537,10,986,-71,2485,-4480,-840,idle-X
3994767464,10,986,-71,2485,-4480,-840,idle-X
3994774811,10,986,-71,2485,-4462,-875,idle-X
3994784602,9,985,-71,2485,-4462,-875,idle-X
3994794088,9,985,-71,2467,-4480,-875,idle-X
3994801741,9,985,-71,2467,-4480,-875,idle-X
3994813058,9,985,-71,2450,-4480,-875,idle-X
3994819185,9,986,-71,2450,-4480,-875,idle-X
3994832333,9,986,-71,2467,-4445,-892,idle-X
3994836323,9,986,-71,2467,-4445,-892,idle-X
3994851609,9,986,-71,2467,-4462,-892,idle-X
3994853461,9,986,-71,2467,-4462,-892,idle-X
3994870580,9,986,-71,2485,-4462,-875,idle-X
3994888016,9,986,-72,2485,-4462,-875,idle-X
3994889868,9,986,-72,2467,-4462,-857,idle-X
3994905154,9,986,-71,2467,-4462,-857,idle-X
3994909143,9,986,-71,2485,-4462,-892,idle-X
3994922292,9,986,-71,2485,-4462,-892,idle-X
3994928114,9,986,-71,2467,-4462,-875,idle-X
3994939736,9,985,-71,2467,-4462,-875,idle-X
3994947390,9,985,-71,2467,-4462,-875,idle-X
3994956875,9,986,-71,2467,-4462,-875,idle-X
3994966665,9,986,-71,2467,-4445,-892,idle-X
3994974014,9,986,-71,2467,-4445,-892,idle-X
3994985636,9,986,-71,2467,-4445,-910,idle-X
3994991153,9,986,-71,2467,-4445,-910,idle-X
3995004912,9,986,-71,2467,-4462,-892,idle-X
3995008597,10,986,-71,2467,-4462,-892,idle-X
3995024187,10,986,-71,2450,-4480,-892,idle-X
3995025733,9,986,-72,2450,-4480,-892,idle-X
3995042852,10,986,-71,2432,-4462,-875,idle-X
3995060288,9,986,-71,2432,-4462,-875,idle-X
3995062446,9,986,-71,2450,-4462,-875,idle-X
3995077427,9,986,-71,2450,-4462,-875,idle-X
3995081722,9,986,-71,2502,-4445,-892,idle-X
3995094566,9,986,-71,2502,-4445,-892,idle-X
3995100998,9,986,-71,2485,-4462,-892,idle-X
3995111704,10,986,-71,2485,-4462,-892,idle-X
3995119968,10,986,-71,2467,-4462,-875,idle-X
3995129148,9,986,-71,2467,-4462,-875,idle-X
3995139244,9,986,-71,2467,-4462,-875,idle-X
3995146286,9,986,-72,2467,-4462,-875,idle-X
3995158520,9,986,-72,2485,-4462,-857,idle-X
3995163425,10,986,-71,2485,-4462,-857,idle-X
3995177490,10,986,-71,2450,-4445,-875,idle-X
3995180870,10,986,-71,2450,-4445,-875,idle-X
3995196768,10,986,-71,2450,-4445,-875,idle-X
3995198010,10,986,-71,2450,-4445,-875,idle-X
3995215128,9,986,-71,2450,-4445,-875,idle-X
3995216064,9,986,-71,2485,-4445,-875,idle-X
3995232267,9,986,-71,2485,-4445,-875,idle-X
3995235035,9,986,-71,2450,-4462,-892,idle-X
3995249712,10,986,-71,2450,-4462,-892,idle-X
3995254312,10,986,-71,2450,-4462,-875,idle-X
3995266851,9,986,-72,2450,-4462,-875,idle-X
3995273587,9,986,-72,2467,-4462,-892,idle-X
3995283988,9,986,-71,2467,-4462,-892,idle-X
3995292862,9,986,-71,2467,-4462,-875,idle-X
3995301431,9,986,-71,2467,-4462,-875,idle-X
3995311833,9,986,-71,2467,-4462,-892,idle-X
3995318571,10,986,-71,2467,-4462,-892,idle-X
3995331109,10,986,-71,2467,-4462,-875,idle-X
3995335709,9,985,-71,2467,-4462,-875,idle-X
3995350384,9,985,-71,2450,-4497,-857,idle-X
3995353152,9,986,-71,2450,-4497,-857,idle-X
3995369353,9,986,-71,2450,-4462,-875,idle-X
3995370289,9,986,-71,2450,-4462,-875,idle-X
3995387408,9,986,-71,2450,-4462,-875,idle-X
3995388649,9,986,-71,2450,-4480,-892,idle-X
3995404851,9,986,-71,2450,-4480,-892,idle-X
3995407924,9,986,-71,2467,-4480,-875,idle-X
3995421988,10,986,-72,2467,-4480,-875,idle-X
3995427199,10,986,-72,2467,-4480,-892,idle-X
3995439127,9,986,-71,2467,-4480,-892,idle-X
3995446170,9,986,-71,2467,-4462,-892,idle-X
3995456571,9,986,-71,2467,-4462,-892,idle-X
3995465445,9,986,-71,2467,-4480,-875,idle-X
3995473709,9,986,-71,2467,-4480,-875,idle-X
3995484720,9,986,-71,2467,-4480,-875,idle-X
3995490847,10,986,-71,2467,-4480,-875,idle-X
3995503995,10,986,-71,2485,-4462,-875,idle-X
3995508290,9,986,-71,2485,-4462,-875,idle-X
3995522966,9,986,-71,2467,-4462,-875,idle-X
3995525429,9,986,-71,2467,-4462,-875,idle-X
3995542243,9,986,-71,2450,-4445,-910,idle-X
3995542873,9,986,-71,2450,-4445,-910,idle-X
3995559686,10,986,-71,2450,-4445,-910,idle-X
3995561538,10,986,-71,2485,-4480,-892,idle-X
3995577130,10,986,-71,2485,-4480,-892,idle-X
3995580509,10,986,-71,2485,-4462,-910,idle-X
3995594270,10,986,-71,2485,-4462,-910,idle-X
3995599786,10,986,-71,2485,-4462,-857,idle-X
3995611408,9,986,-71,2485,-4462,-857,idle-X
3995619060,9,986,-71,2485,-4462,-857,idle-X
3995628850,9,986,-71,2485,-4462,-857,idle-X
3995638334,9,986,-71,2485,-4445,-892,idle-X
3995645988,9,986,-71,2485,-4445,-892,idle-X
3995657305,9,986,-71,2467,-4480,-892,idle-X
3995663126,9,986,-71,2467,-4480,-892,idle-X
3995676579,9,986,-71,2467,-4445,-875,idle-X
3995680569,9,986,-72,2467,-4445,-875,idle-X
3995695855,9,986,-72,2450,-4480,-892,idle-X
3995697708,9,986,-71,2450,-4480,-892,idle-X
3995714827,9,986,-71,2467,-4445,-857,idle-X
3995732263,9,986,-71,2467,-4445,-857,idle-X
3995734115,9,986,-71,2450,-4462,-875,idle-X
3995749401,9,986,-71,2450,-4462,-875,idle-X
3995753391,9,986,-71,2467,-4480,-857,idle-X
3995766540,9,986,-71,2467,-4480,-857,idle-X
3995772361,9,986,-71,2467,-4462,-875,idle-X
3995783984,9,986,-71,2467,-4462,-875,idle-X
3995791637,9,986,-71,2485,-4462,-892,idle-X
3995801122,10,985,-71,2485,-4462,-892,idle-X
3995810913,10,985,-71,2467,-4462,-892,idle-X
3995818260,9,986,-71,2467,-4462,-892,idle-X
3995830189,9,986,-71,2467,-4462,-892,idle-X
3995835400,10,986,-71,2467,-4462,-892,idle-X
3995849160,10,986,-71,2467,-4462,-910,idle-X
3995852844,9,986,-71,2467,-4462,-910,idle-X
3995868435,9,986,-71,2467,-4445,-875,idle-X
3995869982,10,986,-71,2467,-4445,-875,idle-X
3995887407,9,986,-71,2467,-4480,-892,idle-X
3995904538,9,986,-71,2467,-4480,-892,idle-X
3995907001,9,986,-71,2467,-4497,-875,idle-X
3995921677,10,986,-70,2467,-4497,-875,idle-X
3995925972,10,986,-70,2467,-4480,-875,idle-X
3995939120,10,986,-71,2467,-4480,-875,idle-X
3995945247,10,986,-71,2502,-4462,-875,idle-X
3995956258,9,986,-71,2502,-4462,-875,idle-X
3995964522,9,986,-71,2467,-4445,-875,idle-X
3995973397,10,986,-71,2467,-4445,-875,idle-X
3995983799,10,986,-71,2450,-4462,-857,idle-X
3995990841,9,986,-71,2450,-4462,-857,idle-X
3996002767,9,986,-71,2467,-4462,-875,idle-X
3996007978,10,986,-71,2467,-4462,-875,idle-X
3996022043,10,986,-71,2467,-4497,-892,idle-X
3996025116,9,986,-72,2467,-4497,-892,idle-X
3996041319,9,986,-72,2485,-4497,-892,idle-X
3996042255,10,986,-71,2485,-4497,-892,idle-X
3996059678,10,985,-71,2485,-4497,-892,idle-X
3996060616,10,985,-71,2485,-4462,-875,idle-X
3996076818,9,986,-71,2485,-4462,-875,idle-X
3996079586,9,986,-71,2450,-4462,-892,idle-X
3996094260,9,986,-71,2450,-4462,-892,idle-X
3996098860,9,986,-71,2450,-4445,-857,idle-X
3996111399,9,987,-71,2450,-4445,-857,idle-X
3996118137,9,987,-71,2450,-4445,-875,idle-X
3996128538,10,985,-71,2450,-4445,-875,idle-X
3996137413,10,985,-71,2467,-4462,-875,idle-X
3996145676,9,987,-71,2467,-4462,-875,idle-X
3996156383,9,987,-71,2450,-4427,-892,idle-X
3996163119,9,986,-71,2450,-4427,-892,idle-X
3996175658,9,986,-71,2467,-4445,-857,idle-X
3996180258,9,986,-71,2467,-4445,-857,idle-X
3996194933,9,986,-71,2467,-4480,-840,idle-X
3996197396,10,985,-71,2467,-4480,-840,idle-X
3996213903,10,985,-71,2467,-4480,-857,idle-X
3996214839,9,986,-71,2467,-4480,-857,idle-X
3996231957,10,986,-71,2467,-4480,-857,idle-X
3996233199,10,986,-71,2450,-4445,-875,idle-X
3996249095,10,986,-71,2450,-4445,-875,idle-X
3996252474,10,986,-71,2467,-4480,-875,idle-X
3996266539,9,986,-71,2467,-4480,-875,idle-X
3996271750,9,986,-71,2450,-4480,-857,idle-X
3996283677,9,986,-71,2450,-4480,-857,idle-X
3996290720,9,986,-71,2467,-4462,-875,idle-X
3996300816,10,986,-71,2467,-4462,-875,idle-X
3996309997,10,986,-71,2450,-4445,-857,idle-X
3996318260,10,985,-71,2450,-4445,-857,idle-X
3996329272,10,985,-71,2467,-4480,-892,idle-X
3996335397,8,986,-71,2467,-4480,-892,idle-X
3996348546,8,986,-71,2450,-4462,-857,idle-X
3996352535,10,985,-71,2450,-4462,-857,idle-X
3996367516,10,985,-71,2432,-4480,-875,idle-X
3996369980,9,986,-71,2432,-4480,-875,idle-X
3996386793,9,986,-71,2432,-4480,-875,idle-X
3996387423,9,986,-71,2432,-4480,-875,idle-X
3996404236,9,986,-71,2432,-4480,-875,idle-X
3996406088,9,986,-71,2467,-4462,-910,idle-X
3996421679,10,986,-71,2467,-4462,-910,idle-X
3996425058,10,986,-71,2450,-4445,-875,idle-X
3996438818,9,986,-71,2450,-4445,-875,idle-X
3996444335,9,986,-71,2485,-4445,-857,idle-X
3996455955,10,987,-71,2485,-4445,-857,idle-X
3996463608,10,987,-71,2432,-4445,-857,idle-X
3996473398,9,986,-71,2432,-4445,-857,idle-X
3996482882,9,986,-71,2467,-4480,-892,idle-X
3996490535,10,986,-71,2467,-4480,-892,idle-X
3996501853,10,986,-71,2485,-4462,-892,idle-X
3996507676,9,986,-71,2485,-4462,-892,idle-X
3996521130,9,986,-71,2467,-4445,-875,idle-X
3996525119,10,986,-71,2467,-4445,-875,idle-X
3996540405,10,986,-71,2467,-4462,-892,idle-X
3996542257,9,986,-71,2467,-4462,-892,idle-X
3996559376,9,986,-70,2467,-4445,-857,idle-X
3996576813,9,986,-72,2467,-4445,-857,idle-X
3996578665,9,986,-72,2467,-4480,-875,idle-X
3996593951,9,986,-71,2467,-4480,-875,idle-X
3996597940,9,986,-71,2450,-4462,-875,idle-X
3996611089,9,986,-71,2450,-4462,-875,idle-X
3996617215,9,986,-71,2432,-4462,-875,idle-X
3996628532,9,986,-71,2432,-4462,-875,idle-X
3996636186,9,986,-71,2467,-4462,-875,idle-X
3996645670,9,986,-71,2467,-4462,-875,idle-X
3996655460,9,986,-71,2450,-4480,-892,idle-X
3996662808,9,986,-71,2450,-4480,-892,idle-X
3996674735,9,986,-71,2485,-4445,-857,idle-X
3996680252,9,986,-71,2485,-4445,-857,idle-X
3996694012,9,986,-71,2450,-4480,-875,idle-X
3996697391,9,986,-71,2450,-4480,-875,idle-X
3996713289,9,986,-71,2467,-4497,-892,idle-X
3996714530,9,986,-72,2467,-4497,-892,idle-X
3996731953,9,986,-71,2432,-4462,-892,idle-X
3996749083,9,986,-71,2432,-4462,-892,idle-X
3996751547,9,986,-71,2485,-4445,-892,idle-X
3996766223,10,986,-71,2485,-4445,-892,idle-X
3996770823,10,986,-71,2485,-4480,-892,idle-X
3996783666,9,986,-71,2485,-4480,-892,idle-X
3996789793,9,986,-71,2485,-4480,-892,idle-X
3996800804,9,986,-71,2485,-4480,-892,idle-X
3996809067,9,986,-71,2450,-4462,-875,idle-X
3996817941,9,986,-71,2450,-4462,-875,idle-X
3996828343,9,986,-71,2450,-4445,-857,idle-X
3996835386,9,986,-71,2450,-4445,-857,idle-X
3996847619,9,986,-71,2467,-4462,-910,idle-X
3996852524,9,986,-71,2467,-4462,-910,idle-X
3996866588,9,986,-71,2450,-4462,-857,idle-X
3996869662,9,986,-71,2450,-4462,-857,idle-X
3996885863,9,986,-71,2450,-4462,-875,idle-X
3996887104,9,987,-71,2450,-4462,-875,idle-X
3996904222,9,986,-71,2450,-4462,-875,idle-X
3996905159,9,986,-71,2502,-4480,-875,idle-X
3996921360,9,986,-71,2502,-4480,-875,idle-X
3996924129,9,986,-71,2502,-4497,-892,idle-X
3996938499,10,986,-71,2502,-4497,-892,idle-X
3996943405,10,986,-71,2467,-4462,-875,idle-X
3996955943,9,986,-71,2467,-4462,-875,idle-X
3996962681,9,986,-71,2467,-4462,-892,idle-X
3996973082,10,985,-71,2467,-4462,-892,idle-X
3996981956,10,985,-71,2467,-4462,-840,idle-X
3996990221,9,986,-72,2467,-4462,-840,idle-X
3997000927,9,986,-72,2467,-4462,-875,idle-X
3997007663,9,986,-71,2467,-4462,-875,idle-X
3997020202,9,986,-71,2467,-4462,-875,idle-X
3997024802,9,986,-71,2467,-4462,-875,idle-X
3997039477,9,986,-71,2485,-4445,-875,idle-X
3997041940,10,986,-71,2485,-4445,-875,idle-X
3997058447,10,986,-71,2485,-4462,-875,idle-X
3997059384,9,986,-72,2485,-4462,-875,idle-X
3997076502,10,986,-71,2485,-4462,-875,idle-X
3997077743,10,986,-71,2485,-4462,-875,idle-X
3997093641,9,986,-71,2485,-4462,-875,idle-X
3997097021,9,986,-71,2485,-4480,-892,idle-X
3997111085,9,986,-72,2485,-4480,-892,idle-X
3997116296,9,986,-72,2467,-4445,-875,idle-X
3997128222,9,986,-71,2467,-4445,-875,idle-X
3997135265,9,986,-71,2485,-4445,-892,idle-X
3997145360,9,986,-71,2485,-4445,-892,idle-X
3997154541,9,986,-71,2467,-4480,-892,idle-X
3997162804,9,986,-71,2467,-4480,-892,idle-X
3997173815,9,986,-71,2467,-4480,-857,idle-X
3997179942,9,986,-71,2467,-4480,-857,idle-X
3997193090,9,986,-71,2432,-4462,-857,idle-X
3997197080,10,986,-71,2432,-4462,-857,idle-X
3997212060,10,986,-71,2467,-4462,-875,idle-X
3997214523,9,986,-72,2467,-4462,-875,idle-X
3997231336,9,986,-72,2467,-4445,-875,idle-X
3997231966,10,985,-71,2467,-4445,-875,idle-X
3997248778,9,986,-72,2467,-4445,-875,idle-X
3997250630,9,986,-72,2467,-4445,-875,idle-X
3997266221,9,986,-71,2467,-4445,-875,idle-X
3997269905,9,986,-71,2450,-4462,-840,idle-X
3997283359,9,986,-71,2450,-4462,-840,idle-X
3997288875,9,986,-71,2467,-4462,-875,idle-X
3997300497,10,986,-71,2467,-4462,-875,idle-X
3997308151,10,986,-71,2467,-4462,-857,idle-X
3997317941,9,986,-71,2467,-4462,-857,idle-X
3997327425,9,986,-71,2467,-4462,-875,idle-X
3997335080,9,986,-71,2467,-4462,-875,idle-X
3997346702,9,986,-71,2467,-4462,-910,idle-X
3997352218,10,986,-71,2467,-4462,-910,idle-X
3997365672,10,986,-71,2485,-4480,-892,idle-X
3997369661,9,986,-72,2485,-4480,-892,idle-X
3997384946,9,986,-72,2485,-4497,-892,idle-X
3997386799,9,985,-71,2485,-4497,-892,idle-X
3997404222,10,986,-71,2485,-4445,-892,idle-X
3997421352,10,986,-71,2485,-4445,-892,idle-X
3997423510,10,986,-71,2467,-4445,-892,idle-X
3997438492,9,986,-71,2467,-4445,-892,idle-X
3997442481,9,986,-71,2485,-4462,-857,idle-X
3997455935,9,986,-71,2485,-4462,-857,idle-X
3997461756,9,986,-71,2467,-4480,-875,idle-X
3997473073,9,985,-71,2467,-4480,-875,idle-X
3997481031,9,985,-71,2450,-4462,-892,idle-X
3997490212,9,986,-71,2450,-4462,-892,idle-X
3997500308,9,986,-71,2467,-4480,-875,idle-X
3997507656,9,986,-71,2467,-4480,-875,idle-X
3997519583,9,986,-71,2467,-4445,-875,idle-X
3997524794,9,986,-72,2467,-4445,-875,idle-X
3997538553,9,986,-72,2432,-4445,-910,idle-X
3997541932,9,986,-71,2432,-4445,-910,idle-X
3997557830,9,986,-71,2450,-4480,-875,idle-X
3997559376,10,986,-72,2450,-4480,-875,idle-X
3997576494,10,986,-71,2450,-4480,-875,idle-X
3997577125,10,986,-71,2467,-4462,-892,idle-X
3997593633,9,986,-71,2467,-4462,-892,idle-X
3997596096,9,986,-71,2450,-4462,-892,idle-X
3997611077,9,985,-71,2450,-4462,-892,idle-X
3997615372,9,985,-71,2450,-4480,-875,idle-X
3997628216,9,986,-71,2450,-4480,-875,idle-X
3997634648,9,986,-71,2467,-4480,-840,idle-X
3997645355,10,986,-72,2467,-4480,-840,idle-X
3997653924,10,986,-72,2450,-4480,-875,idle-X
3997662798,10,986,-71,2450,-4480,-875,idle-X
3997672893,10,986,-71,2432,-4462,-910,idle-X
3997679936,9,986,-72,2432,-4462,-910,idle-X
3997692168,9,986,-72,2467,-4462,-875,idle-X
3997697073,10,986,-71,2467,-4462,-875,idle-X
3997711443,10,986,-71,2467,-4462,-910,idle-X
3997714517,10,986,-71,2467,-4462,-910,idle-X
3997730720,10,986,-71,2450,-4445,-875,idle-X
3997731657,10,986,-71,2450,-4445,-875,idle-X
3997748776,9,987,-71,2450,-4445,-875,idle-X
3997749712,9,987,-71,2450,-4462,-875,idle-X
3997766220,10,985,-71,2450,-4462,-875,idle-X
3997768988,10,985,-71,2485,-4462,-892,idle-X
3997783358,9,986,-71,2485,-4462,-892,idle-X
3997788263,9,986,-71,2467,-4445,-875,idle-X
3997800495,9,986,-72,2467,-4445,-875,idle-X
3997807538,9,986,-72,2450,-4462,-857,idle-X
3997817939,9,985,-72,2450,-4462,-857,idle-X
3997826813,9,985,-72,2450,-4480,-892,idle-X
3997835078,9,986,-72,2450,-4480,-892,idle-X
3997845784,9,986,-72,2467,-4462,-892,idle-X
3997852521,9,986,-71,2467,-4462,-892,idle-X
3997865059,9,986,-71,2485,-4462,-875,idle-X
3997869659,9,986,-71,2485,-4462,-875,idle-X
3997884334,9,986,-71,2450,-4480,-857,idle-X
3997886797,10,986,-71,2450,-4480,-857,idle-X
3997903608,10,986,-71,2467,-4480,-892,idle-X
3997904239,9,986,-71,2467,-4480,-892,idle-X
3997921355,9,986,-71,2467,-4480,-892,idle-X
3997922597,9,986,-71,2467,-4462,-875,idle-X
3997938494,10,986,-71,2467,-4462,-875,idle-X
3997941874,10,986,-71,2450,-4462,-910,idle-X
3997955939,9,986,-71,2450,-4462,-910,idle-X
3997961149,9,986,-71,2520,-4462,-875,idle-X
3997973076,9,986,-71,2520,-4462,-875,idle-X
3997980424,9,986,-71,2502,-4462,-875,idle-X
3997990215,9,986,-71,2502,-4462,-875,idle-X
3997999394,9,986,-71,2450,-4462,-875,idle-X
3998007659,9,986,-71,2450,-4462,-875,idle-X
3998018670,9,986,-71,2467,-4462,-892,idle-X
3998024797,10,986,-71,2467,-4462,-892,idle-X
3998037945,10,986,-71,2467,-4480,-875,idle-X
3998041934,9,986,-71,2467,-4480,-875,idle-X
3998057220,9,986,-71,2467,-4462,-910,idle-X
3998059377,10,986,-71,2467,-4462,-910,idle-X
3998076191,10,986,-71,2467,-4462,-892,idle-X
3998076821,10,986,-71,2467,-4462,-892,idle-X
3998093634,9,986,-71,2467,-4462,-892,idle-X
3998095485,9,986,-71,2467,-4480,-875,idle-X
3998111077,9,986,-71,2467,-4480,-875,idle-X
3998114761,9,986,-71,2467,-4480,-857,idle-X
3998128215,9,986,-71,2467,-4480,-857,idle-X
3998134036,9,986,-71,2432,-4445,-857,idle-X
3998145355,9,986,-71,2432,-4445,-857,idle-X
3998153007,9,986,-71,2467,-4445,-840,idle-X
3998162798,9,986,-71,2467,-4445,-840,idle-X
3998172282,9,986,-71,2485,-4497,-857,idle-X
3998179934,10,986,-71,2485,-4497,-857,idle-X
3998191557,10,986,-71,2432,-4497,-857,idle-X
3998197073,9,986,-71,2432,-4497,-857,idle-X
3998210832,9,986,-71,2432,-4445,-875,idle-X
3998214517,9,986,-71,2432,-4445,-875,idle-X
3998229804,9,986,-71,2432,-4480,-875,idle-X
3998231656,9,986,-71,2432,-4480,-875,idle-X
3998248775,9,986,-71,2450,-4445,-892,idle-X
3998266210,9,986,-71,2450,-4445,-892,idle-X
3998268368,9,986,-71,2450,-4445,-892,idle-X
3998283348,9,986,-71,2450,-4445,-892,idle-X
3998287337,9,986,-71,2467,-4480,-875,idle-X
3998300486,9,986,-72,2467,-4480,-875,idle-X
3998306613,9,986,-72,2450,-4462,-892,idle-X
3998317930,10,987,-71,2450,-4462,-892,idle-X
3998325887,10,987,-71,2450,-4462,-875,idle-X
3998335067,9,986,-72,2450,-4462,-875,idle-X
3998345163,9,986,-72,2450,-4462,-875,idle-X
3998352206,9,986,-72,2450,-4462,-875,idle-X
3998364133,9,986,-72,2467,-4462,-875,idle-X
3998369344,10,986,-71,2467,-4462,-875,idle-X
3998383409,10,986,-71,2467,-4462,-892,idle-X
3998386788,9,986,-71,2467,-4462,-892,idle-X
3998402685,9,986,-71,2467,-4462,-857,idle-X
3998403927,9,986,-71,2467,-4462,-857,idle-X
3998421351,9,986,-71,2467,-4462,-857,idle-X
3998421981,9,986,-71,2432,-4462,-857,idle-X
3998438489,10,986,-72,2432,-4462,-857,idle-X
3998440952,10,986,-72,2450,-4427,-857,idle-X
3998455628,10,986,-72,2450,-4427,-857,idle-X
3998460228,10,986,-72,2467,-4445,-892,idle-X
3998473072,9,986,-71,2467,-4445,-892,idle-X
3998479504,9,986,-71,2485,-4480,-892,idle-X
3998490212,10,986,-71,2485,-4480,-892,idle-X
3998498782,10,986,-71,2485,-4462,-875,idle-X
3998507351,10,986,-72,2485,-4462,-875,idle-X
3998517751,10,986,-72,2485,-4445,-875,idle-X
3998524794,9,986,-71,2485,-4445,-875,idle-X
3998537027,9,986,-71,2450,-4480,-857,idle-X
3998541933,9,986,-71,2450,-4480,-857,idle-X
3998556303,9,986,-71,2467,-4462,-892,idle-X
3998559071,9,986,-71,2467,-4462,-892,idle-X
3998575577,9,986,-71,2467,-4462,-875,idle-X
3998576208,9,986,-71,2467,-4462,-875,idle-X
3998593631,9,986,-71,2467,-4462,-875,idle-X
3998594568,9,986,-71,2450,-4462,-857,idle-X
3998610770,9,986,-71,2450,-4462,-857,idle-X
3998613844,9,986,-71,2467,-4480,-875,idle-X
3998627909,9,986,-71,2467,-4480,-875,idle-X
3998633119,9,986,-71,2485,-4480,-857,idle-X
3998645352,10,986,-71,2485,-4480,-857,idle-X
3998652089,10,986,-71,2467,-4480,-892,idle-X
3998662491,9,986,-71,2467,-4480,-892,idle-X
3998671365,9,986,-71,2485,-4445,-875,idle-X
3998679629,9,986,-71,2485,-4445,-875,idle-X
3998690640,9,986,-71,2467,-4462,-857,idle-X
3998697071,9,986,-71,2467,-4462,-857,idle-X
3998709915,9,986,-71,2467,-4480,-840,idle-X
3998714210,9,986,-71,2467,-4480,-840,idle-X
3998728886,9,986,-71,2467,-4445,-857,idle-X
3998731348,9,986,-71,2467,-4445,-857,idle-X
3998748161,9,986,-71,2485,-4462,-875,idle-X
3998748791,10,986,-71,2485,-4462,-875,idle-X
3998765909,9,986,-71,2485,-4462,-875,idle-X
3998767456,9,986,-71,2467,-4480,-892,idle-X
3998783048,10,985,-71,2467,-4480,-892,idle-X
3998786427,10,985,-71,2450,-4462,-875,idle-X
3998800493,10,986,-71,2450,-4462,-875,idle-X
3998805704,10,986,-71,2450,-4462,-875,idle-X
3998817631,9,986,-71,2450,-4462,-875,idle-X
3998824979,9,986,-71,2485,-4462,-857,idle-X
3998834770,9,986,-71,2485,-4462,-857,idle-X
3998844255,9,986,-71,2450,-4445,-875,idle-X
3998852214,10,986,-71,2450,-4445,-875,idle-X
3998863226,10,986,-71,2467,-4445,-892,idle-X
3998869353,9,986,-71,2467,-4445,-892,idle-X
3998882501,9,986,-71,2485,-4462,-875,idle-X
3998886491,9,986,-71,2485,-4462,-875,idle-X
3998901777,9,986,-71,2450,-4480,-840,idle-X
3998903630,9,986,-71,2450,-4480,-840,idle-X
3998921053,10,986,-71,2502,-4462,-910,idle-X
3998938184,9,986,-71,2502,-4462,-910,idle-X
3998940036,9,986,-71,2485,-4445,-875,idle-X
3998955628,9,986,-72,2485,-4445,-875,idle-X
3998959311,9,986,-72,2450,-4462,-892,idle-X
3998972765,9,985,-71,2450,-4462,-892,idle-X
3998978586,9,985,-71,2467,-4462,-875,idle-X
3998989903,9,986,-71,2467,-4462,-875,idle-X
3998997557,9,986,-71,2450,-4462,-840,idle-X
3999007042,10,985,-71,2450,-4462,-840,idle-X
3999016833,10,985,-71,2467,-4480,-875,idle-X
3999024486,9,986,-71,2467,-4480,-875,idle-X
3999036109,9,986,-71,2467,-4462,-875,idle-X
3999041625,9,986,-71,2467,-4462,-875,idle-X
3999055385,9,986,-71,2467,-4480,-857,idle-X
3999058764,10,986,-71,2467,-4480,-857,idle-X
3999074355,10,986,-71,2485,-4462,-892,idle-X
3999076207,9,986,-71,2485,-4462,-892,idle-X
3999093325,9,986,-71,2450,-4462,-857,idle-X
3999110455,9,986,-71,2450,-4462,-857,idle-X
3999112919,9,986,-71,2485,-4462,-875,idle-X
3999127901,10,986,-71,2485,-4462,-875,idle-X
3999131890,10,986,-71,2485,-4462,-892,idle-X
3999145039,10,986,-71,2485,-4462,-892,idle-X
3999151166,10,986,-71,2467,-4462,-875,idle-X
3999162178,10,986,-71,2467,-4462,-875,idle-X
3999170441,10,986,-71,2467,-4497,-875,idle-X
3999179622,9,986,-71,2467,-4497,-875,idle-X
3999189719,9,986,-71,2432,-4480,-875,idle-X
3999196761,9,986,-70,2432,-4480,-875,idle-X
3999208688,9,986,-70,2467,-4462,-892,idle-X
3999213899,9,986,-71,2467,-4462,-892,idle-X
3999227963,9,986,-71,2485,-4462,-875,idle-X
3999231342,10,986,-72,2485,-4462,-875,idle-X
3999247239,10,986,-72,2467,-4445,-875,idle-X
3999248481,9,986,-71,2467,-4445,-875,idle-X
3999265600,9,986,-71,2467,-4445,-875,idle-X
3999266536,9,986,-71,2467,-4462,-857,idle-X
3999283043,9,986,-71,2467,-4462,-857,idle-X
3999285506,9,986,-71,2485,-4462,-875,idle-X
3999300182,10,986,-71,2485,-4462,-875,idle-X
3999304782,10,986,-71,2467,-4462,-857,idle-X
3999317320,9,986,-71,2467,-4462,-857,idle-X
3999324058,9,986,-71,2450,-4445,-875,idle-X
3999334763,9,986,-71,2450,-4445,-875,idle-X
3999343027,9,986,-71,2450,-4445,-840,idle-X
3999351902,9,986,-71,2450,-4445,-840,idle-X
3999362303,9,986,-71,2467,-4462,-875,idle-X
3999369040,9,986,-71,2467,-4462,-875,idle-X
3999381579,9,986,-71,2485,-4497,-857,idle-X
3999386179,10,986,-71,2485,-4497,-857,idle-X
3999400855,10,986,-71,2485,-4462,-892,idle-X
3999403622,10,986,-71,2485,-4462,-892,idle-X
3999419825,10,986,-71,2450,-4480,-875,idle-X
3999420760,10,986,-71,2450,-4480,-875,idle-X
3999437878,10,986,-71,2450,-4480,-875,idle-X
3999439120,10,986,-71,2485,-4480,-892,idle-X
3999455323,10,986,-71,2485,-4480,-892,idle-X
3999458397,10,986,-71,2485,-4462,-875,idle-X
3999472461,9,986,-71,2485,-4462,-875,idle-X
3999477672,9,986,-71,2450,-4445,-892,idle-X
3999489600,10,986,-72,2450,-4445,-892,idle-X
3999496642,10,986,-72,2450,-4445,-857,idle-X
3999507044,9,986,-71,2450,-4445,-857,idle-X
3999515919,9,986,-71,2467,-4480,-840,idle-X
3999524182,9,986,-71,2467,-4480,-840,idle-X
3999535194,9,986,-71,2467,-4445,-857,idle-X
3999541320,9,986,-71,2467,-4445,-857,idle-X
3999554163,9,986,-71,2467,-4445,-875,idle-X
3999558763,10,985,-72,2467,-4445,-875,idle-X
3999573440,10,985,-72,2467,-4445,-875,idle-X
3999575902,10,986,-71,2467,-4445,-875,idle-X
3999592715,10,986,-71,2432,-4462,-875,idle-X
3999593346,9,985,-72,2432,-4462,-875,idle-X
3999610464,9,986,-71,2432,-4462,-875,idle-X
3999612011,9,986,-71,2467,-4445,-875,idle-X
3999627604,9,986,-72,2467,-4445,-875,idle-X
3999630983,9,986,-72,2485,-4480,-857,idle-X
3999644742,9,986,-71,2485,-4480,-857,idle-X
3999650259,9,986,-71,2467,-4462,-857,idle-X
3999662187,9,986,-71,2467,-4462,-857,idle-X
3999669534,9,986,-71,2450,-4480,-892,idle-X
3999679325,9,986,-71,2450,-4480,-892,idle-X
3999688809,9,986,-71,2450,-4480,-892,idle-X
3999696461,10,986,-72,2450,-4480,-892,idle-X
3999707779,10,986,-72,2432,-4445,-892,idle-X
3999713601,9,986,-71,2432,-4445,-892,idle-X
3999727055,9,986,-71,2432,-4462,-875,idle-X
3999731045,9,986,-71,2432,-4462,-875,idle-X
3999746331,9,986,-71,2467,-4480,-857,idle-X
3999748183,10,986,-71,2467,-4480,-857,idle-X
3999765302,10,986,-71,2450,-4497,-875,idle-X
3999782739,9,985,-72,2450,-4497,-875,idle-X
3999784590,9,985,-72,2467,-4480,-892,idle-X
3999799877,9,986,-71,2467,-4480,-892,idle-X
3999803866,9,986,-71,2450,-4445,-875,idle-X
3999817014,9,986,-71,2450,-4445,-875,idle-X
3999823141,9,986,-71,2467,-4462,-857,idle-X
3999834458,9,986,-71,2467,-4462,-857,idle-X
3999842112,9,986,-71,2450,-4462,-857,idle-X
3999851597,10,986,-71,2450,-4462,-857,idle-X
3999861388,10,986,-71,2485,-4462,-857,idle-X
3999868737,9,986,-71,2485,-4462,-857,idle-X
3999880664,9,986,-71,2467,-4445,-875,idle-X
3999886180,9,986,-71,2467,-4445,-875,idle-X
3999899634,9,986,-71,2467,-4480,-892,idle-X
3999903318,9,986,-71,2467,-4480,-892,idle-X
3999918909,9,986,-71,2467,-4515,-875,idle-X
3999920456,9,986,-71,2467,-4515,-875,idle-X
3999937881,9,986,-71,2450,-4480,-875,idle-X
3999955011,10,986,-71,2450,-4480,-875,idle-X
3999957474,10,986,-71,2467,-4462,-875,idle-X
3999972150,9,986,-71,2467,-4462,-875,idle-X
3999976446,9,986,-71,2467,-4462,-875,idle-X
3999989595,10,986,-71,2467,-4462,-875,idle-X
3999995721,10,986,-71,2485,-4462,-857,idle-X
4000006733,9,986,-71,2485,-4462,-857,idle-X
4000014997,9,986,-71,2467,-4462,-857,idle-X
4000023871,9,986,-72,2467,-4462,-857,idle-X
4000033966,9,986,-72,2485,-4462,-875,idle-X
4000041008,9,986,-71,2485,-4462,-875,idle-X
4000053241,9,986,-71,2467,-4445,-875,idle-X
4000058451,9,986,-71,2467,-4445,-875,idle-X
4000072517,9,986,-71,2450,-4462,-875,idle-X
4000075591,9,986,-71,2450,-4462,-875,idle-X
4000091793,9,986,-71,2450,-4480,-875,idle-X
4000092729,9,985,-71,2450,-4480,-875,idle-X
4000110154,9,986,-71,2450,-4480,-875,idle-X
4000110784,9,986,-71,2467,-4480,-857,idle-X
4000127291,10,986,-71,2467,-4480,-857,idle-X
4000130058,10,986,-71,2467,-4445,-840,idle-X
4000144428,10,986,-71,2467,-4445,-840,idle-X
4000149334,10,986,-71,2467,-4445,-875,idle-X
4000161872,9,986,-70,2467,-4445,-875,idle-X
4000168610,9,986,-70,2467,-4462,-892,idle-X
4000179010,9,986,-71,2467,-4462,-892,idle-X
4000187578,9,986,-71,2432,-4462,-840,idle-X
4000196148,10,986,-72,2432,-4462,-840,idle-X
4000206853,10,986,-72,2450,-4462,-857,idle-X
4000213592,10,986,-71,2450,-4462,-857,idle-X
4000226130,10,986,-71,2450,-4462,-875,idle-X
4000230730,9,986,-71,2450,-4462,-875,idle-X
4000245102,9,986,-71,2485,-4497,-875,idle-X
4000247870,9,986,-71,2485,-4497,-875,idle-X
4000264377,9,986,-71,2485,-4480,-857,idle-X
4000265313,9,986,-71,2485,-4480,-857,idle-X
4000282430,9,986,-71,2485,-4480,-857,idle-X
4000283672,9,986,-71,2467,-4445,-840,idle-X
4000299569,9,986,-72,2467,-4445,-840,idle-X
4000302949,9,986,-72,2450,-4427,-857,idle-X
4000317014,9,986,-71,2450,-4427,-857,idle-X
4000321920,9,986,-71,2467,-4445,-875,idle-X
4000334152,9,986,-71,2467,-4445,-875,idle-X
4000341195,9,986,-71,2467,-4480,-892,idle-X
4000351290,9,986,-72,2467,-4480,-892,idle-X
4000360470,9,986,-72,2467,-4480,-892,idle-X
4000368734,9,986,-71,2467,-4480,-892,idle-X
4000379746,9,986,-71,2467,-4480,-875,idle-X
4000385872,9,986,-72,2467,-4480,-875,idle-X
4000398716,9,986,-72,2485,-4445,-875,idle-X
4000403010,10,986,-71,2485,-4445,-875,idle-X
4000417990,10,986,-71,2467,-4497,-875,idle-X
4000420453,9,986,-71,2467,-4497,-875,idle-X
4000437267,9,986,-71,2467,-4480,-875,idle-X
4000437897,9,986,-71,2467,-4480,-875,idle-X
4000454710,10,986,-72,2467,-4480,-875,idle-X
4000456258,10,986,-72,2432,-4462,-857,idle-X
4000471850,9,986,-71,2432,-4462,-857,idle-X
4000475533,9,986,-71,2450,-4462,-857,idle-X
4000489292,9,986,-71,2450,-4462,-857,idle-X
4000494808,9,986,-71,2502,-4462,-857,idle-X
4000506431,9,986,-71,2502,-4462,-857,idle-X
4000514085,9,986,-71,2467,-4445,-875,idle-X
4000523570,10,986,-71,2467,-4445,-875,idle-X
4000533055,10,986,-71,2432,-4445,-857,idle-X
4000541013,9,986,-71,2432,-4445,-857,idle-X
4000552330,9,986,-71,2450,-4462,-892,idle-X
4000558151,9,986,-71,2450,-4462,-892,idle-X
4000571606,9,986,-71,2502,-4462,-892,idle-X
4000575289,9,986,-71,2502,-4462,-892,idle-X
4000590881,9,986,-71,2485,-4462,-875,idle-X
4000592733,9,985,-71,2485,-4462,-875,idle-X
4000609851,9,986,-71,2502,-4480,-857,idle-X
4000626982,9,986,-71,2502,-4480,-857,idle-X
4000629140,9,986,-71,2467,-4480,-875,idle-X
4000644426,9,986,-71,2467,-4480,-875,idle-X
4000648416,9,986,-71,2467,-4462,-875,idle-X
4000661565,9,986,-72,2467,-4462,-875,idle-X
4000667386,9,986,-72,2467,-4462,-875,idle-X
4000678702,9,986,-71,2467,-4462,-875,idle-X
4000686661,9,986,-71,2467,-4445,-875,idle-X
4000696146,10,985,-71,2467,-4445,-875,idle-X
4000705937,10,985,-71,2450,-4462,-875,idle-X
4000713285,10,986,-71,2450,-4462,-875,idle-X
4000725213,10,986,-71,2467,-4445,-875,idle-X
4000730423,9,986,-71,2467,-4445,-875,idle-X
4000744183,9,986,-71,2450,-4445,-892,idle-X
4000747868,9,986,-71,2450,-4445,-892,idle-X
4000763460,9,986,-71,2450,-4480,-892,idle-X
4000765007,9,985,-72,2450,-4480,-892,idle-X
4000782125,9,986,-72,2450,-4480,-892,idle-X
4000782755,9,986,-72,2467,-4462,-857,idle-X
4000799568,9,986,-71,2467,-4462,-857,idle-X
4000801727,9,986,-71,2450,-4480,-857,idle-X
4000816708,9,986,-71,2450,-4480,-857,idle-X
4000821003,9,986,-71,2467,-4462,-875,idle-X
4000833847,10,986,-71,2467,-4462,-875,idle-X
4000840279,10,986,-71,2467,-4445,-892,idle-X
4000850985,9,986,-71,2467,-4445,-892,idle-X
4000859554,9,986,-71,2467,-4427,-875,idle-X
4000868428,10,986,-71,2467,-4427,-875,idle-X
4000878525,10,986,-71,2485,-4445,-857,idle-X
4000885568,9,987,-71,2485,-4445,-857,idle-X
4000897802,9,987,-71,2432,-4462,-875,idle-X
4000902707,9,986,-71,2432,-4462,-875,idle-X
4000917077,9,986,-71,2450,-4427,-857,idle-X
4000920151,10,986,-71,2450,-4427,-857,idle-X
4000936352,10,986,-71,2467,-4445,-857,idle-X
4000937288,10,985,-71,2467,-4445,-857,idle-X
4000954407,9,986,-71,2467,-4445,-857,idle-X
4000955343,9,986,-71,2502,-4462,-857,idle-X
4000971851,9,986,-71,2502,-4462,-857,idle-X
4000974618,9,986,-71,2485,-4445,-892,idle-X
4000988987,9,986,-71,2485,-4445,-892,idle-X
4000993892,9,986,-71,2485,-4445,-892,idle-X
4001006125,10,986,-71,2485,-4445,-892,idle-X
4001012862,10,986,-71,2450,-4480,-892,idle-X
4001023570,9,986,-71,2450,-4480,-892,idle-X
4001032140,9,986,-71,2502,-4480,-892,idle-X
4001040709,10,986,-71,2502,-4480,-892,idle-X
4001051416,10,986,-71,2502,-4427,-892,idle-X
4001057848,9,986,-71,2502,-4427,-892,idle-X
4001070691,9,986,-71,2485,-4462,-892,idle-X
4001075292,9,986,-71,2485,-4462,-892,idle-X
4001089662,9,986,-71,2467,-4480,-875,idle-X
4001092431,9,986,-71,2467,-4480,-875,idle-X
4001108939,9,986,-71,2502,-4445,-875,idle-X
4001109569,9,986,-71,2502,-4445,-875,idle-X
4001126993,9,986,-71,2502,-4445,-875,idle-X
4001128235,9,986,-71,2450,-4462,-857,idle-X
4001144132,9,986,-71,2450,-4462,-857,idle-X
4001147511,9,986,-71,2432,-4462,-875,idle-X
4001161271,10,986,-71,2432,-4462,-875,idle-X
4001166482,10,986,-71,2467,-4445,-875,idle-X
4001178715,10,986,-71,2467,-4445,-875,idle-X
4001185758,10,986,-71,2467,-4445,-840,idle-X
4001195854,9,986,-71,2467,-4445,-840,idle-X
4001205034,9,986,-71,2467,-4462,-892,idle-X
4001212994,9,986,-72,2467,-4462,-892,idle-X
4001224006,9,986,-72,2467,-4462,-857,idle-X
4001230438,10,986,-71,2467,-4462,-857,idle-X
4001243281,10,986,-71,2502,-4480,-875,idle-X
4001247575,9,986,-72,2502,-4480,-875,idle-X
4001262557,9,986,-72,2485,-4480,-892,idle-X
4001264715,10,986,-71,2485,-4480,-892,idle-X
4001281833,10,986,-71,2467,-4480,-875,idle-X
4001282463,9,986,-71,2467,-4480,-875,idle-X
4001299278,9,986,-71,2467,-4480,-875,idle-X
4001300825,9,986,-71,2467,-4445,-875,idle-X
4001316416,9,986,-71,2467,-4445,-875,idle-X
4001320100,9,986,-71,2450,-4445,-875,idle-X
4001333859,10,987,-71,2450,-4445,-875,idle-X
4001339375,10,987,-71,2467,-4427,-840,idle-X
4001350998,9,986,-72,2467,-4427,-840,idle-X
4001358346,9,986,-72,2467,-4445,-840,idle-X
4001368137,10,986,-71,2467,-4445,-840,idle-X
4001377622,10,986,-71,2450,-4462,-857,idle-X
4001385275,9,986,-71,2450,-4462,-857,idle-X
4001396897,9,986,-71,2450,-4497,-857,idle-X
4001402718,9,986,-72,2450,-4497,-857,idle-X
4001416172,9,986,-72,2432,-4480,-875,idle-X
4001419857,10,986,-71,2432,-4480,-875,idle-X
4001435143,10,986,-71,2485,-4462,-875,idle-X
4001436995,9,986,-71,2485,-4462,-875,idle-X
4001454418,10,986,-71,2450,-4462,-875,idle-X
4001471549,10,985,-71,2450,-4462,-875,idle-X
4001473707,10,985,-71,2450,-4445,-892,idle-X
4001488688,9,986,-72,2450,-4445,-892,idle-X
4001492678,9,986,-72,2485,-4445,-892,idle-X
4001506131,9,986,-72,2485,-4445,-892,idle-X
4001511952,9,986,-72,2467,-4445,-875,idle-X
4001523269,9,986,-71,2467,-4445,-875,idle-X
4001531228,9,986,-71,2467,-4480,-857,idle-X
4001540408,10,986,-71,2467,-4480,-857,idle-X
4001550504,10,986,-71,2467,-4480,-875,idle-X
4001557547,9,986,-71,2467,-4480,-875,idle-X
4001569474,9,986,-71,2467,-4462,-875,idle-X
4001574990,9,986,-72,2467,-4462,-875,idle-X
4001588751,9,986,-72,2467,-4497,-857,idle-X
4001592129,9,986,-72,2467,-4497,-857,idle-X
4001608027,9,986,-72,2450,-4480,-875,idle-X
4001609268,10,986,-71,2450,-4480,-875,idle-X
4001626691,9,986,-72,2485,-4445,-875,idle-X
4001643822,9,986,-71,2485,-4445,-875,idle-X
4001646286,9,986,-71,2502,-4445,-875,idle-X
4001660961,9,986,-71,2502,-4445,-875,idle-X
4001665561,9,986,-71,2467,-4480,-875,idle-X
4001678405,9,986,-71,2467,-4480,-875,idle-X
4001684532,9,986,-71,2450,-4480,-875,idle-X
4001695543,10,986,-71,2450,-4480,-875,idle-X
4001703806,10,986,-71,2485,-4497,-857,idle-X
4001712681,9,987,-71,2485,-4497,-857,idle-X
4001723083,9,987,-71,2467,-4480,-875,idle-X
4001730125,9,986,-71,2467,-4480,-875,idle-X
4001742358,9,986,-71,2467,-4480,-892,idle-X
4001747265,10,986,-70,2467,-4480,-892,idle-X
4001761329,10,986,-70,2432,-4462,-875,idle-X
4001764403,10,986,-71,2432,-4462,-875,idle-X
4001780605,10,986,-71,2450,-4427,-857,idle-X
4001781541,10,986,-71,2450,-4427,-857,idle-X
4001798964,10,986,-71,2450,-4427,-857,idle-X
4001799901,10,986,-71,2467,-4480,-892,idle-X
4001816103,10,986,-71,2467,-4480,-892,idle-X
4001818871,10,986,-71,2467,-4462,-875,idle-X
4001833241,9,986,-71,2467,-4462,-875,idle-X
4001838147,9,986,-71,2432,-4462,-875,idle-X
4001850685,9,986,-71,2432,-4462,-875,idle-X
4001857421,9,986,-71,2467,-4445,-840,idle-X
4001867823,9,986,-71,2467,-4445,-840,idle-X
4001876698,9,986,-71,2467,-4462,-857,idle-X
4001884962,9,986,-71,2467,-4462,-857,idle-X
4001895667,9,986,-71,2467,-4462,-892,idle-X
4001902404,9,986,-71,2467,-4462,-892,idle-X
4001914942,9,986,-71,2467,-4462,-875,idle-X
4001919542,9,985,-71,2467,-4462,-875,idle-X
4001934218,9,985,-71,2467,-4462,-875,idle-X
4001936681,10,986,-72,2467,-4462,-875,idle-X
4001953495,10,986,-72,2485,-4480,-840,idle-X
4001954125,9,986,-72,2485,-4480,-840,idle-X
4001971243,9,986,-71,2485,-4480,-840,idle-X
4001972485,9,986,-71,2467,-4462,-857,idle-X
4001988382,9,986,-71,2467,-4462,-857,idle-X
4001991761,9,986,-71,2450,-4480,-857,idle-X
4002005825,9,986,-71,2450,-4480,-857,idle-X
4002011036,9,986,-71,2450,-4462,-875,idle-X
4002022963,9,985,-71,2450,-4462,-875,idle-X
4002030005,9,985,-71,2485,-4462,-892,idle-X
4002040101,9,986,-71,2485,-4462,-892,idle-X
4002049280,9,986,-71,2450,-4462,-875,idle-X
4002057239,9,986,-72,2450,-4462,-875,idle-X
4002068556,9,986,-72,2450,-4445,-892,idle-X
4002074683,10,986,-71,2450,-4445,-892,idle-X
4002087526,10,986,-71,2485,-4445,-875,idle-X
4002091821,9,986,-72,2485,-4445,-875,idle-X
4002106802,9,986,-72,2485,-4480,-875,idle-X
4002108959,9,986,-71,2485,-4480,-875,idle-X
4002126078,9,986,-71,2485,-4480,-892,idle-X
4002126708,9,986,-71,2485,-4480,-892,idle-X
4002143521,9,986,-71,2485,-4480,-892,idle-X
4002145069,9,986,-71,2485,-4445,-875,idle-X
4002160660,10,986,-71,2485,-4445,-875,idle-X
4002164344,10,986,-71,2450,-4427,-910,idle-X
4002178104,10,986,-71,2450,-4427,-910,idle-X
4002183619,10,986,-71,2502,-4462,-910,idle-X
4002195241,9,986,-72,2502,-4462,-910,idle-X
4002202894,9,986,-72,2485,-4480,-892,idle-X
4002212379,10,985,-71,2485,-4480,-892,idle-X
4002221864,10,985,-71,2432,-4462,-875,idle-X
4002229519,9,986,-71,2432,-4462,-875,idle-X
4002241141,9,986,-71,2467,-4462,-892,idle-X
4002246962,9,986,-71,2467,-4462,-892,idle-X
4002260416,9,986,-71,2467,-4462,-892,idle-X
4002264100,9,986,-72,2467,-4462,-892,idle-X
4002279692,9,986,-72,2467,-4445,-875,idle-X
4002281239,9,986,-71,2467,-4445,-875,idle-X
4002298661,9,986,-71,2450,-4462,-892,idle-X
4002315792,9,986,-71,2450,-4462,-892,idle-X
4002317949,9,986,-71,2450,-4462,-875,idle-X
4002332931,9,986,-71,2450,-4462,-875,idle-X
4002337226,9,986,-71,2467,-4480,-875,idle-X
4002350374,10,986,-71,2467,-4480,-875,idle-X
4002356195,10,986,-71,2485,-4480,-892,idle-X
4002367512,9,986,-71,2485,-4480,-892,idle-X
4002375470,9,986,-71,2467,-4462,-892,idle-X
4002384650,9,986,-71,2467,-4462,-892,idle-X
4002394747,9,986,-71,2502,-4462,-875,idle-X
4002402096,10,986,-71,2502,-4462,-875,idle-X
4002414024,10,986,-71,2485,-4445,-857,idle-X
4002419234,10,986,-71,2485,-4445,-857,idle-X
4002432993,10,986,-71,2450,-4462,-875,idle-X
4002436372,10,986,-71,2450,-4462,-875,idle-X
4002452268,10,986,-71,2450,-4480,-875,idle-X
4002453510,9,986,-72,2450,-4480,-875,idle-X
4002470934,9,986,-71,2450,-4480,-875,idle-X
4002471564,9,986,-71,2485,-4480,-875,idle-X
4002488072,9,986,-71,2485,-4480,-875,idle-X
4002490535,9,986,-71,2502,-4480,-892,idle-X
4002505210,9,986,-71,2502,-4480,-892,idle-X
4002509810,9,986,-71,2467,-4480,-892,idle-X
4002522654,9,986,-72,2467,-4480,-892,idle-X
4002529087,9,986,-72,2432,-4462,-875,idle-X
4002539793,9,986,-72,2432,-4462,-875,idle-X
4002548057,9,986,-72,2450,-4462,-892,idle-X
4002556931,9,986,-72,2450,-4462,-892,idle-X
4002567332,9,986,-72,2450,-4445,-875,idle-X
4002574374,9,986,-71,2450,-4445,-875,idle-X
4002586608,9,986,-71,2467,-4445,-857,idle-X
4002591513,9,986,-71,2467,-4445,-857,idle-X
4002605884,9,986,-71,2485,-4480,-857,idle-X
4002608652,9,986,-71,2485,-4480,-857,idle-X
4002624853,9,986,-71,2467,-4480,-840,idle-X
4002625790,9,986,-72,2467,-4480,-840,idle-X
4002643213,9,986,-71,2467,-4480,-840,idle-X
4002644150,9,986,-71,2467,-4445,-875,idle-X
4002660352,10,986,-71,2467,-4445,-875,idle-X
4002663426,10,986,-71,2450,-4445,-875,idle-X
4002677492,10,986,-72,2450,-4445,-875,idle-X
4002682397,10,986,-72,2450,-4480,-875,idle-X
4002694935,10,986,-72,2450,-4480,-875,idle-X
4002701671,10,986,-72,2467,-4462,-892,idle-X
4002712071,9,986,-71,2467,-4462,-892,idle-X
4002720946,9,986,-71,2467,-4462,-875,idle-X
4002729212,10,986,-71,2467,-4462,-875,idle-X
4002739919,10,986,-71,2450,-4462,-875,idle-X
4002746351,10,986,-71,2450,-4462,-875,idle-X
4002759194,10,986,-71,2467,-4462,-875,idle-X
4002763794,10,986,-72,2467,-4462,-875,idle-X
4002778469,10,986,-72,2450,-4462,-910,idle-X
4002780933,10,986,-71,2450,-4462,-910,idle-X
4002797441,10,986,-71,2485,-4497,-875,idle-X
4002798071,9,986,-71,2485,-4497,-875,idle-X
4002815495,9,986,-71,2485,-4497,-875,idle-X
4002816737,9,986,-71,2450,-4497,-857,idle-X
4002832634,9,986,-71,2450,-4497,-857,idle-X
4002836012,9,986,-71,2450,-4497,-875,idle-X
4002849772,10,986,-71,2450,-4497,-875,idle-X
4002855287,10,986,-71,2432,-4497,-910,idle-X
4002867215,9,986,-71,2432,-4497,-910,idle-X
4002874258,9,986,-71,2450,-4480,-892,idle-X
4002884354,9,986,-71,2450,-4480,-892,idle-X
4002893533,9,986,-71,2450,-4462,-875,idle-X
4002901492,9,986,-72,2450,-4462,-875,idle-X
4002912809,9,986,-72,2485,-4445,-875,idle-X
4002918630,9,986,-71,2485,-4445,-875,idle-X
4002931779,9,986,-71,2485,-4462,-875,idle-X
4002936073,9,986,-71,2485,-4462,-875,idle-X
4002951052,9,986,-71,2450,-4445,-875,idle-X
4002953210,9,986,-71,2450,-4445,-875,idle-X
4002970327,9,986,-71,2450,-4462,-840,idle-X
4002987764,9,986,-71,2450,-4462,-840,idle-X
4002989311,9,986,-71,2485,-4480,-910,idle-X
4003004902,10,986,-71,2485,-4480,-910,idle-X
4003008586,10,986,-71,2502,-4480,-875,idle-X
4003022040,9,986,-71,2502,-4480,-875,idle-X
4003027862,9,986,-71,2485,-4445,-892,idle-X
4003039179,9,986,-71,2485,-4445,-892,idle-X
4003047137,9,986,-71,2450,-4427,-857,idle-X
4003056623,9,986,-71,2450,-4427,-857,idle-X
4003066108,9,986,-71,2467,-4445,-875,idle-X
4003073762,9,986,-71,2467,-4445,-875,idle-X
4003085384,9,986,-71,2467,-4480,-875,idle-X
4003090899,9,986,-71,2467,-4480,-875,idle-X
4003104659,9,986,-71,2467,-4462,-892,idle-X
4003108343,10,986,-71,2467,-4462,-892,idle-X
4003123630,10,986,-71,2467,-4462,-875,idle-X
4003125481,10,986,-71,2467,-4462,-875,idle-X
4003142600,9,986,-71,2467,-4480,-910,idle-X
4003160035,9,986,-71,2467,-4480,-910,idle-X
4003162192,9,986,-71,2485,-4480,-892,idle-X
4003177172,9,986,-72,2485,-4480,-892,idle-X
4003181467,9,986,-72,2485,-4480,-910,idle-X
4003194311,9,986,-71,2485,-4480,-910,idle-X
4003200437,9,986,-71,2450,-4497,-857,idle-X
4003211754,9,986,-71,2450,-4497,-857,idle-X
4003219712,9,986,-71,2502,-4497,-875,idle-X
4003228891,9,986,-72,2502,-4497,-875,idle-X
4003238986,9,986,-72,2502,-4497,-875,idle-X
4003246030,10,985,-71,2502,-4497,-875,idle-X
4003257957,10,985,-71,2485,-4480,-875,idle-X
4003263169,9,986,-71,2485,-4480,-875,idle-X
4003277234,9,986,-71,2450,-4462,-875,idle-X
4003280612,10,986,-72,2450,-4462,-875,idle-X
4003296508,10,986,-72,2467,-4480,-857,idle-X
4003297751,9,986,-71,2467,-4480,-857,idle-X
4003314869,9,986,-71,2467,-4480,-857,idle-X
4003315499,9,986,-71,2467,-4462,-875,idle-X
4003332312,9,986,-71,2467,-4462,-875,idle-X
4003334776,9,986,-71,2467,-4462,-892,idle-X
4003349450,9,986,-71,2467,-4462,-892,idle-X
4003354051,9,986,-71,2467,-4480,-875,idle-X
4003366588,9,986,-71,2467,-4480,-875,idle-X
4003373019,9,986,-71,2467,-4480,-857,idle-X
4003383726,9,986,-71,2467,-4480,-857,idle-X
4003392296,9,986,-71,2450,-4497,-892,idle-X
4003401169,9,986,-72,2450,-4497,-892,idle-X
4003411570,9,986,-72,2467,-4480,-892,idle-X
4003418308,10,986,-71,2467,-4480,-892,idle-X
4003430846,10,986,-71,2467,-4462,-875,idle-X
4003435447,10,986,-71,2467,-4462,-875,idle-X
4003449817,10,986,-71,2502,-4480,-875,idle-X
4003452891,9,986,-71,2502,-4480,-875,idle-X
4003469093,9,986,-71,2467,-4462,-875,idle-X
4003470029,9,986,-71,2467,-4462,-875,idle-X
4003487146,9,986,-71,2467,-4462,-875,idle-X
4003488387,9,986,-71,2450,-4480,-875,idle-X
4003504589,9,986,-71,2450,-4480,-875,idle-X
4003507357,9,986,-71,2450,-4480,-875,idle-X
4003521726,9,986,-71,2450,-4480,-875,idle-X
4003526632,9,986,-71,2450,-4462,-892,idle-X
4003538865,10,986,-71,2450,-4462,-892,idle-X
4003545908,10,986,-71,2485,-4462,-875,idle-X
4003556308,9,986,-71,2485,-4462,-875,idle-X
4003565182,9,986,-71,2467,-4462,-892,idle-X
4003573446,10,986,-71,2467,-4462,-892,idle-X
4003584154,10,986,-71,2485,-4462,-857,idle-X
4003590584,10,986,-71,2485,-4462,-857,idle-X
4003603428,10,986,-71,2502,-4462,-892,idle-X
4003607723,9,986,-71,2502,-4462,-892,idle-X
4003622703,9,986,-71,2485,-4427,-892,idle-X
4003625166,9,986,-71,2485,-4427,-892,idle-X
4003641673,9,986,-71,2485,-4445,-857,idle-X
4003642303,9,986,-71,2485,-4445,-857,idle-X
4003659423,9,986,-71,2485,-4445,-857,idle-X
4003660970,9,986,-71,2485,-4462,-892,idle-X
4003676866,10,986,-71,2485,-4462,-892,idle-X
4003680245,10,986,-71,2502,-4462,-875,idle-X
4003694004,10,986,-71,2502,-4462,-875,idle-X
4003699215,10,986,-71,2467,-4462,-892,idle-X
4003711142,9,986,-72,2467,-4462,-892,idle-X
4003718490,9,986,-72,2467,-4445,-875,idle-X
4003728585,10,986,-72,2467,-4445,-875,idle-X
4003737764,10,986,-72,2467,-4462,-857,idle-X
4003745723,9,986,-71,2467,-4462,-857,idle-X
4003757040,9,986,-71,2485,-4480,-857,idle-X
4003762862,9,986,-71,2485,-4480,-857,idle-X
4003776012,9,986,-71,2485,-4480,-875,idle-X
4003780307,9,986,-71,2485,-4480,-875,idle-X
4003795288,9,986,-71,2485,-4480,-875,idle-X
4003797445,9,986,-72,2485,-4480,-875,idle-X
4003814562,9,986,-71,2467,-4497,-892,idle-X
4003831692,10,986,-71,2467,-4497,-892,idle-X
4003833545,10,986,-71,2467,-4480,-875,idle-X
4003849137,9,986,-71,2467,-4480,-875,idle-X
4003852821,9,986,-71,2485,-4480,-875,idle-X
4003866275,9,986,-71,2485,-4480,-875,idle-X
4003872096,9,986,-71,2485,-4445,-910,idle-X
4003883413,9,986,-72,2485,-4445,-910,idle-X
4003891371,9,986,-72,2467,-4445,-840,idle-X
4003900857,10,986,-72,2467,-4445,-840,idle-X
4003910342,10,986,-72,2450,-4480,-857,idle-X
4003917996,9,985,-71,2450,-4480,-857,idle-X
4003929618,9,985,-71,2467,-4462,-875,idle-X
4003935134,9,986,-71,2467,-4462,-875,idle-X
4003948893,9,986,-71,2485,-4480,-857,idle-X
4003952577,10,986,-72,2485,-4480,-857,idle-X
4003967864,10,986,-72,2502,-4480,-892,idle-X
4003969716,9,986,-71,2502,-4480,-892,idle-X
4003986835,10,986,-72,2467,-4462,-875,idle-X
4004004270,9,986,-72,2467,-4462,-875,idle-X
4004006427,9,986,-72,2450,-4462,-892,idle-X
4004021408,9,986,-71,2450,-4462,-892,idle-X
4004025398,9,986,-71,2467,-4462,-892,idle-X
4004038548,10,986,-72,2467,-4462,-892,idle-X
4004044675,10,986,-72,2485,-4480,-892,idle-X
4004055687,9,986,-71,2485,-4480,-892,idle-X
4004063950,9,986,-71,2450,-4462,-875,idle-X
4004073131,10,986,-71,2450,-4462,-875,idle-X
4004083226,10,986,-71,2467,-4445,-857,idle-X
4004090268,9,986,-71,2467,-4445,-857,idle-X
4004102196,9,986,-71,2467,-4445,-892,idle-X
4004107407,9,986,-71,2467,-4445,-892,idle-X
4004121473,9,986,-71,2467,-4462,-875,idle-X
4004124546,10,986,-71,2467,-4462,-875,idle-X
4004140747,10,986,-71,2450,-4480,-892,idle-X
4004141989,9,986,-71,2450,-4480,-892,idle-X
4004159107,9,986,-71,2450,-4480,-892,idle-X
4004159737,9,986,-71,2467,-4462,-875,idle-X
4004176245,9,986,-71,2467,-4462,-875,idle-X
4004179014,9,986,-71,2450,-4445,-875,idle-X
4004193690,10,986,-71,2450,-4445,-875,idle-X
4004198290,10,986,-71,2450,-4462,-875,idle-X
4004210829,9,986,-71,2450,-4462,-875,idle-X
4004217260,9,986,-71,2467,-4462,-875,idle-X
4004227967,10,986,-71,2467,-4462,-875,idle-X
4004236536,10,986,-71,2467,-4445,-857,idle-X
4004245105,9,986,-71,2467,-4445,-857,idle-X
4004255811,9,986,-71,2485,-4462,-875,idle-X
4004262549,10,986,-71,2485,-4462,-875,idle-X
4004274782,10,986,-71,2467,-4462,-892,idle-X
4004279687,9,986,-71,2467,-4462,-892,idle-X
4004294057,9,986,-71,2467,-4427,-857,idle-X
4004296824,10,986,-71,2467,-4427,-857,idle-X
4004313332,10,986,-71,2467,-4445,-910,idle-X
4004314268,9,986,-71,2467,-4445,-910,idle-X
4004331386,9,986,-71,2467,-4445,-910,idle-X
4004332323,9,986,-71,2450,-4462,-875,idle-X
4004348525,9,985,-72,2450,-4462,-875,idle-X
4004351599,9,985,-72,2467,-4480,-857,idle-X
4004365664,10,986,-71,2467,-4480,-857,idle-X
4004370874,10,986,-71,2467,-4480,-875,idle-X
4004383107,9,986,-71,2467,-4480,-875,idle-X
4004389843,9,986,-71,2467,-4445,-875,idle-X
4004400245,9,986,-71,2467,-4445,-875,idle-X
4004409120,9,986,-71,2485,-4462,-857,idle-X
4004417384,10,986,-71,2485,-4462,-857,idle-X
4004428396,10,986,-71,2450,-4462,-875,idle-X
4004434829,9,986,-72,2450,-4462,-875,idle-X
4004447671,9,986,-72,2432,-4480,-857,idle-X
4004451965,10,986,-71,2432,-4480,-857,idle-X
4004466640,10,986,-71,2432,-4480,-857,idle-X
4004469103,9,986,-72,2432,-4480,-857,idle-X
4004485915,9,986,-72,2450,-4462,-892,idle-X
4004486546,10,986,-71,2450,-4462,-892,idle-X
4004503663,10,986,-72,2450,-4462,-892,idle-X
4004505209,10,986,-72,2467,-4462,-857,idle-X
4004520801,9,986,-71,2467,-4462,-857,idle-X
4004524180,9,986,-71,2502,-4480,-875,idle-X
4004537939,9,986,-71,2502,-4480,-875,idle-X
4004543454,9,986,-71,2467,-4480,-875,idle-X
4004555383,9,986,-71,2467,-4480,-875,idle-X
4004562731,9,986,-71,2485,-4497,-892,idle-X
4004572523,10,986,-71,2485,-4497,-892,idle-X
4004582008,10,986,-71,2485,-4497,-910,idle-X
4004589661,9,986,-71,2485,-4497,-910,idle-X
4004600977,9,986,-71,2467,-4462,-875,idle-X
4004607104,9,986,-71,2467,-4462,-875,idle-X
4004620252,9,986,-71,2485,-4480,-875,idle-X
4004624242,10,986,-71,2485,-4480,-875,idle-X
4004639528,10,986,-71,2467,-4480,-875,idle-X
4004641381,10,986,-71,2467,-4480,-875,idle-X
4004658499,10,986,-71,2485,-4480,-875,idle-X
4004659129,9,986,-72,2485,-4480,-875,idle-X
4004675941,10,986,-71,2485,-4480,-875,idle-X
4004677793,10,986,-71,2502,-4480,-857,idle-X
4004693080,10,986,-71,2502,-4480,-857,idle-X
4004697070,10,986,-71,2467,-4480,-892,idle-X
4004710218,9,986,-72,2467,-4480,-892,idle-X
4004716039,9,986,-72,2485,-4480,-892,idle-X
4004727661,9,986,-71,2485,-4480,-892,idle-X
4004735313,9,986,-71,2450,-4462,-857,idle-X
4004744798,9,986,-71,2450,-4462,-857,idle-X
4004754588,9,986,-71,2502,-4462,-875,idle-X
4004761936,10,986,-71,2502,-4462,-875,idle-X
4004773862,10,986,-71,2502,-4410,-875,idle-X
4004779378,9,986,-71,2502,-4410,-875,idle-X
4004792831,9,986,-71,2502,-4462,-875,idle-X
4004796516,10,986,-71,2502,-4462,-875,idle-X
4004812107,10,986,-71,2450,-4480,-875,idle-X
4004813654,9,986,-71,2450,-4480,-875,idle-X
4004831079,9,986,-71,2450,-4462,-875,idle-X
4004848210,10,986,-71,2450,-4462,-875,idle-X
4004850367,10,986,-71,2485,-4462,-857,idle-X
4004865347,9,986,-71,2485,-4462,-857,idle-X
4004869642,9,986,-71,2467,-4480,-875,idle-X
4004882790,9,986,-71,2467,-4480,-875,idle-X
4004888917,9,986,-71,2450,-4480,-857,idle-X
4004899929,9,986,-72,2450,-4480,-857,idle-X
4004908193,9,986,-72,2450,-4445,-840,idle-X
4004917067,9,986,-71,2450,-4445,-840,idle-X
4004927163,9,986,-71,2450,-4462,-857,idle-X
4004934204,9,986,-72,2450,-4462,-857,idle-X
4004946437,9,986,-72,2502,-4462,-892,idle-X
4004951648,9,986,-71,2502,-4462,-892,idle-X
4004965714,9,986,-71,2502,-4480,-857,idle-X
4004968788,10,986,-71,2502,-4480,-857,idle-X
4004984684,10,986,-71,2450,-4462,-857,idle-X
4004985926,10,986,-71,2450,-4462,-857,idle-X
4005003350,9,986,-71,2450,-4462,-857,idle-X
4005003980,9,986,-71,2432,-4480,-875,idle-X
4005020489,9,986,-71,2432,-4480,-875,idle-X
4005023257,9,986,-71,2432,-4480,-857,idle-X
4005037628,10,986,-71,2432,-4480,-857,idle-X
4005042533,10,986,-71,2450,-4445,-892,idle-X
4005055071,10,986,-72,2450,-4445,-892,idle-X
4005061504,10,986,-72,2467,-4462,-840,idle-X
4005072212,10,986,-71,2467,-4462,-840,idle-X
4005080782,10,986,-71,2485,-4480,-892,idle-X
4005089352,9,986,-70,2485,-4480,-892,idle-X
4005100057,9,986,-70,2450,-4480,-875,idle-X
4005106794,10,986,-71,2450,-4480,-875,idle-X
4005119027,10,986,-71,2467,-4462,-857,idle-X
4005123932,9,986,-72,2467,-4462,-857,idle-X
4005138302,9,986,-72,2485,-4480,-857,idle-X
4005141070,9,986,-71,2485,-4480,-857,idle-X
4005157578,9,986,-71,2432,-4445,-875,idle-X
4005158209,9,986,-71,2432,-4445,-875,idle-X
4005175632,10,986,-72,2432,-4445,-875,idle-X
4005176874,10,986,-72,2450,-4445,-875,idle-X
4005192771,9,986,-71,2450,-4445,-875,idle-X
4005195845,9,986,-71,2485,-4445,-875,idle-X
4005209910,9,986,-71,2485,-4445,-875,idle-X
4005215121,9,986,-71,2467,-4445,-840,idle-X
4005227355,10,986,-71,2467,-4445,-840,idle-X
4005234397,10,986,-71,2432,-4462,-892,idle-X
4005244493,9,985,-71,2432,-4462,-892,idle-X
4005253366,9,985,-71,2467,-4480,-875,idle-X
4005261629,9,986,-71,2467,-4480,-875,idle-X
4005272641,9,986,-71,2467,-4462,-875,idle-X
4005279073,9,986,-71,2467,-4462,-875,idle-X
4005291916,9,986,-71,2467,-4480,-857,idle-X
4005296211,10,986,-71,2467,-4480,-857,idle-X
4005311191,10,986,-71,2467,-4497,-875,idle-X
4005313348,9,986,-72,2467,-4497,-875,idle-X
4005330160,9,986,-72,2467,-4445,-892,idle-X
4005330791,9,986,-71,2467,-4445,-892,idle-X
4005347910,9,986,-71,2467,-4445,-892,idle-X
4005349457,9,986,-71,2467,-4480,-875,idle-X
4005365050,9,986,-71,2467,-4480,-875,idle-X
4005368733,9,986,-71,2485,-4497,-875,idle-X
4005382188,9,986,-71,2485,-4497,-875,idle-X
4005387705,9,986,-71,2467,-4480,-910,idle-X
4005399633,9,986,-71,2467,-4480,-910,idle-X
4005406981,9,986,-71,2485,-4462,-892,idle-X
4005416772,9,986,-71,2485,-4462,-892,idle-X
4005426256,9,986,-71,2485,-4480,-875,idle-X
4005433910,9,986,-71,2485,-4480,-875,idle-X
4005445227,9,986,-71,2485,-4497,-875,idle-X
4005451047,10,986,-71,2485,-4497,-875,idle-X
4005464501,10,986,-71,2467,-4462,-892,idle-X
4005468491,9,986,-71,2467,-4462,-892,idle-X
4005483779,9,986,-71,2450,-4445,-875,idle-X
4005485631,9,986,-71,2450,-4445,-875,idle-X
4005502748,10,986,-72,2485,-4445,-875,idle-X
4005520184,10,986,-71,2485,-4445,-875,idle-X
4005522037,10,986,-71,2467,-4480,-857,idle-X
4005537324,9,986,-71,2467,-4480,-857,idle-X
4005541313,9,986,-71,2450,-4480,-875,idle-X
4005554462,10,986,-71,2450,-4480,-875,idle-X
4005560283,10,986,-71,2467,-4480,-892,idle-X
4005571601,9,986,-71,2467,-4480,-892,idle-X
4005579559,9,986,-71,2450,-4462,-857,idle-X
4005589044,10,986,-71,2450,-4462,-857,idle-X
4005598835,10,986,-71,2467,-4480,-892,idle-X
4005606184,9,986,-71,2467,-4480,-892,idle-X
4005618112,9,986,-71,2450,-4480,-892,idle-X
4005623323,10,986,-71,2450,-4480,-892,idle-X
4005637082,10,986,-71,2432,-4462,-875,idle-X
4005640766,9,986,-71,2432,-4462,-875,idle-X
4005656357,9,986,-71,2432,-4497,-875,idle-X
4005657905,10,986,-71,2432,-4497,-875,idle-X
4005675023,10,986,-71,2432,-4497,-875,idle-X
4005675654,10,986,-71,2467,-4480,-875,idle-X
4005692467,10,986,-71,2467,-4480,-875,idle-X
4005694625,10,986,-71,2450,-4480,-857,idle-X
4005709606,10,986,-71,2450,-4480,-857,idle-X
4005713900,10,986,-71,2450,-4480,-875,idle-X
4005726744,9,986,-72,2450,-4480,-875,idle-X
4005733176,9,986,-72,2485,-4480,-875,idle-X
4005743883,9,986,-71,2485,-4480,-875,idle-X
4005752147,9,986,-71,2485,-4462,-875,idle-X
4005761325,9,986,-72,2485,-4462,-875,idle-X
4005771420,9,986,-72,2467,-4480,-875,idle-X
4005778463,9,986,-71,2467,-4480,-875,idle-X
4005790696,9,986,-71,2450,-4462,-875,idle-X
4005795602,9,986,-71,2450,-4462,-875,idle-X
4005809667,9,986,-71,2450,-4462,-875,idle-X
4005812741,9,987,-71,2450,-4462,-875,idle-X
4005828944,9,987,-71,2467,-4480,-892,idle-X
4005830185,10,986,-71,2467,-4480,-892,idle-X
4005847303,9,986,-71,2467,-4480,-892,idle-X
4005848239,9,986,-71,2467,-4445,-875,idle-X
4005864441,9,986,-71,2467,-4445,-875,idle-X
4005867516,9,986,-71,2467,-4480,-857,idle-X
4005881887,9,986,-71,2467,-4480,-857,idle-X
4005886486,9,986,-71,2467,-4480,-910,idle-X
4005899024,10,986,-71,2467,-4480,-910,idle-X
4005905761,10,986,-71,2485,-4445,-857,idle-X
4005916162,9,986,-71,2485,-4445,-857,idle-X
4005925036,9,986,-71,2450,-4462,-857,idle-X
4005933606,9,986,-71,2450,-4462,-857,idle-X
4005944007,9,986,-71,2450,-4462,-875,idle-X
4005950745,10,986,-71,2450,-4462,-875,idle-X
4005963283,10,986,-71,2450,-4462,-892,idle-X
4005967882,9,986,-71,2450,-4462,-892,idle-X
4005982557,9,986,-71,2485,-4462,-875,idle-X
4005985020,9,986,-71,2485,-4462,-875,idle-X
4006001833,9,986,-71,2467,-4462,-892,idle-X
4006002463,9,986,-71,2467,-4462,-892,idle-X
4006019580,9,986,-71,2467,-4462,-892,idle-X
4006020822,9,986,-71,2467,-4480,-857,idle-X
4006036720,9,986,-71,2467,-4480,-857,idle-X
4006040098,9,986,-71,2450,-4462,-857,idle-X
4006054164,9,986,-71,2450,-4462,-857,idle-X
4006059375,9,986,-71,2467,-4462,-857,idle-X
4006071303,9,986,-71,2467,-4462,-857,idle-X
4006078345,9,986,-71,2467,-4480,-875,idle-X
4006088442,9,986,-71,2467,-4480,-875,idle-X
4006097622,9,986,-71,2467,-4445,-857,idle-X
4006105886,10,986,-71,2467,-4445,-857,idle-X
4006116897,10,986,-71,2450,-4445,-857,idle-X
4006123023,9,986,-71,2450,-4445,-857,idle-X
4006136172,9,986,-71,2432,-4480,-875,idle-X
4006140162,9,986,-72,2432,-4480,-875,idle-X
4006155143,9,986,-72,2450,-4462,-875,idle-X
4006157605,10,986,-72,2450,-4462,-875,idle-X
4006174418,10,986,-72,2485,-4462,-875,idle-X
4006175048,9,986,-71,2485,-4462,-875,idle-X
4006191862,9,986,-71,2485,-4462,-875,idle-X
4006193715,9,986,-71,2485,-4480,-857,idle-X
4006209306,9,986,-72,2485,-4480,-857,idle-X
4006212685,9,986,-72,2450,-4497,-857,idle-X
4006226443,10,986,-71,2450,-4497,-857,idle-X
4006231961,10,986,-71,2467,-4480,-840,idle-X
4006243582,9,986,-71,2467,-4480,-840,idle-X
4006251235,9,986,-71,2467,-4480,-857,idle-X
4006260721,10,986,-71,2467,-4480,-857,idle-X
4006270512,10,986,-71,2467,-4480,-875,idle-X
4006278165,8,986,-72,2467,-4480,-875,idle-X
4006289481,8,986,-72,2467,-4462,-892,idle-X
4006295303,9,986,-72,2467,-4462,-892,idle-X
4006308756,9,986,-72,2467,-4462,-892,idle-X
4006312439,9,986,-71,2467,-4462,-892,idle-X
4006328031,9,986,-71,2467,-4445,-892,idle-X
4006329882,10,986,-72,2467,-4445,-892,idle-X
4006347000,9,986,-71,2450,-4462,-875,idle-X
4006364131,9,986,-71,2450,-4462,-875,idle-X
4006366288,9,986,-71,2450,-4497,-857,idle-X
4006381575,9,986,-71,2450,-4497,-857,idle-X
4006385565,9,986,-71,2467,-4497,-892,idle-X
4006398714,10,986,-71,2467,-4497,-892,idle-X
4006404841,10,986,-71,2450,-4462,-840,idle-X
4006415854,9,986,-71,2450,-4462,-840,idle-X
4006423813,9,986,-71,2485,-4462,-857,idle-X
4006433298,9,986,-71,2485,-4462,-857,idle-X
4006443088,9,986,-71,2450,-4445,-892,idle-X
4006450436,9,986,-71,2450,-4445,-892,idle-X
4006462364,9,986,-71,2485,-4480,-875,idle-X
4006467575,10,986,-71,2485,-4480,-875,idle-X
4006481641,10,986,-71,2520,-4462,-892,idle-X
4006485020,9,986,-72,2520,-4462,-892,idle-X
4006500611,9,986,-72,2450,-4462,-857,idle-X
4006502157,9,986,-71,2450,-4462,-857,idle-X
4006519275,9,986,-71,2450,-4462,-857,idle-X
4006519905,9,986,-71,2450,-4445,-875,idle-X
4006536719,10,986,-71,2450,-4445,-875,idle-X
4006539182,10,986,-71,2467,-4427,-857,idle-X
4006553857,10,986,-71,2467,-4427,-857,idle-X
4006558152,10,986,-71,2485,-4462,-875,idle-X
4006570995,9,986,-71,2485,-4462,-875,idle-X
4006577426,9,986,-71,2502,-4462,-857,idle-X
4006588439,10,986,-72,2502,-4462,-857,idle-X
4006596705,10,986,-72,2485,-4480,-875,idle-X
4006605579,10,985,-71,2485,-4480,-875,idle-X
4006615980,10,985,-71,2485,-4462,-892,idle-X
4006622717,9,986,-71,2485,-4462,-892,idle-X
4006634950,9,986,-71,2467,-4462,-892,idle-X
4006640162,9,986,-71,2467,-4462,-892,idle-X
4006654226,9,986,-71,2502,-4480,-892,idle-X
4006657300,9,986,-71,2502,-4480,-892,idle-X
4006673503,9,986,-71,2467,-4480,-875,idle-X
4006674439,9,986,-71,2467,-4480,-875,idle-X
4006691862,9,986,-71,2467,-4480,-875,idle-X
4006692493,9,986,-71,2450,-4462,-857,idle-X
4006709000,9,985,-71,2450,-4462,-857,idle-X
4006711768,9,985,-71,2502,-4462,-875,idle-X
4006726138,9,986,-71,2502,-4462,-875,idle-X
4006731043,9,986,-71,2450,-4462,-875,idle-X
4006743276,10,986,-71,2450,-4462,-875,idle-X
4006750319,10,986,-71,2467,-4480,-892,idle-X
4006760720,9,986,-71,2467,-4480,-892,idle-X
4006769289,9,986,-71,2485,-4480,-892,idle-X
4006777857,9,986,-71,2485,-4480,-892,idle-X
4006788565,9,986,-71,2467,-4462,-857,idle-X
4006794997,9,986,-71,2467,-4462,-857,idle-X
4006807840,9,986,-71,2502,-4462,-875,idle-X
4006812440,9,986,-71,2502,-4462,-875,idle-X
4006827116,9,986,-71,2485,-4480,-875,idle-X
4006829578,10,986,-71,2485,-4480,-875,idle-X
4006846086,10,986,-71,2467,-4462,-857,idle-X
4006846716,9,986,-71,2467,-4462,-857,idle-X
4006864139,9,986,-71,2467,-4462,-857,idle-X
4006865380,9,986,-71,2467,-4480,-892,idle-X
4006881277,9,986,-71,2467,-4480,-892,idle-X
4006884656,9,986,-71,2467,-4462,-875,idle-X
4006898415,9,986,-71,2467,-4462,-875,idle-X
4006903625,9,986,-71,2485,-4462,-875,idle-X
4006915858,9,986,-71,2485,-4462,-875,idle-X
4006922901,9,986,-71,2450,-4480,-892,idle-X
4006932997,10,986,-72,2450,-4480,-892,idle-X
4006942177,10,986,-72,2485,-4480,-892,idle-X
4006950135,9,986,-71,2485,-4480,-892,idle-X
4006961451,9,986,-71,2467,-4462,-875,idle-X
4006967578,9,986,-71,2467,-4462,-875,idle-X
4006980422,9,986,-71,2450,-4462,-857,idle-X
4006984717,10,986,-71,2450,-4462,-857,idle-X
4006999698,10,986,-71,2485,-4462,-892,idle-X
4007001856,9,986,-71,2485,-4462,-892,idle-X
4007018973,9,986,-71,2485,-4480,-875,idle-X
4007036409,9,986,-71,2485,-4480,-875,idle-X
4007037955,9,986,-71,2467,-4462,-875,idle-X
4007053548,10,986,-71,2467,-4462,-875,idle-X
4007057232,10,986,-71,2485,-4462,-875,idle-X
4007070686,9,986,-71,2485,-4462,-875,idle-X
4007076508,9,986,-71,2467,-4480,-875,idle-X
4007088131,9,986,-71,2467,-4480,-875,idle-X
4007095784,9,986,-71,2432,-4497,-875,idle-X
4007105268,9,986,-71,2432,-4497,-875,idle-X
4007114753,9,986,-71,2432,-4480,-857,idle-X
4007122407,9,986,-71,2432,-4480,-857,idle-X
4007134029,9,986,-71,2450,-4480,-875,idle-X
4007139851,9,986,-72,2450,-4480,-875,idle-X
4007153304,9,986,-72,2467,-4497,-875,idle-X
4007156988,10,986,-71,2467,-4497,-875,idle-X
4007172580,10,986,-71,2467,-4462,-857,idle-X
4007174127,9,985,-71,2467,-4462,-857,idle-X
4007191552,9,986,-71,2450,-4480,-875,idle-X
4007208682,9,986,-71,2450,-4480,-875,idle-X
4007210840,9,986,-71,2450,-4480,-875,idle-X
4007225821,10,986,-71,2450,-4480,-875,idle-X
4007230115,10,986,-71,2432,-4445,-857,idle-X
4007243265,9,986,-71,2432,-4445,-857,idle-X
4007249086,9,986,-71,2467,-4427,-892,idle-X
4007260404,10,986,-71,2467,-4427,-892,idle-X
4007268362,10,986,-71,2450,-4462,-892,idle-X
4007277541,9,986,-71,2450,-4462,-892,idle-X
4007287638,9,986,-71,2467,-4480,-875,idle-X
4007294985,9,986,-71,2467,-4480,-875,idle-X
4007306914,9,986,-71,2485,-4480,-875,idle-X
4007312125,10,986,-71,2485,-4480,-875,idle-X
4007325884,10,986,-71,2485,-4427,-892,idle-X
4007329263,9,986,-71,2485,-4427,-892,idle-X
4007345159,9,986,-71,2467,-4480,-875,idle-X
4007346707,9,986,-71,2467,-4480,-875,idle-X
4007363825,10,986,-71,2467,-4480,-875,idle-X
4007364455,10,986,-71,2432,-4462,-875,idle-X
4007380965,9,986,-71,2432,-4462,-875,idle-X
4007383733,9,986,-71,2467,-4462,-857,idle-X
4007398409,9,986,-72,2467,-4462,-857,idle-X
4007402703,9,986,-72,2485,-4462,-875,idle-X
4007415546,9,986,-71,2485,-4462,-875,idle-X
4007421977,9,986,-71,2467,-4462,-875,idle-X
4007432682,9,986,-71,2467,-4462,-875,idle-X
4007441252,9,986,-71,2432,-4480,-892,idle-X
4007450127,9,986,-71,2432,-4480,-892,idle-X
4007460529,9,986,-71,2432,-4480,-910,idle-X
4007467267,9,985,-71,2432,-4480,-910,idle-X
4007479499,9,985,-71,2467,-4462,-892,idle-X
4007484404,9,986,-71,2467,-4462,-892,idle-X
4007498774,9,986,-71,2467,-4427,-875,idle-X
4007501847,10,986,-71,2467,-4427,-875,idle-X
4007518049,10,986,-71,2450,-4462,-875,idle-X
4007518985,9,986,-71,2450,-4462,-875,idle-X
4007536103,9,985,-72,2450,-4462,-875,idle-X
4007537039,9,985,-72,2467,-4462,-857,idle-X
4007553546,10,986,-71,2467,-4462,-857,idle-X
4007556314,10,986,-71,2467,-4480,-875,idle-X
4007570684,10,986,-71,2467,-4480,-875,idle-X
4007575589,10,986,-71,2467,-4480,-875,idle-X
4007587822,10,986,-72,2467,-4480,-875,idle-X
4007594865,10,986,-72,2467,-4480,-892,idle-X
4007605266,10,987,-71,2467,-4480,-892,idle-X
4007613835,10,987,-71,2502,-4462,-857,idle-X
4007622405,9,986,-71,2502,-4462,-857,idle-X
4007633111,9,986,-71,2502,-4480,-857,idle-X
4007639544,10,986,-71,2502,-4480,-857,idle-X
4007652388,10,986,-71,2485,-4462,-875,idle-X
4007656683,9,986,-71,2485,-4462,-875,idle-X
4007671663,9,986,-71,2467,-4462,-857,idle-X
4007674125,9,986,-72,2467,-4462,-857,idle-X
4007690633,9,986,-72,2467,-4480,-892,idle-X
4007691263,9,986,-72,2467,-4480,-892,idle-X
4007708382,9,986,-72,2467,-4480,-892,idle-X
4007709929,9,986,-72,2467,-4480,-892,idle-X
4007725825,9,986,-71,2467,-4480,-892,idle-X
4007729204,9,986,-71,2485,-4462,-875,idle-X
4007742965,9,986,-71,2485,-4462,-875,idle-X
4007748175,9,986,-71,2467,-4480,-875,idle-X
4007760103,9,986,-71,2467,-4480,-875,idle-X
4007767450,9,986,-71,2467,-4462,-875,idle-X
4007777548,10,986,-71,2467,-4462,-875,idle-X
4007786727,10,986,-71,2467,-4462,-857,idle-X
4007794687,9,986,-71,2467,-4462,-857,idle-X
4007805698,9,986,-71,2432,-4445,-857,idle-X
4007811825,10,986,-70,2432,-4445,-857,idle-X
4007824973,10,986,-70,2432,-4462,-840,idle-X
4007828963,9,986,-71,2432,-4462,-840,idle-X
4007844249,9,986,-71,2467,-4462,-875,idle-X
4007846407,10,986,-71,2467,-4462,-875,idle-X
4007863525,9,986,-71,2467,-4462,-892,idle-X
4007880656,10,986,-71,2467,-4462,-892,idle-X
4007882509,10,986,-71,2450,-4462,-875,idle-X
4007898101,10,986,-71,2450,-4462,-875,idle-X
4007901785,10,986,-71,2485,-4445,-892,idle-X
4007915240,9,986,-71,2485,-4445,-892,idle-X
4007921060,9,986,-71,2467,-4462,-892,idle-X
4007932376,9,986,-71,2467,-4462,-892,idle-X
4007940029,9,986,-71,2432,-4480,-892,idle-X
4007949819,9,986,-71,2432,-4480,-892,idle-X
4007959304,9,986,-71,2450,-4427,-875,idle-X
4007966957,9,986,-72,2450,-4427,-875,idle-X
4007978579,9,986,-72,2467,-4462,-857,idle-X
4007984096,9,986,-71,2467,-4462,-857,idle-X
4007997550,9,986,-71,2450,-4445,-857,idle-X
4008001234,9,986,-71,2450,-4445,-857,idle-X
4008016825,9,986,-71,2467,-4445,-857,idle-X
4008018678,9,986,-72,2467,-4445,-857,idle-X
4008035797,9,986,-71,2450,-4445,-875,idle-X
4008052928,9,986,-71,2450,-4445,-875,idle-X
4008055390,9,986,-71,2450,-4480,-875,idle-X
4008070371,9,986,-71,2450,-4480,-875,idle-X
4008074360,9,986,-71,2450,-4480,-857,idle-X
4008087508,9,986,-72,2450,-4480,-857,idle-X
4008093635,9,986,-72,2467,-4480,-875,idle-X
4008104647,9,986,-71,2467,-4480,-875,idle-X
4008112912,9,986,-71,2467,-4445,-840,idle-X
4008122092,9,986,-71,2467,-4445,-840,idle-X
4008131882,9,986,-71,2467,-4462,-857,idle-X
4008139229,9,986,-71,2467,-4462,-857,idle-X
4008151157,9,986,-71,2467,-4462,-875,idle-X
4008156367,9,986,-71,2467,-4462,-875,idle-X
4008170434,9,986,-71,2467,-4462,-875,idle-X
4008173508,9,986,-72,2467,-4462,-875,idle-X
4008189710,9,986,-72,2432,-4462,-875,idle-X
4008190952,10,986,-71,2432,-4462,-875,idle-X
4008208070,10,986,-71,2432,-4462,-875,idle-X
4008208700,10,986,-71,2450,-4445,-875,idle-X
4008225209,9,986,-71,2450,-4445,-875,idle-X
4008227977,9,986,-71,2450,-4462,-892,idle-X
4008242651,10,986,-71,2450,-4462,-892,idle-X
4008247252,10,986,-71,2485,-4462,-875,idle-X
4008259789,10,986,-71,2485,-4462,-875,idle-X
4008266221,10,986,-71,2450,-4497,-892,idle-X
4008276927,10,986,-71,2450,-4497,-892,idle-X
4008285497,10,986,-71,2467,-4462,-857,idle-X
4008294372,9,986,-71,2467,-4462,-857,idle-X
4008304773,9,986,-71,2467,-4445,-875,idle-X
4008311510,9,986,-71,2467,-4445,-875,idle-X
4008324049,9,986,-71,2467,-4445,-892,idle-X
4008328649,10,986,-71,2467,-4445,-892,idle-X
4008343019,10,986,-71,2450,-4497,-875,idle-X
4008346092,10,986,-71,2450,-4497,-875,idle-X
4008362294,10,986,-71,2450,-4480,-857,idle-X
4008363230,10,986,-71,2450,-4480,-857,idle-X
4008380348,9,986,-72,2450,-4480,-857,idle-X
4008381590,9,986,-72,2467,-4480,-857,idle-X
4008397792,9,986,-72,2467,-4480,-857,idle-X
4008400866,9,986,-72,2467,-4462,-892,idle-X
4008414930,9,986,-71,2467,-4462,-892,idle-X
4008419836,9,986,-71,2467,-4462,-875,idle-X
4008432069,9,986,-71,2467,-4462,-875,idle-X
4008439112,9,986,-71,2467,-4497,-857,idle-X
4008449513,9,986,-71,2467,-4497,-857,idle-X
4008458388,9,986,-71,2467,-4480,-857,idle-X
4008466652,9,986,-71,2467,-4480,-857,idle-X
4008477358,9,986,-71,2467,-4462,-875,idle-X
4008483790,9,986,-71,2467,-4462,-875,idle-X
4008496634,9,986,-71,2450,-4462,-875,idle-X
4008501234,9,986,-71,2450,-4462,-875,idle-X
4008515909,9,986,-71,2467,-4480,-857,idle-X
4008518371,10,986,-71,2467,-4480,-857,idle-X
4008535184,10,986,-71,2485,-4480,-857,idle-X
4008535814,9,986,-71,2485,-4480,-857,idle-X
4008552933,9,986,-72,2485,-4480,-857,idle-X
4008554175,9,986,-72,2450,-4480,-892,idle-X
4008570072,9,986,-71,2450,-4480,-892,idle-X
4008573450,9,986,-71,2485,-4480,-875,idle-X
4008587210,9,986,-71,2485,-4480,-875,idle-X
4008592726,9,986,-71,2485,-4462,-875,idle-X
4008604348,9,986,-71,2485,-4462,-875,idle-X
4008611696,9,986,-71,2467,-4445,-892,idle-X
4008621793,9,986,-71,2467,-4445,-892,idle-X
4008630972,9,986,-71,2467,-4445,-875,idle-X
4008638931,9,986,-71,2467,-4445,-875,idle-X
4008650247,9,986,-71,2485,-4462,-875,idle-X
4008656068,9,986,-71,2485,-4462,-875,idle-X
4008669522,9,986,-71,2450,-4462,-892,idle-X
4008673511,9,986,-71,2450,-4462,-892,idle-X
4008688493,9,986,-71,2467,-4462,-875,idle-X
4008690650,9,986,-71,2467,-4462,-875,idle-X
4008707768,10,986,-71,2467,-4480,-892,idle-X
4008725204,10,986,-71,2467,-4480,-892,idle-X
4008727057,10,986,-71,2467,-4462,-910,idle-X
4008742343,9,986,-71,2467,-4462,-910,idle-X
4008746027,9,986,-71,2485,-4462,-892,idle-X
4008759482,9,986,-71,2485,-4462,-892,idle-X
4008765304,9,986,-71,2467,-4480,-892,idle-X
4008776926,9,986,-71,2467,-4480,-892,idle-X
4008784580,9,986,-71,2467,-4480,-892,idle-X
4008794065,10,986,-71,2467,-4480,-892,idle-X
4008803856,10,986,-71,2467,-4462,-875,idle-X
4008811204,9,986,-72,2467,-4462,-875,idle-X
4008822828,9,986,-72,2450,-4497,-892,idle-X
4008828649,9,986,-71,2450,-4497,-892,idle-X
4008842105,9,986,-71,2467,-4480,-857,idle-X
4008845789,10,986,-71,2467,-4480,-857,idle-X
4008861380,10,986,-71,2450,-4462,-857,idle-X
4008862927,9,986,-71,2450,-4462,-857,idle-X
4008880046,10,986,-71,2485,-4497,-892,idle-X
4008897482,9,986,-71,2485,-4497,-892,idle-X
4008899640,9,986,-71,2450,-4445,-857,idle-X
4008914620,9,986,-71,2450,-4445,-857,idle-X
4008918914,9,986,-71,2467,-4445,-857,idle-X
4008931756,9,985,-72,2467,-4445,-857,idle-X
4008938189,9,985,-72,2450,-4462,-857,idle-X
4008949200,9,986,-71,2450,-4462,-857,idle-X
4008957159,9,986,-71,2467,-4462,-892,idle-X
4008966339,9,986,-71,2467,-4462,-892,idle-X
4008976435,9,986,-71,2485,-4462,-892,idle-X
4008983479,10,986,-71,2485,-4462,-892,idle-X
4008995712,10,986,-71,2485,-4480,-857,idle-X
4009000923,9,986,-71,2485,-4480,-857,idle-X
4009014988,9,986,-71,2467,-4462,-875,idle-X
4009018062,9,986,-71,2467,-4462,-875,idle-X
4009033958,9,986,-71,2485,-4462,-892,idle-X
4009035199,9,986,-71,2485,-4462,-892,idle-X
4009052623,9,986,-71,2485,-4462,-892,idle-X
4009053253,9,986,-71,2450,-4462,-857,idle-X
4009069761,9,986,-71,2450,-4462,-857,idle-X
4009072529,9,986,-71,2450,-4445,-857,idle-X
4009086901,9,986,-71,2450,-4445,-857,idle-X
4009091501,9,986,-71,2450,-4445,-875,idle-X
4009104039,10,986,-71,2450,-4445,-875,idle-X
4009110776,10,986,-71,2450,-4462,-875,idle-X
4009121481,9,986,-71,2450,-4462,-875,idle-X
4009130050,9,986,-71,2485,-4480,-857,idle-X
4009138619,9,986,-71,2485,-4480,-857,idle-X
4009149020,9,986,-71,2467,-4480,-857,idle-X
4009155758,9,986,-71,2467,-4480,-857,idle-X
4009168297,9,986,-71,2485,-4480,-892,idle-X
4009173202,9,985,-71,2485,-4480,-892,idle-X
4009187572,9,985,-71,2450,-4462,-840,idle-X
4009190340,9,986,-71,2450,-4462,-840,idle-X
4009206848,9,986,-71,2450,-4445,-892,idle-X
4009207478,9,986,-71,2450,-4445,-892,idle-X
4009224902,9,986,-72,2450,-4445,-892,idle-X
4009225838,9,986,-72,2467,-4480,-875,idle-X
4009242040,9,986,-71,2467,-4480,-875,idle-X
4009245113,9,986,-71,2467,-4462,-875,idle-X
4009259177,10,986,-71,2467,-4462,-875,idle-X
4009264387,10,986,-71,2467,-4480,-857,idle-X
4009276620,10,986,-71,2467,-4480,-857,idle-X
4009283357,10,986,-71,2450,-4462,-857,idle-X
4009293758,9,986,-71,2450,-4462,-857,idle-X
4009302633,9,986,-71,2467,-4480,-875,idle-X
4009310897,9,986,-71,2467,-4480,-875,idle-X
4009321909,9,986,-71,2450,-4480,-875,idle-X
4009328341,9,986,-72,2450,-4480,-875,idle-X
4009341185,9,986,-72,2467,-4462,-927,idle-X
4009345480,9,986,-72,2467,-4462,-927,idle-X
4009360156,9,986,-72,2467,-4480,-875,idle-X
4009362619,10,986,-72,2467,-4480,-875,idle-X
4009379431,10,986,-72,2450,-4480,-875,idle-X
4009380062,9,986,-71,2450,-4480,-875,idle-X
4009397180,10,986,-71,2450,-4480,-875,idle-X
4009398727,10,986,-71,2450,-4462,-875,idle-X
4009414320,9,986,-71,2450,-4462,-875,idle-X
4009417698,9,986,-71,2450,-4480,-857,idle-X
4009431458,9,985,-71,2450,-4480,-857,idle-X
4009436974,9,985,-71,2485,-4497,-822,idle-X
4009448901,10,986,-71,2485,-4497,-822,idle-X
4009456249,10,986,-71,2485,-4480,-892,idle-X
4009466039,9,986,-71,2485,-4480,-892,idle-X
4009475526,9,986,-71,2485,-4462,-875,idle-X
4009483180,10,986,-71,2485,-4462,-875,idle-X
4009494497,10,986,-71,2485,-4462,-892,idle-X
4009500623,9,986,-71,2485,-4462,-892,idle-X
4009513772,9,986,-71,2467,-4462,-857,idle-X
4009517761,9,986,-71,2467,-4462,-857,idle-X
4009533047,9,986,-71,2450,-4462,-875,idle-X
4009534898,10,986,-71,2450,-4462,-875,idle-X
4009552017,10,986,-71,2450,-4462,-892,idle-X
4009552647,10,986,-71,2450,-4462,-892,idle-X
4009569460,9,986,-71,2450,-4462,-892,idle-X
4009571313,9,986,-71,2450,-4497,-857,idle-X
4009586598,10,986,-71,2450,-4497,-857,idle-X
4009590587,10,986,-71,2467,-4480,-857,idle-X
4009603736,9,986,-71,2467,-4480,-857,idle-X
4009609557,9,986,-71,2450,-4462,-892,idle-X
4009621180,9,986,-72,2450,-4462,-892,idle-X
4009628834,9,986,-72,2485,-4462,-892,idle-X
4009638319,9,985,-72,2485,-4462,-892,idle-X
4009648110,9,985,-72,2502,-4445,-875,idle-X
4009655457,9,986,-71,2502,-4445,-875,idle-X
4009667386,9,986,-71,2485,-4480,-857,idle-X
4009672902,9,986,-71,2485,-4480,-857,idle-X
4009686357,9,986,-71,2467,-4445,-892,idle-X
4009690040,9,986,-71,2467,-4445,-892,idle-X
4009705632,9,986,-71,2467,-4427,-875,idle-X
4009707178,9,986,-71,2467,-4427,-875,idle-X
4009724602,10,986,-70,2432,-4445,-857,idle-X
4009741733,9,986,-71,2432,-4445,-857,idle-X
4009743891,9,986,-71,2450,-4445,-857,idle-X
4009758871,9,986,-71,2450,-4445,-857,idle-X
4009763167,9,986,-71,2485,-4480,-892,idle-X
4009776010,9,986,-72,2485,-4480,-892,idle-X
4009782441,9,986,-72,2485,-4462,-892,idle-X
4009793453,9,986,-72,2485,-4462,-892,idle-X
4009801719,9,986,-72,2450,-4480,-857,idle-X
4009810594,9,986,-71,2450,-4480,-857,idle-X
4009820690,9,986,-71,2450,-4445,-875,idle-X
4009827732,10,986,-71,2450,-4445,-875,idle-X
4009839966,10,986,-71,2467,-4462,-840,idle-X
4009845175,9,986,-71,2467,-4462,-840,idle-X
4009859240,9,986,-71,2502,-4480,-875,idle-X
4009862313,9,986,-71,2502,-4480,-875,idle-X
4009878212,9,986,-71,2485,-4462,-892,idle-X
4009879454,10,986,-71,2485,-4462,-892,idle-X
4009896572,9,986,-71,2485,-4462,-892,idle-X
4009897508,9,986,-71,2485,-4462,-875,idle-X
4009914016,9,986,-71,2485,-4462,-875,idle-X
4009916784,9,986,-71,2467,-4462,-875,idle-X
4009931155,9,986,-71,2467,-4462,-875,idle-X
4009935756,9,986,-71,2450,-4462,-875,idle-X
4009948295,9,986,-71,2450,-4462,-875,idle-X
4009955032,9,986,-71,2467,-4462,-875,idle-X
4009965740,9,986,-71,2467,-4462,-875,idle-X
4009974309,9,986,-71,2467,-4462,-857,idle-X
4009982878,10,986,-71,2467,-4462,-857,idle-X
4009993278,10,986,-71,2450,-4462,-875,idle-X
4010000015,9,986,-71,2450,-4462,-875,idle-X
4010012554,9,986,-71,2485,-4480,-857,idle-X
4010017153,10,986,-71,2485,-4480,-857,idle-X
4010031828,10,986,-71,2467,-4480,-875,idle-X
4010034596,10,986,-71,2467,-4480,-875,idle-X
4010051103,10,986,-71,2467,-4445,-857,idle-X
4010051733,9,986,-71,2467,-4445,-857,idle-X
4010068853,10,986,-72,2467,-4445,-857,idle-X
4010070095,10,986,-72,2485,-4445,-875,idle-X
4010086298,10,986,-71,2485,-4445,-875,idle-X
4010089372,10,986,-71,2432,-4445,-875,idle-X
4010103437,9,986,-71,2432,-4445,-875,idle-X
4010108343,9,986,-71,2450,-4462,-875,idle-X
4010120576,9,986,-71,2450,-4462,-875,idle-X
4010127619,9,986,-71,2467,-4462,-875,idle-X
4010137715,9,986,-71,2467,-4462,-875,idle-X
4010146894,9,986,-71,2467,-4480,-875,idle-X
4010155158,9,986,-71,2467,-4480,-875,idle-X
4010165864,9,986,-71,2467,-4462,-875,idle-X
4010172297,9,986,-71,2467,-4462,-875,idle-X
4010185141,9,986,-71,2467,-4480,-875,idle-X
4010189436,9,986,-71,2467,-4480,-875,idle-X
4010204418,9,986,-71,2450,-4480,-892,idle-X
4010206576,10,986,-72,2450,-4480,-892,idle-X
4010223694,10,986,-72,2467,-4462,-875,idle-X
4010224324,9,986,-71,2467,-4462,-875,idle-X
4010241137,10,986,-71,2467,-4462,-875,idle-X
4010242684,10,986,-71,2467,-4462,-857,idle-X
4010258275,10,986,-71,2467,-4462,-857,idle-X
4010261959,10,986,-71,2467,-4480,-892,idle-X
4010275720,9,986,-71,2467,-4480,-892,idle-X
4010280931,9,986,-71,2467,-4497,-892,idle-X
4010292858,9,986,-71,2467,-4497,-892,idle-X
4010300206,9,986,-71,2450,-4462,-875,idle-X
4010309997,9,986,-71,2450,-4462,-875,idle-X
4010319481,9,986,-71,2467,-4480,-892,idle-X
4010327135,9,985,-72,2467,-4480,-892,idle-X
4010338452,9,985,-72,2450,-4480,-875,idle-X
4010344578,10,986,-71,2450,-4480,-875,idle-X
4010357726,10,986,-71,2432,-4462,-875,idle-X
4010361715,10,986,-72,2432,-4462,-875,idle-X
4010377001,10,986,-72,2450,-4462,-857,idle-X
4010378853,10,986,-71,2450,-4462,-857,idle-X
4010395971,9,986,-71,2467,-4462,-892,idle-X
4010413407,9,986,-71,2467,-4462,-892,idle-X
4010415259,9,986,-71,2502,-4497,-892,idle-X
4010430545,9,986,-71,2502,-4497,-892,idle-X
4010434535,9,986,-71,2485,-4480,-857,idle-X
4010447684,10,986,-71,2485,-4480,-857,idle-X
4010453505,10,986,-71,2467,-4462,-875,idle-X
4010464823,10,986,-71,2467,-4462,-875,idle-X
4010472781,10,986,-71,2485,-4462,-875,idle-X
4010482266,9,986,-72,2485,-4462,-875,idle-X
4010492057,9,986,-72,2467,-4462,-875,idle-X
4010499404,10,986,-72,2467,-4462,-875,idle-X
4010511026,10,986,-72,2485,-4445,-875,idle-X
4010516543,9,986,-71,2485,-4445,-875,idle-X
4010530303,9,986,-71,2467,-4445,-875,idle-X
4010533683,9,986,-71,2467,-4445,-875,idle-X
4010549579,9,986,-71,2467,-4480,-875,idle-X
4010551127,9,986,-71,2467,-4480,-875,idle-X
4010568244,9,986,-71,2485,-4480,-840,idle-X
4010585375,10,986,-71,2485,-4480,-840,idle-X
4010587838,10,986,-71,2485,-4480,-875,idle-X
4010602819,10,986,-71,2485,-4480,-875,idle-X
4010607113,10,986,-71,2520,-4480,-875,idle-X
4010619956,9,985,-71,2520,-4480,-875,idle-X
4010626082,9,985,-71,2485,-4462,-892,idle-X
4010637094,10,986,-71,2485,-4462,-892,idle-X
4010645358,10,986,-71,2432,-4427,-857,idle-X
4010654233,9,986,-71,2432,-4427,-857,idle-X
4010664634,9,986,-71,2467,-4462,-892,idle-X
4010671676,10,986,-71,2467,-4462,-892,idle-X
4010683604,10,986,-71,2467,-4462,-875,idle-X
4010688814,10,986,-71,2467,-4462,-875,idle-X
4010702879,10,986,-71,2467,-4445,-875,idle-X
4010705952,9,986,-71,2467,-4445,-875,idle-X
4010722155,9,986,-71,2450,-4480,-875,idle-X
4010723091,10,986,-71,2450,-4480,-875,idle-X
4010740514,9,986,-71,2450,-4480,-875,idle-X
4010741144,9,986,-71,2485,-4462,-910,idle-X
4010757653,9,986,-72,2485,-4462,-910,idle-X
4010760421,9,986,-72,2467,-4445,-892,idle-X
4010774792,9,986,-71,2467,-4445,-892,idle-X
4010779697,9,986,-71,2485,-4480,-875,idle-X
4010792237,10,986,-72,2485,-4480,-875,idle-X
4010798668,10,986,-72,2450,-4445,-875,idle-X
4010809373,9,986,-71,2450,-4445,-875,idle-X
4010817943,9,986,-71,2450,-4462,-857,idle-X
4010826511,9,986,-71,2450,-4462,-857,idle-X
4010837218,9,986,-71,2467,-4462,-875,idle-X
4010843650,10,986,-71,2467,-4462,-875,idle-X
4010856495,10,986,-71,2467,-4445,-875,idle-X
4010861095,9,985,-71,2467,-4445,-875,idle-X
4010875464,9,985,-71,2450,-4480,-857,idle-X
4010878233,9,986,-72,2450,-4480,-857,idle-X
4010894740,9,986,-72,2450,-4480,-875,idle-X
4010895371,9,986,-71,2450,-4480,-875,idle-X
4010912794,9,986,-71,2450,-4480,-875,idle-X
4010914036,9,986,-71,2467,-4462,-875,idle-X
4010929933,10,985,-71,2467,-4462,-875,idle-X
4010933007,10,985,-71,2450,-4445,-875,idle-X
4010947071,9,986,-71,2450,-4445,-875,idle-X
4010952282,9,986,-71,2450,-4445,-857,idle-X
4010964208,9,986,-71,2450,-4445,-857,idle-X
4010971557,9,986,-71,2467,-4462,-875,idle-X
4010981653,9,986,-71,2467,-4462,-875,idle-X
4010990527,9,986,-71,2450,-4462,-857,idle-X
4010998791,9,986,-71,2450,-4462,-857,idle-X
4011009803,9,986,-71,2450,-4445,-857,idle-X
4011015930,9,986,-71,2450,-4445,-857,idle-X
4011029078,9,986,-71,2467,-4480,-910,idle-X
4011033373,9,986,-71,2467,-4480,-910,idle-X
4011048049,9,986,-71,2485,-4445,-892,idle-X
4011050512,9,986,-72,2485,-4445,-892,idle-X
4011067325,9,986,-72,2467,-4445,-875,idle-X
4011067955,9,986,-72,2467,-4445,-875,idle-X
4011084769,9,986,-71,2467,-4445,-875,idle-X
4011086621,9,986,-71,2485,-4480,-857,idle-X
4011102213,9,986,-71,2485,-4480,-857,idle-X
4011105592,9,986,-71,2467,-4462,-857,idle-X
4011119351,9,986,-71,2467,-4462,-857,idle-X
4011124868,9,986,-71,2432,-4462,-892,idle-X
4011136489,9,986,-71,2432,-4462,-892,idle-X
4011144142,9,986,-71,2450,-4462,-892,idle-X
4011153933,9,986,-71,2450,-4462,-892,idle-X
4011163112,9,986,-71,2485,-4462,-875,idle-X
4011171070,9,986,-71,2485,-4462,-875,idle-X
4011182388,9,986,-71,2485,-4462,-875,idle-X
4011188210,9,986,-71,2485,-4462,-875,idle-X
4011201664,9,986,-71,2467,-4480,-875,idle-X
4011205348,9,986,-71,2467,-4480,-875,idle-X
4011220939,9,986,-71,2467,-4480,-875,idle-X
4011222791,9,986,-71,2467,-4480,-875,idle-X
4011239909,9,986,-71,2485,-4462,-857,idle-X
4011257040,10,986,-71,2485,-4462,-857,idle-X
4011259198,10,986,-71,2485,-4480,-857,idle-X
4011274483,9,986,-71,2485,-4480,-857,idle-X
4011278472,9,986,-71,2467,-4462,-857,idle-X
4011291622,9,986,-72,2467,-4462,-857,idle-X
4011297442,9,986,-72,2502,-4462,-875,idle-X
4011308760,10,986,-71,2502,-4462,-875,idle-X
4011316720,10,986,-71,2467,-4480,-892,idle-X
4011325900,10,986,-71,2467,-4480,-892,idle-X
4011335996,10,986,-71,2485,-4480,-875,idle-X
4011343343,9,986,-71,2485,-4480,-875,idle-X
4011354966,9,986,-71,2450,-4445,-875,idle-X
4011360481,10,986,-71,2450,-4445,-875,idle-X
4011374240,10,986,-71,2467,-4445,-910,idle-X
4011377619,9,986,-71,2467,-4445,-910,idle-X
4011393515,9,986,-71,2467,-4462,-892,idle-X
4011395062,9,986,-72,2467,-4462,-892,idle-X
4011412180,9,986,-71,2450,-4445,-875,idle-X
4011429310,10,986,-71,2450,-4445,-875,idle-X
4011431774,10,986,-71,2467,-4462,-910,idle-X
4011446755,9,986,-72,2467,-4462,-910,idle-X
4011451049,9,986,-72,2467,-4462,-910,idle-X
4011463892,9,986,-72,2467,-4462,-910,idle-X
4011470018,9,986,-72,2467,-4462,-857,idle-X
4011481029,10,986,-71,2467,-4462,-857,idle-X
4011489293,10,986,-71,2467,-4445,-822,idle-X
4011498168,9,986,-71,2467,-4445,-822,idle-X
4011508570,9,986,-71,2450,-4462,-892,idle-X
4011515613,9,986,-71,2450,-4462,-892,idle-X
4011527846,9,986,-71,2467,-4480,-875,idle-X
4011532752,9,986,-71,2467,-4480,-875,idle-X
4011546816,9,986,-71,2467,-4462,-875,idle-X
4011549890,9,986,-71,2467,-4462,-875,idle-X
4011566092,9,986,-71,2467,-4462,-892,idle-X
4011567028,9,985,-71,2467,-4462,-892,idle-X
4011584451,9,985,-71,2467,-4462,-892,idle-X
4011585388,9,985,-71,2467,-4462,-892,idle-X
4011601590,10,986,-71,2467,-4462,-892,idle-X
4011604359,10,986,-71,2467,-4462,-875,idle-X
4011618728,9,986,-71,2467,-4462,-875,idle-X
4011623634,9,986,-71,2467,-4462,-892,idle-X
4011636173,9,986,-71,2467,-4462,-892,idle-X
4011642910,9,986,-71,2450,-4445,-892,idle-X
4011653310,10,986,-71,2450,-4445,-892,idle-X
4011661879,10,986,-71,2485,-4445,-875,idle-X
4011670446,9,986,-71,2485,-4445,-875,idle-X
4011681153,9,986,-71,2467,-4462,-875,idle-X
4011687585,9,986,-71,2467,-4462,-875,idle-X
4011700429,9,986,-71,2450,-4462,-857,idle-X
4011705030,9,986,-71,2450,-4462,-857,idle-X
4011719400,9,986,-71,2450,-4462,-875,idle-X
4011722168,9,986,-71,2450,-4462,-875,idle-X
4011738676,9,986,-71,2450,-4445,-875,idle-X
4011739306,9,986,-72,2450,-4445,-875,idle-X
4011756729,9,986,-72,2450,-4445,-875,idle-X
4011757971,9,986,-72,2450,-4462,-892,idle-X
4011773869,9,986,-72,2450,-4462,-892,idle-X
4011776942,9,986,-72,2450,-4480,-892,idle-X
4011791007,10,986,-71,2450,-4480,-892,idle-X
4011796218,10,986,-71,2450,-4445,-875,idle-X
4011808450,9,986,-71,2450,-4445,-875,idle-X
4011815493,9,986,-71,2467,-4462,-875,idle-X
4011825588,9,986,-71,2467,-4462,-875,idle-X
4011834768,9,986,-71,2485,-4480,-892,idle-X
4011842726,10,986,-71,2485,-4480,-892,idle-X
4011853739,10,986,-71,2485,-4462,-892,idle-X
4011859865,9,985,-71,2485,-4462,-892,idle-X
4011873014,9,985,-71,2502,-4462,-892,idle-X
4011877309,10,986,-71,2502,-4462,-892,idle-X
4011892290,10,986,-71,2467,-4462,-892,idle-X
4011894447,9,986,-71,2467,-4462,-892,idle-X
4011911567,10,986,-72,2450,-4462,-875,idle-X
4011929002,9,986,-71,2450,-4462,-875,idle-X
4011930549,9,986,-71,2467,-4462,-875,idle-X
4011946140,9,986,-72,2467,-4462,-875,idle-X
4011949824,9,986,-72,2467,-4445,-840,idle-X
4011963278,9,986,-72,2467,-4445,-840,idle-X
4011969100,9,986,-72,2502,-4462,-892,idle-X
4011980722,9,985,-71,2502,-4462,-892,idle-X
4011988069,9,985,-71,2502,-4462,-892,idle-X
4011997859,10,986,-71,2502,-4462,-892,idle-X
4012007344,10,986,-71,2467,-4480,-875,idle-X
4012014998,9,986,-71,2467,-4480,-875,idle-X
4012026619,9,986,-71,2485,-4462,-875,idle-X
4012032441,9,986,-71,2485,-4462,-875,idle-X
4012045894,9,986,-71,2485,-4462,-892,idle-X
4012049578,9,986,-71,2485,-4462,-892,idle-X
4012064864,9,986,-71,2502,-4462,-910,idle-X
4012066717,9,986,-72,2502,-4462,-910,idle-X
4012084140,10,986,-71,2485,-4462,-892,idle-X
4012101271,9,986,-71,2485,-4462,-892,idle-X
4012103428,9,986,-71,2450,-4480,-910,idle-X
4012118410,10,986,-71,2450,-4480,-910,idle-X
4012122400,10,986,-71,2450,-4462,-857,idle-X
4012135855,9,986,-71,2450,-4462,-857,idle-X
4012141675,9,986,-71,2450,-4462,-857,idle-X
4012152992,10,986,-71,2450,-4462,-857,idle-X
4012160952,10,986,-71,2485,-4462,-840,idle-X
4012170132,10,986,-71,2485,-4462,-840,idle-X
4012179922,10,986,-71,2467,-4462,-857,idle-X
4012187269,9,986,-71,2467,-4462,-857,idle-X
4012199197,9,986,-71,2485,-4462,-875,idle-X
4012204712,9,985,-71,2485,-4462,-875,idle-X
4012218471,9,985,-71,2485,-4462,-892,idle-X
4012221850,9,986,-71,2485,-4462,-892,idle-X
4012237747,9,986,-71,2467,-4480,-875,idle-X
4012238989,9,986,-71,2467,-4480,-875,idle-X
4012256107,9,986,-71,2467,-4480,-875,idle-X
4012256737,9,986,-71,2467,-4480,-875,idle-X
4012273550,9,986,-71,2467,-4480,-875,idle-X
4012276013,9,986,-71,2485,-4462,-857,idle-X
4012290689,10,986,-71,2485,-4462,-857,idle-X
4012294985,10,986,-71,2485,-4462,-857,idle-X
4012307829,9,986,-71,2485,-4462,-857,idle-X
4012314260,9,986,-71,2467,-4480,-840,idle-X
4012325272,10,986,-71,2467,-4480,-840,idle-X
4012333535,10,986,-71,2485,-4497,-875,idle-X
4012342410,9,986,-72,2485,-4497,-875,idle-X
4012352811,9,986,-72,2502,-4480,-875,idle-X
4012359549,10,986,-71,2502,-4480,-875,idle-X
4012371783,10,986,-71,2467,-4445,-875,idle-X
4012376689,10,986,-72,2467,-4445,-875,idle-X
4012391058,10,986,-72,2467,-4462,-875,idle-X
4012394131,9,986,-71,2467,-4462,-875,idle-X
4012410334,9,986,-71,2467,-4462,-875,idle-X
4012411270,9,986,-71,2467,-4462,-875,idle-X
4012428389,9,986,-71,2467,-4462,-875,idle-X
4012429325,9,986,-71,2467,-4462,-875,idle-X
4012445526,10,986,-71,2467,-4462,-875,idle-X
4012448600,10,986,-71,2450,-4480,-875,idle-X
4012462969,10,986,-71,2450,-4480,-875,idle-X
4012467569,10,986,-71,2467,-4480,-875,idle-X
4012480108,9,986,-71,2467,-4480,-875,idle-X
4012486845,9,986,-71,2485,-4462,-892,idle-X
4012497246,9,986,-72,2485,-4462,-892,idle-X
4012506120,9,986,-72,2467,-4497,-892,idle-X
4012514384,9,986,-71,2467,-4497,-892,idle-X
4012525090,9,986,-71,2485,-4462,-892,idle-X
4012531827,9,986,-71,2485,-4462,-892,idle-X
4012544364,9,986,-71,2485,-4445,-875,idle-X
4012548964,9,986,-72,2485,-4445,-875,idle-X
4012563640,9,986,-72,2485,-4480,-857,idle-X
4012566102,9,986,-72,2485,-4480,-857,idle-X
4012582914,9,986,-72,2485,-4480,-875,idle-X
4012583544,9,986,-71,2485,-4480,-875,idle-X
4012600662,10,986,-71,2485,-4480,-875,idle-X
4012601904,10,986,-71,2467,-4462,-857,idle-X
4012617801,9,986,-71,2467,-4462,-857,idle-X
4012621179,9,986,-71,2467,-4480,-892,idle-X
4012634938,9,986,-71,2467,-4480,-892,idle-X
4012640453,9,986,-71,2467,-4462,-892,idle-X
4012652381,9,986,-71,2467,-4462,-892,idle-X
4012659424,9,986,-71,2450,-4480,-892,idle-X
4012669520,9,986,-71,2450,-4480,-892,idle-X
4012678700,9,986,-71,2450,-4445,-875,idle-X
4012686659,9,986,-71,2450,-4445,-875,idle-X
4012697976,9,986,-71,2450,-4462,-857,idle-X
4012703797,9,986,-71,2450,-4462,-857,idle-X
4012716945,9,986,-71,2485,-4462,-857,idle-X
4012721239,9,986,-71,2485,-4462,-857,idle-X
4012736219,9,986,-71,2450,-4480,-892,idle-X
4012738377,9,986,-71,2450,-4480,-892,idle-X
4012755496,9,986,-71,2485,-4480,-875,idle-X
4012772932,9,986,-72,2485,-4480,-875,idle-X
4012774479,9,986,-72,2467,-4445,-875,idle-X
4012790070,9,986,-71,2467,-4445,-875,idle-X
4012793755,9,986,-71,2450,-4480,-875,idle-X
4012807208,9,986,-71,2450,-4480,-875,idle-X
4012813029,9,986,-71,2485,-4462,-875,idle-X
4012824346,10,986,-71,2485,-4462,-875,idle-X
4012831999,10,986,-71,2467,-4445,-875,idle-X
4012841789,9,986,-71,2467,-4445,-875,idle-X
4012851273,9,986,-71,2450,-4445,-892,idle-X
4012858926,9,986,-72,2450,-4445,-892,idle-X
4012870549,9,986,-72,2450,-4462,-892,idle-X
4012876065,9,986,-71,2450,-4462,-892,idle-X
4012889520,9,986,-71,2467,-4480,-892,idle-X
4012893509,10,986,-71,2467,-4480,-892,idle-X
4012908794,10,986,-71,2485,-4462,-892,idle-X
4012910647,10,986,-71,2485,-4462,-892,idle-X
4012927766,10,986,-71,2485,-4427,-910,idle-X
4012944897,10,986,-71,2485,-4427,-910,idle-X
4012947054,10,986,-71,2450,-4445,-875,idle-X
4012962339,9,986,-71,2450,-4445,-875,idle-X
4012966329,9,986,-71,2450,-4445,-875,idle-X
4012979478,9,985,-71,2450,-4445,-875,idle-X
4012985605,9,985,-71,2502,-4462,-857,idle-X
4012996615,9,986,-71,2502,-4462,-857,idle-X
4013004574,9,986,-71,2450,-4445,-875,idle-X
4013014059,9,986,-71,2450,-4445,-875,idle-X
4013023850,9,986,-71,2450,-4462,-857,idle-X
4013031198,9,986,-72,2450,-4462,-857,idle-X
4013043126,9,986,-72,2467,-4480,-840,idle-X
4013048336,9,986,-71,2467,-4480,-840,idle-X
4013062400,9,986,-71,2450,-4445,-892,idle-X
4013065474,9,986,-71,2450,-4445,-892,idle-X
4013081371,9,986,-71,2450,-4427,-892,idle-X
4013082918,10,986,-71,2450,-4427,-892,idle-X
4013100036,9,986,-71,2450,-4427,-892,idle-X
4013100666,9,986,-71,2485,-4480,-910,idle-X
4013117174,9,986,-71,2485,-4480,-910,idle-X
4013119942,9,986,-71,2432,-4462,-875,idle-X
4013134617,9,986,-71,2432,-4462,-875,idle-X
4013138911,9,986,-71,2432,-4462,-857,idle-X
4013151756,10,986,-71,2432,-4462,-857,idle-X
4013158188,10,986,-71,2432,-4480,-875,idle-X
4013168893,9,986,-71,2432,-4480,-875,idle-X
4013177463,9,986,-71,2432,-4462,-892,idle-X
4013186337,9,986,-71,2432,-4462,-892,idle-X
4013196433,9,986,-71,2432,-4462,-892,idle-X
4013203475,10,985,-71,2432,-4462,-892,idle-X
4013215709,10,985,-71,2467,-4480,-892,idle-X
4013220615,9,986,-71,2467,-4480,-892,idle-X
4013234984,9,986,-71,2467,-4462,-857,idle-X
4013237753,9,986,-71,2467,-4462,-857,idle-X
4013254260,9,986,-71,2467,-4445,-875,idle-X
4013255196,10,986,-72,2467,-4445,-875,idle-X
4013272314,9,986,-71,2467,-4445,-875,idle-X
4013273250,9,986,-71,2502,-4462,-892,idle-X
4013289451,9,986,-71,2502,-4462,-892,idle-X
4013292526,9,986,-71,2502,-4480,-892,idle-X
4013306896,9,986,-71,2502,-4480,-892,idle-X
4013311801,9,986,-71,2485,-4462,-875,idle-X
4013324033,9,986,-71,2485,-4462,-875,idle-X
4013330771,9,986,-71,2450,-4480,-875,idle-X
4013341172,10,986,-71,2450,-4480,-875,idle-X
4013350046,10,986,-71,2467,-4480,-892,idle-X
4013358310,9,986,-71,2467,-4480,-892,idle-X
4013369322,9,986,-71,2450,-4462,-875,idle-X
4013375753,10,986,-71,2450,-4462,-875,idle-X
4013388291,10,986,-71,2450,-4462,-857,idle-X
4013392891,9,986,-71,2450,-4462,-857,idle-X
4013407567,9,986,-71,2467,-4462,-875,idle-X
4013410030,9,986,-71,2467,-4462,-875,idle-X
4013426844,9,986,-71,2467,-4480,-875,idle-X
4013427474,10,986,-71,2467,-4480,-875,idle-X
4013444592,9,986,-70,2467,-4480,-875,idle-X
4013445834,9,986,-70,2485,-4480,-875,idle-X
4013461731,9,986,-71,2485,-4480,-875,idle-X
4013465111,9,986,-71,2485,-4480,-857,idle-X
4013478870,9,986,-71,2485,-4480,-857,idle-X
4013484386,9,986,-71,2485,-4462,-875,idle-X
4013496313,9,986,-71,2485,-4462,-875,idle-X
4013503356,9,986,-71,2467,-4445,-875,idle-X
4013513451,9,986,-71,2467,-4445,-875,idle-X
4013522632,9,986,-71,2467,-4480,-875,idle-X
4013530589,9,986,-72,2467,-4480,-875,idle-X
4013541907,9,986,-72,2450,-4497,-875,idle-X
4013548034,9,986,-71,2450,-4497,-875,idle-X
4013561183,9,986,-71,2450,-4445,-857,idle-X
4013565173,9,985,-71,2450,-4445,-857,idle-X
4013580153,9,985,-71,2467,-4445,-875,idle-X
4013582309,10,986,-71,2467,-4445,-875,idle-X
4013599426,10,986,-71,2485,-4445,-875,idle-X
4013616862,9,986,-71,2485,-4445,-875,idle-X
4013618715,9,986,-71,2467,-4445,-892,idle-X
4013634001,10,986,-71,2467,-4445,-892,idle-X
4013637685,10,986,-71,2467,-4480,-892,idle-X
4013651138,10,986,-71,2467,-4480,-892,idle-X
4013656960,10,986,-71,2450,-4445,-875,idle-X
4013668582,9,986,-71,2450,-4445,-875,idle-X
4013676235,9,986,-71,2485,-4462,-875,idle-X
4013685719,9,986,-71,2485,-4462,-875,idle-X
4013695204,9,986,-71,2467,-4462,-875,idle-X
4013702857,9,986,-72,2467,-4462,-875,idle-X
4013714479,9,986,-72,2450,-4462,-875,idle-X
4013719995,9,986,-71,2450,-4462,-875,idle-X
4013733754,9,986,-71,2467,-4445,-857,idle-X
4013737438,10,986,-71,2467,-4445,-857,idle-X
4013753030,10,986,-71,2467,-4480,-857,idle-X
4013754577,9,986,-71,2467,-4480,-857,idle-X
4013771694,9,986,-71,2450,-4480,-857,idle-X
4013789131,9,986,-71,2450,-4480,-857,idle-X
4013791288,9,986,-71,2450,-4480,-910,idle-X
4013806270,9,986,-71,2450,-4480,-910,idle-X
4013810565,9,986,-71,2467,-4497,-910,idle-X
4013823408,9,986,-71,2467,-4497,-910,idle-X
4013829535,9,986,-71,2467,-4480,-892,idle-X
4013840851,9,986,-72,2467,-4480,-892,idle-X
4013848809,9,986,-72,2485,-4462,-892,idle-X
4013857989,9,986,-71,2485,-4462,-892,idle-X
4013868087,9,986,-71,2467,-4462,-892,idle-X
4013875130,9,986,-71,2467,-4462,-892,idle-X
4013887056,9,986,-71,2450,-4462,-875,idle-X
4013892572,9,986,-71,2450,-4462,-875,idle-X
4013906332,9,986,-71,2467,-4480,-857,idle-X
4013909711,9,986,-71,2467,-4480,-857,idle-X
4013925608,9,986,-71,2450,-4462,-857,idle-X
4013926850,9,986,-71,2450,-4462,-857,idle-X
4013943968,9,985,-71,2450,-4462,-857,idle-X
4013944905,9,985,-71,2450,-4462,-857,idle-X
4013961412,9,986,-71,2450,-4462,-857,idle-X
4013963875,9,986,-71,2432,-4427,-857,idle-X
4013978551,9,986,-71,2432,-4427,-857,idle-X
4013983151,9,986,-71,2485,-4445,-875,idle-X
4013995689,9,986,-71,2485,-4445,-875,idle-X
4014002427,9,986,-71,2450,-4462,-892,idle-X
4014013134,10,986,-71,2450,-4462,-892,idle-X
4014021397,10,986,-71,2485,-4462,-892,idle-X
4014030271,9,986,-71,2485,-4462,-892,idle-X
4014040671,9,986,-71,2485,-4497,-892,idle-X
4014047408,9,986,-71,2485,-4497,-892,idle-X
4014059946,9,986,-71,2450,-4480,-892,idle-X
4014064852,9,986,-71,2450,-4480,-892,idle-X
4014079221,9,986,-71,2467,-4497,-892,idle-X
4014081989,9,986,-71,2467,-4497,-892,idle-X
4014098191,9,986,-71,2450,-4445,-875,idle-X
4014099127,9,986,-71,2450,-4445,-875,idle-X
4014116550,9,986,-71,2450,-4445,-875,idle-X
4014117486,9,986,-71,2432,-4462,-875,idle-X
4014133689,9,986,-71,2432,-4462,-875,idle-X
4014136763,9,986,-71,2467,-4480,-875,idle-X
4014150827,9,986,-72,2467,-4480,-875,idle-X
4014155732,9,986,-72,2485,-4462,-875,idle-X
4014167965,9,986,-71,2485,-4462,-875,idle-X
4014175008,9,986,-71,2450,-4462,-875,idle-X
4014185409,10,986,-71,2450,-4462,-875,idle-X
4014194283,10,986,-71,2467,-4480,-892,idle-X
4014202547,10,986,-71,2467,-4480,-892,idle-X
4014213253,10,986,-71,2450,-4480,-875,idle-X
4014219685,9,986,-72,2450,-4480,-875,idle-X
4014232527,9,986,-72,2450,-4462,-875,idle-X
4014237128,9,986,-71,2450,-4462,-875,idle-X
4014251804,9,986,-71,2467,-4462,-892,idle-X
4014254268,10,986,-71,2467,-4462,-892,idle-X
4014271081,10,986,-71,2467,-4462,-875,idle-X
4014271711,9,986,-72,2467,-4462,-875,idle-X
4014288829,9,986,-71,2467,-4462,-875,idle-X
4014290071,9,986,-71,2467,-4462,-857,idle-X
4014305968,9,986,-71,2467,-4462,-857,idle-X
4014309346,9,986,-71,2485,-4480,-875,idle-X
4014323106,10,986,-71,2485,-4480,-875,idle-X
4014328622,10,986,-71,2467,-4462,-892,idle-X
4014340550,9,986,-71,2467,-4462,-892,idle-X
4014347592,9,986,-71,2485,-4480,-892,idle-X
4014357688,9,986,-72,2485,-4480,-892,idle-X
4014366868,9,986,-72,2485,-4480,-875,idle-X
4014374826,9,986,-71,2485,-4480,-875,idle-X
4014386142,9,986,-71,2485,-4462,-875,idle-X
4014391963,9,986,-71,2485,-4462,-875,idle-X
4014405417,9,986,-71,2485,-4480,-892,idle-X
4014409407,9,986,-71,2485,-4480,-892,idle-X
4014424387,9,986,-71,2467,-4445,-875,idle-X
4014426545,10,986,-71,2467,-4445,-875,idle-X
4014443663,9,986,-71,2467,-4462,-892,idle-X
4014461100,9,986,-71,2467,-4462,-892,idle-X
4014462952,9,986,-71,2467,-4462,-892,idle-X
4014478238,9,986,-71,2467,-4462,-892,idle-X
4014481922,9,986,-71,2485,-4462,-892,idle-X
4014495376,10,986,-71,2485,-4462,-892,idle-X
4014501197,10,986,-71,2502,-4497,-875,idle-X
4014512819,10,986,-71,2502,-4497,-875,idle-X
4014520473,10,986,-71,2485,-4462,-840,idle-X
4014529958,9,986,-71,2485,-4462,-840,idle-X
4014539749,9,986,-71,2485,-4445,-892,idle-X
4014547097,9,986,-71,2485,-4445,-892,idle-X
4014558719,9,986,-71,2467,-4497,-875,idle-X
4014564541,9,986,-72,2467,-4497,-875,idle-X
4014577995,9,986,-72,2432,-4515,-875,idle-X
4014581679,9,986,-71,2432,-4515,-875,idle-X
4014597271,9,986,-71,2467,-4497,-892,idle-X
4014598819,9,986,-71,2467,-4497,-892,idle-X
4014616242,9,985,-71,2432,-4462,-857,idle-X
4014633373,9,986,-71,2432,-4462,-857,idle-X
4014635530,9,986,-71,2450,-4480,-875,idle-X
4014650511,9,986,-71,2450,-4480,-875,idle-X
4014654807,9,986,-71,2467,-4462,-875,idle-X
4014667650,9,986,-71,2467,-4462,-875,idle-X
4014674082,9,986,-71,2467,-4462,-857,idle-X
4014685093,9,986,-71,2467,-4462,-857,idle-X
4014693051,9,986,-71,2485,-4462,-892,idle-X
4014702231,9,986,-71,2485,-4462,-892,idle-X
4014712327,9,986,-71,2485,-4480,-910,idle-X
4014719370,9,986,-72,2485,-4480,-910,idle-X
4014731604,9,986,-72,2485,-4462,-892,idle-X
4014736815,9,986,-71,2485,-4462,-892,idle-X
4014750575,9,986,-71,2432,-4480,-892,idle-X
4014753954,9,986,-71,2432,-4480,-892,idle-X
4014769850,9,986,-71,2467,-4462,-875,idle-X
4014771092,10,986,-71,2467,-4462,-875,idle-X
4014788516,9,986,-71,2467,-4462,-875,idle-X
4014789146,9,986,-71,2467,-4462,-875,idle-X
4014805653,9,986,-71,2467,-4462,-875,idle-X
4014808421,9,986,-71,2467,-4480,-910,idle-X
4014822791,10,986,-71,2467,-4480,-910,idle-X
4014827391,10,986,-71,2450,-4462,-875,idle-X
4014840233,10,986,-71,2450,-4462,-875,idle-X
4014846665,10,986,-71,2485,-4480,-892,idle-X
4014857371,9,986,-72,2485,-4480,-892,idle-X
4014865941,9,986,-72,2485,-4445,-892,idle-X
4014874510,9,986,-72,2485,-4445,-892,idle-X
4014884912,9,986,-72,2485,-4445,-875,idle-X
4014891649,9,986,-72,2485,-4445,-875,idle-X
4014904187,9,986,-72,2485,-4480,-892,idle-X
4014909092,9,986,-72,2485,-4480,-892,idle-X
4014923463,9,986,-72,2502,-4480,-875,idle-X
4014926231,9,986,-71,2502,-4480,-875,idle-X
4014942739,9,986,-71,2485,-4480,-875,idle-X
4014943369,9,986,-71,2485,-4480,-875,idle-X
4014960792,10,986,-72,2485,-4480,-875,idle-X
4014961729,10,986,-72,2467,-4445,-875,idle-X
4014977932,10,986,-72,2467,-4445,-875,idle-X
4014981006,10,986,-72,2502,-4445,-875,idle-X
4014995071,9,986,-72,2502,-4445,-875,idle-X
4015000282,9,986,-72,2502,-4480,-875,idle-X
4015012513,9,986,-72,2502,-4480,-875,idle-X
4015019251,9,986,-72,2450,-4480,-875,idle-X
4015029654,9,986,-71,2450,-4480,-875,idle-X
4015038528,9,986,-71,2450,-4497,-875,idle-X
4015046793,9,986,-71,2450,-4497,-875,idle-X
4015057804,9,986,-71,2432,-4480,-875,idle-X
4015063931,9,986,-72,2432,-4480,-875,idle-X
4015076774,9,986,-72,2450,-4462,-875,idle-X
4015081374,9,986,-71,2450,-4462,-875,idle-X
4015096050,9,986,-71,2467,-4462,-875,idle-X
4015098513,9,986,-71,2467,-4462,-875,idle-X
4015115327,9,986,-71,2467,-4445,-910,idle-X
4015115957,10,986,-71,2467,-4445,-910,idle-X
4015133076,10,986,-71,2467,-4445,-910,idle-X
4015134623,10,986,-71,2485,-4427,-875,idle-X
4015150215,9,986,-71,2485,-4427,-875,idle-X
4015153594,9,986,-71,2450,-4462,-875,idle-X
4015167353,10,986,-71,2450,-4462,-875,idle-X
4015172870,10,986,-71,2467,-4445,-857,idle-X
4015184797,9,986,-71,2467,-4445,-857,idle-X
4015192145,9,986,-71,2467,-4462,-875,idle-X
4015201935,9,986,-71,2467,-4462,-875,idle-X
4015211114,9,986,-71,2467,-4462,-910,idle-X
4015219071,9,986,-71,2467,-4462,-910,idle-X
4015230389,9,986,-71,2467,-4445,-892,idle-X
4015236210,9,986,-71,2467,-4445,-892,idle-X
4015249665,9,986,-71,2467,-4497,-892,idle-X
4015253654,10,986,-71,2467,-4497,-892,idle-X
4015268634,10,986,-71,2450,-4462,-892,idle-X
4015270792,10,986,-71,2450,-4462,-892,idle-X
4015287909,10,986,-71,2485,-4480,-910,idle-X
4015305345,9,986,-71,2485,-4480,-910,idle-X
4015307197,9,986,-71,2485,-4462,-875,idle-X
4015322484,9,986,-71,2485,-4462,-875,idle-X
4015326473,9,986,-71,2467,-4480,-857,idle-X
4015339621,10,986,-71,2467,-4480,-857,idle-X
4015345442,10,986,-71,2450,-4480,-875,idle-X
4015357065,9,986,-72,2450,-4480,-875,idle-X
4015364718,9,986,-72,2467,-4462,-875,idle-X
4015374204,9,986,-71,2467,-4462,-875,idle-X
4015383995,9,986,-71,2502,-4445,-875,idle-X
4015391343,9,986,-71,2502,-4445,-875,idle-X
4015402965,9,986,-71,2467,-4462,-910,idle-X
4015408482,9,986,-71,2467,-4462,-910,idle-X
4015422241,9,986,-71,2502,-4462,-875,idle-X
4015425925,9,986,-72,2502,-4462,-875,idle-X
4015441517,9,986,-72,2467,-4445,-857,idle-X
4015443064,9,986,-72,2467,-4445,-857,idle-X
4015460183,9,986,-71,2467,-4445,-857,idle-X
4015460813,9,986,-71,2432,-4462,-892,idle-X
4015477627,9,986,-71,2432,-4462,-892,idle-X
4015479785,9,986,-71,2485,-4480,-857,idle-X
4015494766,9,986,-71,2485,-4480,-857,idle-X
4015499061,9,986,-71,2485,-4480,-892,idle-X
4015511905,9,986,-71,2485,-4480,-892,idle-X
4015518337,9,986,-71,2450,-4462,-892,idle-X
4015529349,9,986,-72,2450,-4462,-892,idle-X
4015537308,9,986,-72,2467,-4445,-875,idle-X
4015546488,9,986,-71,2467,-4445,-875,idle-X
4015556583,9,986,-71,2467,-4480,-892,idle-X
4015563625,9,986,-71,2467,-4480,-892,idle-X
4015575859,9,986,-71,2485,-4497,-892,idle-X
4015580764,9,986,-72,2485,-4497,-892,idle-X
4015594829,9,986,-72,2502,-4480,-857,idle-X
4015598207,9,986,-71,2502,-4480,-857,idle-X
4015614103,9,986,-71,2502,-4480,-875,idle-X
4015615344,10,986,-72,2502,-4480,-875,idle-X
4015632463,9,986,-72,2502,-4480,-875,idle-X
4015633399,9,986,-72,2467,-4497,-875,idle-X
4015649602,9,986,-71,2467,-4497,-875,idle-X
4015652370,9,986,-71,2467,-4462,-875,idle-X
4015667045,10,986,-72,2467,-4462,-875,idle-X
4015671645,10,986,-72,2467,-4445,-875,idle-X
4015684184,9,986,-71,2467,-4445,-875,idle-X
4015690921,9,986,-71,2467,-4445,-857,idle-X
4015701322,10,986,-71,2467,-4445,-857,idle-X
4015709891,10,986,-71,2485,-4480,-857,idle-X
4015718460,10,986,-71,2485,-4480,-857,idle-X
4015729167,10,986,-71,2485,-4462,-857,idle-X
4015735904,9,986,-71,2485,-4462,-857,idle-X
4015748442,9,986,-71,2467,-4480,-875,idle-X
4015753043,9,986,-72,2467,-4480,-875,idle-X
4015767413,9,986,-72,2450,-4480,-857,idle-X
4015770181,9,986,-71,2450,-4480,-857,idle-X
4015786688,9,986,-71,2467,-4480,-875,idle-X
4015787625,9,986,-72,2467,-4480,-875,idle-X
4015804742,9,986,-71,2467,-4480,-875,idle-X
4015805984,9,986,-71,2485,-4462,-875,idle-X
4015821881,9,986,-71,2485,-4462,-875,idle-X
4015824954,9,986,-71,2450,-4462,-875,idle-X
4015839326,9,986,-71,2450,-4462,-875,idle-X
4015844231,9,986,-71,2467,-4462,-892,idle-X
4015856463,9,986,-72,2467,-4462,-892,idle-X
4015863505,9,986,-72,2467,-4445,-875,idle-X
4015873602,9,986,-71,2467,-4445,-875,idle-X
4015882476,9,986,-71,2467,-4462,-892,idle-X
4015890741,9,986,-71,2467,-4462,-892,idle-X
4015901753,9,986,-71,2450,-4445,-910,idle-X
4015908185,9,986,-71,2450,-4445,-910,idle-X
4015921028,9,986,-71,2467,-4480,-892,idle-X
4015925323,10,986,-71,2467,-4480,-892,idle-X
4015940303,10,986,-71,2450,-4445,-875,idle-X
4015942461,9,986,-71,2450,-4445,-875,idle-X
4015959274,9,986,-71,2467,-4462,-892,idle-X
4015959904,9,986,-70,2467,-4462,-892,idle-X
4015977023,9,986,-71,2467,-4462,-892,idle-X
4015978570,9,986,-71,2450,-4480,-875,idle-X
4015994162,9,986,-71,2450,-4480,-875,idle-X
4015997846,9,986,-71,2467,-4480,-857,idle-X
4016011301,9,986,-72,2467,-4480,-857,idle-X
4016016818,9,986,-72,2485,-4480,-875,idle-X
4016028746,9,986,-70,2485,-4480,-875,idle-X
4016036094,9,986,-70,2467,-4497,-875,idle-X
4016045884,9,986,-71,2467,-4497,-875,idle-X
4016055368,9,986,-71,2467,-4480,-857,idle-X
4016063022,10,986,-71,2467,-4480,-857,idle-X
4016074339,10,986,-71,2467,-4480,-892,idle-X
4016080466,9,986,-71,2467,-4480,-892,idle-X
4016093615,9,986,-71,2485,-4480,-875,idle-X
4016097605,9,986,-71,2485,-4480,-875,idle-X
4016112890,9,986,-71,2450,-4497,-892,idle-X
4016114743,10,986,-71,2450,-4497,-892,idle-X
4016132166,9,986,-71,2450,-4497,-910,idle-X
4016149297,9,986,-71,2450,-4497,-910,idle-X
4016151150,9,986,-71,2467,-4462,-910,idle-X
4016166436,9,986,-71,2467,-4462,-910,idle-X
4016170426,9,986,-71,2467,-4445,-875,idle-X
4016183575,9,986,-71,2467,-4445,-875,idle-X
4016189702,9,986,-71,2467,-4462,-875,idle-X
4016201018,9,986,-71,2467,-4462,-875,idle-X
4016208671,9,986,-71,2467,-4462,-892,idle-X
4016218157,9,986,-71,2467,-4462,-892,idle-X
4016227947,9,986,-71,2467,-4462,-892,idle-X
4016235297,9,986,-71,2467,-4462,-892,idle-X
4016247224,9,986,-71,2485,-4427,-892,idle-X
4016252740,9,985,-71,2485,-4427,-892,idle-X
4016266194,9,985,-71,2485,-4445,-910,idle-X
4016269877,10,986,-71,2485,-4445,-910,idle-X
4016285469,10,986,-71,2485,-4462,-875,idle-X
4016287016,9,986,-72,2485,-4462,-875,idle-X
4016304135,9,986,-71,2485,-4462,-875,idle-X
4016304765,9,986,-71,2485,-4480,-875,idle-X
4016321578,9,986,-71,2485,-4480,-875,idle-X
4016323736,9,986,-71,2467,-4462,-875,idle-X
4016338717,9,986,-71,2467,-4462,-875,idle-X
4016343012,9,986,-71,2450,-4445,-875,idle-X
4016355857,9,986,-72,2450,-4445,-875,idle-X
4016362289,9,986,-72,2450,-4462,-875,idle-X
4016373300,9,986,-71,2450,-4462,-875,idle-X
4016381563,9,986,-71,2467,-4462,-875,idle-X
4016390438,9,986,-72,2467,-4462,-875,idle-X
4016400535,9,986,-72,2485,-4445,-892,idle-X
4016407577,9,986,-71,2485,-4445,-892,idle-X
4016419810,9,986,-71,2467,-4427,-857,idle-X
4016425021,10,986,-72,2467,-4427,-857,idle-X
4016439086,10,986,-72,2485,-4445,-875,idle-X
4016442160,9,986,-71,2485,-4445,-875,idle-X
4016458057,9,986,-71,2467,-4480,-875,idle-X
4016459298,9,986,-71,2467,-4480,-875,idle-X
4016476720,9,986,-71,2467,-4480,-875,idle-X
4016477351,9,986,-71,2467,-4445,-892,idle-X
4016493860,9,986,-71,2467,-4445,-892,idle-X
4016496628,9,986,-71,2467,-4462,-857,idle-X
4016510999,9,986,-71,2467,-4462,-857,idle-X
4016515905,9,986,-71,2467,-4480,-875,idle-X
4016528137,9,986,-71,2467,-4480,-875,idle-X
4016534875,9,986,-71,2467,-4445,-857,idle-X
4016545580,9,986,-71,2467,-4445,-857,idle-X
4016554150,9,986,-71,2485,-4462,-892,idle-X
4016562719,9,986,-71,2485,-4462,-892,idle-X
4016573425,9,986,-71,2502,-4480,-910,idle-X
4016579857,10,986,-71,2502,-4480,-910,idle-X
4016592395,10,986,-71,2450,-4462,-892,idle-X
4016597301,10,985,-71,2450,-4462,-892,idle-X
4016611671,10,985,-71,2432,-4480,-892,idle-X
4016614439,9,986,-72,2432,-4480,-892,idle-X
4016630948,9,986,-72,2467,-4462,-892,idle-X
4016631578,9,986,-71,2467,-4462,-892,idle-X
4016648695,9,986,-71,2467,-4462,-892,idle-X
4016649937,9,986,-71,2467,-4445,-892,idle-X
4016666139,9,986,-71,2467,-4445,-892,idle-X
4016669212,9,986,-71,2450,-4480,-892,idle-X
4016683277,9,986,-72,2450,-4480,-892,idle-X
4016688488,9,986,-72,2450,-4462,-857,idle-X
4016700415,9,986,-72,2450,-4462,-857,idle-X
4016707457,9,986,-72,2467,-4462,-892,idle-X
4016717858,9,986,-71,2467,-4462,-892,idle-X
4016726732,9,986,-71,2467,-4480,-892,idle-X
4016734997,9,986,-71,2467,-4480,-892,idle-X
4016746008,9,986,-71,2485,-4462,-875,idle-X
4016752135,9,986,-71,2485,-4462,-875,idle-X
4016765283,9,986,-71,2485,-4427,-857,idle-X
4016769272,9,986,-71,2485,-4427,-857,idle-X
4016784252,9,986,-71,2450,-4427,-875,idle-X
4016786714,10,986,-72,2450,-4427,-875,idle-X
4016803527,10,986,-72,2467,-4445,-892,idle-X
4016804157,9,986,-72,2467,-4445,-892,idle-X
4016820970,10,986,-71,2467,-4445,-892,idle-X
4016822823,10,986,-71,2485,-4445,-892,idle-X
4016838415,9,986,-71,2485,-4445,-892,idle-X
4016841793,9,986,-71,2467,-4480,-892,idle-X
4016855553,9,986,-71,2467,-4480,-892,idle-X
4016861069,9,986,-71,2485,-4480,-892,idle-X
4016872691,9,986,-71,2485,-4480,-892,idle-X
4016880345,9,986,-71,2467,-4462,-875,idle-X
4016890136,9,986,-71,2467,-4462,-875,idle-X
4016899621,9,986,-71,2467,-4462,-875,idle-X
4016907274,9,985,-71,2467,-4462,-875,idle-X
4016918591,9,985,-71,2485,-4462,-857,idle-X
4016924412,10,986,-72,2485,-4462,-857,idle-X
4016937866,10,986,-72,2485,-4462,-857,idle-X
4016941856,9,986,-72,2485,-4462,-857,idle-X
4016957143,9,986,-72,2450,-4462,-875,idle-X
4016958995,9,986,-71,2450,-4462,-875,idle-X
4016976113,9,986,-71,2485,-4480,-875,idle-X
4016993549,9,986,-71,2485,-4480,-875,idle-X
4016995401,9,986,-71,2467,-4462,-875,idle-X
4017010688,9,986,-71,2467,-4462,-875,idle-X
4017014677,9,986,-71,2485,-4462,-857,idle-X
4017027825,9,986,-71,2485,-4462,-857,idle-X
4017033952,9,986,-71,2467,-4462,-875,idle-X
4017044964,9,986,-71,2467,-4462,-875,idle-X
4017052923,9,986,-71,2450,-4480,-875,idle-X
4017062408,9,986,-71,2450,-4480,-875,idle-X
4017072199,9,986,-71,2467,-4462,-857,idle-X
4017079547,9,986,-71,2467,-4462,-857,idle-X
4017091475,9,986,-71,2467,-4462,-857,idle-X
4017096685,9,986,-71,2467,-4462,-857,idle-X
4017110443,9,986,-71,2450,-4480,-857,idle-X
4017114128,10,986,-71,2450,-4480,-857,idle-X
4017129720,10,986,-71,2485,-4462,-875,idle-X
4017131267,9,986,-71,2485,-4462,-875,idle-X
4017148386,9,986,-71,2485,-4462,-875,idle-X
4017149016,9,986,-71,2467,-4462,-892,idle-X
4017165830,10,986,-71,2467,-4462,-892,idle-X
4017168293,10,986,-71,2467,-4497,-892,idle-X
4017182968,9,986,-71,2467,-4497,-892,idle-X
4017187262,9,986,-71,2467,-4462,-857,idle-X
4017200106,10,986,-71,2467,-4462,-857,idle-X
4017206538,10,986,-71,2502,-4462,-892,idle-X
4017217550,10,986,-71,2502,-4462,-892,idle-X
4017225814,10,986,-71,2467,-4462,-892,idle-X
4017234689,9,986,-71,2467,-4462,-892,idle-X
4017244784,9,986,-71,2450,-4445,-892,idle-X
4017251826,9,986,-71,2450,-4445,-892,idle-X
4017264059,9,986,-71,2467,-4445,-892,idle-X
4017268964,9,986,-72,2467,-4445,-892,idle-X
4017283335,9,986,-72,2467,-4462,-892,idle-X
4017286408,9,986,-71,2467,-4462,-892,idle-X
4017302610,9,986,-71,2432,-4445,-875,idle-X
4017303546,9,986,-71,2432,-4445,-875,idle-X
4017320663,9,986,-72,2432,-4445,-875,idle-X
4017321600,9,986,-72,2467,-4445,-857,idle-X
4017338107,9,986,-72,2467,-4445,-857,idle-X
4017340876,9,986,-72,2467,-4462,-875,idle-X
4017355246,9,986,-71,2467,-4462,-875,idle-X
4017360151,9,986,-71,2485,-4462,-857,idle-X
4017372384,9,986,-71,2485,-4462,-857,idle-X
4017379122,9,986,-71,2467,-4462,-875,idle-X
4017389828,9,986,-71,2467,-4462,-875,idle-X
4017398397,9,986,-71,2467,-4497,-875,idle-X
4017406967,9,986,-71,2467,-4497,-875,idle-X
4017417673,9,986,-71,2467,-4480,-875,idle-X
4017424105,9,986,-71,2467,-4480,-875,idle-X
4017436642,9,986,-71,2485,-4480,-857,idle-X
4017441243,9,986,-72,2485,-4480,-857,idle-X
4017455918,9,986,-72,2502,-4462,-892,idle-X
4017458686,9,986,-71,2502,-4462,-892,idle-X
4017475194,9,986,-71,2502,-4480,-892,idle-X
4017475824,9,986,-71,2502,-4480,-892,idle-X
4017492943,9,986,-72,2502,-4480,-892,idle-X
4017494184,9,986,-72,2485,-4480,-875,idle-X
4017510386,9,986,-71,2485,-4480,-875,idle-X
4017513460,9,986,-71,2485,-4480,-857,idle-X
4017527525,9,986,-72,2485,-4480,-857,idle-X
4017532736,9,986,-72,2467,-4462,-875,idle-X
4017544665,9,986,-72,2467,-4462,-875,idle-X
4017552012,9,986,-72,2467,-4480,-892,idle-X
4017561803,9,986,-71,2467,-4480,-892,idle-X
4017570981,9,986,-71,2450,-4462,-875,idle-X
4017579245,9,986,-72,2450,-4462,-875,idle-X
4017590257,9,986,-72,2415,-4445,-875,idle-X
4017596384,9,986,-71,2415,-4445,-875,idle-X
4017609534,9,986,-71,2467,-4462,-892,idle-X
4017613524,9,986,-71,2467,-4462,-892,idle-X
4017628504,9,986,-71,2485,-4462,-857,idle-X
4017630967,10,986,-72,2485,-4462,-857,idle-X
4017647779,10,986,-72,2467,-4480,-875,idle-X
4017648409,10,986,-72,2467,-4480,-875,idle-X
4017665222,9,985,-72,2467,-4480,-875,idle-X
4017667074,9,985,-72,2485,-4445,-857,idle-X
4017682360,9,986,-71,2485,-4445,-857,idle-X
4017686045,9,986,-71,2485,-4462,-857,idle-X
4017699803,10,986,-71,2485,-4462,-857,idle-X
4017705319,10,986,-71,2485,-4480,-857,idle-X
4017716941,9,985,-71,2485,-4480,-857,idle-X
4017724594,9,985,-71,2485,-4480,-875,idle-X
4017734080,9,986,-71,2485,-4480,-875,idle-X
4017743566,9,986,-71,2485,-4462,-875,idle-X
4017751524,9,986,-71,2485,-4462,-875,idle-X
4017762841,9,986,-71,2450,-4462,-892,idle-X
4017768663,9,986,-71,2450,-4462,-892,idle-X
4017782117,9,986,-71,2467,-4480,-892,idle-X
4017785801,9,986,-72,2467,-4480,-892,idle-X
4017801393,9,986,-72,2467,-4445,-857,idle-X
4017802940,9,986,-71,2467,-4445,-857,idle-X
4017820362,9,986,-72,2450,-4445,-875,idle-X
4017837493,9,985,-71,2450,-4445,-875,idle-X
4017839650,9,985,-71,2467,-4462,-892,idle-X
4017854631,9,986,-71,2467,-4462,-892,idle-X
4017858926,9,986,-71,2467,-4462,-875,idle-X
4017872076,9,986,-71,2467,-4462,-875,idle-X
4017877897,9,986,-71,2467,-4480,-892,idle-X
4017889215,10,986,-71,2467,-4480,-892,idle-X
4017897173,10,986,-71,2467,-4480,-892,idle-X
4017906353,10,986,-71,2467,-4480,-892,idle-X
4017916449,10,986,-71,2467,-4462,-875,idle-X
4017923797,9,986,-72,2467,-4462,-875,idle-X
4017935419,9,986,-72,2485,-4462,-857,idle-X
4017940935,9,986,-72,2485,-4462,-857,idle-X
4017954694,9,986,-72,2485,-4462,-857,idle-X
4017958073,9,986,-71,2485,-4462,-857,idle-X
4017973968,9,986,-71,2467,-4462,-857,idle-X
4017975210,9,986,-71,2467,-4462,-857,idle-X
4017992634,10,986,-72,2467,-4462,-857,idle-X
4018009765,9,986,-71,2467,-4462,-857,idle-X
4018012228,9,986,-71,2467,-4445,-875,idle-X
4018026903,9,986,-70,2467,-4445,-875,idle-X
4018031503,9,986,-70,2485,-4480,-910,idle-X
4018044347,9,986,-72,2485,-4480,-910,idle-X
4018050474,9,986,-72,2485,-4497,-875,idle-X
4018061486,10,986,-71,2485,-4497,-875,idle-X
4018069750,10,986,-71,2450,-4480,-857,idle-X
4018078624,9,986,-71,2450,-4480,-857,idle-X
4018089025,9,986,-71,2450,-4462,-857,idle-X
4018095762,9,986,-71,2450,-4462,-857,idle-X
4018108300,9,986,-71,2450,-4462,-875,idle-X
4018113206,9,986,-71,2450,-4462,-875,idle-X
4018127271,9,986,-71,2485,-4480,-857,idle-X
4018130345,9,986,-71,2485,-4480,-857,idle-X
4018146546,9,986,-71,2450,-4462,-857,idle-X
4018147483,9,986,-71,2450,-4462,-857,idle-X
4018164906,9,986,-71,2450,-4462,-857,idle-X
4018165843,9,986,-71,2450,-4462,-875,idle-X
4018182045,9,986,-72,2450,-4462,-875,idle-X
4018184813,9,986,-72,2467,-4480,-892,idle-X
4018199184,9,986,-72,2467,-4480,-892,idle-X
4018204090,9,986,-72,2467,-4497,-892,idle-X
4018216323,9,986,-72,2467,-4497,-892,idle-X
4018223365,9,986,-72,2467,-4445,-892,idle-X
4018233766,9,986,-71,2467,-4445,-892,idle-X
4018242335,9,986,-71,2432,-4462,-875,idle-X
4018250905,9,986,-71,2432,-4462,-875,idle-X
4018261611,9,986,-71,2467,-4480,-892,idle-X
4018268043,9,986,-71,2467,-4480,-892,idle-X
4018280886,9,986,-71,2502,-4462,-875,idle-X
4018285486,9,986,-71,2502,-4462,-875,idle-X
4018299856,9,986,-71,2450,-4462,-857,idle-X
4018302624,10,986,-72,2450,-4462,-857,idle-X
4018319132,10,986,-72,2467,-4480,-875,idle-X
4018319762,9,985,-71,2467,-4480,-875,idle-X
4018337187,9,986,-71,2467,-4480,-875,idle-X
4018338428,9,986,-71,2467,-4480,-875,idle-X
4018354325,9,986,-71,2467,-4480,-875,idle-X
4018357704,9,986,-71,2467,-4480,-840,idle-X
4018371463,9,986,-72,2467,-4480,-840,idle-X
4018376673,9,986,-72,2467,-4445,-857,idle-X
4018388601,9,986,-71,2467,-4445,-857,idle-X
4018395949,9,986,-71,2467,-4497,-840,idle-X
4018406047,9,986,-72,2467,-4497,-840,idle-X
4018415226,9,986,-72,2450,-4480,-840,idle-X
4018423183,9,986,-71,2450,-4480,-840,idle-X
4018434195,9,986,-71,2467,-4462,-875,idle-X
4018440321,9,986,-71,2467,-4462,-875,idle-X
4018453471,9,986,-71,2485,-4445,-892,idle-X
4018457766,9,986,-71,2485,-4445,-892,idle-X
4018472747,9,986,-71,2467,-4480,-875,idle-X
4018474905,10,986,-71,2467,-4480,-875,idle-X
4018491717,10,986,-71,2450,-4462,-892,idle-X
4018492347,9,986,-71,2450,-4462,-892,idle-X
4018509159,9,986,-71,2450,-4462,-892,idle-X
4018511011,9,986,-71,2467,-4462,-892,idle-X
4018526604,10,986,-71,2467,-4462,-892,idle-X
4018530287,10,986,-71,2467,-4462,-875,idle-X
4018543741,9,986,-71,2467,-4462,-875,idle-X
4018549563,9,986,-71,2467,-4445,-875,idle-X
4018560880,9,986,-71,2467,-4445,-875,idle-X
4018568533,9,986,-71,2467,-4462,-875,idle-X
4018578324,9,986,-71,2467,-4462,-875,idle-X
4018587809,9,986,-71,2467,-4445,-875,idle-X
4018595463,10,986,-71,2467,-4445,-875,idle-X
4018607085,10,986,-71,2485,-4445,-892,idle-X
4018612601,10,986,-72,2485,-4445,-892,idle-X
4018626054,10,986,-72,2485,-4480,-875,idle-X
4018629738,10,986,-71,2485,-4480,-875,idle-X
4018645330,10,986,-71,2467,-4462,-875,idle-X
4018647182,9,986,-71,2467,-4462,-875,idle-X
4018664300,10,986,-71,2485,-4480,-857,idle-X
4018681430,9,986,-71,2485,-4480,-857,idle-X
4018683588,9,986,-71,2485,-4480,-857,idle-X
4018698874,10,986,-71,2485,-4480,-857,idle-X
4018702864,10,986,-71,2450,-4480,-892,idle-X
4018716014,9,986,-72,2450,-4480,-892,idle-X
4018722141,9,986,-72,2485,-4480,-857,idle-X
4018733152,9,986,-71,2485,-4480,-857,idle-X
4018741415,9,986,-71,2467,-4480,-892,idle-X
4018750595,9,986,-71,2467,-4480,-892,idle-X
4018760386,9,986,-71,2485,-4480,-910,idle-X
4018767734,9,986,-72,2485,-4480,-910,idle-X
4018779662,9,986,-72,2450,-4480,-857,idle-X
4018784873,9,985,-71,2450,-4480,-857,idle-X
4018798937,9,985,-71,2467,-4462,-910,idle-X
4018802010,9,986,-71,2467,-4462,-910,idle-X
4018817908,9,986,-71,2467,-4445,-910,idle-X
4018819454,9,986,-72,2467,-4445,-910,idle-X
4018836573,9,986,-71,2467,-4445,-910,idle-X
4018837204,9,986,-71,2450,-4445,-875,idle-X
4018853713,9,986,-71,2450,-4445,-875,idle-X
4018856482,9,986,-71,2432,-4445,-857,idle-X
4018871158,9,986,-71,2432,-4445,-857,idle-X
4018875452,9,986,-71,2485,-4445,-857,idle-X
4018888296,9,986,-71,2485,-4445,-857,idle-X
4018894728,9,986,-71,2450,-4462,-875,idle-X
4018905435,9,986,-71,2450,-4462,-875,idle-X
4018914006,9,986,-71,2450,-4480,-892,idle-X
4018922881,10,986,-71,2450,-4480,-892,idle-X
4018933281,10,986,-71,2467,-4462,-875,idle-X
4018940018,9,986,-72,2467,-4462,-875,idle-X
4018952252,9,986,-72,2467,-4497,-875,idle-X
4018957158,9,986,-71,2467,-4497,-875,idle-X
4018971528,9,986,-71,2502,-4462,-892,idle-X
4018974297,10,986,-71,2502,-4462,-892,idle-X
4018990804,10,986,-71,2485,-4462,-910,idle-X
4018991740,9,986,-72,2485,-4462,-910,idle-X
4019008858,9,986,-72,2485,-4462,-910,idle-X
4019009794,9,986,-72,2467,-4462,-875,idle-X
4019025996,9,986,-72,2467,-4462,-875,idle-X
4019029070,9,986,-72,2450,-4462,-892,idle-X
4019043440,9,986,-72,2450,-4462,-892,idle-X
4019048346,9,986,-72,2467,-4462,-875,idle-X
4019060579,9,986,-71,2467,-4462,-875,idle-X
4019067316,9,986,-71,2485,-4480,-875,idle-X
4019077717,10,986,-71,2485,-4480,-875,idle-X
4019086592,10,986,-71,2467,-4445,-875,idle-X
4019094856,9,986,-72,2467,-4445,-875,idle-X
4019105868,9,986,-72,2485,-4462,-875,idle-X
4019112300,9,986,-71,2485,-4462,-875,idle-X
4019125144,9,986,-71,2485,-4480,-910,idle-X
4019129439,9,986,-71,2485,-4480,-910,idle-X
4019144114,9,986,-71,2502,-4445,-875,idle-X
4019146576,9,986,-71,2502,-4445,-875,idle-X
4019163389,9,986,-71,2485,-4445,-857,idle-X
4019164019,9,986,-71,2485,-4445,-857,idle-X
4019181138,10,986,-72,2485,-4445,-857,idle-X
4019182685,10,986,-72,2467,-4480,-857,idle-X
4019198276,9,986,-72,2467,-4480,-857,idle-X
4019201654,9,986,-72,2485,-4480,-875,idle-X
4019215718,10,986,-72,2485,-4480,-875,idle-X
4019220929,10,986,-72,2467,-4480,-875,idle-X
4019232856,9,986,-72,2467,-4480,-875,idle-X
4019240204,9,986,-72,2485,-4480,-875,idle-X
4019249995,9,986,-71,2485,-4480,-875,idle-X
4019259175,9,986,-71,2467,-4480,-857,idle-X
4019267439,9,986,-71,2467,-4480,-857,idle-X
4019278451,9,986,-71,2467,-4462,-840,idle-X
4019284578,9,986,-71,2467,-4462,-840,idle-X
4019297726,9,986,-71,2450,-4462,-875,idle-X
4019301717,9,986,-71,2450,-4462,-875,idle-X
4019317003,9,986,-71,2485,-4445,-892,idle-X
4019318855,9,986,-71,2485,-4445,-892,idle-X
4019335973,9,986,-71,2485,-4462,-875,idle-X
4019336603,9,986,-71,2485,-4462,-875,idle-X
4019353414,9,986,-71,2485,-4462,-875,idle-X
4019355267,9,986,-71,2467,-4462,-892,idle-X
4019370553,10,986,-72,2467,-4462,-892,idle-X
4019374542,10,986,-72,2467,-4480,-875,idle-X
4019387997,9,986,-71,2467,-4480,-875,idle-X
4019393512,9,986,-71,2485,-4480,-875,idle-X
4019405135,10,986,-72,2485,-4480,-875,idle-X
4019412788,10,986,-72,2432,-4480,-875,idle-X
4019422273,9,986,-71,2432,-4480,-875,idle-X
4019432063,9,986,-71,2450,-4480,-875,idle-X
4019439411,9,986,-71,2450,-4480,-875,idle-X
4019451033,9,986,-71,2485,-4480,-892,idle-X
4019456854,9,986,-72,2485,-4480,-892,idle-X
4019470308,9,986,-72,2467,-4445,-892,idle-X
4019473992,9,986,-71,2467,-4445,-892,idle-X
4019489583,9,986,-71,2467,-4445,-892,idle-X
4019491130,9,986,-70,2467,-4445,-892,idle-X
4019508554,9,986,-71,2467,-4445,-875,idle-X
4019525684,9,986,-72,2467,-4445,-875,idle-X
4019527842,9,986,-72,2450,-4462,-857,idle-X
4019542824,10,985,-71,2450,-4462,-857,idle-X
4019547118,10,985,-71,2467,-4462,-875,idle-X
4019559962,9,986,-71,2467,-4462,-875,idle-X
4019566394,9,986,-71,2485,-4462,-875,idle-X
4019577405,10,985,-71,2485,-4462,-875,idle-X
4019585364,10,985,-71,2485,-4480,-875,idle-X
4019594544,10,986,-71,2485,-4480,-875,idle-X
4019604640,10,986,-71,2485,-4497,-892,idle-X
4019611683,9,986,-71,2485,-4497,-892,idle-X
4019623915,9,986,-71,2467,-4480,-875,idle-X
4019629127,9,986,-71,2467,-4480,-875,idle-X
4019642886,9,986,-71,2450,-4462,-892,idle-X
4019646265,9,986,-72,2450,-4462,-892,idle-X
4019662161,9,986,-72,2432,-4462,-875,idle-X
4019663402,9,986,-71,2432,-4462,-875,idle-X
4019680825,9,986,-72,2432,-4462,-875,idle-X
4019681455,9,986,-72,2485,-4445,-857,idle-X
4019697965,9,986,-71,2485,-4445,-857,idle-X
4019700428,9,986,-71,2485,-4445,-875,idle-X
4019715104,9,986,-71,2485,-4445,-875,idle-X
4019719705,9,986,-71,2432,-4462,-875,idle-X
4019732243,9,986,-72,2432,-4462,-875,idle-X
4019738981,9,986,-72,2432,-4462,-857,idle-X
4019749687,9,986,-70,2432,-4462,-857,idle-X
4019757951,9,986,-70,2450,-4480,-857,idle-X
4019766826,9,986,-72,2450,-4480,-857,idle-X
4019777227,9,986,-72,2467,-4497,-892,idle-X
4019783964,9,986,-71,2467,-4497,-892,idle-X
4019796502,9,986,-71,2450,-4445,-892,idle-X
4019801102,9,986,-71,2450,-4445,-892,idle-X
4019815472,9,986,-71,2467,-4462,-875,idle-X
4019818546,10,986,-71,2467,-4462,-875,idle-X
4019834749,10,986,-71,2467,-4480,-910,idle-X
4019835685,9,986,-71,2467,-4480,-910,idle-X
4019852803,10,986,-72,2467,-4480,-910,idle-X
4019854044,10,986,-72,2485,-4480,-892,idle-X
4019870245,9,985,-71,2485,-4480,-892,idle-X
4019873014,9,985,-71,2467,-4462,-857,idle-X
4019887385,9,986,-72,2467,-4462,-857,idle-X
4019892290,9,986,-72,2432,-4445,-892,idle-X
4019904524,9,986,-71,2432,-4445,-892,idle-X
4019911566,9,986,-71,2485,-4445,-857,idle-X
4019921661,10,986,-71,2485,-4445,-857,idle-X
4019930535,10,986,-71,2485,-4480,-875,idle-X
4019939103,10,986,-72,2485,-4480,-875,idle-X
4019949809,10,986,-72,2467,-4480,-875,idle-X
4019956242,10,986,-71,2467,-4480,-875,idle-X
4019969087,10,986,-71,2467,-4462,-892,idle-X
4019973382,9,986,-71,2467,-4462,-892,idle-X
4019988362,9,986,-71,2467,-4462,-892,idle-X
4019990520,10,986,-71,2467,-4462,-892,idle-X
4020007332,10,986,-71,2485,-4462,-892,idle-X
4020007963,9,986,-71,2485,-4462,-892,idle-X
4020025082,10,986,-71,2485,-4462,-892,idle-X
4020026629,10,986,-71,2467,-4445,-857,idle-X
4020042221,9,986,-71,2467,-4445,-857,idle-X
4020045905,9,986,-71,2485,-4462,-875,idle-X
4020059664,9,986,-71,2485,-4462,-875,idle-X
4020064874,9,986,-71,2467,-4462,-875,idle-X
4020076802,9,986,-72,2467,-4462,-875,idle-X
4020084148,9,986,-72,2485,-4497,-857,idle-X
4020093940,9,986,-71,2485,-4497,-857,idle-X
4020103424,9,986,-71,2485,-4462,-875,idle-X
4020111384,9,986,-71,2485,-4462,-875,idle-X
4020122395,9,986,-71,2450,-4462,-857,idle-X
4020128521,9,986,-71,2450,-4462,-857,idle-X
4020141670,9,986,-71,2450,-4445,-892,idle-X
4020145658,10,986,-71,2450,-4445,-892,idle-X
4020160945,10,986,-71,2467,-4462,-892,idle-X
4020162797,10,986,-71,2467,-4462,-892,idle-X
4020180220,9,986,-72,2485,-4445,-875,idle-X
4020197350,9,986,-71,2485,-4445,-875,idle-X
4020199203,9,986,-71,2502,-4480,-875,idle-X
4020214489,9,986,-72,2502,-4480,-875,idle-X
4020218479,9,986,-72,2467,-4480,-892,idle-X
4020231934,9,986,-71,2467,-4480,-892,idle-X
4020237755,9,986,-71,2450,-4462,-927,idle-X
4020249072,9,986,-72,2450,-4462,-927,idle-X
4020256725,9,986,-72,2450,-4462,-857,idle-X
4020266210,9,986,-71,2450,-4462,-857,idle-X
4020276000,9,986,-71,2467,-4462,-857,idle-X
4020283349,9,986,-71,2467,-4462,-857,idle-X
4020295278,9,986,-71,2467,-4462,-875,idle-X
4020300794,9,986,-71,2467,-4462,-875,idle-X
4020314248,9,986,-71,2485,-4462,-910,idle-X
4020317932,9,986,-71,2485,-4462,-910,idle-X
4020333522,9,986,-71,2450,-4480,-910,idle-X
4020335070,9,986,-71,2450,-4480,-910,idle-X
4020352493,9,986,-71,2467,-4480,-857,idle-X
4020369625,10,986,-72,2467,-4480,-857,idle-X
4020371782,10,986,-72,2467,-4480,-875,idle-X
4020386762,9,986,-71,2467,-4480,-875,idle-X
4020391057,9,986,-71,2467,-4462,-875,idle-X
4020403899,9,986,-71,2467,-4462,-875,idle-X
4020410331,9,986,-71,2485,-4427,-875,idle-X
4020421343,9,986,-71,2485,-4427,-875,idle-X
4020429302,9,986,-71,2467,-4462,-892,idle-X
4020438482,10,986,-71,2467,-4462,-892,idle-X
4020448577,10,986,-71,2467,-4480,-892,idle-X
4020455620,9,986,-71,2467,-4480,-892,idle-X
4020467853,9,986,-71,2467,-4480,-857,idle-X
4020473064,9,986,-71,2467,-4480,-857,idle-X
4020486825,9,986,-71,2450,-4480,-875,idle-X
4020490204,9,986,-71,2450,-4480,-875,idle-X
4020506100,9,986,-71,2450,-4462,-892,idle-X
4020507341,9,986,-72,2450,-4462,-892,idle-X
4020524460,9,986,-71,2450,-4462,-892,idle-X
4020525396,9,986,-71,2450,-4462,-892,idle-X
4020541903,9,986,-71,2450,-4462,-892,idle-X
4020544367,9,986,-71,2467,-4462,-875,idle-X
4020559043,9,986,-71,2467,-4462,-875,idle-X
4020563643,9,986,-71,2450,-4497,-892,idle-X
4020576182,9,986,-71,2450,-4497,-892,idle-X
4020582919,9,986,-71,2485,-4462,-892,idle-X
4020593320,9,986,-71,2485,-4462,-892,idle-X
4020601889,9,986,-71,2485,-4497,-892,idle-X
4020610764,9,986,-72,2485,-4497,-892,idle-X
4020621166,9,986,-72,2467,-4462,-892,idle-X
4020627903,9,986,-71,2467,-4462,-892,idle-X
4020640441,9,986,-71,2450,-4445,-892,idle-X
4020645042,9,986,-71,2450,-4445,-892,idle-X
4020659411,9,986,-71,2467,-4462,-892,idle-X
4020662485,9,985,-71,2467,-4462,-892,idle-X
4020678688,9,985,-71,2450,-4445,-857,idle-X
4020679624,10,986,-72,2450,-4445,-857,idle-X
4020696742,9,986,-72,2450,-4445,-857,idle-X
4020697984,9,986,-72,2450,-4462,-875,idle-X
4020713881,9,986,-71,2450,-4462,-875,idle-X
4020716954,9,986,-71,2467,-4480,-875,idle-X
4020731324,10,986,-72,2467,-4480,-875,idle-X
4020736229,10,986,-72,2485,-4445,-875,idle-X
4020748462,9,986,-71,2485,-4445,-875,idle-X
4020755505,9,986,-71,2485,-4445,-875,idle-X
4020765601,9,986,-71,2485,-4445,-875,idle-X
4020774475,9,986,-71,2467,-4462,-892,idle-X
4020782738,10,986,-71,2467,-4462,-892,idle-X
4020793750,10,986,-71,2450,-4462,-875,idle-X
4020800182,9,986,-71,2450,-4462,-875,idle-X
4020813026,9,986,-71,2432,-4445,-892,idle-X
4020817322,9,986,-72,2432,-4445,-892,idle-X
4020831997,9,986,-72,2450,-4445,-875,idle-X
4020834460,9,986,-71,2450,-4445,-875,idle-X
4020851273,9,986,-71,2467,-4480,-875,idle-X
4020851903,9,986,-71,2467,-4480,-875,idle-X
4020869022,9,985,-71,2467,-4480,-875,idle-X
4020870569,9,985,-71,2467,-4480,-875,idle-X
4020886161,9,986,-71,2467,-4480,-875,idle-X
4020889540,9,986,-71,2467,-4480,-892,idle-X
4020903299,9,986,-71,2467,-4480,-892,idle-X
4020908814,9,986,-71,2467,-4445,-892,idle-X
4020920437,9,986,-72,2467,-4445,-892,idle-X
4020928090,9,986,-72,2450,-4445,-875,idle-X
4020937880,10,986,-71,2450,-4445,-875,idle-X
4020947060,10,986,-71,2450,-4462,-857,idle-X
4020955018,9,986,-71,2450,-4462,-857,idle-X
4020966335,9,986,-71,2467,-4445,-875,idle-X
4020972156,9,986,-71,2467,-4445,-875,idle-X
4020985610,9,986,-71,2467,-4445,-875,idle-X
4020989600,9,986,-71,2467,-4445,-875,idle-X
4021004580,9,986,-71,2467,-4445,-857,idle-X
4021006738,10,986,-71,2467,-4445,-857,idle-X
4021023857,9,986,-71,2450,-4445,-857,idle-X
4021040987,9,986,-72,2450,-4445,-857,idle-X
4021043145,9,986,-72,2450,-4462,-892,idle-X
4021058430,9,986,-71,2450,-4462,-892,idle-X
4021062114,9,986,-71,2485,-4480,-875,idle-X
4021075569,9,986,-72,2485,-4480,-875,idle-X
4021081391,9,986,-72,2485,-4480,-892,idle-X
4021092707,9,986,-71,2485,-4480,-892,idle-X
4021100665,9,986,-71,2485,-4462,-875,idle-X
4021109844,9,986,-71,2485,-4462,-875,idle-X
4021119634,9,986,-71,2485,-4445,-875,idle-X
4021127287,9,986,-71,2485,-4445,-875,idle-X
4021138910,9,986,-71,2485,-4462,-857,idle-X
4021144426,9,986,-72,2485,-4462,-857,idle-X
4021158187,9,986,-72,2485,-4462,-857,idle-X
4021161566,9,986,-71,2485,-4462,-857,idle-X
4021177158,9,986,-71,2485,-4462,-857,idle-X
4021178705,9,986,-71,2485,-4462,-857,idle-X
4021196129,9,986,-71,2485,-4445,-875,idle-X
4021213261,9,986,-71,2485,-4445,-875,idle-X
4021215724,9,986,-71,2450,-4462,-857,idle-X
4021230399,10,986,-71,2450,-4462,-857,idle-X
4021234694,10,986,-71,2485,-4480,-892,idle-X
4021247538,9,986,-71,2485,-4480,-892,idle-X
4021253970,9,986,-71,2450,-4480,-875,idle-X
4021264981,9,986,-71,2450,-4480,-875,idle-X
4021273245,9,986,-71,2485,-4480,-892,idle-X
4021282119,9,986,-71,2485,-4480,-892,idle-X
4021292214,9,986,-71,2485,-4462,-875,idle-X
4021299257,9,986,-71,2485,-4462,-875,idle-X
4021311490,9,986,-71,2467,-4445,-892,idle-X
4021316396,9,986,-71,2467,-4445,-892,idle-X
4021330460,9,986,-71,2467,-4462,-857,idle-X
4021333839,9,986,-72,2467,-4462,-857,idle-X
4021349736,9,986,-72,2450,-4445,-857,idle-X
4021350978,9,986,-72,2450,-4445,-857,idle-X
4021368096,9,986,-72,2450,-4445,-857,idle-X
4021369033,9,986,-72,2485,-4462,-875,idle-X
4021385235,9,986,-72,2485,-4462,-875,idle-X
4021388003,9,986,-72,2450,-4462,-875,idle-X
4021402679,9,985,-71,2450,-4462,-875,idle-X
4021407279,9,985,-71,2467,-4445,-857,idle-X
4021419816,9,986,-71,2467,-4445,-857,idle-X
4021426554,9,986,-71,2467,-4480,-875,idle-X
4021436954,9,986,-72,2467,-4480,-875,idle-X
4021445523,9,986,-72,2467,-4497,-892,idle-X
4021454092,9,986,-71,2467,-4497,-892,idle-X
4021464798,9,986,-71,2467,-4480,-892,idle-X
4021471535,9,986,-72,2467,-4480,-892,idle-X
4021484074,9,986,-72,2467,-4462,-892,idle-X
4021488674,9,986,-71,2467,-4462,-892,idle-X
4021503046,9,986,-71,2467,-4480,-892,idle-X
4021505813,9,986,-71,2467,-4480,-892,idle-X
4021522320,9,986,-71,2467,-4445,-875,idle-X
4021522950,9,986,-71,2467,-4445,-875,idle-X
4021540374,10,986,-71,2467,-4445,-875,idle-X
4021541311,10,986,-71,2467,-4462,-892,idle-X
4021557513,9,986,-71,2467,-4462,-892,idle-X
4021560586,9,986,-71,2485,-4462,-892,idle-X
4021574651,9,986,-72,2485,-4462,-892,idle-X
4021579862,9,986,-72,2467,-4462,-892,idle-X
4021591790,9,986,-71,2467,-4462,-892,idle-X
4021598832,9,986,-71,2450,-4497,-910,idle-X
4021609233,10,986,-71,2450,-4497,-910,idle-X
4021618107,10,986,-71,2485,-4462,-892,idle-X
4021626371,9,986,-71,2485,-4462,-892,idle-X
4021637382,9,986,-71,2485,-4462,-892,idle-X
4021643508,9,986,-71,2485,-4462,-892,idle-X
4021656352,9,986,-71,2467,-4462,-892,idle-X
4021660646,9,986,-71,2467,-4462,-892,idle-X
4021675628,9,986,-71,2432,-4445,-875,idle-X
4021678091,9,986,-72,2432,-4445,-875,idle-X
4021694903,9,986,-72,2450,-4445,-875,idle-X
4021695534,9,985,-72,2450,-4445,-875,idle-X
4021712347,10,986,-72,2450,-4445,-875,idle-X
4021713894,10,986,-72,2502,-4462,-892,idle-X
4021729486,9,986,-72,2502,-4462,-892,idle-X
4021733171,9,986,-72,2485,-4462,-875,idle-X
4021746931,9,986,-72,2485,-4462,-875,idle-X
4021752446,9,986,-72,2467,-4480,-857,idle-X
4021764069,9,985,-71,2467,-4480,-857,idle-X
4021771418,9,985,-71,2450,-4462,-875,idle-X
4021781208,9,986,-71,2450,-4462,-875,idle-X
4021790693,9,986,-71,2450,-4480,-857,idle-X
4021798347,10,986,-72,2450,-4480,-857,idle-X
4021809969,10,986,-72,2467,-4462,-857,idle-X
4021815789,9,986,-71,2467,-4462,-857,idle-X
4021828938,9,986,-71,2502,-4462,-875,idle-X
4021832928,9,986,-70,2502,-4462,-875,idle-X
4021848214,9,986,-70,2485,-4462,-840,idle-X
4021850066,9,986,-71,2485,-4462,-840,idle-X
4021867186,9,986,-71,2432,-4462,-875,idle-X
4021884622,10,986,-71,2432,-4462,-875,idle-X
4021886473,10,986,-71,2467,-4480,-857,idle-X
4021901759,9,986,-72,2467,-4480,-857,idle-X
4021905749,9,986,-72,2467,-4497,-892,idle-X
4021918897,9,985,-71,2467,-4497,-892,idle-X
4021924719,9,985,-71,2467,-4462,-875,idle-X
4021936037,8,986,-71,2467,-4462,-875,idle-X
4021943996,8,986,-71,2485,-4445,-875,idle-X
4021953481,9,986,-71,2485,-4445,-875,idle-X
4021963271,9,986,-71,2537,-4445,-875,idle-X
4021970618,10,986,-71,2537,-4445,-875,idle-X
4021982545,10,986,-71,2467,-4427,-875,idle-X
4021987757,9,986,-71,2467,-4427,-875,idle-X
4022001517,9,986,-71,2467,-4480,-875,idle-X
4022005202,9,986,-71,2467,-4480,-875,idle-X
4022020793,9,986,-71,2467,-4480,-892,idle-X
4022022340,9,986,-71,2467,-4480,-892,idle-X
4022039458,9,986,-71,2467,-4480,-892,idle-X
4022040088,9,986,-71,2450,-4462,-892,idle-X
4022056596,9,986,-72,2450,-4462,-892,idle-X
4022059059,9,986,-72,2432,-4480,-892,idle-X
4022074039,9,986,-72,2432,-4480,-892,idle-X
4022078334,9,986,-72,2467,-4480,-875,idle-X
4022091177,10,986,-71,2467,-4480,-875,idle-X
4022097304,10,986,-71,2467,-4480,-910,idle-X
4022108316,9,986,-71,2467,-4480,-910,idle-X
4022116579,9,986,-71,2467,-4497,-857,idle-X
4022125454,9,986,-72,2467,-4497,-857,idle-X
4022135856,9,986,-72,2502,-4445,-840,idle-X
4022142899,9,986,-71,2502,-4445,-840,idle-X
4022154826,9,986,-71,2485,-4462,-892,idle-X
4022160036,10,986,-71,2485,-4462,-892,idle-X
4022174102,10,986,-71,2467,-4480,-910,idle-X
4022177176,9,986,-72,2467,-4480,-910,idle-X
4022193378,9,986,-72,2467,-4445,-875,idle-X
4022194314,9,986,-71,2467,-4445,-875,idle-X
4022211738,9,986,-71,2467,-4445,-875,idle-X
4022212368,9,986,-71,2450,-4480,-875,idle-X
4022228877,9,986,-71,2450,-4480,-875,idle-X
4022231645,9,986,-71,2467,-4480,-892,idle-X
4022246015,10,986,-71,2467,-4480,-892,idle-X
4022250921,10,986,-71,2450,-4480,-892,idle-X
4022263460,9,986,-71,2450,-4480,-892,idle-X
4022269892,9,986,-71,2432,-4462,-910,idle-X
4022280598,9,986,-71,2432,-4462,-910,idle-X
4022289167,9,986,-71,2467,-4480,-875,idle-X
4022297736,9,986,-72,2467,-4480,-875,idle-X
4022308442,9,986,-72,2450,-4462,-875,idle-X
4022314875,10,986,-71,2450,-4462,-875,idle-X
4022327719,10,986,-71,2467,-4445,-857,idle-X
4022332319,9,986,-71,2467,-4445,-857,idle-X
4022346688,9,986,-71,2467,-4462,-875,idle-X
4022349457,10,986,-71,2467,-4462,-875,idle-X
4022365963,10,986,-71,2450,-4462,-875,idle-X
4022366593,9,986,-71,2450,-4462,-875,idle-X
4022384016,9,986,-72,2450,-4462,-875,idle-X
4022384953,9,986,-72,2467,-4445,-892,idle-X
4022401155,9,986,-72,2467,-4445,-892,idle-X
4022404228,9,986,-72,2432,-4480,-892,idle-X
4022418292,9,986,-71,2432,-4480,-892,idle-X
4022423503,9,986,-71,2467,-4480,-875,idle-X
4022435431,9,986,-71,2467,-4480,-875,idle-X
4022442779,9,986,-71,2485,-4480,-875,idle-X
4022452875,9,986,-71,2485,-4480,-875,idle-X
4022461751,9,986,-71,2467,-4480,-875,idle-X
4022470014,9,986,-71,2467,-4480,-875,idle-X
4022481026,9,986,-71,2450,-4480,-875,idle-X
4022487152,9,986,-71,2450,-4480,-875,idle-X
4022500300,9,986,-71,2450,-4445,-892,idle-X
4022504290,9,986,-71,2450,-4445,-892,idle-X
4022519271,9,986,-71,2485,-4462,-875,idle-X
4022521734,9,986,-71,2485,-4462,-875,idle-X
4022538547,9,986,-71,2485,-4462,-857,idle-X
4022539178,10,986,-72,2485,-4462,-857,idle-X
4022555990,9,986,-71,2485,-4462,-857,idle-X
4022557842,9,986,-71,2450,-4462,-857,idle-X
4022573129,10,986,-71,2450,-4462,-857,idle-X
4022576813,10,986,-71,2467,-4480,-857,idle-X
4022590573,9,986,-71,2467,-4480,-857,idle-X
4022596090,9,986,-71,2467,-4462,-875,idle-X
4022607712,9,986,-71,2467,-4462,-875,idle-X
4022615365,9,986,-71,2450,-4462,-875,idle-X
4022624849,10,986,-71,2450,-4462,-875,idle-X
4022634335,10,986,-71,2502,-4445,-910,idle-X
4022642294,9,986,-71,2502,-4445,-910,idle-X
4022653611,9,986,-71,2485,-4445,-892,idle-X
4022659433,9,986,-71,2485,-4445,-892,idle-X
4022672886,9,986,-71,2450,-4445,-857,idle-X
4022676570,9,986,-72,2450,-4445,-857,idle-X
4022691857,9,986,-72,2450,-4445,-875,idle-X
4022693710,10,986,-71,2450,-4445,-875,idle-X
4022711134,9,986,-71,2485,-4480,-892,idle-X
4022728266,9,986,-71,2485,-4480,-892,idle-X
4022730118,9,986,-71,2467,-4462,-892,idle-X
4022745405,9,986,-71,2467,-4462,-892,idle-X
4022749395,9,986,-71,2467,-4480,-892,idle-X
4022762544,9,985,-72,2467,-4480,-892,idle-X
4022768671,9,985,-72,2450,-4480,-892,idle-X
4022779988,9,986,-72,2450,-4480,-892,idle-X
4022787642,9,986,-72,2467,-4462,-857,idle-X
4022797127,10,986,-71,2467,-4462,-857,idle-X
4022806917,10,986,-71,2450,-4445,-857,idle-X
4022814265,9,986,-71,2450,-4445,-857,idle-X
4022826192,9,986,-71,2467,-4462,-892,idle-X
4022831403,10,986,-71,2467,-4462,-892,idle-X
4022845469,10,986,-71,2485,-4480,-875,idle-X
4022848848,9,986,-71,2485,-4480,-875,idle-X
4022864439,9,986,-71,2432,-4480,-857,idle-X
4022865987,9,986,-71,2432,-4480,-857,idle-X
4022883104,9,986,-71,2432,-4480,-857,idle-X
4022883734,9,986,-71,2485,-4480,-910,idle-X
4022900548,10,986,-71,2485,-4480,-910,idle-X
4022903011,10,986,-71,2467,-4497,-857,idle-X
4022917687,10,986,-71,2467,-4497,-857,idle-X
4022921982,10,986,-71,2450,-4462,-857,idle-X
4022934825,9,986,-71,2450,-4462,-857,idle-X
4022941257,9,986,-71,2485,-4462,-857,idle-X
4022951963,9,986,-71,2485,-4462,-857,idle-X
4022960532,9,986,-71,2450,-4445,-875,idle-X
4022969407,9,986,-72,2450,-4445,-875,idle-X
4022979504,9,986,-72,2450,-4462,-857,idle-X
4022986547,9,986,-71,2450,-4462,-857,idle-X
4022998779,9,986,-71,2450,-4462,-875,idle-X
4023003684,9,986,-71,2450,-4462,-875,idle-X
4023017749,9,986,-71,2467,-4497,-875,idle-X
4023020823,9,986,-72,2467,-4497,-875,idle-X
4023037026,9,986,-72,2467,-4462,-875,idle-X
4023038268,9,986,-71,2467,-4462,-875,idle-X
4023055386,9,986,-71,2467,-4462,-875,idle-X
4023056322,9,986,-71,2467,-4462,-875,idle-X
4023072524,10,986,-72,2467,-4462,-875,idle-X
4023075293,10,986,-72,2467,-4445,-857,idle-X
4023089663,9,986,-71,2467,-4445,-857,idle-X
4023094567,9,986,-71,2467,-4462,-857,idle-X
4023107106,9,986,-72,2467,-4462,-857,idle-X
4023113844,9,986,-72,2450,-4462,-892,idle-X
4023124244,10,986,-71,2450,-4462,-892,idle-X
4023132814,10,986,-71,2467,-4462,-892,idle-X
4023141384,9,986,-71,2467,-4462,-892,idle-X
4023152089,9,986,-71,2450,-4462,-875,idle-X
4023158521,10,986,-71,2450,-4462,-875,idle-X
4023171364,10,986,-71,2467,-4462,-892,idle-X
4023175964,10,986,-72,2467,-4462,-892,idle-X
4023190334,10,986,-72,2485,-4462,-892,idle-X
4023193102,9,986,-71,2485,-4462,-892,idle-X
4023209608,9,986,-71,2432,-4445,-892,idle-X
4023210238,9,986,-71,2432,-4445,-892,idle-X
4023227661,9,986,-71,2432,-4445,-892,idle-X
4023228903,9,986,-71,2450,-4462,-875,idle-X
4023244801,10,986,-71,2450,-4462,-875,idle-X
4023247874,10,986,-71,2485,-4462,-875,idle-X
4023261939,9,986,-71,2485,-4462,-875,idle-X
4023267149,9,986,-71,2432,-4480,-892,idle-X
4023279076,10,986,-71,2432,-4480,-892,idle-X
4023286423,10,986,-71,2467,-4462,-875,idle-X
4023296215,9,986,-71,2467,-4462,-875,idle-X
4023305394,9,986,-71,2450,-4462,-875,idle-X
4023313658,9,986,-71,2450,-4462,-875,idle-X
4023324670,9,986,-71,2450,-4462,-857,idle-X
4023330796,9,986,-71,2450,-4462,-857,idle-X
4023343944,9,986,-71,2485,-4480,-857,idle-X
4023347934,10,987,-71,2485,-4480,-857,idle-X
4023362914,10,987,-71,2485,-4462,-875,idle-X
4023365072,9,986,-71,2485,-4462,-875,idle-X
4023382190,9,986,-71,2432,-4462,-892,idle-X
4023382820,9,986,-72,2432,-4462,-892,idle-X
4023399634,9,986,-72,2432,-4462,-892,idle-X
4023401181,9,986,-72,2450,-4480,-910,idle-X
4023416773,9,986,-72,2450,-4480,-910,idle-X
4023420457,9,986,-72,2467,-4462,-892,idle-X
4023434218,9,986,-71,2467,-4462,-892,idle-X
4023439735,9,986,-71,2467,-4462,-875,idle-X
4023451357,9,986,-71,2467,-4462,-875,idle-X
4023458704,9,986,-71,2485,-4480,-875,idle-X
4023468495,9,986,-71,2485,-4480,-875,idle-X
4023477980,9,986,-71,2450,-4497,-875,idle-X
4023485633,9,985,-71,2450,-4497,-875,idle-X
4023497256,9,985,-71,2467,-4480,-910,idle-X
4023503078,9,986,-72,2467,-4480,-910,idle-X
4023516227,9,986,-72,2432,-4462,-892,idle-X
4023520216,9,986,-71,2432,-4462,-892,idle-X
4023535503,9,986,-71,2467,-4462,-875,idle-X
4023537355,9,986,-71,2467,-4462,-875,idle-X
4023554473,10,986,-72,2485,-4480,-875,idle-X
4023571910,9,986,-70,2485,-4480,-875,idle-X
4023573762,9,986,-70,2450,-4480,-875,idle-X
4023589049,9,986,-71,2450,-4480,-875,idle-X
4023593038,9,986,-71,2450,-4480,-857,idle-X
4023606187,9,986,-71,2450,-4480,-857,idle-X
4023612314,9,986,-71,2467,-4462,-875,idle-X
4023623325,10,986,-72,2467,-4462,-875,idle-X
4023631283,10,986,-72,2467,-4497,-892,idle-X
4023640769,9,986,-72,2467,-4497,-892,idle-X
4023650559,9,986,-72,2467,-4480,-875,idle-X
4023657906,9,985,-71,2467,-4480,-875,idle-X
4023669833,9,985,-71,2467,-4480,-875,idle-X
4023675044,9,986,-71,2467,-4480,-875,idle-X
4023688803,9,986,-71,2450,-4497,-892,idle-X
4023692182,9,986,-72,2450,-4497,-892,idle-X
4023708079,9,986,-72,2450,-4480,-892,idle-X
4023709626,9,986,-71,2450,-4480,-892,idle-X
4023726744,9,986,-72,2450,-4480,-892,idle-X
4023727374,9,986,-72,2467,-4480,-875,idle-X
4023743882,10,986,-72,2467,-4480,-875,idle-X
4023746346,10,986,-72,2485,-4462,-857,idle-X
4023761022,9,986,-71,2485,-4462,-857,idle-X
4023765622,9,986,-71,2485,-4462,-857,idle-X
4023778466,9,986,-72,2485,-4462,-857,idle-X
4023784592,9,986,-72,2485,-4462,-892,idle-X
4023795603,10,986,-71,2485,-4462,-892,idle-X
4023803867,10,986,-71,2502,-4445,-875,idle-X
4023812741,10,986,-71,2502,-4445,-875,idle-X
4023823143,10,986,-71,2450,-4480,-875,idle-X
4023829879,9,986,-72,2450,-4480,-875,idle-X
4023842112,9,986,-72,2450,-4462,-892,idle-X
4023847322,9,986,-71,2450,-4462,-892,idle-X
4023861386,9,986,-71,2450,-4497,-857,idle-X
4023864460,9,986,-72,2450,-4497,-857,idle-X
4023880661,9,986,-72,2467,-4480,-875,idle-X
4023881598,9,986,-72,2467,-4480,-875,idle-X
4023898717,9,986,-71,2467,-4480,-875,idle-X
4023899654,9,986,-71,2485,-4462,-892,idle-X
4023916161,9,986,-72,2485,-4462,-892,idle-X
4023918928,9,986,-72,2467,-4480,-875,idle-X
4023933299,9,986,-71,2467,-4480,-875,idle-X
4023938204,9,986,-71,2485,-4497,-875,idle-X
4023950436,9,985,-71,2485,-4497,-875,idle-X
4023957175,9,985,-71,2450,-4480,-857,idle-X
4023967881,10,985,-71,2450,-4480,-857,idle-X
4023976450,10,985,-71,2502,-4462,-875,idle-X
4023985018,9,986,-72,2502,-4462,-875,idle-X
4023995725,9,986,-72,2485,-4480,-892,idle-X
4024002158,9,986,-72,2485,-4480,-892,idle-X
4024014695,9,986,-72,2485,-4462,-875,idle-X
4024019296,9,986,-71,2485,-4462,-875,idle-X
4024033972,9,986,-71,2467,-4445,-857,idle-X
4024036434,9,986,-71,2467,-4445,-857,idle-X
4024053247,9,986,-71,2485,-4480,-892,idle-X
4024053877,9,986,-71,2485,-4480,-892,idle-X
4024070997,9,986,-71,2485,-4480,-892,idle-X
4024072238,9,986,-71,2467,-4497,-875,idle-X
4024088136,9,986,-71,2467,-4497,-875,idle-X
4024091514,9,986,-71,2450,-4480,-875,idle-X
4024105579,9,986,-71,2450,-4480,-875,idle-X
4024110790,9,986,-71,2450,-4480,-875,idle-X
4024122717,10,986,-72,2450,-4480,-875,idle-X
4024129760,10,986,-72,2485,-4445,-892,idle-X
4024139856,9,986,-72,2485,-4445,-892,idle-X
4024149036,9,986,-72,2485,-4462,-875,idle-X
4024156996,9,986,-72,2485,-4462,-875,idle-X
4024168312,9,986,-72,2450,-4480,-875,idle-X
4024174439,9,986,-72,2450,-4480,-875,idle-X
4024187281,9,986,-72,2450,-4445,-875,idle-X
4024191576,9,986,-72,2450,-4445,-875,idle-X
4024206556,9,986,-72,2485,-4462,-892,idle-X
4024208713,10,986,-71,2485,-4462,-892,idle-X
4024225832,10,986,-71,2450,-4462,-892,idle-X
4024226462,9,986,-71,2450,-4462,-892,idle-X
4024243275,9,986,-71,2450,-4462,-892,idle-X
4024244822,9,986,-71,2450,-4480,-892,idle-X
4024260413,9,986,-71,2450,-4480,-892,idle-X
4024264098,9,986,-71,2467,-4462,-910,idle-X
4024277552,9,986,-71,2467,-4462,-910,idle-X
4024283373,9,986,-71,2485,-4462,-892,idle-X
4024294997,9,986,-71,2485,-4462,-892,idle-X
4024302344,9,986,-71,2502,-4445,-875,idle-X
4024312136,9,986,-71,2502,-4445,-875,idle-X
4024321621,9,986,-71,2467,-4462,-857,idle-X
4024329274,9,986,-71,2467,-4462,-857,idle-X
4024340896,9,986,-71,2485,-4480,-892,idle-X
4024346412,9,986,-71,2485,-4480,-892,idle-X
4024359868,9,986,-71,2467,-4462,-892,idle-X
4024363857,10,986,-71,2467,-4462,-892,idle-X
4024379143,10,986,-71,2485,-4480,-875,idle-X
4024380995,9,986,-71,2485,-4480,-875,idle-X
4024398113,10,986,-71,2467,-4445,-892,idle-X
4024415549,9,986,-71,2467,-4445,-892,idle-X
4024417401,9,986,-71,2467,-4462,-892,idle-X
4024432687,9,986,-71,2467,-4462,-892,idle-X
4024436677,9,986,-71,2467,-4462,-892,idle-X
4024449825,9,986,-71,2467,-4462,-892,idle-X
4024455951,9,986,-71,2467,-4480,-875,idle-X
4024466962,10,986,-71,2467,-4480,-875,idle-X
4024474921,10,986,-71,2450,-4480,-840,idle-X
4024484407,9,986,-71,2450,-4480,-840,idle-X
4024494198,9,986,-71,2485,-4462,-857,idle-X
4024501545,10,986,-71,2485,-4462,-857,idle-X
4024513473,10,986,-71,2467,-4462,-857,idle-X
4024518683,9,985,-71,2467,-4462,-857,idle-X
4024532442,9,985,-71,2467,-4445,-892,idle-X
4024535823,9,986,-72,2467,-4445,-892,idle-X
4024551719,9,986,-72,2467,-4445,-875,idle-X
4024553267,10,986,-72,2467,-4445,-875,idle-X
4024570385,9,986,-71,2467,-4445,-875,idle-X
4024571016,9,986,-71,2467,-4445,-840,idle-X
4024587523,9,986,-72,2467,-4445,-840,idle-X
4024589987,9,986,-72,2467,-4480,-875,idle-X
4024604967,9,986,-71,2467,-4480,-875,idle-X
4024609262,9,986,-71,2485,-4462,-892,idle-X
4024622106,9,986,-71,2485,-4462,-892,idle-X
4024628538,9,986,-71,2467,-4462,-875,idle-X
4024639244,9,986,-72,2467,-4462,-875,idle-X
4024647508,9,986,-72,2467,-4480,-910,idle-X
4024656383,9,986,-71,2467,-4480,-910,idle-X
4024666784,9,986,-71,2467,-4462,-927,idle-X
4024673826,9,986,-71,2467,-4462,-927,idle-X
4024686059,9,986,-71,2485,-4445,-892,idle-X
4024690964,9,986,-71,2485,-4445,-892,idle-X
4024705334,9,986,-71,2485,-4445,-875,idle-X
4024708102,9,986,-71,2485,-4445,-875,idle-X
4024724304,9,986,-71,2450,-4445,-875,idle-X
4024725545,10,986,-72,2450,-4445,-875,idle-X
4024742663,9,986,-71,2450,-4445,-875,idle-X
4024743600,9,986,-71,2467,-4480,-892,idle-X
4024759802,9,986,-71,2467,-4480,-892,idle-X
4024762875,9,986,-71,2485,-4497,-875,idle-X
4024777245,9,986,-71,2485,-4497,-875,idle-X
4024781845,9,986,-71,2467,-4480,-875,idle-X
4024794384,9,986,-71,2467,-4480,-875,idle-X
4024801121,9,986,-71,2467,-4497,-875,idle-X
4024811522,9,986,-71,2467,-4497,-875,idle-X
4024820397,9,986,-71,2485,-4462,-892,idle-X
4024828661,9,986,-72,2485,-4462,-892,idle-X
4024839367,9,986,-72,2450,-4445,-875,idle-X
4024846105,9,986,-71,2450,-4445,-875,idle-X
4024858642,9,986,-71,2467,-4445,-875,idle-X
4024863243,9,986,-71,2467,-4445,-875,idle-X
4024877919,9,986,-71,2502,-4445,-875,idle-X
4024880382,9,986,-71,2502,-4445,-875,idle-X
4024897195,9,986,-71,2485,-4462,-875,idle-X
4024897825,9,986,-71,2485,-4462,-875,idle-X
4024914943,9,986,-72,2485,-4462,-875,idle-X
4024916184,9,986,-72,2467,-4462,-892,idle-X
4024932081,9,986,-71,2467,-4462,-892,idle-X
4024935460,9,986,-71,2485,-4462,-892,idle-X
4024949526,10,986,-72,2485,-4462,-892,idle-X
4024954737,10,986,-72,2450,-4445,-857,idle-X
4024966665,9,986,-72,2450,-4445,-857,idle-X
4024973707,9,986,-72,2450,-4427,-892,idle-X
4024983803,9,986,-71,2450,-4427,-892,idle-X
4024992981,9,986,-71,2450,-4480,-892,idle-X
4025000940,9,986,-71,2450,-4480,-892,idle-X
4025012258,9,986,-71,2450,-4480,-892,idle-X
4025018384,10,987,-72,2450,-4480,-892,idle-X
4025031228,10,987,-72,2432,-4462,-892,idle-X
4025035523,9,986,-72,2432,-4462,-892,idle-X
4025050504,9,986,-72,2450,-4480,-875,idle-X
4025052662,9,986,-72,2450,-4480,-875,idle-X
4025069780,9,986,-72,2467,-4480,-875,idle-X
4025070410,9,986,-72,2467,-4480,-875,idle-X
4025087223,9,986,-71,2467,-4480,-875,idle-X
4025088770,9,986,-71,2485,-4480,-892,idle-X
4025104361,10,986,-72,2485,-4480,-892,idle-X
4025108045,10,986,-72,2432,-4462,-857,idle-X
4025121498,9,986,-71,2432,-4462,-857,idle-X
4025127319,9,986,-71,2450,-4497,-875,idle-X
4025138942,9,986,-71,2450,-4497,-875,idle-X
4025146595,9,986,-71,2502,-4462,-875,idle-X
4025156081,10,986,-72,2502,-4462,-875,idle-X
4025165566,10,986,-72,2485,-4497,-875,idle-X
4025173220,10,986,-71,2485,-4497,-875,idle-X
4025184843,10,986,-71,2467,-4480,-857,idle-X
4025190664,9,986,-72,2467,-4480,-857,idle-X
4025204118,9,986,-72,2467,-4480,-875,idle-X
4025207803,9,986,-71,2467,-4480,-875,idle-X
4025223088,9,986,-71,2485,-4462,-892,idle-X
4025224940,9,986,-71,2485,-4462,-892,idle-X
4025242362,9,986,-71,2485,-4445,-892,idle-X
4025259492,9,986,-71,2485,-4445,-892,idle-X
4025261650,9,986,-71,2467,-4462,-857,idle-X
4025276632,9,986,-71,2467,-4462,-857,idle-X
4025280622,9,986,-71,2467,-4462,-892,idle-X
4025293770,9,986,-71,2467,-4462,-892,idle-X
4025299897,9,986,-71,2467,-4462,-892,idle-X
4025311215,9,986,-72,2467,-4462,-892,idle-X
4025319173,9,986,-72,2467,-4445,-875,idle-X
4025328353,9,986,-72,2467,-4445,-875,idle-X
4025338449,9,986,-72,2450,-4462,-875,idle-X
4025345492,10,986,-71,2450,-4462,-875,idle-X
4025357420,10,986,-71,2450,-4480,-875,idle-X
4025362935,10,986,-71,2450,-4480,-875,idle-X
4025376694,10,986,-71,2467,-4480,-857,idle-X
4025380073,9,986,-71,2467,-4480,-857,idle-X
4025395968,9,986,-71,2485,-4445,-875,idle-X
4025397209,9,986,-71,2485,-4445,-875,idle-X
4025414633,10,986,-71,2485,-4480,-875,idle-X
4025431764,10,986,-71,2485,-4480,-875,idle-X
4025434226,10,986,-71,2502,-4462,-875,idle-X
4025448902,10,986,-72,2502,-4462,-875,idle-X
4025453502,10,986,-72,2485,-4462,-875,idle-X
4025466346,10,986,-71,2485,-4462,-875,idle-X
4025472778,10,986,-71,2467,-4445,-892,idle-X
4025483485,9,986,-71,2467,-4445,-892,idle-X
4025491749,9,986,-71,2450,-4480,-875,idle-X
4025500624,9,986,-72,2450,-4480,-875,idle-X
4025511025,9,986,-72,2450,-4480,-840,idle-X
4025517762,9,986,-72,2450,-4480,-840,idle-X
4025530302,9,986,-72,2467,-4480,-892,idle-X
4025535207,9,986,-71,2467,-4480,-892,idle-X
4025549577,9,986,-71,2467,-4462,-875,idle-X
4025552346,9,986,-71,2467,-4462,-875,idle-X
4025568548,9,986,-71,2467,-4480,-875,idle-X
4025569485,10,986,-72,2467,-4480,-875,idle-X
4025586909,9,986,-71,2467,-4480,-875,idle-X
4025587846,9,986,-71,2467,-4462,-875,idle-X
4025604049,9,986,-71,2467,-4462,-875,idle-X
4025607123,9,986,-71,2467,-4445,-875,idle-X
4025621188,9,986,-71,2467,-4445,-875,idle-X
4025626093,9,986,-71,2450,-4480,-875,idle-X
4025638630,9,986,-71,2450,-4480,-875,idle-X
4025645367,9,986,-71,2467,-4480,-857,idle-X
4025655769,9,986,-71,2467,-4480,-857,idle-X
4025664644,9,986,-71,2467,-4480,-875,idle-X
4025672909,9,986,-71,2467,-4480,-875,idle-X
4025683614,9,986,-71,2467,-4462,-875,idle-X
4025690046,10,986,-71,2467,-4462,-875,idle-X
4025702889,10,986,-71,2450,-4462,-857,idle-X
4025707489,10,986,-71,2450,-4462,-857,idle-X
4025722165,10,986,-71,2450,-4480,-840,idle-X
4025724628,9,986,-72,2450,-4480,-840,idle-X
4025741136,9,986,-72,2467,-4445,-857,idle-X
4025741766,9,986,-71,2467,-4445,-857,idle-X
4025759190,9,986,-71,2467,-4445,-857,idle-X
4025760432,9,986,-71,2467,-4462,-857,idle-X
4025776329,9,986,-72,2467,-4462,-857,idle-X
4025779708,9,986,-72,2485,-4462,-875,idle-X
4025793469,10,986,-72,2485,-4462,-875,idle-X
4025798985,10,986,-72,2467,-4445,-857,idle-X
4025810913,9,986,-71,2467,-4445,-857,idle-X
4025817955,9,986,-71,2432,-4480,-892,idle-X
4025828052,9,986,-72,2432,-4480,-892,idle-X
4025837231,9,986,-72,2450,-4480,-910,idle-X
4025845190,9,986,-71,2450,-4480,-910,idle-X
4025856507,9,986,-71,2467,-4480,-875,idle-X
4025862635,9,986,-71,2467,-4480,-875,idle-X
4025875478,9,986,-71,2485,-4462,-892,idle-X
4025879773,9,986,-71,2485,-4462,-892,idle-X
4025894754,9,986,-71,2485,-4480,-875,idle-X
4025896912,9,986,-71,2485,-4480,-875,idle-X
4025914030,9,986,-71,2485,-4462,-875,idle-X
4025914660,9,986,-71,2485,-4462,-875,idle-X
4025931474,9,986,-71,2485,-4462,-875,idle-X
4025933326,9,986,-71,2485,-4480,-892,idle-X
4025948612,9,986,-72,2485,-4480,-892,idle-X
4025952296,9,986,-72,2485,-4445,-892,idle-X
4025965750,10,986,-71,2485,-4445,-892,idle-X
4025971572,10,986,-71,2467,-4445,-875,idle-X
4025983195,9,986,-71,2467,-4445,-875,idle-X
4025990848,9,986,-71,2450,-4445,-892,idle-X
4026000332,9,986,-71,2450,-4445,-892,idle-X
4026009818,9,986,-71,2450,-4462,-857,idle-X
4026017472,9,986,-71,2450,-4462,-857,idle-X
4026029093,9,986,-71,2502,-4462,-857,idle-X
4026034915,10,986,-71,2502,-4462,-857,idle-X
4026048368,10,986,-71,2450,-4497,-857,idle-X
4026052052,9,986,-71,2450,-4497,-857,idle-X
4026067339,9,986,-71,2450,-4462,-857,idle-X
4026069192,9,986,-72,2450,-4462,-857,idle-X
4026086310,9,986,-71,2467,-4462,-875,idle-X
4026103745,9,986,-71,2467,-4462,-875,idle-X
4026105903,9,986,-71,2467,-4445,-875,idle-X
4026120884,10,986,-71,2467,-4445,-875,idle-X
4026124874,10,986,-71,2485,-4445,-857,idle-X
4026138023,9,986,-71,2485,-4445,-857,idle-X
4026144149,9,986,-71,2485,-4445,-857,idle-X
4026155465,9,986,-71,2485,-4445,-857,idle-X
4026163423,9,986,-71,2467,-4480,-857,idle-X
4026172604,9,985,-72,2467,-4480,-857,idle-X
4026182394,9,985,-72,2467,-4515,-892,idle-X
4026189743,9,986,-72,2467,-4515,-892,idle-X
4026201670,9,986,-72,2467,-4480,-857,idle-X
4026206881,9,986,-71,2467,-4480,-857,idle-X
4026220945,9,986,-71,2450,-4480,-875,idle-X
4026224324,9,986,-72,2450,-4480,-875,idle-X
4026240220,9,986,-72,2450,-4462,-857,idle-X
4026241461,10,986,-72,2450,-4462,-857,idle-X
4026258580,10,986,-71,2450,-4462,-857,idle-X
4026259210,10,986,-71,2485,-4462,-875,idle-X
4026276024,9,986,-71,2485,-4462,-875,idle-X
4026278486,9,986,-71,2467,-4462,-910,idle-X
4026293162,9,986,-72,2467,-4462,-910,idle-X
4026297762,9,986,-72,2450,-4462,-892,idle-X
4026310302,9,986,-72,2450,-4462,-892,idle-X
4026316734,9,986,-72,2450,-4462,-875,idle-X
4026327441,10,986,-71,2450,-4462,-875,idle-X
4026336011,10,986,-71,2467,-4462,-875,idle-X
4026344886,9,986,-72,2467,-4462,-875,idle-X
4026355287,9,986,-72,2450,-4480,-857,idle-X
4026362024,9,986,-71,2450,-4480,-857,idle-X
4026374257,9,986,-71,2467,-4462,-875,idle-X
4026379163,9,986,-71,2467,-4462,-875,idle-X
4026393534,9,986,-71,2467,-4462,-892,idle-X
4026396607,9,986,-71,2467,-4462,-892,idle-X
4026412808,9,986,-71,2450,-4445,-857,idle-X
4026413745,9,986,-71,2450,-4445,-857,idle-X
4026430862,9,986,-71,2450,-4445,-857,idle-X
4026431799,9,986,-71,2432,-4445,-892,idle-X
4026448002,9,986,-71,2432,-4445,-892,idle-X
4026451075,9,986,-71,2467,-4462,-892,idle-X
4026465446,9,986,-72,2467,-4462,-892,idle-X
4026470352,9,986,-72,2467,-4462,-857,idle-X
4026482584,9,986,-72,2467,-4462,-857,idle-X
4026489321,9,986,-72,2485,-4480,-857,idle-X
4026499722,9,986,-71,2485,-4480,-857,idle-X
4026508596,9,986,-71,2485,-4462,-857,idle-X
4026517166,9,986,-72,2485,-4462,-857,idle-X
4026527871,9,986,-72,2467,-4480,-892,idle-X
4026534303,9,986,-72,2467,-4480,-892,idle-X
4026547146,9,986,-72,2450,-4462,-910,idle-X
4026551441,9,986,-71,2450,-4462,-910,idle-X
4026566116,9,986,-71,2467,-4462,-892,idle-X
4026568580,9,986,-72,2467,-4462,-892,idle-X
4026585393,9,986,-72,2485,-4462,-892,idle-X
4026586023,10,986,-72,2485,-4462,-892,idle-X
4026603142,9,986,-71,2485,-4462,-892,idle-X
4026604689,9,986,-71,2467,-4480,-857,idle-X
4026620280,9,985,-71,2467,-4480,-857,idle-X
4026623659,9,985,-71,2467,-4462,-875,idle-X
4026637724,9,986,-72,2467,-4462,-875,idle-X
4026642935,9,986,-72,2467,-4480,-875,idle-X
4026654863,9,986,-71,2467,-4480,-875,idle-X
4026662211,9,986,-71,2450,-4480,-892,idle-X
4026672001,9,986,-71,2450,-4480,-892,idle-X
4026681181,9,986,-71,2450,-4497,-892,idle-X
4026689445,10,986,-72,2450,-4497,-892,idle-X
4026700457,10,986,-72,2467,-4462,-857,idle-X
4026706585,9,986,-72,2467,-4462,-857,idle-X
4026719734,9,986,-72,2467,-4462,-892,idle-X
4026723724,9,986,-72,2467,-4462,-892,idle-X
4026739010,9,986,-72,2485,-4445,-875,idle-X
4026740862,9,985,-71,2485,-4445,-875,idle-X
4026757981,9,985,-71,2485,-4462,-892,idle-X
4026758611,9,986,-72,2485,-4462,-892,idle-X
4026775424,10,986,-71,2485,-4462,-892,idle-X
4026777278,10,986,-71,2485,-4445,-892,idle-X
4026792563,9,986,-71,2485,-4445,-892,idle-X
4026796553,9,986,-71,2467,-4462,-892,idle-X
4026810006,9,986,-71,2467,-4462,-892,idle-X
4026815523,9,986,-71,2450,-4480,-875,idle-X
4026827145,10,986,-71,2450,-4480,-875,idle-X
4026834798,10,986,-71,2467,-4462,-892,idle-X
4026844283,9,986,-71,2467,-4462,-892,idle-X
4026854074,9,986,-71,2467,-4462,-892,idle-X
4026861727,9,986,-71,2467,-4462,-892,idle-X
4026873045,9,986,-71,2467,-4445,-875,idle-X
4026878866,9,986,-71,2467,-4445,-875,idle-X
4026892320,9,986,-71,2467,-4462,-875,idle-X
4026896004,9,986,-71,2467,-4462,-875,idle-X
4026911596,9,986,-71,2485,-4480,-910,idle-X
4026913143,9,986,-71,2485,-4480,-910,idle-X
4026930566,9,986,-71,2467,-4480,-910,idle-X
4026947695,10,986,-71,2467,-4480,-910,idle-X
4026949853,10,986,-71,2467,-4445,-892,idle-X
4026964834,9,986,-71,2467,-4445,-892,idle-X
4026969129,9,986,-71,2467,-4497,-892,idle-X
4026982278,9,986,-71,2467,-4497,-892,idle-X
4026988404,9,986,-71,2485,-4480,-892,idle-X
4026999416,9,986,-71,2485,-4480,-892,idle-X
4027007375,9,986,-71,2485,-4480,-875,idle-X
4027016556,9,986,-72,2485,-4480,-875,idle-X
4027026651,9,986,-72,2450,-4480,-875,idle-X
4027034000,9,986,-71,2450,-4480,-875,idle-X
4027045927,9,986,-71,2485,-4480,-875,idle-X
4027051138,9,986,-71,2485,-4480,-875,idle-X
4027065203,9,986,-71,2485,-4462,-875,idle-X
4027068276,9,986,-72,2485,-4462,-875,idle-X
4027084173,9,986,-72,2467,-4445,-875,idle-X
4027085720,9,986,-72,2467,-4445,-875,idle-X
4027102838,9,986,-71,2467,-4445,-875,idle-X
4027103468,9,986,-71,2432,-4445,-875,idle-X
4027119977,10,986,-71,2432,-4445,-875,idle-X
4027122745,10,986,-71,2450,-4462,-875,idle-X
4027137420,10,986,-71,2450,-4462,-875,idle-X
4027141715,10,986,-71,2467,-4462,-875,idle-X
4027154559,9,986,-71,2467,-4462,-875,idle-X
4027160991,9,986,-71,2485,-4480,-875,idle-X
4027171699,9,986,-71,2485,-4480,-875,idle-X
4027180268,9,986,-71,2485,-4480,-892,idle-X
4027188837,9,986,-71,2485,-4480,-892,idle-X
4027199544,9,986,-71,2502,-4480,-875,idle-X
4027206281,9,986,-71,2502,-4480,-875,idle-X
4027218514,9,986,-71,2485,-4480,-875,idle-X
4027223420,10,986,-72,2485,-4480,-875,idle-X
4027237792,10,986,-72,2485,-4445,-875,idle-X
4027240561,9,985,-71,2485,-4445,-875,idle-X
4027257068,9,985,-71,2485,-4480,-875,idle-X
4027258005,9,986,-71,2485,-4480,-875,idle-X
4027275122,9,986,-71,2485,-4480,-875,idle-X
4027276058,9,986,-71,2467,-4462,-892,idle-X
4027292260,9,986,-71,2467,-4462,-892,idle-X
4027295335,9,986,-71,2467,-4462,-875,idle-X
4027309705,9,986,-70,2467,-4462,-875,idle-X
4027314611,9,986,-70,2467,-4462,-875,idle-X
4027326844,9,986,-71,2467,-4462,-875,idle-X
4027333885,9,986,-71,2450,-4462,-857,idle-X
4027343981,9,986,-72,2450,-4462,-857,idle-X
4027352855,9,986,-72,2467,-4445,-857,idle-X
4027361424,9,986,-72,2467,-4445,-857,idle-X
4027372132,9,986,-72,2450,-4462,-892,idle-X
4027378564,9,986,-72,2450,-4462,-892,idle-X
4027391408,9,986,-72,2467,-4462,-910,idle-X
4027395702,10,986,-71,2467,-4462,-910,idle-X
4027410378,10,986,-71,2485,-4462,-892,idle-X
4027412841,9,986,-71,2485,-4462,-892,idle-X
4027429654,9,986,-71,2485,-4462,-875,idle-X
4027430284,9,986,-72,2485,-4462,-875,idle-X
4027447404,10,986,-72,2485,-4462,-875,idle-X
4027448951,10,986,-72,2450,-4462,-875,idle-X
4027464544,9,986,-72,2450,-4462,-875,idle-X
4027468228,9,986,-72,2467,-4462,-875,idle-X
4027481987,9,986,-71,2467,-4462,-875,idle-X
4027487198,9,986,-71,2467,-4445,-875,idle-X
4027499126,9,986,-71,2467,-4445,-875,idle-X
4027506475,9,986,-71,2467,-4427,-910,idle-X
4027516265,9,986,-71,2467,-4427,-910,idle-X
4027525750,9,986,-71,2467,-4462,-875,idle-X
4027533709,10,986,-71,2467,-4462,-875,idle-X
4027544721,10,986,-71,2485,-4462,-857,idle-X
4027550848,9,986,-71,2485,-4462,-857,idle-X
4027563997,9,986,-71,2485,-4480,-875,idle-X
4027567987,9,986,-71,2485,-4480,-875,idle-X
4027583273,9,986,-71,2502,-4445,-857,idle-X
4027585431,9,986,-71,2502,-4445,-857,idle-X
4027602549,9,986,-71,2467,-4462,-875,idle-X
4027619679,9,986,-72,2467,-4462,-875,idle-X
4027621533,9,986,-72,2467,-4480,-875,idle-X
4027636820,10,986,-72,2467,-4480,-875,idle-X
4027640809,10,986,-72,2450,-4462,-875,idle-X
4027654263,9,986,-71,2450,-4462,-875,idle-X
4027660084,9,986,-71,2467,-4462,-875,idle-X
4027671401,9,986,-71,2467,-4462,-875,idle-X
4027679055,9,986,-71,2502,-4480,-857,idle-X
4027688540,9,986,-71,2502,-4480,-857,idle-X
4027698332,9,986,-71,2485,-4480,-875,idle-X
4027705985,9,986,-72,2485,-4480,-875,idle-X
4027717608,9,986,-72,2485,-4480,-857,idle-X
4027723124,10,986,-71,2485,-4480,-857,idle-X
4027736579,10,986,-71,2450,-4462,-857,idle-X
4027740264,9,986,-71,2450,-4462,-857,idle-X
4027755856,9,986,-71,2450,-4462,-892,idle-X
4027757709,9,986,-72,2450,-4462,-892,idle-X
4027774828,9,986,-72,2467,-4497,-892,idle-X
4027791959,9,986,-71,2467,-4497,-892,idle-X
4027794422,9,986,-71,2467,-4480,-910,idle-X
4027809404,9,986,-71,2467,-4480,-910,idle-X
4027813393,9,986,-71,2485,-4462,-892,idle-X
4027826543,9,986,-71,2485,-4462,-892,idle-X
4027832670,9,986,-71,2467,-4462,-892,idle-X
4027843681,9,986,-71,2467,-4462,-892,idle-X
4027851946,9,986,-71,2450,-4462,-875,idle-X
4027860821,10,986,-72,2450,-4462,-875,idle-X
4027870916,10,986,-72,2467,-4462,-857,idle-X
4027878264,9,986,-71,2467,-4462,-857,idle-X
4027890192,9,986,-71,2450,-4480,-857,idle-X
4027895403,9,986,-71,2450,-4480,-857,idle-X
4027909469,9,986,-71,2467,-4462,-875,idle-X
4027912542,9,986,-71,2467,-4462,-875,idle-X
4027928744,9,986,-71,2485,-4462,-892,idle-X
4027929987,9,986,-71,2485,-4462,-892,idle-X
4027947105,9,986,-71,2485,-4462,-892,idle-X
4027947735,9,986,-71,2485,-4462,-857,idle-X
4027964244,9,986,-72,2485,-4462,-857,idle-X
4027967013,9,986,-72,2502,-4445,-875,idle-X
4027981688,9,986,-72,2502,-4445,-875,idle-X
4027986288,9,986,-72,2467,-4480,-875,idle-X
4027998826,9,986,-71,2467,-4480,-875,idle-X
4028005258,9,986,-71,2467,-4462,-875,idle-X
4028015964,9,986,-71,2467,-4462,-875,idle-X
4028024534,9,986,-71,2467,-4462,-892,idle-X
4028033408,9,986,-72,2467,-4462,-892,idle-X
4028043809,9,986,-72,2450,-4462,-892,idle-X
4028050547,9,986,-71,2450,-4462,-892,idle-X
4028063085,9,986,-71,2467,-4445,-892,idle-X
4028067685,9,985,-72,2467,-4445,-892,idle-X
4028082056,9,985,-72,2467,-4462,-875,idle-X
4028084824,9,986,-71,2467,-4462,-875,idle-X
4028101331,9,986,-71,2467,-4462,-892,idle-X
4028102268,9,986,-71,2467,-4462,-892,idle-X
4028119386,10,986,-72,2467,-4462,-892,idle-X
4028120628,10,986,-72,2467,-4480,-910,idle-X
4028136525,9,986,-72,2467,-4480,-910,idle-X
4028139599,9,986,-72,2467,-4480,-840,idle-X
4028153970,9,986,-71,2467,-4480,-840,idle-X
4028158875,9,986,-71,2467,-4480,-875,idle-X
4028171109,9,986,-71,2467,-4480,-875,idle-X
4028178151,9,986,-71,2450,-4462,-840,idle-X
4028188247,9,986,-72,2450,-4462,-840,idle-X
4028197122,9,986,-72,2467,-4462,-857,idle-X
4028205691,10,986,-71,2467,-4462,-857,idle-X
4028216399,10,986,-71,2485,-4445,-875,idle-X
4028222831,9,986,-72,2485,-4445,-875,idle-X
4028235675,9,986,-72,2485,-4445,-840,idle-X
4028239970,9,986,-72,2485,-4445,-840,idle-X
4028254951,9,986,-72,2467,-4445,-857,idle-X
4028257109,10,986,-72,2467,-4445,-857,idle-X
4028273921,10,986,-72,2450,-4462,-892,idle-X
4028274551,9,986,-72,2450,-4462,-892,idle-X
4028291670,9,986,-71,2450,-4462,-892,idle-X
4028293218,9,986,-71,2467,-4462,-875,idle-X
4028308809,9,986,-71,2467,-4462,-875,idle-X
4028312188,9,986,-71,2467,-4462,-892,idle-X
4028326253,9,986,-72,2467,-4462,-892,idle-X
4028331464,9,986,-72,2485,-4480,-892,idle-X
4028343393,9,986,-72,2485,-4480,-892,idle-X
4028350741,9,986,-72,2467,-4480,-857,idle-X
4028360533,9,985,-71,2467,-4480,-857,idle-X
4028370018,9,985,-71,2467,-4480,-857,idle-X
4028377671,9,986,-71,2467,-4480,-857,idle-X
4028388987,9,986,-71,2450,-4445,-857,idle-X
4028395114,9,986,-72,2450,-4445,-857,idle-X
4028408264,9,986,-72,2467,-4462,-875,idle-X
4028412254,9,986,-71,2467,-4462,-875,idle-X
4028427541,9,986,-71,2467,-4462,-857,idle-X
4028429394,9,986,-71,2467,-4462,-857,idle-X
4028446512,9,986,-71,2432,-4462,-857,idle-X
4028447142,10,986,-72,2432,-4462,-857,idle-X
4028463955,9,986,-72,2432,-4462,-857,idle-X
4028465807,9,986,-72,2485,-4480,-875,idle-X
4028481093,9,986,-71,2485,-4480,-875,idle-X
4028485083,9,986,-71,2485,-4445,-875,idle-X
4028498232,9,986,-72,2485,-4445,-875,idle-X
4028504053,9,986,-72,2467,-4480,-875,idle-X
4028515675,9,986,-71,2467,-4480,-875,idle-X
4028523329,9,986,-71,2450,-4480,-875,idle-X
4028532814,9,986,-72,2450,-4480,-875,idle-X
4028542605,9,986,-72,2467,-4480,-857,idle-X
4028549953,9,986,-71,2467,-4480,-857,idle-X
4028561881,9,986,-71,2485,-4462,-892,idle-X
4028567397,9,986,-72,2485,-4462,-892,idle-X
4028580850,9,986,-72,2467,-4480,-875,idle-X
4028584535,9,986,-71,2467,-4480,-875,idle-X
4028600127,9,986,-71,2450,-4427,-875,idle-X
4028601673,9,985,-71,2450,-4427,-875,idle-X
4028619098,9,986,-71,2467,-4445,-875,idle-X
4028636228,9,986,-71,2467,-4445,-875,idle-X
4028638386,9,986,-71,2485,-4462,-875,idle-X
4028653366,9,986,-72,2485,-4462,-875,idle-X
4028657660,9,986,-72,2467,-4480,-910,idle-X
4028670809,10,986,-71,2467,-4480,-910,idle-X
4028676936,10,986,-71,2467,-4445,-875,idle-X
4028687948,9,986,-71,2467,-4445,-875,idle-X
4028696212,9,986,-71,2450,-4480,-892,idle-X
4028705087,10,986,-71,2450,-4480,-892,idle-X
4028715183,10,986,-71,2450,-4462,-857,idle-X
4028722225,9,986,-71,2450,-4462,-857,idle-X
4028734458,9,986,-71,2450,-4462,-857,idle-X
4028739669,9,986,-71,2450,-4462,-857,idle-X
4028753735,9,986,-71,2467,-4480,-875,idle-X
4028756809,9,986,-71,2467,-4480,-875,idle-X
4028772705,9,986,-71,2485,-4497,-892,idle-X
4028773948,9,986,-71,2485,-4497,-892,idle-X
4028791371,9,986,-71,2485,-4497,-892,idle-X
4028792002,9,986,-71,2502,-4480,-892,idle-X
4028808511,9,986,-71,2502,-4480,-892,idle-X
4028811279,9,986,-71,2485,-4480,-857,idle-X
4028825649,10,986,-71,2485,-4480,-857,idle-X
4028830250,10,986,-71,2450,-4480,-892,idle-X
4028842788,9,986,-72,2450,-4480,-892,idle-X
4028849525,9,986,-72,2467,-4497,-910,idle-X
4028860232,9,986,-71,2467,-4497,-910,idle-X
4028868801,9,986,-71,2485,-4462,-910,idle-X
4028877371,9,985,-72,2485,-4462,-910,idle-X
4028887771,9,985,-72,2485,-4462,-875,idle-X
4028894509,9,985,-72,2485,-4462,-875,idle-X
4028907048,9,985,-72,2485,-4462,-875,idle-X
4028911648,9,986,-72,2485,-4462,-875,idle-X
4028926324,9,986,-72,2450,-4445,-857,idle-X
4028929092,9,986,-72,2450,-4445,-857,idle-X
4028945296,9,986,-72,2450,-4445,-875,idle-X
4028946233,9,987,-71,2450,-4445,-875,idle-X
4028963350,10,986,-71,2450,-4445,-875,idle-X
4028964592,10,986,-71,2467,-4462,-892,idle-X
4028980794,9,986,-71,2467,-4462,-892,idle-X
4028983867,9,986,-71,2467,-4497,-875,idle-X
4028997932,9,986,-71,2467,-4497,-875,idle-X
4029002838,9,986,-71,2467,-4445,-857,idle-X
4029015071,9,986,-72,2467,-4445,-857,idle-X
4029022113,9,986,-72,2450,-4462,-857,idle-X
4029032514,9,986,-71,2450,-4462,-857,idle-X
4029041389,9,986,-71,2485,-4480,-875,idle-X
4029049653,9,986,-71,2485,-4480,-875,idle-X
4029060664,9,986,-71,2467,-4480,-875,idle-X
4029066791,9,986,-71,2467,-4480,-875,idle-X
4029079635,9,986,-71,2467,-4445,-892,idle-X
4029083930,9,986,-72,2467,-4445,-892,idle-X
4029098910,9,986,-72,2467,-4480,-892,idle-X
4029101372,9,986,-71,2467,-4480,-892,idle-X
4029118186,9,986,-71,2467,-4480,-892,idle-X
4029118816,9,985,-71,2467,-4480,-892,idle-X
4029135630,10,986,-72,2467,-4480,-892,idle-X
4029137178,10,986,-72,2467,-4445,-892,idle-X
4029153075,9,986,-71,2467,-4445,-892,idle-X
4029156453,9,986,-71,2485,-4480,-892,idle-X
4029170213,9,986,-72,2485,-4480,-892,idle-X
4029175729,9,986,-72,2467,-4462,-875,idle-X
4029187352,9,986,-71,2467,-4462,-875,idle-X
4029194700,9,986,-71,2467,-4462,-857,idle-X
4029204491,9,986,-71,2467,-4462,-857,idle-X
4029213976,9,986,-71,2467,-4462,-892,idle-X
4029221934,9,986,-71,2467,-4462,-892,idle-X
4029233251,9,986,-71,2467,-4445,-875,idle-X
4029239072,9,986,-71,2467,-4445,-875,idle-X
4029252220,9,986,-71,2485,-4462,-892,idle-X
4029256210,9,986,-71,2485,-4462,-892,idle-X
4029271497,9,986,-71,2502,-4445,-875,idle-X
4029273654,9,986,-72,2502,-4445,-875,idle-X
4029290772,9,986,-71,2432,-4445,-892,idle-X
4029307903,10,986,-71,2432,-4445,-892,idle-X
4029309755,10,986,-71,2467,-4462,-875,idle-X
4029325040,9,986,-71,2467,-4462,-875,idle-X
4029329030,9,986,-71,2467,-4480,-857,idle-X
4029342485,9,986,-71,2467,-4480,-857,idle-X
4029348307,9,986,-71,2467,-4480,-892,idle-X
4029359625,9,986,-71,2467,-4480,-892,idle-X
4029367583,9,986,-71,2467,-4445,-875,idle-X
4029376762,9,986,-71,2467,-4445,-875,idle-X
4029386553,9,986,-71,2450,-4445,-875,idle-X
4029394207,9,986,-71,2450,-4445,-875,idle-X
4029405829,9,986,-71,2450,-4445,-875,idle-X
4029411345,9,986,-71,2450,-4445,-875,idle-X
4029425104,9,986,-71,2485,-4462,-892,idle-X
4029428483,9,986,-71,2485,-4462,-892,idle-X
4029444075,9,986,-71,2467,-4480,-875,idle-X
4029445622,9,986,-71,2467,-4480,-875,idle-X
4029463046,9,986,-71,2450,-4462,-892,idle-X
4029480177,9,986,-71,2450,-4462,-892,idle-X
4029482639,9,986,-71,2432,-4445,-892,idle-X
4029497314,9,986,-72,2432,-4445,-892,idle-X
4029501609,9,986,-72,2450,-4480,-857,idle-X
4029514758,9,986,-71,2450,-4480,-857,idle-X
4029520885,9,986,-71,2467,-4462,-875,idle-X
4029531897,9,986,-72,2467,-4462,-875,idle-X
4029540161,9,986,-72,2467,-4462,-857,idle-X
4029549035,9,986,-71,2467,-4462,-857,idle-X
4029559131,9,986,-71,2450,-4445,-875,idle-X
4029566174,9,986,-71,2450,-4445,-875,idle-X
4029578407,9,986,-71,2467,-4462,-875,idle-X
4029583618,9,986,-71,2467,-4462,-875,idle-X
4029597683,9,986,-71,2485,-4462,-892,idle-X
4029600757,9,986,-71,2485,-4462,-892,idle-X
4029616654,9,986,-71,2485,-4480,-892,idle-X
4029617896,10,986,-72,2485,-4480,-892,idle-X
4029635014,10,986,-71,2485,-4480,-892,idle-X
4029635950,10,986,-71,2467,-4445,-875,idle-X
4029652457,9,986,-71,2467,-4445,-875,idle-X
4029655227,9,986,-71,2467,-4445,-857,idle-X
4029669597,9,986,-71,2467,-4445,-857,idle-X
4029674198,9,986,-71,2485,-4462,-857,idle-X
4029686735,9,986,-72,2485,-4462,-857,idle-X
4029693473,9,986,-72,2467,-4445,-857,idle-X
4029704180,9,986,-72,2467,-4445,-857,idle-X
4029712749,9,986,-72,2467,-4462,-892,idle-X
4029721319,10,986,-71,2467,-4462,-892,idle-X
4029731721,10,986,-71,2450,-4497,-910,idle-X
4029738458,10,986,-72,2450,-4497,-910,idle-X
4029750997,10,986,-72,2450,-4480,-875,idle-X
4029755597,10,986,-71,2450,-4480,-875,idle-X
4029770272,10,986,-71,2502,-4480,-875,idle-X
4029773041,9,986,-71,2502,-4480,-875,idle-X
4029789548,9,986,-71,2485,-4462,-840,idle-X
4029790179,9,986,-71,2485,-4462,-840,idle-X
4029807298,9,986,-71,2485,-4462,-840,idle-X
4029808539,9,986,-71,2467,-4427,-857,idle-X
4029824741,10,986,-71,2467,-4427,-857,idle-X
4029827815,10,986,-71,2432,-4462,-875,idle-X
4029841881,9,986,-72,2432,-4462,-875,idle-X
4029847091,9,986,-72,2450,-4462,-892,idle-X
4029859020,10,985,-72,2450,-4462,-892,idle-X
4029866063,10,985,-72,2450,-4462,-875,idle-X
4029876158,9,986,-71,2450,-4462,-875,idle-X
4029885338,9,986,-71,2467,-4480,-875,idle-X
4029893602,9,986,-71,2467,-4480,-875,idle-X
4029904614,9,986,-71,2450,-4497,-892,idle-X
4029910740,9,986,-71,2450,-4497,-892,idle-X
4029923584,9,986,-71,2467,-4462,-892,idle-X
4029927879,9,986,-72,2467,-4462,-892,idle-X
4029942860,9,986,-72,2467,-4480,-857,idle-X
4029945323,9,986,-72,2467,-4480,-857,idle-X
4029962136,9,986,-72,2485,-4480,-857,idle-X
4029962766,9,986,-71,2485,-4480,-857,idle-X
4029979579,9,985,-71,2485,-4480,-857,idle-X
4029981126,9,985,-71,2467,-4462,-892,idle-X
4029997023,9,985,-71,2467,-4462,-892,idle-X
4030000403,9,985,-71,2450,-4462,-857,idle-X
4030014163,9,986,-71,2450,-4462,-857,idle-X
4030019679,9,986,-71,2467,-4462,-892,idle-X
4030031302,9,986,-71,2467,-4462,-892,idle-X
4030038955,9,986,-71,2467,-4480,-910,idle-X
4030048441,9,986,-71,2467,-4480,-910,idle-X
4030057928,9,986,-71,2502,-4462,-875,idle-X
4030065887,9,986,-72,2502,-4462,-875,idle-X
4030077203,9,986,-72,2485,-4497,-875,idle-X
4030083025,9,986,-71,2485,-4497,-875,idle-X
4030096479,9,986,-71,2467,-4480,-857,idle-X
4030100164,9,986,-72,2467,-4480,-857,idle-X
4030115450,9,986,-72,2467,-4445,-857,idle-X
4030117608,9,986,-72,2467,-4445,-857,idle-X
4030134727,9,985,-71,2467,-4462,-840,idle-X
4030151858,9,986,-71,2467,-4462,-840,idle-X
4030154016,9,986,-71,2450,-4462,-857,idle-X
4030168997,9,986,-71,2450,-4462,-857,idle-X
4030172986,9,986,-71,2450,-4445,-857,idle-X
4030186440,9,986,-71,2450,-4445,-857,idle-X
4030192264,9,986,-71,2450,-4445,-857,idle-X
4030203581,9,986,-71,2450,-4445,-857,idle-X
4030211540,9,986,-71,2450,-4462,-840,idle-X
4030220720,10,986,-71,2450,-4462,-840,idle-X
4030230510,10,986,-71,2432,-4445,-875,idle-X
4030238164,9,986,-72,2432,-4445,-875,idle-X
4030249787,9,986,-72,2467,-4462,-892,idle-X
4030255303,9,986,-71,2467,-4462,-892,idle-X
4030269063,9,986,-71,2450,-4515,-892,idle-X
4030272442,9,986,-71,2450,-4515,-892,idle-X
4030288034,9,986,-71,2467,-4480,-892,idle-X
4030289582,9,986,-71,2467,-4480,-892,idle-X
4030307005,9,986,-72,2467,-4480,-892,idle-X
4030324136,9,986,-71,2467,-4480,-892,idle-X
4030326599,9,986,-71,2450,-4480,-892,idle-X
4030341274,9,986,-71,2450,-4480,-892,idle-X
4030345570,9,986,-71,2432,-4480,-892,idle-X
4030358414,9,986,-71,2432,-4480,-892,idle-X
4030364846,9,986,-71,2485,-4462,-892,idle-X
4030375858,10,986,-71,2485,-4462,-892,idle-X
4030384123,10,986,-71,2450,-4462,-875,idle-X
4030392997,10,986,-71,2450,-4462,-875,idle-X
4030403093,10,986,-71,2485,-4462,-875,idle-X
4030410135,10,986,-71,2485,-4462,-875,idle-X
4030422367,10,986,-71,2485,-4462,-892,idle-X
4030427273,9,986,-71,2485,-4462,-892,idle-X
4030441642,9,986,-71,2485,-4480,-857,idle-X
4030444716,9,986,-71,2485,-4480,-857,idle-X
4030460614,9,986,-71,2450,-4497,-857,idle-X
4030461856,9,986,-71,2450,-4497,-857,idle-X
4030478973,9,986,-72,2450,-4497,-857,idle-X
4030479909,9,986,-72,2450,-4497,-892,idle-X
4030496112,10,986,-71,2450,-4497,-892,idle-X
4030499185,10,986,-71,2467,-4445,-892,idle-X
4030513556,9,986,-71,2467,-4445,-892,idle-X
4030518157,9,986,-71,2450,-4480,-892,idle-X
4030530695,9,986,-71,2450,-4480,-892,idle-X
4030537433,9,986,-71,2485,-4480,-857,idle-X
4030547835,9,986,-71,2485,-4480,-857,idle-X
4030556709,9,986,-71,2467,-4462,-857,idle-X
4030565278,9,986,-71,2467,-4462,-857,idle-X
4030575680,9,986,-71,2467,-4427,-822,idle-X
4030582418,9,986,-71,2467,-4427,-822,idle-X
4030594956,9,986,-71,2467,-4462,-857,idle-X
4030599557,9,986,-71,2467,-4462,-857,idle-X
4030614232,9,986,-71,2485,-4462,-857,idle-X
4030616695,10,986,-72,2485,-4462,-857,idle-X
4030633202,10,986,-72,2467,-4480,-857,idle-X
4030634139,9,986,-71,2467,-4480,-857,idle-X
4030651258,9,986,-71,2467,-4480,-857,idle-X
4030652501,9,986,-71,2467,-4480,-857,idle-X
4030668398,9,986,-71,2467,-4480,-857,idle-X
4030671776,9,986,-71,2450,-4480,-857,idle-X
4030685841,9,986,-71,2450,-4480,-857,idle-X
4030690747,9,986,-71,2467,-4462,-892,idle-X
4030702981,9,986,-71,2467,-4462,-892,idle-X
4030710024,9,986,-71,2467,-4462,-875,idle-X
4030720120,9,986,-71,2467,-4462,-875,idle-X
4030729301,9,986,-71,2485,-4480,-875,idle-X
4030737259,9,986,-71,2485,-4480,-875,idle-X
4030748576,9,986,-71,2467,-4480,-857,idle-X
4030754703,9,986,-71,2467,-4480,-857,idle-X
4030767546,9,986,-71,2485,-4462,-857,idle-X
4030771841,9,986,-71,2485,-4462,-857,idle-X
4030786823,9,986,-71,2467,-4445,-875,idle-X
4030788981,9,986,-71,2467,-4445,-875,idle-X
4030806099,9,986,-71,2450,-4497,-840,idle-X
4030806730,10,986,-71,2450,-4497,-840,idle-X
4030823544,9,985,-72,2450,-4497,-840,idle-X
4030825090,9,985,-72,2485,-4480,-892,idle-X
4030840682,9,986,-71,2485,-4480,-892,idle-X
4030844367,9,986,-71,2502,-4462,-875,idle-X
4030857823,9,987,-72,2502,-4462,-875,idle-X
4030863644,9,987,-72,2485,-4462,-892,idle-X
4030875267,9,986,-72,2485,-4462,-892,idle-X
4030882615,9,986,-72,2485,-4462,-910,idle-X
4030892405,9,985,-71,2485,-4462,-910,idle-X
4030901890,9,985,-71,2485,-4445,-857,idle-X
4030909545,9,986,-71,2485,-4445,-857,idle-X
4030921167,9,986,-71,2467,-4480,-875,idle-X
4030926989,10,986,-72,2467,-4480,-875,idle-X
4030940138,10,986,-72,2485,-4462,-875,idle-X
4030944128,9,986,-72,2485,-4462,-875,idle-X
4030959415,9,986,-72,2467,-4462,-857,idle-X
4030961267,10,986,-71,2467,-4462,-857,idle-X
4030978386,10,986,-71,2467,-4462,-857,idle-X
4030995823,9,986,-71,2467,-4462,-857,idle-X
4030997675,9,986,-71,2467,-4445,-857,idle-X
4031012962,9,985,-71,2467,-4445,-857,idle-X
4031016951,9,985,-71,2467,-4445,-892,idle-X
4031030100,9,986,-72,2467,-4445,-892,idle-X
4031036228,9,986,-72,2467,-4462,-910,idle-X
4031047546,9,985,-71,2467,-4462,-910,idle-X
4031055199,9,985,-71,2467,-4462,-892,idle-X
4031064684,10,986,-71,2467,-4462,-892,idle-X
4031074475,10,986,-71,2450,-4480,-857,idle-X
4031081823,9,986,-71,2450,-4480,-857,idle-X
4031093751,9,986,-71,2485,-4462,-875,idle-X
4031098962,9,986,-71,2485,-4462,-875,idle-X
4031113028,9,986,-71,2450,-4445,-875,idle-X
4031116407,9,986,-71,2450,-4445,-875,idle-X
4031131999,9,986,-71,2485,-4462,-875,idle-X
4031133547,9,986,-71,2485,-4462,-875,idle-X
4031150664,9,986,-71,2485,-4462,-875,idle-X
4031151294,9,986,-71,2485,-4445,-857,idle-X
4031168108,9,986,-71,2485,-4445,-857,idle-X
4031170571,9,986,-71,2467,-4445,-875,idle-X
4031185247,9,986,-71,2467,-4445,-875,idle-X
4031189543,9,986,-71,2502,-4480,-875,idle-X
4031202386,10,986,-71,2502,-4480,-875,idle-X
4031208818,10,986,-71,2467,-4462,-875,idle-X
4031219830,9,986,-72,2467,-4462,-875,idle-X
4031228095,9,986,-72,2467,-4480,-875,idle-X
4031236970,9,986,-70,2467,-4480,-875,idle-X
4031247066,9,986,-70,2467,-4480,-875,idle-X
4031254109,9,986,-72,2467,-4480,-875,idle-X
4031266341,9,986,-72,2432,-4480,-892,idle-X
4031271247,9,986,-71,2432,-4480,-892,idle-X
4031285617,9,986,-71,2485,-4445,-875,idle-X
4031288691,9,986,-71,2485,-4445,-875,idle-X
4031304894,9,986,-71,2485,-4445,-892,idle-X
4031305831,9,986,-72,2485,-4445,-892,idle-X
4031322948,9,986,-71,2485,-4445,-892,idle-X
4031323884,9,986,-71,2485,-4462,-875,idle-X
4031340392,9,986,-71,2485,-4462,-875,idle-X
4031343160,9,986,-71,2467,-4480,-857,idle-X
4031357530,9,986,-71,2467,-4480,-857,idle-X
4031362436,9,986,-71,2467,-4462,-840,idle-X
4031374670,9,985,-71,2467,-4462,-840,idle-X
4031381407,9,985,-71,2450,-4480,-857,idle-X
4031392114,9,986,-71,2450,-4480,-857,idle-X
4031400683,9,986,-71,2485,-4462,-892,idle-X
4031409252,9,986,-71,2485,-4462,-892,idle-X
4031419960,9,986,-71,2450,-4445,-875,idle-X
4031426392,9,986,-71,2450,-4445,-875,idle-X
4031439236,9,986,-71,2450,-4462,-875,idle-X
4031443531,9,985,-71,2450,-4462,-875,idle-X
4031458206,9,985,-71,2467,-4480,-875,idle-X
4031460974,9,986,-72,2467,-4480,-875,idle-X
4031477480,9,986,-72,2485,-4445,-857,idle-X
4031478111,10,986,-71,2485,-4445,-857,idle-X
4031495229,9,986,-72,2485,-4445,-857,idle-X
4031496776,9,986,-72,2467,-4480,-875,idle-X
4031512672,9,986,-72,2467,-4480,-875,idle-X
4031515746,9,986,-72,2467,-4480,-875,idle-X
4031529811,9,986,-72,2467,-4480,-875,idle-X
4031535022,9,986,-72,2450,-4497,-857,idle-X
4031546950,9,986,-72,2450,-4497,-857,idle-X
4031554299,9,986,-72,2485,-4480,-892,idle-X
4031564396,9,986,-71,2485,-4480,-892,idle-X
4031573270,9,986,-71,2485,-4480,-875,idle-X
4031581533,9,986,-71,2485,-4480,-875,idle-X
4031592545,9,986,-71,2467,-4480,-892,idle-X
4031598671,9,986,-71,2467,-4480,-892,idle-X
4031611821,9,986,-71,2450,-4462,-875,idle-X
4031615810,9,986,-71,2450,-4462,-875,idle-X
4031631097,9,986,-71,2450,-4480,-857,idle-X
4031633255,9,986,-71,2450,-4480,-857,idle-X
4031650068,9,986,-71,2467,-4515,-875,idle-X
4031650698,9,986,-71,2467,-4515,-875,idle-X
4031667511,9,986,-71,2467,-4515,-875,idle-X
4031669364,9,986,-71,2485,-4497,-875,idle-X
4031684956,9,986,-71,2485,-4497,-875,idle-X
4031688641,9,986,-71,2467,-4445,-892,idle-X
4031702096,9,986,-71,2467,-4445,-892,idle-X
4031707612,9,986,-71,2467,-4445,-910,idle-X
4031719235,9,986,-71,2467,-4445,-910,idle-X
4031726888,9,986,-71,2485,-4462,-892,idle-X
4031736678,10,986,-72,2485,-4462,-892,idle-X
4031746164,10,986,-72,2450,-4445,-892,idle-X
4031753818,9,986,-71,2450,-4445,-892,idle-X
4031765135,9,986,-71,2450,-4462,-892,idle-X
4031770956,9,986,-71,2450,-4462,-892,idle-X
4031784410,9,986,-71,2485,-4445,-875,idle-X
4031788095,10,986,-72,2485,-4445,-875,idle-X
4031803686,10,986,-72,2467,-4480,-875,idle-X
4031805539,9,986,-71,2467,-4480,-875,idle-X
4031822657,9,986,-71,2467,-4480,-875,idle-X
4031839788,9,986,-72,2467,-4480,-875,idle-X
4031841946,9,986,-72,2432,-4462,-910,idle-X
4031857232,9,986,-71,2432,-4462,-910,idle-X
4031861222,9,986,-71,2450,-4445,-875,idle-X
4031874371,9,986,-71,2450,-4445,-875,idle-X
4031880498,9,986,-71,2450,-4480,-857,idle-X
4031891511,9,986,-71,2450,-4480,-857,idle-X
4031899470,9,986,-71,2485,-4445,-857,idle-X
4031908955,9,986,-71,2485,-4445,-857,idle-X
4031918745,9,986,-71,2467,-4462,-875,idle-X
4031926093,9,986,-71,2467,-4462,-875,idle-X
4031938020,9,986,-71,2467,-4480,-857,idle-X
4031943231,9,986,-71,2467,-4480,-857,idle-X
4031957297,9,986,-71,2450,-4480,-892,idle-X
4031960678,9,986,-71,2450,-4480,-892,idle-X
4031976270,9,986,-71,2467,-4480,-857,idle-X
4031977817,10,986,-72,2467,-4480,-857,idle-X
4031994935,9,986,-72,2467,-4480,-857,idle-X
4031995565,9,986,-72,2485,-4497,-892,idle-X
4032012379,9,986,-71,2485,-4497,-892,idle-X
4032014842,9,986,-71,2467,-4497,-857,idle-X
4032029519,10,986,-71,2467,-4497,-857,idle-X
4032033814,10,986,-71,2450,-4462,-875,idle-X
4032046657,9,986,-72,2450,-4462,-875,idle-X
4032053089,9,986,-72,2485,-4497,-857,idle-X
4032064101,9,986,-71,2485,-4497,-857,idle-X
4032072365,9,986,-71,2467,-4480,-857,idle-X
4032081240,9,986,-72,2467,-4480,-857,idle-X
4032091641,9,986,-72,2450,-4445,-875,idle-X
4032098379,9,986,-71,2450,-4445,-875,idle-X
4032110611,9,986,-71,2485,-4445,-892,idle-X
4032115518,9,986,-71,2485,-4445,-892,idle-X
4032129888,9,986,-71,2485,-4462,-857,idle-X
4032132961,9,986,-72,2485,-4462,-857,idle-X
4032149164,9,986,-72,2485,-4462,-857,idle-X
4032150101,9,986,-72,2485,-4462,-857,idle-X
4032167219,9,986,-71,2485,-4462,-857,idle-X
4032168155,9,986,-71,2467,-4462,-857,idle-X
4032184662,9,986,-72,2467,-4462,-857,idle-X
4032187431,9,986,-72,2450,-4497,-857,idle-X
4032201801,9,986,-71,2450,-4497,-857,idle-X
4032206707,9,986,-71,2450,-4445,-857,idle-X
4032218941,9,986,-71,2450,-4445,-857,idle-X
4032225983,9,986,-71,2467,-4445,-875,idle-X
4032236385,10,986,-71,2467,-4445,-875,idle-X
4032244954,10,986,-71,2467,-4445,-892,idle-X
4032253524,9,986,-72,2467,-4445,-892,idle-X
4032264230,9,986,-72,2467,-4480,-892,idle-X
4032270662,10,986,-72,2467,-4480,-892,idle-X
4032283506,10,986,-72,2467,-4480,-892,idle-X
4032288106,9,986,-71,2467,-4480,-892,idle-X
4032302781,9,986,-71,2485,-4462,-875,idle-X
4032305244,9,986,-72,2485,-4462,-875,idle-X
4032322057,9,986,-72,2485,-4462,-875,idle-X
4032322687,9,986,-71,2485,-4462,-875,idle-X
4032339805,9,985,-71,2485,-4462,-875,idle-X
4032341047,9,985,-71,2467,-4480,-857,idle-X
4032356944,9,986,-71,2467,-4480,-857,idle-X
4032360323,9,986,-71,2450,-4480,-840,idle-X
4032374388,9,986,-71,2450,-4480,-840,idle-X
4032379599,9,986,-71,2485,-4462,-857,idle-X
4032391527,9,986,-71,2485,-4462,-857,idle-X
4032398570,9,986,-71,2485,-4462,-857,idle-X
4032408666,9,986,-71,2485,-4462,-857,idle-X
4032417846,9,986,-71,2467,-4445,-875,idle-X
4032426110,9,986,-72,2467,-4445,-875,idle-X
4032437120,9,986,-72,2485,-4462,-892,idle-X
4032443247,9,986,-71,2485,-4462,-892,idle-X
4032456396,9,986,-71,2485,-4480,-875,idle-X
4032460386,9,986,-71,2485,-4480,-875,idle-X
4032475672,9,986,-71,2485,-4480,-857,idle-X
4032477830,9,986,-71,2485,-4480,-857,idle-X
4032494643,9,986,-71,2467,-4480,-875,idle-X
4032495273,9,986,-71,2467,-4480,-875,idle-X
4032512086,10,986,-71,2467,-4480,-875,idle-X
4032513939,10,986,-71,2485,-4480,-875,idle-X
4032529530,9,986,-71,2485,-4480,-875,idle-X
4032533215,9,986,-71,2467,-4462,-875,idle-X
4032546670,9,987,-71,2467,-4462,-875,idle-X
4032552186,9,987,-71,2450,-4462,-892,idle-X
4032563808,10,986,-71,2450,-4462,-892,idle-X
4032571461,10,986,-71,2485,-4462,-875,idle-X
4032581251,9,986,-71,2485,-4462,-875,idle-X
4032590737,9,986,-71,2450,-4462,-892,idle-X
4032598390,9,986,-71,2450,-4462,-892,idle-X
4032610013,9,986,-71,2467,-4462,-857,idle-X
4032615530,9,986,-71,2467,-4462,-857,idle-X
4032628985,9,986,-71,2485,-4462,-840,idle-X
4032632974,9,986,-71,2485,-4462,-840,idle-X
4032648259,9,986,-71,2467,-4462,-857,idle-X
4032650113,9,986,-71,2467,-4462,-857,idle-X
4032667230,9,986,-71,2467,-4462,-857,idle-X
4032684667,9,986,-71,2467,-4462,-857,idle-X
4032686825,9,986,-71,2485,-4480,-857,idle-X
4032701806,9,986,-71,2485,-4480,-857,idle-X
4032705796,9,986,-71,2467,-4480,-857,idle-X
4032718944,9,986,-72,2467,-4480,-857,idle-X
4032725071,9,986,-72,2485,-4445,-875,idle-X
4032736389,10,985,-71,2485,-4445,-875,idle-X
4032744348,10,985,-71,2467,-4445,-857,idle-X
4032753528,10,986,-71,2467,-4445,-857,idle-X
4032763624,10,986,-71,2432,-4462,-857,idle-X
4032770666,9,986,-71,2432,-4462,-857,idle-X
4032782594,9,986,-71,2467,-4445,-892,idle-X
4032788110,9,986,-72,2467,-4445,-892,idle-X
4032801870,9,986,-72,2450,-4462,-875,idle-X
4032805249,9,986,-71,2450,-4462,-875,idle-X
4032821145,9,986,-71,2467,-4480,-857,idle-X
4032822386,9,986,-72,2467,-4480,-857,idle-X
4032839504,9,986,-71,2467,-4480,-857,idle-X
4032840134,9,986,-71,2467,-4462,-857,idle-X
4032856946,9,986,-71,2467,-4462,-857,idle-X
4032859410,9,986,-71,2485,-4445,-875,idle-X
4032874086,9,986,-72,2485,-4445,-875,idle-X
4032878686,9,986,-72,2467,-4462,-892,idle-X
4032891225,10,986,-72,2467,-4462,-892,idle-X
4032897657,10,986,-72,2450,-4445,-892,idle-X
4032908668,9,986,-71,2450,-4445,-892,idle-X
4032916931,9,986,-71,2485,-4480,-892,idle-X
4032925806,9,986,-71,2485,-4480,-892,idle-X
4032936208,9,986,-71,2432,-4480,-875,idle-X
4032942945,10,986,-72,2432,-4480,-875,idle-X
4032955484,10,986,-72,2450,-4480,-875,idle-X
4032960390,9,986,-71,2450,-4480,-875,idle-X
4032974456,9,986,-71,2502,-4445,-875,idle-X
4032977530,9,986,-72,2502,-4445,-875,idle-X
4032993731,9,986,-72,2485,-4445,-857,idle-X
4032994668,9,986,-72,2485,-4445,-857,idle-X
4033012091,9,986,-71,2485,-4445,-857,idle-X
4033013028,9,986,-71,2467,-4480,-857,idle-X
4033029230,9,986,-71,2467,-4480,-857,idle-X
4033032304,9,986,-71,2450,-4480,-875,idle-X
4033046369,9,986,-72,2450,-4480,-875,idle-X
4033051274,9,986,-72,2467,-4462,-875,idle-X
4033063812,9,986,-71,2467,-4462,-875,idle-X
4033070550,9,986,-71,2485,-4480,-857,idle-X
4033080951,9,986,-71,2485,-4480,-857,idle-X
4033089826,9,986,-71,2450,-4497,-875,idle-X
4033098090,9,986,-72,2450,-4497,-875,idle-X
4033108796,9,986,-72,2485,-4480,-892,idle-X
4033115228,9,986,-71,2485,-4480,-892,idle-X
4033128071,9,986,-71,2485,-4462,-875,idle-X
4033132671,9,986,-71,2485,-4462,-875,idle-X
4033147346,9,986,-71,2450,-4462,-875,idle-X
4033149809,9,986,-72,2450,-4462,-875,idle-X
4033166621,9,986,-72,2467,-4462,-857,idle-X
4033167251,9,986,-71,2467,-4462,-857,idle-X
4033184371,9,986,-71,2467,-4462,-857,idle-X
4033185613,9,986,-71,2467,-4462,-857,idle-X
4033201511,9,986,-72,2467,-4462,-857,idle-X
4033204890,9,986,-72,2432,-4480,-910,idle-X
4033218649,9,986,-72,2432,-4480,-910,idle-X
4033224166,9,986,-72,2450,-4480,-892,idle-X
4033236093,9,986,-72,2450,-4480,-892,idle-X
4033243136,9,986,-72,2467,-4497,-892,idle-X
4033253232,10,986,-71,2467,-4497,-892,idle-X
4033262412,10,986,-71,2467,-4462,-910,idle-X
4033270371,9,986,-71,2467,-4462,-910,idle-X
4033281688,9,986,-71,2467,-4462,-875,idle-X
4033287510,9,986,-72,2467,-4462,-875,idle-X
4033300659,9,986,-72,2467,-4480,-892,idle-X
4033304954,9,986,-71,2467,-4480,-892,idle-X
4033319934,9,986,-71,2502,-4462,-892,idle-X
4033322092,9,986,-71,2502,-4462,-892,idle-X
4033339212,9,986,-72,2467,-4480,-875,idle-X
4033356648,9,986,-71,2467,-4480,-875,idle-X
4033358501,9,986,-71,2467,-4480,-875,idle-X
4033373787,9,986,-72,2467,-4480,-875,idle-X
4033377471,9,986,-72,2467,-4480,-875,idle-X
4033390926,9,986,-71,2467,-4480,-875,idle-X
4033396748,9,986,-71,2485,-4480,-875,idle-X
4033408371,9,986,-71,2485,-4480,-875,idle-X
4033416025,9,986,-71,2502,-4462,-857,idle-X
4033425509,9,986,-71,2502,-4462,-857,idle-X
4033434995,9,986,-71,2450,-4480,-875,idle-X
4033442648,9,986,-72,2450,-4480,-875,idle-X
4033454271,9,986,-72,2485,-4462,-857,idle-X
4033460093,9,986,-71,2485,-4462,-857,idle-X
4033473547,9,986,-71,2450,-4462,-892,idle-X
4033477232,9,986,-72,2450,-4462,-892,idle-X
4033492824,9,986,-72,2485,-4462,-875,idle-X
4033494371,10,986,-72,2485,-4462,-875,idle-X
4033511794,10,986,-71,2485,-4462,-875,idle-X
4033528925,9,986,-72,2485,-4462,-875,idle-X
4033531083,9,986,-72,2485,-4462,-875,idle-X
4033546063,9,986,-71,2485,-4462,-875,idle-X
4033550358,9,986,-71,2450,-4462,-892,idle-X
4033563202,9,986,-71,2450,-4462,-892,idle-X
4033569329,9,986,-71,2467,-4462,-857,idle-X
4033580645,9,986,-71,2467,-4462,-857,idle-X
4033588604,9,986,-71,2450,-4480,-857,idle-X
4033597785,9,986,-71,2450,-4480,-857,idle-X
4033607881,9,986,-71,2467,-4480,-892,idle-X
4033614923,9,986,-72,2467,-4480,-892,idle-X
4033627156,9,986,-72,2467,-4462,-892,idle-X
4033632366,10,986,-71,2467,-4462,-892,idle-X
4033646126,10,986,-71,2485,-4480,-875,idle-X
4033649504,10,986,-71,2485,-4480,-875,idle-X
4033665403,10,986,-71,2467,-4445,-875,idle-X
4033666644,9,986,-71,2467,-4445,-875,idle-X
4033684068,9,986,-71,2467,-4445,-875,idle-X
4033684698,9,986,-71,2467,-4445,-875,idle-X
4033701206,9,986,-72,2467,-4445,-875,idle-X
4033703669,9,986,-72,2467,-4445,-875,idle-X
4033718344,9,986,-71,2467,-4445,-875,idle-X
4033722945,9,986,-71,2467,-4462,-892,idle-X
4033735789,9,986,-71,2467,-4462,-892,idle-X
4033742221,9,986,-71,2450,-4462,-875,idle-X
4033752927,9,986,-71,2450,-4462,-875,idle-X
4033761497,9,986,-71,2467,-4480,-875,idle-X
4033770066,9,986,-72,2467,-4480,-875,idle-X
4033780468,9,986,-72,2467,-4462,-875,idle-X
4033787510,9,986,-71,2467,-4462,-875,idle-X
4033799744,9,986,-71,2467,-4462,-875,idle-X
4033804650,9,986,-71,2467,-4462,-875,idle-X
4033819021,9,986,-71,2485,-4480,-892,idle-X
4033821789,9,986,-72,2485,-4480,-892,idle-X
4033838296,9,986,-72,2467,-4462,-875,idle-X
4033838926,9,986,-72,2467,-4462,-875,idle-X
4033856351,9,986,-72,2467,-4462,-875,idle-X
4033857288,9,986,-72,2450,-4462,-857,idle-X
4033873490,9,986,-72,2450,-4462,-857,idle-X
4033876564,9,986,-72,2450,-4445,-857,idle-X
4033890629,9,986,-71,2450,-4445,-857,idle-X
4033895839,9,986,-71,2450,-4445,-840,idle-X
4033908073,9,986,-71,2450,-4445,-840,idle-X
4033914810,9,986,-71,2485,-4427,-875,idle-X
4033925212,9,986,-71,2485,-4427,-875,idle-X
4033934087,9,986,-71,2502,-4462,-875,idle-X
4033942351,9,986,-71,2502,-4462,-875,idle-X
4033953362,9,986,-71,2485,-4480,-892,idle-X
4033959794,9,986,-71,2485,-4480,-892,idle-X
4033972333,9,986,-71,2467,-4480,-875,idle-X
4033976933,10,986,-72,2467,-4480,-875,idle-X
4033991610,10,986,-72,2467,-4480,-875,idle-X
4033994073,9,986,-71,2467,-4480,-875,idle-X
4034010885,9,986,-71,2485,-4462,-875,idle-X
4034011515,9,986,-71,2485,-4462,-875,idle-X
4034028635,9,986,-71,2485,-4462,-875,idle-X
4034029877,9,986,-71,2467,-4462,-910,idle-X
4034045774,9,986,-71,2467,-4462,-910,idle-X
4034049153,9,986,-71,2450,-4445,-892,idle-X
4034062913,9,986,-71,2450,-4445,-892,idle-X
4034068429,9,986,-71,2485,-4462,-875,idle-X
4034080357,9,985,-72,2485,-4462,-875,idle-X
4034087705,9,985,-72,2467,-4480,-892,idle-X
4034097496,9,985,-71,2467,-4480,-892,idle-X
4034106676,9,985,-71,2450,-4515,-875,idle-X
4034114635,9,986,-71,2450,-4515,-875,idle-X
4034125953,9,986,-71,2467,-4480,-857,idle-X
4034132081,9,986,-71,2467,-4480,-857,idle-X
4034145229,9,986,-71,2467,-4480,-875,idle-X
4034149219,10,986,-71,2467,-4480,-875,idle-X
4034164504,10,986,-71,2415,-4480,-875,idle-X
4034166356,9,986,-71,2415,-4480,-875,idle-X
4034183474,9,986,-71,2450,-4462,-857,idle-X
4034184105,9,986,-71,2450,-4462,-857,idle-X
4034200919,9,985,-71,2450,-4462,-857,idle-X
4034202771,9,985,-71,2450,-4462,-857,idle-X
4034218057,9,986,-71,2450,-4462,-857,idle-X
4034222046,9,986,-71,2467,-4462,-875,idle-X
4034235500,9,986,-71,2467,-4462,-875,idle-X
4034241016,9,986,-71,2432,-4462,-875,idle-X
4034252640,9,986,-71,2432,-4462,-875,idle-X
4034260293,9,986,-71,2450,-4462,-910,idle-X
4034269778,9,986,-72,2450,-4462,-910,idle-X
4034279569,9,986,-72,2467,-4480,-892,idle-X
4034287222,10,985,-71,2467,-4480,-892,idle-X
4034298845,10,985,-71,2467,-4480,-892,idle-X
4034304361,9,986,-72,2467,-4480,-892,idle-X
4034317816,9,986,-72,2502,-4462,-892,idle-X
4034321500,9,986,-71,2502,-4462,-892,idle-X
4034337091,9,986,-71,2485,-4462,-875,idle-X
4034338943,10,986,-72,2485,-4462,-875,idle-X
4034356061,9,986,-71,2485,-4462,-875,idle-X
4034373191,9,986,-71,2485,-4462,-875,idle-X
4034375654,9,986,-71,2485,-4480,-875,idle-X
4034390636,9,986,-72,2485,-4480,-875,idle-X
4034394626,9,986,-72,2450,-4462,-857,idle-X
4034407776,10,986,-72,2450,-4462,-857,idle-X
4034413903,10,986,-72,2467,-4462,-857,idle-X
4034424915,9,986,-72,2467,-4462,-857,idle-X
4034433180,9,986,-72,2485,-4480,-875,idle-X
4034442360,9,986,-72,2485,-4480,-875,idle-X
4034452456,9,986,-72,2485,-4497,-857,idle-X
4034459499,10,986,-71,2485,-4497,-857,idle-X
4034471427,10,986,-71,2467,-4462,-840,idle-X
4034476638,9,986,-71,2467,-4462,-840,idle-X
4034490702,9,986,-71,2467,-4445,-857,idle-X
4034494082,9,986,-71,2467,-4445,-857,idle-X
4034509979,9,986,-71,2467,-4462,-892,idle-X
4034511221,9,986,-71,2467,-4462,-892,idle-X
4034528340,9,986,-71,2467,-4462,-892,idle-X
4034528970,9,986,-71,2450,-4462,-892,idle-X
4034545783,9,986,-71,2450,-4462,-892,idle-X
4034548247,9,986,-71,2467,-4480,-875,idle-X
4034562922,9,986,-71,2467,-4480,-875,idle-X
4034567522,9,986,-71,2467,-4462,-892,idle-X
4034580062,9,986,-71,2467,-4462,-892,idle-X
4034586800,9,986,-71,2467,-4462,-892,idle-X
4034597200,9,986,-71,2467,-4462,-892,idle-X
4034605770,9,986,-71,2467,-4462,-875,idle-X
4034614644,9,986,-71,2467,-4462,-875,idle-X
4034625046,9,986,-71,2450,-4445,-892,idle-X
4034631783,9,986,-71,2450,-4445,-892,idle-X
4034644322,9,986,-71,2485,-4462,-892,idle-X
4034648922,9,986,-71,2485,-4462,-892,idle-X
4034663598,9,986,-71,2450,-4445,-875,idle-X
4034666366,9,986,-72,2450,-4445,-875,idle-X
4034682567,9,986,-72,2450,-4480,-875,idle-X
4034683504,10,985,-71,2450,-4480,-875,idle-X
4034700623,9,986,-72,2450,-4480,-875,idle-X
4034701865,9,986,-72,2485,-4497,-910,idle-X
4034718067,9,985,-71,2485,-4497,-910,idle-X
4034721141,9,985,-71,2485,-4480,-892,idle-X
4034735206,10,986,-71,2485,-4480,-892,idle-X
4034740111,10,986,-71,2502,-4462,-892,idle-X
4034752344,9,986,-71,2502,-4462,-892,idle-X
4034759387,9,986,-71,2485,-4480,-875,idle-X
4034769789,9,986,-72,2485,-4480,-875,idle-X
4034778664,9,986,-72,2467,-4462,-892,idle-X
4034786928,9,986,-71,2467,-4462,-892,idle-X
4034797940,9,986,-71,2485,-4480,-892,idle-X
4034804067,9,986,-71,2485,-4480,-892,idle-X
4034816910,9,986,-71,2485,-4462,-857,idle-X
4034821510,9,986,-71,2485,-4462,-857,idle-X
4034836186,9,986,-71,2485,-4462,-857,idle-X
4034838649,9,986,-71,2485,-4462,-857,idle-X
4034855462,9,986,-71,2432,-4497,-857,idle-X
4034856092,9,986,-71,2432,-4497,-857,idle-X
4034873211,9,986,-71,2432,-4497,-857,idle-X
4034874452,9,986,-71,2485,-4497,-857,idle-X
4034890349,9,986,-72,2485,-4497,-857,idle-X
4034893729,9,986,-72,2467,-4497,-875,idle-X
4034907489,9,986,-71,2467,-4497,-875,idle-X
4034913006,9,986,-71,2467,-4462,-892,idle-X
4034924628,9,986,-72,2467,-4462,-892,idle-X
4034931975,9,986,-72,2485,-4445,-892,idle-X
4034942071,9,986,-71,2485,-4445,-892,idle-X
4034951251,9,986,-71,2485,-4480,-892,idle-X
4034959210,8,986,-72,2485,-4480,-892,idle-X
4034970527,8,986,-72,2450,-4480,-892,idle-X
4034976350,9,986,-72,2450,-4480,-892,idle-X
4034989804,9,986,-72,2467,-4480,-875,idle-X
4034993794,9,986,-71,2467,-4480,-875,idle-X
4035008774,9,986,-71,2467,-4462,-875,idle-X
4035010931,10,986,-71,2467,-4462,-875,idle-X
4035028050,9,986,-71,2467,-4462,-857,idle-X
4035045488,9,986,-71,2467,-4462,-857,idle-X
4035047341,9,986,-71,2450,-4462,-857,idle-X
4035062627,9,986,-72,2450,-4462,-857,idle-X
4035066312,9,986,-72,2450,-4462,-875,idle-X
4035079766,9,986,-71,2450,-4462,-875,idle-X
4035085587,9,986,-71,2450,-4480,-892,idle-X
4035097209,9,986,-71,2450,-4480,-892,idle-X
4035104862,9,986,-71,2432,-4480,-857,idle-X
4035114348,9,986,-72,2432,-4480,-857,idle-X
4035124138,9,986,-72,2450,-4462,-875,idle-X
4035131487,9,986,-71,2450,-4462,-875,idle-X
4035143109,9,986,-71,2467,-4480,-857,idle-X
4035148625,9,986,-71,2467,-4480,-857,idle-X
4035162385,9,986,-71,2450,-4445,-875,idle-X
4035166070,9,986,-71,2450,-4445,-875,idle-X
4035181662,9,986,-71,2450,-4445,-875,idle-X
4035183209,9,985,-71,2450,-4445,-875,idle-X
4035200327,9,986,-71,2450,-4445,-875,idle-X
4035200957,9,986,-71,2450,-4427,-857,idle-X
4035217771,9,986,-71,2450,-4427,-857,idle-X
4035219929,9,986,-71,2450,-4462,-875,idle-X
4035234910,10,986,-71,2450,-4462,-875,idle-X
4035239206,10,986,-71,2485,-4462,-875,idle-X
4035252050,9,986,-71,2485,-4462,-875,idle-X
4035258482,9,986,-71,2485,-4462,-875,idle-X
4035269494,9,986,-71,2485,-4462,-875,idle-X
4035277452,9,986,-71,2485,-4480,-857,idle-X
4035286633,9,985,-71,2485,-4480,-857,idle-X
4035296730,9,985,-71,2467,-4480,-857,idle-X
4035303773,9,986,-71,2467,-4480,-857,idle-X
4035316006,9,986,-71,2467,-4445,-892,idle-X
4035321217,9,986,-71,2467,-4445,-892,idle-X
4035334976,9,986,-71,2467,-4480,-892,idle-X
4035338355,9,986,-71,2467,-4480,-892,idle-X
4035354252,9,986,-71,2467,-4480,-892,idle-X
4035355493,9,986,-71,2467,-4480,-892,idle-X
4035372612,9,986,-71,2467,-4480,-892,idle-X
4035373549,9,986,-71,2467,-4445,-892,idle-X
4035390056,10,986,-71,2467,-4445,-892,idle-X
4035392519,10,986,-71,2467,-4445,-875,idle-X
4035407194,10,986,-72,2467,-4445,-875,idle-X
4035411794,10,986,-72,2450,-4462,-892,idle-X
4035424332,9,986,-71,2450,-4462,-892,idle-X
4035431071,9,986,-71,2467,-4497,-857,idle-X
4035441777,9,986,-71,2467,-4497,-857,idle-X
4035450347,9,986,-71,2467,-4497,-875,idle-X
4035458916,10,986,-71,2467,-4497,-875,idle-X
4035469317,10,986,-71,2485,-4480,-892,idle-X
4035476055,9,986,-71,2485,-4480,-892,idle-X
4035488593,9,986,-71,2467,-4445,-892,idle-X
4035493194,9,986,-72,2467,-4445,-892,idle-X
4035507870,9,986,-72,2467,-4445,-875,idle-X
4035510638,9,986,-71,2467,-4445,-875,idle-X
4035526840,9,986,-71,2467,-4462,-857,idle-X
4035527777,9,986,-71,2467,-4462,-857,idle-X
4035544894,9,986,-71,2467,-4462,-857,idle-X
4035546136,9,986,-71,2450,-4462,-875,idle-X
4035562337,9,986,-71,2450,-4462,-875,idle-X
4035565412,9,986,-71,2502,-4462,-892,idle-X
4035579476,9,985,-71,2502,-4462,-892,idle-X
4035584382,9,985,-71,2485,-4497,-892,idle-X
4035596614,9,986,-71,2485,-4497,-892,idle-X
4035603657,9,986,-71,2467,-4497,-875,idle-X
4035614057,9,986,-71,2467,-4497,-875,idle-X
4035622932,9,986,-71,2467,-4480,-875,idle-X
4035631196,10,986,-71,2467,-4480,-875,idle-X
4035642207,10,986,-71,2485,-4480,-875,idle-X
4035648333,9,986,-71,2485,-4480,-875,idle-X
4035661177,9,986,-71,2467,-4497,-857,idle-X
4035665471,9,986,-72,2467,-4497,-857,idle-X
4035680452,9,986,-72,2432,-4480,-875,idle-X
4035682916,9,986,-72,2432,-4480,-875,idle-X
4035699730,9,986,-72,2450,-4480,-875,idle-X
4035700360,9,986,-71,2450,-4480,-875,idle-X
4035717173,9,986,-71,2450,-4480,-875,idle-X
4035718720,9,986,-71,2502,-4462,-875,idle-X
4035734617,9,986,-71,2502,-4462,-875,idle-X
4035737997,9,986,-71,2467,-4480,-875,idle-X
4035751756,9,986,-71,2467,-4480,-875,idle-X
4035757272,9,986,-71,2467,-4480,-875,idle-X
4035768893,9,986,-71,2467,-4480,-875,idle-X
4035776241,9,986,-71,2502,-4480,-857,idle-X
4035786030,10,986,-72,2502,-4480,-857,idle-X
4035795517,10,986,-72,2467,-4427,-875,idle-X
4035803475,9,986,-71,2467,-4427,-875,idle-X
4035814792,9,986,-71,2467,-4445,-857,idle-X
4035820614,10,986,-71,2467,-4445,-857,idle-X
4035833763,10,986,-71,2450,-4462,-892,idle-X
4035837754,9,986,-71,2450,-4462,-892,idle-X
4035853039,9,986,-71,2450,-4480,-892,idle-X
4035854892,10,986,-71,2450,-4480,-892,idle-X
4035872314,9,986,-71,2450,-4445,-875,idle-X
4035889443,9,986,-71,2450,-4445,-875,idle-X
4035891297,9,986,-71,2502,-4480,-857,idle-X
4035906583,9,986,-72,2502,-4480,-857,idle-X
4035910573,9,986,-72,2467,-4480,-892,idle-X
4035924028,10,986,-71,2467,-4480,-892,idle-X
4035929850,10,986,-71,2467,-4480,-892,idle-X
4035941167,9,986,-72,2467,-4480,-892,idle-X
4035948821,9,986,-72,2502,-4462,-875,idle-X
4035958306,9,986,-72,2502,-4462,-875,idle-X
4035968096,9,986,-72,2450,-4480,-892,idle-X
4035975750,9,986,-72,2450,-4480,-892,idle-X
4035987372,9,986,-72,2467,-4462,-875,idle-X
4035992887,9,986,-71,2467,-4462,-875,idle-X
4036006646,9,986,-71,2502,-4462,-875,idle-X
4036010026,9,986,-71,2502,-4462,-875,idle-X
4036025618,9,986,-71,2467,-4480,-875,idle-X
4036027164,10,986,-72,2467,-4480,-875,idle-X
4036044587,10,986,-72,2450,-4445,-857,idle-X
4036061717,9,986,-72,2450,-4445,-857,idle-X
4036064181,9,986,-72,2467,-4462,-875,idle-X
4036078857,9,986,-71,2467,-4462,-875,idle-X
4036083152,9,986,-71,2450,-4480,-910,idle-X
4036096302,10,986,-71,2450,-4480,-910,idle-X
4036102428,10,986,-71,2450,-4480,-892,idle-X
4036113440,9,986,-71,2450,-4480,-892,idle-X
4036121705,9,986,-71,2467,-4480,-892,idle-X
4036130580,9,986,-72,2467,-4480,-892,idle-X
4036140675,9,986,-72,2467,-4480,-892,idle-X
4036148024,9,986,-72,2467,-4480,-892,idle-X
4036159953,9,986,-72,2467,-4462,-875,idle-X
4036165164,9,985,-71,2467,-4462,-875,idle-X
4036179229,9,985,-71,2467,-4480,-892,idle-X
4036182303,9,986,-71,2467,-4480,-892,idle-X
4036198504,9,986,-71,2467,-4462,-892,idle-X
4036199441,9,986,-71,2467,-4462,-892,idle-X
4036216866,9,986,-71,2467,-4462,-892,idle-X
4036217496,9,986,-71,2467,-4480,-875,idle-X
4036234004,9,986,-71,2467,-4480,-875,idle-X
4036236773,9,986,-71,2502,-4462,-875,idle-X
4036251143,9,986,-71,2502,-4462,-875,idle-X
4036255743,9,986,-71,2467,-4462,-857,idle-X
4036268587,10,986,-71,2467,-4462,-857,idle-X
4036275019,10,986,-71,2467,-4480,-875,idle-X
4036285726,9,986,-71,2467,-4480,-875,idle-X
4036294296,9,986,-71,2467,-4462,-892,idle-X
4036302865,9,986,-71,2467,-4462,-892,idle-X
4036313572,9,986,-71,2467,-4462,-875,idle-X
4036320004,9,986,-71,2467,-4462,-875,idle-X
4036332542,9,986,-71,2450,-4445,-892,idle-X
4036337447,9,986,-71,2450,-4445,-892,idle-X
4036351818,9,986,-71,2485,-4462,-875,idle-X
4036354587,9,986,-71,2485,-4462,-875,idle-X
4036371093,9,986,-71,2502,-4480,-875,idle-X
4036371723,10,986,-72,2502,-4480,-875,idle-X
4036389147,9,986,-71,2502,-4480,-875,idle-X
4036390083,9,986,-71,2502,-4462,-910,idle-X
4036406286,9,986,-71,2502,-4462,-910,idle-X
4036409360,9,986,-71,2485,-4462,-910,idle-X
4036423425,9,986,-71,2485,-4462,-910,idle-X
4036428637,9,986,-71,2467,-4462,-875,idle-X
4036440565,9,986,-71,2467,-4462,-875,idle-X
4036447608,9,986,-71,2502,-4480,-892,idle-X
4036458008,9,986,-71,2502,-4480,-892,idle-X
4036466883,9,986,-71,2485,-4462,-892,idle-X
4036475147,9,986,-71,2485,-4462,-892,idle-X
4036486159,9,986,-71,2467,-4497,-875,idle-X
4036492286,9,986,-71,2467,-4497,-875,idle-X
4036505436,9,986,-71,2467,-4462,-875,idle-X
4036509732,9,986,-71,2467,-4462,-875,idle-X
4036524407,9,986,-71,2485,-4445,-875,idle-X
4036526871,9,986,-71,2485,-4445,-875,idle-X
4036543685,9,986,-71,2485,-4445,-875,idle-X
4036544315,9,986,-71,2485,-4445,-875,idle-X
4036561435,10,986,-71,2485,-4445,-875,idle-X
4036562982,10,986,-71,2467,-4462,-857,idle-X
4036578574,9,986,-71,2467,-4462,-857,idle-X
4036581953,9,986,-71,2450,-4480,-875,idle-X
4036595713,9,986,-72,2450,-4480,-875,idle-X
4036601230,9,986,-72,2467,-4462,-875,idle-X
4036612854,9,986,-72,2467,-4462,-875,idle-X
4036620507,9,986,-72,2485,-4462,-857,idle-X
4036630298,9,986,-72,2485,-4462,-857,idle-X
4036639477,9,986,-72,2450,-4445,-875,idle-X
4036647436,9,986,-71,2450,-4445,-875,idle-X
4036658753,9,986,-71,2450,-4480,-875,idle-X
4036664575,9,986,-72,2450,-4480,-875,idle-X
4036678030,9,986,-72,2485,-4480,-875,idle-X
4036682021,9,986,-71,2485,-4480,-875,idle-X
4036697306,9,986,-71,2485,-4462,-875,idle-X
4036699159,9,986,-71,2485,-4462,-875,idle-X
4036716277,10,986,-71,2450,-4462,-892,idle-X
4036733712,9,986,-72,2450,-4462,-892,idle-X
4036735565,9,986,-72,2432,-4462,-875,idle-X
4036750851,9,986,-71,2432,-4462,-875,idle-X
4036754840,9,986,-71,2450,-4462,-857,idle-X
4036767990,9,986,-71,2450,-4462,-857,idle-X
4036774118,9,986,-71,2467,-4515,-910,idle-X
4036785435,9,986,-71,2467,-4515,-910,idle-X
4036793090,9,986,-71,2467,-4480,-875,idle-X
4036802576,9,985,-71,2467,-4480,-875,idle-X
4036812367,9,985,-71,2432,-4462,-875,idle-X
4036819715,9,986,-71,2432,-4462,-875,idle-X
4036831642,9,986,-71,2467,-4480,-892,idle-X
4036836853,9,986,-72,2467,-4480,-892,idle-X
4036850613,9,986,-72,2450,-4445,-857,idle-X
4036854298,9,986,-72,2450,-4445,-857,idle-X
4036869889,9,986,-72,2467,-4480,-875,idle-X
4036871437,9,986,-72,2467,-4480,-875,idle-X
4036888556,10,986,-72,2467,-4480,-875,idle-X
4036889186,10,986,-72,2467,-4480,-875,idle-X
4036905999,9,986,-71,2467,-4480,-875,idle-X
4036908157,9,986,-71,2467,-4480,-892,idle-X
4036923138,9,986,-71,2467,-4480,-892,idle-X
4036927433,9,986,-71,2467,-4480,-875,idle-X
4036940278,10,986,-71,2467,-4480,-875,idle-X
4036946709,10,986,-71,2467,-4497,-892,idle-X
4036957416,9,986,-72,2467,-4497,-892,idle-X
4036965680,9,986,-72,2450,-4515,-875,idle-X
4036974861,10,986,-71,2450,-4515,-875,idle-X
4036984957,10,986,-71,2467,-4497,-875,idle-X
4036992000,9,986,-72,2467,-4497,-875,idle-X
4037004234,9,986,-72,2467,-4515,-840,idle-X
4037009139,10,986,-72,2467,-4515,-840,idle-X
4037023203,10,986,-72,2467,-4550,-857,idle-X
4037026276,9,986,-71,2467,-4550,-857,idle-X
4037042478,9,986,-71,2450,-4550,-857,idle-X
4037043720,9,986,-71,2450,-4550,-857,idle-X
4037060837,10,986,-71,2450,-4550,-857,idle-X
4037061773,10,986,-71,2415,-4462,-875,idle-X
4037077975,10,986,-71,2415,-4462,-875,idle-X
4037080744,10,986,-71,2467,-4427,-857,idle-X
4037095420,9,986,-71,2467,-4427,-857,idle-X
4037100020,9,986,-71,2485,-4410,-892,idle-X
4037112558,9,986,-71,2485,-4410,-892,idle-X
4037119296,9,986,-71,2467,-4427,-875,idle-X
4037129698,9,986,-72,2467,-4427,-875,idle-X
4037138267,9,986,-72,2467,-4462,-875,idle-X
4037146837,10,986,-71,2467,-4462,-875,idle-X
4037157543,10,986,-71,2467,-4515,-875,idle-X
4037164280,9,986,-72,2467,-4515,-875,idle-X
4037176818,9,986,-72,2450,-4532,-892,idle-X
4037181418,9,986,-72,2450,-4532,-892,idle-X
4037196095,9,986,-72,2467,-4515,-892,idle-X
4037198558,9,986,-71,2467,-4515,-892,idle-X
4037215066,9,986,-71,2467,-4462,-875,idle-X
4037216002,10,986,-71,2467,-4462,-875,idle-X
4037233120,9,986,-71,2467,-4462,-875,idle-X
4037234362,9,986,-71,2467,-4427,-892,idle-X
4037250259,9,986,-71,2467,-4427,-892,idle-X
4037253638,9,986,-71,2467,-4410,-892,idle-X
4037267703,9,986,-71,2467,-4410,-892,idle-X
4037272609,9,986,-71,2467,-4462,-910,idle-X
4037284842,9,986,-72,2467,-4462,-910,idle-X
4037291885,9,986,-72,2467,-4480,-875,idle-X
4037301981,9,986,-71,2467,-4480,-875,idle-X
4037311161,9,986,-71,2485,-4497,-857,idle-X
4037319120,9,986,-72,2485,-4497,-857,idle-X
4037330133,9,986,-72,2485,-4515,-857,idle-X
4037336565,10,985,-71,2485,-4515,-857,idle-X
4037349408,10,985,-71,2450,-4497,-875,idle-X
4037353703,9,986,-71,2450,-4497,-875,idle-X
4037368684,9,986,-71,2467,-4480,-910,idle-X
4037370842,9,985,-72,2467,-4480,-910,idle-X
4037387655,9,985,-72,2467,-4445,-892,idle-X
4037388285,9,986,-71,2467,-4445,-892,idle-X
4037405405,9,986,-72,2467,-4445,-892,idle-X
4037406952,9,986,-72,2485,-4445,-875,idle-X
4037422544,10,986,-72,2485,-4445,-875,idle-X
4037426228,10,986,-72,2467,-4462,-875,idle-X
4037439682,9,986,-72,2467,-4462,-875,idle-X
4037445198,9,986,-72,2467,-4480,-857,idle-X
4037457126,9,986,-71,2467,-4480,-857,idle-X
4037464474,9,986,-71,2467,-4480,-822,idle-X
4037474265,9,986,-72,2467,-4480,-822,idle-X
4037483750,9,986,-72,2467,-4515,-857,idle-X
4037491404,9,986,-71,2467,-4515,-857,idle-X
4037502720,9,986,-71,2467,-4497,-875,idle-X
4037508542,9,986,-72,2467,-4497,-875,idle-X
4037521997,9,986,-72,2485,-4445,-875,idle-X
4037525986,9,986,-71,2485,-4445,-875,idle-X
4037541273,9,986,-71,2467,-4427,-875,idle-X
4037543125,9,986,-71,2467,-4427,-875,idle-X
4037560243,9,986,-71,2485,-4462,-875,idle-X
4037577679,9,986,-71,2485,-4462,-875,idle-X
4037579533,9,986,-71,2467,-4480,-875,idle-X
4037594819,9,986,-71,2467,-4480,-875,idle-X
4037598808,9,986,-71,2467,-4480,-892,idle-X
4037611957,9,986,-72,2467,-4480,-892,idle-X
4037617779,9,986,-72,2467,-4480,-857,idle-X
4037629096,9,986,-71,2467,-4480,-857,idle-X
4037637055,9,986,-71,2450,-4480,-892,idle-X
4037646541,9,986,-71,2450,-4480,-892,idle-X
4037656332,9,986,-71,2450,-4480,-892,idle-X
4037663680,10,986,-71,2450,-4480,-892,idle-X
4037675303,10,986,-71,2467,-4462,-857,idle-X
4037680820,9,986,-71,2467,-4462,-857,idle-X
4037694579,9,986,-71,2485,-4480,-857,idle-X
4037697958,10,986,-71,2485,-4480,-857,idle-X
4037713855,10,986,-71,2485,-4480,-857,idle-X
4037715402,9,986,-71,2485,-4480,-857,idle-X
4037732520,9,986,-71,2467,-4462,-875,idle-X
4037749650,9,986,-71,2467,-4462,-875,idle-X
4037752113,9,986,-71,2467,-4480,-875,idle-X
4037767093,10,986,-71,2467,-4480,-875,idle-X
4037771387,10,986,-71,2450,-4480,-892,idle-X
4037784232,9,986,-71,2450,-4480,-892,idle-X
4037790664,9,986,-71,2432,-4480,-875,idle-X
4037801370,9,986,-71,2432,-4480,-875,idle-X
4037809635,9,986,-71,2485,-4462,-875,idle-X
4037818509,9,986,-72,2485,-4462,-875,idle-X
4037828911,9,986,-72,2485,-4462,-875,idle-X
4037835953,9,986,-71,2485,-4462,-875,idle-X
4037848187,9,986,-71,2450,-4480,-875,idle-X
4037853092,9,986,-72,2450,-4480,-875,idle-X
4037867158,9,986,-72,2432,-4480,-875,idle-X
4037870231,9,986,-71,2432,-4480,-875,idle-X
4037886434,9,986,-71,2450,-4480,-892,idle-X
4037887676,10,986,-71,2450,-4480,-892,idle-X
4037904795,10,986,-71,2450,-4480,-892,idle-X
4037905731,10,986,-71,2450,-4480,-892,idle-X
4037921934,9,986,-72,2450,-4480,-892,idle-X
4037924703,9,986,-72,2467,-4480,-857,idle-X
4037939073,10,986,-71,2467,-4480,-857,idle-X
4037943978,10,986,-71,2467,-4497,-892,idle-X
4037956517,9,986,-72,2467,-4497,-892,idle-X
4037963255,9,986,-72,2485,-4445,-875,idle-X
4037973656,9,986,-71,2485,-4445,-875,idle-X
4037982226,9,986,-71,2450,-4445,-875,idle-X
4037990795,9,986,-72,2450,-4445,-875,idle-X
4038001501,9,986,-72,2450,-4445,-875,idle-X
4038008238,9,986,-71,2450,-4445,-875,idle-X
4038020777,9,986,-71,2467,-4480,-875,idle-X
4038025377,9,986,-71,2467,-4480,-875,idle-X
4038039747,9,986,-71,2450,-4462,-875,idle-X
4038042516,9,986,-71,2450,-4462,-875,idle-X
4038059024,9,986,-71,2485,-4462,-892,idle-X
4038059655,9,986,-71,2485,-4462,-892,idle-X
4038077079,9,986,-72,2485,-4462,-892,idle-X
4038078321,9,986,-72,2485,-4480,-875,idle-X
4038094218,9,986,-71,2485,-4480,-875,idle-X
4038097291,9,986,-71,2467,-4462,-840,idle-X
4038111357,9,985,-71,2467,-4462,-840,idle-X
4038116567,9,985,-71,2485,-4497,-875,idle-X
4038128496,9,986,-71,2485,-4497,-875,idle-X
4038135844,9,986,-71,2485,-4445,-875,idle-X
4038145940,9,986,-72,2485,-4445,-875,idle-X
4038154814,9,986,-72,2485,-4445,-892,idle-X
4038163079,9,986,-72,2485,-4445,-892,idle-X
4038174091,9,986,-72,2467,-4427,-892,idle-X
4038180218,9,986,-71,2467,-4427,-892,idle-X
4038193366,9,986,-71,2467,-4445,-857,idle-X
4038197355,9,986,-71,2467,-4445,-857,idle-X
4038212336,9,986,-71,2450,-4462,-857,idle-X
4038214799,9,986,-71,2450,-4462,-857,idle-X
4038231611,9,986,-71,2467,-4462,-857,idle-X
4038232241,9,985,-71,2467,-4462,-857,idle-X
4038249055,9,986,-72,2467,-4462,-857,idle-X
4038250603,9,986,-72,2485,-4462,-875,idle-X
4038266500,9,986,-71,2485,-4462,-875,idle-X
4038269880,9,986,-71,2485,-4462,-875,idle-X
4038283639,9,986,-71,2485,-4462,-875,idle-X
4038289155,9,986,-71,2467,-4445,-875,idle-X
4038300778,9,986,-72,2467,-4445,-875,idle-X
4038308431,9,986,-72,2467,-4462,-857,idle-X
4038317918,9,986,-71,2467,-4462,-857,idle-X
4038327402,9,986,-71,2450,-4445,-857,idle-X
4038335361,9,986,-71,2450,-4445,-857,idle-X
4038346678,9,986,-71,2450,-4462,-840,idle-X
4038352499,9,986,-71,2450,-4462,-840,idle-X
4038365952,9,986,-71,2450,-4462,-857,idle-X
4038369637,10,986,-71,2450,-4462,-857,idle-X
4038384924,10,986,-71,2467,-4462,-875,idle-X
4038386776,9,986,-71,2467,-4462,-875,idle-X
4038404199,9,986,-71,2485,-4462,-857,idle-X
4038421330,9,986,-71,2485,-4462,-857,idle-X
4038423488,9,986,-71,2467,-4462,-892,idle-X
4038438470,9,986,-71,2467,-4462,-892,idle-X
4038442460,9,986,-71,2467,-4445,-892,idle-X
4038455915,9,986,-71,2467,-4445,-892,idle-X
4038461737,9,986,-71,2502,-4462,-892,idle-X
4038473054,9,986,-71,2502,-4462,-892,idle-X
4038481013,9,986,-71,2450,-4480,-875,idle-X
4038490192,9,986,-71,2450,-4480,-875,idle-X
4038499982,9,986,-71,2432,-4515,-875,idle-X
4038507332,9,986,-71,2432,-4515,-875,idle-X
4038519259,9,986,-71,2450,-4462,-857,idle-X
4038524776,9,986,-71,2450,-4462,-857,idle-X
4038538535,9,986,-71,2485,-4480,-840,idle-X
4038541914,9,986,-72,2485,-4480,-840,idle-X
4038557505,9,986,-72,2467,-4445,-857,idle-X
4038559052,9,986,-72,2467,-4445,-857,idle-X
4038576477,9,986,-72,2467,-4445,-857,idle-X
4038593608,9,986,-72,2467,-4445,-857,idle-X
4038596071,9,986,-72,2450,-4462,-857,idle-X
4038610747,9,986,-71,2450,-4462,-857,idle-X
4038615042,9,986,-71,2450,-4480,-875,idle-X
4038627886,9,986,-72,2450,-4480,-875,idle-X
4038634318,9,986,-72,2450,-4480,-892,idle-X
4038645330,9,986,-71,2450,-4480,-892,idle-X
4038653594,9,986,-71,2467,-4480,-892,idle-X
4038662468,9,986,-71,2467,-4480,-892,idle-X
4038672564,9,986,-71,2485,-4462,-910,idle-X
4038679608,9,986,-71,2485,-4462,-910,idle-X
4038691840,9,986,-71,2467,-4480,-892,idle-X
4038697051,9,986,-71,2467,-4480,-892,idle-X
4038711117,9,986,-71,2467,-4480,-892,idle-X
4038714190,9,986,-71,2467,-4480,-892,idle-X
4038730392,9,986,-71,2502,-4462,-910,idle-X
4038731329,9,986,-71,2502,-4462,-910,idle-X
4038748752,9,986,-71,2502,-4462,-910,idle-X
4038749382,9,986,-71,2485,-4462,-875,idle-X
4038765889,9,986,-71,2485,-4462,-875,idle-X
4038768658,9,986,-71,2485,-4480,-875,idle-X
4038783029,9,986,-72,2485,-4480,-875,idle-X
4038787933,9,986,-72,2485,-4480,-875,idle-X
4038800166,9,986,-71,2485,-4480,-875,idle-X
4038806903,9,986,-71,2485,-4462,-910,idle-X
4038817610,10,986,-71,2485,-4462,-910,idle-X
4038826179,10,986,-71,2485,-4462,-892,idle-X
4038834749,9,986,-71,2485,-4462,-892,idle-X
4038845455,9,986,-71,2467,-4462,-875,idle-X
4038851888,10,986,-71,2467,-4462,-875,idle-X
4038864426,10,986,-71,2467,-4445,-857,idle-X
4038869332,10,986,-71,2467,-4445,-857,idle-X
4038883702,10,986,-71,2467,-4462,-857,idle-X
4038886471,9,986,-71,2467,-4462,-857,idle-X
4038902978,9,986,-71,2450,-4480,-875,idle-X
4038903608,9,986,-71,2450,-4480,-875,idle-X
4038920727,9,986,-71,2450,-4480,-875,idle-X
4038921969,9,986,-71,2485,-4497,-892,idle-X
4038938171,9,986,-71,2485,-4497,-892,idle-X
4038941245,9,986,-71,2485,-4462,-875,idle-X
4038955310,9,986,-70,2485,-4462,-875,idle-X
4038960521,9,986,-70,2467,-4462,-875,idle-X
4038972450,9,986,-71,2467,-4462,-875,idle-X
4038979799,9,986,-71,2467,-4462,-857,idle-X
4038989894,9,986,-71,2467,-4462,-857,idle-X
4038998769,9,986,-71,2485,-4462,-857,idle-X
4039007032,9,986,-71,2485,-4462,-857,idle-X
4039018045,9,986,-71,2450,-4445,-857,idle-X
4039024171,9,986,-71,2450,-4445,-857,idle-X
4039037321,9,986,-71,2502,-4497,-892,idle-X
4039041311,9,986,-71,2502,-4497,-892,idle-X
4039056292,9,986,-71,2485,-4462,-875,idle-X
4039058755,10,986,-71,2485,-4462,-875,idle-X
4039075567,10,986,-71,2467,-4462,-857,idle-X
4039076198,9,986,-71,2467,-4462,-857,idle-X
4039093011,9,986,-71,2467,-4462,-857,idle-X
4039094864,9,986,-71,2467,-4462,-875,idle-X
4039110457,9,986,-71,2467,-4462,-875,idle-X
4039113837,9,986,-71,2467,-4497,-857,idle-X
4039127595,9,986,-72,2467,-4497,-857,idle-X
4039133112,9,986,-72,2485,-4480,-857,idle-X
4039144734,9,986,-72,2485,-4480,-857,idle-X
4039152388,9,986,-72,2467,-4462,-875,idle-X
4039162179,9,986,-71,2467,-4462,-875,idle-X
4039171360,9,986,-71,2485,-4462,-875,idle-X
4039179318,9,986,-71,2485,-4462,-875,idle-X
4039190635,9,986,-71,2467,-4480,-892,idle-X
4039196457,10,986,-71,2467,-4480,-892,idle-X
4039209912,10,986,-71,2450,-4497,-875,idle-X
4039213595,10,986,-71,2450,-4497,-875,idle-X
4039228882,10,986,-71,2485,-4497,-875,idle-X
4039231040,9,986,-72,2485,-4497,-875,idle-X
4039248159,9,986,-72,2485,-4462,-892,idle-X
4039265290,9,986,-71,2485,-4462,-892,idle-X
4039267448,9,986,-71,2467,-4462,-892,idle-X
4039282428,9,986,-72,2467,-4462,-892,idle-X
4039286418,9,986,-72,2502,-4480,-875,idle-X
4039299874,9,986,-71,2502,-4480,-875,idle-X
4039305695,9,986,-71,2502,-4497,-875,idle-X
4039317013,9,986,-71,2502,-4497,-875,idle-X
4039324971,9,986,-71,2467,-4427,-875,idle-X
4039334151,10,986,-71,2467,-4427,-875,idle-X
4039344247,10,986,-71,2502,-4427,-875,idle-X
4039351595,10,986,-71,2502,-4427,-875,idle-X
4039363218,10,986,-71,2485,-4480,-892,idle-X
4039368734,9,986,-71,2485,-4480,-892,idle-X
4039382493,9,986,-71,2485,-4462,-840,idle-X
4039385872,10,986,-72,2485,-4462,-840,idle-X
4039401769,10,986,-72,2485,-4445,-875,idle-X
4039403011,9,986,-72,2485,-4445,-875,idle-X
4039420435,9,986,-71,2485,-4445,-857,idle-X
4039437565,10,986,-71,2485,-4445,-857,idle-X
4039440028,10,986,-71,2467,-4445,-875,idle-X
4039454704,9,986,-72,2467,-4445,-875,idle-X
4039459304,9,986,-72,2467,-4462,-875,idle-X
4039472148,10,986,-71,2467,-4462,-875,idle-X
4039478275,10,986,-71,2485,-4480,-857,idle-X
4039489287,9,986,-71,2485,-4480,-857,idle-X
4039497551,9,986,-71,2467,-4480,-840,idle-X
4039506425,9,986,-71,2467,-4480,-840,idle-X
4039516827,9,986,-71,2485,-4462,-875,idle-X
4039523565,9,986,-71,2485,-4462,-875,idle-X
4039535797,9,986,-71,2467,-4462,-875,idle-X
4039541008,9,986,-72,2467,-4462,-875,idle-X
4039555072,9,986,-72,2467,-4462,-875,idle-X
4039558146,10,986,-71,2467,-4462,-875,idle-X
4039574348,10,986,-71,2467,-4462,-892,idle-X
4039575285,9,986,-71,2467,-4462,-892,idle-X
4039592708,9,986,-71,2467,-4462,-892,idle-X
4039593338,9,986,-71,2467,-4480,-892,idle-X
4039609847,9,986,-71,2467,-4480,-892,idle-X
4039612615,9,986,-71,2485,-4480,-927,idle-X
4039626986,9,986,-71,2485,-4480,-927,idle-X
4039631892,9,986,-71,2467,-4497,-892,idle-X
4039644431,9,986,-71,2467,-4497,-892,idle-X
4039651169,9,986,-71,2450,-4462,-875,idle-X
4039661570,9,986,-71,2450,-4462,-875,idle-X
4039670139,9,986,-71,2467,-4462,-857,idle-X
4039678709,9,986,-71,2467,-4462,-857,idle-X
4039689415,9,986,-71,2502,-4445,-892,idle-X
4039695848,9,986,-71,2502,-4445,-892,idle-X
4039708692,9,986,-71,2485,-4462,-892,idle-X
4039713292,9,986,-71,2485,-4462,-892,idle-X
4039727662,9,986,-71,2467,-4480,-875,idle-X
4039730430,9,986,-71,2467,-4480,-875,idle-X
4039746939,9,986,-71,2467,-4480,-875,idle-X
4039747569,10,986,-71,2467,-4480,-875,idle-X
4039764994,9,986,-71,2467,-4480,-875,idle-X
4039766236,9,986,-71,2432,-4462,-857,idle-X
4039782132,9,986,-71,2432,-4462,-857,idle-X
4039785205,9,986,-71,2467,-4480,-875,idle-X
4039799271,9,986,-71,2467,-4480,-875,idle-X
4039804482,9,986,-71,2467,-4480,-857,idle-X
4039816410,9,986,-71,2467,-4480,-857,idle-X
4039823759,9,986,-71,2467,-4462,-875,idle-X
4039833855,9,986,-71,2467,-4462,-875,idle-X
4039842729,9,986,-71,2502,-4462,-857,idle-X
4039850994,9,986,-71,2502,-4462,-857,idle-X
4039862006,9,986,-71,2467,-4497,-892,idle-X
4039868132,9,986,-71,2467,-4497,-892,idle-X
4039881282,9,986,-71,2467,-4497,-875,idle-X
4039885576,9,986,-71,2467,-4497,-875,idle-X
4039900557,9,986,-71,2450,-4480,-875,idle-X
4039902715,9,986,-71,2450,-4480,-875,idle-X
4039919528,9,986,-71,2467,-4480,-875,idle-X
4039920158,9,986,-72,2467,-4480,-875,idle-X
4039936972,10,986,-71,2467,-4480,-875,idle-X
4039938825,10,986,-71,2485,-4515,-875,idle-X
4039954417,9,986,-72,2485,-4515,-875,idle-X
4039958101,9,986,-72,2467,-4480,-857,idle-X
4039971556,9,986,-71,2467,-4480,-857,idle-X
4039977072,9,986,-71,2467,-4445,-857,idle-X
4039988694,9,986,-72,2467,-4445,-857,idle-X
4039996348,9,986,-72,2450,-4462,-875,idle-X
4040006138,9,986,-71,2450,-4462,-875,idle-X
4040015624,9,986,-71,2485,-4480,-892,idle-X
4040023278,9,986,-71,2485,-4480,-892,idle-X
4040034594,9,986,-71,2502,-4480,-892,idle-X
4040040416,9,986,-71,2502,-4480,-892,idle-X
4040053871,9,986,-71,2450,-4480,-875,idle-X
4040057556,9,986,-71,2450,-4480,-875,idle-X
4040073146,9,986,-71,2450,-4480,-875,idle-X
4040074999,9,986,-71,2450,-4480,-875,idle-X
4040092118,9,986,-71,2450,-4445,-875,idle-X
4040109249,9,986,-72,2450,-4445,-875,idle-X
4040111406,9,986,-72,2432,-4462,-892,idle-X
4040126692,9,986,-71,2432,-4462,-892,idle-X
4040130682,9,986,-71,2450,-4427,-892,idle-X
4040143832,9,986,-71,2450,-4427,-892,idle-X
4040149959,9,986,-71,2467,-4462,-892,idle-X
4040160971,9,986,-72,2467,-4462,-892,idle-X
4040168929,9,986,-72,2450,-4462,-875,idle-X
4040178414,9,987,-71,2450,-4462,-875,idle-X
4040188205,9,987,-71,2467,-4445,-892,idle-X
4040195553,9,986,-71,2467,-4445,-892,idle-X
4040207481,9,986,-71,2485,-4480,-875,idle-X
4040212692,9,986,-72,2485,-4480,-875,idle-X
4040226452,9,986,-72,2450,-4480,-875,idle-X
4040229832,10,986,-71,2450,-4480,-875,idle-X
4040245728,10,986,-71,2467,-4445,-875,idle-X
4040247275,9,986,-72,2467,-4445,-875,idle-X
4040264393,9,986,-71,2467,-4445,-875,idle-X
4040265023,9,986,-71,2450,-4462,-875,idle-X
4040281531,9,986,-71,2450,-4462,-875,idle-X
4040283994,9,986,-71,2467,-4462,-875,idle-X
4040298974,9,986,-71,2467,-4462,-875,idle-X
4040303268,9,986,-71,2467,-4480,-892,idle-X
4040316112,9,986,-72,2467,-4480,-892,idle-X
4040322544,9,986,-72,2467,-4480,-857,idle-X
4040333250,10,986,-71,2467,-4480,-857,idle-X
4040341821,10,986,-71,2467,-4480,-875,idle-X
4040350696,9,986,-71,2467,-4480,-875,idle-X
4040360792,9,986,-71,2467,-4480,-857,idle-X
4040367835,9,986,-71,2467,-4480,-857,idle-X
4040380067,9,986,-71,2485,-4480,-875,idle-X
4040384972,9,985,-71,2485,-4480,-875,idle-X
4040399341,9,985,-71,2467,-4462,-875,idle-X
4040402416,9,986,-72,2467,-4462,-875,idle-X
4040418312,9,986,-72,2450,-4462,-875,idle-X
4040419554,9,986,-71,2450,-4462,-875,idle-X
4040436671,9,986,-71,2450,-4462,-875,idle-X
4040437608,9,986,-71,2467,-4462,-892,idle-X
4040454115,9,986,-72,2467,-4462,-892,idle-X
4040456883,9,986,-72,2485,-4445,-910,idle-X
4040471253,9,986,-72,2485,-4445,-910,idle-X
4040476159,9,986,-72,2485,-4462,-910,idle-X
4040488392,9,986,-71,2485,-4462,-910,idle-X
4040495131,9,986,-71,2450,-4497,-892,idle-X
4040505532,9,986,-72,2450,-4497,-892,idle-X
4040514407,9,986,-72,2450,-4480,-875,idle-X
4040522976,9,986,-72,2450,-4480,-875,idle-X
4040533682,9,986,-72,2450,-4480,-892,idle-X
4040540114,9,986,-71,2450,-4480,-892,idle-X
4040552959,9,986,-71,2432,-4462,-875,idle-X
4040557253,9,986,-71,2432,-4462,-875,idle-X
4040571929,9,986,-71,2432,-4462,-840,idle-X
4040574698,9,986,-72,2432,-4462,-840,idle-X
4040591206,9,986,-72,2467,-4462,-857,idle-X
4040591836,9,986,-71,2467,-4462,-857,idle-X
4040608955,9,986,-71,2467,-4462,-857,idle-X
4040610503,9,986,-71,2450,-4462,-857,idle-X
4040626399,9,986,-71,2450,-4462,-857,idle-X
4040629473,9,986,-71,2485,-4462,-892,idle-X
4040643538,9,986,-71,2485,-4462,-892,idle-X
4040648749,9,986,-71,2485,-4445,-875,idle-X
4040660677,9,986,-71,2485,-4445,-875,idle-X
4040668026,9,986,-71,2467,-4462,-875,idle-X
4040678122,9,986,-71,2467,-4462,-875,idle-X
4040686997,9,986,-71,2450,-4497,-892,idle-X
4040695261,9,986,-71,2450,-4497,-892,idle-X
4040706273,9,986,-71,2485,-4497,-892,idle-X
4040712400,9,986,-72,2485,-4497,-892,idle-X
4040725549,9,986,-72,2485,-4480,-875,idle-X
4040729539,9,986,-72,2485,-4480,-875,idle-X
4040744826,9,986,-72,2450,-4462,-910,idle-X
4040746984,9,986,-71,2450,-4462,-910,idle-X
4040763797,9,986,-71,2485,-4462,-892,idle-X
4040764427,9,986,-71,2485,-4462,-892,idle-X
4040781241,10,986,-71,2485,-4462,-892,idle-X
4040783093,10,986,-71,2467,-4480,-857,idle-X
4040798685,9,986,-71,2467,-4480,-857,idle-X
4040802369,9,986,-71,2450,-4480,-875,idle-X
4040815823,9,986,-72,2450,-4480,-875,idle-X
4040821339,9,986,-72,2485,-4480,-892,idle-X
4040832962,9,986,-71,2485,-4480,-892,idle-X
4040840615,9,986,-71,2485,-4445,-875,idle-X
4040850100,10,986,-71,2485,-4445,-875,idle-X
4040859890,10,986,-71,2450,-4445,-857,idle-X
4040867544,9,986,-71,2450,-4445,-857,idle-X
4040878862,9,986,-71,2485,-4480,-857,idle-X
4040884683,9,986,-71,2485,-4480,-857,idle-X
4040898137,9,986,-71,2485,-4445,-875,idle-X
4040901822,10,986,-72,2485,-4445,-875,idle-X
4040917413,10,986,-72,2502,-4462,-892,idle-X
4040919266,10,985,-72,2502,-4462,-892,idle-X
4040936384,9,986,-71,2485,-4462,-875,idle-X
4040953514,9,986,-71,2485,-4462,-875,idle-X
4040955672,9,986,-71,2467,-4462,-857,idle-X
4040970959,9,985,-72,2467,-4462,-857,idle-X
4040974948,9,985,-72,2467,-4480,-892,idle-X
4040988098,9,985,-71,2467,-4480,-892,idle-X
4040994225,9,985,-71,2467,-4462,-857,idle-X
4041005238,9,985,-72,2467,-4462,-857,idle-X
4041013196,9,985,-72,2450,-4462,-875,idle-X
4041022376,9,986,-71,2450,-4462,-875,idle-X
4041032472,9,986,-71,2467,-4462,-875,idle-X
4041039819,9,986,-71,2467,-4462,-875,idle-X
4041051747,9,986,-71,2485,-4462,-875,idle-X
4041056959,9,986,-72,2485,-4462,-875,idle-X
4041070719,9,986,-72,2467,-4480,-875,idle-X
4041074098,9,986,-71,2467,-4480,-875,idle-X
4041089995,9,986,-71,2485,-4445,-892,idle-X
4041091543,9,986,-71,2485,-4445,-892,idle-X
4041108661,10,986,-71,2485,-4445,-892,idle-X
4041109291,10,986,-71,2467,-4497,-892,idle-X
4041125800,10,986,-71,2467,-4497,-892,idle-X
4041128263,10,986,-71,2467,-4480,-875,idle-X
4041143245,9,986,-71,2467,-4480,-875,idle-X
4041147539,9,986,-71,2485,-4480,-875,idle-X
4041160382,9,986,-71,2485,-4480,-875,idle-X
4041166814,9,986,-71,2450,-4480,-875,idle-X
4041177520,10,986,-72,2450,-4480,-875,idle-X
4041186090,10,986,-72,2485,-4445,-857,idle-X
4041194660,10,986,-71,2485,-4445,-857,idle-X
4041205060,10,986,-71,2502,-4445,-892,idle-X
4041212103,9,986,-71,2502,-4445,-892,idle-X
4041224335,9,986,-71,2432,-4462,-875,idle-X
4041229241,9,986,-71,2432,-4462,-875,idle-X
4041243611,9,986,-71,2450,-4480,-892,idle-X
4041246380,9,986,-71,2450,-4480,-892,idle-X
4041262583,9,986,-71,2450,-4445,-857,idle-X
4041263825,9,986,-72,2450,-4445,-857,idle-X
4041280943,9,986,-72,2450,-4445,-857,idle-X
4041281879,9,986,-72,2450,-4462,-857,idle-X
4041298081,9,986,-71,2450,-4462,-857,idle-X
4041301154,9,986,-71,2467,-4480,-892,idle-X
4041315526,9,986,-71,2467,-4480,-892,idle-X
4041320127,9,986,-71,2485,-4462,-910,idle-X
4041332665,10,986,-71,2485,-4462,-910,idle-X
4041339403,10,986,-71,2485,-4480,-892,idle-X
4041349804,9,986,-72,2485,-4480,-892,idle-X
4041358678,9,986,-72,2485,-4445,-875,idle-X
4041366942,9,986,-71,2485,-4445,-875,idle-X
4041377954,9,986,-71,2467,-4445,-892,idle-X
4041384387,10,986,-72,2467,-4445,-892,idle-X
4041396927,10,986,-72,2485,-4445,-892,idle-X
4041401528,10,986,-71,2485,-4445,-892,idle-X
4041416204,10,986,-71,2485,-4480,-875,idle-X
4041418667,9,986,-71,2485,-4480,-875,idle-X
4041435479,9,986,-71,2467,-4462,-875,idle-X
4041436110,10,986,-70,2467,-4462,-875,idle-X
4041453229,9,986,-71,2467,-4462,-875,idle-X
4041454471,9,986,-71,2467,-4445,-840,idle-X
4041470368,9,985,-72,2467,-4445,-840,idle-X
4041473746,9,985,-72,2467,-4480,-875,idle-X
4041487810,9,986,-71,2467,-4480,-875,idle-X
4041493021,9,986,-71,2450,-4462,-857,idle-X
4041504948,9,986,-71,2450,-4462,-857,idle-X
4041511991,9,986,-71,2450,-4497,-875,idle-X
4041522088,9,986,-71,2450,-4497,-875,idle-X
4041531268,9,986,-71,2467,-4462,-875,idle-X
4041539226,9,986,-72,2467,-4462,-875,idle-X
4041550543,9,986,-72,2467,-4462,-910,idle-X
4041556669,9,986,-71,2467,-4462,-910,idle-X
4041569818,9,986,-71,2502,-4462,-892,idle-X
4041573807,9,986,-71,2502,-4462,-892,idle-X
4041588788,9,986,-71,2502,-4480,-875,idle-X
4041590946,9,986,-71,2502,-4480,-875,idle-X
4041608064,9,986,-71,2485,-4462,-892,idle-X
4041608695,9,986,-71,2485,-4462,-892,idle-X
4041625509,9,986,-71,2485,-4462,-892,idle-X
4041627361,9,986,-71,2502,-4445,-892,idle-X
4041642647,10,986,-72,2502,-4445,-892,idle-X
4041646332,10,986,-72,2467,-4462,-857,idle-X
4041659786,9,986,-71,2467,-4462,-857,idle-X
4041665608,9,986,-71,2450,-4480,-875,idle-X
4041677230,9,986,-71,2450,-4480,-875,idle-X
4041684882,9,986,-71,2467,-4480,-892,idle-X
4041694367,10,986,-71,2467,-4480,-892,idle-X
4041703852,10,986,-71,2485,-4462,-892,idle-X
4041711506,9,986,-72,2485,-4462,-892,idle-X
4041723129,9,986,-72,2450,-4427,-892,idle-X
4041728646,9,986,-71,2450,-4427,-892,idle-X
4041742406,9,986,-71,2485,-4445,-857,idle-X
4041746091,9,986,-72,2485,-4445,-857,idle-X
4041761377,9,986,-72,2467,-4462,-857,idle-X
4041763229,9,986,-71,2467,-4462,-857,idle-X
4041780346,9,986,-72,2450,-4462,-875,idle-X
4041797783,9,986,-71,2450,-4462,-875,idle-X
4041799940,9,986,-71,2467,-4462,-857,idle-X
4041814921,10,985,-71,2467,-4462,-857,idle-X
4041818910,10,985,-71,2502,-4497,-875,idle-X
4041832059,10,986,-71,2502,-4497,-875,idle-X
4041838185,10,986,-71,2467,-4445,-875,idle-X
4041849197,9,986,-71,2467,-4445,-875,idle-X
4041857461,9,986,-71,2450,-4462,-857,idle-X
4041866641,9,986,-72,2450,-4462,-857,idle-X
4041876431,9,986,-72,2450,-4445,-875,idle-X
4041883780,9,986,-72,2450,-4445,-875,idle-X
4041895707,9,986,-72,2485,-4427,-892,idle-X
4041900918,9,986,-72,2485,-4427,-892,idle-X
4041914984,9,986,-72,2502,-4462,-910,idle-X
4041918363,9,986,-72,2502,-4462,-910,idle-X
4041933954,9,986,-72,2485,-4462,-892,idle-X
4041935502,9,986,-71,2485,-4462,-892,idle-X
4041952619,9,986,-71,2485,-4462,-892,idle-X
4041953249,9,986,-71,2485,-4445,-875,idle-X
4041969756,10,986,-71,2485,-4445,-875,idle-X
4041972524,10,986,-71,2450,-4462,-857,idle-X
4041987202,9,986,-71,2450,-4462,-857,idle-X
4041991497,9,986,-71,2467,-4480,-875,idle-X
4042004340,9,986,-72,2467,-4480,-875,idle-X
4042010772,9,986,-72,2485,-4480,-892,idle-X
4042021479,9,986,-71,2485,-4480,-892,idle-X
4042030049,9,986,-71,2467,-4445,-875,idle-X
4042038923,9,986,-72,2467,-4445,-875,idle-X
4042049325,9,986,-72,2450,-4480,-892,idle-X
4042056063,9,986,-71,2450,-4480,-892,idle-X
4042068296,9,986,-71,2467,-4480,-875,idle-X
4042073202,10,986,-72,2467,-4480,-875,idle-X
4042087572,10,986,-72,2485,-4480,-875,idle-X
4042090341,9,986,-71,2485,-4480,-875,idle-X
4042106850,9,986,-71,2467,-4480,-892,idle-X
4042107786,9,986,-71,2467,-4480,-892,idle-X
4042124905,9,986,-71,2467,-4480,-892,idle-X
4042125841,9,986,-71,2467,-4445,-857,idle-X
4042142043,10,986,-72,2467,-4445,-857,idle-X
4042145117,10,986,-72,2450,-4462,-892,idle-X
4042159487,9,986,-72,2450,-4462,-892,idle-X
4042164393,9,986,-72,2467,-4427,-875,idle-X
4042176626,9,986,-72,2467,-4427,-875,idle-X
4042183364,9,986,-72,2450,-4427,-857,idle-X
4042193765,9,986,-71,2450,-4427,-857,idle-X
4042202640,9,986,-71,2450,-4462,-875,idle-X
4042211209,9,986,-72,2450,-4462,-875,idle-X
4042221915,9,986,-72,2485,-4462,-875,idle-X
4042228348,9,986,-71,2485,-4462,-875,idle-X
4042241191,9,986,-71,2450,-4462,-857,idle-X
4042245487,9,986,-71,2450,-4462,-857,idle-X
4042260163,9,986,-71,2485,-4462,-857,idle-X
4042262626,9,986,-71,2485,-4462,-857,idle-X
4042279439,9,986,-71,2485,-4462,-892,idle-X
4042280069,9,986,-71,2485,-4462,-892,idle-X
4042297186,9,986,-71,2485,-4462,-892,idle-X
4042298733,9,986,-71,2485,-4445,-910,idle-X
4042314325,9,985,-71,2485,-4445,-910,idle-X
4042317703,9,985,-71,2450,-4445,-857,idle-X
4042331767,9,986,-71,2450,-4445,-857,idle-X
4042336978,9,986,-71,2467,-4462,-892,idle-X
4042348905,9,986,-71,2467,-4462,-892,idle-X
4042356252,9,986,-71,2467,-4480,-875,idle-X
4042366042,9,986,-72,2467,-4480,-875,idle-X
4042375222,9,986,-72,2467,-4480,-892,idle-X
4042383180,9,986,-71,2467,-4480,-892,idle-X
4042394497,9,986,-71,2467,-4462,-892,idle-X
4042400623,9,986,-71,2467,-4462,-892,idle-X
4042413771,9,986,-71,2467,-4480,-892,idle-X
4042417761,9,986,-72,2467,-4480,-892,idle-X
4042432742,9,986,-72,2502,-4480,-875,idle-X
4042434900,9,986,-71,2502,-4480,-875,idle-X
4042452018,9,986,-71,2485,-4480,-875,idle-X
4042452648,9,986,-71,2485,-4480,-875,idle-X
4042469461,9,986,-71,2485,-4480,-875,idle-X
4042471314,9,986,-71,2485,-4462,-875,idle-X
4042486601,9,986,-71,2485,-4462,-875,idle-X
4042490590,9,986,-71,2467,-4462,-857,idle-X
4042504044,9,986,-71,2467,-4462,-857,idle-X
4042509561,9,986,-71,2450,-4462,-857,idle-X
4042521184,9,986,-71,2450,-4462,-857,idle-X
4042528837,9,986,-71,2467,-4497,-875,idle-X
4042538323,10,986,-71,2467,-4497,-875,idle-X
4042548113,10,986,-71,2450,-4462,-892,idle-X
4042555461,9,986,-72,2450,-4462,-892,idle-X
4042567084,9,986,-72,2467,-4445,-875,idle-X
4042572906,9,986,-71,2467,-4445,-875,idle-X
4042586360,9,986,-71,2467,-4462,-875,idle-X
4042590045,9,986,-71,2467,-4462,-875,idle-X
4042605636,9,986,-71,2485,-4462,-857,idle-X
4042607183,9,986,-72,2485,-4462,-857,idle-X
4042624607,9,986,-72,2467,-4445,-857,idle-X
4042641738,9,986,-72,2467,-4445,-857,idle-X
4042643897,9,986,-72,2485,-4480,-857,idle-X
4042658878,9,986,-70,2485,-4480,-857,idle-X
4042663173,9,986,-70,2485,-4462,-857,idle-X
4042676017,9,986,-71,2485,-4462,-857,idle-X
4042682144,9,986,-71,2467,-4480,-892,idle-X
4042693460,9,986,-72,2467,-4480,-892,idle-X
4042701420,9,986,-72,2502,-4462,-857,idle-X
4042710601,10,986,-71,2502,-4462,-857,idle-X
4042720698,10,986,-71,2450,-4427,-875,idle-X
4042727741,9,986,-71,2450,-4427,-875,idle-X
4042739668,9,986,-71,2432,-4462,-875,idle-X
4042744880,9,986,-71,2432,-4462,-875,idle-X
4042758945,9,986,-71,2467,-4480,-875,idle-X
4042762325,9,986,-71,2467,-4480,-875,idle-X
4042778222,9,986,-71,2467,-4480,-875,idle-X
4042779464,9,986,-72,2467,-4480,-875,idle-X
4042796583,9,986,-72,2467,-4480,-875,idle-X
4042797213,9,986,-72,2467,-4480,-892,idle-X
4042814026,9,986,-71,2467,-4480,-892,idle-X
4042816489,9,986,-71,2485,-4462,-892,idle-X
4042831165,9,986,-71,2485,-4462,-892,idle-X
4042835766,9,986,-71,2502,-4462,-892,idle-X
4042848304,9,986,-71,2502,-4462,-892,idle-X
4042855043,9,986,-71,2502,-4480,-892,idle-X
4042865749,9,986,-71,2502,-4480,-892,idle-X
4042874013,9,986,-71,2502,-4462,-892,idle-X
4042882887,9,986,-71,2502,-4462,-892,idle-X
4042893288,9,986,-71,2502,-4462,-875,idle-X
4042900026,9,986,-71,2502,-4462,-875,idle-X
4042912564,9,986,-71,2485,-4462,-892,idle-X
4042917165,9,986,-72,2485,-4462,-892,idle-X
4042931534,9,986,-72,2467,-4497,-927,idle-X
4042934609,9,986,-71,2467,-4497,-927,idle-X
4042950810,9,986,-71,2485,-4497,-892,idle-X
4042951746,9,986,-71,2485,-4497,-892,idle-X
4042968866,9,986,-72,2485,-4497,-892,idle-X
4042970107,9,986,-72,2450,-4497,-875,idle-X
4042986309,10,986,-71,2450,-4497,-875,idle-X
4042989077,10,986,-71,2467,-4480,-857,idle-X
4043003446,9,986,-71,2467,-4480,-857,idle-X
4043008352,9,986,-71,2485,-4445,-875,idle-X
4043020584,9,986,-71,2485,-4445,-875,idle-X
4043027628,9,986,-71,2467,-4445,-857,idle-X
4043037724,9,986,-71,2467,-4445,-857,idle-X
4043046598,9,986,-71,2485,-4462,-875,idle-X
4043055168,9,986,-71,2485,-4462,-875,idle-X
4043065874,9,986,-71,2467,-4480,-875,idle-X
4043072307,9,986,-71,2467,-4480,-875,idle-X
4043085150,9,986,-71,2432,-4480,-875,idle-X
4043089445,9,986,-71,2432,-4480,-875,idle-X
4043104427,9,986,-71,2467,-4445,-857,idle-X
4043106890,10,986,-71,2467,-4445,-857,idle-X
4043123397,10,986,-71,2485,-4445,-857,idle-X
4043124027,9,986,-72,2485,-4445,-857,idle-X
4043141145,9,986,-71,2485,-4445,-857,idle-X
4043142692,9,986,-71,2467,-4445,-857,idle-X
4043158283,10,986,-72,2467,-4445,-857,idle-X
4043161968,10,986,-72,2450,-4462,-875,idle-X
4043175728,9,986,-71,2450,-4462,-875,idle-X
4043180940,9,986,-71,2450,-4445,-875,idle-X
4043192867,9,986,-71,2450,-4445,-875,idle-X
4043200215,9,986,-71,2450,-4462,-875,idle-X
4043210005,9,986,-71,2450,-4462,-875,idle-X
4043219489,9,986,-71,2450,-4445,-892,idle-X
4043227143,9,986,-72,2450,-4445,-892,idle-X
4043238461,9,986,-72,2467,-4462,-927,idle-X
4043244587,9,986,-71,2467,-4462,-927,idle-X
4043257736,9,986,-71,2502,-4462,-910,idle-X
4043261726,9,986,-71,2502,-4462,-910,idle-X
4043277013,9,986,-71,2485,-4480,-857,idle-X
4043278866,9,986,-72,2485,-4480,-857,idle-X
4043295985,9,986,-72,2485,-4480,-857,idle-X
4043296615,9,986,-71,2485,-4480,-857,idle-X
4043313428,9,986,-72,2485,-4480,-857,idle-X
4043315281,9,986,-72,2485,-4462,-840,idle-X
4043330566,9,986,-71,2485,-4462,-840,idle-X
4043334556,9,986,-71,2450,-4445,-875,idle-X
4043347706,9,986,-71,2450,-4445,-875,idle-X
4043353528,9,986,-71,2485,-4462,-875,idle-X
4043365152,9,986,-71,2485,-4462,-875,idle-X
4043372805,9,986,-71,2467,-4497,-875,idle-X
4043382290,10,986,-71,2467,-4497,-875,idle-X
4043392081,10,986,-71,2467,-4462,-892,idle-X
4043399429,9,986,-71,2467,-4462,-892,idle-X
4043411051,9,986,-71,2485,-4445,-875,idle-X
4043416568,9,986,-71,2485,-4445,-875,idle-X
4043430329,9,986,-71,2450,-4445,-875,idle-X
4043434013,9,986,-71,2450,-4445,-875,idle-X
4043449605,9,986,-71,2467,-4462,-875,idle-X
4043451152,9,986,-71,2467,-4462,-875,idle-X
4043468270,9,986,-71,2485,-4462,-875,idle-X
4043485706,9,986,-71,2485,-4462,-875,idle-X
4043487864,9,986,-71,2467,-4462,-875,idle-X
4043502846,9,985,-72,2467,-4462,-875,idle-X
4043507141,9,985,-72,2485,-4445,-857,idle-X
4043519984,9,986,-71,2485,-4445,-857,idle-X
4043526110,9,986,-71,2467,-4462,-875,idle-X
4043537122,9,986,-71,2467,-4462,-875,idle-X
4043545386,9,986,-71,2467,-4480,-875,idle-X
4043554566,9,986,-71,2467,-4480,-875,idle-X
4043564358,9,986,-71,2467,-4462,-875,idle-X
4043571706,9,986,-71,2467,-4462,-875,idle-X
4043583634,9,986,-71,2450,-4462,-857,idle-X
4043588845,9,986,-71,2450,-4462,-857,idle-X
4043602909,9,986,-71,2467,-4462,-892,idle-X
4043605983,9,986,-71,2467,-4462,-892,idle-X
4043621881,9,986,-71,2467,-4462,-840,idle-X
4043623123,9,986,-72,2467,-4462,-840,idle-X
4043640546,10,986,-71,2467,-4462,-840,idle-X
4043641176,10,986,-71,2502,-4480,-857,idle-X
4043657684,9,985,-71,2502,-4480,-857,idle-X
4043660453,9,985,-71,2467,-4445,-857,idle-X
4043674824,9,986,-71,2467,-4445,-857,idle-X
4043679425,9,986,-71,2467,-4480,-875,idle-X
4043692270,10,986,-71,2467,-4480,-875,idle-X
4043698702,10,986,-71,2467,-4480,-892,idle-X
4043709408,9,986,-72,2467,-4480,-892,idle-X
4043717977,9,986,-72,2485,-4480,-875,idle-X
4043726546,9,986,-72,2485,-4480,-875,idle-X
4043737253,9,986,-72,2467,-4462,-875,idle-X
4043743991,9,986,-71,2467,-4462,-875,idle-X
4043756225,9,986,-71,2485,-4445,-875,idle-X
4043761131,9,985,-71,2485,-4445,-875,idle-X
4043775501,9,985,-71,2467,-4462,-875,idle-X
4043778270,9,986,-71,2467,-4462,-875,idle-X
4043794777,9,986,-71,2467,-4497,-857,idle-X
4043795408,9,986,-72,2467,-4497,-857,idle-X
4043812831,9,986,-72,2467,-4497,-857,idle-X
4043813768,9,986,-72,2467,-4462,-857,idle-X
4043829970,10,986,-72,2467,-4462,-857,idle-X
4043833044,10,986,-72,2467,-4462,-875,idle-X
4043847109,9,986,-71,2467,-4462,-875,idle-X
4043852320,9,986,-71,2485,-4445,-875,idle-X
4043864247,9,986,-71,2485,-4445,-875,idle-X
4043871290,9,986,-71,2450,-4480,-857,idle-X
4043881692,9,986,-72,2450,-4480,-857,idle-X
4043890566,9,986,-72,2467,-4480,-857,idle-X
4043898830,9,986,-72,2467,-4480,-857,idle-X
4043909842,9,986,-72,2485,-4480,-892,idle-X
4043915969,9,986,-72,2485,-4480,-892,idle-X
4043928812,9,986,-72,2450,-4445,-892,idle-X
4043933412,9,986,-71,2450,-4445,-892,idle-X
4043948089,9,986,-71,2450,-4462,-892,idle-X
4043950552,9,986,-72,2450,-4462,-892,idle-X
4043967365,9,986,-72,2467,-4445,-857,idle-X
4043967995,9,986,-72,2467,-4445,-857,idle-X
4043984809,9,986,-71,2467,-4445,-857,idle-X
4043986356,9,986,-71,2467,-4462,-875,idle-X
4044002252,10,986,-71,2467,-4462,-875,idle-X
4044005631,10,986,-71,2467,-4497,-857,idle-X
4044019391,10,986,-71,2467,-4497,-857,idle-X
4044024908,10,986,-71,2467,-4480,-857,idle-X
4044036530,9,986,-71,2467,-4480,-857,idle-X
4044043878,9,986,-71,2485,-4462,-892,idle-X
4044053973,9,986,-71,2485,-4462,-892,idle-X
4044063153,9,986,-71,2485,-4427,-875,idle-X
4044071112,10,986,-71,2485,-4427,-875,idle-X
4044082429,10,986,-71,2502,-4462,-892,idle-X
4044088251,9,986,-72,2502,-4462,-892,idle-X
4044101705,9,986,-72,2485,-4462,-910,idle-X
4044105390,9,986,-72,2485,-4462,-910,idle-X
4044120676,9,986,-72,2450,-4462,-857,idle-X
4044122834,9,986,-71,2450,-4462,-857,idle-X
4044139952,9,986,-71,2467,-4462,-857,idle-X
4044157083,9,986,-71,2467,-4462,-857,idle-X
4044159241,9,986,-71,2485,-4480,-857,idle-X
4044174526,9,986,-71,2485,-4480,-857,idle-X
4044178210,9,986,-71,2467,-4480,-875,idle-X
4044191664,9,986,-72,2467,-4480,-875,idle-X
4044197486,9,986,-72,2467,-4480,-892,idle-X
4044208803,9,986,-71,2467,-4480,-892,idle-X
4044216762,9,986,-71,2502,-4445,-875,idle-X
4044225941,9,986,-71,2502,-4445,-875,idle-X
4044235731,9,986,-71,2467,-4445,-892,idle-X
4044243385,9,986,-71,2467,-4445,-892,idle-X
4044255007,9,986,-71,2467,-4445,-892,idle-X
4044260523,9,986,-71,2467,-4445,-892,idle-X
4044274282,9,986,-71,2467,-4410,-892,idle-X
4044277661,9,986,-72,2467,-4410,-892,idle-X
4044293252,9,986,-72,2467,-4462,-875,idle-X
4044295106,9,986,-71,2467,-4462,-875,idle-X
4044312223,10,986,-71,2485,-4480,-857,idle-X
4044329352,9,986,-72,2485,-4480,-857,idle-X
4044331816,9,986,-72,2467,-4462,-875,idle-X
4044346798,9,986,-71,2467,-4462,-875,idle-X
4044350787,9,986,-71,2467,-4462,-892,idle-X
4044363937,9,986,-71,2467,-4462,-892,idle-X
4044370064,9,986,-71,2467,-4480,-892,idle-X
4044381076,9,986,-71,2467,-4480,-892,idle-X
4044389339,9,986,-71,2485,-4462,-875,idle-X
4044398215,9,986,-71,2485,-4462,-875,idle-X
4044408310,9,986,-71,2450,-4462,-857,idle-X
4044415659,10,986,-72,2450,-4462,-857,idle-X
4044427585,10,986,-72,2485,-4462,-857,idle-X
4044432796,9,986,-71,2485,-4462,-857,idle-X
4044446861,9,986,-71,2485,-4480,-875,idle-X
4044449935,9,986,-72,2485,-4480,-875,idle-X
4044466137,9,986,-72,2485,-4480,-892,idle-X
4044467073,9,986,-72,2485,-4480,-892,idle-X
4044484497,9,986,-71,2485,-4480,-892,idle-X
4044485127,9,986,-71,2485,-4462,-875,idle-X
4044501635,9,986,-71,2485,-4462,-875,idle-X
4044504403,9,986,-71,2467,-4462,-875,idle-X
4044518774,9,986,-71,2467,-4462,-875,idle-X
4044523679,9,986,-71,2467,-4445,-892,idle-X
4044536219,9,986,-72,2467,-4445,-892,idle-X
4044542651,9,986,-72,2467,-4462,-875,idle-X
4044553358,9,986,-72,2467,-4462,-875,idle-X
4044561927,9,986,-72,2450,-4462,-875,idle-X
4044570496,9,986,-72,2450,-4462,-875,idle-X
4044581202,9,986,-72,2485,-4462,-875,idle-X
4044587635,9,986,-71,2485,-4462,-875,idle-X
4044600173,9,986,-71,2467,-4497,-875,idle-X
4044605079,9,986,-72,2467,-4497,-875,idle-X
4044619449,9,986,-72,2485,-4480,-875,idle-X
4044622218,9,986,-71,2485,-4480,-875,idle-X
4044638725,9,986,-71,2502,-4462,-875,idle-X
4044639355,9,986,-71,2502,-4462,-875,idle-X
4044656779,9,986,-72,2502,-4462,-875,idle-X
4044657716,9,986,-72,2467,-4445,-875,idle-X
4044673919,9,986,-71,2467,-4445,-875,idle-X
4044676992,9,986,-71,2467,-4462,-892,idle-X
4044691057,9,986,-71,2467,-4462,-892,idle-X
4044696268,9,986,-71,2467,-4480,-857,idle-X
4044708195,9,986,-72,2467,-4480,-857,idle-X
4044715238,9,986,-72,2432,-4462,-875,idle-X
4044725639,10,986,-72,2432,-4462,-875,idle-X
4044734515,10,986,-72,2450,-4480,-910,idle-X
4044742780,9,986,-72,2450,-4480,-910,idle-X
4044753791,9,986,-72,2467,-4480,-875,idle-X
4044759918,9,986,-71,2467,-4480,-875,idle-X
4044772762,9,986,-71,2467,-4462,-875,idle-X
4044777057,9,986,-72,2467,-4462,-875,idle-X
4044792038,9,986,-72,2485,-4445,-875,idle-X
4044794501,9,986,-71,2485,-4445,-875,idle-X
4044811313,9,986,-71,2450,-4445,-892,idle-X
4044811944,9,986,-71,2450,-4445,-892,idle-X
4044828756,10,986,-71,2450,-4445,-892,idle-X
4044830303,10,986,-71,2450,-4445,-892,idle-X
4044846200,9,986,-71,2450,-4445,-892,idle-X
4044849579,9,986,-71,2450,-4462,-892,idle-X
4044863339,9,985,-72,2450,-4462,-892,idle-X
4044868857,9,985,-72,2467,-4462,-875,idle-X
4044880479,9,986,-71,2467,-4462,-875,idle-X
4044887828,9,986,-71,2467,-4480,-910,idle-X
4044897618,9,986,-71,2467,-4480,-910,idle-X
4044907103,9,986,-71,2467,-4480,-910,idle-X
4044915062,9,986,-71,2467,-4480,-910,idle-X
4044926380,9,986,-71,2485,-4462,-875,idle-X
4044932201,10,986,-71,2485,-4462,-875,idle-X
4044945655,10,986,-71,2485,-4462,-857,idle-X
4044949339,9,986,-71,2485,-4462,-857,idle-X
4044964625,9,986,-71,2467,-4445,-875,idle-X
4044966783,9,986,-72,2467,-4445,-875,idle-X
4044983900,9,986,-72,2467,-4462,-875,idle-X
4045001031,9,986,-71,2467,-4462,-875,idle-X
4045003189,9,986,-71,2450,-4480,-875,idle-X
4045018474,9,986,-71,2450,-4480,-875,idle-X
4045022158,9,986,-71,2467,-4462,-892,idle-X
4045035612,9,986,-71,2467,-4462,-892,idle-X
4045041434,9,986,-71,2502,-4480,-892,idle-X
4045052752,9,986,-71,2502,-4480,-892,idle-X
4045060711,9,986,-71,2485,-4480,-875,idle-X
4045069891,9,986,-71,2485,-4480,-875,idle-X
4045079681,9,986,-71,2467,-4462,-875,idle-X
4045087335,10,986,-71,2467,-4462,-875,idle-X
4045098956,10,986,-71,2502,-4445,-875,idle-X
4045104473,9,986,-71,2502,-4445,-875,idle-X
4045118232,9,986,-71,2467,-4462,-892,idle-X
4045121611,10,986,-71,2467,-4462,-892,idle-X
4045137509,10,986,-71,2450,-4462,-910,idle-X
4045139056,9,986,-71,2450,-4462,-910,idle-X
4045156174,9,986,-71,2432,-4445,-875,idle-X
4045173304,10,986,-71,2432,-4445,-875,idle-X
4045175768,10,986,-71,2450,-4462,-857,idle-X
4045190444,9,986,-71,2450,-4462,-857,idle-X
4045195045,9,986,-71,2450,-4480,-875,idle-X
4045207889,9,986,-71,2450,-4480,-875,idle-X
4045214015,9,986,-71,2450,-4497,-892,idle-X
4045225027,9,986,-71,2450,-4497,-892,idle-X
4045233291,9,986,-71,2432,-4480,-892,idle-X
4045242166,9,986,-71,2432,-4480,-892,idle-X
4045252567,9,986,-71,2432,-4462,-910,idle-X
4045259611,9,986,-71,2432,-4462,-910,idle-X
4045271539,9,986,-71,2450,-4462,-875,idle-X
4045276749,9,986,-72,2450,-4462,-875,idle-X
4045290814,9,986,-72,2485,-4462,-875,idle-X
4045293888,9,986,-71,2485,-4462,-875,idle-X
4045310089,9,986,-71,2467,-4497,-875,idle-X
4045311025,9,986,-71,2467,-4497,-875,idle-X
4045328450,9,986,-71,2467,-4497,-875,idle-X
4045329080,9,986,-71,2467,-4480,-875,idle-X
4045345589,9,986,-71,2467,-4480,-875,idle-X
4045348357,9,986,-71,2432,-4462,-857,idle-X
4045362726,9,986,-71,2432,-4462,-857,idle-X
4045367632,9,986,-71,2450,-4480,-875,idle-X
4045380171,9,986,-71,2450,-4480,-875,idle-X
4045386604,9,986,-71,2485,-4445,-875,idle-X
4045397311,9,987,-71,2485,-4445,-875,idle-X
4045405880,9,987,-71,2467,-4462,-892,idle-X
4045414449,9,986,-71,2467,-4462,-892,idle-X
4045425156,9,986,-71,2467,-4462,-875,idle-X
4045431588,9,986,-72,2467,-4462,-875,idle-X
4045444126,9,986,-72,2467,-4497,-875,idle-X
4045449031,9,986,-71,2467,-4497,-875,idle-X
4045463403,9,986,-71,2485,-4445,-875,idle-X
4045466172,9,985,-72,2485,-4445,-875,idle-X
4045482679,9,985,-72,2450,-4480,-857,idle-X
4045483310,9,986,-71,2450,-4480,-857,idle-X
4045500733,9,986,-72,2450,-4480,-857,idle-X
4045501669,9,986,-72,2450,-4462,-910,idle-X
4045517871,10,986,-72,2450,-4462,-910,idle-X
4045520945,10,986,-72,2450,-4480,-892,idle-X
4045535010,9,986,-71,2450,-4480,-892,idle-X
4045540222,9,986,-71,2485,-4462,-892,idle-X
4045552455,9,986,-71,2485,-4462,-892,idle-X
4045559498,9,986,-71,2485,-4427,-875,idle-X
4045569594,9,986,-72,2485,-4427,-875,idle-X
4045578470,9,986,-72,2467,-4480,-857,idle-X
4045586734,9,986,-72,2467,-4480,-857,idle-X
4045597746,9,986,-72,2467,-4462,-875,idle-X
4045603873,9,986,-71,2467,-4462,-875,idle-X
4045617023,9,986,-71,2450,-4427,-875,idle-X
4045621318,9,986,-71,2450,-4427,-875,idle-X
4045635993,9,986,-71,2467,-4445,-892,idle-X
4045638456,9,986,-72,2467,-4445,-892,idle-X
4045655271,9,986,-72,2467,-4462,-875,idle-X
4045655901,9,986,-72,2467,-4462,-875,idle-X
4045673018,9,986,-71,2467,-4462,-875,idle-X
4045674566,9,986,-71,2450,-4445,-875,idle-X
4045690158,9,986,-71,2450,-4445,-875,idle-X
4045693537,9,986,-71,2467,-4462,-875,idle-X
4045707297,9,986,-72,2467,-4462,-875,idle-X
4045712814,9,986,-72,2467,-4462,-892,idle-X
4045724438,9,986,-72,2467,-4462,-892,idle-X
4045732091,9,986,-72,2467,-4445,-875,idle-X
4045741882,9,986,-71,2467,-4445,-875,idle-X
4045751062,9,986,-71,2467,-4462,-875,idle-X
4045759021,10,986,-71,2467,-4462,-875,idle-X
4045770337,10,986,-71,2467,-4445,-892,idle-X
4045776159,9,986,-72,2467,-4445,-892,idle-X
4045789614,9,986,-72,2485,-4462,-857,idle-X
4045793604,9,986,-72,2485,-4462,-857,idle-X
4045808890,9,986,-72,2485,-4462,-875,idle-X
4045810743,9,986,-71,2485,-4462,-875,idle-X
4045827861,10,986,-71,2485,-4462,-875,idle-X
4045844991,9,987,-71,2485,-4462,-875,idle-X
4045847150,9,987,-71,2467,-4462,-857,idle-X
4045862437,9,986,-71,2467,-4462,-857,idle-X
4045866427,9,986,-71,2467,-4480,-875,idle-X
4045879576,9,986,-71,2467,-4480,-875,idle-X
4045885398,9,986,-71,2467,-4462,-875,idle-X
4045896715,9,986,-71,2467,-4462,-875,idle-X
4045904674,9,986,-71,2450,-4480,-857,idle-X
4045914161,9,986,-72,2450,-4480,-857,idle-X
4045923952,9,986,-72,2450,-4445,-840,idle-X
4045931301,10,986,-71,2450,-4445,-840,idle-X
4045942924,10,986,-71,2485,-4462,-875,idle-X
4045948440,9,986,-71,2485,-4462,-875,idle-X
4045962199,9,986,-71,2450,-4462,-875,idle-X
4045965578,10,986,-71,2450,-4462,-875,idle-X
4045981475,10,986,-71,2485,-4445,-857,idle-X
4045983022,9,986,-72,2485,-4445,-857,idle-X
4046000140,9,986,-71,2520,-4497,-892,idle-X
4046017271,9,986,-72,2520,-4497,-892,idle-X
4046019733,9,986,-72,2467,-4462,-892,idle-X
4046034715,9,986,-71,2467,-4462,-892,idle-X
4046039010,9,986,-71,2502,-4462,-892,idle-X
4046051855,9,986,-72,2502,-4462,-892,idle-X
4046057982,9,986,-72,2467,-4462,-857,idle-X
4046068993,9,986,-71,2467,-4462,-857,idle-X
4046077257,9,986,-71,2432,-4462,-857,idle-X
4046086133,9,986,-71,2432,-4462,-857,idle-X
4046096534,9,986,-71,2450,-4462,-857,idle-X
4046103576,9,986,-71,2450,-4462,-857,idle-X
4046115811,9,986,-71,2502,-4462,-892,idle-X
4046120716,9,986,-71,2502,-4462,-892,idle-X
4046134782,9,986,-71,2485,-4462,-875,idle-X
4046137856,10,986,-71,2485,-4462,-875,idle-X
4046154057,10,986,-71,2467,-4462,-857,idle-X
4046155299,9,987,-72,2467,-4462,-857,idle-X
4046172417,10,986,-71,2467,-4462,-857,idle-X
4046173047,10,986,-71,2450,-4497,-875,idle-X
4046189555,9,986,-72,2450,-4497,-875,idle-X
4046192324,9,986,-72,2415,-4462,-875,idle-X
4046206694,9,986,-71,2415,-4462,-875,idle-X
4046211599,9,986,-71,2450,-4462,-892,idle-X
4046224138,9,985,-72,2450,-4462,-892,idle-X
4046230570,9,985,-72,2450,-4445,-910,idle-X
4046241277,9,986,-71,2450,-4445,-910,idle-X
4046249846,9,986,-71,2467,-4445,-892,idle-X
4046258416,9,986,-71,2467,-4445,-892,idle-X
4046269122,9,986,-71,2450,-4462,-910,idle-X
4046275554,9,986,-71,2450,-4462,-910,idle-X
4046288092,9,986,-71,2485,-4462,-892,idle-X
4046292998,10,986,-71,2485,-4462,-892,idle-X
4046307368,10,986,-71,2485,-4445,-892,idle-X
4046310137,9,986,-72,2485,-4445,-892,idle-X
4046326645,9,986,-72,2485,-4445,-892,idle-X
4046327275,9,986,-72,2485,-4445,-892,idle-X
4046344393,9,986,-71,2485,-4445,-892,idle-X
4046345634,9,986,-71,2467,-4462,-875,idle-X
4046361836,9,986,-71,2467,-4462,-875,idle-X
4046364910,9,986,-71,2485,-4480,-875,idle-X
4046378974,9,986,-71,2485,-4480,-875,idle-X
4046384185,9,986,-71,2467,-4462,-857,idle-X
4046396113,10,986,-72,2467,-4462,-857,idle-X
4046403155,10,986,-72,2485,-4480,-875,idle-X
4046413556,9,986,-71,2485,-4480,-875,idle-X
4046422431,9,986,-71,2485,-4445,-892,idle-X
4046430695,9,986,-71,2485,-4445,-892,idle-X
4046441708,9,986,-71,2450,-4462,-875,idle-X
4046447835,9,986,-71,2450,-4462,-875,idle-X
4046460678,9,986,-71,2467,-4480,-875,idle-X
4046464973,9,986,-71,2467,-4480,-875,idle-X
4046479953,9,986,-71,2467,-4462,-857,idle-X
4046482417,9,986,-71,2467,-4462,-857,idle-X
4046499230,9,986,-71,2502,-4462,-857,idle-X
4046499860,9,986,-71,2502,-4462,-857,idle-X
4046516674,9,986,-71,2502,-4462,-857,idle-X
4046518221,9,986,-71,2502,-4445,-857,idle-X
4046533813,10,986,-71,2502,-4445,-857,idle-X
4046537497,10,986,-71,2485,-4480,-892,idle-X
4046551257,9,986,-72,2485,-4480,-892,idle-X
4046556774,9,986,-72,2467,-4480,-857,idle-X
4046568397,10,986,-71,2467,-4480,-857,idle-X
4046575746,10,986,-71,2467,-4497,-857,idle-X
4046585537,10,986,-72,2467,-4497,-857,idle-X
4046595022,10,986,-72,2450,-4480,-892,idle-X
4046602676,9,986,-71,2450,-4480,-892,idle-X
4046614299,9,986,-71,2450,-4462,-875,idle-X
4046620121,9,986,-71,2450,-4462,-875,idle-X
4046633271,9,986,-71,2450,-4462,-875,idle-X
4046637261,9,986,-72,2450,-4462,-875,idle-X
4046652548,9,986,-72,2432,-4462,-892,idle-X
4046654401,9,986,-72,2432,-4462,-892,idle-X
4046671824,10,986,-72,2450,-4480,-875,idle-X
4046688954,10,986,-72,2450,-4480,-875,idle-X
4046690806,10,986,-72,2467,-4462,-892,idle-X
4046706094,9,986,-72,2467,-4462,-892,idle-X
4046710084,9,986,-72,2485,-4462,-875,idle-X
4046723233,10,986,-71,2485,-4462,-875,idle-X
4046729359,10,986,-71,2485,-4462,-857,idle-X
4046740676,10,986,-72,2485,-4462,-857,idle-X
4046748330,10,986,-72,2485,-4462,-875,idle-X
4046757815,9,985,-71,2485,-4462,-875,idle-X
4046767607,9,985,-71,2467,-4462,-875,idle-X
4046774955,9,986,-71,2467,-4462,-875,idle-X
4046786882,9,986,-71,2467,-4480,-875,idle-X
4046792399,9,986,-71,2467,-4480,-875,idle-X
4046806158,9,986,-71,2485,-4480,-875,idle-X
4046809538,9,986,-71,2485,-4480,-875,idle-X
4046825130,9,986,-71,2502,-4445,-875,idle-X
4046826678,9,986,-71,2502,-4445,-875,idle-X
4046843797,9,986,-71,2502,-4445,-875,idle-X
4046844427,9,986,-71,2502,-4445,-840,idle-X
4046861240,9,986,-72,2502,-4445,-840,idle-X
4046863398,9,986,-72,2485,-4480,-857,idle-X
4046878379,9,986,-71,2485,-4480,-857,idle-X
4046882673,9,986,-71,2467,-4480,-857,idle-X
4046895517,9,986,-72,2467,-4480,-857,idle-X
4046901950,9,986,-72,2485,-4462,-875,idle-X
4046912657,9,986,-71,2485,-4462,-875,idle-X
4046920921,9,986,-71,2485,-4480,-875,idle-X
4046930101,10,986,-72,2485,-4480,-875,idle-X
4046940196,10,986,-72,2467,-4462,-875,idle-X
4046947239,9,986,-71,2467,-4462,-875,idle-X
4046959473,9,986,-71,2467,-4480,-857,idle-X
4046964379,10,986,-71,2467,-4480,-857,idle-X
4046978443,10,986,-71,2467,-4462,-857,idle-X
4046981519,9,986,-72,2467,-4462,-857,idle-X
4046997720,9,986,-72,2450,-4462,-892,idle-X
4046998963,10,986,-71,2450,-4462,-892,idle-X
4047016081,9,985,-71,2450,-4462,-892,idle-X
4047017017,9,985,-71,2450,-4480,-857,idle-X
4047033220,9,986,-72,2450,-4480,-857,idle-X
4047035988,9,986,-72,2432,-4462,-857,idle-X
4047050664,10,986,-71,2432,-4462,-857,idle-X
4047055264,10,986,-71,2467,-4462,-857,idle-X
4047067802,9,986,-71,2467,-4462,-857,idle-X
4047074539,9,986,-71,2450,-4462,-910,idle-X
4047084940,9,986,-72,2450,-4462,-910,idle-X
4047093510,9,986,-72,2467,-4445,-892,idle-X
4047102080,9,986,-72,2467,-4445,-892,idle-X
4047112786,9,986,-72,2502,-4445,-892,idle-X
4047119523,9,985,-72,2502,-4445,-892,idle-X
4047132061,9,985,-72,2485,-4462,-910,idle-X
4047136660,9,986,-71,2485,-4462,-910,idle-X
4047151030,9,986,-71,2432,-4462,-910,idle-X
4047153799,9,986,-72,2432,-4462,-910,idle-X
4047170306,9,986,-72,2485,-4445,-875,idle-X
4047170937,10,986,-72,2485,-4445,-875,idle-X
4047188361,10,986,-71,2485,-4445,-875,idle-X
4047189604,10,986,-71,2467,-4462,-875,idle-X
4047205501,9,986,-72,2467,-4462,-875,idle-X
4047208575,9,986,-72,2467,-4480,-875,idle-X
4047222641,9,986,-71,2467,-4480,-875,idle-X
4047227852,9,986,-71,2432,-4480,-875,idle-X
4047239779,10,985,-71,2432,-4480,-875,idle-X
4047247127,10,985,-71,2432,-4462,-875,idle-X
4047257222,10,986,-71,2432,-4462,-875,idle-X
4047266097,10,986,-71,2467,-4497,-875,idle-X
4047274361,9,986,-71,2467,-4497,-875,idle-X
4047285374,9,986,-71,2467,-4480,-857,idle-X
4047291501,9,986,-71,2467,-4480,-857,idle-X
4047304650,9,986,-71,2467,-4480,-875,idle-X
4047308640,10,986,-71,2467,-4480,-875,idle-X
4047323619,10,986,-71,2467,-4480,-857,idle-X
4047326082,9,986,-71,2467,-4480,-857,idle-X
4047342896,9,986,-71,2467,-4480,-875,idle-X
4047343526,10,985,-72,2467,-4480,-875,idle-X
4047360340,10,986,-71,2467,-4480,-875,idle-X
4047362193,10,986,-71,2502,-4445,-857,idle-X
4047377784,9,986,-71,2502,-4445,-857,idle-X
4047381162,9,986,-71,2485,-4462,-857,idle-X
4047394922,9,986,-71,2485,-4462,-857,idle-X
4047400438,9,986,-71,2467,-4497,-857,idle-X
4047412060,9,986,-71,2467,-4497,-857,idle-X
4047419714,9,986,-71,2467,-4462,-892,idle-X
4047429200,10,986,-72,2467,-4462,-892,idle-X
4047438686,10,986,-72,2485,-4445,-875,idle-X
4047446644,9,986,-71,2485,-4445,-875,idle-X
4047457962,9,986,-71,2485,-4445,-857,idle-X
4047463783,9,986,-71,2485,-4445,-857,idle-X
4047477236,9,986,-71,2432,-4462,-857,idle-X
4047480921,9,985,-71,2432,-4462,-857,idle-X
4047496207,9,985,-71,2450,-4445,-875,idle-X
4047498059,9,986,-71,2450,-4445,-875,idle-X
4047515482,9,986,-72,2467,-4462,-875,idle-X
4047532613,9,986,-72,2467,-4462,-875,idle-X
4047534466,9,986,-72,2467,-4480,-857,idle-X
4047549752,9,986,-71,2467,-4480,-857,idle-X
4047553742,9,986,-71,2467,-4445,-875,idle-X
4047566890,9,986,-71,2467,-4445,-875,idle-X
4047573017,9,986,-71,2485,-4462,-892,idle-X
4047584334,9,986,-71,2485,-4462,-892,idle-X
4047592292,9,986,-71,2485,-4462,-857,idle-X
4047601472,9,985,-71,2485,-4462,-857,idle-X
4047611263,9,985,-71,2467,-4480,-892,idle-X
4047618611,9,986,-72,2467,-4480,-892,idle-X
4047630539,9,986,-72,2450,-4480,-875,idle-X
4047635750,10,986,-72,2450,-4480,-875,idle-X
4047649815,10,986,-72,2450,-4462,-875,idle-X
4047653195,9,986,-71,2450,-4462,-875,idle-X
4047668786,9,986,-71,2467,-4480,-875,idle-X
4047670334,9,986,-71,2467,-4480,-875,idle-X
4047687452,9,986,-71,2467,-4480,-875,idle-X
4047688082,9,986,-71,2502,-4462,-892,idle-X
4047704897,9,986,-72,2502,-4462,-892,idle-X
4047707054,9,986,-72,2485,-4462,-857,idle-X
4047722036,9,986,-71,2485,-4462,-857,idle-X
4047726331,9,986,-71,2467,-4480,-857,idle-X
4047739174,9,986,-72,2467,-4480,-857,idle-X
4047745607,9,986,-72,2485,-4480,-892,idle-X
4047756313,9,986,-71,2485,-4480,-892,idle-X
4047764577,9,986,-71,2485,-4462,-875,idle-X
4047773757,9,986,-71,2485,-4462,-875,idle-X
4047783853,9,986,-71,2467,-4445,-892,idle-X
4047790897,9,986,-72,2467,-4445,-892,idle-X
4047803131,9,986,-72,2467,-4445,-892,idle-X
4047808036,9,986,-71,2467,-4445,-892,idle-X
4047822103,9,986,-71,2485,-4462,-892,idle-X
4047825176,9,986,-71,2485,-4462,-892,idle-X
4047841378,9,986,-71,2502,-4480,-892,idle-X
4047842619,9,986,-71,2502,-4480,-892,idle-X
4047859738,9,986,-71,2502,-4480,-892,idle-X
4047860674,9,986,-71,2467,-4445,-892,idle-X
4047876877,9,986,-71,2467,-4445,-892,idle-X
4047879646,9,986,-71,2467,-4445,-857,idle-X
4047894322,10,986,-71,2467,-4445,-857,idle-X
4047898922,10,986,-71,2485,-4462,-875,idle-X
4047911461,9,986,-71,2485,-4462,-875,idle-X
4047918198,9,986,-71,2450,-4445,-892,idle-X
4047928601,9,986,-72,2450,-4445,-892,idle-X
4047937475,9,986,-72,2450,-4462,-875,idle-X
4047945740,9,986,-71,2450,-4462,-875,idle-X
4047956446,9,986,-71,2450,-4480,-875,idle-X
4047963185,9,986,-71,2450,-4480,-875,idle-X
4047975724,9,986,-71,2485,-4480,-875,idle-X
4047980324,9,986,-71,2485,-4480,-875,idle-X
4047994999,9,986,-71,2450,-4462,-857,idle-X
4047997462,10,986,-71,2450,-4462,-857,idle-X
4048013970,10,986,-71,2467,-4462,-875,idle-X
4048014600,9,986,-71,2467,-4462,-875,idle-X
4048032024,9,986,-72,2467,-4462,-875,idle-X
4048033266,9,986,-72,2450,-4445,-875,idle-X
4048049163,10,986,-71,2450,-4445,-875,idle-X
4048052542,10,986,-71,2467,-4462,-910,idle-X
4048066302,9,986,-71,2467,-4462,-910,idle-X
4048071513,9,986,-71,2467,-4480,-927,idle-X
4048083748,9,986,-71,2467,-4480,-927,idle-X
4048090791,9,986,-71,2485,-4497,-875,idle-X
4048100886,9,986,-71,2485,-4497,-875,idle-X
4048110066,9,986,-71,2502,-4480,-875,idle-X
4048118025,10,986,-71,2502,-4480,-875,idle-X
4048129037,10,986,-71,2467,-4462,-857,idle-X
4048135470,9,986,-71,2467,-4462,-857,idle-X
4048148314,9,986,-71,2467,-4445,-857,idle-X
4048152609,10,986,-71,2467,-4445,-857,idle-X
4048167590,10,986,-71,2467,-4445,-910,idle-X
4048169748,9,986,-71,2467,-4445,-910,idle-X
4048186561,9,986,-71,2450,-4480,-875,idle-X
4048187191,9,986,-72,2450,-4480,-875,idle-X
4048204309,10,986,-71,2450,-4480,-875,idle-X
4048205857,10,986,-71,2450,-4445,-875,idle-X
4048221448,9,986,-72,2450,-4445,-875,idle-X
4048225134,9,986,-72,2450,-4462,-875,idle-X
4048238587,10,986,-71,2450,-4462,-875,idle-X
4048244103,10,986,-71,2467,-4427,-857,idle-X
4048255725,10,986,-70,2467,-4427,-857,idle-X
4048263379,10,986,-70,2502,-4445,-857,idle-X
4048273170,9,986,-72,2502,-4445,-857,idle-X
4048282656,9,986,-72,2467,-4462,-892,idle-X
4048290309,9,986,-71,2467,-4462,-892,idle-X
4048301626,9,986,-71,2467,-4462,-857,idle-X
4048307447,9,986,-71,2467,-4462,-857,idle-X
4048320902,9,986,-71,2467,-4462,-875,idle-X
4048324891,9,986,-71,2467,-4462,-875,idle-X
4048340178,9,986,-71,2467,-4480,-892,idle-X
4048342030,9,986,-71,2467,-4480,-892,idle-X
4048359149,9,986,-71,2415,-4480,-892,idle-X
4048376280,9,986,-72,2415,-4480,-892,idle-X
4048378437,9,986,-72,2450,-4462,-892,idle-X
4048393724,9,986,-71,2450,-4462,-892,idle-X
4048397713,9,986,-71,2467,-4462,-857,idle-X
4048410863,9,986,-71,2467,-4462,-857,idle-X
4048416684,9,986,-71,2467,-4462,-857,idle-X
4048428001,9,986,-71,2467,-4462,-857,idle-X
4048435959,9,986,-71,2450,-4462,-875,idle-X
4048445139,9,986,-71,2450,-4462,-875,idle-X
4048455235,9,986,-71,2485,-4480,-875,idle-X
4048462583,9,986,-72,2485,-4480,-875,idle-X
4048474206,9,986,-72,2467,-4480,-857,idle-X
4048479722,9,986,-71,2467,-4480,-857,idle-X
4048493481,9,986,-71,2485,-4497,-892,idle-X
4048496860,9,986,-71,2485,-4497,-892,idle-X
4048512756,9,986,-71,2485,-4462,-840,idle-X
4048514303,9,986,-71,2485,-4462,-840,idle-X
4048531421,9,986,-71,2502,-4480,-840,idle-X
4048548553,9,986,-71,2502,-4480,-840,idle-X
4048551017,9,986,-71,2485,-4462,-892,idle-X
4048565692,9,986,-71,2485,-4462,-892,idle-X
4048570292,9,986,-71,2467,-4462,-875,idle-X
4048583136,9,986,-72,2467,-4462,-875,idle-X
4048589568,9,986,-72,2467,-4427,-892,idle-X
4048600276,9,986,-71,2467,-4427,-892,idle-X
4048608540,9,986,-71,2450,-4462,-910,idle-X
4048617414,10,986,-71,2450,-4462,-910,idle-X
4048627815,10,986,-71,2467,-4410,-875,idle-X
4048634858,9,986,-71,2467,-4410,-875,idle-X
4048647091,9,986,-71,2467,-4445,-857,idle-X
4048651997,9,986,-71,2467,-4445,-857,idle-X
4048666062,9,986,-71,2467,-4445,-875,idle-X
4048669135,9,986,-72,2467,-4445,-875,idle-X
4048685337,9,986,-72,2467,-4462,-875,idle-X
4048686274,9,986,-71,2467,-4462,-875,idle-X
4048703698,9,986,-71,2467,-4462,-875,idle-X
4048704634,9,986,-71,2450,-4462,-875,idle-X
4048720836,9,986,-71,2450,-4462,-875,idle-X
4048723604,9,986,-71,2467,-4445,-875,idle-X
4048737974,9,986,-71,2467,-4445,-875,idle-X
4048742880,9,986,-71,2485,-4480,-892,idle-X
4048755418,9,986,-72,2485,-4480,-892,idle-X
4048762156,9,986,-72,2450,-4480,-910,idle-X
4048772557,9,986,-71,2450,-4480,-910,idle-X
4048781127,9,986,-71,2450,-4462,-910,idle-X
4048789696,9,986,-71,2450,-4462,-910,idle-X
4048800403,9,986,-71,2467,-4462,-875,idle-X
4048806835,9,986,-71,2467,-4462,-875,idle-X
4048819678,9,986,-71,2485,-4480,-857,idle-X
4048824278,10,986,-71,2485,-4480,-857,idle-X
4048838953,10,986,-71,2485,-4480,-857,idle-X
4048841417,10,986,-72,2485,-4480,-857,idle-X
4048857924,10,986,-72,2485,-4480,-892,idle-X
4048858555,8,986,-72,2485,-4480,-892,idle-X
4048875978,9,986,-71,2485,-4480,-892,idle-X
4048877220,9,986,-71,2450,-4445,-875,idle-X
4048893117,9,985,-71,2450,-4445,-875,idle-X
4048896190,9,985,-71,2467,-4462,-892,idle-X
4048910255,9,986,-71,2467,-4462,-892,idle-X
4048915466,9,986,-71,2467,-4480,-892,idle-X
4048927700,9,986,-71,2467,-4480,-892,idle-X
4048934743,9,986,-71,2485,-4462,-910,idle-X
4048944839,9,986,-71,2485,-4462,-910,idle-X
4048954018,9,986,-71,2467,-4462,-927,idle-X
4048961976,9,986,-71,2467,-4462,-927,idle-X
4048972987,9,986,-71,2467,-4462,-892,idle-X
4048979114,9,986,-72,2467,-4462,-892,idle-X
4048992263,9,986,-72,2485,-4462,-892,idle-X
4048996558,9,986,-72,2485,-4462,-892,idle-X
4049011539,9,986,-72,2432,-4480,-910,idle-X
4049013697,9,986,-72,2432,-4480,-910,idle-X
4049030510,9,986,-72,2485,-4480,-892,idle-X
4049031140,9,986,-72,2485,-4480,-892,idle-X
4049048259,9,986,-71,2485,-4480,-892,idle-X
4049049806,9,986,-71,2450,-4462,-857,idle-X
4049065397,10,986,-71,2450,-4462,-857,idle-X
4049069081,10,986,-71,2467,-4462,-857,idle-X
4049082535,9,986,-72,2467,-4462,-857,idle-X
4049088052,9,986,-72,2467,-4462,-892,idle-X
4049099673,9,986,-71,2467,-4462,-892,idle-X
4049107327,9,986,-71,2485,-4462,-875,idle-X
4049117118,9,986,-71,2485,-4462,-875,idle-X
4049126604,9,986,-71,2485,-4462,-892,idle-X
4049134258,9,986,-71,2485,-4462,-892,idle-X
4049145880,9,986,-71,2467,-4462,-875,idle-X
4049151396,9,986,-72,2467,-4462,-875,idle-X
4049164851,9,986,-72,2467,-4462,-875,idle-X
4049168840,10,986,-72,2467,-4462,-875,idle-X
4049184126,10,986,-72,2467,-4462,-910,idle-X
4049185978,9,986,-71,2467,-4462,-910,idle-X
4049203097,9,986,-72,2485,-4462,-875,idle-X
4049220228,10,986,-71,2485,-4462,-875,idle-X
4049222386,10,986,-71,2467,-4480,-875,idle-X
4049237671,10,986,-72,2467,-4480,-875,idle-X
4049241660,10,986,-72,2467,-4480,-875,idle-X
4049254809,9,986,-71,2467,-4480,-875,idle-X
4049260935,9,986,-71,2450,-4462,-875,idle-X
4049271947,9,986,-71,2450,-4462,-875,idle-X
4049279906,9,986,-71,2450,-4445,-857,idle-X
4049289392,9,986,-72,2450,-4445,-857,idle-X
4049299182,9,986,-72,2502,-4480,-875,idle-X
4049306530,10,986,-71,2502,-4480,-875,idle-X
4049318458,10,986,-71,2485,-4480,-892,idle-X
4049323669,10,986,-72,2485,-4480,-892,idle-X
4049337429,10,986,-72,2467,-4480,-857,idle-X
4049340808,9,985,-72,2467,-4480,-857,idle-X
4049356705,9,985,-72,2450,-4480,-875,idle-X
4049358253,10,986,-72,2450,-4480,-875,idle-X
4049375371,10,986,-71,2450,-4480,-875,idle-X
4049376001,10,986,-71,2450,-4497,-892,idle-X
4049392511,8,986,-71,2450,-4497,-892,idle-X
4049394973,8,986,-71,2502,-4480,-875,idle-X
4049409954,9,986,-71,2502,-4480,-875,idle-X
4049414249,9,986,-71,2467,-4427,-875,idle-X
4049427092,9,985,-71,2467,-4427,-875,idle-X
4049433524,9,985,-71,2485,-4462,-892,idle-X
4049444230,9,986,-71,2485,-4462,-892,idle-X
4049452494,9,986,-71,2485,-4462,-875,idle-X
4049461368,9,986,-71,2485,-4462,-875,idle-X
4049471769,9,986,-71,2467,-4480,-892,idle-X
4049478812,9,986,-72,2467,-4480,-892,idle-X
4049491046,9,986,-72,2485,-4480,-875,idle-X
4049495951,9,986,-71,2485,-4480,-875,idle-X
4049510015,9,986,-71,2485,-4462,-857,idle-X
4049513089,10,986,-71,2485,-4462,-857,idle-X
4049529292,10,986,-71,2485,-4462,-875,idle-X
4049530229,9,986,-71,2485,-4462,-875,idle-X
4049547651,9,986,-71,2485,-4462,-875,idle-X
4049548588,9,986,-71,2485,-4462,-857,idle-X
4049564789,9,986,-71,2485,-4462,-857,idle-X
4049567558,9,986,-71,2485,-4462,-875,idle-X
4049581929,9,986,-70,2485,-4462,-875,idle-X
4049586835,9,986,-70,2467,-4445,-857,idle-X
4049599374,9,986,-71,2467,-4445,-857,idle-X
4049606112,9,986,-71,2467,-4462,-875,idle-X
4049616513,9,986,-72,2467,-4462,-875,idle-X
4049625388,9,986,-72,2467,-4480,-875,idle-X
4049633651,9,986,-71,2467,-4480,-875,idle-X
4049644358,9,986,-71,2467,-4480,-857,idle-X
4049650791,9,986,-71,2467,-4480,-857,idle-X
4049663635,9,986,-71,2450,-4480,-875,idle-X
4049668234,9,986,-72,2450,-4480,-875,idle-X
4049682911,9,986,-72,2467,-4480,-875,idle-X
4049685374,9,985,-71,2467,-4480,-875,idle-X
4049701881,9,985,-71,2502,-4462,-892,idle-X
4049702511,9,986,-72,2502,-4462,-892,idle-X
4049719937,9,986,-71,2502,-4462,-892,idle-X
4049721179,9,986,-71,2485,-4480,-875,idle-X
4049737076,9,986,-71,2485,-4480,-875,idle-X
4049740149,9,986,-71,2485,-4462,-910,idle-X
4049754215,10,986,-71,2485,-4462,-910,idle-X
4049759425,10,986,-71,2485,-4445,-875,idle-X
4049771354,9,986,-72,2485,-4445,-875,idle-X
4049778702,9,986,-72,2467,-4480,-857,idle-X
4049788799,9,986,-71,2467,-4480,-857,idle-X
4049797978,9,986,-71,2485,-4462,-875,idle-X
4049805937,9,986,-71,2485,-4462,-875,idle-X
4049816949,9,986,-71,2450,-4462,-857,idle-X
4049823076,10,986,-71,2450,-4462,-857,idle-X
4049836225,10,986,-71,2467,-4462,-875,idle-X
4049840215,9,986,-71,2467,-4462,-875,idle-X
4049855502,9,986,-71,2467,-4462,-892,idle-X
4049857660,9,986,-72,2467,-4462,-892,idle-X
4049874473,9,986,-72,2467,-4462,-840,idle-X
4049875103,10,986,-72,2467,-4462,-840,idle-X
4049891916,9,987,-71,2467,-4462,-840,idle-X
4049893768,9,987,-71,2450,-4480,-910,idle-X
4049909360,10,986,-71,2450,-4480,-910,idle-X
4049913045,10,986,-71,2450,-4497,-892,idle-X
4049926499,9,986,-71,2450,-4497,-892,idle-X
4049932015,9,986,-71,2467,-4480,-875,idle-X
4049943637,9,986,-72,2467,-4480,-875,idle-X
4049951290,9,986,-72,2467,-4480,-875,idle-X
4049960776,9,986,-71,2467,-4480,-875,idle-X
4049970566,9,986,-71,2467,-4480,-875,idle-X
4049978220,9,986,-72,2467,-4480,-875,idle-X
4049989538,9,986,-72,2485,-4497,-857,idle-X
4049995359,9,986,-72,2485,-4497,-857,idle-X
4050008813,9,986,-72,2485,-4480,-875,idle-X
4050012498,9,986,-71,2485,-4480,-875,idle-X
4050028089,9,986,-71,2450,-4497,-875,idle-X
4050029941,9,986,-71,2450,-4497,-875,idle-X
4050047060,9,985,-72,2450,-4497,-892,idle-X
4050064191,9,985,-71,2450,-4497,-892,idle-X
4050066349,9,985,-71,2432,-4462,-840,idle-X
4050081330,9,986,-72,2432,-4462,-840,idle-X
4050085625,9,986,-72,2485,-4462,-875,idle-X
4050098774,10,986,-71,2485,-4462,-875,idle-X
4050104596,10,986,-71,2485,-4480,-875,idle-X
4050115913,9,986,-71,2485,-4480,-875,idle-X
4050123871,9,986,-71,2467,-4462,-875,idle-X
4050133052,9,986,-71,2467,-4462,-875,idle-X
4050143148,9,986,-71,2467,-4480,-875,idle-X
4050150496,9,986,-71,2467,-4480,-875,idle-X
4050162118,9,986,-71,2485,-4480,-875,idle-X
4050167634,9,986,-72,2485,-4480,-875,idle-X
4050181394,9,986,-72,2450,-4462,-892,idle-X
4050184773,9,986,-72,2450,-4462,-892,idle-X
4050200669,9,986,-72,2432,-4462,-875,idle-X
4050201910,9,986,-71,2432,-4462,-875,idle-X
4050219333,9,986,-72,2467,-4480,-857,idle-X
4050236465,9,986,-71,2467,-4480,-857,idle-X
4050238928,9,986,-71,2502,-4462,-875,idle-X
4050253604,9,986,-71,2502,-4462,-875,idle-X
4050258205,9,986,-71,2485,-4462,-875,idle-X
4050270743,10,986,-71,2485,-4462,-875,idle-X
4050277175,10,986,-71,2467,-4480,-875,idle-X
4050288187,9,986,-71,2467,-4480,-875,idle-X
4050296451,9,986,-71,2467,-4480,-875,idle-X
4050305327,10,986,-71,2467,-4480,-875,idle-X
4050315729,10,986,-71,2467,-4462,-875,idle-X
4050322467,9,986,-71,2467,-4462,-875,idle-X
4050334699,9,986,-71,2485,-4480,-875,idle-X
4050339605,9,986,-71,2485,-4480,-875,idle-X
4050353974,9,986,-71,2485,-4480,-875,idle-X
4050357048,10,986,-71,2485,-4480,-875,idle-X
4050373251,10,986,-71,2467,-4445,-857,idle-X
4050374188,10,986,-71,2467,-4445,-857,idle-X
4050391305,9,986,-72,2467,-4445,-857,idle-X
4050392241,9,986,-72,2467,-4445,-875,idle-X
4050408748,10,985,-71,2467,-4445,-875,idle-X
4050411517,10,985,-71,2467,-4480,-892,idle-X
4050425887,9,986,-71,2467,-4480,-892,idle-X
4050430793,9,986,-71,2450,-4480,-910,idle-X
4050443026,9,986,-71,2450,-4480,-910,idle-X
4050450068,9,986,-71,2467,-4462,-892,idle-X
4050460470,10,986,-71,2467,-4462,-892,idle-X
4050469039,10,986,-71,2485,-4445,-875,idle-X
4050477609,9,986,-71,2485,-4445,-875,idle-X
4050488314,9,986,-71,2502,-4462,-875,idle-X
4050494746,9,986,-71,2502,-4462,-875,idle-X
4050507592,9,986,-71,2467,-4480,-875,idle-X
4050511887,9,986,-71,2467,-4480,-875,idle-X
4050526562,9,986,-71,2467,-4445,-857,idle-X
4050529330,9,986,-71,2467,-4445,-857,idle-X
4050545838,9,986,-71,2467,-4462,-857,idle-X
4050546468,9,986,-71,2467,-4462,-857,idle-X
4050563586,9,986,-71,2467,-4462,-857,idle-X
4050565133,9,986,-71,2450,-4462,-875,idle-X
4050581030,9,986,-71,2450,-4462,-875,idle-X
4050584104,9,986,-71,2450,-4462,-875,idle-X
4050598169,9,986,-72,2450,-4462,-875,idle-X
4050603379,9,986,-72,2467,-4480,-892,idle-X
4050615306,9,986,-71,2467,-4480,-892,idle-X
4050622654,9,986,-71,2467,-4462,-875,idle-X
4050632750,9,986,-71,2467,-4462,-875,idle-X
4050641930,9,986,-71,2485,-4462,-892,idle-X
4050649889,9,986,-71,2485,-4462,-892,idle-X
4050660900,9,986,-71,2467,-4497,-892,idle-X
4050667026,10,986,-71,2467,-4497,-892,idle-X
4050680175,10,986,-71,2467,-4480,-875,idle-X
4050684470,9,986,-71,2467,-4480,-875,idle-X
4050699451,9,986,-71,2467,-4462,-875,idle-X
4050701609,9,986,-71,2467,-4462,-875,idle-X
4050718728,9,986,-71,2467,-4462,-857,idle-X
4050736163,9,986,-72,2467,-4462,-857,idle-X
4050737710,9,986,-72,2450,-4480,-857,idle-X
4050753302,10,986,-72,2450,-4480,-857,idle-X
4050756986,10,986,-72,2467,-4462,-892,idle-X
4050770441,9,986,-72,2467,-4462,-892,idle-X
4050776264,9,986,-72,2485,-4462,-875,idle-X
4050787580,9,986,-71,2485,-4462,-875,idle-X
4050795233,9,986,-71,2485,-4462,-875,idle-X
4050805024,10,986,-72,2485,-4462,-875,idle-X
4050814509,10,986,-72,2485,-4462,-910,idle-X
4050822163,9,986,-71,2485,-4462,-910,idle-X
4050833786,9,986,-71,2467,-4462,-892,idle-X
4050839303,9,986,-72,2467,-4462,-892,idle-X
4050852757,9,986,-72,2467,-4462,-892,idle-X
4050856747,9,986,-72,2467,-4462,-892,idle-X
4050872034,9,986,-72,2467,-4480,-875,idle-X
4050873886,9,985,-71,2467,-4480,-875,idle-X
4050891004,9,986,-71,2485,-4480,-857,idle-X
4050908135,9,986,-72,2485,-4480,-857,idle-X
4050910293,9,986,-72,2467,-4480,-875,idle-X
4050925579,9,986,-71,2467,-4480,-875,idle-X
4050929568,9,986,-71,2467,-4462,-857,idle-X
4050942718,10,986,-71,2467,-4462,-857,idle-X
4050948845,10,986,-71,2467,-4462,-875,idle-X
4050959857,9,986,-71,2467,-4462,-875,idle-X
4050968121,9,986,-71,2467,-4480,-857,idle-X
4050977302,9,986,-71,2467,-4480,-857,idle-X
4050987092,9,986,-71,2450,-4497,-822,idle-X
4050994440,9,986,-72,2450,-4497,-822,idle-X
4051006367,9,986,-72,2467,-4462,-857,idle-X
4051011579,9,986,-71,2467,-4462,-857,idle-X
4051025643,9,986,-71,2502,-4497,-892,idle-X
4051028717,10,986,-71,2502,-4497,-892,idle-X
4051044614,10,986,-71,2450,-4462,-875,idle-X
4051046161,9,986,-71,2450,-4462,-875,idle-X
4051063278,9,986,-71,2450,-4462,-875,idle-X
4051063908,9,986,-71,2432,-4462,-875,idle-X
4051080417,10,986,-72,2432,-4462,-875,idle-X
4051083186,10,986,-72,2485,-4462,-875,idle-X
4051097863,9,986,-72,2485,-4462,-875,idle-X
4051102157,9,986,-72,2485,-4462,-857,idle-X
4051115001,9,986,-71,2485,-4462,-857,idle-X
4051121434,9,986,-71,2467,-4445,-892,idle-X
4051132141,9,986,-71,2467,-4445,-892,idle-X
4051140710,9,986,-71,2485,-4445,-857,idle-X
4051149584,10,986,-72,2485,-4445,-857,idle-X
4051159986,10,986,-72,2467,-4462,-857,idle-X
4051166724,9,986,-72,2467,-4462,-857,idle-X
4051178956,9,986,-72,2432,-4445,-857,idle-X
4051183862,10,986,-71,2432,-4445,-857,idle-X
4051198232,10,986,-71,2467,-4445,-892,idle-X
4051201000,9,986,-71,2467,-4445,-892,idle-X
4051217508,9,986,-71,2467,-4462,-875,idle-X
4051218445,9,986,-71,2467,-4462,-875,idle-X
4051235563,9,986,-71,2467,-4462,-875,idle-X
4051236500,9,986,-71,2485,-4445,-875,idle-X
4051252701,9,986,-72,2485,-4445,-875,idle-X
4051255775,9,986,-72,2467,-4462,-892,idle-X
4051270145,9,986,-71,2467,-4462,-892,idle-X
4051275050,9,986,-71,2485,-4480,-892,idle-X
4051287283,9,986,-72,2485,-4480,-892,idle-X
4051294021,9,986,-72,2485,-4480,-875,idle-X
4051304423,10,986,-71,2485,-4480,-875,idle-X
4051313299,10,986,-71,2485,-4462,-875,idle-X
4051321563,9,986,-71,2485,-4462,-875,idle-X
4051332575,9,986,-71,2467,-4480,-875,idle-X
4051339007,9,986,-71,2467,-4480,-875,idle-X
4051351851,9,986,-71,2467,-4462,-910,idle-X
4051356146,9,986,-71,2467,-4462,-910,idle-X
4051370823,9,986,-71,2450,-4462,-875,idle-X
4051373286,9,986,-72,2450,-4462,-875,idle-X
4051390099,9,986,-72,2485,-4480,-857,idle-X
4051390730,10,986,-71,2485,-4480,-857,idle-X
4051407849,9,986,-71,2485,-4480,-857,idle-X
4051409395,9,986,-71,2467,-4445,-875,idle-X
4051424988,9,986,-71,2467,-4445,-875,idle-X
4051428366,9,986,-71,2467,-4462,-892,idle-X
4051442431,9,986,-71,2467,-4462,-892,idle-X
4051447642,9,986,-71,2467,-4480,-857,idle-X
4051459570,10,986,-71,2467,-4480,-857,idle-X
4051466918,10,986,-71,2467,-4462,-892,idle-X
4051476709,10,986,-71,2467,-4462,-892,idle-X
4051485889,10,986,-71,2485,-4462,-892,idle-X
4051493848,10,986,-71,2485,-4462,-892,idle-X
4051505165,10,986,-71,2450,-4462,-892,idle-X
4051511291,9,986,-72,2450,-4462,-892,idle-X
4051524441,9,986,-72,2485,-4462,-892,idle-X
4051528431,9,985,-72,2485,-4462,-892,idle-X
4051543412,9,985,-72,2467,-4445,-892,idle-X
4051545570,9,986,-72,2467,-4445,-892,idle-X
4051562690,9,986,-72,2485,-4445,-892,idle-X
4051563320,9,986,-72,2485,-4445,-892,idle-X
4051580133,10,986,-71,2485,-4445,-892,idle-X
4051581985,10,986,-71,2450,-4445,-875,idle-X
4051597271,9,986,-71,2450,-4445,-875,idle-X
4051600956,9,986,-71,2450,-4462,-892,idle-X
4051614411,9,986,-71,2450,-4462,-892,idle-X
4051620233,9,986,-71,2450,-4497,-892,idle-X
4051631856,9,986,-71,2450,-4497,-892,idle-X
4051639508,9,986,-71,2450,-4480,-892,idle-X
4051648994,10,986,-71,2450,-4480,-892,idle-X
4051658784,10,986,-71,2432,-4462,-875,idle-X
4051666132,9,986,-72,2432,-4462,-875,idle-X
4051677755,9,986,-72,2467,-4497,-892,idle-X
4051683577,9,986,-72,2467,-4497,-892,idle-X
4051697030,9,986,-72,2502,-4480,-875,idle-X
4051700714,9,986,-71,2502,-4480,-875,idle-X
4051716306,9,986,-71,2467,-4480,-892,idle-X
4051717854,9,985,-71,2467,-4480,-892,idle-X
4051734972,9,986,-71,2450,-4480,-892,idle-X
4051752409,10,986,-72,2450,-4480,-892,idle-X
4051754567,10,986,-72,2467,-4462,-910,idle-X
4051769548,9,986,-71,2467,-4462,-910,idle-X
4051773843,9,986,-71,2450,-4480,-910,idle-X
4051786687,9,986,-71,2450,-4480,-910,idle-X
4051792814,9,986,-71,2502,-4480,-892,idle-X
4051804131,10,986,-71,2502,-4480,-892,idle-X
4051812090,10,986,-71,2485,-4462,-892,idle-X
4051821270,9,986,-72,2485,-4462,-892,idle-X
4051831365,9,986,-72,2450,-4462,-892,idle-X
4051838407,10,986,-71,2450,-4462,-892,idle-X
4051850335,10,986,-71,2467,-4445,-892,idle-X
4051855546,9,986,-71,2467,-4445,-892,idle-X
4051869610,9,986,-71,2485,-4445,-875,idle-X
4051872989,9,986,-72,2485,-4445,-875,idle-X
4051888886,9,986,-72,2467,-4480,-875,idle-X
4051890128,10,986,-71,2467,-4480,-875,idle-X
4051907247,9,986,-72,2467,-4480,-875,idle-X
4051907877,9,986,-72,2450,-4480,-892,idle-X
4051924690,9,986,-72,2450,-4480,-892,idle-X
4051927153,9,986,-72,2467,-4462,-875,idle-X
4051941829,9,986,-72,2467,-4462,-875,idle-X
4051946429,9,986,-72,2485,-4462,-875,idle-X
4051958968,9,986,-71,2485,-4462,-875,idle-X
4051965705,9,986,-71,2502,-4462,-840,idle-X
4051976107,9,986,-72,2502,-4462,-840,idle-X
4051984676,9,986,-72,2485,-4480,-875,idle-X
4051993551,9,986,-71,2485,-4480,-875,idle-X
4052003952,9,986,-71,2485,-4480,-857,idle-X
4052010691,9,986,-72,2485,-4480,-857,idle-X
4052023230,9,986,-72,2485,-4445,-857,idle-X
4052027830,9,986,-71,2485,-4445,-857,idle-X
4052042199,9,986,-71,2485,-4462,-892,idle-X
4052045272,9,986,-72,2485,-4462,-892,idle-X
4052061474,9,986,-72,2485,-4480,-875,idle-X
4052062411,10,986,-72,2485,-4480,-875,idle-X
4052079530,10,986,-71,2485,-4480,-875,idle-X
4052080772,10,986,-71,2485,-4480,-875,idle-X
4052096973,9,986,-71,2485,-4480,-875,idle-X
4052099741,9,986,-71,2485,-4462,-857,idle-X
4052114112,9,986,-71,2485,-4462,-857,idle-X
4052119017,9,986,-71,2502,-4445,-892,idle-X
4052131250,9,986,-72,2502,-4445,-892,idle-X
4052138294,9,986,-72,2467,-4462,-892,idle-X
4052148390,9,986,-71,2467,-4462,-892,idle-X
4052157570,9,986,-71,2467,-4480,-857,idle-X
4052165834,9,986,-72,2467,-4480,-857,idle-X
4052176540,9,986,-72,2502,-4497,-892,idle-X
4052182972,9,986,-71,2502,-4497,-892,idle-X
4052195815,9,986,-71,2450,-4497,-875,idle-X
4052200111,9,986,-71,2450,-4497,-875,idle-X
4052215092,9,986,-71,2467,-4462,-875,idle-X
4052217556,10,986,-71,2467,-4462,-875,idle-X
4052234062,10,986,-71,2467,-4462,-875,idle-X
4052234692,9,986,-71,2467,-4462,-875,idle-X
4052251812,9,986,-72,2467,-4462,-875,idle-X
4052253358,9,986,-72,2485,-4462,-875,idle-X
4052269256,9,986,-72,2485,-4462,-875,idle-X
4052272635,9,986,-72,2485,-4445,-875,idle-X
4052286394,9,986,-72,2485,-4445,-875,idle-X
4052291605,9,986,-72,2467,-4445,-875,idle-X
4052303533,9,986,-71,2467,-4445,-875,idle-X
4052310881,9,986,-71,2467,-4445,-875,idle-X
4052320671,9,986,-71,2467,-4445,-875,idle-X
4052330156,9,986,-71,2467,-4462,-875,idle-X
4052338114,10,986,-71,2467,-4462,-875,idle-X
4052349126,10,986,-71,2467,-4480,-875,idle-X
4052355252,9,986,-71,2467,-4480,-875,idle-X
4052368402,9,986,-71,2467,-4445,-875,idle-X
4052372392,9,986,-72,2467,-4445,-875,idle-X
4052387678,9,986,-72,2485,-4445,-857,idle-X
4052389531,9,986,-72,2485,-4445,-857,idle-X
4052406954,9,986,-71,2450,-4445,-840,idle-X
4052424084,9,986,-72,2450,-4445,-840,idle-X
4052425936,9,986,-72,2432,-4462,-875,idle-X
4052441222,9,986,-71,2432,-4462,-875,idle-X
4052445212,9,986,-71,2450,-4462,-875,idle-X
4052458666,9,986,-71,2450,-4462,-875,idle-X
4052464488,9,986,-71,2467,-4462,-875,idle-X
4052475806,9,985,-71,2467,-4462,-875,idle-X
4052483459,9,985,-71,2467,-4462,-892,idle-X
4052492944,9,986,-71,2467,-4462,-892,idle-X
4052502734,9,986,-71,2467,-4480,-875,idle-X
4052510387,9,986,-71,2467,-4480,-875,idle-X
4052522011,9,986,-71,2467,-4462,-857,idle-X
4052527527,9,986,-71,2467,-4462,-857,idle-X
4052541288,9,986,-71,2450,-4445,-875,idle-X
4052544667,9,986,-71,2450,-4445,-875,idle-X
4052560257,9,986,-71,2450,-4462,-857,idle-X
4052562110,9,986,-71,2450,-4462,-857,idle-X
4052579227,10,986,-71,2485,-4497,-857,idle-X
4052596358,9,986,-72,2485,-4497,-857,idle-X
4052598822,9,986,-72,2485,-4480,-857,idle-X
4052613802,9,986,-71,2485,-4480,-857,idle-X
4052617792,9,986,-71,2450,-4462,-892,idle-X
4052630941,9,986,-72,2450,-4462,-892,idle-X
4052637067,9,986,-72,2450,-4445,-892,idle-X
4052648079,9,986,-72,2450,-4445,-892,idle-X
4052656343,9,986,-72,2467,-4462,-840,idle-X
4052665219,10,986,-71,2467,-4462,-840,idle-X
4052675620,10,986,-71,2467,-4462,-875,idle-X
4052682662,9,986,-72,2467,-4462,-875,idle-X
4052694589,9,986,-72,2450,-4462,-875,idle-X
4052699800,9,986,-71,2450,-4462,-875,idle-X
4052713865,9,986,-71,2450,-4480,-892,idle-X
4052716939,9,986,-72,2450,-4480,-892,idle-X
4052733142,9,986,-72,2467,-4445,-857,idle-X
4052734384,9,986,-71,2467,-4445,-857,idle-X
4052751502,9,986,-71,2467,-4445,-857,idle-X
4052752132,9,986,-71,2485,-4462,-857,idle-X
4052768640,9,986,-71,2485,-4462,-857,idle-X
4052771409,9,986,-71,2450,-4480,-892,idle-X
4052786085,9,986,-72,2450,-4480,-892,idle-X
4052790685,9,986,-72,2485,-4462,-892,idle-X
4052803225,9,986,-71,2485,-4462,-892,idle-X
4052809962,9,986,-71,2485,-4462,-857,idle-X
4052820362,9,986,-71,2485,-4462,-857,idle-X
4052828931,9,986,-71,2485,-4462,-875,idle-X
4052837806,9,986,-71,2485,-4462,-875,idle-X
4052848207,9,986,-71,2502,-4445,-857,idle-X
4052854945,9,986,-71,2502,-4445,-857,idle-X
4052867483,9,986,-71,2467,-4462,-875,idle-X
4052872084,9,986,-71,2467,-4462,-875,idle-X
4052886454,9,986,-71,2467,-4462,-875,idle-X
4052889223,10,986,-72,2467,-4462,-875,idle-X
4052905731,10,986,-72,2467,-4462,-910,idle-X
4052906668,9,986,-71,2467,-4462,-910,idle-X
4052923786,9,986,-71,2467,-4462,-910,idle-X
4052925028,9,986,-71,2467,-4462,-875,idle-X
4052940925,9,985,-72,2467,-4462,-875,idle-X
4052944304,9,985,-72,2467,-4480,-875,idle-X
4052958368,9,986,-71,2467,-4480,-875,idle-X
4052963274,9,986,-71,2450,-4462,-875,idle-X
4052975506,9,986,-71,2450,-4462,-875,idle-X
4052982549,9,986,-71,2467,-4462,-857,idle-X
4052992645,10,986,-71,2467,-4462,-857,idle-X
4053001826,10,986,-71,2467,-4462,-857,idle-X
4053010089,9,986,-71,2467,-4462,-857,idle-X
4053020796,9,986,-71,2485,-4480,-857,idle-X
4053027228,9,986,-71,2485,-4480,-857,idle-X
4053040071,9,986,-71,2467,-4462,-857,idle-X
4053044366,9,986,-72,2467,-4462,-857,idle-X
4053059348,9,986,-72,2485,-4462,-875,idle-X
4053061810,9,985,-71,2485,-4462,-875,idle-X
4053078623,9,985,-71,2485,-4462,-892,idle-X
4053079253,9,986,-71,2485,-4462,-892,idle-X
4053096067,10,986,-71,2485,-4462,-892,idle-X
4053097614,10,986,-71,2502,-4480,-875,idle-X
4053113511,9,986,-71,2502,-4480,-875,idle-X
4053116890,9,986,-71,2502,-4462,-892,idle-X
4053130651,9,986,-71,2502,-4462,-892,idle-X
4053136167,9,986,-71,2467,-4480,-892,idle-X
4053147790,9,986,-72,2467,-4480,-892,idle-X
4053155137,9,986,-72,2485,-4462,-875,idle-X
4053165233,9,986,-71,2485,-4462,-875,idle-X
4053174413,9,986,-71,2450,-4480,-875,idle-X
4053182372,9,986,-71,2450,-4480,-875,idle-X
4053193690,9,986,-71,2485,-4462,-892,idle-X
4053199512,9,986,-71,2485,-4462,-892,idle-X
4053212966,9,986,-71,2450,-4445,-875,idle-X
4053216649,10,986,-71,2450,-4445,-875,idle-X
4053231937,10,986,-71,2467,-4462,-875,idle-X
4053234095,9,986,-71,2467,-4462,-875,idle-X
4053251214,9,986,-71,2467,-4480,-892,idle-X
4053268344,10,986,-71,2467,-4480,-892,idle-X
4053270503,10,986,-71,2485,-4480,-875,idle-X
4053285788,9,986,-71,2485,-4480,-875,idle-X
4053289472,9,986,-71,2432,-4462,-875,idle-X
4053302926,9,986,-72,2432,-4462,-875,idle-X
4053308748,9,986,-72,2467,-4480,-857,idle-X
4053320066,9,986,-71,2467,-4480,-857,idle-X
4053328025,9,986,-71,2467,-4480,-857,idle-X
4053337510,9,986,-71,2467,-4480,-857,idle-X
4053347300,9,986,-71,2485,-4480,-892,idle-X
4053354648,9,986,-71,2485,-4480,-892,idle-X
4053366271,9,986,-71,2485,-4462,-910,idle-X
4053371787,9,986,-72,2485,-4462,-910,idle-X
4053385546,9,986,-72,2485,-4445,-875,idle-X
4053388926,9,986,-72,2485,-4445,-875,idle-X
4053404823,9,986,-72,2467,-4462,-857,idle-X
4053406370,9,986,-72,2467,-4462,-857,idle-X
4053423488,9,986,-71,2467,-4480,-875,idle-X
4053440619,9,986,-71,2467,-4480,-875,idle-X
4053443083,9,986,-71,2450,-4480,-892,idle-X
4053458064,10,986,-72,2450,-4480,-892,idle-X
4053462359,10,986,-72,2467,-4480,-875,idle-X
4053475202,9,986,-71,2467,-4480,-875,idle-X
4053481329,9,986,-71,2467,-4480,-892,idle-X
4053492341,9,986,-71,2467,-4480,-892,idle-X
4053500606,9,986,-71,2467,-4480,-892,idle-X
4053509786,9,986,-72,2467,-4480,-892,idle-X
4053519882,9,986,-72,2432,-4462,-875,idle-X
4053526925,9,986,-72,2432,-4462,-875,idle-X
4053539158,9,986,-72,2467,-4497,-875,idle-X
4053544063,9,986,-71,2467,-4497,-875,idle-X
4053558128,9,986,-71,2485,-4497,-910,idle-X
4053561202,9,986,-72,2485,-4497,-910,idle-X
4053577405,9,986,-72,2467,-4480,-910,idle-X
4053578647,9,986,-72,2467,-4480,-910,idle-X
4053595766,9,986,-71,2467,-4480,-910,idle-X
4053596703,9,986,-71,2485,-4462,-875,idle-X
4053612905,10,986,-72,2485,-4462,-875,idle-X
4053615672,10,986,-72,2467,-4445,-875,idle-X
4053630348,9,986,-72,2467,-4445,-875,idle-X
4053634948,9,986,-72,2467,-4445,-910,idle-X
4053647488,9,986,-71,2467,-4445,-910,idle-X
4053654226,9,986,-71,2502,-4480,-857,idle-X
4053664626,9,986,-71,2502,-4480,-857,idle-X
4053673500,9,986,-71,2485,-4462,-857,idle-X
4053682070,9,986,-72,2485,-4462,-857,idle-X
4053692471,9,986,-72,2467,-4462,-892,idle-X
4053699209,10,986,-72,2467,-4462,-892,idle-X
4053711748,10,986,-72,2450,-4462,-875,idle-X
4053716348,10,986,-71,2450,-4462,-875,idle-X
4053731024,10,986,-71,2485,-4480,-892,idle-X
4053733792,9,986,-71,2485,-4480,-892,idle-X
4053749994,9,986,-71,2485,-4462,-875,idle-X
4053750931,9,986,-72,2485,-4462,-875,idle-X
4053768049,9,986,-71,2485,-4462,-875,idle-X
4053769291,9,986,-71,2467,-4480,-857,idle-X
4053785494,9,985,-72,2467,-4480,-857,idle-X
4053788568,9,985,-72,2450,-4462,-857,idle-X
4053802633,10,986,-72,2450,-4462,-857,idle-X
4053807843,10,986,-72,2485,-4445,-857,idle-X
4053819771,10,986,-71,2485,-4445,-857,idle-X
4053826814,10,986,-71,2485,-4462,-857,idle-X
4053836909,9,986,-71,2485,-4462,-857,idle-X
4053846090,9,986,-71,2467,-4480,-892,idle-X
4053854354,9,986,-71,2467,-4480,-892,idle-X
4053865365,9,986,-71,2485,-4480,-892,idle-X
4053871491,9,986,-71,2485,-4480,-892,idle-X
4053884334,9,986,-71,2467,-4480,-892,idle-X
4053888629,9,986,-72,2467,-4480,-892,idle-X
4053903610,9,986,-72,2485,-4480,-875,idle-X
4053906073,9,986,-72,2485,-4480,-875,idle-X
4053922886,9,986,-72,2485,-4462,-875,idle-X
4053923516,9,986,-71,2485,-4462,-875,idle-X
4053940330,9,986,-71,2485,-4462,-875,idle-X
4053941878,9,986,-71,2467,-4462,-875,idle-X
4053957469,9,986,-71,2467,-4462,-875,idle-X
4053961153,9,986,-71,2450,-4462,-857,idle-X
4053974914,9,986,-71,2450,-4462,-857,idle-X
4053980430,9,986,-71,2485,-4480,-875,idle-X
4053992053,9,986,-72,2485,-4480,-875,idle-X
4053999706,9,986,-72,2467,-4480,-875,idle-X
4054009191,9,986,-71,2467,-4480,-875,idle-X
4054018677,9,986,-71,2450,-4462,-875,idle-X
4054026636,9,987,-71,2450,-4462,-875,idle-X
4054037953,9,987,-71,2450,-4462,-857,idle-X
4054043776,9,985,-72,2450,-4462,-857,idle-X
4054057230,9,985,-72,2467,-4480,-875,idle-X
4054060914,9,986,-71,2467,-4480,-875,idle-X
4054076200,9,986,-71,2467,-4462,-857,idle-X
4054078358,9,986,-71,2467,-4462,-857,idle-X
4054095475,9,986,-71,2485,-4462,-875,idle-X
4054112607,9,986,-72,2485,-4462,-875,idle-X
4054114764,9,986,-72,2502,-4462,-857,idle-X
4054129745,9,986,-71,2502,-4462,-857,idle-X
4054134040,9,986,-71,2485,-4462,-892,idle-X
4054147189,9,986,-71,2485,-4462,-892,idle-X
4054153011,9,986,-71,2485,-4480,-892,idle-X
4054164329,9,986,-71,2485,-4480,-892,idle-X
4054172288,9,986,-71,2485,-4480,-892,idle-X
4054181468,9,986,-71,2485,-4480,-892,idle-X
4054191564,9,986,-71,2467,-4480,-875,idle-X
4054198913,9,986,-71,2467,-4480,-875,idle-X
4054210535,9,986,-71,2467,-4462,-857,idle-X
4054216051,9,986,-71,2467,-4462,-857,idle-X
4054229810,9,986,-71,2485,-4462,-892,idle-X
4054233189,9,986,-71,2485,-4462,-892,idle-X
4054249087,9,986,-71,2485,-4462,-910,idle-X
4054250329,9,986,-71,2485,-4462,-910,idle-X
4054267752,9,986,-72,2485,-4445,-875,idle-X
4054284882,9,986,-72,2485,-4445,-875,idle-X
4054287344,9,986,-72,2467,-4462,-857,idle-X
4054302020,9,986,-71,2467,-4462,-857,idle-X
4054306621,9,986,-71,2467,-4462,-875,idle-X
4054319464,9,986,-71,2467,-4462,-875,idle-X
4054325591,9,986,-71,2467,-4462,-892,idle-X
4054336604,9,986,-71,2467,-4462,-892,idle-X
4054344867,9,986,-71,2485,-4462,-892,idle-X
4054353742,9,986,-72,2485,-4462,-892,idle-X
4054364143,9,986,-72,2467,-4462,-892,idle-X
4054370881,9,986,-72,2467,-4462,-892,idle-X
4054383114,9,986,-72,2467,-4480,-892,idle-X
4054388324,9,986,-71,2467,-4480,-892,idle-X
4054402389,9,986,-71,2450,-4480,-875,idle-X
4054405462,9,986,-72,2450,-4480,-875,idle-X
4054421664,9,986,-72,2467,-4462,-875,idle-X
4054422600,9,986,-71,2467,-4462,-875,idle-X
4054440024,9,986,-71,2467,-4462,-875,idle-X
4054440654,9,986,-71,2520,-4462,-910,idle-X
4054457162,9,986,-72,2520,-4462,-910,idle-X
4054459930,9,986,-72,2467,-4462,-910,idle-X
4054474301,9,986,-72,2467,-4462,-910,idle-X
4054479207,9,986,-72,2432,-4480,-892,idle-X
4054491439,9,986,-72,2432,-4480,-892,idle-X
4054498177,9,986,-72,2467,-4480,-892,idle-X
4054508884,9,986,-71,2467,-4480,-892,idle-X
4054517453,9,986,-71,2502,-4480,-892,idle-X
4054526023,9,986,-72,2502,-4480,-892,idle-X
4054536730,9,986,-72,2485,-4480,-875,idle-X
4054543163,9,986,-71,2485,-4480,-875,idle-X
4054555701,9,986,-71,2485,-4462,-875,idle-X
4054560302,9,986,-72,2485,-4462,-875,idle-X
4054574977,9,986,-72,2467,-4445,-892,idle-X
4054577745,9,986,-71,2467,-4445,-892,idle-X
4054594252,9,986,-71,2467,-4462,-910,idle-X
4054594883,10,986,-71,2467,-4462,-910,idle-X
4054612001,9,986,-72,2467,-4462,-910,idle-X
4054613548,9,986,-72,2485,-4497,-875,idle-X
4054629445,9,986,-72,2485,-4497,-875,idle-X
4054632519,9,986,-72,2450,-4462,-892,idle-X
4054646584,9,986,-72,2450,-4462,-892,idle-X
4054651795,9,986,-72,2467,-4462,-875,idle-X
4054663722,9,986,-71,2467,-4462,-875,idle-X
4054671071,9,986,-71,2485,-4480,-857,idle-X
4054681166,9,986,-72,2485,-4480,-857,idle-X
4054690041,9,986,-72,2485,-4480,-857,idle-X
4054698305,9,986,-71,2485,-4480,-857,idle-X
4054709319,9,986,-71,2485,-4480,-857,idle-X
4054715445,9,986,-71,2485,-4480,-857,idle-X
4054728595,9,986,-71,2467,-4462,-875,idle-X
4054732584,9,986,-71,2467,-4462,-875,idle-X
4054747564,9,986,-71,2485,-4462,-857,idle-X
4054750027,9,986,-71,2485,-4462,-857,idle-X
4054766841,9,986,-71,2467,-4497,-875,idle-X
4054767471,9,986,-71,2467,-4497,-875,idle-X
4054784284,9,986,-71,2467,-4497,-875,idle-X
4054786137,9,986,-71,2485,-4480,-875,idle-X
4054801424,9,986,-71,2485,-4480,-875,idle-X
4054805108,9,986,-71,2467,-4480,-857,idle-X
4054818868,9,986,-71,2467,-4480,-857,idle-X
4054824384,9,986,-71,2450,-4462,-875,idle-X
4054836007,9,986,-71,2450,-4462,-875,idle-X
4054843660,9,986,-71,2467,-4480,-910,idle-X
4054853145,9,986,-71,2467,-4480,-910,idle-X
4054862629,9,986,-71,2467,-4462,-892,idle-X
4054870283,9,986,-72,2467,-4462,-892,idle-X
4054881906,9,986,-72,2467,-4462,-875,idle-X
4054887728,9,986,-71,2467,-4462,-875,idle-X
4054901184,9,986,-71,2467,-4462,-892,idle-X
4054904868,9,986,-71,2467,-4462,-892,idle-X
4054920153,9,986,-71,2485,-4462,-875,idle-X
4054922005,9,986,-71,2485,-4462,-875,idle-X
4054939429,9,986,-72,2485,-4462,-875,idle-X
4054956558,9,986,-72,2485,-4462,-875,idle-X
4054958717,9,986,-72,2467,-4480,-840,idle-X
4054973698,9,985,-72,2467,-4480,-840,idle-X
4054977687,9,985,-72,2502,-4445,-857,idle-X
4054990836,9,985,-71,2502,-4445,-857,idle-X
4054996963,9,985,-71,2485,-4427,-875,idle-X
4055008279,10,986,-72,2485,-4427,-875,idle-X
4055016237,10,986,-72,2467,-4480,-875,idle-X
4055025418,10,986,-71,2467,-4480,-875,idle-X
4055035208,10,986,-71,2485,-4480,-892,idle-X
4055042556,9,986,-72,2485,-4480,-892,idle-X
4055054484,9,986,-72,2467,-4480,-875,idle-X
4055060000,9,986,-72,2467,-4480,-875,idle-X
4055073759,9,986,-72,2467,-4480,-875,idle-X
4055077138,9,986,-71,2467,-4480,-875,idle-X
4055093037,9,986,-71,2485,-4480,-857,idle-X
4055094278,10,986,-71,2485,-4480,-857,idle-X
4055111396,9,986,-72,2485,-4480,-857,idle-X
4055112026,9,986,-72,2467,-4462,-857,idle-X
4055128839,9,986,-71,2467,-4462,-857,idle-X
4055131301,9,986,-71,2467,-4462,-857,idle-X
4055145976,9,986,-71,2467,-4462,-857,idle-X
4055150576,9,986,-71,2450,-4480,-892,idle-X
4055163114,9,985,-71,2450,-4480,-892,idle-X
4055169546,9,985,-71,2467,-4462,-875,idle-X
4055180252,9,986,-71,2467,-4462,-875,idle-X
4055188822,9,986,-71,2467,-4462,-892,idle-X
4055197697,9,986,-72,2467,-4462,-892,idle-X
4055208098,9,986,-72,2450,-4480,-875,idle-X
4055214836,9,986,-71,2450,-4480,-875,idle-X
4055227069,9,986,-71,2450,-4462,-875,idle-X
4055231974,9,986,-72,2450,-4462,-875,idle-X
4055246344,9,986,-72,2467,-4462,-875,idle-X
4055249418,9,986,-72,2467,-4462,-875,idle-X
4055265619,9,986,-72,2485,-4427,-875,idle-X
4055266555,9,986,-72,2485,-4427,-875,idle-X
4055283673,9,986,-72,2485,-4427,-875,idle-X
4055284610,9,986,-72,2467,-4462,-892,idle-X
4055301118,9,986,-71,2467,-4462,-892,idle-X
4055303886,9,986,-71,2467,-4480,-910,idle-X
4055318256,9,986,-71,2467,-4480,-910,idle-X
4055323161,9,986,-71,2467,-4462,-892,idle-X
4055335394,9,986,-71,2467,-4462,-892,idle-X
4055342131,9,986,-71,2467,-4445,-857,idle-X
4055352533,9,985,-71,2467,-4445,-857,idle-X
4055361408,9,985,-71,2467,-4462,-857,idle-X
4055369977,9,986,-71,2467,-4462,-857,idle-X
4055380683,9,986,-71,2485,-4462,-875,idle-X
4055387116,9,986,-71,2485,-4462,-875,idle-X
4055399959,9,986,-71,2485,-4427,-892,idle-X
4055404255,9,986,-71,2485,-4427,-892,idle-X
4055418932,9,986,-71,2467,-4462,-875,idle-X
4055421700,9,986,-71,2467,-4462,-875,idle-X
4055438208,9,986,-71,2485,-4497,-892,idle-X
4055438838,9,986,-72,2485,-4497,-892,idle-X
4055455956,9,986,-72,2485,-4497,-892,idle-X
4055457504,9,986,-72,2467,-4497,-875,idle-X
4055473400,9,985,-72,2467,-4497,-875,idle-X
4055476474,9,985,-72,2450,-4480,-857,idle-X
4055490540,9,986,-72,2450,-4480,-857,idle-X
4055495750,9,986,-72,2450,-4480,-892,idle-X
4055507678,9,986,-71,2450,-4480,-892,idle-X
4055515026,9,986,-71,2485,-4462,-875,idle-X
4055524816,9,986,-71,2485,-4462,-875,idle-X
4055534302,9,986,-71,2450,-4462,-875,idle-X
4055542261,9,986,-71,2450,-4462,-875,idle-X
4055553273,9,986,-71,2450,-4462,-875,idle-X
4055559400,9,986,-71,2450,-4462,-875,idle-X
4055572550,9,986,-71,2485,-4480,-875,idle-X
4055576540,9,986,-71,2485,-4480,-875,idle-X
4055591827,9,986,-71,2485,-4462,-875,idle-X
4055593985,10,986,-72,2485,-4462,-875,idle-X
4055610798,10,986,-72,2485,-4480,-875,idle-X
4055611429,10,986,-72,2485,-4480,-875,idle-X
4055628243,10,986,-71,2485,-4480,-875,idle-X
4055630095,10,986,-71,2502,-4497,-875,idle-X
4055645687,10,986,-72,2502,-4497,-875,idle-X
4055649371,10,986,-72,2467,-4480,-875,idle-X
4055662826,8,986,-71,2467,-4480,-875,idle-X
4055668342,8,986,-71,2450,-4462,-875,idle-X
4055679965,9,986,-72,2450,-4462,-875,idle-X
4055687618,9,986,-72,2450,-4445,-857,idle-X
4055697408,9,986,-72,2450,-4445,-857,idle-X
4055706893,9,986,-72,2450,-4445,-875,idle-X
4055714546,10,986,-72,2450,-4445,-875,idle-X
4055726169,10,986,-72,2467,-4462,-892,idle-X
4055731685,9,986,-72,2467,-4462,-892,idle-X
4055745140,9,986,-72,2467,-4480,-875,idle-X
4055749130,9,986,-71,2467,-4480,-875,idle-X
4055764416,9,986,-71,2467,-4462,-892,idle-X
4055766269,9,986,-72,2467,-4462,-892,idle-X
4055783387,9,986,-71,2485,-4480,-875,idle-X
4055800823,9,986,-71,2485,-4480,-875,idle-X
4055802981,9,986,-71,2450,-4462,-857,idle-X
4055817962,9,986,-71,2450,-4462,-857,idle-X
4055821951,9,986,-71,2467,-4462,-892,idle-X
4055835100,9,986,-71,2467,-4462,-892,idle-X
4055841227,9,986,-71,2485,-4462,-875,idle-X
4055852239,9,986,-72,2485,-4462,-875,idle-X
4055860503,9,986,-72,2467,-4462,-857,idle-X
4055869683,9,986,-72,2467,-4462,-857,idle-X
4055879779,9,986,-72,2485,-4497,-857,idle-X
4055886822,10,986,-71,2485,-4497,-857,idle-X
4055898749,10,986,-71,2467,-4480,-892,idle-X
4055903960,9,986,-71,2467,-4480,-892,idle-X
4055918025,9,986,-71,2450,-4497,-875,idle-X
4055921404,9,986,-71,2450,-4497,-875,idle-X
4055937301,9,986,-71,2450,-4480,-875,idle-X
4055938544,9,986,-71,2450,-4480,-875,idle-X
4055955661,9,986,-72,2450,-4480,-875,idle-X
4055956291,9,986,-72,2467,-4480,-875,idle-X
4055973105,9,986,-72,2467,-4480,-875,idle-X
4055975567,9,986,-72,2485,-4462,-892,idle-X
4055990243,9,986,-71,2485,-4462,-892,idle-X
4055994844,9,986,-71,2485,-4462,-875,idle-X
4056007383,9,985,-71,2485,-4462,-875,idle-X
4056014121,9,985,-71,2467,-4480,-892,idle-X
4056024828,9,986,-71,2467,-4480,-892,idle-X
4056033092,9,986,-71,2467,-4445,-857,idle-X
4056041966,9,986,-71,2467,-4445,-857,idle-X
4056052367,9,986,-71,2450,-4462,-875,idle-X
4056059104,9,986,-72,2450,-4462,-875,idle-X
4056071643,9,986,-72,2485,-4480,-875,idle-X
4056076244,9,986,-72,2485,-4480,-875,idle-X
4056090613,9,986,-72,2467,-4480,-892,idle-X
4056093687,9,986,-71,2467,-4480,-892,idle-X
4056109889,9,986,-71,2467,-4462,-875,idle-X
4056110826,9,986,-72,2467,-4462,-875,idle-X
4056127944,9,986,-72,2467,-4462,-875,idle-X
4056129185,9,986,-72,2467,-4462,-857,idle-X
4056145388,9,986,-72,2467,-4462,-857,idle-X
4056148156,9,986,-72,2467,-4480,-892,idle-X
4056162526,9,986,-71,2467,-4480,-892,idle-X
4056167432,9,986,-71,2467,-4462,-892,idle-X
4056179664,9,986,-71,2467,-4462,-892,idle-X
4056186707,9,986,-71,2485,-4445,-892,idle-X
4056197108,10,986,-71,2485,-4445,-892,idle-X
4056205678,10,986,-71,2450,-4462,-857,idle-X
4056214248,9,986,-72,2450,-4462,-857,idle-X
4056224954,9,986,-72,2485,-4497,-892,idle-X
4056231386,9,986,-71,2485,-4497,-892,idle-X
4056244230,9,986,-71,2485,-4462,-875,idle-X
4056248524,9,986,-72,2485,-4462,-875,idle-X
4056263506,9,986,-72,2432,-4445,-875,idle-X
4056265969,9,986,-71,2432,-4445,-875,idle-X
4056282476,9,986,-71,2450,-4462,-857,idle-X
4056283106,10,986,-71,2450,-4462,-857,idle-X
4056300225,9,986,-72,2450,-4462,-857,idle-X
4056301772,9,986,-72,2450,-4480,-857,idle-X
4056317668,9,986,-71,2450,-4480,-857,idle-X
4056321047,9,986,-71,2432,-4497,-892,idle-X
4056334807,9,985,-72,2432,-4497,-892,idle-X
4056340018,9,985,-72,2450,-4480,-875,idle-X
4056351945,9,986,-71,2450,-4480,-875,idle-X
4056359293,9,986,-71,2467,-4480,-875,idle-X
4056369389,9,986,-71,2467,-4480,-875,idle-X
4056378569,9,986,-71,2485,-4480,-857,idle-X
4056386527,9,986,-72,2485,-4480,-857,idle-X
4056397845,9,986,-72,2467,-4480,-857,idle-X
4056403667,9,986,-72,2467,-4480,-857,idle-X
4056416815,9,986,-72,2467,-4462,-875,idle-X
4056420805,9,986,-71,2467,-4462,-875,idle-X
4056436091,9,986,-71,2467,-4480,-857,idle-X
4056438249,9,986,-72,2467,-4480,-857,idle-X
4056455367,9,986,-72,2467,-4445,-875,idle-X
4056472498,9,986,-71,2467,-4445,-875,idle-X
4056474350,9,986,-71,2485,-4480,-875,idle-X
4056489941,9,986,-71,2485,-4480,-875,idle-X
4056493626,9,986,-71,2485,-4497,-875,idle-X
4056507081,10,986,-71,2485,-4497,-875,idle-X
4056512902,10,986,-71,2450,-4462,-857,idle-X
4056524220,9,986,-72,2450,-4462,-857,idle-X
4056531874,9,986,-72,2467,-4462,-875,idle-X
4056541664,10,985,-71,2467,-4462,-875,idle-X
4056551150,10,985,-71,2502,-4445,-875,idle-X
4056558802,9,986,-71,2502,-4445,-875,idle-X
4056570424,9,986,-71,2450,-4480,-857,idle-X
4056575941,10,986,-72,2450,-4480,-857,idle-X
4056589700,10,986,-72,2450,-4480,-857,idle-X
4056593080,10,986,-71,2450,-4480,-857,idle-X
4056608671,10,986,-71,2467,-4480,-875,idle-X
4056610523,9,986,-71,2467,-4480,-875,idle-X
4056627641,9,986,-71,2467,-4480,-857,idle-X
4056644771,9,986,-71,2467,-4480,-857,idle-X
4056647234,9,986,-71,2467,-4445,-875,idle-X
4056662215,9,986,-72,2467,-4445,-875,idle-X
4056666205,9,986,-72,2502,-4462,-875,idle-X
4056679353,9,986,-72,2502,-4462,-875,idle-X
4056685480,9,986,-72,2502,-4480,-875,idle-X
4056696491,9,986,-72,2502,-4480,-875,idle-X
4056704755,9,986,-72,2485,-4445,-875,idle-X
4056713935,9,986,-71,2485,-4445,-875,idle-X
4056723725,9,986,-71,2432,-4480,-857,idle-X
4056731074,9,986,-71,2432,-4480,-857,idle-X
4056743001,9,986,-71,2450,-4445,-875,idle-X
4056748212,9,985,-71,2450,-4445,-875,idle-X
4056762277,9,985,-71,2467,-4445,-875,idle-X
4056765351,9,986,-71,2467,-4445,-875,idle-X
4056781247,9,986,-71,2467,-4445,-857,idle-X
4056782794,9,986,-72,2467,-4445,-857,idle-X
4056799913,9,986,-71,2467,-4445,-857,idle-X
4056800543,9,986,-71,2502,-4445,-875,idle-X
4056817052,9,986,-72,2502,-4445,-875,idle-X
4056819821,9,986,-72,2485,-4445,-840,idle-X
4056834496,10,986,-72,2485,-4445,-840,idle-X
4056838791,10,986,-72,2467,-4462,-857,idle-X
4056851635,9,986,-72,2467,-4462,-857,idle-X
4056858068,9,986,-72,2467,-4445,-840,idle-X
4056868775,9,986,-71,2467,-4445,-840,idle-X
4056877344,9,986,-71,2467,-4445,-892,idle-X
4056885913,10,986,-71,2467,-4445,-892,idle-X
4056896314,10,986,-71,2467,-4480,-857,idle-X
4056903356,9,986,-71,2467,-4480,-857,idle-X
4056915589,9,986,-71,2450,-4480,-857,idle-X
4056920495,9,986,-72,2450,-4480,-857,idle-X
4056934866,9,986,-72,2467,-4480,-857,idle-X
4056937634,9,986,-72,2467,-4480,-857,idle-X
4056953837,9,986,-72,2467,-4462,-875,idle-X
4056954773,10,986,-71,2467,-4462,-875,idle-X
4056972196,9,986,-71,2467,-4462,-875,idle-X
4056973132,9,986,-71,2467,-4462,-875,idle-X
4056989334,9,986,-72,2467,-4462,-875,idle-X
4056992408,9,986,-72,2450,-4480,-875,idle-X
4057006473,10,986,-72,2450,-4480,-875,idle-X
4057011378,10,986,-72,2485,-4462,-875,idle-X
4057023611,9,986,-71,2485,-4462,-875,idle-X
4057030653,9,986,-71,2467,-4480,-875,idle-X
4057041054,9,986,-71,2467,-4480,-875,idle-X
4057049928,9,986,-71,2450,-4480,-875,idle-X
4057058193,9,985,-71,2450,-4480,-875,idle-X
4057068899,9,985,-71,2450,-4462,-875,idle-X
4057075331,9,986,-72,2450,-4462,-875,idle-X
4057088174,9,986,-72,2467,-4462,-875,idle-X
4057092469,9,986,-71,2467,-4462,-875,idle-X
4057107449,9,986,-71,2485,-4462,-892,idle-X
4057109913,9,986,-72,2485,-4462,-892,idle-X
4057126420,9,986,-72,2485,-4462,-875,idle-X
4057127050,9,986,-72,2485,-4462,-875,idle-X
4057144170,9,986,-72,2485,-4462,-875,idle-X
4057145717,9,986,-72,2502,-4462,-875,idle-X
4057161614,9,986,-72,2502,-4462,-875,idle-X
4057164992,9,986,-72,2467,-4462,-892,idle-X
4057178752,10,986,-71,2467,-4462,-892,idle-X
4057183963,10,986,-71,2467,-4480,-875,idle-X
4057195891,9,986,-71,2467,-4480,-875,idle-X
4057203239,9,986,-71,2485,-4480,-857,idle-X
4057213029,9,986,-71,2485,-4480,-857,idle-X
4057222515,9,986,-71,2485,-4462,-892,idle-X
4057230473,9,986,-71,2485,-4462,-892,idle-X
4057241485,9,986,-71,2485,-4462,-875,idle-X
4057247613,9,986,-71,2485,-4462,-875,idle-X
4057260762,9,986,-71,2467,-4462,-910,idle-X
4057264752,9,986,-72,2467,-4462,-910,idle-X
4057280038,9,986,-72,2450,-4445,-875,idle-X
4057281890,9,986,-71,2450,-4445,-875,idle-X
4057299007,9,986,-71,2467,-4462,-875,idle-X
4057299638,9,986,-71,2467,-4462,-875,idle-X
4057316451,9,986,-71,2467,-4462,-875,idle-X
4057318304,9,986,-71,2467,-4480,-875,idle-X
4057333592,9,986,-71,2467,-4480,-875,idle-X
4057337581,9,986,-71,2432,-4445,-892,idle-X
4057351035,10,986,-72,2432,-4445,-892,idle-X
4057356551,10,986,-72,2485,-4462,-892,idle-X
4057368174,9,986,-71,2485,-4462,-892,idle-X
4057375828,9,986,-71,2467,-4462,-892,idle-X
4057385314,9,986,-72,2467,-4462,-892,idle-X
4057395105,9,986,-72,2502,-4462,-892,idle-X
4057402452,9,986,-71,2502,-4462,-892,idle-X
4057414076,9,986,-71,2485,-4497,-875,idle-X
4057419898,9,986,-72,2485,-4497,-875,idle-X
4057433352,9,986,-72,2450,-4462,-875,idle-X
4057437036,9,986,-72,2450,-4462,-875,idle-X
4057452629,9,986,-72,2485,-4462,-857,idle-X
4057454176,9,986,-72,2485,-4462,-857,idle-X
4057471599,9,986,-72,2467,-4462,-875,idle-X
4057488730,9,986,-71,2467,-4462,-875,idle-X
4057490888,9,986,-71,2485,-4480,-875,idle-X
4057505869,9,986,-71,2485,-4480,-875,idle-X
4057510164,9,986,-71,2450,-4480,-892,idle-X
4057523314,9,986,-72,2450,-4480,-892,idle-X
4057529441,9,986,-72,2467,-4480,-875,idle-X
4057540453,9,986,-72,2467,-4480,-875,idle-X
4057548412,9,986,-72,2467,-4462,-892,idle-X
4057557592,9,986,-72,2467,-4462,-892,idle-X
4057567688,9,986,-72,2467,-4480,-875,idle-X
4057574731,10,986,-71,2467,-4480,-875,idle-X
4057586966,10,986,-71,2467,-4480,-875,idle-X
4057592177,10,986,-71,2467,-4480,-875,idle-X
4057605936,10,986,-71,2485,-4480,-875,idle-X
4057609315,10,986,-71,2485,-4480,-875,idle-X
4057625213,10,986,-71,2467,-4480,-875,idle-X
4057626454,9,986,-72,2467,-4480,-875,idle-X
4057643879,9,986,-72,2467,-4480,-875,idle-X
4057644509,9,986,-72,2485,-4427,-892,idle-X
4057661018,9,986,-71,2485,-4427,-892,idle-X
4057663787,9,986,-71,2467,-4462,-875,idle-X
4057678157,9,986,-71,2467,-4462,-875,idle-X
4057682757,9,986,-71,2502,-4462,-875,idle-X
4057695296,9,986,-72,2502,-4462,-875,idle-X
4057702032,9,986,-72,2467,-4462,-892,idle-X
4057712740,9,986,-71,2467,-4462,-892,idle-X
4057721310,9,986,-71,2467,-4462,-892,idle-X
4057729879,9,986,-71,2467,-4462,-892,idle-X
4057740279,9,986,-71,2450,-4480,-875,idle-X
4057747017,9,986,-71,2450,-4480,-875,idle-X
4057759556,9,986,-71,2467,-4497,-857,idle-X
4057764461,9,986,-72,2467,-4497,-857,idle-X
4057778833,9,986,-72,2467,-4462,-875,idle-X
4057781602,9,986,-71,2467,-4462,-875,idle-X
4057797803,9,986,-71,2467,-4480,-875,idle-X
4057798740,9,986,-72,2467,-4480,-875,idle-X
4057815858,9,986,-72,2467,-4480,-875,idle-X
4057817100,9,986,-72,2450,-4480,-875,idle-X
4057833302,9,986,-71,2450,-4480,-875,idle-X
4057836375,9,986,-71,2450,-4497,-875,idle-X
4057850441,9,986,-71,2450,-4497,-875,idle-X
4057855348,9,986,-71,2485,-4497,-875,idle-X
4057867580,9,986,-71,2485,-4497,-875,idle-X
4057874622,9,986,-71,2485,-4480,-875,idle-X
4057885024,9,986,-72,2485,-4480,-875,idle-X
4057893898,9,986,-72,2467,-4480,-875,idle-X
4057902163,9,986,-71,2467,-4480,-875,idle-X
4057912870,9,986,-71,2450,-4445,-892,idle-X
4057919303,9,986,-72,2450,-4445,-892,idle-X
4057932146,9,986,-72,2450,-4445,-892,idle-X
4057936745,10,986,-72,2450,-4445,-892,idle-X
4057951422,10,986,-72,2432,-4462,-875,idle-X
4057953885,9,986,-72,2432,-4462,-875,idle-X
4057970698,9,986,-72,2450,-4462,-892,idle-X
4057971328,9,986,-71,2450,-4462,-892,idle-X
4057988143,9,986,-72,2450,-4462,-892,idle-X
4057989690,9,986,-72,2467,-4462,-892,idle-X
4058005586,9,986,-71,2467,-4462,-892,idle-X
4058008964,9,986,-71,2467,-4462,-875,idle-X
4058022724,9,986,-72,2467,-4462,-875,idle-X
4058028240,9,986,-72,2485,-4462,-840,idle-X
4058039862,9,986,-72,2485,-4462,-840,idle-X
4058047211,9,986,-72,2467,-4480,-875,idle-X
4058057306,9,986,-72,2467,-4480,-875,idle-X
4058066486,9,986,-72,2467,-4462,-875,idle-X
4058074444,9,986,-71,2467,-4462,-875,idle-X
4058085762,9,986,-71,2450,-4427,-875,idle-X
4058091584,9,986,-71,2450,-4427,-875,idle-X
4058105038,9,986,-71,2467,-4462,-875,idle-X
4058109029,9,986,-71,2467,-4462,-875,idle-X
4058124009,9,986,-71,2467,-4462,-857,idle-X
4058126167,9,986,-72,2467,-4462,-857,idle-X
4058143285,9,985,-72,2485,-4462,-840,idle-X
4058160721,9,986,-71,2485,-4462,-840,idle-X
4058162573,9,986,-71,2467,-4480,-875,idle-X
4058177861,9,986,-71,2467,-4480,-875,idle-X
4058181545,9,986,-71,2467,-4462,-875,idle-X
4058194999,9,986,-72,2467,-4462,-875,idle-X
4058200821,9,986,-72,2467,-4497,-910,idle-X
4058212443,9,986,-72,2467,-4497,-910,idle-X
4058220097,9,986,-72,2467,-4462,-892,idle-X
4058229582,9,986,-72,2467,-4462,-892,idle-X
4058239373,9,986,-72,2485,-4480,-875,idle-X
4058246721,9,986,-71,2485,-4480,-875,idle-X
4058258343,9,986,-71,2467,-4462,-875,idle-X
4058263860,9,986,-72,2467,-4462,-875,idle-X
4058277618,9,986,-72,2432,-4480,-892,idle-X
4058281303,9,986,-72,2432,-4480,-892,idle-X
4058296896,9,986,-72,2485,-4462,-875,idle-X
4058298443,9,986,-72,2485,-4462,-875,idle-X
4058315562,9,986,-71,2485,-4480,-875,idle-X
4058332999,10,986,-72,2485,-4480,-875,idle-X
4058335157,10,986,-72,2450,-4462,-857,idle-X
4058350137,9,986,-71,2450,-4462,-857,idle-X
4058354432,9,986,-71,2450,-4445,-892,idle-X
4058367276,9,986,-72,2450,-4445,-892,idle-X
4058373708,9,986,-72,2467,-4462,-875,idle-X
4058384720,9,986,-72,2467,-4462,-875,idle-X
4058392678,9,986,-72,2467,-4445,-840,idle-X
4058401859,9,986,-72,2467,-4445,-840,idle-X
4058411954,9,986,-72,2485,-4462,-892,idle-X
4058418998,9,986,-71,2485,-4462,-892,idle-X
4058431230,9,986,-71,2485,-4462,-892,idle-X
4058436136,9,986,-71,2485,-4462,-892,idle-X
4058450202,9,986,-71,2467,-4462,-892,idle-X
4058453580,9,986,-71,2467,-4462,-892,idle-X
4058469477,9,986,-71,2467,-4462,-875,idle-X
4058470718,10,986,-71,2467,-4462,-875,idle-X
4058487836,9,986,-71,2467,-4462,-875,idle-X
4058488772,9,986,-71,2467,-4462,-875,idle-X
4058505280,9,986,-71,2467,-4462,-875,idle-X
4058507743,9,986,-71,2467,-4462,-857,idle-X
4058522418,9,985,-72,2467,-4462,-857,idle-X
4058527018,9,985,-72,2467,-4462,-875,idle-X
4058539557,9,986,-71,2467,-4462,-875,idle-X
4058546294,9,986,-71,2467,-4462,-875,idle-X
4058556695,9,986,-71,2467,-4462,-875,idle-X
4058565265,9,986,-71,2485,-4480,-892,idle-X
4058574140,9,986,-72,2485,-4480,-892,idle-X
4058584541,9,986,-72,2485,-4497,-892,idle-X
4058591278,9,986,-72,2485,-4497,-892,idle-X
4058603816,9,986,-72,2485,-4497,-910,idle-X
4058608417,9,986,-72,2485,-4497,-910,idle-X
4058623094,9,986,-72,2485,-4445,-875,idle-X
4058625862,9,986,-72,2485,-4445,-875,idle-X
4058642064,9,986,-72,2467,-4445,-857,idle-X
4058643001,9,986,-71,2467,-4445,-857,idle-X
4058660119,9,986,-71,2467,-4445,-857,idle-X
4058661361,9,986,-71,2485,-4462,-875,idle-X
4058677562,9,985,-71,2485,-4462,-875,idle-X
4058680636,9,985,-71,2467,-4445,-892,idle-X
4058694701,9,986,-71,2467,-4445,-892,idle-X
4058699607,9,986,-71,2467,-4462,-892,idle-X
4058711839,10,986,-71,2467,-4462,-892,idle-X
4058718881,10,986,-71,2467,-4462,-892,idle-X
4058728977,9,986,-72,2467,-4462,-892,idle-X
4058738156,9,986,-72,2485,-4462,-892,idle-X
4058746420,9,986,-71,2485,-4462,-892,idle-X
4058757127,9,986,-71,2467,-4480,-892,idle-X
4058763560,9,986,-71,2467,-4480,-892,idle-X
4058776404,9,986,-71,2450,-4480,-857,idle-X
4058780698,9,986,-72,2450,-4480,-857,idle-X
4058795679,9,986,-72,2485,-4480,-857,idle-X
4058797837,9,986,-72,2485,-4480,-857,idle-X
4058814649,9,986,-72,2502,-4497,-875,idle-X
4058815280,9,986,-71,2502,-4497,-875,idle-X
4058832399,9,986,-71,2502,-4497,-875,idle-X
4058833945,9,986,-71,2485,-4480,-892,idle-X
4058849537,9,985,-72,2485,-4480,-892,idle-X
4058853221,9,985,-72,2485,-4480,-857,idle-X
4058866981,9,986,-71,2485,-4480,-857,idle-X
4058872497,9,986,-71,2485,-4462,-857,idle-X
4058884119,9,986,-71,2485,-4462,-857,idle-X
4058891468,9,986,-71,2467,-4445,-875,idle-X
4058901259,9,986,-71,2467,-4445,-875,idle-X
4058910744,9,986,-71,2467,-4480,-857,idle-X
4058918703,10,986,-71,2467,-4480,-857,idle-X
4058930020,10,986,-71,2467,-4480,-857,idle-X
4058935841,10,986,-71,2467,-4480,-857,idle-X
4058948990,10,986,-71,2467,-4480,-875,idle-X
4058952980,9,986,-71,2467,-4480,-875,idle-X
4058968267,9,986,-71,2485,-4480,-840,idle-X
4058970424,9,985,-71,2485,-4480,-840,idle-X
4058987542,10,986,-72,2502,-4480,-840,idle-X
4059004672,9,986,-72,2502,-4480,-840,idle-X
4059006830,9,986,-72,2450,-4462,-875,idle-X
4059022118,9,986,-71,2450,-4462,-875,idle-X
4059025802,9,986,-71,2450,-4445,-892,idle-X
4059039256,9,986,-71,2450,-4445,-892,idle-X
4059045077,9,986,-71,2467,-4480,-875,idle-X
4059056394,9,986,-71,2467,-4480,-875,idle-X
4059064352,9,986,-71,2485,-4480,-857,idle-X
4059073531,9,986,-72,2485,-4480,-857,idle-X
4059083321,9,986,-72,2450,-4462,-857,idle-X
4059090974,9,986,-71,2450,-4462,-857,idle-X
4059102596,9,986,-71,2450,-4480,-857,idle-X
4059108112,9,986,-72,2450,-4480,-857,idle-X
4059121871,9,986,-72,2450,-4445,-840,idle-X
4059125249,9,986,-72,2450,-4445,-840,idle-X
4059141145,9,986,-72,2485,-4462,-875,idle-X
4059142691,9,986,-71,2485,-4462,-875,idle-X
4059159809,9,986,-71,2485,-4462,-892,idle-X
4059176939,9,986,-71,2485,-4462,-892,idle-X
4059179402,9,986,-71,2485,-4462,-857,idle-X
4059194383,9,986,-71,2485,-4462,-857,idle-X
4059198677,9,986,-71,2467,-4462,-875,idle-X
4059211522,9,986,-71,2467,-4462,-875,idle-X
4059217649,9,986,-71,2485,-4480,-910,idle-X
4059228661,9,987,-71,2485,-4480,-910,idle-X
4059236924,9,987,-71,2450,-4480,-892,idle-X
4059245799,9,986,-71,2450,-4480,-892,idle-X
4059256200,9,986,-71,2467,-4462,-892,idle-X
4059263242,9,986,-72,2467,-4462,-892,idle-X
4059275475,9,986,-72,2467,-4480,-875,idle-X
4059280382,9,986,-72,2467,-4480,-875,idle-X
4059294447,9,986,-72,2467,-4497,-892,idle-X
4059297521,9,986,-72,2467,-4497,-892,idle-X
4059313723,9,986,-72,2450,-4462,-840,idle-X
4059314964,9,986,-71,2450,-4462,-840,idle-X
4059332083,9,986,-71,2450,-4462,-840,idle-X
4059333019,9,986,-71,2485,-4497,-857,idle-X
4059349221,9,986,-72,2485,-4497,-857,idle-X
4059351989,9,986,-72,2467,-4480,-875,idle-X
4059366664,9,986,-71,2467,-4480,-875,idle-X
4059371264,9,986,-71,2467,-4462,-892,idle-X
4059383802,9,986,-71,2467,-4462,-892,idle-X
4059390539,9,986,-71,2467,-4480,-875,idle-X
4059400940,9,986,-71,2467,-4480,-875,idle-X
4059409510,9,986,-71,2467,-4480,-875,idle-X
4059418080,9,986,-72,2467,-4480,-875,idle-X
4059428786,9,986,-72,2467,-4480,-857,idle-X
4059435524,9,986,-71,2467,-4480,-857,idle-X
4059448062,9,986,-71,2467,-4480,-857,idle-X
4059452661,9,986,-71,2467,-4480,-857,idle-X
4059467030,9,986,-71,2485,-4480,-892,idle-X
4059469798,9,986,-71,2485,-4480,-892,idle-X
4059486306,9,986,-71,2485,-4480,-875,idle-X
4059487243,9,986,-71,2485,-4480,-875,idle-X
4059504361,9,986,-72,2485,-4480,-875,idle-X
4059505603,9,986,-72,2467,-4480,-875,idle-X
4059521500,9,986,-72,2467,-4480,-875,idle-X
4059524574,9,986,-72,2502,-4462,-892,idle-X
4059538639,9,986,-71,2502,-4462,-892,idle-X
4059543850,9,986,-71,2485,-4480,-875,idle-X
4059556084,9,986,-71,2485,-4480,-875,idle-X
4059563127,9,986,-71,2467,-4445,-857,idle-X
4059573222,9,986,-71,2467,-4445,-857,idle-X
4059582402,9,986,-71,2467,-4445,-875,idle-X
4059590361,9,986,-71,2467,-4445,-875,idle-X
4059601372,9,986,-71,2485,-4480,-892,idle-X
4059607805,9,986,-72,2485,-4480,-892,idle-X
4059620649,9,986,-72,2485,-4462,-875,idle-X
4059624944,9,986,-71,2485,-4462,-875,idle-X
4059639923,9,986,-71,2467,-4480,-910,idle-X
4059642081,9,986,-71,2467,-4480,-910,idle-X
4059658893,9,986,-71,2467,-4445,-892,idle-X
4059659524,9,986,-71,2467,-4445,-892,idle-X
4059676643,9,986,-71,2467,-4445,-892,idle-X
4059678190,9,986,-71,2467,-4480,-857,idle-X
4059693782,9,986,-72,2467,-4480,-857,idle-X
4059697466,9,986,-72,2502,-4462,-875,idle-X
4059710920,9,986,-71,2502,-4462,-875,idle-X
4059716741,9,986,-71,2485,-4462,-892,idle-X
4059728363,10,986,-71,2485,-4462,-892,idle-X
4059735712,10,986,-71,2485,-4462,-892,idle-X
4059745503,10,986,-71,2485,-4462,-892,idle-X
4059754988,10,986,-71,2485,-4462,-875,idle-X
4059762641,9,986,-71,2485,-4462,-875,idle-X
4059774264,9,986,-71,2485,-4480,-857,idle-X
4059780086,9,986,-71,2485,-4480,-857,idle-X
4059793234,9,986,-71,2467,-4462,-875,idle-X
4059797224,9,986,-71,2467,-4462,-875,idle-X
4059812512,9,986,-71,2467,-4462,-875,idle-X
4059814363,9,986,-71,2467,-4462,-875,idle-X
4059831787,9,986,-72,2502,-4462,-875,idle-X
4059848917,9,986,-71,2502,-4462,-875,idle-X
4059850769,9,986,-71,2467,-4462,-857,idle-X
4059866056,9,986,-72,2467,-4462,-857,idle-X
4059870046,9,986,-72,2467,-4445,-857,idle-X
4059883195,9,986,-71,2467,-4445,-857,idle-X
4059889322,9,986,-71,2467,-4462,-892,idle-X
4059900639,9,986,-72,2467,-4462,-892,idle-X
4059908597,9,986,-72,2485,-4480,-910,idle-X
4059917778,9,986,-71,2485,-4480,-910,idle-X
4059927568,9,986,-71,2450,-4497,-875,idle-X
4059934917,10,986,-72,2450,-4497,-875,idle-X
4059946846,10,986,-72,2467,-4462,-875,idle-X
4059952362,9,986,-72,2467,-4462,-875,idle-X
4059966121,9,986,-72,2450,-4497,-857,idle-X
4059969500,10,986,-71,2450,-4497,-857,idle-X
4059985091,10,986,-71,2485,-4427,-857,idle-X
4059986638,9,986,-72,2485,-4427,-857,idle-X
4060004061,9,985,-72,2450,-4462,-857,idle-X
4060021190,8,986,-71,2450,-4462,-857,idle-X
4060023653,8,986,-71,2450,-4427,-875,idle-X
4060038329,9,986,-71,2450,-4427,-875,idle-X
4060042624,9,986,-71,2450,-4462,-857,idle-X
4060055467,9,986,-71,2450,-4462,-857,idle-X
4060061899,9,986,-71,2467,-4480,-892,idle-X
4060072912,9,986,-72,2467,-4480,-892,idle-X
4060081176,9,986,-72,2467,-4462,-875,idle-X
4060090050,9,986,-72,2467,-4462,-875,idle-X
4060100146,9,986,-72,2485,-4480,-892,idle-X
4060107188,9,986,-72,2485,-4480,-892,idle-X
4060119421,9,986,-72,2467,-4462,-892,idle-X
4060124327,9,986,-71,2467,-4462,-892,idle-X
4060138698,9,986,-71,2450,-4462,-875,idle-X
4060141771,10,986,-71,2450,-4462,-875,idle-X
4060157667,10,986,-71,2450,-4462,-875,idle-X
4060158909,9,986,-72,2450,-4462,-875,idle-X
4060176027,9,986,-72,2450,-4462,-875,idle-X
4060176963,9,986,-72,2467,-4480,-910,idle-X
4060193470,9,986,-72,2467,-4480,-910,idle-X
4060196239,9,986,-72,2467,-4462,-875,idle-X
4060210609,9,986,-71,2467,-4462,-875,idle-X
4060215209,9,986,-71,2467,-4480,-857,idle-X
4060227747,9,986,-72,2467,-4480,-857,idle-X
4060234485,9,986,-72,2485,-4497,-857,idle-X
4060244886,9,986,-71,2485,-4497,-857,idle-X
4060253759,9,986,-71,2450,-4462,-857,idle-X
4060262328,9,986,-71,2450,-4462,-857,idle-X
4060273034,9,986,-71,2502,-4462,-875,idle-X
4060279466,9,986,-72,2502,-4462,-875,idle-X
4060292004,9,986,-72,2467,-4462,-857,idle-X
4060296604,9,986,-71,2467,-4462,-857,idle-X
4060311278,9,986,-71,2485,-4462,-857,idle-X
4060313741,9,986,-71,2485,-4462,-857,idle-X
4060330555,9,986,-71,2485,-4480,-875,idle-X
4060331185,9,986,-72,2485,-4480,-875,idle-X
4060348303,9,986,-72,2485,-4480,-875,idle-X
4060349545,9,986,-72,2450,-4480,-892,idle-X
4060365442,9,986,-71,2450,-4480,-892,idle-X
4060368821,9,986,-71,2450,-4480,-892,idle-X
4060382886,9,986,-71,2450,-4480,-892,idle-X
4060388097,9,986,-71,2485,-4462,-892,idle-X
4060400025,9,986,-72,2485,-4462,-892,idle-X
4060407067,9,986,-72,2467,-4462,-892,idle-X
4060417163,9,986,-71,2467,-4462,-892,idle-X
4060426343,9,986,-71,2450,-4462,-892,idle-X
4060434607,10,986,-72,2450,-4462,-892,idle-X
4060445618,10,986,-72,2467,-4462,-875,idle-X
4060451745,10,986,-71,2467,-4462,-875,idle-X
4060464588,10,986,-71,2467,-4497,-875,idle-X
4060468883,9,986,-71,2467,-4497,-875,idle-X
4060483862,9,986,-71,2485,-4462,-875,idle-X
4060486021,9,986,-71,2485,-4462,-875,idle-X
4060503138,9,986,-71,2467,-4445,-857,idle-X
4060503768,9,986,-71,2467,-4445,-857,idle-X
4060520581,9,986,-71,2467,-4445,-857,idle-X
4060522433,9,986,-71,2450,-4445,-892,idle-X
4060537720,9,986,-71,2450,-4445,-892,idle-X
4060541405,9,986,-71,2432,-4445,-892,idle-X
4060555165,9,986,-72,2432,-4445,-892,idle-X
4060560682,9,986,-72,2467,-4462,-892,idle-X
4060572303,9,986,-71,2467,-4462,-892,idle-X
4060579956,9,986,-71,2502,-4480,-857,idle-X
4060589442,9,986,-72,2502,-4480,-857,idle-X
4060598928,9,986,-72,2467,-4427,-840,idle-X
4060606886,9,986,-71,2467,-4427,-840,idle-X
4060618203,9,986,-71,2467,-4462,-875,idle-X
4060624024,9,986,-71,2467,-4462,-875,idle-X
4060637478,9,986,-71,2450,-4445,-892,idle-X
4060641162,9,986,-72,2450,-4445,-892,idle-X
4060656448,9,986,-72,2450,-4445,-857,idle-X
4060658301,9,986,-71,2450,-4445,-857,idle-X
4060675724,9,986,-71,2467,-4462,-857,idle-X
4060692855,9,986,-72,2467,-4462,-857,idle-X
4060695012,9,986,-72,2450,-4462,-875,idle-X
4060709993,9,986,-72,2450,-4462,-875,idle-X
4060714288,9,986,-72,2467,-4480,-875,idle-X
4060727437,9,986,-71,2467,-4480,-875,idle-X
4060733259,9,986,-71,2485,-4480,-875,idle-X
4060744576,9,986,-72,2485,-4480,-875,idle-X
4060752535,9,986,-72,2467,-4480,-892,idle-X
4060761715,9,986,-71,2467,-4480,-892,idle-X
4060771811,9,986,-71,2467,-4480,-875,idle-X
4060779158,10,986,-71,2467,-4480,-875,idle-X
4060790781,10,986,-71,2432,-4462,-857,idle-X
4060796298,9,986,-71,2432,-4462,-857,idle-X
4060810057,9,986,-71,2450,-4462,-857,idle-X
4060813436,10,986,-71,2450,-4462,-857,idle-X
4060829332,10,986,-71,2467,-4462,-892,idle-X
4060830574,10,986,-71,2467,-4462,-892,idle-X
4060847998,10,986,-71,2467,-4462,-875,idle-X
4060865130,9,986,-72,2467,-4462,-875,idle-X
4060867593,9,986,-72,2467,-4480,-857,idle-X
4060882268,10,986,-72,2467,-4480,-857,idle-X
4060886868,10,986,-72,2485,-4462,-875,idle-X
4060899712,9,986,-72,2485,-4462,-875,idle-X
4060905838,9,986,-72,2485,-4462,-857,idle-X
4060916850,9,986,-71,2485,-4462,-857,idle-X
4060925114,9,986,-71,2467,-4462,-857,idle-X
4060933988,9,986,-71,2467,-4462,-857,idle-X
4060944388,9,986,-71,2467,-4462,-840,idle-X
4060951431,9,986,-71,2467,-4462,-840,idle-X
4060963664,9,986,-71,2467,-4480,-875,idle-X
4060968569,9,986,-72,2467,-4480,-875,idle-X
4060982635,9,986,-72,2467,-4497,-875,idle-X
4060985708,9,986,-71,2467,-4497,-875,idle-X
4061001911,9,986,-71,2467,-4480,-892,idle-X
4061002847,9,986,-71,2467,-4480,-892,idle-X
4061020270,9,986,-72,2467,-4480,-892,idle-X
4061021207,9,986,-72,2485,-4497,-875,idle-X
4061037409,9,986,-71,2485,-4497,-875,idle-X
4061040178,9,986,-71,2485,-4462,-892,idle-X
4061054549,9,986,-72,2485,-4462,-892,idle-X
4061059454,9,986,-72,2467,-4480,-857,idle-X
4061071992,9,986,-72,2467,-4480,-857,idle-X
4061078730,9,986,-72,2467,-4462,-857,idle-X
4061089131,9,986,-72,2467,-4462,-857,idle-X
4061098005,9,986,-72,2485,-4462,-892,idle-X
4061106270,9,986,-72,2485,-4462,-892,idle-X
4061116977,9,986,-72,2467,-4462,-857,idle-X
4061123714,9,986,-72,2467,-4462,-857,idle-X
4061136252,9,986,-72,2485,-4462,-857,idle-X
4061140852,9,986,-71,2485,-4462,-857,idle-X
4061155526,9,986,-71,2450,-4445,-875,idle-X
4061157988,9,986,-71,2450,-4445,-875,idle-X
4061174495,9,986,-71,2467,-4480,-857,idle-X
4061175431,9,986,-71,2467,-4480,-857,idle-X
4061192550,9,986,-71,2467,-4480,-857,idle-X
4061193793,9,986,-71,2450,-4480,-857,idle-X
4061209690,9,986,-72,2450,-4480,-857,idle-X
4061213068,9,986,-72,2450,-4445,-857,idle-X
4061226827,9,986,-72,2450,-4445,-857,idle-X
4061232037,9,986,-72,2467,-4462,-875,idle-X
4061244271,9,986,-72,2467,-4462,-875,idle-X
4061251313,9,986,-72,2485,-4445,-875,idle-X
4061261409,9,986,-72,2485,-4445,-875,idle-X
4061270589,9,986,-72,2467,-4445,-892,idle-X
4061278547,9,986,-71,2467,-4445,-892,idle-X
4061289863,9,986,-71,2450,-4480,-875,idle-X
4061295990,9,985,-71,2450,-4480,-875,idle-X
4061308835,9,985,-71,2450,-4497,-892,idle-X
4061313130,9,986,-72,2450,-4497,-892,idle-X
4061328111,9,986,-72,2485,-4462,-840,idle-X
4061330269,9,986,-71,2485,-4462,-840,idle-X
4061347387,9,986,-71,2450,-4462,-840,idle-X
4061348017,9,986,-71,2450,-4462,-840,idle-X
4061364829,9,986,-72,2450,-4462,-840,idle-X
4061366376,9,986,-72,2485,-4462,-875,idle-X
4061381968,9,986,-71,2485,-4462,-875,idle-X
4061385651,9,986,-71,2485,-4462,-892,idle-X
4061399106,9,986,-72,2485,-4462,-892,idle-X
4061404927,9,986,-72,2485,-4445,-875,idle-X
4061416550,9,986,-71,2485,-4445,-875,idle-X
4061423898,9,986,-71,2467,-4462,-857,idle-X
4061433688,9,986,-72,2467,-4462,-857,idle-X
4061443174,9,986,-72,2467,-4445,-857,idle-X
4061450828,9,986,-71,2467,-4445,-857,idle-X
4061462449,9,986,-71,2485,-4445,-857,idle-X
4061467965,9,986,-71,2485,-4445,-857,idle-X
4061481419,9,986,-71,2485,-4480,-892,idle-X
4061485409,9,987,-72,2485,-4480,-892,idle-X
4061500695,9,987,-72,2485,-4480,-875,idle-X
4061502548,9,986,-72,2485,-4480,-875,idle-X
4061519667,9,985,-72,2485,-4497,-892,idle-X
4061537103,9,986,-71,2485,-4497,-892,idle-X
4061538955,9,986,-71,2502,-4462,-875,idle-X
4061554242,10,986,-72,2502,-4462,-875,idle-X
4061558231,10,986,-72,2502,-4462,-892,idle-X
4061571379,9,986,-71,2502,-4462,-892,idle-X
4061577506,9,986,-71,2485,-4480,-857,idle-X
4061588518,9,986,-71,2485,-4480,-857,idle-X
4061596477,9,986,-71,2450,-4515,-875,idle-X
4061605962,9,986,-71,2450,-4515,-875,idle-X
4061615752,9,986,-71,2485,-4515,-892,idle-X
4061623100,9,986,-71,2485,-4515,-892,idle-X
4061635028,9,986,-71,2502,-4480,-875,idle-X
4061640239,9,986,-72,2502,-4480,-875,idle-X
4061653998,9,986,-72,2485,-4480,-875,idle-X
4061657377,10,986,-71,2485,-4480,-875,idle-X
4061673272,10,986,-71,2485,-4480,-892,idle-X
4061674819,9,986,-72,2485,-4480,-892,idle-X
4061691937,9,986,-72,2485,-4480,-892,idle-X
4061692567,9,986,-72,2467,-4462,-857,idle-X
4061709077,9,985,-71,2467,-4462,-857,idle-X
4061711540,9,985,-71,2485,-4462,-875,idle-X
4061726521,9,986,-72,2485,-4462,-875,idle-X
4061730816,9,986,-72,2485,-4462,-892,idle-X
4061743659,9,986,-71,2485,-4462,-892,idle-X
4061750090,9,986,-71,2502,-4462,-892,idle-X
4061760797,9,985,-71,2502,-4462,-892,idle-X
4061769059,9,985,-71,2485,-4462,-875,idle-X
4061777934,9,986,-72,2485,-4462,-875,idle-X
4061788335,9,986,-72,2467,-4480,-875,idle-X
4061795378,9,986,-71,2467,-4480,-875,idle-X
4061807611,9,986,-71,2467,-4445,-875,idle-X
4061812516,9,986,-71,2467,-4445,-875,idle-X
4061826887,9,986,-71,2467,-4445,-892,idle-X
4061829655,9,986,-71,2467,-4445,-892,idle-X
4061845857,9,986,-71,2485,-4480,-892,idle-X
4061846794,9,986,-71,2485,-4480,-892,idle-X
4061864217,9,986,-71,2485,-4480,-892,idle-X
4061865154,9,986,-71,2467,-4462,-892,idle-X
4061881355,9,986,-72,2467,-4462,-892,idle-X
4061884429,9,986,-72,2485,-4480,-875,idle-X
4061898494,9,986,-72,2485,-4480,-875,idle-X
4061903400,9,986,-72,2467,-4480,-910,idle-X
4061915939,9,986,-72,2467,-4480,-910,idle-X
4061922676,9,986,-72,2467,-4480,-892,idle-X
4061933077,9,986,-71,2467,-4480,-892,idle-X
4061941952,9,986,-71,2485,-4462,-857,idle-X
4061950216,9,986,-72,2485,-4462,-857,idle-X
4061960922,9,986,-72,2485,-4462,-875,idle-X
4061967354,9,986,-72,2485,-4462,-875,idle-X
4061980198,9,986,-72,2450,-4462,-875,idle-X
4061984797,9,986,-72,2450,-4462,-875,idle-X
4061999473,9,986,-72,2450,-4462,-875,idle-X
4062001936,9,986,-71,2450,-4462,-875,idle-X
4062018443,9,986,-71,2450,-4445,-875,idle-X
4062019073,9,986,-72,2450,-4445,-875,idle-X
4062036497,9,986,-71,2450,-4445,-875,idle-X
4062037739,9,986,-71,2467,-4462,-875,idle-X
4062053635,9,986,-72,2467,-4462,-875,idle-X
4062057014,9,986,-72,2450,-4462,-875,idle-X
4062070773,10,986,-71,2450,-4462,-875,idle-X
4062076289,10,986,-71,2467,-4462,-875,idle-X
4062088216,9,986,-72,2467,-4462,-875,idle-X
4062095260,9,986,-72,2485,-4462,-875,idle-X
4062105356,9,986,-71,2485,-4462,-875,idle-X
4062114535,9,986,-71,2467,-4462,-875,idle-X
4062122494,9,986,-72,2467,-4462,-875,idle-X
4062133811,9,986,-72,2467,-4462,-857,idle-X
4062139632,9,985,-71,2467,-4462,-857,idle-X
4062152782,9,985,-71,2485,-4462,-875,idle-X
4062157077,9,986,-71,2485,-4462,-875,idle-X
4062172058,9,986,-71,2485,-4445,-857,idle-X
4062174215,9,986,-71,2485,-4445,-857,idle-X
4062191333,9,986,-71,2467,-4462,-875,idle-X
4062208769,10,986,-71,2467,-4462,-875,idle-X
4062210621,10,986,-71,2467,-4497,-875,idle-X
4062225908,9,986,-72,2467,-4497,-875,idle-X
4062229592,9,986,-72,2467,-4480,-875,idle-X
4062243047,9,986,-71,2467,-4480,-875,idle-X
4062248868,9,986,-71,2485,-4462,-892,idle-X
4062260490,9,986,-71,2485,-4462,-892,idle-X
4062268144,9,986,-71,2467,-4462,-892,idle-X
4062277630,9,986,-71,2467,-4462,-892,idle-X
4062287114,9,986,-71,2450,-4462,-875,idle-X
4062294767,9,986,-72,2450,-4462,-875,idle-X
4062306390,9,986,-72,2467,-4462,-875,idle-X
4062312212,9,986,-72,2467,-4462,-875,idle-X
4062325666,9,986,-72,2467,-4445,-875,idle-X
4062329350,9,986,-71,2467,-4445,-875,idle-X
4062344940,9,986,-71,2450,-4462,-910,idle-X
4062346488,9,986,-71,2450,-4462,-910,idle-X
4062363913,9,986,-71,2467,-4462,-875,idle-X
4062381043,9,986,-72,2467,-4462,-875,idle-X
4062383200,9,986,-72,2450,-4480,-875,idle-X
4062398181,9,986,-72,2450,-4480,-875,idle-X
4062402476,9,986,-72,2467,-4480,-875,idle-X
4062415624,9,986,-71,2467,-4480,-875,idle-X
4062421446,9,986,-71,2467,-4462,-875,idle-X
4062432763,9,986,-71,2467,-4462,-875,idle-X
4062440721,9,986,-71,2467,-4462,-857,idle-X
4062449901,9,986,-72,2467,-4462,-857,idle-X
4062459997,9,986,-72,2485,-4462,-892,idle-X
4062467040,9,986,-72,2485,-4462,-892,idle-X
4062479273,9,986,-72,2485,-4480,-910,idle-X
4062484483,9,986,-71,2485,-4480,-910,idle-X
4062498243,9,986,-71,2485,-4480,-875,idle-X
4062501622,9,986,-71,2485,-4480,-875,idle-X
4062517519,9,986,-71,2467,-4462,-875,idle-X
4062518761,9,986,-72,2467,-4462,-875,idle-X
4062536184,9,986,-71,2467,-4462,-875,idle-X
4062536814,9,986,-71,2467,-4462,-892,idle-X
4062553322,10,986,-71,2467,-4462,-892,idle-X
4062555785,10,986,-71,2485,-4462,-892,idle-X
4062570461,9,986,-71,2485,-4462,-892,idle-X
4062575060,9,986,-71,2450,-4480,-857,idle-X
4062587903,9,986,-71,2450,-4480,-857,idle-X
4062594335,9,986,-71,2467,-4480,-857,idle-X
4062605042,9,986,-71,2467,-4480,-857,idle-X
4062613306,9,986,-71,2467,-4480,-857,idle-X
4062622181,9,986,-72,2467,-4480,-857,idle-X
4062632583,9,986,-72,2467,-4480,-857,idle-X
4062639320,9,986,-72,2467,-4480,-857,idle-X
4062651858,9,986,-72,2485,-4462,-875,idle-X
4062656763,9,986,-72,2485,-4462,-875,idle-X
4062671134,9,986,-72,2467,-4497,-857,idle-X
4062673902,9,986,-71,2467,-4497,-857,idle-X
4062690105,9,986,-71,2450,-4480,-892,idle-X
4062691041,9,986,-71,2450,-4480,-892,idle-X
4062708464,9,986,-72,2450,-4480,-892,idle-X
4062709401,9,986,-72,2432,-4427,-875,idle-X
4062725603,9,986,-71,2432,-4427,-875,idle-X
4062728677,9,986,-71,2467,-4480,-875,idle-X
4062742741,9,986,-72,2467,-4480,-875,idle-X
4062747646,9,986,-72,2485,-4462,-875,idle-X
4062759880,9,986,-71,2485,-4462,-875,idle-X
4062766922,9,986,-71,2485,-4462,-857,idle-X
4062777323,9,986,-71,2485,-4462,-857,idle-X
4062786198,9,986,-71,2467,-4445,-875,idle-X
4062794461,9,985,-71,2467,-4445,-875,idle-X
4062805167,9,985,-71,2467,-4462,-875,idle-X
4062811599,10,986,-71,2467,-4462,-875,idle-X
4062824443,10,986,-71,2485,-4445,-892,idle-X
4062829045,9,986,-71,2485,-4445,-892,idle-X
4062843720,9,986,-71,2450,-4462,-875,idle-X
4062846183,9,986,-72,2450,-4462,-875,idle-X
4062862690,9,986,-72,2450,-4445,-875,idle-X
4062863320,9,986,-71,2450,-4445,-875,idle-X
4062880744,9,986,-71,2450,-4445,-875,idle-X
4062881986,9,986,-71,2450,-4445,-892,idle-X
4062897883,9,986,-71,2450,-4445,-892,idle-X
4062901261,9,986,-71,2467,-4480,-910,idle-X
4062915021,9,986,-72,2467,-4480,-910,idle-X
4062920231,9,986,-72,2450,-4480,-857,idle-X
4062932158,9,985,-71,2450,-4480,-857,idle-X
4062939505,9,985,-71,2450,-4480,-875,idle-X
4062949603,10,986,-72,2450,-4480,-875,idle-X
4062958783,10,986,-72,2467,-4462,-910,idle-X
4062966741,10,986,-71,2467,-4462,-910,idle-X
4062978058,10,986,-71,2467,-4480,-875,idle-X
4062983879,9,986,-71,2467,-4480,-875,idle-X
4062997028,9,986,-71,2467,-4480,-875,idle-X
4063001322,9,986,-72,2467,-4480,-875,idle-X
4063016304,9,986,-72,2450,-4480,-875,idle-X
4063018461,9,986,-71,2450,-4480,-875,idle-X
4063035579,9,986,-72,2450,-4480,-857,idle-X
4063053015,9,986,-72,2450,-4480,-857,idle-X
4063054562,9,986,-72,2450,-4480,-875,idle-X
4063070153,9,986,-72,2450,-4480,-875,idle-X
4063073836,9,986,-72,2467,-4480,-892,idle-X
4063087290,9,986,-72,2467,-4480,-892,idle-X
4063093112,9,986,-72,2467,-4462,-875,idle-X
4063104429,9,986,-72,2467,-4462,-875,idle-X
4063112082,9,986,-72,2467,-4445,-892,idle-X
4063121872,9,986,-71,2467,-4445,-892,idle-X
4063131357,9,986,-71,2485,-4462,-892,idle-X
4063139011,9,986,-71,2485,-4462,-892,idle-X
4063150634,9,986,-71,2467,-4480,-875,idle-X
4063156150,9,986,-72,2467,-4480,-875,idle-X
4063169910,9,986,-72,2450,-4462,-875,idle-X
4063173594,9,986,-71,2450,-4462,-875,idle-X
4063188879,9,986,-71,2467,-4445,-892,idle-X
4063190732,9,986,-71,2467,-4445,-892,idle-X
4063207850,9,986,-71,2467,-4462,-875,idle-X
4063225286,9,986,-71,2467,-4462,-875,idle-X
4063227444,9,986,-71,2485,-4497,-875,idle-X
4063242426,9,986,-71,2485,-4497,-875,idle-X
4063246415,9,986,-71,2467,-4445,-875,idle-X
4063259564,9,986,-72,2467,-4445,-875,idle-X
4063265691,9,986,-72,2467,-4480,-857,idle-X
4063276703,9,986,-71,2467,-4480,-857,idle-X
4063284967,9,986,-71,2485,-4462,-875,idle-X
4063294147,9,986,-71,2485,-4462,-875,idle-X
4063304242,9,986,-71,2502,-4462,-875,idle-X
4063311285,8,986,-71,2502,-4462,-875,idle-X
4063323213,8,986,-71,2502,-4445,-892,idle-X
4063328423,9,986,-72,2502,-4445,-892,idle-X
4063342489,9,986,-72,2485,-4462,-892,idle-X
4063345868,9,985,-72,2485,-4462,-892,idle-X
4063361765,9,985,-72,2467,-4445,-875,idle-X
4063363007,9,986,-71,2467,-4445,-875,idle-X
4063380125,9,986,-71,2467,-4445,-875,idle-X
4063380755,9,986,-71,2485,-4445,-857,idle-X
4063397263,10,986,-72,2485,-4445,-857,idle-X
4063400030,10,986,-72,2467,-4497,-875,idle-X
4063414707,10,986,-72,2467,-4497,-875,idle-X
4063419307,10,986,-72,2467,-4462,-892,idle-X
4063431844,9,986,-72,2467,-4462,-892,idle-X
4063438276,9,986,-72,2467,-4480,-875,idle-X
4063448982,9,986,-71,2467,-4480,-875,idle-X
4063457551,9,986,-71,2450,-4480,-875,idle-X
4063466425,9,986,-71,2450,-4480,-875,idle-X
4063476828,9,986,-71,2467,-4462,-857,idle-X
4063483565,9,986,-71,2467,-4462,-857,idle-X
4063495799,9,986,-71,2467,-4445,-857,idle-X
4063500704,9,986,-71,2467,-4445,-857,idle-X
4063515074,9,986,-71,2485,-4445,-875,idle-X
4063517842,9,986,-71,2485,-4445,-875,idle-X
4063534348,9,986,-71,2485,-4480,-875,idle-X
4063535284,9,986,-71,2485,-4480,-875,idle-X
4063552403,9,986,-72,2485,-4480,-875,idle-X
4063553339,9,986,-72,2502,-4480,-875,idle-X
4063569541,9,986,-71,2502,-4480,-875,idle-X
4063572614,9,986,-71,2485,-4480,-892,idle-X
4063586983,9,986,-72,2485,-4480,-892,idle-X
4063591887,9,986,-72,2485,-4462,-875,idle-X
4063604120,9,986,-72,2485,-4462,-875,idle-X
4063611163,9,986,-72,2467,-4445,-840,idle-X
4063621260,9,986,-72,2467,-4445,-840,idle-X
4063630135,9,986,-72,2467,-4462,-857,idle-X
4063638703,9,986,-72,2467,-4462,-857,idle-X
4063649408,9,986,-72,2467,-4462,-892,idle-X
4063655840,9,986,-72,2467,-4462,-892,idle-X
4063668683,9,986,-72,2485,-4462,-892,idle-X
4063672978,9,986,-71,2485,-4462,-892,idle-X
4063687653,9,986,-71,2485,-4480,-875,idle-X
4063690116,9,986,-71,2485,-4480,-875,idle-X
4063706929,9,986,-71,2467,-4462,-892,idle-X
4063707559,9,986,-71,2467,-4462,-892,idle-X
4063724678,9,986,-72,2467,-4462,-892,idle-X
4063726225,9,986,-72,2432,-4480,-892,idle-X
4063741817,9,986,-71,2432,-4480,-892,idle-X
4063745501,9,986,-71,2467,-4445,-857,idle-X
4063759261,9,986,-72,2467,-4445,-857,idle-X
4063764472,9,986,-72,2485,-4462,-892,idle-X
4063776400,9,986,-72,2485,-4462,-892,idle-X
4063783748,9,986,-72,2467,-4462,-857,idle-X
4063793539,9,986,-71,2467,-4462,-857,idle-X
4063803025,9,986,-71,2502,-4462,-840,idle-X
4063810983,9,986,-72,2502,-4462,-840,idle-X
4063821995,9,986,-72,2485,-4480,-857,idle-X
4063828122,10,986,-72,2485,-4480,-857,idle-X
4063841270,10,986,-72,2467,-4480,-892,idle-X
4063845260,9,986,-72,2467,-4480,-892,idle-X
4063860545,9,986,-72,2450,-4480,-875,idle-X
4063862397,9,986,-72,2450,-4480,-875,idle-X
4063879517,9,986,-72,2415,-4462,-857,idle-X
4063880147,9,986,-71,2415,-4462,-857,idle-X
4063896959,10,986,-71,2415,-4462,-857,idle-X
4063898812,10,986,-71,2450,-4462,-875,idle-X
4063914099,9,986,-72,2450,-4462,-875,idle-X
4063918088,9,986,-72,2467,-4462,-892,idle-X
4063931542,9,986,-71,2467,-4462,-892,idle-X
4063937057,9,986,-71,2467,-4462,-857,idle-X
4063948679,9,985,-72,2467,-4462,-857,idle-X
4063956333,9,985,-72,2467,-4445,-857,idle-X
4063965818,9,985,-71,2467,-4445,-857,idle-X
4063975609,9,985,-71,2485,-4445,-875,idle-X
4063982956,9,986,-72,2485,-4445,-875,idle-X
4063994578,9,986,-72,2467,-4445,-875,idle-X
4064000400,9,986,-71,2467,-4445,-875,idle-X
4064013855,9,986,-71,2467,-4462,-875,idle-X
4064017539,9,986,-71,2467,-4462,-875,idle-X
4064033130,9,986,-71,2450,-4480,-875,idle-X
4064034677,9,986,-72,2450,-4480,-875,idle-X
4064052099,9,986,-71,2450,-4462,-875,idle-X
4064069230,9,986,-71,2450,-4462,-875,idle-X
4064071388,9,986,-71,2450,-4462,-857,idle-X
4064086369,9,986,-71,2450,-4462,-857,idle-X
4064090664,9,986,-71,2467,-4445,-892,idle-X
4064103812,9,986,-71,2467,-4445,-892,idle-X
4064109939,9,986,-71,2467,-4462,-892,idle-X
4064120950,9,986,-72,2467,-4462,-892,idle-X
4064128909,9,986,-72,2485,-4462,-892,idle-X
4064138089,9,986,-72,2485,-4462,-892,idle-X
4064148184,9,986,-72,2485,-4480,-892,idle-X
4064155226,10,985,-72,2485,-4480,-892,idle-X
4064167459,10,985,-72,2502,-4462,-857,idle-X
4064172669,10,986,-72,2502,-4462,-857,idle-X
4064186428,10,986,-72,2467,-4497,-875,idle-X
4064189808,10,986,-72,2467,-4497,-875,idle-X
4064205706,10,986,-72,2467,-4445,-875,idle-X
4064206947,9,986,-71,2467,-4445,-875,idle-X
4064224066,9,986,-71,2467,-4445,-875,idle-X
4064225002,9,986,-71,2467,-4462,-910,idle-X
4064241509,9,986,-72,2467,-4462,-910,idle-X
4064243972,9,986,-72,2485,-4480,-875,idle-X
4064258648,9,986,-72,2485,-4480,-875,idle-X
4064263249,9,986,-72,2450,-4480,-857,idle-X
4064275787,9,986,-72,2450,-4480,-857,idle-X
4064282524,9,986,-72,2485,-4462,-875,idle-X
4064293230,9,986,-71,2485,-4462,-875,idle-X
4064301493,9,986,-71,2450,-4480,-857,idle-X
4064310367,9,986,-72,2450,-4480,-857,idle-X
4064320768,9,986,-72,2467,-4480,-857,idle-X
4064327506,9,986,-72,2467,-4480,-857,idle-X
4064340045,9,986,-72,2450,-4480,-857,idle-X
4064344645,9,986,-72,2450,-4480,-857,idle-X
4064359320,9,986,-72,2450,-4497,-875,idle-X
4064362088,9,986,-72,2450,-4497,-875,idle-X
4064378290,9,986,-72,2450,-4462,-857,idle-X
4064379226,9,986,-72,2450,-4462,-857,idle-X
4064396344,9,985,-71,2450,-4462,-857,idle-X
4064397586,9,985,-71,2485,-4445,-857,idle-X
4064413787,9,986,-72,2485,-4445,-857,idle-X
4064416861,9,986,-72,2485,-4462,-875,idle-X
4064430925,9,985,-71,2485,-4462,-875,idle-X
4064435830,9,985,-71,2485,-4480,-892,idle-X
4064448062,9,986,-71,2485,-4480,-892,idle-X
4064455105,9,986,-71,2485,-4462,-892,idle-X
4064465505,9,986,-71,2485,-4462,-892,idle-X
4064474379,9,986,-71,2450,-4480,-892,idle-X
4064482643,9,986,-71,2450,-4480,-892,idle-X
4064493349,9,986,-71,2450,-4480,-875,idle-X
4064499781,9,986,-71,2450,-4480,-875,idle-X
4064512625,9,986,-71,2467,-4497,-875,idle-X
4064516919,9,986,-71,2467,-4497,-875,idle-X
4064531900,9,986,-71,2485,-4480,-892,idle-X
4064534363,9,986,-72,2485,-4480,-892,idle-X
4064551175,9,986,-72,2485,-4462,-875,idle-X
4064551805,9,986,-72,2485,-4462,-875,idle-X
4064568616,9,986,-72,2485,-4462,-875,idle-X
4064570163,9,986,-72,2485,-4480,-857,idle-X
4064586059,9,986,-71,2485,-4480,-857,idle-X
4064589439,9,986,-71,2485,-4480,-857,idle-X
4064603199,10,986,-72,2485,-4480,-857,idle-X
4064608714,10,986,-72,2485,-4480,-857,idle-X
4064620336,9,986,-72,2485,-4480,-857,idle-X
4064627683,9,986,-72,2467,-4462,-892,idle-X
4064637779,9,986,-72,2467,-4462,-892,idle-X
4064646958,9,986,-72,2485,-4462,-875,idle-X
4064654918,9,986,-72,2485,-4462,-875,idle-X
4064666235,9,986,-72,2485,-4462,-892,idle-X
4064672056,9,986,-71,2485,-4462,-892,idle-X
4064685204,9,986,-71,2450,-4480,-875,idle-X
4064689194,9,986,-72,2450,-4480,-875,idle-X
4064704479,9,986,-72,2450,-4462,-875,idle-X
4064706637,10,986,-71,2450,-4462,-875,idle-X
4064723755,9,986,-72,2467,-4497,-892,idle-X
4064740886,9,986,-71,2467,-4497,-892,idle-X
4064742738,9,986,-71,2467,-4462,-875,idle-X
4064758329,9,986,-72,2467,-4462,-875,idle-X
4064762014,9,986,-72,2467,-4480,-857,idle-X
4064775469,9,986,-71,2467,-4480,-857,idle-X
4064781290,9,986,-71,2467,-4480,-875,idle-X
4064792608,9,986,-72,2467,-4480,-875,idle-X
4064800260,9,986,-72,2467,-4462,-892,idle-X
4064809745,9,986,-72,2467,-4462,-892,idle-X
4064819535,9,986,-72,2450,-4480,-875,idle-X
4064827188,9,986,-71,2450,-4480,-875,idle-X
4064838809,9,986,-71,2467,-4480,-875,idle-X
4064844326,9,986,-72,2467,-4480,-875,idle-X
4064858085,9,986,-72,2467,-4462,-875,idle-X
4064861463,9,986,-72,2467,-4462,-875,idle-X
4064877054,9,986,-72,2467,-4445,-857,idle-X
4064878601,9,986,-71,2467,-4445,-857,idle-X
4064896023,9,986,-72,2467,-4462,-875,idle-X
4064913155,9,986,-72,2467,-4462,-875,idle-X
4064915618,9,986,-72,2467,-4497,-857,idle-X
4064930294,9,986,-72,2467,-4497,-857,idle-X
4064934588,9,986,-72,2467,-4480,-875,idle-X
4064947737,9,986,-72,2467,-4480,-875,idle-X
4064953863,9,986,-72,2450,-4462,-910,idle-X
4064964876,9,986,-71,2450,-4462,-910,idle-X
4064973140,9,986,-71,2485,-4462,-857,idle-X
4064982015,9,986,-72,2485,-4462,-857,idle-X
4064992111,9,986,-72,2485,-4462,-875,idle-X
4064999153,9,985,-71,2485,-4462,-875,idle-X
4065011386,9,985,-71,2467,-4462,-875,idle-X
4065016597,9,986,-71,2467,-4462,-875,idle-X
4065030661,9,986,-71,2485,-4462,-875,idle-X
4065033734,9,986,-71,2485,-4462,-875,idle-X
4065049632,9,986,-71,2485,-4462,-875,idle-X
4065050874,9,986,-72,2485,-4462,-875,idle-X
4065067993,9,986,-71,2485,-4462,-875,idle-X
4065068929,9,986,-71,2450,-4445,-875,idle-X
4065085436,9,986,-72,2450,-4445,-875,idle-X
4065087900,9,986,-72,2450,-4445,-892,idle-X
4065102575,9,986,-71,2450,-4445,-892,idle-X
4065107175,9,986,-71,2467,-4480,-875,idle-X
4065119714,9,986,-71,2467,-4480,-875,idle-X
4065126451,9,986,-71,2485,-4497,-857,idle-X
4065137158,9,986,-71,2485,-4497,-857,idle-X
4065145727,9,986,-71,2485,-4445,-892,idle-X
4065154297,9,986,-71,2485,-4445,-892,idle-X
4065164697,9,986,-71,2485,-4462,-875,idle-X
4065171435,9,986,-71,2485,-4462,-875,idle-X
4065183974,9,986,-71,2502,-4462,-857,idle-X
4065188574,10,986,-71,2502,-4462,-857,idle-X
4065203250,10,986,-71,2450,-4462,-875,idle-X
4065206018,9,986,-72,2450,-4462,-875,idle-X
4065222220,9,986,-72,2467,-4480,-910,idle-X
4065223157,9,986,-71,2467,-4480,-910,idle-X
4065240274,9,986,-71,2467,-4480,-910,idle-X
4065241516,9,986,-71,2467,-4515,-892,idle-X
4065257718,9,986,-71,2467,-4515,-892,idle-X
4065260792,9,986,-71,2485,-4497,-892,idle-X
4065274856,10,986,-72,2485,-4497,-892,idle-X
4065279762,10,986,-72,2450,-4445,-892,idle-X
4065291995,9,986,-71,2450,-4445,-892,idle-X
4065299037,9,986,-71,2467,-4462,-875,idle-X
4065309134,9,986,-71,2467,-4462,-875,idle-X
4065318314,9,986,-71,2485,-4462,-875,idle-X
4065326577,9,986,-72,2485,-4462,-875,idle-X
4065337283,9,986,-72,2450,-4480,-875,idle-X
4065343715,9,986,-71,2450,-4480,-875,idle-X
4065356559,9,986,-71,2485,-4462,-875,idle-X
4065360853,9,986,-72,2485,-4462,-875,idle-X
4065375835,9,986,-72,2485,-4445,-875,idle-X
4065377993,9,986,-71,2485,-4445,-875,idle-X
4065394806,9,986,-71,2467,-4462,-892,idle-X
4065395436,9,986,-71,2467,-4462,-892,idle-X
4065412555,10,986,-71,2467,-4462,-892,idle-X
4065414101,10,986,-71,2450,-4445,-875,idle-X
4065429693,9,985,-71,2450,-4445,-875,idle-X
4065433377,9,985,-71,2467,-4480,-875,idle-X
4065447137,9,986,-72,2467,-4480,-875,idle-X
4065452348,9,986,-72,2467,-4445,-892,idle-X
4065464275,9,986,-72,2467,-4445,-892,idle-X
4065471622,9,986,-72,2467,-4445,-892,idle-X
4065481413,10,986,-71,2467,-4445,-892,idle-X
4065490898,10,986,-71,2485,-4480,-875,idle-X
4065498551,9,986,-72,2485,-4480,-875,idle-X
4065509869,9,986,-72,2485,-4497,-875,idle-X
4065515996,9,986,-72,2485,-4497,-875,idle-X
4065529145,9,986,-72,2467,-4462,-927,idle-X
4065533135,9,985,-71,2467,-4462,-927,idle-X
4065548420,9,985,-71,2502,-4462,-892,idle-X
4065550272,10,986,-71,2502,-4462,-892,idle-X
4065567390,10,986,-71,2467,-4462,-857,idle-X
4065568020,9,986,-72,2467,-4462,-857,idle-X
4065584835,9,986,-72,2467,-4462,-857,idle-X
4065586687,9,986,-72,2467,-4480,-875,idle-X
4065601972,9,986,-71,2467,-4480,-875,idle-X
4065605961,9,986,-71,2467,-4497,-892,idle-X
4065619110,9,986,-71,2467,-4497,-892,idle-X
4065624931,9,986,-71,2450,-4480,-857,idle-X
4065636553,9,986,-72,2450,-4480,-857,idle-X
4065644207,9,986,-72,2485,-4427,-875,idle-X
4065653692,10,986,-71,2485,-4427,-875,idle-X
4065663482,10,986,-71,2502,-4445,-857,idle-X
4065670830,9,986,-72,2502,-4445,-857,idle-X
4065682452,9,986,-72,2467,-4480,-822,idle-X
4065687967,10,986,-72,2467,-4480,-822,idle-X
4065701726,10,986,-72,2485,-4515,-857,idle-X
4065705411,9,986,-72,2485,-4515,-857,idle-X
4065721003,9,986,-72,2467,-4515,-875,idle-X
4065722550,9,986,-71,2467,-4515,-875,idle-X
4065739667,9,986,-72,2467,-4480,-892,idle-X
4065757102,10,986,-71,2467,-4480,-892,idle-X
4065759260,10,986,-71,2485,-4497,-875,idle-X
4065774242,10,986,-72,2485,-4497,-875,idle-X
4065778537,10,986,-72,2485,-4480,-857,idle-X
4065791381,10,986,-71,2485,-4480,-857,idle-X
4065797813,10,986,-71,2485,-4462,-892,idle-X
4065808519,9,986,-72,2485,-4462,-892,idle-X
4065816783,9,986,-72,2450,-4427,-892,idle-X
4065825963,9,986,-72,2450,-4427,-892,idle-X
4065836058,9,986,-72,2467,-4462,-875,idle-X
4065843101,9,986,-72,2467,-4462,-875,idle-X
4065855333,9,986,-72,2485,-4445,-857,idle-X
4065860239,9,986,-71,2485,-4445,-857,idle-X
4065874303,9,986,-71,2467,-4480,-892,idle-X
4065877682,9,986,-72,2467,-4480,-892,idle-X
4065893578,9,986,-72,2485,-4445,-875,idle-X
4065894820,9,986,-72,2485,-4445,-875,idle-X
4065911939,10,986,-72,2485,-4445,-875,idle-X
4065912875,10,986,-72,2485,-4445,-857,idle-X
4065929077,9,986,-71,2485,-4445,-857,idle-X
4065931845,9,986,-71,2450,-4445,-857,idle-X
4065946522,9,986,-71,2450,-4445,-857,idle-X
4065951121,9,986,-71,2450,-4462,-857,idle-X
4065963660,9,986,-71,2450,-4462,-857,idle-X
4065970397,9,986,-71,2467,-4462,-892,idle-X
4065980798,9,986,-71,2467,-4462,-892,idle-X
4065989366,9,986,-71,2485,-4497,-875,idle-X
4065998240,9,986,-72,2485,-4497,-875,idle-X
4066008641,9,986,-72,2485,-4480,-857,idle-X
4066015378,9,986,-71,2485,-4480,-857,idle-X
4066027916,9,986,-71,2467,-4480,-857,idle-X
4066032516,9,986,-72,2467,-4480,-857,idle-X
4066046886,9,986,-72,2450,-4497,-875,idle-X
4066049654,9,986,-71,2450,-4497,-875,idle-X
4066066161,9,986,-71,2450,-4480,-857,idle-X
4066067097,9,986,-71,2450,-4480,-857,idle-X
4066084215,10,986,-71,2450,-4480,-857,idle-X
4066085456,10,986,-71,2467,-4445,-875,idle-X
4066101355,10,986,-72,2467,-4445,-875,idle-X
4066104429,10,986,-72,2467,-4445,-892,idle-X
4066118800,9,986,-72,2467,-4445,-892,idle-X
4066123705,9,986,-72,2467,-4462,-857,idle-X
4066135937,9,986,-71,2467,-4462,-857,idle-X
4066142981,9,986,-71,2485,-4480,-857,idle-X
4066153076,9,986,-71,2485,-4480,-857,idle-X
4066162257,9,986,-71,2485,-4462,-875,idle-X
4066170216,10,986,-72,2485,-4462,-875,idle-X
4066181227,10,986,-72,2485,-4497,-892,idle-X
4066187659,9,986,-71,2485,-4497,-892,idle-X
4066200502,9,986,-71,2467,-4480,-892,idle-X
4066204797,9,986,-72,2467,-4480,-892,idle-X
4066219777,9,986,-72,2432,-4480,-892,idle-X
4066221935,9,986,-71,2432,-4480,-892,idle-X
4066238747,9,986,-71,2467,-4462,-875,idle-X
4066239378,10,986,-71,2467,-4462,-875,idle-X
4066256495,9,986,-71,2467,-4462,-875,idle-X
4066258042,9,986,-71,2485,-4480,-892,idle-X
4066273634,9,986,-72,2485,-4480,-892,idle-X
4066277318,9,986,-72,2485,-4497,-892,idle-X
4066290771,9,985,-72,2485,-4497,-892,idle-X
4066296287,9,985,-72,2467,-4497,-875,idle-X
4066308215,10,986,-72,2467,-4497,-875,idle-X
4066315563,10,986,-72,2467,-4480,-875,idle-X
4066325353,10,986,-71,2467,-4480,-875,idle-X
4066334838,10,986,-71,2467,-4480,-875,idle-X
4066342492,9,986,-71,2467,-4480,-875,idle-X
4066353809,9,986,-71,2467,-4480,-892,idle-X
4066359630,9,985,-71,2467,-4480,-892,idle-X
4066373084,9,985,-71,2485,-4445,-892,idle-X
4066377073,9,986,-71,2485,-4445,-892,idle-X
4066392358,9,986,-71,2467,-4462,-892,idle-X
4066394210,9,986,-71,2467,-4462,-892,idle-X
4066411328,9,986,-71,2450,-4480,-892,idle-X
4066428765,9,986,-72,2450,-4480,-892,idle-X
4066430617,9,986,-72,2467,-4480,-875,idle-X
4066445903,9,986,-71,2467,-4480,-875,idle-X
4066449892,9,986,-71,2502,-4462,-875,idle-X
4066463040,10,987,-72,2502,-4462,-875,idle-X
4066468862,10,987,-72,2502,-4480,-875,idle-X
4066480484,9,986,-71,2502,-4480,-875,idle-X
4066488137,9,986,-71,2467,-4480,-857,idle-X
4066497623,9,986,-72,2467,-4480,-857,idle-X
4066507413,9,986,-72,2485,-4462,-892,idle-X
4066514760,9,986,-71,2485,-4462,-892,idle-X
4066526688,9,986,-71,2502,-4462,-875,idle-X
4066531899,9,986,-71,2502,-4462,-875,idle-X
4066545658,9,986,-71,2502,-4480,-875,idle-X
4066549342,9,986,-71,2502,-4480,-875,idle-X
4066564935,9,986,-71,2485,-4462,-875,idle-X
4066566482,9,986,-71,2485,-4462,-875,idle-X
4066583601,9,986,-71,2485,-4462,-875,idle-X
4066584231,9,986,-71,2467,-4480,-875,idle-X
4066601044,9,986,-71,2467,-4480,-875,idle-X
4066603202,9,986,-71,2502,-4480,-857,idle-X
4066618183,9,986,-71,2502,-4480,-857,idle-X
4066622477,9,986,-71,2485,-4497,-840,idle-X
4066635321,9,986,-72,2485,-4497,-840,idle-X
4066641752,9,986,-72,2467,-4497,-857,idle-X
4066652458,10,986,-71,2467,-4497,-857,idle-X
4066660722,10,986,-71,2467,-4462,-875,idle-X
4066669901,9,986,-71,2467,-4462,-875,idle-X
4066679997,9,986,-71,2485,-4445,-857,idle-X
4066687040,9,986,-72,2485,-4445,-857,idle-X
4066699274,9,986,-72,2467,-4462,-892,idle-X
4066704179,10,986,-71,2467,-4462,-892,idle-X
4066718549,10,986,-71,2467,-4480,-875,idle-X
4066721622,9,986,-71,2467,-4480,-875,idle-X
4066737519,9,986,-71,2485,-4480,-857,idle-X
4066738761,9,985,-71,2485,-4480,-857,idle-X
4066755880,9,986,-72,2485,-4480,-857,idle-X
4066756816,9,986,-72,2467,-4497,-857,idle-X
4066773323,9,986,-72,2467,-4497,-857,idle-X
4066776092,9,986,-72,2450,-4462,-857,idle-X
4066790461,9,986,-71,2450,-4462,-857,idle-X
4066795061,9,986,-71,2485,-4480,-875,idle-X
4066807598,9,986,-71,2485,-4480,-875,idle-X
4066814336,9,986,-71,2467,-4480,-857,idle-X
4066824737,9,986,-72,2467,-4480,-857,idle-X
4066833611,9,986,-72,2485,-4462,-892,idle-X
4066842181,9,986,-72,2485,-4462,-892,idle-X
4066852581,9,986,-72,2467,-4445,-892,idle-X
4066859318,9,986,-72,2467,-4445,-892,idle-X
4066871857,9,986,-72,2467,-4462,-875,idle-X
4066876456,10,986,-71,2467,-4462,-875,idle-X
4066891133,10,986,-71,2467,-4462,-857,idle-X
4066893900,9,986,-71,2467,-4462,-857,idle-X
4066910102,9,986,-71,2450,-4480,-857,idle-X
4066911038,9,986,-71,2450,-4480,-857,idle-X
4066928156,9,986,-72,2450,-4480,-857,idle-X
4066929397,9,986,-72,2467,-4480,-875,idle-X
4066945293,9,986,-71,2467,-4480,-875,idle-X
4066948671,9,986,-71,2485,-4462,-892,idle-X
4066962736,9,986,-71,2485,-4462,-892,idle-X
4066967946,9,986,-71,2502,-4462,-857,idle-X
4066979874,9,986,-72,2502,-4462,-857,idle-X
4066986916,9,986,-72,2467,-4445,-875,idle-X
4066997011,9,986,-71,2467,-4445,-875,idle-X
4067006191,9,986,-71,2467,-4445,-875,idle-X
4067014456,9,986,-71,2467,-4445,-875,idle-X
4067025469,9,986,-71,2467,-4462,-875,idle-X
4067031595,9,986,-71,2467,-4462,-875,idle-X
4067044439,9,986,-71,2485,-4480,-875,idle-X
4067048734,9,986,-71,2485,-4480,-875,idle-X
4067063715,9,986,-71,2467,-4445,-892,idle-X
4067066179,9,986,-72,2467,-4445,-892,idle-X
4067082993,9,986,-72,2450,-4445,-875,idle-X
4067083623,9,986,-71,2450,-4445,-875,idle-X
4067100436,9,986,-71,2450,-4445,-875,idle-X
4067101983,9,986,-71,2450,-4497,-875,idle-X
4067117575,10,986,-71,2450,-4497,-875,idle-X
4067121260,10,986,-71,2467,-4462,-875,idle-X
4067135019,9,986,-72,2467,-4462,-875,idle-X
4067140534,9,986,-72,2467,-4462,-910,idle-X
4067152157,9,986,-71,2467,-4462,-910,idle-X
4067159504,9,986,-71,2467,-4462,-892,idle-X
4067169294,9,986,-71,2467,-4462,-892,idle-X
4067178779,9,986,-71,2450,-4480,-892,idle-X
4067186737,10,986,-71,2450,-4480,-892,idle-X
4067198054,10,986,-71,2450,-4480,-875,idle-X
4067203875,9,986,-71,2450,-4480,-875,idle-X
4067217331,9,986,-71,2450,-4480,-892,idle-X
4067221015,9,986,-72,2450,-4480,-892,idle-X
4067236301,9,986,-72,2485,-4462,-875,idle-X
4067238153,9,986,-71,2485,-4462,-875,idle-X
4067255576,9,986,-72,2467,-4445,-892,idle-X
4067272708,9,986,-72,2467,-4445,-892,idle-X
4067274865,9,986,-72,2485,-4462,-857,idle-X
4067289846,9,986,-71,2485,-4462,-857,idle-X
4067293835,9,986,-71,2467,-4462,-875,idle-X
4067307289,9,986,-72,2467,-4462,-875,idle-X
4067313110,9,986,-72,2450,-4462,-875,idle-X
4067324427,9,986,-71,2450,-4462,-875,idle-X
4067332386,9,986,-71,2485,-4480,-875,idle-X
4067341566,9,986,-72,2485,-4480,-875,idle-X
4067351357,9,986,-72,2432,-4497,-857,idle-X
4067358705,9,986,-71,2432,-4497,-857,idle-X
4067370633,9,986,-71,2502,-4497,-892,idle-X
4067376149,9,986,-71,2502,-4497,-892,idle-X
4067389909,9,986,-71,2485,-4497,-875,idle-X
4067393288,9,986,-71,2485,-4497,-875,idle-X
4067408879,9,986,-71,2450,-4445,-875,idle-X
4067410426,10,985,-71,2450,-4445,-875,idle-X
4067427850,9,986,-71,2467,-4462,-875,idle-X
4067444979,9,986,-71,2467,-4462,-875,idle-X
4067447442,9,986,-71,2450,-4480,-892,idle-X
4067462119,9,986,-72,2450,-4480,-892,idle-X
4067466414,9,986,-72,2467,-4497,-875,idle-X
4067479258,9,986,-71,2467,-4497,-875,idle-X
4067485692,9,986,-71,2485,-4480,-875,idle-X
4067496703,9,985,-72,2485,-4480,-875,idle-X
4067504966,9,985,-72,2467,-4445,-857,idle-X
4067513841,9,986,-71,2467,-4445,-857,idle-X
4067523936,9,986,-71,2467,-4515,-840,idle-X
4067530977,9,986,-72,2467,-4515,-840,idle-X
4067543210,9,986,-72,2485,-4480,-857,idle-X
4067548420,9,986,-71,2485,-4480,-857,idle-X
4067562486,9,986,-71,2467,-4445,-857,idle-X
4067565559,9,986,-72,2467,-4445,-857,idle-X
4067581761,9,986,-72,2467,-4462,-857,idle-X
4067582698,10,986,-71,2467,-4462,-857,idle-X
4067599815,9,986,-72,2467,-4462,-857,idle-X
4067600751,9,986,-72,2450,-4480,-857,idle-X
4067617259,9,986,-72,2450,-4480,-857,idle-X
4067620027,9,986,-72,2467,-4480,-857,idle-X
4067634397,9,986,-71,2467,-4480,-857,idle-X
4067639303,9,986,-71,2485,-4462,-857,idle-X
4067651535,9,986,-71,2485,-4462,-857,idle-X
4067658272,9,986,-71,2485,-4445,-857,idle-X
4067668978,9,986,-71,2485,-4445,-857,idle-X
4067677547,9,986,-71,2467,-4480,-875,idle-X
4067686116,9,986,-71,2467,-4480,-875,idle-X
4067696823,9,986,-71,2450,-4445,-892,idle-X
4067703255,9,986,-72,2450,-4445,-892,idle-X
4067715794,9,986,-72,2467,-4462,-857,idle-X
4067720395,9,986,-72,2467,-4462,-857,idle-X
4067735070,9,986,-72,2485,-4480,-875,idle-X
4067737838,10,986,-72,2485,-4480,-875,idle-X
4067754344,10,986,-72,2450,-4480,-892,idle-X
4067754974,9,986,-72,2450,-4480,-892,idle-X
4067772091,9,986,-72,2450,-4480,-892,idle-X
4067773638,9,986,-72,2450,-4427,-875,idle-X
4067789534,9,986,-71,2450,-4427,-875,idle-X
4067792607,9,986,-71,2450,-4462,-875,idle-X
4067806672,9,986,-71,2450,-4462,-875,idle-X
4067811883,9,986,-71,2450,-4462,-892,idle-X
4067823809,9,986,-71,2450,-4462,-892,idle-X
4067831156,9,986,-71,2450,-4480,-892,idle-X
4067841251,10,986,-72,2450,-4480,-892,idle-X
4067850125,10,986,-72,2485,-4497,-875,idle-X
4067858389,9,986,-71,2485,-4497,-875,idle-X
4067869402,9,986,-71,2467,-4462,-857,idle-X
4067875528,9,986,-71,2467,-4462,-857,idle-X
4067888676,9,986,-71,2467,-4480,-857,idle-X
4067892971,10,986,-71,2467,-4480,-857,idle-X
4067907950,10,986,-71,2467,-4445,-875,idle-X
4067910108,9,986,-71,2467,-4445,-875,idle-X
4067926920,9,986,-71,2485,-4480,-875,idle-X
4067927551,9,986,-71,2485,-4480,-875,idle-X
4067944363,9,986,-72,2485,-4480,-875,idle-X
4067946216,9,986,-72,2467,-4462,-875,idle-X
4067961807,9,986,-71,2467,-4462,-875,idle-X
4067965491,9,986,-71,2485,-4462,-892,idle-X
4067978945,9,986,-72,2485,-4462,-892,idle-X
4067984461,9,986,-72,2502,-4445,-857,idle-X
4067996084,9,986,-72,2502,-4445,-857,idle-X
4068003738,9,986,-72,2485,-4462,-875,idle-X
4068013528,9,986,-72,2485,-4462,-875,idle-X
4068023014,9,986,-72,2467,-4497,-910,idle-X
4068030667,9,986,-71,2467,-4497,-910,idle-X
4068041983,9,986,-71,2467,-4497,-892,idle-X
4068047805,9,986,-72,2467,-4497,-892,idle-X
4068061259,9,986,-72,2502,-4462,-857,idle-X
4068064944,10,986,-72,2502,-4462,-857,idle-X
4068080535,10,986,-72,2485,-4480,-875,idle-X
4068082387,9,986,-72,2485,-4480,-875,idle-X
4068099504,9,986,-71,2467,-4445,-892,idle-X
4068116634,9,986,-71,2467,-4445,-892,idle-X
4068118792,9,986,-71,2467,-4462,-910,idle-X
4068134079,9,986,-71,2467,-4462,-910,idle-X
4068138069,9,986,-71,2450,-4480,-910,idle-X
4068151217,9,986,-71,2450,-4480,-910,idle-X
4068157039,9,986,-71,2450,-4462,-892,idle-X
4068168356,9,986,-71,2450,-4462,-892,idle-X
4068176314,9,986,-71,2467,-4480,-857,idle-X
4068185494,9,986,-71,2467,-4480,-857,idle-X
4068195590,9,986,-71,2467,-4480,-875,idle-X
4068202938,9,986,-72,2467,-4480,-875,idle-X
4068214866,9,986,-72,2467,-4462,-892,idle-X
4068220076,9,985,-72,2467,-4462,-892,idle-X
4068233835,9,985,-72,2485,-4480,-892,idle-X
4068237214,9,986,-72,2485,-4480,-892,idle-X
4068253110,9,986,-72,2467,-4462,-910,idle-X
4068254657,9,986,-72,2467,-4462,-910,idle-X
4068271776,9,986,-71,2467,-4462,-910,idle-X
4068272406,9,986,-71,2467,-4445,-892,idle-X
4068288914,9,986,-71,2467,-4445,-892,idle-X
4068291377,9,986,-71,2450,-4427,-875,idle-X
4068306052,9,986,-72,2450,-4427,-875,idle-X
4068310653,9,986,-72,2485,-4480,-840,idle-X
4068323497,9,986,-71,2485,-4480,-840,idle-X
4068329929,9,986,-71,2467,-4480,-875,idle-X
4068340635,9,986,-71,2467,-4480,-875,idle-X
4068348900,9,986,-71,2485,-4462,-875,idle-X
4068357775,9,986,-71,2485,-4462,-875,idle-X
4068368175,9,986,-71,2485,-4462,-857,idle-X
4068375218,9,986,-71,2485,-4462,-857,idle-X
4068387450,9,986,-71,2467,-4462,-875,idle-X
4068392356,9,986,-72,2467,-4462,-875,idle-X
4068406420,9,986,-72,2450,-4462,-892,idle-X
4068409493,9,986,-71,2450,-4462,-892,idle-X
4068425695,9,986,-71,2450,-4480,-857,idle-X
4068426632,9,986,-71,2450,-4480,-857,idle-X
4068444055,9,986,-71,2450,-4480,-857,idle-X
4068444992,9,986,-71,2485,-4480,-892,idle-X
4068461195,9,986,-72,2485,-4480,-892,idle-X
4068463963,9,986,-72,2432,-4480,-857,idle-X
4068478334,9,986,-71,2432,-4480,-857,idle-X
4068483239,9,986,-71,2450,-4480,-892,idle-X
4068495777,9,986,-71,2450,-4480,-892,idle-X
4068502514,9,986,-71,2467,-4480,-892,idle-X
4068512915,9,986,-72,2467,-4480,-892,idle-X
4068521483,9,986,-72,2485,-4462,-875,idle-X
4068530053,10,986,-72,2485,-4462,-875,idle-X
4068540759,10,986,-72,2450,-4462,-875,idle-X
4068547190,9,985,-71,2450,-4462,-875,idle-X
4068560033,9,985,-71,2450,-4462,-875,idle-X
4068564634,9,986,-72,2450,-4462,-875,idle-X
4068579309,9,986,-72,2467,-4480,-857,idle-X
4068581772,9,986,-72,2467,-4480,-857,idle-X
4068598280,9,986,-72,2467,-4462,-857,idle-X
4068598910,9,986,-71,2467,-4462,-857,idle-X
4068616334,9,986,-72,2467,-4462,-857,idle-X
4068617575,9,986,-72,2485,-4462,-875,idle-X
4068633472,9,985,-72,2485,-4462,-875,idle-X
4068636851,9,985,-72,2485,-4445,-840,idle-X
4068650610,10,986,-71,2485,-4445,-840,idle-X
4068655822,10,986,-71,2485,-4462,-875,idle-X
4068667750,9,986,-71,2485,-4462,-875,idle-X
4068675099,9,986,-71,2485,-4480,-875,idle-X
4068685194,10,986,-71,2485,-4480,-875,idle-X
4068694373,10,986,-71,2450,-4480,-840,idle-X
4068702331,9,986,-71,2450,-4480,-840,idle-X
4068713342,9,986,-71,2485,-4480,-857,idle-X
4068719470,9,986,-72,2485,-4480,-857,idle-X
4068732618,9,986,-72,2467,-4445,-875,idle-X
4068736913,9,986,-71,2467,-4445,-875,idle-X
4068751892,9,986,-71,2432,-4445,-875,idle-X
4068754051,9,985,-72,2432,-4445,-875,idle-X
4068770862,9,985,-72,2432,-4445,-875,idle-X
4068771493,9,986,-72,2432,-4445,-875,idle-X
4068788306,9,986,-71,2432,-4445,-875,idle-X
4068790158,9,986,-71,2450,-4480,-875,idle-X
4068805749,9,986,-71,2450,-4480,-875,idle-X
4068809433,9,986,-71,2485,-4462,-892,idle-X
4068822887,9,986,-71,2485,-4462,-892,idle-X
4068828403,9,986,-71,2432,-4462,-875,idle-X
4068840025,9,986,-72,2432,-4462,-875,idle-X
4068847679,9,986,-72,2450,-4480,-857,idle-X
4068857470,9,986,-71,2450,-4480,-857,idle-X
4068866955,9,986,-71,2502,-4462,-875,idle-X
4068874609,9,986,-72,2502,-4462,-875,idle-X
4068886231,9,986,-72,2467,-4480,-875,idle-X
4068891747,9,986,-71,2467,-4480,-875,idle-X
4068905200,9,986,-71,2450,-4445,-892,idle-X
4068908885,9,985,-72,2450,-4445,-892,idle-X
4068924477,9,985,-72,2467,-4445,-875,idle-X
4068926329,9,986,-71,2467,-4445,-875,idle-X
4068943447,9,986,-71,2467,-4480,-875,idle-X
4068960577,9,986,-71,2467,-4480,-875,idle-X
4068962735,9,986,-71,2450,-4497,-857,idle-X
4068978022,9,986,-71,2450,-4497,-857,idle-X
4068982012,9,986,-71,2485,-4480,-857,idle-X
4068995161,9,986,-71,2485,-4480,-857,idle-X
4069001288,9,986,-71,2502,-4480,-910,idle-X
4069012300,9,986,-72,2502,-4480,-910,idle-X
4069020259,9,986,-72,2467,-4480,-910,idle-X
4069029744,9,986,-72,2467,-4480,-910,idle-X
4069039535,9,986,-72,2450,-4480,-857,idle-X
4069046883,9,986,-71,2450,-4480,-857,idle-X
4069058810,9,986,-71,2432,-4445,-857,idle-X
4069064021,9,985,-72,2432,-4445,-857,idle-X
4069077779,9,985,-72,2467,-4462,-875,idle-X
4069081159,9,986,-71,2467,-4462,-875,idle-X
4069097055,9,986,-71,2485,-4480,-857,idle-X
4069098602,9,986,-72,2485,-4480,-857,idle-X
4069115721,9,986,-72,2485,-4480,-857,idle-X
4069116351,9,986,-72,2467,-4462,-892,idle-X
4069132859,10,986,-72,2467,-4462,-892,idle-X
4069135323,10,986,-72,2467,-4445,-892,idle-X
4069150303,9,986,-72,2467,-4445,-892,idle-X
4069154598,9,986,-72,2467,-4462,-892,idle-X
4069167441,9,986,-71,2467,-4462,-892,idle-X
4069173874,9,986,-71,2450,-4480,-875,idle-X
4069184581,9,985,-72,2450,-4480,-875,idle-X
4069193150,9,985,-72,2432,-4462,-875,idle-X
4069201719,9,986,-72,2432,-4462,-875,idle-X
4069212121,9,986,-72,2450,-4462,-875,idle-X
4069219164,9,986,-72,2450,-4462,-875,idle-X
4069231396,9,986,-72,2450,-4445,-892,idle-X
4069236302,9,986,-71,2450,-4445,-892,idle-X
4069250672,9,986,-71,2450,-4462,-875,idle-X
4069253440,9,986,-71,2450,-4462,-875,idle-X
4069269643,9,986,-71,2450,-4445,-875,idle-X
4069270580,9,986,-71,2450,-4445,-875,idle-X
4069288003,9,986,-72,2450,-4445,-875,idle-X
4069288940,9,986,-72,2450,-4445,-892,idle-X
4069305142,9,986,-71,2450,-4445,-892,idle-X
4069308215,9,986,-71,2450,-4462,-875,idle-X
4069322280,9,986,-71,2450,-4462,-875,idle-X
4069327185,9,986,-71,2450,-4480,-875,idle-X
4069339723,9,986,-72,2450,-4480,-875,idle-X
4069346460,9,986,-72,2450,-4462,-875,idle-X
4069356862,9,986,-71,2450,-4462,-875,idle-X
4069365737,9,986,-71,2467,-4445,-875,idle-X
4069374001,9,986,-71,2467,-4445,-875,idle-X
4069384707,9,986,-71,2467,-4445,-892,idle-X
4069391140,9,985,-72,2467,-4445,-892,idle-X
4069403983,9,985,-72,2467,-4427,-892,idle-X
4069408582,10,986,-71,2467,-4427,-892,idle-X
4069423257,10,986,-71,2467,-4445,-857,idle-X
4069425721,9,986,-71,2467,-4445,-857,idle-X
4069442229,9,986,-71,2450,-4462,-875,idle-X
4069442859,9,986,-71,2450,-4462,-875,idle-X
4069459975,9,986,-72,2450,-4462,-875,idle-X
4069461522,9,986,-72,2432,-4480,-875,idle-X
4069477419,9,986,-71,2432,-4480,-875,idle-X
4069480493,9,986,-71,2485,-4462,-892,idle-X
4069494558,9,986,-71,2485,-4462,-892,idle-X
4069499769,9,986,-71,2467,-4445,-875,idle-X
4069511696,9,986,-72,2467,-4445,-875,idle-X
4069519045,9,986,-72,2485,-4480,-892,idle-X
4069528835,9,986,-72,2485,-4480,-892,idle-X
4069538319,9,986,-72,2467,-4480,-892,idle-X
4069546277,9,986,-72,2467,-4480,-892,idle-X
4069557288,9,986,-72,2467,-4462,-875,idle-X
4069563415,9,986,-72,2467,-4462,-875,idle-X
4069576564,9,986,-72,2467,-4497,-892,idle-X
4069580554,9,986,-71,2467,-4497,-892,idle-X
4069595839,9,986,-71,2467,-4480,-875,idle-X
4069597997,9,986,-72,2467,-4480,-875,idle-X
4069614809,9,986,-72,2467,-4462,-875,idle-X
4069615439,9,986,-71,2467,-4462,-875,idle-X
4069632251,9,986,-72,2467,-4462,-875,idle-X
4069634104,9,986,-72,2467,-4480,-892,idle-X
4069649390,9,986,-72,2467,-4480,-892,idle-X
4069653380,9,986,-72,2467,-4480,-892,idle-X
4069666834,10,986,-71,2467,-4480,-892,idle-X
4069672350,10,986,-71,2467,-4445,-892,idle-X
4069683972,9,985,-72,2467,-4445,-892,idle-X
4069691624,9,985,-72,2467,-4480,-875,idle-X
4069701110,9,986,-72,2467,-4480,-875,idle-X
4069710901,9,986,-72,2450,-4462,-875,idle-X
4069718249,9,986,-72,2450,-4462,-875,idle-X
4069729870,9,986,-72,2450,-4462,-875,idle-X
4069735692,9,986,-72,2450,-4462,-875,idle-X
4069749145,9,986,-72,2450,-4480,-892,idle-X
4069752828,9,986,-72,2450,-4480,-892,idle-X
4069768420,9,986,-72,2450,-4462,-892,idle-X
4069769966,9,986,-72,2450,-4462,-892,idle-X
4069787389,9,986,-71,2467,-4445,-892,idle-X
4069804519,9,986,-72,2467,-4445,-892,idle-X
4069806678,9,986,-72,2450,-4462,-875,idle-X
4069821659,10,986,-71,2450,-4462,-875,idle-X
4069825953,10,986,-71,2485,-4462,-875,idle-X
4069838798,9,986,-72,2485,-4462,-875,idle-X
4069844925,9,986,-72,2485,-4462,-857,idle-X
4069856242,9,986,-71,2485,-4462,-857,idle-X
4069864200,9,986,-71,2485,-4480,-875,idle-X
4069873379,9,986,-72,2485,-4480,-875,idle-X
4069883474,9,986,-72,2467,-4462,-857,idle-X
4069890517,9,986,-72,2467,-4462,-857,idle-X
4069902446,9,986,-72,2450,-4480,-875,idle-X
4069907963,9,986,-71,2450,-4480,-875,idle-X
4069921721,9,986,-71,2467,-4462,-857,idle-X
4069925101,9,985,-71,2467,-4462,-857,idle-X
4069940998,9,985,-71,2485,-4445,-857,idle-X
4069942239,9,986,-71,2485,-4445,-857,idle-X
4069959357,9,986,-71,2485,-4445,-857,idle-X
4069959987,9,986,-71,2467,-4462,-875,idle-X
4069976801,9,986,-71,2467,-4462,-875,idle-X
4069979263,9,986,-71,2485,-4480,-875,idle-X
4069993939,9,986,-71,2485,-4480,-875,idle-X
4069998539,9,986,-71,2467,-4497,-892,idle-X
4070011077,9,986,-71,2467,-4497,-892,idle-X
4070017509,9,986,-71,2485,-4497,-857,idle-X
4070028522,9,986,-72,2485,-4497,-857,idle-X
4070036786,9,986,-72,2485,-4480,-875,idle-X
4070045661,9,986,-71,2485,-4480,-875,idle-X
4070056060,9,986,-71,2467,-4427,-875,idle-X
4070062797,9,986,-71,2467,-4427,-875,idle-X
4070075335,9,986,-71,2485,-4445,-892,idle-X
4070079936,9,986,-72,2485,-4445,-892,idle-X
4070094305,9,986,-72,2467,-4445,-875,idle-X
4070097379,9,986,-71,2467,-4445,-875,idle-X
4070113580,9,986,-71,2450,-4445,-875,idle-X
4070114518,9,986,-71,2450,-4445,-875,idle-X
4070131636,9,986,-72,2450,-4445,-875,idle-X
4070132877,9,986,-72,2467,-4445,-875,idle-X
4070149079,10,986,-72,2467,-4445,-875,idle-X
4070151847,10,986,-72,2450,-4480,-892,idle-X
4070166218,9,986,-72,2450,-4480,-892,idle-X
4070171123,9,986,-72,2485,-4462,-875,idle-X
4070183356,9,986,-72,2485,-4462,-875,idle-X
4070190398,9,986,-72,2467,-4462,-875,idle-X
4070200800,9,986,-71,2467,-4462,-875,idle-X
4070209368,9,986,-71,2467,-4462,-892,idle-X
4070217937,9,986,-72,2467,-4462,-892,idle-X
4070228644,9,986,-72,2467,-4462,-892,idle-X
4070235076,9,986,-71,2467,-4462,-892,idle-X
4070247920,9,986,-71,2450,-4480,-892,idle-X
4070252215,10,986,-71,2450,-4480,-892,idle-X
4070267195,10,986,-71,2450,-4480,-875,idle-X
4070269656,9,986,-71,2450,-4480,-875,idle-X
4070286163,9,986,-71,2450,-4462,-892,idle-X
4070286793,9,986,-72,2450,-4462,-892,idle-X
4070303912,9,986,-71,2450,-4462,-892,idle-X
4070305459,9,986,-71,2450,-4480,-892,idle-X
4070321356,9,986,-72,2450,-4480,-892,idle-X
4070324735,9,986,-72,2467,-4462,-892,idle-X
4070338495,9,986,-71,2467,-4462,-892,idle-X
4070343706,9,986,-71,2467,-4462,-857,idle-X
4070355634,9,986,-71,2467,-4462,-857,idle-X
4070362982,9,986,-71,2485,-4462,-875,idle-X
4070373077,9,986,-72,2485,-4462,-875,idle-X
4070382256,9,986,-72,2467,-4462,-892,idle-X
4070390215,9,986,-71,2467,-4462,-892,idle-X
4070401226,9,986,-71,2467,-4462,-910,idle-X
4070407352,9,986,-72,2467,-4462,-910,idle-X
4070420501,9,986,-72,2485,-4445,-875,idle-X
4070424490,10,986,-72,2485,-4445,-875,idle-X
4070439777,10,986,-72,2485,-4445,-875,idle-X
4070441934,9,986,-71,2485,-4445,-875,idle-X
4070458747,9,986,-71,2450,-4445,-892,idle-X
4070459377,9,986,-71,2450,-4445,-892,idle-X
4070476189,9,986,-71,2450,-4445,-892,idle-X
4070478041,9,986,-71,2450,-4497,-892,idle-X
4070493328,9,986,-71,2450,-4497,-892,idle-X
4070497317,9,986,-71,2450,-4497,-875,idle-X
4070510770,10,986,-72,2450,-4497,-875,idle-X
4070516286,10,986,-72,2467,-4445,-875,idle-X
4070527909,9,986,-72,2467,-4445,-875,idle-X
4070535562,9,986,-72,2467,-4462,-875,idle-X
4070545047,9,986,-72,2467,-4462,-875,idle-X
4070554837,9,986,-72,2450,-4480,-892,idle-X
4070562186,10,986,-72,2450,-4480,-892,idle-X
4070573807,10,986,-72,2467,-4462,-910,idle-X
4070579628,9,986,-71,2467,-4462,-910,idle-X
4070593082,9,986,-71,2467,-4462,-875,idle-X
4070596766,9,986,-71,2467,-4462,-875,idle-X
4070612358,9,986,-71,2467,-4480,-840,idle-X
4070613905,9,985,-72,2467,-4480,-840,idle-X
4070631329,10,986,-72,2432,-4497,-857,idle-X
4070648460,9,986,-71,2432,-4497,-857,idle-X
4070650617,9,986,-71,2450,-4480,-875,idle-X
4070665598,9,985,-72,2450,-4480,-875,idle-X
4070669893,9,985,-72,2485,-4445,-840,idle-X
4070682736,9,986,-72,2485,-4445,-840,idle-X
4070688863,9,986,-72,2432,-4462,-875,idle-X
4070700180,9,986,-71,2432,-4462,-875,idle-X
4070708138,9,986,-71,2467,-4427,-875,idle-X
4070717318,9,986,-71,2467,-4427,-875,idle-X
4070727414,9,986,-71,2467,-4480,-857,idle-X
4070734456,9,986,-71,2467,-4480,-857,idle-X
4070746384,9,986,-71,2485,-4480,-892,idle-X
4070751595,9,986,-72,2485,-4480,-892,idle-X
4070765660,9,986,-72,2502,-4497,-892,idle-X
4070769039,9,986,-72,2502,-4497,-892,idle-X
4070784935,9,986,-72,2485,-4497,-892,idle-X
4070786177,9,986,-72,2485,-4497,-892,idle-X
4070803295,9,986,-71,2485,-4497,-892,idle-X
4070803925,9,986,-71,2467,-4480,-875,idle-X
4070820740,9,986,-72,2467,-4480,-875,idle-X
4070823203,9,986,-72,2485,-4480,-875,idle-X
4070837878,9,986,-71,2485,-4480,-875,idle-X
4070842479,9,986,-71,2485,-4480,-875,idle-X
4070855017,9,986,-71,2485,-4480,-875,idle-X
4070861449,9,986,-71,2467,-4462,-892,idle-X
4070872156,10,986,-72,2467,-4462,-892,idle-X
4070880725,10,986,-72,2450,-4445,-875,idle-X
4070889601,9,986,-71,2450,-4445,-875,idle-X
4070900001,9,986,-71,2450,-4445,-892,idle-X
4070906739,9,986,-72,2450,-4445,-892,idle-X
4070918971,9,986,-72,2485,-4480,-875,idle-X
4070923876,9,986,-72,2485,-4480,-875,idle-X
4070938246,9,986,-72,2485,-4462,-892,idle-X
4070941014,9,986,-71,2485,-4462,-892,idle-X
4070957523,9,986,-71,2467,-4462,-875,idle-X
4070958459,9,986,-72,2467,-4462,-875,idle-X
4070975577,9,986,-71,2467,-4462,-875,idle-X
4070976514,9,986,-71,2467,-4497,-840,idle-X
4070992716,9,986,-72,2467,-4497,-840,idle-X
4070995790,9,986,-72,2485,-4480,-875,idle-X
4071010161,9,986,-72,2485,-4480,-875,idle-X
4071015067,9,986,-72,2467,-4480,-910,idle-X
4071027301,9,986,-72,2467,-4480,-910,idle-X
4071034038,9,986,-72,2467,-4462,-840,idle-X
4071044439,9,986,-72,2467,-4462,-840,idle-X
4071053314,9,986,-72,2485,-4497,-857,idle-X
4071061578,9,986,-72,2485,-4497,-857,idle-X
4071072589,9,986,-72,2450,-4515,-857,idle-X
4071079021,9,986,-71,2450,-4515,-857,idle-X
4071091561,9,986,-71,2467,-4480,-857,idle-X
4071096161,9,986,-72,2467,-4480,-857,idle-X
4071110836,9,986,-72,2467,-4480,-857,idle-X
4071113300,9,986,-71,2467,-4480,-857,idle-X
4071130113,9,986,-71,2450,-4480,-875,idle-X
4071130743,9,986,-71,2450,-4480,-875,idle-X
4071147862,9,986,-72,2450,-4480,-875,idle-X
4071149104,9,986,-72,2485,-4462,-892,idle-X
4071165000,10,986,-72,2485,-4462,-892,idle-X
4071168379,10,986,-72,2502,-4462,-892,idle-X
4071182138,9,986,-71,2502,-4462,-892,idle-X
4071187655,9,986,-71,2502,-4480,-910,idle-X
4071199581,9,986,-72,2502,-4480,-910,idle-X
4071206929,9,986,-72,2467,-4480,-875,idle-X
4071216720,9,986,-71,2467,-4480,-875,idle-X
4071225900,9,986,-71,2467,-4462,-875,idle-X
4071233858,9,987,-71,2467,-4462,-875,idle-X
4071245175,9,987,-71,2485,-4480,-892,idle-X
4071250996,9,986,-71,2485,-4480,-892,idle-X
4071264450,9,986,-71,2502,-4497,-857,idle-X
4071268440,9,987,-71,2502,-4497,-857,idle-X
4071283421,9,987,-71,2467,-4497,-857,idle-X
4071285579,9,986,-71,2467,-4497,-857,idle-X
4071302697,9,986,-72,2485,-4462,-892,idle-X
4071320133,9,986,-71,2485,-4462,-892,idle-X
4071321985,9,986,-71,2485,-4445,-910,idle-X
4071337272,9,986,-71,2485,-4445,-910,idle-X
4071340956,9,986,-71,2485,-4445,-892,idle-X
4071354411,9,986,-71,2485,-4445,-892,idle-X
4071360233,9,986,-71,2467,-4462,-910,idle-X
4071371549,9,986,-71,2467,-4462,-910,idle-X
4071379508,9,986,-71,2485,-4462,-875,idle-X
4071388993,9,986,-72,2485,-4462,-875,idle-X
4071398479,9,986,-72,2485,-4462,-875,idle-X
4071406133,9,986,-71,2485,-4462,-875,idle-X
4071417755,9,986,-71,2467,-4480,-875,idle-X
4071423271,9,986,-71,2467,-4480,-875,idle-X
4071437030,9,986,-71,2467,-4480,-875,idle-X
4071440714,10,986,-71,2467,-4480,-875,idle-X
4071456001,10,986,-71,2485,-4462,-875,idle-X
4071457853,9,986,-71,2485,-4462,-875,idle-X
4071474971,9,986,-71,2485,-4462,-875,idle-X
4071492407,9,986,-71,2485,-4462,-875,idle-X
4071494565,9,986,-71,2485,-4462,-857,idle-X
4071509545,9,986,-72,2485,-4462,-857,idle-X
4071513535,9,986,-72,2485,-4445,-840,idle-X
4071526683,9,986,-71,2485,-4445,-840,idle-X
4071532810,9,986,-71,2450,-4445,-875,idle-X
4071543822,9,986,-72,2450,-4445,-875,idle-X
4071552087,9,986,-72,2450,-4462,-892,idle-X
4071561266,9,986,-72,2450,-4462,-892,idle-X
4071571362,9,986,-72,2467,-4497,-857,idle-X
4071578404,9,986,-71,2467,-4497,-857,idle-X
4071590331,9,986,-71,2450,-4462,-875,idle-X
4071595542,9,986,-72,2450,-4462,-875,idle-X
4071609607,9,986,-72,2485,-4445,-875,idle-X
4071612680,9,986,-71,2485,-4445,-875,idle-X
4071628882,9,986,-71,2467,-4462,-840,idle-X
4071630123,9,986,-72,2467,-4462,-840,idle-X
4071647241,10,986,-71,2467,-4462,-840,idle-X
4071647871,10,986,-71,2450,-4462,-892,idle-X
4071664380,9,986,-71,2450,-4462,-892,idle-X
4071667148,9,986,-71,2467,-4445,-892,idle-X
4071681519,9,986,-71,2467,-4445,-892,idle-X
4071686120,9,986,-71,2467,-4480,-892,idle-X
4071698962,9,986,-71,2467,-4480,-892,idle-X
4071705394,9,986,-71,2467,-4462,-875,idle-X
4071716100,9,986,-72,2467,-4462,-875,idle-X
4071724668,9,986,-72,2467,-4497,-875,idle-X
4071733237,10,986,-71,2467,-4497,-875,idle-X
4071743944,10,986,-71,2467,-4497,-892,idle-X
4071750681,9,986,-71,2467,-4497,-892,idle-X
4071762914,9,986,-71,2485,-4497,-857,idle-X
4071767819,9,986,-72,2485,-4497,-857,idle-X
4071782189,9,986,-72,2485,-4445,-857,idle-X
4071784957,9,986,-72,2485,-4445,-857,idle-X
4071801465,9,986,-72,2467,-4462,-875,idle-X
4071802095,9,986,-72,2467,-4462,-875,idle-X
4071819518,10,985,-71,2467,-4462,-875,idle-X
4071820455,10,985,-71,2467,-4462,-875,idle-X
4071836657,9,986,-72,2467,-4462,-875,idle-X
4071839730,9,986,-72,2467,-4462,-875,idle-X
4071853796,9,986,-71,2467,-4462,-875,idle-X
4071859007,9,986,-71,2467,-4462,-857,idle-X
4071870935,9,986,-72,2467,-4462,-857,idle-X
4071877977,9,986,-72,2467,-4480,-857,idle-X
4071888379,9,986,-71,2467,-4480,-857,idle-X
4071897253,9,986,-71,2467,-4462,-892,idle-X
4071905518,9,986,-71,2467,-4462,-892,idle-X
4071916530,9,986,-71,2485,-4480,-875,idle-X
4071922657,9,986,-71,2485,-4480,-875,idle-X
4071935501,9,986,-71,2485,-4480,-875,idle-X
4071940101,9,986,-71,2485,-4480,-875,idle-X
4071954776,9,986,-71,2450,-4497,-875,idle-X
4071957239,9,985,-71,2450,-4497,-875,idle-X
4071974052,9,985,-71,2485,-4480,-875,idle-X
4071974682,9,986,-72,2485,-4480,-875,idle-X
4071991495,9,986,-72,2485,-4480,-875,idle-X
4071993043,9,986,-72,2467,-4480,-875,idle-X
4072008940,9,986,-72,2467,-4480,-875,idle-X
4072012318,9,986,-72,2502,-4462,-875,idle-X
4072026077,10,986,-71,2502,-4462,-875,idle-X
4072031593,10,986,-71,2485,-4480,-892,idle-X
4072043215,9,986,-71,2485,-4480,-892,idle-X
4072050562,9,986,-71,2485,-4480,-857,idle-X
4072060658,9,986,-71,2485,-4480,-857,idle-X
4072069838,9,986,-71,2467,-4480,-892,idle-X
4072077796,9,986,-72,2467,-4480,-892,idle-X
4072089113,9,986,-72,2450,-4480,-875,idle-X
4072094934,9,986,-71,2450,-4480,-875,idle-X
4072108082,9,986,-71,2450,-4480,-857,idle-X
4072112072,10,986,-71,2450,-4480,-857,idle-X
4072127358,10,986,-71,2485,-4462,-892,idle-X
4072129516,9,986,-71,2485,-4462,-892,idle-X
4072146634,9,986,-71,2432,-4462,-875,idle-X
4072163765,9,986,-72,2432,-4462,-875,idle-X
4072165617,9,986,-72,2467,-4480,-875,idle-X
4072181209,9,986,-71,2467,-4480,-875,idle-X
4072184893,9,986,-71,2450,-4462,-875,idle-X
4072198349,9,985,-71,2450,-4462,-875,idle-X
4072204170,9,985,-71,2450,-4462,-875,idle-X
4072215487,10,986,-71,2450,-4462,-875,idle-X
4072223446,10,986,-71,2467,-4480,-875,idle-X
4072232626,9,986,-72,2467,-4480,-875,idle-X
4072242416,9,986,-72,2450,-4480,-875,idle-X
4072250070,9,986,-72,2450,-4480,-875,idle-X
4072261693,9,986,-72,2467,-4462,-875,idle-X
4072267209,9,986,-72,2467,-4462,-875,idle-X
4072280967,9,986,-72,2450,-4462,-875,idle-X
4072284346,9,986,-71,2450,-4462,-875,idle-X
4072299938,9,986,-71,2450,-4445,-875,idle-X
4072301789,9,986,-71,2450,-4445,-875,idle-X
4072318908,9,986,-71,2432,-4462,-875,idle-X
4072336039,9,986,-72,2432,-4462,-875,idle-X
4072338502,9,986,-72,2450,-4462,-857,idle-X
4072353177,9,986,-71,2450,-4462,-857,idle-X
4072357471,9,986,-71,2467,-4462,-857,idle-X
4072370619,9,986,-72,2467,-4462,-857,idle-X
4072376746,9,986,-72,2485,-4462,-875,idle-X
4072387758,9,986,-72,2485,-4462,-875,idle-X
4072396023,9,986,-72,2450,-4462,-875,idle-X
4072404897,9,986,-71,2450,-4462,-875,idle-X
4072414993,9,986,-71,2485,-4497,-857,idle-X
4072422341,10,986,-72,2485,-4497,-857,idle-X
4072434269,10,986,-72,2450,-4462,-892,idle-X
4072439480,9,986,-72,2450,-4462,-892,idle-X
4072453546,9,986,-72,2485,-4462,-875,idle-X
4072456619,9,986,-72,2485,-4462,-875,idle-X
4072472822,9,986,-72,2467,-4445,-875,idle-X
4072473758,9,986,-71,2467,-4445,-875,idle-X
4072491182,9,986,-72,2467,-4445,-875,idle-X
4072491812,9,986,-72,2450,-4480,-857,idle-X
4072508320,9,986,-72,2450,-4480,-857,idle-X
4072511089,9,986,-72,2450,-4497,-875,idle-X
4072525458,9,986,-71,2450,-4497,-875,idle-X
4072530363,9,986,-71,2467,-4497,-857,idle-X
4072542901,9,986,-72,2467,-4497,-857,idle-X
4072549333,9,986,-72,2467,-4445,-892,idle-X
4072560039,9,985,-72,2467,-4445,-892,idle-X
4072568608,9,985,-72,2502,-4462,-857,idle-X
4072577176,9,986,-72,2502,-4462,-857,idle-X
4072587882,9,986,-72,2467,-4480,-857,idle-X
4072594314,9,986,-71,2467,-4480,-857,idle-X
4072606853,9,986,-71,2485,-4480,-857,idle-X
4072611758,9,986,-72,2485,-4480,-857,idle-X
4072626129,9,986,-72,2467,-4497,-857,idle-X
4072628897,10,986,-71,2467,-4497,-857,idle-X
4072645404,10,986,-71,2485,-4497,-892,idle-X
4072646035,9,986,-72,2485,-4497,-892,idle-X
4072663460,10,986,-72,2485,-4497,-892,idle-X
4072664397,10,986,-72,2450,-4462,-892,idle-X
4072680598,9,986,-72,2450,-4462,-892,idle-X
4072683672,9,986,-72,2467,-4480,-875,idle-X
4072697737,9,986,-71,2467,-4480,-875,idle-X
4072702948,9,986,-71,2467,-4497,-875,idle-X
4072714876,9,986,-72,2467,-4497,-875,idle-X
4072721919,9,986,-72,2467,-4497,-892,idle-X
4072732319,9,985,-71,2467,-4497,-892,idle-X
4072741193,9,985,-71,2450,-4480,-892,idle-X
4072749457,9,986,-72,2450,-4480,-892,idle-X
4072760468,9,986,-72,2450,-4480,-892,idle-X
4072766594,9,985,-73,2450,-4480,-892,idle-X
4072779438,9,985,-73,2467,-4497,-892,idle-X
4072783733,9,986,-71,2467,-4497,-892,idle-X
4072798714,9,986,-71,2502,-4497,-875,idle-X
4072801177,9,986,-71,2502,-4497,-875,idle-X
4072817990,9,986,-71,2485,-4462,-857,idle-X
4072818620,9,986,-72,2485,-4462,-857,idle-X
4072835432,10,986,-72,2485,-4462,-857,idle-X
4072836980,10,986,-72,2485,-4480,-840,idle-X
4072852878,9,986,-71,2485,-4480,-840,idle-X
4072856257,9,986,-71,2485,-4480,-892,idle-X
4072870017,9,986,-71,2485,-4480,-892,idle-X
4072875534,9,986,-71,2467,-4480,-910,idle-X
4072887155,10,986,-72,2467,-4480,-910,idle-X
4072894503,10,986,-72,2450,-4480,-875,idle-X
4072904293,9,986,-72,2450,-4480,-875,idle-X
4072913779,9,986,-72,2450,-4462,-875,idle-X
4072921738,9,985,-71,2450,-4462,-875,idle-X
4072933054,9,985,-71,2467,-4462,-892,idle-X
4072938876,9,986,-71,2467,-4462,-892,idle-X
4072952024,9,986,-71,2450,-4462,-875,idle-X
4072956013,10,986,-72,2450,-4462,-875,idle-X
4072971300,10,986,-72,2432,-4462,-875,idle-X
4072973457,9,986,-71,2432,-4462,-875,idle-X
4072990576,9,986,-72,2467,-4480,-875,idle-X
4073007707,10,986,-72,2467,-4480,-875,idle-X
4073009559,10,986,-72,2467,-4480,-910,idle-X
4073024846,9,986,-71,2467,-4480,-910,idle-X
4073028835,9,986,-71,2467,-4480,-875,idle-X
4073042290,9,986,-71,2467,-4480,-875,idle-X
4073048112,9,986,-71,2467,-4462,-892,idle-X
4073059430,10,986,-71,2467,-4462,-892,idle-X
4073067389,10,986,-71,2450,-4445,-875,idle-X
4073076569,9,986,-72,2450,-4445,-875,idle-X
4073086359,9,986,-72,2432,-4445,-875,idle-X
4073094011,9,986,-71,2432,-4445,-875,idle-X
4073105634,9,986,-71,2450,-4462,-875,idle-X
4073111151,9,986,-71,2450,-4462,-875,idle-X
4073124910,9,986,-71,2502,-4480,-875,idle-X
4073128289,9,986,-71,2502,-4480,-875,idle-X
4073143880,9,986,-71,2485,-4462,-892,idle-X
4073145427,9,986,-71,2485,-4462,-892,idle-X
4073162850,9,986,-71,2485,-4445,-875,idle-X
4073179981,10,986,-71,2485,-4445,-875,idle-X
4073182443,10,986,-71,2485,-4445,-857,idle-X
4073197119,9,986,-72,2485,-4445,-857,idle-X
4073201414,9,986,-72,2485,-4462,-857,idle-X
4073214258,9,986,-72,2485,-4462,-857,idle-X
4073220691,9,986,-72,2467,-4462,-892,idle-X
4073231702,9,986,-72,2467,-4462,-892,idle-X
4073239966,9,986,-72,2502,-4462,-892,idle-X
4073248841,9,986,-71,2502,-4462,-892,idle-X
4073258936,9,986,-71,2467,-4480,-875,idle-X
4073265978,9,986,-71,2467,-4480,-875,idle-X
4073278212,9,986,-71,2450,-4462,-840,idle-X
4073283422,9,986,-72,2450,-4462,-840,idle-X
4073297487,9,986,-72,2467,-4445,-875,idle-X
4073300561,9,986,-72,2467,-4445,-875,idle-X
4073316458,9,986,-72,2485,-4445,-875,idle-X
4073317700,9,986,-72,2485,-4445,-875,idle-X
4073334818,9,985,-72,2485,-4445,-875,idle-X
4073335755,9,985,-72,2467,-4445,-840,idle-X
4073352261,9,986,-72,2467,-4445,-840,idle-X
4073355030,9,986,-72,2485,-4462,-892,idle-X
4073369400,9,986,-72,2485,-4462,-892,idle-X
4073374001,9,986,-72,2467,-4480,-857,idle-X
4073386540,9,986,-71,2467,-4480,-857,idle-X
4073393277,9,986,-71,2467,-4480,-875,idle-X
4073403678,10,986,-71,2467,-4480,-875,idle-X
4073412554,10,986,-71,2450,-4445,-875,idle-X
4073421123,9,986,-72,2450,-4445,-875,idle-X
4073431524,9,986,-72,2467,-4462,-910,idle-X
4073438262,9,986,-72,2467,-4462,-910,idle-X
4073450801,9,986,-72,2467,-4497,-892,idle-X
4073455400,9,986,-72,2467,-4497,-892,idle-X
4073470076,9,986,-72,2502,-4497,-857,idle-X
4073472538,9,986,-71,2502,-4497,-857,idle-X
4073489046,9,986,-71,2502,-4462,-875,idle-X
4073489983,9,986,-72,2502,-4462,-875,idle-X
4073507102,9,986,-72,2502,-4462,-875,idle-X
4073508343,9,986,-72,2467,-4462,-875,idle-X
4073524240,9,986,-72,2467,-4462,-875,idle-X
4073527314,9,986,-72,2450,-4445,-875,idle-X
4073541378,9,986,-72,2450,-4445,-875,idle-X
4073546588,9,986,-72,2485,-4427,-875,idle-X
4073558822,9,986,-71,2485,-4427,-875,idle-X
4073565865,9,986,-71,2467,-4480,-910,idle-X
4073575961,9,986,-71,2467,-4480,-910,idle-X
4073584835,9,986,-71,2485,-4462,-910,idle-X
4073593099,9,986,-71,2485,-4462,-910,idle-X
4073604111,9,986,-71,2485,-4462,-840,idle-X
4073610236,9,986,-71,2485,-4462,-840,idle-X
4073623385,9,986,-71,2520,-4462,-892,idle-X
4073627680,9,986,-71,2520,-4462,-892,idle-X
4073642356,9,986,-71,2485,-4462,-892,idle-X
4073644819,9,985,-72,2485,-4462,-892,idle-X
4073661630,9,985,-72,2450,-4462,-875,idle-X
4073662260,10,986,-72,2450,-4462,-875,idle-X
4073679379,9,986,-71,2450,-4462,-875,idle-X
4073680926,9,986,-71,2467,-4497,-875,idle-X
4073696518,10,986,-72,2467,-4497,-875,idle-X
4073699898,10,986,-72,2450,-4480,-857,idle-X
4073713657,9,986,-71,2450,-4480,-857,idle-X
4073719173,9,986,-71,2467,-4480,-875,idle-X
4073730795,9,986,-72,2467,-4480,-875,idle-X
4073738448,9,986,-72,2450,-4515,-875,idle-X
4073748239,9,985,-71,2450,-4515,-875,idle-X
4073757418,9,985,-71,2485,-4497,-892,idle-X
4073765376,9,986,-71,2485,-4497,-892,idle-X
4073776694,9,986,-71,2502,-4462,-892,idle-X
4073782515,9,986,-72,2502,-4462,-892,idle-X
4073795968,9,986,-72,2467,-4480,-892,idle-X
4073799652,9,986,-72,2467,-4480,-892,idle-X
4073814938,9,986,-72,2450,-4462,-875,idle-X
4073817096,9,985,-71,2450,-4462,-875,idle-X
4073834215,9,986,-71,2467,-4462,-875,idle-X
4073851345,9,986,-71,2467,-4462,-875,idle-X
4073853502,9,986,-71,2450,-4480,-857,idle-X
4073868482,9,986,-72,2450,-4480,-857,idle-X
4073872472,9,986,-72,2450,-4445,-892,idle-X
4073885925,9,986,-71,2450,-4445,-892,idle-X
4073891747,9,986,-71,2485,-4480,-892,idle-X
4073903064,9,985,-72,2485,-4480,-892,idle-X
4073911023,9,985,-72,2450,-4462,-875,idle-X
4073920203,9,986,-71,2450,-4462,-875,idle-X
4073929993,9,986,-71,2450,-4497,-892,idle-X
4073937341,9,986,-72,2450,-4497,-892,idle-X
4073949269,9,986,-72,2432,-4480,-875,idle-X
4073954786,9,986,-71,2432,-4480,-875,idle-X
4073968546,9,986,-71,2450,-4462,-875,idle-X
4073971925,10,986,-71,2450,-4462,-875,idle-X
4073987517,10,986,-71,2467,-4462,-875,idle-X
4073989064,9,986,-71,2467,-4462,-875,idle-X
4074006487,9,986,-72,2485,-4480,-857,idle-X
4074023617,9,986,-72,2485,-4480,-857,idle-X
4074026081,9,986,-72,2467,-4462,-892,idle-X
4074040756,9,986,-72,2467,-4462,-892,idle-X
4074045050,9,986,-72,2450,-4462,-875,idle-X
4074057893,9,985,-71,2450,-4462,-875,idle-X
4074064325,9,985,-71,2467,-4462,-875,idle-X
4074075336,10,986,-71,2467,-4462,-875,idle-X
4074083598,10,986,-71,2467,-4427,-857,idle-X
4074092473,9,986,-71,2467,-4427,-857,idle-X
4074102569,9,986,-71,2485,-4462,-875,idle-X
4074109612,9,986,-72,2485,-4462,-875,idle-X
4074121845,9,986,-72,2467,-4462,-892,idle-X
4074126750,9,986,-71,2467,-4462,-892,idle-X
4074140815,9,986,-71,2485,-4427,-892,idle-X
4074144193,9,986,-71,2485,-4427,-892,idle-X
4074160090,9,986,-71,2485,-4427,-857,idle-X
4074161332,9,986,-71,2485,-4427,-857,idle-X
4074178450,9,986,-72,2485,-4427,-857,idle-X
4074179386,9,986,-72,2450,-4462,-840,idle-X
4074195587,9,986,-72,2450,-4462,-840,idle-X
4074198355,9,986,-72,2450,-4445,-857,idle-X
4074213029,9,986,-71,2450,-4445,-857,idle-X
4074217630,9,986,-71,2432,-4462,-857,idle-X
4074230169,10,986,-72,2432,-4462,-857,idle-X
4074236907,10,986,-72,2485,-4462,-892,idle-X
4074247308,10,986,-72,2485,-4462,-892,idle-X
4074255877,10,986,-72,2467,-4462,-875,idle-X
4074264446,9,986,-71,2467,-4462,-875,idle-X
4074275152,9,986,-71,2467,-4445,-875,idle-X
4074281888,10,986,-71,2467,-4445,-875,idle-X
4074294426,10,986,-71,2467,-4445,-875,idle-X
4074299027,9,987,-71,2467,-4445,-875,idle-X
4074313396,9,987,-71,2467,-4462,-892,idle-X
4074316164,9,986,-71,2467,-4462,-892,idle-X
4074332670,9,986,-71,2467,-4462,-892,idle-X
4074333300,9,986,-71,2467,-4462,-892,idle-X
4074350724,9,986,-71,2467,-4462,-892,idle-X
4074351965,9,986,-71,2467,-4462,-857,idle-X
4074367862,9,985,-71,2467,-4462,-857,idle-X
4074370935,9,985,-71,2467,-4462,-875,idle-X
4074385000,10,986,-71,2467,-4462,-875,idle-X
4074390211,10,986,-71,2467,-4480,-892,idle-X
4074402443,9,986,-72,2467,-4480,-892,idle-X
4074409487,9,986,-72,2502,-4480,-857,idle-X
4074419583,9,986,-71,2502,-4480,-857,idle-X
4074428458,9,986,-71,2502,-4480,-875,idle-X
4074436722,9,986,-71,2502,-4480,-875,idle-X
4074447733,9,986,-71,2485,-4480,-910,idle-X
4074453861,9,986,-72,2485,-4480,-910,idle-X
4074467009,9,986,-72,2485,-4480,-892,idle-X
4074471304,9,986,-72,2485,-4480,-892,idle-X
4074486286,9,986,-72,2485,-4480,-875,idle-X
4074488443,9,986,-72,2485,-4480,-875,idle-X
4074505257,9,986,-72,2485,-4480,-857,idle-X
4074505887,9,986,-72,2485,-4480,-857,idle-X
4074523005,9,986,-72,2485,-4480,-857,idle-X
4074524552,9,986,-72,2485,-4480,-875,idle-X
4074540143,9,986,-72,2485,-4480,-875,idle-X
4074543826,9,986,-72,2450,-4480,-875,idle-X
4074557280,9,986,-71,2450,-4480,-875,idle-X
4074562796,9,986,-71,2450,-4497,-892,idle-X
4074574723,9,986,-72,2450,-4497,-892,idle-X
4074582071,9,986,-72,2467,-4462,-857,idle-X
4074591862,8,986,-71,2467,-4462,-857,idle-X
4074601347,8,986,-71,2450,-4462,-857,idle-X
4074608999,9,986,-71,2450,-4462,-857,idle-X
4074620318,9,986,-71,2432,-4445,-857,idle-X
4074626139,9,986,-72,2432,-4445,-857,idle-X
4074639592,9,986,-72,2467,-4480,-840,idle-X
4074643581,9,986,-72,2467,-4480,-840,idle-X
4074658867,9,986,-72,2467,-4462,-857,idle-X
4074660718,9,986,-71,2467,-4462,-857,idle-X
4074677836,9,986,-72,2485,-4462,-875,idle-X
4074695272,10,986,-73,2485,-4462,-875,idle-X
4074697125,10,986,-73,2467,-4462,-892,idle-X
4074712411,9,986,-72,2467,-4462,-892,idle-X
4074716401,9,986,-72,2450,-4462,-875,idle-X
4074729550,9,986,-71,2450,-4462,-875,idle-X
4074735676,9,986,-71,2467,-4462,-875,idle-X
4074746688,9,986,-71,2467,-4462,-875,idle-X
4074754647,9,986,-71,2467,-4462,-875,idle-X
4074764132,9,986,-72,2467,-4462,-875,idle-X
4074773922,9,986,-72,2432,-4445,-875,idle-X
4074781269,9,986,-72,2432,-4445,-875,idle-X
4074793197,9,986,-72,2467,-4480,-910,idle-X
4074798407,9,986,-71,2467,-4480,-910,idle-X
4074812167,9,986,-71,2432,-4480,-875,idle-X
4074815852,9,986,-72,2432,-4480,-875,idle-X
4074831442,9,986,-72,2467,-4480,-875,idle-X
4074832990,10,986,-71,2467,-4480,-875,idle-X
4074850108,9,986,-72,2467,-4480,-875,idle-X
4074850738,9,986,-72,2467,-4480,-875,idle-X
4074867552,9,986,-72,2467,-4480,-875,idle-X
4074869710,9,986,-72,2467,-4462,-840,idle-X
4074884692,9,986,-71,2467,-4462,-840,idle-X
4074888987,9,986,-71,2467,-4462,-892,idle-X
4074901830,10,986,-72,2467,-4462,-892,idle-X
4074908262,10,986,-72,2450,-4462,-875,idle-X
4074918968,10,986,-71,2450,-4462,-875,idle-X
4074927537,10,986,-71,2450,-4462,-875,idle-X
4074936411,10,986,-71,2450,-4462,-875,idle-X
4074946508,10,986,-71,2485,-4480,-892,idle-X
4074953550,9,986,-72,2485,-4480,-892,idle-X
4074965782,9,986,-72,2450,-4462,-875,idle-X
4074970687,9,986,-71,2450,-4462,-875,idle-X
4074985057,9,986,-71,2485,-4445,-875,idle-X
4074988130,9,986,-72,2485,-4445,-875,idle-X
4075004027,9,986,-72,2485,-4445,-857,idle-X
4075005269,9,986,-72,2485,-4445,-857,idle-X
4075022387,9,986,-71,2485,-4445,-857,idle-X
4075023323,9,986,-71,2467,-4445,-875,idle-X
4075039830,9,986,-71,2467,-4445,-875,idle-X
4075042598,9,986,-71,2450,-4445,-892,idle-X
4075056968,9,986,-72,2450,-4445,-892,idle-X
4075061568,9,986,-72,2467,-4445,-892,idle-X
4075074108,9,986,-71,2467,-4445,-892,idle-X
4075080845,9,986,-71,2485,-4480,-892,idle-X
4075091246,9,986,-72,2485,-4480,-892,idle-X
4075100120,9,986,-72,2485,-4462,-892,idle-X
4075108690,9,986,-72,2485,-4462,-892,idle-X
4075119090,9,986,-72,2485,-4462,-875,idle-X
4075125827,9,986,-72,2485,-4462,-875,idle-X
4075138365,9,986,-72,2467,-4497,-875,idle-X
4075142965,9,986,-71,2467,-4497,-875,idle-X
4075157640,9,986,-71,2467,-4480,-875,idle-X
4075160103,9,986,-72,2467,-4480,-875,idle-X
4075176915,9,986,-72,2450,-4445,-892,idle-X
4075177545,9,986,-71,2450,-4445,-892,idle-X
4075194662,9,986,-72,2450,-4445,-892,idle-X
4075195903,9,986,-72,2450,-4445,-875,idle-X
4075211801,9,986,-72,2450,-4445,-875,idle-X
4075215180,9,986,-72,2450,-4445,-875,idle-X
4075229244,9,986,-71,2450,-4445,-875,idle-X
4075234150,9,986,-71,2485,-4480,-857,idle-X
4075246382,9,985,-72,2485,-4480,-857,idle-X
4075253424,9,985,-72,2485,-4497,-875,idle-X
4075263521,9,986,-72,2485,-4497,-875,idle-X
4075272701,9,986,-72,2467,-4480,-875,idle-X
4075280659,9,986,-71,2467,-4480,-875,idle-X
4075291670,9,986,-71,2450,-4462,-892,idle-X
4075298102,9,986,-71,2450,-4462,-892,idle-X
4075310945,9,986,-71,2485,-4462,-910,idle-X
4075315240,9,986,-72,2485,-4462,-910,idle-X
4075330220,9,986,-72,2485,-4462,-910,idle-X
4075332378,9,985,-72,2485,-4462,-910,idle-X
4075349191,9,985,-72,2467,-4480,-892,idle-X
4075349821,9,986,-72,2467,-4480,-892,idle-X
4075366939,9,986,-72,2467,-4480,-892,idle-X
4075368486,9,986,-72,2502,-4480,-840,idle-X
4075384078,10,986,-72,2502,-4480,-840,idle-X
4075387762,10,986,-72,2485,-4480,-857,idle-X
4075401216,9,986,-71,2485,-4480,-857,idle-X
4075406732,9,986,-71,2502,-4480,-875,idle-X
4075418355,9,986,-72,2502,-4480,-875,idle-X
4075426008,9,986,-72,2485,-4480,-875,idle-X
4075435798,9,986,-71,2485,-4480,-875,idle-X
4075445282,9,986,-71,2467,-4445,-892,idle-X
4075452935,9,986,-71,2467,-4445,-892,idle-X
4075464252,9,986,-71,2450,-4480,-875,idle-X
4075470073,9,986,-71,2450,-4480,-875,idle-X
4075483528,9,986,-71,2485,-4480,-857,idle-X
4075487212,10,986,-72,2485,-4480,-857,idle-X
4075502804,10,986,-72,2467,-4462,-910,idle-X
4075504656,9,985,-71,2467,-4462,-910,idle-X
4075521774,10,986,-71,2467,-4462,-892,idle-X
4075538905,9,986,-71,2467,-4462,-892,idle-X
4075541063,9,986,-71,2485,-4480,-892,idle-X
4075556348,9,986,-71,2485,-4480,-892,idle-X
4075560338,9,986,-71,2485,-4497,-857,idle-X
4075573487,9,986,-71,2485,-4497,-857,idle-X
4075579309,9,986,-71,2485,-4480,-910,idle-X
4075590625,9,986,-71,2485,-4480,-910,idle-X
4075598583,9,986,-71,2485,-4462,-910,idle-X
4075607763,9,986,-71,2485,-4462,-910,idle-X
4075617858,9,986,-71,2450,-4497,-892,idle-X
4075625207,9,986,-71,2450,-4497,-892,idle-X
4075636829,9,986,-71,2467,-4480,-892,idle-X
4075642346,9,986,-71,2467,-4480,-892,idle-X
4075656105,9,986,-71,2467,-4480,-892,idle-X
4075659483,9,986,-71,2467,-4480,-892,idle-X
4075675380,9,986,-71,2485,-4462,-857,idle-X
4075676622,9,986,-71,2485,-4462,-857,idle-X
4075694046,9,986,-72,2485,-4497,-875,idle-X
4075711176,9,986,-71,2485,-4497,-875,idle-X
4075713639,9,986,-71,2467,-4480,-892,idle-X
4075728314,9,986,-72,2467,-4480,-892,idle-X
4075732915,9,986,-72,2502,-4462,-875,idle-X
4075745759,9,986,-71,2502,-4462,-875,idle-X
4075751885,9,986,-71,2467,-4445,-857,idle-X
4075762897,9,986,-71,2467,-4445,-857,idle-X
4075771161,9,986,-71,2450,-4445,-875,idle-X
4075780035,9,986,-72,2450,-4445,-875,idle-X
4075790436,9,986,-72,2467,-4445,-857,idle-X
4075797174,9,986,-72,2467,-4445,-857,idle-X
4075809408,9,986,-72,2450,-4462,-875,idle-X
4075814619,9,986,-72,2450,-4462,-875,idle-X
4075828682,9,986,-72,2467,-4480,-875,idle-X
4075831757,9,986,-72,2467,-4480,-875,idle-X
4075847959,9,986,-72,2537,-4462,-892,idle-X
4075848896,9,985,-72,2537,-4462,-892,idle-X
4075866015,9,986,-72,2537,-4462,-892,idle-X
4075866951,9,986,-72,2467,-4480,-910,idle-X
4075883458,9,986,-72,2467,-4480,-910,idle-X
4075886227,9,986,-72,2467,-4480,-875,idle-X
4075900597,9,986,-71,2467,-4480,-875,idle-X
4075905503,9,986,-71,2502,-4480,-892,idle-X
4075917736,9,986,-71,2502,-4480,-892,idle-X
4075924475,9,986,-71,2485,-4445,-875,idle-X
4075934877,9,986,-71,2485,-4445,-875,idle-X
4075943751,9,986,-71,2467,-4445,-857,idle-X
4075952321,9,986,-71,2467,-4445,-857,idle-X
4075963027,9,986,-71,2450,-4462,-857,idle-X
4075969458,9,986,-71,2450,-4462,-857,idle-X
4075981997,9,986,-71,2485,-4480,-875,idle-X
4075986597,10,986,-71,2485,-4480,-875,idle-X
4076001272,10,986,-71,2485,-4497,-875,idle-X
4076004040,9,986,-71,2485,-4497,-875,idle-X
4076020547,9,986,-71,2485,-4462,-892,idle-X
4076021177,9,986,-72,2485,-4462,-892,idle-X
4076038296,9,986,-71,2485,-4462,-892,idle-X
4076039538,9,986,-71,2467,-4480,-875,idle-X
4076055436,9,986,-72,2467,-4480,-875,idle-X
4076058816,9,986,-72,2450,-4462,-857,idle-X
4076072881,9,985,-72,2450,-4462,-857,idle-X
4076078091,9,985,-72,2450,-4462,-875,idle-X
4076090018,8,986,-72,2450,-4462,-875,idle-X
4076097061,8,986,-72,2485,-4480,-875,idle-X
4076107156,9,986,-72,2485,-4480,-875,idle-X
4076116335,9,986,-72,2485,-4497,-875,idle-X
4076124295,9,986,-72,2485,-4497,-875,idle-X
4076135612,9,986,-72,2467,-4445,-892,idle-X
4076141739,9,986,-72,2467,-4445,-892,idle-X
4076154581,9,986,-72,2450,-4480,-875,idle-X
4076158876,9,986,-71,2450,-4480,-875,idle-X
4076173857,9,986,-71,2467,-4480,-892,idle-X
4076176014,9,985,-71,2467,-4480,-892,idle-X
4076193133,9,985,-71,2467,-4462,-875,idle-X
4076193763,9,986,-72,2467,-4462,-875,idle-X
4076210576,9,986,-72,2467,-4462,-875,idle-X
4076212123,9,986,-72,2450,-4497,-857,idle-X
4076227715,10,986,-72,2450,-4497,-857,idle-X
4076231399,10,986,-72,2450,-4480,-875,idle-X
4076244854,9,986,-72,2450,-4480,-875,idle-X
4076250675,9,986,-72,2467,-4480,-857,idle-X
4076262299,9,986,-72,2467,-4480,-857,idle-X
4076269646,9,986,-72,2467,-4497,-875,idle-X
4076279438,9,986,-71,2467,-4497,-875,idle-X
4076288923,9,986,-71,2450,-4480,-875,idle-X
4076296576,9,986,-72,2450,-4480,-875,idle-X
4076308199,9,986,-72,2450,-4480,-857,idle-X
4076313714,9,986,-71,2450,-4480,-857,idle-X
4076327475,9,986,-71,2467,-4462,-892,idle-X
4076331159,9,986,-72,2467,-4462,-892,idle-X
4076346445,9,986,-72,2467,-4462,-857,idle-X
4076348298,9,986,-71,2467,-4462,-857,idle-X
4076365415,9,986,-71,2450,-4445,-892,idle-X
4076382851,9,986,-72,2450,-4445,-892,idle-X
4076384703,9,986,-72,2450,-4462,-875,idle-X
4076399990,9,986,-71,2450,-4462,-875,idle-X
4076403980,9,986,-71,2485,-4462,-892,idle-X
4076417130,9,986,-72,2485,-4462,-892,idle-X
4076423256,9,986,-72,2502,-4462,-875,idle-X
4076434268,9,986,-71,2502,-4462,-875,idle-X
4076442531,9,986,-71,2485,-4480,-892,idle-X
4076451712,9,986,-71,2485,-4480,-892,idle-X
4076461502,9,986,-71,2450,-4462,-910,idle-X
4076468850,9,986,-72,2450,-4462,-910,idle-X
4076480777,9,986,-72,2467,-4462,-875,idle-X
4076485987,9,986,-72,2467,-4462,-875,idle-X
4076500052,9,986,-72,2467,-4462,-875,idle-X
4076503126,9,986,-71,2467,-4462,-875,idle-X
4076519023,9,986,-71,2432,-4462,-875,idle-X
4076520570,9,986,-71,2432,-4462,-875,idle-X
4076537688,9,985,-71,2432,-4462,-875,idle-X
4076538318,9,985,-71,2450,-4462,-892,idle-X
4076554826,9,986,-72,2450,-4462,-892,idle-X
4076557595,9,986,-72,2467,-4497,-892,idle-X
4076572270,9,986,-71,2467,-4497,-892,idle-X
4076576565,9,986,-71,2520,-4462,-875,idle-X
4076589409,9,986,-72,2520,-4462,-875,idle-X
4076595841,9,986,-72,2485,-4480,-875,idle-X
4076606548,9,986,-72,2485,-4480,-875,idle-X
4076615118,9,986,-72,2467,-4462,-875,idle-X
4076623992,9,986,-72,2467,-4462,-875,idle-X
4076634088,9,986,-72,2485,-4462,-892,idle-X
4076641130,9,986,-71,2485,-4462,-892,idle-X
4076653363,9,986,-71,2467,-4462,-875,idle-X
4076658268,9,986,-71,2467,-4462,-875,idle-X
4076672637,9,986,-71,2450,-4462,-892,idle-X
4076675406,9,986,-72,2450,-4462,-892,idle-X
4076691914,9,986,-72,2485,-4480,-892,idle-X
4076692850,10,986,-71,2485,-4480,-892,idle-X
4076709968,9,986,-71,2485,-4480,-892,idle-X
4076710905,9,986,-71,2485,-4462,-875,idle-X
4076727107,10,986,-72,2485,-4462,-875,idle-X
4076730181,10,986,-72,2502,-4462,-892,idle-X
4076744551,9,985,-72,2502,-4462,-892,idle-X
4076749456,9,985,-72,2467,-4462,-875,idle-X
4076761689,9,986,-72,2467,-4462,-875,idle-X
4076768426,9,986,-72,2467,-4445,-875,idle-X
4076778829,9,986,-72,2467,-4445,-875,idle-X
4076787704,9,986,-72,2502,-4480,-857,idle-X
4076795967,9,986,-72,2502,-4480,-857,idle-X
4076806978,9,986,-72,2467,-4462,-875,idle-X
4076813411,9,986,-72,2467,-4462,-875,idle-X
4076825948,9,986,-72,2485,-4462,-875,idle-X
4076830549,9,986,-72,2485,-4462,-875,idle-X
4076845225,9,986,-72,2467,-4480,-892,idle-X
4076847687,9,986,-71,2467,-4480,-892,idle-X
4076864500,9,986,-71,2467,-4445,-910,idle-X
4076865130,9,986,-71,2467,-4445,-910,idle-X
4076882248,10,986,-71,2467,-4445,-910,idle-X
4076883489,10,986,-71,2467,-4462,-892,idle-X
4076899386,9,986,-71,2467,-4462,-892,idle-X
4076902765,9,986,-71,2467,-4445,-875,idle-X
4076916526,9,986,-72,2467,-4445,-875,idle-X
4076922042,9,986,-72,2467,-4480,-875,idle-X
4076933969,9,986,-71,2467,-4480,-875,idle-X
4076941011,9,986,-71,2467,-4480,-875,idle-X
4076951107,9,986,-72,2467,-4480,-875,idle-X
4076960286,9,986,-72,2485,-4480,-857,idle-X
4076968245,9,986,-71,2485,-4480,-857,idle-X
4076979562,9,986,-71,2485,-4480,-875,idle-X
4076985384,9,986,-71,2485,-4480,-875,idle-X
4076998532,9,986,-71,2432,-4462,-840,idle-X
4077002827,10,986,-71,2432,-4462,-840,idle-X
4077017807,10,986,-71,2467,-4480,-857,idle-X
4077019964,9,986,-72,2467,-4480,-857,idle-X
4077037082,10,986,-71,2467,-4480,-857,idle-X
4077054519,9,986,-72,2467,-4480,-857,idle-X
4077056066,9,986,-72,2450,-4462,-875,idle-X
4077071658,9,986,-72,2450,-4462,-875,idle-X
4077075342,9,986,-72,2450,-4462,-910,idle-X
4077088796,9,986,-71,2450,-4462,-910,idle-X
4077094618,9,986,-71,2450,-4445,-892,idle-X
4077105935,9,986,-71,2450,-4445,-892,idle-X
4077113588,9,986,-71,2450,-4445,-875,idle-X
4077123379,9,986,-71,2450,-4445,-875,idle-X
4077132864,9,986,-71,2450,-4462,-875,idle-X
4077140518,9,986,-72,2450,-4462,-875,idle-X
4077152141,9,986,-72,2485,-4497,-892,idle-X
4077157656,9,986,-72,2485,-4497,-892,idle-X
4077171416,9,986,-72,2450,-4480,-857,idle-X
4077174795,9,986,-72,2450,-4480,-857,idle-X
4077190386,9,986,-72,2485,-4480,-875,idle-X
4077192238,9,986,-72,2485,-4480,-875,idle-X
4077209356,9,986,-71,2485,-4445,-875,idle-X
4077226486,9,985,-72,2485,-4445,-875,idle-X
4077228950,9,985,-72,2467,-4480,-875,idle-X
4077243932,9,985,-72,2467,-4480,-875,idle-X
4077247921,9,985,-72,2467,-4462,-892,idle-X
4077261069,9,986,-71,2467,-4462,-892,idle-X
4077267196,9,986,-71,2467,-4462,-875,idle-X
4077278207,9,986,-71,2467,-4462,-875,idle-X
4077286471,9,986,-71,2450,-4480,-910,idle-X
4077295345,9,986,-71,2450,-4480,-910,idle-X
4077305441,9,986,-71,2467,-4480,-875,idle-X
4077312791,9,986,-71,2467,-4480,-875,idle-X
4077324718,9,986,-71,2467,-4480,-875,idle-X
4077329929,9,986,-72,2467,-4480,-875,idle-X
4077343994,9,986,-72,2467,-4480,-875,idle-X
4077347067,10,986,-72,2467,-4480,-875,idle-X
4077362963,10,986,-72,2467,-4480,-875,idle-X
4077364510,9,986,-71,2467,-4480,-875,idle-X
4077381629,9,986,-71,2467,-4480,-875,idle-X
4077382260,9,986,-71,2450,-4462,-892,idle-X
4077398768,9,986,-72,2450,-4462,-892,idle-X
4077401537,9,986,-72,2467,-4462,-910,idle-X
4077416213,9,986,-71,2467,-4462,-910,idle-X
4077420813,9,986,-71,2485,-4480,-892,idle-X
4077433352,9,986,-72,2485,-4480,-892,idle-X
4077439784,9,986,-72,2467,-4462,-892,idle-X
4077450491,9,986,-71,2467,-4462,-892,idle-X
4077459060,9,986,-71,2450,-4480,-875,idle-X
4077467628,9,985,-71,2450,-4480,-875,idle-X
4077478335,9,985,-71,2467,-4462,-892,idle-X
4077485074,9,986,-71,2467,-4462,-892,idle-X
4077497307,9,986,-71,2467,-4480,-857,idle-X
4077502212,9,986,-71,2467,-4480,-857,idle-X
4077516583,9,986,-71,2467,-4462,-857,idle-X
4077519351,9,985,-72,2467,-4462,-857,idle-X
4077535858,9,985,-72,2485,-4462,-875,idle-X
4077536794,10,986,-72,2485,-4462,-875,idle-X
4077553912,9,986,-72,2485,-4462,-875,idle-X
4077554849,9,986,-72,2450,-4462,-875,idle-X
4077571051,9,986,-72,2450,-4462,-875,idle-X
4077574125,9,986,-72,2467,-4480,-910,idle-X
4077588495,10,986,-71,2467,-4480,-910,idle-X
4077593400,10,986,-71,2467,-4480,-875,idle-X
4077605633,10,986,-71,2467,-4480,-875,idle-X
4077612369,10,986,-71,2467,-4462,-857,idle-X
4077622770,9,986,-72,2467,-4462,-857,idle-X
4077631645,9,986,-72,2467,-4462,-892,idle-X
4077639910,9,986,-72,2467,-4462,-892,idle-X
4077650920,9,986,-72,2467,-4462,-875,idle-X
4077657352,10,985,-71,2467,-4462,-875,idle-X
4077670195,10,985,-71,2450,-4462,-857,idle-X
4077674490,9,986,-71,2450,-4462,-857,idle-X
4077689166,9,986,-71,2467,-4462,-875,idle-X
4077691629,9,986,-72,2467,-4462,-875,idle-X
4077708442,9,986,-72,2450,-4462,-892,idle-X
4077709072,9,986,-71,2450,-4462,-892,idle-X
4077726191,9,985,-72,2450,-4462,-892,idle-X
4077727433,9,985,-72,2467,-4480,-857,idle-X
4077743330,9,986,-72,2467,-4480,-857,idle-X
4077746709,9,986,-72,2467,-4445,-875,idle-X
4077760469,9,986,-72,2467,-4445,-875,idle-X
4077765986,9,986,-72,2450,-4480,-875,idle-X
4077777915,9,986,-72,2450,-4480,-875,idle-X
4077785263,9,986,-72,2450,-4462,-857,idle-X
4077795053,9,986,-71,2450,-4462,-857,idle-X
4077804232,9,986,-71,2450,-4462,-840,idle-X
4077812190,9,986,-71,2450,-4462,-840,idle-X
4077823508,9,986,-71,2415,-4480,-857,idle-X
4077829329,9,985,-72,2415,-4480,-857,idle-X
4077842784,9,985,-72,2467,-4462,-875,idle-X
4077846773,9,986,-72,2467,-4462,-875,idle-X
4077861752,9,986,-72,2485,-4480,-875,idle-X
4077863910,10,986,-72,2485,-4480,-875,idle-X
4077881027,9,986,-71,2467,-4480,-875,idle-X
4077898159,9,986,-72,2467,-4480,-875,idle-X
4077900317,9,986,-72,2485,-4480,-892,idle-X
4077915603,9,986,-72,2485,-4480,-892,idle-X
4077919287,9,986,-72,2485,-4462,-875,idle-X
4077932741,9,986,-71,2485,-4462,-875,idle-X
4077938563,9,986,-71,2450,-4480,-857,idle-X
4077949880,9,986,-71,2450,-4480,-857,idle-X
4077957839,9,986,-71,2467,-4462,-857,idle-X
4077967324,9,986,-71,2467,-4462,-857,idle-X
4077976809,9,986,-71,2467,-4462,-875,idle-X
4077984461,10,986,-71,2467,-4462,-875,idle-X
4077996083,10,986,-71,2467,-4480,-892,idle-X
4078001600,10,986,-72,2467,-4480,-892,idle-X
4078015357,10,986,-72,2485,-4462,-892,idle-X
4078018737,9,986,-71,2485,-4462,-892,idle-X
4078034634,9,986,-71,2485,-4497,-892,idle-X
4078036181,9,986,-71,2485,-4497,-892,idle-X
4078053299,9,986,-72,2450,-4480,-892,idle-X
4078070429,10,986,-72,2450,-4480,-892,idle-X
4078072893,10,986,-72,2450,-4462,-875,idle-X
4078087874,9,986,-72,2450,-4462,-875,idle-X
4078092169,9,986,-72,2450,-4462,-857,idle-X
4078105013,9,986,-71,2450,-4462,-857,idle-X
4078111140,9,986,-71,2467,-4480,-892,idle-X
4078122152,9,986,-72,2467,-4480,-892,idle-X
4078130415,9,986,-72,2485,-4480,-892,idle-X
4078139595,9,986,-72,2485,-4480,-892,idle-X
4078149692,9,986,-72,2485,-4462,-892,idle-X
4078156735,9,986,-71,2485,-4462,-892,idle-X
4078168662,9,986,-71,2467,-4445,-910,idle-X
4078173873,9,986,-71,2467,-4445,-910,idle-X
4078187938,9,986,-71,2467,-4445,-875,idle-X
4078191011,9,986,-72,2467,-4445,-875,idle-X
4078207214,9,986,-72,2467,-4480,-875,idle-X
4078208455,9,986,-72,2467,-4480,-875,idle-X
4078225575,9,986,-71,2467,-4480,-875,idle-X
4078226206,9,986,-71,2467,-4462,-840,idle-X
4078242714,9,986,-71,2467,-4462,-840,idle-X
4078245483,9,986,-71,2467,-4497,-892,idle-X
4078260158,9,986,-72,2467,-4497,-892,idle-X
4078264759,9,986,-72,2485,-4480,-910,idle-X
4078277298,9,986,-71,2485,-4480,-910,idle-X
4078284035,9,986,-71,2450,-4462,-892,idle-X
4078294437,9,985,-72,2450,-4462,-892,idle-X
4078303006,9,985,-72,2467,-4480,-875,idle-X
4078311881,9,986,-72,2467,-4480,-875,idle-X
4078322281,9,986,-72,2450,-4445,-840,idle-X
4078329018,9,986,-72,2450,-4445,-840,idle-X
4078341556,9,986,-72,2467,-4497,-875,idle-X
4078346156,9,986,-71,2467,-4497,-875,idle-X
4078360526,9,986,-71,2467,-4480,-875,idle-X
4078363601,9,986,-72,2467,-4480,-875,idle-X
4078379802,9,986,-72,2467,-4480,-857,idle-X
4078380738,9,986,-71,2467,-4480,-857,idle-X
4078397856,9,986,-72,2467,-4480,-857,idle-X
4078399098,9,986,-72,2467,-4497,-892,idle-X
4078414995,9,986,-72,2467,-4497,-892,idle-X
4078418373,9,986,-72,2502,-4462,-892,idle-X
4078432438,9,986,-71,2502,-4462,-892,idle-X
4078437344,9,986,-71,2485,-4462,-875,idle-X
4078449578,9,986,-72,2485,-4462,-875,idle-X
4078456621,9,986,-72,2467,-4462,-892,idle-X
4078466717,9,986,-71,2467,-4462,-892,idle-X
4078475897,9,986,-71,2502,-4462,-892,idle-X
4078484161,9,986,-72,2502,-4462,-892,idle-X
4078494868,9,986,-72,2485,-4480,-857,idle-X
4078501300,10,986,-72,2485,-4480,-857,idle-X
4078514142,10,986,-72,2467,-4462,-875,idle-X
4078518437,9,986,-71,2467,-4462,-875,idle-X
4078533418,9,986,-71,2502,-4480,-875,idle-X
4078535881,9,986,-72,2502,-4480,-875,idle-X
4078552695,9,986,-72,2485,-4480,-892,idle-X
4078553325,9,986,-71,2485,-4480,-892,idle-X
4078570137,9,986,-71,2485,-4480,-892,idle-X
4078571683,9,986,-71,2450,-4480,-875,idle-X
4078587580,9,986,-71,2450,-4480,-875,idle-X
4078590958,9,986,-71,2467,-4462,-875,idle-X
4078604717,9,986,-71,2467,-4462,-875,idle-X
4078610233,9,986,-71,2485,-4480,-875,idle-X
4078621857,9,986,-72,2485,-4480,-875,idle-X
4078629204,9,986,-72,2467,-4480,-892,idle-X
4078638995,10,985,-71,2467,-4480,-892,idle-X
4078648480,10,985,-71,2432,-4462,-875,idle-X
4078656438,9,986,-71,2432,-4462,-875,idle-X
4078667755,9,986,-71,2450,-4462,-875,idle-X
4078673575,10,985,-72,2450,-4462,-875,idle-X
4078687030,10,985,-72,2467,-4480,-857,idle-X
4078690713,9,986,-71,2467,-4480,-857,idle-X
4078705999,9,986,-71,2485,-4480,-857,idle-X
4078708157,9,986,-72,2485,-4480,-857,idle-X
4078725274,9,986,-72,2467,-4480,-857,idle-X
4078742405,9,986,-72,2467,-4480,-857,idle-X
4078744563,9,986,-72,2450,-4480,-875,idle-X
4078759850,9,986,-72,2450,-4480,-875,idle-X
4078763534,9,986,-72,2467,-4462,-875,idle-X
4078776987,9,986,-71,2467,-4462,-875,idle-X
4078782809,9,986,-71,2467,-4445,-875,idle-X
4078794126,10,986,-71,2467,-4445,-875,idle-X
4078802085,10,986,-71,2485,-4445,-857,idle-X
4078811265,9,986,-71,2485,-4445,-857,idle-X
4078821056,9,986,-71,2485,-4445,-875,idle-X
4078828709,9,986,-71,2485,-4445,-875,idle-X
4078840331,9,986,-71,2467,-4462,-840,idle-X
4078845847,9,986,-71,2467,-4462,-840,idle-X
4078859606,9,986,-71,2485,-4480,-857,idle-X
4078862984,9,986,-71,2485,-4480,-857,idle-X
4078878881,9,986,-71,2467,-4480,-892,idle-X
4078880428,9,986,-72,2467,-4480,-892,idle-X
4078897547,9,986,-71,2485,-4462,-892,idle-X
4078914677,9,986,-71,2485,-4462,-892,idle-X
4078917141,9,986,-71,2485,-4462,-875,idle-X
4078932120,9,986,-71,2485,-4462,-875,idle-X
4078936416,9,986,-71,2467,-4462,-857,idle-X
4078949260,9,986,-71,2467,-4462,-857,idle-X
4078955387,9,986,-71,2485,-4462,-875,idle-X
4078966398,9,986,-72,2485,-4462,-875,idle-X
4078974662,9,986,-72,2467,-4445,-857,idle-X
4078983536,9,986,-72,2467,-4445,-857,idle-X
4078993938,9,986,-72,2485,-4462,-840,idle-X
4079000981,9,986,-72,2485,-4462,-840,idle-X
4079012909,9,986,-72,2432,-4462,-840,idle-X
4079018120,10,986,-71,2432,-4462,-840,idle-X
4079032185,10,986,-71,2450,-4462,-857,idle-X
4079035258,9,986,-71,2450,-4462,-857,idle-X
4079051461,9,986,-71,2485,-4480,-875,idle-X
4079052703,9,986,-72,2485,-4480,-875,idle-X
4079069821,9,985,-72,2485,-4480,-875,idle-X
4079070451,9,985,-72,2485,-4480,-875,idle-X
4079086961,9,986,-72,2485,-4480,-875,idle-X
4079089729,9,986,-72,2467,-4462,-892,idle-X
4079104099,10,986,-72,2467,-4462,-892,idle-X
4079109004,10,986,-72,2467,-4445,-892,idle-X
4079121542,9,986,-72,2467,-4445,-892,idle-X
4079127974,9,986,-72,2485,-4480,-857,idle-X
4079138680,9,986,-72,2485,-4480,-857,idle-X
4079147250,9,986,-72,2467,-4462,-875,idle-X
4079155818,9,986,-71,2467,-4462,-875,idle-X
4079166524,9,986,-71,2467,-4462,-875,idle-X
4079173263,9,986,-71,2467,-4462,-875,idle-X
4079185801,9,986,-71,2467,-4445,-875,idle-X
4079190402,9,986,-71,2467,-4445,-875,idle-X
4079204772,9,986,-71,2467,-4445,-875,idle-X
4079207540,9,986,-72,2467,-4445,-875,idle-X
4079224048,9,986,-72,2485,-4445,-892,idle-X
4079224678,9,985,-72,2485,-4445,-892,idle-X
4079242102,9,986,-72,2485,-4445,-892,idle-X
4079243344,9,986,-72,2467,-4445,-875,idle-X
4079259241,9,986,-71,2467,-4445,-875,idle-X
4079262314,9,986,-71,2415,-4480,-875,idle-X
4079276379,9,986,-72,2415,-4480,-875,idle-X
4079281590,9,986,-72,2432,-4445,-857,idle-X
4079293823,9,986,-72,2432,-4445,-857,idle-X
4079300865,9,986,-72,2467,-4445,-857,idle-X
4079310961,9,986,-72,2467,-4445,-857,idle-X
4079319835,9,986,-72,2467,-4462,-892,idle-X
4079328100,9,986,-71,2467,-4462,-892,idle-X
4079339112,9,986,-71,2467,-4462,-875,idle-X
4079345239,10,986,-71,2467,-4462,-875,idle-X
4079358387,10,986,-71,2467,-4462,-875,idle-X
4079362682,9,986,-72,2467,-4462,-875,idle-X
4079377662,9,986,-72,2467,-4462,-857,idle-X
4079379820,9,986,-71,2467,-4462,-857,idle-X
4079396632,9,986,-71,2450,-4480,-892,idle-X
4079397263,9,986,-72,2450,-4480,-892,idle-X
4079414380,9,986,-71,2450,-4480,-892,idle-X
4079415928,9,986,-71,2450,-4462,-875,idle-X
4079431519,9,986,-71,2450,-4462,-875,idle-X
4079435203,9,986,-71,2467,-4462,-892,idle-X
4079448657,9,986,-71,2467,-4462,-892,idle-X
4079454174,9,986,-71,2450,-4445,-875,idle-X
4079466102,9,986,-72,2450,-4445,-875,idle-X
4079473449,9,986,-72,2467,-4427,-875,idle-X
4079483240,9,986,-71,2467,-4427,-875,idle-X
4079492725,9,986,-71,2467,-4462,-875,idle-X
4079500379,9,986,-72,2467,-4462,-875,idle-X
4079511695,9,986,-72,2485,-4462,-892,idle-X
4079517517,9,986,-72,2485,-4462,-892,idle-X
4079530970,9,986,-72,2467,-4480,-892,idle-X
4079534959,9,986,-72,2467,-4480,-892,idle-X
4079550245,9,986,-72,2485,-4480,-875,idle-X
4079552097,9,986,-71,2485,-4480,-875,idle-X
4079569216,9,986,-73,2467,-4480,-875,idle-X
4079586651,9,986,-72,2467,-4480,-875,idle-X
4079588504,9,986,-72,2467,-4445,-857,idle-X
4079603791,10,986,-71,2467,-4445,-857,idle-X
4079607780,10,986,-71,2502,-4445,-910,idle-X
4079620930,9,986,-71,2502,-4445,-910,idle-X
4079626750,9,986,-71,2450,-4480,-892,idle-X
4079638067,9,986,-71,2450,-4480,-892,idle-X
4079646025,9,986,-71,2467,-4480,-892,idle-X
4079655510,9,985,-71,2467,-4480,-892,idle-X
4079665301,9,985,-71,2467,-4480,-857,idle-X
4079672649,9,986,-71,2467,-4480,-857,idle-X
4079684577,9,986,-71,2467,-4462,-875,idle-X
4079689788,9,986,-72,2467,-4462,-875,idle-X
4079703547,9,986,-72,2485,-4462,-857,idle-X
4079707232,9,986,-72,2485,-4462,-857,idle-X
4079722823,9,986,-72,2485,-4462,-910,idle-X
4079724370,9,986,-72,2485,-4462,-910,idle-X
4079741489,9,986,-72,2485,-4462,-910,idle-X
4079742119,9,986,-72,2485,-4480,-892,idle-X
4079758627,9,986,-72,2485,-4480,-892,idle-X
4079761089,9,986,-72,2467,-4480,-892,idle-X
4079776069,9,986,-72,2467,-4480,-892,idle-X
4079780364,9,986,-72,2467,-4480,-892,idle-X
4079793207,9,986,-72,2467,-4480,-892,idle-X
4079799639,9,986,-72,2467,-4462,-892,idle-X
4079810345,10,986,-72,2467,-4462,-892,idle-X
4079818609,10,986,-72,2450,-4462,-892,idle-X
4079827788,9,986,-72,2450,-4462,-892,idle-X
4079837883,9,986,-72,2467,-4445,-875,idle-X
4079844925,9,986,-71,2467,-4445,-875,idle-X
4079857159,9,986,-71,2485,-4462,-857,idle-X
4079862064,9,986,-72,2485,-4462,-857,idle-X
4079876434,9,986,-72,2467,-4462,-875,idle-X
4079879203,9,986,-71,2467,-4462,-875,idle-X
4079895405,9,986,-71,2467,-4462,-892,idle-X
4079896647,9,986,-72,2467,-4462,-892,idle-X
4079913764,9,986,-72,2467,-4462,-892,idle-X
4079914701,9,986,-72,2502,-4480,-910,idle-X
4079930904,9,986,-71,2502,-4480,-910,idle-X
4079933978,9,986,-71,2467,-4480,-892,idle-X
4079948347,9,986,-71,2467,-4480,-892,idle-X
4079952947,9,986,-71,2467,-4480,-875,idle-X
4079965486,8,986,-71,2467,-4480,-875,idle-X
4079972224,8,986,-71,2467,-4480,-857,idle-X
4079982625,9,986,-72,2467,-4480,-857,idle-X
4079991500,9,986,-72,2485,-4480,-875,idle-X
4080000069,9,986,-72,2485,-4480,-875,idle-X
4080010471,9,986,-72,2467,-4462,-892,idle-X
4080017208,9,986,-72,2467,-4462,-892,idle-X
4080029746,9,986,-72,2467,-4462,-875,idle-X
4080034346,10,986,-72,2467,-4462,-875,idle-X
4080049021,10,986,-72,2467,-4462,-857,idle-X
4080051789,9,986,-71,2467,-4462,-857,idle-X
4080068298,9,986,-71,2450,-4462,-840,idle-X
4080068928,9,986,-71,2450,-4462,-840,idle-X
4080086047,9,986,-72,2450,-4462,-840,idle-X
4080087288,9,986,-72,2467,-4497,-857,idle-X
4080103184,9,986,-71,2467,-4497,-857,idle-X
4080106564,9,986,-71,2485,-4497,-892,idle-X
4080120629,9,986,-72,2485,-4497,-892,idle-X
4080125840,9,986,-72,2485,-4445,-875,idle-X
4080137769,10,986,-72,2485,-4445,-875,idle-X
4080144812,10,986,-72,2485,-4445,-857,idle-X
4080154908,9,986,-71,2485,-4445,-857,idle-X
4080164088,9,986,-71,2485,-4410,-892,idle-X
4080172045,10,986,-71,2485,-4410,-892,idle-X
4080183362,10,986,-71,2485,-4427,-892,idle-X
4080189489,9,986,-71,2485,-4427,-892,idle-X
4080202333,9,986,-71,2485,-4462,-875,idle-X
4080206628,9,986,-72,2485,-4462,-875,idle-X
4080221609,9,986,-72,2450,-4497,-892,idle-X
4080223766,9,986,-71,2450,-4497,-892,idle-X
4080240884,9,986,-71,2467,-4480,-840,idle-X
4080241514,10,985,-71,2467,-4480,-840,idle-X
4080258328,9,986,-72,2467,-4480,-840,idle-X
4080259875,9,986,-72,2467,-4497,-857,idle-X
4080275466,9,986,-71,2467,-4497,-857,idle-X
4080279151,9,986,-71,2467,-4462,-892,idle-X
4080292910,9,986,-71,2467,-4462,-892,idle-X
4080298425,9,986,-71,2485,-4445,-892,idle-X
4080310047,9,986,-72,2485,-4445,-892,idle-X
4080317701,9,986,-72,2467,-4462,-875,idle-X
4080327187,9,986,-71,2467,-4462,-875,idle-X
4080336670,9,986,-71,2432,-4462,-875,idle-X
4080344323,9,986,-71,2432,-4462,-875,idle-X
4080355946,9,986,-71,2450,-4462,-875,idle-X
4080361769,9,986,-72,2450,-4462,-875,idle-X
4080375222,9,986,-72,2467,-4462,-875,idle-X
4080378907,9,986,-71,2467,-4462,-875,idle-X
4080394194,9,986,-71,2467,-4462,-875,idle-X
4080396046,9,986,-71,2467,-4462,-875,idle-X
4080413469,9,986,-71,2485,-4462,-892,idle-X
4080430600,9,986,-71,2485,-4462,-892,idle-X
4080432757,9,986,-71,2467,-4462,-892,idle-X
4080447739,9,986,-72,2467,-4462,-892,idle-X
4080451729,9,986,-72,2450,-4445,-875,idle-X
4080464878,9,986,-72,2450,-4445,-875,idle-X
4080471005,9,986,-72,2450,-4462,-875,idle-X
4080482322,9,986,-71,2450,-4462,-875,idle-X
4080490281,9,986,-71,2485,-4462,-875,idle-X
4080499460,9,986,-71,2485,-4462,-875,idle-X
4080509251,9,986,-71,2467,-4480,-875,idle-X
4080516599,9,986,-72,2467,-4480,-875,idle-X
4080528527,9,986,-72,2450,-4480,-892,idle-X
4080534044,9,986,-72,2450,-4480,-892,idle-X
4080547803,9,986,-72,2450,-4480,-875,idle-X
4080551182,9,986,-71,2450,-4480,-875,idle-X
4080567078,9,986,-71,2485,-4462,-910,idle-X
4080568320,8,985,-72,2485,-4462,-910,idle-X
4080585744,9,986,-72,2502,-4462,-910,idle-X
4080602875,9,986,-72,2502,-4462,-910,idle-X
4080605338,9,986,-72,2467,-4480,-892,idle-X
4080620015,9,986,-71,2467,-4480,-892,idle-X
4080624614,9,986,-71,2467,-4462,-892,idle-X
4080637457,9,986,-71,2467,-4462,-892,idle-X
4080643584,9,986,-71,2467,-4462,-857,idle-X
4080654597,9,986,-71,2467,-4462,-857,idle-X
4080662860,9,986,-71,2467,-4480,-892,idle-X
4080671735,9,986,-71,2467,-4480,-892,idle-X
4080682137,9,986,-71,2450,-4462,-892,idle-X
4080688874,9,986,-71,2450,-4462,-892,idle-X
4080701107,9,986,-71,2450,-4462,-892,idle-X
4080706318,9,986,-72,2450,-4462,-892,idle-X
4080720383,9,986,-72,2467,-4462,-875,idle-X
4080723457,9,986,-71,2467,-4462,-875,idle-X
4080739659,9,986,-71,2467,-4445,-857,idle-X
4080740595,9,986,-71,2467,-4445,-857,idle-X
4080758018,9,986,-72,2467,-4445,-857,idle-X
4080758648,9,986,-72,2450,-4445,-857,idle-X
4080775156,9,986,-71,2450,-4445,-857,idle-X
4080777924,9,986,-71,2485,-4445,-875,idle-X
4080792296,9,986,-72,2485,-4445,-875,idle-X
4080797201,9,986,-72,2485,-4462,-892,idle-X
4080809435,9,986,-71,2485,-4462,-892,idle-X
4080816173,9,986,-71,2467,-4480,-875,idle-X
4080826879,9,986,-71,2467,-4480,-875,idle-X
4080835448,9,986,-71,2450,-4497,-892,idle-X
4080844017,9,986,-72,2450,-4497,-892,idle-X
4080854724,9,986,-72,2467,-4445,-875,idle-X
4080861156,9,986,-71,2467,-4445,-875,idle-X
4080873999,9,986,-71,2485,-4445,-875,idle-X
4080878294,9,986,-71,2485,-4445,-875,idle-X
4080892969,9,986,-71,2467,-4445,-875,idle-X
4080895737,9,986,-72,2467,-4445,-875,idle-X
4080912246,9,986,-72,2450,-4462,-892,idle-X
4080912876,9,986,-71,2450,-4462,-892,idle-X
4080929994,9,986,-72,2450,-4462,-892,idle-X
4080931236,9,986,-72,2450,-4462,-857,idle-X
4080947133,9,986,-72,2450,-4462,-857,idle-X
4080950512,9,986,-72,2467,-4480,-875,idle-X
4080964577,9,986,-71,2467,-4480,-875,idle-X
4080969787,9,986,-71,2485,-4497,-857,idle-X
4080981716,9,986,-72,2485,-4497,-857,idle-X
4080988758,9,986,-72,2485,-4462,-875,idle-X
4080998854,9,986,-72,2485,-4462,-875,idle-X
4081008034,9,986,-72,2467,-4462,-892,idle-X
4081015993,9,986,-72,2467,-4462,-892,idle-X
4081027310,9,986,-72,2450,-4480,-875,idle-X
4081033437,9,986,-72,2450,-4480,-875,idle-X
4081046586,9,986,-72,2485,-4462,-857,idle-X
4081050575,9,986,-71,2485,-4462,-857,idle-X
4081065557,9,986,-71,2467,-4462,-875,idle-X
4081067715,9,986,-71,2467,-4462,-875,idle-X
4081084833,9,986,-71,2467,-4462,-875,idle-X
4081085463,9,986,-72,2467,-4462,-875,idle-X
4081102276,9,986,-71,2467,-4462,-875,idle-X
4081104128,9,986,-71,2450,-4462,-892,idle-X
4081119415,9,986,-71,2450,-4462,-892,idle-X
4081123100,9,986,-71,2432,-4480,-892,idle-X
4081136554,9,986,-71,2432,-4480,-892,idle-X
4081142375,9,986,-71,2432,-4462,-875,idle-X
4081153998,9,986,-71,2432,-4462,-875,idle-X
4081161651,9,986,-71,2467,-4445,-857,idle-X
4081171137,9,986,-71,2467,-4445,-857,idle-X
4081180623,9,986,-71,2485,-4462,-840,idle-X
4081188276,9,986,-71,2485,-4462,-840,idle-X
4081199898,9,986,-71,2450,-4480,-857,idle-X
4081205414,9,986,-71,2450,-4480,-857,idle-X
4081219173,9,986,-71,2467,-4462,-910,idle-X
4081222857,9,986,-71,2467,-4462,-910,idle-X
4081238144,9,986,-71,2485,-4462,-910,idle-X
4081239996,9,986,-72,2485,-4462,-910,idle-X
4081257114,9,986,-71,2467,-4497,-857,idle-X
4081274550,9,986,-71,2467,-4497,-857,idle-X
4081276707,9,986,-71,2467,-4462,-875,idle-X
4081291688,9,986,-72,2467,-4462,-875,idle-X
4081295678,9,986,-72,2467,-4462,-875,idle-X
4081308828,9,986,-71,2467,-4462,-875,idle-X
4081314954,9,986,-71,2467,-4480,-892,idle-X
4081326271,9,986,-72,2467,-4480,-892,idle-X
4081334230,9,986,-72,2467,-4445,-892,idle-X
4081343410,9,986,-72,2467,-4445,-892,idle-X
4081353201,9,986,-72,2450,-4445,-857,idle-X
4081360548,10,986,-72,2450,-4445,-857,idle-X
4081372477,10,986,-72,2485,-4462,-875,idle-X
4081377687,9,985,-72,2485,-4462,-875,idle-X
4081391751,9,985,-72,2485,-4480,-892,idle-X
4081395130,9,986,-72,2485,-4480,-892,idle-X
4081410722,9,986,-72,2485,-4462,-910,idle-X
4081412269,9,986,-71,2485,-4462,-910,idle-X
4081429387,9,986,-72,2485,-4462,-910,idle-X
4081430018,9,986,-72,2467,-4480,-892,idle-X
4081446831,9,986,-71,2467,-4480,-892,idle-X
4081449295,9,986,-71,2485,-4462,-892,idle-X
4081463969,9,985,-72,2485,-4462,-892,idle-X
4081468569,9,985,-72,2467,-4480,-910,idle-X
4081481108,9,986,-72,2467,-4480,-910,idle-X
4081487540,9,986,-72,2450,-4480,-857,idle-X
4081498247,9,986,-71,2450,-4480,-857,idle-X
4081506816,9,986,-71,2450,-4462,-840,idle-X
4081515691,9,986,-72,2450,-4462,-840,idle-X
4081526091,9,986,-72,2467,-4480,-857,idle-X
4081532828,9,986,-72,2467,-4480,-857,idle-X
4081545060,9,986,-72,2485,-4462,-875,idle-X
4081549965,9,986,-72,2485,-4462,-875,idle-X
4081564335,9,986,-72,2467,-4497,-857,idle-X
4081567408,9,986,-72,2467,-4497,-857,idle-X
4081583610,9,986,-72,2467,-4462,-875,idle-X
4081584546,9,986,-72,2467,-4462,-875,idle-X
4081601663,9,986,-72,2467,-4462,-875,idle-X
4081602600,9,986,-72,2485,-4445,-857,idle-X
4081618802,9,986,-71,2485,-4445,-857,idle-X
4081621875,9,986,-71,2467,-4445,-875,idle-X
4081636245,9,986,-71,2467,-4445,-875,idle-X
4081641151,9,986,-71,2467,-4462,-892,idle-X
4081653384,9,986,-71,2467,-4462,-892,idle-X
4081660121,9,986,-71,2432,-4480,-857,idle-X
4081670522,9,986,-71,2432,-4480,-857,idle-X
4081679396,9,986,-71,2450,-4462,-857,idle-X
4081687659,9,986,-72,2450,-4462,-857,idle-X
4081698671,9,986,-72,2450,-4480,-875,idle-X
4081705102,9,986,-72,2450,-4480,-875,idle-X
4081717640,9,986,-72,2485,-4462,-875,idle-X
4081722240,8,986,-72,2485,-4462,-875,idle-X
4081736915,8,986,-72,2450,-4480,-892,idle-X
4081739378,9,986,-71,2450,-4480,-892,idle-X
4081756190,9,986,-71,2467,-4480,-892,idle-X
4081756820,9,986,-71,2467,-4480,-892,idle-X
4081773938,9,986,-71,2467,-4480,-892,idle-X
4081775180,9,986,-71,2467,-4445,-875,idle-X
4081791077,9,986,-72,2467,-4445,-875,idle-X
4081794456,9,986,-72,2467,-4462,-892,idle-X
4081808216,9,986,-72,2467,-4462,-892,idle-X
4081813732,9,986,-72,2485,-4480,-892,idle-X
4081825661,9,986,-71,2485,-4480,-892,idle-X
4081832703,9,986,-71,2467,-4445,-875,idle-X
4081842798,9,986,-71,2467,-4445,-875,idle-X
4081851977,9,986,-71,2467,-4462,-857,idle-X
4081859935,10,986,-71,2467,-4462,-857,idle-X
4081871251,10,986,-71,2467,-4480,-875,idle-X
4081877072,9,986,-72,2467,-4480,-875,idle-X
4081890221,9,986,-72,2485,-4462,-875,idle-X
4081894517,9,985,-72,2485,-4462,-875,idle-X
4081909499,9,985,-72,2467,-4462,-892,idle-X
4081911656,9,986,-71,2467,-4462,-892,idle-X
4081928774,9,986,-72,2485,-4480,-892,idle-X
4081946210,9,986,-72,2485,-4480,-892,idle-X
4081947757,9,986,-72,2467,-4480,-875,idle-X
4081963349,9,986,-71,2467,-4480,-875,idle-X
4081967034,9,986,-71,2467,-4462,-892,idle-X
4081980488,9,986,-71,2467,-4462,-892,idle-X
4081986309,9,986,-71,2432,-4462,-875,idle-X
4081997625,9,986,-72,2432,-4462,-875,idle-X
4082005583,9,986,-72,2485,-4462,-892,idle-X
4082015067,8,986,-71,2485,-4462,-892,idle-X
4082024552,8,986,-71,2467,-4462,-892,idle-X
4082032205,9,986,-71,2467,-4462,-892,idle-X
4082043828,9,986,-71,2467,-4480,-857,idle-X
4082049344,9,986,-72,2467,-4480,-857,idle-X
4082063103,9,986,-72,2450,-4497,-875,idle-X
4082066787,9,986,-71,2450,-4497,-875,idle-X
4082082072,9,986,-71,2467,-4480,-857,idle-X
4082083924,10,986,-72,2467,-4480,-857,idle-X
4082101043,9,985,-72,2502,-4480,-857,idle-X
4082118173,9,986,-72,2502,-4480,-857,idle-X
4082120636,9,986,-72,2485,-4462,-875,idle-X
4082135617,9,986,-71,2485,-4462,-875,idle-X
4082139607,9,986,-71,2467,-4445,-875,idle-X
4082152756,9,986,-71,2467,-4445,-875,idle-X
4082158883,9,986,-71,2485,-4445,-857,idle-X
4082169894,9,986,-71,2485,-4445,-857,idle-X
4082178157,9,986,-71,2485,-4462,-892,idle-X
4082187030,9,986,-71,2485,-4462,-892,idle-X
4082197127,9,986,-71,2485,-4480,-857,idle-X
4082204475,9,986,-71,2485,-4480,-857,idle-X
4082216403,9,986,-71,2485,-4462,-875,idle-X
4082221614,9,986,-72,2485,-4462,-875,idle-X
4082235679,9,986,-72,2467,-4480,-875,idle-X
4082238752,9,986,-71,2467,-4480,-875,idle-X
4082254649,9,986,-71,2467,-4445,-892,idle-X
4082256197,9,986,-71,2467,-4445,-892,idle-X
4082273314,9,986,-72,2467,-4445,-892,idle-X
4082273944,9,986,-72,2467,-4445,-892,idle-X
4082290452,9,986,-72,2467,-4445,-892,idle-X
4082293221,9,986,-72,2450,-4480,-892,idle-X
4082307592,9,986,-72,2450,-4480,-892,idle-X
4082312191,9,986,-72,2467,-4480,-875,idle-X
4082325034,9,986,-72,2467,-4480,-875,idle-X
4082331467,9,986,-72,2450,-4462,-892,idle-X
4082342173,9,986,-72,2450,-4462,-892,idle-X
4082350742,9,986,-72,2467,-4445,-910,idle-X
4082359311,9,985,-71,2467,-4445,-910,idle-X
4082369712,9,985,-71,2467,-4445,-892,idle-X
4082376450,9,986,-71,2467,-4445,-892,idle-X
4082388988,9,986,-71,2467,-4480,-875,idle-X
4082393894,9,986,-71,2467,-4480,-875,idle-X
4082408265,9,986,-71,2485,-4462,-892,idle-X
4082411033,9,986,-71,2485,-4462,-892,idle-X
4082427236,9,986,-71,2485,-4462,-875,idle-X
4082428173,9,986,-72,2485,-4462,-875,idle-X
4082445595,9,986,-71,2485,-4462,-875,idle-X
4082446532,9,986,-71,2485,-4427,-892,idle-X
4082462733,9,986,-71,2485,-4427,-892,idle-X
4082465808,9,986,-71,2467,-4445,-910,idle-X
4082479873,9,986,-72,2467,-4445,-910,idle-X
4082484779,9,986,-72,2467,-4462,-910,idle-X
4082497013,9,986,-71,2467,-4462,-910,idle-X
4082504054,9,986,-71,2467,-4462,-892,idle-X
4082514455,9,986,-71,2467,-4462,-892,idle-X
4082523328,9,986,-71,2485,-4480,-910,idle-X
4082531592,10,986,-72,2485,-4480,-910,idle-X
4082542300,10,986,-72,2485,-4462,-875,idle-X
4082548731,9,986,-72,2485,-4462,-875,idle-X
4082561575,9,986,-72,2467,-4462,-892,idle-X
4082566176,9,986,-72,2467,-4462,-892,idle-X
4082580851,9,986,-72,2450,-4462,-857,idle-X
4082583313,10,986,-72,2450,-4462,-857,idle-X
4082600126,10,986,-72,2485,-4462,-892,idle-X
4082600756,9,986,-72,2485,-4462,-892,idle-X
4082617570,9,986,-71,2485,-4462,-892,idle-X
4082619118,9,986,-71,2485,-4445,-875,idle-X
4082635015,9,986,-71,2485,-4445,-875,idle-X
4082638393,9,986,-71,2502,-4480,-892,idle-X
4082652152,9,986,-71,2502,-4480,-892,idle-X
4082657667,9,986,-71,2485,-4445,-892,idle-X
4082669290,10,986,-71,2485,-4445,-892,idle-X
4082676638,10,986,-71,2467,-4480,-875,idle-X
4082686733,9,986,-72,2467,-4480,-875,idle-X
4082695913,9,986,-72,2467,-4480,-892,idle-X
4082703871,9,985,-71,2467,-4480,-892,idle-X
4082715187,9,985,-71,2467,-4445,-892,idle-X
4082721008,9,986,-71,2467,-4445,-892,idle-X
4082734157,9,986,-71,2467,-4480,-892,idle-X
4082738451,9,986,-71,2467,-4480,-892,idle-X
4082753433,9,986,-71,2467,-4480,-875,idle-X
4082755591,9,986,-71,2467,-4480,-875,idle-X
4082772709,9,986,-72,2450,-4445,-857,idle-X
4082790144,9,986,-72,2450,-4445,-857,idle-X
4082791996,9,986,-72,2467,-4462,-875,idle-X
4082807282,9,986,-71,2467,-4462,-875,idle-X
4082810966,9,986,-71,2467,-4480,-892,idle-X
4082824420,9,986,-71,2467,-4480,-892,idle-X
4082830241,9,986,-71,2467,-4462,-875,idle-X
4082841557,9,986,-72,2467,-4462,-875,idle-X
4082849515,9,986,-72,2450,-4480,-875,idle-X
4082859000,9,986,-72,2450,-4480,-875,idle-X
4082868485,9,986,-72,2502,-4480,-892,idle-X
4082876139,9,986,-71,2502,-4480,-892,idle-X
4082887761,9,986,-71,2502,-4480,-875,idle-X
4082893277,9,986,-72,2502,-4480,-875,idle-X
4082907036,9,986,-72,2502,-4462,-892,idle-X
4082910719,9,986,-72,2502,-4462,-892,idle-X
4082926311,9,986,-72,2450,-4427,-857,idle-X
4082927858,9,986,-71,2450,-4427,-857,idle-X
4082944977,9,986,-72,2432,-4427,-875,idle-X
4082962412,9,986,-72,2432,-4427,-875,idle-X
4082964570,9,986,-72,2467,-4462,-857,idle-X
4082979550,9,985,-71,2467,-4462,-857,idle-X
4082983845,9,985,-71,2485,-4480,-857,idle-X
4082996690,9,986,-71,2485,-4480,-857,idle-X
4083002816,9,986,-71,2520,-4462,-875,idle-X
4083013828,10,986,-72,2520,-4462,-875,idle-X
4083022091,10,986,-72,2485,-4445,-892,idle-X
4083031271,9,985,-71,2485,-4445,-892,idle-X
4083041367,9,985,-71,2467,-4445,-875,idle-X
4083048409,9,986,-71,2467,-4445,-875,idle-X
4083060336,9,986,-71,2450,-4445,-875,idle-X
4083065547,9,986,-72,2450,-4445,-875,idle-X
4083079613,9,986,-72,2485,-4445,-857,idle-X
4083082992,9,986,-71,2485,-4445,-857,idle-X
4083098889,9,986,-71,2467,-4462,-875,idle-X
4083100131,9,986,-72,2467,-4462,-875,idle-X
4083117249,9,985,-72,2467,-4462,-875,idle-X
4083117879,9,985,-72,2467,-4462,-875,idle-X
4083134387,9,986,-72,2467,-4462,-875,idle-X
4083137155,9,986,-72,2432,-4445,-892,idle-X
4083151830,9,986,-72,2432,-4445,-892,idle-X
4083156430,9,986,-72,2467,-4462,-892,idle-X
4083168968,9,986,-71,2467,-4462,-892,idle-X
4083175705,9,986,-71,2467,-4462,-892,idle-X
4083186107,9,986,-72,2467,-4462,-892,idle-X
4083194676,9,986,-72,2485,-4480,-875,idle-X
4083203551,9,986,-71,2485,-4480,-875,idle-X
4083213952,9,986,-71,2467,-4480,-875,idle-X
4083220690,9,986,-71,2467,-4480,-875,idle-X
4083233227,9,986,-71,2485,-4480,-875,idle-X
4083237828,10,985,-71,2485,-4480,-875,idle-X
4083252198,10,985,-71,2502,-4480,-892,idle-X
4083254966,9,986,-72,2502,-4480,-892,idle-X
4083271473,9,986,-72,2502,-4462,-892,idle-X
4083272409,9,986,-71,2502,-4462,-892,idle-X
4083289527,9,986,-72,2502,-4462,-892,idle-X
4083290768,9,986,-72,2485,-4462,-875,idle-X
4083306664,9,986,-72,2485,-4462,-875,idle-X
4083309737,9,986,-72,2502,-4462,-875,idle-X
4083324108,9,986,-72,2502,-4462,-875,idle-X
4083329013,9,986,-72,2485,-4462,-875,idle-X
4083341247,9,986,-72,2485,-4462,-875,idle-X
4083348290,9,986,-72,2502,-4462,-857,idle-X
4083358386,9,986,-72,2502,-4462,-857,idle-X
4083367260,9,986,-72,2467,-4445,-875,idle-X
4083375524,9,986,-71,2467,-4445,-875,idle-X
4083386535,9,986,-71,2467,-4427,-875,idle-X
4083392967,9,986,-72,2467,-4427,-875,idle-X
4083405810,9,986,-72,2485,-4445,-875,idle-X
4083410105,9,986,-72,2485,-4445,-875,idle-X
4083424780,9,986,-72,2467,-4480,-857,idle-X
4083427242,9,986,-72,2467,-4480,-857,idle-X
4083444055,9,986,-72,2467,-4480,-875,idle-X
4083444685,9,986,-71,2467,-4480,-875,idle-X
4083461804,9,986,-72,2467,-4480,-875,idle-X
4083463350,9,986,-72,2467,-4480,-875,idle-X
4083478942,9,986,-72,2467,-4480,-875,idle-X
4083482321,9,986,-72,2485,-4480,-840,idle-X
4083496081,9,986,-72,2485,-4480,-840,idle-X
4083501597,9,986,-72,2467,-4445,-857,idle-X
4083513524,10,986,-72,2467,-4445,-857,idle-X
4083520871,10,986,-72,2485,-4462,-875,idle-X
4083530662,9,986,-71,2485,-4462,-875,idle-X
4083539842,9,986,-71,2467,-4497,-875,idle-X
4083547801,10,986,-71,2467,-4497,-875,idle-X
4083559118,10,986,-71,2450,-4480,-857,idle-X
4083565244,9,986,-71,2450,-4480,-857,idle-X
4083578393,9,986,-71,2450,-4445,-875,idle-X
4083582383,9,986,-71,2450,-4445,-875,idle-X
4083597669,9,986,-71,2467,-4480,-875,idle-X
4083599522,9,986,-72,2467,-4480,-875,idle-X
4083616639,9,986,-72,2467,-4462,-857,idle-X
4083634076,10,986,-72,2467,-4462,-857,idle-X
4083635928,10,986,-72,2450,-4462,-875,idle-X
4083651214,9,986,-71,2450,-4462,-875,idle-X
4083655203,9,986,-71,2485,-4462,-857,idle-X
4083668352,9,986,-71,2485,-4462,-857,idle-X
4083674173,9,986,-71,2502,-4462,-875,idle-X
4083685795,9,986,-72,2502,-4462,-875,idle-X
4083693447,9,986,-72,2485,-4480,-875,idle-X
4083702933,9,986,-71,2485,-4480,-875,idle-X
4083712723,9,986,-71,2467,-4462,-892,idle-X
4083720071,9,986,-72,2467,-4462,-892,idle-X
4083731694,9,986,-72,2485,-4462,-892,idle-X
4083737516,9,986,-72,2485,-4462,-892,idle-X
4083750970,9,986,-72,2467,-4480,-875,idle-X
4083754653,10,986,-72,2467,-4480,-875,idle-X
4083770244,10,986,-72,2467,-4497,-840,idle-X
4083771791,9,986,-71,2467,-4497,-840,idle-X
4083789215,10,986,-71,2467,-4462,-857,idle-X
4083806345,9,986,-71,2467,-4462,-857,idle-X
4083808503,9,986,-71,2502,-4462,-875,idle-X
4083823483,9,986,-72,2502,-4462,-875,idle-X
4083827777,9,986,-72,2485,-4462,-892,idle-X
4083840927,10,986,-72,2485,-4462,-892,idle-X
4083847053,10,986,-72,2467,-4445,-875,idle-X
4083858066,9,986,-72,2467,-4445,-875,idle-X
4083866329,9,986,-72,2467,-4462,-875,idle-X
4083875203,9,986,-72,2467,-4462,-875,idle-X
4083885299,9,986,-72,2485,-4427,-875,idle-X
4083892341,9,986,-72,2485,-4427,-875,idle-X
4083904575,9,986,-72,2467,-4445,-875,idle-X
4083909785,9,986,-72,2467,-4445,-875,idle-X
4083923851,9,986,-72,2450,-4462,-892,idle-X
4083926924,9,986,-71,2450,-4462,-892,idle-X
4083943127,9,986,-71,2467,-4480,-875,idle-X
4083944063,10,986,-72,2467,-4480,-875,idle-X
4083961487,9,986,-71,2467,-4480,-875,idle-X
4083962117,9,986,-71,2485,-4462,-892,idle-X
4083978625,9,986,-71,2485,-4462,-892,idle-X
4083981393,9,986,-71,2485,-4462,-875,idle-X
4083996069,9,986,-72,2485,-4462,-875,idle-X
4084000669,9,986,-72,2467,-4480,-857,idle-X
4084013207,10,986,-71,2467,-4480,-857,idle-X
4084019639,10,986,-71,2467,-4480,-857,idle-X
4084030344,10,986,-71,2467,-4480,-857,idle-X
4084038914,10,986,-71,2467,-4462,-857,idle-X
4084047483,9,986,-72,2467,-4462,-857,idle-X
4084058190,9,986,-72,2485,-4480,-892,idle-X
4084064927,9,986,-72,2485,-4480,-892,idle-X
4084077160,9,986,-72,2450,-4497,-875,idle-X
4084082065,9,986,-72,2450,-4497,-875,idle-X
4084096436,9,986,-72,2450,-4462,-857,idle-X
4084099204,9,986,-71,2450,-4462,-857,idle-X
4084115712,9,986,-71,2467,-4515,-875,idle-X
4084116649,10,986,-72,2467,-4515,-875,idle-X
4084133767,9,986,-71,2467,-4515,-875,idle-X
4084134704,9,986,-71,2485,-4480,-875,idle-X
4084150906,9,986,-72,2485,-4480,-875,idle-X
4084153979,9,986,-72,2450,-4462,-875,idle-X
4084168044,9,986,-72,2450,-4462,-875,idle-X
4084173254,9,986,-72,2485,-4480,-875,idle-X
4084185488,9,986,-71,2485,-4480,-875,idle-X
4084192530,9,986,-71,2485,-4462,-892,idle-X
4084202625,10,986,-72,2485,-4462,-892,idle-X
4084211499,10,986,-72,2467,-4462,-892,idle-X
4084219763,9,986,-71,2467,-4462,-892,idle-X
4084230775,9,986,-71,2467,-4462,-892,idle-X
4084237207,9,986,-71,2467,-4462,-892,idle-X
4084250051,9,986,-71,2467,-4480,-892,idle-X
4084254345,9,986,-71,2467,-4480,-892,idle-X
4084269021,9,986,-71,2485,-4480,-892,idle-X
4084271484,9,986,-72,2485,-4480,-892,idle-X
4084288297,9,986,-72,2467,-4497,-857,idle-X
4084288928,9,986,-72,2467,-4497,-857,idle-X
4084306047,9,986,-72,2467,-4497,-857,idle-X
4084307594,9,986,-72,2485,-4445,-875,idle-X
4084323187,9,986,-72,2485,-4445,-875,idle-X
4084326565,9,986,-72,2450,-4462,-857,idle-X
4084340324,10,986,-71,2450,-4462,-857,idle-X
4084345840,10,986,-71,2450,-4462,-892,idle-X
4084357462,10,986,-72,2450,-4462,-892,idle-X
4084365116,10,986,-72,2467,-4462,-892,idle-X
4084374906,9,985,-71,2467,-4462,-892,idle-X
4084384086,9,985,-71,2450,-4462,-892,idle-X
4084392045,9,986,-71,2450,-4462,-892,idle-X
4084403362,9,986,-71,2467,-4445,-892,idle-X
4084409183,9,986,-72,2467,-4445,-892,idle-X
4084422636,9,986,-72,2450,-4462,-875,idle-X
4084426625,9,986,-72,2450,-4462,-875,idle-X
4084441606,9,986,-72,2467,-4462,-857,idle-X
4084443764,9,986,-71,2467,-4462,-857,idle-X
4084460882,9,986,-72,2467,-4462,-857,idle-X
4084478319,9,985,-71,2467,-4462,-857,idle-X
4084480171,9,985,-71,2450,-4445,-875,idle-X
4084495457,9,986,-72,2450,-4445,-875,idle-X
4084499447,9,986,-72,2467,-4480,-875,idle-X
4084512597,9,986,-71,2467,-4480,-875,idle-X
4084518418,9,986,-71,2467,-4445,-875,idle-X
4084529736,9,986,-71,2467,-4445,-875,idle-X
4084537695,9,986,-71,2485,-4445,-910,idle-X
4084547180,9,986,-71,2485,-4445,-910,idle-X
4084556970,9,986,-71,2467,-4480,-892,idle-X
4084564317,9,986,-72,2467,-4480,-892,idle-X
4084575940,9,986,-72,2467,-4480,-875,idle-X
4084581457,9,986,-71,2467,-4480,-875,idle-X
4084595216,9,986,-71,2467,-4462,-892,idle-X
4084598900,9,986,-71,2467,-4462,-892,idle-X
4084614492,9,986,-71,2467,-4497,-875,idle-X
4084616039,9,986,-71,2467,-4497,-875,idle-X
4084633157,9,986,-71,2485,-4497,-892,idle-X
4084650593,9,986,-72,2485,-4497,-892,idle-X
4084652751,9,986,-72,2485,-4480,-875,idle-X
4084667731,9,986,-72,2485,-4480,-875,idle-X
4084672026,9,986,-72,2485,-4462,-875,idle-X
4084684870,9,986,-71,2485,-4462,-875,idle-X
4084691302,9,986,-71,2485,-4462,-892,idle-X
4084702008,9,986,-72,2485,-4462,-892,idle-X
4084710272,9,986,-72,2467,-4445,-875,idle-X
4084719452,10,986,-72,2467,-4445,-875,idle-X
4084729549,10,986,-72,2485,-4462,-875,idle-X
4084736592,9,986,-71,2485,-4462,-875,idle-X
4084748825,9,986,-71,2485,-4445,-875,idle-X
4084753730,9,986,-71,2485,-4445,-875,idle-X
4084767795,9,986,-71,2467,-4462,-857,idle-X
4084771174,9,986,-71,2467,-4462,-857,idle-X
4084787071,9,986,-71,2467,-4462,-875,idle-X
4084788312,9,986,-72,2467,-4462,-875,idle-X
4084805430,9,986,-71,2467,-4462,-875,idle-X
4084806366,9,986,-71,2485,-4462,-875,idle-X
4084822873,9,986,-72,2485,-4462,-875,idle-X
4084825337,9,986,-72,2467,-4480,-892,idle-X
4084840013,9,986,-71,2467,-4480,-892,idle-X
4084844614,9,986,-71,2485,-4462,-892,idle-X
4084857152,9,986,-71,2485,-4462,-892,idle-X
4084863888,9,986,-71,2485,-4480,-875,idle-X
4084874290,9,986,-71,2485,-4480,-875,idle-X
4084883164,9,986,-71,2485,-4497,-875,idle-X
4084891733,9,986,-72,2485,-4497,-875,idle-X
4084902135,9,986,-72,2467,-4480,-857,idle-X
4084908872,9,986,-72,2467,-4480,-857,idle-X
4084921411,9,986,-72,2450,-4462,-875,idle-X
4084926011,9,986,-72,2450,-4462,-875,idle-X
4084940687,9,986,-72,2485,-4462,-875,idle-X
4084943455,9,986,-72,2485,-4462,-875,idle-X
4084959656,9,986,-72,2502,-4462,-857,idle-X
4084960593,9,986,-71,2502,-4462,-857,idle-X
4084977712,9,986,-71,2502,-4462,-857,idle-X
4084978953,9,986,-71,2467,-4462,-857,idle-X
4084994850,9,986,-72,2467,-4462,-857,idle-X
4084998229,9,986,-72,2467,-4445,-875,idle-X
4085012293,10,986,-71,2467,-4445,-875,idle-X
4085017198,10,986,-71,2467,-4445,-875,idle-X
4085029430,9,986,-71,2467,-4445,-875,idle-X
4085036473,9,986,-71,2467,-4445,-857,idle-X
4085046570,9,986,-71,2467,-4445,-857,idle-X
4085055749,9,986,-71,2485,-4462,-892,idle-X
4085064012,10,986,-72,2485,-4462,-892,idle-X
4085075024,10,986,-72,2467,-4480,-875,idle-X
4085081150,9,986,-72,2467,-4480,-875,idle-X
4085093993,9,986,-72,2485,-4462,-857,idle-X
4085098289,8,986,-72,2485,-4462,-857,idle-X
4085113270,8,986,-72,2467,-4480,-875,idle-X
4085115733,8,986,-72,2467,-4480,-875,idle-X
4085132546,8,986,-72,2432,-4480,-892,idle-X
4085133176,9,986,-71,2432,-4480,-892,idle-X
4085149988,9,986,-72,2432,-4480,-892,idle-X
4085151535,9,986,-72,2450,-4462,-892,idle-X
4085167128,9,986,-72,2450,-4462,-892,idle-X
4085170813,9,986,-72,2467,-4497,-875,idle-X
4085184572,9,986,-71,2467,-4497,-875,idle-X
4085190089,9,986,-71,2502,-4462,-857,idle-X
4085201710,9,986,-71,2502,-4462,-857,idle-X
4085209058,9,986,-71,2467,-4462,-857,idle-X
4085218847,9,986,-72,2467,-4462,-857,idle-X
4085228332,9,986,-72,2485,-4480,-857,idle-X
4085236292,9,986,-72,2485,-4480,-857,idle-X
4085247609,9,986,-72,2450,-4480,-892,idle-X
4085253431,9,986,-72,2450,-4480,-892,idle-X
4085266579,9,986,-72,2467,-4462,-910,idle-X
4085270568,9,986,-71,2467,-4462,-910,idle-X
4085285855,9,986,-71,2467,-4480,-892,idle-X
4085287707,9,986,-71,2467,-4480,-892,idle-X
4085305132,9,986,-72,2467,-4480,-875,idle-X
4085322261,9,985,-71,2467,-4480,-875,idle-X
4085324114,9,985,-71,2485,-4462,-892,idle-X
4085339399,9,986,-71,2485,-4462,-892,idle-X
4085343388,9,986,-71,2485,-4445,-892,idle-X
4085356843,9,986,-72,2485,-4445,-892,idle-X
4085362664,9,986,-72,2467,-4480,-910,idle-X
4085373981,9,986,-72,2467,-4480,-910,idle-X
4085381940,9,986,-72,2467,-4445,-892,idle-X
4085391120,10,986,-71,2467,-4445,-892,idle-X
4085400910,10,986,-71,2485,-4480,-875,idle-X
4085408564,9,986,-71,2485,-4480,-875,idle-X
4085420186,9,986,-71,2485,-4497,-892,idle-X
4085425702,10,986,-71,2485,-4497,-892,idle-X
4085439461,10,986,-71,2467,-4462,-892,idle-X
4085442840,9,986,-72,2467,-4462,-892,idle-X
4085458431,9,986,-72,2467,-4462,-875,idle-X
4085459978,10,986,-72,2467,-4462,-875,idle-X
4085477402,9,986,-72,2467,-4445,-875,idle-X
4085494532,9,985,-71,2467,-4445,-875,idle-X
4085496995,9,985,-71,2450,-4462,-875,idle-X
4085511670,9,986,-72,2450,-4462,-875,idle-X
4085515965,9,986,-72,2467,-4480,-857,idle-X
4085529114,9,986,-72,2467,-4480,-857,idle-X
4085535240,9,986,-72,2450,-4462,-875,idle-X
4085546252,9,986,-71,2450,-4462,-875,idle-X
4085554517,9,986,-71,2485,-4462,-892,idle-X
4085563392,9,986,-71,2485,-4462,-892,idle-X
4085573489,9,986,-71,2450,-4480,-875,idle-X
4085580531,10,986,-71,2450,-4480,-875,idle-X
4085592763,10,986,-71,2467,-4480,-875,idle-X
4085597974,10,986,-72,2467,-4480,-875,idle-X
4085612038,10,986,-72,2485,-4445,-875,idle-X
4085615111,9,986,-71,2485,-4445,-875,idle-X
4085631009,9,986,-71,2485,-4462,-875,idle-X
4085632250,9,986,-72,2485,-4462,-875,idle-X
4085649367,9,986,-71,2485,-4462,-875,idle-X
4085650304,9,986,-71,2467,-4462,-875,idle-X
4085666811,9,986,-71,2467,-4462,-875,idle-X
4085669578,9,986,-71,2467,-4462,-857,idle-X
4085683948,9,986,-72,2467,-4462,-857,idle-X
4085688548,9,986,-72,2467,-4462,-892,idle-X
4085701087,9,986,-72,2467,-4462,-892,idle-X
4085707825,9,986,-72,2467,-4497,-910,idle-X
4085718530,9,986,-72,2467,-4497,-910,idle-X
4085727099,9,986,-72,2467,-4480,-857,idle-X
4085735668,9,986,-72,2467,-4480,-857,idle-X
4085746070,9,986,-72,2450,-4480,-857,idle-X
4085752807,9,986,-72,2450,-4480,-857,idle-X
4085765344,9,986,-72,2467,-4462,-857,idle-X
4085769944,9,986,-71,2467,-4462,-857,idle-X
4085784619,9,986,-71,2467,-4445,-857,idle-X
4085787387,9,985,-71,2467,-4445,-857,idle-X
4085803895,9,985,-71,2485,-4462,-892,idle-X
4085804525,9,986,-72,2485,-4462,-892,idle-X
4085821645,9,986,-71,2485,-4462,-892,idle-X
4085822886,9,986,-71,2450,-4462,-892,idle-X
4085839088,10,986,-71,2450,-4462,-892,idle-X
4085842162,10,986,-71,2450,-4480,-857,idle-X
4085856226,9,986,-72,2450,-4480,-857,idle-X
4085861438,9,986,-72,2450,-4462,-857,idle-X
4085873365,9,986,-72,2450,-4462,-857,idle-X
4085880407,9,986,-72,2432,-4462,-875,idle-X
4085890809,10,986,-72,2432,-4462,-875,idle-X
4085899683,10,986,-72,2467,-4445,-910,idle-X
4085907947,9,986,-72,2467,-4445,-910,idle-X
4085918959,9,986,-72,2502,-4462,-875,idle-X
4085925086,9,986,-72,2502,-4462,-875,idle-X
4085937929,9,986,-72,2485,-4462,-875,idle-X
4085942223,9,986,-72,2485,-4462,-875,idle-X
4085957204,9,986,-72,2485,-4497,-875,idle-X
4085959666,10,986,-72,2485,-4497,-875,idle-X
4085976478,10,986,-72,2485,-4480,-875,idle-X
4085977108,9,986,-71,2485,-4480,-875,idle-X
4085993920,9,986,-72,2485,-4480,-875,idle-X
4085995466,9,986,-72,2467,-4480,-892,idle-X
4086011362,9,986,-72,2467,-4480,-892,idle-X
4086014740,9,986,-72,2467,-4497,-875,idle-X
4086028500,9,986,-72,2467,-4497,-875,idle-X
4086034017,9,986,-72,2450,-4462,-892,idle-X
4086045640,9,986,-72,2450,-4462,-892,idle-X
4086053294,9,986,-72,2450,-4445,-875,idle-X
4086062778,10,986,-72,2450,-4445,-875,idle-X
4086072263,10,986,-72,2450,-4480,-892,idle-X
4086080222,9,986,-72,2450,-4480,-892,idle-X
4086091540,9,986,-72,2485,-4480,-875,idle-X
4086097361,9,986,-72,2485,-4480,-875,idle-X
4086110816,9,986,-72,2485,-4480,-857,idle-X
4086114500,9,986,-71,2485,-4480,-857,idle-X
4086129786,9,986,-71,2467,-4480,-840,idle-X
4086131942,9,986,-72,2467,-4480,-840,idle-X
4086149060,9,985,-72,2485,-4480,-875,idle-X
4086166190,9,986,-72,2485,-4480,-875,idle-X
4086168347,9,986,-72,2485,-4480,-875,idle-X
4086183327,9,986,-71,2485,-4480,-875,idle-X
4086187317,9,986,-71,2467,-4462,-857,idle-X
4086200770,9,986,-72,2467,-4462,-857,idle-X
4086206592,9,986,-72,2450,-4480,-857,idle-X
4086217909,9,986,-72,2450,-4480,-857,idle-X
4086225868,9,986,-72,2485,-4480,-857,idle-X
4086235047,9,985,-72,2485,-4480,-857,idle-X
4086244838,9,985,-72,2485,-4497,-892,idle-X
4086252490,9,986,-72,2485,-4497,-892,idle-X
4086264113,9,986,-72,2485,-4480,-875,idle-X
4086269628,9,986,-72,2485,-4480,-875,idle-X
4086283388,9,986,-72,2502,-4462,-857,idle-X
4086286766,9,986,-72,2502,-4462,-857,idle-X
4086302663,9,986,-72,2485,-4497,-910,idle-X
4086303904,9,986,-72,2485,-4497,-910,idle-X
4086321327,9,986,-72,2450,-4497,-892,idle-X
4086338458,10,986,-71,2450,-4497,-892,idle-X
4086340921,10,986,-71,2467,-4497,-875,idle-X
4086355597,9,986,-71,2467,-4497,-875,idle-X
4086359892,9,986,-71,2467,-4480,-875,idle-X
4086373040,9,986,-71,2467,-4480,-875,idle-X
4086379166,9,986,-71,2450,-4480,-875,idle-X
4086390176,9,986,-72,2450,-4480,-875,idle-X
4086398440,9,986,-72,2467,-4480,-892,idle-X
4086407316,10,986,-71,2467,-4480,-892,idle-X
4086417718,10,986,-71,2467,-4462,-910,idle-X
4086424455,9,986,-71,2467,-4462,-910,idle-X
4086436688,9,986,-71,2467,-4445,-857,idle-X
4086441899,10,986,-71,2467,-4445,-857,idle-X
4086455964,10,986,-71,2485,-4462,-892,idle-X
4086459038,9,986,-72,2485,-4462,-892,idle-X
4086475241,9,986,-72,2467,-4480,-910,idle-X
4086476177,9,986,-71,2467,-4480,-910,idle-X
4086493296,9,986,-71,2467,-4480,-910,idle-X
4086494233,9,986,-71,2467,-4462,-910,idle-X
4086510740,9,986,-72,2467,-4462,-910,idle-X
4086513508,9,986,-72,2450,-4462,-875,idle-X
4086527879,9,986,-71,2450,-4462,-875,idle-X
4086532784,9,986,-71,2467,-4480,-857,idle-X
4086545017,9,986,-71,2467,-4480,-857,idle-X
4086551755,9,986,-71,2485,-4462,-875,idle-X
4086562460,9,986,-72,2485,-4462,-875,idle-X
4086571030,9,986,-72,2467,-4462,-875,idle-X
4086579598,9,986,-72,2467,-4462,-875,idle-X
4086590304,9,986,-72,2450,-4480,-875,idle-X
4086596736,9,986,-72,2450,-4480,-875,idle-X
4086609275,9,986,-72,2467,-4445,-892,idle-X
4086613875,9,986,-71,2467,-4445,-892,idle-X
4086628550,9,986,-71,2450,-4462,-857,idle-X
4086631318,9,986,-72,2450,-4462,-857,idle-X
4086647826,9,986,-72,2467,-4462,-875,idle-X
4086648456,9,985,-71,2467,-4462,-875,idle-X
4086665575,9,986,-71,2467,-4462,-875,idle-X
4086666817,9,986,-71,2467,-4462,-875,idle-X
4086683020,9,986,-72,2467,-4462,-875,idle-X
4086686094,9,986,-72,2467,-4462,-857,idle-X
4086700159,9,986,-72,2467,-4462,-857,idle-X
4086705370,9,986,-72,2450,-4445,-875,idle-X
4086717297,9,986,-72,2450,-4445,-875,idle-X
4086724340,9,986,-72,2467,-4480,-875,idle-X
4086734436,9,986,-71,2467,-4480,-875,idle-X
4086743617,9,986,-71,2467,-4462,-892,idle-X
4086751882,9,986,-72,2467,-4462,-892,idle-X
4086762892,9,986,-72,2467,-4462,-892,idle-X
4086769018,9,986,-72,2467,-4462,-892,idle-X
4086781862,9,986,-72,2485,-4462,-857,idle-X
4086786156,9,986,-71,2485,-4462,-857,idle-X
4086801137,9,986,-71,2502,-4462,-840,idle-X
4086803600,9,986,-71,2502,-4462,-840,idle-X
4086820413,9,986,-71,2467,-4480,-892,idle-X
4086821043,9,986,-71,2467,-4480,-892,idle-X
4086837856,9,986,-71,2467,-4480,-892,idle-X
4086839709,9,986,-71,2485,-4497,-875,idle-X
4086855301,9,986,-71,2485,-4497,-875,idle-X
4086858679,9,986,-71,2485,-4480,-857,idle-X
4086872439,9,986,-71,2485,-4480,-857,idle-X
4086877956,9,986,-71,2467,-4462,-875,idle-X
4086889579,9,986,-71,2467,-4462,-875,idle-X
4086897232,9,986,-71,2467,-4462,-892,idle-X
4086906717,9,986,-71,2467,-4462,-892,idle-X
4086916202,9,986,-71,2450,-4462,-857,idle-X
4086924160,9,986,-71,2450,-4462,-857,idle-X
4086935478,9,986,-71,2485,-4462,-892,idle-X
4086941300,9,986,-71,2485,-4462,-892,idle-X
4086954754,9,986,-71,2467,-4462,-875,idle-X
4086958438,9,986,-71,2467,-4462,-875,idle-X
4086973724,9,986,-71,2502,-4480,-910,idle-X
4086975881,9,986,-71,2502,-4480,-910,idle-X
4086992999,9,986,-71,2485,-4462,-892,idle-X
4087010131,9,986,-72,2485,-4462,-892,idle-X
4087012288,9,986,-72,2467,-4480,-875,idle-X
4087027575,9,986,-72,2467,-4480,-875,idle-X
4087031565,9,986,-72,2467,-4462,-875,idle-X
4087044713,9,986,-71,2467,-4462,-875,idle-X
4087050535,9,986,-71,2485,-4462,-875,idle-X
4087061851,9,986,-72,2485,-4462,-875,idle-X
4087069810,9,986,-72,2485,-4445,-892,idle-X
4087078990,9,986,-72,2485,-4445,-892,idle-X
4087089086,9,986,-72,2467,-4445,-892,idle-X
4087096435,9,986,-72,2467,-4445,-892,idle-X
4087108058,9,986,-72,2485,-4445,-857,idle-X
4087113573,9,986,-72,2485,-4445,-857,idle-X
4087127333,9,986,-72,2485,-4445,-892,idle-X
4087130712,9,986,-71,2485,-4445,-892,idle-X
4087146609,9,986,-71,2467,-4480,-875,idle-X
4087148155,9,986,-71,2467,-4480,-875,idle-X
4087165273,9,986,-71,2467,-4480,-875,idle-X
4087165903,9,986,-71,2485,-4480,-892,idle-X
4087182411,9,986,-72,2485,-4480,-892,idle-X
4087184874,9,986,-72,2485,-4497,-875,idle-X
4087199855,9,986,-72,2485,-4497,-875,idle-X
4087204150,9,986,-72,2467,-4480,-875,idle-X
4087216993,9,985,-71,2467,-4480,-875,idle-X
4087223425,9,985,-71,2450,-4480,-875,idle-X
4087234132,9,985,-72,2450,-4480,-875,idle-X
4087242396,9,985,-72,2467,-4462,-892,idle-X
4087251271,9,986,-71,2467,-4462,-892,idle-X
4087261671,9,986,-71,2485,-4462,-892,idle-X
4087268714,9,986,-72,2485,-4462,-892,idle-X
4087280946,9,986,-72,2502,-4480,-892,idle-X
4087285852,9,986,-71,2502,-4480,-892,idle-X
4087299916,9,986,-71,2485,-4480,-892,idle-X
4087302989,9,986,-71,2485,-4480,-892,idle-X
4087319191,9,986,-71,2485,-4480,-892,idle-X
4087320432,9,986,-71,2485,-4480,-892,idle-X
4087337552,9,986,-72,2485,-4480,-892,idle-X
4087338488,9,986,-72,2485,-4497,-875,idle-X
4087354690,9,985,-72,2485,-4497,-875,idle-X
4087357458,9,985,-72,2450,-4497,-892,idle-X
4087371829,9,986,-71,2450,-4497,-892,idle-X
4087376734,9,986,-71,2502,-4497,-875,idle-X
4087389273,9,986,-72,2502,-4497,-875,idle-X
4087396010,9,986,-72,2520,-4462,-875,idle-X
4087406412,9,986,-72,2520,-4462,-875,idle-X
4087415286,9,986,-72,2467,-4480,-875,idle-X
4087423550,10,985,-72,2467,-4480,-875,idle-X
4087434256,10,985,-72,2485,-4445,-875,idle-X
4087440993,9,986,-72,2485,-4445,-875,idle-X
4087453531,9,986,-72,2485,-4462,-857,idle-X
4087458131,9,985,-72,2485,-4462,-857,idle-X
4087472807,9,985,-72,2467,-4445,-892,idle-X
4087475270,9,986,-71,2467,-4445,-892,idle-X
4087491777,9,986,-71,2467,-4462,-875,idle-X
4087492407,9,986,-71,2467,-4462,-875,idle-X
4087509831,9,986,-72,2467,-4462,-875,idle-X
4087511072,9,986,-72,2450,-4480,-875,idle-X
4087526969,9,986,-72,2450,-4480,-875,idle-X
4087530347,9,986,-72,2432,-4462,-892,idle-X
4087544107,9,986,-71,2432,-4462,-892,idle-X
4087549318,9,986,-71,2467,-4462,-875,idle-X
4087561550,9,986,-72,2467,-4462,-875,idle-X
4087568592,9,986,-72,2485,-4462,-910,idle-X
4087578688,9,986,-71,2485,-4462,-910,idle-X
4087587868,9,986,-71,2502,-4462,-892,idle-X
4087595828,9,986,-72,2502,-4462,-892,idle-X
4087607144,9,986,-72,2467,-4445,-892,idle-X
4087613271,9,986,-71,2467,-4445,-892,idle-X
4087626114,9,986,-71,2467,-4480,-875,idle-X
4087630409,9,986,-72,2467,-4480,-875,idle-X
4087645389,9,986,-72,2467,-4462,-875,idle-X
4087647546,9,986,-71,2467,-4462,-875,idle-X
4087664664,9,986,-71,2485,-4445,-857,idle-X
4087665294,9,986,-72,2485,-4445,-857,idle-X
4087682107,9,986,-71,2485,-4445,-857,idle-X
4087683653,9,986,-71,2485,-4462,-875,idle-X
4087699245,9,986,-72,2485,-4462,-875,idle-X
4087702929,9,986,-72,2467,-4462,-910,idle-X
4087716383,9,986,-72,2467,-4462,-910,idle-X
4087722205,9,986,-72,2467,-4462,-875,idle-X
4087733827,9,986,-72,2467,-4462,-875,idle-X
4087741174,9,986,-72,2467,-4445,-875,idle-X
4087750964,10,986,-71,2467,-4445,-875,idle-X
4087760449,10,986,-71,2450,-4445,-875,idle-X
4087768102,10,986,-72,2450,-4445,-875,idle-X
4087779724,10,986,-72,2450,-4462,-857,idle-X
4087785546,9,986,-71,2450,-4462,-857,idle-X
4087799000,9,986,-71,2467,-4462,-875,idle-X
4087802683,9,986,-72,2467,-4462,-875,idle-X
4087817968,9,986,-72,2485,-4462,-857,idle-X
4087819821,9,986,-71,2485,-4462,-857,idle-X
4087836938,9,986,-71,2502,-4462,-892,idle-X
4087854374,9,986,-72,2502,-4462,-892,idle-X
4087856531,9,986,-72,2502,-4445,-892,idle-X
4087871512,9,986,-72,2502,-4445,-892,idle-X
4087875502,9,986,-72,2467,-4462,-892,idle-X
4087888650,9,986,-72,2467,-4462,-892,idle-X
4087894777,9,986,-72,2467,-4427,-892,idle-X
4087906093,9,986,-72,2467,-4427,-892,idle-X
4087914051,9,986,-72,2467,-4462,-875,idle-X
4087923231,9,986,-72,2467,-4462,-875,idle-X
4087933022,9,986,-72,2450,-4480,-892,idle-X
4087940370,9,986,-71,2450,-4480,-892,idle-X
4087952298,9,986,-71,2467,-4462,-875,idle-X
4087957508,9,986,-71,2467,-4462,-875,idle-X
4087971573,9,986,-71,2467,-4445,-875,idle-X
4087974953,9,986,-72,2467,-4445,-875,idle-X
4087990545,9,986,-72,2467,-4462,-875,idle-X
4087992092,9,986,-72,2467,-4462,-875,idle-X
4088009210,9,986,-72,2467,-4462,-875,idle-X
4088009840,9,986,-72,2502,-4497,-857,idle-X
4088026653,8,986,-71,2502,-4497,-857,idle-X
4088029116,8,986,-71,2467,-4497,-875,idle-X
4088043791,9,986,-72,2467,-4497,-875,idle-X
4088048085,9,986,-72,2450,-4462,-875,idle-X
4088060930,9,986,-71,2450,-4462,-875,idle-X
4088067361,9,986,-71,2467,-4480,-892,idle-X
4088078068,9,986,-71,2467,-4480,-892,idle-X
4088086637,9,986,-71,2467,-4480,-875,idle-X
4088095511,9,986,-72,2467,-4480,-875,idle-X
4088105913,9,986,-72,2485,-4480,-892,idle-X
4088112650,9,986,-72,2485,-4480,-892,idle-X
4088124884,9,986,-72,2485,-4462,-910,idle-X
4088129789,9,986,-72,2485,-4462,-910,idle-X
4088144159,9,986,-72,2467,-4445,-910,idle-X
4088147232,9,986,-71,2467,-4445,-910,idle-X
4088163435,9,986,-71,2485,-4462,-892,idle-X
4088164372,9,986,-71,2485,-4462,-892,idle-X
4088181490,9,986,-72,2485,-4462,-892,idle-X
4088182427,9,986,-72,2485,-4462,-892,idle-X
4088198934,10,986,-71,2485,-4462,-892,idle-X
4088201702,10,986,-71,2485,-4480,-857,idle-X
4088216073,9,986,-72,2485,-4480,-857,idle-X
4088220978,9,986,-72,2467,-4462,-875,idle-X
4088233212,9,986,-72,2467,-4462,-875,idle-X
4088239948,9,986,-72,2485,-4462,-875,idle-X
4088250351,9,986,-72,2485,-4462,-875,idle-X
4088259226,9,986,-72,2467,-4462,-875,idle-X
4088267795,9,986,-72,2467,-4462,-875,idle-X
4088278501,9,986,-72,2467,-4480,-875,idle-X
4088284933,10,986,-72,2467,-4480,-875,idle-X
4088297776,10,986,-72,2485,-4462,-892,idle-X
4088302070,9,986,-72,2485,-4462,-892,idle-X
4088316746,9,986,-72,2467,-4462,-892,idle-X
4088319515,9,986,-72,2467,-4462,-892,idle-X
4088336023,9,986,-72,2485,-4462,-892,idle-X
4088336653,10,986,-72,2485,-4462,-892,idle-X
4088353770,9,986,-72,2485,-4462,-892,idle-X
4088355318,9,986,-72,2485,-4480,-875,idle-X
4088370909,9,986,-72,2485,-4480,-875,idle-X
4088374288,9,986,-72,2467,-4462,-875,idle-X
4088388352,9,986,-71,2467,-4462,-875,idle-X
4088393563,9,986,-71,2450,-4480,-892,idle-X
4088405490,9,986,-71,2450,-4480,-892,idle-X
4088412839,9,986,-71,2467,-4462,-875,idle-X
4088422630,9,986,-72,2467,-4462,-875,idle-X
4088431809,9,986,-72,2467,-4427,-857,idle-X
4088439766,9,986,-72,2467,-4427,-857,idle-X
4088451085,9,986,-72,2467,-4445,-857,idle-X
4088457211,9,986,-71,2467,-4445,-857,idle-X
4088470359,9,986,-71,2467,-4462,-875,idle-X
4088474348,9,986,-72,2467,-4462,-875,idle-X
4088489328,9,986,-72,2485,-4462,-892,idle-X
4088491486,9,986,-71,2485,-4462,-892,idle-X
4088508604,9,986,-71,2467,-4462,-910,idle-X
4088509234,9,986,-71,2467,-4462,-910,idle-X
4088526047,9,986,-71,2467,-4462,-910,idle-X
4088527899,9,986,-71,2502,-4480,-875,idle-X
4088543186,9,986,-72,2502,-4480,-875,idle-X
4088546869,9,986,-72,2485,-4480,-892,idle-X
4088560323,9,986,-72,2485,-4480,-892,idle-X
4088566144,9,986,-72,2467,-4480,-910,idle-X
4088577766,9,986,-71,2467,-4480,-910,idle-X
4088585419,9,986,-71,2467,-4462,-892,idle-X
4088594905,10,986,-71,2467,-4462,-892,idle-X
4088604389,10,986,-71,2502,-4497,-892,idle-X
4088612042,9,986,-72,2502,-4497,-892,idle-X
4088623664,9,986,-72,2485,-4462,-875,idle-X
4088629485,9,986,-72,2485,-4462,-875,idle-X
4088642939,9,986,-72,2467,-4480,-875,idle-X
4088646624,9,986,-71,2467,-4480,-875,idle-X
4088661911,9,986,-71,2467,-4462,-875,idle-X
4088663763,9,986,-71,2467,-4462,-875,idle-X
4088680881,10,986,-72,2485,-4445,-875,idle-X
4088698317,9,986,-72,2485,-4445,-875,idle-X
4088700475,9,986,-72,2485,-4462,-875,idle-X
4088715457,9,986,-71,2485,-4462,-875,idle-X
4088719752,9,986,-71,2450,-4480,-840,idle-X
4088732595,9,986,-72,2450,-4480,-840,idle-X
4088738723,9,986,-72,2467,-4480,-875,idle-X
4088750040,9,986,-72,2467,-4480,-875,idle-X
4088757999,9,986,-72,2467,-4480,-910,idle-X
4088767178,9,986,-72,2467,-4480,-910,idle-X
4088777274,9,986,-72,2450,-4462,-892,idle-X
4088784317,9,986,-72,2450,-4462,-892,idle-X
4088796244,9,986,-72,2485,-4497,-875,idle-X
4088801454,9,986,-72,2485,-4497,-875,idle-X
4088815520,9,986,-72,2450,-4480,-875,idle-X
4088818899,9,986,-71,2450,-4480,-875,idle-X
4088834797,9,986,-71,2432,-4480,-857,idle-X
4088836038,9,986,-71,2432,-4480,-857,idle-X
4088853157,9,986,-71,2432,-4480,-857,idle-X
4088853786,9,986,-71,2450,-4480,-892,idle-X
4088870600,9,986,-71,2450,-4480,-892,idle-X
4088873062,9,986,-71,2432,-4480,-892,idle-X
4088887737,9,986,-71,2432,-4480,-892,idle-X
4088892337,9,986,-71,2450,-4480,-892,idle-X
4088904876,9,986,-71,2450,-4480,-892,idle-X
4088911308,9,986,-71,2450,-4480,-857,idle-X
4088922320,9,986,-72,2450,-4480,-857,idle-X
4088930582,9,986,-72,2467,-4445,-875,idle-X
4088939456,9,986,-72,2467,-4445,-875,idle-X
4088949857,9,986,-72,2502,-4480,-892,idle-X
4088956594,9,986,-71,2502,-4480,-892,idle-X
4088969133,9,986,-71,2467,-4480,-857,idle-X
4088973733,9,986,-71,2467,-4480,-857,idle-X
4088988104,9,986,-71,2485,-4480,-875,idle-X
4088991177,9,986,-71,2485,-4480,-875,idle-X
4089007378,9,986,-71,2485,-4480,-857,idle-X
4089008314,10,986,-71,2485,-4480,-857,idle-X
4089025432,10,986,-72,2485,-4480,-857,idle-X
4089026674,10,986,-72,2485,-4480,-875,idle-X
4089042877,9,986,-72,2485,-4480,-875,idle-X
4089045645,9,986,-72,2450,-4497,-875,idle-X
4089060016,9,986,-72,2450,-4497,-875,idle-X
4089064921,9,986,-72,2467,-4462,-892,idle-X
4089077153,9,986,-71,2467,-4462,-892,idle-X
4089084196,9,986,-71,2485,-4462,-892,idle-X
4089094291,9,986,-72,2485,-4462,-892,idle-X
4089103167,9,986,-72,2502,-4480,-875,idle-X
4089111736,9,986,-72,2502,-4480,-875,idle-X
4089122442,9,986,-72,2467,-4462,-875,idle-X
4089128874,9,986,-71,2467,-4462,-875,idle-X
4089141718,9,986,-71,2467,-4480,-892,idle-X
4089146012,9,986,-71,2467,-4480,-892,idle-X
4089160687,9,986,-71,2450,-4480,-892,idle-X
4089163456,9,986,-71,2450,-4480,-892,idle-X
4089179964,9,986,-71,2450,-4462,-875,idle-X
4089180594,9,986,-71,2450,-4462,-875,idle-X
4089197713,9,986,-72,2450,-4462,-875,idle-X
4089199261,9,986,-72,2467,-4462,-875,idle-X
4089214853,9,986,-71,2467,-4462,-875,idle-X
4089218231,9,986,-71,2432,-4445,-910,idle-X
4089232297,9,986,-72,2432,-4445,-910,idle-X
4089237508,9,986,-72,2467,-4462,-892,idle-X
4089249436,9,986,-71,2467,-4462,-892,idle-X
4089256784,9,986,-71,2467,-4462,-892,idle-X
4089266574,9,986,-72,2467,-4462,-892,idle-X
4089275754,9,986,-72,2450,-4480,-857,idle-X
4089283712,10,986,-71,2450,-4480,-857,idle-X
4089295029,10,986,-71,2450,-4480,-840,idle-X
4089301156,9,986,-71,2450,-4480,-840,idle-X
4089314305,9,986,-71,2467,-4462,-857,idle-X
4089318294,9,986,-71,2467,-4462,-857,idle-X
4089333274,9,986,-71,2485,-4462,-857,idle-X
4089335431,9,986,-71,2485,-4462,-857,idle-X
4089352550,9,986,-71,2485,-4462,-892,idle-X
4089369987,9,986,-71,2485,-4462,-892,idle-X
4089371839,9,986,-71,2450,-4462,-840,idle-X
4089387125,9,986,-72,2450,-4462,-840,idle-X
4089390809,9,986,-72,2467,-4480,-875,idle-X
4089404263,9,986,-71,2467,-4480,-875,idle-X
4089410083,9,986,-71,2467,-4462,-910,idle-X
4089421706,9,986,-71,2467,-4462,-910,idle-X
4089429360,9,986,-71,2485,-4462,-892,idle-X
4089438845,9,986,-71,2485,-4462,-892,idle-X
4089448330,9,986,-71,2450,-4462,-875,idle-X
4089455982,9,986,-71,2450,-4462,-875,idle-X
4089467605,9,986,-71,2485,-4462,-892,idle-X
4089473122,9,986,-72,2485,-4462,-892,idle-X
4089486881,9,986,-72,2467,-4445,-857,idle-X
4089490565,9,986,-71,2467,-4445,-857,idle-X
4089505851,9,986,-71,2467,-4445,-875,idle-X
4089507703,9,986,-71,2467,-4445,-875,idle-X
4089524822,9,986,-72,2502,-4480,-892,idle-X
4089541952,9,986,-72,2502,-4480,-892,idle-X
4089544415,9,986,-72,2485,-4480,-840,idle-X
4089559396,9,986,-72,2485,-4480,-840,idle-X
4089563386,9,986,-72,2467,-4480,-875,idle-X
4089576535,10,985,-72,2467,-4480,-875,idle-X
4089582661,10,985,-72,2485,-4462,-875,idle-X
4089593672,9,987,-72,2485,-4462,-875,idle-X
4089601630,9,987,-72,2485,-4462,-892,idle-X
4089610810,10,985,-72,2485,-4462,-892,idle-X
4089620906,10,985,-72,2502,-4462,-875,idle-X
4089627948,10,986,-72,2502,-4462,-875,idle-X
4089640182,10,986,-72,2485,-4462,-857,idle-X
4089645392,9,986,-72,2485,-4462,-857,idle-X
4089659152,9,986,-72,2485,-4480,-875,idle-X
4089662530,9,986,-72,2485,-4480,-875,idle-X
4089678426,9,986,-72,2502,-4497,-875,idle-X
4089679667,9,986,-71,2502,-4497,-875,idle-X
4089696785,9,986,-72,2502,-4497,-875,idle-X
4089697722,9,986,-72,2450,-4480,-875,idle-X
4089714228,9,986,-71,2450,-4480,-875,idle-X
4089716691,9,986,-71,2467,-4480,-875,idle-X
4089731365,9,986,-72,2467,-4480,-875,idle-X
4089735965,9,986,-72,2502,-4462,-875,idle-X
4089748503,9,985,-72,2502,-4462,-875,idle-X
4089754935,9,985,-72,2467,-4445,-892,idle-X
4089765641,9,986,-71,2467,-4445,-892,idle-X
4089774211,9,986,-71,2450,-4462,-875,idle-X
4089783085,9,986,-71,2450,-4462,-875,idle-X
4089793486,9,986,-71,2502,-4480,-875,idle-X
4089800223,9,986,-72,2502,-4480,-875,idle-X
4089812456,9,986,-72,2485,-4497,-875,idle-X
4089817361,10,986,-72,2485,-4497,-875,idle-X
4089831732,10,986,-72,2502,-4480,-875,idle-X
4089834501,9,986,-71,2502,-4480,-875,idle-X
4089851008,9,986,-71,2485,-4445,-875,idle-X
4089851944,9,986,-71,2485,-4445,-875,idle-X
4089869061,9,986,-72,2485,-4445,-875,idle-X
4089869998,9,986,-72,2450,-4480,-875,idle-X
4089886200,9,986,-72,2450,-4480,-875,idle-X
4089889273,9,986,-72,2467,-4462,-892,idle-X
4089903336,9,986,-72,2467,-4462,-892,idle-X
4089908547,9,986,-72,2467,-4480,-875,idle-X
4089920779,9,986,-72,2467,-4480,-875,idle-X
4089927516,9,986,-72,2485,-4480,-875,idle-X
4089937917,10,986,-72,2485,-4480,-875,idle-X
4089946791,10,986,-72,2467,-4497,-857,idle-X
4089955055,9,986,-71,2467,-4497,-857,idle-X
4089966067,9,986,-71,2485,-4480,-875,idle-X
4089972194,9,986,-72,2485,-4480,-875,idle-X
4089985038,9,986,-72,2450,-4462,-875,idle-X
4089989638,9,986,-72,2450,-4462,-875,idle-X
4090004313,9,986,-72,2467,-4462,-875,idle-X
4090006776,9,986,-71,2467,-4462,-875,idle-X
4090023589,9,986,-71,2467,-4445,-875,idle-X
4090024219,9,986,-71,2467,-4445,-875,idle-X
4090041031,9,986,-72,2467,-4445,-875,idle-X
4090042579,9,986,-72,2485,-4462,-875,idle-X
4090058475,9,986,-72,2485,-4462,-875,idle-X
4090061855,9,986,-72,2485,-4480,-857,idle-X
4090075614,9,986,-71,2485,-4480,-857,idle-X
4090081131,9,986,-71,2450,-4462,-875,idle-X
4090092754,9,986,-71,2450,-4462,-875,idle-X
4090100102,9,986,-71,2432,-4462,-875,idle-X
4090109892,9,986,-71,2432,-4462,-875,idle-X
4090119376,9,986,-71,2467,-4462,-892,idle-X
4090127334,9,986,-72,2467,-4462,-892,idle-X
4090138651,9,986,-72,2450,-4445,-857,idle-X
4090144473,9,986,-72,2450,-4445,-857,idle-X
4090157623,9,986,-72,2467,-4462,-840,idle-X
4090161612,9,986,-72,2467,-4462,-840,idle-X
4090176897,9,986,-72,2467,-4445,-875,idle-X
4090178750,10,986,-72,2467,-4445,-875,idle-X
4090195868,10,986,-72,2485,-4462,-875,idle-X
4090196498,9,986,-72,2485,-4462,-875,idle-X
4090213309,9,986,-71,2485,-4462,-875,idle-X
4090215161,9,986,-71,2485,-4445,-875,idle-X
4090230446,9,986,-72,2485,-4445,-875,idle-X
4090234435,9,986,-72,2520,-4462,-875,idle-X
4090247890,9,986,-72,2520,-4462,-875,idle-X
4090253405,9,986,-72,2467,-4445,-875,idle-X
4090265027,9,986,-72,2467,-4445,-875,idle-X
4090272681,9,986,-72,2467,-4462,-875,idle-X
4090282167,10,986,-71,2467,-4462,-875,idle-X
4090291957,10,986,-71,2467,-4462,-857,idle-X
4090299305,9,986,-71,2467,-4462,-857,idle-X
4090310928,9,986,-71,2450,-4462,-892,idle-X
4090316444,9,986,-71,2450,-4462,-892,idle-X
4090330204,9,986,-71,2467,-4480,-875,idle-X
4090333888,10,986,-72,2467,-4480,-875,idle-X
4090349480,10,986,-72,2450,-4462,-892,idle-X
4090351027,9,986,-71,2450,-4462,-892,idle-X
4090368145,9,986,-71,2450,-4462,-892,idle-X
4090385580,9,986,-71,2450,-4462,-892,idle-X
4090387737,9,986,-71,2467,-4462,-875,idle-X
4090402718,9,985,-71,2467,-4462,-875,idle-X
4090407013,9,985,-71,2467,-4462,-857,idle-X
4090419858,9,986,-71,2467,-4462,-857,idle-X
4090425985,9,986,-71,2432,-4462,-875,idle-X
4090436996,9,986,-72,2432,-4462,-875,idle-X
4090445260,9,986,-72,2467,-4480,-857,idle-X
4090454439,10,986,-72,2467,-4480,-857,idle-X
4090464536,10,986,-72,2467,-4480,-857,idle-X
4090471578,9,986,-72,2467,-4480,-857,idle-X
4090483505,9,986,-72,2467,-4480,-857,idle-X
4090488716,9,985,-71,2467,-4480,-857,idle-X
4090502780,9,985,-71,2467,-4480,-875,idle-X
4090505854,9,985,-72,2467,-4480,-875,idle-X
4090522056,9,985,-72,2467,-4480,-840,idle-X
4090522991,9,986,-71,2467,-4480,-840,idle-X
4090540415,9,986,-72,2467,-4480,-840,idle-X
4090541045,9,986,-72,2502,-4462,-875,idle-X
4090557554,9,986,-72,2502,-4462,-875,idle-X
4090560322,9,986,-72,2467,-4462,-875,idle-X
4090574692,9,986,-72,2467,-4462,-875,idle-X
4090579292,9,986,-72,2467,-4480,-875,idle-X
4090592135,9,986,-72,2467,-4480,-875,idle-X
4090598567,9,986,-72,2467,-4462,-892,idle-X
4090609275,9,986,-72,2467,-4462,-892,idle-X
4090617844,9,986,-72,2467,-4445,-857,idle-X
4090626413,9,986,-71,2467,-4445,-857,idle-X
4090637120,9,986,-71,2467,-4462,-892,idle-X
4090643552,9,986,-72,2467,-4462,-892,idle-X
4090656089,9,986,-72,2467,-4445,-892,idle-X
4090660995,9,986,-72,2467,-4445,-892,idle-X
4090675365,9,986,-72,2485,-4462,-875,idle-X
4090678133,9,986,-71,2485,-4462,-875,idle-X
4090694640,9,986,-71,2467,-4480,-910,idle-X
4090695271,9,985,-72,2467,-4480,-910,idle-X
4090712694,9,986,-72,2467,-4480,-910,idle-X
4090713631,9,986,-72,2450,-4462,-875,idle-X
4090729833,9,986,-72,2450,-4462,-875,idle-X
4090732906,9,986,-72,2467,-4462,-892,idle-X
4090746970,9,986,-71,2467,-4462,-892,idle-X
4090752181,9,986,-71,2485,-4480,-875,idle-X
4090764108,9,986,-71,2485,-4480,-875,idle-X
4090771150,9,986,-71,2485,-4462,-875,idle-X
4090781552,9,986,-71,2485,-4462,-875,idle-X
4090790426,9,986,-71,2467,-4462,-875,idle-X
4090798691,10,986,-72,2467,-4462,-875,idle-X
4090809703,10,986,-72,2467,-4462,-875,idle-X
4090815830,9,986,-72,2467,-4462,-875,idle-X
4090828673,9,986,-72,2450,-4445,-875,idle-X
4090832968,9,986,-72,2450,-4445,-875,idle-X
4090847947,9,986,-72,2467,-4462,-875,idle-X
4090850411,9,986,-72,2467,-4462,-875,idle-X
4090867223,9,986,-72,2450,-4480,-892,idle-X
4090867854,9,986,-72,2450,-4480,-892,idle-X
4090884667,9,986,-72,2450,-4480,-892,idle-X
4090886214,9,986,-72,2485,-4462,-892,idle-X
4090901805,10,986,-71,2485,-4462,-892,idle-X
4090905489,10,986,-71,2485,-4497,-892,idle-X
4090919247,10,986,-72,2485,-4497,-892,idle-X
4090924764,10,986,-72,2450,-4445,-875,idle-X
4090936386,9,986,-71,2450,-4445,-875,idle-X
4090943734,9,986,-71,2485,-4445,-857,idle-X
4090953525,10,986,-71,2485,-4445,-857,idle-X
4090963010,10,986,-71,2467,-4462,-857,idle-X
4090970663,10,986,-71,2467,-4462,-857,idle-X
4090981980,10,986,-71,2485,-4480,-857,idle-X
4090988107,9,986,-72,2485,-4480,-857,idle-X
4091001256,9,986,-72,2502,-4480,-875,idle-X
4091005246,9,986,-71,2502,-4480,-875,idle-X
4091020531,9,986,-71,2467,-4497,-857,idle-X
4091022384,9,986,-71,2467,-4497,-857,idle-X
4091039502,9,986,-72,2467,-4445,-892,idle-X
4091056938,9,986,-71,2467,-4445,-892,idle-X
4091058789,9,986,-71,2432,-4445,-857,idle-X
4091074077,9,986,-71,2432,-4445,-857,idle-X
4091078066,9,986,-71,2450,-4445,-875,idle-X
4091091215,9,986,-71,2450,-4445,-875,idle-X
4091097036,9,986,-71,2467,-4480,-875,idle-X
4091108353,9,985,-71,2467,-4480,-875,idle-X
4091116312,9,985,-71,2450,-4497,-857,idle-X
4091125798,9,985,-71,2450,-4497,-857,idle-X
4091135588,9,985,-71,2467,-4480,-857,idle-X
4091142936,9,986,-72,2467,-4480,-857,idle-X
4091154558,9,986,-72,2485,-4462,-875,idle-X
4091160074,9,986,-72,2485,-4462,-875,idle-X
4091173833,9,986,-72,2467,-4445,-875,idle-X
4091177212,10,986,-72,2467,-4445,-875,idle-X
4091193109,10,986,-72,2502,-4480,-875,idle-X
4091194656,9,986,-72,2502,-4480,-875,idle-X
4091211775,9,986,-72,2485,-4480,-892,idle-X
4091228906,9,986,-71,2485,-4480,-892,idle-X
4091231368,9,986,-71,2485,-4480,-892,idle-X
4091246349,9,986,-72,2485,-4480,-892,idle-X
4091250644,9,986,-72,2450,-4480,-875,idle-X
4091263488,9,986,-72,2450,-4480,-875,idle-X
4091269615,9,986,-72,2467,-4462,-875,idle-X
4091280627,9,986,-72,2467,-4462,-875,idle-X
4091288890,9,986,-72,2467,-4480,-892,idle-X
4091297765,9,986,-72,2467,-4480,-892,idle-X
4091308166,9,986,-72,2467,-4445,-857,idle-X
4091315209,9,986,-72,2467,-4445,-857,idle-X
4091327137,9,986,-72,2467,-4462,-840,idle-X
4091332348,9,986,-72,2467,-4462,-840,idle-X
4091346413,9,986,-72,2467,-4480,-857,idle-X
4091349487,9,986,-72,2467,-4480,-857,idle-X
4091365690,9,986,-72,2467,-4445,-857,idle-X
4091366626,9,985,-72,2467,-4445,-857,idle-X
4091384049,9,986,-72,2467,-4445,-857,idle-X
4091384679,9,986,-72,2450,-4445,-875,idle-X
4091401188,9,986,-71,2450,-4445,-875,idle-X
4091403957,9,986,-71,2467,-4462,-875,idle-X
4091418328,10,986,-72,2467,-4462,-875,idle-X
4091422928,10,986,-72,2485,-4480,-875,idle-X
4091435467,9,986,-71,2485,-4480,-875,idle-X
4091442203,9,986,-71,2467,-4462,-875,idle-X
4091452909,9,986,-71,2467,-4462,-875,idle-X
4091461478,9,986,-71,2485,-4462,-892,idle-X
4091470048,9,986,-72,2485,-4462,-892,idle-X
4091480448,9,986,-72,2467,-4462,-910,idle-X
4091487186,9,985,-72,2467,-4462,-910,idle-X
4091499724,9,985,-72,2485,-4445,-892,idle-X
4091504324,9,986,-72,2485,-4445,-892,idle-X
4091518999,9,986,-72,2485,-4445,-892,idle-X
4091521767,9,986,-71,2485,-4445,-892,idle-X
4091537969,9,986,-71,2467,-4445,-892,idle-X
4091538906,9,986,-72,2467,-4445,-892,idle-X
4091556023,9,986,-72,2467,-4445,-892,idle-X
4091557265,9,986,-72,2467,-4445,-892,idle-X
4091573162,9,986,-72,2467,-4445,-892,idle-X
4091576541,9,986,-72,2485,-4462,-875,idle-X
4091590606,9,986,-72,2485,-4462,-875,idle-X
4091595511,9,986,-72,2467,-4445,-875,idle-X
4091607744,9,986,-71,2467,-4445,-875,idle-X
4091614787,9,986,-71,2485,-4462,-892,idle-X
4091624882,9,986,-72,2485,-4462,-892,idle-X
4091633756,9,986,-72,2467,-4462,-892,idle-X
4091642019,9,986,-72,2467,-4462,-892,idle-X
4091653031,9,986,-72,2485,-4462,-892,idle-X
4091659157,9,985,-72,2485,-4462,-892,idle-X
