time[us],acc_l_x[mg],acc_l_y[mg],acc_l_z[mg],gyro_x[mdps],gyro_y[mdps],gyro_z[mdps],label
368779410,-287,926,216,13930,12372,9327,brushing
368796844,-263,938,213,13930,12372,9327,brushing
368799002,-263,938,213,15610,21997,11847,brushing
368813982,-231,949,210,15610,21997,11847,brushing
368818277,-231,949,210,16030,24395,13562,brushing
368831118,-198,935,201,16030,24395,13562,brushing
368837550,-198,935,201,15382,22190,14385,brushing
368848561,-176,928,197,15382,22190,14385,brushing
368856518,-176,928,197,14017,18812,14472,brushing
368865697,-164,932,189,14017,18812,14472,brushing
368875792,-164,932,189,12337,15172,14315,brushing
368882833,-162,936,180,12337,15172,14315,brushing
368895065,-162,936,180,10517,12582,14122,brushing
368899969,-166,940,183,10517,12582,14122,brushing
368914033,-166,940,183,9205,11287,14052,brushing
368917412,-178,953,186,9205,11287,14052,brushing
368933307,-178,953,186,8627,10902,14402,brushing
368934547,-196,980,192,8627,10902,14402,brushing
368951664,-212,999,196,8627,10902,14402,brushing
368952600,-212,999,196,8995,9275,15295,brushing
368969106,-225,1003,193,8995,9275,15295,brushing
368971569,-225,1003,193,10062,6492,16467,brushing
368986243,-229,989,184,10062,6492,16467,brushing
368990842,-229,989,184,11392,4882,17272,brushing
369003380,-224,970,176,11392,4882,17272,brushing
369010116,-224,970,176,12897,6790,17150,brushing
369020515,-212,961,166,12897,6790,17150,brushing
369029389,-212,961,166,14402,10640,16222,brushing
369037958,-200,962,157,14402,10640,16222,brushing
369048358,-200,962,157,15225,12337,15102,brushing
369055093,-183,963,143,15225,12337,15102,brushing
369067631,-183,963,143,14700,10465,14070,brushing
369072229,-170,951,134,14700,10465,14070,brushing
369086902,-170,951,134,13020,7000,12792,brushing
369089365,-157,928,129,13020,7000,12792,brushing
369105870,-157,928,129,11235,5250,11007,brushing
369106807,-151,914,126,11235,5250,11007,brushing
369123923,-150,926,115,11235,5250,11007,brushing
369125165,-150,926,115,9677,5810,8907,brushing
369141060,-155,935,113,9677,5810,8907,brushing
369144439,-155,935,113,7840,4567,6615,brushing
369158502,-156,945,114,7840,4567,6615,brushing
369163407,-156,945,114,6125,1995,4497,brushing
369175639,-161,961,112,6125,1995,4497,brushing
369182680,-161,961,112,4707,-560,3115,brushing
369192775,-162,970,102,4707,-560,3115,brushing
369201954,-162,970,102,3150,-2607,2170,brushing
369209912,-163,979,97,3150,-2607,2170,brushing
369221227,-163,979,97,1347,-4200,1382,brushing
369227353,-160,978,99,1347,-4200,1382,brushing
369240196,-160,978,99,-350,-5862,717,brushing
369244490,-161,962,110,-350,-5862,717,brushing
369259469,-161,962,110,-1522,-7735,-490,brushing
369261627,-159,940,118,-1522,-7735,-490,brushing
369278742,-159,940,118,-2152,-9432,-2310,brushing
369279372,-155,913,120,-2152,-9432,-2310,brushing
369296184,-152,891,120,-2152,-9432,-2310,brushing
369297731,-152,891,120,-2642,-9940,-4707,brushing
369313321,-149,880,114,-2642,-9940,-4707,brushing
369317005,-149,880,114,-2922,-7490,-7227,brushing
369330458,-143,887,119,-2922,-7490,-7227,brushing
369336278,-143,887,119,-3150,-4165,-9642,brushing
369347899,-138,891,121,-3150,-4165,-9642,brushing
369355552,-138,891,121,-3325,-3587,-11795,brushing
369365036,-138,892,119,-3325,-3587,-11795,brushing
369374521,-138,892,119,-3622,-4200,-13090,brushing
369382174,-146,904,115,-3622,-4200,-13090,brushing
369393795,-146,904,115,-3955,-2887,-12845,brushing
369399615,-154,921,114,-3955,-2887,-12845,brushing
369413068,-154,921,114,-4147,1137,-11410,brushing
369416752,-157,940,119,-4147,1137,-11410,brushing
369432036,-157,940,119,-4130,6947,-9695,brushing
369433889,-161,970,120,-4130,6947,-9695,brushing
369451311,-164,1007,120,-4200,11567,-8417,brushing
369468439,-168,1036,114,-4200,11567,-8417,brushing
369470596,-168,1036,114,-4812,12232,-7420,brushing
369485576,-169,1049,108,-4812,12232,-7420,brushing
369489564,-169,1049,108,-6055,10080,-5722,brushing
369502712,-168,1049,104,-6055,10080,-5722,brushing
369508837,-168,1049,104,-7630,7402,-3220,brushing
369520153,-168,1043,102,-7630,7402,-3220,brushing
369528111,-168,1043,102,-8907,5600,-105,brushing
369537289,-166,1041,103,-8907,5600,-105,brushing
369547385,-166,1041,103,-9502,3972,3062,brushing
369554427,-164,1030,104,-9502,3972,3062,brushing
369566353,-164,1030,104,-9240,1960,5862,brushing
369571869,-162,1009,107,-9240,1960,5862,brushing
369585628,-162,1009,107,-8015,437,7805,brushing
369589006,-158,987,101,-8015,437,7805,brushing
369604901,-158,987,101,-6300,315,8697,brushing
369606143,-155,972,95,-6300,315,8697,brushing
369623564,-157,964,90,-6300,315,8697,brushing
369624194,-157,964,90,-4287,1802,8890,brushing
369640700,-161,965,92,-4287,1802,8890,brushing
369643162,-161,965,92,-2205,3430,8487,brushing
369657835,-164,966,94,-2205,3430,8487,brushing
369662435,-164,966,94,-122,4025,7612,brushing
369674972,-165,964,87,-122,4025,7612,brushing
369681708,-165,964,87,1662,3937,6737,brushing
369692413,-168,961,77,1662,3937,6737,brushing
369700676,-168,961,77,2835,4777,5722,brushing
369709550,-175,962,72,2835,4777,5722,brushing
369719949,-175,962,72,3377,6720,4830,brushing
369726686,-178,962,68,3377,6720,4830,brushing
369739223,-178,962,68,3325,8802,3867,brushing
369744128,-184,967,68,3325,8802,3867,brushing
369758497,-184,967,68,2922,9502,2992,brushing
369761265,-190,980,70,2922,9502,2992,brushing
369777466,-190,980,70,2380,7595,2275,brushing
369778403,-196,984,69,2380,7595,2275,brushing
369795824,-195,982,65,2380,7595,2275,brushing
369796761,-195,982,65,1750,3832,1522,brushing
369812961,-192,978,58,1750,3832,1522,brushing
369816035,-192,978,58,962,560,980,brushing
369830100,-194,977,59,962,560,980,brushing
369835311,-194,977,59,280,-2030,612,brushing
369847543,-196,963,61,280,-2030,612,brushing
369854279,-196,963,61,-35,-4235,350,brushing
369864679,-195,951,58,-35,-4235,350,brushing
369873552,-195,951,58,472,-4357,-157,brushing
369881815,-194,945,55,472,-4357,-157,brushing
369892826,-194,945,55,1435,-2747,-980,brushing
369898952,-193,954,50,1435,-2747,-980,brushing
369911795,-193,954,50,2135,-1907,-1627,brushing
369916394,-191,962,44,2135,-1907,-1627,brushing
369931068,-191,962,44,2520,-2817,-2152,brushing
369933530,-185,960,36,2520,-2817,-2152,brushing
369950340,-185,960,36,2502,-3500,-2555,brushing
369950971,-179,955,31,2502,-3500,-2555,brushing
369968088,-174,956,27,2502,-3500,-2555,brushing
369969634,-174,956,27,2240,-2905,-2817,brushing
369985224,-170,961,24,2240,-2905,-2817,brushing
369988603,-170,961,24,1662,-2170,-2800,brushing
370002360,-167,962,21,1662,-2170,-2800,brushing
370007874,-167,962,21,805,-2135,-2625,brushing
370019800,-166,963,17,805,-2135,-2625,brushing
370027147,-166,963,17,-350,-2625,-2432,brushing
370036936,-169,965,17,-350,-2625,-2432,brushing
370046116,-169,965,17,-1522,-3097,-2065,brushing
370054073,-173,963,20,-1522,-3097,-2065,brushing
370065389,-173,963,20,-2345,-3272,-1820,brushing
370071515,-175,962,19,-2345,-3272,-1820,brushing
370084663,-175,962,19,-2677,-2432,-1662,brushing
370088651,-173,966,19,-2677,-2432,-1662,brushing
370103936,-173,966,19,-2747,-1242,-1487,brushing
370105788,-173,977,22,-2747,-1242,-1487,brushing
370122904,-173,977,22,-2747,-1032,-1120,brushing
370123535,-173,981,24,-2747,-1032,-1120,brushing
370140346,-170,982,23,-2747,-1032,-1120,brushing
370142199,-170,982,23,-2747,-1260,-455,brushing
370157484,-169,980,26,-2747,-1260,-455,brushing
370161473,-169,980,26,-2852,-1207,227,brushing
370174620,-169,979,32,-2852,-1207,227,brushing
370180746,-169,979,32,-3010,-1032,665,brushing
370192061,-171,979,38,-3010,-1032,665,brushing
370199713,-171,979,38,-3045,-1435,822,brushing
370209197,-173,981,42,-3045,-1435,822,brushing
370218987,-173,981,42,-2940,-2397,682,brushing
370226335,-173,980,44,-2940,-2397,682,brushing
370238261,-173,980,44,-2345,-3535,280,brushing
370243777,-170,976,44,-2345,-3535,280,brushing
370257535,-170,976,44,-1260,-3640,-227,brushing
370260913,-165,976,43,-1260,-3640,-227,brushing
370276504,-165,976,43,-332,-3797,-822,brushing
370278051,-159,973,32,-332,-3797,-822,brushing
370295474,-154,969,29,-122,-4007,-1172,brushing
370312603,-153,975,35,-122,-4007,-1172,brushing
370315065,-153,975,35,-52,-3167,-1172,brushing
370329737,-156,982,41,-52,-3167,-1172,brushing
370334032,-156,982,41,52,-3622,-1347,brushing
370347181,-161,982,37,52,-3622,-1347,brushing
370353308,-161,982,37,52,-5267,-1417,brushing
370364319,-168,982,33,52,-5267,-1417,brushing
370372582,-168,982,33,105,-5617,-735,brushing
370381455,-174,977,33,105,-5617,-735,brushing
370391855,-174,977,33,315,-5215,350,brushing
370398591,-178,968,37,315,-5215,350,brushing
370410822,-178,968,37,787,-4707,962,brushing
370416033,-180,961,35,787,-4707,962,brushing
370430096,-180,961,35,1260,-4392,822,brushing
370433169,-181,954,31,1260,-4392,822,brushing
370449369,-181,954,31,1470,-4585,122,brushing
370450305,-182,954,31,1470,-4585,122,brushing
370467726,-184,964,31,1470,-4585,122,brushing
370468356,-184,964,31,1557,-4235,-455,brushing
370484863,-188,970,34,1557,-4235,-455,brushing
370487631,-188,970,34,1662,-4305,-752,brushing
370502000,-190,974,37,1662,-4305,-752,brushing
370506905,-190,974,37,1715,-4812,-700,brushing
370519136,-193,976,39,1715,-4812,-700,brushing
370526178,-193,976,39,1925,-4707,-332,brushing
370536578,-197,979,40,1925,-4707,-332,brushing
370545147,-197,979,40,2222,-4742,-192,brushing
370553714,-200,973,42,2222,-4742,-192,brushing
370564420,-200,973,42,2835,-4935,-350,brushing
370570851,-202,976,46,2835,-4935,-350,brushing
370583693,-202,976,46,3990,-4602,-577,brushing
370588292,-195,974,47,3990,-4602,-577,brushing
370602660,-195,974,47,5600,-4392,-1015,brushing
370605427,-185,968,42,5600,-4392,-1015,brushing
370621933,-185,968,42,7262,-3552,-1347,brushing
370622563,-173,975,41,7262,-3552,-1347,brushing
370639985,-162,976,38,7262,-3552,-1347,brushing
370641227,-162,976,38,8662,-3220,-1435,brushing
370657122,-152,978,33,8662,-3220,-1435,brushing
370660196,-152,978,33,9695,-2905,-1137,brushing
370674259,-145,981,26,9695,-2905,-1137,brushing
370679470,-145,981,26,10150,-2747,-752,brushing
370691396,-144,983,27,10150,-2747,-752,brushing
370698743,-144,983,27,10185,-3377,-577,brushing
370708837,-148,996,32,10185,-3377,-577,brushing
370718017,-148,996,32,9905,-4567,-122,brushing
370725975,-155,996,33,9905,-4567,-122,brushing
370736984,-155,996,33,9432,-6807,210,brushing
370743110,-162,996,33,9432,-6807,210,brushing
370756258,-162,996,33,8960,-8137,1137,brushing
370760552,-174,1001,36,8960,-8137,1137,brushing
370775531,-174,1001,36,8540,-9327,2205,brushing
370777689,-185,1012,41,8540,-9327,2205,brushing
370794500,-185,1012,41,7805,-11445,3272,brushing
370795130,-196,1028,49,7805,-11445,3272,brushing
370811941,-208,1039,54,7805,-11445,3272,brushing
370813792,-208,1039,54,6737,-15505,4532,brushing
370829383,-214,1046,60,6737,-15505,4532,brushing
370833067,-214,1046,60,5722,-19705,6160,brushing
370846520,-223,1073,70,5722,-19705,6160,brushing
370852035,-223,1073,70,4952,-23467,8575,brushing
370863657,-242,1136,86,4952,-23467,8575,brushing
370871310,-242,1136,86,4672,-28700,12302,brushing
370881099,-265,1223,109,4672,-28700,12302,brushing
370890583,-265,1223,109,5267,-37782,18200,brushing
370898235,-291,1291,132,5267,-37782,18200,brushing
370909856,-291,1291,132,7175,-48422,27212,brushing
370915372,-299,1280,146,7175,-48422,27212,brushing
370928825,-299,1280,146,10465,-56787,36575,brushing
370932508,-273,1179,137,10465,-56787,36575,brushing
370948098,-273,1179,137,13772,-58100,42875,brushing
370949951,-224,1056,120,13772,-58100,42875,brushing
370967068,-176,917,107,16782,-48685,45272,brushing
370984196,-118,797,97,16782,-48685,45272,brushing
370986354,-118,797,97,19670,-29260,43015,brushing
371001638,-60,743,89,19670,-29260,43015,brushing
371005628,-60,743,89,20877,-8260,36627,brushing
371018776,-10,701,77,20877,-8260,36627,brushing
371024902,-10,701,77,19600,5005,27930,brushing
371035913,27,665,65,19600,5005,27930,brushing
371044176,27,665,65,16065,10552,17220,brushing
371053356,54,652,57,16065,10552,17220,brushing
371063145,54,652,57,10762,9922,4742,brushing
371070491,68,657,53,10762,9922,4742,brushing
371082418,68,657,53,3850,2222,-9310,brushing
371087628,76,648,55,3850,2222,-9310,brushing
371101691,76,648,55,-4900,-15120,-26512,brushing
371104764,91,641,63,-4900,-15120,-26512,brushing
371120660,91,641,63,-14980,-38937,-45762,brushing
371122206,82,686,85,-14980,-38937,-45762,brushing
371139324,26,847,124,-14980,-38937,-45762,brushing
371139954,26,847,124,-24080,-58380,-61705,brushing
371156459,-70,1107,175,-24080,-58380,-61705,brushing
371159227,-70,1107,175,-31167,-74322,-69195,brushing
371173596,-179,1289,218,-31167,-74322,-69195,brushing
371178196,-179,1289,218,-36172,-90912,-64872,brushing
371191037,-269,1365,267,-36172,-90912,-64872,brushing
371197469,-269,1365,267,-38290,-102077,-51397,brushing
371208174,-325,1342,363,-38290,-102077,-51397,brushing
371216743,-325,1342,363,-34755,-96652,-33145,brushing
371225311,-324,1237,445,-34755,-96652,-33145,brushing
371236017,-324,1237,445,-23397,-63735,-14525,brushing
371242753,-259,1188,470,-23397,-63735,-14525,brushing
371254984,-259,1188,470,-10360,-16100,2642,brushing
371259890,-208,1209,480,-10360,-16100,2642,brushing
371274258,-208,1209,480,-1960,10675,14910,brushing
371277027,-158,1231,476,-1960,10675,14910,brushing
371293533,-158,1231,476,1662,10062,22907,brushing
371294163,-127,1250,459,1662,10062,22907,brushing
371311584,-114,1280,436,1662,10062,22907,brushing
371312520,-114,1280,436,1907,-6072,29557,brushing
371328721,-113,1274,443,1907,-6072,29557,brushing
371331794,-113,1274,443,-192,-30047,35945,brushing
371345857,-115,1204,452,-192,-30047,35945,brushing
371351067,-115,1204,452,-945,-51327,42140,brushing
371363300,-111,1096,440,-945,-51327,42140,brushing
371370341,-111,1096,440,1155,-57242,48300,brushing
371380436,-84,1028,418,1155,-57242,48300,brushing
371389310,-84,1028,418,4200,-48510,53427,brushing
371397573,-59,1042,396,4200,-48510,53427,brushing
371408583,-59,1042,396,6370,-36102,59255,brushing
371415015,-39,1055,375,6370,-36102,59255,brushing
371427857,-39,1055,375,7735,-29347,64767,brushing
371432150,-20,1054,333,7735,-29347,64767,brushing
371446825,-20,1054,333,8260,-24325,70035,brushing
371449288,0,1028,296,8260,-24325,70035,brushing
371466099,0,1028,296,6685,-23030,73727,brushing
371466729,34,1002,275,6685,-23030,73727,brushing
371483846,57,1001,258,6685,-23030,73727,brushing
371485393,57,1001,258,4112,-27125,75267,brushing
371500984,70,976,261,4112,-27125,75267,brushing
371504667,70,976,261,1645,-36207,75215,brushing
371518121,79,933,264,1645,-36207,75215,brushing
371523637,79,933,264,472,-47057,72975,brushing
371535563,96,919,259,472,-47057,72975,brushing
371542910,96,919,259,315,-54705,69842,brushing
371552701,111,896,259,315,-54705,69842,brushing
371562185,111,896,259,-472,-62300,67077,brushing
371569837,129,851,277,-472,-62300,67077,brushing
371581153,129,851,277,-1610,-70927,63070,brushing
371587279,145,814,286,-1610,-70927,63070,brushing
371600427,145,814,286,-3290,-75880,59342,brushing
371604417,158,752,325,-3290,-75880,59342,brushing
371619701,158,752,325,-4287,-78015,55177,brushing
371621553,176,722,345,-4287,-78015,55177,brushing
371638670,176,685,359,-5390,-73377,53060,brushing
371656105,179,653,397,-5390,-73377,53060,brushing
371657957,179,653,397,-6615,-64470,52062,brushing
371673242,192,677,419,-6615,-64470,52062,brushing
371677231,192,677,419,-6125,-52255,50977,brushing
371690378,206,726,447,-6125,-52255,50977,brushing
371696504,206,726,447,-5530,-42752,51292,brushing
371707819,213,749,493,-5530,-42752,51292,brushing
371715777,213,749,493,-4742,-42560,51695,brushing
371724956,214,759,521,-4742,-42560,51695,brushing
371734746,214,759,521,-2642,-46287,51992,brushing
371742093,216,751,554,-2642,-46287,51992,brushing
371754019,216,751,554,560,-49437,52692,brushing
371759535,222,723,583,560,-49437,52692,brushing
371773293,222,723,583,4235,-51782,52220,brushing
371776672,228,695,598,4235,-51782,52220,brushing
371792262,228,695,598,8032,-50697,51555,brushing
371793809,228,670,608,8032,-50697,51555,brushing
371811231,235,669,611,11637,-45815,50645,brushing
371828359,239,660,618,11637,-45815,50645,brushing
371830822,239,660,618,14420,-40617,49735,brushing
371845496,245,690,619,14420,-40617,49735,brushing
371849790,245,690,619,16537,-35227,49087,brushing
371862633,249,724,635,16537,-35227,49087,brushing
371869063,249,724,635,17657,-34580,49892,brushing
371880073,263,718,636,17657,-34580,49892,brushing
371888336,263,718,636,17780,-43470,50015,brushing
371897210,268,662,630,17780,-43470,50015,brushing
371907611,268,662,630,17745,-53532,48720,brushing
371914348,277,622,592,17745,-53532,48720,brushing
371926578,277,622,592,17237,-55632,46830,brushing
371931788,286,629,549,17237,-55632,46830,brushing
371945852,286,629,549,14892,-52692,45150,brushing
371948925,294,647,545,14892,-52692,45150,brushing
371965125,294,647,545,10832,-51975,45605,brushing
371966062,274,602,556,10832,-51975,45605,brushing
371983178,255,554,586,10832,-51975,45605,brushing
371984114,255,554,586,7280,-49122,46830,brushing
372000619,259,506,624,7280,-49122,46830,brushing
372003388,259,506,624,4637,-43312,47705,brushing
372017756,280,467,651,4637,-43312,47705,brushing
372022660,280,467,651,1785,-38272,47215,brushing
372034891,291,444,660,1785,-38272,47215,brushing
372041932,291,444,660,-2730,-38587,45062,brushing
372052334,295,436,690,-2730,-38587,45062,brushing
372060901,295,436,690,-7927,-41282,43137,brushing
372069470,317,431,717,-7927,-41282,43137,brushing
372080176,317,431,717,-11200,-42560,40757,brushing
372086607,357,390,746,-11200,-42560,40757,brushing
372099449,357,390,746,-12915,-41055,37292,brushing
372104048,380,372,755,-12915,-41055,37292,brushing
372118722,380,372,755,-13422,-33127,34790,brushing
372121185,394,360,748,-13422,-33127,34790,brushing
372137691,394,360,748,-14717,-21052,34300,brushing
372138321,398,380,787,-14717,-21052,34300,brushing
372155437,390,401,811,-14717,-21052,34300,brushing
372156984,390,401,811,-15872,-15697,35770,brushing
372172880,382,389,828,-15872,-15697,35770,brushing
372176258,382,389,828,-15960,-21402,37765,brushing
372190016,392,355,797,-15960,-21402,37765,brushing
372195226,392,355,797,-15015,-27720,40162,brushing
372207153,422,342,748,-15015,-27720,40162,brushing
372214501,422,342,748,-16485,-29627,43102,brushing
372224595,436,356,753,-16485,-29627,43102,brushing
372233774,436,356,753,-20072,-34037,47652,brushing
372241731,425,334,813,-20072,-34037,47652,brushing
372252742,425,334,813,-19967,-39340,53305,brushing
372258868,439,256,832,-19967,-39340,53305,brushing
372272016,439,256,832,-15732,-35157,56787,brushing
372276005,483,200,766,-15732,-35157,56787,brushing
372291289,483,200,766,-14105,-20510,56385,brushing
372293446,505,258,702,-14105,-20510,56385,brushing
372310561,508,246,716,-18760,-14857,53077,brushing
372327690,467,169,800,-18760,-14857,53077,brushing
372329542,467,169,800,-25217,-25287,45255,brushing
372345132,403,93,850,-25217,-25287,45255,brushing
372348816,403,93,850,-26512,-27352,35822,brushing
372362269,376,59,813,-26512,-27352,35822,brushing
372368090,376,59,813,-24500,-16292,24902,brushing
372379407,402,123,760,-24500,-16292,24902,brushing
372387058,402,123,760,-24605,-1277,14350,brushing
372396847,423,254,750,-24605,-1277,14350,brushing
372406331,423,254,750,-28192,2712,7017,brushing
372413983,443,361,743,-28192,2712,7017,brushing
372425605,443,361,743,-33617,-9222,3290,brushing
372431120,434,359,779,-33617,-9222,3290,brushing
372444879,434,359,779,-35700,-20440,2432,brushing
372448257,408,324,876,-35700,-20440,2432,brushing
372463847,408,324,876,-31675,-16817,4025,brushing
372465700,382,349,930,-31675,-16817,4025,brushing
372482816,344,393,937,-26232,-15837,5582,brushing
372499945,311,385,906,-26232,-15837,5582,brushing
372502408,311,385,906,-20125,-26040,4077,brushing
372517388,281,359,891,-20125,-26040,4077,brushing
372521377,281,359,891,-15365,-36487,927,brushing
372534525,255,318,909,-15365,-36487,927,brushing
372540650,255,318,909,-10552,-45902,-3552,brushing
372551662,247,262,841,-10552,-45902,-3552,brushing
372559925,247,262,841,-2922,-31482,-6090,brushing
372569104,241,316,830,-2922,-31482,-6090,brushing
372579199,241,316,830,2152,2660,-5652,brushing
372586241,187,377,915,2152,2660,-5652,brushing
372598168,187,377,915,4847,14350,-10255,brushing
372603378,146,410,974,4847,14350,-10255,brushing
372617442,146,410,974,7280,7017,-19477,brushing
372620514,147,421,943,7280,7017,-19477,brushing
372636715,147,421,943,8382,3640,-26985,brushing
372637957,187,480,884,8382,3640,-26985,brushing
372655073,258,509,1004,8382,3640,-26985,brushing
372655703,258,509,1004,6212,2187,-32830,brushing
372672210,226,508,1091,6212,2187,-32830,brushing
372674979,226,508,1091,3377,-34072,-42420,brushing
372689653,300,519,955,3377,-34072,-42420,brushing
372694253,300,519,955,4357,-63507,-47110,brushing
372706790,414,527,914,4357,-63507,-47110,brushing
372713221,414,527,914,2397,-70507,-45972,brushing
372723926,390,374,943,2397,-70507,-45972,brushing
372732495,390,374,943,-1172,-91175,-47897,brushing
372741064,402,282,889,-1172,-91175,-47897,brushing
372751768,402,282,889,-5145,-101885,-48895,brushing
372758505,437,224,805,-5145,-101885,-48895,brushing
372771042,437,224,805,-8872,-92557,-45675,brushing
372775642,459,159,795,-8872,-92557,-45675,brushing
372790010,459,159,795,-11917,-72852,-39812,brushing
372792778,429,97,803,-11917,-72852,-39812,brushing
372809283,429,97,803,-11725,-53760,-32182,brushing
372810220,453,16,772,-11725,-53760,-32182,brushing
372827336,475,-57,741,-11725,-53760,-32182,brushing
372828578,475,-57,741,-11392,-41457,-26005,brushing
372844473,515,-101,726,-11392,-41457,-26005,brushing
372847547,515,-101,726,-12162,-23450,-17972,brushing
372861916,478,-133,663,-12162,-23450,-17972,brushing
372866822,478,-133,663,-12110,-5635,-11655,brushing
372879053,380,-242,775,-12110,-5635,-11655,brushing
372886095,380,-242,775,-9677,8487,-7857,brushing
372896190,285,-205,760,-9677,8487,-7857,brushing
372905369,285,-205,760,-1540,24325,-8995,brushing
372913327,389,57,673,-1540,24325,-8995,brushing
372924337,389,57,673,5180,49227,-1785,brushing
372930769,456,322,639,5180,49227,-1785,brushing
372943612,456,322,639,6702,57767,11952,brushing
372947906,497,413,604,6702,57767,11952,brushing
372962886,497,413,604,5862,55842,25147,brushing
372965043,451,368,749,5862,55842,25147,brushing
372982160,451,368,749,6387,56542,34877,brushing
372982791,371,382,677,6387,56542,34877,brushing
372999602,374,452,781,6387,56542,34877,brushing
373001148,374,452,781,7770,72450,45080,brushing
373016738,301,504,909,7770,72450,45080,brushing
373020422,301,504,909,5757,71715,50295,brushing
373034181,176,489,986,5757,71715,50295,brushing
373039697,176,489,986,5652,58170,47932,brushing
373051319,173,561,1008,5652,58170,47932,brushing
373058666,173,561,1008,5967,45290,41947,brushing
373068455,15,449,1243,5967,45290,41947,brushing
373077939,15,449,1243,7280,21595,30345,brushing
373085591,-178,188,1305,7280,21595,30345,brushing
373097212,-178,188,1305,15662,-14560,1120,brushing
373103034,-29,386,1066,15662,-14560,1120,brushing
373116182,-29,386,1066,21630,-3990,-15837,brushing
373120172,148,659,1034,21630,-3990,-15837,brushing
373135456,148,659,1034,18900,-23677,-25480,brushing
373137307,152,589,959,18900,-23677,-25480,brushing
373154729,232,545,892,15417,-45185,-32497,brushing
373171858,260,443,914,15417,-45185,-32497,brushing
373174016,260,443,914,10377,-62317,-37572,brushing
373188996,245,254,858,10377,-62317,-37572,brushing
373192985,245,254,858,10500,-73377,-45342,brushing
373206438,325,311,888,10500,-73377,-45342,brushing
373212258,325,311,888,13597,-52902,-46620,brushing
373223575,198,148,1026,13597,-52902,-46620,brushing
373231533,198,148,1026,19565,-58065,-50855,brushing
373240712,397,261,951,19565,-58065,-50855,brushing
373250501,397,261,951,26005,-43610,-49420,brushing
373257849,431,291,964,26005,-43610,-49420,brushing
373269776,431,291,964,28402,-50592,-46777,brushing
373275291,512,238,872,28402,-50592,-46777,brushing
373289049,512,238,872,29750,-47477,-40320,brushing
373292428,653,193,885,29750,-47477,-40320,brushing
373308322,653,193,885,28647,-36330,-28402,brushing
373309564,830,211,706,28647,-36330,-28402,brushing
373326986,955,213,701,21717,-20457,-7927,brushing
373344114,686,-168,805,21717,-20457,-7927,brushing
373346577,686,-168,805,12985,-21507,9957,brushing
373361250,653,-263,757,12985,-21507,9957,brushing
373365850,653,-263,757,10762,-4567,15767,brushing
373378693,594,-129,679,10762,-4567,15767,brushing
373384818,594,-129,679,8995,25725,20457,brushing
373395828,644,154,530,8995,25725,20457,brushing
373404091,644,154,530,2957,46567,28875,brushing
373412965,585,357,575,2957,46567,28875,brushing
373423365,585,357,575,-5285,58747,43085,brushing
373430102,517,441,537,-5285,58747,43085,brushing
373442639,517,441,537,-12285,61390,55492,brushing
373447544,464,458,607,-12285,61390,55492,brushing
373461607,464,458,607,-17307,67147,64872,brushing
373464680,339,394,702,-17307,67147,64872,brushing
373480880,339,394,702,-17622,75670,66622,brushing
373481816,228,449,807,-17622,75670,66622,brushing
373499238,64,432,1062,-17622,75670,66622,brushing
373500174,64,432,1062,-15732,71137,59902,brushing
373516375,-205,364,1350,-15732,71137,59902,brushing
373519448,-205,364,1350,-7525,45850,41177,brushing
373533511,-355,246,1382,-7525,45850,41177,brushing
373538416,-355,246,1382,8662,4305,7630,brushing
373550952,-136,511,1174,8662,4305,7630,brushing
373557689,-136,511,1174,22802,-5477,-20195,brushing
373568089,47,655,1043,22802,-5477,-20195,brushing
373576963,47,655,1043,24920,-20142,-36330,brushing
373585226,131,544,931,24920,-20142,-36330,brushing
373596236,131,544,931,19722,-41265,-51205,brushing
373602667,232,432,856,19722,-41265,-51205,brushing
373615204,232,432,856,12250,-49542,-64120,brushing
373619805,282,337,921,12250,-49542,-64120,brushing
373634478,282,337,921,8067,-55597,-74200,brushing
373636941,283,262,956,8067,-55597,-74200,brushing
373653752,283,262,956,10080,-46830,-77997,brushing
373654382,395,306,1018,10080,-46830,-77997,brushing
373671499,470,391,1010,10080,-46830,-77997,brushing
373673045,470,391,1010,14315,-44922,-75582,brushing
373688636,590,383,962,14315,-44922,-75582,brushing
373692015,590,383,962,16170,-57417,-67567,brushing
373706079,710,328,829,16170,-57417,-67567,brushing
373711289,710,328,829,13527,-66062,-52955,brushing
373723216,818,249,664,13527,-66062,-52955,brushing
373730563,818,249,664,6107,-58957,-30992,brushing
373740353,956,217,575,6107,-58957,-30992,brushing
373749532,956,217,575,-4672,-40215,-2905,brushing
373757795,809,-90,704,-4672,-40215,-2905,brushing
373768805,809,-90,704,-9905,-30992,15960,brushing
373774931,607,-397,670,-9905,-30992,15960,brushing
373788080,607,-397,670,-4357,840,19862,brushing
373792068,670,-260,574,-4357,840,19862,brushing
373807354,670,-260,574,332,51607,26740,brushing
373809206,634,93,536,332,51607,26740,brushing
373826323,634,93,536,-1085,79397,37660,brushing
373826953,613,372,505,-1085,79397,37660,brushing
373843765,548,521,443,-1085,79397,37660,brushing
373845617,548,521,443,-7035,90422,49052,brushing
373860901,492,649,583,-7035,90422,49052,brushing
373864890,492,649,583,-12250,113680,63682,brushing
373878343,353,743,769,-12250,113680,63682,brushing
373884164,353,743,769,-17867,116515,74917,brushing
373895480,154,636,960,-17867,116515,74917,brushing
373903132,154,636,960,-19547,86467,72362,brushing
373912616,-52,520,1196,-19547,86467,72362,brushing
373922406,-52,520,1196,-11830,59850,57925,brushing
373930058,-266,345,1411,-11830,59850,57925,brushing
373941679,-266,345,1411,4865,19967,27772,brushing
373947194,-372,293,1335,4865,19967,27772,brushing
373960648,-372,293,1335,23625,-1767,-5932,brushing
373964331,10,747,1045,23625,-1767,-5932,brushing
373979921,10,747,1045,26617,-9397,-19460,brushing
373981469,103,815,936,26617,-9397,-19460,brushing
373998891,138,551,873,18830,-47215,-33372,brushing
374016020,161,340,901,18830,-47215,-33372,brushing
374018483,161,340,901,12757,-59972,-48195,brushing
374033157,246,331,833,12757,-59972,-48195,brushing
374037452,246,331,833,11515,-54092,-62230,brushing
374050599,295,304,893,11515,-54092,-62230,brushing
374056725,295,304,893,10535,-54897,-73535,brushing
374067736,343,250,948,10535,-54897,-73535,brushing
374075999,343,250,948,13090,-50925,-81025,brushing
374084873,446,328,946,13090,-50925,-81025,brushing
374094968,446,328,946,16957,-39287,-80465,brushing
374102315,568,460,897,16957,-39287,-80465,brushing
374114241,568,460,897,16502,-40075,-70717,brushing
374119452,660,446,835,16502,-40075,-70717,brushing
374133515,660,446,835,10937,-49227,-55352,brushing
374136588,740,372,794,10937,-49227,-55352,brushing
374152789,740,372,794,1820,-48510,-35700,brushing
374153725,840,299,642,1820,-48510,-35700,brushing
374171146,850,227,596,1820,-48510,-35700,brushing
374171776,850,227,596,-9012,-30922,-11672,brushing
374188282,702,10,729,-9012,-30922,-11672,brushing
374191050,702,10,729,-18130,-18847,8610,brushing
374205419,559,-113,701,-18130,-18847,8610,brushing
374210324,559,-113,701,-19652,-7402,16467,brushing
374222862,570,71,678,-19652,-7402,16467,brushing
374229293,570,71,678,-18952,20335,25200,brushing
374239999,500,270,645,-18952,20335,25200,brushing
374248567,500,270,645,-19845,32585,35805,brushing
374257135,469,383,653,-19845,32585,35805,brushing
374267840,469,383,653,-20667,37520,47407,brushing
374274578,424,429,547,-20667,37520,47407,brushing
374287115,424,429,547,-21262,49997,57995,brushing
374291714,430,493,603,-21262,49997,57995,brushing
374306083,430,493,603,-23485,71802,69475,brushing
374308851,327,570,638,-23485,71802,69475,brushing
374325357,327,570,638,-25550,71802,73797,brushing
374326293,232,557,744,-25550,71802,73797,brushing
374343410,93,467,932,-25550,71802,73797,brushing
374344651,93,467,932,-23677,69527,69947,brushing
374360547,-87,407,1118,-23677,69527,69947,brushing
374363926,-87,407,1118,-15872,66377,54302,brushing
374377989,-409,260,1469,-15872,66377,54302,brushing
374382894,-409,260,1469,1347,46182,23625,brushing
374395126,-263,612,1207,1347,46182,23625,brushing
374402169,-263,612,1207,24920,24097,-11287,brushing
374412264,118,1065,1145,24920,24097,-11287,brushing
374421443,118,1065,1145,33512,8487,-18550,brushing
374429706,101,851,1087,33512,8487,-18550,brushing
374440716,101,851,1087,33180,-53410,-31115,brushing
374446841,122,476,1025,33180,-53410,-31115,brushing
374459684,122,476,1025,34702,-77052,-46270,brushing
374463979,224,402,910,34702,-77052,-46270,brushing
374478958,224,402,910,34142,-79327,-57470,brushing
374481421,321,382,823,34142,-79327,-57470,brushing
374498231,321,382,823,28857,-93047,-69702,brushing
374498861,330,193,799,28857,-93047,-69702,brushing
374515671,421,180,799,28857,-93047,-69702,brushing
374517524,421,180,799,27160,-77017,-76335,brushing
374533113,600,355,728,27160,-77017,-76335,brushing
374536491,600,355,728,23905,-52587,-72537,brushing
374550249,719,377,682,23905,-52587,-72537,brushing
374555764,719,377,682,15487,-49385,-60182,brushing
374567386,816,317,654,15487,-49385,-60182,brushing
374575039,816,317,654,5162,-46217,-40057,brushing
374584827,940,312,520,5162,-46217,-40057,brushing
374594311,940,312,520,-6352,-30572,-11917,brushing
374601964,876,103,641,-6352,-30572,-11917,brushing
374613281,876,103,641,-15890,-18392,12407,brushing
374619101,583,-237,739,-15890,-18392,12407,brushing
374632554,583,-237,739,-15557,-560,19267,brushing
374636543,570,-200,725,-15557,-560,19267,brushing
374651827,570,-200,725,-13457,33477,25375,brushing
374653679,562,110,606,-13457,33477,25375,brushing
374670796,545,375,549,-17342,53392,35770,brushing
374688230,474,576,538,-17342,53392,35770,brushing
374690082,474,576,538,-25410,64417,49612,brushing
374705366,385,606,584,-25410,64417,49612,brushing
374709355,385,606,584,-33670,67952,63665,brushing
374722503,316,657,665,-33670,67952,63665,brushing
374728629,316,657,665,-37432,77525,74427,brushing
374739945,146,691,867,-37432,77525,74427,brushing
374747903,146,691,867,-37275,68232,77035,brushing
374757083,7,564,1036,-37275,68232,77035,brushing
374766872,7,564,1036,-28350,51852,68355,brushing
374774220,-200,484,1228,-28350,51852,68355,brushing
374786146,-200,484,1228,-10465,39480,48457,brushing
374791662,-283,495,1383,-10465,39480,48457,brushing
374805420,-283,495,1383,11865,15662,21350,brushing
374808799,-257,629,1246,11865,15662,21350,brushing
374824694,-257,629,1246,28875,-11375,-2975,brushing
374825936,31,887,1098,28875,-11375,-2975,brushing
374843358,83,758,988,33687,-37817,-15137,brushing
374860487,139,537,978,33687,-37817,-15137,brushing
374862950,139,537,978,34860,-59797,-29032,brushing
374877625,168,370,949,34860,-59797,-29032,brushing
374882225,168,370,949,36347,-70682,-45710,brushing
374895067,285,356,896,36347,-70682,-45710,brushing
374901500,285,356,896,35980,-73832,-60165,brushing
374912205,325,256,881,35980,-73832,-60165,brushing
374920469,325,256,881,34387,-75810,-71522,brushing
374929343,401,197,914,34387,-75810,-71522,brushing
374939743,401,197,914,33845,-60935,-76527,brushing
374946480,536,340,856,33845,-60935,-76527,brushing
374959016,536,340,856,30765,-51012,-72257,brushing
374963921,653,426,826,30765,-51012,-72257,brushing
374978291,653,426,826,23467,-56875,-58992,brushing
374981059,759,416,774,23467,-56875,-58992,brushing
374997259,759,416,774,13947,-60165,-37642,brushing
374998195,888,421,617,13947,-60165,-37642,brushing
375015616,934,299,564,13947,-60165,-37642,brushing
375016553,934,299,564,682,-53777,-8452,brushing
375032753,726,-65,697,682,-53777,-8452,brushing
375035826,726,-65,697,-11042,-51240,15785,brushing
375049889,565,-309,643,-11042,-51240,15785,brushing
375054795,565,-309,643,-13597,-36365,22400,brushing
375067331,564,-201,573,-13597,-36365,22400,brushing
375074068,564,-201,573,-13930,5512,25795,brushing
375084468,515,49,538,-13930,5512,25795,brushing
375093342,515,49,538,-17500,36505,30415,brushing
375101605,467,284,527,-17500,36505,30415,brushing
375112616,467,284,527,-23502,49945,35770,brushing
375119047,409,451,421,-23502,49945,35770,brushing
375131584,409,451,421,-30852,67462,44152,brushing
375136184,425,697,569,-30852,67462,44152,brushing
375150859,425,697,569,-39375,79537,57050,brushing
375153321,228,681,663,-39375,79537,57050,brushing
375170132,228,681,663,-41317,67952,59045,brushing
375170762,117,626,865,-41317,67952,59045,brushing
375187878,-57,529,1074,-41317,67952,59045,brushing
375189424,-57,529,1074,-35315,58730,54757,brushing
375205015,-198,463,1215,-35315,58730,54757,brushing
375208394,-198,463,1215,-20755,42735,38745,brushing
375222152,-316,402,1293,-20755,42735,38745,brushing
375227668,-316,402,1293,-962,17115,14140,brushing
375239595,-227,472,1129,-962,17115,14140,brushing
375246942,-227,472,1129,17710,-2975,-10692,brushing
375256731,18,758,960,17710,-2975,-10692,brushing
375265911,18,758,960,25585,-9642,-23100,brushing
375273870,87,781,1003,25585,-9642,-23100,brushing
375285185,87,781,1003,27825,-36837,-33005,brushing
375291312,75,621,1087,27825,-36837,-33005,brushing
375304458,75,621,1087,35787,-54302,-43137,brushing
375308448,142,552,1138,35787,-54302,-43137,brushing
375323732,142,552,1138,46812,-63070,-52395,brushing
375325584,244,536,1138,46812,-63070,-52395,brushing
375342700,358,490,1064,53497,-82652,-61442,brushing
375360134,418,336,908,53497,-82652,-61442,brushing
375361986,418,336,908,54232,-100205,-68897,brushing
375377272,530,206,820,54232,-100205,-68897,brushing
375381261,530,206,820,49087,-92365,-72222,brushing
375394408,606,243,729,49087,-92365,-72222,brushing
375400229,606,243,729,40075,-67882,-67480,brushing
375411849,712,238,717,40075,-67882,-67480,brushing
375419502,712,238,717,27387,-60707,-57627,brushing
375428986,834,231,620,27387,-60707,-57627,brushing
375438776,834,231,620,11795,-51765,-39445,brushing
375446123,871,127,557,11795,-51765,-39445,brushing
375458049,871,127,557,-3780,-36715,-16292,brushing
375463566,879,69,528,-3780,-36715,-16292,brushing
375477019,879,69,528,-15347,-15907,7157,brushing
375480702,629,-217,714,-15347,-15907,7157,brushing
375496291,629,-217,714,-16555,-3465,15505,brushing
375497838,550,-251,692,-16555,-3465,15505,brushing
375515260,540,-63,629,-13527,27562,21682,brushing
375532389,517,186,568,-13527,27562,21682,brushing
375534851,517,186,568,-13422,51835,30292,brushing
375549526,498,374,548,-13422,51835,30292,brushing
375553820,498,374,548,-17342,64365,40460,brushing
375566968,363,427,644,-17342,64365,40460,brushing
375573094,363,427,644,-23450,58817,47022,brushing
375584104,330,456,553,-23450,58817,47022,brushing
375592368,330,456,553,-28122,57890,49752,brushing
375601241,327,555,552,-28122,57890,49752,brushing
375611642,327,555,552,-34265,79695,56822,brushing
375618683,228,556,667,-34265,79695,56822,brushing
375630610,228,556,667,-40355,77630,55370,brushing
375635819,126,469,851,-40355,77630,55370,brushing
375649883,126,469,851,-40110,73377,48300,brushing
375652956,33,413,918,-40110,73377,48300,brushing
375669156,33,413,918,-31850,75267,36120,brushing
375670093,-126,406,1166,-31850,75267,36120,brushing
375687515,-187,513,1306,-31850,75267,36120,brushing
375688145,-187,513,1306,-16152,58450,15820,brushing
375704652,-170,674,1275,-16152,58450,15820,brushing
375707419,-170,674,1275,3920,27842,-4497,brushing
375721787,11,855,1121,3920,27842,-4497,brushing
375726691,11,855,1121,20195,647,-16467,brushing
375739228,66,774,1060,20195,647,-16467,brushing
375745965,66,774,1060,29260,-28350,-24080,brushing
375756365,83,551,991,29260,-28350,-24080,brushing
375764933,83,551,991,37047,-45360,-35910,brushing
375773502,127,502,1047,37047,-45360,-35910,brushing
375784207,127,502,1047,45850,-43505,-47197,brushing
375790945,196,497,1082,45850,-43505,-47197,brushing
375803482,196,497,1082,54547,-53760,-58327,brushing
375808082,282,557,1058,54547,-53760,-58327,brushing
375822755,282,557,1058,59062,-69300,-63997,brushing
375825217,407,583,951,59062,-69300,-63997,brushing
375841723,407,583,951,56262,-86712,-64452,brushing
375842354,484,485,767,56262,-86712,-64452,brushing
375859776,567,392,764,56262,-86712,-64452,brushing
375861017,567,392,764,46725,-83440,-59517,brushing
375876912,598,327,723,46725,-83440,-59517,brushing
375880292,598,327,723,35665,-76685,-52902,brushing
375894049,702,326,688,35665,-76685,-52902,brushing
375899260,702,326,688,23380,-66552,-41370,brushing
375911491,676,219,737,23380,-66552,-41370,brushing
375918533,676,219,737,12057,-63997,-28542,brushing
375928628,721,200,675,12057,-63997,-28542,brushing
375937807,721,200,675,4445,-52062,-11287,brushing
375945765,708,146,716,4445,-52062,-11287,brushing
375957080,708,146,716,-210,-42490,5897,brushing
375963205,562,-85,782,-210,-42490,5897,brushing
375976048,562,-85,782,490,-36557,13247,brushing
375980343,560,-155,695,490,-36557,13247,brushing
375995322,560,-155,695,1732,-10062,19127,brushing
375997480,611,-82,549,1732,-10062,19127,brushing
376014596,611,-82,549,-3570,21262,26757,brushing
376015226,627,34,434,-3570,21262,26757,brushing
376032038,596,165,428,-3570,21262,26757,brushing
376033585,596,165,428,-15137,50715,35700,brushing
376049174,464,212,501,-15137,50715,35700,brushing
376052858,464,212,501,-27912,69650,41545,brushing
376066310,392,335,548,-27912,69650,41545,brushing
376072130,392,335,548,-37695,82617,43680,brushing
376083752,338,522,651,-37695,82617,43680,brushing
376091099,338,522,651,-43960,93065,46707,brushing
376100889,260,663,691,-43960,93065,46707,brushing
376110373,260,663,691,-46007,92172,49227,brushing
376118026,218,779,914,-46007,92172,49227,brushing
376129647,218,779,914,-43767,80500,53182,brushing
376135468,74,733,1057,-43767,80500,53182,brushing
376148921,74,733,1057,-34965,50260,48107,brushing
376152606,-66,575,1200,-34965,50260,48107,brushing
376167890,-66,575,1200,-18917,27807,35175,brushing
376169743,-195,427,1336,-18917,27807,35175,brushing
376186860,-214,344,1226,1295,-2100,9222,brushing
376204295,3,634,1047,1295,-2100,9222,brushing
376206452,3,634,1047,18322,-5267,-11410,brushing
376221430,103,756,1013,18322,-5267,-11410,brushing
376225419,103,756,1013,24570,-17955,-22662,brushing
376238567,111,604,1034,24570,-17955,-22662,brushing
376244694,111,604,1034,29295,-42157,-34387,brushing
376256009,153,505,1037,29295,-42157,-34387,brushing
376263967,153,505,1037,37975,-49385,-44835,brushing
376273146,254,530,976,37975,-49385,-44835,brushing
376282936,254,530,976,44117,-58905,-53252,brushing
376290283,340,504,886,44117,-58905,-53252,brushing
376302210,340,504,886,44572,-74952,-60445,brushing
376307421,355,380,857,44572,-74952,-60445,brushing
376321483,355,380,857,43260,-75617,-63892,brushing
376324862,478,378,874,43260,-75617,-63892,brushing
376340758,478,378,874,39620,-73622,-62405,brushing
376341999,538,323,813,39620,-73622,-62405,brushing
376359115,651,331,771,39620,-73622,-62405,brushing
376359746,651,331,771,33180,-67130,-54285,brushing
376376557,718,240,664,33180,-67130,-54285,brushing
376379021,718,240,664,21280,-69177,-42455,brushing
376393695,750,123,655,21280,-69177,-42455,brushing
376398295,750,123,655,7875,-57855,-25707,brushing
376410832,824,92,552,7875,-57855,-25707,brushing
376417263,824,92,552,-4252,-36977,-6230,brushing
376427968,794,3,652,-4252,-36977,-6230,brushing
376436535,794,3,652,-15925,-18077,13265,brushing
376445409,632,-166,656,-15925,-18077,13265,brushing
376455809,632,-166,656,-21665,-2642,22172,brushing
376462546,630,-95,606,-21665,-2642,22172,brushing
376475084,630,-95,606,-25375,32130,31745,brushing
376479682,618,142,501,-25375,32130,31745,brushing
376494051,618,142,501,-32952,61722,44205,brushing
376497124,613,366,480,-32952,61722,44205,brushing
376513324,613,366,480,-43522,74427,55790,brushing
376514261,468,371,561,-43522,74427,55790,brushing
376531377,388,459,538,-43522,74427,55790,brushing
376532619,388,459,538,-50977,77752,60095,brushing
376548819,394,629,579,-50977,77752,60095,brushing
376551587,394,629,579,-56367,97982,67725,brushing
376565956,250,715,717,-56367,97982,67725,brushing
376570862,250,715,717,-61460,104125,73745,brushing
376583094,127,682,926,-61460,104125,73745,brushing
376590136,127,682,926,-60182,90160,72905,brushing
376600231,-86,599,1199,-60182,90160,72905,brushing
376609409,-86,599,1199,-47600,71680,64067,brushing
376617672,-298,499,1474,-47600,71680,64067,brushing
376628378,-298,499,1474,-24010,29137,40757,brushing
376634810,-451,418,1485,-24010,29137,40757,brushing
376647652,-451,418,1485,5407,-6720,10062,brushing
376651947,-200,753,1207,5407,-6720,10062,brushing
376666926,-200,753,1207,22732,-27002,-6265,brushing
376669388,-17,861,1064,22732,-27002,-6265,brushing
376685893,-17,861,1064,25392,-68005,-18427,brushing
376686523,41,591,891,25392,-68005,-18427,brushing
376703641,89,314,818,25392,-68005,-18427,brushing
376705188,89,314,818,23065,-89617,-33880,brushing
376721084,177,269,757,23065,-89617,-33880,brushing
376724462,177,269,757,20825,-75477,-47390,brushing
376738220,261,320,767,20825,-75477,-47390,brushing
376743736,261,320,767,16450,-54792,-54862,brushing
376755357,270,254,856,16450,-54792,-54862,brushing
376762704,270,254,856,13440,-48790,-63052,brushing
376772799,289,260,854,13440,-48790,-63052,brushing
376781978,289,260,854,16170,-26547,-66937,brushing
376789936,383,421,920,16170,-26547,-66937,brushing
376801253,383,421,920,17815,-14857,-63227,brushing
376807074,486,550,892,17815,-14857,-63227,brushing
376820527,486,550,892,17237,-21700,-53112,brushing
376824516,515,467,935,17237,-21700,-53112,brushing
376839495,515,467,935,15942,-34387,-39655,brushing
376841653,637,413,834,15942,-34387,-39655,brushing
376858769,671,311,767,13090,-31132,-19757,brushing
376876204,699,177,669,13090,-31132,-19757,brushing
376878056,699,177,669,8382,-28542,-1400,brushing
376893340,554,-56,756,8382,-28542,-1400,brushing
376897024,554,-56,756,3745,-19075,12355,brushing
376910476,493,-154,686,3745,-19075,12355,brushing
376916296,493,-154,686,3552,-420,16870,brushing
376927612,556,42,570,3552,-420,16870,brushing
376935569,556,42,570,2100,36522,25725,brushing
376945053,574,275,499,2100,36522,25725,brushing
376954842,574,275,499,-5162,61635,38430,brushing
376962189,509,384,566,-5162,61635,38430,brushing
376973810,509,384,566,-14420,67445,49717,brushing
376979326,434,451,538,-14420,67445,49717,brushing
376993084,434,451,538,-21840,73972,58905,brushing
376996768,484,589,538,-21840,73972,58905,brushing
377012358,484,589,538,-29522,96512,73605,brushing
377013904,405,713,662,-29522,96512,73605,brushing
377031020,271,665,865,-35787,93222,81375,brushing
377048455,87,569,1019,-35787,93222,81375,brushing
377050612,87,569,1019,-33600,79835,78417,brushing
377065591,-149,457,1297,-33600,79835,78417,brushing
377069884,-149,457,1297,-23222,63857,64417,brushing
377082727,-441,274,1443,-23222,63857,64417,brushing
377089158,-441,274,1443,-3307,24692,30625,brushing
377100168,-196,696,1152,-3307,24692,30625,brushing
377108126,-196,696,1152,16782,18200,4987,brushing
377117305,128,1137,1000,16782,18200,4987,brushing
377127399,128,1137,1000,17745,-3762,857,brushing
377134442,101,859,959,17745,-3762,857,brushing
377146673,101,859,959,11865,-58327,-10447,brushing
377151578,21,462,967,11865,-58327,-10447,brushing
377165947,21,462,967,13335,-67445,-25777,brushing
377169020,50,386,960,13335,-67445,-25777,brushing
377184915,50,386,960,18690,-60077,-39742,brushing
377186157,159,539,972,18690,-60077,-39742,brushing
377203578,233,604,984,18690,-60077,-39742,brushing
377204208,233,604,984,21945,-66885,-48230,brushing
377220715,265,519,886,21945,-66885,-48230,brushing
377223483,265,519,886,22837,-88392,-56315,brushing
377237852,355,442,873,22837,-88392,-56315,brushing
377242757,355,442,873,22890,-87937,-58870,brushing
377255294,451,385,833,22890,-87937,-58870,brushing
377261726,451,385,833,20002,-76492,-56612,brushing
377272430,589,432,796,20002,-76492,-56612,brushing
377280999,589,432,796,12092,-66937,-48405,brushing
377289567,671,339,708,12092,-66937,-48405,brushing
377300273,671,339,708,1225,-63420,-35840,brushing
377306704,755,216,704,1225,-63420,-35840,brushing
377319547,755,216,704,-8785,-50330,-18550,brushing
377324146,800,114,718,-8785,-50330,-18550,brushing
377338515,800,114,718,-15312,-32007,1855,brushing
377341284,705,-71,815,-15312,-32007,1855,brushing
377357789,705,-71,815,-14035,-22890,12880,brushing
377358420,444,-316,825,-14035,-22890,12880,brushing
377375842,544,-62,637,-14035,-22890,12880,brushing
377377083,544,-62,637,-6440,1732,15470,brushing
377392979,535,256,517,-6440,1732,15470,brushing
377396051,535,256,517,-5495,30607,26670,brushing
377410115,510,435,419,-5495,30607,26670,brushing
377415326,510,435,419,-10745,40792,41282,brushing
377427558,499,482,463,-10745,40792,41282,brushing
377434599,499,482,463,-17710,57977,57820,brushing
377444694,294,465,567,-17710,57977,57820,brushing
377453873,294,465,567,-22487,63175,65047,brushing
377461831,254,524,612,-22487,63175,65047,brushing
377473146,254,524,612,-23590,71960,68897,brushing
377479272,162,618,790,-23590,71960,68897,brushing
377492115,162,618,790,-23835,69440,69702,brushing
377496408,104,595,851,-23835,69440,69702,brushing
377511388,104,595,851,-20877,58450,63665,brushing
377513545,-48,538,1020,-20877,58450,63665,brushing
377530662,-48,538,1020,-13265,38990,47635,brushing
377531292,-246,380,1231,-13265,38990,47635,brushing
377548102,-388,342,1278,-13265,38990,47635,brushing
377549649,-388,342,1278,2100,13492,18357,brushing
377565238,-140,727,1113,2100,13492,18357,brushing
377568922,-140,727,1113,18042,5127,-7315,brushing
377582375,35,882,1029,18042,5127,-7315,brushing
377588197,35,882,1029,21297,-16887,-17255,brushing
377599818,99,581,990,21297,-16887,-17255,brushing
377607470,99,581,990,17710,-52972,-28472,brushing
377616955,153,354,948,17710,-52972,-28472,brushing
377626439,153,354,948,15120,-59990,-41877,brushing
377634092,249,325,953,15120,-59990,-41877,brushing
377645712,249,325,953,13072,-56227,-51870,brushing
377651533,283,355,936,13072,-56227,-51870,brushing
377664985,283,355,936,10255,-56297,-57312,brushing
377668669,343,337,891,10255,-56297,-57312,brushing
377684259,343,337,891,6265,-56122,-59692,brushing
377685806,362,242,927,6265,-56122,-59692,brushing
377703227,432,308,850,4532,-40565,-57645,brushing
377720357,578,438,852,4532,-40565,-57645,brushing
377722514,578,438,852,3622,-18270,-46795,brushing
377737493,666,486,802,3622,-18270,-46795,brushing
377741787,666,486,802,1400,-14577,-29960,brushing
377754935,709,367,761,1400,-14577,-29960,brushing
377760757,709,367,761,-1837,-12740,-9012,brushing
377772073,512,81,969,-1837,-12740,-9012,brushing
377780030,512,81,969,227,-12372,5530,brushing
377789208,438,-25,864,227,-12372,5530,brushing
377799304,438,-25,864,8697,-3465,9887,brushing
377806651,508,185,742,8697,-3465,9887,brushing
377818577,508,185,742,13615,16590,20825,brushing
377823787,528,379,633,13615,16590,20825,brushing
377837545,528,379,633,11935,23397,36050,brushing
377840923,541,469,543,11935,23397,36050,brushing
377856819,541,469,543,6405,27440,51030,brushing
377858061,460,410,579,6405,27440,51030,brushing
377875482,420,372,515,6405,27440,51030,brushing
377876112,420,372,515,2222,37082,59797,brushing
377892619,367,560,701,2222,37082,59797,brushing
377895081,367,560,701,-997,65152,70105,brushing
377909754,325,612,714,-997,65152,70105,brushing
377914353,325,612,714,-7087,46707,73605,brushing
377927196,191,554,851,-7087,46707,73605,brushing
377933627,191,554,851,-10517,31902,71242,brushing
377944332,-5,392,1064,-10517,31902,71242,brushing
377952900,-5,392,1064,-8732,5670,57225,brushing
377961469,-223,105,1200,-8732,5670,57225,brushing
377971870,-223,105,1200,1120,-7052,28332,brushing
377978912,-316,127,1126,1120,-7052,28332,brushing
377991143,-316,127,1126,12705,647,-5845,brushing
377996049,53,745,937,12705,647,-5845,brushing
378010417,53,745,937,11935,13037,-14857,brushing
378013186,168,953,939,11935,13037,-14857,brushing
378029691,168,953,939,2625,-30975,-22120,brushing
378030627,94,544,953,2625,-30975,-22120,brushing
378047744,62,173,991,2625,-30975,-22120,brushing
378048679,62,173,991,-87,-52360,-38657,brushing
378064880,101,163,934,-87,-52360,-38657,brushing
378067953,101,163,934,4777,-35052,-56280,brushing
378082017,225,475,927,4777,-35052,-56280,brushing
378087227,225,475,927,7612,-20317,-66237,brushing
378099458,319,569,871,7612,-20317,-66237,brushing
378106195,319,569,871,5302,-41632,-69982,brushing
378116595,372,520,896,5302,-41632,-69982,brushing
378125469,372,520,896,4165,-45167,-65607,brushing
378133733,345,397,999,4165,-45167,-65607,brushing
378144743,345,397,999,8155,-44450,-61092,brushing
378151175,389,403,1013,8155,-44450,-61092,brushing
378164017,389,403,1013,14787,-37327,-53707,brushing
378168311,444,421,1005,14787,-37327,-53707,brushing
378182985,444,421,1005,18620,-49420,-45570,brushing
378185448,508,360,943,18620,-49420,-45570,brushing
378202258,508,360,943,20755,-49542,-32392,brushing
378202888,620,325,811,20755,-49542,-32392,brushing
378220005,791,342,659,20755,-49542,-32392,brushing
378221551,791,342,659,19215,-38937,-12635,brushing
378237141,727,169,735,19215,-38937,-12635,brushing
378240519,727,169,735,12652,-28280,9695,brushing
378254277,522,-99,717,12652,-28280,9695,brushing
378259793,522,-99,717,10132,-22715,17902,brushing
378271720,512,-45,704,10132,-22715,17902,brushing
378279067,512,-45,704,10255,5985,23205,brushing
378288857,497,123,616,10255,5985,23205,brushing
378298036,497,123,616,8662,25847,28297,brushing
378305994,514,336,574,8662,25847,28297,brushing
378317310,514,336,574,3097,41877,38115,brushing
378323437,535,502,503,3097,41877,38115,brushing
378336584,535,502,503,-5477,50487,50452,brushing
378340573,458,497,502,-5477,50487,50452,brushing
378355858,458,497,502,-14367,63840,60900,brushing
378357710,407,540,571,-14367,63840,60900,brushing
378374827,270,521,720,-22400,65817,66605,brushing
378392260,137,449,900,-22400,65817,66605,brushing
378394112,137,449,900,-24500,58922,65520,brushing
378409396,-92,264,1152,-24500,58922,65520,brushing
378413386,-92,264,1152,-18112,42857,53847,brushing
378426532,-448,-72,1368,-18112,42857,53847,brushing
378432353,-448,-72,1368,-70,16467,22312,brushing
378443974,-83,524,877,-70,16467,22312,brushing
378451626,-83,524,877,16170,25340,-4620,brushing
378461110,268,1072,871,16170,25340,-4620,brushing
378470900,268,1072,871,12337,17920,-2922,brushing
378478247,111,728,925,12337,17920,-2922,brushing
378490174,111,728,925,8190,-34440,-12040,brushing
378495385,69,327,966,8190,-34440,-12040,brushing
378509143,69,327,966,13580,-33582,-26215,brushing
378512827,92,241,992,13580,-33582,-26215,brushing
378528417,92,241,992,21140,-21542,-40547,brushing
378529964,183,410,973,21140,-21542,-40547,brushing
378547081,232,468,1011,21140,-21542,-40547,brushing
378547711,232,468,1011,23905,-29172,-50925,brushing
378564523,292,468,984,23905,-29172,-50925,brushing
378566681,292,468,984,25357,-42560,-56927,brushing
378581660,363,494,963,25357,-42560,-56927,brushing
378585954,363,494,963,27160,-41667,-56612,brushing
378598796,471,506,924,27160,-41667,-56612,brushing
378605227,471,506,924,27037,-35017,-50155,brushing
378616237,588,494,879,27037,-35017,-50155,brushing
378624196,588,494,879,23502,-34667,-39865,brushing
378633375,725,492,830,23502,-34667,-39865,brushing
378643470,725,492,830,16590,-31220,-22925,brushing
378650512,810,424,752,16590,-31220,-22925,brushing
378662745,810,424,752,7227,-31430,-3150,brushing
378667650,813,334,731,7227,-31430,-3150,brushing
378682019,813,334,731,-1347,-26022,15522,brushing
378685092,579,28,917,-1347,-26022,15522,brushing
378700987,579,28,917,-1085,-29137,18847,brushing
378702228,493,-79,821,-1085,-29137,18847,brushing
378719344,546,71,706,-1085,-29137,18847,brushing
378720281,546,71,706,1767,-6912,21315,brushing
378736786,525,153,625,1767,-6912,21315,brushing
378739553,525,153,625,875,6755,25812,brushing
378753922,560,286,458,875,6755,25812,brushing
378758523,560,286,458,-3062,22522,32777,brushing
378771059,497,380,505,-3062,22522,32777,brushing
378777796,497,380,505,-10710,39322,43400,brushing
378788501,384,345,489,-10710,39322,43400,brushing
378797069,384,345,489,-17115,45342,47145,brushing
378805638,359,446,505,-17115,45342,47145,brushing
378816343,359,446,505,-20072,74130,54967,brushing
378822774,270,602,742,-20072,74130,54967,brushing
378835311,270,602,742,-20457,77350,60462,brushing
378839911,155,662,926,-20457,77350,60462,brushing
378854585,155,662,926,-14962,54407,59972,brushing
378857354,-33,551,1200,-14962,54407,59972,brushing
378873859,-33,551,1200,-1032,19687,46462,brushing
378874489,-250,296,1374,-1032,19687,46462,brushing
378891607,-485,84,1448,-1032,19687,46462,brushing
378892848,-485,84,1448,21805,-6685,17395,brushing
378909049,-72,581,946,21805,-6685,17395,brushing
378912123,-72,581,946,39322,-15592,-15487,brushing
378926186,133,797,885,39322,-15592,-15487,brushing
378931396,133,797,885,36802,-20405,-24080,brushing
378943323,161,554,801,36802,-20405,-24080,brushing
378950670,161,554,801,27930,-54547,-36277,brushing
378960764,169,322,828,27930,-54547,-36277,brushing
378969637,169,322,828,24640,-53585,-49070,brushing
378977900,221,271,826,24640,-53585,-49070,brushing
378988911,221,271,826,25550,-44835,-61442,brushing
378995038,310,320,854,25550,-44835,-61442,brushing
379008186,310,320,854,27230,-38290,-69440,brushing
379012481,314,308,923,27230,-38290,-69440,brushing
379027460,314,308,923,31010,-40687,-76090,brushing
379029617,333,316,957,31010,-40687,-76090,brushing
379046427,333,316,957,36960,-36365,-78085,brushing
379047057,421,413,881,36960,-36365,-78085,brushing
379064173,535,514,852,36960,-36365,-78085,brushing
379065720,535,514,852,40722,-29575,-72905,brushing
379081310,647,543,784,40722,-29575,-72905,brushing
379084995,647,543,784,40075,-29120,-61600,brushing
379098448,821,558,665,40075,-29120,-61600,brushing
379104269,821,558,665,32812,-29715,-43557,brushing
379115889,881,451,631,32812,-29715,-43557,brushing
379123236,881,451,631,21560,-30730,-21140,brushing
379133025,904,369,639,21560,-30730,-21140,brushing
379142510,904,369,639,11112,-23310,735,brushing
379150162,702,91,745,11112,-23310,735,brushing
379161784,702,91,745,7525,-21717,11760,brushing
379167299,723,94,683,7525,-21717,11760,brushing
379181057,723,94,683,6230,2782,23397,brushing
379184741,651,193,638,6230,2782,23397,brushing
379200026,651,193,638,3447,17850,32742,brushing
379201877,577,252,662,3447,17850,32742,brushing
379219299,552,430,513,210,25235,40880,brushing
379236427,593,567,439,210,25235,40880,brushing
379238584,593,567,439,-4410,44327,53602,brushing
379253563,564,692,522,-4410,44327,53602,brushing
379257857,564,692,522,-12827,62072,68022,brushing
379271005,482,703,585,-12827,62072,68022,brushing
379276826,482,703,585,-21525,53322,77070,brushing
379288142,335,583,744,-21525,53322,77070,brushing
379296099,335,583,744,-25322,43855,79660,brushing
379305278,145,392,1010,-25322,43855,79660,brushing
379315373,145,392,1010,-19477,28980,69562,brushing
379322415,-290,-108,1426,-19477,28980,69562,brushing
379334646,-290,-108,1426,2922,-2205,30310,brushing
379339856,-262,54,1171,2922,-2205,30310,brushing
379353615,-262,54,1171,31132,32865,910,brushing
379356993,189,915,1008,31132,32865,910,brushing
379372889,189,915,1008,40337,34580,840,brushing
379374131,334,1194,994,40337,34580,840,brushing
379391553,229,739,943,40337,34580,840,brushing
379392183,229,739,943,36960,-41807,-2432,brushing
379408690,210,232,985,36960,-41807,-2432,brushing
379411152,210,232,985,39025,-80517,-16520,brushing
379425827,227,109,931,39025,-80517,-16520,brushing
379430426,227,109,931,47845,-66902,-33477,brushing
379443269,433,412,753,47845,-66902,-33477,brushing
379449701,433,412,753,52220,-42437,-43995,brushing
379460407,490,478,865,52220,-42437,-43995,brushing
379468975,490,478,865,49437,-63052,-51800,brushing
379477543,504,395,780,49437,-63052,-51800,brushing
379487943,504,395,780,48247,-74497,-56227,brushing
379494985,659,493,673,48247,-74497,-56227,brushing
379507217,659,493,673,44047,-60742,-50907,brushing
379512122,730,504,723,44047,-60742,-50907,brushing
379526491,730,504,723,37100,-63245,-42980,brushing
379529259,776,466,683,37100,-63245,-42980,brushing
379545765,776,466,683,29732,-68757,-33320,brushing
379546702,855,355,616,29732,-68757,-33320,brushing
379563817,994,264,519,29732,-68757,-33320,brushing
379564753,994,264,519,21035,-64242,-19670,brushing
379580953,1062,113,479,21035,-64242,-19670,brushing
379584027,1062,113,479,10482,-50610,-2135,brushing
379598396,905,-207,615,10482,-50610,-2135,brushing
379603301,905,-207,615,2642,-38447,9380,brushing
379615533,843,-298,548,2642,-38447,9380,brushing
379622575,843,-298,548,997,-14630,11375,brushing
379632669,866,-154,436,997,-14630,11375,brushing
379641542,866,-154,436,-3132,22890,17097,brushing
379650110,889,124,385,-3132,22890,17097,brushing
379660815,889,124,385,-12040,55247,29750,brushing
379667247,817,348,433,-12040,55247,29750,brushing
379680089,817,348,433,-22995,66517,43855,brushing
379684384,764,485,401,-22995,66517,43855,brushing
379699362,764,485,401,-33810,72975,57085,brushing
379701519,711,530,404,-33810,72975,57085,brushing
379718330,711,530,404,-44800,91717,70525,brushing
379718961,591,623,543,-44800,91717,70525,brushing
379736078,437,592,713,-44800,91717,70525,brushing
379737625,437,592,713,-54845,83317,75215,brushing
379753214,197,483,945,-54845,83317,75215,brushing
379756898,197,483,945,-56507,65432,67427,brushing
379770657,-52,347,1249,-56507,65432,67427,brushing
379775866,-52,347,1249,-46725,46882,44695,brushing
379787794,-393,206,1299,-46725,46882,44695,brushing
379795140,-393,206,1299,-24202,17552,2117,brushing
379804929,17,942,1039,-24202,17552,2117,brushing
379814415,17,942,1039,-5792,36295,-17780,brushing
379822373,151,1255,1111,-5792,36295,-17780,brushing
379833689,151,1255,1111,-3465,-15995,-28052,brushing
379839510,44,775,1109,-3465,-15995,-28052,brushing
379852964,44,775,1109,402,-78207,-51730,brushing
379856952,23,333,1099,402,-78207,-51730,brushing
379871931,23,333,1099,10115,-69807,-75442,brushing
379874090,171,369,1053,10115,-69807,-75442,brushing
379891206,320,462,1009,12705,-63595,-93380,brushing
379908640,484,433,957,12705,-63595,-93380,brushing
379910493,484,433,957,8610,-80762,-105157,brushing
379925777,657,425,911,8610,-80762,-105157,brushing
379929766,657,425,911,5057,-79940,-104020,brushing
379942914,800,486,901,5057,-79940,-104020,brushing
379948735,800,486,901,3115,-71715,-89267,brushing
379960357,919,468,797,3115,-71715,-89267,brushing
379968009,919,468,797,1120,-75337,-65047,brushing
379977493,1031,332,637,1120,-75337,-65047,brushing
379987283,1031,332,637,-5092,-81410,-35682,brushing
379994630,1065,176,448,-5092,-81410,-35682,brushing
380006557,1065,176,448,-13755,-69860,-3360,brushing
380012072,794,-223,632,-13755,-69860,-3360,brushing
380025831,794,-223,632,-15855,-61372,14192,brushing
380029209,596,-468,509,-15855,-61372,14192,brushing
380044799,596,-468,509,-12302,-23555,20930,brushing
380046346,623,-370,410,-12302,-23555,20930,brushing
380063768,571,-107,339,-10097,25217,29260,brushing
380080897,532,177,321,-10097,25217,29260,brushing
380083360,532,177,321,-9187,65222,42070,brushing
380098033,542,498,204,-9187,65222,42070,brushing
380102633,542,498,204,-16012,92470,57225,brushing
380115475,472,623,325,-16012,92470,57225,brushing
380121601,472,623,325,-31622,112105,75162,brushing
380132611,236,594,671,-31622,112105,75162,brushing
380140873,236,594,671,-46742,100187,82967,brushing
380149747,-36,430,1065,-46742,100187,82967,brushing
380160146,-36,430,1065,-46252,76510,75757,brushing
380167188,-340,280,1473,-46252,76510,75757,brushing
380179420,-340,280,1473,-26897,49857,51082,brushing
380184325,-572,165,1697,-26897,49857,51082,brushing
380198389,-572,165,1697,5110,25305,14787,brushing
380201462,-314,566,1467,5110,25305,14787,brushing
380217662,-314,566,1467,27300,7560,-7612,brushing
380218903,-32,892,1315,27300,7560,-7612,brushing
380236020,23,746,1102,27300,7560,-7612,brushing
380236957,23,746,1102,33232,-44135,-21980,brushing
380253463,115,487,1026,33232,-44135,-21980,brushing
380256230,115,487,1026,32287,-79082,-35210,brushing
380270598,167,186,892,32287,-79082,-35210,brushing
380275198,167,186,892,29995,-94937,-54057,brushing
380287735,269,86,764,29995,-94937,-54057,brushing
380294472,269,86,764,27772,-69667,-71015,brushing
380305177,472,248,719,27772,-69667,-71015,brushing
380313746,472,248,719,21770,-36907,-75932,brushing
380322313,576,343,767,21770,-36907,-75932,brushing
380333018,576,343,767,13685,-22312,-70945,brushing
380339450,647,450,794,13685,-22312,-70945,brushing
380352291,647,450,794,6527,-15330,-56682,brushing
380356890,731,584,848,6527,-15330,-56682,brushing
380371259,731,584,848,-472,-22557,-35017,brushing
380374027,785,572,891,-472,-22557,-35017,brushing
380390533,785,572,891,-5687,-36767,-11357,brushing
380391163,751,384,934,-5687,-36767,-11357,brushing
380408585,750,249,933,-5687,-36767,-11357,brushing
380409826,750,249,933,-8120,-39795,10885,brushing
380425720,657,68,904,-8120,-39795,10885,brushing
380428793,657,68,904,-9852,-39952,26250,brushing
380442856,620,40,776,-9852,-39952,26250,brushing
380448067,620,40,776,-13562,-33127,33530,brushing
380460299,619,110,699,-13562,-33127,33530,brushing
380467342,619,110,699,-23030,-16940,40792,brushing
380477436,555,123,692,-23030,-16940,40792,brushing
380486615,555,123,692,-35262,-9730,44800,brushing
380494573,408,88,695,-35262,-9730,44800,brushing
380505584,408,88,695,-44397,-6562,42630,brushing
380512016,302,107,665,-44397,-6562,42630,brushing
380524858,302,107,665,-48422,6247,37362,brushing
380529152,225,174,700,-48422,6247,37362,brushing
380544132,225,174,700,-47582,27912,31797,brushing
380546290,102,302,809,-47582,27912,31797,brushing
380563406,-25,429,916,-42717,39322,25042,brushing
380580839,-93,422,993,-42717,39322,25042,brushing
380582386,-93,422,993,-34195,19092,15137,brushing
380597976,-120,305,932,-34195,19092,15137,brushing
380601660,-120,305,932,-21980,-3412,192,brushing
380615112,-3,363,841,-21980,-3412,192,brushing
380620933,-3,363,841,-10185,2152,-12810,brushing
380632555,45,447,840,-10185,2152,-12810,brushing
380640207,45,447,840,-3115,9117,-20300,brushing
380649692,72,414,896,-3115,9117,-20300,brushing
380659175,72,414,896,2835,-3920,-27492,brushing
380666828,122,430,921,2835,-3920,-27492,brushing
380678449,122,430,921,9012,-19040,-32357,brushing
380684269,293,571,883,9012,-19040,-32357,brushing
380697721,293,571,883,11235,-36767,-28717,brushing
380701405,322,500,1071,11235,-36767,-28717,brushing
380716690,322,500,1071,14280,-67497,-25637,brushing
380718542,319,387,1011,14280,-67497,-25637,brushing
380735963,495,240,912,18322,-73815,-21000,brushing
380753092,533,183,1012,18322,-73815,-21000,brushing
380755249,533,183,1012,21647,-47162,-10675,brushing
380770227,529,115,972,21647,-47162,-10675,brushing
380774523,529,115,972,20965,-47110,-4182,brushing
380787670,585,-8,909,20965,-47110,-4182,brushing
380793491,585,-8,909,17202,-51747,-1505,brushing
380804807,527,-205,891,17202,-51747,-1505,brushing
380812765,527,-205,891,12127,-42997,-1207,brushing
380821944,459,-294,849,12127,-42997,-1207,brushing
380832039,459,-294,849,10132,-11847,-3710,brushing
380839081,457,-175,821,10132,-11847,-3710,brushing
380851312,457,-175,821,7945,15172,-5267,brushing
380856522,406,30,778,7945,15172,-5267,brushing
380870280,406,30,778,4865,23695,-5687,brushing
380873659,425,281,700,4865,23695,-5687,brushing
380889554,425,281,700,857,29855,1907,brushing
380890796,403,456,699,857,29855,1907,brushing
380908218,344,477,684,857,29855,1907,brushing
380908848,344,477,684,-2660,29645,13195,brushing
380925355,383,456,672,-2660,29645,13195,brushing
380927816,383,456,672,-2380,39147,24045,brushing
380942491,301,461,746,-2380,39147,24045,brushing
380947090,301,461,746,-2957,50155,34685,brushing
380959932,222,436,781,-2957,50155,34685,brushing
380966364,222,436,781,-4445,33670,34965,brushing
380977069,147,308,838,-4445,33670,34965,brushing
380985332,147,308,838,-6160,18305,28210,brushing
380994206,62,269,957,-6160,18305,28210,brushing
381004607,62,269,957,-4935,10762,18270,brushing
381011343,54,329,993,-4935,10762,18270,brushing
381023881,54,329,993,-787,11515,9292,brushing
381028785,97,395,1024,-787,11515,9292,brushing
381043154,97,395,1024,4270,9135,437,brushing
381045922,49,278,1212,4270,9135,437,brushing
381062123,49,278,1212,14297,1120,-13072,brushing
381063059,44,273,1216,14297,1120,-13072,brushing
381080480,229,450,1157,14297,1120,-13072,brushing
381081416,229,450,1157,25305,1767,-22610,brushing
381097616,206,421,1134,25305,1767,-22610,brushing
381100690,206,421,1134,29295,-19320,-29942,brushing
381114753,222,358,1057,29295,-19320,-29942,brushing
381119658,222,358,1057,31342,-41002,-38727,brushing
381132196,283,376,1058,31342,-41002,-38727,brushing
381138932,283,376,1058,30572,-47705,-42612,brushing
381149332,307,377,937,30572,-47705,-42612,brushing
381158205,307,377,937,26757,-67760,-46830,brushing
381166469,410,355,868,26757,-67760,-46830,brushing
381177480,410,355,868,20125,-78260,-47582,brushing
381183606,430,244,823,20125,-78260,-47582,brushing
381196448,430,244,823,14227,-71137,-43820,brushing
381201047,529,263,770,14227,-71137,-43820,brushing
381215722,529,263,770,7980,-60147,-34737,brushing
381218184,481,140,831,7980,-60147,-34737,brushing
381234996,481,140,831,4112,-58170,-27265,brushing
381235626,525,85,820,4112,-58170,-27265,brushing
381252743,518,-28,734,4112,-58170,-27265,brushing
381254291,518,-28,734,2310,-52710,-20387,brushing
381269881,605,-84,728,2310,-52710,-20387,brushing
381273259,605,-84,728,1295,-32655,-11637,brushing
381287017,609,-101,676,1295,-32655,-11637,brushing
381292532,609,-101,676,-262,-13335,-2590,brushing
381304458,660,-96,655,-262,-13335,-2590,brushing
381311804,660,-96,655,-3220,4182,6632,brushing
381321594,458,-310,796,-3220,4182,6632,brushing
381331079,458,-310,796,-2537,15540,8925,brushing
381338732,427,-327,734,-2537,15540,8925,brushing
381350048,427,-327,734,4077,49280,7297,brushing
381356175,543,20,665,4077,49280,7297,brushing
381369322,543,20,665,5617,79450,14997,brushing
381373311,621,355,621,5617,79450,14997,brushing
381388595,621,355,621,1330,83370,28682,brushing
381390446,571,483,585,1330,83370,28682,brushing
381407562,571,483,585,-5005,84927,44117,brushing
381408192,513,472,647,-5005,84927,44117,brushing
381425003,394,479,768,-5005,84927,44117,brushing
381426855,394,479,768,-8365,91175,55597,brushing
381442140,351,605,844,-8365,91175,55597,brushing
381446128,351,605,844,-8785,95252,63000,brushing
381459277,277,728,925,-8785,95252,63000,brushing
381465097,277,728,925,-10430,83037,67900,brushing
381476719,118,656,1085,-10430,83037,67900,brushing
381484370,118,656,1085,-10115,53795,63560,brushing
381493855,-71,451,1253,-10115,53795,63560,brushing
381503644,-71,451,1253,-3237,28875,47372,brushing
381510992,-174,374,1360,-3237,28875,47372,brushing
381522919,-174,374,1360,8505,7210,22907,brushing
381528129,-211,303,1316,8505,7210,22907,brushing
381541887,-211,303,1316,18270,-19057,-6247,brushing
381545571,44,563,1019,18270,-19057,-6247,brushing
381561161,44,563,1019,16747,-24447,-21192,brushing
381562708,137,664,989,16747,-24447,-21192,brushing
381579824,126,470,985,16747,-24447,-21192,brushing
381580455,126,470,985,10675,-54810,-34790,brushing
381597267,194,402,945,10675,-54810,-34790,brushing
381599423,194,402,945,9047,-68390,-45762,brushing
381614404,231,255,933,9047,-68390,-45762,brushing
381618698,231,255,933,9712,-74585,-55037,brushing
381631540,298,155,901,9712,-74585,-55037,brushing
381637973,298,155,901,11532,-70192,-63385,brushing
381648983,367,132,897,11532,-70192,-63385,brushing
381657247,367,132,897,13632,-59272,-68005,brushing
381666121,490,180,822,13632,-59272,-68005,brushing
381676216,490,180,822,14192,-46340,-66430,brushing
381683258,619,272,774,14192,-46340,-66430,brushing
381695490,619,272,774,11497,-32462,-54810,brushing
381700699,709,325,688,11497,-32462,-54810,brushing
381714763,709,325,688,7122,-22102,-35315,brushing
381717836,793,319,648,7122,-22102,-35315,brushing
381734037,793,319,648,-350,-18305,-13510,brushing
381734974,822,237,507,-350,-18305,-13510,brushing
381752395,745,31,626,-350,-18305,-13510,brushing
381753025,745,31,626,-9817,-6755,7192,brushing
381769532,459,-272,739,-9817,-6755,7192,brushing
381772300,459,-272,739,-12285,3850,15085,brushing
381786668,535,-126,727,-12285,3850,15085,brushing
381791574,535,-126,727,-6440,36785,18025,brushing
381804111,585,182,677,-6440,36785,18025,brushing
381810847,585,182,677,-3220,56210,25410,brushing
381821247,573,307,654,-3220,56210,25410,brushing
381829815,573,307,654,-2450,60952,35087,brushing
381838385,537,485,659,-2450,60952,35087,brushing
381849090,537,485,659,-5022,68547,48352,brushing
381855826,450,541,649,-5022,68547,48352,brushing
381868362,450,541,649,-9432,71750,56822,brushing
381872962,368,622,828,-9432,71750,56822,brushing
381887331,368,622,828,-13912,73727,63892,brushing
381890099,304,729,923,-13912,73727,63892,brushing
381906604,304,729,923,-17762,51940,65170,brushing
381907234,146,701,1092,-17762,51940,65170,brushing
381924655,5,511,1308,-17762,51940,65170,brushing
381925896,5,511,1308,-16835,21297,57067,brushing
381941792,-162,289,1432,-16835,21297,57067,brushing
381945171,-162,289,1432,-8592,-9380,38622,brushing
381958928,-229,147,1410,-8592,-9380,38622,brushing
381964140,-229,147,1410,4725,-29452,9975,brushing
381976370,-86,383,1206,4725,-29452,9975,brushing
381983413,-86,383,1206,14665,-32007,-14472,brushing
381993508,54,544,1062,14665,-32007,-14472,brushing
382002688,54,544,1062,16047,-38587,-27475,brushing
382010645,146,509,961,16047,-38587,-27475,brushing
382021656,146,509,961,13282,-54915,-37222,brushing
382027782,203,381,918,13282,-54915,-37222,brushing
382040929,203,381,918,10342,-70717,-46917,brushing
382045225,246,249,882,10342,-70717,-46917,brushing
382060205,246,249,882,10447,-73885,-55352,brushing
382062362,236,157,863,10447,-73885,-55352,brushing
382079479,344,252,813,14560,-61320,-59220,brushing
382096913,379,235,792,14560,-61320,-59220,brushing
382098460,379,235,792,17990,-52710,-58485,brushing
382114050,511,292,772,17990,-52710,-58485,brushing
382117734,511,292,772,20527,-42857,-52815,brushing
382131187,654,359,650,20527,-42857,-52815,brushing
382137009,654,359,650,19285,-35700,-40075,brushing
382148630,813,438,611,19285,-35700,-40075,brushing
382155977,813,438,611,13387,-26845,-17220,brushing
382165766,841,263,625,13387,-26845,-17220,brushing
382175251,841,263,625,6370,-30520,5285,brushing
382182902,649,-131,690,6370,-30520,5285,brushing
382194525,649,-131,690,5005,-22487,15750,brushing
382200345,639,-245,603,5005,-22487,15750,brushing
382213799,639,-245,603,5355,17132,22907,brushing
382217482,644,-106,517,5355,17132,22907,brushing
382232767,644,-106,517,1295,54442,30940,brushing
382234619,604,115,501,1295,54442,30940,brushing
382252039,513,257,539,-5302,71120,38552,brushing
382269168,482,460,543,-5302,71120,38552,brushing
382271326,482,460,543,-11445,80097,46795,brushing
382286305,484,666,572,-11445,80097,46795,brushing
382290599,484,666,572,-17762,93327,59517,brushing
382303442,365,710,768,-17762,93327,59517,brushing
382309567,365,710,768,-23415,92540,70787,brushing
382320883,200,635,1004,-23415,92540,70787,brushing
382328841,200,635,1004,-23870,70542,72607,brushing
382338020,51,552,1161,-23870,70542,72607,brushing
382348114,51,552,1161,-15767,48842,64872,brushing
382355156,-181,366,1425,-15767,48842,64872,brushing
382367084,-181,366,1425,2187,17587,43820,brushing
382372600,-266,267,1449,2187,17587,43820,brushing
382386358,-266,267,1449,24045,647,17535,brushing
382389737,-38,570,1207,24045,647,17535,brushing
382405632,-38,570,1207,34527,-13632,945,brushing
382406874,130,719,1067,34527,-13632,945,brushing
382424295,147,552,980,34527,-13632,945,brushing
382424925,147,552,980,32970,-47810,-12670,brushing
382441433,183,361,971,32970,-47810,-12670,brushing
382443896,183,361,971,29977,-63210,-25742,brushing
382458570,265,286,917,29977,-63210,-25742,brushing
382463170,265,286,917,28385,-64942,-38622,brushing
382476013,298,251,925,28385,-64942,-38622,brushing
382482444,298,251,925,27685,-65922,-49892,brushing
382493149,428,384,881,27685,-65922,-49892,brushing
382501718,428,384,881,25935,-68075,-54512,brushing
382510286,429,241,862,25935,-68075,-54512,brushing
382520686,429,241,862,24150,-77140,-57750,brushing
382527728,564,242,780,24150,-77140,-57750,brushing
382539960,564,242,780,21595,-54827,-50890,brushing
382544865,691,360,744,21595,-54827,-50890,brushing
382559234,691,360,744,15960,-47162,-38762,brushing
382562002,733,352,717,15960,-47162,-38762,brushing
382578508,733,352,717,10045,-51747,-24342,brushing
382579138,820,311,645,10045,-51747,-24342,brushing
382596559,815,144,657,10045,-51747,-24342,brushing
382597496,815,144,657,4270,-46392,-6020,brushing
382613697,661,-196,741,4270,-46392,-6020,brushing
382616769,661,-196,741,2187,-39655,4742,brushing
382630832,631,-294,670,2187,-39655,4742,brushing
382636042,631,-294,670,5547,-12337,6965,brushing
382648274,688,-142,580,5547,-12337,6965,brushing
382655011,688,-142,580,7052,26022,11130,brushing
382665410,716,111,511,7052,26022,11130,brushing
382674283,716,111,511,4375,53235,20440,brushing
382682546,645,327,552,4375,53235,20440,brushing
382693557,645,327,552,-770,61897,32847,brushing
382699989,573,459,573,-770,61897,32847,brushing
382712831,573,459,573,-6475,60165,44485,brushing
382717125,521,577,553,-6475,60165,44485,brushing
382731800,521,577,553,-14455,60357,54390,brushing
382734262,486,617,643,-14455,60357,54390,brushing
382751073,486,617,643,-22960,64767,61950,brushing
382751703,289,548,891,-22960,64767,61950,brushing
382768820,50,344,1145,-22960,64767,61950,brushing
382770367,50,344,1145,-27475,42192,52500,brushing
382785956,-226,164,1416,-27475,42192,52500,brushing
382789640,-226,164,1416,-19880,19110,28612,brushing
382803398,-233,250,1398,-19880,19110,28612,brushing
382808610,-233,250,1398,-2012,2187,-1540,brushing
382820535,88,657,1202,-2012,2187,-1540,brushing
382827883,88,657,1202,10010,-5827,-17745,brushing
382837671,187,764,1051,10010,-5827,-17745,brushing
382847156,187,764,1051,9415,-45010,-27650,brushing
382854808,218,548,956,9415,-45010,-27650,brushing
382866124,218,548,956,6195,-79905,-36890,brushing
382872250,311,421,836,6195,-79905,-36890,brushing
382885397,311,421,836,3815,-82197,-40827,brushing
382889387,350,277,840,3815,-82197,-40827,brushing
382904671,350,277,840,2292,-82390,-45465,brushing
382906523,340,89,866,2292,-82390,-45465,brushing
382923944,385,36,819,3412,-77770,-52780,brushing
382941073,399,1,828,3412,-77770,-52780,brushing
382942925,399,1,828,7280,-59517,-56105,brushing
382958211,541,184,833,7280,-59517,-56105,brushing
382962200,541,184,833,12582,-31307,-50592,brushing
382975653,647,328,773,12582,-31307,-50592,brushing
382981474,647,328,773,14752,-22925,-37345,brushing
382992790,744,290,663,14752,-22925,-37345,brushing
383000442,744,290,663,13667,-25795,-19040,brushing
383009926,810,185,597,13667,-25795,-19040,brushing
383019716,810,185,597,10552,-16030,1750,brushing
383027063,758,6,678,10552,-16030,1750,brushing
383038989,758,6,678,9922,-5530,16607,brushing
383044505,530,-302,800,9922,-5530,16607,brushing
383058262,530,-302,800,17727,8680,17745,brushing
383061641,597,-271,684,17727,8680,17745,brushing
383077231,597,-271,684,23432,41562,20177,brushing
383078778,673,-23,508,23432,41562,20177,brushing
383096200,666,181,446,20877,72222,28105,brushing
383113328,672,393,420,20877,72222,28105,brushing
383115790,672,393,420,11287,92102,38412,brushing
383130464,636,523,446,11287,92102,38412,brushing
383135062,636,523,446,-2065,106190,50470,brushing
383147904,559,583,565,-2065,106190,50470,brushing
383154031,559,583,565,-13825,123042,61582,brushing
383165041,409,663,845,-13825,123042,61582,brushing
383173305,409,663,845,-21245,122167,66902,brushing
383182178,267,673,1039,-21245,122167,66902,brushing
383192578,267,673,1039,-20720,91070,61652,brushing
383199620,143,653,1195,-20720,91070,61652,brushing
383211852,143,653,1195,-12145,67672,52640,brushing
383216757,-19,556,1353,-12145,67672,52640,brushing
383230820,-19,556,1353,1522,27405,31710,brushing
383233893,-91,516,1361,1522,27405,31710,brushing
383250094,-91,516,1361,14297,-7315,9257,brushing
383251335,15,612,1101,14297,-7315,9257,brushing
383268452,241,748,926,14297,-7315,9257,brushing
383269388,241,748,926,16747,-25200,-4270,brushing
383285588,293,646,848,16747,-25200,-4270,brushing
383288661,293,646,848,8347,-48142,-13615,brushing
383303029,276,392,863,8347,-48142,-13615,brushing
383307629,276,392,863,840,-67462,-26372,brushing
383320167,281,305,907,840,-67462,-26372,brushing
383326904,281,305,907,1050,-59710,-37380,brushing
383337304,382,421,911,1050,-59710,-37380,brushing
383346177,382,421,911,4725,-50032,-43382,brushing
383354746,424,456,1002,4725,-50032,-43382,brushing
383365451,424,456,1002,8085,-70682,-48772,brushing
383371883,436,340,961,8085,-70682,-48772,brushing
383384420,436,340,961,13947,-86152,-52430,brushing
383389019,456,244,908,13947,-86152,-52430,brushing
383403694,456,244,908,18427,-81200,-51625,brushing
383406461,548,235,816,18427,-81200,-51625,brushing
383422967,548,235,816,19372,-72467,-48720,brushing
383423598,519,174,766,19372,-72467,-48720,brushing
383440714,687,267,668,19372,-72467,-48720,brushing
383441956,687,267,668,17045,-58765,-42455,brushing
383458157,631,197,678,17045,-58765,-42455,brushing
383461231,631,197,678,11322,-52587,-32602,brushing
383475294,718,176,563,11322,-52587,-32602,brushing
383480504,718,176,563,7140,-40302,-21805,brushing
383492431,669,72,629,7140,-40302,-21805,brushing
383499778,669,72,629,2660,-22627,-10150,brushing
383509568,662,54,609,2660,-22627,-10150,brushing
383518747,662,54,609,70,-6020,-875,brushing
383527009,641,-26,668,70,-6020,-875,brushing
383538020,641,-26,668,-122,10780,6037,brushing
383544145,563,-78,713,-122,10780,6037,brushing
383557292,563,-78,713,4690,31430,10377,brushing
383561282,649,88,677,4690,31430,10377,brushing
383576565,649,88,677,9240,52482,19022,brushing
383578723,664,237,617,9240,52482,19022,brushing
383595533,664,237,617,8715,65240,28577,brushing
383596163,584,274,594,8715,65240,28577,brushing
383612974,562,308,474,8715,65240,28577,brushing
383614827,562,308,474,3045,69912,32165,brushing
383630417,564,505,544,3045,69912,32165,brushing
383634100,564,505,544,-7332,90685,39497,brushing
383647553,455,641,722,-7332,90685,39497,brushing
383653068,455,641,722,-18620,90930,45307,brushing
383664690,358,696,954,-18620,90930,45307,brushing
383672343,358,696,954,-23257,76212,48142,brushing
383681827,207,675,1168,-23257,76212,48142,brushing
383691616,207,675,1168,-18917,50435,44765,brushing
383699269,6,499,1446,-18917,50435,44765,brushing
383710586,6,499,1446,-5215,9345,28122,brushing
383716407,-147,307,1458,-5215,9345,28122,brushing
383729860,-147,307,1458,13807,-20212,1522,brushing
383733544,81,574,1149,13807,-20212,1522,brushing
383749133,81,574,1149,20177,-28700,-11847,brushing
383750986,267,716,945,20177,-28700,-11847,brushing
383768103,268,532,860,12670,-58520,-22890,brushing
383785232,286,360,788,12670,-58520,-22890,brushing
383787389,286,360,788,5460,-72047,-34755,brushing
383802672,347,364,786,5460,-72047,-34755,brushing
383806662,347,364,786,1960,-66185,-43452,brushing
383819808,353,277,883,1960,-66185,-43452,brushing
383825935,353,277,883,2415,-69265,-50925,brushing
383836946,338,211,869,2415,-69265,-50925,brushing
383844904,338,211,869,9380,-63070,-56945,brushing
383854083,443,241,908,9380,-63070,-56945,brushing
383864178,443,241,908,16782,-52500,-56822,brushing
383871526,521,334,814,16782,-52500,-56822,brushing
383883452,521,334,814,20825,-50382,-51520,brushing
383888662,634,330,720,20825,-50382,-51520,brushing
383902726,634,330,720,20125,-50277,-40040,brushing
383905799,746,299,685,20125,-50277,-40040,brushing
383921694,746,299,685,16677,-45815,-23730,brushing
383923241,794,181,532,16677,-45815,-23730,brushing
383940357,848,110,485,16677,-45815,-23730,brushing
383940988,848,110,485,11637,-26985,-6790,brushing
383957494,635,-171,661,11637,-26985,-6790,brushing
383960263,635,-171,661,7822,-9922,4550,brushing
383974937,654,-133,618,7822,-9922,4550,brushing
383979536,654,-133,618,10447,12880,7122,brushing
383992073,690,170,590,10447,12880,7122,brushing
383998504,690,170,590,10955,41440,16240,brushing
384009209,713,447,578,10955,41440,16240,brushing
384017778,713,447,578,7612,48177,31132,brushing
384026651,649,525,608,7612,48177,31132,brushing
384037052,649,525,608,2380,43365,45850,brushing
384043789,564,477,657,2380,43365,45850,brushing
384056326,564,477,657,-2187,45552,54862,brushing
384060926,471,512,801,-2187,45552,54862,brushing
384075295,471,512,801,-6772,45132,57907,brushing
384078368,333,505,946,-6772,45132,57907,brushing
384094568,333,505,946,-9957,33337,52640,brushing
384095504,213,492,1090,-9957,33337,52640,brushing
384112621,43,418,1325,-9957,33337,52640,brushing
384113862,43,418,1325,-8102,17902,39830,brushing
384130062,-108,285,1432,-8102,17902,39830,brushing
384133135,-108,285,1432,612,-11812,14980,brushing
384147199,-68,352,1248,612,-11812,14980,brushing
384152104,-68,352,1248,12530,-33442,-14997,brushing
384164335,220,694,1034,12530,-33442,-14997,brushing
384171377,220,694,1034,14297,-37310,-30047,brushing
384181777,293,669,925,14297,-37310,-30047,brushing
384190651,293,669,925,6317,-66570,-41335,brushing
384198915,244,431,951,6317,-66570,-41335,brushing
384209926,244,431,951,2992,-80132,-53165,brushing
384216053,253,326,931,2992,-80132,-53165,brushing
384228895,253,326,931,6160,-77192,-63875,brushing
384233495,371,359,903,6160,-77192,-63875,brushing
384248169,371,359,903,8610,-85382,-72992,brushing
384250632,389,231,908,8610,-85382,-72992,brushing
384267443,389,231,908,13020,-94710,-81585,brushing
384268073,443,152,863,13020,-94710,-81585,brushing
384285189,559,180,811,13020,-94710,-81585,brushing
384286431,559,180,811,17937,-87062,-84507,brushing
384302326,613,210,749,17937,-87062,-84507,brushing
384305705,613,210,749,20615,-78120,-81357,brushing
384319463,705,226,680,20615,-78120,-81357,brushing
384324978,705,226,680,19250,-75565,-71505,brushing
384336905,838,154,569,19250,-75565,-71505,brushing
384344252,838,154,569,13125,-69737,-55107,brushing
384354042,977,100,406,13125,-69737,-55107,brushing
384363526,977,100,406,2975,-46532,-30887,brushing
384371179,984,-14,491,2975,-46532,-30887,brushing
384382494,984,-14,491,-5565,-21682,-5810,brushing
384388620,720,-304,616,-5565,-21682,-5810,brushing
384401767,720,-304,616,-5547,-4112,4095,brushing
384405756,698,-278,588,-5547,-4112,4095,brushing
384421041,698,-278,588,-3745,30292,14245,brushing
384422893,721,-22,509,-3745,30292,14245,brushing
384440315,743,212,445,-5512,56350,29032,brushing
384457443,678,300,523,-5512,56350,29032,brushing
384459296,678,300,523,-9887,70000,45850,brushing
384474581,570,264,454,-9887,70000,45850,brushing
384478570,570,264,454,-14070,70350,55475,brushing
384492023,564,372,482,-14070,70350,55475,brushing
384497843,564,372,482,-19320,93975,65345,brushing
384509159,473,538,584,-19320,93975,65345,brushing
384517116,473,538,584,-25935,110477,74515,brushing
384526294,330,615,939,-25935,110477,74515,brushing
384536084,330,615,939,-28157,95025,77157,brushing
384543431,103,458,1204,-28157,95025,77157,brushing
384555358,103,458,1204,-19827,59955,63595,brushing
384560872,-126,338,1415,-19827,59955,63595,brushing
384574630,-126,338,1415,-1540,39095,40530,brushing
384578008,-277,353,1510,-1540,39095,40530,brushing
384593903,-277,353,1510,18217,8942,11130,brushing
384595145,-19,636,1256,18217,8942,11130,brushing
384612566,134,698,1104,26197,-12845,-4147,brushing
384629695,190,455,985,26197,-12845,-4147,brushing
384632157,190,455,985,23712,-47302,-19722,brushing
384647137,195,168,956,23712,-47302,-19722,brushing
384651431,195,168,956,20930,-63700,-38972,brushing
384664274,265,95,880,20930,-63700,-38972,brushing
384670399,265,95,880,21087,-55212,-56752,brushing
384681410,337,170,863,21087,-55212,-56752,brushing
384689672,337,170,863,19985,-46357,-69300,brushing
384698547,470,211,831,19985,-46357,-69300,brushing
384708946,470,211,831,18865,-39707,-72800,brushing
384715988,587,319,874,18865,-39707,-72800,brushing
384728220,587,319,874,19617,-28437,-64522,brushing
384733125,708,386,789,19617,-28437,-64522,brushing
384747189,708,386,789,19862,-21962,-47810,brushing
384750262,862,415,695,19862,-21962,-47810,brushing
384766463,862,415,695,16205,-25252,-26477,brushing
384767704,906,323,559,16205,-25252,-26477,brushing
384784821,1021,215,490,16205,-25252,-26477,brushing
384785757,1021,215,490,8872,-22050,-2975,brushing
384801957,765,-88,660,8872,-22050,-2975,brushing
384805031,765,-88,660,2205,-9502,18165,brushing
384819399,695,-156,593,2205,-9502,18165,brushing
384823999,695,-156,593,2520,4305,25025,brushing
384836536,725,73,496,2520,4305,25025,brushing
384843272,725,73,496,2677,36330,35140,brushing
384853673,719,302,532,2677,36330,35140,brushing
384862546,719,302,532,875,56525,49787,brushing
384871115,548,350,674,875,56525,49787,brushing
384881820,548,350,674,2467,56980,59465,brushing
384888252,546,416,570,2467,56980,59465,brushing
384900788,546,416,570,5285,65257,67777,brushing
384905388,522,446,571,5285,65257,67777,brushing
384920062,522,446,571,4830,80745,74830,brushing
384922831,518,487,632,4830,80745,74830,brushing
384939336,518,487,632,2730,87850,77752,brushing
384939966,432,498,739,2730,87850,77752,brushing
384957084,403,499,838,2730,87850,77752,brushing
384958631,403,499,838,70,84315,74567,brushing
384974526,238,460,1049,70,84315,74567,brushing
384977599,238,460,1049,-2310,74567,65642,brushing
384991662,98,371,1210,-2310,74567,65642,brushing
384996872,98,371,1210,-17,47390,45675,brushing
385008799,10,318,1223,-17,47390,45675,brushing
385016146,10,318,1223,7052,28297,18042,brushing
385026240,204,596,1089,7052,28297,18042,brushing
385035419,204,596,1089,9957,21822,-1190,brushing
385043377,308,703,1031,9957,21822,-1190,brushing
385054388,308,703,1031,5950,-4025,-14962,brushing
385060514,280,576,1015,5950,-4025,-14962,brushing
385073662,280,576,1015,3657,-30765,-30607,brushing
385077956,243,406,1016,3657,-30765,-30607,brushing
385092936,243,406,1016,8050,-39777,-45640,brushing
385095093,295,413,988,8050,-39777,-45640,brushing
385112210,382,462,990,13160,-46550,-56455,brushing
385129644,468,439,903,13160,-46550,-56455,brushing
385131191,468,439,903,14840,-68757,-63997,brushing
385146780,589,407,738,14840,-68757,-63997,brushing
385150464,589,407,738,14070,-80360,-65992,brushing
385163918,702,348,661,14070,-80360,-65992,brushing
385169740,702,348,661,11007,-73587,-60305,brushing
385181361,784,305,592,11007,-73587,-60305,brushing
385189013,784,305,592,6772,-63315,-49630,brushing
385198497,873,265,555,6772,-63315,-49630,brushing
385208286,873,265,555,1522,-53987,-34930,brushing
385215633,884,181,575,1522,-53987,-34930,brushing
385227254,884,181,575,-1207,-42682,-17412,brushing
385233075,846,126,597,-1207,-42682,-17412,brushing
385246528,846,126,597,1015,-27632,525,brushing
385250212,754,36,695,1015,-27632,525,brushing
385265803,754,36,695,7945,-20562,12127,brushing
385267350,690,-49,618,7945,-20562,12127,brushing
385284772,752,25,498,15785,-577,21192,brushing
385301900,803,203,368,15785,-577,21192,brushing
385304058,803,203,368,17482,26320,33932,brushing
385319038,820,308,358,17482,26320,33932,brushing
385323333,820,308,358,12215,48212,49420,brushing
385336480,735,349,433,12215,48212,49420,brushing
385342606,735,349,433,4795,65012,61705,brushing
385353617,701,324,371,4795,65012,61705,brushing
385361880,701,324,371,-5495,80850,66937,brushing
385370754,660,440,484,-5495,80850,66937,brushing
385380848,660,440,484,-19687,106942,71645,brushing
385388196,555,585,740,-19687,106942,71645,brushing
385400122,555,585,740,-32410,100012,70717,brushing
385405332,364,540,965,-32410,100012,70717,brushing
385419395,364,540,965,-35927,74900,61390,brushing
385422469,145,437,1217,-35927,74900,61390,brushing
385438364,145,437,1217,-26757,53550,43172,brushing
385439911,-39,371,1463,-26757,53550,43172,brushing
385457027,-39,481,1253,-26757,53550,43172,brushing
385457658,-39,481,1253,-10062,22312,15155,brushing
385474165,283,781,1027,-10062,22312,15155,brushing
385476933,283,781,1027,-35,9065,-1907,brushing
385491608,302,667,931,-35,9065,-1907,brushing
385496207,302,667,931,-4252,-22487,-13545,brushing
385508745,239,411,952,-4252,-22487,-13545,brushing
385515177,239,411,952,-7035,-44275,-28840,brushing
385525883,240,367,950,-7035,-44275,-28840,brushing
385534451,240,367,950,-3115,-44345,-42840,brushing
385543020,314,458,921,-3115,-44345,-42840,brushing
385553724,314,458,921,822,-53322,-53655,brushing
385560460,281,390,912,822,-53322,-53655,brushing
385572997,281,390,912,5985,-71750,-65012,brushing
385577597,316,314,813,5985,-71750,-65012,brushing
385591965,316,314,813,14577,-56052,-69177,brushing
385594733,467,415,824,14577,-56052,-69177,brushing
385611238,467,415,824,19915,-46217,-64820,brushing
385612175,626,473,701,19915,-46217,-64820,brushing
385629291,827,501,520,19915,-46217,-64820,brushing
385630532,827,501,520,18410,-45482,-52622,brushing
385646428,1007,400,412,18410,-45482,-52622,brushing
385649502,1007,400,412,9100,-37940,-31622,brushing
385663870,1006,232,484,9100,-37940,-31622,brushing
385668775,1006,232,484,-1995,-24167,-6685,brushing
385681006,771,-79,594,-1995,-24167,-6685,brushing
385688049,771,-79,594,-5057,-11970,7665,brushing
385698143,718,-90,699,-5057,-11970,7665,brushing
385707322,718,-90,699,-1820,14962,16940,brushing
385715585,722,114,631,-1820,14962,16940,brushing
385726289,722,114,631,1575,36767,27457,brushing
385732721,772,438,602,1575,36767,27457,brushing
385745563,772,438,602,385,45552,45867,brushing
385749858,740,595,591,385,45552,45867,brushing
385764837,740,595,591,-3325,35927,62895,brushing
385766995,718,629,480,-3325,35927,62895,brushing
385783806,718,629,480,-8767,44397,80272,brushing
385784436,622,605,591,-8767,44397,80272,brushing
385801552,493,517,693,-8767,44397,80272,brushing
385803099,493,517,693,-14665,44380,88410,brushing
385818689,366,432,818,-14665,44380,88410,brushing
385822373,366,432,818,-18165,41352,84682,brushing
385836132,157,308,1031,-18165,41352,84682,brushing
385841646,157,308,1031,-17062,37432,69702,brushing
385853268,-249,29,1424,-17062,37432,69702,brushing
385860615,-249,29,1424,-5285,11235,35157,brushing
385870404,-213,299,1038,-5285,11235,35157,brushing
385879888,-213,299,1038,12355,11795,-3780,brushing
385887541,296,1050,916,12355,11795,-3780,brushing
385899163,296,1050,916,10902,13877,-8662,brushing
385904984,332,906,974,10902,13877,-8662,brushing
385918132,332,906,974,1872,-54565,-21035,brushing
385922121,244,336,967,1872,-54565,-21035,brushing
385937406,244,336,967,2450,-67935,-39392,brushing
385939258,232,98,1044,2450,-67935,-39392,brushing
385956679,289,200,996,8347,-59552,-59797,brushing
385973808,393,334,902,8347,-59552,-59797,brushing
385975965,393,334,902,11182,-62895,-74515,brushing
385990945,391,315,837,11182,-62895,-74515,brushing
385994934,391,315,837,12880,-71732,-83912,brushing
386008387,549,437,771,12880,-71732,-83912,brushing
386014208,549,437,771,16730,-54110,-80377,brushing
386025524,711,574,751,16730,-54110,-80377,brushing
386033482,711,574,751,16677,-46270,-66570,brushing
386042661,783,473,704,16677,-46270,-66570,brushing
386052755,783,473,704,14000,-56875,-50400,brushing
386060101,892,361,551,14000,-56875,-50400,brushing
386071723,892,361,551,8592,-51485,-30520,brushing
386077238,993,246,454,8592,-51485,-30520,brushing
386090997,993,246,454,682,-35157,-8242,brushing
386094376,939,64,539,682,-35157,-8242,brushing
386110270,939,64,539,-3955,-22400,7070,brushing
386111817,805,-43,510,-3955,-22400,7070,brushing
386128933,826,64,457,-3955,-22400,7070,brushing
386129563,826,64,457,-6072,2642,20142,brushing
386146070,710,165,531,-6072,2642,20142,brushing
386148532,710,165,531,-10430,23432,33792,brushing
386163511,673,216,560,-10430,23432,33792,brushing
386167806,673,216,560,-12950,29347,42245,brushing
386180648,651,352,613,-12950,29347,42245,brushing
386187080,651,352,613,-13055,51240,53655,brushing
386197785,609,547,649,-13055,51240,53655,brushing
386206354,609,547,649,-14262,55965,64662,brushing
386215227,577,673,710,-14262,55965,64662,brushing
386225323,577,673,710,-15942,48230,75530,brushing
386232365,463,664,858,-15942,48230,75530,brushing
386244596,463,664,858,-17850,16397,79520,brushing
386249501,321,499,962,-17850,16397,79520,brushing
386263869,321,499,962,-13282,-8207,74655,brushing
386266943,151,172,1092,-13282,-8207,74655,brushing
386283143,151,172,1092,105,-7052,57452,brushing
386284079,-1,-62,1092,105,-7052,57452,brushing
386301196,53,159,1069,105,-7052,57452,brushing
386302133,53,159,1069,14717,17255,36907,brushing
386318639,238,456,839,14717,17255,36907,brushing
386321407,238,456,839,18340,9852,17762,brushing
386335776,366,523,788,18340,9852,17762,brushing
386340681,366,523,788,10937,-12197,7927,brushing
386352913,384,394,772,10937,-12197,7927,brushing
386359954,384,394,772,-350,-24342,-70,brushing
386370354,384,318,778,-350,-24342,-70,brushing
386378923,384,318,778,-9415,-12442,-5162,brushing
386387491,335,286,964,-9415,-12442,-5162,brushing
386398196,335,286,964,-13580,-11847,-12582,brushing
386404628,310,253,995,-13580,-11847,-12582,brushing
386417470,310,253,995,-12810,-21315,-22085,brushing
386421764,317,232,1050,-12810,-21315,-22085,brushing
386436744,317,232,1050,-8960,-37047,-33425,brushing
386439206,336,277,1040,-8960,-37047,-33425,brushing
386455712,336,277,1040,-4182,-47897,-41352,brushing
386456342,364,383,1007,-4182,-47897,-41352,brushing
386473763,447,459,927,-4182,-47897,-41352,brushing
386475004,447,459,927,805,-57347,-43575,brushing
386490900,465,457,953,805,-57347,-43575,brushing
386494279,465,457,953,4235,-69387,-40687,brushing
386508037,480,358,967,4235,-69387,-40687,brushing
386513553,480,358,967,7805,-95585,-39060,brushing
386525174,494,209,892,7805,-95585,-39060,brushing
386532522,494,209,892,14472,-104405,-36540,brushing
386542617,532,125,806,14472,-104405,-36540,brushing
386551796,532,125,806,21070,-78697,-29207,brushing
386559753,616,154,732,21070,-78697,-29207,brushing
386571069,616,154,732,23747,-59395,-21315,brushing
386576890,716,275,481,23747,-59395,-21315,brushing
386590343,716,275,481,17850,-38955,-6405,brushing
386594332,953,365,367,17850,-38955,-6405,brushing
386609311,953,365,367,-577,-69475,5897,brushing
386611469,840,19,423,-577,-69475,5897,brushing
386628586,690,-303,570,-13247,-88865,11182,brushing
386646020,622,-317,632,-13247,-88865,11182,brushing
386647873,622,-317,632,-12355,-65415,13107,brushing
386663157,631,-197,676,-12355,-65415,13107,brushing
386666841,631,-197,676,-7490,-22190,19127,brushing
386680294,659,197,670,-7490,-22190,19127,brushing
386686115,659,197,670,-10692,245,30957,brushing
386697736,591,121,635,-10692,245,30957,brushing
386705388,591,121,635,-12232,1872,32865,brushing
386714873,486,221,917,-12232,1872,32865,brushing
386724663,486,221,917,-14332,16765,48895,brushing
386732010,382,85,947,-14332,16765,48895,brushing
386743631,382,85,947,-7980,11357,46585,brushing
386749450,358,97,939,-7980,11357,46585,brushing
386762902,358,97,939,-2817,24710,50032,brushing
386766587,395,157,1012,-2817,24710,50032,brushing
386782177,395,157,1012,752,11830,46217,brushing
386783724,365,46,977,752,11830,46217,brushing
386801145,333,-65,906,3937,10325,39305,brushing
386818273,328,-50,848,3937,10325,39305,brushing
386820431,328,-50,848,3167,33967,31325,brushing
386835410,245,-22,853,3167,33967,31325,brushing
386839704,245,-22,853,-5635,44940,17080,brushing
386852852,187,43,852,-5635,44940,17080,brushing
386858977,187,43,852,-18252,38202,-2992,brushing
386869989,192,196,956,-18252,38202,-2992,brushing
386878252,192,196,956,-29435,38447,-16222,brushing
386887125,154,275,1067,-29435,38447,-16222,brushing
386897220,154,275,1067,-36487,27720,-27877,brushing
386904567,121,279,1142,-36487,27720,-27877,brushing
386916494,121,279,1142,-38780,5547,-40110,brushing
386921703,165,274,1138,-38780,5547,-40110,brushing
386935767,165,274,1138,-37152,-15540,-50697,brushing
386938840,276,294,1098,-37152,-15540,-50697,brushing
386955040,276,294,1098,-32637,-24360,-55055,brushing
386955976,340,326,1085,-32637,-24360,-55055,brushing
386973397,346,242,1081,-32637,-24360,-55055,brushing
386974027,346,242,1081,-25252,-44922,-57995,brushing
386990535,412,157,1040,-25252,-44922,-57995,brushing
386993302,412,157,1040,-15470,-59412,-57942,brushing
387007670,527,101,950,-15470,-59412,-57942,brushing
387012574,527,101,950,-5390,-54477,-51660,brushing
387025112,615,86,856,-5390,-54477,-51660,brushing
387031543,615,86,856,1277,-46322,-42770,brushing
387042249,683,36,785,1277,-46322,-42770,brushing
387050817,683,36,785,3202,-46340,-31622,brushing
387059386,778,53,673,3202,-46340,-31622,brushing
387070090,778,53,673,2957,-37520,-14402,brushing
387076826,751,-3,701,2957,-37520,-14402,brushing
387089363,751,-3,701,3255,-34580,787,brushing
387093962,591,-204,781,3255,-34580,787,brushing
387108331,591,-204,781,11147,-21350,9117,brushing
387111099,596,-216,750,11147,-21350,9117,brushing
387127606,596,-216,750,20300,21175,21805,brushing
387128236,623,20,708,20300,21175,21805,brushing
387145658,648,322,657,20300,21175,21805,brushing
387146899,648,322,657,22785,45150,37975,brushing
387162795,563,316,679,22785,45150,37975,brushing
387165869,563,316,679,16940,38255,53165,brushing
387179932,465,263,743,16940,38255,53165,brushing
387185143,465,263,743,11445,36960,63227,brushing
387197375,436,349,808,11445,36960,63227,brushing
387204417,436,349,808,6860,53042,73710,brushing
387214511,310,317,927,6860,53042,73710,brushing
387223691,310,317,927,175,42157,73482,brushing
387231648,180,171,980,175,42157,73482,brushing
387242659,180,171,980,-5565,20370,61407,brushing
387249091,7,-27,1130,-5565,20370,61407,brushing
387261932,7,-27,1130,-10115,-8575,34702,brushing
387266227,-64,-44,1080,-10115,-8575,34702,brushing
387281207,-64,-44,1080,-16397,-28367,5547,brushing
387283364,78,103,959,-16397,-28367,5547,brushing
387300480,78,103,959,-24710,-14227,-8540,brushing
387301110,116,247,1002,-24710,-14227,-8540,brushing
387317922,127,245,1087,-24710,-14227,-8540,brushing
387319469,127,245,1087,-32707,-13475,-20020,brushing
387335059,108,134,1225,-32707,-13475,-20020,brushing
387338742,108,134,1225,-35822,-39725,-35682,brushing
387352500,124,26,1224,-35822,-39725,-35682,brushing
387358016,124,26,1224,-34002,-75582,-55160,brushing
387369637,233,98,1145,-34002,-75582,-55160,brushing
387377289,233,98,1145,-29750,-90177,-66237,brushing
387386774,333,127,1080,-29750,-90177,-66237,brushing
387396257,333,127,1080,-24167,-79030,-65502,brushing
387404216,342,83,1042,-24167,-79030,-65502,brushing
387415532,342,83,1042,-18357,-72467,-62107,brushing
387421353,401,59,1021,-18357,-72467,-62107,brushing
387434805,401,59,1021,-12407,-69125,-57067,brushing
387438489,483,73,989,-12407,-69125,-57067,brushing
387454079,483,73,989,-6282,-67305,-47565,brushing
387455626,543,71,971,-6282,-67305,-47565,brushing
387473048,661,122,803,-2660,-77577,-35717,brushing
387490175,765,111,700,-2660,-77577,-35717,brushing
387492333,765,111,700,-2905,-80745,-15872,brushing
387507312,674,-123,740,-2905,-80745,-15872,brushing
387511607,674,-123,740,-6002,-93450,3745,brushing
387524753,512,-444,746,-6002,-93450,3745,brushing
387530575,512,-444,746,-980,-103005,6982,brushing
387541891,574,-416,666,-980,-103005,6982,brushing
387549849,574,-416,666,12075,-43155,20352,brushing
387559028,579,-103,684,12075,-43155,20352,brushing
387569122,579,-103,684,18515,-4165,35315,brushing
387576470,471,-21,695,18515,-4165,35315,brushing
387588397,471,-21,695,17710,-12915,41807,brushing
387593607,386,-88,685,17710,-12915,41807,brushing
387607365,386,-88,685,18147,5897,48020,brushing
387610744,326,-81,758,18147,5897,48020,brushing
387626638,326,-81,758,19337,52605,58922,brushing
387627880,323,135,813,19337,52605,58922,brushing
387645301,198,109,915,19337,52605,58922,brushing
387645931,198,109,915,12565,67725,65432,brushing
387662438,71,-46,1032,12565,67725,65432,brushing
387664900,71,-46,1032,1487,42910,56437,brushing
387679575,-68,-318,1159,1487,42910,56437,brushing
387684175,-68,-318,1159,-5792,17115,35577,brushing
387697017,-138,-355,1209,-5792,17115,35577,brushing
387703448,-138,-355,1209,-6020,15137,8435,brushing
387714153,-17,-139,1226,-6020,15137,8435,brushing
387722722,-17,-139,1226,-3692,28665,-10045,brushing
387731290,13,-80,1231,-3692,28665,-10045,brushing
387741691,13,-80,1231,-2852,16450,-28997,brushing
387748732,-48,-231,1220,-2852,16450,-28997,brushing
387760964,-48,-231,1220,-3132,-16100,-54425,brushing
387765868,132,-74,921,-3132,-16100,-54425,brushing
387780237,132,-74,921,-5442,-7700,-66640,brushing
387783005,239,-305,880,-5442,-7700,-66640,brushing
387799206,239,-305,880,-5320,39025,-70332,brushing
387800143,224,-294,861,-5320,39025,-70332,brushing
387817564,481,-50,829,-5320,39025,-70332,brushing
387818501,481,-50,829,3097,113645,-62965,brushing
387834701,687,457,896,3097,113645,-62965,brushing
387837775,687,457,896,6195,155925,-42105,brushing
387851838,635,511,879,6195,155925,-42105,brushing
387857048,635,511,879,-3062,69965,-32795,brushing
387869281,653,265,828,-3062,69965,-32795,brushing
387876017,653,265,828,-10990,10360,-18182,brushing
387886417,564,17,871,-10990,10360,-18182,brushing
387895291,564,17,871,-9362,16135,770,brushing
387903553,505,-94,855,-9362,16135,770,brushing
387914564,505,-94,855,-630,58047,16257,brushing
387920996,511,27,906,-630,58047,16257,brushing
387933533,511,27,906,5145,89355,29032,brushing
387938133,491,206,942,5145,89355,29032,brushing
387952806,491,206,942,3727,70805,33565,brushing
387955269,496,333,908,3727,70805,33565,brushing
387972080,496,333,908,-2152,44292,37712,brushing
387972710,498,376,835,-2152,44292,37712,brushing
387989827,449,395,829,-2152,44292,37712,brushing
387991374,449,395,829,-11410,30642,43872,brushing
388006964,349,392,928,-11410,30642,43872,brushing
388010343,349,392,928,-19407,27492,52745,brushing
388024406,326,484,872,-19407,27492,52745,brushing
388029616,326,484,872,-23380,38132,62807,brushing
388041543,356,665,807,-23380,38132,62807,brushing
388048891,356,665,807,-33180,39357,74620,brushing
388058680,264,578,824,-33180,39357,74620,brushing
388068164,264,578,824,-47197,-13317,71855,brushing
388075817,110,254,790,-47197,-13317,71855,brushing
388087133,110,254,790,-58887,-53112,59535,brushing
388093259,-69,-223,846,-58887,-53112,59535,brushing
388106406,-69,-223,846,-62142,-52762,34807,brushing
388110395,-195,-592,962,-62142,-52762,34807,brushing
388125679,-195,-592,962,-58607,-26705,2222,brushing
388127530,-232,-563,1024,-58607,-26705,2222,brushing
388144952,-120,-267,979,-55755,-28070,-37047,brushing
388162081,-26,38,965,-55755,-28070,-37047,brushing
388163932,-26,38,965,-59710,-68197,-69982,brushing
388179217,112,156,930,-59710,-68197,-69982,brushing
388183206,112,156,930,-67235,-117372,-89355,brushing
388196659,185,-30,971,-67235,-117372,-89355,brushing
388202480,185,-30,971,-67672,-95882,-87430,brushing
388213796,273,183,1038,-67672,-95882,-87430,brushing
388221448,273,183,1038,-59115,-26390,-67060,brushing
388230932,373,601,1272,-59115,-26390,-67060,brushing
388240723,373,601,1272,-51082,-13125,-39917,brushing
388248374,403,649,1392,-51082,-13125,-39917,brushing
388259996,403,649,1392,-37940,-42385,-13090,brushing
388265512,320,379,1423,-37940,-42385,-13090,brushing
388279270,320,379,1423,-19670,-53322,9030,brushing
388282649,173,-58,1311,-19670,-53322,9030,brushing
388298238,173,-58,1311,-1767,-47232,15802,brushing
388299785,114,-210,1107,-1767,-47232,15802,brushing
388317207,124,-20,983,14210,-455,23187,brushing
388334336,147,318,832,14210,-455,23187,brushing
388336799,147,318,832,24395,48772,38045,brushing
388351472,160,640,741,24395,48772,38045,brushing
388355767,160,640,741,23537,70770,61005,brushing
388368915,42,453,706,23537,70770,61005,brushing
388375042,42,453,706,9852,20020,66325,brushing
388386052,-57,-54,556,9852,20020,66325,brushing
388394316,-57,-54,556,-2415,-1592,60480,brushing
388403189,-108,-334,539,-2415,-1592,60480,brushing
388413590,-108,-334,539,-19460,4707,43802,brushing
388420631,-176,-588,543,-19460,4707,43802,brushing
388432558,-176,-588,543,-37467,-13965,7140,brushing
388437767,-173,-573,709,-37467,-13965,7140,brushing
388451830,-173,-573,709,-47232,-1785,-23957,brushing
388454903,-65,-380,937,-47232,-1785,-23957,brushing
388471104,-65,-380,937,-54670,-4025,-48527,brushing
388472041,-156,-219,1104,-54670,-4025,-48527,brushing
388489463,-137,18,1018,-54670,-4025,-48527,brushing
388490093,-137,18,1018,-67217,-65240,-76387,brushing
388506600,20,65,1153,-67217,-65240,-76387,brushing
388509367,20,65,1153,-70700,-68985,-80412,brushing
388523736,3,51,1253,-70700,-68985,-80412,brushing
388528641,3,51,1253,-59902,-30047,-69842,brushing
388541178,50,312,1397,-59902,-30047,-69842,brushing
388547915,50,312,1397,-43225,-1872,-51747,brushing
388558316,152,518,1425,-43225,-1872,-51747,brushing
388566883,152,518,1425,-23870,-35,-29120,brushing
388575451,170,568,1397,-23870,-35,-29120,brushing
388586157,170,568,1397,-7245,-18900,-3272,brushing
388592894,65,228,1223,-7245,-18900,-3272,brushing
388605431,65,228,1223,4322,-47442,8400,brushing
388610031,0,-29,999,4322,-47442,8400,brushing
388624704,0,-29,999,14542,-21910,20562,brushing
388627167,-27,3,877,14542,-21910,20562,brushing
388643673,-27,3,877,22015,27090,37870,brushing
388644610,-8,273,833,22015,27090,37870,brushing
388661726,-54,345,806,22015,27090,37870,brushing
388662968,-54,345,806,20947,32935,52605,brushing
388678863,-124,124,734,20947,32935,52605,brushing
388682241,-124,124,734,15435,-87,52500,brushing
388696305,-167,-139,689,15435,-87,52500,brushing
388701516,-167,-139,689,12687,9362,51922,brushing
388713442,-231,-400,627,12687,9362,51922,brushing
388720484,-231,-400,627,6947,19722,36015,brushing
388730578,-277,-514,683,6947,19722,36015,brushing
388739756,-277,-514,683,-6125,-2800,4427,brushing
388747714,-277,-554,768,-6125,-2800,4427,brushing
388759029,-277,-554,768,-14805,-24045,-30800,brushing
388765155,-186,-364,935,-14805,-24045,-30800,brushing
388778303,-186,-364,935,-18725,-13825,-51747,brushing
388782292,-213,-190,1073,-18725,-13825,-51747,brushing
388797272,-213,-190,1073,-24027,-48422,-70735,brushing
388799429,-116,87,1038,-24027,-48422,-70735,brushing
388816544,-116,87,1038,-25532,-56525,-72117,brushing
388817174,-29,163,1159,-25532,-56525,-72117,brushing
388833986,6,318,1247,-25532,-56525,-72117,brushing
388835838,6,318,1247,-17185,-31937,-58275,brushing
388851122,91,509,1346,-17185,-31937,-58275,brushing
388854807,91,509,1346,-4235,-9537,-31185,brushing
388868565,125,450,1364,-4235,-9537,-31185,brushing
388874080,125,450,1364,9030,-15645,-6685,brushing
388885701,16,3,1221,9030,-15645,-6685,brushing
388893354,16,3,1221,18305,-37677,2555,brushing
388902838,-14,-183,1055,18305,-37677,2555,brushing
388912627,-14,-183,1055,28262,-11235,12110,brushing
388920279,0,-20,993,28262,-11235,12110,brushing
388931594,0,-20,993,35927,31412,25847,brushing
388937415,41,317,932,35927,31412,25847,brushing
388950868,41,317,932,34265,29277,40267,brushing
388954552,19,415,886,34265,29277,40267,brushing
388970142,19,415,886,22820,-30380,41020,brushing
388971994,-67,22,753,22820,-30380,41020,brushing
388989111,-103,-351,624,15155,-38797,36627,brushing
389006241,-153,-509,596,15155,-38797,36627,brushing
389008398,-153,-509,596,7175,6125,29400,brushing
389023683,-182,-521,571,7175,6125,29400,brushing
389027673,-182,-521,571,-5547,23310,7752,brushing
389040820,-138,-386,657,-5547,23310,7752,brushing
389046947,-138,-386,657,-18987,25252,-14770,brushing
389057957,-69,-210,790,-18987,25252,-14770,brushing
389066220,-69,-210,790,-29767,24150,-30117,brushing
389075398,-103,-111,960,-29767,24150,-30117,brushing
389085188,-103,-111,960,-38920,-2765,-44450,brushing
389092535,-159,-140,1008,-38920,-2765,-44450,brushing
389104462,-159,-140,1008,-42787,-25340,-55317,brushing
389109672,-95,31,1138,-42787,-25340,-55317,brushing
389123736,-95,31,1138,-41317,-31307,-55020,brushing
389127114,-77,45,1209,-41317,-31307,-55020,brushing
389143008,-77,45,1209,-31622,-25812,-51170,brushing
389144250,-42,138,1274,-31622,-25812,-51170,brushing
389161366,1,328,1395,-31622,-25812,-51170,brushing
389161996,1,328,1395,-16590,-4200,-33197,brushing
389178809,61,456,1450,-16590,-4200,-33197,brushing
389181271,61,456,1450,1837,1435,-10342,brushing
389195946,29,148,1336,1837,1435,-10342,brushing
389200545,29,148,1336,17570,-6475,9047,brushing
389213083,-15,-112,1137,17570,-6475,9047,brushing
389219820,-15,-112,1137,30012,13667,22155,brushing
389230525,-3,-51,991,30012,13667,22155,brushing
389238788,-3,-51,991,39480,75162,42157,brushing
389247662,65,432,998,39480,75162,42157,brushing
389258062,65,432,998,39060,94045,68180,brushing
389264798,37,659,943,39060,94045,68180,brushing
389277336,37,659,943,25445,9607,74532,brushing
389282240,-90,100,715,25445,9607,74532,brushing
389296610,-90,100,715,17377,-13615,73920,brushing
389299378,-158,-336,612,17377,-13615,73920,brushing
389315578,-158,-336,612,12005,36155,69300,brushing
389316515,-235,-465,611,12005,36155,69300,brushing
389333936,-312,-502,640,12005,36155,69300,brushing
389334873,-312,-502,640,2485,35542,41667,brushing
389351073,-335,-515,713,2485,35542,41667,brushing
389354147,-335,-515,713,-11707,-30730,-3955,brushing
389368210,-228,-402,865,-11707,-30730,-3955,brushing
389373421,-228,-402,865,-16135,-35910,-34195,brushing
389385652,-182,-217,890,-16135,-35910,-34195,brushing
389392389,-182,-217,890,-21140,-36960,-54355,brushing
389402788,-209,-209,957,-21140,-36960,-54355,brushing
389411662,-209,-209,957,-31080,-86782,-77735,brushing
389419925,-34,128,1153,-31080,-86782,-77735,brushing
389430936,-34,128,1153,-26022,-51852,-69965,brushing
389437062,26,322,1257,-26022,-51852,-69965,brushing
389450210,26,322,1257,-10832,-13020,-48037,brushing
389454504,107,549,1423,-10832,-13020,-48037,brushing
389469178,107,549,1423,8400,7385,-16257,brushing
389471641,162,597,1451,8400,7385,-16257,brushing
389488452,162,597,1451,24412,3377,10657,brushing
389489082,91,170,1357,24412,3377,10657,brushing
389506198,8,-150,1098,24412,3377,10657,brushing
389507746,8,-150,1098,34125,6212,20597,brushing
389523335,-7,50,1002,34125,6212,20597,brushing
389526713,-7,50,1002,39917,50365,33705,brushing
389540471,36,644,1036,39917,50365,33705,brushing
389545986,36,644,1036,42647,80517,57592,brushing
389557914,29,897,1079,42647,80517,57592,brushing
389565262,29,897,1079,32427,5565,72800,brushing
389575052,-136,123,721,32427,5565,72800,brushing
389584535,-136,123,721,24832,-57557,68932,brushing
389592187,-217,-506,638,24832,-57557,68932,brushing
389603503,-217,-506,638,23012,5845,64697,brushing
389609628,-229,-715,546,23012,5845,64697,brushing
389622775,-229,-715,546,10745,32305,34842,brushing
389626764,-273,-711,591,10745,32305,34842,brushing
389642049,-273,-711,591,-11200,-22102,-15277,brushing
389643901,-182,-539,617,-11200,-22102,-15277,brushing
389661322,-115,-313,843,-25917,-20037,-43225,brushing
389678451,-136,-279,864,-25917,-20037,-43225,brushing
389680303,-136,-279,864,-39515,-30362,-65030,brushing
389695588,-196,-277,902,-39515,-30362,-65030,brushing
389699576,-196,-277,902,-56805,-82915,-91717,brushing
389713030,-59,121,1208,-56805,-82915,-91717,brushing
389718850,-59,121,1208,-56857,-45867,-83002,brushing
389730166,-19,413,1360,-56857,-45867,-83002,brushing
389738124,-19,413,1360,-38692,5075,-60882,brushing
389747304,55,812,1626,-38692,5075,-60882,brushing
389757093,55,812,1626,-11112,27702,-21647,brushing
389764746,143,809,1674,-11112,27702,-21647,brushing
389776367,143,809,1674,17255,13090,12722,brushing
389781883,15,263,1417,17255,13090,12722,brushing
389795642,15,263,1417,36767,-13545,24045,brushing
389799020,-40,-124,1083,36767,-13545,24045,brushing
389814915,-40,-124,1083,52727,37957,44082,brushing
389816463,-3,382,1114,52727,37957,44082,brushing
389833578,0,712,1073,54967,11812,63490,brushing
389850708,-112,31,683,54967,11812,63490,brushing
389853171,-112,31,683,45797,-102882,53375,brushing
389868151,-125,-466,532,45797,-102882,53375,brushing
389872446,-125,-466,532,43697,-58992,54057,brushing
389885288,-120,-442,504,43697,-58992,54057,brushing
389891720,-120,-442,504,36242,26512,51975,brushing
389902425,-145,-466,418,36242,26512,51975,brushing
389910689,-145,-466,418,17325,42857,28997,brushing
389919563,-130,-425,467,17325,42857,28997,brushing
389929963,-130,-425,467,-9537,25515,1400,brushing
389937005,-89,-401,517,-9537,25515,1400,brushing
389949238,-89,-401,517,-28770,36190,-18410,brushing
389954143,-43,-226,774,-28770,36190,-18410,brushing
389968511,-43,-226,774,-41895,49630,-29522,brushing
389971280,-104,-146,971,-41895,49630,-29522,brushing
389987480,-104,-146,971,-52675,9607,-50820,brushing
389988721,-191,-263,1131,-52675,9607,-50820,brushing
390005837,-171,4,1249,-52675,9607,-50820,brushing
390006774,-171,4,1249,-57837,-40810,-69930,brushing
390022975,-136,120,1456,-57837,-40810,-69930,brushing
390026048,-136,120,1456,-44345,-28525,-65415,brushing
390040418,-51,526,1579,-44345,-28525,-65415,brushing
390045017,-51,526,1579,-19110,-4077,-47180,brushing
390057555,9,795,1596,-19110,-4077,-47180,brushing
390064291,9,795,1596,9170,-192,-17062,brushing
390074691,44,685,1530,9170,-192,-17062,brushing
390083565,44,685,1530,31587,-23397,10972,brushing
390091827,-48,134,1189,31587,-23397,10972,brushing
390102837,-48,134,1189,46497,-34982,22260,brushing
390109269,-63,-1,1009,46497,-34982,22260,brushing
390121806,-63,-1,1009,58485,18340,42700,brushing
390126405,15,478,1012,58485,18340,42700,brushing
390141080,15,478,1012,58555,17552,62877,brushing
390143542,-7,488,803,58555,17552,62877,brushing
390160353,-7,488,803,47530,-40810,61652,brushing
390160983,-67,-12,582,47530,-40810,61652,brushing
390178100,-70,-323,481,47530,-40810,61652,brushing
390179342,-70,-323,481,38202,-3377,65817,brushing
390195237,-120,-538,394,38202,-3377,65817,brushing
390198616,-120,-538,394,23345,41492,53427,brushing
390212679,-159,-542,488,23345,41492,53427,brushing
390217889,-159,-542,488,997,54180,26740,brushing
390229816,-211,-552,583,997,54180,26740,brushing
390237163,-211,-552,583,-21000,14367,-14052,brushing
390246952,-132,-391,828,-21000,14367,-14052,brushing
390256132,-132,-391,828,-33110,18095,-37695,brushing
390264395,-158,-201,1053,-33110,18095,-37695,brushing
390275405,-158,-201,1053,-40705,-5897,-59185,brushing
390281531,-210,-167,1148,-40705,-5897,-59185,brushing
390294679,-210,-167,1148,-47040,-67917,-83037,brushing
390298668,-135,15,1259,-47040,-67917,-83037,brushing
390313953,-135,15,1259,-37835,-64890,-84437,brushing
390316110,-64,86,1399,-37835,-64890,-84437,brushing
390332921,-64,86,1399,-15522,-16695,-63297,brushing
390333551,19,611,1593,-15522,-16695,-63297,brushing
390350363,118,802,1539,-15522,-16695,-63297,brushing
390352215,118,802,1539,7612,-20877,-34037,brushing
390367804,128,517,1429,7612,-20877,-34037,brushing
390371487,128,517,1429,27335,-34702,-2747,brushing
390384940,26,-47,1044,27335,-34702,-2747,brushing
390390455,26,-47,1044,37887,-42595,9922,brushing
390402077,31,-22,919,37887,-42595,9922,brushing
390409729,31,-22,919,45920,18427,30537,brushing
390419213,99,520,927,45920,18427,30537,brushing
390429003,99,520,927,46497,45727,58485,brushing
390436656,34,574,879,46497,45727,58485,brushing
390448278,34,574,879,33862,-35227,63297,brushing
390453793,-75,-119,534,33862,-35227,63297,brushing
390467246,-75,-119,534,28700,-18830,63700,brushing
390470930,-79,-519,466,28700,-18830,63700,brushing
390486521,-79,-519,466,19372,63542,61950,brushing
390488372,-95,-541,456,19372,63542,61950,brushing
390505489,-213,-658,481,-1837,60690,32182,brushing
390522617,-142,-520,578,-1837,60690,32182,brushing
390525080,-142,-520,578,-23012,22715,-8715,brushing
390540059,-98,-251,927,-23012,22715,-8715,brushing
390544048,-98,-251,927,-35087,32042,-28367,brushing
390557197,-162,-215,1040,-35087,32042,-28367,brushing
390563323,-162,-215,1040,-42035,3937,-50995,brushing
390574334,-219,-289,1196,-42035,3937,-50995,brushing
390582596,-219,-289,1196,-48860,-51240,-76825,brushing
390591470,-128,125,1311,-48860,-51240,-76825,brushing
390601565,-128,125,1311,-41912,-53130,-78470,brushing
390608912,-78,246,1427,-41912,-53130,-78470,brushing
390620839,-78,246,1427,-20597,-1645,-59990,brushing
390626049,42,806,1634,-20597,-1645,-59990,brushing
390640112,42,806,1634,1750,9082,-25410,brushing
390643186,131,921,1602,1750,9082,-25410,brushing
390659386,131,921,1602,20317,-17745,5722,brushing
390660628,92,433,1486,20317,-17745,5722,brushing
390677744,-19,-97,1212,20317,-17745,5722,brushing
390678374,-19,-97,1212,34072,-33600,18147,brushing
390694881,12,31,1070,34072,-33600,18147,brushing
390697649,12,31,1070,46585,15942,32375,brushing
390712322,126,492,1020,46585,15942,32375,brushing
390716922,126,492,1020,47915,51030,55020,brushing
390729459,103,316,692,47915,51030,55020,brushing
390735890,103,316,692,31955,-18567,54145,brushing
390746596,-1,-134,398,31955,-18567,54145,brushing
390755165,-1,-134,398,12005,-29225,54757,brushing
390763734,-140,-504,454,12005,-29225,54757,brushing
390774439,-140,-504,454,-7157,-10272,43295,brushing
390781176,-201,-677,372,-7157,-10272,43295,brushing
390793712,-201,-677,372,-22995,10377,17587,brushing
390798312,-206,-468,556,-22995,10377,17587,brushing
390812680,-206,-468,556,-35000,8417,-6965,brushing
390815447,-152,-125,812,-35000,8417,-6965,brushing
390831953,-152,-125,812,-41107,-33180,-26495,brushing
390832889,-212,-100,1062,-41107,-33180,-26495,brushing
390850006,-265,-80,1073,-41107,-33180,-26495,brushing
390851247,-265,-80,1073,-39462,-78662,-44240,brushing
390867142,-208,13,1257,-39462,-78662,-44240,brushing
390870215,-208,13,1257,-30502,-72292,-47442,brushing
390884584,-200,112,1285,-30502,-72292,-47442,brushing
390889488,-200,112,1285,-15400,-70560,-47792,brushing
390901720,-141,192,1319,-15400,-70560,-47792,brushing
390908762,-141,192,1319,1592,-63560,-39287,brushing
390918857,-66,247,1291,1592,-63560,-39287,brushing
390927731,-66,247,1291,19582,-46812,-23555,brushing
390935995,-29,224,1251,19582,-46812,-23555,brushing
390947006,-29,224,1251,31552,-44117,-8750,brushing
390953438,-63,-90,1042,31552,-44117,-8750,brushing
390966280,-63,-90,1042,35577,-54897,-8557,brushing
390970574,-44,-277,879,35577,-54897,-8557,brushing
390985553,-44,-277,879,38780,-8417,-2082,brushing
390987710,11,-124,837,38780,-8417,-2082,brushing
391004521,11,-124,837,42577,66360,16030,brushing
391005151,68,130,813,42577,66360,16030,brushing
391022269,134,481,814,42577,66360,16030,brushing
391023815,134,481,814,42192,118650,41650,brushing
391039406,137,504,840,42192,118650,41650,brushing
391043090,137,504,840,29715,98962,62107,brushing
391056542,-21,-170,721,29715,98962,62107,brushing
391062058,-21,-170,721,10500,18532,51082,brushing
391073984,-149,-775,702,10500,18532,51082,brushing
391081331,-149,-775,702,-3675,3937,27020,brushing
391091120,-176,-888,752,-3675,3937,27020,brushing
391100606,-176,-888,752,-14910,6842,-11025,brushing
391108259,-93,-474,945,-14910,6842,-11025,brushing
391119880,-93,-474,945,-24412,122,-39515,brushing
391125701,-73,-159,1150,-24412,122,-39515,brushing
391138848,-73,-159,1150,-34440,-56770,-62965,brushing
391142837,-66,57,1113,-34440,-56770,-62965,brushing
391158122,-66,57,1113,-40110,-92592,-68582,brushing
391159974,-22,52,1185,-40110,-92592,-68582,brushing
391177090,-65,163,1225,-36470,-86030,-63437,brushing
391194524,-29,427,1295,-36470,-86030,-63437,brushing
391196376,-29,427,1295,-22032,-46130,-39392,brushing
391211662,40,598,1367,-22032,-46130,-39392,brushing
391215651,40,598,1367,-4042,-12355,-7157,brushing
391228799,-57,145,1179,-4042,-12355,-7157,brushing
391234924,-57,145,1179,5145,-41842,6335,brushing
391246241,-85,-249,963,5145,-41842,6335,brushing
391254199,-85,-249,963,12040,-25532,11987,brushing
391263377,-78,-207,873,12040,-25532,11987,brushing
391273167,-78,-207,873,18357,42157,22750,brushing
391280514,-59,-8,856,18357,42157,22750,brushing
391292441,-59,-8,856,23100,102655,36995,brushing
391297957,9,355,919,23100,102655,36995,brushing
391311715,9,355,919,18760,104930,51905,brushing
391315093,19,299,935,18760,104930,51905,brushing
391330989,19,299,935,682,5022,35735,brushing
391332231,-94,-403,768,682,5022,35735,brushing
391349652,-171,-805,684,-17920,-46707,5477,brushing
391366780,-95,-383,909,-17920,-46707,5477,brushing
391369242,-95,-383,909,-26145,-8785,-13842,brushing
391383916,-68,101,1206,-26145,-8785,-13842,brushing
391388517,-68,101,1206,-27667,-6580,-22260,brushing
391401359,-117,83,1210,-27667,-6580,-22260,brushing
391407485,-117,83,1210,-26705,-68127,-32987,brushing
391418495,-123,22,1185,-26705,-68127,-32987,brushing
391426757,-123,22,1185,-22855,-98385,-35507,brushing
391435631,-86,46,1166,-22855,-98385,-35507,brushing
391446031,-86,46,1166,-17290,-104247,-30345,brushing
391453073,-73,-9,1059,-17290,-104247,-30345,brushing
391465305,-73,-9,1059,-14367,-104195,-23520,brushing
391470209,-86,-99,960,-14367,-104195,-23520,brushing
391484273,-86,-99,960,-15452,-101500,-19407,brushing
391487346,-89,-192,909,-15452,-101500,-19407,brushing
391503547,-89,-192,909,-15907,-84122,-13667,brushing
391504483,-77,-184,937,-15907,-84122,-13667,brushing
391521905,-82,-204,967,-15907,-84122,-13667,brushing
391522841,-82,-204,967,-14822,-68652,-7297,brushing
391539041,-109,-248,925,-14822,-68652,-7297,brushing
391542114,-109,-248,925,-14542,-70945,-6142,brushing
391556177,-112,-241,972,-14542,-70945,-6142,brushing
391561082,-112,-241,972,-12635,-63420,-2485,brushing
391573618,-155,-294,981,-12635,-63420,-2485,brushing
391580355,-155,-294,981,-9572,-66692,-2432,brushing
391590754,-174,-313,980,-9572,-66692,-2432,brushing
391599627,-174,-313,980,-6247,-71207,-3395,brushing
391607890,-152,-313,924,-6247,-71207,-3395,brushing
391618900,-152,-313,924,-2887,-69387,-3290,brushing
391625332,-133,-309,900,-2887,-69387,-3290,brushing
391637869,-133,-309,900,-2957,-72135,-2502,brushing
391642468,-177,-388,886,-2957,-72135,-2502,brushing
391657143,-177,-388,886,-2345,-79310,-5530,brushing
391659605,-156,-378,894,-2345,-79310,-5530,brushing
391676416,-156,-378,894,332,-74742,-4725,brushing
391677046,-155,-411,852,332,-74742,-4725,brushing
391694163,-170,-438,793,332,-74742,-4725,brushing
391695405,-170,-438,793,2852,-73797,-6002,brushing
391711301,-139,-487,772,2852,-73797,-6002,brushing
391714678,-139,-487,772,3412,-72257,-8032,brushing
391728742,-142,-511,804,3412,-72257,-8032,brushing
391733952,-142,-511,804,3290,-74620,-12075,brushing
391745879,-129,-544,859,3290,-74620,-12075,brushing
391753226,-129,-544,859,7052,-74637,-15365,brushing
391763016,-141,-603,828,7052,-74637,-15365,brushing
391772195,-141,-603,828,13667,-70560,-19197,brushing
391780152,-74,-544,767,13667,-70560,-19197,brushing
391791469,-74,-544,767,18812,-45815,-14577,brushing
391797596,-69,-551,684,18812,-45815,-14577,brushing
391810744,-69,-551,684,17325,-36872,-13440,brushing
391814733,-69,-648,618,17325,-36872,-13440,brushing
391829712,-69,-648,618,13405,-19057,-13125,brushing
391831869,-42,-634,611,13405,-19057,-13125,brushing
391848985,-42,-634,611,8155,-665,-11830,brushing
391849615,-68,-594,743,8155,-665,-11830,brushing
391866426,-87,-531,902,8155,-665,-11830,brushing
391868278,-87,-531,902,6667,4357,-11252,brushing
391883563,-67,-418,938,6667,4357,-11252,brushing
391887552,-67,-418,938,9362,-490,-8172,brushing
391901005,-76,-428,938,9362,-490,-8172,brushing
391906521,-76,-428,938,10150,-25445,-7262,brushing
391918142,-69,-500,900,10150,-25445,-7262,brushing
391925794,-69,-500,900,10657,-42245,-6037,brushing
391935278,-50,-549,850,10657,-42245,-6037,brushing
391945067,-50,-549,850,10675,-44012,-4287,brushing
391952415,-55,-572,812,10675,-44012,-4287,brushing
391964035,-55,-572,812,9082,-44992,-3097,brushing
391969856,-33,-559,742,9082,-44992,-3097,brushing
391983310,-33,-559,742,7752,-37642,647,brushing
391986994,-35,-524,747,7752,-37642,647,brushing
392002585,-35,-524,747,6230,-43645,2537,brushing
392004130,-42,-503,696,6230,-43645,2537,brushing
392021552,-57,-489,671,4742,-50295,4305,brushing
392038680,-150,-614,688,4742,-50295,4305,brushing
392040837,-150,-614,688,2292,-54967,5862,brushing
392055816,-182,-702,684,2292,-54967,5862,brushing
392060112,-182,-702,684,1190,-57102,2642,brushing
392073259,-159,-669,656,1190,-57102,2642,brushing
392079385,-159,-669,656,1907,-37187,4497,brushing
392090396,-223,-804,741,1907,-37187,4497,brushing
392098658,-223,-804,741,1575,-41160,-4235,brushing
392107532,-142,-659,707,1575,-41160,-4235,brushing
392117627,-142,-659,707,2450,-33477,-6527,brushing
392124974,-107,-601,857,2450,-33477,-6527,brushing
392136900,-107,-601,857,5110,-28682,-4567,brushing
392142111,-130,-699,864,5110,-28682,-4567,brushing
392156174,-130,-699,864,8995,-19600,-5425,brushing
392159248,-65,-836,835,8995,-19600,-5425,brushing
392175448,-65,-836,835,10500,6737,-5915,brushing
392176690,-37,-933,784,10500,6737,-5915,brushing
392193806,-23,-985,793,10500,6737,-5915,brushing
392194436,-23,-985,793,8890,48440,-4217,brushing
392210943,-16,-1009,634,8890,48440,-4217,brushing
392213711,-16,-1009,634,4515,92890,-4077,brushing
392228386,-5,-719,536,4515,92890,-4077,brushing
392232985,-5,-719,536,-8085,127190,-2240,brushing
392245523,-72,-417,685,-8085,127190,-2240,brushing
392251954,-72,-417,685,-23292,112927,-2082,brushing
392262660,-95,-287,773,-23292,112927,-2082,brushing
392271227,-95,-287,773,-34755,66377,-4865,brushing
392279796,-109,-290,843,-34755,66377,-4865,brushing
392290501,-109,-290,843,-37502,33740,-3307,brushing
392297238,-104,-354,912,-37502,33740,-3307,brushing
392309775,-104,-354,912,-33792,5425,-1067,brushing
392314374,-106,-345,889,-33792,5425,-1067,brushing
392328743,-106,-345,889,-25602,-21210,1890,brushing
392331511,-78,-324,936,-25602,-21210,1890,brushing
392348016,-78,-324,936,-14875,-59255,2782,brushing
392348953,-111,-475,889,-14875,-59255,2782,brushing
392366070,-122,-584,791,-14875,-59255,2782,brushing
392367311,-122,-584,791,-1260,-76860,1032,brushing
392383206,-116,-567,709,-1260,-76860,1032,brushing
392386280,-116,-567,709,9467,-69597,1837,brushing
392400344,-121,-576,627,9467,-69597,1837,brushing
392405554,-121,-576,627,16292,-58292,4235,brushing
392417785,-92,-541,535,16292,-58292,4235,brushing
392424827,-92,-541,535,17780,-47932,7857,brushing
392434921,-79,-516,595,17780,-47932,7857,brushing
392444100,-79,-516,595,14315,-56070,7857,brushing
392452057,-117,-615,548,14315,-56070,7857,brushing
392463068,-117,-615,548,12110,-51520,5390,brushing
392469500,-162,-758,642,12110,-51520,5390,brushing
392482342,-162,-758,642,11917,-19775,6037,brushing
392486636,-131,-699,679,11917,-19775,6037,brushing
392501616,-131,-699,679,10815,9310,9047,brushing
392503774,-116,-497,807,10815,9310,9047,brushing
392520584,-116,-497,807,6930,6055,10202,brushing
392521214,-155,-518,865,6930,6055,10202,brushing
392538331,-182,-556,890,6930,6055,10202,brushing
392539877,-182,-556,890,2187,-11060,9642,brushing
392555468,-192,-650,919,2187,-11060,9642,brushing
392559152,-192,-650,919,-927,-14245,10045,brushing
392572606,-202,-747,902,-927,-14245,10045,brushing
392578426,-202,-747,902,-2992,-14612,6842,brushing
392590048,-180,-778,867,-2992,-14612,6842,brushing
392597396,-180,-778,867,-4147,-2170,4340,brushing
392607185,-199,-828,876,-4147,-2170,4340,brushing
392616670,-199,-828,876,-4917,11970,1890,brushing
392624322,-206,-892,874,-4917,11970,1890,brushing
392635944,-206,-892,874,-5127,26110,-3272,brushing
392641765,-160,-761,833,-5127,26110,-3272,brushing
392655218,-160,-761,833,-6615,40530,-4812,brushing
392658902,-153,-697,840,-6615,40530,-4812,brushing
392674186,-153,-697,840,-8120,40810,-7297,brushing
392676039,-138,-702,765,-8120,40810,-7297,brushing
392693460,-69,-504,766,-11567,31010,-9030,brushing
392710588,-55,-554,787,-11567,31010,-9030,brushing
392712746,-55,-554,787,-14192,21140,-6265,brushing
392728031,-47,-484,727,-14192,21140,-6265,brushing
392732019,-47,-484,727,-13982,9642,-2275,brushing
392745167,-23,-423,767,-13982,9642,-2275,brushing
392750988,-23,-423,767,-12705,-8697,3412,brushing
392762305,-46,-540,746,-12705,-8697,3412,brushing
392770263,-46,-540,746,-8295,-32480,5477,brushing
392779747,-89,-621,697,-8295,-32480,5477,brushing
392789536,-89,-621,697,-1242,-39462,5582,brushing
392796882,-112,-547,657,-1242,-39462,5582,brushing
392808809,-112,-547,657,4532,-44205,5670,brushing
392814018,-131,-517,635,4532,-44205,5670,brushing
392827777,-131,-517,635,9170,-54320,5040,brushing
392831155,-160,-575,640,9170,-54320,5040,brushing
392847051,-160,-575,640,14630,-56455,3290,brushing
392848598,-177,-612,610,14630,-56455,3290,brushing
392865715,-196,-517,585,14630,-56455,3290,brushing
392866345,-196,-517,585,20300,-32812,6475,brushing
392883157,-262,-521,622,20300,-32812,6475,brushing
392885621,-262,-521,622,22627,-28682,8155,brushing
392900294,-273,-599,615,22627,-28682,8155,brushing
392904589,-273,-599,615,20422,-39095,3272,brushing
392917431,-288,-811,689,20422,-39095,3272,brushing
392923863,-288,-811,689,16432,-31500,-7787,brushing
392934567,-178,-696,737,16432,-31500,-7787,brushing
392943136,-178,-696,737,17237,21000,-6632,brushing
392952009,-232,-688,845,17237,21000,-6632,brushing
392962409,-232,-688,845,13597,34755,-8522,brushing
392969145,-244,-613,921,13597,34755,-8522,brushing
392981377,-244,-613,921,7140,23257,-10850,brushing
392986283,-166,-539,1027,7140,23257,-10850,brushing
393000651,-166,-539,1027,1487,10062,-10237,brushing
393003724,-134,-630,1020,1487,10062,-10237,brushing
393019924,-134,-630,1020,-2537,7245,-7070,brushing
393020861,-115,-694,1017,-2537,7245,-7070,brushing
393037978,-101,-739,947,-2537,7245,-7070,brushing
393039220,-101,-739,947,-7105,4042,-6177,brushing
393055421,-117,-784,892,-7105,4042,-6177,brushing
393058189,-117,-784,892,-11672,2782,-7157,brushing
393072557,-151,-830,857,-11672,2782,-7157,brushing
393077463,-151,-830,857,-13615,1575,-10815,brushing
393089694,-119,-771,759,-13615,1575,-10815,brushing
393096736,-119,-771,759,-13300,12530,-11970,brushing
393107136,-72,-695,674,-13300,12530,-11970,brushing
393115704,-72,-695,674,-13912,28472,-9205,brushing
393124273,-38,-550,660,-13912,28472,-9205,brushing
393134978,-38,-550,660,-17290,21542,-5110,brushing
393141409,25,-405,703,-17290,21542,-5110,brushing
393154252,25,-405,703,-18025,2607,1225,brushing
393158851,37,-423,733,-18025,2607,1225,brushing
393173526,37,-423,733,-13125,-17097,7612,brushing
393175988,-41,-641,711,-13125,-17097,7612,brushing
393192494,-41,-641,711,-3902,-23660,7962,brushing
393193124,-107,-771,640,-3902,-23660,7962,brushing
393210547,-118,-664,585,-3902,-23660,7962,brushing
393211788,-118,-664,585,4970,-11375,7385,brushing
393227684,-128,-540,556,4970,-11375,7385,brushing
393231061,-128,-540,556,8260,-10867,6860,brushing
393244819,-146,-534,528,8260,-10867,6860,brushing
393250336,-146,-534,528,9047,-17762,6212,brushing
393261957,-166,-542,543,9047,-17762,6212,brushing
393269305,-166,-542,543,9485,-14437,7420,brushing
393279399,-238,-643,562,9485,-14437,7420,brushing
393288578,-238,-643,562,9310,-8085,4077,brushing
393296535,-215,-547,604,9310,-8085,4077,brushing
393307851,-215,-547,604,10045,3990,2940,brushing
393313671,-265,-582,726,10045,3990,2940,brushing
393327124,-265,-582,726,13020,5232,-840,brushing
393331114,-168,-383,796,13020,5232,-840,brushing
393346094,-168,-383,796,18567,16170,4252,brushing
393348251,-161,-460,888,18567,16170,4252,brushing
393365367,-222,-692,862,21105,-2170,17,brushing
393382801,-215,-845,874,21105,-2170,17,brushing
393384654,-215,-845,874,24902,3605,-4095,brushing
393399938,-203,-768,856,24902,3605,-4095,brushing
393403927,-203,-768,856,26722,15417,-10342,brushing
393417076,-166,-644,869,26722,15417,-10342,brushing
393422896,-166,-644,869,28332,36820,-11427,brushing
393434517,-176,-589,895,28332,36820,-11427,brushing
393442169,-176,-589,895,26512,34562,-13125,brushing
393451653,-181,-616,886,26512,34562,-13125,brushing
393461443,-181,-616,886,21455,20947,-15487,brushing
393468790,-150,-652,892,21455,20947,-15487,brushing
393480411,-150,-652,892,14192,23030,-14542,brushing
393486231,-136,-618,926,14192,23030,-14542,brushing
393499684,-136,-618,926,6737,31570,-11847,brushing
393503367,-132,-535,997,6737,31570,-11847,brushing
393518957,-132,-535,997,1085,16397,-15102,brushing
393520503,-132,-577,1009,1085,16397,-15102,brushing
393537925,-98,-570,918,-2467,-1277,-20440,brushing
393555054,-47,-549,849,-2467,-1277,-20440,brushing
393557211,-47,-549,849,-4497,-437,-18742,brushing
393572190,4,-538,742,-4497,-437,-18742,brushing
393576485,4,-538,742,-7630,2257,-15102,brushing
393589632,5,-580,742,-7630,2257,-15102,brushing
393595756,5,-580,742,-11900,3132,-9572,brushing
393606767,51,-574,725,-11900,3132,-9572,brushing
393615030,51,-574,725,-13352,9957,-4462,brushing
393623904,104,-536,730,-13352,9957,-4462,brushing
393634000,104,-536,730,-11410,21350,3080,brushing
393641347,38,-536,700,-11410,21350,3080,brushing
393653273,38,-536,700,-7980,20230,7472,brushing
393658483,16,-528,713,-7980,20230,7472,brushing
393672547,16,-528,713,-5075,6720,7980,brushing
393675620,-60,-580,687,-5075,6720,7980,brushing
393691820,-60,-580,687,52,472,7157,brushing
393692756,-61,-599,668,52,472,7157,brushing
393710177,-78,-579,687,52,472,7157,brushing
393710808,-78,-579,687,7192,16380,8942,brushing
393727314,-91,-555,677,7192,16380,8942,brushing
393730082,-91,-555,677,13457,36697,9152,brushing
393744449,-71,-465,677,13457,36697,9152,brushing
393749354,-71,-465,677,17097,58362,10710,brushing
393761891,-75,-331,660,17097,58362,10710,brushing
393768323,-75,-331,660,17955,88095,17010,brushing
393779028,-104,-253,763,17955,88095,17010,brushing
393787597,-104,-253,763,20387,126717,29260,brushing
393796165,-179,-311,941,20387,126717,29260,brushing
393806870,-179,-311,941,20405,119420,30380,brushing
393813606,-264,-296,1010,20405,119420,30380,brushing
393826143,-264,-296,1010,19880,73185,17097,brushing
393830743,-285,-437,1045,19880,73185,17097,brushing
393845112,-285,-437,1045,22207,68215,10412,brushing
393847880,-59,-78,910,22207,68215,10412,brushing
393864386,-59,-78,910,27965,123200,19897,brushing
393865322,-227,-439,1253,27965,123200,19897,brushing
393882439,-204,-218,952,27965,123200,19897,brushing
393883680,-204,-218,952,23450,49350,5530,brushing
393899575,-97,-275,1009,23450,49350,5530,brushing
393902649,-97,-275,1009,22662,41492,1242,brushing
393917017,-96,-232,994,22662,41492,1242,brushing
393921922,-96,-232,994,19442,38710,1015,brushing
393934154,-62,-304,940,19442,38710,1015,brushing
393941197,-62,-304,940,15855,31692,-2782,brushing
393951291,-77,-280,928,15855,31692,-2782,brushing
393960470,-77,-280,928,13212,36400,-2485,brushing
393968427,-64,-252,929,13212,36400,-2485,brushing
393979438,-64,-252,929,11427,39217,-2572,brushing
393985869,-53,-208,940,11427,39217,-2572,brushing
393998711,-53,-208,940,8995,35962,-2677,brushing
394003005,-51,-168,943,8995,35962,-2677,brushing
394017985,-51,-168,943,8295,37397,-560,brushing
394020142,59,111,893,8295,37397,-560,brushing
394037259,59,111,893,17955,112385,27737,brushing
394037889,164,11,958,17955,112385,27737,brushing
394054700,-236,-359,1193,17955,112385,27737,brushing
394056246,-236,-359,1193,7350,61145,18742,brushing
394071837,-165,-472,890,7350,61145,18742,brushing
394075521,-165,-472,890,5425,-42595,-11200,brushing
394089279,-41,-207,980,5425,-42595,-11200,brushing
394094794,-41,-207,980,10605,36697,1715,brushing
394106416,6,34,1042,10605,36697,1715,brushing
394114068,6,34,1042,17605,78610,8802,brushing
394123552,85,204,1017,17605,78610,8802,brushing
394133036,85,204,1017,19215,81235,21035,brushing
394140995,49,287,1056,19215,81235,21035,brushing
394152311,49,287,1056,15330,39567,26215,brushing
394158132,30,102,1029,15330,39567,26215,brushing
394171586,30,102,1029,12337,7980,29540,brushing
394175270,22,-70,1019,12337,7980,29540,brushing
394190554,22,-70,1019,12267,8750,32567,brushing
394192407,-4,-206,1038,12267,8750,32567,brushing
394209828,-35,-181,1034,15820,34090,33075,brushing
394226957,-55,-98,1042,15820,34090,33075,brushing
394229114,-55,-98,1042,18655,53952,33845,brushing
394244398,-86,-73,1050,18655,53952,33845,brushing
394248387,-86,-73,1050,18357,50242,29347,brushing
394261534,-117,-139,1011,18357,50242,29347,brushing
394267354,-117,-139,1011,15242,33075,21805,brushing
394278670,-180,-223,1002,15242,33075,21805,brushing
394286628,-180,-223,1002,11427,332,1260,brushing
394295807,-82,-72,926,11427,332,1260,brushing
394305901,-82,-72,926,14717,38727,7262,brushing
394313248,-4,150,921,14717,38727,7262,brushing
394325174,-4,150,921,14455,63507,12092,brushing
394330385,23,256,931,14455,63507,12092,brushing
394344143,23,256,931,9922,42192,9957,brushing
394347521,6,220,931,9922,42192,9957,brushing
394363416,6,220,931,5180,7017,5425,brushing
394364964,-31,135,957,5180,7017,5425,brushing
394382080,-41,62,961,5180,7017,5425,brushing
394382710,-41,62,961,3885,-13195,3570,brushing
394399217,-30,72,962,3885,-13195,3570,brushing
394401680,-30,72,962,3255,-21997,1242,brushing
394416660,-31,112,956,3255,-21997,1242,brushing
394420954,-31,112,956,2100,-31570,-1785,brushing
394433796,-45,157,1002,2100,-31570,-1785,brushing
394440227,-45,157,1002,1365,-48650,-3482,brushing
394450932,-59,118,1022,1365,-48650,-3482,brushing
394459501,-59,118,1022,1925,-61267,-2590,brushing
394468375,-67,55,1020,1925,-61267,-2590,brushing
394478470,-67,55,1020,2957,-61250,-2625,brushing
394485512,-86,10,1031,2957,-61250,-2625,brushing
394497744,-86,10,1031,4095,-55790,-4270,brushing
394502649,-90,0,1016,4095,-55790,-4270,brushing
394517018,-90,0,1016,4637,-47337,-6177,brushing
394519786,-99,-25,1011,4637,-47337,-6177,brushing
394536291,-99,-25,1011,3815,-45867,-12320,brushing
394537227,-133,-57,1048,3815,-45867,-12320,brushing
394554344,-152,-113,1055,3815,-45867,-12320,brushing
394555279,-152,-113,1055,3430,-56472,-22155,brushing
394571479,-155,-182,1024,3430,-56472,-22155,brushing
394574553,-155,-182,1024,1785,-71592,-33827,brushing
394588921,-69,-45,1027,1785,-71592,-33827,brushing
394593827,-69,-45,1027,-595,-85190,-42507,brushing
394606059,67,26,1071,-595,-85190,-42507,brushing
394612795,67,26,1071,-210,-77665,-37695,brushing
394623195,152,71,1018,-210,-77665,-37695,brushing
394632069,152,71,1018,-980,-73552,-31552,brushing
394640637,182,15,1005,-980,-73552,-31552,brushing
394651342,182,15,1005,-1977,-76282,-21385,brushing
394657773,221,-47,991,-1977,-76282,-21385,brushing
394670616,221,-47,991,-3972,-92977,-12022,brushing
394674912,210,-227,991,-3972,-92977,-12022,brushing
394689585,210,-227,991,-2485,-99085,-5180,brushing
394692353,201,-390,965,-2485,-99085,-5180,brushing
394708859,201,-390,965,385,-87622,-1260,brushing
394709489,139,-551,925,385,-87622,-1260,brushing
394726606,101,-516,847,385,-87622,-1260,brushing
394728153,101,-516,847,4130,-67812,577,brushing
394744049,101,-413,839,4130,-67812,577,brushing
394747428,101,-413,839,5197,-50802,5880,brushing
394761186,98,-370,835,5197,-50802,5880,brushing
394766395,98,-370,835,6072,-34107,11375,brushing
394778322,105,-329,845,6072,-34107,11375,brushing
394785670,105,-329,845,9432,-17,20475,brushing
394795765,106,-307,837,9432,-17,20475,brushing
394804944,106,-307,837,12967,30712,29890,brushing
394812902,54,-220,893,12967,30712,29890,brushing
394824218,54,-220,893,18550,48965,38762,brushing
394830039,54,-97,977,18550,48965,38762,brushing
394843491,54,-97,977,18917,23345,39795,brushing
394847480,32,-231,880,18917,23345,39795,brushing
394862459,32,-231,880,16362,-8942,32655,brushing
394864617,-126,-479,874,16362,-8942,32655,brushing
394881734,-140,-622,845,15872,-7367,21997,brushing
394899168,-127,-412,825,15872,-7367,21997,brushing
394901021,-127,-412,825,13405,16695,9992,brushing
394916305,-39,-34,930,13405,16695,9992,brushing
394920294,-39,-34,930,11865,33635,8172,brushing
394933441,-21,9,960,11865,33635,8172,brushing
394939262,-21,9,960,9432,22715,8942,brushing
394950883,-66,-98,933,9432,22715,8942,brushing
394958536,-66,-98,933,6842,7472,5932,brushing
394968020,-130,-235,971,6842,7472,5932,brushing
394977809,-130,-235,971,6475,-630,1067,brushing
394985157,-155,-310,1013,6475,-630,1067,brushing
394997084,-155,-310,1013,4060,-3745,-7787,brushing
395002600,-115,-238,1062,4060,-3745,-7787,brushing
395016053,-115,-238,1062,-1575,1697,-12985,brushing
395019737,-69,-182,1121,-1575,1697,-12985,brushing
395035326,-69,-182,1121,-8347,4655,-17482,brushing
395036873,-66,-195,1111,-8347,4655,-17482,brushing
395054294,-77,-282,1073,-14997,-2345,-23555,brushing
395071422,-82,-401,906,-14997,-2345,-23555,brushing
395073580,-82,-401,906,-24115,-21962,-34772,brushing
395088559,16,-226,782,-24115,-21962,-34772,brushing
395092854,16,-226,782,-36627,-32707,-40810,brushing
395106002,127,-157,892,-36627,-32707,-40810,brushing
395112128,127,-157,892,-42577,-6317,-33460,brushing
395123138,203,-76,972,-42577,-6317,-33460,brushing
395131401,203,-76,972,-38605,32305,-16520,brushing
395140274,225,-31,1073,-38605,32305,-16520,brushing
395150368,225,-31,1073,-29855,42857,787,brushing
395157411,204,-115,1102,-29855,42857,787,brushing
395169643,204,-115,1102,-21752,8365,8890,brushing
395174852,121,-352,1091,-21752,8365,8890,brushing
395188916,121,-352,1091,-10692,-22277,10342,brushing
395191990,62,-409,1074,-10692,-22277,10342,brushing
395207885,62,-409,1074,2555,-24552,13352,brushing
395209127,44,-311,1027,2555,-24552,13352,brushing
395226549,46,-165,977,2555,-24552,13352,brushing
395227180,46,-165,977,14280,-20982,18917,brushing
395243686,116,-93,962,14280,-20982,18917,brushing
395246454,116,-93,962,24290,-17797,29557,brushing
395260823,130,-5,881,24290,-17797,29557,brushing
395265728,130,-5,881,30450,-16240,44135,brushing
395278265,65,36,911,30450,-16240,44135,brushing
395284696,65,36,911,33180,-24097,59622,brushing
395295402,-72,-341,733,33180,-24097,59622,brushing
395303971,-72,-341,733,30555,-42017,55510,brushing
395312539,-69,-451,762,30555,-42017,55510,brushing
395323244,-69,-451,762,34475,12337,59167,brushing
395329981,-152,-195,881,34475,12337,59167,brushing
395342519,-152,-195,881,31920,17167,52955,brushing
395347118,-202,-416,814,31920,17167,52955,brushing
395361487,-202,-416,814,26302,16852,37432,brushing
395364255,-316,-374,856,26302,16852,37432,brushing
395380760,-316,-374,856,18060,18655,19302,brushing
395381696,-337,-282,967,18060,18655,19302,brushing
395398812,-251,-21,1137,18060,18655,19302,brushing
395400054,-251,-21,1137,15400,36400,11672,brushing
395415949,-208,-85,1142,15400,36400,11672,brushing
395419022,-208,-85,1142,11812,19600,385,brushing
395433390,-181,-322,1096,11812,19600,385,brushing
395438295,-181,-322,1096,5530,-11147,-14490,brushing
395450527,-132,-403,1056,5530,-11147,-14490,brushing
395457568,-132,-403,1056,-472,-23415,-30135,brushing
395467663,-97,-388,985,-472,-23415,-30135,brushing
395476841,-97,-388,985,-9887,-41545,-44782,brushing
395484799,-73,-451,858,-9887,-41545,-44782,brushing
395495809,-73,-451,858,-23117,-55265,-59412,brushing
395502241,-38,-422,793,-23117,-55265,-59412,brushing
395515084,-38,-422,793,-34737,-39987,-62037,brushing
395519378,91,-29,852,-34737,-39987,-62037,brushing
395534357,91,-29,852,-37292,-10167,-46007,brushing
395536515,207,23,1014,-37292,-10167,-46007,brushing
395553631,207,23,1014,-29207,17465,-24307,brushing
395554261,247,57,1051,-29207,17465,-24307,brushing
395571070,271,-72,1117,-29207,17465,-24307,brushing
395572617,271,-72,1117,-16275,27475,437,brushing
395588207,76,-446,985,-16275,27475,437,brushing
395591892,76,-446,985,-5985,-3797,5337,brushing
395605650,39,-447,976,-5985,-3797,5337,brushing
395611166,39,-447,976,5057,-9170,7822,brushing
395622787,33,-239,980,5057,-9170,7822,brushing
395630134,33,-239,980,16555,2152,11812,brushing
395639923,65,-19,992,16555,2152,11812,brushing
395649407,65,-19,992,28192,15627,25112,brushing
395657364,115,123,1027,28192,15627,25112,brushing
395668679,115,123,1027,40460,29802,44800,brushing
395674500,187,247,1068,40460,29802,44800,brushing
395687953,187,247,1068,47775,30747,67480,brushing
395691637,97,46,879,47775,30747,67480,brushing
395706921,97,46,879,37502,-27632,63227,brushing
395708774,-152,-669,618,37502,-27632,63227,brushing
395726196,-281,-909,714,30747,1942,47740,brushing
395743325,-379,-657,730,30747,1942,47740,brushing
395745482,-379,-657,730,19040,39357,22837,brushing
395760460,-215,74,1021,19040,39357,22837,brushing
395764754,-215,74,1021,8470,52430,9607,brushing
395777901,-175,115,1176,8470,52430,9607,brushing
395783723,-175,115,1176,542,27160,-2415,brushing
395795039,-201,-157,1108,542,27160,-2415,brushing
395802996,-201,-157,1108,-4760,-7472,-15907,brushing
395812175,-186,-341,1105,-4760,-7472,-15907,brushing
395822271,-186,-341,1105,-8662,-29347,-31412,brushing
395829618,-177,-455,1034,-8662,-29347,-31412,brushing
395841238,-177,-455,1034,-14805,-53865,-52990,brushing
395846753,-178,-571,964,-14805,-53865,-52990,brushing
395860512,-178,-571,964,-22592,-53042,-70962,brushing
395863891,-128,-463,923,-22592,-53042,-70962,brushing
395879786,-128,-463,923,-29907,-29067,-78067,brushing
395881028,-51,-286,950,-29907,-29067,-78067,brushing
395898449,12,-114,995,-29907,-29067,-78067,brushing
395899079,12,-114,995,-32532,8347,-73867,brushing
395915585,89,37,1034,-32532,8347,-73867,brushing
395918047,89,37,1034,-30432,41650,-58835,brushing
395932722,203,189,1087,-30432,41650,-58835,brushing
395937322,203,189,1087,-29067,43032,-39637,brushing
395950164,266,213,1124,-29067,43032,-39637,brushing
395956595,266,213,1124,-27160,11777,-22400,brushing
395967300,269,-193,1080,-27160,11777,-22400,brushing
395975563,269,-193,1080,-22610,6790,-11620,brushing
395984437,213,-280,993,-22610,6790,-11620,brushing
395994836,213,-280,993,-17167,42525,6405,brushing
396001878,187,-310,912,-17167,42525,6405,brushing
396014110,187,-310,912,-16537,83947,19407,brushing
396019015,164,-94,907,-16537,83947,19407,brushing
396033385,164,-94,907,-21735,98262,31202,brushing
396036153,88,68,958,-21735,98262,31202,brushing
396052354,88,68,958,-27492,82285,35910,brushing
396053595,25,142,903,-27492,82285,35910,brushing
396070712,-76,90,903,-27492,82285,35910,brushing
396071649,-76,90,903,-32567,57767,37730,brushing
396087849,-147,85,929,-32567,57767,37730,brushing
396090922,-147,85,929,-31972,57977,44975,brushing
396105291,-206,-40,965,-31972,57977,44975,brushing
396110196,-206,-40,965,-29050,47827,40530,brushing
396122427,-288,-84,916,-29050,47827,40530,brushing
396129164,-288,-84,916,-25165,30782,31307,brushing
396139564,-366,-173,900,-25165,30782,31307,brushing
396148437,-366,-173,900,-24657,-6965,12897,brushing
396157005,-372,-247,877,-24657,-6965,12897,brushing
396167711,-372,-247,877,-23432,-39655,-7612,brushing
396174142,-275,-163,940,-23432,-39655,-7612,brushing
396186985,-275,-163,940,-20527,-36050,-19180,brushing
396191280,-218,-36,966,-20527,-36050,-19180,brushing
396205953,-218,-36,966,-17990,-31045,-25025,brushing
396208722,-199,34,957,-17990,-31045,-25025,brushing
396225228,-199,34,957,-18112,-34580,-26547,brushing
396225858,-176,39,983,-18112,-34580,-26547,brushing
396242974,-195,-67,1042,-18112,-34580,-26547,brushing
396244522,-195,-67,1042,-18515,-53462,-30607,brushing
396260417,-190,-176,1062,-18515,-53462,-30607,brushing
396263796,-190,-176,1062,-15417,-69685,-36155,brushing
396277554,-182,-108,1010,-15417,-69685,-36155,brushing
396282764,-182,-108,1010,-11445,-67655,-39147,brushing
396294691,-142,-4,937,-11445,-67655,-39147,brushing
396302038,-142,-4,937,-4865,-45325,-31500,brushing
396311828,-61,212,974,-4865,-45325,-31500,brushing
396321312,-61,212,974,2730,8872,-7192,brushing
396329270,-60,183,1060,2730,8872,-7192,brushing
396340280,-60,183,1060,4935,1645,4882,brushing
396346406,-137,-50,983,4935,1645,4882,brushing
396359553,-137,-50,983,7542,-3832,10762,brushing
396363543,-135,-149,1004,7542,-3832,10762,brushing
396378827,-135,-149,1004,14262,32130,19722,brushing
396380985,-130,-70,946,14262,32130,19722,brushing
396398101,-104,165,915,21315,81725,34247,brushing
396415230,-66,327,903,21315,81725,34247,brushing
396417082,-66,327,903,19932,91297,48370,brushing
396432673,-146,13,824,19932,91297,48370,brushing
396436356,-146,13,824,11620,45885,49350,brushing
396449808,-219,-269,738,11620,45885,49350,brushing
396455630,-219,-269,738,4847,39847,45447,brushing
396466946,-272,-538,813,4847,39847,45447,brushing
396474904,-272,-538,813,-4130,24727,23747,brushing
396484389,-344,-621,853,-4130,24727,23747,brushing
396493872,-344,-621,853,-10237,6335,-8452,brushing
396501525,-255,-272,931,-10237,6335,-8452,brushing
396513146,-255,-272,931,-13212,17150,-26460,brushing
396518662,-210,28,1031,-13212,17150,-26460,brushing
396532420,-210,28,1031,-17990,-11060,-37887,brushing
396535798,-231,83,1077,-17990,-11060,-37887,brushing
396551388,-231,83,1077,-21070,-43452,-43312,brushing
396553241,-186,110,1012,-21070,-43452,-43312,brushing
396570357,-171,232,1183,-18970,-35700,-37327,brushing
396587487,-188,223,1124,-18970,-35700,-37327,brushing
396589950,-188,223,1124,-12635,-43085,-29137,brushing
396604929,-169,210,1152,-12635,-43085,-29137,brushing
396609224,-169,210,1152,-3167,-28087,-14385,brushing
396622067,-147,170,1096,-3167,-28087,-14385,brushing
396628194,-147,170,1096,6125,-13667,-980,brushing
396639205,-172,-22,1014,6125,-13667,-980,brushing
396647468,-172,-22,1014,10517,-16677,3990,brushing
396656648,-187,-109,883,10517,-16677,3990,brushing
396666743,-187,-109,883,14315,6615,8295,brushing
396673785,-143,5,814,14315,6615,8295,brushing
396686017,-143,5,814,18392,55632,20545,brushing
396690922,-91,216,775,18392,55632,20545,brushing
396704986,-91,216,775,18865,100555,40845,brushing
396708364,-32,436,792,18865,100555,40845,brushing
396724258,-32,436,792,10552,92785,56857,brushing
396725500,-63,374,897,10552,92785,56857,brushing
396742616,-246,-197,906,10552,92785,56857,brushing
396743552,-246,-197,906,-525,21840,50960,brushing
396760058,-363,-608,888,-525,21840,50960,brushing
396762521,-363,-608,888,-2870,-4182,31272,brushing
396777194,-381,-625,957,-2870,-4182,31272,brushing
396781794,-381,-625,957,-1505,1977,1242,brushing
396794331,-301,-147,1020,-1505,1977,1242,brushing
396801067,-301,-147,1020,560,12267,-19845,brushing
396811773,-234,135,1063,560,12267,-19845,brushing
396820342,-234,135,1063,-2765,-23187,-34772,brushing
396828910,-244,81,1080,-2765,-23187,-34772,brushing
396839311,-244,81,1080,-7455,-66062,-46182,brushing
396846047,-225,28,1009,-7455,-66062,-46182,brushing
396858585,-225,28,1009,-7805,-73675,-49665,brushing
396863184,-192,120,1043,-7805,-73675,-49665,brushing
396877858,-192,120,1043,-2992,-50697,-41982,brushing
396880626,-190,259,1018,-2992,-50697,-41982,brushing
396897132,-190,259,1018,4322,-23170,-25042,brushing
396897762,-135,393,1071,4322,-23170,-25042,brushing
396914879,-101,322,1044,4322,-23170,-25042,brushing
396916121,-101,322,1044,10430,-7717,-5757,brushing
396932322,-172,-23,1009,10430,-7717,-5757,brushing
396935395,-172,-23,1009,11550,-20370,1452,brushing
396949458,-205,-147,921,11550,-20370,1452,brushing
396954668,-205,-147,921,14087,-7332,2345,brushing
396966595,-172,46,901,14087,-7332,2345,brushing
396973942,-172,46,901,19092,34335,9415,brushing
396984036,-147,240,889,19092,34335,9415,brushing
396992911,-147,240,889,23082,65677,22890,brushing
397001174,-102,344,891,23082,65677,22890,brushing
397012185,-102,344,891,23782,78680,38447,brushing
397018311,-66,460,879,23782,78680,38447,brushing
397031458,-66,460,879,14297,41877,46270,brushing
397035753,-157,-40,947,14297,41877,46270,brushing
397050732,-157,-40,947,4882,-39865,26040,brushing
397052890,-349,-725,892,4882,-39865,26040,brushing
397069701,-349,-725,892,3587,-48685,-6807,brushing
397070331,-348,-799,879,3587,-48685,-6807,brushing
397087448,-253,-244,969,3587,-48685,-6807,brushing
397088995,-253,-244,969,5670,3307,-28542,brushing
397104585,-220,117,1029,5670,3307,-28542,brushing
397108269,-220,117,1029,927,-12215,-44747,brushing
397121722,-213,129,1021,927,-12215,-44747,brushing
397127237,-213,129,1021,-9345,-76510,-59552,brushing
397138859,-200,60,876,-9345,-76510,-59552,brushing
397146512,-200,60,876,-12705,-82302,-61600,brushing
397156301,-205,168,1011,-12705,-82302,-61600,brushing
397165785,-205,168,1011,-6545,-30065,-45902,brushing
397173438,-152,383,1034,-6545,-30065,-45902,brushing
397185059,-152,383,1034,6230,18515,-22592,brushing
397190573,-76,513,1170,6230,18515,-22592,brushing
397204026,-76,513,1170,15067,15207,-4777,brushing
397208015,-122,184,1132,15067,15207,-4777,brushing
397223300,-122,184,1132,19915,-16992,-2887,brushing
397225152,-190,-166,1012,19915,-16992,-2887,brushing
397242269,-157,-99,966,27160,17342,490,brushing
397259702,-91,195,932,27160,17342,490,brushing
397261554,-91,195,932,33600,65450,10027,brushing
397276838,-19,453,918,33600,65450,10027,brushing
397280827,-19,453,918,32935,72782,23047,brushing
397293975,-12,387,898,32935,72782,23047,brushing
397300100,-12,387,898,24640,32357,31237,brushing
397311417,-77,7,860,24640,32357,31237,brushing
397319374,-77,7,860,13387,-15487,27982,brushing
397328552,-185,-450,876,13387,-15487,27982,brushing
397338647,-185,-450,876,6965,-31517,11602,brushing
397345690,-250,-685,910,6965,-31517,11602,brushing
397357616,-250,-685,910,4952,-13912,-12722,brushing
397363132,-213,-425,926,4952,-13912,-12722,brushing
397376890,-213,-425,926,2887,6247,-31482,brushing
397380269,-176,-62,1001,2887,6247,-31482,brushing
397396164,-176,-62,1001,-4375,-25812,-48702,brushing
397397406,-210,40,1050,-4375,-25812,-48702,brushing
397414827,-186,21,1006,-9870,-59692,-60042,brushing
397431956,-162,83,1010,-9870,-59692,-60042,brushing
397434419,-162,83,1010,-11917,-59692,-62562,brushing
397449093,-154,206,1000,-11917,-59692,-62562,brushing
397453693,-154,206,1000,-7000,-30030,-53375,brushing
397466535,-77,406,1144,-7000,-30030,-53375,brushing
397472965,-77,406,1144,1347,1995,-34562,brushing
397483671,-21,476,1116,1347,1995,-34562,brushing
397491933,-21,476,1116,8820,6125,-14280,brushing
397500808,-25,195,1119,8820,6125,-14280,brushing
397511208,-25,195,1119,10990,-19635,-6702,brushing
397518251,-78,-93,974,10990,-19635,-6702,brushing
397530482,-78,-93,974,14490,3465,612,brushing
397535388,-66,-80,962,14490,3465,612,brushing
397549755,-66,-80,962,17027,45325,9607,brushing
397552523,-23,144,929,17027,45325,9607,brushing
397568723,-23,144,929,14752,64505,22085,brushing
397569659,1,376,922,14752,64505,22085,brushing
397587080,-15,324,977,14752,64505,22085,brushing
397588017,-15,324,977,5320,34615,29820,brushing
397604218,-149,-66,972,5320,34615,29820,brushing
397607291,-149,-66,972,-5705,-31272,22942,brushing
397621354,-273,-420,1000,-5705,-31272,22942,brushing
397626564,-273,-420,1000,-8540,-54162,8697,brushing
397638796,-310,-463,1108,-8540,-54162,8697,brushing
397645532,-310,-463,1108,-6370,-61040,-15015,brushing
397655931,-247,-198,1128,-6370,-61040,-15015,brushing
397664806,-247,-198,1128,-262,-69860,-32287,brushing
397673069,-151,25,1146,-262,-69860,-32287,brushing
397684080,-151,25,1146,1382,-98035,-43260,brushing
397690511,-110,74,1040,1382,-98035,-43260,brushing
397703048,-110,74,1040,-2065,-134505,-48790,brushing
397707649,-69,114,960,-2065,-134505,-48790,brushing
397722323,-69,114,960,-6667,-141715,-42560,brushing
397724785,4,87,904,-6667,-141715,-42560,brushing
397741596,4,87,904,-10185,-128100,-29557,brushing
397742226,-1,-18,856,-10185,-128100,-29557,brushing
397759343,-50,-140,842,-10185,-128100,-29557,brushing
397760890,-50,-140,842,-13737,-109882,-16520,brushing
397776480,-98,-305,843,-13737,-109882,-16520,brushing
397779858,-98,-305,843,-16695,-100485,-10430,brushing
397793921,-113,-364,844,-16695,-100485,-10430,brushing
397799132,-113,-364,844,-17622,-90317,-9555,brushing
397811058,-103,-320,872,-17622,-90317,-9555,brushing
397818406,-103,-320,872,-16782,-72975,-6055,brushing
397828196,-145,-327,898,-16782,-72975,-6055,brushing
397837680,-145,-327,898,-15907,-74882,-7035,brushing
397845333,-176,-363,939,-15907,-74882,-7035,brushing
397856649,-176,-363,939,-12670,-82687,-9240,brushing
397862775,-183,-403,940,-12670,-82687,-9240,brushing
397875922,-183,-403,940,-5110,-78785,-9887,brushing
397879911,-152,-366,911,-5110,-78785,-9887,brushing
397895196,-152,-366,911,1767,-71050,-7070,brushing
397897049,-127,-319,891,1767,-71050,-7070,brushing
397914165,-127,-319,891,6265,-74340,-4165,brushing
397914796,-125,-366,836,6265,-74340,-4165,brushing
397931607,-122,-460,778,6265,-74340,-4165,brushing
397933459,-122,-460,778,8312,-71260,-1365,brushing
397948744,-135,-575,715,8312,-71260,-1365,brushing
397952734,-135,-575,715,8050,-65065,-1662,brushing
397965882,-137,-660,678,8050,-65065,-1662,brushing
397972009,-137,-660,678,6387,-42910,-1610,brushing
397983324,-130,-637,678,6387,-42910,-1610,brushing
397990976,-130,-637,678,5442,-16730,-2572,brushing
398000460,-103,-487,739,5442,-16730,-2572,brushing
398010249,-103,-487,739,4970,1137,402,brushing
398017596,-110,-371,822,4970,1137,402,brushing
398029523,-110,-371,822,5162,-6947,3132,brushing
398035038,-130,-405,871,5162,-6947,3132,brushing
398048491,-130,-405,871,6982,-20300,5512,brushing
398052174,-114,-409,869,6982,-20300,5512,brushing
398067764,-114,-409,869,9537,-31290,6615,brushing
398069311,-125,-474,889,9537,-31290,6615,brushing
398086732,-139,-503,896,13072,-45500,4427,brushing
398103861,-119,-523,853,13072,-45500,4427,brushing
398106324,-119,-523,853,17447,-53340,4847,brushing
398120998,-101,-554,829,17447,-53340,4847,brushing
398125293,-101,-554,829,19880,-60042,3027,brushing
398138441,-67,-519,731,19880,-60042,3027,brushing
398144567,-67,-519,731,21350,-60305,4882,brushing
398155577,-65,-525,725,21350,-60305,4882,brushing
398163840,-65,-525,725,19005,-67497,5565,brushing
398172714,-104,-623,653,19005,-67497,5565,brushing
398183114,-104,-623,653,15662,-77262,1557,brushing
398189850,-132,-667,646,15662,-77262,1557,brushing
398202083,-132,-667,646,13807,-66517,315,brushing
398207293,-133,-663,678,13807,-66517,315,brushing
398221356,-133,-663,678,13842,-46357,875,brushing
398224429,-139,-631,630,13842,-46357,875,brushing
398240630,-139,-631,630,12705,-35385,-525,brushing
398241566,-151,-628,642,12705,-35385,-525,brushing
398258987,-160,-569,641,12705,-35385,-525,brushing
398259618,-160,-569,641,8995,-32270,-1487,brushing
398276124,-187,-564,757,8995,-32270,-1487,brushing
398278892,-187,-564,757,5442,-31097,-455,brushing
398293262,-177,-648,773,5442,-31097,-455,brushing
398298167,-177,-648,773,4672,-25147,-542,brushing
398310703,-151,-622,767,4672,-25147,-542,brushing
398317133,-151,-622,767,2992,-10710,-612,brushing
398327838,-126,-555,875,2992,-10710,-612,brushing
398336406,-126,-555,875,3517,9292,4952,brushing
398344974,-134,-608,934,3517,9292,4952,brushing
398355679,-134,-608,934,2187,665,4340,brushing
398362111,-135,-721,913,2187,665,4340,brushing
398374953,-135,-721,913,2467,10622,2485,brushing
398379553,-107,-772,855,2467,10622,2485,brushing
398393922,-107,-772,855,1050,28805,2625,brushing
398396690,-149,-809,893,1050,28805,2625,brushing
398413195,-149,-809,893,-595,39445,-3552,brushing
398413826,-166,-899,952,-595,39445,-3552,brushing
398431248,-194,-975,933,-595,39445,-3552,brushing
398432489,-194,-975,933,1365,66587,-8995,brushing
398448385,-142,-761,852,1365,66587,-8995,brushing
398451763,-142,-761,852,5617,109847,-11217,brushing
398465522,-101,-429,824,5617,109847,-11217,brushing
398470732,-101,-429,824,2467,102970,-12722,brushing
398482964,-40,-268,904,2467,102970,-12722,brushing
398490006,-40,-268,904,-7052,44205,-15925,brushing
398500101,-90,-445,947,-7052,44205,-15925,brushing
398509280,-90,-445,947,-10605,-1067,-19722,brushing
398517237,-120,-612,862,-10605,-1067,-19722,brushing
398528248,-120,-612,862,-6317,9905,-15365,brushing
398534678,-76,-422,805,-6317,9905,-15365,brushing
398547522,-76,-422,805,-2695,20597,-5722,brushing
398551815,-6,-212,836,-2695,20597,-5722,brushing
398566795,-6,-212,836,-4305,-20282,-3255,brushing
398568952,-48,-347,832,-4305,-20282,-3255,brushing
398586069,-48,-347,832,-525,-43172,-770,brushing
398586699,-42,-522,772,-525,-43172,-770,brushing
398603511,-59,-571,718,-525,-43172,-770,brushing
398605058,-59,-571,718,6335,-35735,2922,brushing
398620648,-62,-534,685,6335,-35735,2922,brushing
398624331,-62,-534,685,10920,-29295,4077,brushing
398637784,-63,-506,652,10920,-29295,4077,brushing
398643605,-63,-506,652,12775,-25672,5110,brushing
398655226,-83,-524,613,12775,-25672,5110,brushing
398662879,-83,-524,613,12355,-26600,4655,brushing
398672364,-115,-572,659,12355,-26600,4655,brushing
398681846,-115,-572,659,12005,-30677,2800,brushing
398689499,-105,-582,630,12005,-30677,2800,brushing
398701121,-105,-582,630,13440,-17307,4182,brushing
398706943,-101,-504,678,13440,-17307,4182,brushing
398720395,-101,-504,678,14332,-8137,5635,brushing
398724079,-108,-468,671,14332,-8137,5635,brushing
398739668,-108,-468,671,12040,-9572,5110,brushing
398741214,-146,-555,687,12040,-9572,5110,brushing
398758637,-157,-639,670,7367,-12040,1540,brushing
398775765,-88,-467,782,7367,-12040,1540,brushing
398777923,-88,-467,782,4935,12652,4270,brushing
398792903,-114,-497,884,4935,12652,4270,brushing
398797198,-114,-497,884,5810,28665,7752,brushing
398810346,-130,-588,912,5810,28665,7752,brushing
398816472,-130,-588,912,6475,28455,6387,brushing
398827482,-125,-573,940,6475,28455,6387,brushing
398835440,-125,-573,940,7210,23012,2817,brushing
398844620,-76,-529,955,7210,23012,2817,brushing
398854715,-76,-529,955,8050,21000,2380,brushing
398862062,-84,-524,978,8050,21000,2380,brushing
398873988,-84,-524,978,9327,10605,1767,brushing
398879198,-89,-579,941,9327,10605,1767,brushing
398893261,-89,-579,941,11007,7892,1767,brushing
398896335,-82,-525,892,11007,7892,1767,brushing
398912231,-82,-525,892,12110,11795,3465,brushing
398913778,-78,-510,913,12110,11795,3465,brushing
398930894,-150,-666,840,12110,11795,3465,brushing
398931525,-150,-666,840,12670,10727,1242,brushing
398948032,-134,-523,801,12670,10727,1242,brushing
398950800,-134,-523,801,13212,17132,-1662,brushing
398965474,-63,-353,847,13212,17132,-1662,brushing
398969769,-63,-353,847,15610,40530,3395,brushing
398982611,-187,-646,808,15610,40530,3395,brushing
398989042,-187,-646,808,12442,27440,-4812,brushing
398999748,-184,-561,724,12442,27440,-4812,brushing
399008317,-184,-561,724,11672,44030,-6125,brushing
399016885,-103,-348,817,11672,44030,-6125,brushing
399027590,-103,-348,817,12162,68267,-3062,brushing
399034326,-49,-216,842,12162,68267,-3062,brushing
399046558,-49,-216,842,17395,93660,6177,brushing
399051462,-26,-285,892,17395,93660,6177,brushing
399065830,-26,-285,892,15610,69405,1330,brushing
399068598,-217,-565,876,15610,69405,1330,brushing
399085104,-217,-565,876,15592,30957,-14367,brushing
399086040,-101,-435,901,15592,30957,-14367,brushing
399103157,-47,-263,990,15592,30957,-14367,brushing
399104398,-47,-263,990,19442,64802,-10482,brushing
399120293,-43,-149,947,19442,64802,-10482,brushing
399123366,-43,-149,947,23415,70682,-8207,brushing
399137736,39,-49,1003,23415,70682,-8207,brushing
399142641,39,-49,1003,26600,71715,1365,brushing
399154873,65,-144,1037,26600,71715,1365,brushing
399161914,65,-144,1037,25480,56787,7175,brushing
399172010,4,-358,1016,25480,56787,7175,brushing
399181188,4,-358,1016,23957,29382,3360,brushing
399189451,-40,-504,1020,23957,29382,3360,brushing
399200157,-40,-504,1020,23660,26512,-1015,brushing
399206589,-4,-373,998,23660,26512,-1015,brushing
399219431,-4,-373,998,25147,43225,700,brushing
399223726,71,-75,1017,25147,43225,700,brushing
399238704,71,-75,1017,26302,54670,10360,brushing
399241167,61,-15,1045,26302,54670,10360,brushing
399257978,61,-15,1045,24972,34842,14717,brushing
399258608,91,-67,1021,24972,34842,14717,brushing
399275419,102,-109,1032,24972,34842,14717,brushing
399276966,102,-109,1032,25585,40635,25585,brushing
399292862,88,-66,1008,25585,40635,25585,brushing
399296240,88,-66,1008,25900,47127,35332,brushing
399309998,58,-163,1042,25900,47127,35332,brushing
399315513,58,-163,1042,26162,59167,43715,brushing
399327135,-1,-195,1012,26162,59167,43715,brushing
399334482,-1,-195,1012,23957,46672,40845,brushing
399344577,-73,-322,1004,23957,46672,40845,brushing
399353755,-73,-322,1004,21840,27160,29785,brushing
399361712,-63,-250,987,21840,27160,29785,brushing
399373028,-63,-250,987,20020,29610,25305,brushing
399378849,-58,-177,960,20020,29610,25305,brushing
399392302,-58,-177,960,18497,34807,19040,brushing
399396291,-55,-148,936,18497,34807,19040,brushing
399411270,-55,-148,936,16012,48142,16187,brushing
399413428,-38,-106,883,16012,48142,16187,brushing
399430544,-44,-85,904,10272,45902,9695,brushing
399447978,-27,-14,950,10272,45902,9695,brushing
399449830,-27,-14,950,5512,33775,2940,brushing
399465114,-20,16,995,5512,33775,2940,brushing
399469103,-20,16,995,4620,41930,2012,brushing
399482250,-44,16,1030,4620,41930,2012,brushing
399488071,-44,16,1030,4970,56175,1715,brushing
399499693,-48,120,1048,4970,56175,1715,brushing
399507346,-48,120,1048,3640,59115,87,brushing
399516830,-6,112,1056,3640,59115,87,brushing
399526619,-6,112,1056,3307,62912,122,brushing
399533967,-30,67,1097,3307,62912,122,brushing
399545894,-30,67,1097,560,44520,-6265,brushing
399551409,-87,-18,1125,560,44520,-6265,brushing
399564862,-87,-18,1125,122,30922,-16152,brushing
399568545,-94,-92,1155,122,30922,-16152,brushing
399584135,-94,-92,1155,3272,25865,-25865,brushing
399585683,-48,-17,1133,3272,25865,-25865,brushing
399602799,13,28,1094,3272,25865,-25865,brushing
399603429,13,28,1094,5757,12460,-32777,brushing
399620241,0,-42,1090,5757,12460,-32777,brushing
399622703,0,-42,1090,2957,-29172,-45955,brushing
399637377,-38,-145,963,2957,-29172,-45955,brushing
399641671,-38,-145,963,-1067,-70787,-60742,brushing
399654513,40,-21,851,-1067,-70787,-60742,brushing
399660946,40,-21,851,-5880,-69090,-64347,brushing
399671956,98,42,849,-5880,-69090,-64347,brushing
399680220,98,42,849,-11025,-53532,-59885,brushing
399689093,156,120,815,-11025,-53532,-59885,brushing
399699493,156,120,815,-15330,-35945,-48947,brushing
399706228,194,150,836,-15330,-35945,-48947,brushing
399718459,194,150,836,-16030,-18585,-33967,brushing
399723670,221,104,884,-16030,-18585,-33967,brushing
399737733,221,104,884,-14770,-13650,-18760,brushing
399740807,297,98,931,-14770,-13650,-18760,brushing
399757007,297,98,931,-8452,-1697,-332,brushing
399757944,273,-67,1037,-8452,-1697,-332,brushing
399775365,116,-208,988,-8452,-1697,-332,brushing
399775995,116,-208,988,-4480,-24482,3500,brushing
399792501,114,-245,951,-4480,-24482,3500,brushing
399795270,114,-245,951,1575,-24797,7455,brushing
399809639,141,-67,959,1575,-24797,7455,brushing
399814544,141,-67,959,9555,3622,15207,brushing
399826775,201,219,965,9555,3622,15207,brushing
399833817,201,219,965,17342,34930,34982,brushing
399844217,164,277,1002,17342,34930,34982,brushing
399852785,164,277,1002,20195,20702,48650,brushing
399861353,66,55,963,20195,20702,48650,brushing
399872058,66,55,963,21840,5582,53480,brushing
399878488,43,-45,923,21840,5582,53480,brushing
399891331,43,-45,923,25917,31745,59377,brushing
399895931,28,-37,974,25917,31745,59377,brushing
399910301,28,-37,974,28280,53095,63087,brushing
399913069,0,35,954,28280,53095,63087,brushing
399929574,0,35,954,24412,43890,57417,brushing
399930204,-82,-34,950,24412,43890,57417,brushing
399947626,-227,-345,896,24412,43890,57417,brushing
399948868,-227,-345,896,14665,3202,34055,brushing
399964764,-175,-137,978,14665,3202,34055,brushing
399968142,-175,-137,978,10920,18777,15382,brushing
399981900,-189,-12,1115,10920,18777,15382,brushing
399987111,-189,-12,1115,7507,45937,4812,brushing
399999037,-184,96,1182,7507,45937,4812,brushing
400006384,-184,96,1182,3167,9712,-16870,brushing
400016479,-149,-45,1145,3167,9712,-16870,brushing
400025658,-149,-45,1145,-192,-18795,-33477,brushing
400033616,-120,-238,1007,-192,-18795,-33477,brushing
400044932,-120,-238,1007,-7875,-37450,-56087,brushing
400050753,-160,-254,872,-7875,-37450,-56087,brushing
400063901,-160,-254,872,-18305,-32777,-72590,brushing
400068196,-92,5,935,-18305,-32777,-72590,brushing
400083176,-92,5,935,-27212,-34685,-79327,brushing
400085334,32,169,1010,-27212,-34685,-79327,brushing
400102448,90,304,1035,-30625,-30642,-74235,brushing
400119883,282,396,1100,-30625,-30642,-74235,brushing
400121736,282,396,1100,-26687,17990,-48685,brushing
400137021,367,361,1114,-26687,17990,-48685,brushing
400140705,367,361,1114,-25182,28752,-23222,brushing
400154157,338,251,1144,-25182,28752,-23222,brushing
400159978,338,251,1144,-25672,962,-5372,brushing
400171599,282,-83,1230,-25672,962,-5372,brushing
400179252,282,-83,1230,-23485,-30152,3360,brushing
400188736,181,-184,1153,-23485,-30152,3360,brushing
400198526,181,-184,1153,-13387,-14350,15837,brushing
400205873,177,-139,1088,-13387,-14350,15837,brushing
400217494,177,-139,1088,-4077,29225,31097,brushing
400223315,188,44,953,-4077,29225,31097,brushing
400236768,188,44,953,-87,66885,48807,brushing
400240451,186,275,885,-87,66885,48807,brushing
400256041,186,275,885,-6510,63157,61827,brushing
400257588,163,268,874,-6510,63157,61827,brushing
400275009,134,214,767,-16275,35402,66360,brushing
400292138,35,129,788,-16275,35402,66360,brushing
400294296,35,129,788,-30380,17885,65590,brushing
400309276,-156,74,866,-30380,17885,65590,brushing
400313570,-156,74,866,-39900,5827,60112,brushing
400326717,-289,-32,924,-39900,5827,60112,brushing
400332843,-289,-32,924,-42087,-12092,46340,brushing
400343852,-306,-86,897,-42087,-12092,46340,brushing
400351810,-306,-86,897,-39497,-25462,27177,brushing
400360989,-271,32,886,-39497,-25462,27177,brushing
400371084,-271,32,886,-36995,-26495,11725,brushing
400378431,-234,62,867,-36995,-26495,11725,brushing
400390357,-234,62,867,-38552,-33932,-2030,brushing
400395567,-274,11,841,-38552,-33932,-2030,brushing
400409630,-274,11,841,-43540,-38710,-14192,brushing
400412704,-287,-37,900,-43540,-38710,-14192,brushing
400428599,-287,-37,900,-47075,-40792,-26022,brushing
400429841,-267,-50,921,-47075,-40792,-26022,brushing
400447263,-259,29,964,-47075,-40792,-26022,brushing
400447893,-259,29,964,-49052,-46322,-36697,brushing
400464399,-211,130,970,-49052,-46322,-36697,brushing
400467167,-211,130,970,-46025,-46427,-40250,brushing
400481536,-142,296,1019,-46025,-46427,-40250,brushing
400486136,-142,296,1019,-35227,-8680,-26390,brushing
400498979,-38,534,1107,-35227,-8680,-26390,brushing
400505409,-38,534,1107,-21350,27475,-1067,brushing
400516114,-46,350,1194,-21350,27475,-1067,brushing
400524682,-46,350,1194,-12407,-2292,13230,brushing
400533251,-153,67,1097,-12407,-2292,13230,brushing
400543955,-153,67,1097,-1610,-13352,20702,brushing
400550691,-147,18,1041,-1610,-13352,20702,brushing
400562922,-147,18,1041,11392,21682,31710,brushing
400567828,-97,189,925,11392,21682,31710,brushing
400582196,-97,189,925,19355,66570,51607,brushing
400584964,-13,457,862,19355,66570,51607,brushing
400601471,-13,457,862,12915,61792,67567,brushing
400602101,-10,340,794,12915,61792,67567,brushing
400619524,-171,56,774,12915,61792,67567,brushing
400620460,-171,56,774,1995,32567,71172,brushing
400636661,-276,-312,891,1995,32567,71172,brushing
400639734,-276,-312,891,-6160,20107,64312,brushing
400653799,-457,-684,881,-6160,20107,64312,brushing
400659009,-457,-684,881,-9642,-12950,30590,brushing
400671241,-463,-610,856,-9642,-12950,30590,brushing
400678282,-463,-610,856,-9222,-17,-6125,brushing
400688376,-341,-90,938,-9222,-17,-6125,brushing
400697251,-341,-90,938,-11725,20387,-28332,brushing
400705513,-314,163,1030,-11725,20387,-28332,brushing
400716525,-314,163,1030,-19740,-23240,-45867,brushing
400722956,-266,216,1063,-19740,-23240,-45867,brushing
400735799,-266,216,1063,-27055,-69510,-57610,brushing
400740093,-228,272,921,-27055,-69510,-57610,brushing
400755072,-228,272,921,-24185,-39340,-46217,brushing
400757228,-190,558,1101,-24185,-39340,-46217,brushing
400774040,-190,558,1101,-10710,14035,-14437,brushing
400774670,-88,869,1221,-10710,14035,-14437,brushing
400791785,-91,592,1282,-10710,14035,-14437,brushing
400793331,-91,592,1282,1032,612,13685,brushing
400808921,-226,76,1107,1032,612,13685,brushing
400812606,-226,76,1107,11217,-42437,21227,brushing
400826363,-213,55,991,11217,-42437,21227,brushing
400831879,-213,55,991,25375,-3150,31692,brushing
400843501,-88,457,871,25375,-3150,31692,brushing
400850849,-88,457,871,31885,43190,51835,brushing
400860638,-82,384,790,31885,43190,51835,brushing
400870122,-82,384,790,22347,5425,58695,brushing
400878079,-184,-103,624,22347,5425,58695,brushing
400889395,-184,-103,624,11182,-7315,55055,brushing
400895216,-237,-463,581,11182,-7315,55055,brushing
400908669,-237,-463,581,-595,18865,39042,brushing
400912353,-313,-667,605,-595,18865,39042,brushing
400927637,-313,-667,605,-11760,26425,7070,brushing
400929794,-372,-539,762,-11760,26425,7070,brushing
400946911,-297,-79,894,-17430,41107,-19792,brushing
400964039,-303,223,1102,-17430,41107,-19792,brushing
400966197,-303,223,1102,-20527,24570,-35455,brushing
400981481,-329,146,1098,-20527,24570,-35455,brushing
400985470,-329,146,1098,-21437,-38972,-51292,brushing
400998617,-288,144,1079,-21437,-38972,-51292,brushing
401004438,-288,144,1079,-16992,-64907,-60200,brushing
401015753,-259,333,1038,-16992,-64907,-60200,brushing
401023710,-259,333,1038,-3885,-45797,-54040,brushing
401032889,-183,719,1160,-3885,-45797,-54040,brushing
401042984,-183,719,1160,14525,-5355,-23835,brushing
401050332,-13,980,1077,14525,-5355,-23835,brushing
401062258,-13,980,1077,27142,7717,14455,brushing
401067468,-38,533,1050,27142,7717,14455,brushing
401081227,-38,533,1050,30327,-23922,32060,brushing
401084606,-178,66,917,30327,-23922,32060,brushing
401100501,-178,66,917,35665,18707,48667,brushing
401102048,-99,277,878,35665,18707,48667,brushing
401119164,-97,337,899,35665,18707,48667,brushing
401119794,-97,337,899,32095,48702,65607,brushing
401136301,-211,-95,846,32095,48702,65607,brushing
401139068,-211,-95,846,21700,11970,63455,brushing
401153742,-248,-449,780,21700,11970,63455,brushing
401158037,-248,-449,780,13527,16135,51747,brushing
401170879,-289,-567,869,13527,16135,51747,brushing
401177311,-289,-567,869,3937,18812,25865,brushing
401188017,-294,-441,1004,3937,18812,25865,brushing
401196585,-294,-441,1004,-3797,315,-6982,brushing
401205459,-250,-116,1008,-3797,315,-6982,brushing
401215554,-250,-116,1008,-6965,-5022,-29347,brushing
401222596,-277,100,1123,-6965,-5022,-29347,brushing
401234827,-277,100,1123,-9327,-39655,-47215,brushing
401239732,-272,300,1108,-9327,-39655,-47215,brushing
401254101,-272,300,1108,-10710,-83125,-57785,brushing
401256868,-227,469,1000,-10710,-83125,-57785,brushing
401273374,-227,469,1000,-4025,-72642,-47600,brushing
401274311,-214,588,1125,-4025,-72642,-47600,brushing
401291427,-111,852,1123,-4025,-72642,-47600,brushing
401292363,-111,852,1123,12775,-17360,-14070,brushing
401308564,-103,604,1181,12775,-17360,-14070,brushing
401311637,-103,604,1181,22785,-17045,13737,brushing
401326006,-238,75,983,22785,-17045,13737,brushing
401330912,-238,75,983,29645,-46112,19127,brushing
401343143,-193,79,903,29645,-46112,19127,brushing
401349879,-193,79,903,37450,2222,27387,brushing
401360279,-119,427,843,37450,2222,27387,brushing
401369153,-119,427,843,34965,32322,40827,brushing
401377721,-63,275,728,34965,32322,40827,brushing
401388426,-63,275,728,18340,-1435,39812,brushing
401394858,-177,-387,614,18340,-1435,39812,brushing
401407701,-177,-387,614,1767,140,24605,brushing
401411996,-207,-672,680,1767,140,24605,brushing
401426670,-207,-672,680,-14367,12075,-4917,brushing
401429438,-273,-658,889,-14367,12075,-4917,brushing
401445943,-273,-658,889,-22382,647,-37450,brushing
401446573,-249,-195,1036,-22382,647,-37450,brushing
401463690,-231,220,1248,-22382,647,-37450,brushing
401465236,-231,220,1248,-27982,-33547,-57872,brushing
401481132,-229,322,1237,-27982,-33547,-57872,brushing
401484205,-229,322,1237,-29662,-114222,-72957,brushing
401498269,-191,388,1214,-29662,-114222,-72957,brushing
401503479,-191,388,1214,-21700,-131215,-69212,brushing
401515405,-162,540,1286,-21700,-131215,-69212,brushing
401522752,-162,540,1286,-3850,-93397,-41405,brushing
401532541,-49,630,1135,-3850,-93397,-41405,brushing
401542026,-49,630,1135,8435,-75827,-10395,brushing
401549983,-69,94,1031,8435,-75827,-10395,brushing
401560995,-69,94,1031,5845,-113330,-6720,brushing
401567120,-172,-364,734,5845,-113330,-6720,brushing
401580269,-172,-364,734,-752,-84805,-6650,brushing
401584258,-157,-270,732,-752,-84805,-6650,brushing
401599543,-157,-270,732,-10447,-49105,-3587,brushing
401601701,-146,-22,764,-10447,-49105,-3587,brushing
401618817,-165,11,867,-21805,-59115,-2485,brushing
401635947,-233,-45,996,-21805,-59115,-2485,brushing
401637799,-233,-45,996,-27562,-79555,-2625,brushing
401653389,-272,-108,1098,-27562,-79555,-2625,brushing
401657073,-272,-108,1098,-22995,-93835,-2782,brushing
401670525,-294,-217,1083,-22995,-93835,-2782,brushing
401676346,-294,-217,1083,-12460,-107782,-6037,brushing
401687663,-274,-294,994,-12460,-107782,-6037,brushing
401695621,-274,-294,994,-2905,-115692,-9257,brushing
401705104,-251,-333,910,-2905,-115692,-9257,brushing
401714589,-251,-333,910,4322,-121835,-14490,brushing
401722241,-223,-311,816,4322,-121835,-14490,brushing
401733863,-223,-311,816,11742,-107520,-13790,brushing
401739378,-218,-369,877,11742,-107520,-13790,brushing
401753137,-218,-369,877,16782,-109462,-16765,brushing
401756820,-254,-464,848,16782,-109462,-16765,brushing
401772410,-254,-464,848,23065,-111457,-21962,brushing
401773958,-206,-528,820,23065,-111457,-21962,brushing
401791074,-200,-571,853,23065,-111457,-21962,brushing
401791704,-200,-571,853,28682,-95217,-22977,brushing
401808515,-237,-627,846,28682,-95217,-22977,brushing
401810673,-237,-627,846,33110,-91787,-29872,brushing
401825652,-265,-741,873,33110,-91787,-29872,brushing
401829947,-265,-741,873,36382,-91035,-39235,brushing
401843093,-252,-719,860,36382,-91035,-39235,brushing
401849219,-252,-719,860,40915,-79292,-49420,brushing
401860229,-246,-698,831,40915,-79292,-49420,brushing
401868492,-246,-698,831,46427,-55090,-55282,brushing
401877365,-171,-536,803,46427,-55090,-55282,brushing
401887459,-171,-536,803,49332,-23450,-52097,brushing
401894501,-86,-341,792,49332,-23450,-52097,brushing
401906733,-86,-341,792,46217,-19547,-46935,brushing
401911943,-34,-373,794,46217,-19547,-46935,brushing
401926006,-34,-373,794,41947,-14525,-40320,brushing
401929080,-16,-491,784,41947,-14525,-40320,brushing
401945281,-16,-491,784,39392,15802,-32007,brushing
401946218,20,-502,761,39392,15802,-32007,brushing
401963640,55,-387,762,39392,15802,-32007,brushing
401964270,55,-387,762,33792,40180,-24307,brushing
401980777,56,-348,793,33792,40180,-24307,brushing
401983546,56,-348,793,22435,20877,-21980,brushing
401997914,72,-392,820,22435,20877,-21980,brushing
402002820,72,-392,820,11515,-9695,-23292,brushing
402015357,73,-455,848,11515,-9695,-23292,brushing
402022094,73,-455,848,6807,-9432,-19582,brushing
402032494,55,-473,895,6807,-9432,-19582,brushing
402041061,55,-473,895,5425,-4025,-15977,brushing
402049630,18,-503,911,5425,-4025,-15977,brushing
402060335,18,-503,911,4655,-11130,-16030,brushing
402067072,23,-487,867,4655,-11130,-16030,brushing
402079609,23,-487,867,2642,-25672,-16170,brushing
402084208,18,-474,843,2642,-25672,-16170,brushing
402098883,18,-474,843,595,-38955,-14472,brushing
402101347,6,-513,796,595,-38955,-14472,brushing
402117852,6,-513,796,-227,-34020,-7805,brushing
402118788,47,-457,731,-227,-34020,-7805,brushing
402135905,70,-440,730,-227,-34020,-7805,brushing
402137146,70,-440,730,-1907,-25252,1032,brushing
402153042,72,-548,705,-1907,-25252,1032,brushing
402156421,72,-548,705,-4340,-32760,5932,brushing
402170483,36,-694,694,-4340,-32760,5932,brushing
402175694,36,-694,694,-6965,-48772,3202,brushing
402187619,18,-728,716,-6965,-48772,3202,brushing
402194661,18,-728,716,-6965,-57085,-980,brushing
402204756,43,-683,766,-6965,-57085,-980,brushing
402213936,43,-683,766,-4777,-55930,-2870,brushing
402222199,32,-573,836,-4777,-55930,-2870,brushing
402233209,32,-573,836,-245,-58100,-2415,brushing
402239336,17,-586,820,-245,-58100,-2415,brushing
402252484,17,-586,820,5197,-63455,-2292,brushing
402256473,22,-597,744,5197,-63455,-2292,brushing
402271452,22,-597,744,7332,-66360,-1680,brushing
402273915,39,-599,677,7332,-66360,-1680,brushing
402290726,39,-599,677,6160,-64575,-87,brushing
402291356,49,-599,616,6160,-64575,-87,brushing
402308168,21,-681,600,6160,-64575,-87,brushing
402310020,21,-681,600,2345,-60287,2292,brushing
402325610,13,-697,579,2345,-60287,2292,brushing
402329293,13,-697,579,-752,-44187,5705,brushing
402342747,13,-644,556,-752,-44187,5705,brushing
402348261,13,-644,556,-4532,-28140,11112,brushing
402359883,-15,-640,655,-4532,-28140,11112,brushing
402367536,-15,-640,655,-8207,-27230,13877,brushing
402377325,-44,-704,720,-8207,-27230,13877,brushing
402386809,-44,-704,720,-8155,-41300,9362,brushing
402394462,-58,-748,773,-8155,-41300,9362,brushing
402406083,-58,-748,773,-1295,-37170,9082,brushing
402411599,-65,-668,833,-1295,-37170,9082,brushing
402425052,-65,-668,833,8487,-30800,12827,brushing
402429041,-85,-686,843,8487,-30800,12827,brushing
402444326,-85,-686,843,16117,-45535,11812,brushing
402446178,-52,-716,719,16117,-45535,11812,brushing
402463599,0,-798,549,17412,-53007,11042,brushing
402480729,15,-926,452,17412,-53007,11042,brushing
402482887,15,-926,452,11270,-48020,9397,brushing
402497866,-15,-952,475,11270,-48020,9397,brushing
402501854,-15,-952,475,4812,-19880,8540,brushing
402515307,-73,-883,589,4812,-19880,8540,brushing
402521126,-73,-883,589,-70,4707,9362,brushing
402532442,-79,-754,744,-70,4707,9362,brushing
402540399,-79,-754,744,-4602,10552,7752,brushing
402549578,-125,-789,795,-4602,10552,7752,brushing
402559673,-125,-789,795,-10237,595,1540,brushing
402567020,-174,-922,852,-10237,595,1540,brushing
402578947,-174,-922,852,-10587,19617,-4217,brushing
402584157,-154,-929,803,-10587,19617,-4217,brushing
402597916,-154,-929,803,-8627,54355,-6737,brushing
402601295,-119,-780,838,-8627,54355,-6737,brushing
402617190,-119,-780,838,-10045,59657,-10115,brushing
402618737,-55,-860,751,-10045,59657,-10115,brushing
402635854,-9,-949,646,-10045,59657,-10115,brushing
402636484,-9,-949,646,-12477,78592,-15400,brushing
402652990,54,-769,482,-12477,78592,-15400,brushing
402655758,54,-769,482,-15557,126630,-12827,brushing
402670431,116,-243,610,-15557,126630,-12827,brushing
402674725,116,-243,610,-28822,120907,-2380,brushing
402687567,112,-154,815,-28822,120907,-2380,brushing
402693999,112,-154,815,-39900,41702,-700,brushing
402704704,37,-543,899,-39900,41702,-700,brushing
402713273,37,-543,899,-36382,-4287,2520,brushing
402722146,-91,-828,879,-36382,-4287,2520,brushing
402732546,-91,-828,879,-19460,1120,4042,brushing
402739284,-11,-650,825,-19460,1120,4042,brushing
402751515,-11,-650,825,-4375,-3377,5425,brushing
402756421,30,-497,786,-4375,-3377,5425,brushing
402770789,30,-497,786,4252,-34370,5950,brushing
402773863,18,-490,717,4252,-34370,5950,brushing
402790062,18,-490,717,10290,-57137,8137,brushing
402790998,-53,-639,701,10290,-57137,8137,brushing
402808114,-18,-591,617,10290,-57137,8137,brushing
402809356,-18,-591,617,16747,-57260,11077,brushing
402825557,-15,-569,575,16747,-57260,11077,brushing
402828326,-15,-569,575,18235,-62370,13597,brushing
402842695,-36,-541,524,18235,-62370,13597,brushing
402847600,-36,-541,524,17447,-60532,17640,brushing
402859832,-149,-701,566,17447,-60532,17640,brushing
402866873,-149,-701,566,13930,-63490,17430,brushing
402877273,-169,-692,559,13930,-63490,17430,brushing
402886146,-169,-692,559,11865,-46532,16362,brushing
402894409,-202,-757,633,11865,-46532,16362,brushing
402905419,-202,-757,633,9257,-24080,14175,brushing
402911546,-220,-760,625,9257,-24080,14175,brushing
402924389,-220,-760,625,7000,6370,10010,brushing
402928989,-202,-687,746,7000,6370,10010,brushing
402943663,-202,-687,746,4602,28192,6860,brushing
402946126,-238,-735,777,4602,28192,6860,brushing
402962938,-238,-735,777,385,36067,1767,brushing
402963568,-187,-574,814,385,36067,1767,brushing
402980683,-167,-639,894,385,36067,1767,brushing
402981925,-167,-639,894,-3622,38027,2047,brushing
402997820,-196,-773,883,-3622,38027,2047,brushing
403001199,-196,-773,883,-9012,21192,-2695,brushing
403014957,-154,-814,907,-9012,21192,-2695,brushing
403020473,-154,-814,907,-10377,37012,-4410,brushing
403032399,-162,-844,897,-10377,37012,-4410,brushing
403039746,-162,-844,897,-12250,53077,-7122,brushing
403049535,-115,-838,839,-12250,53077,-7122,brushing
403058713,-115,-838,839,-13055,70157,-8907,brushing
403066671,-30,-766,696,-13055,70157,-8907,brushing
403077986,-30,-766,696,-18392,81882,-9292,brushing
403084113,-69,-734,764,-18392,81882,-9292,brushing
403097260,-69,-734,764,-25182,74777,-10990,brushing
403101249,-23,-457,669,-25182,74777,-10990,brushing
403116533,-23,-457,669,-31605,56402,-6300,brushing
403118385,-29,-266,896,-31605,56402,-6300,brushing
403135501,-29,-266,896,-29575,15260,-630,brushing
403136131,1,-410,943,-29575,15260,-630,brushing
403152943,-58,-585,918,-29575,15260,-630,brushing
403154794,-58,-585,918,-19635,-16012,2380,brushing
403170080,-95,-678,874,-19635,-16012,2380,brushing
403174069,-95,-678,874,-4235,-32130,1540,brushing
403187522,-90,-571,802,-4235,-32130,1540,brushing
403193342,-90,-571,802,9887,-48527,-1155,brushing
403204659,-98,-503,706,9887,-48527,-1155,brushing
403212311,-98,-503,706,19845,-63700,-2835,brushing
403221795,-144,-502,624,19845,-63700,-2835,brushing
403231585,-144,-502,624,25725,-76947,-3990,brushing
403239237,-130,-597,538,25725,-76947,-3990,brushing
403250858,-130,-597,538,30047,-74165,-5600,brushing
403256373,-111,-614,489,30047,-74165,-5600,brushing
403270132,-111,-614,489,32602,-57225,-4567,brushing
403273510,-124,-585,490,32602,-57225,-4567,brushing
403289100,-124,-585,490,33267,-44992,-6020,brushing
403290953,-137,-562,586,33267,-44992,-6020,brushing
403308069,-168,-633,665,30677,-37135,-8645,brushing
403325198,-119,-609,733,30677,-37135,-8645,brushing
403327660,-119,-609,733,27510,-3885,-5967,brushing
403342640,-232,-813,843,27510,-3885,-5967,brushing
403346935,-232,-813,843,21157,18690,-6930,brushing
403359778,-212,-770,945,21157,18690,-6930,brushing
403365904,-212,-770,945,13597,22540,-13895,brushing
403376915,-87,-624,1085,13597,22540,-13895,brushing
403385178,-87,-624,1085,8907,37345,-10535,brushing
403394052,-52,-579,1097,8907,37345,-10535,brushing
403404452,-52,-579,1097,3115,27877,-5775,brushing
403411494,-74,-642,1069,3115,27877,-5775,brushing
403423725,-74,-642,1069,-420,175,-7280,brushing
403428630,-111,-838,957,-420,175,-7280,brushing
403442694,-111,-838,957,-1610,-11060,-11602,brushing
403445767,-67,-903,800,-1610,-11060,-11602,brushing
403461967,-67,-903,800,-3272,6947,-11690,brushing
403463209,6,-727,687,-3272,6947,-11690,brushing
403480326,27,-649,615,-3272,6947,-11690,brushing
403481262,27,-649,615,-7297,18690,-8697,brushing
403497463,121,-428,639,-7297,18690,-8697,brushing
403500536,121,-428,639,-11497,14140,-1592,brushing
403514905,112,-544,650,-11497,14140,-1592,brushing
403519505,112,-544,650,-13037,-10062,4900,brushing
403532041,35,-785,657,-13037,-10062,4900,brushing
403538778,35,-785,657,-6090,-16065,6107,brushing
403549178,-24,-820,631,-6090,-16065,6107,brushing
403558052,-24,-820,631,4830,-3692,3640,brushing
403566621,-14,-605,619,4830,-3692,3640,brushing
403577326,-14,-605,619,12215,-262,2835,brushing
403583757,-24,-471,622,12215,-262,2835,brushing
403596294,-24,-471,622,16152,-13387,3097,brushing
403600894,-55,-493,650,16152,-13387,3097,brushing
403615567,-55,-493,650,21857,-14752,5215,brushing
403618336,-39,-496,664,21857,-14752,5215,brushing
403634842,-39,-496,664,27755,-13440,5390,brushing
403635472,-94,-529,716,27755,-13440,5390,brushing
403652589,-130,-598,736,27755,-13440,5390,brushing
403653830,-130,-598,736,33075,-12652,1592,brushing
403670032,-133,-513,783,33075,-12652,1592,brushing
403673105,-133,-513,783,39357,490,-472,brushing
403687169,-107,-540,813,39357,490,-472,brushing
403692378,-107,-540,813,43470,11742,-1225,brushing
403704304,-200,-739,807,43470,11742,-1225,brushing
403711651,-200,-739,807,41107,-350,-11340,brushing
403721441,-121,-662,855,41107,-350,-11340,brushing
403730620,-121,-662,855,40232,14595,-13562,brushing
403738883,-86,-559,872,40232,14595,-13562,brushing
403749893,-86,-559,872,36942,11532,-14647,brushing
403756019,3,-526,892,36942,11532,-14647,brushing
403769167,3,-526,892,30485,4147,-12775,brushing
403773157,46,-564,900,30485,4147,-12775,brushing
403788136,46,-564,900,23012,-4532,-8347,brushing
403790599,89,-625,897,23012,-4532,-8347,brushing
403807410,89,-625,897,15050,-8837,-2975,brushing
403808040,106,-675,866,15050,-8837,-2975,brushing
403824850,46,-775,842,15050,-8837,-2975,brushing
403826702,46,-775,842,7472,-15137,-35,brushing
403842291,-68,-899,791,7472,-15137,-35,brushing
403845975,-68,-899,791,945,-27667,-4147,brushing
403859427,-106,-871,753,945,-27667,-4147,brushing
403864943,-106,-871,753,-2695,-21245,-9362,brushing
403876564,-155,-812,719,-2695,-21245,-9362,brushing
403884216,-155,-812,719,-4322,-10867,-14577,brushing
403893701,-118,-627,699,-4322,-10867,-14577,brushing
403903490,-118,-627,699,-4252,-3027,-17202,brushing
403911143,-122,-608,708,-4252,-3027,-17202,brushing
403922458,-122,-608,708,-4042,-7367,-21507,brushing
403928279,-51,-580,710,-4042,-7367,-21507,brushing
403941732,-51,-580,710,175,8225,-21962,brushing
403945416,29,-489,735,175,8225,-21962,brushing
403961005,29,-489,735,7507,25217,-18462,brushing
403962857,41,-549,783,7507,25217,-18462,brushing
403979974,-5,-708,778,12792,5075,-25217,brushing
403997103,75,-595,809,12792,5075,-25217,brushing
403999260,75,-595,809,19512,-1925,-30852,brushing
404014238,127,-562,799,19512,-1925,-30852,brushing
404018532,127,-562,799,25795,5232,-31500,brushing
404031678,168,-529,803,25795,5232,-31500,brushing
404037805,168,-529,803,30677,14490,-27440,brushing
404048816,219,-474,810,30677,14490,-27440,brushing
404056775,219,-474,810,34755,24552,-19967,brushing
404065953,7,-959,675,34755,24552,-19967,brushing
404076049,7,-959,675,29050,-9082,-36365,brushing
404083091,178,-461,762,29050,-9082,-36365,brushing
404095322,178,-461,762,28717,31185,-22575,brushing
404100532,317,-135,860,28717,31185,-22575,brushing
404114290,317,-135,860,28490,49542,-6492,brushing
404117668,200,-471,816,28490,49542,-6492,brushing
404133564,200,-471,816,23555,33757,-4480,brushing
404134805,81,-847,709,23555,33757,-4480,brushing
404152227,119,-799,714,23555,33757,-4480,brushing
404152857,119,-799,714,14227,20282,-16415,brushing
404169363,218,-453,833,14227,20282,-16415,brushing
404171826,218,-453,833,7962,41125,-13090,brushing
404186500,204,-463,835,7962,41125,-13090,brushing
404191100,204,-463,835,3272,45937,-10937,brushing
404203637,171,-498,821,3272,45937,-10937,brushing
404210373,171,-498,821,542,41545,-7665,brushing
404221079,191,-469,852,542,41545,-7665,brushing
404229342,191,-469,852,-192,38272,-4812,brushing
404238216,248,-420,893,-192,38272,-4812,brushing
404248616,248,-420,893,3885,48825,1487,brushing
404255353,321,-297,948,3885,48825,1487,brushing
404267890,321,-297,948,13895,85575,18095,brushing
404272795,336,-278,965,13895,85575,18095,brushing
404287164,336,-278,965,21997,96022,29312,brushing
404289932,181,-452,905,21997,96022,29312,brushing
404306133,181,-452,905,27020,82880,33110,brushing
404307070,189,-398,919,27020,82880,33110,brushing
404324186,89,-481,939,27020,82880,33110,brushing
404325428,89,-481,939,30870,64907,31955,brushing
404341628,156,-375,923,30870,64907,31955,brushing
404344701,156,-375,923,33477,35420,25725,brushing
404358765,140,-434,885,33477,35420,25725,brushing
404363669,140,-434,885,34545,12197,20965,brushing
404375901,193,-427,834,34545,12197,20965,brushing
404382943,193,-427,834,34037,9870,20265,brushing
404393343,212,-405,831,34037,9870,20265,brushing
404402217,212,-405,831,31307,13107,20912,brushing
404410480,213,-407,829,31307,13107,20912,brushing
404421185,213,-407,829,27755,23275,21490,brushing
404427617,218,-343,835,27755,23275,21490,brushing
404440459,218,-343,835,23065,46060,25637,brushing
404444753,174,-302,868,23065,46060,25637,brushing
404459732,174,-302,868,15032,64050,29942,brushing
404462195,172,-182,874,15032,64050,29942,brushing
404478701,172,-182,874,6125,71120,32532,brushing
404479331,52,-308,926,6125,71120,32532,brushing
404496448,-13,-466,1019,6125,71120,32532,brushing
404497994,-13,-466,1019,-2800,46602,21210,brushing
404513890,35,-398,1047,-2800,46602,21210,brushing
404517269,35,-398,1047,-9502,31850,7000,brushing
404531028,64,-282,1094,-9502,31850,7000,brushing
404536543,64,-282,1094,-13002,46217,1242,brushing
404548165,33,-245,1089,-13002,46217,1242,brushing
404555512,33,-245,1089,-14385,40092,-6387,brushing
404565301,27,-249,1045,-14385,40092,-6387,brushing
404574785,27,-249,1045,-15977,23205,-13720,brushing
404582744,74,-269,895,-15977,23205,-13720,brushing
404594058,74,-269,895,-16170,17045,-18025,brushing
404599879,60,-355,1049,-16170,17045,-18025,brushing
404613027,60,-355,1049,-13527,6142,-24675,brushing
404617016,55,-358,1036,-13527,6142,-24675,brushing
404632301,55,-358,1036,-10640,-8400,-33022,brushing
404634458,168,-305,1003,-10640,-8400,-33022,brushing
404651576,313,-122,929,-9240,-17587,-36662,brushing
404668704,396,-116,894,-9240,-17587,-36662,brushing
404670862,396,-116,894,-6790,-7682,-25252,brushing
404685840,443,-60,915,-6790,-7682,-25252,brushing
404689829,443,-60,915,-2275,6877,-6300,brushing
404703282,433,-228,917,-2275,6877,-6300,brushing
404709103,433,-228,917,2345,12547,10920,brushing
404720419,299,-430,887,2345,12547,10920,brushing
404728376,299,-430,887,6037,15312,17535,brushing
404737555,268,-381,936,6037,15312,17535,brushing
404747344,268,-381,936,12827,50295,27755,brushing
404754996,314,-108,960,12827,50295,27755,brushing
404766618,314,-108,960,21175,94045,46182,brushing
404772133,336,232,934,21175,94045,46182,brushing
404785890,336,232,934,20807,88147,64505,brushing
404789269,177,201,940,20807,88147,64505,brushing
404805163,177,201,940,11970,25305,61285,brushing
404806405,3,-85,843,11970,25305,61285,brushing
404823827,-136,-403,924,7122,13860,52150,brushing
404840955,-242,-293,1012,7122,13860,52150,brushing
404843417,-242,-293,1012,5022,29645,35945,brushing
404858091,-289,-261,1045,5022,29645,35945,brushing
404862691,-289,-261,1045,437,10220,7402,brushing
404875533,-150,13,1078,437,10220,7402,brushing
404881659,-150,13,1078,-3570,-52,-11707,brushing
404892670,-91,8,1132,-3570,-52,-11707,brushing
404900933,-91,8,1132,-7455,-13370,-27475,brushing
404909807,-99,-168,1092,-7455,-13370,-27475,brushing
404920207,-99,-168,1092,-12285,-36872,-44957,brushing
404926944,-115,-343,1084,-12285,-36872,-44957,brushing
404939175,-115,-343,1084,-17990,-55545,-66465,brushing
404944386,-65,-324,1024,-17990,-55545,-66465,brushing
404958449,-65,-324,1024,-24097,-68477,-85627,brushing
404961522,11,-295,975,-24097,-68477,-85627,brushing
404977723,11,-295,975,-29610,-62072,-92417,brushing
404978658,124,-148,926,-29610,-62072,-92417,brushing
404996081,252,-62,852,-29610,-62072,-92417,brushing
404996711,252,-62,852,-33547,-48580,-88795,brushing
405013217,371,151,876,-33547,-48580,-88795,brushing
405015986,371,151,876,-35315,-28840,-71872,brushing
405030354,508,178,879,-35315,-28840,-71872,brushing
405035259,508,178,879,-33407,-19040,-44257,brushing
405047796,440,-79,950,-33407,-19040,-44257,brushing
405054532,440,-79,950,-29120,-23065,-19337,brushing
405064932,286,-358,953,-29120,-23065,-19337,brushing
405073501,286,-358,953,-17622,-24097,-6702,brushing
405082070,296,-313,931,-17622,-24097,-6702,brushing
405092775,296,-313,931,-2590,5092,7787,brushing
405099207,320,5,917,-2590,5092,7787,brushing
405112050,320,5,917,7577,5320,23205,brushing
405116650,264,99,909,7577,5320,23205,brushing
405131324,264,99,909,13597,-17097,37012,brushing
405133787,198,-18,863,13597,-17097,37012,brushing
405150291,198,-18,863,16887,-22242,46602,brushing
405150921,113,-198,816,16887,-22242,46602,brushing
405168344,11,-255,785,16887,-22242,46602,brushing
405169586,11,-255,785,16275,-16397,50102,brushing
405185481,-62,-397,803,16275,-16397,50102,brushing
405188859,-62,-397,803,11987,-1365,43435,brushing
405202617,-216,-643,909,11987,-1365,43435,brushing
405207826,-216,-643,909,4637,4147,23975,brushing
405220058,-250,-575,922,4637,4147,23975,brushing
405227100,-250,-575,922,-1435,18655,-2222,brushing
405237195,-103,-316,1076,-1435,18655,-2222,brushing
405246374,-103,-316,1076,-4655,56070,-14490,brushing
405254331,-111,-219,1151,-4655,56070,-14490,brushing
405265647,-111,-219,1151,-8645,46935,-32060,brushing
405271774,-158,-370,1187,-8645,46935,-32060,brushing
405284616,-158,-370,1187,-11550,12337,-53690,brushing
405288910,-199,-439,1265,-11550,12337,-53690,brushing
405303890,-199,-439,1265,-10745,-20807,-77052,brushing
405306047,-116,-461,1141,-10745,-20807,-77052,brushing
405323164,-116,-461,1141,-10167,-20772,-93170,brushing
405323794,2,-356,967,-10167,-20772,-93170,brushing
405340606,126,-7,945,-10167,-20772,-93170,brushing
405342457,126,-7,945,-11952,15487,-87937,brushing
405357742,411,323,846,-11952,15487,-87937,brushing
405361426,411,323,846,-12582,63420,-57872,brushing
405374880,586,218,911,-12582,63420,-57872,brushing
405380701,586,218,911,-15767,85120,-33827,brushing
405392323,605,229,859,-15767,85120,-33827,brushing
405399975,605,229,859,-22557,69562,-7367,brushing
405409459,542,11,901,-22557,69562,-7367,brushing
405419249,542,11,901,-28315,41370,8942,brushing
405426596,403,-146,877,-28315,41370,8942,brushing
405438217,403,-146,877,-30660,45552,25777,brushing
405444039,262,-147,846,-30660,45552,25777,brushing
405457492,262,-147,846,-28385,85417,42122,brushing
405461176,155,86,837,-28385,85417,42122,brushing
405476765,155,86,837,-29925,109952,58047,brushing
405478312,53,228,892,-29925,109952,58047,brushing
405495733,-35,252,972,-31937,95847,64172,brushing
405512862,-167,-26,1073,-31937,95847,64172,brushing
405515020,-167,-26,1073,-33180,54407,58100,brushing
405530000,-342,-249,1121,-33180,54407,58100,brushing
405534294,-342,-249,1121,-24412,22960,38815,brushing
405547441,-359,-208,1039,-24412,22960,38815,brushing
405553567,-359,-208,1039,-11515,23642,18637,brushing
405564578,-257,-16,1026,-11515,23642,18637,brushing
405572535,-257,-16,1026,-3132,14245,-420,brushing
405581714,-153,185,1046,-3132,14245,-420,brushing
405591809,-153,185,1046,-2660,-15890,-14787,brushing
405598851,-133,132,1043,-2660,-15890,-14787,brushing
405611084,-133,132,1043,-3640,-52500,-29435,brushing
405616294,-128,-13,1018,-3640,-52500,-29435,brushing
405630052,-128,-13,1018,-4305,-61950,-40582,brushing
405633431,-80,-38,954,-4305,-61950,-40582,brushing
405649326,-80,-38,954,-7542,-64627,-48212,brushing
405650568,-11,128,991,-7542,-64627,-48212,brushing
405667990,77,75,911,-7542,-64627,-48212,brushing
405668620,77,75,911,-11725,-77157,-49857,brushing
405685126,85,149,952,-11725,-77157,-49857,brushing
405687895,85,149,952,-11322,-38342,-36312,brushing
405702264,176,360,1000,-11322,-38342,-36312,brushing
405706864,176,360,1000,-7525,17500,-11585,brushing
405719400,207,349,1105,-7525,17500,-11585,brushing
405726137,207,349,1105,-6702,24430,10202,brushing
405736841,125,126,1022,-6702,24430,10202,brushing
405745410,125,126,1022,-6335,7297,20300,brushing
405753977,82,111,1004,-6335,7297,20300,brushing
405764378,82,111,1004,-3482,34720,35052,brushing
405771115,103,270,963,-3482,34720,35052,brushing
405783652,103,270,963,-297,71207,54740,brushing
405788557,109,474,944,-297,71207,54740,brushing
405802925,109,474,944,-1872,83440,75565,brushing
405805693,86,365,989,-1872,83440,75565,brushing
405822199,86,365,989,-7910,39917,77630,brushing
405822829,-125,-42,954,-7910,39917,77630,brushing
405840250,-271,-518,919,-7910,39917,77630,brushing
405841186,-271,-518,919,-10622,6755,63087,brushing
405857387,-374,-819,897,-10622,6755,63087,brushing
405860461,-374,-819,897,-15645,-21595,22330,brushing
405874525,-387,-561,910,-15645,-21595,22330,brushing
405879735,-387,-561,910,-14700,-13807,-17307,brushing
405891662,-230,-19,1029,-14700,-13807,-17307,brushing
405898704,-230,-19,1029,-15207,297,-38272,brushing
405909104,-191,171,1078,-15207,297,-38272,brushing
405917978,-191,171,1078,-20492,-57610,-57102,brushing
405926241,-143,88,1052,-20492,-57610,-57102,brushing
405937252,-143,88,1052,-25375,-114030,-72117,brushing
405943377,-116,82,985,-25375,-114030,-72117,brushing
405956220,-116,82,985,-23310,-105262,-70157,brushing
405960515,-96,231,1039,-23310,-105262,-70157,brushing
405975494,-96,231,1039,-6877,-8855,-37117,brushing
405977957,32,724,1152,-6877,-8855,-37117,brushing
405994768,32,724,1152,8942,53847,7315,brushing
405995398,186,919,1155,8942,53847,7315,brushing
406012209,44,324,1022,8942,53847,7315,brushing
406014062,44,324,1022,10902,-7157,29382,brushing
406029652,-85,14,925,10902,-7157,29382,brushing
406033031,-85,14,925,18042,-2957,43820,brushing
406046787,65,308,928,18042,-2957,43820,brushing
406052303,65,308,928,23502,64102,69037,brushing
406063924,-19,93,856,23502,64102,69037,brushing
406071577,-19,93,856,16887,22557,69597,brushing
406081366,-172,-445,765,16887,22557,69597,brushing
406090545,-172,-445,765,12495,17657,58852,brushing
406098503,-200,-697,702,12495,17657,58852,brushing
406109818,-200,-697,702,5547,42560,33530,brushing
406115640,-265,-565,810,5547,42560,33530,brushing
406129091,-265,-565,810,-3850,32812,1837,brushing
406132775,-189,-366,905,-3850,32812,1837,brushing
406148364,-189,-366,905,-7542,21787,-22085,brushing
406150216,-167,-61,1013,-7542,21787,-22085,brushing
406167333,-167,124,1199,-9432,5985,-36067,brushing
406184462,-137,267,1112,-9432,5985,-36067,brushing
406186620,-137,267,1112,-10115,-48405,-50032,brushing
406201904,-114,369,1087,-10115,-48405,-50032,brushing
406205893,-114,369,1087,-8802,-74042,-51590,brushing
406219040,-115,437,1090,-8802,-74042,-51590,brushing
406224861,-115,437,1090,787,-43872,-33722,brushing
406236177,-14,639,1110,787,-43872,-33722,brushing
406244135,-14,639,1110,13965,16782,-997,brushing
406253313,30,463,1131,13965,16782,-997,brushing
406263408,30,463,1131,17605,-2170,14507,brushing
406270755,-103,-28,981,17605,-2170,14507,brushing
406282376,-103,-28,981,20282,-17360,14315,brushing
406287892,-126,-102,893,20282,-17360,14315,brushing
406301650,-126,-102,893,25235,26617,17517,brushing
406305029,-45,163,827,25235,26617,17517,brushing
406320923,-45,163,827,25480,60900,27510,brushing
406322165,12,410,802,25480,60900,27510,brushing
406339587,6,360,755,19005,55282,35892,brushing
406356717,-36,101,849,19005,55282,35892,brushing
406359178,-36,101,849,10150,49980,39270,brushing
406373852,-125,-260,868,10150,49980,39270,brushing
406378452,-125,-260,868,3272,38937,26915,brushing
406391294,-201,-483,972,3272,38937,26915,brushing
406397725,-201,-483,972,-2730,17955,-2800,brushing
406408430,-147,-285,955,-2730,17955,-2800,brushing
406416694,-147,-285,955,-2852,30992,-26302,brushing
406425567,-21,226,1006,-2852,30992,-26302,brushing
406435967,-21,226,1006,-10185,29120,-36067,brushing
406443010,11,405,1127,-10185,29120,-36067,brushing
406455241,11,405,1127,-20335,-29417,-43907,brushing
406460146,8,307,1133,-20335,-29417,-43907,brushing
406474210,8,307,1133,-22610,-49472,-42035,brushing
406477284,12,294,1083,-22610,-49472,-42035,brushing
406493483,12,294,1083,-18935,-26267,-28315,brushing
406494419,17,459,1230,-18935,-26267,-28315,brushing
406511838,49,467,1204,-18935,-26267,-28315,brushing
406512775,49,467,1204,-10447,-27790,-12477,brushing
406528975,54,426,1209,-10447,-27790,-12477,brushing
406532048,54,426,1209,1137,-22522,6562,brushing
406546112,25,234,1159,1137,-22522,6562,brushing
406551017,25,234,1159,8767,-39532,16292,brushing
406563554,-23,53,973,8767,-39532,16292,brushing
406570291,-23,53,973,15802,-47250,21402,brushing
406580691,39,116,874,15802,-47250,21402,brushing
406589565,39,116,874,21052,-20930,30677,brushing
406597827,77,254,780,21052,-20930,30677,brushing
406608533,77,254,780,20440,-105,42280,brushing
406614963,45,272,730,20440,-105,42280,brushing
406627806,45,272,730,14542,10290,52062,brushing
406632406,-37,110,730,14542,10290,52062,brushing
406647080,-37,110,730,8225,26740,56577,brushing
406649544,-95,-8,742,8225,26740,56577,brushing
406666049,-95,-8,742,2940,49437,55807,brushing
406666680,-133,-12,843,2940,49437,55807,brushing
406683796,-214,-203,985,2940,49437,55807,brushing
406685343,-214,-203,985,-3290,39707,42280,brushing
406701238,-308,-379,980,-3290,39707,42280,brushing
406704617,-308,-379,980,-3955,14000,13405,brushing
406718375,-287,-184,1167,-3955,14000,13405,brushing
406723585,-287,-184,1167,1120,33425,-7857,brushing
406735511,-215,172,1150,1120,33425,-7857,brushing
406742859,-215,172,1150,6667,31430,-22925,brushing
406752648,-175,371,1226,6667,31430,-22925,brushing
406762132,-175,371,1226,8365,-7087,-33337,brushing
406770090,-130,322,1220,8365,-7087,-33337,brushing
406781101,-130,322,1220,8960,-57137,-43487,brushing
406787227,-122,129,1167,8960,-57137,-43487,brushing
406800375,-122,129,1167,9450,-86047,-53305,brushing
406804364,-103,47,1035,9450,-86047,-53305,brushing
406819647,-103,47,1035,10167,-79152,-56192,brushing
406821804,-65,141,866,10167,-79152,-56192,brushing
406838615,-65,141,866,9922,-43715,-46287,brushing
406839245,21,368,875,9922,-43715,-46287,brushing
406856056,102,558,850,9922,-43715,-46287,brushing
406857908,102,558,850,7560,-18847,-27597,brushing
406873194,133,532,879,7560,-18847,-27597,brushing
406877183,133,532,879,1820,-16992,-5880,brushing
406890636,78,251,890,1820,-16992,-5880,brushing
406896457,78,251,890,-4060,-34545,7507,brushing
406907774,17,34,865,-4060,-34545,7507,brushing
406915426,17,34,865,-4795,-25305,16625,brushing
406924911,-4,-39,867,-4795,-25305,16625,brushing
406934700,-4,-39,867,-2415,1470,22610,brushing
406942353,-21,-3,875,-2415,1470,22610,brushing
406953973,-21,-3,875,437,26022,27755,brushing
406959489,1,131,899,437,26022,27755,brushing
406972942,1,131,899,787,31045,33040,brushing
406976626,14,147,916,787,31045,33040,brushing
406992216,14,147,916,-1662,9817,32550,brushing
406993763,-37,-35,925,-1662,9817,32550,brushing
407011185,-101,-280,900,-2222,-8995,25165,brushing
407028312,-124,-339,926,-2222,-8995,25165,brushing
407030470,-124,-339,926,210,-1610,14052,brushing
407045448,-94,-203,917,210,-1610,14052,brushing
407049743,-94,-203,917,3150,12355,2747,brushing
407062585,-93,-14,909,3150,12355,2747,brushing
407069016,-93,-14,909,4795,26285,-2065,brushing
407080026,-68,154,928,4795,26285,-2065,brushing
407087984,-68,154,928,3010,21472,-3587,brushing
407097163,-86,176,916,3010,21472,-3587,brushing
407107258,-86,176,916,245,8995,-3517,brushing
407114300,-85,139,909,245,8995,-3517,brushing
407126532,-85,139,909,-1487,6300,-3185,brushing
407131437,-89,122,917,-1487,6300,-3185,brushing
407145501,-89,122,917,-1172,10990,-2380,brushing
407148879,-89,133,933,-1172,10990,-2380,brushing
407164774,-89,133,933,262,14857,-1487,brushing
407166016,-93,163,956,262,14857,-1487,brushing
407183133,-72,209,987,262,14857,-1487,brushing
407184069,-72,209,987,1942,15470,297,brushing
407200575,-58,218,1014,1942,15470,297,brushing
407203037,-58,218,1014,2345,11270,3570,brushing
407217712,-72,169,1021,2345,11270,3570,brushing
407222311,-72,169,1021,2117,6002,7245,brushing
407234849,-91,101,1042,2117,6002,7245,brushing
407241585,-91,101,1042,2642,4707,10167,brushing
407251985,-86,70,1065,2642,4707,10167,brushing
407260553,-86,70,1065,4917,7367,12355,brushing
407269426,-50,108,1063,4917,7367,12355,brushing
407279826,-50,108,1063,8155,9327,13982,brushing
407286562,-1,207,1061,8155,9327,13982,brushing
407299100,-1,207,1061,11410,9170,17920,brushing
407303700,39,301,1076,11410,9170,17920,brushing
407318374,39,301,1076,13912,-3062,22190,brushing
407321141,44,325,1054,13912,-3062,22190,brushing
407337342,44,325,1054,16450,-18585,26127,brushing
407338278,37,314,1006,16450,-18585,26127,brushing
407355395,20,269,975,16450,-18585,26127,brushing
407356636,20,269,975,18252,-30887,29207,brushing
407372532,-14,164,926,18252,-30887,29207,brushing
407375911,-14,164,926,19862,-38955,29015,brushing
407389975,-51,54,868,19862,-38955,29015,brushing
407394880,-51,54,868,20230,-43995,22872,brushing
407407112,-63,-8,793,20230,-43995,22872,brushing
407414153,-63,-8,793,19582,-38587,13597,brushing
407424248,-73,-48,708,19582,-38587,13597,brushing
407433427,-73,-48,708,15260,-25112,2117,brushing
407441385,-95,-24,695,15260,-25112,2117,brushing
407452395,-95,-24,695,8732,-3360,-4707,brushing
407458827,-85,47,750,8732,-3360,-4707,brushing
407471669,-85,47,750,1505,15260,-7140,brushing
407475963,-74,73,779,1505,15260,-7140,brushing
407490943,-74,73,779,-4707,27107,-9117,brushing
407493101,-60,95,890,-4707,27107,-9117,brushing
407509912,-60,95,890,-7245,36120,-10080,brushing
407510542,-35,95,998,-7245,36120,-10080,brushing
407527659,-50,112,1082,-7245,36120,-10080,brushing
407529206,-50,112,1082,-6335,38237,-13160,brushing
407544796,-48,202,1151,-6335,38237,-13160,brushing
407548480,-48,202,1151,-1750,39795,-14752,brushing
407561933,-56,308,1200,-1750,39795,-14752,brushing
407567449,-56,308,1200,4550,34212,-14052,brushing
407579069,-69,350,1189,4550,34212,-14052,brushing
407586722,-69,350,1189,11392,15312,-13580,brushing
407596512,-88,329,1148,11392,15312,-13580,brushing
407605996,-88,329,1148,17255,-1767,-13072,brushing
407613649,-106,270,1099,17255,-1767,-13072,brushing
407624964,-106,270,1099,22155,-10290,-13492,brushing
407630785,-120,246,1077,22155,-10290,-13492,brushing
407644238,-120,246,1077,27387,-6842,-12827,brushing
407647922,-105,291,1086,27387,-6842,-12827,brushing
407663511,-105,291,1086,32112,-5547,-11445,brushing
407665364,-82,347,1058,32112,-5547,-11445,brushing
407682480,-69,360,1033,33950,-14665,-11690,brushing
407699609,-61,360,1006,33950,-14665,-11690,brushing
407701767,-61,360,1006,33950,-22750,-12127,brushing
407717052,-52,310,960,33950,-22750,-12127,brushing
407721041,-52,310,960,32445,-29837,-13895,brushing
407734189,-61,188,913,32445,-29837,-13895,brushing
407740009,-61,188,913,29120,-37852,-20265,brushing
407751326,-74,75,871,29120,-37852,-20265,brushing
407759284,-74,75,871,25917,-36085,-30275,brushing
407768462,-50,82,868,25917,-36085,-30275,brushing
407778557,-50,82,868,24150,-19127,-39252,brushing
407785904,-23,133,900,24150,-19127,-39252,brushing
407797526,-23,133,900,21805,-14892,-49157,brushing
407803041,-20,93,920,21805,-14892,-49157,brushing
407816800,-20,93,920,20545,-18427,-59815,brushing
407820178,1,85,949,20545,-18427,-59815,brushing
407836073,1,85,949,21140,-14000,-66500,brushing
407837314,49,135,972,21140,-14000,-66500,brushing
407854736,90,191,993,21140,-14000,-66500,brushing
407855366,90,191,993,21875,-12740,-69790,brushing
407871872,124,252,1020,21875,-12740,-69790,brushing
407874335,124,252,1020,22750,-16310,-69037,brushing
407889009,155,281,1003,22750,-16310,-69037,brushing
407893609,155,281,1003,23607,-24517,-64837,brushing
407906450,170,241,966,23607,-24517,-64837,brushing
407912882,170,241,966,22312,-37905,-60427,brushing
407923588,167,158,938,22312,-37905,-60427,brushing
407931852,167,158,938,19757,-46690,-56297,brushing
407940726,171,93,927,19757,-46690,-56297,brushing
407951125,171,93,927,18182,-44730,-51537,brushing
407957862,183,70,928,18182,-44730,-51537,brushing
407970399,183,70,928,17902,-36977,-45937,brushing
407975304,192,87,923,17902,-36977,-45937,brushing
407989367,192,87,923,17745,-32182,-40565,brushing
407992441,198,81,899,17745,-32182,-40565,brushing
408008641,198,81,899,16432,-31762,-36890,brushing
408009578,176,49,901,16432,-31762,-36890,brushing
408027000,155,31,938,16432,-31762,-36890,brushing
408027937,155,31,938,16117,-27545,-32707,brushing
408044137,156,68,979,16117,-27545,-32707,brushing
408046905,156,68,979,16992,-20107,-27930,brushing
408061273,153,94,999,16992,-20107,-27930,brushing
408066178,153,94,999,17710,-20037,-23992,brushing
408078410,144,98,1015,17710,-20037,-23992,brushing
408085451,144,98,1015,18200,-23415,-20667,brushing
408095851,135,76,1039,18200,-23415,-20667,brushing
408104419,135,76,1039,19127,-27475,-18077,brushing
408112986,138,33,1040,19127,-27475,-18077,brushing
408123693,138,33,1040,20037,-30537,-17010,brushing
408130123,160,1,1048,20037,-30537,-17010,brushing
408142965,160,1,1048,20562,-32427,-16835,brushing
408147260,193,6,1048,20562,-32427,-16835,brushing
408162238,193,6,1048,20317,-35227,-15942,brushing
408164701,218,18,1020,20317,-35227,-15942,brushing
408181207,218,18,1020,18760,-39165,-13317,brushing
408181837,232,4,993,18760,-39165,-13317,brushing
408198953,237,-42,940,18760,-39165,-13317,brushing
408200500,237,-42,940,16450,-42997,-10657,brushing
408216395,231,-76,894,16450,-42997,-10657,brushing
408219774,231,-76,894,14262,-40180,-7962,brushing
408233532,227,-53,882,14262,-40180,-7962,brushing
408238743,227,-53,882,12705,-31045,-4585,brushing
408250669,216,-21,888,12705,-31045,-4585,brushing
408258017,216,-21,888,11620,-24815,-1190,brushing
408267806,190,-33,897,11620,-24815,-1190,brushing
408277290,190,-33,897,10272,-26057,0,brushing
408285248,150,-76,903,10272,-26057,0,brushing
408296564,150,-76,903,10237,-24972,-385,brushing
408302385,142,-93,886,10237,-24972,-385,brushing
408315532,142,-93,886,10307,-14962,-840,brushing
408319521,147,-63,902,10307,-14962,-840,brushing
408334805,147,-63,902,9660,-7472,-2275,brushing
408336962,150,-36,938,9660,-7472,-2275,brushing
408354079,147,-30,957,8995,-8260,-4900,brushing
408371207,140,-34,993,8995,-8260,-4900,brushing
408373060,140,-34,993,8960,-10150,-7525,brushing
408388344,147,-25,1029,8960,-10150,-7525,brushing
408392333,147,-25,1029,9782,-11567,-9327,brushing
408405785,157,-22,1021,9782,-11567,-9327,brushing
408411606,157,-22,1021,10202,-16642,-11252,brushing
408422922,178,-9,1001,10202,-16642,-11252,brushing
408430574,178,-9,1001,9765,-18882,-11322,brushing
408440058,197,0,1005,9765,-18882,-11322,brushing
408449848,197,0,1005,8732,-22400,-11095,brushing
408457500,195,-32,1005,8732,-22400,-11095,brushing
408469120,195,-32,1005,8085,-25742,-11042,brushing
408474636,181,-77,1003,8085,-25742,-11042,brushing
408488089,181,-77,1003,8592,-25165,-11217,brushing
408491773,179,-98,1016,8592,-25165,-11217,brushing
408507363,179,-98,1016,10605,-24290,-11550,brushing
408508910,193,-74,1034,10605,-24290,-11550,brushing
408526333,226,30,986,13055,-23432,-9380,brushing
408543462,255,89,929,13055,-23432,-9380,brushing
408545925,255,89,929,13107,-28805,-4497,brushing
408560599,253,32,901,13107,-28805,-4497,brushing
408564893,253,32,901,10062,-40232,805,brushing
408578041,235,-78,808,10062,-40232,805,brushing
408584168,235,-78,808,4550,-46935,3517,brushing
408595178,223,-159,718,4550,-46935,3517,brushing
408603441,223,-159,718,-2730,-32340,6912,brushing
408612314,235,-175,702,-2730,-32340,6912,brushing
408622408,235,-175,702,-9992,1592,12512,brushing
408629448,233,-93,770,-9992,1592,12512,brushing
408641680,233,-93,770,-15452,32410,19040,brushing
408646890,201,-43,857,-15452,32410,19040,brushing
408660954,201,-43,857,-19460,40040,21612,brushing
408664027,172,-31,923,-19460,40040,21612,brushing
408680228,172,-31,923,-20282,44940,24535,brushing
408681164,181,-3,976,-20282,44940,24535,brushing
408698585,164,-60,1083,-20282,44940,24535,brushing
408699216,164,-60,1083,-19950,45867,26827,brushing
408715723,83,-207,1161,-19950,45867,26827,brushing
408718490,83,-207,1161,-19110,26950,20965,brushing
408732859,30,-381,1161,-19110,26950,20965,brushing
408737763,30,-381,1161,-17675,-1907,5442,brushing
408750301,22,-454,1164,-17675,-1907,5442,brushing
408756733,22,-454,1164,-17535,-28805,-17430,brushing
408767438,104,-406,1121,-17535,-28805,-17430,brushing
408776006,104,-406,1121,-18095,-45885,-37555,brushing
408784575,165,-302,1038,-18095,-45885,-37555,brushing
408795279,165,-302,1038,-23747,-44677,-48072,brushing
408801710,135,-222,1017,-23747,-44677,-48072,brushing
408814552,135,-222,1017,-32987,-54617,-55895,brushing
408819152,133,-148,920,-32987,-54617,-55895,brushing
408833521,133,-148,920,-39550,-42437,-51957,brushing
408836290,174,51,912,-39550,-42437,-51957,brushing
408852796,174,51,912,-43592,-11620,-36907,brushing
408853426,194,246,981,-43592,-11620,-36907,brushing
408870847,201,361,1059,-43592,-11620,-36907,brushing
408872088,201,361,1059,-43557,3692,-16940,brushing
408887984,166,256,1126,-43557,3692,-16940,brushing
408891057,166,256,1126,-39900,-3167,1802,brushing
408905121,69,-45,1165,-39900,-3167,1802,brushing
408910331,69,-45,1165,-33057,-26722,9117,brushing
408922258,12,-189,1096,-33057,-26722,9117,brushing
408929606,12,-189,1096,-22400,-26582,11917,brushing
408939701,17,-131,1036,-22400,-26582,11917,brushing
408948575,17,-131,1036,-12512,-12197,15242,brushing
408956838,24,-27,961,-12512,-12197,15242,brushing
408967848,24,-27,961,-5442,1207,21262,brushing
408973973,31,75,886,-5442,1207,21262,brushing
408987121,31,75,886,-5670,-5005,25760,brushing
408991416,-6,-35,787,-5670,-5005,25760,brushing
409006395,-6,-35,787,-8557,-13877,25340,brushing
409008553,-55,-200,755,-8557,-13877,25340,brushing
409025363,-55,-200,755,-8942,6422,24762,brushing
409025993,-74,-251,780,-8942,6422,24762,brushing
409042804,-122,-264,909,-8942,6422,24762,brushing
409044656,-122,-264,909,-7157,25970,21210,brushing
409060246,-165,-347,1017,-7157,25970,21210,brushing
409063930,-165,-347,1017,-3237,22505,9765,brushing
409077383,-143,-376,1091,-3237,22505,9765,brushing
409082898,-143,-376,1091,-122,-8417,-10955,brushing
409094520,-69,-190,1179,-122,-8417,-10955,brushing
409102172,-69,-190,1179,6790,-9012,-20125,brushing
409111962,9,1,1282,6790,-9012,-20125,brushing
409121446,9,1,1282,13440,-25165,-23292,brushing
409129099,3,-20,1247,13440,-25165,-23292,brushing
409140415,3,-20,1247,17185,-59535,-26092,brushing
409146236,0,-179,1189,17185,-59535,-26092,brushing
409159690,0,-179,1189,16555,-89110,-33320,brushing
409163374,0,-411,1080,16555,-89110,-33320,brushing
409178964,0,-411,1080,13142,-99102,-44327,brushing
409180816,14,-572,928,13142,-99102,-44327,brushing
409197933,19,-448,856,9310,-71487,-51747,brushing
409215061,120,80,884,9310,-71487,-51747,brushing
409217217,120,80,884,9222,-16712,-41667,brushing
409232501,224,421,892,9222,-16712,-41667,brushing
409236490,224,421,892,5985,-2922,-22190,brushing
409249638,233,359,901,5985,-2922,-22190,brushing
409255763,233,359,901,1137,-27090,-1260,brushing
409266774,181,18,864,1137,-27090,-1260,brushing
409274732,181,18,864,-2345,-45220,12775,brushing
409283911,122,-220,808,-2345,-45220,12775,brushing
409294007,122,-220,808,-4305,-48055,19302,brushing
409301354,52,-436,710,-4305,-48055,19302,brushing
409313280,52,-436,710,-4952,-29242,18515,brushing
409318491,36,-402,660,-4952,-29242,18515,brushing
409332249,36,-402,660,-6230,7017,20335,brushing
409335628,45,-225,620,-6230,7017,20335,brushing
409351522,45,-225,620,-8172,36785,26442,brushing
409352763,44,-136,702,-8172,36785,26442,brushing
409370186,46,-25,816,-8172,36785,26442,brushing
409370816,46,-25,816,-5985,63070,35980,brushing
409387323,-3,-66,961,-5985,63070,35980,brushing
409389785,-3,-66,961,-5075,50312,41317,brushing
409404458,-149,-436,937,-5075,50312,41317,brushing
409409058,-149,-436,937,-2555,8225,29662,brushing
409421596,-171,-606,967,-2555,8225,29662,brushing
409428332,-171,-606,967,752,-682,10902,brushing
409439038,-145,-532,954,752,-682,10902,brushing
409447301,-145,-532,954,3762,7192,-4410,brushing
409456174,-73,-406,944,3762,7192,-4410,brushing
409466575,-73,-406,944,2117,-1610,-18392,brushing
409473312,-70,-381,994,2117,-1610,-18392,brushing
409485849,-70,-381,994,-700,-17150,-30292,brushing
409490449,-103,-477,1080,-700,-17150,-30292,brushing
409504817,-103,-477,1080,-332,-27072,-41842,brushing
409507891,-80,-484,1104,-332,-27072,-41842,brushing
409524091,-80,-484,1104,577,-22032,-48352,brushing
409525028,39,-201,1027,577,-22032,-48352,brushing
409542143,133,-47,1108,577,-22032,-48352,brushing
409543384,133,-47,1108,350,-7262,-45727,brushing
409559585,149,141,1209,350,-7262,-45727,brushing
409562354,149,141,1209,3167,-9467,-37275,brushing
409576722,201,280,1214,3167,-9467,-37275,brushing
409581627,201,280,1214,8942,-6825,-16677,brushing
409593859,244,379,1220,8942,-6825,-16677,brushing
409600900,244,379,1220,10237,-20667,7017,brushing
409610995,156,17,1075,10237,-20667,7017,brushing
409620175,156,17,1075,8522,-50330,17902,brushing
409628438,96,-193,931,8522,-50330,17902,brushing
409639143,96,-193,931,7420,-29662,31307,brushing
409645574,91,-121,842,7420,-29662,31307,brushing
409658416,91,-121,842,5757,7805,45727,brushing
409662710,42,-49,858,5757,7805,45727,brushing
409677689,42,-49,858,822,4165,50470,brushing
409680152,-56,-191,846,822,4165,50470,brushing
409696658,-56,-191,846,-2677,-8627,45517,brushing
409697289,-110,-441,724,-2677,-8627,45517,brushing
409714405,-135,-539,724,-2677,-8627,45517,brushing
409715952,-135,-539,724,-3517,22925,40442,brushing
409731847,-183,-627,749,-3517,22925,40442,brushing
409735225,-183,-627,749,-8295,30835,24517,brushing
409748984,-229,-778,780,-8295,30835,24517,brushing
409754499,-229,-778,780,-11620,14350,-1505,brushing
409766120,-132,-562,907,-11620,14350,-1505,brushing
409773468,-132,-562,907,-8067,31675,-18182,brushing
409783258,-72,-351,1054,-8067,31675,-18182,brushing
409792743,-72,-351,1054,-2170,28122,-30450,brushing
409800700,-102,-268,1197,-2170,28122,-30450,brushing
409812016,-102,-268,1197,5582,-3010,-39987,brushing
409817836,-83,-291,1186,5582,-3010,-39987,brushing
409830984,-83,-291,1186,5862,-61250,-56455,brushing
409834973,-3,-380,848,5862,-61250,-56455,brushing
409850258,-3,-380,848,6912,-47267,-58537,brushing
409852110,39,-172,1070,6912,-47267,-58537,brushing
409869532,113,100,1100,13685,-6720,-43872,brushing
409886662,202,334,1111,13685,-6720,-43872,brushing
409888514,202,334,1111,20545,6002,-23047,brushing
409903799,276,390,1088,20545,6002,-23047,brushing
409907788,276,390,1088,25287,-3902,3552,brushing
409921241,215,-19,960,25287,-3902,3552,brushing
409927062,215,-19,960,26862,-28735,21140,brushing
409938378,163,-204,859,26862,-28735,21140,brushing
409946032,163,-204,859,31832,-7612,38027,brushing
409955516,184,-29,822,31832,-7612,38027,brushing
409965306,184,-29,822,38552,37292,60690,brushing
409972653,196,117,843,38552,37292,60690,brushing
409984579,196,117,843,35910,24132,73692,brushing
409990094,38,-205,852,35910,24132,73692,brushing
410003852,38,-205,852,28910,-28017,64872,brushing
410007230,-105,-746,646,28910,-28017,64872,brushing
410022819,-105,-746,646,26162,-1680,49385,brushing
410024366,-167,-971,671,26162,-1680,49385,brushing
410041787,-180,-907,680,21140,31535,21682,brushing
410058915,-103,-506,806,21140,31535,21682,brushing
410061379,-103,-506,806,16520,43260,-4130,brushing
410076053,-81,-323,941,16520,43260,-4130,brushing
410080347,-81,-323,941,11165,35175,-24780,brushing
410093495,-129,-378,937,11165,35175,-24780,brushing
410099620,-129,-378,937,2345,-1155,-46270,brushing
410110631,-77,-203,961,2345,-1155,-46270,brushing
410118893,-77,-203,961,-7437,-24115,-58607,brushing
410127767,42,-137,1085,-7437,-24115,-58607,brushing
410138167,42,-137,1085,-6632,-9975,-59815,brushing
410144904,65,50,1246,-6632,-9975,-59815,brushing
410157136,65,50,1246,3657,10307,-47285,brushing
410162347,165,276,1300,3657,10307,-47285,brushing
410176410,165,276,1300,17237,8522,-30205,brushing
410179482,269,337,1276,17237,8522,-30205,brushing
410195683,269,337,1276,30485,5022,-8242,brushing
410196618,312,196,1170,30485,5022,-8242,brushing
410214039,234,-183,1018,30485,5022,-8242,brushing
410214975,234,-183,1018,38185,-9537,5285,brushing
410231175,194,-319,878,38185,-9537,5285,brushing
410233943,194,-319,878,45500,-4042,10937,brushing
410248312,184,-263,843,45500,-4042,10937,brushing
410253217,184,-263,843,56525,34142,19635,brushing
410265753,219,-21,839,56525,34142,19635,brushing
410272490,219,-21,839,72695,80482,35035,brushing
410282890,255,123,877,72695,80482,35035,brushing
410291458,255,123,877,87202,96985,49840,brushing
410300026,231,21,735,87202,96985,49840,brushing
410310731,231,21,735,95480,74882,50260,brushing
410317468,196,-213,684,95480,74882,50260,brushing
410330005,196,-213,684,98490,65257,47005,brushing
410334606,198,-282,714,98490,65257,47005,brushing
410349280,198,-282,714,100467,86817,46970,brushing
410351743,251,-184,842,100467,86817,46970,brushing
410368248,251,-184,842,99977,93520,44835,brushing
410368878,323,-81,949,99977,93520,44835,brushing
410386299,384,-66,958,99977,93520,44835,brushing
410387540,384,-66,958,94290,72117,35647,brushing
410403436,457,-50,910,94290,72117,35647,brushing
410406815,457,-50,910,83265,50487,24780,brushing
410420574,527,-21,905,83265,50487,24780,brushing
410426089,527,-21,905,67410,39847,19162,brushing
410438016,592,-1,913,67410,39847,19162,brushing
410445057,592,-1,913,47162,39935,17780,brushing
410455152,608,66,954,47162,39935,17780,brushing
410464331,608,66,954,23520,39147,18462,brushing
410472289,590,70,997,23520,39147,18462,brushing
410483605,590,70,997,1417,30222,18322,brushing
410489731,548,92,1009,1417,30222,18322,brushing
410502574,548,92,1009,-14595,29592,20737,brushing
410506869,506,162,1013,-14595,29592,20737,brushing
410521848,506,162,1013,-24290,37240,25515,brushing
410524006,453,336,1046,-24290,37240,25515,brushing
410541123,453,336,1046,-28805,41632,35192,brushing
410541753,392,459,1096,-28805,41632,35192,brushing
410558563,296,388,1089,-28805,41632,35192,brushing
410560415,296,388,1089,-29207,20282,41282,brushing
410575700,271,305,1084,-29207,20282,41282,brushing
410579384,271,305,1084,-23677,-1312,45220,brushing
410592837,239,159,1057,-23677,-1312,45220,brushing
410598658,239,159,1057,-15207,-17447,46340,brushing
410610279,60,-483,947,-15207,-17447,46340,brushing
410617931,60,-483,947,-10535,-67340,18340,brushing
410627416,-34,-734,715,-10535,-67340,18340,brushing
410637205,-34,-734,715,-1365,-56892,-13440,brushing
410644552,293,-196,749,-1365,-56892,-13440,brushing
410656174,293,-196,749,5705,32882,-8435,brushing
410661995,407,228,864,5705,32882,-8435,brushing
410675447,407,228,864,-1400,2677,-21017,brushing
410679131,329,39,771,-1400,2677,-21017,brushing
410694721,329,39,771,-15855,-51870,-37975,brushing
410696267,269,-251,829,-15855,-51870,-37975,brushing
410713688,258,-237,854,-24482,-48807,-51065,brushing
410730817,251,-29,898,-24482,-48807,-51065,brushing
410732975,251,-29,898,-25130,-3920,-54722,brushing
410747954,313,407,1041,-25130,-3920,-54722,brushing
410752249,313,407,1041,-23047,31727,-47267,brushing
410765396,408,702,1167,-23047,31727,-47267,brushing
410771522,408,702,1167,-19827,18987,-32112,brushing
410782532,508,858,1202,-19827,18987,-32112,brushing
410790489,508,858,1202,-12390,-6177,-6265,brushing
410799668,480,462,1197,-12390,-6177,-6265,brushing
410809762,480,462,1197,-2380,-33687,11147,brushing
410816804,412,234,1041,-2380,-33687,11147,brushing
410829036,412,234,1041,11165,-21262,28175,brushing
410834246,457,446,1002,11165,-21262,28175,brushing
410848004,457,446,1002,19442,-10552,51555,brushing
410851383,424,422,899,19442,-10552,51555,brushing
410867279,424,422,899,19967,-25690,64417,brushing
410868521,361,168,730,19967,-25690,64417,brushing
410885943,296,-113,761,19967,-25690,64417,brushing
410886573,296,-113,761,18182,-6755,77595,brushing
410903080,138,-758,687,18182,-6755,77595,brushing
410905848,138,-758,687,12985,-5932,64767,brushing
410920217,-51,-1188,384,12985,-5932,64767,brushing
410924816,-51,-1188,384,8032,-24272,10062,brushing
410937659,207,-426,655,8032,-24272,10062,brushing
410944090,207,-426,655,10307,119647,12197,brushing
410954795,281,271,1062,10307,119647,12197,brushing
410963363,281,271,1062,5005,108185,525,brushing
410971931,180,114,1030,5005,108185,525,brushing
410982332,180,114,1030,-3377,1487,-26005,brushing
410989068,139,-233,1109,-3377,1487,-26005,brushing
411001605,139,-233,1109,-3045,-19512,-42542,brushing
411006510,173,-148,1137,-3045,-19512,-42542,brushing
411020880,173,-148,1137,2905,-14577,-54827,brushing
411023647,196,-17,1095,2905,-14577,-54827,brushing
411040152,196,-17,1095,9170,-8050,-64137,brushing
411040782,320,224,999,9170,-8050,-64137,brushing
411058204,471,749,947,9170,-8050,-64137,brushing
411059141,471,749,947,10885,11130,-49857,brushing
411075342,622,1025,948,10885,11130,-49857,brushing
411078415,622,1025,948,9730,11445,-19302,brushing
411092478,582,651,943,9730,11445,-19302,brushing
411097689,582,651,943,7997,-3115,13965,brushing
411109921,506,352,906,7997,-3115,13965,brushing
411116963,506,352,906,12215,3325,36102,brushing
411127057,460,347,969,12215,3325,36102,brushing
411135930,460,347,969,17220,4462,52727,brushing
411144193,314,96,847,17220,4462,52727,brushing
411155203,314,96,847,21612,-10342,54372,brushing
411161330,299,73,843,21612,-10342,54372,brushing
411174477,299,73,843,27895,15417,61355,brushing
411178772,257,-11,842,27895,15417,61355,brushing
411193446,257,-11,842,30205,16030,52972,brushing
411195908,226,-274,777,30205,16030,52972,brushing
411212719,226,-274,777,25340,0,26600,brushing
411213349,136,-726,702,25340,0,26600,brushing
411230467,151,-684,717,25340,0,26600,brushing
411232015,151,-684,717,17815,1207,-13265,brushing
411247606,217,-226,945,17815,1207,-13265,brushing
411250984,217,-226,945,12915,46795,-32112,brushing
411264742,167,31,988,12915,46795,-32112,brushing
411270258,167,31,988,9362,32777,-55020,brushing
411282185,158,182,1002,9362,32777,-55020,brushing
411289532,158,182,1002,7752,10132,-69300,brushing
411299321,185,309,982,7752,10132,-69300,brushing
411308806,185,309,982,10220,14087,-74060,brushing
411316458,281,596,956,10220,14087,-74060,brushing
411327774,281,596,956,13895,26232,-61810,brushing
411333595,399,789,993,13895,26232,-61810,brushing
411347048,399,789,993,17325,12897,-44677,brushing
411351037,474,755,976,17325,12897,-44677,brushing
411366321,474,755,976,20807,-11112,-29015,brushing
411368174,460,483,952,20807,-11112,-29015,brushing
411385291,414,325,927,27475,-20510,-18357,brushing
411402725,389,219,873,27475,-20510,-18357,brushing
411404577,389,219,873,36925,-16065,-11445,brushing
411419862,340,108,803,36925,-16065,-11445,brushing
411423851,340,108,803,46550,-9275,-11322,brushing
411436999,350,-29,671,46550,-9275,-11322,brushing
411443125,350,-29,671,53987,17570,-13160,brushing
411454441,411,57,664,53987,17570,-13160,brushing
411462094,411,57,664,57347,56490,-11497,brushing
411471578,360,166,729,57347,56490,-11497,brushing
411481367,360,166,729,58292,56560,-14630,brushing
411488715,387,219,694,58292,56560,-14630,brushing
411500642,387,219,694,59587,52517,-18270,brushing
411505852,416,217,746,59587,52517,-18270,brushing
411519610,416,217,746,63577,60007,-18060,brushing
411523294,494,312,764,63577,60007,-18060,brushing
411538884,494,312,764,65572,58467,-18550,brushing
411540431,586,356,871,65572,58467,-18550,brushing
411557547,642,379,895,65572,58467,-18550,brushing
411558177,642,379,895,67375,44555,-20230,brushing
411574989,682,401,907,67375,44555,-20230,brushing
411577452,682,401,907,68425,31377,-17640,brushing
411592125,682,321,844,68425,31377,-17640,brushing
411596419,682,321,844,68127,19705,-13772,brushing
411609260,756,271,761,68127,19705,-13772,brushing
411615691,756,271,761,65870,29050,-11410,brushing
411626702,795,374,780,65870,29050,-11410,brushing
411634964,795,374,780,58800,34457,-9537,brushing
411643838,783,425,800,58800,34457,-9537,brushing
411654238,783,425,800,48072,8172,-11147,brushing
411660975,750,337,732,48072,8172,-11147,brushing
411673207,750,337,732,36277,-16327,-13387,brushing
411678112,715,176,683,36277,-16327,-13387,brushing
411692480,715,176,683,23905,-21525,-18095,brushing
411695553,672,118,689,23905,-21525,-18095,brushing
411711753,672,118,689,10412,-21157,-24605,brushing
411712689,647,141,720,10412,-21157,-24605,brushing
411729805,649,235,687,10412,-21157,-24605,brushing
411730741,649,235,687,-1820,-20457,-31482,brushing
411747247,666,371,687,-1820,-20457,-31482,brushing
411750015,666,371,687,-12162,-6685,-30275,brushing
411764385,655,557,700,-12162,-6685,-30275,brushing
411769290,655,557,700,-21420,5005,-22557,brushing
411781523,604,600,751,-21420,5005,-22557,brushing
411788565,604,600,751,-27440,-2082,-15032,brushing
411798964,554,563,771,-27440,-2082,-15032,brushing
411807533,554,563,771,-28875,-18427,-10482,brushing
411816101,520,450,751,-28875,-18427,-10482,brushing
411826806,520,450,751,-26757,-29312,-9187,brushing
411833238,545,387,696,-26757,-29312,-9187,brushing
411846080,545,387,696,-22400,-23345,-5862,brushing
411850374,609,448,650,-22400,-23345,-5862,brushing
411865048,609,448,650,-20212,-9975,2065,brushing
411867816,629,528,659,-20212,-9975,2065,brushing
411884322,629,528,659,-20982,-11165,11182,brushing
411884952,606,636,691,-20982,-11165,11182,brushing
411902068,622,762,709,-20982,-11165,11182,brushing
411903615,622,762,709,-20475,-15172,26215,brushing
411919510,553,524,712,-20475,-15172,26215,brushing
411922584,553,524,712,-20177,-24640,41142,brushing
411936647,363,-51,713,-20177,-24640,41142,brushing
411941858,363,-51,713,-20405,-65362,27527,brushing
411953784,259,-582,672,-20405,-65362,27527,brushing
411961133,259,-582,672,-18165,-61530,4340,brushing
411970922,201,-739,498,-18165,-61530,4340,brushing
411980406,201,-739,498,-10150,-3815,-27982,brushing
411988363,494,-58,523,-10150,-3815,-27982,brushing
411999373,494,-58,523,-3867,120137,-14787,brushing
412005499,549,491,757,-3867,120137,-14787,brushing
412018647,549,491,757,-1837,125527,-18077,brushing
412022636,479,493,869,-1837,125527,-18077,brushing
412037921,479,493,869,-2432,60392,-33530,brushing
412039774,371,161,933,-2432,60392,-33530,brushing
412056890,371,161,933,3465,43890,-45727,brushing
412057520,348,133,923,3465,43890,-45727,brushing
412074332,307,93,902,3465,43890,-45727,brushing
412076184,307,93,902,10255,44765,-58100,brushing
412091468,311,171,915,10255,44765,-58100,brushing
412095458,311,171,915,13632,3185,-90965,brushing
412108911,466,1101,683,13632,3185,-90965,brushing
412114427,466,1101,683,21700,60830,-67725,brushing
412126048,686,1776,610,21700,60830,-67725,brushing
412133701,686,1776,610,19495,88305,-28682,brushing
412143186,788,1677,718,19495,88305,-28682,brushing
412152975,788,1677,718,3290,1732,-682,brushing
412160323,441,585,803,3290,1732,-682,brushing
412171944,441,585,803,-3080,-95515,-11217,brushing
412177765,380,210,630,-3080,-95515,-11217,brushing
412191218,380,210,630,770,-43610,-2975,brushing
412194902,507,568,627,770,-43610,-2975,brushing
412210492,507,568,627,3780,20492,17780,brushing
412212039,550,724,772,3780,20492,17780,brushing
412229460,493,587,697,140,-28822,12250,brushing
412246588,700,750,583,140,-28822,12250,brushing
412248746,700,750,583,1505,-18952,27072,brushing
412263725,577,420,652,1505,-18952,27072,brushing
412268019,577,420,652,-2100,-19740,35997,brushing
412280862,542,374,503,-2100,-19740,35997,brushing
412287294,542,374,503,-1697,-9642,38027,brushing
412298305,633,528,640,-1697,-9642,38027,brushing
412306263,633,528,640,-2257,37905,56577,brushing
412315441,391,122,805,-2257,37905,56577,brushing
412325536,391,122,805,-1260,-7175,32672,brushing
412332577,189,-341,848,-1260,-7175,32672,brushing
412344808,189,-341,848,6562,-21490,-770,brushing
412350019,158,-316,844,6562,-21490,-770,brushing
412363777,158,-316,844,19180,21997,-22697,brushing
412367155,503,414,768,19180,21997,-22697,brushing
412383051,503,414,768,21175,49840,-23030,brushing
412384292,539,695,826,21175,49840,-23030,brushing
412401407,453,490,770,21175,49840,-23030,brushing
412402343,453,490,770,15925,-5320,-35472,brushing
412418848,387,265,742,15925,-5320,-35472,brushing
412421616,387,265,742,11410,-34562,-46095,brushing
412435984,308,63,711,11410,-34562,-46095,brushing
412440585,308,63,711,10430,-30135,-60287,brushing
412453121,251,-70,695,10430,-30135,-60287,brushing
412459858,251,-70,695,8995,-29172,-88655,brushing
412470563,470,550,627,8995,-29172,-88655,brushing
412479132,470,550,627,12127,29400,-84875,brushing
412487699,642,1420,624,12127,29400,-84875,brushing
412498099,642,1420,624,8680,64032,-49367,brushing
412504835,883,1984,530,8680,64032,-49367,brushing
412517371,883,1984,530,-2187,23082,-5477,brushing
412522276,737,1231,885,-2187,23082,-5477,brushing
412536645,737,1231,885,-8452,-79432,4760,brushing
412539412,541,559,711,-8452,-79432,4760,brushing
412555918,541,559,711,-3395,-75022,15890,brushing
412556548,503,238,722,-3395,-75022,15890,brushing
412573665,572,569,668,-3395,-75022,15890,brushing
412574907,572,569,668,2817,-20177,28140,brushing
412591108,587,720,688,2817,-20177,28140,brushing
412594181,587,720,688,525,-9135,39165,brushing
412608245,530,564,666,525,-9135,39165,brushing
412613455,530,564,666,-6597,-39462,40827,brushing
412625382,433,262,611,-6597,-39462,40827,brushing
412632424,433,262,611,-9730,-48020,34790,brushing
412642824,523,473,590,-9730,-48020,34790,brushing
412651698,523,473,590,-9712,8925,47792,brushing
412659961,434,291,749,-9712,8925,47792,brushing
412670971,434,291,749,-10850,-12355,32200,brushing
412677098,243,-198,757,-10850,-12355,32200,brushing
412690245,243,-198,757,-8557,-31692,2047,brushing
412694540,241,-316,706,-8557,-31692,2047,brushing
412709214,241,-316,706,-1697,20492,-15207,brushing
412711678,489,325,706,-1697,20492,-15207,brushing
412728490,489,325,706,840,55142,-14385,brushing
412729120,500,636,865,840,55142,-14385,brushing
412745933,420,491,870,840,55142,-14385,brushing
412747786,420,491,870,1750,717,-26092,brushing
412763375,388,335,802,1750,717,-26092,brushing
412766753,388,335,802,4935,-28000,-33390,brushing
412780511,373,227,769,4935,-28000,-33390,brushing
412786027,373,227,769,7315,-30520,-41737,brushing
412797648,338,154,663,7315,-30520,-41737,brushing
412805300,338,154,663,8452,-25585,-54180,brushing
412815090,407,456,628,8452,-25585,-54180,brushing
412824269,407,456,628,8435,15417,-49472,brushing
412832227,525,948,621,8435,15417,-49472,brushing
412843543,525,948,621,3657,28770,-33162,brushing
412849364,659,1293,589,3657,28770,-33162,brushing
412862815,659,1293,589,-4235,15855,-4567,brushing
412866500,697,1170,703,-4235,15855,-4567,brushing
412882090,697,1170,703,-10570,-24605,13982,brushing
412883942,533,537,797,-10570,-24605,13982,brushing
412901057,475,278,729,-7542,-39830,18077,brushing
412918186,492,422,701,-7542,-39830,18077,brushing
412920344,492,422,701,-2257,-5302,26110,brushing
412935628,586,754,642,-2257,-5302,26110,brushing
412939617,586,754,642,-1242,20405,40302,brushing
412952765,603,853,651,-1242,20405,40302,brushing
412958586,603,853,651,-7595,4620,54722,brushing
412969901,417,368,741,-7595,4620,54722,brushing
412977860,417,368,741,-13387,-49577,49682,brushing
412987038,430,283,584,-13387,-49577,49682,brushing
412997133,430,283,584,-7980,-20405,55352,brushing
413004481,371,42,771,-7980,-20405,55352,brushing
413016407,371,42,771,-5127,-18952,39497,brushing
413021616,118,-534,686,-5127,-18952,39497,brushing
413035375,118,-534,686,2677,-32340,-4970,brushing
413038753,290,-377,443,2677,-32340,-4970,brushing
413054648,290,-377,443,9887,75285,-7665,brushing
413056195,496,244,533,9887,75285,-7665,brushing
413073311,529,611,523,9887,75285,-7665,brushing
413073941,529,611,523,8260,109375,-11497,brushing
413090447,409,419,622,8260,109375,-11497,brushing
413092910,409,419,622,-4917,56875,-25025,brushing
413107584,293,-12,737,-4917,56875,-25025,brushing
413112184,293,-12,737,-12582,17762,-46095,brushing
413125026,342,121,686,-12582,17762,-46095,brushing
413131457,342,121,686,-5722,57820,-57242,brushing
413142163,531,998,757,-5722,57820,-57242,brushing
413150426,531,998,757,-315,123357,-34667,brushing
413159300,685,1645,737,-315,123357,-34667,brushing
413169701,685,1645,737,-2555,89355,-8277,brushing
413176438,722,1624,780,-2555,89355,-8277,brushing
413188974,722,1624,780,-10552,20125,20212,brushing
413193879,540,921,829,-10552,20125,20212,brushing
413207942,540,921,829,-12057,-28070,28595,brushing
413211016,471,599,713,-12057,-28070,28595,brushing
413227216,471,599,713,-7857,6825,44730,brushing
413228153,531,768,686,-7857,6825,44730,brushing
413245574,490,785,641,-7857,6825,44730,brushing
413246511,490,785,641,-10675,14332,54740,brushing
413262712,444,614,682,-10675,14332,54740,brushing
413265480,444,614,682,-15925,-6230,55177,brushing
413279848,416,512,666,-15925,-6230,55177,brushing
413284753,416,512,666,-17780,-14612,53252,brushing
413296985,355,435,687,-17780,-14612,53252,brushing
413304027,355,435,687,-15207,-7577,49315,brushing
413314427,307,327,751,-15207,-7577,49315,brushing
413322995,307,327,751,-9257,-2362,39707,brushing
413331564,214,14,802,-9257,-2362,39707,brushing
413342270,214,14,802,-1242,-15610,13370,brushing
413348701,174,-169,756,-1242,-15610,13370,brushing
413361542,174,-169,756,10360,6702,-12005,brushing
413365836,360,320,659,10360,6702,-12005,brushing
413380510,360,320,659,17587,48545,-16730,brushing
413383278,443,669,658,17587,48545,-16730,brushing
413399784,443,669,658,16800,31937,-23555,brushing
413400414,426,597,618,16800,31937,-23555,brushing
413417530,323,279,622,16800,31937,-23555,brushing
413419077,323,279,622,11462,3272,-35630,brushing
413434667,246,-1,719,11462,3272,-35630,brushing
413438045,246,-1,719,9030,-8260,-58537,brushing
413452108,374,503,522,9030,-8260,-58537,brushing
413457318,374,503,522,12215,28087,-66762,brushing
413469245,523,1106,621,12215,28087,-66762,brushing
413476593,523,1106,621,11777,65730,-48685,brushing
413486383,695,1497,576,11777,65730,-48685,brushing
413495561,695,1497,576,4077,40302,-24185,brushing
413503519,756,1479,611,4077,40302,-24185,brushing
413514834,756,1479,611,-6107,3447,5302,brushing
413520960,586,799,770,-6107,3447,5302,brushing
413534108,586,799,770,-10517,-44817,9415,brushing
413538097,464,472,688,-10517,-44817,9415,brushing
413553076,464,472,688,-6982,-23135,16835,brushing
413555234,482,672,650,-6982,-23135,16835,brushing
413572349,604,1095,606,-4252,11550,33285,brushing
413589783,637,1159,625,-4252,11550,33285,brushing
413591635,637,1159,625,-7647,7595,55772,brushing
413606918,481,522,607,-7647,7595,55772,brushing
413610603,481,522,607,-15872,-39690,60095,brushing
413624055,335,164,538,-15872,-39690,60095,brushing
413629876,335,164,538,-17605,-50820,48300,brushing
413641192,350,178,663,-17605,-50820,48300,brushing
413649150,350,178,663,-12757,385,46235,brushing
413658635,243,126,765,-12757,385,46235,brushing
413668119,243,126,765,-4865,-3587,22925,brushing
413675772,187,-60,795,-4865,-3587,22925,brushing
413687393,187,-60,795,5932,-8575,-4602,brushing
413692909,246,104,673,5932,-8575,-4602,brushing
413706666,246,104,673,15487,11760,-21612,brushing
413710045,395,497,609,15487,11760,-21612,brushing
413725636,395,497,609,16590,18147,-28630,brushing
413727489,403,634,575,16590,18147,-28630,brushing
413744606,350,434,607,12600,-2187,-37205,brushing
413761734,247,95,677,12600,-2187,-37205,brushing
413764197,247,95,677,11007,-15190,-55387,brushing
413778870,385,453,600,11007,-15190,-55387,brushing
413783165,385,453,600,17237,24972,-63700,brushing
413796312,499,928,624,17237,24972,-63700,brushing
413802438,499,928,624,17955,53795,-53550,brushing
413813449,586,1152,560,17955,53795,-53550,brushing
413821712,586,1152,560,12740,28577,-42822,brushing
413830585,697,1362,534,12740,28577,-42822,brushing
413840985,697,1362,534,5425,27370,-13650,brushing
413848026,716,1383,656,5425,27370,-13650,brushing
413859953,716,1383,656,-2450,-2975,12425,brushing
413865163,522,793,721,-2450,-2975,12425,brushing
413879227,522,793,721,-5057,-47390,14840,brushing
413882301,436,573,628,-5057,-47390,14840,brushing
413898501,436,573,628,-1330,-16800,26547,brushing
413899437,503,820,625,-1330,-16800,26547,brushing
413916859,607,1105,532,-1330,-16800,26547,brushing
413917489,607,1105,532,-245,10727,46042,brushing
413933996,438,616,780,-245,10727,46042,brushing
413936764,438,616,780,-3465,-14752,53217,brushing
413951133,305,287,576,-3465,-14752,53217,brushing
413956039,305,287,576,-1540,-48580,38377,brushing
413968575,410,437,548,-1540,-48580,38377,brushing
413975007,410,437,548,2817,-10045,38360,brushing
413985712,419,466,633,2817,-10045,38360,brushing
413994280,419,466,633,5145,-4025,31202,brushing
414002848,353,216,600,5145,-4025,31202,brushing
414013553,353,216,600,7822,-18917,12215,brushing
414019984,325,-8,578,7822,-18917,12215,brushing
414032521,325,-8,578,11410,-6580,-9450,brushing
414037426,440,194,480,11410,-6580,-9450,brushing
414051796,440,194,480,10552,27090,-19250,brushing
414054563,500,494,522,10552,27090,-19250,brushing
414071069,500,494,522,4707,26932,-27422,brushing
414071699,475,528,608,4707,26932,-27422,brushing
414089120,414,402,700,4707,26932,-27422,brushing
414090362,414,402,700,717,10325,-36995,brushing
414106258,327,222,782,717,10325,-36995,brushing
414109330,327,222,782,1680,-2152,-52902,brushing
414123395,428,488,753,1680,-2152,-52902,brushing
414128606,428,488,753,11130,19530,-61880,brushing
414140532,519,993,683,11130,19530,-61880,brushing
414147880,519,993,683,16450,40827,-49227,brushing
414157975,614,1293,610,16450,40827,-49227,brushing
414166848,614,1293,610,15505,21822,-31325,brushing
414175112,738,1585,528,15505,21822,-31325,brushing
414186122,738,1585,528,8750,12845,4672,brushing
414192248,709,1392,697,8750,12845,4672,brushing
414205395,709,1392,697,140,-50172,24272,brushing
414209690,504,731,702,140,-50172,24272,brushing
414224668,504,731,702,-350,-83195,26582,brushing
414226826,442,522,582,-350,-83195,26582,brushing
414243637,442,522,582,2397,-43627,37310,brushing
414244267,493,742,543,2397,-43627,37310,brushing
414261079,586,1072,417,2397,-43627,37310,brushing
414262930,586,1072,417,735,-14070,54442,brushing
414278521,578,918,642,735,-14070,54442,brushing
414282205,578,918,642,-4900,-14647,72117,brushing
414295658,379,307,546,-4900,-14647,72117,brushing
414301173,379,307,546,-8872,-68652,60025,brushing
414312795,366,155,395,-8872,-68652,60025,brushing
414320447,366,155,395,-8365,-45080,51572,brushing
414329931,423,223,517,-8365,-45080,51572,brushing
414339722,423,223,517,-7192,-3815,45675,brushing
414347375,383,89,606,-7192,-3815,45675,brushing
414358691,383,89,606,-3290,-4497,25252,brushing
414364512,333,-155,624,-3290,-4497,25252,brushing
414377964,333,-155,624,3202,3570,-280,brushing
414381648,447,79,527,3202,3570,-280,brushing
414397237,447,79,527,5127,35647,-11760,brushing
414399089,527,372,554,5127,35647,-11760,brushing
414416204,485,409,626,1102,28297,-24010,brushing
414433333,379,256,679,1102,28297,-24010,brushing
414435491,379,256,679,-2870,3255,-38342,brushing
414450469,386,207,684,-2870,3255,-38342,brushing
414454764,386,207,684,507,3675,-55632,brushing
414467912,562,870,585,507,3675,-55632,brushing
414473733,562,870,585,7000,54337,-44380,brushing
414485049,643,1218,649,7000,54337,-44380,brushing
414493006,643,1218,649,5967,38990,-28945,brushing
414502186,727,1511,601,5967,38990,-28945,brushing
414512280,727,1511,601,2555,20422,2747,brushing
414519627,777,1514,658,2555,20422,2747,brushing
414531554,777,1514,658,-455,-11497,35455,brushing
414536763,633,1027,780,-455,-11497,35455,brushing
414550522,633,1027,780,-297,-58065,49035,brushing
414553900,516,716,634,-297,-58065,49035,brushing
414569796,516,716,634,3972,-37887,66202,brushing
414571037,639,956,495,3972,-37887,66202,brushing
414588459,630,878,670,3972,-37887,66202,brushing
414589089,630,878,670,2695,-9380,91227,brushing
414605596,412,347,669,2695,-9380,91227,brushing
414608058,412,347,669,-1697,-49840,87202,brushing
414622731,421,395,600,-1697,-49840,87202,brushing
414627331,421,395,600,980,-45167,82302,brushing
414639868,502,472,708,980,-45167,82302,brushing
414646605,502,472,708,3710,-26477,82302,brushing
414657311,472,429,756,3710,-26477,82302,brushing
414665574,472,429,756,6842,-39375,75215,brushing
414674447,409,270,769,6842,-39375,75215,brushing
414684848,409,270,769,12862,-61652,59255,brushing
414691585,377,-20,756,12862,-61652,59255,brushing
414704122,377,-20,756,20055,-72677,35140,brushing
414709027,403,-208,684,20055,-72677,35140,brushing
414723090,403,-208,684,25865,-55860,11252,brushing
414726164,508,54,604,25865,-55860,11252,brushing
414742364,508,54,604,24710,-38272,-3692,brushing
414743301,510,273,608,24710,-38272,-3692,brushing
414760417,467,199,537,24710,-38272,-3692,brushing
414761658,467,199,537,17500,-57750,-19197,brushing
414777859,405,5,524,17500,-57750,-19197,brushing
414780628,405,5,524,11270,-56542,-33705,brushing
414794996,434,290,545,11270,-56542,-33705,brushing
414799901,434,290,545,11095,-5915,-33372,brushing
414812133,503,620,600,11095,-5915,-33372,brushing
414819174,503,620,600,12705,20142,-28997,brushing
414829574,599,904,609,12705,20142,-28997,brushing
414838142,599,904,609,13160,22557,-17150,brushing
414846711,742,1196,542,13160,22557,-17150,brushing
414857416,742,1196,542,11672,29382,11427,brushing
414863848,821,1347,644,11672,29382,11427,brushing
414876690,821,1347,644,6370,9625,44450,brushing
414880985,771,959,726,6370,9625,44450,brushing
414895964,771,959,726,3640,-25025,63087,brushing
414898427,744,619,701,3640,-25025,63087,brushing
414914932,744,619,701,4462,-3972,85732,brushing
414915562,682,324,904,4462,-3972,85732,brushing
414932678,616,121,1025,4462,-3972,85732,brushing
414934225,616,121,1025,7402,-9292,90895,brushing
414950120,586,31,1071,7402,-9292,90895,brushing
414953500,586,31,1071,14630,-12757,92085,brushing
414967258,560,-69,1058,14630,-12757,92085,brushing
414972468,560,-69,1058,23537,-28927,84735,brushing
414984395,510,-279,1060,23537,-28927,84735,brushing
414991742,510,-279,1060,32375,-53445,67952,brushing
415001532,532,-383,867,32375,-53445,67952,brushing
415011017,532,-383,867,40897,-64330,45710,brushing
415018974,672,-174,637,40897,-64330,45710,brushing
415030289,672,-174,637,44345,-26512,41667,brushing
415036110,741,129,610,44345,-26512,41667,brushing
415049258,741,129,610,41440,-11252,40302,brushing
415053247,757,235,558,41440,-11252,40302,brushing
415068531,757,235,558,37082,-12302,35980,brushing
415070689,757,340,526,37082,-12302,35980,brushing
415087805,716,383,580,33460,-2642,35402,brushing
415104933,640,291,564,33460,-2642,35402,brushing
415106786,640,291,564,30310,-8907,29452,brushing
415122070,613,307,598,30310,-8907,29452,brushing
415126059,613,307,598,29155,8190,30345,brushing
415139511,591,308,606,29155,8190,30345,brushing
415145333,591,308,606,25462,10290,29907,brushing
415156648,560,188,554,25462,10290,29907,brushing
415164301,560,188,554,20982,-9922,23660,brushing
415173785,554,71,468,20982,-9922,23660,brushing
415183575,554,71,468,18217,-15400,17570,brushing
415191228,570,32,425,18217,-15400,17570,brushing
415202849,570,32,425,17552,-4917,13597,brushing
415208365,596,20,429,17552,-4917,13597,brushing
415221817,596,20,429,19530,6877,9642,brushing
415225501,627,-4,425,19530,6877,9642,brushing
415241091,627,-4,425,22400,14752,4830,brushing
415242638,682,-32,391,22400,14752,4830,brushing
415260059,755,8,417,24657,24640,1872,brushing
415277188,835,67,427,24657,24640,1872,brushing
415279346,835,67,427,26337,32060,1120,brushing
415294325,912,123,420,26337,32060,1120,brushing
415298620,912,123,420,26792,35490,857,brushing
415311463,944,149,437,26792,35490,857,brushing
415317895,944,149,437,26407,38430,910,brushing
415328906,945,162,451,26407,38430,910,brushing
415336864,945,162,451,26162,42577,-297,brushing
415346044,941,194,496,26162,42577,-297,brushing
415356139,941,194,496,26652,44992,-2222,brushing
415363181,953,285,490,26652,44992,-2222,brushing
415375413,953,285,490,26897,51677,-822,brushing
415380318,999,425,534,26897,51677,-822,brushing
415394688,999,425,534,23677,38080,1085,brushing
415397760,1056,525,596,23677,38080,1085,brushing
415413656,1056,525,596,22522,32340,10937,brushing
415414896,1077,755,645,22522,32340,10937,brushing
415432014,1086,830,680,22522,32340,10937,brushing
415432950,1086,830,680,20510,12635,25270,brushing
415449456,963,615,662,20510,12635,25270,brushing
415452225,963,615,662,18130,-33862,33547,brushing
415466594,873,339,515,18130,-33862,33547,brushing
415471194,873,339,515,15942,-65642,33197,brushing
415483731,832,206,392,15942,-65642,33197,brushing
415490467,832,206,392,13230,-57785,32217,brushing
415500868,823,248,320,13230,-57785,32217,brushing
415509742,823,248,320,8295,-37625,31867,brushing
415518310,823,338,282,8295,-37625,31867,brushing
415528710,823,338,282,1190,-29925,31920,brushing
415535447,814,427,275,1190,-29925,31920,brushing
415547984,814,427,275,-5092,-30275,34072,brushing
415552584,851,444,310,-5092,-30275,34072,brushing
415567258,851,444,310,-8417,-27580,39077,brushing
415569721,955,559,269,-8417,-27580,39077,brushing
415586227,955,559,269,-13737,-29557,47985,brushing
415587163,955,395,379,-13737,-29557,47985,brushing
415604279,776,-251,521,-13737,-29557,47985,brushing
415605521,776,-251,521,-17482,-82232,33652,brushing
415621417,738,-612,275,-17482,-82232,33652,brushing
415624795,738,-612,275,-11007,-90020,7455,brushing
415638553,792,-735,288,-11007,-90020,7455,brushing
415643764,792,-735,288,-8155,-28210,-12775,brushing
415655996,941,-441,217,-8155,-28210,-12775,brushing
415663038,941,-441,217,-10517,30660,-27772,brushing
415673133,1010,-112,350,-10517,30660,-27772,brushing
415682311,1010,-112,350,-19687,55965,-31010,brushing
415690269,944,29,543,-19687,55965,-31010,brushing
415701280,944,29,543,-25235,37590,-33355,brushing
415707406,828,25,718,-25235,37590,-33355,brushing
415720554,828,25,718,-20877,16467,-36697,brushing
415724848,732,2,816,-20877,16467,-36697,brushing
415739827,732,2,816,-6650,2957,-43522,brushing
415741984,673,-27,910,-6650,2957,-43522,brushing
415758796,673,-27,910,11392,-14997,-55160,brushing
415759426,683,78,810,11392,-14997,-55160,brushing
415776238,780,411,526,11392,-14997,-55160,brushing
415778090,780,411,526,23712,-14892,-57067,brushing
415793680,942,913,281,23712,-14892,-57067,brushing
415797364,942,913,281,22715,-5477,-42245,brushing
415810816,1089,1215,92,22715,-5477,-42245,brushing
415816331,1089,1215,92,6562,-7857,-11497,brushing
415827952,976,757,318,6562,-7857,-11497,brushing
415835606,976,757,318,-16660,-58117,6492,brushing
415845090,754,179,408,-16660,-58117,6492,brushing
415854880,754,179,408,-23502,-78312,5792,brushing
415862532,780,218,376,-23502,-78312,5792,brushing
415873848,780,218,376,-22452,-20755,19285,brushing
415879668,916,544,444,-22452,-20755,19285,brushing
415893121,916,544,444,-25917,2747,38150,brushing
415896806,951,608,513,-25917,2747,38150,brushing
415912395,951,608,513,-35997,-51800,41772,brushing
415913942,698,-224,830,-35997,-51800,41772,brushing
415931364,579,-647,497,-33040,-118895,10150,brushing
415948491,650,-612,642,-33040,-118895,10150,brushing
415950648,650,-612,642,-23660,-32865,3552,brushing
415965628,645,-433,729,-23660,-32865,3552,brushing
415969922,645,-433,729,-13825,4445,-16432,brushing
415983071,747,-238,611,-13825,4445,-16432,brushing
415988891,747,-238,611,-4970,8400,-33407,brushing
416000207,820,-73,586,-4970,8400,-33407,brushing
416008166,820,-73,586,-1435,20580,-38342,brushing
416017345,803,-38,566,-1435,20580,-38342,brushing
416027440,803,-38,566,-2572,17517,-44082,brushing
416034482,733,-20,608,-2572,17517,-44082,brushing
416046407,733,-20,608,-3815,14227,-50767,brushing
416051923,666,-12,720,-3815,14227,-50767,brushing
416065681,666,-12,720,-2065,-472,-61985,brushing
416069060,598,-84,792,-2065,-472,-61985,brushing
416084954,598,-84,792,3430,-20842,-79327,brushing
416086196,603,3,654,3430,-20842,-79327,brushing
416103312,754,643,496,3430,-20842,-79327,brushing
416103942,754,643,496,8925,12792,-75635,brushing
416120754,917,1260,485,8925,12792,-75635,brushing
416123217,917,1260,485,6387,42927,-43435,brushing
416137891,922,1155,515,6387,42927,-43435,brushing
416142490,922,1155,515,-7385,-17745,-15242,brushing
416155027,698,391,564,-7385,-17745,-15242,brushing
416161458,698,391,564,-16957,-89390,-8540,brushing
416172164,621,19,508,-16957,-89390,-8540,brushing
416180733,621,19,508,-14857,-60742,-2240,brushing
416189607,698,324,431,-14857,-60742,-2240,brushing
416200007,698,324,431,-12687,10027,15960,brushing
416206743,870,800,425,-12687,10027,15960,brushing
416219280,870,800,425,-21805,20842,38832,brushing
416223880,795,482,795,-21805,20842,38832,brushing
416238248,795,482,795,-32357,-66920,31762,brushing
416241322,573,-249,736,-32357,-66920,31762,brushing
416257522,573,-249,736,-26565,-61880,19757,brushing
416258458,635,-391,675,-26565,-61880,19757,brushing
416275575,654,-323,914,-26565,-61880,19757,brushing
416276816,654,-323,914,-18830,8942,17640,brushing
416292712,580,-428,991,-18830,8942,17640,brushing
416295785,580,-428,991,-10447,3027,-4655,brushing
416310153,644,-286,817,-10447,3027,-4655,brushing
416315059,644,-286,817,-1645,-2817,-25340,brushing
416327290,793,91,713,-1645,-2817,-25340,brushing
416334332,793,91,713,1697,21595,-24220,brushing
416344427,817,172,653,1697,21595,-24220,brushing
416353301,817,172,653,-595,14367,-24605,brushing
416361869,750,40,607,-595,14367,-24605,brushing
416372575,750,40,607,-4812,6825,-28997,brushing
416379006,683,-92,585,-4812,6825,-28997,brushing
416391849,683,-92,585,-8522,11112,-37572,brushing
416396143,584,-152,693,-8522,11112,-37572,brushing
416410817,584,-152,693,-8837,5915,-54057,brushing
416413279,476,-261,918,-8837,5915,-54057,brushing
416430090,476,-261,918,5530,9572,-71995,brushing
416430721,555,196,740,5530,9572,-71995,brushing
416447837,663,841,761,5530,9572,-71995,brushing
416449384,663,841,761,18830,49997,-55352,brushing
416464973,805,1081,548,18830,49997,-55352,brushing
416468352,805,1081,548,21735,12530,-37957,brushing
416482110,934,1328,343,21735,12530,-37957,brushing
416487626,934,1328,343,15277,5862,490,brushing
416499553,909,912,564,15277,5862,490,brushing
416506900,909,912,564,227,-38010,29610,brushing
416516690,713,220,507,227,-38010,29610,brushing
416525869,713,220,507,-5512,-65520,34667,brushing
416533827,693,92,417,-5512,-65520,34667,brushing
416545143,693,92,417,-7367,-6895,47862,brushing
416550964,799,393,433,-7367,-6895,47862,brushing
416564418,799,393,433,-15540,22295,61075,brushing
416568406,667,95,797,-15540,22295,61075,brushing
416583386,667,95,797,-18235,-22645,46252,brushing
416585543,591,-149,604,-18235,-22645,46252,brushing
416602659,671,-79,645,-14542,2327,41247,brushing
416620093,670,-52,754,-14542,2327,41247,brushing
416621946,670,-52,754,-9275,24920,36032,brushing
416637230,679,-73,732,-9275,24920,36032,brushing
416640914,679,-73,732,-2275,24447,26267,brushing
416654367,619,-217,858,-2275,24447,26267,brushing
416660188,619,-217,858,3202,11340,12022,brushing
416671504,659,-151,660,3202,11340,12022,brushing
416679461,659,-151,660,8995,11830,-2590,brushing
416688946,759,205,566,8995,11830,-2590,brushing
416698735,759,205,566,9362,38727,-1102,brushing
416706083,799,533,502,9362,38727,-1102,brushing
416717704,799,533,502,4130,39445,8417,brushing
416723219,797,653,529,4130,39445,8417,brushing
416736978,797,653,529,-3640,18637,19180,brushing
416740357,696,435,653,-3640,18637,19180,brushing
416756252,696,435,653,-5285,-3622,21857,brushing
416757799,619,198,649,-5285,-3622,21857,brushing
416774916,625,239,613,-1680,9415,22872,brushing
416792045,697,399,663,-1680,9415,22872,brushing
416794507,697,399,663,-105,26355,27527,brushing
416809181,763,439,653,-105,26355,27527,brushing
416813781,763,439,653,-2397,17710,33005,brushing
416826623,758,252,693,-2397,17710,33005,brushing
416832749,758,252,693,-4322,3622,35875,brushing
416843758,726,39,753,-4322,3622,35875,brushing
416852021,726,39,753,-2835,5180,34807,brushing
416860895,659,-189,807,-2835,5180,34807,brushing
416871295,659,-189,807,2590,4217,21472,brushing
416878032,615,-357,824,2590,4217,21472,brushing
416890264,615,-357,824,10937,15977,3500,brushing
416895474,723,-158,671,10937,15977,3500,brushing
416909537,723,-158,671,15242,40075,-5530,brushing
416912610,773,43,641,15242,40075,-5530,brushing
416928809,773,43,641,14035,40495,-11567,brushing
416929746,748,72,664,14035,40495,-11567,brushing
416946862,684,2,723,14035,40495,-11567,brushing
416947798,684,2,723,12810,30922,-18550,brushing
416964304,574,-147,863,12810,30922,-18550,brushing
416967071,574,-147,863,17045,18742,-33110,brushing
416981439,664,120,599,17045,18742,-33110,brushing
416986344,664,120,599,28070,34650,-44257,brushing
416998576,788,610,559,28070,34650,-44257,brushing
417005312,788,610,559,30537,64137,-32777,brushing
417016017,868,851,559,30537,64137,-32777,brushing
417024585,868,851,559,24500,35385,-20317,brushing
417033153,959,1012,386,24500,35385,-20317,brushing
417043859,959,1012,386,13930,19670,4130,brushing
417050289,1031,1075,405,13930,19670,4130,brushing
417062826,1031,1075,405,840,560,32007,brushing
417067426,945,799,527,840,560,32007,brushing
417082101,945,799,527,-9467,-35000,46165,brushing
417084869,824,409,498,-9467,-35000,46165,brushing
417101374,824,409,498,-12337,-31465,54512,brushing
417102004,789,357,485,-12337,-31465,54512,brushing
417119122,736,349,556,-12337,-31465,54512,brushing
417120363,736,349,556,-14962,-11637,63840,brushing
417136258,631,245,687,-14962,-11637,63840,brushing
417139637,631,245,687,-15785,-20615,63997,brushing
417153700,579,163,627,-15785,-20615,63997,brushing
417158910,579,163,627,-12197,-33862,57715,brushing
417170838,607,115,605,-12197,-33862,57715,brushing
417177879,607,115,605,-8172,-26512,53690,brushing
417187974,582,11,644,-8172,-26512,53690,brushing
417197152,582,11,644,-3272,-20387,44957,brushing
417205111,559,-164,671,-3272,-20387,44957,brushing
417216426,559,-164,671,2712,-25935,26775,brushing
417222553,555,-438,647,2712,-25935,26775,brushing
417235396,555,-438,647,10465,-15225,2275,brushing
417239690,697,-327,490,10465,-15225,2275,brushing
417254668,697,-327,490,12950,32427,-8610,brushing
417256825,798,-31,548,12950,32427,-8610,brushing
417273941,801,4,620,9135,36995,-18865,brushing
417291375,776,-17,701,9135,36995,-18865,brushing
417292922,776,-17,701,5337,28210,-28595,brushing
417308511,729,17,874,5337,28210,-28595,brushing
417312196,729,17,874,5897,23450,-38220,brushing
417325649,718,118,867,5897,23450,-38220,brushing
417331470,718,118,867,10990,8627,-48755,brushing
417343091,693,159,750,10990,8627,-48755,brushing
417350438,693,159,750,16765,-3990,-56612,brushing
417360228,709,511,607,16765,-3990,-56612,brushing
417369713,709,511,607,22382,25532,-44817,brushing
417377365,819,1055,541,22382,25532,-44817,brushing
417388986,819,1055,541,17832,20387,-21735,brushing
417394502,931,1257,383,17832,20387,-21735,brushing
417407955,931,1257,383,6860,-10447,10395,brushing
417411943,910,1150,451,6860,-10447,10395,brushing
417427227,910,1150,451,-7192,-55667,36452,brushing
417429080,879,621,393,-7192,-55667,36452,brushing
417446196,801,246,386,-13510,-62632,53165,brushing
417463326,709,-4,703,-13510,-62632,53165,brushing
417465788,709,-4,703,-13440,-30432,64295,brushing
417480768,638,-179,697,-13440,-30432,64295,brushing
417484756,638,-179,697,-7892,-39795,55037,brushing
417497904,639,-235,640,-7892,-39795,55037,brushing
417504031,639,-235,640,420,-26145,43802,brushing
417515041,634,-279,753,420,-26145,43802,brushing
417523304,634,-279,753,6247,-22137,27650,brushing
417532483,647,-365,597,6247,-22137,27650,brushing
417542273,647,-365,597,12810,-15190,6037,brushing
417549620,705,-142,550,12810,-15190,6037,brushing
417561546,705,-142,550,15732,16257,-2905,brushing
417566757,823,123,460,15732,16257,-2905,brushing
417580820,823,123,460,12652,16957,-6842,brushing
417583894,846,210,460,12652,16957,-6842,brushing
417599789,846,210,460,9870,8207,-8505,brushing
417601336,789,138,535,9870,8207,-8505,brushing
417618452,745,-32,602,9870,8207,-8505,brushing
417619082,745,-32,602,11480,7385,-12757,brushing
417635589,741,-141,557,11480,7385,-12757,brushing
417638357,741,-141,557,13930,14455,-24692,brushing
417652726,718,-119,610,13930,14455,-24692,brushing
417657325,718,-119,610,12582,29487,-39515,brushing
417670168,678,4,779,12582,29487,-39515,brushing
417676599,678,4,779,11480,30870,-55160,brushing
417687305,678,100,738,11480,30870,-55160,brushing
417695873,678,100,738,15330,19075,-69667,brushing
417704441,733,394,695,15330,19075,-69667,brushing
417715146,733,394,695,18987,26425,-67830,brushing
417721883,863,755,540,18987,26425,-67830,brushing
417734115,863,755,540,17465,30362,-51730,brushing
417739019,992,1187,457,17465,30362,-51730,brushing
417753388,992,1187,457,5197,6195,-23432,brushing
417756156,1077,1110,383,5197,6195,-23432,brushing
417772663,1077,1110,383,-10185,-54092,-5495,brushing
417773293,859,425,596,-10185,-54092,-5495,brushing
417790714,792,115,421,-10185,-54092,-5495,brushing
417791651,792,115,421,-13037,-70997,-927,brushing
417807852,864,329,298,-13037,-70997,-927,brushing
417810925,864,329,298,-13860,-17290,12250,brushing
417824989,976,733,327,-13860,-17290,12250,brushing
417830199,976,733,327,-22487,15347,33600,brushing
417842431,884,612,505,-22487,15347,33600,brushing
417849168,884,612,505,-38132,-29750,46182,brushing
417859567,594,-252,712,-38132,-29750,46182,brushing
417868441,594,-252,712,-41825,-100432,27737,brushing
417876704,458,-861,522,-41825,-100432,27737,brushing
417887715,458,-861,522,-29575,-44030,7227,brushing
417893841,367,-979,831,-29575,-44030,7227,brushing
417906988,367,-979,831,-12162,48597,-17727,brushing
417911283,563,-283,766,-12162,48597,-17727,brushing
417925956,563,-283,766,962,89880,-28472,brushing
417928419,680,304,834,962,89880,-28472,brushing
417945229,680,304,834,6545,40705,-37292,brushing
417945859,689,224,900,6545,40705,-37292,brushing
417962975,645,-77,880,6545,40705,-37292,brushing
417964523,645,-77,880,13107,-17237,-52185,brushing
417980112,660,123,674,13107,-17237,-52185,brushing
417983491,660,123,674,25182,-18165,-63367,brushing
417997249,710,743,430,25182,-18165,-63367,brushing
418002764,710,743,430,32620,20387,-48335,brushing
418014386,908,1442,113,32620,20387,-48335,brushing
418022038,908,1442,113,24395,39585,-11567,brushing
418031827,956,1300,291,24395,39585,-11567,brushing
418041007,956,1300,291,2712,-18637,18515,brushing
418048964,709,213,503,2712,-18637,18515,brushing
418060280,709,213,503,-6265,-79047,11462,brushing
418066101,605,-10,285,-6265,-79047,11462,brushing
418079555,605,-10,285,-8312,-3132,19600,brushing
418083544,672,192,554,-8312,-3132,19600,brushing
418098828,672,192,554,-10220,25147,19582,brushing
418100680,702,456,615,-10220,25147,19582,brushing
418117796,710,546,649,-13002,11235,22540,brushing
418134925,646,225,732,-13002,11235,22540,brushing
418137083,646,225,732,-14420,-19127,21892,brushing
418152367,630,52,722,-14420,-19127,21892,brushing
418156356,630,52,722,-7105,-11340,19740,brushing
418169503,641,-83,893,-7105,-11340,19740,brushing
418175324,641,-83,893,5005,3535,11550,brushing
418186640,607,-382,851,5005,3535,11550,brushing
418194598,607,-382,851,18095,-12652,-13702,brushing
418204083,681,-331,644,18095,-12652,-13702,brushing
418213873,681,-331,644,30432,22575,-30590,brushing
418221221,777,29,531,30432,22575,-30590,brushing
418233147,777,29,531,31920,55002,-36995,brushing
418238356,759,115,615,31920,55002,-36995,brushing
418252115,759,115,615,26950,27422,-53200,brushing
418255493,691,163,583,26950,27422,-53200,brushing
418271388,691,163,583,23397,11725,-64522,brushing
418272936,683,338,575,23397,11725,-64522,brushing
418290052,716,799,441,23397,11725,-64522,brushing
418290683,716,799,441,20632,10640,-62930,brushing
418307189,892,1335,268,20632,10640,-62930,brushing
418309652,892,1335,268,14210,32917,-34667,brushing
418324631,935,1181,598,14210,32917,-34667,brushing
418328925,935,1181,598,332,3605,-2170,brushing
418341768,812,488,575,332,3605,-2170,brushing
418348199,812,488,575,-4672,-59570,3692,brushing
418358905,736,305,554,-4672,-59570,3692,brushing
418367169,736,305,554,-2887,-34317,14052,brushing
418376043,768,328,580,-2887,-34317,14052,brushing
418386443,768,328,580,-2940,-22470,16782,brushing
418393486,722,288,557,-2940,-22470,16782,brushing
418405718,722,288,557,-4095,-18182,17167,brushing
418410623,772,564,443,-4095,-18182,17167,brushing
418424992,772,564,443,-7297,8435,33355,brushing
418427760,813,727,483,-7297,8435,33355,brushing
418443961,813,727,483,-12285,822,46655,brushing
418445203,781,637,496,-12285,822,46655,brushing
418462319,672,171,739,-12285,822,46655,brushing
418463256,672,171,739,-11077,-5687,55877,brushing
418479457,398,-975,1173,-11077,-5687,55877,brushing
418482530,398,-975,1173,-3867,-71925,22995,brushing
418496899,324,-1350,535,-3867,-71925,22995,brushing
418501499,324,-1350,535,19040,-79275,-44397,brushing
418514036,603,-155,429,19040,-79275,-44397,brushing
418520774,603,-155,429,29330,106785,-40652,brushing
418531174,804,681,812,29330,106785,-40652,brushing
418540049,804,681,812,27790,85907,-48842,brushing
418548312,654,430,745,27790,85907,-48842,brushing
418559322,654,430,745,22557,-43645,-73640,brushing
418565754,576,-174,678,22557,-43645,-73640,brushing
418578291,576,-174,678,29085,-52465,-93100,brushing
418582891,645,335,544,29085,-52465,-93100,brushing
418597564,645,335,544,35000,33495,-71260,brushing
418600027,838,1127,295,35000,33495,-71260,brushing
418616838,838,1127,295,26092,43785,-39952,brushing
418617468,1042,1621,170,26092,43785,-39952,brushing
418634585,1057,1341,337,26092,43785,-39952,brushing
418635827,1057,1341,337,5197,1015,-17,brushing
418651723,870,423,469,5197,1015,-17,brushing
418655101,870,423,469,-10202,-72362,11392,brushing
418669164,735,133,437,-10202,-72362,11392,brushing
418674374,735,133,437,-10535,-49402,17150,brushing
418686302,736,370,492,-10535,-49402,17150,brushing
418693649,736,370,492,-7787,5495,26530,brushing
418703438,751,623,569,-7787,5495,26530,brushing
418712617,751,623,569,-6597,17727,37485,brushing
418720880,776,692,576,-6597,17727,37485,brushing
418731890,776,692,576,-8225,332,47005,brushing
418738016,756,351,561,-8225,332,47005,brushing
418751164,756,351,561,-9450,-24727,43487,brushing
418755153,683,-151,624,-9450,-24727,43487,brushing
418770438,683,-151,624,-3990,-19880,24797,brushing
418772291,561,-590,767,-3990,-19880,24797,brushing
418789406,561,-590,767,6037,-11112,-13457,brushing
418790037,499,-762,763,6037,-11112,-13457,brushing
418806848,607,-91,549,6037,-11112,-13457,brushing
418808700,607,-91,549,17727,42612,-39060,brushing
418823985,697,479,590,17727,42612,-39060,brushing
418827975,697,479,590,18672,68530,-44012,brushing
418841428,624,251,809,18672,68530,-44012,brushing
418846943,624,251,809,15260,-630,-62632,brushing
418858564,604,99,465,15260,-630,-62632,brushing
418866216,604,99,465,20195,-15102,-78505,brushing
418875701,757,772,223,20195,-15102,-78505,brushing
418885490,757,772,223,19687,61197,-54180,brushing
418893143,990,1399,188,19687,61197,-54180,brushing
418904764,990,1399,188,5512,58642,-20912,brushing
418910279,1024,1353,297,5512,58642,-20912,brushing
418923732,1024,1353,297,-11690,385,5617,brushing
418927416,862,827,561,-11690,385,5617,brushing
418943005,862,827,561,-15417,-40145,16625,brushing
418944857,752,424,547,-15417,-40145,16625,brushing
418961974,760,529,473,-8732,-8260,29540,brushing
418979103,863,840,524,-8732,-8260,29540,brushing
418981260,863,840,524,-6300,36452,49997,brushing
418996239,810,669,492,-6300,36452,49997,brushing
419000534,810,669,492,-12775,6912,59430,brushing
419013681,677,300,602,-12775,6912,59430,brushing
419019808,677,300,602,-17500,-23957,57382,brushing
419030818,655,5,484,-17500,-23957,57382,brushing
419039082,655,5,484,-15750,-19162,46340,brushing
419047956,551,-131,649,-15750,-19162,46340,brushing
419058051,551,-131,649,-9415,7210,32532,brushing
419065399,566,-134,663,-9415,7210,32532,brushing
419077326,566,-134,663,192,14280,10185,brushing
419082536,512,-262,712,192,14280,10185,brushing
419096599,512,-262,712,10377,19337,-13265,brushing
419099672,647,148,581,10377,19337,-13265,brushing
419115871,647,148,581,15417,42455,-17255,brushing
419117113,756,376,562,15417,42455,-17255,brushing
419134229,736,319,525,15417,42455,-17255,brushing
419134859,736,319,525,14840,24430,-24657,brushing
419151366,700,261,594,14840,24430,-24657,brushing
419154133,700,261,594,12635,16170,-31272,brushing
419168807,610,7,762,12635,16170,-31272,brushing
419173407,610,7,762,11270,-13667,-48982,brushing
419185944,578,-60,533,11270,-13667,-48982,brushing
419192375,578,-60,533,18130,-13475,-71330,brushing
419203080,668,626,314,18130,-13475,-71330,brushing
419211648,668,626,314,22645,59395,-58467,brushing
419220217,859,1438,236,22645,59395,-58467,brushing
419230922,859,1438,236,15452,73727,-26810,brushing
419237659,988,1810,126,15452,73727,-26810,brushing
419250195,988,1810,126,-2030,26495,12460,brushing
419254795,906,1309,417,-2030,26495,12460,brushing
419269164,906,1309,417,-13667,-37765,34317,brushing
419271932,838,734,335,-13667,-37765,34317,brushing
419288438,838,734,335,-15557,-16012,56840,brushing
419289374,852,647,428,-15557,-16012,56840,brushing
419306491,758,344,561,-15557,-16012,56840,brushing
419307732,758,344,561,-18550,-3412,66710,brushing
419323628,683,249,601,-18550,-3412,66710,brushing
419326701,683,249,601,-17657,-14280,60322,brushing
419341069,675,255,610,-17657,-14280,60322,brushing
419345975,675,255,610,-15435,-9152,55020,brushing
419358206,629,124,602,-15435,-9152,55020,brushing
419365248,629,124,602,-10885,-16292,43067,brushing
419375343,604,23,681,-10885,-16292,43067,brushing
419384523,604,23,681,-4672,-13037,28472,brushing
419392480,520,-249,764,-4672,-13037,28472,brushing
419403491,520,-249,764,5827,-25112,-17,brushing
419409921,571,-281,563,5827,-25112,-17,brushing
419422764,571,-281,563,16030,10710,-18987,brushing
419427058,753,133,431,16030,10710,-18987,brushing
419442037,753,133,431,15925,39270,-26495,brushing
419444194,766,285,455,15925,39270,-26495,brushing
419461006,766,285,455,12547,23117,-39445,brushing
419461636,618,74,586,12547,23117,-39445,brushing
419478751,478,-105,719,12547,23117,-39445,brushing
419480298,478,-105,719,16012,8872,-61967,brushing
419495889,579,344,490,16012,8872,-61967,brushing
419499573,579,344,490,29890,34597,-76597,brushing
419513025,696,989,518,29890,34597,-76597,brushing
419518541,696,989,518,35332,62387,-61285,brushing
419530468,844,1333,286,35332,62387,-61285,brushing
419537815,844,1333,286,30450,27667,-44275,brushing
419547605,988,1620,132,30450,27667,-44275,brushing
419557090,988,1620,132,15750,13370,-5600,brushing
419564743,971,1201,417,15750,13370,-5600,brushing
419576363,971,1201,417,805,-48282,14980,brushing
419581878,732,342,480,805,-48282,14980,brushing
419595332,732,342,480,1225,-64102,10832,brushing
419599320,691,229,303,1225,-64102,10832,brushing
419614605,691,229,303,3412,1627,17185,brushing
419616457,785,679,296,3412,1627,17185,brushing
419633574,866,1047,218,-2415,28175,32410,brushing
419651008,884,968,370,-2415,28175,32410,brushing
419652860,884,968,370,-16747,5565,51065,brushing
419668145,688,116,498,-16747,5565,51065,brushing
419672133,688,116,498,-27580,-62370,43242,brushing
419685281,586,-306,548,-27580,-62370,43242,brushing
419691407,586,-306,548,-20230,-31517,29680,brushing
419702418,556,-438,737,-20230,-31517,29680,brushing
419710375,556,-438,737,-5460,12057,3955,brushing
419719859,505,-361,768,-5460,12057,3955,brushing
419729649,505,-361,768,10885,28770,-26390,brushing
419736996,687,313,491,10885,28770,-26390,brushing
419748923,687,313,491,17797,50207,-32795,brushing
419754133,717,479,613,17797,50207,-32795,brushing
419768197,717,479,613,17885,11935,-43330,brushing
419771575,618,275,642,17885,11935,-43330,brushing
419787164,618,275,642,20457,-19495,-61547,brushing
419788711,576,82,589,20457,-19495,-61547,brushing
419805828,668,494,346,20457,-19495,-61547,brushing
419806458,668,494,346,27422,-35,-73202,brushing
419823270,772,1002,269,27422,-35,-73202,brushing
419825732,772,1002,269,25620,30607,-60375,brushing
419840407,897,1402,91,25620,30607,-60375,brushing
419844701,897,1402,91,15540,31132,-36260,brushing
419857543,978,1538,198,15540,31132,-36260,brushing
419863975,978,1538,198,-682,15890,-385,brushing
419874680,842,903,498,-682,15890,-385,brushing
419883248,842,903,498,-10115,-44852,14262,brushing
419892121,714,379,481,-10115,-44852,14262,brushing
419902217,714,379,481,-6825,-49875,15820,brushing
419909259,706,336,475,-6825,-49875,15820,brushing
419921491,706,336,475,-1435,-16975,17937,brushing
419926396,705,437,503,-1435,-16975,17937,brushing
419940764,705,437,503,1190,-4970,17360,brushing
419943531,676,391,507,1190,-4970,17360,brushing
419960037,676,391,507,3307,-7402,9940,brushing
419960974,647,154,571,3307,-7402,9940,brushing
419978089,635,13,552,3307,-7402,9940,brushing
419979026,635,13,552,10202,-1750,-5477,brushing
419995227,670,229,506,10202,-1750,-5477,brushing
419998301,670,229,506,18147,24640,-17447,brushing
420012670,670,331,476,18147,24640,-17447,brushing
420017575,670,331,476,21367,23012,-29032,brushing
420029807,777,685,295,21367,23012,-29032,brushing
420036543,777,685,295,21595,39042,-26092,brushing
420046943,892,1192,269,21595,39042,-26092,brushing
420055816,892,1192,269,14420,39200,-5110,brushing
420064080,845,1009,323,14420,39200,-5110,brushing
420075091,845,1009,323,3955,-14630,4567,brushing
420081522,700,557,432,3955,-14630,4567,brushing
420094059,700,557,432,770,-32077,5267,brushing
420098658,667,390,414,770,-32077,5267,brushing
420113333,667,390,414,2642,-19215,4147,brushing
420115796,663,474,336,2642,-19215,4147,brushing
420132607,663,474,336,3167,3220,7630,brushing
420133237,701,708,308,3167,3220,7630,brushing
420150353,714,787,293,3167,3220,7630,brushing
420151595,714,787,293,577,4147,14507,brushing
420167491,723,737,275,577,4147,14507,brushing
420170869,723,737,275,-3937,-2030,22662,brushing
420184628,708,602,330,-3937,-2030,22662,brushing
420190143,708,602,330,-7542,4987,30747,brushing
420202068,732,616,408,-7542,4987,30747,brushing
420209111,732,616,408,-7455,12390,35665,brushing
420219206,895,916,248,-7455,12390,35665,brushing
420228385,895,916,248,-12775,13685,48510,brushing
420236343,711,177,740,-12775,13685,48510,brushing
420247659,711,177,740,-12687,-58590,28577,brushing
420253480,606,-185,502,-12687,-58590,28577,brushing
420266933,606,-185,502,752,-23485,13842,brushing
420270923,683,74,515,752,-23485,13842,brushing
420285903,683,74,515,9870,19565,6090,brushing
420288060,677,197,586,9870,19565,6090,brushing
420305176,752,507,322,13720,15435,-4865,brushing
420322610,822,693,381,13720,15435,-4865,brushing
420324462,822,693,381,10185,19950,-2485,brushing
420339746,777,547,391,10185,19950,-2485,brushing
420343430,777,547,391,5337,350,-1330,brushing
420356883,756,502,414,5337,350,-1330,brushing
420362704,756,502,414,3955,2852,140,brushing
420374326,795,605,407,3955,2852,140,brushing
420381978,795,605,407,2310,6370,4462,brushing
420391462,774,491,413,2310,6370,4462,brushing
420401252,774,491,413,612,-1417,3150,brushing
420408598,792,560,420,612,-1417,3150,brushing
420420220,792,560,420,-1452,-420,5092,brushing
420426041,798,533,460,-1452,-420,5092,brushing
420439494,798,533,460,-1732,-7175,5915,brushing
420443178,770,443,537,-1732,-7175,5915,brushing
420458767,770,443,537,-472,-21087,647,brushing
420460314,715,253,574,-472,-21087,647,brushing
420477428,724,300,575,-472,-21087,647,brushing
420478058,724,300,575,4410,-20020,-7332,brushing
420494869,744,445,610,4410,-20020,-7332,brushing
420497027,744,445,610,9292,-13107,-11410,brushing
420512006,701,486,648,9292,-13107,-11410,brushing
420516301,701,486,648,13160,-31360,-17920,brushing
420529143,644,447,674,13160,-31360,-17920,brushing
420535574,644,447,674,17902,-60200,-28945,brushing
420546585,586,451,647,17902,-60200,-28945,brushing
420554543,586,451,647,21630,-87447,-41387,brushing
420563722,612,565,440,21630,-87447,-41387,brushing
420573816,612,565,440,22137,-93660,-46917,brushing
420580858,720,919,335,22137,-93660,-46917,brushing
420593090,720,919,335,13195,-78295,-31447,brushing
420597995,815,1134,294,13195,-78295,-31447,brushing
420612058,815,1134,294,-1680,-92557,-13737,brushing
420615437,854,1161,350,-1680,-92557,-13737,brushing
420631332,854,1161,350,-19722,-142555,-2152,brushing
420632574,821,886,413,-19722,-142555,-2152,brushing
420649691,758,639,502,-19722,-142555,-2152,brushing
420650626,758,639,502,-34527,-192605,-367,brushing
420667132,738,516,535,-34527,-192605,-367,brushing
420669900,738,516,535,-42822,-218942,507,brushing
420684269,754,465,549,-42822,-218942,507,brushing
420688868,754,465,549,-48580,-228795,4655,brushing
420701405,809,426,521,-48580,-228795,4655,brushing
420708142,809,426,521,-54722,-236442,8732,brushing
420718542,887,326,450,-54722,-236442,8732,brushing
420727416,887,326,450,-61197,-226660,17605,brushing
420735985,941,225,419,-61197,-226660,17605,brushing
420746386,941,225,419,-66745,-192692,33250,brushing
420753122,944,164,436,-66745,-192692,33250,brushing
420765659,944,164,436,-71540,-156100,49857,brushing
420770259,909,120,459,-71540,-156100,49857,brushing
420784933,909,120,459,-77595,-138810,61897,brushing
420787701,831,-7,495,-77595,-138810,61897,brushing
420803901,831,-7,495,-82442,-128082,68390,brushing
420804838,749,-133,566,-82442,-128082,68390,brushing
420821954,672,-249,602,-82442,-128082,68390,brushing
420823196,672,-249,602,-82932,-104440,71435,brushing
420839091,608,-311,646,-82932,-104440,71435,brushing
420842469,608,-311,646,-82005,-78137,70647,brushing
420856532,548,-368,665,-82005,-78137,70647,brushing
420861437,548,-368,665,-81497,-57225,64592,brushing
420873668,518,-384,697,-81497,-57225,64592,brushing
420880710,518,-384,697,-79572,-28997,57925,brushing
420890804,505,-304,750,-79572,-28997,57925,brushing
420899983,505,-304,750,-77122,-3937,53322,brushing
420907941,458,-170,831,-77122,-3937,53322,brushing
420919257,458,-170,831,-74532,-3325,47897,brushing
420925384,375,-117,904,-74532,-3325,47897,brushing
420938226,375,-117,904,-68460,-18672,40757,brushing
420942521,310,-76,989,-68460,-18672,40757,brushing
420957499,310,-76,989,-56350,-28945,35997,brushing
420959656,238,-118,1047,-56350,-28945,35997,brushing
420976773,238,-118,1047,-40215,-34475,29750,brushing
420977403,203,-73,1039,-40215,-34475,29750,brushing
420994216,203,-56,875,-40215,-34475,29750,brushing
420995763,203,-56,875,-27475,-42420,24167,brushing
421011353,227,-124,869,-27475,-42420,24167,brushing
421015038,227,-124,869,-19442,-38342,21595,brushing
421028490,256,-170,846,-19442,-38342,21595,brushing
421034311,256,-170,846,-13737,-23555,19740,brushing
421045933,304,-159,865,-13737,-23555,19740,brushing
421053280,304,-159,865,-8767,-2327,20300,brushing
421063069,361,-105,897,-8767,-2327,20300,brushing
421072554,361,-105,897,-7035,6405,22540,brushing
421080206,400,-149,909,-7035,6405,22540,brushing
421091827,400,-149,909,-7682,4532,24395,brushing
421097343,397,-266,983,-7682,4532,24395,brushing
421110796,397,-266,983,-7297,297,22207,brushing
421114785,393,-346,1011,-7297,297,22207,brushing
421130070,393,-346,1011,-4970,-332,16327,brushing
421131923,379,-359,1014,-4970,-332,16327,brushing
421149040,395,-270,967,-1557,2047,11322,brushing
421166169,454,-184,858,-1557,2047,11322,brushing
421168326,454,-184,858,-297,6055,11305,brushing
421183611,454,-238,796,-297,6055,11305,brushing
421187600,454,-238,796,-2747,8137,13002,brushing
421200747,411,-355,727,-2747,8137,13002,brushing
421206873,411,-355,727,-6055,10027,11042,brushing
421217883,374,-488,668,-6055,10027,11042,brushing
421225841,374,-488,668,-9257,26582,5127,brushing
421235326,338,-444,681,-9257,26582,5127,brushing
421245114,338,-444,681,-12757,41982,-2905,brushing
421252462,343,-347,681,-12757,41982,-2905,brushing
421264389,343,-347,681,-15890,49245,-10797,brushing
421269599,365,-246,661,-15890,49245,-10797,brushing
421283663,365,-246,661,-18655,67200,-12582,brushing
421286736,350,-196,684,-18655,67200,-12582,brushing
421302631,350,-196,684,-20790,91647,-11147,brushing
421304177,340,-100,764,-20790,91647,-11147,brushing
421321293,280,25,947,-20790,91647,-11147,brushing
421321923,280,25,947,-20650,98315,-10500,brushing
421338430,218,36,1070,-20650,98315,-10500,brushing
421341198,218,36,1070,-15085,84770,-12477,brushing
421355567,199,153,1120,-15085,84770,-12477,brushing
421360168,199,153,1120,-4042,71907,-15540,brushing
421373010,160,130,1121,-4042,71907,-15540,brushing
421379442,160,130,1121,7875,62492,-15977,brushing
421390146,171,182,1043,7875,62492,-15977,brushing
421398714,171,182,1043,15155,46672,-17937,brushing
421407282,209,198,979,15155,46672,-17937,brushing
421417682,209,198,979,15697,24342,-21017,brushing
421424418,259,193,1003,15697,24342,-21017,brushing
421436954,259,193,1003,11742,-2152,-25620,brushing
421441859,217,165,1012,11742,-2152,-25620,brushing
421456228,217,165,1012,7420,-9415,-25935,brushing
421458996,260,329,1053,7420,-9415,-25935,brushing
421475196,260,329,1053,3552,-6125,-15960,brushing
421476132,269,413,1124,3552,-6125,-15960,brushing
421493554,255,256,1114,3552,-6125,-15960,brushing
421494491,255,256,1114,-437,-25392,-10535,brushing
421510692,283,108,1109,-437,-25392,-10535,brushing
421513764,283,108,1109,-2450,-40985,-9380,brushing
421527827,352,68,1070,-2450,-40985,-9380,brushing
421532733,352,68,1070,-717,-37922,-8312,brushing
421544965,472,75,960,-717,-37922,-8312,brushing
421552007,472,75,960,1557,-21490,-2800,brushing
421562101,656,140,847,1557,-21490,-2800,brushing
421571280,656,140,847,-315,-8277,8207,brushing
421579543,630,-19,819,-315,-8277,8207,brushing
421590249,630,-19,819,-8102,-22837,12197,brushing
421596680,553,-262,743,-8102,-22837,12197,brushing
421609522,553,-262,743,-17622,-37257,8925,brushing
421613816,429,-527,738,-17622,-37257,8925,brushing
421628796,429,-527,738,-22487,-34562,-2765,brushing
421631258,320,-630,714,-22487,-34562,-2765,brushing
421647763,320,-630,714,-19057,630,-12617,brushing
421648393,304,-453,717,-19057,630,-12617,brushing
421665509,292,-167,719,-19057,630,-12617,brushing
421667056,292,-167,719,-11375,32410,-19057,brushing
421682647,292,75,658,-11375,32410,-19057,brushing
421686331,292,75,658,-4847,43032,-21420,brushing
421700089,324,190,637,-4847,43032,-21420,brushing
421705300,324,190,637,-2030,47337,-17640,brushing
421717227,285,165,729,-2030,47337,-17640,brushing
421724575,285,165,729,787,50452,-14700,brushing
421734364,238,181,844,787,50452,-14700,brushing
421743847,238,181,844,8487,62195,-10745,brushing
421751499,267,316,927,8487,62195,-10745,brushing
421762815,267,316,927,18812,76405,-1837,brushing
421768942,226,426,1074,18812,76405,-1837,brushing
421782089,226,426,1074,26967,59605,175,brushing
421786079,129,388,1143,26967,59605,175,brushing
421801363,129,388,1143,31395,26617,-4812,brushing
421803215,113,364,1202,31395,26617,-4812,brushing
421820333,113,364,1202,32882,3972,-9992,brushing
421820963,140,345,1204,32882,3972,-9992,brushing
421837774,311,509,1169,32882,3972,-9992,brushing
421839627,311,509,1169,32130,-1295,-5827,brushing
421854912,309,428,1169,32130,-1295,-5827,brushing
421858902,309,428,1169,26337,-25287,-3255,brushing
421872051,312,263,1117,26337,-25287,-3255,brushing
421878177,312,263,1117,18200,-63420,-6107,brushing
421889493,329,81,1042,18200,-63420,-6107,brushing
421897145,329,81,1042,12775,-76142,-10132,brushing
421906630,357,-31,916,12775,-76142,-10132,brushing
421916419,357,-31,916,9642,-55562,-10482,brushing
421923767,437,80,826,9642,-55562,-10482,brushing
421935693,437,80,826,5565,-22522,-3447,brushing
421941209,580,183,749,5565,-22522,-3447,brushing
421954662,580,183,749,-2765,-12722,5197,brushing
421958346,554,89,747,-2765,-12722,5197,brushing
421973936,554,89,747,-10342,-23222,5827,brushing
421975483,500,-65,775,-10342,-23222,5827,brushing
421992599,495,-183,792,-10342,-23222,5827,brushing
421993229,495,-183,792,-10937,-15050,8137,brushing
422010041,376,-340,810,-10937,-15050,8137,brushing
422012199,376,-340,810,-7245,-507,4427,brushing
422027178,369,-264,808,-7245,-507,4427,brushing
422031472,369,-264,808,-665,10360,-4690,brushing
422044314,405,-97,784,-665,10360,-4690,brushing
422050745,405,-97,784,6650,23870,-8662,brushing
422061756,394,58,732,6650,23870,-8662,brushing
422069713,394,58,732,10237,31710,-8137,brushing
422078892,378,155,748,10237,31710,-8137,brushing
422088987,378,155,748,12390,37432,-5460,brushing
422096030,350,223,789,12390,37432,-5460,brushing
422108261,350,223,789,15050,44257,-1557,brushing
422113166,360,258,794,15050,44257,-1557,brushing
422127535,360,258,794,17622,53865,2765,brushing
422130607,314,316,932,17622,53865,2765,brushing
422146502,314,316,932,19407,50050,4357,brushing
422147743,190,349,1036,19407,50050,4357,brushing
422164859,179,382,1077,19407,50050,4357,brushing
422165794,179,382,1077,20527,34667,560,brushing
422182301,79,301,1183,20527,34667,560,brushing
422185069,79,301,1183,20072,22207,-4182,brushing
422199438,239,521,1136,20072,22207,-4182,brushing
422204343,239,521,1136,19057,6072,-7682,brushing
422216574,342,554,1152,19057,6072,-7682,brushing
422223310,342,554,1152,15050,-9397,-1610,brushing
422234016,310,358,1114,15050,-9397,-1610,brushing
422242584,310,358,1114,9170,-53935,-7192,brushing
422251152,344,169,1074,9170,-53935,-7192,brushing
422261857,344,169,1074,6212,-74935,-11900,brushing
422268288,378,81,982,6212,-74935,-11900,brushing
422280825,378,81,982,6772,-57242,-10570,brushing
422285424,510,152,808,6772,-57242,-10570,brushing
422300098,510,152,808,2607,-27335,-507,brushing
422302866,542,162,758,2607,-27335,-507,brushing
422319371,542,162,758,-7507,-34020,1522,brushing
422320001,538,1,732,-7507,-34020,1522,brushing
422337117,494,-118,762,-7507,-34020,1522,brushing
422338664,494,-118,762,-15050,-39987,-1242,brushing
422354559,496,-93,787,-15050,-39987,-1242,brushing
422357632,496,-93,787,-13790,-22960,630,brushing
422371695,453,-46,798,-13790,-22960,630,brushing
422376905,453,-46,798,-9240,-9327,1855,brushing
422388832,346,-24,799,-9240,-9327,1855,brushing
422396180,346,-24,799,-5110,-18287,-2432,brushing
422406274,327,21,772,-5110,-18287,-2432,brushing
422415148,327,21,772,-805,-31482,-6457,brushing
422423411,345,88,735,-805,-31482,-6457,brushing
422434421,345,88,735,2712,-36312,-8225,brushing
422440548,345,95,715,2712,-36312,-8225,brushing
422453695,345,95,715,4567,-30625,-8277,brushing
422457989,348,112,699,4567,-30625,-8277,brushing
422472969,348,112,699,3535,-15330,-5390,brushing
422475126,349,160,775,3535,-15330,-5390,brushing
422491936,349,160,775,2922,-3500,945,brushing
422492566,358,270,960,2922,-3500,945,brushing
422509378,356,232,1083,2922,-3500,945,brushing
422511230,356,232,1083,3570,-20247,4462,brushing
422526819,366,150,1168,3570,-20247,4462,brushing
422530503,366,150,1168,7840,-45762,3902,brushing
422543956,379,54,1221,7840,-45762,3902,brushing
422549778,379,54,1221,15592,-58257,3150,brushing
422561093,409,3,1177,15592,-58257,3150,brushing
422568746,409,3,1177,23310,-57522,2257,brushing
422578535,445,6,1119,23310,-57522,2257,brushing
422588019,445,6,1119,27090,-48825,2852,brushing
422595671,453,-22,1021,27090,-48825,2852,brushing
422607292,453,-22,1021,25375,-42227,2817,brushing
422612808,447,-113,919,25375,-42227,2817,brushing
422626260,447,-113,919,18182,-34002,612,brushing
422630248,438,-193,839,18182,-34002,612,brushing
422645533,438,-193,839,8592,-22802,-2695,brushing
422647385,411,-204,803,8592,-22802,-2695,brushing
422664501,408,-203,811,-595,-10185,-6160,brushing
422681936,471,-35,756,-595,-10185,-6160,brushing
422684094,471,-35,756,-5652,25602,-3307,brushing
422699073,513,192,860,-5652,25602,-3307,brushing
422703063,513,192,860,-6177,76667,12145,brushing
422716210,485,325,941,-6177,76667,12145,brushing
422722337,485,325,941,-7087,76842,24867,brushing
422733347,431,255,1013,-7087,76842,24867,brushing
422741610,431,255,1013,-7927,35017,28000,brushing
422750789,378,153,1075,-7927,35017,28000,brushing
422760578,378,153,1075,-3832,-1995,28647,brushing
422767926,367,49,1052,-3832,-1995,28647,brushing
422779852,367,49,1052,4725,-14000,29837,brushing
422785062,381,-33,983,4725,-14000,29837,brushing
422799125,381,-33,983,11900,-10412,29925,brushing
422802199,415,-51,872,11900,-10412,29925,brushing
422818399,415,-51,872,14122,-4707,28157,brushing
422819641,430,-133,762,14122,-4707,28157,brushing
422836757,385,-224,709,14122,-4707,28157,brushing
422837387,385,-224,709,10920,-5880,20842,brushing
422853893,332,-310,689,10920,-5880,20842,brushing
422856661,332,-310,689,7035,-4042,9940,brushing
422871335,329,-278,723,7035,-4042,9940,brushing
422875935,329,-278,723,6702,12320,-2030,brushing
422888473,319,-118,737,6702,12320,-2030,brushing
422894904,319,-118,737,11042,40355,-9100,brushing
422905610,375,119,724,11042,40355,-9100,brushing
422914178,375,119,724,14787,62125,-8680,brushing
422922747,430,291,707,14787,62125,-8680,brushing
422933451,430,291,707,12862,63822,-3710,brushing
422940188,348,265,795,12862,63822,-3710,brushing
422952419,348,265,795,9012,42000,-5460,brushing
422957324,263,215,955,9012,42000,-5460,brushing
422971693,263,215,955,11515,28420,-8260,brushing
422974461,236,239,1055,11515,28420,-8260,brushing
422990967,236,239,1055,17762,30555,-8137,brushing
422991597,238,277,1090,17762,30555,-8137,brushing
423009019,220,338,1148,17762,30555,-8137,brushing
423009955,220,338,1148,23205,25112,-8977,brushing
423026155,409,443,1072,23205,25112,-8977,brushing
423029230,409,443,1072,25532,8015,-6912,brushing
423043293,498,375,1009,25532,8015,-6912,brushing
423048504,498,375,1009,21822,-10850,-3045,brushing
423060736,448,208,975,21822,-10850,-3045,brushing
423067473,448,208,975,14822,-34352,-3692,brushing
423077872,436,109,976,14822,-34352,-3692,brushing
423086746,436,109,976,10272,-38867,-3605,brushing
423095009,457,124,961,10272,-38867,-3605,brushing
423106020,457,124,961,8505,-31167,-875,brushing
423112146,536,169,900,8505,-31167,-875,brushing
423124989,536,169,900,5985,-25917,4217,brushing
423129589,598,139,859,5985,-25917,4217,brushing
423144262,598,139,859,3325,-32655,6562,brushing
423146725,603,2,831,3325,-32655,6562,brushing
423163535,603,2,831,1627,-42927,4235,brushing
423164165,509,-252,803,1627,-42927,4235,brushing
423181281,416,-477,739,1627,-42927,4235,brushing
423182827,416,-477,739,2397,-41107,-8295,brushing
423198418,441,-369,702,2397,-41107,-8295,brushing
423201796,441,-369,702,7192,-3027,-17377,brushing
423215553,452,-101,710,7192,-3027,-17377,brushing
423221069,452,-101,710,12687,33845,-20265,brushing
423232691,486,149,687,12687,33845,-20265,brushing
423240343,486,149,687,15067,44152,-18322,brushing
423250133,455,245,675,15067,44152,-18322,brushing
423259312,455,245,675,14682,36732,-15557,brushing
423267270,530,231,574,14682,36732,-15557,brushing
423278585,530,231,574,13527,42560,-9362,brushing
423284405,516,173,703,13527,42560,-9362,brushing
423297857,516,173,703,13580,48632,-4637,brushing
423301847,492,176,754,13580,48632,-4637,brushing
423317132,492,176,754,17395,62265,1925,brushing
423318984,527,278,830,17395,62265,1925,brushing
423336101,494,404,951,22260,76597,12722,brushing
423353229,461,354,983,22260,76597,12722,brushing
423355386,461,354,983,27300,64470,16222,brushing
423370670,412,185,992,27300,64470,16222,brushing
423374659,412,185,992,31867,44257,14665,brushing
423387806,366,88,922,31867,44257,14665,brushing
423393627,366,88,922,36190,34825,6667,brushing
423404943,356,-20,838,36190,34825,6667,brushing
423412900,356,-20,838,38097,43802,-1382,brushing
423422080,409,60,761,38097,43802,-1382,brushing
423432174,409,60,761,36960,57802,-8557,brushing
423439522,391,-42,732,36960,57802,-8557,brushing
423451142,391,-42,732,36592,71032,-21297,brushing
423456658,534,110,601,36592,71032,-21297,brushing
423470416,534,110,601,35717,115062,-16940,brushing
423473795,621,298,587,35717,115062,-16940,brushing
423489690,621,298,587,31447,140507,-11410,brushing
423491237,561,425,693,31447,140507,-11410,brushing
423508354,608,578,743,29172,133367,-7087,brushing
423525483,634,632,767,29172,133367,-7087,brushing
423527946,634,632,767,28752,113172,-2520,brushing
423542620,673,605,739,28752,113172,-2520,brushing
423547220,673,605,739,28647,96722,4812,brushing
423560061,734,752,695,28647,96722,4812,brushing
423566188,734,752,695,26582,86800,14682,brushing
423577199,702,764,787,26582,86800,14682,brushing
423585462,702,764,787,23345,62265,23537,brushing
423594336,646,648,711,23345,62265,23537,brushing
423604735,646,648,711,20247,35612,27387,brushing
423611473,643,576,678,20247,35612,27387,brushing
423623704,643,576,678,16170,18900,27195,brushing
423628914,477,288,721,16170,18900,27195,brushing
423642978,477,288,721,15137,-455,14157,brushing
423646051,475,391,659,15137,-455,14157,brushing
423662252,475,391,659,15207,5670,7997,brushing
423663188,424,443,778,15207,5670,7997,brushing
423680610,439,586,749,15207,5670,7997,brushing
423681240,439,586,749,16625,-6387,-2642,brushing
423697747,501,666,756,16625,-6387,-2642,brushing
423700515,501,666,756,16712,-17570,-7857,brushing
423714884,536,578,775,16712,-17570,-7857,brushing
423719788,536,578,775,16922,-26495,-11147,brushing
423732020,504,484,803,16922,-26495,-11147,brushing
423738756,504,484,803,17745,-35560,-17902,brushing
423749461,460,446,815,17745,-35560,-17902,brushing
423758029,460,446,815,19442,-52885,-28000,brushing
423766598,430,465,823,19442,-52885,-28000,brushing
423777304,430,465,823,21210,-79817,-39830,brushing
423783735,407,337,759,21210,-79817,-39830,brushing
423796273,407,337,759,21385,-107555,-55807,brushing
423800872,439,306,762,21385,-107555,-55807,brushing
423815547,439,306,762,23432,-102077,-64750,brushing
423818315,516,426,504,23432,-102077,-64750,brushing
423834820,516,426,504,21857,-55895,-58327,brushing
423835450,755,845,392,21857,-55895,-58327,brushing
423852566,1035,1361,293,21857,-55895,-58327,brushing
423854113,1035,1361,293,11742,-38920,-35052,brushing
423870008,1048,1170,418,11742,-38920,-35052,brushing
423873081,1048,1170,418,-9327,-100730,-5950,brushing
423887143,884,660,530,-9327,-100730,-5950,brushing
423892353,884,660,530,-22312,-178605,6895,brushing
423904280,762,175,594,-22312,-178605,6895,brushing
423911628,762,175,594,-21647,-189262,18165,brushing
423921417,640,-8,695,-21647,-189262,18165,brushing
423930596,640,-8,695,-12792,-159390,24360,brushing
423938858,602,59,740,-12792,-159390,24360,brushing
423949868,602,59,740,-4235,-133507,29417,brushing
423955995,601,130,726,-4235,-133507,29417,brushing
423969143,601,130,726,-52,-122290,33162,brushing
423973132,611,209,775,-52,-122290,33162,brushing
423988111,611,209,775,2607,-121345,37485,brushing
423990269,610,163,793,2607,-121345,37485,brushing
424007385,610,163,793,3955,-128345,37135,brushing
424008015,614,47,763,3955,-128345,37135,brushing
424024827,612,-55,769,3955,-128345,37135,brushing
424026679,612,-55,769,4270,-126682,34002,brushing
424041964,594,-144,813,4270,-126682,34002,brushing
424045954,594,-144,813,4637,-117057,28770,brushing
424059406,588,-207,776,4637,-117057,28770,brushing
424064922,588,-207,776,4357,-103757,20720,brushing
424076543,563,-354,752,4357,-103757,20720,brushing
424084196,563,-354,752,1242,-85295,8435,brushing
424093680,545,-337,714,1242,-85295,8435,brushing
424103470,545,-337,714,-3832,-56490,-2450,brushing
424110817,544,-288,671,-3832,-56490,-2450,brushing
424122439,544,-288,671,-7857,-1977,-5687,brushing
424128260,678,96,602,-7857,-1977,-5687,brushing
424141712,678,96,602,-12932,64960,11970,brushing
424145396,686,340,677,-12932,64960,11970,brushing
424160986,686,340,677,-24832,56402,21140,brushing
424162532,647,391,757,-24832,56402,21140,brushing
424179955,604,184,814,-36330,2782,23082,brushing
424197084,581,-25,845,-36330,2782,23082,brushing
424199241,581,-25,845,-40582,-28682,22697,brushing
424214220,507,-183,830,-40582,-28682,22697,brushing
424218515,507,-183,830,-36330,-22592,21192,brushing
424231663,545,-178,728,-36330,-22592,21192,brushing
424237788,545,-178,728,-29820,4760,22225,brushing
424248798,490,-268,728,-29820,4760,22225,brushing
424256755,490,-268,728,-28157,13177,14910,brushing
424265933,465,-298,711,-28157,13177,14910,brushing
424276028,465,-298,711,-25672,14052,4130,brushing
424283070,461,-336,745,-25672,14052,4130,brushing
424295303,461,-336,745,-19180,32095,-3955,brushing
424300513,430,-294,732,-19180,32095,-3955,brushing
424314578,430,-294,732,-9047,58065,-9782,brushing
424317651,418,-252,692,-9047,58065,-9782,brushing
424333547,418,-252,692,-1050,82477,-14717,brushing
424334789,448,-109,646,-1050,82477,-14717,brushing
424352210,479,73,668,-1050,82477,-14717,brushing
424352840,479,73,668,1417,91070,-17097,brushing
424369347,463,222,776,1417,91070,-17097,brushing
424372115,463,222,776,3412,85802,-14805,brushing
424386484,410,283,898,3412,85802,-14805,brushing
424391083,410,283,898,8452,69422,-11637,brushing
424403925,432,284,930,8452,69422,-11637,brushing
424410356,432,284,930,17920,63857,-8487,brushing
424421061,399,337,1042,17920,63857,-8487,brushing
424429629,399,337,1042,28297,64400,-5372,brushing
424438197,352,406,1064,28297,64400,-5372,brushing
424448597,352,406,1064,34265,45675,-6825,brushing
424455334,343,433,1077,34265,45675,-6825,brushing
424467871,343,433,1077,33967,17202,-10307,brushing
424472777,437,514,1034,33967,17202,-10307,brushing
424487145,437,514,1034,29855,595,-6615,brushing
424489913,579,548,951,29855,595,-6615,brushing
424506419,579,548,951,20597,-16415,-2257,brushing
424507049,569,467,936,20597,-16415,-2257,brushing
424524166,598,327,893,20597,-16415,-2257,brushing
424525407,598,327,893,10500,-44747,-2765,brushing
424541608,703,285,792,10500,-44747,-2765,brushing
424544680,703,285,792,1767,-50785,2782,brushing
424558743,721,168,739,1767,-50785,2782,brushing
424563954,721,168,739,-8872,-45342,10482,brushing
424575881,632,-48,749,-8872,-45342,10482,brushing
424582923,632,-48,749,-18777,-46795,11690,brushing
424593323,564,-174,776,-18777,-46795,11690,brushing
424602196,564,-174,776,-21910,-38780,6807,brushing
424610459,576,-233,749,-21910,-38780,6807,brushing
424621470,576,-233,749,-19687,-11270,4760,brushing
424627596,594,-164,723,-19687,-11270,4760,brushing
424640438,594,-164,723,-16467,6510,770,brushing
424644733,425,-281,792,-16467,6510,770,brushing
424659713,425,-281,792,-9625,5862,-14017,brushing
424662175,384,-271,756,-9625,5862,-14017,brushing
424678986,384,-271,756,1452,27457,-23205,brushing
424679616,449,-113,676,1452,27457,-23205,brushing
424696427,486,126,604,1452,27457,-23205,brushing
424697974,486,126,604,9310,54950,-24990,brushing
424713868,527,244,555,9310,54950,-24990,brushing
424717247,527,244,555,10815,63542,-22435,brushing
424731006,499,250,572,10815,63542,-22435,brushing
424736522,499,250,572,9257,64785,-20632,brushing
424748142,508,296,599,9257,64785,-20632,brushing
424755794,508,296,599,11322,76317,-15820,brushing
424765278,535,314,708,11322,76317,-15820,brushing
424774762,535,314,708,17885,96285,-6562,brushing
424782720,528,429,792,17885,96285,-6562,brushing
424794036,528,429,792,27807,103617,857,brushing
424799857,550,396,810,27807,103617,857,brushing
424813311,550,396,810,35332,104037,6580,brushing
424816995,557,390,775,35332,104037,6580,brushing
424832280,557,390,775,38412,101955,10010,brushing
424834438,502,308,875,38412,101955,10010,brushing
424851553,506,353,864,41510,91840,6842,brushing
424868682,594,387,790,41510,91840,6842,brushing
424870839,594,387,790,44870,94955,7367,brushing
424886123,686,464,721,44870,94955,7367,brushing
424890112,686,464,721,42122,98892,9852,brushing
424903259,659,533,726,42122,98892,9852,brushing
424909080,659,533,726,34895,83492,7595,brushing
424920396,726,608,608,34895,83492,7595,brushing
424928353,726,608,608,27195,83562,13405,brushing
424937532,811,666,589,27195,83562,13405,brushing
424947627,811,666,589,15820,90405,23887,brushing
424954974,630,480,737,15820,90405,23887,brushing
424966595,630,480,737,9817,72135,20177,brushing
424972110,667,655,571,9817,72135,20177,brushing
424985868,667,655,571,5827,87132,28367,brushing
424989246,707,717,604,5827,87132,28367,brushing
425005141,707,717,604,52,86590,34562,brushing
425006382,520,555,770,52,86590,34562,brushing
425023804,120,17,970,-350,24255,10867,brushing
425040933,375,393,564,-350,24255,10867,brushing
425043396,375,393,564,13387,27422,-13212,brushing
425058070,627,776,633,13387,27422,-13212,brushing
425062670,627,776,633,14000,69597,-13317,brushing
425075512,553,791,749,14000,69597,-13317,brushing
425081638,553,791,749,10797,32917,-18900,brushing
425092649,513,631,743,10797,32917,-18900,brushing
425100911,513,631,743,11252,-7980,-29225,brushing
425109785,493,536,743,11252,-7980,-29225,brushing
425120185,493,536,743,13597,-22312,-38500,brushing
425126922,473,561,702,13597,-22312,-38500,brushing
425139459,473,561,702,15120,-37397,-48650,brushing
425144364,401,433,679,15120,-37397,-48650,brushing
425158427,401,433,679,15855,-59517,-65520,brushing
425161501,381,296,671,15855,-59517,-65520,brushing
425177701,381,296,671,21770,-44677,-76492,brushing
425178638,660,610,441,21770,-44677,-76492,brushing
425195754,846,866,263,21770,-44677,-76492,brushing
425196690,846,866,263,21612,-10832,-68285,brushing
425213196,1093,1151,116,21612,-10832,-68285,brushing
425215965,1093,1151,116,10552,1645,-44030,brushing
425230333,1165,972,140,10552,1645,-44030,brushing
425235238,1165,972,140,-12215,-14892,-12197,brushing
425247470,843,390,407,-12215,-14892,-12197,brushing
425254512,843,390,407,-28770,-40670,2485,brushing
425264607,686,233,409,-28770,-40670,2485,brushing
425273481,686,233,409,-29925,-9205,10325,brushing
425282049,731,461,440,-29925,-9205,10325,brushing
425292754,731,461,440,-28735,34177,22715,brushing
425299185,655,634,554,-28735,34177,22715,brushing
425312027,655,634,554,-28367,34912,32830,brushing
425316321,566,660,633,-28367,34912,32830,brushing
425330995,566,660,633,-23240,19775,40075,brushing
425333763,494,601,664,-23240,19775,40075,brushing
425350269,494,601,664,-16187,16940,45570,brushing
425350899,437,711,633,-16187,16940,45570,brushing
425368016,356,548,677,-16187,16940,45570,brushing
425369563,356,548,677,-11007,17185,48405,brushing
425385458,321,447,694,-11007,17185,48405,brushing
425388531,321,447,694,-5425,1732,36627,brushing
425402594,257,225,753,-5425,1732,36627,brushing
425407805,257,225,753,2677,-4147,17535,brushing
425419731,229,198,737,2677,-4147,17535,brushing
425427080,229,198,737,12670,140,-7927,brushing
425436869,371,598,613,12670,140,-7927,brushing
425446353,371,598,613,16747,28490,-18305,brushing
425454311,417,793,717,16747,28490,-18305,brushing
425465322,417,793,717,14035,9222,-26530,brushing
425471448,391,715,786,14035,9222,-26530,brushing
425484595,391,715,786,14385,-23257,-37695,brushing
425488584,391,628,772,14385,-23257,-37695,brushing
425503868,391,628,772,14840,-48142,-51205,brushing
425505720,314,387,855,14840,-48142,-51205,brushing
425522837,314,387,855,21630,-69387,-73237,brushing
425523467,396,235,707,21630,-69387,-73237,brushing
425540279,701,581,406,21630,-69387,-73237,brushing
425542130,701,581,406,28892,-21735,-77402,brushing
425557414,994,980,247,28892,-21735,-77402,brushing
425561403,994,980,247,24850,8715,-64137,brushing
425574855,1229,1252,54,24850,8715,-64137,brushing
425580676,1229,1252,54,8855,15925,-29750,brushing
425591991,1123,966,224,8855,15925,-29750,brushing
425599644,1123,966,224,-16572,-13352,4620,brushing
425609128,826,518,343,-16572,-13352,4620,brushing
425618918,826,518,343,-28175,-19617,24377,brushing
425626572,767,545,339,-28175,-19617,24377,brushing
425638192,767,545,339,-34020,19285,43085,brushing
425643707,621,423,489,-34020,19285,43085,brushing
425657161,621,423,489,-34352,26145,48632,brushing
425660844,550,511,502,-34352,26145,48632,brushing
425676434,550,511,502,-32532,40827,55737,brushing
425677981,482,567,624,-32532,40827,55737,brushing
425695403,399,698,585,-27160,32445,58590,brushing
425712531,295,624,674,-27160,32445,58590,brushing
425714995,295,624,674,-20965,30065,60322,brushing
425729669,174,341,806,-20965,30065,60322,brushing
425733964,174,341,806,-11007,15487,47530,brushing
425747111,125,206,815,-11007,15487,47530,brushing
425753237,125,206,815,4112,14682,22557,brushing
425764247,185,254,819,4112,14682,22557,brushing
425772510,185,254,819,20212,22067,-4900,brushing
425781385,357,680,635,20212,22067,-4900,brushing
425791480,357,680,635,25620,40267,-15767,brushing
425798828,401,869,680,25620,40267,-15767,brushing
425810754,401,869,680,21122,5477,-27860,brushing
425815964,358,717,763,21122,5477,-27860,brushing
425830028,358,717,763,17832,-41020,-45972,brushing
425833101,290,491,803,17832,-41020,-45972,brushing
425849301,290,491,803,20545,-56315,-67042,brushing
425850238,312,342,753,20545,-56315,-67042,brushing
425867660,548,622,416,20545,-56315,-67042,brushing
425868290,548,622,416,26127,-22102,-77770,brushing
425884796,804,918,372,26127,-22102,-77770,brushing
425887564,804,918,372,22470,3955,-73517,brushing
425901932,1091,1155,182,22470,3955,-73517,brushing
425906836,1091,1155,182,14350,2677,-51275,brushing
425919372,1229,1220,123,14350,2677,-51275,brushing
425925804,1229,1220,123,-2835,-490,-11130,brushing
425936510,942,699,309,-2835,-490,-11130,brushing
425945079,942,699,309,-18025,-29610,16747,brushing
425953648,721,414,293,-18025,-29610,16747,brushing
425964352,721,414,293,-21507,-7612,33285,brushing
425970783,716,585,271,-21507,-7612,33285,brushing
425983321,716,585,271,-27965,36172,51030,brushing
425988225,599,582,251,-27965,36172,51030,brushing
426002594,599,582,251,-37275,39637,57330,brushing
426005362,459,539,420,-37275,39637,57330,brushing
426021868,459,539,420,-38535,45990,58170,brushing
426022498,298,543,659,-38535,45990,58170,brushing
426039613,160,509,769,-38535,45990,58170,brushing
426040855,160,509,769,-28910,45552,50102,brushing
426057055,102,487,920,-28910,45552,50102,brushing
426060128,102,487,920,-12687,34002,32270,brushing
426074193,125,456,958,-12687,34002,32270,brushing
426079403,125,456,958,7945,14910,8400,brushing
426091329,284,797,841,7945,14910,8400,brushing
426098676,284,797,841,27002,16450,-3920,brushing
426108771,360,919,757,27002,16450,-3920,brushing
426117645,360,919,757,32725,-11970,-14735,brushing
426125909,375,850,746,32725,-11970,-14735,brushing
426136919,375,850,746,30747,-52605,-28245,brushing
426143045,308,633,755,30747,-52605,-28245,brushing
426156192,308,633,755,28612,-87132,-49647,brushing
426160181,239,432,715,28612,-87132,-49647,brushing
426175161,239,432,715,32217,-82127,-69965,brushing
426177623,356,573,513,32217,-82127,-69965,brushing
426194434,356,573,513,33477,-34177,-69615,brushing
426195065,696,889,384,33477,-34177,-69615,brushing
426211877,980,1117,329,33477,-34177,-69615,brushing
426213729,980,1117,329,28560,-25112,-55125,brushing
426229319,1165,1133,180,28560,-25112,-55125,brushing
426232698,1165,1133,180,20195,-34702,-23660,brushing
426246455,1086,887,285,20195,-34702,-23660,brushing
426251971,1086,887,285,5565,-55107,9555,brushing
426263593,821,423,381,5565,-55107,9555,brushing
426271245,821,423,381,-2782,-76125,24027,brushing
426280728,714,325,307,-2782,-76125,24027,brushing
426290213,714,325,307,-5285,-29855,38290,brushing
426298172,786,650,220,-5285,-29855,38290,brushing
426309487,786,650,220,-14857,26040,58345,brushing
426315307,748,737,365,-14857,26040,58345,brushing
426328759,748,737,365,-25410,24237,70490,brushing
426332443,561,607,632,-25410,24237,70490,brushing
426348033,561,607,632,-26652,-3500,69737,brushing
426349579,362,467,649,-26652,-3500,69737,brushing
426367001,312,593,682,-18655,7245,67287,brushing
426384130,295,675,836,-18655,7245,67287,brushing
426386287,295,675,836,-12617,19180,63717,brushing
426401268,241,532,961,-12617,19180,63717,brushing
426405562,241,532,961,-5110,-11952,47285,brushing
426418709,188,335,1032,-5110,-11952,47285,brushing
426424530,188,335,1032,5757,-41790,23012,brushing
426435847,260,377,961,5757,-41790,23012,brushing
426443804,260,377,961,18672,-45937,-682,brushing
426452984,365,627,843,18672,-45937,-682,brushing
426463079,365,627,843,23380,-28910,-10622,brushing
426470121,430,722,795,23380,-28910,-10622,brushing
426482048,430,722,795,19267,-56192,-23170,brushing
426487564,394,543,766,19267,-56192,-23170,brushing
426501323,394,543,766,14875,-90912,-40127,brushing
426504701,468,449,729,14875,-90912,-40127,brushing
426520596,468,449,729,17395,-98105,-51362,brushing
426521837,639,452,620,17395,-98105,-51362,brushing
426538953,771,673,490,17395,-98105,-51362,brushing
426539583,771,673,490,20335,-63140,-43715,brushing
426556394,930,862,424,20335,-63140,-43715,brushing
426558857,930,862,424,15872,-54110,-26285,brushing
426573531,1025,851,338,15872,-54110,-26285,brushing
426578131,1025,851,338,6702,-60672,437,brushing
426590667,904,574,440,6702,-60672,437,brushing
426597404,904,574,440,-5145,-79362,20912,brushing
426608109,730,281,494,-5145,-79362,20912,brushing
426616371,730,281,494,-8925,-91105,28175,brushing
426625245,653,147,501,-8925,-91105,28175,brushing
426635645,653,147,501,-7035,-62107,36085,brushing
426642382,631,215,526,-7035,-62107,36085,brushing
426654918,631,215,526,-5792,-32077,43032,brushing
426659519,631,329,512,-5792,-32077,43032,brushing
426673888,631,329,512,-7507,-17307,48562,brushing
426676962,608,363,543,-7507,-17307,48562,brushing
426693163,608,363,543,-9817,-17885,49647,brushing
426694099,533,272,611,-9817,-17885,49647,brushing
426711216,396,87,820,-9817,-17885,49647,brushing
426712457,396,87,820,-7350,-18130,45552,brushing
426728658,468,232,698,-7350,-18130,45552,brushing
426731732,468,232,698,4060,-12092,35857,brushing
426745795,508,358,797,4060,-12092,35857,brushing
426750700,508,358,797,13737,16327,38062,brushing
426762932,516,433,777,13737,16327,38062,brushing
426769975,516,433,777,19460,-227,33547,brushing
426780375,532,358,773,19460,-227,33547,brushing
426789248,532,358,773,22627,-15627,30292,brushing
426797511,523,279,791,22627,-15627,30292,brushing
426808217,523,279,791,26915,-21315,25725,brushing
426814649,549,240,771,26915,-21315,25725,brushing
426827491,549,240,771,32025,-17797,22347,brushing
426831786,578,267,747,32025,-17797,22347,brushing
426846765,578,267,747,35472,-13720,21157,brushing
426849227,599,302,726,35472,-13720,21157,brushing
426866039,599,302,726,36575,-16975,20457,brushing
426866669,627,300,696,36575,-16975,20457,brushing
426883784,651,284,650,36575,-16975,20457,brushing
426885026,651,284,650,36277,-20230,19635,brushing
426900921,669,266,619,36277,-20230,19635,brushing
426904301,669,266,619,35175,-18952,19477,brushing
426918059,687,247,593,35175,-18952,19477,brushing
426923573,687,247,593,33460,-14595,19740,brushing
426935194,704,237,587,33460,-14595,19740,brushing
426942847,704,237,587,31500,-8487,20300,brushing
426952636,706,240,589,31500,-8487,20300,brushing
426961815,706,240,589,29190,-4620,21017,brushing
426969774,700,235,593,29190,-4620,21017,brushing
426981090,700,235,593,27020,-3990,21210,brushing
426986910,702,229,601,27020,-3990,21210,brushing
427000364,702,229,601,25795,-3447,21630,brushing
427004048,700,220,598,25795,-3447,21630,brushing
427019333,700,220,598,25480,-2275,21770,brushing
427021490,682,208,597,25480,-2275,21770,brushing
427038607,660,187,607,26127,-1977,20982,brushing
427055736,657,171,616,26127,-1977,20982,brushing
427057893,657,171,616,28280,-2082,18550,brushing
427073178,674,165,603,28280,-2082,18550,brushing
427076862,674,165,603,30975,-280,15242,brushing
427090314,680,150,584,30975,-280,15242,brushing
427096133,680,150,584,33652,3710,11585,brushing
427107448,694,151,554,33652,3710,11585,brushing
427115406,694,151,554,34790,7262,7350,brushing
427124585,710,142,512,34790,7262,7350,brushing
427134374,710,142,512,33442,10780,2712,brushing
427142027,732,148,507,33442,10780,2712,brushing
427153647,732,148,507,30397,18025,-1837,brushing
427159163,747,152,499,30397,18025,-1837,brushing
427172921,747,152,499,27422,27282,-7402,brushing
427176300,754,165,496,27422,27282,-7402,brushing
427192196,754,165,496,24850,39970,-12722,brushing
427193743,754,196,506,24850,39970,-12722,brushing
427210859,755,245,512,20650,46550,-19810,brushing
427227988,743,286,511,20650,46550,-19810,brushing
427230451,743,286,511,14087,44905,-27632,brushing
427245429,728,347,561,14087,44905,-27632,brushing
427249724,728,347,561,7227,43085,-33215,brushing
427262566,728,389,612,7227,43085,-33215,brushing
427268693,728,389,612,2415,37607,-37117,brushing
427279703,756,417,617,2415,37607,-37117,brushing
427287966,756,417,617,-1610,33442,-39515,brushing
427296839,752,475,600,-1610,33442,-39515,brushing
427307239,752,475,600,-5792,31587,-39672,brushing
427314281,754,539,604,-5792,31587,-39672,brushing
427326512,754,539,604,-11182,26845,-37625,brushing
427331417,744,553,644,-11182,26845,-37625,brushing
427345479,744,553,644,-16345,10447,-37117,brushing
427348552,734,560,712,-16345,10447,-37117,brushing
427364752,734,560,712,-17762,-5792,-36820,brushing
427365993,756,542,720,-17762,-5792,-36820,brushing
427383110,769,512,665,-17762,-5792,-36820,brushing
427384047,769,512,665,-18357,-20457,-38062,brushing
427400248,778,515,630,-18357,-20457,-38062,brushing
427403016,778,515,630,-20562,-28262,-37782,brushing
427417690,785,569,580,-20562,-28262,-37782,brushing
427422289,785,569,580,-24552,-34055,-36610,brushing
427434827,760,589,587,-24552,-34055,-36610,brushing
427441563,760,589,587,-30450,-48807,-36207,brushing
427451963,740,545,615,-30450,-48807,-36207,brushing
427460836,740,545,615,-34317,-64785,-35472,brushing
427469100,748,432,582,-34317,-64785,-35472,brushing
427479804,748,432,582,-37065,-68390,-35210,brushing
427486541,754,422,618,-37065,-68390,-35210,brushing
427499079,754,422,618,-38062,-63997,-33285,brushing
427503678,715,373,640,-38062,-63997,-33285,brushing
427518353,715,373,640,-36085,-68005,-33215,brushing
427520815,681,328,597,-36085,-68005,-33215,brushing
427537321,681,328,597,-32620,-63455,-28962,brushing
427538258,683,368,554,-32620,-63455,-28962,brushing
427555374,722,429,544,-32620,-63455,-28962,brushing
427556616,722,429,544,-30100,-55037,-21192,brushing
427572511,665,408,675,-30100,-55037,-21192,brushing
427575889,665,408,675,-25935,-59080,-12285,brushing
427589952,624,268,697,-25935,-59080,-12285,brushing
427595162,624,268,697,-16940,-73815,-7245,brushing
427607089,620,83,678,-16940,-73815,-7245,brushing
427614130,620,83,678,-6737,-72905,-7927,brushing
427624225,612,20,631,-6737,-72905,-7927,brushing
427633404,612,20,631,2450,-55492,-11900,brushing
427641362,562,-11,698,2450,-55492,-11900,brushing
427652677,562,-11,698,8312,-49595,-21280,brushing
427658803,475,-81,786,8312,-49595,-21280,brushing
427671645,475,-81,786,14455,-55475,-37117,brushing
427675939,476,-7,702,14455,-55475,-37117,brushing
427690919,476,-7,702,20790,-35017,-45657,brushing
427693076,515,188,635,20790,-35017,-45657,brushing
427710192,515,188,635,27160,13020,-39602,brushing
427710822,682,511,627,27160,13020,-39602,brushing
427727634,826,733,575,27160,13020,-39602,brushing
427729181,826,733,575,27947,35822,-24080,brushing
427744772,1016,860,483,27947,35822,-24080,brushing
427748456,1016,860,483,20615,28490,-2747,brushing
427761909,945,537,685,20615,28490,-2747,brushing
427767730,945,537,685,8242,-6807,13860,brushing
427779352,752,86,739,8242,-6807,13860,brushing
427787005,752,86,739,6720,-24570,15802,brushing
427796489,776,-6,606,6720,-24570,15802,brushing
427805974,776,-6,606,8837,12040,18637,brushing
427813626,849,175,521,8837,12040,18637,brushing
427825247,849,175,521,2467,32882,21000,brushing
427830762,806,187,470,2467,32882,21000,brushing
427844521,806,187,470,-8067,28577,18725,brushing
427848205,743,20,433,-8067,28577,18725,brushing
427863490,743,20,433,-13195,45097,14770,brushing
427865342,711,-77,413,-13195,45097,14770,brushing
427882459,741,111,315,-10937,90632,13422,brushing
427899894,799,422,236,-10937,90632,13422,brushing
427902051,799,422,236,-9607,133280,18847,brushing
427917032,803,744,316,-9607,133280,18847,brushing
427921021,803,744,316,-12862,154262,31535,brushing
427934168,713,953,408,-12862,154262,31535,brushing
427940294,713,953,408,-17080,151427,46847,brushing
427951305,676,1129,578,-17080,151427,46847,brushing
427959568,676,1129,578,-21735,148470,67165,brushing
427968747,479,995,893,-21735,148470,67165,brushing
427978841,479,995,893,-21332,106680,72047,brushing
427985883,194,587,1244,-21332,106680,72047,brushing
427997810,194,587,1244,-7647,37852,49665,brushing
428003020,-188,3,1549,-7647,37852,49665,brushing
428017084,-188,3,1549,24027,-14350,2922,brushing
428020462,-1,464,933,24027,-14350,2922,brushing
428036357,-1,464,933,40110,22277,-12425,brushing
428037599,471,1025,722,40110,22277,-12425,brushing
428054715,445,877,729,40110,22277,-12425,brushing
428055345,445,877,729,29627,-8907,-19967,brushing
428071852,409,453,681,29627,-8907,-19967,brushing
428074620,409,453,681,16800,-65117,-40565,brushing
428089294,413,314,651,16800,-65117,-40565,brushing
428093893,413,314,651,10587,-73395,-63577,brushing
428106430,479,468,596,10587,-73395,-63577,brushing
428112862,479,468,596,7665,-61092,-77665,brushing
428123568,557,417,554,7665,-61092,-77665,brushing
428132136,557,417,554,7472,-56630,-86835,brushing
428140704,724,563,474,7472,-56630,-86835,brushing
428151410,724,563,474,8435,-25935,-78890,brushing
428158146,899,696,498,8435,-25935,-78890,brushing
428170378,899,696,498,6860,-29260,-63962,brushing
428175283,1048,653,377,6860,-29260,-63962,brushing
428189652,1048,653,377,3500,-29470,-42787,brushing
428192419,1154,529,354,3500,-29470,-42787,brushing
428208924,1154,529,354,-525,-18585,-17815,brushing
428209861,1157,396,396,-525,-18585,-17815,brushing
428226978,941,89,606,-525,-18585,-17815,brushing
428227914,941,89,606,-1645,-16765,700,brushing
428244115,914,89,485,-1645,-16765,700,brushing
428247188,914,89,485,3605,-6650,9240,brushing
428261252,930,302,398,3605,-6650,9240,brushing
428266461,930,302,398,5127,23047,22207,brushing
428278694,904,542,316,5127,23047,22207,brushing
428285430,904,542,316,2380,37432,37835,brushing
428295831,826,644,312,2380,37432,37835,brushing
428304704,826,644,312,-2047,39095,53357,brushing
428312967,815,791,175,-2047,39095,53357,brushing
428323977,815,791,175,-9555,48755,70280,brushing
428330104,688,748,365,-9555,48755,70280,brushing
428342946,688,748,365,-19215,54267,79012,brushing
428347546,501,672,492,-19215,54267,79012,brushing
428362221,501,672,492,-25182,54285,75897,brushing
428364683,326,571,717,-25182,54285,75897,brushing
428381494,326,571,717,-22592,47617,58397,brushing
428382124,-53,239,1228,-22592,47617,58397,brushing
428398935,-369,22,1328,-22592,47617,58397,brushing
428400482,-369,22,1328,1820,14770,12880,brushing
428416378,101,1003,849,1820,14770,12880,brushing
428419756,101,1003,849,29172,43907,-15802,brushing
428433514,345,1286,945,29172,43907,-15802,brushing
428439031,345,1286,945,30397,16607,-19722,brushing
428450651,319,839,846,30397,16607,-19722,brushing
428458304,319,839,846,25427,-70157,-39777,brushing
428468094,404,472,712,25427,-70157,-39777,brushing
428477273,404,472,712,20632,-95637,-61670,brushing
428485231,501,383,604,20632,-95637,-61670,brushing
428496546,501,383,604,15260,-87640,-78435,brushing
428502366,613,317,579,15260,-87640,-78435,brushing
428515820,613,317,579,11042,-68775,-87832,brushing
428519504,747,474,443,11042,-68775,-87832,brushing
428534789,747,474,443,7717,-40915,-82337,brushing
428536947,947,671,360,7717,-40915,-82337,brushing
428554062,1094,682,279,1575,-30940,-65012,brushing
428571191,1230,615,166,1575,-30940,-65012,brushing
428573349,1230,615,166,-7595,-23835,-39550,brushing
428588634,1166,330,308,-7595,-23835,-39550,brushing
428592318,1166,330,308,-17097,-18025,-13475,brushing
428605771,891,-39,516,-17097,-18025,-13475,brushing
428611591,891,-39,516,-14122,-10587,-1050,brushing
428622908,902,47,370,-14122,-10587,-1050,brushing
428630866,902,47,370,-6107,26040,8942,brushing
428640044,894,366,235,-6107,26040,8942,brushing
428650138,894,366,235,-5040,56612,23205,brushing
428657485,848,617,148,-5040,56612,23205,brushing
428669106,848,617,148,-11007,68442,40250,brushing
428674621,793,779,74,-11007,68442,40250,brushing
428688379,793,779,74,-21262,81672,58100,brushing
428691757,688,858,228,-21262,81672,58100,brushing
428707652,688,858,228,-31237,86432,69142,brushing
428708893,498,791,511,-31237,86432,69142,brushing
428726315,373,816,710,-33845,83912,70717,brushing
428743443,119,645,1177,-33845,83912,70717,brushing
428745906,119,645,1177,-28105,67147,60025,brushing
428760580,-158,394,1433,-28105,67147,60025,brushing
428765179,-158,394,1433,-6107,23362,29242,brushing
428778022,-78,586,1181,-6107,23362,29242,brushing
428784147,-78,586,1181,23870,5145,-4532,brushing
428795157,290,1152,933,23870,5145,-4532,brushing
428803420,290,1152,933,33950,665,-12250,brushing
428812293,372,961,836,33950,665,-12250,brushing
428822694,372,961,836,27072,-61775,-26897,brushing
428829430,432,610,654,27072,-61775,-26897,brushing
428841662,432,610,654,16117,-86712,-44222,brushing
428846873,551,504,563,16117,-86712,-44222,brushing
428860936,551,504,563,3150,-93240,-59290,brushing
428864010,518,242,600,3150,-93240,-59290,brushing
428880210,518,242,600,-2555,-80780,-74620,brushing
428881147,599,242,493,-2555,-80780,-74620,brushing
428898568,704,465,448,-2555,-80780,-74620,brushing
428899504,704,465,448,-3447,-39812,-77787,brushing
428915704,888,710,408,-3447,-39812,-77787,brushing
428918473,888,710,408,-4550,-11847,-66570,brushing
428932842,1020,716,311,-4550,-11847,-66570,brushing
428937747,1020,716,311,-8907,-15242,-48422,brushing
428949979,1129,712,192,-8907,-15242,-48422,brushing
428957020,1129,712,192,-14560,-9887,-22225,brushing
428967420,1144,562,256,-14560,-9887,-22225,brushing
428975988,1144,562,256,-21507,-5267,5127,brushing
428984556,857,156,494,-21507,-5267,5127,brushing
428995262,857,156,494,-18637,-4462,16940,brushing
429001693,808,172,402,-18637,-4462,16940,brushing
429014535,808,172,402,-13160,25777,28682,brushing
429019134,812,394,402,-13160,25777,28682,brushing
429033808,812,394,402,-11077,42857,41615,brushing
429036270,820,569,298,-11077,42857,41615,brushing
429052775,820,569,298,-12267,49367,54197,brushing
429053405,730,580,342,-12267,49367,54197,brushing
429070827,660,655,245,-12267,49367,54197,brushing
429072069,660,655,245,-13405,55597,61687,brushing
429087965,609,891,330,-13405,55597,61687,brushing
429091343,609,891,330,-18095,85365,72642,brushing
429105101,484,1010,486,-18095,85365,72642,brushing
429110311,484,1010,486,-26425,88760,79082,brushing
429122238,312,953,750,-26425,88760,79082,brushing
429129585,312,953,750,-32340,68442,76650,brushing
429139679,47,683,1165,-32340,68442,76650,brushing
429148858,47,683,1165,-23240,37607,58922,brushing
429156816,-263,268,1571,-23240,37607,58922,brushing
429167827,-263,268,1571,6632,-3867,20580,brushing
429173953,-140,523,1161,6632,-3867,20580,brushing
429187101,-140,523,1161,32112,4305,-3867,brushing
429191396,261,1104,854,32112,4305,-3867,brushing
429206375,261,1104,854,27335,-28630,-13965,brushing
429208533,336,926,778,27335,-28630,-13965,brushing
429225649,366,594,590,15522,-94115,-33897,brushing
429242778,408,168,569,15522,-94115,-33897,brushing
429244631,408,168,569,6930,-115465,-56770,brushing
429260221,526,251,324,6930,-115465,-56770,brushing
429263905,526,251,324,6195,-66867,-69335,brushing
429277358,729,543,381,6195,-66867,-69335,brushing
429283178,729,543,381,4672,-12075,-65502,brushing
429294494,892,682,321,4672,-12075,-65502,brushing
429302147,892,682,321,2467,-8382,-54950,brushing
429311936,1074,692,208,2467,-8382,-54950,brushing
429321420,1074,692,208,-2940,-8505,-34702,brushing
429329073,1183,688,68,-2940,-8505,-34702,brushing
429340694,1183,688,68,-11427,5267,-5425,brushing
429346210,1128,542,189,-11427,5267,-5425,brushing
429359968,1128,542,189,-21175,6265,17570,brushing
429363347,867,127,353,-21175,6265,17570,brushing
429378937,867,127,353,-22102,16887,22662,brushing
429380789,813,28,251,-22102,16887,22662,brushing
429397905,840,302,224,-24605,63490,28402,brushing
429415034,828,542,252,-24605,63490,28402,brushing
429417497,828,542,252,-29382,88322,37170,brushing
429432475,784,687,286,-29382,88322,37170,brushing
429436464,784,687,286,-32760,95287,48965,brushing
429449612,739,847,221,-32760,95287,48965,brushing
429455739,739,847,221,-35822,100152,61897,brushing
429466750,628,900,398,-35822,100152,61897,brushing
429475013,628,900,398,-40232,107887,74322,brushing
429483887,472,951,548,-40232,107887,74322,brushing
429493981,472,951,548,-40880,104912,78715,brushing
429501329,351,983,758,-40880,104912,78715,brushing
429513254,351,983,758,-38377,90212,75705,brushing
429518464,227,936,934,-38377,90212,75705,brushing
429532528,227,936,934,-28997,64032,62825,brushing
429535602,-38,624,1331,-28997,64032,62825,brushing
429551803,-38,624,1331,-5687,20107,30975,brushing
429553044,-161,533,1364,-5687,20107,30975,brushing
429570160,69,819,956,-5687,20107,30975,brushing
429570790,69,819,956,18480,-8715,-1487,brushing
429587297,249,965,811,18480,-8715,-1487,brushing
429590065,249,965,811,23660,-22732,-17587,brushing
429604740,260,733,724,23660,-22732,-17587,brushing
429609340,260,733,724,17605,-73990,-39042,brushing
429621877,357,521,513,17605,-73990,-39042,brushing
429628309,357,521,513,11025,-87710,-59272,brushing
429639015,387,379,492,11025,-87710,-59272,brushing
429647584,387,379,492,8645,-62177,-74130,brushing
429656153,548,678,366,8645,-62177,-74130,brushing
429666858,548,678,366,6352,-24132,-73500,brushing
429673595,739,800,417,6352,-24132,-73500,brushing
429686132,739,800,417,2695,-27545,-66832,brushing
429690732,889,848,305,2695,-27545,-66832,brushing
429705101,889,848,305,-1137,-31150,-50522,brushing
429707869,1069,815,190,-1137,-31150,-50522,brushing
429724375,1069,815,190,-7350,-21945,-25165,brushing
429725005,1192,775,142,-7350,-21945,-25165,brushing
429742427,1074,493,355,-7350,-21945,-25165,brushing
429743668,1074,493,355,-15662,-16135,1557,brushing
429759563,913,286,369,-15662,-16135,1557,brushing
429762636,913,286,369,-15015,-15067,15715,brushing
429776699,871,379,323,-15015,-15067,15715,brushing
429781910,871,379,323,-12460,10797,30117,brushing
429794141,786,513,289,-12460,10797,30117,brushing
429801183,786,513,289,-12547,26897,43942,brushing
429811278,735,673,164,-12547,26897,43942,brushing
429820152,735,673,164,-15172,40075,58607,brushing
429828415,688,760,112,-15172,40075,58607,brushing
429839426,688,760,112,-20037,65030,73867,brushing
429845552,528,858,343,-20037,65030,73867,brushing
429858700,528,858,343,-23870,69107,81182,brushing
429862995,370,802,423,-23870,69107,81182,brushing
429877668,370,802,423,-25200,63315,78207,brushing
429880131,256,780,548,-25200,63315,78207,brushing
429896942,256,780,548,-23030,61950,67392,brushing
429897572,46,565,957,-23030,61950,67392,brushing
429914689,-232,220,1227,-23030,61950,67392,brushing
429916236,-232,220,1227,-8137,25077,33757,brushing
429931827,-32,510,830,-8137,25077,33757,brushing
429935206,-32,510,830,17430,22015,-5442,brushing
429948964,296,1171,764,17430,22015,-5442,brushing
429954480,296,1171,764,26512,59255,-9555,brushing
429966101,376,1131,861,26512,59255,-9555,brushing
429973753,376,1131,861,22470,-2415,-19250,brushing
429983542,406,790,780,22470,-2415,-19250,brushing
429993027,406,790,780,19775,-54110,-35157,brushing
430000680,471,608,726,19775,-54110,-35157,brushing
430011996,471,608,726,19617,-62860,-49122,brushing
430017817,496,509,719,19617,-62860,-49122,brushing
430031270,496,509,719,21822,-63892,-62055,brushing
430035259,609,639,548,21822,-63892,-62055,brushing
430050543,609,639,548,22890,-52762,-65870,brushing
430052396,746,714,390,22890,-52762,-65870,brushing
430069512,776,846,451,21857,-31657,-56787,brushing
430086946,875,890,329,21857,-31657,-56787,brushing
430088799,875,890,329,20877,-36942,-43942,brushing
430104084,990,807,266,20877,-36942,-43942,brushing
430108073,990,807,266,15907,-46427,-27020,brushing
430121221,1136,795,102,15907,-46427,-27020,brushing
430127346,1136,795,102,6912,-40145,-4795,brushing
430138357,1056,571,263,6912,-40145,-4795,brushing
430146315,1056,571,263,-2975,-44922,14332,brushing
430155798,881,284,290,-2975,-44922,14332,brushing
430165588,881,284,290,-3377,-39095,22540,brushing
430172935,868,330,184,-3377,-39095,22540,brushing
430184863,868,330,184,-3955,-5425,33827,brushing
430190072,806,522,140,-3955,-5425,33827,brushing
430204136,806,522,140,-9660,14175,46602,brushing
430207515,739,719,61,-9660,14175,46602,brushing
430223104,739,719,61,-20335,30065,61635,brushing
430224652,630,839,164,-20335,30065,61635,brushing
430241768,478,852,333,-20335,30065,61635,brushing
430242398,478,852,333,-29767,37327,73185,brushing
430259210,340,828,596,-29767,37327,73185,brushing
430261673,340,828,596,-33320,42035,78750,brushing
430276347,115,680,1061,-33320,42035,78750,brushing
430280641,115,680,1061,-27352,24360,71680,brushing
430293483,-157,275,1340,-27352,24360,71680,brushing
430299915,-157,275,1340,-3920,-23065,41037,brushing
430310621,-177,189,1212,-3920,-23065,41037,brushing
430319189,-177,189,1212,28787,-27825,5670,brushing
430328062,187,711,891,28787,-27825,5670,brushing
430338157,187,711,891,45447,-3150,-7945,brushing
430345200,319,913,812,45447,-3150,-7945,brushing
430357431,319,913,812,42822,-51835,-23712,brushing
430362337,359,707,644,42822,-51835,-23712,brushing
430376705,359,707,644,36190,-84507,-40407,brushing
430379778,515,559,494,36190,-84507,-40407,brushing
430395978,515,559,494,28735,-86485,-53742,brushing
430396915,540,411,607,28735,-86485,-53742,brushing
430414032,574,364,411,28735,-86485,-53742,brushing
430414968,574,364,411,25882,-88497,-67672,brushing
430431169,696,532,507,25882,-88497,-67672,brushing
430434241,696,532,507,22837,-61320,-69825,brushing
430448610,677,528,643,22837,-61320,-69825,brushing
430453515,677,528,643,23292,-79625,-72940,brushing
430465747,621,476,611,23292,-79625,-72940,brushing
430472483,621,476,611,30240,-114502,-80150,brushing
430482883,610,410,542,30240,-114502,-80150,brushing
430491757,610,410,542,39602,-124687,-82967,brushing
430500325,631,477,345,39602,-124687,-82967,brushing
430511031,631,477,345,48055,-88445,-71470,brushing
430517462,716,739,269,48055,-88445,-71470,brushing
430530305,716,739,269,46952,-61530,-49595,brushing
430534599,691,756,381,46952,-61530,-49595,brushing
430549273,691,756,381,42350,-90807,-42402,brushing
430551736,640,584,353,42350,-90807,-42402,brushing
430568546,640,584,353,39672,-91665,-36802,brushing
430569177,646,490,298,39672,-91665,-36802,brushing
430586292,644,478,320,39672,-91665,-36802,brushing
430587839,644,478,320,37957,-57417,-26617,brushing
430603428,617,473,375,37957,-57417,-26617,brushing
430606806,617,473,375,37485,-24797,-19687,brushing
430620870,593,472,438,37485,-24797,-19687,brushing
430626080,593,472,438,38132,-2432,-16100,brushing
430638007,579,461,499,38132,-2432,-16100,brushing
430645354,579,461,499,39550,9222,-15592,brushing
430655143,570,452,525,39550,9222,-15592,brushing
430664627,570,452,525,41107,17150,-17010,brushing
430672585,572,449,516,41107,17150,-17010,brushing
430683595,572,449,516,41282,30712,-18375,brushing
430689721,577,471,510,41282,30712,-18375,brushing
430702869,577,471,510,39427,44607,-20387,brushing
430706858,587,503,541,39427,44607,-20387,brushing
430722142,587,503,541,35490,48755,-23782,brushing
430723994,600,541,582,35490,48755,-23782,brushing
430741111,600,541,582,29207,41247,-28140,brushing
430741741,616,546,630,29207,41247,-28140,brushing
430758552,625,498,648,29207,41247,-28140,brushing
430760404,625,498,648,20527,22557,-35437,brushing
430775690,623,436,643,20527,22557,-35437,brushing
430779678,623,436,643,11865,3255,-45465,brushing
430793132,630,429,617,11865,3255,-45465,brushing
430798647,630,429,617,3832,-2922,-54197,brushing
430810268,618,474,601,3832,-2922,-54197,brushing
430817920,618,474,601,-2695,6020,-60200,brushing
430827405,598,548,582,-2695,6020,-60200,brushing
430837195,598,548,582,-7770,20807,-63227,brushing
430844542,575,639,573,-7770,20807,-63227,brushing
430856163,575,639,573,-10552,34947,-63805,brushing
430861984,557,739,552,-10552,34947,-63805,brushing
430875437,557,739,552,-12110,41877,-61897,brushing
430879120,553,845,536,-12110,41877,-61897,brushing
430894711,553,845,536,-13685,35192,-58362,brushing
430896257,555,924,519,-13685,35192,-58362,brushing
430913374,560,958,501,-16170,16257,-53847,brushing
430930807,561,919,494,-16170,16257,-53847,brushing
430932965,561,919,494,-18987,-5950,-49070,brushing
430947945,554,829,484,-18987,-5950,-49070,brushing
430952240,554,829,484,-20422,-20370,-44730,brushing
430965083,538,756,491,-20422,-20370,-44730,brushing
430971209,538,756,491,-20072,-21752,-41037,brushing
430982219,522,722,493,-20072,-21752,-41037,brushing
430990482,522,722,493,-18130,-15452,-37800,brushing
430999662,511,718,488,-18130,-15452,-37800,brushing
431009755,511,718,488,-15925,-8557,-34895,brushing
431016796,510,733,479,-15925,-8557,-34895,brushing
431029028,510,733,479,-14350,-4725,-31990,brushing
431033932,507,747,480,-14350,-4725,-31990,brushing
431047997,507,747,480,-13650,-4427,-29015,brushing
431051375,502,759,482,-13650,-4427,-29015,brushing
431067270,502,759,482,-13720,-5827,-25847,brushing
431068512,500,766,482,-13720,-5827,-25847,brushing
431085628,491,768,491,-13720,-5827,-25847,brushing
431086564,491,768,491,-14280,-5460,-21840,brushing
431102765,492,782,492,-14280,-5460,-21840,brushing
431105533,492,782,492,-15295,-3885,-17395,brushing
431120206,479,783,500,-15295,-3885,-17395,brushing
431124807,479,783,500,-17097,-2100,-12617,brushing
431137343,469,800,515,-17097,-2100,-12617,brushing
431144080,469,800,515,-19617,-3290,-8312,brushing
431154480,463,807,522,-19617,-3290,-8312,brushing
431163048,463,807,522,-22592,-6562,-3360,brushing
431171922,447,805,542,-22592,-6562,-3360,brushing
431182323,447,805,542,-25095,-9695,1575,brushing
431189059,436,806,562,-25095,-9695,1575,brushing
431201595,436,806,562,-26057,-10185,7525,brushing
431206195,427,813,585,-26057,-10185,7525,brushing
431220869,427,813,585,-25987,-10167,13195,brushing
431223332,420,818,594,-25987,-10167,13195,brushing
431239836,420,818,594,-25690,-12792,17395,brushing
431240773,418,833,605,-25690,-12792,17395,brushing
431257890,417,859,627,-25690,-12792,17395,brushing
431259132,417,859,627,-24657,-15750,21997,brushing
431275027,407,880,659,-24657,-15750,21997,brushing
431278405,407,880,659,-22890,-18882,28175,brushing
431292469,392,876,653,-22890,-18882,28175,brushing
431297373,392,876,653,-20685,-24080,35157,brushing
431309606,374,839,661,-20685,-24080,35157,brushing
431316648,374,839,661,-18532,-30520,40565,brushing
431326742,360,804,673,-18532,-30520,40565,brushing
431335921,360,804,673,-15452,-32532,46060,brushing
431344185,360,777,680,-15452,-32532,46060,brushing
431355196,360,777,680,-12460,-33827,50400,brushing
431361323,366,759,667,-12460,-33827,50400,brushing
431374164,366,759,667,-10657,-35350,53795,brushing
431378458,372,746,663,-10657,-35350,53795,brushing
431393438,372,746,663,-10045,-38605,56122,brushing
431395595,396,746,670,-10045,-38605,56122,brushing
431412711,396,746,670,-10902,-42822,58852,brushing
431413341,424,733,683,-10902,-42822,58852,brushing
431430153,446,713,692,-10902,-42822,58852,brushing
431431700,446,713,692,-12792,-48212,61005,brushing
431447290,471,695,701,-12792,-48212,61005,brushing
431450974,471,695,701,-15470,-52622,62282,brushing
431464427,495,706,728,-15470,-52622,62282,brushing
431470248,495,706,728,-19652,-55737,64645,brushing
431481869,525,712,750,-19652,-55737,64645,brushing
431489217,525,712,750,-25707,-61005,69527,brushing
431499006,562,704,778,-25707,-61005,69527,brushing
431508491,562,704,778,-33687,-70805,74252,brushing
431516143,587,701,826,-33687,-70805,74252,brushing
431527764,587,701,826,-40740,-83947,77612,brushing
431533585,577,668,855,-40740,-83947,77612,brushing
431546732,577,668,855,-44555,-96495,78960,brushing
431550722,552,658,842,-44555,-96495,78960,brushing
431566007,552,658,842,-44607,-102287,81900,brushing
431567860,491,615,825,-44607,-102287,81900,brushing
431584976,454,548,809,-43120,-104527,84210,brushing
431602410,410,512,806,-43120,-104527,84210,brushing
431604568,410,512,806,-41247,-108272,82092,brushing
431619546,362,490,818,-41247,-108272,82092,brushing
431623536,362,490,818,-38447,-113697,79187,brushing
431636683,321,446,787,-38447,-113697,79187,brushing
431642809,321,446,787,-33950,-118790,75862,brushing
431654125,301,379,729,-33950,-118790,75862,brushing
431662084,301,379,729,-30432,-121082,72187,brushing
431671262,270,291,695,-30432,-121082,72187,brushing
431681051,270,291,695,-29120,-123760,66605,brushing
431688399,231,178,683,-29120,-123760,66605,brushing
431700325,231,178,683,-27667,-121450,59237,brushing
431705536,210,61,650,-27667,-121450,59237,brushing
431719599,210,61,650,-26512,-109812,50295,brushing
431722978,208,-7,643,-26512,-109812,50295,brushing
431738568,208,-7,643,-25987,-95760,39200,brushing
431740114,220,-20,626,-25987,-95760,39200,brushing
431757231,227,-54,616,-25987,-95760,39200,brushing
431757861,227,-54,616,-28210,-88480,27335,brushing
431774367,223,-92,606,-28210,-88480,27335,brushing
431777135,223,-92,606,-33617,-91665,13702,brushing
431791808,229,-179,632,-33617,-91665,13702,brushing
431796102,229,-179,632,-41160,-102007,-857,brushing
431808944,227,-336,623,-41160,-102007,-857,brushing
431815376,227,-336,623,-45745,-91122,-11795,brushing
431826081,264,-438,600,-45745,-91122,-11795,brushing
431834650,264,-438,600,-47530,-42612,-19897,brushing
431843219,324,-285,727,-47530,-42612,-19897,brushing
431853619,324,-285,727,-47215,752,-27352,brushing
431860662,333,-128,888,-47215,752,-27352,brushing
431872892,333,-128,888,-44450,70,-34055,brushing
431877797,323,-89,990,-44450,70,-34055,brushing
431892166,323,-89,990,-40145,-24237,-40687,brushing
431894934,313,-126,957,-40145,-24237,-40687,brushing
431911135,313,-126,957,-34335,-31850,-42647,brushing
431912071,316,-115,911,-34335,-31850,-42647,brushing
431929493,318,-82,865,-34335,-31850,-42647,brushing
431930429,318,-82,865,-28525,-24920,-41072,brushing
431946631,280,-143,854,-28525,-24920,-41072,brushing
431949703,280,-143,854,-24342,-17552,-39427,brushing
431963767,210,-191,959,-24342,-17552,-39427,brushing
431968672,210,-191,959,-14350,11917,-36785,brushing
431980904,293,219,954,-14350,11917,-36785,brushing
431987947,293,219,954,-6475,37205,-24727,brushing
431998347,297,61,827,-6475,37205,-24727,brushing
432007221,297,61,827,-13562,-41790,-34317,brushing
432015483,252,-289,691,-13562,-41790,-34317,brushing
432026189,252,-289,691,-18445,-47267,-36995,brushing
432032621,269,-354,611,-18445,-47267,-36995,brushing
432045462,269,-354,611,-23922,1505,-35507,brushing
432049756,330,-267,550,-23922,1505,-35507,brushing
432064735,330,-267,550,-35735,53357,-32655,brushing
432067198,345,-44,566,-35735,53357,-32655,brushing
432083704,345,-44,566,-54915,73465,-28945,brushing
432084334,321,70,745,-54915,73465,-28945,brushing
432101450,307,248,843,-54915,73465,-28945,brushing
432102996,307,248,843,-73132,61250,-24290,brushing
432118892,249,143,907,-73132,61250,-24290,brushing
432122270,249,143,907,-89302,25935,-20562,brushing
432136029,73,-202,1316,-89302,25935,-20562,brushing
432141239,73,-202,1316,-87482,28612,-16135,brushing
432153166,-108,-232,1792,-87482,28612,-16135,brushing
432160513,-108,-232,1792,-54250,50575,-19862,brushing
432170304,-81,13,1939,-54250,50575,-19862,brushing
432179787,-81,13,1939,-14052,10342,-31395,brushing
432187745,9,162,1725,-14052,10342,-31395,brushing
432198755,9,162,1725,14910,-73395,-43400,brushing
432204880,97,169,1292,14910,-73395,-43400,brushing
432218028,97,169,1292,30415,-123602,-47285,brushing
432222018,127,83,1050,30415,-123602,-47285,brushing
432237302,127,83,1050,42612,-99802,-37310,brushing
432239154,257,210,633,42612,-99802,-37310,brushing
432256270,257,210,633,40582,-63770,-25042,brushing
432256900,204,-227,635,40582,-63770,-25042,brushing
432273712,315,58,233,40582,-63770,-25042,brushing
432275564,315,58,233,32357,-15050,-16030,brushing
432290848,369,-68,-51,32357,-15050,-16030,brushing
432294837,369,-68,-51,-13947,-25515,-13317,brushing
432307985,220,-509,52,-13947,-25515,-13317,brushing
432313806,220,-509,52,-53637,19915,-15785,brushing
432325427,58,-415,503,-53637,19915,-15785,brushing
432333080,58,-415,503,-70175,128695,-13352,brushing
432342564,35,195,854,-70175,128695,-13352,brushing
432352353,35,195,854,-79362,146632,-13912,brushing
432359701,105,512,1039,-79362,146632,-13912,brushing
432371322,105,512,1039,-93852,58922,-16555,brushing
432376837,-15,251,1453,-93852,58922,-16555,brushing
432390596,-15,251,1453,-67847,37397,-7035,brushing
432394280,-194,-58,2236,-67847,37397,-7035,brushing
432409869,-194,-58,2236,-7122,37082,-3045,brushing
432411416,-60,349,2152,-7122,37082,-3045,brushing
432428531,35,283,1667,34580,-69807,-14210,brushing
432445965,93,-59,1085,34580,-69807,-14210,brushing
432448123,93,-59,1085,50872,-156292,-25707,brushing
432463103,140,68,952,50872,-156292,-25707,brushing
432467397,140,68,952,63735,-119140,-19320,brushing
432480238,202,38,486,63735,-119140,-19320,brushing
432486670,202,38,486,60200,-76807,-7052,brushing
432497375,108,-391,743,60200,-76807,-7052,brushing
432505638,108,-391,743,56857,-8032,-2695,brushing
432514816,290,85,68,56857,-8032,-2695,brushing
432524912,290,85,68,28857,29662,7787,brushing
432531954,376,17,-52,28857,29662,7787,brushing
432544186,376,17,-52,-31622,14752,3080,brushing
432549090,262,-363,23,-31622,14752,3080,brushing
432563154,262,-363,23,-69335,106120,9380,brushing
432566227,51,-217,603,-69335,106120,9380,brushing
432582428,51,-217,603,-86415,172357,12250,brushing
432583670,89,568,657,-86415,172357,12250,brushing
432600785,-88,499,1534,-86415,172357,12250,brushing
432601416,-88,499,1534,-110530,75565,4602,brushing
432617922,-342,-66,2206,-110530,75565,4602,brushing
432620691,-342,-66,2206,-83702,36347,7787,brushing
432635059,-337,226,2377,-83702,36347,7787,brushing
432639963,-337,226,2377,-14105,36820,6247,brushing
432652501,-157,389,2050,-14105,36820,6247,brushing
432658931,-157,389,2050,37082,-80570,-11882,brushing
432669637,-30,138,1221,37082,-80570,-11882,brushing
432678205,-30,138,1221,58817,-168770,-26915,brushing
432686774,26,25,925,58817,-168770,-26915,brushing
432697479,26,25,925,70770,-124845,-19792,brushing
432703910,113,158,496,70770,-124845,-19792,brushing
432716753,113,158,496,68197,-72152,-8312,brushing
432721352,71,-350,629,68197,-72152,-8312,brushing
432735721,71,-350,629,67795,9012,-735,brushing
432738489,263,16,200,67795,9012,-735,brushing
432754995,263,16,200,24990,13282,8785,brushing
432755625,461,102,-237,24990,13282,8785,brushing
432773047,322,-364,-175,24990,13282,8785,brushing
432774289,322,-364,-175,-39532,16590,4637,brushing
432790185,88,-209,526,-39532,16590,4637,brushing
432793259,88,-209,526,-75197,134837,18952,brushing
432807322,24,441,701,-75197,134837,18952,brushing
432812532,24,441,701,-94237,145967,16940,brushing
432824457,-231,355,1783,-94237,145967,16940,brushing
432831804,-231,355,1783,-99575,55352,7507,brushing
432841899,-266,242,1750,-99575,55352,7507,brushing
432850773,-266,242,1750,-60340,16467,10587,brushing
432859037,-425,2,2467,-60340,16467,10587,brushing
432870048,-425,2,2467,13912,18112,7472,brushing
432876174,-215,492,2110,13912,18112,7472,brushing
432889322,-215,492,2110,65292,-81760,-5740,brushing
432893312,-115,340,1452,65292,-81760,-5740,brushing
432908291,-115,340,1452,88357,-154577,-16380,brushing
432910754,-28,122,960,88357,-154577,-16380,brushing
432927564,-28,122,960,95252,-126315,-13580,brushing
432928194,74,-139,399,95252,-126315,-13580,brushing
432945005,176,-463,498,95252,-126315,-13580,brushing
432946857,176,-463,498,86922,-35140,-7980,brushing
432962142,458,225,-103,86922,-35140,-7980,brushing
432965824,458,225,-103,60270,44765,8662,brushing
432979583,581,197,-316,60270,44765,8662,brushing
432985098,581,197,-316,-17465,2450,8557,brushing
432996720,244,-306,105,-17465,2450,8557,brushing
433004373,244,-306,105,-71032,58240,15365,brushing
433013858,-62,-208,832,-71032,58240,15365,brushing
433023342,-62,-208,832,-85015,118422,16467,brushing
433030995,-167,193,1061,-85015,118422,16467,brushing
433042617,-167,193,1061,-85155,64802,-875,brushing
433048437,-376,83,1538,-85155,64802,-875,brushing
433061890,-376,83,1538,-55912,21262,-15645,brushing
433065574,-378,-77,1588,-55912,21262,-15645,brushing
433080858,-378,-77,1588,-13020,16520,-27090,brushing
433082710,-291,33,1424,-13020,16520,-27090,brushing
433100132,-209,-40,1318,24780,15295,-36942,brushing
433117260,-167,20,1255,24780,15295,-36942,brushing
433119417,-167,20,1255,60147,39095,-42420,brushing
433134396,-22,342,1016,60147,39095,-42420,brushing
433138385,-22,342,1016,84052,59167,-36330,brushing
433151532,122,474,794,84052,59167,-36330,brushing
433157659,122,474,794,86502,49175,-25322,brushing
433168975,234,442,613,86502,49175,-25322,brushing
433176932,234,442,613,73465,43050,-12075,brushing
433186112,268,357,604,73465,43050,-12075,brushing
433196207,268,357,604,55632,54600,962,brushing
433203250,267,323,666,55632,54600,962,brushing
433215176,267,323,666,38412,60585,9047,brushing
433220386,248,308,764,38412,60585,9047,brushing
433234449,248,308,764,24797,56787,12180,brushing
433237827,223,224,845,24797,56787,12180,brushing
433253723,223,224,845,16397,56577,12145,brushing
433254964,186,199,937,16397,56577,12145,brushing
433272081,169,257,1007,16397,56577,12145,brushing
433272711,169,257,1007,14105,65432,13667,brushing
433289523,176,325,1037,14105,65432,13667,brushing
433291985,176,325,1037,15260,70525,16292,brushing
433306660,192,402,1047,15260,70525,16292,brushing
433311260,192,402,1047,17150,64855,17955,brushing
433323796,224,470,1025,17150,64855,17955,brushing
433330228,224,470,1025,18165,52097,19635,brushing
433340933,243,532,1026,18165,52097,19635,brushing
433349502,243,532,1026,18445,32322,21472,brushing
433358376,237,527,1076,18445,32322,21472,brushing
433368775,237,527,1076,20790,6492,22767,brushing
433375511,229,467,1076,20790,6492,22767,brushing
433387743,229,467,1076,25410,-10622,24115,brushing
433392649,213,430,1073,25410,-10622,24115,brushing
433407017,213,430,1073,31132,-18655,25917,brushing
433409785,208,392,1056,31132,-18655,25917,brushing
433426291,208,392,1056,36120,-24570,26547,brushing
433427227,217,366,1043,36120,-24570,26547,brushing
433444343,221,333,1006,36120,-24570,26547,brushing
433445279,221,333,1006,39917,-29575,26530,brushing
433461480,229,278,965,39917,-29575,26530,brushing
433464552,229,278,965,42455,-31500,25987,brushing
433478616,259,262,909,42455,-31500,25987,brushing
433483826,259,262,909,43522,-28945,23537,brushing
433496057,288,254,882,43522,-28945,23537,brushing
433502794,288,254,882,42630,-25112,20527,brushing
433513194,305,252,866,42630,-25112,20527,brushing
433522068,305,252,866,40460,-21647,17920,brushing
433530331,330,252,859,40460,-21647,17920,brushing
433541342,330,252,859,37940,-17850,15417,brushing
433547773,357,271,846,37940,-17850,15417,brushing
433560616,357,271,846,35280,-15907,13597,brushing
433564910,375,273,820,35280,-15907,13597,brushing
433579584,375,273,820,31097,-15050,12582,brushing
433582046,381,280,790,31097,-15050,12582,brushing
433598858,381,280,790,24937,-13755,12215,brushing
433599488,411,277,732,24937,-13755,12215,brushing
433616606,422,273,749,24937,-13755,12215,brushing
433618153,422,273,749,16782,-8960,13265,brushing
433633743,403,304,784,16782,-8960,13265,brushing
433637122,403,304,784,10220,-7175,13037,brushing
433650880,418,316,813,10220,-7175,13037,brushing
433656395,418,316,813,6265,-4270,15015,brushing
433668017,434,338,819,6265,-4270,15015,brushing
433675670,434,338,819,3167,1645,18252,brushing
433685459,423,359,829,3167,1645,18252,brushing
433694638,423,359,829,245,1732,21227,brushing
433702596,415,347,824,245,1732,21227,brushing
433713912,415,347,824,-3272,-2450,23432,brushing
433719734,391,312,820,-3272,-2450,23432,brushing
433733186,391,312,820,-6300,-1050,25900,brushing
433737175,373,295,821,-6300,-1050,25900,brushing
433752154,373,295,821,-9047,3132,27947,brushing
433754311,361,297,835,-9047,3132,27947,brushing
433771426,351,313,846,-11235,6387,29645,brushing
433788555,337,322,852,-11235,6387,29645,brushing
433790712,337,322,852,-13160,8190,31115,brushing
433805996,329,324,854,-13160,8190,31115,brushing
433809680,329,324,854,-15050,9415,31745,brushing
433823132,323,337,876,-15050,9415,31745,brushing
433828953,323,337,876,-16782,11147,31920,brushing
433840270,321,342,886,-16782,11147,31920,brushing
433848227,321,342,886,-18077,11900,31815,brushing
433857406,322,366,895,-18077,11900,31815,brushing
433867195,322,366,895,-19915,12180,31377,brushing
433874847,295,392,927,-19915,12180,31377,brushing
433886468,295,392,927,-20982,9292,31745,brushing
433891984,264,400,961,-20982,9292,31745,brushing
433905743,264,400,961,-20667,4970,33355,brushing
433909121,245,402,980,-20667,4970,33355,brushing
433924712,245,402,980,-19390,192,35175,brushing
433926258,229,401,989,-19390,192,35175,brushing
433943679,222,390,985,-17185,-5547,36785,brushing
433960807,220,372,992,-17185,-5547,36785,brushing
433963269,220,372,992,-14332,-11252,37765,brushing
433977944,220,342,989,-14332,-11252,37765,brushing
433982237,220,342,989,-10482,-16555,38342,brushing
433995386,219,357,1039,-10482,-16555,38342,brushing
434001512,219,357,1039,-5757,-22680,38465,brushing
434012523,204,409,1139,-5757,-22680,38465,brushing
434020785,204,409,1139,1767,-36137,40197,brushing
434029659,190,429,1195,1767,-36137,40197,brushing
434039753,190,429,1195,12810,-59517,42332,brushing
434046795,206,417,1187,12810,-59517,42332,brushing
434059026,206,417,1187,23905,-86327,44327,brushing
434064236,217,373,1155,23905,-86327,44327,brushing
434078300,217,373,1155,35595,-106067,45640,brushing
434081373,233,262,1082,35595,-106067,45640,brushing
434097574,233,262,1082,46200,-108202,44310,brushing
434098510,253,136,985,46200,-108202,44310,brushing
434115627,262,68,898,46200,-108202,44310,brushing
434116563,262,68,898,53427,-91192,41212,brushing
434133069,295,79,821,53427,-91192,41212,brushing
434135836,295,79,821,54967,-70157,37502,brushing
434150205,347,102,763,54967,-70157,37502,brushing
434155111,347,102,763,49787,-60532,33477,brushing
434167342,378,106,746,49787,-60532,33477,brushing
434174079,378,106,746,39357,-64102,28192,brushing
434184479,385,84,736,39357,-64102,28192,brushing
434193353,385,84,736,27230,-73045,21787,brushing
434201921,385,19,712,27230,-73045,21787,brushing
434212627,385,19,712,14612,-76632,15190,brushing
434219058,389,-45,689,14612,-76632,15190,brushing
434231594,389,-45,689,2957,-69317,8662,brushing
434236194,395,-77,702,2957,-69317,8662,brushing
434250868,395,-77,702,-7070,-54705,3762,brushing
434253331,391,-103,746,-7070,-54705,3762,brushing
434270142,391,-103,746,-14910,-38185,420,brushing
434270772,394,-106,794,-14910,-38185,420,brushing
434287888,405,-110,828,-14910,-38185,420,brushing
434289130,405,-110,828,-19425,-23362,-1872,brushing
434305025,415,-107,869,-19425,-23362,-1872,brushing
434308404,415,-107,869,-21210,-11060,-3815,brushing
434322163,414,-104,919,-21210,-11060,-3815,brushing
434327678,414,-104,919,-21157,-7420,-6842,brushing
434339606,436,-101,935,-21157,-7420,-6842,brushing
434346648,436,-101,935,-18515,-10692,-10202,brushing
434356742,468,-79,948,-18515,-10692,-10202,brushing
434365921,468,-79,948,-15207,-12250,-11725,brushing
434373880,478,-40,939,-15207,-12250,-11725,brushing
434384891,478,-40,939,-13090,-20912,-11340,brushing
434391016,477,-1,989,-13090,-20912,-11340,brushing
434404164,477,-1,989,-15155,-59360,-15120,brushing
434408458,413,-165,905,-15155,-59360,-15120,brushing
434423437,413,-165,905,-21455,-112402,-27457,brushing
434425595,399,-289,782,-21455,-112402,-27457,brushing
434442406,399,-289,782,-25025,-115062,-33495,brushing
434443036,384,-440,695,-25025,-115062,-33495,brushing
434459848,380,-432,699,-25025,-115062,-33495,brushing
434461700,380,-432,699,-24010,-66220,-35647,brushing
434477291,387,-284,567,-24010,-66220,-35647,brushing
434480974,387,-284,567,-24080,-5215,-33722,brushing
434494426,409,-156,381,-24080,-5215,-33722,brushing
434499941,409,-156,381,-38080,23572,-32970,brushing
434511563,389,-175,407,-38080,23572,-32970,brushing
434519216,389,-175,407,-61215,30450,-33477,brushing
434528700,369,-293,501,-61215,30450,-33477,brushing
434538490,369,-293,501,-81532,36592,-34912,brushing
434546142,284,-414,709,-81532,36592,-34912,brushing
434557458,284,-414,709,-92645,52412,-38395,brushing
434563278,181,-317,1054,-92645,52412,-38395,brushing
434576731,181,-317,1054,-87675,62002,-38342,brushing
434580416,255,45,1190,-87675,62002,-38342,brushing
434596005,255,45,1190,-83037,11480,-36575,brushing
434597552,290,-10,1215,-83037,11480,-36575,brushing
434614974,201,-288,1641,-62965,-6895,-31255,brushing
434632103,208,-42,1697,-62965,-6895,-31255,brushing
434634261,208,-42,1697,-25707,7805,-24465,brushing
434649241,245,65,1464,-25707,7805,-24465,brushing
434653536,245,65,1464,3220,-40197,-26547,brushing
434666378,275,-74,1088,3220,-40197,-26547,brushing
434672505,275,-74,1088,15242,-95655,-31132,brushing
434683821,265,-89,941,15242,-95655,-31132,brushing
434691779,265,-89,941,20650,-91385,-27842,brushing
434700958,281,-55,607,20650,-91385,-27842,brushing
434711053,281,-55,607,14052,-76387,-22977,brushing
434718095,226,-314,541,14052,-76387,-22977,brushing
434730021,226,-314,541,7332,-38745,-23782,brushing
434735231,159,-560,671,7332,-38745,-23782,brushing
434749294,159,-560,671,9082,40302,-20860,brushing
434752367,199,-281,648,9082,40302,-20860,brushing
434768566,199,-281,648,-4830,66010,-16747,brushing
434769808,353,72,371,-4830,66010,-16747,brushing
434786924,286,-166,522,-4830,66010,-16747,brushing
434787554,286,-166,522,-34387,29382,-20230,brushing
434804060,198,-302,619,-34387,29382,-20230,brushing
434806828,198,-302,619,-52850,46865,-18025,brushing
434821502,75,-196,939,-52850,46865,-18025,brushing
434826102,75,-196,939,-58695,86572,-16712,brushing
434838639,158,172,802,-58695,86572,-16712,brushing
434845070,158,172,802,-69195,59885,-18200,brushing
434855776,47,64,1293,-69195,59885,-18200,brushing
434864344,47,64,1293,-65047,35822,-13387,brushing
434872912,61,305,1212,-65047,35822,-13387,brushing
434883618,61,305,1212,-51292,-1750,-4620,brushing
434890354,-152,-90,1846,-51292,-1750,-4620,brushing
434902586,-152,-90,1846,-11147,-24482,-3797,brushing
434907491,-72,30,1660,-11147,-24482,-3797,brushing
434921860,-72,30,1660,23590,-62895,-5267,brushing
434924628,-27,-84,1344,23590,-62895,-5267,brushing
434941134,-27,-84,1344,44695,-103162,-14700,brushing
434941764,28,-191,1054,44695,-103162,-14700,brushing
434959185,97,-56,916,44695,-103162,-14700,brushing
434960122,97,-56,916,60270,-92872,-15050,brushing
434976323,211,-103,414,60270,-92872,-15050,brushing
434979395,211,-103,414,61390,-69912,-6982,brushing
434993458,156,-416,708,61390,-69912,-6982,brushing
434998668,156,-416,708,58397,-20440,-2397,brushing
435010594,337,103,241,58397,-20440,-2397,brushing
435017637,337,103,241,47337,26495,16030,brushing
435028037,425,100,215,47337,26495,16030,brushing
435036911,425,100,215,12442,16047,23502,brushing
435045175,313,-210,346,12442,16047,23502,brushing
435056186,313,-210,346,-10605,62755,32322,brushing
435062312,183,-207,877,-10605,62755,32322,brushing
435075154,183,-207,877,-20457,102760,36872,brushing
435079449,305,278,716,-20457,102760,36872,brushing
435094428,305,278,716,-39532,50907,32900,brushing
435096891,167,0,1327,-39532,50907,32900,brushing
435113702,167,0,1327,-25672,49472,32970,brushing
435114332,-64,-230,2123,-25672,49472,32970,brushing
435131142,-114,-1,2383,-25672,49472,32970,brushing
435132689,-114,-1,2383,20912,36242,25620,brushing
435148279,25,51,2118,20912,36242,25620,brushing
435151962,25,51,2118,62160,-61005,6667,brushing
435165720,163,8,1508,62160,-61005,6667,brushing
435171236,163,8,1508,82565,-133682,-7017,brushing
435182857,287,-28,1025,82565,-133682,-7017,brushing
435190205,287,-28,1025,84787,-126105,-4865,brushing
435199995,406,-7,634,84787,-126105,-4865,brushing
435209480,406,-7,634,70997,-88305,5775,brushing
435217438,405,-300,447,70997,-88305,5775,brushing
435228753,405,-300,447,49227,-50347,9047,brushing
435234573,370,-246,445,49227,-50347,9047,brushing
435247721,370,-246,445,21280,-18410,18497,brushing
435251710,519,-8,-99,21280,-18410,18497,brushing
435266995,519,-8,-99,-24412,-16625,18742,brushing
435268847,360,-447,70,-24412,-16625,18742,brushing
435286269,191,-437,346,-52657,56542,23712,brushing
435303398,43,-170,887,-52657,56542,23712,brushing
435305250,43,-170,887,-62422,110687,21402,brushing
435320534,137,102,753,-62422,110687,21402,brushing
435324523,137,102,753,-75880,42560,9152,brushing
435337976,-51,-245,1263,-75880,42560,9152,brushing
435343797,-51,-245,1263,-62930,20772,3920,brushing
435355113,-56,-195,1569,-62930,20772,3920,brushing
435362765,-56,-195,1569,-27142,29225,3710,brushing
435372249,-56,-74,1658,-27142,29225,3710,brushing
435382038,-56,-74,1658,14385,8890,-490,brushing
435389386,57,-29,1357,14385,8890,-490,brushing
435401311,57,-29,1357,41125,-29732,-4865,brushing
435406827,100,-190,1119,41125,-29732,-4865,brushing
435420280,100,-190,1119,57365,-22925,-3220,brushing
435423964,156,-239,981,57365,-22925,-3220,brushing
435439554,156,-239,981,64277,1627,-665,brushing
435441101,185,-222,922,64277,1627,-665,brushing
435458217,240,-143,794,64277,1627,-665,brushing
435458848,240,-143,794,61880,13527,245,brushing
435475660,280,-127,738,61880,13527,245,brushing
435477817,280,-127,738,50575,14507,507,brushing
435492796,287,-127,735,50575,14507,507,brushing
435497091,287,-127,735,36732,16205,385,brushing
435509933,288,-103,747,36732,16205,385,brushing
435516364,288,-103,747,23695,21857,875,brushing
435527070,279,-108,782,23695,21857,875,brushing
435535333,279,-108,782,12897,26320,-140,brushing
435544512,264,-85,841,12897,26320,-140,brushing
435554607,264,-85,841,6510,29680,-1347,brushing
435561649,260,-25,918,6510,29680,-1347,brushing
435573881,260,-25,918,4970,33320,-385,brushing
435578786,279,-14,938,4970,33320,-385,brushing
435593155,279,-14,938,5740,34160,-35,brushing
435595923,303,2,944,5740,34160,-35,brushing
435612124,303,2,944,7140,35262,1627,brushing
435613365,328,38,959,7140,35262,1627,brushing
435630481,334,82,1007,7140,35262,1627,brushing
435631416,334,82,1007,8155,30590,4305,brushing
435647617,326,94,1049,8155,30590,4305,brushing
435650690,326,94,1049,10692,19022,7962,brushing
435665058,337,81,1031,10692,19022,7962,brushing
435669658,337,81,1031,14070,7227,12022,brushing
435682196,356,64,998,14070,7227,12022,brushing
435688933,356,64,998,16240,-1242,16135,brushing
435699333,364,42,955,16240,-1242,16135,brushing
435708206,364,42,955,16415,-7122,19775,brushing
435716470,385,47,915,16415,-7122,19775,brushing
435727175,385,47,915,15435,-9327,24185,brushing
435733912,378,21,934,15435,-9327,24185,brushing
435746449,378,21,934,15120,-14752,27142,brushing
435751048,362,-31,965,15120,-14752,27142,brushing
435765723,362,-31,965,16905,-16642,28577,brushing
435768185,358,-65,966,16905,-16642,28577,brushing
435784691,358,-65,966,19320,-13405,29155,brushing
435785321,370,-69,947,19320,-13405,29155,brushing
435802744,377,-59,939,19320,-13405,29155,brushing
435803985,377,-59,939,19950,-11077,28332,brushing
435819880,373,-35,937,19950,-11077,28332,brushing
435823259,373,-35,937,18795,-9310,26547,brushing
435837016,370,-20,963,18795,-9310,26547,brushing
435842227,370,-20,963,16625,-9170,24342,brushing
435854154,356,-16,1003,16625,-9170,24342,brushing
435861501,356,-16,1003,14175,-10587,22015,brushing
435871596,338,-18,1027,14175,-10587,22015,brushing
435880775,338,-18,1027,12250,-10412,19337,brushing
435888732,333,-8,1036,12250,-10412,19337,brushing
435899743,333,-8,1036,9730,-10062,16082,brushing
435905869,317,0,1047,9730,-10062,16082,brushing
435919017,317,0,1047,6317,-11882,12215,brushing
435923311,312,-2,1050,6317,-11882,12215,brushing
435938291,312,-2,1050,2135,-14682,7822,brushing
435940448,312,-1,1045,2135,-14682,7822,brushing
435957258,312,-1,1045,-2660,-19075,3710,brushing
435957889,312,-11,1023,-2660,-19075,3710,brushing
435974700,317,-26,994,-2660,-19075,3710,brushing
435976552,317,-26,994,-7717,-23730,-262,brushing
435992141,326,-50,956,-7717,-23730,-262,brushing
435995825,326,-50,956,-12565,-27230,-4095,brushing
436009278,322,-68,936,-12565,-27230,-4095,brushing
436014793,322,-68,936,-16537,-29365,-7122,brushing
436026414,313,-86,922,-16537,-29365,-7122,brushing
436034066,313,-86,922,-18427,-30047,-8942,brushing
436043550,309,-87,920,-18427,-30047,-8942,brushing
436053340,309,-87,920,-18392,-30292,-9590,brushing
436060993,305,-94,915,-18392,-30292,-9590,brushing
436072615,305,-94,915,-16870,-31307,-9467,brushing
436078131,306,-102,897,-16870,-31307,-9467,brushing
436091584,306,-102,897,-14612,-31745,-8417,brushing
436095267,297,-117,898,-14612,-31745,-8417,brushing
436110857,297,-117,898,-11637,-32970,-7157,brushing
436112708,284,-146,889,-11637,-32970,-7157,brushing
436129826,262,-161,878,-7857,-31745,-5862,brushing
436146954,242,-167,874,-7857,-31745,-5862,brushing
436149111,242,-167,874,-4217,-28787,-4340,brushing
436164091,233,-176,871,-4217,-28787,-4340,brushing
436168385,233,-176,871,-647,-26162,-2870,brushing
436181532,235,-181,848,-647,-26162,-2870,brushing
436187659,235,-181,848,2467,-22872,-1837,brushing
436198669,233,-201,838,2467,-22872,-1837,brushing
436206627,233,-201,838,4252,-19792,-2292,brushing
436215806,219,-224,863,4252,-19792,-2292,brushing
436225901,219,-224,863,5337,-17762,-4987,brushing
436232943,216,-183,900,5337,-17762,-4987,brushing
436245175,216,-183,900,8522,-13825,-5320,brushing
436250386,233,-121,889,8522,-13825,-5320,brushing
436264143,233,-121,889,10815,-9380,-3500,brushing
436267521,258,-83,873,10815,-9380,-3500,brushing
436283416,258,-83,873,10027,-12057,-3377,brushing
436284658,254,-127,872,10027,-12057,-3377,brushing
436302080,251,-191,900,10027,-12057,-3377,brushing
436302711,251,-191,900,8102,-17010,-6072,brushing
436319217,250,-211,930,8102,-17010,-6072,brushing
436321680,250,-211,930,7280,-17062,-10167,brushing
436336354,260,-214,931,7280,-17062,-10167,brushing
436340953,260,-214,931,7052,-13807,-14105,brushing
436353490,287,-210,909,7052,-13807,-14105,brushing
436360226,287,-210,909,5635,-10762,-17850,brushing
436370626,302,-202,903,5635,-10762,-17850,brushing
436379195,302,-202,903,3132,-9065,-21017,brushing
436388068,326,-180,907,3132,-9065,-21017,brushing
436398468,326,-180,907,245,-10027,-23450,brushing
436405205,342,-189,912,245,-10027,-23450,brushing
436417742,342,-189,912,-2677,-16030,-26635,brushing
436422342,342,-242,917,-2677,-16030,-26635,brushing
436436711,342,-242,917,-4637,-20895,-30030,brushing
436439479,348,-251,896,-4637,-20895,-30030,brushing
436455984,348,-251,896,-6527,-15942,-31587,brushing
436456920,366,-245,877,-6527,-15942,-31587,brushing
436474037,357,-248,927,-6527,-15942,-31587,brushing
436475279,357,-248,927,-9100,-14647,-33057,brushing
436491174,370,-224,849,-9100,-14647,-33057,brushing
436494247,370,-224,849,-11445,-17517,-34160,brushing
436508616,405,-214,847,-11445,-17517,-34160,brushing
436513521,405,-214,847,-14665,-4095,-30345,brushing
436525752,405,-216,900,-14665,-4095,-30345,brushing
436532794,405,-216,900,-18357,-3080,-28612,brushing
436542888,412,-208,902,-18357,-3080,-28612,brushing
436551763,412,-208,902,-20580,-6615,-25270,brushing
436560025,410,-241,882,-20580,-6615,-25270,brushing
436571036,410,-241,882,-22750,-7560,-20685,brushing
436577467,395,-241,882,-22750,-7560,-20685,brushing
436590310,395,-241,882,-22190,-1820,-13107,brushing
436594605,406,-223,879,-22190,-1820,-13107,brushing
436609584,406,-223,879,-20685,4672,-4830,brushing
436611741,390,-190,891,-20685,4672,-4830,brushing
436628551,390,-190,891,-18690,2905,2502,brushing
436629182,337,-201,886,-18690,2905,2502,brushing
436646298,260,-308,883,-18690,2905,2502,brushing
436647844,260,-308,883,-14945,-805,6527,brushing
436663434,229,-287,927,-14945,-805,6527,brushing
436667118,229,-287,927,-6510,15680,10412,brushing
436680571,231,-154,964,-6510,15680,10412,brushing
436686086,231,-154,964,2800,32707,14717,brushing
436698013,196,-98,985,2800,32707,14717,brushing
436705360,196,-98,985,9677,28997,15907,brushing
436715149,124,-124,969,9677,28997,15907,brushing
436724633,124,-124,969,14227,13142,11357,brushing
436732285,11,-287,1017,14227,13142,11357,brushing
436743601,11,-287,1017,17220,-10622,-3990,brushing
436749422,-11,-371,958,17220,-10622,-3990,brushing
436762874,-11,-371,958,21332,-15330,-22085,brushing
436766862,109,-284,892,21332,-15330,-22085,brushing
436782146,109,-284,892,26267,31552,-24885,brushing
436783998,163,-11,900,26267,31552,-24885,brushing
436801115,157,172,1007,25655,64610,-20545,brushing
436818549,129,163,1008,25655,64610,-20545,brushing
436820402,129,163,1008,19460,43522,-22680,brushing
436835688,132,42,940,19460,43522,-22680,brushing
436839676,132,42,940,12547,20317,-27300,brushing
436852824,167,-58,896,12547,20317,-27300,brushing
436858645,167,-58,896,7420,25865,-30835,brushing
436869961,166,-81,998,7420,25865,-30835,brushing
436877919,166,-81,998,5547,34387,-37345,brushing
436887404,160,-41,1095,5547,34387,-37345,brushing
436897194,160,-41,1095,7157,22365,-48212,brushing
436904541,196,9,1025,7157,22365,-48212,brushing
436916468,196,9,1025,8960,1522,-58415,brushing
436921678,241,57,965,8960,1522,-58415,brushing
436935436,241,57,965,10342,-18130,-64470,brushing
436938815,245,-4,948,10342,-18130,-64470,brushing
436954711,245,-4,948,12827,-23660,-66412,brushing
436956258,301,57,919,12827,-23660,-66412,brushing
436973375,336,52,925,12827,-23660,-66412,brushing
436974005,336,52,925,14647,-30712,-66167,brushing
436990512,388,45,900,14647,-30712,-66167,brushing
436992975,388,45,900,16800,-43925,-65170,brushing
437007954,428,-52,837,16800,-43925,-65170,brushing
437012248,428,-52,837,19005,-49175,-61197,brushing
437025090,487,-103,782,19005,-49175,-61197,brushing
437031522,487,-103,782,20055,-38080,-54232,brushing
437042226,571,-85,716,20055,-38080,-54232,brushing
437050489,571,-85,716,19600,-21787,-43907,brushing
437059362,683,-117,714,19600,-21787,-43907,brushing
437069763,683,-117,714,17237,-9572,-29872,brushing
437076804,686,-221,699,17237,-9572,-29872,brushing
437089036,686,-221,699,16467,7000,-15855,brushing
437093941,689,-324,742,16467,7000,-15855,brushing
437108308,689,-324,742,16380,23310,-5792,brushing
437111077,534,-457,814,16380,23310,-5792,brushing
437127277,534,-457,814,19950,42682,-2415,brushing
437128518,576,-301,770,19950,42682,-2415,brushing
437145635,630,0,747,19950,42682,-2415,brushing
437146571,630,0,747,23327,71645,7140,brushing
437162772,639,211,744,23327,71645,7140,brushing
437165845,639,211,744,24465,87885,22697,brushing
437179909,585,313,798,24465,87885,22697,brushing
437184813,585,313,798,23642,94307,39935,brushing
437197351,483,358,788,23642,94307,39935,brushing
437204088,483,358,788,19932,83930,50417,brushing
437214489,463,423,804,19932,83930,50417,brushing
437223363,463,423,804,15120,89495,61337,brushing
437231625,360,397,913,15120,89495,61337,brushing
437242331,360,397,913,9887,85207,65835,brushing
437249068,222,301,986,9887,85207,65835,brushing
437261606,222,301,986,7052,69947,59342,brushing
437266206,90,130,1106,7052,69947,59342,brushing
437280880,90,130,1106,9310,56612,42192,brushing
437283343,21,105,1153,9310,56612,42192,brushing
437299849,21,105,1153,17342,56682,21700,brushing
437300479,69,305,1163,17342,56682,21700,brushing
437317900,128,501,1175,17342,56682,21700,brushing
437319142,128,501,1175,23485,45412,6667,brushing
437335037,243,582,1117,23485,45412,6667,brushing
437338415,243,582,1117,25515,18270,-2800,brushing
437352174,299,477,1112,25515,18270,-2800,brushing
437357385,299,477,1112,23607,-11270,-10027,brushing
437369310,324,330,1085,23607,-11270,-10027,brushing
437376658,324,330,1085,21210,-28630,-18270,brushing
437386753,355,265,1089,21210,-28630,-18270,brushing
437395930,355,265,1089,19197,-35630,-27090,brushing
437403888,386,237,1059,19197,-35630,-27090,brushing
437414900,386,237,1059,17395,-39515,-34457,brushing
437421026,415,225,1058,17395,-39515,-34457,brushing
437434173,415,225,1058,15715,-48352,-40810,brushing
437438163,411,159,1009,15715,-48352,-40810,brushing
437453447,411,159,1009,13492,-59815,-48317,brushing
437455605,394,78,959,13492,-59815,-48317,brushing
437472722,371,11,906,10500,-65712,-55387,brushing
437489851,411,3,817,10500,-65712,-55387,brushing
437491704,411,3,817,7087,-64295,-60760,brushing
437507294,433,-20,773,7087,-64295,-60760,brushing
437510977,433,-20,773,1715,-57032,-63472,brushing
437524429,465,8,725,1715,-57032,-63472,brushing
437530250,465,8,725,-2327,-41195,-63332,brushing
437541565,525,71,768,-2327,-41195,-63332,brushing
437549218,525,71,768,-3622,-24657,-57662,brushing
437559008,577,90,765,-3622,-24657,-57662,brushing
437568492,577,90,765,-1802,-18305,-48300,brushing
437576145,717,162,688,-1802,-18305,-48300,brushing
437587765,717,162,688,-1067,-9905,-30695,brushing
437593281,800,159,638,-1067,-9905,-30695,brushing
437606733,800,159,638,-1960,-4060,-9152,brushing
437610418,693,-93,742,-1960,-4060,-9152,brushing
437626006,693,-93,742,1330,927,3027,brushing
437627859,579,-279,726,1330,927,3027,brushing
437644975,603,-150,672,8645,29067,11077,brushing
437662105,579,43,655,8645,29067,11077,brushing
437664262,579,43,655,13072,51765,20895,brushing
437679242,549,190,631,13072,51765,20895,brushing
437683536,549,190,631,15120,59185,30642,brushing
437696683,592,454,557,15120,59185,30642,brushing
437702809,592,454,557,15382,70455,46305,brushing
437713820,591,520,587,15382,70455,46305,brushing
437722084,591,520,587,12985,73832,63997,brushing
437730957,498,465,680,12985,73832,63997,brushing
437741052,498,465,680,9695,67427,74602,brushing
437748399,349,299,821,9695,67427,74602,brushing
437760325,349,299,821,10272,58135,72187,brushing
437765535,-3,-166,1186,10272,58135,72187,brushing
437779599,-3,-166,1186,20230,33757,41037,brushing
437782672,-197,-272,1101,20230,33757,41037,brushing
437798568,-197,-272,1101,34685,65152,11900,brushing
437799809,224,564,907,34685,65152,11900,brushing
437817230,401,973,1025,34685,65152,11900,brushing
437817861,401,973,1025,32182,72590,10780,brushing
437834367,319,591,1016,32182,72590,10780,brushing
437837135,319,591,1016,21157,2887,5967,brushing
437851503,348,275,1060,21157,2887,5967,brushing
437856104,348,275,1060,16240,-21840,-4515,brushing
437868946,338,74,1086,16240,-21840,-4515,brushing
437875377,338,74,1086,16310,-28875,-22767,brushing
437886081,353,85,1004,16310,-28875,-22767,brushing
437894649,353,85,1004,17797,-28472,-41142,brushing
437903217,438,178,935,17797,-28472,-41142,brushing
437913922,438,178,935,14490,-28997,-53130,brushing
437920354,449,164,896,14490,-28997,-53130,brushing
437932891,449,164,896,12250,-25060,-62580,brushing
437937796,471,202,899,12250,-25060,-62580,brushing
437952165,471,202,899,14612,-8995,-64592,brushing
437954934,611,384,868,14612,-8995,-64592,brushing
437971440,611,384,868,16327,910,-55282,brushing
437972070,772,548,810,16327,910,-55282,brushing
437989493,880,563,750,16327,910,-55282,brushing
437990430,880,563,750,14700,-5022,-36032,brushing
438006631,1057,510,616,14700,-5022,-36032,brushing
438009705,1057,510,616,10045,-11707,-10010,brushing
438023767,1050,254,663,10045,-11707,-10010,brushing
438028978,1050,254,663,2467,-16922,18147,brushing
438040905,799,-141,739,2467,-16922,18147,brushing
438048252,799,-141,739,1662,-18007,31535,brushing
438058346,763,-153,725,1662,-18007,31535,brushing
438067220,763,-153,725,5232,6842,38990,brushing
438075483,724,68,708,5232,6842,38990,brushing
438086493,724,68,708,7262,22137,46900,brushing
438092620,722,315,618,7262,22137,46900,brushing
438105766,722,315,618,6895,34527,61110,brushing
438110059,756,596,546,6895,34527,61110,brushing
438124733,756,596,546,2607,36750,80220,brushing
438127196,670,589,562,2607,36750,80220,brushing
438144007,670,589,562,-1732,35892,95410,brushing
438144637,581,499,614,-1732,35892,95410,brushing
438161447,436,355,676,-1732,35892,95410,brushing
438163300,436,355,676,-6352,31482,100275,brushing
438178890,304,204,760,-6352,31482,100275,brushing
438182269,304,204,760,-9835,33477,94430,brushing
438196028,118,55,958,-9835,33477,94430,brushing
438201543,118,55,958,-10955,34842,76422,brushing
438213165,-48,-22,1094,-10955,34842,76422,brushing
438220817,-48,-22,1094,-7052,24640,45307,brushing
438230302,-32,204,998,-7052,24640,45307,brushing
438239786,-32,204,998,-332,24062,15417,brushing
438247744,358,727,892,-332,24062,15417,brushing
438259059,358,727,892,-3780,19442,9695,brushing
438264880,350,650,918,-3780,19442,9695,brushing
438278333,350,650,918,-11060,-22890,1697,brushing
438282017,307,250,963,-11060,-22890,1697,brushing
438297301,307,250,963,-9992,-37222,-13125,brushing
438299154,273,-34,1039,-9992,-37222,-13125,brushing
438316576,216,-101,1033,-3045,-37660,-34107,brushing
438333705,387,122,904,-3045,-37660,-34107,brushing
438335862,387,122,904,4550,-28647,-52027,brushing
438350841,458,277,897,4550,-28647,-52027,brushing
438354829,458,277,897,6510,-28140,-59062,brushing
438368282,614,357,748,6510,-28140,-59062,brushing
438374103,614,357,748,8242,-24010,-56542,brushing
438385419,771,403,774,8242,-24010,-56542,brushing
438393376,771,403,774,10325,-6737,-41545,brushing
438402556,923,406,671,10325,-6737,-41545,brushing
438412345,923,406,671,11025,-2065,-21402,brushing
438419691,1064,338,703,11025,-2065,-21402,brushing
438431617,1064,338,703,8382,-7507,2485,brushing
438436827,1040,183,629,8382,-7507,2485,brushing
438450891,1040,183,629,7420,-6877,22977,brushing
438454269,850,-56,761,7420,-6877,22977,brushing
438469859,850,-56,761,11462,3535,36032,brushing
438471405,833,22,670,11462,3535,36032,brushing
438488522,793,136,662,11462,3535,36032,brushing
438489152,793,136,662,13615,20107,50102,brushing
438505964,784,333,531,13615,20107,50102,brushing
438508426,784,333,531,12687,27317,63525,brushing
438523101,733,412,476,12687,27317,63525,brushing
438527395,733,412,476,7892,38727,80272,brushing
438540237,659,399,504,7892,38727,80272,brushing
438546668,659,399,504,17,54477,93415,brushing
438557373,522,408,515,17,54477,93415,brushing
438565942,522,408,515,-11357,59990,98227,brushing
438574815,362,268,736,-11357,59990,98227,brushing
438585216,362,268,736,-18602,66062,93817,brushing
438591954,108,153,1051,-18602,66062,93817,brushing
438604186,108,153,1051,-15190,49980,71102,brushing
438609091,-190,-114,1289,-15190,49980,71102,brushing
438623460,-190,-114,1289,1207,36347,33530,brushing
438626227,-141,239,1104,1207,36347,33530,brushing
438642733,-141,239,1104,12355,34650,8785,brushing
438643670,386,766,979,12355,34650,8785,brushing
438660785,240,553,976,12355,34650,8785,brushing
438661722,240,553,976,8855,-4515,332,brushing
438677922,238,184,941,8855,-4515,332,brushing
438680996,238,184,941,6265,-39322,-16397,brushing
438695365,242,59,948,6265,-39322,-16397,brushing
438700270,242,59,948,8347,-41562,-37275,brushing
438712502,348,103,823,8347,-41562,-37275,brushing
438719238,348,103,823,8890,-44467,-57925,brushing
438729638,408,45,778,8890,-44467,-57925,brushing
438738511,408,45,778,9712,-40950,-73360,brushing
438746775,548,149,734,9712,-40950,-73360,brushing
438757786,548,149,734,14822,-10640,-75215,brushing
438764217,745,331,739,14822,-10640,-75215,brushing
438776753,745,331,739,19337,-210,-66045,brushing
438781352,886,379,679,19337,-210,-66045,brushing
438796027,886,379,679,22137,-717,-47792,brushing
438798490,1071,408,532,22137,-717,-47792,brushing
438815301,1071,408,532,19757,3517,-20020,brushing
438815931,1182,377,492,19757,3517,-20020,brushing
438833047,1068,156,601,19757,3517,-20020,brushing
438834289,1068,156,601,13912,2152,8382,brushing
438850185,894,-1,636,13912,2152,8382,brushing
438853564,894,-1,636,12232,4182,26250,brushing
438867322,840,20,722,12232,4182,26250,brushing
438872837,840,20,722,15015,22627,40075,brushing
438884763,830,247,602,15015,22627,40075,brushing
438892110,830,247,602,18900,33285,51205,brushing
438901899,820,414,554,18900,33285,51205,brushing
438911079,820,414,554,18585,40040,66605,brushing
438919037,814,507,429,18585,40040,66605,brushing
438930353,814,507,429,13212,47600,81392,brushing
438936173,714,470,430,13212,47600,81392,brushing
438949626,714,470,430,2852,62282,89950,brushing
438953615,580,372,509,2852,62282,89950,brushing
438968594,580,372,509,-10552,65975,85557,brushing
438970752,376,247,760,-10552,65975,85557,brushing
438987866,184,187,976,-16240,64330,69405,brushing
439005301,1,96,1204,-16240,64330,69405,brushing
439007152,1,96,1204,-9817,57207,41545,brushing
439022437,134,498,1088,-9817,57207,41545,brushing
439026120,134,498,1088,2100,41965,9590,brushing
439039574,399,731,1055,2100,41965,9590,brushing
439045395,399,731,1055,6072,16817,-5057,brushing
439056711,370,534,999,6072,16817,-5057,brushing
439064669,370,534,999,4410,-25620,-19022,brushing
439074153,384,252,971,4410,-25620,-19022,brushing
439083943,384,252,971,4550,-43610,-36575,brushing
439091290,421,226,895,4550,-43610,-36575,brushing
439102912,421,226,895,4007,-48475,-52972,brushing
439108428,549,267,742,4007,-48475,-52972,brushing
439122186,549,267,742,87,-52780,-65170,brushing
439125869,578,131,742,87,-52780,-65170,brushing
439141459,578,131,742,2205,-31640,-69090,brushing
439143005,747,278,664,2205,-31640,-69090,brushing
439160122,985,426,613,4200,-8015,-59447,brushing
439177557,1106,440,566,4200,-8015,-59447,brushing
439179715,1106,440,566,3587,-1977,-39042,brushing
439194694,1213,442,432,3587,-1977,-39042,brushing
439198989,1213,442,432,210,-875,-11672,brushing
439211831,1117,194,597,210,-875,-11672,brushing
439218262,1117,194,597,-5792,-3307,15312,brushing
439228968,862,-70,640,-5792,-3307,15312,brushing
439237231,862,-70,640,-4112,-2555,26215,brushing
439246410,890,13,488,-4112,-2555,26215,brushing
439256505,890,13,488,-962,28735,37327,brushing
439263547,943,268,374,-962,28735,37327,brushing
439275779,943,268,374,-4182,57032,53357,brushing
439280683,824,404,339,-4182,57032,53357,brushing
439294747,824,404,339,-11375,63997,65817,brushing
439298125,748,501,248,-11375,63997,65817,brushing
439314021,748,501,248,-20335,83282,79695,brushing
439315262,682,614,383,-20335,83282,79695,brushing
439332379,505,678,663,-20335,83282,79695,brushing
439333315,505,678,663,-29750,96355,90947,brushing
439349515,306,557,913,-29750,96355,90947,brushing
439352283,306,557,913,-33267,76300,89180,brushing
439366957,74,331,1200,-33267,76300,89180,brushing
439371557,74,331,1200,-26845,48090,72240,brushing
439384093,-142,127,1379,-26845,48090,72240,brushing
439390830,-142,127,1379,-8872,22435,39182,brushing
439401230,38,455,1174,-8872,22435,39182,brushing
439410103,38,455,1174,8942,14105,10815,brushing
439418671,251,713,1088,8942,14105,10815,brushing
439429071,251,713,1088,13335,-11270,-3657,brushing
439435808,273,564,1007,13335,-11270,-3657,brushing
439448344,273,564,1007,11812,-52797,-22277,brushing
439452943,303,328,913,11812,-52797,-22277,brushing
439467617,303,328,913,10325,-66097,-41125,brushing
439470080,396,210,788,10325,-66097,-41125,brushing
439486585,396,210,788,8452,-59482,-57172,brushing
439487521,442,179,739,8452,-59482,-57172,brushing
439504638,554,167,600,8452,-59482,-57172,brushing
439505880,554,167,600,6965,-53340,-70087,brushing
439521776,701,305,642,6965,-53340,-70087,brushing
439525154,701,305,642,8190,-20930,-68932,brushing
439539217,837,368,625,8190,-20930,-68932,brushing
439544123,837,368,625,10937,-9187,-60987,brushing
439556355,916,439,623,10937,-9187,-60987,brushing
439563396,916,439,623,12950,-3570,-44940,brushing
439573490,1003,467,633,12950,-3570,-44940,brushing
439582670,1003,467,633,12757,-15207,-25007,brushing
439590627,1051,481,570,12757,-15207,-25007,brushing
439601638,1051,481,570,10570,-30187,-2520,brushing
439608069,1074,460,523,10570,-30187,-2520,brushing
439620911,1074,460,523,6860,-31430,23082,brushing
439625206,911,217,587,6860,-31430,23082,brushing
439640186,911,217,587,6387,-22662,38972,brushing
439642344,817,62,591,6387,-22662,38972,brushing
439659155,817,62,591,8295,2362,48510,brushing
439659785,783,78,543,8295,2362,48510,brushing
439676901,743,132,528,8295,2362,48510,brushing
439678448,743,132,528,8785,21000,53357,brushing
439694037,672,248,459,8785,21000,53357,brushing
439697721,672,248,459,7927,37712,56787,brushing
439711173,711,459,377,7927,37712,56787,brushing
439716690,711,459,377,4725,63157,65030,brushing
439728310,658,590,513,4725,63157,65030,brushing
439735963,658,590,513,-332,84735,76667,brushing
439745753,565,714,617,-332,84735,76667,brushing
439755237,565,714,617,-6265,70175,83527,brushing
439762888,461,590,759,-6265,70175,83527,brushing
439774205,461,590,759,-8347,41685,81270,brushing
439780026,250,340,1035,-8347,41685,81270,brushing
439793479,250,340,1035,-2362,10745,63175,brushing
439797163,91,104,1120,-2362,10745,63175,brushing
439812752,91,104,1120,11165,-10360,33425,brushing
439814604,12,60,1182,11165,-10360,33425,brushing
439831721,196,290,1034,24325,-22330,2992,brushing
439848850,323,387,936,24325,-22330,2992,brushing
439851007,323,387,936,31167,-32882,-17045,brushing
439866292,350,330,827,31167,-32882,-17045,brushing
439870281,350,330,827,31745,-54127,-34615,brushing
439883428,421,220,747,31745,-54127,-34615,brushing
439889554,421,220,747,27965,-71872,-52937,brushing
439900565,466,97,676,27965,-71872,-52937,brushing
439908523,466,97,676,25217,-77210,-72170,brushing
439917701,523,74,659,25217,-77210,-72170,brushing
439927796,523,74,659,24255,-69895,-87167,brushing
439935143,529,89,675,24255,-69895,-87167,brushing
439947069,529,89,675,28840,-56770,-97475,brushing
439952279,525,144,725,28840,-56770,-97475,brushing
439966037,525,144,725,36942,-46235,-102147,brushing
439969416,497,205,718,36942,-46235,-102147,brushing
439985310,497,205,718,44572,-46445,-104895,brushing
439986552,498,250,597,44572,-46445,-104895,brushing
440003974,535,414,477,44572,-46445,-104895,brushing
440004605,535,414,477,50190,-33687,-101377,brushing
440021111,567,446,489,50190,-33687,-101377,brushing
440023574,567,446,489,53445,-25287,-93502,brushing
440038247,592,398,462,53445,-25287,-93502,brushing
440042847,592,398,462,57785,-29855,-90002,brushing
440055690,593,388,434,57785,-29855,-90002,brushing
440062120,593,388,434,63490,-23292,-87412,brushing
440072826,604,422,360,63490,-23292,-87412,brushing
440081089,604,422,360,69020,-13965,-85785,brushing
440089962,618,442,308,69020,-13965,-85785,brushing
440100362,618,442,308,74007,-3885,-85557,brushing
440107099,639,462,269,74007,-3885,-85557,brushing
440119635,639,462,269,79292,9625,-87675,brushing
440124540,664,492,232,79292,9625,-87675,brushing
440138910,664,492,232,83107,25672,-90562,brushing
440141679,684,537,229,83107,25672,-90562,brushing
440157880,684,537,229,85207,41265,-91962,brushing
440158816,699,606,233,85207,41265,-91962,brushing
440176238,704,681,254,85207,41265,-91962,brushing
440177174,704,681,254,85260,51572,-90737,brushing
440193374,721,745,298,85260,51572,-90737,brushing
440196447,721,745,298,82337,51537,-88112,brushing
440210510,753,802,335,82337,51537,-88112,brushing
440215416,753,802,335,77455,40355,-86205,brushing
440227648,791,808,338,77455,40355,-86205,brushing
440234690,791,808,338,69860,26110,-83755,brushing
440245090,831,792,356,69860,26110,-83755,brushing
440253964,831,792,356,59675,18095,-80622,brushing
440262228,874,799,390,59675,18095,-80622,brushing
440272933,874,799,390,48527,16555,-76772,brushing
440279365,889,815,462,48527,16555,-76772,brushing
440292207,889,815,462,37642,15452,-72205,brushing
440296807,910,850,508,37642,15452,-72205,brushing
440311480,910,850,508,27195,7385,-67725,brushing
440313943,925,881,543,27195,7385,-67725,brushing
440330753,925,881,543,17482,-6720,-62440,brushing
440331383,908,885,586,17482,-6720,-62440,brushing
440348195,881,857,594,17482,-6720,-62440,brushing
440349743,881,857,594,10552,-21070,-56000,brushing
440365638,856,825,614,10552,-21070,-56000,brushing
440369016,856,825,614,5372,-32287,-47600,brushing
440382774,839,785,604,5372,-32287,-47600,brushing
440388289,839,785,604,2275,-39602,-37222,brushing
440399910,828,753,567,2275,-39602,-37222,brushing
440407258,828,753,567,332,-44292,-26372,brushing
440417048,798,719,528,332,-44292,-26372,brushing
440426532,798,719,528,-1120,-48545,-16957,brushing
440434489,760,696,469,-1120,-48545,-16957,brushing
440445805,760,696,469,-1907,-51240,-9327,brushing
440451626,713,678,426,-1907,-51240,-9327,brushing
440464774,713,678,426,-1837,-50872,-3097,brushing
440468764,670,661,402,-1837,-50872,-3097,brushing
440484048,670,661,402,-385,-47162,1907,brushing
440486206,625,650,394,-385,-47162,1907,brushing
440503323,588,637,384,2870,-42157,6125,brushing
440520451,561,616,371,2870,-42157,6125,brushing
440522303,561,616,371,7105,-38290,8645,brushing
440537588,552,591,352,7105,-38290,8645,brushing
440541577,552,591,352,11217,-33845,9415,brushing
440555030,551,570,328,11217,-33845,9415,brushing
440560850,551,570,328,14192,-26617,9292,brushing
440572166,558,560,318,14192,-26617,9292,brushing
440579818,558,560,318,15295,-18515,8540,brushing
440589303,564,559,325,15295,-18515,8540,brushing
440599092,564,559,325,14840,-12215,7210,brushing
440606439,565,569,343,14840,-12215,7210,brushing
440618365,565,569,343,13545,-9117,5250,brushing
440623880,562,574,368,13545,-9117,5250,brushing
440637334,562,574,368,11917,-8767,3027,brushing
440641018,561,586,390,11917,-8767,3027,brushing
440656608,561,586,390,10325,-9800,945,brushing
440658155,564,587,409,10325,-9800,945,brushing
440675273,569,586,429,10325,-9800,945,brushing
440675903,569,586,429,8697,-11007,-1155,brushing
440692715,574,582,453,8697,-11007,-1155,brushing
440694873,574,582,453,6825,-12722,-3867,brushing
440709852,574,574,478,6825,-12722,-3867,brushing
440714146,574,574,478,5477,-14315,-7525,brushing
440726989,575,569,489,5477,-14315,-7525,brushing
440733421,575,569,489,5092,-13930,-11235,brushing
440744431,577,572,493,5092,-13930,-11235,brushing
440752695,577,572,493,5337,-12162,-14910,brushing
440761569,575,575,484,5337,-12162,-14910,brushing
440771663,575,575,484,5652,-10220,-18357,brushing
440778704,571,580,484,5652,-10220,-18357,brushing
440790936,571,580,484,6492,-7035,-21437,brushing
440795840,571,587,477,6492,-7035,-21437,brushing
440810209,571,587,477,7630,-2695,-24062,brushing
440813283,569,587,482,7630,-2695,-24062,brushing
440829178,569,587,482,8942,2975,-26057,brushing
440830420,569,575,479,8942,2975,-26057,brushing
440847536,587,574,469,8942,2975,-26057,brushing
440848472,587,574,469,10150,10167,-28367,brushing
440864978,602,603,469,10150,10167,-28367,brushing
440867746,602,603,469,10115,16817,-30450,brushing
440882115,607,650,481,10115,16817,-30450,brushing
440887020,607,650,481,8750,19530,-31167,brushing
440899253,606,697,498,8750,19530,-31167,brushing
440905989,606,697,498,6772,14595,-31132,brushing
440916695,605,714,508,6772,14595,-31132,brushing
440925262,605,714,508,5372,5232,-30782,brushing
440933831,604,708,498,5372,5232,-30782,brushing
440944536,604,708,498,4917,-1855,-30747,brushing
440950967,598,698,477,4917,-1855,-30747,brushing
440963505,598,698,477,5092,-2537,-30887,brushing
440968105,599,706,454,5092,-2537,-30887,brushing
440982779,599,706,454,5075,507,-30747,brushing
440985547,589,725,433,5075,507,-30747,brushing
441002053,589,725,433,4480,2257,-30520,brushing
441002683,572,739,422,4480,2257,-30520,brushing
441019800,557,749,412,4480,2257,-30520,brushing
441021041,557,749,412,3570,1960,-30502,brushing
441037241,533,756,408,3570,1960,-30502,brushing
441040314,533,756,408,2257,805,-30310,brushing
441054378,494,752,410,2257,805,-30310,brushing
441059589,494,752,410,577,-997,-28437,brushing
441071515,441,718,428,577,-997,-28437,brushing
441078863,441,718,428,-840,-2922,-24150,brushing
441088652,393,652,442,-840,-2922,-24150,brushing
441097830,393,652,442,-1610,-4322,-19320,brushing
441106093,375,576,455,-1610,-4322,-19320,brushing
441117104,375,576,455,-1137,-1050,-15995,brushing
441123230,402,512,447,-1137,-1050,-15995,brushing
441136377,402,512,447,-157,8855,-15032,brushing
441140366,443,487,440,-157,8855,-15032,brushing
441155346,443,487,440,490,21875,-16117,brushing
441157503,489,512,434,490,21875,-16117,brushing
441174620,489,512,434,140,32235,-17482,brushing
441175250,535,574,434,140,32235,-17482,brushing
441192059,575,633,447,140,32235,-17482,brushing
441193911,575,633,447,-1452,36960,-17167,brushing
441209197,617,676,446,-1452,36960,-17167,brushing
441212881,617,676,446,-4130,38412,-14332,brushing
441226639,665,753,430,-4130,38412,-14332,brushing
441232154,665,753,430,-7910,42332,-7892,brushing
441243775,692,851,424,-7910,42332,-7892,brushing
441251427,692,851,424,-13387,47337,3062,brushing
441260912,749,968,433,-13387,47337,3062,brushing
441270395,749,968,433,-19530,45885,15837,brushing
441278048,784,1073,421,-19530,45885,15837,brushing
441289670,784,1073,421,-26617,34947,28157,brushing
441295490,773,1139,397,-26617,34947,28157,brushing
441308942,773,1139,397,-35297,15732,38990,brushing
441312626,736,1153,376,-35297,15732,38990,brushing
441328216,736,1153,376,-43995,-2957,49262,brushing
441329763,703,1122,388,-43995,-2957,49262,brushing
441346880,666,1059,462,-51310,-12652,61302,brushing
441364315,660,986,509,-51310,-12652,61302,brushing
441366472,660,986,509,-55317,-17237,71960,brushing
441381451,682,936,526,-55317,-17237,71960,brushing
441385744,682,936,526,-57522,-16572,80115,brushing
441398587,717,957,528,-57522,-16572,80115,brushing
441404712,717,957,528,-60357,-9835,86117,brushing
441416028,740,1007,553,-60357,-9835,86117,brushing
441423985,740,1007,553,-65345,-7752,91595,brushing
441433164,737,1031,585,-65345,-7752,91595,brushing
441443258,737,1031,585,-71732,-15680,98017,brushing
441450301,740,1008,595,-71732,-15680,98017,brushing
441462228,740,1008,595,-79625,-27947,104492,brushing
441467438,747,962,639,-79625,-27947,104492,brushing
441481501,747,962,639,-86572,-37607,108535,brushing
441484880,763,926,689,-86572,-37607,108535,brushing
441500775,763,926,689,-91367,-43592,110722,brushing
441502017,765,931,673,-91367,-43592,110722,brushing
441519133,760,960,634,-91367,-43592,110722,brushing
441519763,760,960,634,-96810,-52832,113277,brushing
441536575,737,969,628,-96810,-52832,113277,brushing
441539038,737,969,628,-103372,-72380,116007,brushing
441553712,686,918,623,-103372,-72380,116007,brushing
441558312,686,918,623,-108097,-100520,117075,brushing
441570849,608,844,600,-108097,-100520,117075,brushing
441577586,608,844,600,-110075,-130637,116742,brushing
441587986,515,675,571,-110075,-130637,116742,brushing
441596555,515,675,571,-107520,-146020,117197,brushing
441605429,443,491,534,-107520,-146020,117197,brushing
441615830,443,491,534,-101552,-134452,118842,brushing
441622566,397,308,493,-101552,-134452,118842,brushing
441635103,397,308,493,-96040,-105140,113330,brushing
441639702,371,282,472,-96040,-105140,113330,brushing
441654070,371,282,472,-93607,-86170,100747,brushing
441656838,318,322,464,-93607,-86170,100747,brushing
441673343,318,322,464,-94727,-88042,89407,brushing
441674279,256,339,495,-94727,-88042,89407,brushing
441691395,199,264,511,-94727,-88042,89407,brushing
441692637,199,264,511,-95532,-105577,80307,brushing
441708532,163,96,476,-95532,-105577,80307,brushing
441711605,163,96,476,-94937,-122500,70997,brushing
441725974,137,-83,475,-94937,-122500,70997,brushing
441730880,137,-83,475,-93012,-114625,61652,brushing
441743112,119,-189,557,-93012,-114625,61652,brushing
441750154,119,-189,557,-83790,-81410,49385,brushing
441760248,150,-199,673,-83790,-81410,49385,brushing
441769122,150,-199,673,-69842,-36102,36365,brushing
441777385,240,0,714,-69842,-36102,36365,brushing
441788397,240,0,714,-59185,-8820,27177,brushing
441794828,224,34,896,-59185,-8820,27177,brushing
441807670,224,34,896,-58957,-66640,8137,brushing
441811964,187,-93,805,-58957,-66640,8137,brushing
441826638,187,-93,805,-59377,-130900,-10535,brushing
441829100,169,-375,699,-59377,-130900,-10535,brushing
441845912,169,-375,699,-52885,-105892,-17780,brushing
441846542,150,-385,767,-52885,-105892,-17780,brushing
441863659,216,-115,858,-52885,-105892,-17780,brushing
441865205,216,-115,858,-38447,-47302,-20510,brushing
441880796,277,102,741,-38447,-47302,-20510,brushing
441884174,277,102,741,-27037,-34912,-21612,brushing
441897932,225,-63,800,-27037,-34912,-21612,brushing
441903448,225,-63,800,-17990,-46077,-19512,brushing
441915374,237,-81,809,-17990,-46077,-19512,brushing
441922722,237,-81,809,-5477,-22347,-12285,brushing
441932510,352,47,421,-5477,-22347,-12285,brushing
441941996,352,47,421,-13615,-32060,-10902,brushing
441949649,334,-160,368,-13615,-32060,-10902,brushing
441960964,334,-160,368,-30117,-36347,-10552,brushing
441966785,310,-393,308,-30117,-36347,-10552,brushing
441980238,310,-393,308,-48790,2450,-12705,brushing
441984227,254,-503,440,-48790,2450,-12705,brushing
441999512,254,-503,440,-62405,63157,-17430,brushing
442001363,172,-356,692,-62405,63157,-17430,brushing
442018479,101,-187,1027,-70455,94307,-22732,brushing
442035914,185,162,1074,-70455,94307,-22732,brushing
442037765,185,162,1074,-70087,81987,-25830,brushing
442053051,156,121,1665,-70087,81987,-25830,brushing
442057040,156,121,1665,-58240,60060,-22855,brushing
442070188,213,411,1494,-58240,60060,-22855,brushing
442076009,213,411,1494,-39567,17097,-14175,brushing
442087325,206,130,1656,-39567,17097,-14175,brushing
442095282,206,130,1656,-16415,-37695,-8295,brushing
442104766,195,139,1665,-16415,-37695,-8295,brushing
442114557,195,139,1665,12320,-51415,560,brushing
442121904,218,126,1427,12320,-51415,560,brushing
442133526,218,126,1427,28350,-104545,-1540,brushing
442139041,154,-117,1183,28350,-104545,-1540,brushing
442152799,154,-117,1183,39742,-126315,-6580,brushing
442156178,201,-110,906,39742,-126315,-6580,brushing
442172073,201,-110,906,41912,-102217,-2170,brushing
442173619,290,-21,516,41912,-102217,-2170,brushing
442190735,195,-357,457,41912,-102217,-2170,brushing
442191365,195,-357,457,29995,-81550,-910,brushing
442207871,111,-540,521,29995,-81550,-910,brushing
442210334,111,-540,521,22347,-24360,-3850,brushing
442225008,286,-111,151,22347,-24360,-3850,brushing
442229608,286,-111,151,5477,36190,-3902,brushing
442242450,346,-76,172,5477,36190,-3902,brushing
442248882,346,-76,172,-32935,44380,-6842,brushing
442259586,225,-239,400,-32935,44380,-6842,brushing
442267848,225,-239,400,-61775,75372,-9397,brushing
442276722,136,-146,704,-61775,75372,-9397,brushing
442287122,136,-146,704,-75775,119787,-9187,brushing
442294163,125,115,1085,-75775,119787,-9187,brushing
442306396,125,115,1085,-76300,112472,-10710,brushing
442311301,-13,177,1834,-76300,112472,-10710,brushing
442325363,-13,177,1834,-48737,69895,-9642,brushing
442328436,30,497,1874,-48737,69895,-9642,brushing
442344636,30,497,1874,-33722,-59605,-16065,brushing
442345572,156,212,1579,-33722,-59605,-16065,brushing
442362994,-67,-398,1698,-33722,-59605,-16065,brushing
442363931,-67,-398,1698,-6370,-99382,-18900,brushing
442380132,112,104,1449,-6370,-99382,-18900,brushing
442382900,112,104,1449,24482,-49875,-13632,brushing
442397269,103,130,1298,24482,-49875,-13632,brushing
442402174,103,130,1298,37012,-99505,-17990,brushing
442414711,104,-25,1049,37012,-99505,-17990,brushing
442421447,104,-25,1049,45447,-130760,-19722,brushing
442431846,122,-23,768,45447,-130760,-19722,brushing
442440720,122,-23,768,51870,-113575,-14805,brushing
442448984,134,-373,605,51870,-113575,-14805,brushing
442459689,134,-373,605,51590,-71120,-14892,brushing
442466120,191,-402,351,51590,-71120,-14892,brushing
442478963,191,-402,351,38587,-10657,-10972,brushing
442483564,447,-58,-169,38587,-10657,-10972,brushing
442498237,447,-58,-169,-5162,12600,-8470,brushing
442500701,439,-296,-184,-5162,12600,-8470,brushing
442517206,439,-296,-184,-50960,67550,-6055,brushing
442517837,257,-427,137,-50960,67550,-6055,brushing
442535259,95,-270,666,-50960,67550,-6055,brushing
442536501,95,-270,666,-78067,136815,-6632,brushing
442552396,82,198,924,-78067,136815,-6632,brushing
442555774,82,198,924,-94570,143360,-9572,brushing
442569532,-54,253,1567,-94570,143360,-9572,brushing
442574742,-54,253,1567,-85907,100765,-9905,brushing
442586669,-31,398,1917,-85907,100765,-9905,brushing
442594016,-31,398,1917,-58940,28122,-6947,brushing
442604111,-192,30,2259,-58940,28122,-6947,brushing
442613290,-192,30,2259,-6982,-23257,-8102,brushing
442621248,-76,208,1982,-6982,-23257,-8102,brushing
442632259,-76,208,1982,37642,-75005,-10605,brushing
442638385,-40,97,1545,37642,-75005,-10605,brushing
442651532,-40,97,1545,61687,-137147,-18585,brushing
442655522,11,-65,1171,61687,-137147,-18585,brushing
442670806,11,-65,1171,75687,-127207,-16747,brushing
442672963,148,133,700,75687,-127207,-16747,brushing
442690080,256,-214,371,67585,-112367,-9240,brushing
442707209,172,-611,403,67585,-112367,-9240,brushing
442709061,172,-611,403,50995,-67655,-11497,brushing
442724652,347,-248,-24,50995,-67655,-11497,brushing
442728335,347,-248,-24,25217,5092,-7945,brushing
442741787,370,-228,-43,25217,5092,-7945,brushing
442747608,370,-228,-43,-20720,33687,-8050,brushing
442758923,220,-355,190,-20720,33687,-8050,brushing
442766576,220,-355,190,-57312,91682,-6212,brushing
442776365,51,-252,557,-57312,91682,-6212,brushing
442785848,51,-252,557,-72957,151690,-6965,brushing
442793501,-1,136,847,-72957,151690,-6965,brushing
442805122,-1,136,847,-81235,143500,-10342,brushing
442810638,-108,205,1532,-81235,143500,-10342,brushing
442824396,-108,205,1532,-65117,99925,-11550,brushing
442827774,-119,406,1591,-65117,99925,-11550,brushing
442843364,-119,406,1591,-46672,6650,-12897,brushing
442845216,-31,253,1882,-46672,6650,-12897,brushing
442862333,-187,-165,1995,-5985,-37415,-13895,brushing
442879462,-29,259,1805,-5985,-37415,-13895,brushing
442881925,-29,259,1805,39410,-35717,-11812,brushing
442896599,35,154,1378,39410,-35717,-11812,brushing
442900894,35,154,1378,59500,-117477,-17675,brushing
442914041,79,-66,1170,59500,-117477,-17675,brushing
442920168,79,-66,1170,69002,-144777,-19092,brushing
442931178,243,133,603,69002,-144777,-19092,brushing
442939441,243,133,603,67812,-121012,-8067,brushing
442948314,256,-324,524,67812,-121012,-8067,brushing
442958409,256,-324,524,56717,-80150,-6387,brushing
442965450,99,-505,678,56717,-80150,-6387,brushing
442977682,99,-505,678,48317,-4392,-1347,brushing
442982892,346,90,-61,48317,-4392,-1347,brushing
442996956,346,90,-61,630,-24325,-7367,brushing
443000029,249,-421,-105,630,-24325,-7367,brushing
443015924,249,-421,-105,-43855,26600,-12687,brushing
443017166,171,-515,-21,-43855,26600,-12687,brushing
443034587,15,-207,433,-43855,26600,-12687,brushing
443035218,15,-207,433,-71995,143535,-9100,brushing
443051725,21,429,614,-71995,143535,-9100,brushing
443054493,21,429,614,-93257,160230,-13597,brushing
443068861,-113,349,1619,-93257,160230,-13597,brushing
443073461,-113,349,1619,-107362,81515,-13300,brushing
443085999,-164,219,1666,-107362,81515,-13300,brushing
443092736,-164,219,1666,-78522,45955,-7595,brushing
443103441,-296,-177,2488,-78522,45955,-7595,brushing
443112010,-296,-177,2488,-18130,26810,-9590,brushing
443120578,-52,197,2122,-18130,26810,-9590,brushing
443130978,-52,197,2122,29977,-46777,-19932,brushing
443137715,50,91,1637,29977,-46777,-19932,brushing
443150252,50,91,1637,51240,-132510,-29470,brushing
443154851,148,107,1172,51240,-132510,-29470,brushing
443169526,148,107,1172,55282,-128117,-18375,brushing
443172293,308,200,589,55282,-128117,-18375,brushing
443188493,308,200,589,38552,-100240,-3920,brushing
443189430,254,-272,446,38552,-100240,-3920,brushing
443206547,40,-407,740,38552,-100240,-3920,brushing
443207788,40,-407,740,30100,-19250,3990,brushing
443223683,175,76,130,30100,-19250,3990,brushing
443227061,175,76,130,11672,19215,8627,brushing
443241124,61,-291,152,11672,19215,8627,brushing
443246030,61,-291,152,-24517,-3045,-455,brushing
443258261,5,-347,215,-24517,-3045,-455,brushing
443265303,5,-347,215,-44835,75477,665,brushing
443275397,-49,-140,582,-44835,75477,665,brushing
443284576,-49,-140,582,-53725,142257,1942,brushing
443292839,-96,144,984,-53725,142257,1942,brushing
443303544,-96,144,984,-66552,98297,-8067,brushing
443309975,14,318,1144,-66552,98297,-8067,brushing
443322818,14,318,1144,-64225,45132,-9730,brushing
443327112,-237,-4,1762,-64225,45132,-9730,brushing
443342091,-237,-4,1762,-40950,15627,-9380,brushing
443344248,19,340,1541,-40950,15627,-9380,brushing
443361058,19,340,1541,-14805,-26985,-10115,brushing
443361688,-196,-120,1974,-14805,-26985,-10115,brushing
443378805,-57,296,1774,-14805,-26985,-10115,brushing
443380352,-57,296,1774,20737,-36015,-9117,brushing
443395942,-51,169,1393,20737,-36015,-9117,brushing
443399626,-51,169,1393,38570,-98665,-12355,brushing
443413079,-32,35,1130,38570,-98665,-12355,brushing
443418595,-32,35,1130,45675,-121502,-12110,brushing
443430521,11,73,688,45675,-121502,-12110,brushing
443437868,11,73,688,43977,-115482,-7367,brushing
443447657,27,-357,516,43977,-115482,-7367,brushing
443457142,27,-357,516,41790,-64925,-6352,brushing
443464794,-179,-594,841,41790,-64925,-6352,brushing
443476416,-179,-594,841,51170,32200,-2275,brushing
443481931,242,299,-55,51170,32200,-2275,brushing
443495385,242,299,-55,13142,-8137,-6212,brushing
443499374,207,-213,-57,13142,-8137,-6212,brushing
443514659,207,-213,-57,-25480,9502,-8470,brushing
443516511,173,-388,44,-25480,9502,-8470,brushing
443533628,22,-212,571,-45622,124057,3412,brushing
443550756,8,219,804,-45622,124057,3412,brushing
443552913,8,219,804,-61827,136535,-1435,brushing
443568197,-79,196,1627,-61827,136535,-1435,brushing
443572187,-79,196,1627,-70087,71067,-4795,brushing
443585334,-198,155,1642,-70087,71067,-4795,brushing
443591459,-198,155,1642,-41422,37485,-5915,brushing
443602470,-163,151,2139,-41422,37485,-5915,brushing
443610428,-163,151,2139,-13562,-22575,-8417,brushing
443619912,-239,94,1929,-13562,-22575,-8417,brushing
443629702,-239,94,1929,30135,-43960,-9940,brushing
443637049,-104,237,1635,30135,-43960,-9940,brushing
443648976,-104,237,1635,50277,-103180,-13702,brushing
443654186,-76,8,1196,50277,-103180,-13702,brushing
443667944,-76,8,1196,58432,-122832,-15540,brushing
443671323,-27,48,889,58432,-122832,-15540,brushing
443687218,-27,48,889,57190,-102952,-9257,brushing
443688765,88,-141,435,57190,-102952,-9257,brushing
443705881,-93,-571,865,57190,-102952,-9257,brushing
443706511,-93,-571,865,58677,-39795,-7752,brushing
443723018,321,193,-93,58677,-39795,-7752,brushing
443725481,321,193,-93,46217,16117,-52,brushing
443740459,338,-260,-163,46217,16117,-52,brushing
443744754,338,-260,-163,-8050,-29295,-6457,brushing
443757596,223,-465,-50,-8050,-29295,-6457,brushing
443764028,223,-465,-50,-48912,58765,-1190,brushing
443774734,1,-196,596,-48912,58765,-1190,brushing
443783303,1,-196,596,-68040,154892,5792,brushing
443791871,3,387,755,-68040,154892,5792,brushing
443802272,3,387,755,-86957,110687,665,brushing
443809313,-270,207,2043,-86957,110687,665,brushing
443821544,-270,207,2043,-66255,50977,210,brushing
443826448,-154,280,1440,-66255,50977,210,brushing
443840815,-154,280,1440,-34370,-3955,-1102,brushing
443843584,-386,-131,2419,-34370,-3955,-1102,brushing
443859784,-386,-131,2419,22295,-17447,-4182,brushing
443860720,-183,272,1931,22295,-17447,-4182,brushing
443878141,-127,157,1470,22295,-17447,-4182,brushing
443879078,-127,157,1470,53480,-88742,-10692,brushing
443895279,-71,3,1156,53480,-88742,-10692,brushing
443898352,-71,3,1156,63700,-139457,-18025,brushing
443912415,72,127,580,63700,-139457,-18025,brushing
443917320,72,127,580,64102,-123987,-10010,brushing
443929857,116,-433,478,64102,-123987,-10010,brushing
443936594,116,-433,478,54495,-70787,-4392,brushing
443946995,-6,-478,549,54495,-70787,-4392,brushing
443955868,-6,-478,549,49157,24710,3325,brushing
443964132,405,216,-130,49157,24710,3325,brushing
443975143,405,216,-130,-6335,-12547,-612,brushing
443981269,213,-469,-163,-6335,-12547,-612,brushing
443994111,213,-469,-163,-52132,31587,-2677,brushing
443998710,29,-392,329,-52132,31587,-2677,brushing
444013385,29,-392,329,-67322,148330,7175,brushing
444015847,-106,58,707,-67322,148330,7175,brushing
444032659,-106,58,707,-83702,120767,1995,brushing
444033289,-86,535,1195,-83702,120767,1995,brushing
444050407,-350,180,1672,-83702,120767,1995,brushing
444051648,-350,180,1672,-68057,57435,2747,brushing
444067543,-235,100,1948,-68057,57435,2747,brushing
444070922,-235,100,1948,-40250,-1155,1872,brushing
444084680,-329,-33,2068,-40250,-1155,1872,brushing
444090196,-329,-33,2068,14367,-12250,-560,brushing
444102123,-124,202,1798,14367,-12250,-560,brushing
444109165,-124,202,1798,49787,-74252,-7630,brushing
444119259,-68,7,1286,49787,-74252,-7630,brushing
444128438,-68,7,1286,60952,-141942,-17605,brushing
444136395,12,-21,1032,60952,-141942,-17605,brushing
444147711,12,-21,1032,65590,-120225,-9660,brushing
444153532,190,66,483,65590,-120225,-9660,brushing
444166985,190,66,483,55370,-77087,4147,brushing
444170974,58,-448,893,55370,-77087,4147,brushing
444185953,58,-448,893,55632,3307,14070,brushing
444188111,118,-128,344,55632,3307,14070,brushing
444205227,302,27,46,19285,-6947,15872,brushing
444222662,141,-532,-50,19285,-6947,15872,brushing
444224515,141,-532,-50,-28612,-19862,8400,brushing
444239800,0,-460,343,-28612,-19862,8400,brushing
444243484,0,-460,343,-54145,89652,13615,brushing
444256936,-80,-72,784,-54145,89652,13615,brushing
444262757,-80,-72,784,-63892,146615,11445,brushing
444274072,-96,199,806,-63892,146615,11445,brushing
444282030,-96,199,806,-78610,86607,-875,brushing
444291513,-186,199,1469,-78610,86607,-875,brushing
444300999,-186,199,1469,-74077,47705,1137,brushing
444308651,-247,139,1471,-74077,47705,1137,brushing
444320272,-247,139,1471,-47722,13300,647,brushing
444325788,-325,-33,2117,-47722,13300,647,brushing
444339547,-325,-33,2117,-2275,-11270,-1680,brushing
444342925,-299,109,1989,-2275,-11270,-1680,brushing
444358515,-299,109,1989,37782,-67655,-9765,brushing
444360366,-195,100,1609,37782,-67655,-9765,brushing
444377483,-92,-73,1141,53812,-130847,-19740,brushing
444394612,-60,-26,1053,53812,-130847,-19740,brushing
444397075,-60,-26,1053,63437,-114747,-17027,brushing
444412054,108,30,575,63437,-114747,-17027,brushing
444416349,108,30,575,64330,-82145,-4847,brushing
444429191,-41,-390,815,64330,-82145,-4847,brushing
444435317,-41,-390,815,64050,-35402,1610,brushing
444446328,269,63,-18,64050,-35402,1610,brushing
444454590,269,63,-18,34212,-25410,6825,brushing
444463464,273,-303,-144,34212,-25410,6825,brushing
444473864,273,-303,-144,-16747,-24990,4235,brushing
444480907,163,-484,-24,-16747,-24990,4235,brushing
444492833,163,-484,-24,-49472,76982,14070,brushing
444498043,-3,-225,573,-49472,76982,14070,brushing
444512106,-3,-225,573,-64785,120295,14577,brushing
444515180,-81,68,728,-64785,120295,14577,brushing
444531380,-81,68,728,-77315,82337,9590,brushing
444532316,-121,272,1193,-77315,82337,9590,brushing
444549737,-288,82,1519,-77315,82337,9590,brushing
444550367,-288,82,1519,-67602,49700,12477,brushing
444566873,-391,-33,2088,-67602,49700,12477,brushing
444569641,-391,-33,2088,-35122,31570,13335,brushing
444584010,-359,157,2134,-35122,31570,13335,brushing
444588914,-359,157,2134,16800,2012,8575,brushing
444601452,-278,70,1717,16800,2012,8575,brushing
444607883,-278,70,1717,50785,-83650,-6370,brushing
444618589,-173,-111,1202,50785,-83650,-6370,brushing
444627157,-173,-111,1202,63297,-124250,-16975,brushing
444635726,-66,-69,945,63297,-124250,-16975,brushing
444646431,-66,-69,945,65240,-105700,-14717,brushing
444652862,110,15,416,65240,-105700,-14717,brushing
444665399,110,15,416,52815,-76737,-7770,brushing
444670305,-3,-471,740,52815,-76737,-7770,brushing
444684673,-3,-471,740,47705,-9905,-1837,brushing
444687441,100,-230,225,47705,-9905,-1837,brushing
444703947,100,-230,225,12460,-5495,-1557,brushing
444704577,288,-123,17,12460,-5495,-1557,brushing
444721694,185,-362,75,12460,-5495,-1557,brushing
444722934,185,-362,75,-30380,16170,-2345,brushing
444739135,40,-163,531,-30380,16170,-2345,brushing
444742208,40,-163,531,-51502,114275,12127,brushing
444756272,-77,141,935,-51502,114275,12127,brushing
444761481,-77,141,935,-61827,137952,14087,brushing
444773408,-41,435,1052,-61827,137952,14087,brushing
444780755,-41,435,1052,-74235,76982,13457,brushing
444790849,-371,-25,1641,-74235,76982,13457,brushing
444799723,-371,-25,1641,-54075,37450,10780,brushing
444807985,-434,-112,2104,-54075,37450,10780,brushing
444818996,-434,-112,2104,-8330,16747,4917,brushing
444825122,-393,84,2117,-8330,16747,4917,brushing
444838270,-393,84,2117,38447,-45255,-10972,brushing
444842259,-289,76,1638,38447,-45255,-10972,brushing
444857238,-289,76,1638,58362,-125562,-28192,brushing
444859701,-139,-31,1112,58362,-125562,-28192,brushing
444876511,-139,-31,1112,66132,-126752,-31307,brushing
444877141,-96,-73,1007,66132,-126752,-31307,brushing
444893952,92,113,652,66132,-126752,-31307,brushing
444895804,92,113,652,75180,-71225,-17045,brushing
444911089,107,-83,575,75180,-71225,-17045,brushing
444914774,107,-83,575,68127,-46375,-5582,brushing
444928531,317,-154,-142,68127,-46375,-5582,brushing
444934047,317,-154,-142,30712,-46882,-1960,brushing
444945668,283,-469,-259,30712,-46882,-1960,brushing
444953320,283,-469,-259,-22085,-6790,-1750,brushing
444962804,140,-483,115,-22085,-6790,-1750,brushing
444972289,140,-483,115,-55720,99627,5862,brushing
444980247,-65,-129,788,-55720,99627,5862,brushing
444991563,-65,-129,788,-69772,135485,4375,brushing
444997385,-2,316,595,-69772,135485,4375,brushing
445010837,-2,316,595,-83615,84665,910,brushing
445014522,-352,76,1870,-83615,84665,910,brushing
445030111,-352,76,1870,-59377,59570,1680,brushing
445031657,-295,146,1613,-59377,59570,1680,brushing
445049079,-465,2,2334,-18200,21857,-2940,brushing
445066208,-342,147,2019,-18200,21857,-2940,brushing
445068365,-342,147,2019,34055,-35542,-13632,brushing
445083344,-221,32,1443,34055,-35542,-13632,brushing
445087639,-221,32,1443,63682,-115185,-28770,brushing
445100785,-127,-130,1069,63682,-115185,-28770,brushing
445106607,-127,-130,1069,75337,-135292,-34632,brushing
445117922,27,-64,695,75337,-135292,-34632,brushing
445125880,27,-64,695,79502,-89442,-24395,brushing
445135058,96,-208,686,79502,-89442,-24395,brushing
445145153,96,-208,686,71925,-38500,-12687,brushing
445152195,280,-19,94,71925,-38500,-12687,brushing
445164120,280,-19,94,37450,-26425,-2082,brushing
445169636,388,-163,-205,37450,-26425,-2082,brushing
445183394,388,-163,-205,-17045,-3307,3675,brushing
445186773,267,-466,-162,-17045,-3307,3675,brushing
445202668,267,-466,-162,-55545,99155,15452,brushing
445203910,40,-356,426,-55545,99155,15452,brushing
445221027,-82,-52,673,-55545,99155,15452,brushing
445221657,-82,-52,673,-73675,148575,14507,brushing
445238469,-172,170,1119,-73675,148575,14507,brushing
445240931,-172,170,1119,-90037,104912,4217,brushing
445255606,-329,79,1468,-90037,104912,4217,brushing
445260205,-329,79,1468,-76825,76597,2625,brushing
445272743,-437,118,2306,-76825,76597,2625,brushing
445279174,-437,118,2306,-27195,66482,3710,brushing
445289880,-313,429,2204,-27195,66482,3710,brushing
445298448,-313,429,2204,29120,-6667,-2590,brushing
445307322,-258,309,1790,29120,-6667,-2590,brushing
445317723,-258,309,1790,62107,-115762,-14892,brushing
445324459,-161,30,1196,62107,-115762,-14892,brushing
445336691,-161,30,1196,74987,-143902,-19460,brushing
445341596,-104,2,860,74987,-143902,-19460,brushing
445355965,-104,2,860,73237,-123217,-16887,brushing
445358733,6,-149,489,73237,-123217,-16887,brushing
445375238,6,-149,489,63717,-74095,-16170,brushing
445376174,-19,-524,567,63717,-74095,-16170,brushing
445393291,91,-207,327,63717,-74095,-16170,brushing
445394227,91,-207,327,56420,4322,-10220,brushing
445410427,326,-154,-149,56420,4322,-10220,brushing
445413500,326,-154,-149,13370,-5985,-14017,brushing
445427869,220,-428,-61,13370,-5985,-14017,brushing
445432775,220,-428,-61,-38937,21980,-17080,brushing
445445006,68,-226,438,-38937,21980,-17080,brushing
445452048,68,-226,438,-64207,130217,-4322,brushing
445462143,-36,217,856,-64207,130217,-4322,brushing
445471016,-36,217,856,-80850,135100,-3465,brushing
445479279,-160,336,1372,-80850,135100,-3465,brushing
445490289,-160,336,1372,-84402,54862,-7770,brushing
445496721,-276,160,1693,-84402,54862,-7770,brushing
445509563,-276,160,1693,-51415,25322,-4025,brushing
445513857,-425,35,2358,-51415,25322,-4025,brushing
445528531,-425,35,2358,11392,11882,-3657,brushing
445530995,-306,299,2164,11392,11882,-3657,brushing
445547806,-306,299,2164,57715,-80657,-16747,brushing
445548436,-234,123,1632,57715,-80657,-16747,brushing
445565552,-147,-84,1196,57715,-80657,-16747,brushing
445567099,-147,-84,1196,79502,-140875,-30117,brushing
445582690,-15,-12,683,79502,-140875,-30117,brushing
445586068,-15,-12,683,85120,-133087,-30782,brushing
445599826,77,-414,383,85120,-133087,-30782,brushing
445605342,77,-414,383,74007,-95042,-31097,brushing
445617269,53,-415,773,74007,-95042,-31097,brushing
445624615,53,-415,773,74077,25760,-15417,brushing
445634405,481,449,-102,74077,25760,-15417,brushing
445643584,481,449,-102,26407,-11287,-6020,brushing
445651541,406,-199,-119,26407,-11287,-6020,brushing
445662857,406,-199,-119,-34020,-31377,-6545,brushing
445668983,211,-391,77,-34020,-31377,-6545,brushing
445682132,211,-391,77,-68302,86047,14315,brushing
445686121,-8,-159,635,-68302,86047,14315,brushing
445701407,-8,-159,635,-85295,112332,14630,brushing
445703259,-168,96,1149,-85295,112332,14630,brushing
445720375,-309,32,1631,-84910,41475,1995,brushing
445737810,-372,-18,1911,-84910,41475,1995,brushing
445739662,-372,-18,1911,-58642,-12092,-4655,brushing
445754947,-460,-90,2270,-58642,-12092,-4655,brushing
445758936,-460,-90,2270,4025,-4637,-8977,brushing
445772084,-278,339,1905,4025,-4637,-8977,brushing
445777904,-278,339,1905,55510,-60812,-16607,brushing
445789526,-204,62,1380,55510,-60812,-16607,brushing
445797178,-204,62,1380,79170,-154385,-31902,brushing
445806663,-148,-168,1037,79170,-154385,-31902,brushing
445816451,-148,-168,1037,92015,-154122,-36732,brushing
445823799,-40,-113,573,92015,-154122,-36732,brushing
445835725,-40,-113,573,90265,-117845,-34247,brushing
445840935,63,-565,336,90265,-117845,-34247,brushing
445854694,63,-565,336,88252,-7017,-26022,brushing
445858378,155,-401,525,88252,-7017,-26022,brushing
445873968,155,-401,525,59465,52727,-6055,brushing
445875514,613,554,-356,59465,52727,-6055,brushing
445892631,487,-276,-331,59465,52727,-6055,brushing
445893261,487,-276,-331,-16432,-25042,-3762,brushing
445910073,265,-402,-85,-16432,-25042,-3762,brushing
445912230,265,-402,-85,-71662,61722,11655,brushing
445927209,-105,-350,699,-71662,61722,11655,brushing
445931505,-105,-350,699,-93642,190137,28105,brushing
445944347,-277,163,1452,-93642,190137,28105,brushing
445950779,-277,163,1452,-95130,173302,16817,brushing
445961483,-174,476,1437,-95130,173302,16817,brushing
445969746,-174,476,1437,-99907,-13527,-7962,brushing
445978924,-445,-422,2048,-99907,-13527,-7962,brushing
445989018,-445,-422,2048,-49665,-14857,-8872,brushing
445996060,-358,-147,2248,-49665,-14857,-8872,brushing
446008291,-358,-147,2248,24570,43837,-2502,brushing
446013196,-203,529,2156,24570,43837,-2502,brushing
446027260,-203,529,2156,69807,-79607,-15767,brushing
446030333,-154,185,1474,69807,-79607,-15767,brushing
446046534,-154,185,1474,90702,-164832,-28525,brushing
446047776,-110,-122,1089,90702,-164832,-28525,brushing
446064892,47,41,548,90702,-164832,-28525,brushing
446065828,47,41,548,99382,-126892,-20107,brushing
446082028,101,-466,319,99382,-126892,-20107,brushing
446084796,101,-466,319,86782,-83457,-15837,brushing
446099164,121,-670,525,86782,-83457,-15837,brushing
446104069,121,-670,525,80517,50032,-2940,brushing
446116607,493,404,-230,80517,50032,-2940,brushing
446123343,493,404,-230,28682,52710,6930,brushing
446133743,403,-202,-168,28682,52710,6930,brushing
446142311,403,-202,-168,-42735,-5442,-140,brushing
446150880,231,-435,-5,-42735,-5442,-140,brushing
446161585,231,-435,-5,-84962,108412,15050,brushing
446168016,-30,-153,692,-84962,108412,15050,brushing
446180859,-30,-153,692,-99627,177992,21017,brushing
446185458,-170,397,1388,-99627,177992,21017,brushing
446199828,-170,397,1388,-104930,47005,4602,brushing
446202595,-204,442,1589,-104930,47005,4602,brushing
446219101,-204,442,1589,-81077,-58135,-5040,brushing
446219731,-453,-528,2078,-81077,-58135,-5040,brushing
446236848,-396,-104,2324,-81077,-58135,-5040,brushing
446238394,-396,-104,2324,-6457,25305,0,brushing
446254290,-245,370,2094,-6457,25305,0,brushing
446257362,-245,370,2094,54617,-24605,-8575,brushing
446271426,-160,65,1383,54617,-24605,-8575,brushing
446276636,-160,65,1383,84595,-151882,-29190,brushing
446288563,-60,-112,938,84595,-151882,-29190,brushing
446295911,-60,-112,938,98647,-145687,-28595,brushing
446305701,75,-163,404,98647,-145687,-28595,brushing
446314880,75,-163,404,97037,-82495,-20247,brushing
446323142,106,-530,453,97037,-82495,-20247,brushing
446334153,106,-530,453,89967,29732,-5477,brushing
446340278,366,82,114,89967,29732,-5477,brushing
446353425,366,82,114,40337,36207,7595,brushing
446357415,547,228,-393,40337,36207,7595,brushing
446372393,547,228,-393,-35245,-9660,4497,brushing
446374550,325,-434,-299,-35245,-9660,4497,brushing
446391665,325,-434,-299,-83317,107642,21140,brushing
446392296,90,-366,292,-83317,107642,21140,brushing
446409106,-170,73,1179,-83317,107642,21140,brushing
446410959,-170,73,1179,-102970,182192,26232,brushing
446426243,-145,633,1205,-102970,182192,26232,brushing
446429926,-145,633,1205,-118125,39305,2625,brushing
446443381,-477,-387,1806,-118125,39305,2625,brushing
446449202,-477,-387,1806,-101447,-61880,-7612,brushing
446460823,-538,-494,2317,-101447,-61880,-7612,brushing
446468475,-538,-494,2317,-22312,53270,-1767,brushing
446477960,-352,410,2405,-22312,53270,-1767,brushing
446487444,-352,410,2405,45605,3535,-9152,brushing
446495096,-216,440,1848,45605,3535,-9152,brushing
446506717,-216,440,1848,83282,-150640,-29417,brushing
446512232,-147,31,1202,83282,-150640,-29417,brushing
446525685,-147,31,1202,100852,-175822,-31657,brushing
446529674,-35,-168,689,100852,-175822,-31657,brushing
446544959,-35,-168,689,102200,-118807,-26915,brushing
446546810,83,-432,212,102200,-118807,-26915,brushing
446563927,189,-626,354,91980,-17132,-18847,brushing
446581055,457,140,-6,91980,-17132,-18847,brushing
446583213,457,140,-6,61390,54180,-3447,brushing
446598498,549,123,-312,61390,54180,-3447,brushing
446602488,549,123,-312,-6877,5775,1855,brushing
446615636,366,-344,-128,-6877,5775,1855,brushing
446621761,366,-344,-128,-64225,61967,13965,brushing
446632772,33,-299,510,-64225,61967,13965,brushing
446640729,33,-299,510,-91682,175122,30327,brushing
446649908,-205,144,1446,-91682,175122,30327,brushing
446660003,-205,144,1446,-100730,123760,18637,brushing
446667350,-233,580,1314,-100730,123760,18637,brushing
446679277,-233,580,1314,-92750,-40985,-3010,brushing
446684488,-584,-776,2094,-92750,-40985,-3010,brushing
446698247,-584,-776,2094,-22382,31867,-7262,brushing
446701625,-468,-68,2168,-22382,31867,-7262,brushing
446717520,-468,-68,2168,43732,34702,-12530,brushing
446718762,-283,391,1955,43732,34702,-12530,brushing
446736184,-172,149,1272,43732,34702,-12530,brushing
446736814,-172,149,1272,75827,-101902,-38517,brushing
446753322,-82,-65,856,75827,-101902,-38517,brushing
446755785,-82,-65,856,86695,-126577,-43837,brushing
446770460,94,-96,528,86695,-126577,-43837,brushing
446775059,94,-96,528,84665,-73342,-33530,brushing
446787596,232,-252,447,84665,-73342,-33530,brushing
446794333,232,-252,447,65047,-33477,-24850,brushing
446804733,350,-381,462,65047,-33477,-24850,brushing
446813301,350,-381,462,40792,-1120,-20825,brushing
446822174,405,-344,556,40792,-1120,-20825,brushing
446832575,405,-344,556,22487,46322,-10675,brushing
446839311,448,-209,689,22487,46322,-10675,brushing
446851848,448,-209,689,10762,81847,4532,brushing
446856447,443,-108,924,10762,81847,4532,brushing
446870816,443,-108,924,9170,81655,17342,brushing
446873584,302,-179,1092,9170,81655,17342,brushing
446890090,302,-179,1092,20492,72292,24412,brushing
446891026,302,-104,1116,20492,72292,24412,brushing
446908142,362,52,965,20492,72292,24412,brushing
446909384,362,52,965,35472,61932,33915,brushing
446925280,384,178,806,35472,61932,33915,brushing
446928352,384,178,806,45780,44257,48282,brushing
446942720,514,303,632,45780,44257,48282,brushing
446947626,514,303,632,51852,50242,66167,brushing
446959857,531,479,587,51852,50242,66167,brushing
446966899,531,479,587,49630,76422,93152,brushing
446976995,424,431,700,49630,76422,93152,brushing
446985869,424,431,700,40075,92610,118580,brushing
446994132,206,334,859,40075,92610,118580,brushing
447005143,206,334,859,27615,76142,125212,brushing
447011573,27,93,1001,27615,76142,125212,brushing
447024416,27,93,1001,21192,77000,117232,brushing
447028711,-477,-445,1361,21192,77000,117232,brushing
447043385,-477,-445,1361,24482,43592,68915,brushing
447045847,-753,-601,1357,24482,43592,68915,brushing
447062658,-753,-601,1357,40320,70805,27177,brushing
447063288,-129,574,1494,40320,70805,27177,brushing
447080404,-133,812,1497,40320,70805,27177,brushing
447081950,-133,812,1497,51590,52902,20895,brushing
447097541,-119,367,1262,51590,52902,20895,brushing
447100920,-119,367,1262,54985,-30800,2432,brushing
447114678,-60,58,1082,54985,-30800,2432,brushing
447120195,-60,58,1082,56017,-65870,-22890,brushing
447131815,66,85,868,56017,-65870,-22890,brushing
447139468,66,85,868,51660,-66202,-43190,brushing
447149258,91,-16,796,51660,-66202,-43190,brushing
447158437,91,-16,796,40915,-64925,-59395,brushing
447166395,181,-79,762,40915,-64925,-59395,brushing
447177710,181,-79,762,30940,-41422,-70822,brushing
447183531,372,86,799,30940,-41422,-70822,brushing
447196984,372,86,799,24202,-14297,-70035,brushing
447200667,538,241,861,24202,-14297,-70035,brushing
447215952,538,241,861,20107,-12127,-58100,brushing
447218110,671,303,887,20107,-12127,-58100,brushing
447235226,826,207,848,18917,-16135,-35682,brushing
447252355,924,125,770,18917,-16135,-35682,brushing
447254512,924,125,770,19162,-10832,-8680,brushing
447269798,701,-280,842,19162,-10832,-8680,brushing
447273482,701,-280,842,19950,-7787,11725,brushing
447286934,720,-302,700,19950,-7787,11725,brushing
447292755,720,-302,700,22872,14910,21332,brushing
447304071,765,62,615,22872,14910,21332,brushing
447312029,765,62,615,22487,45342,38657,brushing
447321207,734,364,585,22487,45342,38657,brushing
447330997,734,364,585,16187,51957,62195,brushing
447338649,647,402,480,16187,51957,62195,brushing
447350270,647,402,480,7735,66535,83895,brushing
447355786,516,375,558,7735,66535,83895,brushing
447369544,516,375,558,-3202,87202,97667,brushing
447372922,286,367,712,-3202,87202,97667,brushing
447388513,286,367,712,-14157,86152,95060,brushing
447390060,11,195,997,-14157,86152,95060,brushing
447407481,-359,-37,1292,-14630,73237,74392,brushing
447424610,-616,-100,1417,-14630,73237,74392,brushing
447427072,-616,-100,1417,-682,51555,30800,brushing
447441746,-140,763,1399,-682,51555,30800,brushing
447446041,-140,763,1399,20230,58415,-280,brushing
447458883,-50,975,1458,20230,58415,-280,brushing
447465315,-50,975,1458,31360,1452,-10640,brushing
447476326,-97,406,1311,31360,1452,-10640,brushing
447484588,-97,406,1311,39602,-73640,-33407,brushing
447493462,32,261,1105,39602,-73640,-33407,brushing
447503558,32,261,1105,45290,-92225,-54495,brushing
447510600,129,143,923,45290,-92225,-54495,brushing
447522831,129,143,923,41527,-107100,-76020,brushing
447527736,242,-61,758,41527,-107100,-76020,brushing
447542104,242,-61,758,33127,-86800,-90562,brushing
447545178,545,-35,603,33127,-86800,-90562,brushing
447561378,545,-35,603,22225,-39847,-87290,brushing
447562314,772,110,604,22225,-39847,-87290,brushing
447579428,998,300,606,22225,-39847,-87290,brushing
447580364,998,300,606,10867,-4725,-66605,brushing
447596564,1083,325,649,10867,-4725,-66605,brushing
447599638,1083,325,649,822,5950,-35805,brushing
447614006,1067,228,806,822,5950,-35805,brushing
447618911,1067,228,806,-6055,6860,105,brushing
447631143,654,-189,977,-6055,6860,105,brushing
447637879,654,-189,977,-1242,-5460,18672,brushing
447648279,632,-224,943,-1242,-5460,18672,brushing
447657152,632,-224,943,11987,5285,26232,brushing
447665416,667,87,827,11987,5285,26232,brushing
447676426,667,87,827,21227,16450,38062,brushing
447682858,631,379,691,21227,16450,38062,brushing
447695395,631,379,691,25480,13895,55072,brushing
447699995,636,502,608,25480,13895,55072,brushing
447714669,636,502,608,27650,21857,75967,brushing
447717131,529,474,547,27650,21857,75967,brushing
447733942,529,474,547,27160,43487,91087,brushing
447734572,418,421,580,27160,43487,91087,brushing
447751688,274,290,838,27160,43487,91087,brushing
447752929,274,290,838,20685,61460,94920,brushing
447768826,-35,63,1098,20685,61460,94920,brushing
447772205,-35,63,1098,14385,41282,76755,brushing
447785963,-202,-83,1274,14385,41282,76755,brushing
447791173,-202,-83,1274,18287,26320,42262,brushing
447803100,-229,152,1392,18287,26320,42262,brushing
447810447,-229,152,1392,28927,19092,6527,brushing
447820542,104,646,1338,28927,19092,6527,brushing
447829721,104,646,1338,35647,3010,-12145,brushing
447837679,169,588,1293,35647,3010,-12145,brushing
447848689,169,588,1293,34562,-53445,-31290,brushing
447854816,136,195,1172,34562,-53445,-31290,brushing
447867964,136,195,1172,34457,-79607,-54827,brushing
447871954,234,148,981,34457,-79607,-54827,brushing
447887238,234,148,981,31447,-80972,-72992,brushing
447889396,315,158,851,31447,-80972,-72992,brushing
447906207,315,158,851,23030,-88252,-88357,brushing
447906837,454,124,704,23030,-88252,-88357,brushing
447923648,672,123,660,23030,-88252,-88357,brushing
447925500,672,123,660,15592,-67060,-91665,brushing
447940785,827,112,690,15592,-67060,-91665,brushing
447944774,827,112,690,10762,-37782,-81445,brushing
447958226,1030,177,650,10762,-37782,-81445,brushing
447963742,1030,177,650,7735,-21000,-61530,brushing
447975363,1217,223,566,7735,-21000,-61530,brushing
447983015,1217,223,566,3220,-16117,-31570,brushing
447992499,1170,129,621,3220,-16117,-31570,brushing
448002289,1170,129,621,-2712,-14420,1365,brushing
448009636,899,-76,707,-2712,-14420,1365,brushing
448021258,899,-76,707,-2362,-15120,21630,brushing
448027079,829,-182,725,-2362,-15120,21630,brushing
448040532,829,-182,725,1750,1680,35245,brushing
448044215,741,18,606,1750,1680,35245,brushing
448059804,741,18,606,3885,22872,48895,brushing
448061351,737,255,562,3885,22872,48895,brushing
448078773,662,446,492,1960,38045,65957,brushing
448095902,556,435,582,1960,38045,65957,brushing
448098059,556,435,582,-1487,54967,81392,brushing
448113039,353,346,756,-1487,54967,81392,brushing
448117333,353,346,756,-5775,53725,86467,brushing
448130175,58,80,978,-5775,53725,86467,brushing
448136607,58,80,978,-4147,31587,72082,brushing
448147617,-322,-250,1320,-4147,31587,72082,brushing
448155574,-322,-250,1320,11357,4445,36837,brushing
448164752,-533,-212,1194,11357,4445,36837,brushing
448174847,-533,-212,1194,41422,2642,-8435,brushing
448181889,193,597,1047,41422,2642,-8435,brushing
448194121,193,597,1047,58012,27142,-10605,brushing
448199026,223,717,1113,58012,27142,-10605,brushing
448213089,223,717,1113,64225,-47180,-24535,brushing
448216467,137,304,1008,64225,-47180,-24535,brushing
448232364,137,304,1008,71470,-91472,-44345,brushing
448233605,248,-1,877,71470,-91472,-44345,brushing
448250722,352,-102,774,71470,-91472,-44345,brushing
448251658,352,-102,774,74532,-100817,-66552,brushing
448268165,520,-31,596,74532,-100817,-66552,brushing
448270627,520,-31,596,71750,-102340,-85050,brushing
448285301,696,26,522,71750,-102340,-85050,brushing
448289901,696,26,522,64347,-83195,-90422,brushing
448302438,793,133,575,64347,-83195,-90422,brushing
448309175,793,133,575,56577,-53445,-80710,brushing
448319575,914,271,573,56577,-53445,-80710,brushing
448328143,914,271,573,47005,-51397,-66377,brushing
448337017,1024,268,515,47005,-51397,-66377,brushing
448347417,1024,268,515,38797,-50330,-46077,brushing
448354153,1064,179,659,38797,-50330,-46077,brushing
448366692,1064,179,659,38377,-11672,-16362,brushing
448371292,1073,244,710,38377,-11672,-16362,brushing
448385966,1073,244,710,39690,-4375,6702,brushing
448388734,1050,145,739,39690,-4375,6702,brushing
448404936,1050,145,739,40600,-10815,21455,brushing
448405872,935,-32,788,40600,-10815,21455,brushing
448422989,885,-170,730,40600,-10815,21455,brushing
448424230,885,-170,730,46340,-2730,29172,brushing
448440125,866,-53,715,46340,-2730,29172,brushing
448443504,866,-53,715,54985,33617,37957,brushing
448457567,828,35,716,54985,33617,37957,brushing
448462473,828,35,716,59692,38080,40232,brushing
448474704,772,-39,655,59692,38080,40232,brushing
448481746,772,-39,655,62615,23327,36137,brushing
448491841,774,-177,543,62615,23327,36137,brushing
448501019,774,-177,543,66692,41685,31552,brushing
448508977,797,-211,580,66692,41685,31552,brushing
448519987,797,-211,580,71347,82337,29627,brushing
448526419,805,40,595,71347,82337,29627,brushing
448539261,805,40,595,71155,90177,27737,brushing
448543555,904,80,501,71155,90177,27737,brushing
448558533,904,80,501,63490,74987,22330,brushing
448560691,972,36,423,63490,74987,22330,brushing
448577502,972,36,423,52430,77192,20755,brushing
448578132,990,80,453,52430,77192,20755,brushing
448595249,977,173,592,52430,77192,20755,brushing
448596796,977,173,592,46812,91367,23030,brushing
448612386,1041,297,513,46812,91367,23030,brushing
448616070,1041,297,513,46252,101237,27895,brushing
448629523,1122,387,409,46252,101237,27895,brushing
448635039,1122,387,409,39812,96355,37712,brushing
448646965,1120,409,412,39812,96355,37712,brushing
448654312,1120,409,412,28332,85767,51450,brushing
448664101,1055,389,467,28332,85767,51450,brushing
448673585,1055,389,467,15960,67882,61932,brushing
448681238,982,259,515,15960,67882,61932,brushing
448692859,982,259,515,4112,49717,63192,brushing
448698374,931,122,440,4112,49717,63192,brushing
448711827,931,122,440,-12092,47022,57960,brushing
448715816,904,70,350,-12092,47022,57960,brushing
448731101,904,70,350,-31062,53917,53585,brushing
448732953,794,122,439,-31062,53917,53585,brushing
448750070,686,182,517,-46620,54792,50382,brushing
448767504,648,107,523,-46620,54792,50382,brushing
448769356,648,107,523,-59062,43225,39165,brushing
448784641,581,-52,497,-59062,43225,39165,brushing
448788631,581,-52,497,-71102,33320,22592,brushing
448801778,424,-367,512,-71102,33320,22592,brushing
448807904,424,-367,512,-82127,27842,-3465,brushing
448818915,363,-439,514,-82127,27842,-3465,brushing
448826873,363,-439,514,-84507,65905,-28227,brushing
448836357,519,-192,555,-84507,65905,-28227,brushing
448846146,519,-192,555,-85662,107030,-46340,brushing
448853494,653,193,707,-85662,107030,-46340,brushing
448865420,653,193,707,-88357,74917,-67095,brushing
448870630,591,309,959,-88357,74917,-67095,brushing
448884694,591,309,959,-80237,16555,-79852,brushing
448888072,575,327,1006,-80237,16555,-79852,brushing
448903662,575,327,1006,-62230,-4130,-78610,brushing
448905209,595,543,851,-62230,-4130,-78610,brushing
448922326,662,1100,789,-62230,-4130,-78610,brushing
448922956,662,1100,789,-44030,14752,-55282,brushing
448939463,771,1556,724,-44030,14752,-55282,brushing
448942231,771,1556,724,-32340,13632,-14385,brushing
448956904,806,1104,766,-32340,13632,-14385,brushing
448961199,806,1104,766,-28595,-42472,23450,brushing
448974042,719,441,674,-28595,-42472,23450,brushing
448980474,719,441,674,-20685,-68600,44485,brushing
448991179,689,351,610,-20685,-68600,44485,brushing
448999747,689,351,610,-12985,-37905,67742,brushing
449008315,601,197,667,-12985,-37905,67742,brushing
449018715,601,197,667,-10482,-50487,72117,brushing
449025756,594,141,427,-10482,-50487,72117,brushing
449037987,594,141,427,-11445,-24780,77455,brushing
449042892,600,-46,433,-11445,-24780,77455,brushing
449057261,600,-46,433,-21752,-33512,63962,brushing
449060029,390,-949,460,-21752,-33512,63962,brushing
449076535,390,-949,460,-23502,-11812,20072,brushing
449077470,383,-876,237,-23502,-11812,20072,brushing
449094586,467,170,631,-23502,-11812,20072,brushing
449095523,467,170,631,-20055,148067,16975,brushing
449111723,559,397,997,-20055,148067,16975,brushing
449114796,559,397,997,-22960,117005,2677,brushing
449128859,490,-84,1015,-22960,117005,2677,brushing
449134069,490,-84,1015,-23852,5617,-28945,brushing
449146301,460,-239,1073,-23852,5617,-28945,brushing
449153038,460,-239,1073,-17132,-10937,-51012,brushing
449163438,527,160,958,-17132,-10937,-51012,brushing
449172311,527,160,958,-11182,-15330,-67830,brushing
449180575,627,703,745,-11182,-15330,-67830,brushing
449191585,627,703,745,-9782,-3220,-61617,brushing
449197711,615,1225,807,-9782,-3220,-61617,brushing
449210554,615,1225,807,-6125,21105,-23117,brushing
449215153,764,1749,854,-6125,21105,-23117,brushing
449229827,764,1749,854,-2520,-11655,26530,brushing
449232290,795,1152,893,-2520,-11655,26530,brushing
449249101,795,1152,893,3710,-56945,55422,brushing
449249731,676,621,819,3710,-56945,55422,brushing
449266848,575,400,739,3710,-56945,55422,brushing
449268089,575,400,739,11077,-65012,74725,brushing
449283985,550,184,534,11077,-65012,74725,brushing
449287364,550,184,534,15330,-56682,84227,brushing
449301121,575,149,539,15330,-56682,84227,brushing
449306636,575,149,539,12075,-35962,91420,brushing
449318257,479,-500,526,12075,-35962,91420,brushing
449325604,479,-500,526,7070,-58345,69475,brushing
449335698,387,-1338,550,7070,-58345,69475,brushing
449344878,387,-1338,550,7682,-42927,22977,brushing
449352835,442,-776,449,7682,-42927,22977,brushing
449364151,442,-776,449,13387,85260,7595,brushing
449369973,589,34,967,13387,85260,7595,brushing
449383425,589,34,967,14087,64802,-12985,brushing
449387110,576,127,1019,14087,64802,-12985,brushing
449402395,576,127,1019,14367,-19477,-37030,brushing
449404552,510,25,1051,14367,-19477,-37030,brushing
449421668,537,178,1012,21927,-37957,-50172,brushing
449438797,555,567,904,21927,-37957,-50172,brushing
449440954,555,567,904,34142,-18095,-48352,brushing
449456238,689,1018,748,34142,-18095,-48352,brushing
449459922,689,1018,748,38062,-12302,-30940,brushing
449473375,849,1140,650,38062,-12302,-30940,brushing
449479196,849,1140,650,28455,-50225,-3552,brushing
449490512,833,387,546,28455,-50225,-3552,brushing
449498469,833,387,546,17097,-83160,8575,brushing
449507649,783,203,459,17097,-83160,8575,brushing
449517438,783,203,459,7262,-57032,21192,brushing
449525091,711,14,453,7262,-57032,21192,brushing
449536712,711,14,453,-2327,-51730,18165,brushing
449542227,630,-5,352,-2327,-51730,18165,brushing
449555985,630,-5,352,-9310,-5897,24762,brushing
449559364,707,345,356,-9310,-5897,24762,brushing
449575258,707,345,356,-18340,26652,39830,brushing
449576805,673,155,552,-18340,26652,39830,brushing
449593922,545,-418,787,-23362,9275,34597,brushing
449611052,409,-1133,985,-23362,9275,34597,brushing
449613515,409,-1133,985,-16327,-23485,-2030,brushing
449628494,492,-683,959,-16327,-23485,-2030,brushing
449632788,492,-683,959,6142,41825,-27440,brushing
449645631,632,78,1158,6142,41825,-27440,brushing
449651756,632,78,1158,21630,51992,-40705,brushing
449662767,585,178,1066,21630,51992,-40705,brushing
449671030,585,178,1066,27947,-24062,-58730,brushing
449679904,567,157,988,27947,-24062,-58730,brushing
449690304,567,157,988,25270,-89810,-75127,brushing
449697346,544,196,694,25270,-89810,-75127,brushing
449709272,544,196,694,24045,-74742,-78575,brushing
449714483,614,683,519,24045,-74742,-78575,brushing
449728547,614,683,519,19302,-3710,-47617,brushing
449731620,815,1331,469,19302,-3710,-47617,brushing
449747820,815,1331,469,2975,-6737,-6895,brushing
449748756,953,1124,554,2975,-6737,-6895,brushing
449766177,876,300,540,2975,-6737,-6895,brushing
449766807,876,300,540,-13177,-59465,12950,brushing
449783314,742,-69,644,-13177,-59465,12950,brushing
449786082,742,-69,644,-17972,-44695,25690,brushing
449800449,671,-87,575,-17972,-44695,25690,brushing
449805354,671,-87,575,-15785,-18427,26530,brushing
449817891,716,269,652,-15785,-18427,26530,brushing
449824322,716,269,652,-14910,13072,37170,brushing
449835028,700,204,639,-14910,13072,37170,brushing
449843596,700,204,639,-15610,6825,42752,brushing
449852165,601,-149,754,-15610,6825,42752,brushing
449862870,601,-149,754,-15872,-14735,34492,brushing
449869301,469,-821,823,-15872,-14735,34492,brushing
449882143,469,-821,823,-12722,-39235,-3272,brushing
449886741,400,-992,736,-12722,-39235,-3272,brushing
449901110,400,-992,736,-490,42560,-23870,brushing
449903879,502,-158,803,-490,42560,-23870,brushing
449920385,502,-158,803,2135,70560,-30992,brushing
449921015,555,290,909,2135,70560,-30992,brushing
449938132,559,58,905,2135,70560,-30992,brushing
449939678,559,58,905,-4567,-16922,-53235,brushing
449955574,587,-184,972,-4567,-16922,-53235,brushing
449958647,587,-184,972,-6702,-54670,-69107,brushing
449972710,601,17,901,-6702,-54670,-69107,brushing
449977920,601,17,901,-3132,-57225,-81830,brushing
449989847,665,392,735,-3132,-57225,-81830,brushing
449997195,665,392,735,-1365,-29610,-74515,brushing
450006983,715,856,723,-1365,-29610,-74515,brushing
450016163,715,856,723,-1365,6055,-47232,brushing
450024426,872,1406,683,-1365,6055,-47232,brushing
450035437,872,1406,683,-6545,-2887,-2625,brushing
450041563,913,931,748,-6545,-2887,-2625,brushing
450054711,913,931,748,-11760,-56875,21560,brushing
450058700,790,295,684,-11760,-56875,21560,brushing
450073679,790,295,684,-10360,-60777,38360,brushing
450075836,659,-47,668,-10360,-60777,38360,brushing
450092953,659,-47,668,-6492,-40985,42017,brushing
450093583,566,-81,545,-6492,-40985,42017,brushing
450110395,566,-10,519,-6492,-40985,42017,brushing
450112247,566,-10,519,-5722,3815,48317,brushing
450127531,510,-82,551,-5722,3815,48317,brushing
450131216,510,-82,551,-9292,25620,49035,brushing
450144974,352,-811,737,-9292,25620,49035,brushing
450150490,352,-811,737,-12530,-1260,19897,brushing
450162111,331,-894,649,-12530,-1260,19897,brushing
450169764,331,-894,649,-3237,38990,-11620,brushing
450179248,536,-114,970,-3237,38990,-11620,brushing
450189037,536,-114,970,4042,93380,-17937,brushing
450196385,592,119,1161,4042,93380,-17937,brushing
450208006,592,119,1161,8295,1347,-45080,brushing
450213827,569,-169,1132,8295,1347,-45080,brushing
450227280,569,-169,1132,17360,-46252,-66115,brushing
450230964,565,-255,1062,17360,-46252,-66115,brushing
450246554,565,-255,1062,24412,-63280,-82110,brushing
450248101,594,301,752,24412,-63280,-82110,brushing
450265523,683,781,619,23975,-33530,-72310,brushing
450282651,823,1410,517,23975,-33530,-72310,brushing
450284808,823,1410,517,17675,9852,-31815,brushing
450299786,898,1265,579,17675,9852,-31815,brushing
450304080,898,1265,579,4305,-3622,17745,brushing
450316922,823,475,575,4305,-3622,17745,brushing
450323049,823,475,575,-3570,-25550,44100,brushing
450334364,650,130,720,-3570,-25550,44100,brushing
450342322,650,130,720,-6142,-28525,57085,brushing
450351501,519,-135,598,-6142,-28525,57085,brushing
450361595,519,-135,598,-1890,1732,58065,brushing
450368638,522,53,762,-1890,1732,58065,brushing
450380564,522,53,762,-997,25620,61915,brushing
450386080,471,-211,756,-997,25620,61915,brushing
450399837,471,-211,756,-3360,-10290,38640,brushing
450403216,404,-967,810,-3360,-10290,38640,brushing
450419112,404,-967,810,-245,-20055,-6335,brushing
450420354,387,-974,718,-245,-20055,-6335,brushing
450437470,579,-31,1021,-245,-20055,-6335,brushing
450438406,579,-31,1021,11427,78067,-16782,brushing
450454912,604,232,1029,11427,78067,-16782,brushing
450457375,604,232,1029,14315,36610,-32462,brushing
450472048,636,86,917,14315,36610,-32462,brushing
450476649,636,86,917,10675,-42332,-50855,brushing
450489186,639,-71,936,10675,-42332,-50855,brushing
450495922,639,-71,936,10412,-55282,-60305,brushing
450506628,665,103,757,10412,-55282,-60305,brushing
450514890,665,103,757,10220,-45692,-64750,brushing
450523764,734,510,643,10220,-45692,-64750,brushing
450534164,734,510,643,6335,-5075,-47460,brushing
450540901,833,1102,594,6335,-5075,-47460,brushing
450553438,833,1102,594,-700,12635,-7927,brushing
450558038,875,1180,658,-700,12635,-7927,brushing
450572712,875,1180,658,-8417,-19005,24027,brushing
450575480,761,397,671,-8417,-19005,24027,brushing
450591680,761,397,671,-7280,-23397,39217,brushing
450592616,607,100,680,-7280,-23397,39217,brushing
450609733,489,28,680,-7280,-23397,39217,brushing
450610974,489,28,680,-2835,-4340,44800,brushing
450627174,554,307,592,-2835,-4340,44800,brushing
450630247,554,307,592,-630,19670,51765,brushing
450644310,593,260,666,-630,19670,51765,brushing
450649216,593,260,666,-3570,29452,60217,brushing
450661447,495,-340,765,-3570,29452,60217,brushing
450668488,495,-340,765,-10377,-11182,43750,brushing
450678583,361,-1299,810,-10377,-11182,43750,brushing
450687763,361,-1299,810,-7455,-48422,-12162,brushing
450696025,479,-814,723,-7455,-48422,-12162,brushing
450706731,479,-814,723,6755,88007,-18305,brushing
450713162,616,179,1096,6755,88007,-18305,brushing
450726005,616,179,1096,10920,66675,-31220,brushing
450730299,643,134,982,10920,66675,-31220,brushing
450745279,643,134,982,2712,-45605,-59132,brushing
450747741,639,-171,890,2712,-45605,-59132,brushing
450764552,639,-171,890,-5267,-71067,-74865,brushing
450765182,623,-103,775,-5267,-71067,-74865,brushing
450781993,621,376,568,-5267,-71067,-74865,brushing
450783540,621,376,568,-5950,-23537,-72800,brushing
450799130,724,1030,586,-5950,-23537,-72800,brushing
450802814,724,1030,586,-6772,45640,-42210,brushing
450816573,848,1513,694,-6772,45640,-42210,brushing
450822089,848,1513,694,-13317,41825,3710,brushing
450833711,793,919,793,-13317,41825,3710,brushing
450841058,793,919,793,-17395,-9975,34545,brushing
450850848,663,326,803,-17395,-9975,34545,brushing
450860333,663,326,803,-11427,-13702,55177,brushing
450868291,520,95,849,-11427,-13702,55177,brushing
450879607,520,95,849,-1050,-5530,61460,brushing
450885428,494,159,763,-1050,-5530,61460,brushing
450898575,494,159,763,5267,9415,66465,brushing
450902565,502,102,772,5267,9415,66465,brushing
450917849,502,102,772,5215,-5635,59955,brushing
450919700,439,-311,751,5215,-5635,59955,brushing
450937122,327,-1087,758,595,-54775,21280,brushing
450954252,484,-710,502,595,-54775,21280,brushing
450956408,484,-710,502,6457,1067,-12337,brushing
450971388,644,206,914,6457,1067,-12337,brushing
450975377,644,206,914,7595,98857,-6685,brushing
450988831,648,162,952,7595,98857,-6685,brushing
450994652,648,162,952,1662,21157,-28560,brushing
451005967,575,-174,915,1662,21157,-28560,brushing
451013925,575,-174,915,-4445,-35227,-47845,brushing
451023105,564,-165,991,-4445,-35227,-47845,brushing
451032894,564,-165,991,-3955,-35770,-60392,brushing
451040546,573,206,809,-3955,-35770,-60392,brushing
451052168,573,206,809,-1820,-19932,-62965,brushing
451057683,622,697,692,-1820,-19932,-62965,brushing
451071441,622,697,692,-2520,15942,-38902,brushing
451074820,721,1179,636,-2520,15942,-38902,brushing
451090715,721,1179,636,-7157,21227,2747,brushing
451091957,802,1231,663,-7157,21227,2747,brushing
451109379,743,576,684,-11760,-8102,34037,brushing
451126507,607,218,746,-11760,-8102,34037,brushing
451128969,607,218,746,-10955,-10990,53497,brushing
451143643,538,190,701,-10955,-10990,53497,brushing
451148243,538,190,701,-5967,9992,63560,brushing
451161085,516,107,752,-5967,9992,63560,brushing
451167211,516,107,752,-4095,25585,68390,brushing
451178222,308,-758,971,-4095,25585,68390,brushing
451186484,308,-758,971,-8365,-53252,28210,brushing
451195358,280,-1173,600,-8365,-53252,28210,brushing
451205757,280,-1173,600,3167,-14315,-12897,brushing
451212494,421,-426,723,3167,-14315,-12897,brushing
451224726,421,-426,723,11042,118195,-11392,brushing
451229936,582,499,1106,11042,118195,-11392,brushing
451244000,582,499,1106,10605,40827,-27405,brushing
451247073,526,174,1055,10605,40827,-27405,brushing
451263273,526,174,1055,4375,-79222,-55632,brushing
451264209,512,-180,968,4375,-79222,-55632,brushing
451281631,526,-324,875,4375,-79222,-55632,brushing
451282261,526,-324,875,2415,-98945,-75512,brushing
451298768,552,94,695,2415,-98945,-75512,brushing
451301536,552,94,695,5652,-62615,-86485,brushing
451315904,631,633,526,5652,-62615,-86485,brushing
451320810,631,633,526,6300,175,-71890,brushing
451333041,747,1293,556,6300,175,-71890,brushing
451340084,747,1293,556,1260,54477,-31342,brushing
451350483,826,1722,585,1260,54477,-31342,brushing
451359051,826,1722,585,-8417,32637,22050,brushing
451367620,765,973,711,-8417,32637,22050,brushing
451378326,765,973,711,-12477,-23852,56490,brushing
451384757,633,408,721,-12477,-23852,56490,brushing
451397598,633,408,721,-6965,-22732,79117,brushing
451402198,515,83,782,-6965,-22732,79117,brushing
451416872,515,83,782,-402,-1732,84997,brushing
451419335,439,-176,838,-402,-1732,84997,brushing
451435841,439,-176,838,1260,-16940,66097,brushing
451436471,328,-897,944,1260,-16940,66097,brushing
451453587,269,-1497,762,1260,-16940,66097,brushing
451455134,269,-1497,762,3570,-73272,2572,brushing
451471028,379,-717,820,3570,-73272,2572,brushing
451474407,379,-717,820,16222,43592,-26180,brushing
451488165,546,327,1069,16222,43592,-26180,brushing
451493376,546,327,1069,20335,80115,-37975,brushing
451505302,541,428,1009,20335,80115,-37975,brushing
451512650,541,428,1009,13282,-43155,-59710,brushing
451522744,525,86,895,13282,-43155,-59710,brushing
451531922,525,86,895,8540,-104842,-74480,brushing
451539881,538,-28,669,8540,-104842,-74480,brushing
451550892,538,-28,669,14927,-30642,-69020,brushing
451557019,637,694,660,14927,-30642,-69020,brushing
451570166,637,694,660,16432,45307,-37572,brushing
451574155,790,1410,574,16432,45307,-37572,brushing
451589439,790,1410,574,7385,39882,6825,brushing
451591597,827,1356,658,7385,39882,6825,brushing
451608407,827,1356,658,-2940,-28070,33967,brushing
451609037,733,467,656,-2940,-28070,33967,brushing
451625848,597,32,768,-2940,-28070,33967,brushing
451627700,597,32,768,-2940,-27737,51642,brushing
451642985,502,-131,784,-2940,-27737,51642,brushing
451646974,502,-131,784,1347,-14227,50872,brushing
451660426,516,-92,778,1347,-14227,50872,brushing
451665942,516,-92,778,3290,840,46077,brushing
451677563,498,-280,788,3290,840,46077,brushing
451685216,498,-280,788,2152,-6422,31010,brushing
451694700,445,-806,822,2152,-6422,31010,brushing
451704490,445,-806,822,1767,-21315,-4217,brushing
451712142,473,-696,776,1767,-21315,-4217,brushing
451723763,473,-696,776,6807,33197,-23117,brushing
451729278,568,-26,969,6807,33197,-23117,brushing
451742731,568,-26,969,5722,26302,-39970,brushing
451746416,550,87,948,5722,26302,-39970,brushing
451762005,550,87,948,-402,-28455,-57715,brushing
451763552,555,185,927,-402,-28455,-57715,brushing
451780974,547,68,806,-2992,-51555,-66972,brushing
451798103,573,319,718,-2992,-51555,-66972,brushing
451800261,573,319,718,332,-14052,-64015,brushing
451815241,653,915,709,332,-14052,-64015,brushing
451819536,653,915,709,1470,34195,-42052,brushing
451832683,759,1468,655,1470,34195,-42052,brushing
451838809,759,1468,655,-4077,35297,-1540,brushing
451849820,701,1008,727,-4077,35297,-1540,brushing
451858084,701,1008,727,-11672,-22470,26985,brushing
451866957,614,464,651,-11672,-22470,26985,brushing
451877052,614,464,651,-12145,-24692,50662,brushing
451884399,527,201,725,-12145,-24692,50662,brushing
451896325,527,201,725,-8802,5862,65292,brushing
451901536,471,79,732,-8802,5862,65292,brushing
451915599,471,79,732,-6895,20860,67445,brushing
451918672,465,-62,814,-6895,20860,67445,brushing
451934873,465,-62,814,-7087,3902,51625,brushing
451935809,385,-637,912,-7087,3902,51625,brushing
451953231,335,-1093,868,-7087,3902,51625,brushing
451953861,335,-1093,868,-3535,-29400,6247,brushing
451970367,421,-393,1003,-3535,-29400,6247,brushing
451973135,421,-393,1003,8487,49332,-17780,brushing
451987504,485,119,1226,8487,49332,-17780,brushing
451992410,485,119,1226,14560,34387,-37852,brushing
452004947,490,96,1007,14560,34387,-37852,brushing
452011378,490,96,1007,12390,-66010,-67987,brushing
452022084,580,96,888,12390,-66010,-67987,brushing
452030652,580,96,888,8032,-97825,-78627,brushing
452039221,586,50,734,8032,-97825,-78627,brushing
452049925,586,50,734,11707,-56542,-78837,brushing
452056662,618,485,647,11707,-56542,-78837,brushing
452068894,618,485,647,13527,9012,-56595,brushing
452073799,732,1119,609,13527,9012,-56595,brushing
452088168,732,1119,609,6790,8697,-20947,brushing
452090935,819,1350,597,6790,8697,-20947,brushing
452107441,819,1350,597,-2380,-36750,12775,brushing
452108071,713,600,660,-2380,-36750,12775,brushing
452125493,583,204,592,-2380,-36750,12775,brushing
452126736,583,204,592,-1925,-37240,31972,brushing
452142631,517,160,678,-1925,-37240,31972,brushing
452145705,517,160,678,595,-9240,44992,brushing
452159768,483,143,618,595,-9240,44992,brushing
452164978,483,143,618,2152,7175,49052,brushing
452177209,529,338,696,2152,7175,49052,brushing
452184252,529,338,696,-1225,14455,56472,brushing
452194346,465,-46,788,-1225,14455,56472,brushing
452203221,465,-46,788,-1907,-5407,49087,brushing
452211484,364,-749,916,-1907,-5407,49087,brushing
452222494,364,-749,916,1977,-43242,11340,brushing
452228621,285,-1313,902,1977,-43242,11340,brushing
452241767,285,-1313,902,16485,-787,-30922,brushing
452246060,425,-511,937,16485,-787,-30922,brushing
452261040,425,-511,937,25480,62965,-43067,brushing
452263197,549,134,1024,25480,62965,-43067,brushing
452280007,549,134,1024,22662,-3080,-64907,brushing
452280637,579,220,951,22662,-3080,-64907,brushing
452297753,609,204,799,22662,-3080,-64907,brushing
452299300,609,204,799,14385,-54407,-74672,brushing
452314890,603,293,705,14385,-54407,-74672,brushing
452318573,603,293,705,13510,-25287,-70507,brushing
452332026,703,880,716,13510,-25287,-70507,brushing
452337541,703,880,716,14262,36715,-42350,brushing
452349162,859,1379,724,14262,36715,-42350,brushing
452356815,859,1379,724,6720,28525,-3272,brushing
452366606,802,778,824,6720,28525,-3272,brushing
452376090,802,778,824,402,-28437,19617,brushing
452383743,690,170,712,402,-28437,19617,brushing
452395058,690,170,712,4235,-7420,36925,brushing
452400879,645,226,678,4235,-7420,36925,brushing
452414332,645,226,678,3010,13177,46480,brushing
452418016,597,212,615,3010,13177,46480,brushing
452433606,597,212,615,-3395,12687,47845,brushing
452435458,585,188,482,-3395,12687,47845,brushing
452452574,596,252,457,-15907,48475,56682,brushing
452469703,491,-1,519,-15907,48475,56682,brushing
452471861,491,-1,519,-35192,56507,56945,brushing
452487145,254,-768,633,-35192,56507,56945,brushing
452491134,254,-768,633,-53690,16782,22872,brushing
452504281,257,-751,397,-53690,16782,22872,brushing
452510101,257,-751,397,-62090,68757,-14665,brushing
452521416,475,211,579,-62090,68757,-14665,brushing
452529373,475,211,579,-72607,190295,-15697,brushing
452538552,512,700,777,-72607,190295,-15697,brushing
452548647,512,700,777,-87202,188982,-20510,brushing
452555995,309,938,826,-87202,188982,-20510,brushing
452567921,309,938,826,-106155,106855,-21560,brushing
452573132,514,1013,1063,-106155,106855,-21560,brushing
452586890,514,1013,1063,-115150,37817,-19635,brushing
452590269,325,665,1320,-115150,37817,-19635,brushing
452606164,325,665,1320,-106190,13667,-23275,brushing
452607712,283,531,1462,-106190,13667,-23275,brushing
452624827,353,668,1526,-106190,13667,-23275,brushing
452625458,353,668,1526,-87990,-4357,-28577,brushing
452641965,446,658,1437,-87990,-4357,-28577,brushing
452644428,446,658,1437,-71347,-51572,-34650,brushing
452659103,507,727,1198,-71347,-51572,-34650,brushing
452663702,507,727,1198,-65800,-124967,-41650,brushing
452676544,463,575,1066,-65800,-124967,-41650,brushing
452682975,463,575,1066,-67987,-190190,-43505,brushing
452693680,439,409,952,-67987,-190190,-43505,brushing
452701943,439,409,952,-69422,-223772,-42350,brushing
452710816,392,235,855,-69422,-223772,-42350,brushing
452721217,392,235,855,-68407,-226747,-39165,brushing
452727953,343,-17,784,-68407,-226747,-39165,brushing
452740490,343,-17,784,-62982,-194810,-37555,brushing
452745396,301,-133,763,-62982,-194810,-37555,brushing
452759764,301,-133,763,-56367,-154070,-36802,brushing
452762532,268,-131,739,-56367,-154070,-36802,brushing
452778733,268,-131,739,-52150,-127610,-36732,brushing
452779668,271,-94,708,-52150,-127610,-36732,brushing
452797090,317,-10,665,-52150,-127610,-36732,brushing
452798026,317,-10,665,-51117,-116760,-35140,brushing
452814227,300,-1,688,-51117,-116760,-35140,brushing
452817300,300,-1,688,-51520,-112980,-29102,brushing
452831363,280,-49,703,-51520,-112980,-29102,brushing
452836269,280,-49,703,-50417,-98770,-19530,brushing
452848806,295,-107,673,-50417,-98770,-19530,brushing
452855542,295,-107,673,-50610,-64487,-6842,brushing
452865942,270,-225,630,-50610,-64487,-6842,brushing
452874815,270,-225,630,-55317,-22452,2765,brushing
452883080,173,-298,767,-55317,-22452,2765,brushing
452893784,173,-298,767,-59657,10955,5565,brushing
452900216,71,-142,1060,-59657,10955,5565,brushing
452913058,71,-142,1060,-56927,5827,6562,brushing
452917658,-1,-94,1280,-56927,5827,6562,brushing
452932332,-1,-94,1280,-45447,-38202,840,brushing
452934795,-107,-246,1468,-45447,-38202,840,brushing
452951605,-107,-246,1468,-20282,-58065,-5775,brushing
452952236,-168,-314,1488,-20282,-58065,-5775,brushing
452969351,-217,-282,1460,-20282,-58065,-5775,brushing
452970593,-217,-282,1460,9537,-53970,-11375,brushing
452986488,-140,-167,1230,9537,-53970,-11375,brushing
452989867,-140,-167,1230,32847,-63647,-20212,brushing
453003625,-20,-126,937,32847,-63647,-20212,brushing
453009140,-20,-126,937,40600,-90685,-27370,brushing
453020762,82,-132,755,40600,-90685,-27370,brushing
453028109,82,-132,755,38377,-120837,-34650,brushing
453038204,126,-319,565,38377,-120837,-34650,brushing
453047384,126,-319,565,35245,-119805,-38290,brushing
453055342,130,-382,472,35245,-119805,-38290,brushing
453066658,130,-382,472,35717,-57050,-31675,brushing
453072479,215,-369,305,35717,-57050,-31675,brushing
453085627,215,-369,305,32357,31447,-16992,brushing
453089616,309,-231,383,32357,31447,-16992,brushing
453104900,309,-231,383,16310,87587,262,brushing
453107058,386,-98,224,16310,87587,262,brushing
453124175,363,-167,201,-24237,67322,6422,brushing
453141304,186,-483,602,-24237,67322,6422,brushing
453143461,186,-483,602,-59097,63105,6230,brushing
453158746,-30,-431,1071,-59097,63105,6230,brushing
453162430,-30,-431,1071,-67970,111475,5652,brushing
453175883,29,-102,1037,-67970,111475,5652,brushing
453181703,29,-102,1037,-70052,116165,1995,brushing
453193020,-265,124,2315,-70052,116165,1995,brushing
453200978,-265,124,2315,-35665,92102,-1365,brushing
453210462,-217,59,1844,-35665,92102,-1365,brushing
453219946,-217,59,1844,-2520,-23555,-16625,brushing
453227599,-180,-24,1845,-2520,-23555,-16625,brushing
453239220,-180,-24,1845,32585,-74532,-24255,brushing
453244736,-12,-5,1286,32585,-74532,-24255,brushing
453258494,-12,-5,1286,48037,-99452,-27457,brushing
453261873,141,-20,746,48037,-99452,-27457,brushing
453277768,141,-20,746,44100,-104370,-26967,brushing
453279314,93,-160,972,44100,-104370,-26967,brushing
453296430,152,-99,576,48562,-63577,-13562,brushing
453313559,280,-243,446,48562,-63577,-13562,brushing
453316021,280,-243,446,41982,-17780,-1785,brushing
453331001,415,-303,-77,41982,-17780,-1785,brushing
453335296,415,-303,-77,8557,9205,6107,brushing
453348138,359,-589,-50,8557,9205,6107,brushing
453354263,359,-589,-50,-43137,28752,612,brushing
453365273,121,-564,417,-43137,28752,612,brushing
453373536,121,-564,417,-75687,100852,-1802,brushing
453382410,22,-59,734,-75687,100852,-1802,brushing
453392809,22,-59,734,-93257,118895,-3552,brushing
453399850,-105,97,1273,-93257,118895,-3552,brushing
453411777,-105,97,1273,-88550,77997,-8767,brushing
453416987,-414,50,2070,-88550,77997,-8767,brushing
453431052,-414,50,2070,-36610,44590,-7682,brushing
453434125,-413,157,2345,-36610,44590,-7682,brushing
453450326,-413,157,2345,25375,-22785,-15575,brushing
453451568,-210,133,1798,25375,-22785,-15575,brushing
453468684,-61,21,1125,25375,-22785,-15575,brushing
453469620,-61,21,1125,59325,-90335,-24500,brushing
453485820,50,23,831,59325,-90335,-24500,brushing
453488589,50,23,831,68285,-104982,-25532,brushing
453502957,132,-128,515,68285,-104982,-25532,brushing
453507863,132,-128,515,67480,-69790,-14210,brushing
453520399,232,-158,515,67480,-69790,-14210,brushing
453527136,232,-158,515,60550,4672,3430,brushing
453537536,551,-63,-239,60550,4672,3430,brushing
453546104,551,-63,-239,11585,11340,12057,brushing
453554673,436,-462,-124,11585,11340,12057,brushing
453565378,436,-462,-124,-50330,34002,11392,brushing
453572115,95,-551,474,-50330,34002,11392,brushing
453584652,95,-551,474,-75162,122115,14105,brushing
453589252,-105,-125,1137,-75162,122115,14105,brushing
453603925,-105,-125,1137,-78715,132177,10657,brushing
453606388,-77,250,1208,-78715,132177,10657,brushing
453622893,-77,250,1208,-69370,49455,-3167,brushing
453623830,-409,-79,1994,-69370,49455,-3167,brushing
453640947,-383,157,2282,-69370,49455,-3167,brushing
453642189,-383,157,2282,-17062,23170,-5740,brushing
453658084,-209,174,1785,-17062,23170,-5740,brushing
453661463,-209,174,1785,39445,-32707,-13597,brushing
453675526,-29,129,1121,39445,-32707,-13597,brushing
453680736,-29,129,1121,62247,-96530,-23047,brushing
453692663,52,117,842,62247,-96530,-23047,brushing
453699704,52,117,842,63735,-108780,-21437,brushing
453709799,128,14,536,63735,-108780,-21437,brushing
453718979,128,14,536,60567,-62860,-7822,brushing
453726936,265,-162,380,60567,-62860,-7822,brushing
453738252,265,-162,380,44257,3360,9415,brushing
453744378,442,-190,44,44257,3360,9415,brushing
453757220,442,-190,44,-6965,11532,10850,brushing
453761515,369,-500,-40,-6965,11532,10850,brushing
453776495,369,-500,-40,-57487,51135,5547,brushing
453778652,63,-532,587,-57487,51135,5547,brushing
453795768,90,-24,389,-77297,120645,3937,brushing
453813202,-258,148,1671,-77297,120645,3937,brushing
453814749,-258,148,1671,-90807,110040,-840,brushing
453830338,-414,206,2018,-90807,110040,-840,brushing
453834022,-414,206,2018,-60025,72887,-5005,brushing
453847475,-407,263,2189,-60025,72887,-5005,brushing
453853296,-407,263,2189,-3867,24290,-7297,brushing
453864917,-248,291,1776,-3867,24290,-7297,brushing
453872266,-248,291,1776,42437,-59202,-17832,brushing
453882055,-81,115,1128,42437,-59202,-17832,brushing
453891539,-81,115,1128,62825,-110005,-24867,brushing
453899191,-4,116,877,62825,-110005,-24867,brushing
453910812,-4,116,877,65380,-111755,-25445,brushing
453916328,73,-114,339,65380,-111755,-25445,brushing
453930086,73,-114,339,58922,-56455,-21980,brushing
453933770,68,-350,551,58922,-56455,-21980,brushing
453949054,68,-350,551,53497,44747,-4620,brushing
453950905,288,89,320,53497,44747,-4620,brushing
453968021,468,-77,-18,9625,24290,-3272,brushing
453985455,163,-438,265,9625,24290,-3272,brushing
453987613,163,-438,265,-39602,27632,-8907,brushing
454002593,-28,-247,697,-39602,27632,-8907,brushing
454006582,-28,-247,697,-57330,114695,-6282,brushing
454019729,-73,261,1056,-57330,114695,-6282,brushing
454025856,-73,261,1056,-62580,133805,-7385,brushing
454036866,-131,295,1447,-62580,133805,-7385,brushing
454045130,-131,295,1447,-64032,57417,-13930,brushing
454054309,-278,123,1805,-64032,57417,-13930,brushing
454064098,-278,123,1805,-35280,21035,-12792,brushing
454071445,-363,198,2271,-35280,21035,-12792,brushing
454083371,-363,198,2271,22172,-7402,-13527,brushing
454088581,-179,305,1858,22172,-7402,-13527,brushing
454102644,-179,305,1858,61092,-85242,-23187,brushing
454105717,-96,152,1353,61092,-85242,-23187,brushing
454121612,-96,152,1353,77595,-125247,-28175,brushing
454123158,-47,207,983,77595,-125247,-28175,brushing
454140275,71,-24,424,77595,-125247,-28175,brushing
454140905,71,-24,424,75775,-124757,-27755,brushing
454157412,35,-338,708,75775,-124757,-27755,brushing
454160180,35,-338,708,74532,-39882,-19320,brushing
454174853,300,283,347,74532,-39882,-19320,brushing
454179453,300,283,347,65870,45220,3307,brushing
454191989,575,81,-150,65870,45220,3307,brushing
454198421,575,81,-150,5057,-24202,-2957,brushing
454209126,208,-513,165,5057,-24202,-2957,brushing
454217696,208,-513,165,-44782,21210,-2695,brushing
454226263,-16,-346,724,-44782,21210,-2695,brushing
454236968,-16,-346,724,-55807,118317,1837,brushing
454243704,-129,235,1304,-55807,118317,1837,brushing
454255936,-129,235,1304,-54057,84717,-6072,brushing
454260841,-152,324,1592,-54057,84717,-6072,brushing
454275209,-152,324,1592,-37677,-9800,-14157,brushing
454277978,-383,63,2022,-37677,-9800,-14157,brushing
454294484,-383,63,2022,9730,-37397,-15627,brushing
454295419,-232,130,2034,9730,-37397,-15627,brushing
454312535,-131,140,1599,9730,-37397,-15627,brushing
454313776,-131,140,1599,56087,-70175,-21420,brushing
454329672,9,122,1222,56087,-70175,-21420,brushing
454332746,9,122,1222,77560,-119525,-27667,brushing
454347114,75,32,812,77560,-119525,-27667,brushing
454352019,75,32,812,81935,-141312,-29715,brushing
454364251,156,-157,463,81935,-141312,-29715,brushing
454371292,156,-157,463,78767,-101832,-22505,brushing
454381387,121,-114,876,78767,-101832,-22505,brushing
454390260,121,-114,876,83790,-2817,2730,brushing
454398524,509,294,123,83790,-2817,2730,brushing
454409533,509,294,123,45920,-22015,14717,brushing
454415965,634,-284,-314,45920,-22015,14717,brushing
454428807,634,-284,-314,-22750,-40127,12267,brushing
454433101,317,-830,-24,-22750,-40127,12267,brushing
454447776,317,-830,-24,-62772,71680,14227,brushing
454450239,52,-587,746,-62772,71680,14227,brushing
454467050,52,-587,746,-64382,150500,14052,brushing
454467680,-57,74,1378,-64382,150500,14052,brushing
454484796,38,157,1296,-64382,150500,14052,brushing
454486344,38,157,1296,-66727,54110,-2922,brushing
454501934,-277,-64,1879,-66727,54110,-2922,brushing
454505313,-277,-64,1879,-42910,-12565,-6142,brushing
454519070,-60,162,1811,-42910,-12565,-6142,brushing
454524585,-60,162,1811,5477,-16450,-2327,brushing
454536511,-55,157,1560,5477,-16450,-2327,brushing
454543859,-55,157,1560,45605,-50085,-1015,brushing
454553649,59,108,1163,45605,-50085,-1015,brushing
454563133,59,108,1163,62982,-96127,-1820,brushing
454570785,75,8,833,62982,-96127,-1820,brushing
454582101,75,8,833,66902,-118597,-2590,brushing
454587921,191,-254,337,66902,-118597,-2590,brushing
454601374,191,-254,337,59412,-82460,-157,brushing
454605362,210,-636,383,59412,-82460,-157,brushing
454620647,210,-636,383,59430,40197,14490,brushing
454622500,318,-211,469,59430,40197,14490,brushing
454639616,704,29,-115,25217,58100,21770,brushing
454657051,372,-555,129,25217,58100,21770,brushing
454658903,372,-555,129,-33600,20282,15890,brushing
454674189,207,-377,632,-33600,20282,15890,brushing
454678178,207,-377,632,-64855,91210,16135,brushing
454691325,176,83,968,-64855,91210,16135,brushing
454697146,176,83,968,-77157,114800,14262,brushing
454708462,-59,263,1652,-77157,114800,14262,brushing
454716420,-59,263,1652,-64050,69142,9887,brushing
454725903,-92,312,1980,-64050,69142,9887,brushing
454735692,-92,312,1980,-23187,18742,8347,brushing
454743039,-170,273,2150,-23187,18742,8347,brushing
454754662,-170,273,2150,35332,-27142,4812,brushing
454760177,-14,324,1748,35332,-27142,4812,brushing
454773936,-14,324,1748,73955,-89495,-420,brushing
454777314,60,190,1237,73955,-89495,-420,brushing
454793209,60,190,1237,86730,-124582,-6195,brushing
454794755,149,49,753,86730,-124582,-6195,brushing
454811871,293,-182,272,77857,-120015,-9555,brushing
454829000,352,-599,361,77857,-120015,-9555,brushing
454831464,352,-599,361,61547,-33757,-1697,brushing
454846138,400,-181,614,61547,-33757,-1697,brushing
454850738,400,-181,614,50120,84472,12320,brushing
454863581,760,148,48,50120,84472,12320,brushing
454870012,760,148,48,-6020,45360,10780,brushing
454880717,360,-444,388,-6020,45360,10780,brushing
454888979,360,-444,388,-56927,30817,1767,brushing
454897853,143,-246,784,-56927,30817,1767,brushing
454908253,143,-246,784,-76597,103425,1610,brushing
454914990,128,269,1189,-76597,103425,1610,brushing
454927527,128,269,1189,-78225,91210,-1680,brushing
454932432,-191,318,1971,-78225,91210,-1680,brushing
454946496,-191,318,1971,-47985,23467,-9310,brushing
454949569,-146,277,1996,-47985,23467,-9310,brushing
454965769,-146,277,1996,-3220,-40827,-18882,brushing
454966705,-174,121,1975,-3220,-40827,-18882,brushing
454984126,-8,54,1430,-3220,-40827,-18882,brushing
454985063,-8,54,1430,38115,-80955,-31115,brushing
455001262,97,87,1070,38115,-80955,-31115,brushing
455004030,97,87,1070,56087,-111842,-39882,brushing
455018398,194,57,611,56087,-111842,-39882,brushing
455023302,194,57,611,56245,-131460,-43662,brushing
455035533,285,-348,287,56245,-131460,-43662,brushing
455042575,285,-348,287,48247,-83510,-39707,brushing
455052975,304,-329,583,48247,-83510,-39707,brushing
455061848,304,-329,583,46970,44187,-16065,brushing
455070112,721,126,-161,46970,44187,-16065,brushing
455080817,721,126,-161,-3937,29767,-8277,brushing
455087248,583,-315,-1,-3937,29767,-8277,brushing
455100090,583,-315,-1,-61967,12635,-10360,brushing
455104691,224,-618,426,-61967,12635,-10360,brushing
455119364,224,-618,426,-83195,102742,-9485,brushing
455121826,102,-310,703,-83195,102742,-9485,brushing
455138332,102,-310,703,-89670,130707,-13860,brushing
455138962,-65,217,1368,-89670,130707,-13860,brushing
455156080,-197,279,1774,-89670,130707,-13860,brushing
455157627,-197,279,1774,-71610,60007,-19582,brushing
455173521,-249,172,2179,-71610,60007,-19582,brushing
455176899,-249,172,2179,-23765,2537,-22365,brushing
455190658,-154,192,1867,-23765,2537,-22365,brushing
455195868,-154,192,1867,37485,-27877,-25847,brushing
455207795,14,92,1323,37485,-27877,-25847,brushing
455215141,14,92,1323,70507,-77560,-32900,brushing
455225236,109,161,968,70507,-77560,-32900,brushing
455234414,109,161,968,77000,-113557,-36487,brushing
455242372,154,21,555,77000,-113557,-36487,brushing
455253688,154,21,555,69632,-114432,-39165,brushing
455259509,182,-375,432,69632,-114432,-39165,brushing
455272657,182,-375,432,72380,-6667,-26722,brushing
455276647,231,-15,741,72380,-6667,-26722,brushing
455291931,231,-15,741,56822,55667,-6107,brushing
455294090,729,342,-98,56822,55667,-6107,brushing
455311206,516,-458,-20,-10885,-23292,-12757,brushing
455328335,257,-540,395,-10885,-23292,-12757,brushing
455330187,257,-540,395,-61267,37747,-13947,brushing
455345778,37,-116,1077,-61267,37747,-13947,brushing
455349461,37,-116,1077,-75442,143132,-10412,brushing
455362914,-55,396,1492,-75442,143132,-10412,brushing
455368735,-55,396,1492,-73535,108342,-21595,brushing
455380052,-126,303,1808,-73535,108342,-21595,brushing
455387703,-126,303,1808,-59745,4532,-34317,brushing
455397188,-147,278,1855,-59745,4532,-34317,brushing
455406977,-147,278,1855,-24552,-27282,-34335,brushing
455414630,-118,189,1957,-24552,-27282,-34335,brushing
455426251,-118,189,1957,18672,-45570,-34930,brushing
455431767,90,204,1406,18672,-45570,-34930,brushing
455445220,90,204,1406,36802,-85365,-39760,brushing
455448905,114,96,1180,36802,-85365,-39760,brushing
455464495,114,96,1180,38990,-118247,-45902,brushing
455466042,146,25,830,38990,-118247,-45902,brushing
455483464,223,-139,483,30607,-117880,-47932,brushing
455500592,227,-324,703,30607,-117880,-47932,brushing
455503055,227,-324,703,27737,-32340,-34912,brushing
455517729,485,168,353,27737,-32340,-34912,brushing
455522023,485,168,353,16747,47757,-13090,brushing
455535171,643,78,-3,16747,47757,-13090,brushing
455541297,643,78,-3,-44082,-22627,-17220,brushing
455552308,203,-616,244,-44082,-22627,-17220,brushing
455560571,203,-616,244,-88357,14577,-18987,brushing
455569445,-8,-395,743,-88357,14577,-18987,brushing
455579539,-8,-395,743,-99295,105962,-18042,brushing
455586886,-97,84,1154,-99295,105962,-18042,brushing
455598813,-97,84,1154,-99610,70490,-32410,brushing
455604023,-214,156,1573,-99610,70490,-32410,brushing
455618086,-214,156,1573,-84892,2082,-41667,brushing
455621159,-199,96,1407,-84892,2082,-41667,brushing
455637360,-199,96,1407,-50102,-14140,-38657,brushing
455638296,-339,66,2084,-50102,-14140,-38657,brushing
455655718,-132,371,1738,-50102,-14140,-38657,brushing
455656348,-132,371,1738,4602,-15680,-34090,brushing
455672854,-102,98,1324,4602,-15680,-34090,brushing
455675623,-102,98,1324,36295,-84140,-38482,brushing
455689992,-62,63,1073,36295,-84140,-38482,brushing
455694897,-62,63,1073,49857,-125510,-42735,brushing
455707435,63,-112,413,49857,-125510,-42735,brushing
455713865,63,-112,413,44292,-141592,-46690,brushing
455724569,158,-598,232,44292,-141592,-46690,brushing
455733137,158,-598,232,33565,-50120,-39480,brushing
455741705,127,-382,605,33565,-50120,-39480,brushing
455752411,127,-382,605,27142,84105,-16047,brushing
455759147,506,334,-108,27142,84105,-16047,brushing
455771684,506,334,-108,-30310,16012,-17990,brushing
455776283,262,-391,107,-30310,16012,-17990,brushing
455790651,262,-391,107,-77700,7542,-25060,brushing
455793418,-60,-604,424,-77700,7542,-25060,brushing
455809924,-60,-604,424,-90230,103075,-22067,brushing
455810554,-181,-318,757,-90230,103075,-22067,brushing
455827976,-302,8,1215,-90230,103075,-22067,brushing
455829218,-302,8,1215,-92627,91420,-36067,brushing
455845113,-513,50,1816,-92627,91420,-36067,brushing
455848186,-513,50,1816,-62492,45605,-41510,brushing
455862249,-355,63,1558,-62492,45605,-41510,brushing
455867459,-355,63,1558,-24535,-35945,-54110,brushing
455879691,-282,-223,1250,-24535,-35945,-54110,brushing
455886732,-282,-223,1250,5057,-83265,-65870,brushing
455896827,-131,-315,869,5057,-83265,-65870,brushing
455906006,-131,-315,869,18637,-89337,-70315,brushing
455913964,-66,-292,730,18637,-89337,-70315,brushing
455924974,-66,-292,730,18952,-85977,-68390,brushing
455931406,71,55,731,18952,-85977,-68390,brushing
455944247,71,55,731,16240,-77525,-49332,brushing
455948542,152,-50,616,16240,-77525,-49332,brushing
455963521,152,-50,616,15732,-47652,-30625,brushing
455965679,257,-61,768,15732,-47652,-30625,brushing
455982796,257,-61,768,23327,665,-5950,brushing
455983426,243,57,1006,23327,665,-5950,brushing
456000238,215,114,1214,23327,665,-5950,brushing
456001784,215,114,1214,35227,26547,19862,brushing
456017373,220,490,1383,35227,26547,19862,brushing
456021057,220,490,1383,51730,36120,50207,brushing
456034510,238,385,1727,51730,36120,50207,brushing
456040331,238,385,1727,64505,-262,81497,brushing
456051952,130,136,1296,64505,-262,81497,brushing
456059300,130,136,1296,68355,-80027,80377,brushing
456069090,-5,-249,1178,68355,-80027,80377,brushing
456078575,-5,-249,1178,65572,-123987,78032,brushing
456086227,-56,-567,1010,65572,-123987,78032,brushing
456097849,-56,-567,1010,55247,-150290,58502,brushing
456103669,-109,-764,764,55247,-150290,58502,brushing
456117122,-109,-764,764,37380,-155067,33145,brushing
456120807,-121,-821,578,37380,-155067,33145,brushing
456136091,-121,-821,578,15785,-139317,8872,brushing
456137943,-96,-835,551,15785,-139317,8872,brushing
456155363,-58,-655,524,-3272,-100905,-2345,brushing
456172492,-74,-300,684,-3272,-100905,-2345,brushing
456174649,-74,-300,684,-20475,-61495,-3097,brushing
456189628,-127,-81,868,-20475,-61495,-3097,brushing
456193922,-127,-81,868,-31692,-51835,2992,brushing
456207070,-243,-177,1033,-31692,-51835,2992,brushing
456212891,-243,-177,1033,-30642,-51712,9362,brushing
456224207,-226,-442,1111,-30642,-51712,9362,brushing
456232166,-226,-442,1111,-19005,-25602,7822,brushing
456241345,-209,-545,1017,-19005,-25602,7822,brushing
456251440,-209,-545,1017,-10815,-6912,-3080,brushing
456258482,-182,-539,994,-10815,-6912,-3080,brushing
456270407,-182,-539,994,-5670,-2327,-16030,brushing
456275923,-139,-534,1001,-5670,-2327,-16030,brushing
456289680,-139,-534,1001,-752,1067,-26127,brushing
456293059,-41,-395,964,-752,1067,-26127,brushing
456308954,-41,-395,964,1120,6632,-27982,brushing
456310195,104,-347,831,1120,6632,-27982,brushing
456327616,168,-353,659,1120,6632,-27982,brushing
456328246,168,-353,659,-1890,-1120,-26495,brushing
456344753,228,-408,625,-1890,-1120,-26495,brushing
456347216,228,-408,625,-7892,-6930,-17780,brushing
456361890,283,-442,730,-7892,-6930,-17780,brushing
456366490,283,-442,730,-9415,7647,-5705,brushing
456379333,302,-377,879,-9415,7647,-5705,brushing
456385764,302,-377,879,-1137,31290,10710,brushing
456396469,276,-321,1005,-1137,31290,10710,brushing
456404733,276,-321,1005,12355,29260,24780,brushing
456413607,205,-408,1051,12355,29260,24780,brushing
456424007,205,-408,1051,23362,-245,29330,brushing
456430744,193,-492,1038,23362,-245,29330,brushing
456443280,193,-492,1038,32882,-18217,29907,brushing
456448185,189,-451,1002,32882,-18217,29907,brushing
456462554,189,-451,1002,39917,-23590,30625,brushing
456465322,160,-346,970,39917,-23590,30625,brushing
456481522,160,-346,970,42997,-33337,31622,brushing
456482458,102,-287,938,42997,-33337,31622,brushing
456499880,78,-282,929,42997,-33337,31622,brushing
456500816,78,-282,929,41965,-53410,32025,brushing
456517017,48,-376,877,41965,-53410,32025,brushing
456520090,48,-376,877,37712,-69405,31465,brushing
456534153,67,-435,853,37712,-69405,31465,brushing
456539058,67,-435,853,35192,-58065,31797,brushing
456551596,162,-350,952,35192,-58065,31797,brushing
456558333,162,-350,952,35630,-29662,37310,brushing
456568732,115,-470,722,35630,-29662,37310,brushing
456577606,115,-470,722,31307,-23467,40722,brushing
456585869,-47,-434,1027,31307,-23467,40722,brushing
456596880,-47,-434,1027,30467,5792,49000,brushing
456603007,-79,-545,961,30467,5792,49000,brushing
456615849,-79,-545,961,29750,37450,49332,brushing
456620448,-196,-630,996,29750,37450,49332,brushing
456635122,-196,-630,996,29032,70245,43470,brushing
456637585,-221,-636,906,29032,70245,43470,brushing
456654395,-221,-636,906,17552,63507,28385,brushing
456655026,-242,-692,786,17552,63507,28385,brushing
456672142,-184,-543,749,17552,63507,28385,brushing
456673383,-184,-543,749,1907,50032,7980,brushing
456689279,-117,-416,810,1907,50032,7980,brushing
456692658,-117,-416,810,-12512,25305,-9380,brushing
456706416,-76,-422,848,-12512,25305,-9380,brushing
456711931,-76,-422,848,-19232,13195,-24780,brushing
456723553,0,-321,782,-19232,13195,-24780,brushing
456730901,0,-321,782,-21997,19040,-30677,brushing
456740996,66,-153,868,-21997,19040,-30677,brushing
456750175,66,-153,868,-23852,9065,-28402,brushing
456758133,180,-198,904,-23852,9065,-28402,brushing
456769448,180,-198,904,-23257,-4917,-24552,brushing
456775268,232,-294,865,-23257,-4917,-24552,brushing
456788416,232,-294,865,-21035,-14402,-20265,brushing
456792710,249,-499,867,-21035,-14402,-20265,brushing
456807689,249,-499,867,-15365,-6597,-18812,brushing
456809847,214,-545,930,-15365,-6597,-18812,brushing
456826962,193,-546,1011,-8610,-15995,-21245,brushing
456844091,160,-580,1010,-8610,-15995,-21245,brushing
456846248,160,-580,1010,-612,-28210,-23135,brushing
456861533,157,-569,977,-612,-28210,-23135,brushing
456865217,157,-569,977,6422,-26775,-22557,brushing
456878671,156,-505,978,6422,-26775,-22557,brushing
456884491,156,-505,978,11095,-14840,-18287,brushing
456895806,152,-335,1074,11095,-14840,-18287,brushing
456903763,152,-335,1074,15365,-3850,-7945,brushing
456913248,161,-183,1226,15365,-3850,-7945,brushing
456922732,161,-183,1226,22732,-5180,6282,brushing
456930385,201,-108,1301,22732,-5180,6282,brushing
456942006,201,-108,1301,36435,5075,23257,brushing
456947522,220,-152,1212,36435,5075,23257,brushing
456961279,220,-152,1212,49962,32445,42140,brushing
456964658,209,-189,1078,49962,32445,42140,brushing
456980553,209,-189,1078,57487,51747,59377,brushing
456982099,192,-40,1047,57487,51747,59377,brushing
456999217,265,273,1176,61127,49105,84175,brushing
457016346,43,-288,790,61127,49105,84175,brushing
457018808,43,-288,790,49630,-42455,84157,brushing
457033787,-40,-827,561,49630,-42455,84157,brushing
457038081,-40,-827,561,40880,-61565,68302,brushing
457050922,-86,-753,566,40880,-61565,68302,brushing
457057049,-86,-753,566,32602,-8925,59850,brushing
457068059,-177,-707,489,32602,-8925,59850,brushing
457076322,-177,-707,489,13475,-24885,35420,brushing
457085501,-227,-838,347,13475,-24885,35420,brushing
457095595,-227,-838,347,-14700,-60480,2485,brushing
457102637,-201,-884,315,-14700,-60480,2485,brushing
457114869,-201,-884,315,-41982,-59552,-25760,brushing
457119775,-165,-730,370,-41982,-59552,-25760,brushing
457133838,-165,-730,370,-61285,-17867,-39497,brushing
457136911,-108,-441,575,-61285,-17867,-39497,brushing
457153112,-108,-441,575,-73885,1715,-44660,brushing
457154354,-42,-358,847,-73885,1715,-44660,brushing
457171470,-12,-408,1057,-73885,1715,-44660,brushing
457172407,-12,-408,1057,-74340,-735,-49717,brushing
457188607,67,-320,1249,-74340,-735,-49717,brushing
457191375,67,-320,1249,-59605,12092,-46882,brushing
457206048,149,-134,1340,-59605,12092,-46882,brushing
457210648,149,-134,1340,-37817,15225,-35455,brushing
457223185,248,-66,1341,-37817,15225,-35455,brushing
457229922,248,-66,1341,-13352,4620,-17867,brushing
457240323,281,-230,1192,-13352,4620,-17867,brushing
457249196,281,-230,1192,8855,8522,1155,brushing
457257765,259,-452,989,8855,8522,1155,brushing
457268164,259,-452,989,23170,24552,14070,brushing
457274901,268,-355,958,23170,24552,14070,brushing
457287439,268,-355,958,36610,50557,32287,brushing
457292039,263,12,1067,36610,50557,32287,brushing
457306713,263,12,1067,47320,41510,56420,brushing
457309176,141,-66,952,47320,41510,56420,brushing
457325986,141,-66,952,47512,6842,63227,brushing
457326616,63,-306,748,47512,6842,63227,brushing
457343733,-5,-360,730,47512,6842,63227,brushing
457344974,-5,-360,730,49507,33582,74340,brushing
457360869,-116,-442,586,49507,33582,74340,brushing
457364247,-116,-442,586,45500,49035,77647,brushing
457378310,-253,-710,397,45500,49035,77647,brushing
457383521,-253,-710,397,29680,20072,58450,brushing
457395447,-306,-1092,243,29680,20072,58450,brushing
457402489,-306,-1092,243,5530,-7000,17937,brushing
457412584,-268,-1062,248,5530,-7000,17937,brushing
457421762,-268,-1062,248,-20737,-1557,-22050,brushing
457429720,-208,-712,427,-20737,-1557,-22050,brushing
457441036,-208,-712,427,-41790,21402,-49735,brushing
457447163,-178,-486,613,-41790,21402,-49735,brushing
457460005,-178,-486,613,-57680,32917,-65940,brushing
457464300,-168,-330,815,-57680,32917,-65940,brushing
457479279,-168,-330,815,-65362,31360,-71995,brushing
457481436,-86,-175,1080,-65362,31360,-71995,brushing
457498552,-86,-175,1080,-59202,38657,-68180,brushing
457499182,-5,102,1374,-59202,38657,-68180,brushing
457515993,161,302,1610,-59202,38657,-68180,brushing
457517846,161,302,1610,-36487,52727,-47040,brushing
457533131,287,366,1679,-36487,52727,-47040,brushing
457536815,287,366,1679,-5232,55580,-18147,brushing
457550573,334,206,1579,-5232,55580,-18147,brushing
457556088,334,206,1579,25445,56297,12687,brushing
457567710,284,-67,1355,25445,56297,12687,brushing
457575362,284,-67,1355,46952,59902,35315,brushing
457584846,221,-16,1291,46952,59902,35315,brushing
457594331,221,-16,1291,63490,72922,58660,brushing
457602289,208,226,1320,63490,72922,58660,brushing
457613605,208,226,1320,64872,26302,74182,brushing
457619426,36,-87,960,64872,26302,74182,brushing
457632879,36,-87,960,61880,-11252,71872,brushing
457636563,2,-312,861,61880,-11252,71872,brushing
457652152,2,-312,861,58957,31640,80377,brushing
457653699,-53,-299,709,58957,31640,80377,brushing
457671121,-167,-552,492,41422,15925,64820,brushing
457688249,-192,-782,344,41422,15925,64820,brushing
457690407,-192,-782,344,14560,-18847,32165,brushing
457705386,-156,-823,342,14560,-18847,32165,brushing
457709681,-156,-823,342,-15890,-32060,-4287,brushing
457722829,-137,-631,489,-15890,-32060,-4287,brushing
457728649,-137,-631,489,-40862,-5600,-32812,brushing
457739965,-153,-488,618,-40862,-5600,-32812,brushing
457747922,-153,-488,618,-62842,12162,-54950,brushing
457757102,-158,-251,835,-62842,12162,-54950,brushing
457767196,-158,-251,835,-78960,5302,-66115,brushing
457774238,-69,-92,1179,-78960,5302,-66115,brushing
457786470,-69,-92,1179,-77665,14017,-66815,brushing
457791681,-4,158,1469,-77665,14017,-66815,brushing
457805439,-4,158,1469,-57557,35927,-50032,brushing
457808818,102,468,1789,-57557,35927,-50032,brushing
457824714,102,468,1789,-20947,45920,-21385,brushing
457825955,217,627,1924,-20947,45920,-21385,brushing
457843377,269,449,1768,-20947,45920,-21385,brushing
457844008,269,449,1768,20072,43925,12950,brushing
457860514,225,104,1454,20072,43925,12950,brushing
457862977,225,104,1454,50435,40652,38412,brushing
457877650,191,263,1374,50435,40652,38412,brushing
457882250,191,263,1374,70875,44940,65310,brushing
457894786,113,86,1093,70875,44940,65310,brushing
457901523,113,86,1093,70105,-12565,75932,brushing
457912228,3,-275,719,70105,-12565,75932,brushing
457920491,3,-275,719,65397,-17517,74340,brushing
457929364,15,-246,676,65397,-17517,74340,brushing
457939764,15,-246,676,52902,20527,80500,brushing
457946501,-80,-312,458,52902,20527,80500,brushing
457959038,-80,-312,458,28140,-3657,61757,brushing
457963637,-121,-540,306,28140,-3657,61757,brushing
457978006,-121,-540,306,-2100,-21700,34002,brushing
457981080,-162,-619,262,-2100,-21700,34002,brushing
457997281,-162,-619,262,-32025,-28070,5652,brushing
457998216,-162,-525,449,-32025,-28070,5652,brushing
458015333,-192,-394,647,-32025,-28070,5652,brushing
458016574,-192,-394,647,-52010,-10307,-17692,brushing
458032470,-218,-316,829,-52010,-10307,-17692,brushing
458035544,-218,-316,829,-61740,18707,-34335,brushing
458049913,-299,-167,977,-61740,18707,-34335,brushing
458054819,-299,-167,977,-64715,19740,-49420,brushing
458067051,-205,-17,1219,-64715,19740,-49420,brushing
458074092,-205,-17,1219,-58625,13982,-57260,brushing
458084187,-117,57,1291,-58625,13982,-57260,brushing
458093061,-117,57,1291,-46007,11165,-60602,brushing
458101324,17,125,1408,-46007,11165,-60602,brushing
458112334,17,125,1408,-27772,16450,-52185,brushing
458118766,130,203,1465,-27772,16450,-52185,brushing
458131607,130,203,1465,-7700,10762,-37432,brushing
458135902,240,252,1534,-7700,10762,-37432,brushing
458150576,240,252,1534,13737,-472,-18182,brushing
458153039,277,197,1504,13737,-472,-18182,brushing
458169850,277,197,1504,34090,-8872,-402,brushing
458170480,237,21,1342,34090,-8872,-402,brushing
458187597,116,-62,1170,34090,-8872,-402,brushing
458189143,116,-62,1170,50750,962,13457,brushing
458204732,215,339,1282,50750,962,13457,brushing
458208111,215,339,1282,68915,48615,39550,brushing
458221869,205,620,1188,68915,48615,39550,brushing
458227385,205,620,1188,72030,26040,63752,brushing
458239006,80,241,779,72030,26040,63752,brushing
458246659,80,241,779,65327,-41597,66517,brushing
458256449,40,-109,590,65327,-41597,66517,brushing
458265627,40,-109,590,57102,-9975,75407,brushing
458273583,-48,-145,456,57102,-9975,75407,brushing
458284900,-48,-145,456,34982,-8802,71172,brushing
458290721,-146,-347,352,34982,-8802,71172,brushing
458304174,-146,-347,352,3465,-47810,44152,brushing
458307858,-219,-704,285,3465,-47810,44152,brushing
458323142,-219,-704,285,-27422,-54425,8645,brushing
458325299,-264,-865,379,-27422,-54425,8645,brushing
458342414,-270,-600,675,-46655,-2922,-18427,brushing
458359543,-230,-341,883,-46655,-2922,-18427,brushing
458361701,-230,-341,883,-58082,19985,-41370,brushing
458376985,-224,-356,882,-58082,19985,-41370,brushing
458380974,-224,-356,882,-72345,-11830,-69160,brushing
458394123,-211,-345,934,-72345,-11830,-69160,brushing
458399944,-211,-345,934,-80377,-32287,-86765,brushing
458411259,-107,-219,1118,-80377,-32287,-86765,brushing
458419217,-107,-219,1118,-73517,4690,-90492,brushing
458428700,-5,233,1366,-73517,4690,-90492,brushing
458438490,-5,233,1366,-56315,39812,-74007,brushing
458445837,160,674,1701,-56315,39812,-74007,brushing
458457458,160,674,1701,-31150,39480,-42787,brushing
458462973,265,972,1899,-31150,39480,-42787,brushing
458476731,265,972,1899,7770,32742,1330,brushing
458480111,321,775,1826,7770,32742,1330,brushing
458496006,321,775,1826,48020,43190,44152,brushing
458497553,267,344,1560,48020,43190,44152,brushing
458514669,213,375,1437,77735,58187,78645,brushing
458531799,37,14,1032,77735,58187,78645,brushing
458534262,37,14,1032,83597,6772,94780,brushing
458548937,-94,-331,717,83597,6772,94780,brushing
458553536,-94,-331,717,77612,-29505,82180,brushing
458566378,-121,-368,566,77612,-29505,82180,brushing
458572505,-121,-368,566,66937,1435,77560,brushing
458583515,-188,-364,384,66937,1435,77560,brushing
458591779,-188,-364,384,42752,1365,61985,brushing
458600653,-213,-416,275,42752,1365,61985,brushing
458611052,-213,-416,275,10815,-8452,34685,brushing
458618094,-233,-423,282,10815,-8452,34685,brushing
458630021,-233,-423,282,-21455,-15417,5075,brushing
458635230,-228,-429,406,-21455,-15417,5075,brushing
458649292,-228,-429,406,-43312,-3535,-21437,brushing
458652365,-210,-396,576,-43312,-3535,-21437,brushing
458668565,-210,-396,576,-56175,19285,-44800,brushing
458669501,-206,-331,696,-56175,19285,-44800,brushing
458686922,-243,-236,838,-56175,19285,-44800,brushing
458687859,-243,-236,838,-68985,23205,-67112,brushing
458704059,-195,-46,1143,-68985,23205,-67112,brushing
458706827,-195,-46,1143,-75040,4585,-82180,brushing
458721195,-68,44,1419,-75040,4585,-82180,brushing
458726100,-68,44,1419,-62475,15365,-85137,brushing
458738638,6,345,1569,-62475,15365,-85137,brushing
458745374,6,345,1569,-40215,26512,-72922,brushing
458755774,137,594,1724,-40215,26512,-72922,brushing
458764342,137,594,1724,-12355,16590,-48667,brushing
458772910,236,681,1766,-12355,16590,-48667,brushing
458783616,236,681,1766,19232,-2152,-16940,brushing
458790047,253,456,1614,19232,-2152,-16940,brushing
458802890,253,456,1614,47565,-8592,12582,brushing
458807489,189,176,1356,47565,-8592,12582,brushing
458822163,189,176,1356,66377,-4707,32182,brushing
458824626,105,62,1177,66377,-4707,32182,brushing
458841132,105,62,1177,78872,9642,50085,brushing
458841762,79,317,1132,78872,9642,50085,brushing
458859184,-1,163,829,78872,9642,50085,brushing
458860425,-1,163,829,77507,-26005,62545,brushing
458876321,-71,-153,554,77507,-26005,62545,brushing
458879700,-71,-153,554,68845,-37467,56752,brushing
458893457,-38,-19,550,68845,-37467,56752,brushing
458898667,-38,-19,550,57697,17342,65170,brushing
458910594,-81,-104,338,57697,17342,65170,brushing
458917941,-81,-104,338,28595,-4620,51362,brushing
458928035,-179,-569,94,28595,-4620,51362,brushing
458937215,-179,-569,94,-9765,-45465,15417,brushing
458945173,-197,-796,180,-9765,-45465,15417,brushing
458956184,-197,-796,180,-41387,-23257,-18987,brushing
458962310,-195,-616,461,-41387,-23257,-18987,brushing
458975458,-195,-616,461,-60007,23870,-43750,brushing
458979752,-188,-264,760,-60007,23870,-43750,brushing
458994731,-188,-264,760,-70927,33460,-63892,brushing
458996889,-169,-104,938,-70927,33460,-63892,brushing
459014005,-146,-45,1144,-75740,9817,-77945,brushing
459031133,-60,43,1389,-75740,9817,-77945,brushing
459032986,-60,43,1389,-64855,20230,-80342,brushing
459048577,17,391,1572,-64855,20230,-80342,brushing
459052261,17,391,1572,-44852,31132,-67742,brushing
459065712,144,596,1727,-44852,31132,-67742,brushing
459071533,144,596,1727,-18602,10797,-44800,brushing
459082848,229,632,1771,-18602,10797,-44800,brushing
459090501,229,632,1771,13930,-2327,-14665,brushing
459099985,231,434,1603,13930,-2327,-14665,brushing
459109775,231,434,1603,43662,-4392,14700,brushing
459117427,164,167,1340,43662,-4392,14700,brushing
459129048,164,167,1340,62335,-2100,33617,brushing
459134564,81,29,1115,62335,-2100,33617,brushing
459148017,81,29,1115,72275,11252,46637,brushing
459151701,43,144,997,72275,11252,46637,brushing
459167291,43,144,997,68705,-5442,53655,brushing
459169143,15,111,724,68705,-5442,53655,brushing
459186259,-3,58,608,58187,-8557,54722,brushing
459203388,5,94,508,58187,-8557,54722,brushing
459205546,5,94,508,42735,8260,59762,brushing
459220525,-69,-179,290,42735,8260,59762,brushing
459224819,-69,-179,290,15890,-13650,45972,brushing
459237968,-137,-537,181,15890,-13650,45972,brushing
459244094,-137,-537,181,-16800,-30135,19232,brushing
459255104,-151,-621,366,-16800,-30135,19232,brushing
459263061,-151,-621,366,-43400,-6527,-9712,brushing
459272241,-159,-463,657,-43400,-6527,-9712,brushing
459282336,-159,-463,657,-58537,26285,-34527,brushing
459289377,-167,-259,888,-58537,26285,-34527,brushing
459301609,-167,-259,888,-66902,26495,-56210,brushing
459306820,-161,-118,1118,-66902,26495,-56210,brushing
459320578,-161,-118,1118,-65940,5250,-71172,brushing
459323957,-91,-55,1371,-65940,5250,-71172,brushing
459339852,-91,-55,1371,-51257,3010,-75757,brushing
459341094,-42,235,1528,-51257,3010,-75757,brushing
459358516,55,600,1673,-51257,3010,-75757,brushing
459359146,55,600,1673,-25550,9012,-58712,brushing
459375652,160,812,1715,-25550,9012,-58712,brushing
459378115,160,812,1715,6562,10377,-28017,brushing
459392788,218,749,1585,6562,10377,-28017,brushing
459397388,218,749,1585,37100,7892,9100,brushing
459409924,181,405,1323,37100,7892,9100,brushing
459416660,181,405,1323,57382,647,37730,brushing
459427364,122,282,1176,57382,647,37730,brushing
459435932,122,282,1176,68285,-1977,58642,brushing
459444502,72,63,887,68285,-1977,58642,brushing
459454902,72,63,887,66430,-17010,64627,brushing
459461639,60,-177,606,66430,-17010,64627,brushing
459474176,60,-177,606,56455,15487,66500,brushing
459478776,62,-101,529,56455,15487,66500,brushing
459493449,62,-101,529,36382,36277,66920,brushing
459496217,46,11,448,36382,36277,66920,brushing
459512417,46,11,448,7052,14280,54932,brushing
459513354,-31,-147,330,7052,14280,54932,brushing
459530470,-145,-353,315,7052,14280,54932,brushing
459531712,-145,-353,315,-27107,-20632,31570,brushing
459547912,-190,-456,547,-27107,-20632,31570,brushing
459550986,-190,-456,547,-52115,-24675,5740,brushing
459565049,-230,-371,762,-52115,-24675,5740,brushing
459569954,-230,-371,762,-61862,945,-20562,brushing
459582186,-250,-253,944,-61862,945,-20562,brushing
459589228,-250,-253,944,-66010,6877,-45097,brushing
459599323,-295,-86,1137,-66010,6877,-45097,brushing
459608502,-295,-86,1137,-61372,-6580,-64522,brushing
459616459,-169,142,1491,-61372,-6580,-64522,brushing
459627469,-169,142,1491,-38115,19057,-63612,brushing
459633901,-61,427,1515,-38115,19057,-63612,brushing
459646744,-61,427,1515,-13300,24220,-50347,brushing
459651039,107,703,1536,-13300,24220,-50347,brushing
459666018,107,703,1536,8067,5915,-24867,brushing
459668175,285,710,1528,8067,5915,-24867,brushing
459684985,285,710,1528,26285,-5932,4987,brushing
459685615,312,379,1324,26285,-5932,4987,brushing
459702731,256,102,1116,26285,-5932,4987,brushing
459704278,256,102,1116,37712,3815,28945,brushing
459719868,222,283,1134,37712,3815,28945,brushing
459723551,222,283,1134,44450,21000,50767,brushing
459737004,191,363,1119,44450,21000,50767,brushing
459742520,191,363,1119,47057,770,70560,brushing
459754446,67,-47,738,47057,770,70560,brushing
459761793,67,-47,738,41982,-27527,67550,brushing
459771582,60,-39,747,41982,-27527,67550,brushing
459781066,60,-39,747,40495,21507,76387,brushing
459788719,6,204,762,40495,21507,76387,brushing
459800034,6,204,762,31535,17430,76020,brushing
459805854,-45,147,699,31535,17430,76020,brushing
459819307,-45,147,699,17990,-20090,63682,brushing
459823297,-83,-27,624,17990,-20090,63682,brushing
459838582,-83,-27,624,5652,-35945,46182,brushing
459840434,-102,-185,643,5652,-35945,46182,brushing
459857549,-116,-234,732,-3465,-28822,26792,brushing
459874983,-143,-35,912,-3465,-28822,26792,brushing
459876836,-143,-35,912,-7997,-9257,10675,brushing
459892120,-150,235,1095,-7997,-9257,10675,brushing
459896109,-150,235,1095,-6667,2467,2450,brushing
459909256,-145,370,1186,-6667,2467,2450,brushing
459915382,-145,370,1186,-35,4742,770,brushing
459926392,-155,278,1120,-35,4742,770,brushing
459934350,-155,278,1120,5915,87,385,brushing
459943834,-166,56,982,5915,87,385,brushing
459953625,-166,56,982,4410,-5075,-7805,brushing
459960972,-157,-80,866,4410,-5075,-7805,brushing
459972899,-157,-80,866,-4042,-4847,-20930,brushing
459978109,-121,-94,828,-4042,-4847,-20930,brushing
459991866,-121,-94,828,-14752,1925,-32707,brushing
459995244,-84,-20,820,-14752,1925,-32707,brushing
460011138,-84,-20,820,-25725,2712,-43452,brushing
460012685,-54,-16,807,-25725,2712,-43452,brushing
460029802,-68,-93,713,-25725,2712,-43452,brushing
460030432,-68,-93,713,-37327,1995,-56192,brushing
460046939,-109,-108,640,-37327,1995,-56192,brushing
460049402,-109,-108,640,-51467,4322,-69965,brushing
460064382,-141,91,812,-51467,4322,-69965,brushing
460068676,-141,91,812,-62580,13545,-76912,brushing
460081519,-35,297,1168,-62580,13545,-76912,brushing
460087950,-35,297,1168,-58520,38780,-69440,brushing
460098656,90,461,1367,-58520,38780,-69440,brushing
460106919,90,461,1367,-43925,46917,-55965,brushing
460115793,239,520,1521,-43925,46917,-55965,brushing
460126194,239,520,1521,-22557,39935,-34090,brushing
460133236,354,591,1658,-22557,39935,-34090,brushing
460145467,354,591,1658,4725,25025,-3657,brushing
460150373,361,409,1599,4725,25025,-3657,brushing
460164742,361,409,1599,30467,8050,20825,brushing
460167510,245,74,1320,30467,8050,20825,brushing
460183710,245,74,1320,43732,-2240,33407,brushing
460184647,164,-37,1088,43732,-2240,33407,brushing
460202069,178,312,1122,43732,-2240,33407,brushing
460203006,178,312,1122,49945,5565,45657,brushing
460219206,109,510,1055,49945,5565,45657,brushing
460222281,109,510,1055,53235,-9467,63875,brushing
460236344,25,280,779,53235,-9467,63875,brushing
460241248,25,280,779,49297,-36890,67952,brushing
460253785,-7,166,639,49297,-36890,67952,brushing
460260522,-7,166,639,44187,-997,75442,brushing
460270922,-58,232,655,44187,-997,75442,brushing
460279796,-58,232,655,33442,21402,78295,brushing
460288059,-146,124,577,33442,21402,78295,brushing
460298764,-146,124,577,16432,-1522,64032,brushing
460305195,-222,-119,531,16432,-1522,64032,brushing
460318037,-222,-119,531,682,-9467,40197,brushing
460322637,-249,-256,581,682,-9467,40197,brushing
460337311,-249,-256,581,-9205,3885,13107,brushing
460339773,-244,-151,764,-9205,3885,13107,brushing
460356280,-244,-151,764,-12635,12845,-9047,brushing
460356910,-233,102,962,-12635,12845,-9047,brushing
460374332,-211,249,1069,-12635,12845,-9047,brushing
460375573,-211,249,1069,-11585,7140,-24272,brushing
460391468,-190,305,1065,-11585,7140,-24272,brushing
460394847,-190,305,1065,-8400,-1347,-32935,brushing
460408605,-123,255,986,-8400,-1347,-32935,brushing
460414121,-123,255,986,-7437,-4252,-37047,brushing
460426048,-73,180,890,-7437,-4252,-37047,brushing
460433090,-73,180,890,-12127,-1400,-39585,brushing
460443184,-44,96,828,-12127,-1400,-39585,brushing
460452363,-44,96,828,-19705,11322,-42840,brushing
460460321,-41,99,765,-19705,11322,-42840,brushing
460471637,-41,99,765,-27790,30817,-44887,brushing
460477458,-46,244,843,-27790,30817,-44887,brushing
460490605,-46,244,843,-32287,42770,-43190,brushing
460494899,-21,356,975,-32287,42770,-43190,brushing
460509879,-21,356,975,-32917,43102,-40827,brushing
460512036,-18,347,988,-32917,43102,-40827,brushing
460529153,-16,289,1072,-30922,42052,-36925,brushing
460546587,27,284,1201,-30922,42052,-36925,brushing
460548439,27,284,1201,-24885,43032,-31255,brushing
460563724,58,252,1321,-24885,43032,-31255,brushing
460567408,58,252,1321,-14367,31482,-26600,brushing
460580861,93,255,1361,-14367,31482,-26600,brushing
460586682,93,255,1361,-402,10447,-22347,brushing
460597998,148,271,1306,-402,10447,-22347,brushing
460605956,148,271,1306,14437,-9782,-17342,brushing
460615440,221,305,1174,14437,-9782,-17342,brushing
460624924,221,305,1174,27492,-15697,-7070,brushing
460632576,284,354,1031,27492,-15697,-7070,brushing
460644198,284,354,1031,36295,-2782,11585,brushing
460649713,294,396,901,36295,-2782,11585,brushing
460663471,294,396,901,39182,17902,36732,brushing
460667155,265,561,884,39182,17902,36732,brushing
460682746,265,561,884,37520,27650,64172,brushing
460684293,234,696,914,37520,27650,64172,brushing
460701410,148,607,814,30537,7175,82740,brushing
460718844,38,334,756,30537,7175,82740,brushing
460721001,38,334,756,22452,-14280,91787,brushing
460735981,-88,136,718,22452,-14280,91787,brushing
460740276,-88,136,718,16660,-3972,91052,brushing
460753118,-239,-13,691,16660,-3972,91052,brushing
460759244,-239,-13,691,9065,8085,75862,brushing
460770255,-405,-128,670,9065,8085,75862,brushing
460778517,-405,-128,670,-2695,4410,45920,brushing
460787696,-496,-123,731,-2695,4410,45920,brushing
460797791,-496,-123,731,-14735,-9975,9222,brushing
460804833,-491,-3,886,-14735,-9975,9222,brushing
460816758,-491,-3,886,-17692,-6352,-21980,brushing
460821969,-419,232,949,-17692,-6352,-21980,brushing
460836032,-419,232,949,-14035,8662,-41632,brushing
460839106,-310,443,943,-14035,8662,-41632,brushing
460855307,-310,443,943,-13352,4637,-54617,brushing
460856549,-221,421,853,-13352,4637,-54617,brushing
460873665,-187,256,768,-13352,4637,-54617,brushing
460874295,-187,256,768,-18147,-4532,-66500,brushing
460890802,-139,247,779,-18147,-4532,-66500,brushing
460893570,-139,247,779,-22995,12197,-74007,brushing
460908243,-59,354,818,-22995,12197,-74007,brushing
460912842,-59,354,818,-26197,37187,-75197,brushing
460925379,-5,482,950,-26197,37187,-75197,brushing
460932116,-5,482,950,-28035,46725,-71050,brushing
460942516,82,526,1088,-28035,46725,-71050,brushing
460951084,82,526,1088,-25252,43067,-62492,brushing
460959651,128,535,1220,-25252,43067,-62492,brushing
460970356,128,535,1220,-16380,34265,-48615,brushing
460977093,179,539,1325,-16380,34265,-48615,brushing
460989630,179,539,1325,-3255,15155,-34230,brushing
460994230,212,473,1353,-3255,15155,-34230,brushing
461008599,212,473,1353,12687,-6650,-20895,brushing
461011367,259,400,1272,12687,-6650,-20895,brushing
461027872,259,400,1272,26775,-19075,-7612,brushing
461028502,284,329,1115,26775,-19075,-7612,brushing
461045924,293,363,972,26775,-19075,-7612,brushing
461047166,293,363,972,33565,-23205,6930,brushing
461063061,275,472,883,33565,-23205,6930,brushing
461066134,275,472,883,33897,-24920,25427,brushing
461080197,259,574,882,33897,-24920,25427,brushing
461085407,259,574,882,32480,-21962,48492,brushing
461097639,205,610,859,32480,-21962,48492,brushing
461104680,205,610,859,30310,-21962,69440,brushing
461114775,114,441,746,30310,-21962,69440,brushing
461123649,114,441,746,26635,-22470,81357,brushing
461131912,7,267,701,26635,-22470,81357,brushing
461142923,7,267,701,25182,4375,87150,brushing
461149049,-65,286,794,25182,4375,87150,brushing
461162197,-65,286,794,24780,27300,85977,brushing
461166492,-158,391,884,24780,27300,85977,brushing
461181472,-158,391,884,22312,7245,73762,brushing
461183629,-213,384,877,22312,7245,73762,brushing
461200439,-213,384,877,18515,-17832,56595,brushing
461201069,-285,182,752,18515,-17832,56595,brushing
461218185,-375,55,741,18515,-17832,56595,brushing
461219732,-375,55,741,14630,-13387,36995,brushing
461235322,-365,72,721,14630,-13387,36995,brushing
461239005,-365,72,721,9117,5355,14035,brushing
461252458,-324,206,776,9117,5355,14035,brushing
461257974,-324,206,776,87,6177,-10150,brushing
461269595,-252,282,784,87,6177,-10150,brushing
461277248,-252,282,784,-10972,-6002,-32217,brushing
461287037,-201,215,729,-10972,-6002,-32217,brushing
461296522,-201,215,729,-22662,-9415,-51065,brushing
461304174,-165,153,645,-22662,-9415,-51065,brushing
461315491,-165,153,645,-36417,-2397,-67077,brushing
461321311,-168,95,680,-36417,-2397,-67077,brushing
461334764,-168,95,680,-47040,15120,-79660,brushing
461338448,-179,278,875,-47040,15120,-79660,brushing
461354037,-179,278,875,-43697,47460,-79152,brushing
461355889,-125,524,1147,-43697,47460,-79152,brushing
461373006,-39,615,1196,-32077,54740,-75460,brushing
461390134,39,676,1271,-32077,54740,-75460,brushing
461392292,39,676,1271,-20650,36365,-69055,brushing
461407578,126,619,1261,-20650,36365,-69055,brushing
461411567,126,619,1261,-9940,6282,-59465,brushing
461424714,191,519,1252,-9940,6282,-59465,brushing
461430534,191,519,1252,3097,-6352,-46655,brushing
461441850,272,532,1223,3097,-6352,-46655,brushing
461449807,272,532,1223,18532,-4410,-28507,brushing
461458985,336,564,1160,18532,-4410,-28507,brushing
461469081,336,564,1160,30047,-13527,-8050,brushing
461476428,343,500,999,30047,-13527,-8050,brushing
461488049,343,500,999,34020,-25655,10482,brushing
461493565,307,449,894,34020,-25655,10482,brushing
461507323,307,449,894,36977,-8750,35262,brushing
461510702,331,629,935,36977,-8750,35262,brushing
461526596,331,629,935,36977,-3797,62702,brushing
461527838,305,697,875,36977,-3797,62702,brushing
461545259,176,442,729,29907,-32795,77857,brushing
461562388,32,194,676,29907,-32795,77857,brushing
461564851,32,194,676,23222,-24745,84805,brushing
461579525,-87,243,793,23222,-24745,84805,brushing
461584124,-87,243,793,19792,8610,85925,brushing
461596662,-191,341,852,19792,8610,85925,brushing
461603399,-191,341,852,16800,8960,76212,brushing
461614104,-250,377,897,16800,8960,76212,brushing
461622368,-250,377,897,13930,-11567,61267,brushing
461631241,-279,286,833,13930,-11567,61267,brushing
461641642,-279,286,833,10535,-24150,42455,brushing
461648379,-339,205,758,10535,-24150,42455,brushing
461660916,-339,205,758,4935,-22050,21700,brushing
461665516,-385,168,758,4935,-22050,21700,brushing
461679885,-385,168,758,-2485,-13930,-630,brushing
461682959,-355,198,770,-2485,-13930,-630,brushing
461699160,-355,198,770,-11427,-7402,-22767,brushing
461700097,-285,258,755,-11427,-7402,-22767,brushing
461717213,-233,254,746,-11427,-7402,-22767,brushing
461718455,-233,254,746,-21595,-7087,-43715,brushing
461734656,-198,203,711,-21595,-7087,-43715,brushing
461737425,-198,203,711,-32760,-7787,-63700,brushing
461751795,-174,299,779,-32760,-7787,-63700,brushing
461756699,-174,299,779,-41090,7350,-75582,brushing
461768931,-136,578,1012,-41090,7350,-75582,brushing
461775973,-136,578,1012,-39515,28437,-75180,brushing
461786068,-14,687,1107,-39515,28437,-75180,brushing
461794942,-14,687,1107,-30555,35700,-68145,brushing
461803510,51,658,1102,-30555,35700,-68145,brushing
461814216,51,658,1102,-23747,23030,-59675,brushing
461820647,85,518,1089,-23747,23030,-59675,brushing
461833490,85,518,1089,-18112,9940,-53042,brushing
461837784,84,390,1074,-18112,9940,-53042,brushing
461852458,84,390,1074,-12810,1417,-48702,brushing
461854921,70,354,1058,-12810,1417,-48702,brushing
461871732,70,354,1058,-8697,-5985,-43610,brushing
461872362,108,394,1000,-8697,-5985,-43610,brushing
461889479,84,358,967,-8697,-5985,-43610,brushing
461891026,84,358,967,-7140,-12845,-36925,brushing
461906616,77,403,942,-7140,-12845,-36925,brushing
461909995,77,403,942,-7490,-18970,-28210,brushing
461923753,78,436,987,-7490,-18970,-28210,brushing
461929269,78,436,987,-6020,-17482,-16660,brushing
461941195,62,466,1024,-6020,-17482,-16660,brushing
461948542,62,466,1024,-752,-6405,-2415,brushing
461958332,40,476,1062,-752,-6405,-2415,brushing
461967510,40,476,1062,8767,12162,13702,brushing
461975468,28,486,1062,8767,12162,13702,brushing
461986785,28,486,1062,20632,33915,29015,brushing
461992911,14,590,1059,20632,33915,29015,brushing
462006058,14,590,1059,32900,49175,47005,brushing
462010047,27,872,1159,32900,49175,47005,brushing
462025026,27,872,1159,42000,34702,66745,brushing
462027184,49,885,971,42000,34702,66745,brushing
462044301,-42,446,698,37607,-26355,68932,brushing
462061735,-90,160,579,37607,-26355,68932,brushing
462063588,-90,160,579,33880,-13037,69055,brushing
462078872,-88,227,513,33880,-13037,69055,brushing
462082861,-88,227,513,24850,24570,67235,brushing
462096007,-140,70,368,24850,24570,67235,brushing
462101828,-140,70,368,700,-3080,44975,brushing
462113143,-202,-146,352,700,-3080,44975,brushing
462121101,-202,-146,352,-29522,-47460,8820,brushing
462130585,-212,-208,534,-29522,-47460,8820,brushing
462140374,-212,-208,534,-47670,-36505,-21315,brushing
462147721,-214,20,777,-47670,-36505,-21315,brushing
462159342,-214,20,777,-51660,2170,-39042,brushing
462164858,-201,342,1010,-51660,2170,-39042,brushing
462178616,-201,342,1010,-49875,-2905,-51380,brushing
462182300,-150,414,1009,-49875,-2905,-51380,brushing
462197891,-150,414,1009,-48860,-35612,-60060,brushing
462199438,-111,495,1071,-48860,-35612,-60060,brushing
462216553,-114,557,1215,-39445,-21945,-51677,brushing
462233682,-104,741,1310,-39445,-21945,-51677,brushing
462236144,-104,741,1310,-20142,15785,-31832,brushing
462251123,-48,926,1394,-20142,15785,-31832,brushing
462255418,-48,926,1394,507,21192,-9800,brushing
462268260,-16,735,1275,507,21192,-9800,brushing
462274387,-16,735,1275,16187,-6702,4725,brushing
462285397,-54,383,1061,16187,-6702,4725,brushing
462293661,-54,383,1061,22277,-33407,7070,brushing
462302839,-111,214,903,22277,-33407,7070,brushing
462312934,-111,214,903,24360,-27545,5845,brushing
462319976,-125,301,844,24360,-27545,5845,brushing
462332207,-125,301,844,26530,-3360,8907,brushing
462337113,-72,576,841,26530,-3360,8907,brushing
462351175,-72,576,841,31885,21087,23187,brushing
462354248,-25,807,901,31885,21087,23187,brushing
462370448,-25,807,901,36837,32025,40302,brushing
462371689,31,603,669,36837,32025,40302,brushing
462388806,45,386,541,36837,32025,40302,brushing
462389742,45,386,541,34440,45377,50032,brushing
462405942,29,270,406,34440,45377,50032,brushing
462408710,29,270,406,21822,51030,51327,brushing
462423080,-23,103,214,21822,51030,51327,brushing
462427984,-23,103,214,-7122,3727,31605,brushing
462440522,-118,-144,246,-7122,3727,31605,brushing
462447259,-118,-144,246,-39725,-33267,2432,brushing
462457659,-191,-161,471,-39725,-33267,2432,brushing
462466227,-191,-161,471,-55965,-7052,-19617,brushing
462474796,-223,125,778,-55965,-7052,-19617,brushing
462485501,-223,125,778,-54757,37170,-31237,brushing
462491932,-265,349,993,-54757,37170,-31237,brushing
462504774,-265,349,993,-52640,-1487,-51082,brushing
462509373,-263,284,991,-52640,-1487,-51082,brushing
462523743,-263,284,991,-53497,-64995,-74480,brushing
462526510,-255,132,1053,-53497,-64995,-74480,brushing
462543016,-255,132,1053,-40530,-38237,-77612,brushing
462543647,-257,368,1199,-40530,-38237,-77612,brushing
462561068,-192,993,1407,-40530,-38237,-77612,brushing
462562309,-192,993,1407,-13737,24027,-56437,brushing
462578205,-43,1332,1460,-13737,24027,-56437,brushing
462581279,-43,1332,1460,14910,32112,-25252,brushing
462595343,18,1257,1389,14910,32112,-25252,brushing
462600553,18,1257,1389,38255,8872,10902,brushing
462612480,-11,789,1134,38255,8872,10902,brushing
462619826,-11,789,1134,53532,-2345,37222,brushing
462629921,-90,398,948,53532,-2345,37222,brushing
462638796,-90,398,948,62230,17097,50470,brushing
462647059,-150,232,825,62230,17097,50470,brushing
462658069,-150,232,825,62720,28840,49630,brushing
462664195,-110,359,611,62720,28840,49630,brushing
462677342,-110,359,611,50452,10762,42315,brushing
462681332,-35,464,554,50452,10762,42315,brushing
462696310,-35,464,554,28665,-12057,34090,brushing
462698773,-15,226,276,28665,-12057,34090,brushing
462715585,-15,226,276,157,-7927,22102,brushing
462716215,-54,-42,217,157,-7927,22102,brushing
462733026,-110,-52,361,157,-7927,22102,brushing
462734878,-110,-52,361,-29190,7122,2642,brushing
462750162,-167,60,646,-29190,7122,2642,brushing
462753847,-167,60,646,-50102,3797,-20982,brushing
462767605,-213,226,866,-50102,3797,-20982,brushing
462773120,-213,226,866,-57645,-6667,-41055,brushing
462784743,-266,291,1004,-57645,-6667,-41055,brushing
462792395,-266,291,1004,-56157,-19495,-55352,brushing
462801879,-293,317,1073,-56157,-19495,-55352,brushing
462811363,-293,317,1073,-51397,-37975,-67025,brushing
462819016,-280,428,1171,-51397,-37975,-67025,brushing
462830637,-280,428,1171,-38920,-24587,-65782,brushing
462836458,-238,762,1285,-38920,-24587,-65782,brushing
462849911,-238,762,1285,-17640,385,-47845,brushing
462853596,-161,1031,1389,-17640,385,-47845,brushing
462868880,-161,1031,1389,6317,5022,-19880,brushing
462870733,-66,1163,1407,6317,5022,-19880,brushing
462887850,-41,898,1293,28507,-3797,9240,brushing
462905284,-88,604,1096,28507,-3797,9240,brushing
462907441,-88,604,1096,45290,-1750,29627,brushing
462922419,-126,457,977,45290,-1750,29627,brushing
462926408,-126,457,977,57470,17955,42630,brushing
462939555,-145,465,881,57470,17955,42630,brushing
462945681,-145,465,881,63105,26005,49035,brushing
462956691,-116,503,717,63105,26005,49035,brushing
462964955,-116,503,717,59850,11882,49577,brushing
462974133,-35,454,523,59850,11882,49577,brushing
462983923,-35,454,523,47302,10517,50557,brushing
462991270,-23,367,364,47302,10517,50557,brushing
463003196,-23,367,364,22365,-1610,43487,brushing
463008406,-26,104,153,22365,-1610,43487,brushing
463022470,-26,104,153,-13352,-25812,23100,brushing
463025543,-101,-205,117,-13352,-25812,23100,brushing
463041438,-101,-205,117,-47460,-27090,-5530,brushing
463042985,-182,-283,390,-47460,-27090,-5530,brushing
463060102,-252,35,743,-47460,-27090,-5530,brushing
463060732,-252,35,743,-64225,7455,-28455,brushing
463077238,-297,380,1019,-64225,7455,-28455,brushing
463080006,-297,380,1019,-67042,10745,-45815,brushing
463094680,-318,417,1194,-67042,10745,-45815,brushing
463098974,-318,417,1194,-62002,-28245,-60637,brushing
463111816,-277,486,1185,-62002,-28245,-60637,brushing
463118248,-277,486,1185,-48475,-38605,-64120,brushing
463128953,-227,755,1325,-48475,-38605,-64120,brushing
463137522,-227,755,1325,-20440,11515,-43032,brushing
463146090,-107,1227,1411,-20440,11515,-43032,brushing
463156491,-107,1227,1411,10465,31937,-8610,brushing
463163532,-17,1238,1434,10465,31937,-8610,brushing
463175764,-17,1238,1434,35875,10622,22592,brushing
463180670,-16,855,1203,35875,10622,22592,brushing
463195038,-16,855,1203,52657,-4287,42385,brushing
463197805,-88,483,1071,52657,-4287,42385,brushing
463214310,-88,483,1071,64172,6982,53427,brushing
463214940,-102,519,897,64172,6982,53427,brushing
463232361,-84,523,789,64172,6982,53427,brushing
463233297,-84,523,789,68845,21420,64067,brushing
463249497,-60,447,510,68845,21420,64067,brushing
463252571,-60,447,510,60060,20702,67217,brushing
463266634,-40,316,349,60060,20702,67217,brushing
463271844,-40,316,349,37170,12197,63420,brushing
463284076,-49,92,113,37170,12197,63420,brushing
463290813,-49,92,113,735,-11497,43907,brushing
463301213,-153,-168,92,735,-11497,43907,brushing
463310088,-153,-168,92,-35752,-9187,18445,brushing
463318350,-206,-91,357,-35752,-9187,18445,brushing
463329361,-206,-91,357,-58625,13615,-5092,brushing
463335486,-247,206,689,-58625,13615,-5092,brushing
463348329,-247,206,689,-66097,9975,-26757,brushing
463352929,-287,364,924,-66097,9975,-26757,brushing
463367605,-287,364,924,-62650,-12302,-45500,brushing
463370068,-295,354,1002,-62650,-12302,-45500,brushing
463386880,-295,354,1002,-56052,-33285,-60392,brushing
463387510,-265,386,1001,-56052,-33285,-60392,brushing
463404628,-237,469,1061,-56052,-33285,-60392,brushing
463405870,-237,469,1061,-48807,-37362,-65817,brushing
463421765,-191,787,1298,-48807,-37362,-65817,brushing
463425143,-191,787,1298,-30222,-2152,-51117,brushing
463438900,-75,1129,1426,-30222,-2152,-51117,brushing
463444416,-75,1129,1426,-122,35315,-20265,brushing
463456037,-9,1205,1460,-122,35315,-20265,brushing
463463385,-9,1205,1460,28332,35612,15120,brushing
463473479,-43,847,1218,28332,35612,15120,brushing
463482658,-43,847,1218,45657,10552,34685,brushing
463490616,-119,506,993,45657,10552,34685,brushing
463501932,-119,506,993,57872,25322,49245,brushing
463507753,-168,563,962,57872,25322,49245,brushing
463520900,-168,563,962,66132,43277,59832,brushing
463524889,-152,550,786,66132,43277,59832,brushing
463540174,-152,550,786,68880,55247,63420,brushing
463542331,-121,533,690,68880,55247,63420,brushing
463559447,-39,471,241,54040,33215,58730,brushing
463576575,-69,14,-83,54040,33215,58730,brushing
463578427,-69,14,-83,11585,-46042,27982,brushing
463593712,-121,-144,8,11585,-46042,27982,brushing
463597702,-121,-144,8,-29522,-40407,1907,brushing
463611154,-146,200,421,-29522,-40407,1907,brushing
463616976,-146,200,421,-51555,14385,-12180,brushing
463628291,-196,572,823,-51555,14385,-12180,brushing
463635944,-196,572,823,-57680,15470,-24727,brushing
463645427,-270,518,1001,-57680,15470,-24727,brushing
463655217,-270,518,1001,-55860,-34002,-42875,brushing
463662564,-312,371,1129,-55860,-34002,-42875,brushing
463674491,-312,371,1129,-45500,-58362,-57085,brushing
463680005,-288,265,1161,-45500,-58362,-57085,brushing
463693459,-288,265,1161,-29767,-54950,-67217,brushing
463697142,-243,514,1179,-29767,-54950,-67217,brushing
463712731,-243,514,1179,-8435,-24342,-57225,brushing
463714279,-165,826,1279,-8435,-24342,-57225,brushing
463731394,-80,1031,1214,-8435,-24342,-57225,brushing
463732025,-80,1031,1214,14000,-5512,-35420,brushing
463748836,-14,964,1089,14000,-5512,-35420,brushing
463750994,-14,964,1089,29995,-8592,-9100,brushing
463765974,-40,633,867,29995,-8592,-9100,brushing
463770269,-40,633,867,37957,-7210,10517,brushing
463783110,-84,448,680,37957,-7210,10517,brushing
463789542,-84,448,680,40845,23922,24832,brushing
463800553,-107,634,814,40845,23922,24832,brushing
463808816,-107,634,814,48895,86415,47075,brushing
463817690,-42,750,712,48895,86415,47075,brushing
463827785,-42,750,712,41580,56980,51765,brushing
463834827,-78,407,393,41580,56980,51765,brushing
463847059,-78,407,393,21787,19250,38587,brushing
463851963,-81,113,350,21787,19250,38587,brushing
463866333,-81,113,350,3010,50995,30992,brushing
463869406,-69,240,274,3010,50995,30992,brushing
463885301,-69,240,274,-23275,28647,10307,brushing
463886543,-111,276,440,-23275,28647,10307,brushing
463903659,-180,183,670,-23275,28647,10307,brushing
463904595,-180,183,670,-44187,-17185,-14857,brushing
463920796,-254,172,829,-44187,-17185,-14857,brushing
463923869,-254,172,829,-46935,-16100,-34755,brushing
463938238,-299,272,854,-46935,-16100,-34755,brushing
463942837,-299,272,854,-44065,-8505,-51835,brushing
463955375,-314,393,911,-44065,-8505,-51835,brushing
463962111,-314,393,911,-46147,-41527,-71417,brushing
463972511,-302,478,1000,-46147,-41527,-71417,brushing
463981385,-302,478,1000,-40390,-42752,-77700,brushing
463989649,-256,807,1055,-40390,-42752,-77700,brushing
464000354,-256,807,1055,-26600,-11270,-61757,brushing
464007091,-174,1176,1208,-26600,-11270,-61757,brushing
464019628,-174,1176,1208,-4725,14157,-29190,brushing
464024227,-74,1410,1349,-4725,14157,-29190,brushing
464038901,-74,1410,1349,20265,13597,8872,brushing
464041364,-47,1211,1280,20265,13597,8872,brushing
464057869,-47,1211,1280,39305,-1172,35647,brushing
464058499,-102,789,1087,39305,-1172,35647,brushing
464075921,-176,438,899,39305,-1172,35647,brushing
464077163,-176,438,899,52080,4987,48177,brushing
464093058,-171,525,917,52080,4987,48177,brushing
464096436,-171,525,917,65625,55492,60095,brushing
464110194,-118,686,586,65625,55492,60095,brushing
464115404,-118,686,586,60410,39830,62440,brushing
464127331,-80,466,479,60410,39830,62440,brushing
464134678,-80,466,479,44677,19757,56000,brushing
464144772,-60,441,372,44677,19757,56000,brushing
464153951,-60,441,372,23975,21192,53182,brushing
464161909,-89,207,215,23975,21192,53182,brushing
464172919,-89,207,215,-6737,-9345,29662,brushing
464179045,-152,-78,166,-6737,-9345,29662,brushing
464192194,-152,-78,166,-37940,-29190,-2922,brushing
464196183,-224,-63,475,-37940,-29190,-2922,brushing
464211467,-224,-63,475,-52587,-25392,-32410,brushing
464213625,-281,145,807,-52587,-25392,-32410,brushing
464230436,-281,145,807,-50925,-23625,-53865,brushing
464231066,-306,367,987,-50925,-23625,-53865,brushing
464247877,-303,438,1051,-50925,-23625,-53865,brushing
464249729,-303,438,1051,-45395,-52080,-72555,brushing
464265320,-291,568,1056,-45395,-52080,-72555,brushing
464269003,-291,568,1056,-37677,-67672,-80990,brushing
464282457,-221,935,1087,-37677,-67672,-80990,brushing
464287972,-221,935,1087,-22995,-37677,-65607,brushing
464299592,-140,1289,1261,-22995,-37677,-65607,brushing
464307245,-140,1289,1261,1645,8487,-26582,brushing
464316730,-22,1448,1275,1645,8487,-26582,brushing
464326520,-22,1448,1275,24062,6877,13860,brushing
464334172,-34,1040,1168,24062,6877,13860,brushing
464345488,-34,1040,1168,39200,-15627,37940,brushing
464351308,-124,631,1011,39200,-15627,37940,brushing
464364761,-124,631,1011,50960,-12372,50155,brushing
464368445,-179,481,897,50960,-12372,50155,brushing
464384034,-179,481,897,59780,5950,57785,brushing
464385582,-126,582,787,59780,5950,57785,brushing
464403004,-81,441,566,59797,22400,63437,brushing
464420133,-53,423,446,59797,22400,63437,brushing
464422290,-53,423,446,48055,35017,64470,brushing
464437270,-25,349,301,48055,35017,64470,brushing
464441564,-25,349,301,24850,23887,56647,brushing
464454712,-83,108,149,24850,23887,56647,brushing
464460532,-83,108,149,-9747,-17377,32182,brushing
464471848,-162,-116,203,-9747,-17377,32182,brushing
464479806,-162,-116,203,-39025,-17902,5757,brushing
464488985,-192,137,520,-39025,-17902,5757,brushing
464499080,-192,137,520,-55492,-7717,-15942,brushing
464506122,-239,388,783,-55492,-7717,-15942,brushing
464518049,-239,388,783,-60707,-24797,-34282,brushing
464523565,-256,437,911,-60707,-24797,-34282,brushing
464537323,-256,437,911,-62527,-62107,-53305,brushing
464540702,-283,377,894,-62527,-62107,-53305,brushing
464556596,-283,377,894,-59535,-71627,-64417,brushing
464557837,-301,389,993,-59535,-71627,-64417,brushing
464574954,-296,717,1243,-59535,-71627,-64417,brushing
464575585,-296,717,1243,-41597,-15575,-52465,brushing
464592395,-199,1120,1359,-41597,-15575,-52465,brushing
464594858,-199,1120,1359,-14297,22067,-29855,brushing
464609532,-121,1189,1413,-14297,22067,-29855,brushing
464614132,-121,1189,1413,13037,10937,-2695,brushing
464626668,-91,882,1209,13037,10937,-2695,brushing
464633100,-91,882,1209,36032,-3535,19250,brushing
464643805,-127,585,988,36032,-3535,19250,brushing
464652373,-127,585,988,50715,2170,32935,brushing
464661247,-148,663,946,50715,2170,32935,brushing
464671647,-148,663,946,62860,26355,48300,brushing
464678385,-166,674,823,62860,26355,48300,brushing
464690921,-166,674,823,70980,38692,57592,brushing
464695522,-88,632,678,70980,38692,57592,brushing
464709891,-88,632,678,68232,53515,67707,brushing
464712659,4,551,382,68232,53515,67707,brushing
464729165,4,551,382,34160,-14770,48807,brushing
464730101,-47,105,-76,34160,-14770,48807,brushing
464747217,-105,-244,-61,34160,-14770,48807,brushing
464748153,-105,-244,-61,-11392,-50645,18077,brushing
464764354,-141,24,246,-11392,-50645,18077,brushing
464767428,-141,24,246,-44415,-8487,-3920,brushing
464781492,-221,426,711,-44415,-8487,-3920,brushing
464786702,-221,426,711,-58625,13702,-20072,brushing
464798933,-306,510,956,-58625,13702,-20072,brushing
464805670,-306,510,956,-59815,-20842,-38710,brushing
464816070,-353,406,1036,-59815,-20842,-38710,brushing
464824943,-353,406,1036,-53637,-58047,-57715,brushing
464833206,-367,233,1086,-53637,-58047,-57715,brushing
464844217,-367,233,1086,-43627,-73482,-75460,brushing
464850343,-343,262,1113,-43627,-73482,-75460,brushing
464863490,-343,262,1113,-27335,-56875,-81025,brushing
464867784,-307,551,1296,-27335,-56875,-81025,brushing
464882458,-307,551,1296,-857,-13842,-68040,brushing
464884921,-183,944,1266,-857,-13842,-68040,brushing
464901732,-183,944,1266,22750,10062,-39392,brushing
464902362,-35,1292,1224,22750,10062,-39392,brushing
464919478,57,1333,1181,22750,10062,-39392,brushing
464921025,57,1333,1181,41685,19040,3517,brushing
464936616,38,901,941,41685,19040,3517,brushing
464939995,38,901,941,52780,13142,38465,brushing
464953753,-45,655,893,52780,13142,38465,brushing
464959268,-45,655,893,60900,35560,63910,brushing
464970890,-73,492,744,60900,35560,63910,brushing
464978543,-73,492,744,64925,59605,78680,brushing
464988332,-111,296,580,64925,59605,78680,brushing
464997511,-111,296,580,57942,62930,75757,brushing
465005469,-79,166,401,57942,62930,75757,brushing
465016786,-79,166,401,34597,36697,57155,brushing
465022606,-109,46,175,34597,36697,57155,brushing
465036059,-109,46,175,-1627,-21472,22627,brushing
465039742,-155,-61,199,-1627,-21472,22627,brushing
465055026,-155,-61,199,-31972,-42857,-6720,brushing
465057184,-168,118,441,-31972,-42857,-6720,brushing
465074302,-207,385,712,-46445,-36155,-24290,brushing
465091430,-241,446,886,-46445,-36155,-24290,brushing
465093587,-241,446,886,-49315,-37922,-36155,brushing
465108871,-265,349,884,-49315,-37922,-36155,brushing
465112556,-265,349,884,-49017,-60130,-52745,brushing
465126008,-294,222,1005,-49017,-60130,-52745,brushing
465131829,-294,222,1005,-46392,-74112,-67795,brushing
465143144,-296,339,1080,-46392,-74112,-67795,brushing
465151102,-296,339,1080,-33180,-47897,-70822,brushing
465160281,-287,757,1325,-33180,-47897,-70822,brushing
465170070,-287,757,1325,-7192,945,-51117,brushing
465177722,-153,1166,1369,-7192,945,-51117,brushing
465189343,-153,1166,1369,18462,2607,-24797,brushing
465194859,-47,1216,1286,18462,2607,-24797,brushing
465208617,-47,1216,1286,36785,-18112,3237,brushing
465211996,-37,807,1056,36785,-18112,3237,brushing
465227586,-37,807,1056,47145,-13650,20982,brushing
465229132,-63,439,798,47145,-13650,20982,brushing
465246553,-42,567,825,54215,33390,38097,brushing
465263682,53,688,748,54215,33390,38097,brushing
465266144,53,688,748,57820,65257,58870,brushing
465280818,51,492,553,57820,65257,58870,brushing
465285112,51,492,553,44870,27510,58397,brushing
465297954,106,392,549,44870,27510,58397,brushing
465304386,106,392,549,32637,40880,66097,brushing
465315396,52,457,497,32637,40880,66097,brushing
465323659,52,457,497,13842,22435,65607,brushing
465332533,-36,287,524,13842,22435,65607,brushing
465342627,-36,287,524,-5197,-19617,51380,brushing
465349668,-128,152,614,-5197,-19617,51380,brushing
465361900,-128,152,614,-17290,-42315,32532,brushing
465366806,-181,111,767,-17290,-42315,32532,brushing
465381173,-181,111,767,-16940,-36820,13160,brushing
465384246,-195,382,1005,-16940,-36820,13160,brushing
465400140,-195,382,1005,-5512,-28787,5425,brushing
465401382,-165,724,1219,-5512,-28787,5425,brushing
465418499,-131,799,1240,-5512,-28787,5425,brushing
465419434,-131,799,1240,14122,-37100,5005,brushing
465435940,-106,689,1117,14122,-37100,5005,brushing
465438708,-106,689,1117,33687,-42560,10657,brushing
465453078,-93,503,941,33687,-42560,10657,brushing
465457677,-93,503,941,45465,-28857,15575,brushing
465470215,-102,420,763,45465,-28857,15575,brushing
465476952,-102,420,763,44835,-18235,13212,brushing
465487351,-49,385,602,44835,-18235,13212,brushing
465496224,-49,385,602,31885,-18480,7962,brushing
465504793,-98,447,599,31885,-18480,7962,brushing
465515498,-98,447,599,17062,3972,7787,brushing
465521930,-97,524,659,17062,3972,7787,brushing
465534467,-97,524,659,9100,38045,10272,brushing
465539068,-126,537,695,9100,38045,10272,brushing
465553742,-126,537,695,4217,63192,10762,brushing
465556205,-148,531,708,4217,63192,10762,brushing
465573017,-148,531,708,-2747,53007,2082,brushing
465573647,-147,505,709,-2747,53007,2082,brushing
465590764,-167,370,724,-2747,53007,2082,brushing
465592005,-167,370,724,-10990,22190,-13755,brushing
465607901,-171,279,713,-10990,22190,-13755,brushing
465611280,-171,279,713,-13825,19092,-29330,brushing
465625343,-152,355,702,-13825,19092,-29330,brushing
465630554,-152,355,702,-14280,30975,-42735,brushing
465642480,-145,418,745,-14280,30975,-42735,brushing
465649523,-145,418,745,-17115,24325,-56420,brushing
465659617,-135,465,787,-17115,24325,-56420,brushing
465668796,-135,465,787,-19355,12005,-67095,brushing
465676754,-128,539,904,-19355,12005,-67095,brushing
465688068,-128,539,904,-15067,21857,-67357,brushing
465694195,-83,662,927,-15067,21857,-67357,brushing
465707037,-83,662,927,-9135,27982,-60830,brushing
465711332,41,788,992,-9135,27982,-60830,brushing
465726311,41,788,992,-3990,16677,-50295,brushing
465728469,149,915,1052,-3990,16677,-50295,brushing
465745585,149,915,1052,2100,-2520,-32340,brushing
465746215,273,890,1100,2100,-2520,-32340,brushing
465763027,323,801,1078,2100,-2520,-32340,brushing
465764879,323,801,1078,9922,-13160,-9712,brushing
465780165,276,620,993,9922,-13160,-9712,brushing
465783848,276,620,993,15592,-21420,12320,brushing
465797302,185,432,878,15592,-21420,12320,brushing
465803123,185,432,878,16555,-29732,24272,brushing
465814744,121,420,807,16555,-29732,24272,brushing
465822397,121,420,807,14595,-30152,30695,brushing
465831881,104,561,789,14595,-30152,30695,brushing
465841365,104,561,789,14367,-20597,38587,brushing
465849017,136,859,904,14367,-20597,38587,brushing
465860639,136,859,904,18690,-9117,54267,brushing
465866154,192,953,831,18690,-9117,54267,brushing
465879913,192,953,831,15925,-64330,60287,brushing
465883598,-148,571,652,15925,-64330,60287,brushing
465898883,-148,571,652,19827,-46322,66307,brushing
465900735,-232,244,715,19827,-46322,66307,brushing
465917852,-337,398,673,22365,-12460,60830,brushing
465935286,-359,428,702,22365,-12460,60830,brushing
465937443,-359,428,702,21420,-7857,43627,brushing
465952421,-389,386,629,21420,-7857,43627,brushing
465956410,-389,386,629,16800,-14262,21647,brushing
465969558,-348,362,574,16800,-14262,21647,brushing
465975683,-348,362,574,9380,-9082,-70,brushing
465986694,-264,461,573,9380,-9082,-70,brushing
465994957,-264,461,573,350,5565,-15977,brushing
466004136,-185,550,591,350,5565,-15977,brushing
466014230,-185,550,591,-8225,21612,-26582,brushing
466021273,-135,609,648,-8225,21612,-26582,brushing
466033199,-135,609,648,-14700,35945,-32497,brushing
466038409,-122,608,686,-14700,35945,-32497,brushing
466052472,-122,608,686,-18917,47110,-36837,brushing
466055851,-132,574,776,-18917,47110,-36837,brushing
466071746,-132,574,776,-19845,54215,-42752,brushing
466072988,-139,516,824,-19845,54215,-42752,brushing
466090105,-166,440,827,-19845,54215,-42752,brushing
466090735,-166,440,827,-19232,54582,-52517,brushing
466107242,-192,443,820,-19232,54582,-52517,brushing
466110009,-192,443,820,-20300,39602,-66447,brushing
466124683,-178,596,924,-20300,39602,-66447,brushing
466129283,-178,596,924,-18672,26827,-74567,brushing
466141820,-111,785,1038,-18672,26827,-74567,brushing
466148252,-111,785,1038,-9922,24920,-71715,brushing
466158956,32,976,1094,-9922,24920,-71715,brushing
466167525,32,976,1094,1855,18585,-59097,brushing
466176398,128,920,1097,1855,18585,-59097,brushing
466186798,128,920,1097,13440,9397,-41370,brushing
466193535,184,876,1082,13440,9397,-41370,brushing
466206071,184,876,1082,22452,-6230,-22820,brushing
466210671,228,762,1033,22452,-6230,-22820,brushing
466225039,228,762,1033,30047,-21402,-6702,brushing
466227807,225,624,938,30047,-21402,-6702,brushing
466244311,225,624,938,35752,-24482,8365,brushing
466245248,199,551,842,35752,-24482,8365,brushing
466262364,199,557,746,35752,-24482,8365,brushing
466263606,199,557,746,37957,-18392,22365,brushing
466279501,215,650,667,37957,-18392,22365,brushing
466282574,215,650,667,33862,-20020,35700,brushing
466296942,194,623,564,33862,-20020,35700,brushing
466301847,194,623,564,23362,-37275,45307,brushing
466314079,132,497,477,23362,-37275,45307,brushing
466321122,132,497,477,10990,-39567,52185,brushing
466331216,44,455,521,10990,-39567,52185,brushing
466340395,44,455,521,560,-26477,55422,brushing
466348353,6,519,636,560,-26477,55422,brushing
466359363,6,519,636,-5022,-18690,54635,brushing
466365794,-17,642,721,-5022,-18690,54635,brushing
466378637,-17,642,721,-5950,-24675,52465,brushing
466382931,-46,592,740,-5950,-24675,52465,brushing
466397911,-46,592,740,-2047,-23100,50907,brushing
466400068,-97,559,796,-2047,-23100,50907,brushing
466416879,-97,559,796,7875,-2222,54897,brushing
466417510,-195,679,997,7875,-2222,54897,brushing
466434627,-195,671,945,7875,-2222,54897,brushing
466436173,-195,671,945,20107,1487,54145,brushing
466451763,-321,555,936,20107,1487,54145,brushing
466455447,-321,555,936,26022,-19827,42437,brushing
466469205,-338,424,838,26022,-19827,42437,brushing
466474721,-338,424,838,29767,-24832,26460,brushing
466486342,-334,335,705,29767,-24832,26460,brushing
466493690,-334,335,705,24920,-29942,4252,brushing
466503479,-301,317,606,24920,-29942,4252,brushing
466512964,-301,317,606,13177,-25830,-18760,brushing
466520616,-215,369,514,13177,-25830,-18760,brushing
466532237,-215,369,514,-2520,-6545,-35840,brushing
466538058,-133,467,526,-2520,-6545,-35840,brushing
466551206,-133,467,526,-17202,15942,-46935,brushing
466555196,-89,529,546,-17202,15942,-46935,brushing
466570480,-89,529,546,-28017,40390,-51975,brushing
466572332,-65,631,622,-28017,40390,-51975,brushing
466589753,-75,653,700,-34422,54302,-54862,brushing
466606883,-92,694,820,-34422,54302,-54862,brushing
466608735,-92,694,820,-35787,54285,-58152,brushing
466624021,-84,680,903,-35787,54285,-58152,brushing
466628009,-84,680,903,-30555,46952,-60270,brushing
466641157,-79,672,948,-30555,46952,-60270,brushing
466647283,-79,672,948,-21752,34650,-62352,brushing
466658599,-50,665,927,-21752,34650,-62352,brushing
466666557,-50,665,927,-13072,22330,-62860,brushing
466675736,20,782,943,-13072,22330,-62860,brushing
466685526,20,782,943,-6615,9310,-57890,brushing
466692872,125,700,905,-6615,9310,-57890,brushing
466704799,125,700,905,-2695,-3762,-50767,brushing
466710315,163,707,899,-2695,-3762,-50767,brushing
466724073,163,707,899,-280,-14105,-37572,brushing
466727451,231,722,915,-280,-14105,-37572,brushing
466743041,231,722,915,4427,-12337,-16887,brushing
466744588,245,758,965,4427,-12337,-16887,brushing
466761705,209,710,933,4427,-12337,-16887,brushing
466762335,209,710,933,9677,-15015,4550,brushing
466779146,159,621,872,9677,-15015,4550,brushing
466781609,159,621,872,13370,-22645,21770,brushing
466796282,122,574,825,13370,-22645,21770,brushing
466800576,122,574,825,15662,-25690,34965,brushing
466813418,89,595,796,15662,-25690,34965,brushing
466819849,89,595,796,18060,-24552,45500,brushing
466830554,30,603,777,18060,-24552,45500,brushing
466839122,30,603,777,20895,-23712,53322,brushing
466847997,-65,605,756,20895,-23712,53322,brushing
466858092,-65,605,756,23187,-24167,57225,brushing
466865134,-119,695,752,23187,-24167,57225,brushing
466877365,-119,695,752,26005,-19670,60777,brushing
466882270,-105,713,730,26005,-19670,60777,brushing
466896639,-105,713,730,26722,-20125,61180,brushing
466899712,-112,673,699,26722,-20125,61180,brushing
466915912,-112,673,699,25672,-23187,57837,brushing
466916849,-145,567,651,25672,-23187,57837,brushing
466933965,-216,478,660,25672,-23187,57837,brushing
466934901,-216,478,660,24727,-13877,51187,brushing
466951101,-283,479,658,24727,-13877,51187,brushing
466954175,-283,479,658,23747,7070,41055,brushing
466968543,-330,455,642,23747,7070,41055,brushing
466973448,-330,455,642,18725,13510,24167,brushing
466985680,-351,411,619,18725,13510,24167,brushing
466992417,-351,411,619,9082,5250,822,brushing
467002817,-306,402,620,9082,5250,822,brushing
467011691,-306,402,620,-315,7962,-21910,brushing
467020259,-216,458,625,-315,7962,-21910,brushing
467030965,-216,458,625,-7612,23957,-39165,brushing
467037396,-155,566,657,-7612,23957,-39165,brushing
467050238,-155,566,657,-13545,35682,-51135,brushing
467054532,-111,638,680,-13545,35682,-51135,brushing
467069206,-111,638,680,-17535,43032,-57767,brushing
467071670,-74,705,736,-17535,43032,-57767,brushing
467088480,-74,705,736,-19005,44432,-60130,brushing
467089110,-48,752,789,-19005,44432,-60130,brushing
467106227,-39,728,819,-19005,44432,-60130,brushing
467107775,-39,728,819,-19547,32567,-61075,brushing
467123364,-33,737,853,-19547,32567,-61075,brushing
467126742,-33,737,853,-19145,17500,-61145,brushing
467140806,-6,768,918,-19145,17500,-61145,brushing
467146016,-6,768,918,-15085,9135,-56297,brushing
467157942,60,875,955,-15085,9135,-56297,brushing
467165289,60,875,955,-9572,-1330,-45850,brushing
467175079,142,883,999,-9572,-1330,-45850,brushing
467184258,142,883,999,-2537,-12005,-30100,brushing
467192217,206,842,1025,-2537,-12005,-30100,brushing
467203533,206,842,1025,7402,-12932,-10027,brushing
467209659,259,790,978,7402,-12932,-10027,brushing
467222807,259,790,978,16870,-13930,9870,brushing
467226795,247,730,918,16870,-13930,9870,brushing
467242080,247,730,918,23992,-15505,30135,brushing
467243932,222,747,881,23992,-15505,30135,brushing
467261048,222,747,881,26687,-23537,48475,brushing
467261679,198,769,762,26687,-23537,48475,brushing
467278490,130,694,703,26687,-23537,48475,brushing
467280343,130,694,703,25305,-35262,63560,brushing
467295628,91,610,639,25305,-35262,63560,brushing
467299616,91,610,639,25217,-23485,78365,brushing
467312764,13,504,547,25217,-23485,78365,brushing
467318585,13,504,547,22610,-7052,85645,brushing
467330205,-28,503,604,22610,-7052,85645,brushing
467337858,-28,503,604,20475,15767,89162,brushing
467347343,-64,474,539,20475,15767,89162,brushing
467357133,-64,474,539,14105,7525,80097,brushing
467364480,-102,385,498,14105,7525,80097,brushing
467376101,-102,385,498,6457,-3342,63997,brushing
467381922,-110,342,490,6457,-3342,63997,brushing
467395375,-110,342,490,437,-1732,47022,brushing
467399058,-114,364,557,437,-1732,47022,brushing
467414648,-114,364,557,-2100,5425,30870,brushing
467416195,-93,483,683,-2100,5425,30870,brushing
467433311,-41,693,866,227,5862,18375,brushing
467450746,-17,837,970,227,5862,18375,brushing
467452904,-17,837,970,9222,-5372,12197,brushing
467467883,-2,823,955,9222,-5372,12197,brushing
467472177,-2,823,955,20877,-19862,11025,brushing
467485020,13,697,861,20877,-19862,11025,brushing
467491451,13,697,861,28630,-30030,8487,brushing
467502462,33,570,749,28630,-30030,8487,brushing
467510420,33,570,749,30887,-30397,2467,brushing
467519598,77,530,676,30887,-30397,2467,brushing
467529694,77,530,676,28280,-19302,-3237,brushing
467536735,93,558,596,28280,-19302,-3237,brushing
467548967,93,558,596,21910,-3972,-5670,brushing
467553872,100,646,592,21910,-3972,-5670,brushing
467567936,100,646,592,12775,7437,-4480,brushing
467571315,83,670,630,12775,7437,-4480,brushing
467587209,83,670,630,5197,13545,-3430,brushing
467588452,35,612,682,5197,13545,-3430,brushing
467605568,12,597,746,5197,13545,-3430,brushing
467606504,12,597,746,2047,22995,-4882,brushing
467623010,23,703,796,2047,22995,-4882,brushing
467625473,23,703,796,2590,30485,-7192,brushing
467640146,38,718,738,2590,30485,-7192,brushing
467644746,38,718,738,1820,12145,-12897,brushing
467657283,15,658,814,1820,12145,-12897,brushing
467664019,15,658,814,4130,9257,-16117,brushing
467674420,12,663,836,4130,9257,-16117,brushing
467683293,12,663,836,12775,31972,-14735,brushing
467691863,42,718,788,12775,31972,-14735,brushing
467702263,42,718,788,16835,30695,-16870,brushing
467709000,51,652,664,16835,30695,-16870,brushing
467721536,51,652,664,14245,16467,-23677,brushing
467726135,63,578,591,14245,16467,-23677,brushing
467740810,63,578,591,8417,11497,-31535,brushing
467743273,60,523,580,8417,11497,-31535,brushing
467759778,60,523,580,1697,7280,-41265,brushing
467760715,68,511,540,1697,7280,-41265,brushing
467777831,62,546,542,1697,7280,-41265,brushing
467779073,62,546,542,-6055,6545,-49822,brushing
467794968,24,630,650,-6055,6545,-49822,brushing
467798346,24,630,650,-12005,10307,-53987,brushing
467812104,16,714,725,-12005,10307,-53987,brushing
467817315,16,714,725,-12915,12407,-54670,brushing
467829547,25,752,776,-12915,12407,-54670,brushing
467836589,25,752,776,-10080,13772,-53147,brushing
467846683,36,785,761,-10080,13772,-53147,brushing
467855863,36,785,761,-5302,19880,-49210,brushing
467863820,34,817,798,-5302,19880,-49210,brushing
467874831,34,817,798,-332,19407,-44415,brushing
467881262,32,785,771,-332,19407,-44415,brushing
467894104,32,785,771,2537,8575,-42350,brushing
467898399,7,685,732,2537,8575,-42350,brushing
467913378,7,685,732,3622,2380,-43435,brushing
467915534,-11,658,655,3622,2380,-43435,brushing
467932345,-11,658,655,3395,7140,-42875,brushing
467932975,-22,753,659,3395,7140,-42875,brushing
467950091,-25,828,695,3395,7140,-42875,brushing
467951638,-25,828,695,3535,12092,-37852,brushing
467967227,-4,949,770,3535,12092,-37852,brushing
467970912,-4,949,770,4987,10097,-30222,brushing
467984364,46,940,783,4987,10097,-30222,brushing
467990185,46,940,783,7472,-542,-21052,brushing
468001806,61,835,782,7472,-542,-21052,brushing
468009154,61,835,782,9940,-8925,-13335,brushing
468018943,69,764,776,9940,-8925,-13335,brushing
468028427,69,764,776,12495,-9800,-5827,brushing
468036080,65,779,819,12495,-9800,-5827,brushing
468047702,65,779,819,15452,-13177,1260,brushing
468053217,52,752,861,15452,-13177,1260,brushing
468066670,52,752,861,20107,-23152,6300,brushing
468070659,29,727,860,20107,-23152,6300,brushing
468085944,29,727,860,25812,-32602,9555,brushing
468087796,7,700,826,25812,-32602,9555,brushing
468104912,27,792,790,32112,-36627,13247,brushing
468122347,87,834,666,32112,-36627,13247,brushing
468124199,87,834,666,34142,-46462,18847,brushing
468139483,97,630,498,34142,-46462,18847,brushing
468143473,97,630,498,28542,-63980,18847,brushing
468156620,101,522,392,28542,-63980,18847,brushing
468162746,101,522,392,19337,-50365,19810,brushing
468173756,103,552,393,19337,-50365,19810,brushing
468181714,103,552,393,9800,-18725,23345,brushing
468191197,99,646,474,9800,-18725,23345,brushing
468200987,99,646,474,2415,5530,28507,brushing
468208335,75,668,572,2415,5530,28507,brushing
468220262,75,668,572,-1750,11602,30240,brushing
468225473,46,615,625,-1750,11602,30240,brushing
468239535,46,615,625,-2642,14455,28332,brushing
468242609,3,579,683,-2642,14455,28332,brushing
468258503,3,579,683,-2747,12530,21927,brushing
468260050,-30,532,681,-2747,12530,21927,brushing
468277166,-61,518,685,-2747,12530,21927,brushing
468277796,-61,518,685,-6352,-3447,9240,brushing
468294303,-84,505,693,-6352,-3447,9240,brushing
468297070,-84,505,693,-12915,-31412,-8312,brushing
468311744,-91,522,705,-12915,-31412,-8312,brushing
468316039,-91,522,705,-20317,-47407,-24780,brushing
468328881,-117,556,736,-20317,-47407,-24780,brushing
468335312,-117,556,736,-27387,-52377,-36820,brushing
468346017,-117,624,795,-27387,-52377,-36820,brushing
468354585,-117,624,795,-31535,-52167,-43347,brushing
468363153,-106,676,857,-31535,-52167,-43347,brushing
468373554,-106,676,857,-31307,-44047,-43452,brushing
468380596,-61,686,804,-31307,-44047,-43452,brushing
468392828,-61,686,804,-34615,-47845,-43015,brushing
468397733,-40,609,759,-34615,-47845,-43015,brushing
468412101,-40,609,759,-34737,-27020,-36522,brushing
468414868,-25,768,1033,-34737,-27020,-36522,brushing
468431068,-25,768,1033,-19722,23590,-14490,brushing
468432004,71,983,1090,-19722,23590,-14490,brushing
468449426,108,986,1086,-19722,23590,-14490,brushing
468450362,108,986,1086,-6422,22942,3535,brushing
468466563,71,740,990,-6422,22942,3535,brushing
468469636,71,740,990,735,-18042,11410,brushing
468483699,26,532,912,735,-18042,11410,brushing
468488604,26,532,912,10097,-29417,16187,brushing
468500836,11,574,860,10097,-29417,16187,brushing
468507877,11,574,860,21315,-18725,20947,brushing
468518278,54,820,862,21315,-18725,20947,brushing
468527152,54,820,862,31185,-17762,30887,brushing
468535415,114,961,864,31185,-17762,30887,brushing
468546120,114,961,864,38885,-23292,47722,brushing
468552553,88,735,674,38885,-23292,47722,brushing
468565394,88,735,674,39410,-31990,54565,brushing
468569689,27,525,619,39410,-31990,54565,brushing
468584668,27,525,619,39707,-6580,60497,brushing
468587131,17,461,567,39707,-6580,60497,brushing
468603636,17,461,567,32427,6580,58975,brushing
468604266,-9,474,458,32427,6580,58975,brushing
468621384,-40,276,325,32427,6580,58975,brushing
468622930,-40,276,325,14682,-11550,45360,brushing
468638520,-90,21,211,14682,-11550,45360,brushing
468642204,-90,21,211,-10272,-29750,20160,brushing
468655963,-88,65,303,-10272,-29750,20160,brushing
468661174,-88,65,303,-32077,-9905,-3902,brushing
468673100,-59,438,549,-32077,-9905,-3902,brushing
468680447,-59,438,549,-47372,1295,-20317,brushing
468690236,-95,600,854,-47372,1295,-20317,brushing
468699720,-95,600,854,-53130,-17062,-32287,brushing
468707373,-118,538,979,-53130,-17062,-32287,brushing
468718689,-118,538,979,-51730,-52132,-45482,brushing
468724815,-142,416,954,-51730,-52132,-45482,brushing
468737964,-142,416,954,-44117,-50995,-52535,brushing
468741953,-155,371,1022,-44117,-50995,-52535,brushing
468757238,-155,371,1022,-29155,-16467,-47705,brushing
468759090,-147,715,1117,-29155,-16467,-47705,brushing
468776207,-31,964,1230,-6422,13055,-33005,brushing
468793641,70,1062,1180,-6422,13055,-33005,brushing
468795493,70,1062,1180,15260,14175,-14000,brushing
468810778,92,885,1046,15260,14175,-14000,brushing
468814768,92,885,1046,32042,9187,5547,brushing
468827916,75,694,888,32042,9187,5547,brushing
468833737,75,694,888,43522,21770,23135,brushing
468845054,51,664,887,43522,21770,23135,brushing
468853012,51,664,887,55597,63297,42647,brushing
468862496,80,898,845,55597,63297,42647,brushing
468872285,80,898,845,57102,49507,57190,brushing
468879633,72,528,481,57102,49507,57190,brushing
468891253,72,528,481,42472,4042,45342,brushing
468896769,65,259,341,42472,4042,45342,brushing
468910527,65,259,341,20212,12915,38237,brushing
468913906,60,197,166,20212,12915,38237,brushing
468929801,60,197,166,-11760,0,16380,brushing
468931348,25,179,199,-11760,0,16380,brushing
468948464,-2,409,514,-39270,-9485,-1890,brushing
468965594,-50,569,797,-39270,-9485,-1890,brushing
468968057,-50,569,797,-48737,-15557,-13125,brushing
468983036,-76,725,1002,-48737,-15557,-13125,brushing
468987331,-76,725,1002,-43032,-17255,-16555,brushing
469000173,-96,553,910,-43032,-17255,-16555,brushing
469006300,-96,553,910,-37730,-60550,-29505,brushing
469017310,-155,314,869,-37730,-60550,-29505,brushing
469025573,-155,314,869,-34247,-84752,-46375,brushing
469034447,-218,349,1065,-34247,-84752,-46375,brushing
469044847,-218,349,1065,-17097,-41895,-47460,brushing
469051889,-214,629,1089,-17097,-41895,-47460,brushing
469063815,-214,629,1089,1365,-17972,-44747,brushing
469069026,-182,801,1108,1365,-17972,-44747,brushing
469083090,-182,801,1108,16467,-19180,-38342,brushing
469086163,-101,931,998,16467,-19180,-38342,brushing
469102363,-101,931,998,28175,-15032,-23100,brushing
469103299,4,950,959,28175,-15032,-23100,brushing
469120721,56,800,878,28175,-15032,-23100,brushing
469121351,56,800,878,34912,-11725,-5880,brushing
469137858,68,597,793,34912,-11725,-5880,brushing
469140626,68,597,793,36785,-4602,5460,brushing
469154995,70,546,751,36785,-4602,5460,brushing
469159900,70,546,751,36645,14437,14245,brushing
469172132,58,627,824,36645,14437,14245,brushing
469178869,58,627,824,40547,45885,26582,brushing
469189574,121,952,926,40547,45885,26582,brushing
469198142,121,952,926,45237,54390,44887,brushing
469206711,184,777,669,45237,54390,44887,brushing
469217416,184,777,669,29872,-13895,40722,brushing
469223848,87,310,530,29872,-13895,40722,brushing
469236385,87,310,530,11865,-36347,30240,brushing
469240984,26,83,454,11865,-36347,30240,brushing
469255659,26,83,454,-5110,-25882,12477,brushing
469258427,-13,87,489,-5110,-25882,12477,brushing
469274933,-13,87,489,-23012,-37240,-12495,brushing
469275563,-87,159,679,-23012,-37240,-12495,brushing
469292680,-159,316,891,-23012,-37240,-12495,brushing
469293921,-159,316,891,-30362,-38500,-34212,brushing
469310123,-197,507,1056,-30362,-38500,-34212,brushing
469313196,-197,507,1056,-24115,-28472,-45955,brushing
469327260,-183,450,1001,-24115,-28472,-45955,brushing
469332471,-183,450,1001,-15820,-51817,-61215,brushing
469344397,-207,345,978,-15820,-51817,-61215,brushing
469351439,-207,345,978,-5180,-52220,-71557,brushing
469361534,-226,458,884,-5180,-52220,-71557,brushing
469370712,-226,458,884,5915,-29225,-74900,brushing
469378975,-163,623,780,5915,-29225,-74900,brushing
469389985,-163,623,780,8487,-29400,-76842,brushing
469396111,-119,675,727,8487,-29400,-76842,brushing
469408954,-119,675,727,6265,-30940,-74672,brushing
469413248,-84,696,775,6265,-30940,-74672,brushing
469428227,-84,696,775,8645,-8732,-63752,brushing
469430384,-58,688,826,8645,-8732,-63752,brushing
469447501,-58,688,826,15400,23520,-51310,brushing
469448131,-37,645,912,15400,23520,-51310,brushing
469464942,-13,706,924,15400,23520,-51310,brushing
469466489,-13,706,924,24027,47145,-39025,brushing
469482080,3,681,906,24027,47145,-39025,brushing
469485763,3,681,906,27142,36032,-32270,brushing
469499217,7,550,881,27142,36032,-32270,brushing
469505038,7,550,881,25550,11130,-30677,brushing
469516660,0,444,840,25550,11130,-30677,brushing
469524007,0,444,840,22155,-3640,-30747,brushing
469533796,-7,380,814,22155,-3640,-30747,brushing
469543280,-7,380,814,17132,-9047,-31850,brushing
469550933,-10,344,789,17132,-9047,-31850,brushing
469562554,-10,344,789,11147,-9362,-34195,brushing
469568070,-26,364,801,11147,-9362,-34195,brushing
469581523,-26,364,801,6510,-5040,-35052,brushing
469585512,-40,416,815,6510,-5040,-35052,brushing
469600797,-40,416,815,3920,3342,-33355,brushing
469602649,-52,491,862,3920,3342,-33355,brushing
469619766,-58,587,890,3517,9642,-29400,brushing
469636894,-69,652,898,3517,9642,-29400,brushing
469639052,-69,652,898,4270,10080,-24132,brushing
469654337,-75,663,897,4270,10080,-24132,brushing
469658327,-75,663,897,5495,4602,-18900,brushing
469671474,-89,664,908,5495,4602,-18900,brushing
469677600,-89,664,908,7245,-2992,-14192,brushing
469688610,-105,659,910,7245,-2992,-14192,brushing
469696568,-105,659,910,9520,-12372,-10150,brushing
469705747,-122,640,941,9520,-12372,-10150,brushing
469715841,-122,640,941,12652,-22890,-7297,brushing
469723188,-114,564,936,12652,-22890,-7297,brushing
469735115,-114,564,936,16677,-29120,-6632,brushing
469740325,-95,481,866,16677,-29120,-6632,brushing
469754082,-95,481,866,19040,-26932,-7367,brushing
469757461,-104,473,819,19040,-26932,-7367,brushing
469773356,-104,473,819,19530,-20597,-6947,brushing
469774598,-94,461,835,19530,-20597,-6947,brushing
469792020,-93,474,870,19530,-20597,-6947,brushing
469792650,-93,474,870,19687,-18900,-7210,brushing
469809157,-86,478,881,19687,-18900,-7210,brushing
469811619,-86,478,881,20615,-19880,-7315,brushing
469826293,-74,471,877,20615,-19880,-7315,brushing
469830893,-74,471,877,22032,-19740,-7052,brushing
469843430,-65,451,842,22032,-19740,-7052,brushing
469849862,-65,451,842,22487,-19652,-7122,brushing
469860567,-54,461,825,22487,-19652,-7122,brushing
469869134,-54,461,825,21630,-19442,-6737,brushing
469878008,-48,452,831,21630,-19442,-6737,brushing
469888408,-48,452,831,21420,-18427,-6090,brushing
469895144,-40,449,831,21420,-18427,-6090,brushing
469907376,-40,449,831,20912,-16590,-5180,brushing
469912281,-30,454,800,20912,-16590,-5180,brushing
469926649,-30,454,800,19215,-16607,-3850,brushing
469929418,-21,449,786,19215,-16607,-3850,brushing
469945922,-21,449,786,17150,-15452,-3097,brushing
469946858,-30,420,805,17150,-15452,-3097,brushing
469963975,-35,400,839,17150,-15452,-3097,brushing
469964911,-35,400,839,17132,-9852,-2152,brushing
469981112,-30,426,844,17132,-9852,-2152,brushing
469984186,-30,426,844,18217,-2677,-962,brushing
469998249,-22,432,823,18217,-2677,-962,brushing
470003459,-22,432,823,18462,-1435,-805,brushing
470015691,-20,434,825,18462,-1435,-805,brushing
470022427,-20,434,825,17885,-3850,-1330,brushing
470032827,-10,439,812,17885,-3850,-1330,brushing
470041701,-10,439,812,16835,-5442,-1610,brushing
470049964,-3,448,803,16835,-5442,-1610,brushing
470060974,-3,448,803,15172,-6265,-1680,brushing
470067101,3,467,814,15172,-6265,-1680,brushing
470079943,3,467,814,13142,-7980,-945,brushing
470084543,4,464,817,13142,-7980,-945,brushing
470099217,4,464,817,10850,-9747,-262,brushing
470101680,5,452,823,10850,-9747,-262,brushing
470118491,5,452,823,9030,-8627,787,brushing
470119121,8,445,830,9030,-8627,787,brushing
470135932,8,448,840,9030,-8627,787,brushing
470137479,8,448,840,7350,-5635,1960,brushing
470153374,3,459,870,7350,-5635,1960,brushing
470156753,3,459,870,5880,-4270,2747,brushing
470170510,-1,466,890,5880,-4270,2747,brushing
470175721,-1,466,890,4865,-6160,3132,brushing
470187647,-3,472,902,4865,-6160,3132,brushing
470194995,-3,472,902,4182,-8610,3570,brushing
470204785,-1,471,906,4182,-8610,3570,brushing
470214269,-1,471,906,3727,-9047,4952,brushing
470222227,0,468,918,3727,-9047,4952,brushing
470233238,0,468,918,3797,-5880,7157,brushing
470239364,0,470,935,3797,-5880,7157,brushing
470252512,0,470,935,4060,-3482,9222,brushing
470256501,6,490,952,4060,-3482,9222,brushing
470271786,6,490,952,4340,-5722,11287,brushing
470273638,7,488,955,4340,-5722,11287,brushing
470291058,9,495,965,4200,-9117,13055,brushing
470308188,10,493,974,4200,-9117,13055,brushing
470310041,10,493,974,4287,-12880,15225,brushing
470325326,15,469,972,4287,-12880,15225,brushing
470329315,15,469,972,4725,-17027,16835,brushing
470342462,20,455,970,4725,-17027,16835,brushing
470348589,20,455,970,5495,-20020,17675,brushing
470359904,20,459,962,5495,-20020,17675,brushing
470367557,20,459,962,6160,-21402,18970,brushing
470377041,10,475,975,6160,-21402,18970,brushing
470386831,10,475,975,7000,-22155,21017,brushing
470394178,11,481,980,7000,-22155,21017,brushing
470406105,11,481,980,8697,-21770,23957,brushing
470411315,11,462,976,8697,-21770,23957,brushing
470425072,11,462,976,10605,-19005,26880,brushing
470428756,21,439,962,10605,-19005,26880,brushing
470444346,21,439,962,11690,-16677,29295,brushing
470445893,36,422,955,11690,-16677,29295,brushing
470463009,47,421,952,11690,-16677,29295,brushing
470463639,47,421,952,11760,-18742,30660,brushing
470480450,62,400,933,11760,-18742,30660,brushing
470482607,62,400,933,11235,-25830,31325,brushing
470497585,67,394,929,11235,-25830,31325,brushing
470501879,67,394,929,10185,-35735,29540,brushing
470514722,62,362,928,10185,-35735,29540,brushing
470521152,62,362,928,9485,-45377,27475,brushing
470531858,54,324,940,9485,-45377,27475,brushing
470540121,54,324,940,10307,-48457,26197,brushing
470549300,60,316,926,10307,-48457,26197,brushing
470559395,60,316,926,11462,-48895,24850,brushing
470566437,73,314,893,11462,-48895,24850,brushing
470578669,73,314,893,11707,-51747,23240,brushing
470583573,90,287,854,11707,-51747,23240,brushing
470597637,90,287,854,10762,-53235,20912,brushing
470600710,102,251,804,10762,-53235,20912,brushing
470616911,102,251,804,7735,-49157,18917,brushing
470618153,108,227,786,7735,-49157,18917,brushing
470635270,93,237,813,7735,-49157,18917,brushing
470636206,93,237,813,3920,-41807,16922,brushing
470652407,83,251,841,3920,-41807,16922,brushing
470655174,83,251,841,1330,-37450,15505,brushing
470669849,92,266,833,1330,-37450,15505,brushing
470674449,92,266,833,-1312,-36855,14525,brushing
470686986,106,259,803,-1312,-36855,14525,brushing
470693723,106,259,803,-5950,-36102,14437,brushing
470704123,117,275,810,-5950,-36102,14437,brushing
470712691,117,275,810,-12040,-33652,15610,brushing
470721260,105,266,869,-12040,-33652,15610,brushing
470731965,105,266,869,-14875,-28315,17727,brushing
470738701,76,214,968,-14875,-28315,17727,brushing
470751237,76,214,968,-10867,-13212,19897,brushing
470755836,65,179,1029,-10867,-13212,19897,brushing
470770511,65,179,1029,-3832,7105,22767,brushing
470772974,97,311,986,-3832,7105,22767,brushing
470789480,97,311,986,-5460,-1067,24500,brushing
470790110,64,343,930,-5460,-1067,24500,brushing
470807531,47,263,937,-5460,-1067,24500,brushing
470808773,47,263,937,-11830,-60182,16205,brushing
470824668,11,89,955,-11830,-60182,16205,brushing
470828047,11,89,955,-11637,-93537,7787,brushing
470841805,18,13,823,-11637,-93537,7787,brushing
470847015,18,13,823,-6492,-76597,1610,brushing
470859247,56,16,649,-6492,-76597,1610,brushing
470866289,56,16,649,-4935,-24675,1522,brushing
470876385,172,185,466,-4935,-24675,1522,brushing
470885563,172,185,466,-16870,30765,7420,brushing
470893521,209,339,392,-16870,30765,7420,brushing
470904531,209,339,392,-44870,49752,12582,brushing
470910657,109,295,581,-44870,49752,12582,brushing
470923804,109,295,581,-67742,51922,13772,brushing
470928099,-28,117,970,-67742,51922,13772,brushing
470943079,-28,117,970,-76965,58502,14420,brushing
470945236,-15,302,711,-76965,58502,14420,brushing
470962353,-32,330,786,-90090,51117,16100,brushing
470979788,-238,143,1709,-90090,51117,16100,brushing
470981335,-238,143,1709,-85960,58415,18567,brushing
470996924,-443,12,2057,-85960,58415,18567,brushing
471000609,-443,12,2057,-46812,9940,2555,brushing
471014062,-322,-9,1697,-46812,9940,2555,brushing
471019883,-322,-9,1697,1102,-44870,-18707,brushing
471031199,-115,200,1253,1102,-44870,-18707,brushing
471038852,-115,200,1253,30415,-67270,-30905,brushing
471048641,-22,482,971,30415,-67270,-30905,brushing
471058125,-22,482,971,41492,-72100,-25375,brushing
471065778,130,654,496,41492,-72100,-25375,brushing
471077400,130,654,496,31955,-75757,-10220,brushing
471082916,7,137,614,31955,-75757,-10220,brushing
471096369,7,137,614,28455,-37730,-2275,brushing
471100358,-84,-5,885,28455,-37730,-2275,brushing
471115642,-84,-5,885,23800,20667,9240,brushing
471117494,177,337,44,23800,20667,9240,brushing
471134610,87,38,336,-14542,8522,7472,brushing
471151741,-32,-87,651,-14542,8522,7472,brushing
471154203,-32,-87,651,-41230,34265,7455,brushing
471169183,-96,71,938,-41230,34265,7455,brushing
471173172,-96,71,938,-45885,83492,5547,brushing
471186320,15,401,741,-45885,83492,5547,brushing
471192446,15,401,741,-57802,84717,3675,brushing
471203457,-243,418,1690,-57802,84717,3675,brushing
471211719,-243,418,1690,-47005,64067,6370,brushing
471220897,-35,706,1075,-47005,64067,6370,brushing
471230688,-35,706,1075,-41125,-18865,7455,brushing
471238036,-383,-77,1997,-41125,-18865,7455,brushing
471249963,-383,-77,1997,-2677,-42245,-1890,brushing
471255174,-261,180,1570,-2677,-42245,-1890,brushing
471269238,-261,180,1570,29365,-50662,-9572,brushing
471272311,-132,283,1144,29365,-50662,-9572,brushing
471288206,-132,283,1144,39252,-90877,-20510,brushing
471289753,-137,292,1199,39252,-90877,-20510,brushing
471306869,14,532,407,39252,-90877,-20510,brushing
471307499,14,532,407,42175,-94727,-15785,brushing
471324006,-126,-189,874,42175,-94727,-15785,brushing
471326774,-126,-189,874,34160,-84262,-15925,brushing
471341448,-150,-120,813,34160,-84262,-15925,brushing
471346048,-150,-120,813,51397,17570,-10360,brushing
471358585,259,564,13,51397,17570,-10360,brushing
471365016,259,564,13,20475,20422,-6737,brushing
471375721,153,83,155,20475,20422,-6737,brushing
471384290,153,83,155,-27090,2205,-7315,brushing
471392858,-37,-40,598,-27090,2205,-7315,brushing
471403563,-37,-40,598,-45080,80937,1312,brushing
471410301,-11,332,616,-45080,80937,1312,brushing
471422532,-11,332,616,-62842,88847,1190,brushing
471427437,-21,537,749,-62842,88847,1190,brushing
471441806,-21,537,749,-82442,55807,5372,brushing
471444574,-378,161,1712,-82442,55807,5372,brushing
471461079,-378,161,1712,-49630,49350,3097,brushing
471461710,-506,123,2014,-49630,49350,3097,brushing
471479131,-394,272,1910,-49630,49350,3097,brushing
471480066,-394,272,1910,-2135,-9380,-15575,brushing
471496268,-293,274,1528,-2135,-9380,-15575,brushing
471499341,-293,274,1528,36872,-74130,-32042,brushing
471513404,-119,510,1162,36872,-74130,-32042,brushing
471518613,-119,510,1162,63682,-67462,-26880,brushing
471530846,28,647,744,63682,-67462,-26880,brushing
471537888,28,647,744,66412,-76965,-14840,brushing
471547984,-1,35,479,66412,-76965,-14840,brushing
471556857,-1,35,479,53655,-78872,-12512,brushing
471565120,-15,-169,540,53655,-78872,-12512,brushing
471576132,-15,-169,540,39935,-1627,-3762,brushing
471582564,335,386,-147,39935,-1627,-3762,brushing
471595406,335,386,-147,-11620,8120,1855,brushing
471599700,138,60,187,-11620,8120,1855,brushing
471614374,138,60,187,-50382,50050,9502,brushing
471616837,-72,166,715,-50382,50050,9502,brushing
471633648,-72,166,715,-72135,72362,16397,brushing
471634278,-33,579,699,-72135,72362,16397,brushing
471651396,-259,421,1162,-72135,72362,16397,brushing
471652942,-259,421,1162,-84000,41282,20335,brushing
471668533,-623,-67,2271,-84000,41282,20335,brushing
471671911,-623,-67,2271,-54232,18585,17955,brushing
471685670,-505,193,2070,-54232,18585,17955,brushing
471691185,-505,193,2070,7455,-17412,-542,brushing
471703112,-289,340,1627,7455,-17412,-542,brushing
471710458,-289,340,1627,48282,-99837,-20265,brushing
471720248,-99,405,964,48282,-99837,-20265,brushing
471729732,-99,405,964,60392,-130217,-22260,brushing
471737385,9,456,549,60392,-130217,-22260,brushing
471748701,9,456,549,53042,-109707,-12302,brushing
471754522,-65,53,516,53042,-109707,-12302,brushing
471767975,-65,53,516,49822,-41755,-3342,brushing
471771964,-147,-170,838,49822,-41755,-3342,brushing
471787248,-147,-170,838,43995,28542,8522,brushing
471789101,229,517,-83,43995,28542,8522,brushing
471806217,155,55,111,-10605,-20632,8155,brushing
471823651,-67,-204,428,-10605,-20632,8155,brushing
471825504,-67,-204,428,-50610,25917,13737,brushing
471840788,-100,288,624,-50610,25917,13737,brushing
471844777,-100,288,624,-65660,102077,20020,brushing
471857924,-193,487,1188,-65660,102077,20020,brushing
471863746,-193,487,1188,-82932,57015,17412,brushing
471875366,-343,255,1426,-82932,57015,17412,brushing
471883018,-343,255,1426,-69457,24937,20737,brushing
471892503,-617,-126,2259,-69457,24937,20737,brushing
471902292,-617,-126,2259,-8190,23135,10850,brushing
471909640,-371,372,1997,-8190,23135,10850,brushing
471921566,-371,372,1997,41230,-53165,-5670,brushing
471926776,-223,468,1398,41230,-53165,-5670,brushing
471940534,-223,468,1398,61722,-127120,-12915,brushing
471944217,-59,450,833,61722,-127120,-12915,brushing
471959807,-59,450,833,54757,-133262,-4812,brushing
471961354,15,317,293,54757,-133262,-4812,brushing
471978470,-6,-91,198,54757,-133262,-4812,brushing
471979101,-6,-91,198,30467,-96110,4637,brushing
471995608,-167,-544,655,30467,-96110,4637,brushing
471998070,-167,-544,655,19477,8750,12215,brushing
472013049,-122,-71,633,19477,8750,12215,brushing
472017343,-122,-71,633,16520,96390,13300,brushing
472030186,45,500,552,16520,96390,13300,brushing
472036617,45,500,552,-12757,45710,9065,brushing
472047322,-80,13,660,-12757,45710,9065,brushing
472055585,-80,13,660,-33232,20842,4550,brushing
472064763,-127,151,770,-33232,20842,4550,brushing
472074858,-127,151,770,-39252,64470,9397,brushing
472081900,-216,259,1086,-39252,64470,9397,brushing
472094132,-216,259,1086,-41212,44100,6125,brushing
472099037,-148,528,1098,-41212,44100,6125,brushing
472113101,-148,528,1098,-33915,4375,7997,brushing
472116174,-501,12,1977,-33915,4375,7997,brushing
472132374,-501,12,1977,11742,-8522,1697,brushing
472133616,-388,330,1849,11742,-8522,1697,brushing
472150732,-256,299,1412,11742,-8522,1697,brushing
472151668,-256,299,1412,48702,-69510,-10045,brushing
472167869,-197,106,1091,48702,-69510,-10045,brushing
472170636,-197,106,1091,63052,-120085,-21280,brushing
472185005,-97,137,623,63052,-120085,-21280,brushing
472189911,-97,137,623,64820,-109987,-24150,brushing
472202448,-92,-239,607,64820,-109987,-24150,brushing
472209184,-92,-239,607,61757,-44765,-23065,brushing
472219584,-97,-21,873,61757,-44765,-23065,brushing
472228457,-97,-21,873,64855,52395,-8417,brushing
472236721,405,887,-101,64855,52395,-8417,brushing
472247426,405,887,-101,9240,-13510,1505,brushing
472253858,261,106,11,9240,-13510,1505,brushing
472266700,261,106,11,-46305,-13300,10377,brushing
472271300,10,-223,279,-46305,-13300,10377,brushing
472285974,10,-223,279,-65765,104702,25357,brushing
472288437,-266,-82,949,-65765,104702,25357,brushing
472304942,-266,-82,949,-69842,117145,16712,brushing
472305572,-250,449,1274,-69842,117145,16712,brushing
472322994,-146,553,971,-69842,117145,16712,brushing
472324236,-146,553,971,-82232,-20597,-2012,brushing
472340131,-555,-419,2186,-82232,-20597,-2012,brushing
472343510,-555,-419,2186,-60707,-35735,752,brushing
472357269,-399,178,1960,-60707,-35735,752,brushing
472362479,-399,178,1960,7472,38622,2502,brushing
472374406,-197,571,1761,7472,38622,2502,brushing
472381752,-197,571,1761,45395,-47180,-6545,brushing
472391847,-66,279,1116,45395,-47180,-6545,brushing
472401026,-66,279,1116,53427,-138320,-14350,brushing
472408984,20,128,611,53427,-138320,-14350,brushing
472420301,20,128,611,44782,-135240,-12127,brushing
472426120,38,-162,342,44782,-135240,-12127,brushing
472439268,38,-162,342,39270,-51047,-5792,brushing
472443563,-100,-551,736,39270,-51047,-5792,brushing
472458542,-100,-551,736,52202,67707,3570,brushing
472460699,42,263,676,52202,67707,3570,brushing
472477815,343,845,131,28175,28035,10972,brushing
472495249,167,0,123,28175,28035,10972,brushing
472496795,167,0,123,-18112,-40250,11637,brushing
472512385,-69,-106,539,-18112,-40250,11637,brushing
472516069,-69,-106,539,-38902,52097,27807,brushing
472529522,-191,156,941,-38902,52097,27807,brushing
472535342,-191,156,941,-43767,107152,28490,brushing
472546659,-180,614,1094,-43767,107152,28490,brushing
472554616,-180,614,1094,-53917,22330,17307,brushing
472564101,-283,372,1402,-53917,22330,17307,brushing
472573585,-283,372,1402,-43207,-30082,14630,brushing
472581237,-635,-413,2154,-43207,-30082,14630,brushing
472592858,-635,-413,2154,23905,35735,5250,brushing
472598374,-399,366,1986,23905,35735,5250,brushing
472612132,-399,366,1986,70280,-9345,-11725,brushing
472615816,-260,364,1528,70280,-9345,-11725,brushing
472631101,-260,364,1528,86870,-96320,-35647,brushing
472632953,-122,266,1073,86870,-96320,-35647,brushing
472650069,-32,50,739,86870,-81620,-38622,brushing
472667198,-40,-117,752,86870,-81620,-38622,brushing
472669661,-40,-117,752,77262,-18480,-40075,brushing
472684641,207,527,328,77262,-18480,-40075,brushing
472688630,207,527,328,53602,21507,-31500,brushing
472701778,320,329,106,53602,21507,-31500,brushing
472707904,320,329,106,-5425,-36960,-31185,brushing
472718916,97,-271,295,-5425,-36960,-31185,brushing
472727179,97,-271,295,-47985,16345,-23572,brushing
472736358,-77,-242,719,-47985,16345,-23572,brushing
472746453,-77,-242,719,-64225,93922,-17325,brushing
472753495,-85,52,876,-64225,93922,-17325,brushing
472765421,-85,52,876,-73045,87815,-25567,brushing
472770631,-117,503,1274,-73045,87815,-25567,brushing
472784694,-117,503,1274,-86835,-31657,-34405,brushing
472787767,0,517,833,-86835,-31657,-34405,brushing
472803968,0,517,833,-75302,-54495,-25900,brushing
472805209,-409,-492,2013,-75302,-54495,-25900,brushing
472822326,-269,330,1928,-75302,-54495,-25900,brushing
472822956,-269,330,1928,-8820,35122,-15907,brushing
472839463,-187,461,1692,-8820,35122,-15907,brushing
472842230,-187,461,1692,38622,-33005,-21315,brushing
472856903,-104,105,1039,38622,-33005,-21315,brushing
472861503,-104,105,1039,58152,-126560,-33372,brushing
472874040,-105,9,815,58152,-126560,-33372,brushing
472880471,-105,9,815,67830,-98980,-28332,brushing
472891176,-31,-86,412,67830,-98980,-28332,brushing
472899744,-31,-86,412,61652,-58957,-26512,brushing
472908312,-170,-469,791,61652,-58957,-26512,brushing
472919017,-170,-469,791,64540,26810,-24272,brushing
472925754,56,183,230,64540,26810,-24272,brushing
472938291,56,183,230,35980,33215,-19337,brushing
472942891,258,426,-54,35980,33215,-19337,brushing
472957259,258,426,-54,-22732,-10080,-21700,brushing
472960027,135,-106,7,-22732,-10080,-21700,brushing
472976533,135,-106,7,-59955,76370,-6667,brushing
472977468,-60,-30,577,-59955,76370,-6667,brushing
472994585,-214,285,1008,-59955,76370,-6667,brushing
472995826,-214,285,1008,-76107,121082,-4987,brushing
473011722,-162,721,777,-76107,121082,-4987,brushing
473014795,-162,721,777,-97282,14000,-19285,brushing
473028858,-627,-299,2048,-97282,14000,-19285,brushing
473034069,-627,-299,2048,-83965,-20685,-18462,brushing
473046301,-686,-96,2252,-83965,-20685,-18462,brushing
473053342,-686,-96,2252,-7420,53007,-20282,brushing
473063437,-529,473,2216,-7420,53007,-20282,brushing
473072310,-529,473,2216,50995,-41895,-38867,brushing
473080574,-336,275,1418,50995,-41895,-38867,brushing
473091584,-336,275,1418,78697,-139160,-56630,brushing
473097710,-200,45,856,78697,-139160,-56630,brushing
473110858,-200,45,856,82932,-122027,-56262,brushing
473115152,-104,-68,374,82932,-122027,-56262,brushing
473129827,-104,-68,374,70420,-75390,-55300,brushing
473132290,-108,-415,325,70420,-75390,-55300,brushing
473149101,-108,-415,325,59832,17045,-49980,brushing
473149731,49,-167,235,59832,17045,-49980,brushing
473166847,382,579,-202,59832,17045,-49980,brushing
473168394,382,579,-202,18550,49367,-29697,brushing
473183983,286,200,39,18550,49367,-29697,brushing
473187362,286,200,39,-40005,43925,-13072,brushing
473201119,15,36,542,-40005,43925,-13072,brushing
473206636,15,36,542,-72310,123882,12372,brushing
473218256,-109,457,893,-72310,123882,12372,brushing
473225909,-109,457,893,-95585,110600,16415,brushing
473235698,-385,408,1444,-95585,110600,16415,brushing
473244877,-385,408,1444,-99102,13300,10447,brushing
473252834,-739,-430,2370,-99102,13300,10447,brushing
473264150,-739,-430,2370,-36365,32270,4410,brushing
473269971,-634,10,2593,-36365,32270,4410,brushing
473283423,-634,10,2593,38237,-4795,-12810,brushing
473287106,-433,307,2065,38237,-4795,-12810,brushing
473302696,-433,307,2065,76440,-133665,-42577,brushing
473304547,-213,36,1086,76440,-133665,-42577,brushing
473321663,-92,155,827,85242,-124407,-42035,brushing
473338792,0,202,468,85242,-124407,-42035,brushing
473340949,0,202,468,77945,-66640,-20685,brushing
473356234,-58,-245,586,77945,-66640,-20685,brushing
473360223,-58,-245,586,68477,-22330,-13230,brushing
473373370,217,246,71,68477,-22330,-13230,brushing
473379190,217,246,71,39112,5862,3640,brushing
473390506,264,131,-125,39112,5862,3640,brushing
473398464,264,131,-125,-14455,-3850,13790,brushing
473407643,157,-75,44,-14455,-3850,13790,brushing
473417739,157,-75,44,-53917,91752,38377,brushing
473425086,-47,121,635,-53917,91752,38377,brushing
473437012,-47,121,635,-74987,145582,52185,brushing
473442222,-219,527,1096,-74987,145582,52185,brushing
473455980,-219,527,1096,-93082,24272,40390,brushing
473459359,-370,439,1212,-93082,24272,40390,brushing
473475253,-370,439,1212,-70210,-40670,31902,brushing
473476800,-741,-692,2315,-70210,-40670,31902,brushing
473493916,-554,-26,2273,-70210,-40670,31902,brushing
473494547,-554,-26,2273,11182,38902,21822,brushing
473511053,-366,271,1732,11182,38902,21822,brushing
473513515,-366,271,1732,66867,-50382,-7770,brushing
473528189,-172,50,908,66867,-50382,-7770,brushing
473532789,-172,50,908,80552,-158550,-40425,brushing
473545631,-124,143,771,80552,-158550,-40425,brushing
473552062,-124,143,771,86012,-95130,-31517,brushing
473562767,14,429,553,86012,-95130,-31517,brushing
473571030,14,429,553,84332,-32042,-11707,brushing
473579904,2,134,594,84332,-32042,-11707,brushing
473590305,2,134,594,72345,-875,1085,brushing
473597346,261,362,23,72345,-875,1085,brushing
473609578,261,362,23,26215,-5040,14647,brushing
473614483,197,34,-121,26215,-5040,14647,brushing
473628547,197,34,-121,-29365,17815,16940,brushing
473631620,20,-334,178,-29365,17815,16940,brushing
473647820,20,-334,178,-57347,122657,28315,brushing
473648756,-152,-21,793,-57347,122657,28315,brushing
473666177,-256,413,1079,-57347,122657,28315,brushing
473667114,-256,413,1079,-72415,102847,18375,brushing
473683314,-380,185,1453,-72415,102847,18375,brushing
473686082,-380,185,1453,-71435,14665,3885,brushing
473700449,-450,-66,1855,-71435,14665,3885,brushing
473705354,-450,-66,1855,-28945,31377,1977,brushing
473717586,-410,107,2032,-28945,31377,1977,brushing
473724628,-410,107,2032,29995,28542,-7455,brushing
473735027,-255,236,1525,29995,28542,-7455,brushing
473743901,-255,236,1525,64190,-58905,-26792,brushing
473752165,-136,33,975,64190,-58905,-26792,brushing
473762870,-136,33,975,74480,-86187,-34282,brushing
473769302,-37,70,766,74480,-86187,-34282,brushing
473782143,-37,70,766,76282,-44835,-24220,brushing
473786742,26,117,703,76282,-44835,-24220,brushing
473801416,26,117,703,74200,-15295,-13352,brushing
473803879,68,-15,707,74200,-15295,-13352,brushing
473820385,68,-15,707,72240,4917,-7262,brushing
473821016,115,-170,690,72240,4917,-7262,brushing
473838132,233,-158,662,72240,4917,-7262,brushing
473839679,233,-158,662,70035,41090,210,brushing
473855575,228,-156,677,70035,41090,210,brushing
473858954,228,-156,677,67917,78942,9537,brushing
473872712,277,15,724,67917,78942,9537,brushing
473877922,277,15,724,67777,115010,21385,brushing
473889849,369,235,787,67777,115010,21385,brushing
473897197,369,235,787,70087,134365,34160,brushing
473906986,450,503,767,70087,134365,34160,brushing
473916471,450,503,767,69667,130287,48352,brushing
473924428,485,736,776,69667,130287,48352,brushing
473935439,485,736,776,64995,115150,68722,brushing
473941564,472,840,839,64995,115150,68722,brushing
473954711,472,840,839,57680,100712,92732,brushing
473958700,372,758,873,57680,100712,92732,brushing
473973984,372,758,873,49420,81602,105437,brushing
473975836,273,599,894,49420,81602,105437,brushing
473992952,273,599,894,40005,70315,104580,brushing
473993582,177,408,907,40005,70315,104580,brushing
474010393,-10,203,963,40005,70315,104580,brushing
474012245,-10,203,963,28787,72485,94080,brushing
474027529,-296,-62,1058,28787,72485,94080,brushing
474031518,-296,-62,1058,16625,57662,62982,brushing
474044972,-288,153,944,16625,57662,62982,brushing
474050792,-288,153,944,10535,61547,22697,brushing
474062109,38,865,913,10535,61547,22697,brushing
474069762,38,865,913,3447,95812,10762,brushing
474079245,90,1011,1040,3447,95812,10762,brushing
474089034,90,1011,1040,-7280,53882,1820,brushing
474096383,-29,626,1138,-7280,53882,1820,brushing
474108310,-29,626,1138,-7175,2922,-16642,brushing
474113826,-130,354,1206,-7175,2922,-16642,brushing
474127279,-130,354,1206,4217,-13930,-37940,brushing
474130962,-51,411,1135,4217,-13930,-37940,brushing
474146552,-51,411,1135,15610,-33267,-59465,brushing
474148099,1,424,1028,15610,-33267,-59465,brushing
474165521,68,386,966,23572,-47897,-76982,brushing
474182650,162,493,875,23572,-47897,-76982,brushing
474184807,162,493,875,29120,-43697,-86310,brushing
474199787,400,696,779,29120,-43697,-86310,brushing
474204081,400,696,779,29820,-26285,-81830,brushing
474216922,623,855,761,29820,-26285,-81830,brushing
474223355,623,855,761,21892,-27282,-61705,brushing
474234365,779,754,694,21892,-27282,-61705,brushing
474242322,779,754,694,10272,-41912,-32917,brushing
474251501,902,575,610,10272,-41912,-32917,brushing
474261596,902,575,610,-1995,-39865,525,brushing
474268638,750,161,752,-1995,-39865,525,brushing
474280870,750,161,752,-8365,-33442,22505,brushing
474285775,499,-107,795,-8365,-33442,22505,brushing
474299838,499,-107,795,-5757,-10692,30240,brushing
474303216,435,-79,806,-5757,-10692,30240,brushing
474319112,435,-79,806,-1487,12950,36330,brushing
474320354,499,289,661,-1487,12950,36330,brushing
474337470,565,676,599,-1487,12950,36330,brushing
474338407,565,676,599,-875,37362,54827,brushing
474354607,448,838,564,-875,37362,54827,brushing
474357375,448,838,564,-6072,31710,76562,brushing
474372049,319,771,630,-6072,31710,76562,brushing
474376649,319,771,630,-13930,20825,93187,brushing
474389186,138,679,767,-13930,20825,93187,brushing
474395922,138,679,767,-19740,4585,99505,brushing
474406323,-192,283,1014,-19740,4585,99505,brushing
474414891,-192,283,1014,-13475,-15925,86975,brushing
474423459,-354,176,1128,-13475,-15925,86975,brushing
474434164,-354,176,1128,3780,-20632,61862,brushing
474440901,-420,89,1121,3780,-20632,61862,brushing
474453438,-420,89,1121,21070,-31167,26617,brushing
474458038,-291,308,962,21070,-31167,26617,brushing
474472407,-291,308,962,31027,-29732,1680,brushing
474475175,-31,588,849,31027,-29732,1680,brushing
474491680,-31,588,849,29435,-46760,-10605,brushing
474492310,-40,529,775,29435,-46760,-10605,brushing
474509733,10,336,750,29435,-46760,-10605,brushing
474510974,10,336,750,23835,-77612,-24972,brushing
474526869,54,181,715,23835,-77612,-24972,brushing
474529942,54,181,715,19635,-88375,-39777,brushing
474544006,140,144,755,19635,-88375,-39777,brushing
474549217,140,144,755,17640,-73552,-51275,brushing
474561448,456,323,724,17640,-73552,-51275,brushing
474568490,456,323,724,17832,-38465,-54652,brushing
474578585,639,430,1080,17832,-38465,-54652,brushing
474587458,639,430,1080,21857,-700,-41702,brushing
474595721,659,603,1048,21857,-700,-41702,brushing
474606731,659,603,1048,22732,-23502,-23222,brushing
474612857,777,522,1071,22732,-23502,-23222,brushing
474626005,777,522,1071,18077,-58467,-1750,brushing
474630300,786,382,1078,18077,-58467,-1750,brushing
474644974,786,382,1078,15435,-80920,15715,brushing
474647436,717,169,979,15435,-80920,15715,brushing
474664247,717,169,979,15470,-60235,34335,brushing
474664877,674,155,917,15470,-60235,34335,brushing
474681688,653,242,782,15470,-60235,34335,brushing
474683540,653,242,782,10167,-46585,50050,brushing
474699131,554,96,723,10167,-46585,50050,brushing
474702510,554,96,723,2310,-32182,62685,brushing
474716268,456,136,837,2310,-32182,62685,brushing
474721783,456,136,837,2135,40320,82390,brushing
474733404,365,388,916,2135,40320,82390,brushing
474741056,365,388,916,-1382,43802,90020,brushing
474750540,272,475,848,-1382,43802,90020,brushing
474760023,272,475,848,-12530,-17570,86205,brushing
474767981,165,252,764,-12530,-17570,86205,brushing
474779298,165,252,764,-22557,-71715,71452,brushing
474785118,18,-124,787,-22557,-71715,71452,brushing
474798571,18,-124,787,-22102,-62107,53357,brushing
474802254,-37,-169,851,-22102,-62107,53357,brushing
474817539,-37,-169,851,-19110,-43785,30975,brushing
474819391,-101,-126,962,-19110,-43785,30975,brushing
474836813,-110,9,1079,-13387,-33705,6702,brushing
474853942,-61,246,1101,-13387,-33705,6702,brushing
474856099,-61,246,1101,-7245,-30537,-10465,brushing
474871079,-10,334,1062,-7245,-30537,-10465,brushing
474875069,-10,334,1062,-5530,-48440,-23187,brushing
474888216,69,200,971,-5530,-48440,-23187,brushing
474894343,69,200,971,-9380,-65170,-32777,brushing
474905659,146,33,869,-9380,-65170,-32777,brushing
474913617,146,33,869,-14227,-51870,-41265,brushing
474922796,187,-28,834,-14227,-51870,-41265,brushing
474932585,187,-28,834,-19512,-21875,-46917,brushing
474939933,222,-32,837,-19512,-21875,-46917,brushing
474951859,222,-32,837,-25480,-5075,-55072,brushing
474957070,290,-89,819,-25480,-5075,-55072,brushing
474971133,290,-89,819,-29365,18637,-62195,brushing
474974512,376,-26,797,-29365,18637,-62195,brushing
474990102,376,-26,797,-32252,41195,-62545,brushing
474991649,446,116,831,-32252,41195,-62545,brushing
475008765,552,262,960,-32252,41195,-62545,brushing
475009395,552,262,960,-33967,50487,-51852,brushing
475025901,601,319,1084,-33967,50487,-51852,brushing
475028670,601,319,1084,-30625,46305,-31867,brushing
475043344,632,357,1175,-30625,46305,-31867,brushing
475047638,632,357,1175,-19565,40250,-5495,brushing
475060480,626,275,1138,-19565,40250,-5495,brushing
475066912,626,275,1138,-5845,25620,18515,brushing
475077618,589,132,996,-5845,25620,18515,brushing
475086186,589,132,996,2380,18900,36575,brushing
475094754,558,158,843,2380,18900,36575,brushing
475105154,558,158,843,612,28472,52692,brushing
475112195,491,299,837,612,28472,52692,brushing
475124426,491,299,837,-7945,35070,66430,brushing
475129331,348,350,901,-7945,35070,66430,brushing
475143700,348,350,901,-15382,23450,74077,brushing
475146468,212,354,1000,-15382,23450,74077,brushing
475162668,212,354,1000,-18655,-6877,72887,brushing
475163605,104,271,1048,-18655,-6877,72887,brushing
475181027,26,139,1064,-18655,-6877,72887,brushing
475181964,26,139,1064,-16257,-38185,61197,brushing
475198165,8,135,1054,-16257,-38185,61197,brushing
475201238,8,135,1054,-12180,-56367,45762,brushing
475215303,-52,74,1018,-12180,-56367,45762,brushing
475220207,-52,74,1018,-7175,-65887,29767,brushing
475232745,-82,-52,997,-7175,-65887,29767,brushing
475239482,-82,-52,997,-2695,-52535,13982,brushing
475249881,-108,36,890,-2695,-52535,13982,brushing
475258754,-108,36,890,-4077,-36540,-1085,brushing
475267017,-84,-2,925,-4077,-36540,-1085,brushing
475277723,-84,-2,925,-4165,-5495,-14752,brushing
475284154,-33,111,925,-4165,-5495,-14752,brushing
475296997,-33,111,925,-3622,18550,-22400,brushing
475301597,9,228,906,-3622,18550,-22400,brushing
475316271,9,228,906,-8697,10605,-30817,brushing
475318734,70,240,874,-8697,10605,-30817,brushing
475335546,70,240,874,-16047,-3342,-38202,brushing
475336176,109,94,796,-16047,-3342,-38202,brushing
475352988,120,9,757,-16047,-3342,-38202,brushing
475354535,120,9,757,-22067,7595,-44327,brushing
475370431,101,-20,717,-22067,7595,-44327,brushing
475373809,101,-20,717,-28437,20212,-52692,brushing
475387568,88,23,751,-28437,20212,-52692,brushing
475393083,88,23,751,-33267,33162,-61757,brushing
475404704,124,226,896,-33267,33162,-61757,brushing
475412052,124,226,896,-30415,52745,-62002,brushing
475422146,136,336,996,-30415,52745,-62002,brushing
475431325,136,336,996,-23065,53095,-59797,brushing
475439282,146,298,1035,-23065,53095,-59797,brushing
475450598,146,298,1035,-14525,43225,-58450,brushing
475456419,204,233,1005,-14525,43225,-58450,brushing
475469566,204,233,1005,-8295,37520,-56752,brushing
475473556,217,207,964,-8295,37520,-56752,brushing
475488840,217,207,964,-4690,34527,-55317,brushing
475490998,215,187,963,-4690,34527,-55317,brushing
475508114,188,272,978,-1347,40285,-50627,brushing
475525244,184,353,1024,-1347,40285,-50627,brushing
475527096,184,353,1024,1977,44205,-42052,brushing
475542685,201,440,1026,1977,44205,-42052,brushing
475546369,201,440,1026,5145,42087,-33232,brushing
475559821,255,472,1047,5145,42087,-33232,brushing
475565642,255,472,1047,8295,41650,-20930,brushing
475576957,318,511,1060,8295,41650,-20930,brushing
475584610,318,511,1060,12040,47057,-4707,brushing
475594094,376,548,1074,12040,47057,-4707,brushing
475603883,376,548,1074,15767,51922,14630,brushing
475611536,411,565,1103,15767,51922,14630,brushing
475623157,411,565,1103,17657,43907,33372,brushing
475628673,378,544,1097,17657,43907,33372,brushing
475642430,378,544,1097,18585,23817,48457,brushing
475645810,334,516,1102,18585,23817,48457,brushing
475661400,334,516,1102,19635,3692,59937,brushing
475662947,270,459,1021,19635,3692,59937,brushing
475680368,246,475,981,22470,7927,71907,brushing
475697497,232,607,920,22470,7927,71907,brushing
475699960,232,607,920,24115,26547,84822,brushing
475714634,167,607,862,24115,26547,84822,brushing
475718929,167,607,862,20370,19477,92732,brushing
475732078,87,399,790,20370,19477,92732,brushing
475738205,87,399,790,14420,1295,91122,brushing
475749216,10,121,663,14420,1295,91122,brushing
475757479,10,121,663,4760,-11987,75302,brushing
475766352,-124,-164,511,4760,-11987,75302,brushing
475776447,-124,-164,511,-9205,-24115,42192,brushing
475783489,-172,-284,461,-9205,-24115,42192,brushing
475795721,-172,-284,461,-24342,-15540,6720,brushing
475800932,-150,-27,620,-24342,-15540,6720,brushing
475814996,-150,-27,620,-36802,-22820,-24360,brushing
475818069,-81,270,757,-36802,-22820,-24360,brushing
475833964,-81,270,757,-43102,-32970,-45272,brushing
475835205,-25,359,898,-43102,-32970,-45272,brushing
475852322,15,284,1041,-43102,-32970,-45272,brushing
475853258,15,284,1041,-42315,-41562,-59395,brushing
475869764,39,83,1063,-42315,-41562,-59395,brushing
475872531,39,83,1063,-41947,-78452,-79397,brushing
475886899,74,-66,875,-41947,-78452,-79397,brushing
475891500,74,-66,875,-44082,-108027,-101115,brushing
475904036,129,198,993,-44082,-108027,-101115,brushing
475910774,129,198,993,-34177,-26880,-91157,brushing
475921173,263,952,1135,-34177,-26880,-91157,brushing
475930048,263,952,1135,-15295,58170,-49507,brushing
475938617,408,1344,1204,-15295,58170,-49507,brushing
475949017,408,1344,1204,1400,73657,2170,brushing
475955753,474,1225,1294,1400,73657,2170,brushing
475968289,474,1225,1294,16135,66640,49910,brushing
475972890,398,803,1159,16135,66640,49910,brushing
475987563,398,803,1159,27685,66972,79555,brushing
475990026,245,429,1115,27685,66972,79555,brushing
476006532,245,429,1115,36575,78575,93047,brushing
476007468,99,148,977,36575,78575,93047,brushing
476024585,46,51,962,36575,78575,93047,brushing
476025826,46,51,962,41912,96477,89705,brushing
476041722,0,134,681,41912,96477,89705,brushing
476045101,0,134,681,27335,37782,64225,brushing
476058858,-68,-131,450,27335,37782,64225,brushing
476064069,-68,-131,450,-210,-58117,19617,brushing
476076301,-62,-193,440,-210,-58117,19617,brushing
476083342,-62,-193,440,-21227,-58467,-9712,brushing
476093436,17,129,605,-21227,-58467,-9712,brushing
476102614,17,129,605,-33582,-33022,-27545,brushing
476110573,45,384,744,-33582,-33022,-27545,brushing
476121583,45,384,744,-43785,-46707,-44082,brushing
476127709,39,327,827,-43785,-46707,-44082,brushing
476140857,39,327,827,-54372,-82547,-62580,brushing
476145152,-45,93,780,-54372,-82547,-62580,brushing
476160132,-45,93,780,-61110,-84997,-79905,brushing
476162290,-89,-27,898,-61110,-84997,-79905,brushing
476179100,-89,-27,898,-49945,-4865,-77647,brushing
476179730,-77,477,1204,-49945,-4865,-77647,brushing
476196542,53,1122,1317,-49945,-4865,-77647,brushing
476198393,53,1122,1317,-27982,47617,-55282,brushing
476213983,190,1218,1327,-27982,47617,-55282,brushing
476217667,190,1218,1327,-8260,32007,-25935,brushing
476231121,236,961,1327,-8260,32007,-25935,brushing
476236637,236,961,1327,13212,28892,9117,brushing
476248258,191,548,1185,13212,28892,9117,brushing
476255910,191,548,1185,30152,23485,27807,brushing
476265395,103,223,1030,30152,23485,27807,brushing
476275185,103,223,1030,39550,22400,29977,brushing
476282838,35,272,903,39550,22400,29977,brushing
476294153,35,272,903,44782,38412,33967,brushing
476299974,45,382,861,44782,38412,33967,brushing
476313426,45,382,861,46392,44520,35140,brushing
476317111,120,303,679,46392,44520,35140,brushing
476332701,120,303,679,31517,11847,23922,brushing
476334248,116,169,346,31517,11847,23922,brushing
476351669,103,-182,196,822,-41685,-1382,brushing
476368799,157,-184,286,822,-41685,-1382,brushing
476370957,157,-184,286,-23765,-8312,-16642,brushing
476385936,155,209,580,-23765,-8312,-16642,brushing
476390230,155,209,580,-40320,34125,-22837,brushing
476403378,128,413,735,-40320,34125,-22837,brushing
476409199,128,413,735,-51467,19022,-34177,brushing
476420515,45,365,916,-51467,19022,-34177,brushing
476428473,45,365,916,-60042,-15067,-44117,brushing
476437652,-80,263,1071,-60042,-15067,-44117,brushing
476447747,-80,263,1071,-56735,-28997,-49630,brushing
476454789,-135,344,1447,-56735,-28997,-49630,brushing
476466715,-135,344,1447,-32865,-1260,-44765,brushing
476471925,-117,688,1503,-32865,-1260,-44765,brushing
476485989,-117,688,1503,-4532,-647,-36592,brushing
476489367,-32,934,1468,-4532,-647,-36592,brushing
476505262,-32,934,1468,19110,-17150,-20055,brushing
476506503,54,999,1292,19110,-17150,-20055,brushing
476523620,86,805,1103,19110,-17150,-20055,brushing
476524250,86,805,1103,32620,-40670,-1330,brushing
476541061,74,504,902,32620,-40670,-1330,brushing
476543524,74,504,902,35280,-58257,9730,brushing
476558198,35,310,772,35280,-58257,9730,brushing
476562798,35,310,772,33670,-44940,14875,brushing
476575334,20,327,744,33670,-44940,14875,brushing
476581766,20,327,744,32690,-1190,23345,brushing
476592472,35,486,746,32690,-1190,23345,brushing
476601040,35,486,746,31850,40740,35525,brushing
476609914,33,562,798,31850,40740,35525,brushing
476620315,33,562,798,28717,47215,42210,brushing
476627051,24,388,766,28717,47215,42210,brushing
476639284,24,388,766,21210,23677,34195,brushing
476644189,7,191,677,21210,23677,34195,brushing
476658557,7,191,677,8645,-10255,13790,brushing
476661326,18,-61,562,8645,-10255,13790,brushing
476677831,18,-61,562,-2660,-3535,-8190,brushing
476678461,55,-141,543,-2660,-3535,-8190,brushing
476695884,103,-44,615,-2660,-3535,-8190,brushing
476696820,103,-44,615,-11462,24710,-24920,brushing
476713021,138,205,751,-11462,24710,-24920,brushing
476716094,138,205,751,-19897,30030,-39742,brushing
476730158,145,401,859,-19897,30030,-39742,brushing
476735063,145,401,859,-28840,8872,-49035,brushing
476747294,118,392,945,-28840,8872,-49035,brushing
476754336,118,392,945,-34562,-17500,-53847,brushing
476764736,95,346,963,-34562,-17500,-53847,brushing
476773610,95,346,963,-32567,-4567,-51975,brushing
476781872,22,645,1023,-32567,-4567,-51975,brushing
476792578,22,645,1023,-26250,22487,-34282,brushing
476799010,37,964,1198,-26250,22487,-34282,brushing
476811852,37,964,1198,-16660,16257,-12845,brushing
476816146,28,985,1204,-16660,16257,-12845,brushing
476831125,28,985,1204,-5092,-3605,6702,brushing
476833589,13,800,1169,-5092,-3605,6702,brushing
476850094,13,800,1169,8575,-3097,22627,brushing
476850724,-18,588,1136,8575,-3097,22627,brushing
476867841,-73,414,1018,8575,-3097,22627,brushing
476869388,-73,414,1018,18567,-6755,25655,brushing
476884977,-111,392,925,18567,-6755,25655,brushing
476888662,-111,392,925,22470,-11445,21210,brushing
476902420,-110,471,820,22470,-11445,21210,brushing
476907630,-110,471,820,21927,-9765,18095,brushing
476919557,-76,553,757,21927,-9765,18095,brushing
476926903,-76,553,757,17307,-11042,18235,brushing
476936694,-19,583,734,17307,-11042,18235,brushing
476946178,-19,583,734,13037,-3342,22120,brushing
476953830,-9,457,795,13037,-3342,22120,brushing
476965144,-9,457,795,11672,13597,23170,brushing
476971271,-2,378,818,11672,13597,23170,brushing
476984418,-2,378,818,11217,21175,18795,brushing
476988407,3,328,841,11217,21175,18795,brushing
477003691,3,328,841,9502,11427,8207,brushing
477005544,6,281,843,9502,11427,8207,brushing
477022965,36,272,805,7752,2695,-2555,brushing
477040094,99,349,791,7752,2695,-2555,brushing
477041946,99,349,791,9800,28682,-4602,brushing
477057230,189,535,777,9800,28682,-4602,brushing
477061218,189,535,777,14542,77507,4602,brushing
477074366,331,827,843,14542,77507,4602,brushing
477080187,331,827,843,15592,108867,24045,brushing
477091808,299,851,863,15592,108867,24045,brushing
477099462,299,851,863,4252,47215,31675,brushing
477108947,207,405,797,4252,47215,31675,brushing
477118736,207,405,797,-7175,-18060,23240,brushing
477126084,113,82,782,-7175,-18060,23240,brushing
477137705,113,82,782,-12670,-20702,14297,brushing
477143220,41,136,818,-12670,-20702,14297,brushing
477156979,41,136,818,-19740,-44992,-1697,brushing
477160662,-20,253,854,-19740,-44992,-1697,brushing
477176252,-20,253,854,-28682,-92960,-22750,brushing
477177798,0,216,739,-28682,-92960,-22750,brushing
477194915,-27,295,688,-37782,-94220,-30660,brushing
477212044,-27,331,719,-37782,-94220,-30660,brushing
477214507,-27,331,719,-45342,-80797,-33915,brushing
477229488,-97,372,727,-45342,-80797,-33915,brushing
477233782,-97,372,727,-50435,-65835,-35927,brushing
477246624,-109,489,786,-50435,-65835,-35927,brushing
477252750,-109,489,786,-49577,-35052,-31832,brushing
477263759,-109,634,911,-49577,-35052,-31832,brushing
477272022,-109,634,911,-42875,-10517,-22435,brushing
477280896,-92,630,1009,-42875,-10517,-22435,brushing
477291297,-92,630,1009,-32935,-11935,-16660,brushing
477298339,-115,456,1070,-32935,-11935,-16660,brushing
477310265,-115,456,1070,-22732,-34912,-20370,brushing
477315475,-134,248,1042,-22732,-34912,-20370,brushing
477329538,-134,248,1042,-14035,-59622,-33005,brushing
477332611,-118,112,956,-14035,-59622,-33005,brushing
477348810,-118,112,956,-6300,-45535,-41335,brushing
477349747,-86,196,920,-6300,-45535,-41335,brushing
477367168,-43,602,921,-6300,-45535,-41335,brushing
477367798,-43,602,921,1190,1102,-35385,brushing
477384305,47,1024,1007,1190,1102,-35385,brushing
477387073,47,1024,1007,9135,42210,-9695,brushing
477401441,107,1172,1136,9135,42210,-9695,brushing
477406346,107,1172,1136,16625,55037,28595,brushing
477418578,71,782,1117,16625,55037,28595,brushing
477425315,71,782,1117,23170,40757,54425,brushing
477436020,-20,300,1097,23170,40757,54425,brushing
477444589,-20,300,1097,29330,37992,61477,brushing
477453157,-80,186,1027,29330,37992,61477,brushing
477463862,-80,186,1027,34650,39532,56122,brushing
477470294,-17,335,967,34650,39532,56122,brushing
477482831,-17,335,967,38710,50032,54110,brushing
477487430,38,510,840,38710,50032,54110,brushing
477502105,38,510,840,34002,38447,54600,brushing
477504873,69,529,700,34002,38447,54600,brushing
477521378,69,529,700,21297,19162,52535,brushing
477522008,95,411,613,21297,19162,52535,brushing
477539124,14,228,558,21297,19162,52535,brushing
477540366,14,228,558,4235,6230,45535,brushing
477556260,-86,44,566,4235,6230,45535,brushing
477559639,-86,44,566,-12477,-13422,26250,brushing
477573702,-111,101,739,-12477,-13422,26250,brushing
477578911,-111,101,739,-22995,-26740,4270,brushing
477590838,-74,318,920,-22995,-26740,4270,brushing
477597880,-74,318,920,-24657,-41702,-14507,brushing
477607975,-32,564,1042,-24657,-41702,-14507,brushing
477617154,-32,564,1042,-18217,-51240,-20912,brushing
477625112,-21,632,1057,-18217,-51240,-20912,brushing
477636427,-21,632,1057,-11970,-84612,-24115,brushing
477642553,-20,451,925,-11970,-84612,-24115,brushing
477655701,-20,451,925,-12215,-116130,-30065,brushing
477659690,-10,248,747,-12215,-116130,-30065,brushing
477674670,-10,248,747,-18462,-101955,-31867,brushing
477676828,-20,206,702,-18462,-101955,-31867,brushing
477693944,-20,206,702,-24710,-60340,-28507,brushing
477694574,-86,255,780,-24710,-60340,-28507,brushing
477711385,-110,402,925,-24710,-60340,-28507,brushing
477713237,-110,402,925,-24097,-13492,-21752,brushing
477728521,-129,480,927,-24097,-13492,-21752,brushing
477732205,-129,480,927,-23135,-8260,-17850,brushing
477745658,-150,447,940,-23135,-8260,-17850,brushing
477751480,-150,447,940,-21945,-15925,-16205,brushing
477763101,-157,412,931,-21945,-15925,-16205,brushing
477770754,-157,412,931,-11707,14402,-8137,brushing
477780238,-124,489,999,-11707,14402,-8137,brushing
477789723,-124,489,999,6352,72520,7927,brushing
477797375,-85,626,1028,6352,72520,7927,brushing
477808996,-85,626,1028,19827,87780,19600,brushing
477814512,-77,557,1025,19827,87780,19600,brushing
477828270,-77,557,1025,31080,80815,22960,brushing
477831954,-41,480,1009,31080,80815,22960,brushing
477847240,-41,480,1009,42175,88235,29785,brushing
477849092,0,557,989,42175,88235,29785,brushing
477866209,32,499,951,50330,85207,34720,brushing
477883643,149,501,848,50330,85207,34720,brushing
477885800,149,501,848,53550,89005,39182,brushing
477900780,133,474,659,53550,89005,39182,brushing
477904769,133,474,659,39462,40267,33477,brushing
477917917,172,302,506,39462,40267,33477,brushing
477924043,172,302,506,15260,-12407,19862,brushing
477935053,163,164,457,15260,-12407,19862,brushing
477943317,163,164,457,-7070,-9502,12810,brushing
477952496,128,274,628,-7070,-9502,12810,brushing
477962285,128,274,628,-22067,11725,9975,brushing
477969631,82,499,869,-22067,11725,9975,brushing
477981558,82,499,869,-30065,-13615,4340,brushing
477986769,50,544,1013,-30065,-13615,4340,brushing
478000832,50,544,1013,-29225,-54915,-2747,brushing
478003904,17,487,1059,-29225,-54915,-2747,brushing
478019800,17,487,1059,-23345,-84157,-8487,brushing
478021347,3,396,1021,-23345,-84157,-8487,brushing
478038463,3,354,904,-23345,-84157,-8487,brushing
478039093,3,354,904,-21070,-106610,-16117,brushing
478055600,-29,331,827,-21070,-106610,-16117,brushing
478058368,-29,331,827,-22417,-109252,-21910,brushing
478072736,-107,399,920,-22417,-109252,-21910,brushing
478077336,-107,399,920,-18987,-69037,-17290,brushing
478090178,-134,594,978,-18987,-69037,-17290,brushing
478096610,-134,594,978,-9695,-26775,-5162,brushing
478107316,-157,590,971,-9695,-26775,-5162,brushing
478115883,-157,590,971,1417,6037,5722,brushing
478124452,-170,532,976,1417,6037,5722,brushing
478134852,-170,532,976,12302,38412,14367,brushing
478141589,-190,470,961,12302,38412,14367,brushing
478154125,-190,470,961,16782,40162,11935,brushing
478159030,-188,345,909,16782,40162,11935,brushing
478173398,-188,345,909,19740,43505,3570,brushing
478176167,-151,338,832,19740,43505,3570,brushing
478192368,-151,338,832,24325,68337,1837,brushing
478193304,-98,494,859,24325,68337,1837,brushing
478210420,10,653,892,24325,68337,1837,brushing
478211662,10,653,892,28472,76632,3850,brushing
478227862,136,623,761,28472,76632,3850,brushing
478230936,136,623,761,24412,44450,0,brushing
478244999,203,503,563,24412,44450,0,brushing
478249904,203,503,563,11287,12915,-3185,brushing
478262136,254,387,556,11287,12915,-3185,brushing
478269177,254,387,556,-1662,27510,2677,brushing
478279272,215,415,617,-1662,27510,2677,brushing
478288451,215,415,617,-9677,60655,13055,brushing
478296714,172,527,803,-9677,60655,13055,brushing
478307419,172,527,803,-13072,68652,20842,brushing
478313851,111,588,946,-13072,68652,20842,brushing
478326693,111,588,946,-11375,44345,22750,brushing
478330987,118,570,1043,-11375,44345,22750,brushing
478345967,118,570,1043,-6562,7000,20755,brushing
478348124,97,498,1002,-6562,7000,20755,brushing
478364936,97,498,1002,-2572,-27702,16380,brushing
478365566,84,470,958,-2572,-27702,16380,brushing
478382683,68,423,872,-2572,-27702,16380,brushing
478384230,68,423,872,-315,-51362,10570,brushing
478399820,32,429,757,-315,-51362,10570,brushing
478403504,32,429,757,-2275,-61092,5827,brushing
478416957,-24,397,647,-2275,-61092,5827,brushing
478422473,-24,397,647,-8750,-58415,1190,brushing
478434399,-42,424,708,-8750,-58415,1190,brushing
478441746,-42,424,708,-14525,-32707,-192,brushing
478451535,-110,543,782,-14525,-32707,-192,brushing
478461020,-110,543,782,-14647,1120,2362,brushing
478468672,-211,690,892,-14647,1120,2362,brushing
478479989,-211,690,892,-10342,16520,5792,brushing
478485809,-270,703,1022,-10342,16520,5792,brushing
478499262,-270,703,1022,-3185,-1540,-472,brushing
478503252,-278,555,962,-3185,-1540,-472,brushing
478518535,-278,555,962,2992,-24657,-15680,brushing
478520387,-212,437,841,2992,-24657,-15680,brushing
478537504,-132,399,697,3605,-29995,-30695,brushing
478554634,-73,419,592,3605,-29995,-30695,brushing
478556791,-73,419,592,-2782,-23467,-42560,brushing
478572075,-72,443,579,-2782,-23467,-42560,brushing
478576064,-72,443,579,-12075,-2450,-47302,brushing
478589211,-72,534,695,-12075,-2450,-47302,brushing
478595033,-72,534,695,-17867,28542,-44257,brushing
478606349,-49,641,801,-17867,28542,-44257,brushing
478614307,-49,641,801,-17377,50172,-38692,brushing
478623791,-47,726,943,-17377,50172,-38692,brushing
478633581,-47,726,943,-13580,41860,-34037,brushing
478640928,-54,642,1012,-13580,41860,-34037,brushing
478652549,-54,642,1012,-6370,21945,-33810,brushing
478658064,-53,550,1020,-6370,21945,-33810,brushing
478671821,-53,550,1020,2800,14455,-33967,brushing
478675200,-58,557,1007,2800,14455,-33967,brushing
478691095,-58,557,1007,10395,5862,-34072,brushing
478692642,-61,553,959,10395,5862,-34072,brushing
478709758,-42,595,892,10395,5862,-34072,brushing
478710388,-42,595,892,14770,-3255,-33862,brushing
478726894,-29,613,857,14770,-3255,-33862,brushing
478729357,-29,613,857,17955,1085,-28402,brushing
478744030,-27,663,833,17955,1085,-28402,brushing
478748630,-27,663,833,20930,14875,-18462,brushing
478761472,-24,625,833,20930,14875,-18462,brushing
478767598,-24,625,833,24342,30292,-7385,brushing
478778610,-57,530,814,24342,30292,-7385,brushing
478786872,-57,530,814,28420,46970,910,brushing
478795746,-53,581,833,28420,46970,910,brushing
478806145,-53,581,833,34527,69422,9835,brushing
478812881,-3,726,870,34527,69422,9835,brushing
478825113,-3,726,870,40565,69055,18497,brushing
478830324,101,884,946,40565,69055,18497,brushing
478844388,101,884,946,36312,2747,20020,brushing
478847460,177,853,680,36312,2747,20020,brushing
478863661,177,853,680,22627,-76142,12285,brushing
478864598,150,350,526,22627,-76142,12285,brushing
478881715,158,305,496,22627,-76142,12285,brushing
478882651,158,305,496,13650,-45552,16555,brushing
478899157,131,448,608,13650,-45552,16555,brushing
478901925,131,448,608,7140,-1225,24360,brushing
478916293,124,529,691,7140,-1225,24360,brushing
478921197,124,529,691,2240,4672,27965,brushing
478933428,113,582,753,2240,4672,27965,brushing
478940165,113,582,753,735,-3622,31570,brushing
478950565,73,620,806,735,-3622,31570,brushing
478959438,73,620,806,1242,-27790,33110,brushing
478968006,20,577,850,1242,-27790,33110,brushing
478978711,20,577,850,2187,-61442,28560,brushing
478985143,-29,451,814,2187,-61442,28560,brushing
478997680,-29,451,814,4567,-74427,21367,brushing
479002280,-11,458,805,4567,-74427,21367,brushing
479016953,-11,458,805,6107,-62615,19635,brushing
479019417,24,602,792,6107,-62615,19635,brushing
479036227,24,602,792,3307,-67200,19057,brushing
479036857,-3,569,716,3307,-67200,19057,brushing
479053973,-77,402,713,3307,-67200,19057,brushing
479055215,-77,402,713,-822,-58520,18725,brushing
479071110,-157,294,833,-822,-58520,18725,brushing
479074489,-157,294,833,-367,-14332,18375,brushing
479088247,-235,373,883,-367,-14332,18375,brushing
479093762,-235,373,883,717,16065,10010,brushing
479105689,-303,459,891,717,16065,10010,brushing
479112731,-303,459,891,437,14315,-5040,brushing
479122826,-308,520,941,437,14315,-5040,brushing
479132005,-308,520,941,770,-262,-21647,brushing
479139963,-231,511,853,770,-262,-21647,brushing
479151280,-231,511,853,997,-6440,-36557,brushing
479157101,-124,570,777,997,-6440,-36557,brushing
479170249,-124,570,777,-1242,-682,-45675,brushing
479174543,-52,589,730,-1242,-682,-45675,brushing
479189522,-52,589,730,-8242,-11322,-54162,brushing
479191680,-34,561,718,-8242,-11322,-54162,brushing
479208796,-15,501,865,-12582,-14805,-58957,brushing
479225926,-20,502,965,-12582,-14805,-58957,brushing
479227779,-20,502,965,-7332,17,-59045,brushing
479243368,-41,482,1021,-7332,17,-59045,brushing
479247052,-41,482,1021,-490,-7087,-62160,brushing
479260505,-76,347,1020,-490,-7087,-62160,brushing
479266325,-76,347,1020,7350,-23590,-70122,brushing
479277641,-120,274,951,7350,-23590,-70122,brushing
479285293,-120,274,951,13965,-34912,-80605,brushing
479294778,-117,314,872,13965,-34912,-80605,brushing
479304568,-117,314,872,16852,-42787,-89792,brushing
479312220,-90,408,839,16852,-42787,-89792,brushing
479323841,-90,408,839,18445,-35892,-91945,brushing
479329357,-64,567,820,18445,-35892,-91945,brushing
479342809,-64,567,820,19285,-25585,-84805,brushing
479346494,-22,667,842,19285,-25585,-84805,brushing
479362084,-22,667,842,22575,-8890,-70840,brushing
479363630,2,665,906,22575,-8890,-70840,brushing
479381051,16,721,960,29330,8277,-53847,brushing
479398181,30,685,964,29330,8277,-53847,brushing
479400339,30,685,964,35332,7455,-39655,brushing
479415318,21,577,930,35332,7455,-39655,brushing
479419612,21,577,930,39410,-4270,-30817,brushing
479432759,17,483,890,39410,-4270,-30817,brushing
479438885,17,483,890,41457,-11165,-24290,brushing
479449895,10,435,855,41457,-11165,-24290,brushing
479457853,10,435,855,41195,-13737,-19810,brushing
479467032,13,417,827,41195,-13737,-19810,brushing
479477127,13,417,827,37520,-14297,-16957,brushing
479484170,1,418,827,37520,-14297,-16957,brushing
479496402,1,418,827,32147,-17395,-15032,brushing
479501307,-2,402,822,32147,-17395,-15032,brushing
479515370,-2,402,822,26827,-18742,-12845,brushing
479518749,12,390,822,26827,-18742,-12845,brushing
479534644,12,390,822,21700,-16537,-10972,brushing
479535885,6,398,848,21700,-16537,-10972,brushing
479553002,-19,407,885,21700,-16537,-10972,brushing
479553632,-19,407,885,17832,-16677,-9835,brushing
479570138,-20,416,866,17832,-16677,-9835,brushing
479572906,-20,416,866,16082,-19285,-8732,brushing
479587580,-22,404,862,16082,-19285,-8732,brushing
479592179,-22,404,862,15225,-19792,-6930,brushing
479604716,-17,405,858,15225,-19792,-6930,brushing
479611452,-17,405,858,15260,-15015,-4935,brushing
479621852,-11,417,863,15260,-15015,-4935,brushing
479630420,-11,417,863,15575,-9257,-3185,brushing
479639293,-6,435,886,15575,-9257,-3185,brushing
479649693,-6,435,886,15942,-8697,-1767,brushing
479656429,-3,424,878,15942,-8697,-1767,brushing
479668967,-3,424,878,16030,-14157,-1802,brushing
479673566,1,392,865,16030,-14157,-1802,brushing
479687935,1,392,865,15382,-18620,-3010,brushing
479690703,5,364,841,15382,-18620,-3010,brushing
479707209,5,364,841,13545,-20055,-4602,brushing
479708145,7,332,811,13545,-20055,-4602,brushing
479725262,10,364,818,13545,-20055,-4602,brushing
479726503,10,364,818,11130,-17867,-6457,brushing
479742398,10,400,859,11130,-17867,-6457,brushing
479745473,10,400,859,9747,-13457,-6230,brushing
479759536,13,400,890,9747,-13457,-6230,brushing
479764746,13,400,890,9345,-9537,-5372,brushing
479776977,11,400,900,9345,-9537,-5372,brushing
479784019,11,400,900,9117,-5897,-4252,brushing
479794115,13,408,909,9117,-5897,-4252,brushing
479802988,13,408,909,7822,-4357,-3237,brushing
479811252,11,421,919,7822,-4357,-3237,brushing
479822263,11,421,919,6317,-6125,-2082,brushing
479828695,10,430,922,6317,-6125,-2082,brushing
479841536,10,430,922,4585,-9905,-892,brushing
479845830,2,402,913,4585,-9905,-892,brushing
479860505,2,402,913,2695,-14157,-927,brushing
479862967,1,383,919,2695,-14157,-927,brushing
479879778,1,383,919,2275,-13737,-787,brushing
479880409,0,366,934,2275,-13737,-787,brushing
479897526,-3,380,951,2275,-13737,-787,brushing
479899073,-3,380,951,3360,-8540,297,brushing
479914663,2,403,943,3360,-8540,297,brushing
479918346,2,403,943,4777,-5740,1610,brushing
479931799,10,399,920,4777,-5740,1610,brushing
479937315,10,399,920,4550,-8452,1872,brushing
479949241,9,382,911,4550,-8452,1872,brushing
479956589,9,382,911,3815,-13370,1715,brushing
479966379,5,347,899,3815,-13370,1715,brushing
479975863,5,347,899,3447,-13965,1697,brushing
479983515,2,349,901,3447,-13965,1697,brushing
479994831,2,349,901,3867,-11427,1942,brushing
480000652,9,358,904,3867,-11427,1942,brushing
480014106,9,358,904,4077,-9607,1680,brushing
480018095,5,365,904,4077,-9607,1680,brushing
480033378,5,365,904,4235,-10237,1487,brushing
480035231,6,358,897,4235,-10237,1487,brushing
480052347,6,352,896,4270,-11602,1470,brushing
480069781,7,342,889,4270,-11602,1470,brushing
480071633,7,342,889,4375,-11637,1610,brushing
480086917,8,339,890,4375,-11637,1610,brushing
480090907,8,339,890,4340,-10290,1557,brushing
480104055,6,342,899,4340,-10290,1557,brushing
480110181,6,342,899,4305,-9327,1295,brushing
480121193,6,346,902,4305,-9327,1295,brushing
480129151,6,346,902,4725,-8820,1067,brushing
480138635,7,342,906,4725,-8820,1067,brushing
480148424,7,342,906,5425,-7717,857,brushing
480155772,14,346,906,5425,-7717,857,brushing
480167698,14,346,906,6020,-4917,1032,brushing
480172909,12,355,911,6020,-4917,1032,brushing
480186666,12,355,911,6195,-3150,1102,brushing
480190350,15,361,908,6195,-3150,1102,brushing
480205940,15,361,908,5897,-1855,1662,brushing
480207486,14,373,914,5897,-1855,1662,brushing
480224603,12,374,914,5897,-1855,1662,brushing
480225233,12,374,914,5407,-1277,2432,brushing
480241740,20,371,911,5407,-1277,2432,brushing
480244508,20,371,911,4917,-420,3132,brushing
480259182,21,365,915,4917,-420,3132,brushing
480263477,21,365,915,3675,-455,3202,brushing
480276319,18,367,930,3675,-455,3202,brushing
480282750,18,367,930,2782,-1977,2730,brushing
480293453,17,343,923,2782,-1977,2730,brushing
480302021,17,343,923,2292,-3622,2100,brushing
480310895,20,331,911,2292,-3622,2100,brushing
480320989,20,331,911,1715,-2205,1277,brushing
480328032,17,338,918,1715,-2205,1277,brushing
480340264,17,338,918,1225,-1452,892,brushing
480345168,18,336,924,1225,-1452,892,brushing
480359536,18,336,924,805,-3290,-157,brushing
480362304,20,338,917,805,-3290,-157,brushing
480378505,20,338,917,857,-4952,-962,brushing
480379747,25,334,899,857,-4952,-962,brushing
480396863,28,334,889,857,-4952,-962,brushing
480397799,28,334,889,770,-4865,-1627,brushing
480414000,28,354,889,770,-4865,-1627,brushing
480417073,28,354,889,1085,-1855,-1645,brushing
480431441,28,374,887,1085,-1855,-1645,brushing
480436041,28,374,887,1102,35,-1137,brushing
480448578,21,388,886,1102,35,-1137,brushing
480455314,21,388,886,787,-210,-350,brushing
480465713,27,392,877,787,-210,-350,brushing
480474586,27,392,877,192,-1207,490,brushing
480482849,14,392,891,192,-1207,490,brushing
480493860,14,392,891,262,-1942,1295,brushing
480500292,13,380,894,262,-1942,1295,brushing
480512829,13,380,894,1137,-525,1785,brushing
480517429,8,370,896,1137,-525,1785,brushing
480532103,8,370,896,1942,1645,1925,brushing
480534567,7,373,899,1942,1645,1925,brushing
480551377,7,373,899,2117,2432,2030,brushing
480552007,7,374,908,2117,2432,2030,brushing
480569123,5,365,916,2117,2432,2030,brushing
480570364,5,365,916,2135,525,1645,brushing
480586259,5,360,918,2135,525,1645,brushing
480589638,5,360,918,2380,-822,980,brushing
480603396,5,355,917,2380,-822,980,brushing
480608911,5,355,917,2327,-1470,-87,brushing
480620838,0,351,916,2327,-1470,-87,brushing
480627881,0,351,916,2590,-1015,-962,brushing
480637976,8,353,911,2590,-1015,-962,brushing
480647155,8,353,911,2975,647,-1575,brushing
480655113,12,366,916,2975,647,-1575,brushing
480666428,12,366,916,3220,1417,-2065,brushing
480672554,14,374,919,3220,1417,-2065,brushing
480685701,14,374,919,3552,910,-2205,brushing
480689691,15,377,915,3552,910,-2205,brushing
480704670,15,377,915,4042,927,-2170,brushing
480706826,20,380,905,4042,927,-2170,brushing
480723942,18,385,905,4515,2047,-1592,brushing
480741376,16,392,903,4515,2047,-1592,brushing
480743229,16,392,903,4935,2310,-1190,brushing
480758512,16,401,897,4935,2310,-1190,brushing
480762197,16,401,897,5530,717,-1050,brushing
480775650,19,397,883,5530,717,-1050,brushing
480781471,19,397,883,5880,-1785,-1155,brushing
480793093,21,386,876,5880,-1785,-1155,brushing
480800745,21,386,876,5985,-1557,-1120,brushing
480810228,23,388,875,5985,-1557,-1120,brushing
480819712,23,388,875,5827,52,-945,brushing
480827364,27,394,872,5827,52,-945,brushing
480838983,27,394,872,5390,1470,-577,brushing
480844499,29,389,870,5390,1470,-577,brushing
480858258,29,389,870,4392,2012,-630,brushing
480861941,26,394,875,4392,2012,-630,brushing
480877226,26,394,875,3377,1487,-787,brushing
480879079,29,391,876,3377,1487,-787,brushing
480896195,30,391,885,2555,1785,-927,brushing
480913325,28,393,894,2555,1785,-927,brushing
480915788,28,393,894,2012,2415,-840,brushing
480930768,30,406,904,2012,2415,-840,brushing
480934756,30,406,904,1785,2590,-490,brushing
480947904,29,407,911,1785,2590,-490,brushing
480954030,29,407,911,1732,1417,-192,brushing
480965041,31,406,908,1732,1417,-192,brushing
480973305,31,406,908,1645,1277,-140,brushing
480982483,28,407,912,1645,1277,-140,brushing
480992578,28,407,912,1715,2450,35,brushing
480999620,29,411,913,1715,2450,35,brushing
481011546,29,411,913,1820,4042,280,brushing
481016756,28,421,913,1820,4042,280,brushing
481030819,28,421,913,2047,4830,752,brushing
481033893,31,442,916,2047,4830,752,brushing
481050094,31,442,916,2047,2117,822,brushing
481051335,34,456,910,2047,2117,822,brushing
481068452,28,461,905,2047,2117,822,brushing
481069082,28,461,905,1557,-3290,962,brushing
481085588,22,442,901,1557,-3290,962,brushing
481088356,22,442,901,1295,-6405,1750,brushing
481102725,19,426,888,1295,-6405,1750,brushing
481107630,19,426,888,1277,-5372,2397,brushing
481120167,17,424,873,1277,-5372,2397,brushing
481126599,17,424,873,1382,-1592,3412,brushing
481137305,24,421,861,1382,-1592,3412,brushing
481145872,24,421,861,1242,2555,3885,brushing
481154440,18,415,869,1242,2555,3885,brushing
481165145,18,415,869,1015,4357,3465,brushing
481171576,19,422,868,1015,4357,3465,brushing
481184112,19,422,868,770,4165,2835,brushing
481189017,14,428,864,770,4165,2835,brushing
481203386,14,428,864,35,1400,1767,brushing
481206152,12,428,849,35,1400,1767,brushing
481222658,12,428,849,-945,-1365,665,brushing
481223288,12,427,847,-945,-1365,665,brushing
481240711,5,418,866,-945,-1365,665,brushing
481241648,5,418,866,-1382,-2012,-175,brushing
481257848,1,408,874,-1382,-2012,-175,brushing
481260921,1,408,874,-437,-280,-840,brushing
481274984,6,415,876,-437,-280,-840,brushing
481280195,6,415,876,840,2187,-1645,brushing
481292121,0,414,875,840,2187,-1645,brushing
481299163,0,414,875,1715,2922,-2572,brushing
481309563,-5,393,862,1715,2922,-2572,brushing
481318437,-5,393,862,1855,1715,-5215,brushing
481326700,5,419,844,1855,1715,-5215,brushing
481337710,5,419,844,2065,4987,-5880,brushing
481343836,10,426,836,2065,4987,-5880,brushing
481356678,10,426,836,2117,11147,-5407,brushing
481360973,17,449,842,2117,11147,-5407,brushing
481375952,17,449,842,2170,15225,-4340,brushing
481378415,11,457,833,2170,15225,-4340,brushing
481395226,11,457,833,1540,17010,-3150,brushing
481395856,19,455,816,1540,17010,-3150,brushing
481412666,33,425,796,1540,17010,-3150,brushing
481414518,33,425,796,105,19092,-2485,brushing
481430107,50,414,787,105,19092,-2485,brushing
481433486,50,414,787,-2170,25095,-1837,brushing
481447244,53,437,802,-2170,25095,-1837,brushing
481452759,53,437,802,-3815,36190,875,brushing
481464382,60,493,843,-3815,36190,875,brushing
481472034,60,493,843,-4182,45465,4182,brushing
481481518,70,539,853,-4182,45465,4182,brushing
481491002,70,539,853,-3675,48037,7735,brushing
481498961,80,536,863,-3675,48037,7735,brushing
481510277,80,536,863,-3640,43610,10430,brushing
481516098,92,606,848,-3640,43610,10430,brushing
481529552,92,606,848,-2852,41667,17062,brushing
481533235,119,666,830,-2852,41667,17062,brushing
481548520,119,666,830,-2817,41440,25322,brushing
481550372,141,672,830,-2817,41440,25322,brushing
481567794,143,643,815,-2432,40547,33477,brushing
481584923,153,659,812,-2432,40547,33477,brushing
481587081,153,659,812,-1207,47845,42665,brushing
481602059,178,690,786,-1207,47845,42665,brushing
481606048,178,690,786,-735,58590,52307,brushing
481619196,180,735,777,-735,58590,52307,brushing
481625322,180,735,777,-2380,61232,62212,brushing
481636638,170,744,721,-2380,61232,62212,brushing
481644596,170,744,721,-8435,46515,68215,brushing
481653775,119,624,664,-8435,46515,68215,brushing
481663564,119,624,664,-17937,20370,66430,brushing
481670911,-1,367,671,-17937,20370,66430,brushing
481682838,-1,367,671,-22242,19547,57435,brushing
481688048,-88,278,688,-22242,19547,57435,brushing
481702112,-88,278,688,-19407,55545,47197,brushing
481705491,-82,372,686,-19407,55545,47197,brushing
481721080,-82,372,686,-16817,89967,37362,brushing
481722627,-59,576,665,-16817,89967,37362,brushing
481739743,-51,748,615,-16817,89967,37362,brushing
481740373,-51,748,615,-19215,88095,26617,brushing
481756880,-72,746,616,-19215,88095,26617,brushing
481759344,-72,746,616,-24692,54372,14052,brushing
481774323,-75,670,565,-24692,54372,14052,brushing
481778617,-75,670,565,-30012,15435,-892,brushing
481791459,-66,652,623,-30012,15435,-892,brushing
481797890,-66,652,623,-34947,-16397,-16642,brushing
481808595,-22,615,568,-34947,-16397,-16642,brushing
481816857,-22,615,568,-37660,-27160,-30292,brushing
481825731,28,701,563,-37660,-27160,-30292,brushing
481836131,28,701,563,-40530,-9397,-34877,brushing
481843173,35,839,768,-40530,-9397,-34877,brushing
481855406,35,839,768,-39165,-13965,-34965,brushing
481860311,14,777,926,-39165,-13965,-34965,brushing
481874375,14,777,926,-30502,-33390,-36435,brushing
481877448,15,707,998,-30502,-33390,-36435,brushing
481893648,15,707,998,-16415,-33722,-34265,brushing
481894584,42,774,1081,-16415,-33722,-34265,brushing
481912006,64,826,1047,-16415,-33722,-34265,brushing
481912942,64,826,1047,-4742,-52657,-32060,brushing
481929142,109,712,782,-4742,-52657,-32060,brushing
481932216,109,712,782,-1190,-90527,-31027,brushing
481946279,130,657,614,-1190,-90527,-31027,brushing
481951184,130,657,614,-5495,-70770,-19687,brushing
481963417,97,781,534,-5495,-70770,-19687,brushing
481970458,97,781,534,-11252,-2747,4935,brushing
481980858,43,959,719,-11252,-2747,4935,brushing
481989732,43,959,719,-7805,81655,38255,brushing
481997996,31,1180,880,-7805,81655,38255,brushing
482008701,31,1180,880,-6615,72957,55632,brushing
482015132,-102,916,954,-6615,72957,55632,brushing
482027974,-102,916,954,-4112,7175,50575,brushing
482032573,-231,532,929,-4112,7175,50575,brushing
482047247,-231,532,929,8102,-6387,39410,brushing
482049710,-280,445,964,8102,-6387,39410,brushing
482066217,-280,445,964,22190,-5635,23905,brushing
482066847,-188,535,788,22190,-5635,23905,brushing
482083964,-104,586,612,22190,-5635,23905,brushing
482085511,-104,586,612,27440,-21385,7157,brushing
482101407,6,683,485,27440,-21385,7157,brushing
482104785,6,683,485,26127,-18585,262,brushing
482118543,71,692,466,26127,-18585,262,brushing
482123754,71,692,466,18497,-22610,-1120,brushing
482135680,58,539,511,18497,-22610,-1120,brushing
482143027,58,539,511,14017,-17482,-2275,brushing
482152816,61,466,555,14017,-17482,-2275,brushing
482162301,61,466,555,12670,-5932,-5302,brushing
482170259,54,426,550,12670,-5932,-5302,brushing
482181575,54,426,550,12477,2345,-11165,brushing
482187395,86,488,548,12477,2345,-11165,brushing
482200543,86,488,548,10850,13072,-13580,brushing
482204533,114,627,565,10850,13072,-13580,brushing
482219817,114,627,565,8802,23152,-9695,brushing
482221974,157,766,582,8802,23152,-9695,brushing
482239090,180,777,614,5110,26285,-332,brushing
482256219,179,709,643,5110,26285,-332,brushing
482258071,179,709,643,315,23467,8610,brushing
482273357,163,661,689,315,23467,8610,brushing
482277346,163,661,689,-4777,13562,13632,brushing
482290799,152,654,702,-4777,13562,13632,brushing
482296619,152,654,702,-9240,1820,16012,brushing
482307935,104,702,761,-9240,1820,16012,brushing
482315589,104,702,761,-10640,-4270,18585,brushing
482325073,48,800,846,-10640,-4270,18585,brushing
482334863,48,800,846,-7805,-11900,22242,brushing
482342210,0,869,922,-7805,-11900,22242,brushing
482353831,0,869,922,-2205,-37765,23205,brushing
482359652,-24,758,891,-2205,-37765,23205,brushing
482373104,-24,758,891,4900,-56420,20212,brushing
482376788,-15,711,821,4900,-56420,20212,brushing
482392378,-15,711,821,10185,-59587,18147,brushing
482393925,44,814,791,10185,-59587,18147,brushing
482411041,116,810,670,10185,-59587,18147,brushing
482411671,116,810,670,11252,-70227,18952,brushing
482428482,-16,487,655,11252,-70227,18952,brushing
482430640,-16,487,655,9572,-58677,21367,brushing
482445619,-68,511,701,9572,-58677,21367,brushing
482449913,-68,511,701,11865,-6615,23625,brushing
482462756,-142,552,797,11865,-6615,23625,brushing
482469186,-142,552,797,12215,9485,16065,brushing
482479891,-201,555,869,12215,9485,16065,brushing
482488154,-201,555,869,13772,-52,2082,brushing
482497333,-208,560,908,13772,-52,2082,brushing
482507428,-208,560,908,19460,-7157,-12810,brushing
482514470,-127,677,866,19460,-7157,-12810,brushing
482526702,-127,677,866,24727,-8330,-22715,brushing
482531607,-18,813,805,24727,-8330,-22715,brushing
482545670,-18,813,805,26827,-15417,-25742,brushing
482548744,66,842,749,26827,-15417,-25742,brushing
482564944,66,842,749,26215,-20737,-23187,brushing
482566185,101,765,699,26215,-20737,-23187,brushing
482583301,102,627,720,26215,-20737,-23187,brushing
482584238,102,627,720,24587,-18970,-19092,brushing
482600438,163,517,798,24587,-18970,-19092,brushing
482603206,163,517,798,30555,12897,-14577,brushing
482617880,345,818,686,30555,12897,-14577,brushing
482622481,345,818,686,32060,28962,-6790,brushing
482635017,431,866,574,32060,28962,-6790,brushing
482641754,431,866,574,19722,-15750,-665,brushing
482652154,439,674,500,19722,-15750,-665,brushing
482660723,439,674,500,367,-56472,8470,brushing
482669291,368,375,477,367,-56472,8470,brushing
482679996,368,375,477,-10727,-33845,18112,brushing
482686734,317,340,566,-10727,-33845,18112,brushing
482699272,317,340,566,-16380,12740,28157,brushing
482703871,245,510,711,-16380,12740,28157,brushing
482718240,245,510,711,-20055,14245,32025,brushing
482721008,210,602,809,-20055,14245,32025,brushing
482737515,210,602,809,-21070,-9047,34247,brushing
482738144,165,638,859,-21070,-9047,34247,brushing
482755566,123,654,882,-21070,-9047,34247,brushing
482756807,123,654,882,-18217,-35210,34947,brushing
482772702,112,691,864,-18217,-35210,34947,brushing
482775775,112,691,864,-13737,-59815,35525,brushing
482789838,87,653,842,-13737,-59815,35525,brushing
482795048,87,653,842,-8732,-75547,36452,brushing
482807280,44,583,812,-8732,-75547,36452,brushing
482814321,44,583,812,-3692,-79695,35577,brushing
482824417,17,535,777,-3692,-79695,35577,brushing
482833596,17,535,777,-700,-81025,30747,brushing
482841553,1,449,733,-700,-81025,30747,brushing
482852564,1,449,733,980,-69702,24762,brushing
482858690,-56,353,694,980,-69702,24762,brushing
482871837,-56,353,694,857,-48142,16170,brushing
482876130,-93,310,688,857,-48142,16170,brushing
482891110,-93,310,688,1697,-18655,4987,brushing
482893267,-28,407,784,1697,-18655,4987,brushing
482910078,-28,407,784,5390,6947,-1505,brushing
482910708,56,619,824,5390,6947,-1505,brushing
482927825,90,702,853,5390,6947,-1505,brushing
482929372,90,702,853,4515,-8820,-5285,brushing
482944962,86,553,826,4515,-8820,-5285,brushing
482948646,86,553,826,-945,-47022,-10780,brushing
482962099,70,317,823,-945,-47022,-10780,brushing
482967614,70,317,823,-3727,-49822,-17535,brushing
482979236,76,305,865,-3727,-49822,-17535,brushing
482986889,76,305,865,-4532,-31272,-23310,brushing
482996678,73,360,896,-4532,-31272,-23310,brushing
483006163,73,360,896,-8067,-39340,-32445,brushing
483013815,92,412,880,-8067,-39340,-32445,brushing
483025132,92,412,880,-13352,-53305,-38482,brushing
483030953,122,463,866,-13352,-53305,-38482,brushing
483044406,122,463,866,-18305,-53095,-38325,brushing
483048089,114,408,799,-18305,-53095,-38325,brushing
483063679,114,408,799,-20632,-29802,-33757,brushing
483065532,86,360,841,-20632,-29802,-33757,brushing
483082647,70,421,883,-19600,157,-27317,brushing
483099777,40,369,879,-19600,157,-27317,brushing
483101934,40,369,879,-20772,1575,-28105,brushing
483117219,29,417,926,-20772,1575,-28105,brushing
483121208,29,417,926,-19320,2257,-28595,brushing
483134357,21,399,942,-19320,2257,-28595,brushing
483140482,21,399,942,-18532,-17272,-32865,brushing
483151492,22,323,945,-18532,-17272,-32865,brushing
483159450,22,323,945,-16117,-29925,-38027,brushing
483168629,7,294,903,-16117,-29925,-38027,brushing
483178724,7,294,903,-13632,-23537,-41527,brushing
483186071,2,407,898,-13632,-23537,-41527,brushing
483197998,2,407,898,-10150,-6405,-38167,brushing
483203208,10,531,910,-10150,-6405,-38167,brushing
483216967,10,531,910,-5092,11812,-28595,brushing
483220345,34,622,994,-5092,11812,-28595,brushing
483236240,34,622,994,1365,18200,-18112,brushing
483237481,43,590,992,1365,18200,-18112,brushing
483254903,30,460,960,1365,18200,-18112,brushing
483255533,30,460,960,6317,13405,-12722,brushing
483272039,7,379,952,6317,13405,-12722,brushing
483274502,7,379,952,10535,12547,-11532,brushing
483289175,-13,373,934,10535,12547,-11532,brushing
483293775,-13,373,934,13580,9205,-13702,brushing
483306311,-52,353,920,13580,9205,-13702,brushing
483312743,-52,353,920,15645,3220,-17587,brushing
483323448,-65,399,901,15645,3220,-17587,brushing
483332016,-65,399,901,17745,3815,-20072,brushing
483340890,-50,494,898,17745,3815,-20072,brushing
483351289,-50,494,898,18847,455,-21087,brushing
483358027,-13,552,867,18847,455,-21087,brushing
483370258,-13,552,867,17920,-10465,-21262,brushing
483375163,21,551,810,17920,-10465,-21262,brushing
483389532,21,551,810,15137,-19180,-19670,brushing
483392301,50,483,792,15137,-19180,-19670,brushing
483408806,50,483,792,13632,-12757,-16275,brushing
483409742,78,441,772,13632,-12757,-16275,brushing
483426859,87,424,784,13632,-12757,-16275,brushing
483427795,87,424,784,12950,-875,-12565,brushing
483443995,88,444,797,12950,-875,-12565,brushing
483447069,88,444,797,11445,2362,-10535,brushing
483461438,86,421,795,11445,2362,-10535,brushing
483466343,86,421,795,8872,-2135,-9887,brushing
483478575,73,375,798,8872,-2135,-9887,brushing
483485312,73,375,798,6545,-87,-8505,brushing
483495712,87,400,806,6545,-87,-8505,brushing
483504585,87,400,806,3430,2415,-6982,brushing
483512848,96,469,833,3430,2415,-6982,brushing
483523859,96,469,833,-2730,-14367,-6545,brushing
483529985,77,443,884,-2730,-14367,-6545,brushing
483542828,77,443,884,-7840,-36067,-7805,brushing
483547427,82,342,893,-7840,-36067,-7805,brushing
483562101,82,342,893,-8260,-29697,-5757,brushing
483564564,97,386,938,-8260,-29697,-5757,brushing
483581375,97,386,938,-8137,-24395,-157,brushing
483582005,104,477,984,-8137,-24395,-157,brushing
483598817,96,499,1010,-8137,-24395,-157,brushing
483600363,96,499,1010,-9625,-37922,4567,brushing
483616258,73,459,1027,-9625,-37922,4567,brushing
483619637,73,459,1027,-10185,-48685,10395,brushing
483633394,22,390,1058,-10185,-48685,10395,brushing
483638911,22,390,1058,-5232,-39865,18725,brushing
483650532,16,414,1045,-5232,-39865,18725,brushing
483657880,16,414,1045,4690,-18095,28525,brushing
483667669,21,481,1044,4690,-18095,28525,brushing
483677154,21,481,1044,12110,-13335,34825,brushing
483685112,25,488,985,12110,-13335,34825,brushing
483696428,25,488,985,15925,-25042,37432,brushing
483702249,27,481,927,15925,-25042,37432,brushing
483715396,27,481,927,18585,-27142,41580,brushing
483719386,51,434,831,18585,-27142,41580,brushing
483734669,51,434,831,20790,-12880,47670,brushing
483736521,96,400,786,20790,-12880,47670,brushing
483753943,119,369,716,21367,7297,54197,brushing
483771072,85,255,693,21367,7297,54197,brushing
483772924,85,255,693,18725,23362,56770,brushing
483788210,-3,114,666,18725,23362,56770,brushing
483792199,-3,114,666,13212,36190,50925,brushing
483805347,-130,22,698,13212,36190,50925,brushing
483811473,-130,22,698,6912,48422,37520,brushing
483822789,-190,179,780,6912,48422,37520,brushing
483830442,-190,179,780,-262,47862,19792,brushing
483839926,-230,302,864,-262,47862,19792,brushing
483849716,-230,302,864,-6685,23975,-3220,brushing
483857063,-157,471,940,-6685,23975,-3220,brushing
483868989,-157,471,940,-8330,12197,-16502,brushing
483874505,-130,631,1014,-8330,12197,-16502,brushing
483887957,-130,631,1014,-9275,-15610,-27282,brushing
483891641,-73,560,1050,-9275,-15610,-27282,brushing
483907230,-73,560,1050,-7420,-32375,-34982,brushing
483908777,-48,429,1047,-7420,-32375,-34982,brushing
483925894,-59,323,1004,-7420,-32375,-34982,brushing
483926524,-59,323,1004,-4287,-38482,-43085,brushing
483943336,-29,314,959,-4287,-38482,-43085,brushing
483945494,-29,314,959,-1995,-36767,-51030,brushing
483960474,-18,304,934,-1995,-36767,-51030,brushing
483964768,-18,304,934,0,-25095,-54635,brushing
483977611,42,371,870,0,-25095,-54635,brushing
483984041,42,371,870,980,-6877,-54442,brushing
483994747,127,524,888,980,-6877,-54442,brushing
484003315,127,524,888,-1277,1155,-47477,brushing
484012188,212,563,898,-1277,1155,-47477,brushing
484022283,212,563,898,-4025,-857,-36487,brushing
484029325,292,582,869,-4025,-857,-36487,brushing
484041557,292,582,869,-5337,805,-19687,brushing
484046461,349,544,894,-5337,805,-19687,brushing
484060831,349,544,894,-2450,10535,1785,brushing
484063904,340,497,919,-2450,10535,1785,brushing
484079799,340,497,919,1907,10080,20020,brushing
484081041,257,362,946,1907,10080,20020,brushing
484098157,189,282,961,1907,10080,20020,brushing
484099093,189,282,961,7735,3132,30292,brushing
484115294,142,295,961,7735,3132,30292,brushing
484118366,142,295,961,15697,455,36925,brushing
484132734,127,356,948,15697,455,36925,brushing
484137335,127,356,948,24167,2152,42227,brushing
484149872,183,595,910,24167,2152,42227,brushing
484156609,183,595,910,29067,2957,51607,brushing
484167009,121,553,818,29067,2957,51607,brushing
484175883,121,553,818,28560,-10482,58292,brushing
484184452,61,420,815,28560,-10482,58292,brushing
484195157,61,420,815,27825,437,63910,brushing
484201589,14,444,877,27825,437,63910,brushing
484214126,14,444,877,28280,9782,65625,brushing
484218726,-47,409,942,28280,9782,65625,brushing
484233399,-47,409,942,28087,-1907,57435,brushing
484235862,-101,353,932,28087,-1907,57435,brushing
484252673,-101,353,932,25637,-18515,43172,brushing
484253303,-141,284,875,25637,-18515,43172,brushing
484270419,-138,282,828,25637,-18515,43172,brushing
484271661,-138,282,828,20527,-21875,26897,brushing
484287556,-115,296,789,20527,-21875,26897,brushing
484290935,-115,296,789,12705,-18952,10832,brushing
484304999,-48,336,787,12705,-18952,10832,brushing
484310209,-48,336,787,4007,-11497,-3062,brushing
484322136,32,376,783,4007,-11497,-3062,brushing
484329177,32,376,783,-4847,-4200,-13440,brushing
484339273,97,397,780,-4847,-4200,-13440,brushing
484348451,97,397,780,-12180,3605,-20107,brushing
484356409,160,386,790,-12180,3605,-20107,brushing
484367724,160,386,790,-18760,5302,-23992,brushing
484373850,206,391,831,-18760,5302,-23992,brushing
484386692,206,391,831,-24167,-385,-25392,brushing
484390986,220,404,897,-24167,-385,-25392,brushing
484405965,220,404,897,-25357,-7577,-23135,brushing
484408123,202,404,951,-25357,-7577,-23135,brushing
484425240,202,404,951,-22225,-9170,-18462,brushing
484425870,176,391,993,-22225,-9170,-18462,brushing
484442680,160,416,996,-22225,-9170,-18462,brushing
484444532,160,416,996,-16187,-8207,-12897,brushing
484459816,166,405,962,-16187,-8207,-12897,brushing
484463501,166,405,962,-9800,-10797,-7070,brushing
484476954,192,414,892,-9800,-10797,-7070,brushing
484482775,192,414,892,-5775,-12460,-717,brushing
484494396,206,412,841,-5775,-12460,-717,brushing
484502048,206,412,841,-5057,-13720,6457,brushing
484511533,206,362,812,-5057,-13720,6457,brushing
484521017,206,362,812,-6090,-9135,14105,brushing
484528670,196,332,827,-6090,-9135,14105,brushing
484540291,196,332,827,-6142,7367,21840,brushing
484545806,185,379,889,-6142,7367,21840,brushing
484559564,185,379,889,-4585,19512,27825,brushing
484563248,165,451,961,-4585,19512,27825,brushing
484578532,165,451,961,-1172,15750,31727,brushing
484580384,118,429,1006,-1172,15750,31727,brushing
484597501,63,380,952,2695,2485,30835,brushing
484614935,-36,282,859,2695,2485,30835,brushing
484617093,-36,282,859,3867,-10552,25147,brushing
484632073,-99,218,864,3867,-10552,25147,brushing
484636062,-99,218,864,4812,-2852,16275,brushing
484649210,-146,319,836,4812,-2852,16275,brushing
484655337,-146,319,836,4812,8347,6370,brushing
484666347,-101,488,868,4812,8347,6370,brushing
484674610,-101,488,868,2660,8032,-3202,brushing
484683788,-58,526,886,2660,8032,-3202,brushing
484693578,-58,526,886,892,2397,-8662,brushing
484700925,-58,417,834,892,2397,-8662,brushing
484712852,-58,417,834,-1522,2747,-15277,brushing
484718062,-44,344,806,-1522,2747,-15277,brushing
484732126,-44,344,806,-4165,14332,-22522,brushing
484735200,-15,391,805,-4165,14332,-22522,brushing
484751095,-15,391,805,-8435,19425,-29155,brushing
484752642,-3,470,858,-8435,19425,-29155,brushing
484769757,6,421,800,-8435,19425,-29155,brushing
484770388,6,421,800,-14035,8435,-36715,brushing
484786893,2,400,779,-14035,8435,-36715,brushing
484789662,2,400,779,-20160,8295,-42245,brushing
484804031,-12,469,897,-20160,8295,-42245,brushing
484808631,-12,469,897,-21227,26565,-41667,brushing
484821473,-1,522,912,-21227,26565,-41667,brushing
484827904,-1,522,912,-19215,32812,-41160,brushing
484838610,-3,578,1012,-19215,32812,-41160,brushing
484847178,-3,578,1012,-14542,28245,-39935,brushing
484855747,10,569,1040,-14542,28245,-39935,brushing
484866452,10,569,1040,-6860,15732,-40215,brushing
484872883,16,522,1015,-6860,15732,-40215,brushing
484885420,16,522,1015,1295,8522,-39357,brushing
484890326,13,465,1003,1295,8522,-39357,brushing
484904695,13,465,1003,9467,11725,-37555,brushing
484907463,9,472,992,9467,11725,-37555,brushing
484923968,9,472,992,16170,17377,-34335,brushing
484924598,25,493,960,16170,17377,-34335,brushing
484942020,47,528,901,16170,17377,-34335,brushing
484942956,47,528,901,20125,24780,-29277,brushing
484959156,47,574,889,20125,24780,-29277,brushing
484962230,47,574,889,21070,25690,-22470,brushing
484976293,82,581,820,21070,25690,-22470,brushing
484981504,82,581,820,20090,19827,-16642,brushing
484993430,107,552,769,20090,19827,-16642,brushing
485000472,107,552,769,18147,22137,-9415,brushing
485010872,137,562,720,18147,22137,-9415,brushing
485019746,137,562,720,14402,22102,-3027,brushing
485028008,159,544,670,14402,22102,-3027,brushing
485039018,159,544,670,9660,19110,2012,brushing
485045143,166,511,678,9660,19110,2012,brushing
485057985,166,511,678,6300,25515,9170,brushing
485062280,159,508,732,6300,25515,9170,brushing
485077258,159,508,732,5092,28490,15172,brushing
485079721,166,509,755,5092,28490,15172,brushing
485096532,166,509,755,4672,22802,18497,brushing
485097162,156,486,769,4672,22802,18497,brushing
485113973,145,493,770,4672,22802,18497,brushing
485115521,145,493,770,6545,24185,22557,brushing
485131111,156,565,801,6545,24185,22557,brushing
485134795,156,565,801,9765,32445,29417,brushing
485148553,157,634,785,9765,32445,29417,brushing
485154068,157,634,785,11252,26285,34177,brushing
485165690,117,635,789,11252,26285,34177,brushing
485173037,117,635,789,10412,10920,35752,brushing
485182826,43,574,747,10412,10920,35752,brushing
485192310,43,574,747,8330,1767,34195,brushing
485199963,-2,564,737,8330,1767,34195,brushing
485211585,-2,564,737,3342,-4235,30450,brushing
485217405,-52,603,768,3342,-4235,30450,brushing
485230553,-52,603,768,-5652,-34037,20107,brushing
485234542,-82,579,796,-5652,-34037,20107,brushing
485249826,-82,579,796,-13895,-66167,6020,brushing
485251679,-100,479,813,-13895,-66167,6020,brushing
485268795,-85,422,809,-17832,-75127,-6755,brushing
485286229,-75,436,848,-17832,-75127,-6755,brushing
485288082,-75,436,848,-21017,-79450,-17325,brushing
485303366,-56,411,876,-21017,-79450,-17325,brushing
485307355,-56,411,876,-23257,-88620,-28770,brushing
485320502,-30,422,898,-23257,-88620,-28770,brushing
485326629,-30,422,898,-20667,-81305,-36312,brushing
485337945,18,553,935,-20667,-81305,-36312,brushing
485345598,18,553,935,-14455,-62842,-35630,brushing
485355082,69,658,971,-14455,-62842,-35630,brushing
485364871,69,658,971,-5460,-42315,-25655,brushing
485372217,123,672,935,-5460,-42315,-25655,brushing
485384143,123,672,935,4602,-13772,-8417,brushing
485389353,126,513,869,4602,-13772,-8417,brushing
485403111,126,513,869,9677,7105,3097,brushing
485406796,123,436,809,9677,7105,3097,brushing
485422385,123,436,809,6702,-1067,5862,brushing
485423932,130,366,778,6702,-1067,5862,brushing
485441048,148,359,811,6702,-1067,5862,brushing
485441679,148,359,811,1592,-13842,4707,brushing
485458186,173,536,775,1592,-13842,4707,brushing
485460648,173,536,775,-700,-13177,9817,brushing
485475627,110,518,945,-700,-13177,9817,brushing
485479921,110,518,945,3307,4427,24272,brushing
485492764,94,612,1039,3307,4427,24272,brushing
485499195,94,612,1039,16520,25672,38447,brushing
485509901,6,387,1009,16520,25672,38447,brushing
485518164,6,387,1009,28262,28385,40985,brushing
485527038,-25,372,935,28262,28385,40985,brushing
485537437,-25,372,935,35752,25480,36365,brushing
485544480,6,326,794,35752,25480,36365,brushing
485556712,6,326,794,37415,21437,27282,brushing
485561617,1,386,736,37415,21437,27282,brushing
485575986,1,386,736,38377,40180,25865,brushing
485578754,156,687,771,38377,40180,25865,brushing
485594954,156,687,771,39900,57767,39445,brushing
485595891,174,800,826,39900,57767,39445,brushing
485613312,38,472,709,39900,57767,39445,brushing
485614249,38,472,709,34352,25970,39707,brushing
485630449,-11,384,776,34352,25970,39707,brushing
485633522,-11,384,776,28805,20492,33040,brushing
485647585,-86,428,849,28805,20492,33040,brushing
485652490,-86,428,849,21192,-630,18952,brushing
485665027,-113,440,855,21192,-630,18952,brushing
485671763,-113,440,855,10570,-38045,-1750,brushing
485682163,-45,556,923,10570,-38045,-1750,brushing
485691037,-45,556,923,1820,-52990,-12390,brushing
485699300,-66,524,921,1820,-52990,-12390,brushing
485710005,-66,524,921,-6440,-66762,-23677,brushing
485716437,-3,489,900,-6440,-66762,-23677,brushing
485729280,-3,489,900,-14070,-72380,-31990,brushing
485733879,-38,354,875,-14070,-72380,-31990,brushing
485748553,-38,354,875,-23135,-86870,-46392,brushing
485751016,-91,208,862,-23135,-86870,-46392,brushing
485767522,-91,208,862,-29155,-83650,-61250,brushing
485768151,-54,292,977,-29155,-83650,-61250,brushing
485785269,33,619,1046,-29155,-83650,-61250,brushing
485786816,33,619,1046,-30117,-77665,-65520,brushing
485802712,102,569,1059,-30117,-77665,-65520,brushing
485806090,102,569,1059,-24955,-74375,-62877,brushing
485819848,145,517,1063,-24955,-74375,-62877,brushing
485825058,145,517,1063,-17675,-70490,-54705,brushing
485836984,204,440,1067,-17675,-70490,-54705,brushing
485844331,204,440,1067,-11095,-83825,-48072,brushing
485854121,284,331,1053,-11095,-83825,-48072,brushing
485863606,284,331,1053,-2415,-89985,-41317,brushing
485871563,378,310,1002,-2415,-89985,-41317,brushing
485882574,378,310,1002,7437,-87587,-30817,brushing
485888700,295,154,856,7437,-87587,-30817,brushing
485901848,295,154,856,13947,-82950,-22995,brushing
485905837,300,135,816,13947,-82950,-22995,brushing
485921122,300,135,816,19442,-55702,-8855,brushing
485922974,267,212,843,19442,-55702,-8855,brushing
485940090,267,212,843,25830,-30415,8312,brushing
485940720,278,362,896,25830,-30415,8312,brushing
485957532,240,433,938,25830,-30415,8312,brushing
485959385,240,433,938,33267,-21752,26915,brushing
485974669,138,220,955,33267,-21752,26915,brushing
485978659,138,220,955,42560,-26285,36242,brushing
485991806,61,166,937,42560,-26285,36242,brushing
485997627,61,166,937,49787,-27650,38097,brushing
486009248,40,169,952,49787,-27650,38097,brushing
486016900,40,169,952,52115,-27930,33547,brushing
486026385,-14,120,888,52115,-27930,33547,brushing
486036174,-14,120,888,48422,-24570,26302,brushing
486043522,-77,84,847,48422,-24570,26302,brushing
486055142,-77,84,847,36645,-23537,15995,brushing
486060658,-118,101,851,36645,-23537,15995,brushing
486074416,-118,101,851,19932,-22085,5670,brushing
486078100,-44,231,949,19932,-22085,5670,brushing
486093690,-44,231,949,6020,-10622,3990,brushing
486095237,-5,329,1013,6020,-10622,3990,brushing
486112354,20,208,989,-7140,-14770,1102,brushing
486129788,29,148,967,-7140,-14770,1102,brushing
486131946,29,148,967,-20545,-18585,-4865,brushing
486146925,-8,31,945,-20545,-18585,-4865,brushing
486151220,-8,31,945,-31727,-18322,-13877,brushing
486164063,-28,60,969,-31727,-18322,-13877,brushing
486170189,-28,60,969,-42175,-19915,-23467,brushing
486181200,-30,116,1008,-42175,-19915,-23467,brushing
486189463,-30,116,1008,-49665,-32077,-33337,brushing
486198642,-5,168,1084,-49665,-32077,-33337,brushing
486208737,-5,168,1084,-49280,-36505,-37222,brushing
486215778,110,401,1151,-49280,-36505,-37222,brushing
486227705,110,401,1151,-40810,-38342,-31710,brushing
486232915,125,227,1080,-40810,-38342,-31710,brushing
486246979,125,227,1080,-29627,-32515,-26285,brushing
486250052,197,252,1065,-29627,-32515,-26285,brushing
486266253,197,252,1065,-19442,-31045,-18357,brushing
486267494,243,145,1046,-19442,-31045,-18357,brushing
486284610,284,104,1008,-19442,-31045,-18357,brushing
486285241,284,104,1008,-10937,-37730,-11515,brushing
486301747,333,64,981,-10937,-37730,-11515,brushing
486304515,333,64,981,-1207,-37957,-3570,brushing
486318884,259,-11,902,-1207,-37957,-3570,brushing
486323788,259,-11,902,7630,-35385,4725,brushing
486336325,260,-38,884,7630,-35385,4725,brushing
486342756,260,-38,884,15540,-20265,11095,brushing
486353461,256,86,923,15540,-20265,11095,brushing
486362029,256,86,923,22855,-7997,20002,brushing
486370598,274,257,988,22855,-7997,20002,brushing
486381304,274,257,988,31272,-4760,32235,brushing
486387735,266,360,1037,31272,-4760,32235,brushing
486400273,266,360,1037,41125,-5425,47635,brushing
486405178,222,317,1022,41125,-5425,47635,brushing
486419547,222,317,1022,47495,-10185,59465,brushing
486422315,104,129,917,47495,-10185,59465,brushing
486438820,104,129,917,48160,-5705,61320,brushing
486439450,54,87,900,48160,-5705,61320,brushing
486456871,-31,38,898,48160,-5705,61320,brushing
486457807,-31,38,898,44537,15225,60830,brushing
486474007,-221,-110,814,44537,15225,60830,brushing
486477080,-221,-110,814,34527,30625,52045,brushing
486491143,-264,-34,877,34527,30625,52045,brushing
486496353,-264,-34,877,17955,34825,39112,brushing
486508280,-311,-1,906,17955,34825,39112,brushing
486515627,-311,-1,906,-1050,10937,18182,brushing
486525721,-166,177,1038,-1050,10937,18182,brushing
486534595,-166,177,1038,-13422,5215,5022,brushing
486542858,-114,211,1056,-13422,5215,5022,brushing
486553869,-114,211,1056,-20685,2205,-3255,brushing
486559995,-87,114,983,-20685,2205,-3255,brushing
486573143,-87,114,983,-28052,-6230,-12932,brushing
486577132,-100,-53,902,-28052,-6230,-12932,brushing
486592111,-100,-53,902,-37152,-18007,-30852,brushing
486594574,-177,-264,821,-37152,-18007,-30852,brushing
486611385,-177,-264,821,-48335,-22802,-53620,brushing
486612015,-154,-167,849,-48335,-22802,-53620,brushing
486628826,-4,238,1050,-48335,-22802,-53620,brushing
486630678,-4,238,1050,-52622,-12687,-64260,brushing
486646269,86,391,1060,-52622,-12687,-64260,brushing
486649648,86,391,1060,-49437,-16380,-59587,brushing
486663406,184,251,1088,-49437,-16380,-59587,brushing
486668921,184,251,1088,-40285,-4952,-48895,brushing
486680542,261,264,1157,-40285,-4952,-48895,brushing
486688195,261,264,1157,-29382,7840,-34737,brushing
486697679,331,249,1203,-29382,7840,-34737,brushing
486707163,331,249,1203,-18952,-7157,-24150,brushing
486715121,361,183,1193,-18952,-7157,-24150,brushing
486726437,361,183,1193,-6790,-30432,-12442,brushing
486732258,256,-97,1046,-6790,-30432,-12442,brushing
486745712,256,-97,1046,3447,-40005,-7227,brushing
486749395,188,-208,956,3447,-40005,-7227,brushing
486764679,188,-208,956,10395,-26302,-2327,brushing
486766531,162,-34,941,10395,-26302,-2327,brushing
486783953,184,92,945,14980,-20370,5425,brushing
486801082,240,267,972,14980,-20370,5425,brushing
486803239,240,267,972,20860,-12092,19757,brushing
486818219,262,351,964,20860,-12092,19757,brushing
486822514,262,351,964,28157,-11095,37765,brushing
486835662,180,195,876,28157,-11095,37765,brushing
486841483,180,195,876,34720,-14210,51240,brushing
486852798,144,73,941,34720,-14210,51240,brushing
486860756,144,73,941,43085,3797,59220,brushing
486869935,-3,15,907,43085,3797,59220,brushing
486880030,-3,15,907,45185,-6265,53287,brushing
486887072,-38,-64,848,45185,-6265,53287,brushing
486898998,-38,-64,848,44642,6807,44590,brushing
486904514,-76,28,886,44642,6807,44590,brushing
486918273,-76,28,886,39690,21122,37082,brushing
486921651,-208,3,803,39690,21122,37082,brushing
486937546,-208,3,803,27440,17955,23607,brushing
486938788,-289,-39,823,27440,17955,23607,brushing
486955904,-302,18,880,27440,17955,23607,brushing
486956535,-302,18,880,11042,6947,6317,brushing
486973346,-135,200,993,11042,6947,6317,brushing
486975809,-135,200,993,-2467,2240,-5092,brushing
486990482,-127,92,987,-2467,2240,-5092,brushing
486994776,-127,92,987,-12862,-3062,-13982,brushing
487007618,-124,-61,945,-12862,-3062,-13982,brushing
487014049,-124,-61,945,-22715,-2257,-25410,brushing
487024755,-136,-88,948,-22715,-2257,-25410,brushing
487033322,-136,-88,948,-30642,1855,-38150,brushing
487041890,-172,-202,939,-30642,1855,-38150,brushing
487052291,-172,-202,939,-37030,910,-54635,brushing
487059333,-119,-71,1044,-37030,910,-54635,brushing
487071565,-119,-71,1044,-41860,-10517,-68512,brushing
487076470,-14,160,1090,-41860,-10517,-68512,brushing
487090838,-14,160,1090,-38342,-22382,-72415,brushing
487093606,58,135,1125,-38342,-22382,-72415,brushing
487109807,58,135,1125,-26530,2817,-64505,brushing
487110743,221,249,1184,-26530,2817,-64505,brushing
487128164,232,276,1166,-26530,2817,-64505,brushing
487129101,232,276,1166,-14542,17010,-49892,brushing
487145301,288,201,1094,-14542,17010,-49892,brushing
487148374,288,201,1094,-9467,-10447,-41510,brushing
487162438,276,57,955,-9467,-10447,-41510,brushing
487167342,276,57,955,-5757,-22995,-32340,brushing
487179574,263,-5,913,-5757,-22995,-32340,brushing
487186617,263,-5,913,-647,8750,-16450,brushing
487197017,212,13,897,-647,8750,-16450,brushing
487205891,212,13,897,2590,44660,-682,brushing
487214154,171,80,886,2590,44660,-682,brushing
487224859,171,80,886,4357,78452,14105,brushing
487231290,150,199,895,4357,78452,14105,brushing
487244132,150,199,895,4952,104580,29452,brushing
487248426,142,322,869,4952,104580,29452,brushing
487263406,142,322,869,5845,126630,46567,brushing
487265868,132,420,894,5845,126630,46567,brushing
487282373,132,420,894,6055,133087,62492,brushing
487283003,105,472,925,6055,133087,62492,brushing
487300120,54,447,948,6055,133087,62492,brushing
487301667,54,447,948,6020,125020,71522,brushing
487317562,10,449,952,6020,125020,71522,brushing
487320940,10,449,952,6247,114275,74742,brushing
487334698,-55,395,947,6247,114275,74742,brushing
487339909,-55,395,947,5757,98630,73780,brushing
487351835,-65,399,896,5757,98630,73780,brushing
487359182,-65,399,896,5880,83440,68652,brushing
487368972,-104,344,884,5880,83440,68652,brushing
487378456,-104,344,884,4480,61110,58835,brushing
487386414,-132,302,838,4480,61110,58835,brushing
487397730,-132,302,838,717,33180,44485,brushing
487403550,-144,308,831,717,33180,44485,brushing
487416698,-144,308,831,-7280,-8820,27125,brushing
487420687,-90,330,849,-7280,-8820,27125,brushing
487435971,-90,330,849,-14525,-42385,11672,brushing
487437823,-7,335,877,-14525,-42385,11672,brushing
487455244,13,274,896,-20317,-65135,997,brushing
487472373,-29,133,925,-20317,-65135,997,brushing
487474225,-29,133,925,-28490,-100222,-13195,brushing
487489510,-107,-106,846,-28490,-100222,-13195,brushing
487493500,-107,-106,846,-39987,-138897,-35665,brushing
487506952,-83,115,847,-39987,-138897,-35665,brushing
487512773,-83,115,847,-49892,-135170,-49087,brushing
487524089,17,341,1087,-49892,-135170,-49087,brushing
487531741,17,341,1087,-46375,-93415,-41825,brushing
487541225,39,384,1085,-46375,-93415,-41825,brushing
487551014,39,384,1085,-33110,-55002,-29802,brushing
487558361,74,342,1157,-33110,-55002,-29802,brushing
487570287,74,342,1157,-17430,-19390,-15575,brushing
487575803,72,273,1141,-17430,-19390,-15575,brushing
487589256,72,273,1141,-3290,-6160,-5302,brushing
487592939,72,244,1152,-3290,-6160,-5302,brushing
487608529,72,244,1152,7892,-12285,-1470,brushing
487610076,39,139,1067,7892,-12285,-1470,brushing
487627497,39,141,1011,17377,-402,997,brushing
487644626,61,235,961,17377,-402,997,brushing
487647089,61,235,961,29382,54845,10430,brushing
487661763,71,429,939,29382,54845,10430,brushing
487666056,71,429,939,39042,120907,27807,brushing
487678900,77,603,907,39042,120907,27807,brushing
487685332,77,603,907,38482,138932,44362,brushing
487696342,59,630,886,38482,138932,44362,brushing
487704605,59,630,886,27160,108955,51642,brushing
487713479,-21,475,820,27160,108955,51642,brushing
487723574,-21,475,820,11322,58870,46217,brushing
487730616,-140,189,725,11322,58870,46217,brushing
487742848,-140,189,725,-2537,22085,27370,brushing
487747752,-208,45,732,-2537,22085,27370,brushing
487762120,-208,45,732,-14245,5582,4602,brushing
487765194,-180,240,865,-14245,5582,4602,brushing
487781089,-180,240,865,-20160,-16432,-14227,brushing
487782330,-139,408,1041,-20160,-16432,-14227,brushing
487799445,-117,430,1138,-20160,-16432,-14227,brushing
487800382,-117,430,1138,-19775,-51520,-29032,brushing
487816583,-90,452,1201,-19775,-51520,-29032,brushing
487819656,-90,452,1201,-15907,-89040,-40162,brushing
487834024,-64,394,1196,-15907,-89040,-40162,brushing
487838624,-64,394,1196,-14385,-139737,-51852,brushing
487851161,-7,357,1199,-14385,-139737,-51852,brushing
487857897,-7,357,1199,-13685,-172235,-59692,brushing
487868298,49,410,1248,-13685,-172235,-59692,brushing
487877173,49,410,1248,-11305,-182892,-56997,brushing
487885437,35,314,1206,-11305,-182892,-56997,brushing
487896142,35,314,1206,-8925,-194022,-51852,brushing
487902878,63,222,1102,-8925,-194022,-51852,brushing
487915415,63,222,1102,-9992,-200357,-44590,brushing
487920014,94,153,1019,-9992,-200357,-44590,brushing
487934689,94,153,1019,-13160,-200882,-35175,brushing
487937151,124,125,953,-13160,-200882,-35175,brushing
487953658,124,125,953,-16100,-197207,-24570,brushing
487954288,69,-38,888,-16100,-197207,-24570,brushing
487971710,13,-141,872,-16100,-197207,-24570,brushing
487972951,13,-141,872,-19075,-192780,-19862,brushing
487988847,-42,-151,904,-19075,-192780,-19862,brushing
487992226,-42,-151,904,-21682,-198467,-18025,brushing
488005983,-59,-163,908,-21682,-198467,-18025,brushing
488011194,-59,-163,908,-20177,-210350,-17780,brushing
488023120,-45,-233,880,-20177,-210350,-17780,brushing
488030467,-45,-233,880,-12040,-200830,-14122,brushing
488040563,-40,-209,836,-12040,-200830,-14122,brushing
488049742,-40,-209,836,-3535,-188142,-9257,brushing
488057700,-20,-226,684,-3535,-188142,-9257,brushing
488068710,-20,-226,684,2327,-179112,-7315,brushing
488074835,-93,-448,513,2327,-179112,-7315,brushing
488087983,-93,-448,513,6387,-146037,-9275,brushing
488091971,-106,-487,384,6387,-146037,-9275,brushing
488106950,-106,-487,384,4182,-107432,-11077,brushing
488109412,-115,-504,278,4182,-107432,-11077,brushing
488126224,-115,-504,278,-1995,-65187,-13545,brushing
488126854,-120,-517,297,-1995,-65187,-13545,brushing
488143665,-188,-715,304,-1995,-65187,-13545,brushing
488145517,-188,-715,304,-7367,-5827,-17605,brushing
488160801,-54,-397,516,-7367,-5827,-17605,brushing
488164484,-54,-397,516,-7192,67515,-17447,brushing
488178242,93,13,703,-7192,67515,-17447,brushing
488183758,93,13,703,-4340,97352,-5407,brushing
488195378,-32,-416,718,-4340,97352,-5407,brushing
488203031,-32,-416,718,-3447,90457,-5127,brushing
488212515,-126,-827,801,-3447,90457,-5127,brushing
488222000,-126,-827,801,4182,127260,-15050,brushing
488229652,123,-197,1047,4182,127260,-15050,brushing
488241273,123,-197,1047,19565,182227,-2870,brushing
488247094,98,-183,1056,19565,182227,-2870,brushing
488260547,98,-183,1056,28385,188860,5565,brushing
488264230,94,-306,1025,28385,188860,5565,brushing
488279515,94,-306,1025,28052,173600,8050,brushing
488281366,-71,-576,973,28052,173600,8050,brushing
488298482,70,-263,1105,25217,165707,2590,brushing
488315916,169,139,1255,25217,165707,2590,brushing
488318074,169,139,1255,32112,187390,18165,brushing
488333053,98,-82,1163,32112,187390,18165,brushing
488337042,98,-82,1163,36855,182630,30572,brushing
488350189,183,224,1211,36855,182630,30572,brushing
488356316,183,224,1211,40022,172200,39130,brushing
488367326,139,123,1205,40022,172200,39130,brushing
488375589,139,123,1205,38500,159425,46550,brushing
488384768,145,195,1153,38500,159425,46550,brushing
488394557,145,195,1153,43627,179847,66115,brushing
488401904,83,197,1096,43627,179847,66115,brushing
488413831,83,197,1096,46585,189192,76562,brushing
488419042,45,304,1128,46585,189192,76562,brushing
488433105,45,304,1128,47110,171395,80080,brushing
488436178,-42,285,1121,47110,171395,80080,brushing
488452378,-42,285,1121,45342,130060,67322,brushing
488453620,-155,157,1060,45342,130060,67322,brushing
488470736,-284,-20,911,45342,130060,67322,brushing
488471366,-284,-20,911,42700,97072,47302,brushing
488487872,-428,-1,848,42700,97072,47302,brushing
488490641,-428,-1,848,35612,70070,12722,brushing
488505315,-241,421,843,35612,70070,12722,brushing
488509609,-241,421,843,35140,89232,-1137,brushing
488522450,-81,655,788,35140,89232,-1137,brushing
488528880,-81,655,788,30222,114205,-2887,brushing
488539586,-46,654,759,30222,114205,-2887,brushing
488548154,-46,654,759,17867,94412,-16852,brushing
488556723,-55,507,784,17867,94412,-16852,brushing
488567429,-55,507,784,6195,68652,-32532,brushing
488574165,-58,518,811,6195,68652,-32532,brushing
488586397,-58,518,811,-1610,54092,-45902,brushing
488591301,0,639,826,-1610,54092,-45902,brushing
488605670,0,639,826,-6212,41947,-53480,brushing
488608437,36,604,904,-6212,41947,-53480,brushing
488624942,36,604,904,-6965,32900,-59097,brushing
488625573,58,651,957,-6965,32900,-59097,brushing
488642995,86,656,1016,-6965,32900,-59097,brushing
488643931,86,656,1016,-4182,23100,-59832,brushing
488660132,58,726,1042,-4182,23100,-59832,brushing
488663206,58,726,1042,-1207,227,-61670,brushing
488677269,131,686,1008,-1207,227,-61670,brushing
488682479,131,686,1008,-1732,-38202,-60077,brushing
488694406,120,519,960,-1732,-38202,-60077,brushing
488701447,120,519,960,-2852,-69457,-58082,brushing
488711846,151,400,874,-2852,-69457,-58082,brushing
488720720,151,400,874,-2712,-73185,-54180,brushing
488728983,252,301,834,-2712,-73185,-54180,brushing
488739993,252,301,834,542,-50435,-45832,brushing
488746120,359,393,746,542,-50435,-45832,brushing
488758963,359,393,746,3115,-22470,-26197,brushing
488763258,498,484,733,3115,-22470,-26197,brushing
488778237,498,484,733,1312,-19792,-3395,brushing
488780700,494,330,662,1312,-19792,-3395,brushing
488797510,494,330,662,-3027,-25235,10097,brushing
488798140,355,144,675,-3027,-25235,10097,brushing
488814950,347,259,738,-3027,-25235,10097,brushing
488816498,347,259,738,-1470,-595,23730,brushing
488832088,212,424,767,-1470,-595,23730,brushing
488835772,212,424,767,3622,16835,38185,brushing
488849530,247,625,797,3622,16835,38185,brushing
488855046,247,625,797,11235,27510,55615,brushing
488866667,118,683,808,11235,27510,55615,brushing
488874013,118,683,808,16170,24290,69702,brushing
488883803,7,547,798,16170,24290,69702,brushing
488893287,7,547,798,19092,15855,74060,brushing
488900940,-153,480,815,19092,15855,74060,brushing
488912256,-153,480,815,18935,2537,65362,brushing
488918382,-238,475,835,18935,2537,65362,brushing
488931529,-238,475,835,16100,-20580,48527,brushing
488935518,-308,511,944,16100,-20580,48527,brushing
488950802,-308,511,944,15837,-47827,26915,brushing
488952655,-285,473,984,15837,-47827,26915,brushing
488969772,-159,654,1080,18865,-46795,9485,brushing
488987206,-96,666,1110,18865,-46795,9485,brushing
488989059,-96,666,1110,19355,-56017,-875,brushing
489004343,-78,560,959,19355,-56017,-875,brushing
489008332,-78,560,959,11742,-91245,-15400,brushing
489021479,-20,294,860,11742,-91245,-15400,brushing
489027300,-20,294,860,-612,-88917,-25882,brushing
489038616,33,100,926,-612,-88917,-25882,brushing
489046574,33,100,926,-7787,-26600,-30257,brushing
489056057,65,323,994,-7787,-26600,-30257,brushing
489065847,65,323,994,-13632,18882,-34877,brushing
489073194,186,607,1113,-13632,18882,-34877,brushing
489084815,186,607,1113,-17395,31570,-32007,brushing
489090332,312,715,1195,-17395,31570,-32007,brushing
489104089,312,715,1195,-21735,19460,-22365,brushing
489107468,202,536,1215,-21735,19460,-22365,brushing
489123363,202,536,1215,-23152,3255,-16555,brushing
489124909,190,386,1199,-23152,3255,-16555,brushing
489142026,221,392,1114,-22645,3570,-10727,brushing
489159154,291,454,1041,-22645,3570,-10727,brushing
489161617,291,454,1041,-22540,-4970,-5320,brushing
489176291,244,364,963,-22540,-4970,-5320,brushing
489180891,244,364,963,-22050,-17920,805,brushing
489193733,195,347,883,-22050,-17920,805,brushing
489199859,195,347,883,-21525,-30065,2835,brushing
489210869,230,443,766,-21525,-30065,2835,brushing
489219132,230,443,766,-24622,-53602,3202,brushing
489228006,195,405,647,-24622,-53602,3202,brushing
489238406,195,405,647,-29242,-82022,4235,brushing
489245142,109,263,592,-29242,-82022,4235,brushing
489257374,109,263,592,-31395,-82442,4725,brushing
489262584,52,225,515,-31395,-82442,4725,brushing
489276647,52,225,515,-31850,-44677,9432,brushing
489279721,31,337,503,-31850,-44677,9432,brushing
489295921,31,337,503,-33967,-6877,15242,brushing
489296858,-23,278,495,-33967,-6877,15242,brushing
489313975,-95,253,507,-33967,-6877,15242,brushing
489314911,-95,253,507,-40477,22907,17115,brushing
489331418,-149,279,576,-40477,22907,17115,brushing
489334186,-149,279,576,-50942,39655,13947,brushing
489348554,-165,171,633,-50942,39655,13947,brushing
489353459,-165,171,633,-56945,64697,10325,brushing
489365691,-162,260,766,-56945,64697,10325,brushing
489372427,-162,260,766,-60147,96565,5320,brushing
489382827,-237,464,1129,-60147,96565,5320,brushing
489391701,-237,464,1129,-56770,84927,-1015,brushing
489400269,-261,543,1340,-56770,84927,-1015,brushing
489410974,-261,543,1340,-44992,27877,-8907,brushing
489417406,-245,481,1320,-44992,27877,-8907,brushing
489429944,-245,481,1320,-28367,-31080,-19075,brushing
489434543,-312,376,1377,-28367,-31080,-19075,brushing
489449217,-312,376,1377,-2520,-52517,-23607,brushing
489451680,-298,305,1281,-2520,-52517,-23607,brushing
489468491,-298,305,1281,19652,-63332,-27650,brushing
489469121,-242,376,1110,19652,-63332,-27650,brushing
489486237,-186,347,975,19652,-63332,-27650,brushing
489487479,-186,347,975,30310,-89617,-33320,brushing
489503374,-162,214,834,30310,-89617,-33320,brushing
489506753,-162,214,834,34510,-114817,-40180,brushing
489520511,-210,9,994,34510,-114817,-40180,brushing
489526027,-210,9,994,48002,-81952,-41037,brushing
489537953,-59,392,665,48002,-81952,-41037,brushing
489544995,-59,392,665,63052,-21665,-28157,brushing
489555090,38,454,681,63052,-21665,-28157,brushing
489564270,38,454,681,60830,-15137,-19372,brushing
489572227,246,545,110,60830,-15137,-19372,brushing
489583543,246,545,110,24342,-40775,-11585,brushing
489589364,193,255,134,24342,-40775,-11585,brushing
489602510,193,255,134,-14542,-27020,-7070,brushing
489606805,49,-89,303,-14542,-27020,-7070,brushing
489621784,49,-89,303,-31692,69440,420,brushing
489623941,-121,112,685,-31692,69440,420,brushing
489641056,-117,552,945,-37432,109497,1032,brushing
489658185,-66,826,926,-37432,109497,1032,brushing
489660038,-66,826,926,-61092,11287,-8277,brushing
489675628,-247,384,1392,-61092,11287,-8277,brushing
489679311,-247,384,1392,-58502,-42157,-7647,brushing
489692764,-393,-12,1821,-58502,-42157,-7647,brushing
489698584,-393,-12,1821,-25445,-21542,-3290,brushing
489709900,-322,110,1792,-25445,-21542,-3290,brushing
489717553,-322,110,1792,19845,-6702,-12740,brushing
489727037,-253,241,1493,19845,-6702,-12740,brushing
489736827,-253,241,1493,40337,-81917,-34125,brushing
489744480,-158,75,1001,40337,-81917,-34125,brushing
489756101,-158,75,1001,45605,-114957,-50610,brushing
489761615,-139,146,1125,45605,-114957,-50610,brushing
489775068,-139,146,1125,55930,-55930,-40547,brushing
489778751,89,492,467,55930,-55930,-40547,brushing
489794341,89,492,467,49507,-21332,-28052,brushing
489795887,-27,90,851,49507,-21332,-28052,brushing
489813309,131,310,271,50155,50697,-14332,brushing
489830438,256,706,60,50155,50697,-14332,brushing
489832595,256,706,60,8225,32182,-315,brushing
489847574,144,101,129,8225,32182,-315,brushing
489851869,144,101,129,-39900,9590,245,brushing
489865016,-86,33,585,-39900,9590,245,brushing
489871142,-86,33,585,-58800,94255,12512,brushing
489882152,-220,288,1142,-58800,94255,12512,brushing
489890110,-220,288,1142,-57085,131162,11025,brushing
489899289,-27,929,654,-57085,131162,11025,brushing
489909384,-27,929,654,-74217,25532,2520,brushing
489916426,-360,310,1791,-74217,25532,2520,brushing
489928657,-360,310,1791,-57225,-19390,3377,brushing
489933867,-294,287,1482,-57225,-19390,3377,brushing
489947626,-294,287,1482,-16205,1085,5582,brushing
489951004,-428,81,1954,-16205,1085,5582,brushing
489966899,-428,81,1954,29120,-14735,-6247,brushing
489968141,-266,381,1525,29120,-14735,-6247,brushing
489985258,-203,181,1163,29120,-14735,-6247,brushing
489986193,-203,181,1163,49210,-81725,-21227,brushing
490002699,-65,421,894,49210,-81725,-21227,brushing
490005162,-65,421,894,57277,-91332,-23835,brushing
490019836,48,394,463,57277,-91332,-23835,brushing
490024436,48,394,463,48282,-84000,-16905,brushing
490036973,-120,-182,827,48282,-84000,-16905,brushing
490043710,-120,-182,827,49262,-1925,-7105,brushing
490054110,57,306,374,49262,-1925,-7105,brushing
490062679,57,306,374,40337,65152,8207,brushing
490071552,295,745,84,40337,65152,8207,brushing
490081952,295,745,84,-16047,-14227,8592,brushing
490088689,142,80,86,-16047,-14227,8592,brushing
490101226,142,80,86,-59132,9432,13790,brushing
490105826,-140,-104,536,-59132,9432,13790,brushing
490120195,-140,-104,536,-65642,120015,23100,brushing
490122963,-308,240,1170,-65642,120015,23100,brushing
490139469,-308,240,1170,-70070,100467,13667,brushing
490140406,-124,952,721,-70070,100467,13667,brushing
490157523,-578,153,2021,-70070,100467,13667,brushing
490158764,-578,153,2021,-59640,35927,12127,brushing
490174660,-402,550,1660,-59640,35927,12127,brushing
490178039,-402,550,1660,-11480,15155,6282,brushing
490192101,-389,356,1510,-11480,15155,6282,brushing
490197006,-389,356,1510,22050,-60042,-11217,brushing
490209238,-321,140,1113,22050,-60042,-11217,brushing
490216280,-321,140,1113,48387,-79730,-25917,brushing
490226375,-231,313,1045,48387,-79730,-25917,brushing
490235554,-231,313,1045,67165,-53392,-25077,brushing
490243511,-94,452,716,67165,-53392,-25077,brushing
490254522,-94,452,716,72940,-39515,-19880,brushing
490260954,-16,285,645,72940,-39515,-19880,brushing
490273796,-16,285,645,65187,-612,-8400,brushing
490278090,211,472,63,65187,-612,-8400,brushing
490293069,211,472,63,20965,2660,3832,brushing
490295226,306,441,-177,20965,2660,3832,brushing
490312037,306,441,-177,-36085,18567,12162,brushing
490312667,63,121,184,-36085,18567,12162,brushing
490329782,-225,166,831,-36085,18567,12162,brushing
490331328,-225,166,831,-59605,91542,21245,brushing
490346918,-205,591,786,-59605,91542,21245,brushing
490350603,-205,591,786,-58012,85347,11830,brushing
490364055,-390,442,1536,-58012,85347,11830,brushing
490369571,-390,442,1536,-57417,5337,-297,brushing
490381192,-465,250,1109,-57417,5337,-297,brushing
490388845,-465,250,1109,-20300,-19687,-16520,brushing
490398635,-538,-118,1563,-20300,-19687,-16520,brushing
490408118,-538,-118,1563,21122,-9082,-32847,brushing
490415772,-357,302,1130,21122,-9082,-32847,brushing
490427088,-357,302,1130,52080,-9310,-48825,brushing
490432909,-221,323,669,52080,-9310,-48825,brushing
490446361,-221,323,669,55422,-26127,-61285,brushing
490450350,-123,92,461,55422,-26127,-61285,brushing
490465635,-123,92,461,53690,25637,-63735,brushing
490467487,-80,30,476,53690,25637,-63735,brushing
490484605,-33,230,548,52832,83930,-62230,brushing
490501734,-2,386,599,52832,83930,-62230,brushing
490503892,-2,386,599,50347,92557,-62685,brushing
490519176,33,456,580,50347,92557,-62685,brushing
490523164,33,456,580,48825,89635,-59850,brushing
490536312,84,528,542,48825,89635,-59850,brushing
490542132,84,528,542,45587,94745,-51432,brushing
490553448,79,555,624,45587,94745,-51432,brushing
490561405,79,555,624,38307,89897,-44117,brushing
490570584,7,555,754,38307,89897,-44117,brushing
490580678,7,555,754,35157,73430,-41212,brushing
490588025,-40,504,833,35157,73430,-41212,brushing
490599952,-40,504,833,38710,56070,-42682,brushing
490605163,-56,408,810,38710,56070,-42682,brushing
490618921,-56,408,810,43505,46585,-49490,brushing
490622301,-75,338,748,43505,46585,-49490,brushing
490638196,-75,338,748,44502,45465,-61407,brushing
490639742,-107,387,748,44502,45465,-61407,brushing
490656858,-148,465,775,44502,45465,-61407,brushing
490657488,-148,465,775,44765,49367,-69702,brushing
490673996,-138,570,798,44765,49367,-69702,brushing
490676459,-138,570,798,45325,56350,-72537,brushing
490691132,-107,653,801,45325,56350,-72537,brushing
490695732,-107,653,801,43855,53602,-72887,brushing
490708575,-79,729,792,43855,53602,-72887,brushing
490715006,-79,729,792,37712,40687,-72117,brushing
490725712,-83,793,804,37712,40687,-72117,brushing
490733975,-83,793,804,28717,22872,-68250,brushing
490742848,-80,764,781,28717,22872,-68250,brushing
490753248,-80,764,781,18025,5407,-63507,brushing
490759985,-75,719,745,18025,5407,-63507,brushing
490772523,-75,719,745,6160,717,-59115,brushing
490777427,-102,694,738,6160,717,-59115,brushing
490791491,-102,694,738,-6387,9345,-56157,brushing
490794564,-157,779,823,-6387,9345,-56157,brushing
490810764,-157,779,823,-14052,17447,-45955,brushing
490811700,-174,757,820,-14052,17447,-45955,brushing
490829122,-175,681,821,-14052,17447,-45955,brushing
490830058,-175,681,821,-16975,33897,-28577,brushing
490846258,-178,684,839,-16975,33897,-28577,brushing
490849026,-178,684,839,-18077,49857,-21997,brushing
490863394,-174,700,826,-18077,49857,-21997,brushing
490868300,-174,700,826,-18777,51555,-20895,brushing
490880531,-166,754,804,-18777,51555,-20895,brushing
490887573,-166,754,804,-19512,41195,-21542,brushing
490897974,-175,777,776,-19512,41195,-21542,brushing
490906542,-175,777,776,-20755,22627,-21367,brushing
490915111,-181,808,775,-20755,22627,-21367,brushing
490925815,-181,808,775,-21962,1067,-20772,brushing
490932247,-198,698,740,-21962,1067,-20772,brushing
490945089,-198,698,740,-21945,-6247,-19705,brushing
490949383,-191,612,694,-21945,-6247,-19705,brushing
490964057,-191,612,694,-20387,9450,-19372,brushing
490966825,-188,530,639,-20387,9450,-19372,brushing
490983331,-188,530,639,-17797,39095,-18200,brushing
490983961,-182,550,608,-17797,39095,-18200,brushing
491001078,-178,597,599,-17797,39095,-18200,brushing
491002625,-178,597,599,-16362,59762,-19880,brushing
491018216,-209,730,604,-16362,59762,-19880,brushing
491021595,-209,730,604,-15295,67917,-21140,brushing
491035658,-244,832,612,-15295,67917,-21140,brushing
491040868,-244,832,612,-14927,60865,-21350,brushing
491052795,-251,861,596,-14927,60865,-21350,brushing
491060142,-251,861,596,-14910,43925,-20422,brushing
491069931,-255,771,572,-14910,43925,-20422,brushing
491079415,-255,771,572,-14612,36277,-20335,brushing
491087373,-261,719,565,-14612,36277,-20335,brushing
491098384,-261,719,565,-13562,42490,-21297,brushing
491104510,-268,687,566,-13562,42490,-21297,brushing
491117658,-268,687,566,-11515,54320,-21647,brushing
491121648,-269,707,566,-11515,54320,-21647,brushing
491136932,-269,707,566,-10115,60165,-22960,brushing
491138785,-278,760,554,-10115,60165,-22960,brushing
491155901,-278,760,554,-10412,55387,-24027,brushing
491156531,-295,851,564,-10412,55387,-24027,brushing
491173343,-342,899,572,-10412,55387,-24027,brushing
491175195,-342,899,572,-11375,40897,-24115,brushing
491190480,-366,863,571,-11375,40897,-24115,brushing
491194468,-366,863,571,-11935,27317,-22767,brushing
491207616,-367,796,562,-11935,27317,-22767,brushing
491213437,-367,796,562,-10500,27912,-20090,brushing
491225058,-373,756,554,-10500,27912,-20090,brushing
491232710,-373,756,554,-7262,41282,-18795,brushing
491242194,-369,772,542,-7262,41282,-18795,brushing
491251984,-369,772,542,-4077,53270,-18375,brushing
491259331,-371,826,535,-4077,53270,-18375,brushing
491270952,-371,826,535,-2695,51205,-17902,brushing
491276773,-393,865,522,-2695,51205,-17902,brushing
491290226,-393,865,522,-3062,37800,-18602,brushing
491293910,-420,852,498,-3062,37800,-18602,brushing
491309501,-420,852,498,-3885,28052,-19355,brushing
491311048,-444,837,500,-3885,28052,-19355,brushing
491328165,-472,819,511,-2012,33512,-16940,brushing
491345599,-483,850,527,-2012,33512,-16940,brushing
491347757,-483,850,527,2677,50977,-12110,brushing
491362736,-479,938,512,2677,50977,-12110,brushing
491367031,-479,938,512,7612,63105,-6107,brushing
491379872,-458,1019,461,7612,63105,-6107,brushing
491386304,-458,1019,461,8645,54827,-385,brushing
491397009,-458,994,444,8645,54827,-385,brushing
491405273,-458,994,444,6685,32602,2835,brushing
491414452,-448,902,447,6685,32602,2835,brushing
491424547,-448,902,447,5565,18235,3832,brushing
491431589,-444,809,445,5565,18235,3832,brushing
491443820,-444,809,445,7560,22610,4952,brushing
491448725,-434,758,435,7560,22610,4952,brushing
491462788,-434,758,435,10850,35105,4812,brushing
491465860,-416,771,422,10850,35105,4812,brushing
491482060,-416,771,422,12985,39357,3500,brushing
491483302,-399,801,391,12985,39357,3500,brushing
491500418,-390,802,348,12985,39357,3500,brushing
491501354,-390,802,348,12862,33110,1260,brushing
491517554,-392,797,331,12862,33110,1260,brushing
491520322,-392,797,331,12005,27352,-1207,brushing
491534692,-383,806,300,12005,27352,-1207,brushing
491539597,-383,806,300,11322,28402,-2450,brushing
491552134,-377,821,288,11322,28402,-2450,brushing
491558870,-377,821,288,10955,35367,-1662,brushing
491569270,-368,849,286,10955,35367,-1662,brushing
491577837,-368,849,286,11620,42945,-122,brushing
491586406,-357,885,283,11620,42945,-122,brushing
491597111,-357,885,283,11655,42927,577,brushing
491603542,-341,936,255,11655,42927,577,brushing
491616385,-341,936,255,9817,33127,227,brushing
491620984,-335,947,234,9817,33127,227,brushing
491635354,-335,947,234,6720,19617,-472,brushing
491638122,-339,920,227,6720,19617,-472,brushing
491654627,-339,920,227,4357,11007,-1102,brushing
491655257,-348,886,234,4357,11007,-1102,brushing
491672678,-355,874,234,4357,11007,-1102,brushing
491673614,-355,874,234,4165,11130,-1085,brushing
491689815,-356,871,220,4165,11130,-1085,brushing
491692889,-356,871,220,4515,17080,420,brushing
491706953,-357,890,224,4515,17080,420,brushing
491712163,-357,890,224,4620,23310,1785,brushing
491724089,-347,923,218,4620,23310,1785,brushing
491731437,-347,923,218,3937,24447,2590,brushing
491741532,-347,957,220,3937,24447,2590,brushing
491750405,-347,957,220,2030,15680,1872,brushing
491758668,-357,962,224,2030,15680,1872,brushing
491769678,-357,962,224,-787,525,892,brushing
491775805,-372,913,231,-787,525,892,brushing
491788953,-372,913,231,-2502,-8435,-35,brushing
491792942,-384,860,230,-2502,-8435,-35,brushing
491807921,-384,860,230,-2642,-6072,-682,brushing
491810385,-392,865,228,-2642,-6072,-682,brushing
491827196,-392,865,228,-1942,647,-350,brushing
491827826,-393,902,234,-1942,647,-350,brushing
491844637,-391,930,236,-1942,647,-350,brushing
491846489,-391,930,236,-1365,2222,542,brushing
491861774,-383,940,247,-1365,2222,542,brushing
491865458,-383,940,247,-840,700,1347,brushing
491879216,-378,950,264,-840,700,1347,brushing
491884732,-378,950,264,385,-2607,1785,brushing
491896353,-370,939,252,385,-2607,1785,brushing
491904006,-370,939,252,1767,-6352,2712,brushing
491913490,-362,917,240,1767,-6352,2712,brushing
491922975,-362,917,240,3272,-7420,3465,brushing
491930628,-352,896,231,3272,-7420,3465,brushing
491942248,-352,896,231,4830,-5722,3710,brushing
491948069,-344,885,225,4830,-5722,3710,brushing
491961523,-344,885,225,5985,-3307,3307,brushing
491965206,-349,883,218,5985,-3307,3307,brushing
491980491,-349,883,218,6580,-1120,2817,brushing
491982343,-361,900,235,6580,-1120,2817,brushing
491999765,-367,925,249,6650,-2187,2537,brushing
492016894,-377,933,233,6650,-2187,2537,brushing
492019051,-377,933,233,5792,-9135,2415,brushing
492034031,-397,931,229,5792,-9135,2415,brushing
492038020,-397,931,229,4007,-16100,2310,brushing
492051168,-445,965,255,4007,-16100,2310,brushing
492057293,-445,965,255,2380,-17412,3535,brushing
492068304,-492,1053,293,2380,-17412,3535,brushing
492076567,-492,1053,293,1522,-18602,6580,brushing
492085746,-536,1163,344,1522,-18602,6580,brushing
492095535,-536,1163,344,1015,-26950,13440,brushing
492102881,-566,1212,380,1015,-26950,13440,brushing
492114808,-566,1212,380,1715,-38815,21420,brushing
492120018,-581,1286,401,1715,-38815,21420,brushing
492134082,-581,1286,401,3500,-49542,31167,brushing
492137155,-584,1329,432,3500,-49542,31167,brushing
492153052,-584,1329,432,6667,-57295,44362,brushing
492154599,-574,1361,452,6667,-57295,44362,brushing
492171715,-559,1387,491,6667,-57295,44362,brushing
492172346,-559,1387,491,11252,-53725,61530,brushing
492188852,-511,1423,493,11252,-53725,61530,brushing
492191620,-511,1423,493,18077,-38832,81620,brushing
492205989,-410,1424,501,18077,-38832,81620,brushing
492210589,-410,1424,501,24552,-17482,104650,brushing
492223431,-298,1369,484,24552,-17482,104650,brushing
492229862,-298,1369,484,28262,-4270,121012,brushing
492240568,-174,1375,448,28262,-4270,121012,brushing
492249135,-174,1375,448,26565,-12250,128625,brushing
492257704,-77,1374,416,26565,-12250,128625,brushing
492268104,-77,1374,416,22015,-37345,136517,brushing
492274840,-20,1284,358,22015,-37345,136517,brushing
492287377,-20,1284,358,15435,-66342,140455,brushing
492292282,7,1217,324,15435,-66342,140455,brushing
492306345,7,1217,324,9100,-98332,139317,brushing
492309417,49,1121,310,9100,-98332,139317,brushing
492325617,49,1121,310,5285,-121362,143622,brushing
492326554,96,960,299,5285,-121362,143622,brushing
492343669,103,777,288,5285,-121362,143622,brushing
492344911,103,777,288,3657,-128170,148137,brushing
492361112,115,630,254,3657,-128170,148137,brushing
492363880,115,630,254,2152,-124145,149257,brushing
492378249,125,558,275,2152,-124145,149257,brushing
492383154,125,558,275,-437,-119227,144357,brushing
492395386,144,546,273,-437,-119227,144357,brushing
492402428,144,546,273,-4165,-122955,136412,brushing
492412523,175,465,260,-4165,-122955,136412,brushing
492421396,175,465,260,-9800,-133227,127487,brushing
492429659,115,366,275,-9800,-133227,127487,brushing
492440670,115,366,275,-14927,-146842,109515,brushing
492447100,168,386,237,-14927,-146842,109515,brushing
492459637,168,386,237,-17955,-159670,99190,brushing
492464236,187,209,178,-17955,-159670,99190,brushing
492478910,187,209,178,-23362,-160265,87972,brushing
492481374,209,249,83,-23362,-160265,87972,brushing
492498185,209,249,83,-28472,-154822,72887,brushing
492498815,228,192,344,-28472,-154822,72887,brushing
492515932,244,133,293,-28472,-154822,72887,brushing
492517175,244,133,293,-27702,-157517,55702,brushing
492533070,294,200,122,-27702,-157517,55702,brushing
492536448,294,200,122,-30765,-126297,44450,brushing
492550206,289,501,-19,-30765,-126297,44450,brushing
492555722,289,501,-19,-54810,-124145,37205,brushing
492567342,196,430,262,-54810,-124145,37205,brushing
492574690,196,430,262,-81480,-194390,22207,brushing
492584784,5,176,478,-81480,-194390,22207,brushing
492593964,5,176,478,-94447,-233485,9922,brushing
492601923,-152,-335,582,-94447,-233485,9922,brushing
492613238,-152,-335,582,-94640,-193340,-7910,brushing
492619058,-157,-452,707,-94640,-193340,-7910,brushing
492632206,-157,-452,707,-87447,-103652,-27912,brushing
492636196,-113,-128,965,-87447,-103652,-27912,brushing
492651481,-113,-128,965,-81672,-73430,-45815,brushing
492653638,-83,185,1251,-81672,-73430,-45815,brushing
492670754,-47,97,1336,-77472,-117950,-64032,brushing
492687883,49,103,1371,-77472,-117950,-64032,brushing
492689736,49,103,1371,-61897,-121922,-74077,brushing
492705021,157,346,1401,-61897,-121922,-74077,brushing
492709010,157,346,1401,-34720,-60865,-56385,brushing
492722462,240,529,1329,-34720,-60865,-56385,brushing
492728284,240,529,1329,-10500,-25970,-31675,brushing
492739599,314,555,1215,-10500,-25970,-31675,brushing
492747252,314,555,1215,4567,-29085,-6212,brushing
492756736,283,293,1040,4567,-29085,-6212,brushing
492766526,283,293,1040,10342,-52867,9012,brushing
492773873,220,-21,910,10342,-52867,9012,brushing
492785799,220,-21,910,13720,-53322,14087,brushing
492791314,164,-153,802,13720,-53322,14087,brushing
492804766,164,-153,802,18182,-20055,16152,brushing
492808449,118,-84,770,18182,-20055,16152,brushing
492824038,118,-84,770,29102,45657,27125,brushing
492825585,147,246,915,29102,45657,27125,brushing
492842702,198,570,1013,29102,45657,27125,brushing
492843332,198,570,1013,39830,100432,50627,brushing
492860143,113,498,905,39830,100432,50627,brushing
492862301,113,498,905,43172,82740,62457,brushing
492877280,139,292,839,43172,82740,62457,brushing
492881574,139,292,839,38780,68547,66045,brushing
492894416,63,75,744,38780,68547,66045,brushing
492900847,63,75,744,27440,46672,58030,brushing
492911857,-38,-187,704,27440,46672,58030,brushing
492920121,-38,-187,704,8680,3482,32602,brushing
492928995,-58,-340,708,8680,3482,32602,brushing
492939090,-58,-340,708,-12477,-37660,-2537,brushing
492946132,23,-317,724,-12477,-37660,-2537,brushing
492958363,23,-317,724,-31605,-36662,-34230,brushing
492963268,47,-55,892,-31605,-36662,-34230,brushing
492977637,47,-55,892,-47110,-27090,-52115,brushing
492980710,-4,57,1032,-47110,-27090,-52115,brushing
492996605,-4,57,1032,-57715,-52867,-67165,brushing
492997847,5,139,1163,-57715,-52867,-67165,brushing
493014964,64,343,1352,-57715,-52867,-67165,brushing
493015900,64,343,1352,-54792,-46235,-67322,brushing
493032406,113,703,1467,-54792,-46235,-67322,brushing
493035174,113,703,1467,-38447,-22610,-48387,brushing
493049543,242,858,1573,-38447,-22610,-48387,brushing
493054142,242,858,1573,-10307,-4287,-14997,brushing
493066679,286,799,1473,-10307,-4287,-14997,brushing
493073416,286,799,1473,15942,-12600,17972,brushing
493083816,245,379,1213,15942,-12600,17972,brushing
493092690,245,379,1213,32882,-24167,36750,brushing
493101258,164,68,934,32882,-24167,36750,brushing
493111659,164,68,934,43872,770,46865,brushing
493118395,248,327,953,43872,770,46865,brushing
493130932,248,327,953,48790,31447,67830,brushing
493135532,134,372,939,48790,31447,67830,brushing
493150206,134,372,939,39952,-36085,61705,brushing
493152669,19,-65,622,39952,-36085,61705,brushing
493169479,19,-65,622,34947,-16607,55317,brushing
493170109,54,-87,593,34947,-16607,55317,brushing
493187226,-37,-13,512,34947,-16607,55317,brushing
493188467,-37,-13,512,19915,10115,52062,brushing
493204363,-134,-203,450,19915,10115,52062,brushing
493207742,-134,-203,450,-5040,-14805,32270,brushing
493221805,-149,-317,530,-5040,-14805,32270,brushing
493227015,-149,-317,530,-30992,-34790,5197,brushing
493238942,-124,-290,618,-30992,-34790,5197,brushing
493245984,-124,-290,618,-48492,-17115,-21910,brushing
493256080,-101,-10,851,-48492,-17115,-21910,brushing
493265259,-101,-10,851,-58852,12267,-35892,brushing
493273522,-124,35,1051,-58852,12267,-35892,brushing
493284532,-124,35,1051,-65730,-18567,-54127,brushing
493290658,-170,-156,1070,-65730,-18567,-54127,brushing
493303806,-170,-156,1070,-67200,-50592,-76597,brushing
493307795,-73,17,1279,-67200,-50592,-76597,brushing
493322774,-73,17,1279,-49402,-12267,-76807,brushing
493324932,25,324,1452,-49402,-12267,-76807,brushing
493342049,25,324,1452,-23065,19355,-59097,brushing
493342679,142,712,1511,-23065,19355,-59097,brushing
493359490,280,863,1495,-23065,19355,-59097,brushing
493361342,280,863,1495,3220,14437,-29452,brushing
493376627,324,664,1335,3220,14437,-29452,brushing
493380310,324,664,1335,27177,4445,5757,brushing
493394068,260,289,1085,27177,4445,5757,brushing
493399584,260,289,1085,44677,16100,32970,brushing
493411205,229,201,970,44677,16100,32970,brushing
493418857,229,201,970,55422,49962,55842,brushing
493428342,159,273,933,55422,49962,55842,brushing
493437826,159,273,933,51520,22960,65957,brushing
493445479,37,-65,666,51520,22960,65957,brushing
493457100,37,-65,666,39305,-10290,54687,brushing
493462921,-25,-258,485,39305,-10290,54687,brushing
493476374,-25,-258,485,20037,4480,41580,brushing
493480058,-86,-228,460,20037,4480,41580,brushing
493495647,-86,-228,460,-2082,12250,24465,brushing
493497194,-86,-131,542,-2082,12250,24465,brushing
493514616,-56,5,705,-23625,-6072,5180,brushing
493531745,-1,75,911,-23625,-6072,5180,brushing
493533903,-1,75,911,-38902,-26740,-10167,brushing
493548882,0,157,1088,-38902,-26740,-10167,brushing
493553177,0,157,1088,-42910,-23380,-18777,brushing
493566019,6,231,1245,-42910,-23380,-18777,brushing
493572144,6,231,1245,-43312,-45097,-29505,brushing
493583459,-136,161,1169,-43312,-45097,-29505,brushing
493591417,-136,161,1169,-37835,-77437,-42612,brushing
493600595,-154,119,1247,-37835,-77437,-42612,brushing
493610690,-154,119,1247,-25130,-53200,-39655,brushing
493617731,-140,189,1263,-25130,-53200,-39655,brushing
493629963,-140,189,1263,-11970,-23520,-32305,brushing
493635174,-140,252,1165,-11970,-23520,-32305,brushing
493648933,-140,252,1165,-2082,-10500,-25917,brushing
493652311,-30,239,1153,-2082,-10500,-25917,brushing
493668206,-30,239,1153,2870,-2310,-21087,brushing
493669448,-9,152,1017,2870,-2310,-21087,brushing
493686564,32,86,944,2870,-2310,-21087,brushing
493687500,32,86,944,5267,14227,-16870,brushing
493704006,76,85,904,5267,14227,-16870,brushing
493706469,76,85,904,7017,42822,-10885,brushing
493721143,131,160,914,7017,42822,-10885,brushing
493725742,131,160,914,7647,68180,-3237,brushing
493738279,163,245,942,7647,68180,-3237,brushing
493745015,163,245,942,7157,70175,5862,brushing
493755415,193,236,1008,7157,70175,5862,brushing
493763983,193,236,1008,8487,57995,14332,brushing
493772857,246,226,1021,8487,57995,14332,brushing
493783257,246,226,1021,10080,45482,22942,brushing
493789994,248,201,985,10080,45482,22942,brushing
493802531,248,201,985,11812,30677,28297,brushing
493807131,250,194,893,11812,30677,28297,brushing
493821499,250,194,893,11900,26407,36855,brushing
493824268,227,206,799,11900,26407,36855,brushing
493840773,227,206,799,9450,28525,46252,brushing
493841710,219,234,762,9450,28525,46252,brushing
493858826,207,232,750,9450,28525,46252,brushing
493860068,207,232,750,7840,34422,55947,brushing
493875963,199,250,790,7840,34422,55947,brushing
493879037,199,250,790,7805,49297,64907,brushing
493893407,120,289,858,7805,49297,64907,brushing
493898311,120,289,858,5652,47652,69877,brushing
493910543,-26,252,964,5652,47652,69877,brushing
493917585,-26,252,964,2502,18287,63997,brushing
493927679,-234,85,1007,2502,18287,63997,brushing
493936553,-234,85,1007,1085,-35262,44677,brushing
493944816,-308,-139,982,1085,-35262,44677,brushing
493955827,-308,-139,982,-5915,-82932,9100,brushing
493962258,-113,28,1044,-5915,-82932,9100,brushing
493975100,-113,28,1044,-11865,-93257,-16800,brushing
493979394,10,284,1029,-11865,-93257,-16800,brushing
493994068,10,284,1029,-20055,-114380,-31202,brushing
493996531,50,396,947,-20055,-114380,-31202,brushing
494013342,50,396,947,-34037,-145547,-37800,brushing
494013972,-82,294,750,-34037,-145547,-37800,brushing
494031088,-55,191,999,-34037,-145547,-37800,brushing
494032635,-55,191,999,-34615,-84402,-27387,brushing
494048226,-122,297,1113,-34615,-84402,-27387,brushing
494051910,-122,297,1113,-25165,17010,-2257,brushing
494065362,-138,272,1325,-25165,17010,-2257,brushing
494070877,-138,272,1325,-12827,57417,8855,brushing
494082804,-157,163,1170,-12827,57417,8855,brushing
494090151,-157,163,1170,-6370,34597,2187,brushing
494099940,-185,-18,1045,-6370,34597,2187,brushing
494109424,-185,-18,1045,-6387,6597,-10815,brushing
494117078,-119,-111,901,-6387,6597,-10815,brushing
494128394,-119,-111,901,-5565,19757,-20352,brushing
494134215,-54,-31,837,-5565,19757,-20352,brushing
494147668,-54,-31,837,-2975,63192,-19950,brushing
494151657,50,158,869,-2975,63192,-19950,brushing
494166942,50,158,869,-1172,86747,-13895,brushing
494168794,116,333,893,-1172,86747,-13895,brushing
494185911,120,360,893,805,89355,-6020,brushing
494203040,107,350,927,805,89355,-6020,brushing
494205197,107,350,927,3692,92680,5337,brushing
494220482,81,328,983,3692,92680,5337,brushing
494224470,81,328,983,7875,89092,14805,brushing
494237618,96,394,907,7875,89092,14805,brushing
494243438,96,394,907,11970,75967,20615,brushing
494254754,91,379,893,11970,75967,20615,brushing
494262712,91,379,893,14192,59220,24237,brushing
494272196,124,417,883,14192,59220,24237,brushing
494281985,124,417,883,15540,53410,26775,brushing
494289333,97,436,874,15540,53410,26775,brushing
494300954,97,436,874,16625,53217,30922,brushing
494306470,64,394,832,16625,53217,30922,brushing
494320227,64,394,832,14875,48230,31780,brushing
494323606,50,318,823,14875,48230,31780,brushing
494339501,50,318,823,11795,42630,27195,brushing
494341048,32,304,838,11795,42630,27195,brushing
494358165,16,371,929,9520,36557,22732,brushing
494375294,21,384,897,9520,36557,22732,brushing
494377757,21,384,897,10062,18882,16432,brushing
494392430,34,422,895,10062,18882,16432,brushing
494397030,34,422,895,12565,12792,14035,brushing
494409871,32,424,872,12565,12792,14035,brushing
494416303,32,424,872,15557,13247,13335,brushing
494427008,9,453,861,15557,13247,13335,brushing
494435272,9,453,861,17482,11515,13300,brushing
494444145,33,408,808,17482,11515,13300,brushing
494454546,33,408,808,20002,19092,11497,brushing
494461588,37,444,802,20002,19092,11497,brushing
494473818,37,444,802,21770,34475,13475,brushing
494478724,23,503,853,21770,34475,13475,brushing
494492786,23,503,853,26390,38360,15680,brushing
494495859,11,553,893,26390,38360,15680,brushing
494512058,11,553,893,34125,32725,17535,brushing
494512994,27,547,872,34125,32725,17535,brushing
494530416,92,504,768,34125,32725,17535,brushing
494531352,92,504,768,41352,24377,17990,brushing
494547552,181,573,828,41352,24377,17990,brushing
494550320,181,573,828,41790,12582,14455,brushing
494564690,183,451,826,41790,12582,14455,brushing
494569594,183,451,826,39462,-7175,5215,brushing
494582131,111,499,904,39462,-7175,5215,brushing
494588868,111,499,904,29662,-32742,-1820,brushing
494599268,105,368,949,29662,-32742,-1820,brushing
494608141,105,368,949,14822,-84997,-21017,brushing
494616404,101,321,969,14822,-84997,-21017,brushing
494627110,101,321,969,-4112,-130567,-39935,brushing
494633541,47,367,968,-4112,-130567,-39935,brushing
494646383,47,367,968,-22120,-172637,-56822,brushing
494650983,23,314,931,-22120,-172637,-56822,brushing
494665657,23,314,931,-33022,-180092,-64155,brushing
494668119,85,288,1006,-33022,-180092,-64155,brushing
494684626,85,288,1006,-38255,-168875,-62492,brushing
494685256,104,241,982,-38255,-168875,-62492,brushing
494702679,74,186,968,-38255,-168875,-62492,brushing
494703920,74,186,968,-40705,-160195,-61915,brushing
494719816,47,140,946,-40705,-160195,-61915,brushing
494723195,47,140,946,-40810,-149992,-62352,brushing
494736954,27,166,904,-40810,-149992,-62352,brushing
494742470,27,166,904,-35997,-119647,-56297,brushing
494754396,108,324,1003,-35997,-119647,-56297,brushing
494761438,108,324,1003,-23310,-49105,-34982,brushing
494771532,140,457,1035,-23310,-49105,-34982,brushing
494780712,140,457,1035,-6195,11060,-9607,brushing
494788668,148,446,1090,-6195,11060,-9607,brushing
494799984,148,446,1090,8645,28332,9310,brushing
494806110,114,264,1060,8645,28332,9310,brushing
494819258,114,264,1060,17342,8207,13440,brushing
494823247,45,-1,1000,17342,8207,13440,brushing
494838226,45,-1,1000,25287,9747,10097,brushing
494840383,34,-49,921,25287,9747,10097,brushing
494857500,66,101,868,34877,58047,14402,brushing
494874935,150,361,885,34877,58047,14402,brushing
494876787,150,361,885,43295,119525,29575,brushing
494892072,250,567,1004,43295,119525,29575,brushing
494895756,250,567,1004,46900,148470,51292,brushing
494909208,202,507,1016,46900,148470,51292,brushing
494915030,202,507,1016,45115,119000,61722,brushing
494926651,194,357,1023,45115,119000,61722,brushing
494934303,194,357,1023,49682,118037,68530,brushing
494943786,286,476,1068,49682,118037,68530,brushing
494953576,286,476,1068,48650,119962,83492,brushing
494960923,26,93,894,48650,119962,83492,brushing
494972543,26,93,894,26425,-14297,45622,brushing
494978363,-119,-465,510,26425,-14297,45622,brushing
494991815,-119,-465,510,-5040,-91787,-3605,brushing
494995499,-18,-350,632,-5040,-91787,-3605,brushing
495011089,-18,-350,632,-27142,-73640,-28945,brushing
495012636,109,236,845,-27142,-73640,-28945,brushing
495030057,83,511,865,-45132,-90387,-38045,brushing
495047186,10,218,759,-45132,-90387,-38045,brushing
495049344,10,218,759,-58817,-135852,-45815,brushing
495064323,90,50,911,-58817,-135852,-45815,brushing
495068618,90,50,911,-56822,-72800,-41405,brushing
495081460,-6,211,960,-56822,-72800,-41405,brushing
495087891,-6,211,960,-52605,-34930,-35035,brushing
495098902,6,325,1065,-52605,-34930,-35035,brushing
495106860,6,325,1065,-51362,-55965,-37380,brushing
495116038,46,355,1221,-51362,-55965,-37380,brushing
495126133,46,355,1221,-34755,-34615,-24622,brushing
495133175,106,491,1356,-34755,-34615,-24622,brushing
495145407,106,491,1356,-12582,-16870,-6545,brushing
495150617,141,441,1359,-12582,-16870,-6545,brushing
495164375,141,441,1359,7525,-16607,5232,brushing
495167753,114,340,1249,7525,-16607,5232,brushing
495183648,114,340,1249,22785,-15347,14140,brushing
495184889,88,268,1106,22785,-15347,14140,brushing
495202006,91,334,997,22785,-15347,14140,brushing
495202942,91,334,997,34650,7210,25620,brushing
495219447,142,466,950,34650,7210,25620,brushing
495221910,142,466,950,44800,48947,44870,brushing
495236583,138,409,805,44800,48947,44870,brushing
495241183,138,409,805,45325,60270,60532,brushing
495253721,150,126,607,45325,60270,60532,brushing
495260457,150,126,607,34107,52657,60182,brushing
495270857,92,-70,441,34107,52657,60182,brushing
495279731,92,-70,441,13422,62247,51047,brushing
495288301,-2,-55,447,13422,62247,51047,brushing
495298700,-2,-55,447,-8102,72047,36522,brushing
495305437,-28,102,648,-8102,72047,36522,brushing
495317974,-28,102,648,-26477,44572,19057,brushing
495322573,-26,229,876,-26477,44572,19057,brushing
495337247,-26,229,876,-40110,-18672,-1942,brushing
495340015,-13,220,967,-40110,-18672,-1942,brushing
495356216,-13,220,967,-46322,-54232,-20370,brushing
495357152,-2,111,951,-46322,-54232,-20370,brushing
495374269,-3,156,1004,-46322,-54232,-20370,brushing
495375510,-3,156,1004,-47932,-43995,-30012,brushing
495391406,-50,186,1077,-47932,-43995,-30012,brushing
495394785,-50,186,1077,-52657,-57785,-39602,brushing
495408848,-168,90,1036,-52657,-57785,-39602,brushing
495413753,-168,90,1036,-50960,-74707,-51327,brushing
495425985,-97,263,1219,-50960,-74707,-51327,brushing
495433027,-97,263,1219,-36995,-32900,-45535,brushing
495443121,-115,562,1269,-36995,-32900,-45535,brushing
495452301,-115,562,1269,-16502,4095,-29540,brushing
495460258,31,698,1263,-16502,4095,-29540,brushing
495471269,31,698,1263,-3745,-10080,-13370,brushing
495477701,-14,472,1077,-3745,-10080,-13370,brushing
495490543,-14,472,1077,8785,2327,1627,brushing
495494837,112,367,1103,8785,2327,1627,brushing
495509817,112,367,1103,21717,41772,20212,brushing
495511975,73,263,1024,21717,41772,20212,brushing
495528785,73,263,1024,31202,70752,29855,brushing
495529416,107,256,970,31202,70752,29855,brushing
495546533,113,400,982,31202,70752,29855,brushing
495548080,113,400,982,38622,93520,41912,brushing
495563669,50,410,906,38622,93520,41912,brushing
495567353,50,410,906,38972,66587,46147,brushing
495580806,58,224,792,38972,66587,46147,brushing
495586626,58,224,792,34982,29732,38727,brushing
495598247,41,131,648,34982,29732,38727,brushing
495605595,41,131,648,28070,32182,32462,brushing
495615384,-13,100,582,28070,32182,32462,brushing
495624868,-13,100,582,15697,38657,21997,brushing
495632521,-60,121,639,15697,38657,21997,brushing
495644142,-60,121,639,-3167,14210,3552,brushing
495649963,-5,259,822,-3167,14210,3552,brushing
495663111,-5,259,822,-18497,-36155,-15697,brushing
495667100,-13,306,905,-18497,-36155,-15697,brushing
495682385,-13,306,905,-27982,-79572,-33162,brushing
495684237,-70,167,874,-27982,-79572,-33162,brushing
495701352,-89,105,914,-33285,-72695,-44240,brushing
495718786,-163,289,996,-33285,-72695,-44240,brushing
495720944,-163,289,996,-36732,-47740,-49472,brushing
495735922,-165,491,1171,-36732,-47740,-49472,brushing
495739911,-165,491,1171,-32147,-41632,-47530,brushing
495753060,-122,590,1244,-32147,-41632,-47530,brushing
495759186,-122,590,1244,-21752,-42717,-39165,brushing
495770501,-54,499,1218,-21752,-42717,-39165,brushing
495778459,-54,499,1218,-6405,-26285,-29820,brushing
495787638,-33,400,1082,-6405,-26285,-29820,brushing
495797428,-33,400,1082,5495,-12967,-23047,brushing
495804776,0,277,973,5495,-12967,-23047,brushing
495816702,0,277,973,10150,-14245,-21840,brushing
495822217,-2,169,876,10150,-14245,-21840,brushing
495835975,-2,169,876,9922,-22592,-25182,brushing
495839353,12,110,816,9922,-22592,-25182,brushing
495855248,12,110,816,9082,-18305,-27615,brushing
495856489,33,120,809,9082,-18305,-27615,brushing
495873912,26,177,827,9835,-5075,-28070,brushing
495891040,23,276,868,9835,-5075,-28070,brushing
495893503,23,276,868,11340,2205,-25287,brushing
495908176,41,308,902,11340,2205,-25287,brushing
495912775,41,308,902,13422,3255,-20195,brushing
495925312,58,297,924,13422,3255,-20195,brushing
495932049,58,297,924,14630,560,-15050,brushing
495942754,141,325,1007,14630,560,-15050,brushing
495951016,141,325,1007,16345,2782,-7752,brushing
495959890,218,354,1107,16345,2782,-7752,brushing
495970290,218,354,1107,19670,2922,3395,brushing
495977027,259,365,1187,19670,2922,3395,brushing
495989564,259,365,1187,25445,2555,18357,brushing
495994469,258,383,1219,25445,2555,18357,brushing
496008533,258,383,1219,33897,1470,34720,brushing
496011605,218,360,1194,33897,1470,34720,brushing
496027806,218,360,1194,43855,6177,49472,brushing
496028742,197,372,1139,43855,6177,49472,brushing
496046164,171,430,1058,43855,6177,49472,brushing
496047100,171,430,1058,49175,-1295,61197,brushing
496063301,98,365,926,49175,-1295,61197,brushing
496066069,98,365,926,49402,-22102,66640,brushing
496080437,-45,153,761,49402,-22102,66640,brushing
496085342,-45,153,761,45342,-30327,64172,brushing
496097574,-144,68,718,45342,-30327,64172,brushing
496104616,-144,68,718,34527,-26075,54022,brushing
496115016,-274,72,698,34527,-26075,54022,brushing
496123890,-274,72,698,15102,-46025,34387,brushing
496132152,-349,-9,683,15102,-46025,34387,brushing
496142859,-349,-9,683,-5617,-61197,7210,brushing
496149290,-275,170,861,-5617,-61197,7210,brushing
496162132,-275,170,861,-17867,-50032,-9922,brushing
496166731,-235,296,983,-17867,-50032,-9922,brushing
496181406,-235,296,983,-24027,-50750,-25777,brushing
496183868,-214,170,997,-24027,-50750,-25777,brushing
496200374,-214,170,997,-29697,-57837,-45465,brushing
496201004,-228,10,963,-29697,-57837,-45465,brushing
496218121,-169,105,1028,-29697,-57837,-45465,brushing
496219668,-169,105,1028,-37065,-60217,-62667,brushing
496235563,-94,183,1049,-37065,-60217,-62667,brushing
496238942,-94,183,1049,-41615,-63752,-74637,brushing
496252700,-33,162,1039,-41615,-63752,-74637,brushing
496257910,-33,162,1039,-41125,-56332,-79415,brushing
496269837,57,228,1064,-41125,-56332,-79415,brushing
496277183,57,228,1064,-37677,-47040,-75425,brushing
496286972,233,241,1123,-37677,-47040,-75425,brushing
496296457,233,241,1123,-32567,-50277,-66377,brushing
496304415,359,221,1136,-32567,-50277,-66377,brushing
496315730,359,221,1136,-21997,-43592,-48632,brushing
496321552,509,217,1206,-21997,-43592,-48632,brushing
496334700,509,217,1206,-6072,-31447,-23047,brushing
496338690,405,44,1074,-6072,-31447,-23047,brushing
496353973,405,44,1074,7385,-51327,-9397,brushing
496355825,284,-272,903,7385,-51327,-9397,brushing
496373246,248,-253,889,18550,-42630,-3552,brushing
496390375,283,80,1029,18550,-42630,-3552,brushing
496392227,283,80,1029,30765,-22820,6947,brushing
496407511,341,419,1123,30765,-22820,6947,brushing
496411501,341,419,1123,46672,-27265,23222,brushing
496424953,254,439,1048,46672,-27265,23222,brushing
496430775,254,439,1048,63875,-53147,44992,brushing
496442090,198,207,945,63875,-53147,44992,brushing
496449742,198,207,945,79607,-57942,58590,brushing
496459226,25,-64,797,79607,-57942,58590,brushing
496469016,25,-64,797,83195,-52692,57102,brushing
496476363,-83,-254,667,83195,-52692,57102,brushing
496488289,-83,-254,667,73150,-30590,47582,brushing
496493804,-236,-264,608,73150,-30590,47582,brushing
496507257,-236,-264,608,50977,-9222,33530,brushing
496510941,-396,-389,626,50977,-9222,33530,brushing
496526531,-396,-389,626,20860,3902,11462,brushing
496528078,-349,-64,888,20860,3902,11462,brushing
496545500,-261,185,1140,-3465,7875,1505,brushing
496562630,-201,69,1111,-3465,7875,1505,brushing
496564787,-201,69,1111,-19250,-10902,-10062,brushing
496579765,-221,-209,990,-19250,-10902,-10062,brushing
496584059,-221,-209,990,-34265,-25480,-24797,brushing
496596901,-188,-359,888,-34265,-25480,-24797,brushing
496603334,-188,-359,888,-50890,-32690,-47635,brushing
496614343,-132,-363,902,-50890,-32690,-47635,brushing
496622301,-132,-363,902,-67042,-33757,-68862,brushing
496631480,63,124,1145,-67042,-33757,-68862,brushing
496641575,63,124,1145,-73150,-43120,-71067,brushing
496648617,170,-17,1123,-73150,-43120,-71067,brushing
496660849,170,-17,1123,-63490,-23450,-69842,brushing
496665753,311,136,1211,-63490,-23450,-69842,brushing
496679816,311,136,1211,-45972,-770,-49175,brushing
496683195,439,208,1348,-45972,-770,-49175,brushing
496699090,439,208,1348,-22837,-6825,-28367,brushing
496700332,559,136,1357,-22837,-6825,-28367,brushing
496717448,391,-245,1100,-22837,-6825,-28367,brushing
496718384,391,-245,1100,245,-27755,-7315,brushing
496734585,317,-461,963,245,-27755,-7315,brushing
496737352,317,-461,963,17342,-30310,-875,brushing
496752026,284,-293,996,17342,-30310,-875,brushing
496756626,284,-293,996,32200,-420,7437,brushing
496769163,298,-16,1012,32200,-420,7437,brushing
496775899,298,-16,1012,45517,14087,19442,brushing
496786301,335,255,1050,45517,14087,19442,brushing
496794868,335,255,1050,55790,14612,41405,brushing
496803436,286,244,987,55790,14612,41405,brushing
496814141,286,244,987,61162,11130,61862,brushing
496820878,164,55,853,61162,11130,61862,brushing
496833414,164,55,853,56087,6825,70315,brushing
496838013,13,-253,714,56087,6825,70315,brushing
496852383,13,-253,714,45430,39410,64697,brushing
496855151,-61,-370,686,45430,39410,64697,brushing
496871657,-61,-370,686,30152,95270,56647,brushing
496872287,-185,-292,773,30152,95270,56647,brushing
496889708,-340,-142,864,30152,95270,56647,brushing
496890949,-340,-142,864,13072,124722,41195,brushing
496906845,-424,46,1037,13072,124722,41195,brushing
496910224,-424,46,1037,-1680,113872,18602,brushing
496923982,-332,305,1169,-1680,113872,18602,brushing
496929192,-332,305,1169,-7262,78225,1942,brushing
496941423,-290,177,1217,-7262,78225,1942,brushing
496948464,-290,177,1217,-3640,32637,-16625,brushing
496958558,-250,-151,1113,-3640,32637,-16625,brushing
496967738,-250,-151,1113,4165,22925,-40390,brushing
496975696,-177,-235,1046,4165,22925,-40390,brushing
496986707,-177,-235,1046,11742,42822,-62615,brushing
496992833,-39,78,927,11742,42822,-62615,brushing
497005981,-39,78,927,12372,39760,-75040,brushing
497010276,80,339,880,12372,39760,-75040,brushing
497025255,80,339,880,11655,27317,-74130,brushing
497027411,229,213,891,11655,27317,-74130,brushing
497044527,372,285,945,19827,78172,-56472,brushing
497061962,422,517,957,19827,78172,-56472,brushing
497063508,422,517,957,24377,98297,-30817,brushing
497079099,539,435,867,24377,98297,-30817,brushing
497082783,539,435,867,20300,60952,-12530,brushing
497096235,519,299,889,20300,60952,-12530,brushing
497102056,519,299,889,12600,20965,5285,brushing
497113678,495,121,877,12600,20965,5285,brushing
497121024,495,121,877,11795,15120,19495,brushing
497130813,459,122,875,11795,15120,19495,brushing
497140297,459,122,875,14087,44362,37730,brushing
497147950,413,313,949,14087,44362,37730,brushing
497159572,413,313,949,12862,47967,55650,brushing
497165087,352,390,993,12862,47967,55650,brushing
497178541,352,390,993,8715,14000,64435,brushing
497182531,287,319,975,8715,14000,64435,brushing
497197815,287,319,975,6580,-3220,72047,brushing
497199668,254,397,939,6580,-3220,72047,brushing
497216784,236,463,909,5792,9047,85295,brushing
497234217,86,301,848,5792,9047,85295,brushing
497236374,86,301,848,1907,7822,91315,brushing
497251353,-3,167,825,1907,7822,91315,brushing
497255343,-3,167,825,-6597,-5425,84070,brushing
497268490,-190,-100,829,-6597,-5425,84070,brushing
497274616,-190,-100,829,-20510,-61652,57487,brushing
497285626,-336,-395,755,-20510,-61652,57487,brushing
497293890,-336,-395,755,-34492,-118055,13615,brushing
497303068,-188,-240,818,-34492,-118055,13615,brushing
497312858,-188,-240,818,-43680,-111597,-18970,brushing
497320205,-111,-23,873,-43680,-111597,-18970,brushing
497332131,-111,-23,873,-48160,-89180,-38780,brushing
497337341,-128,40,874,-48160,-89180,-38780,brushing
497351405,-128,40,874,-54040,-78155,-51030,brushing
497354783,-62,122,944,-54040,-78155,-51030,brushing
497370678,-62,122,944,-58257,-72275,-57067,brushing
497371920,11,159,1037,-58257,-72275,-57067,brushing
497389037,52,80,1049,-58257,-72275,-57067,brushing
497389667,52,80,1049,-57365,-63402,-58940,brushing
497406174,119,173,1122,-57365,-63402,-58940,brushing
497408942,119,173,1122,-51835,-35420,-53707,brushing
497423616,179,260,1297,-51835,-35420,-53707,brushing
497428216,179,260,1297,-39427,315,-37765,brushing
497440752,220,456,1362,-39427,315,-37765,brushing
497447184,220,456,1362,-22277,25200,-14612,brushing
497457889,231,356,1355,-22277,25200,-14612,brushing
497466458,231,356,1355,-8102,21507,6632,brushing
497475026,160,102,1168,-8102,21507,6632,brushing
497485731,160,102,1168,1050,16485,16467,brushing
497492469,158,25,1032,1050,16485,16467,brushing
497504700,158,25,1032,9782,49770,27352,brushing
497509605,150,225,1005,9782,49770,27352,brushing
497523974,150,225,1005,17132,81690,43890,brushing
497526742,153,466,989,17132,81690,43890,brushing
497543249,153,466,989,22575,86607,61705,brushing
497543879,99,572,994,22575,86607,61705,brushing
497561302,22,385,864,22575,86607,61705,brushing
497562238,22,385,864,22820,62580,73815,brushing
497578439,-148,-71,675,22820,62580,73815,brushing
497581511,-148,-71,675,14682,1260,59517,brushing
497595575,-250,-384,549,14682,1260,59517,brushing
497600785,-250,-384,549,4095,-31640,30992,brushing
497613017,-248,-348,579,4095,-31640,30992,brushing
497619753,-248,-348,579,-8715,-36365,-717,brushing
497630152,-158,5,800,-8715,-36365,-717,brushing
497639027,-158,5,800,-17990,-53375,-25655,brushing
497647290,-91,71,840,-17990,-53375,-25655,brushing
497658300,-91,71,840,-22960,-55912,-42210,brushing
497664426,-99,86,940,-22960,-55912,-42210,brushing
497677268,-99,86,940,-28367,-58222,-49245,brushing
497681867,-61,84,974,-28367,-58222,-49245,brushing
497696541,-61,84,974,-31395,-57225,-52237,brushing
497699003,-5,71,1124,-31395,-57225,-52237,brushing
497715814,-5,71,1124,-28595,-50662,-53690,brushing
497716444,6,4,1204,-28595,-50662,-53690,brushing
497733560,23,122,1262,-28595,-50662,-53690,brushing
497735107,23,122,1262,-19617,-40425,-52360,brushing
497750697,122,380,1358,-19617,-40425,-52360,brushing
497754076,122,380,1358,-4585,-11445,-36767,brushing
497767834,187,573,1367,-4585,-11445,-36767,brushing
497773349,187,573,1367,11025,-1855,-12687,brushing
497784971,136,346,1171,11025,-1855,-12687,brushing
497792622,136,346,1171,19705,-23870,4060,brushing
497802412,90,70,1008,19705,-23870,4060,brushing
497811591,90,70,1008,26495,-11182,16310,brushing
497819548,89,86,933,26495,-11182,16310,brushing
497830864,89,86,933,35437,38990,30887,brushing
497836686,114,317,947,35437,38990,30887,brushing
497850138,114,317,947,44415,82617,52552,brushing
497853822,138,605,990,44415,82617,52552,brushing
497869107,138,605,990,40845,48667,63875,brushing
497871265,23,256,784,40845,48667,63875,brushing
497888379,-106,-237,643,30835,-10517,50435,brushing
497905508,-161,-483,522,30835,-10517,50435,brushing
497907665,-161,-483,522,21122,-4532,29820,brushing
497922950,-157,-325,582,21122,-4532,29820,brushing
497926634,-157,-325,582,6160,-3062,1820,brushing
497940086,-91,9,873,6160,-3062,1820,brushing
497945907,-91,9,873,-7962,-35665,-22067,brushing
497957223,-75,-12,1005,-7962,-35665,-22067,brushing
497965180,-75,-12,1005,-12547,-67742,-41492,brushing
497974359,-48,-72,1053,-12547,-67742,-41492,brushing
497984453,-48,-72,1053,-9852,-52115,-47495,brushing
497991800,-1,91,1145,-9852,-52115,-47495,brushing
498003421,-1,91,1145,-10272,-66640,-50452,brushing
498008937,87,157,1213,-10272,-66640,-50452,brushing
498022695,87,157,1213,-11357,-101115,-53970,brushing
498026074,120,-70,1157,-11357,-101115,-53970,brushing
498041969,120,-70,1157,-10587,-107117,-57085,brushing
498043210,111,-64,1121,-10587,-107117,-57085,brushing
498060632,141,206,1159,-4952,-76930,-46935,brushing
498077760,228,483,1248,-4952,-76930,-46935,brushing
498080223,228,483,1248,5810,-30537,-20405,brushing
498094898,186,341,1104,5810,-30537,-20405,brushing
498099498,186,341,1104,14210,-10675,5740,brushing
498112036,104,100,963,14210,-10675,5740,brushing
498118468,104,100,963,15487,-367,21630,brushing
498129479,64,-5,941,15487,-367,21630,brushing
498137743,64,-5,941,16747,37275,33862,brushing
498146616,44,74,949,16747,37275,33862,brushing
498157016,44,74,949,17202,71680,44240,brushing
498163752,22,193,1001,17202,71680,44240,brushing
498175983,22,193,1001,12285,55072,45325,brushing
498181194,-76,-27,976,12285,55072,45325,brushing
498195258,-76,-27,976,4270,-1295,25690,brushing
498198331,-150,-317,886,4270,-1295,25690,brushing
498214531,-150,-317,886,-3220,-29155,2047,brushing
498215468,-151,-353,871,-3220,-29155,2047,brushing
498232584,-55,-113,971,-3220,-29155,2047,brushing
498233520,-55,-113,971,-8225,-33005,-17482,brushing
498250025,11,142,1087,-8225,-33005,-17482,brushing
498252793,11,142,1087,-9642,-41107,-26460,brushing
498267161,39,167,1118,-9642,-41107,-26460,brushing
498272066,39,167,1118,-10447,-74847,-30940,brushing
498284298,88,132,1092,-10447,-74847,-30940,brushing
498291036,88,132,1092,-11707,-104842,-32270,brushing
498301742,85,-1,1037,-11707,-104842,-32270,brushing
498310310,85,-1,1037,-13265,-119262,-32672,brushing
498318878,73,-142,1009,-13265,-119262,-32672,brushing
498329584,73,-142,1009,-14332,-113207,-33355,brushing
498336015,47,-189,983,-14332,-113207,-33355,brushing
498348858,47,-189,983,-16590,-112332,-36085,brushing
498353153,36,-238,1035,-16590,-112332,-36085,brushing
498367827,36,-238,1035,-17815,-114800,-39602,brushing
498370595,40,-263,1048,-17815,-114800,-39602,brushing
498387101,40,-263,1048,-16117,-109970,-39917,brushing
498387731,61,-177,1092,-16117,-109970,-39917,brushing
498404848,95,-111,1112,-16117,-109970,-39917,brushing
498406395,95,-111,1112,-11532,-101447,-33285,brushing
498421985,75,-182,1026,-11532,-101447,-33285,brushing
498425363,75,-182,1026,-7472,-106732,-27142,brushing
498439426,37,-283,921,-7472,-106732,-27142,brushing
498444636,37,-283,921,-9082,-126805,-26040,brushing
498456562,39,-396,882,-9082,-126805,-26040,brushing
498463909,39,-396,882,-12057,-135922,-28840,brushing
498473699,44,-430,857,-12057,-135922,-28840,brushing
498482878,44,-430,857,-13527,-130532,-30135,brushing
498491141,12,-470,844,-13527,-130532,-30135,brushing
498502152,12,-470,844,-15785,-130515,-32427,brushing
498508278,-3,-512,835,-15785,-130515,-32427,brushing
498521425,-3,-512,835,-16380,-125090,-33670,brushing
498525414,46,-436,836,-16380,-125090,-33670,brushing
498540698,46,-436,836,-15102,-112910,-28665,brushing
498542550,38,-465,833,-15102,-112910,-28665,brushing
498559666,38,-465,833,-12355,-109200,-23817,brushing
498560297,14,-441,853,-12355,-109200,-23817,brushing
498577108,-7,-528,728,-12355,-109200,-23817,brushing
498578960,-7,-528,728,-10745,-118475,-20685,brushing
498594245,-14,-617,669,-10745,-118475,-20685,brushing
498598235,-14,-617,669,-11847,-125475,-22977,brushing
498611688,2,-606,646,-11847,-125475,-22977,brushing
498617204,2,-606,646,-11865,-120872,-23030,brushing
498628826,9,-625,631,-11865,-120872,-23030,brushing
498636479,9,-625,631,-10447,-110512,-21770,brushing
498645962,39,-573,600,-10447,-110512,-21770,brushing
498655752,39,-573,600,-7350,-96740,-16940,brushing
498663099,47,-608,509,-7350,-96740,-16940,brushing
498674720,47,-608,509,-7087,-87640,-14350,brushing
498680540,17,-681,419,-7087,-87640,-14350,brushing
498693993,17,-681,419,-9362,-77735,-14332,brushing
498697676,31,-720,402,-9362,-77735,-14332,brushing
498713266,31,-720,402,-11165,-60357,-13807,brushing
498714813,40,-701,433,-11165,-60357,-13807,brushing
498731930,44,-746,407,-12092,-47932,-13685,brushing
498749364,61,-756,385,-12092,-47932,-13685,brushing
498751521,61,-756,385,-13825,-38045,-15767,brushing
498766500,57,-783,419,-13825,-38045,-15767,brushing
498770795,57,-783,419,-13527,-22715,-15207,brushing
498783637,65,-806,481,-13527,-22715,-15207,brushing
498789763,65,-806,481,-11935,-10342,-16922,brushing
498800773,40,-817,563,-11935,-10342,-16922,brushing
498809036,40,-817,563,-7822,-1435,-20965,brushing
498818216,35,-699,676,-7822,-1435,-20965,brushing
498828311,35,-699,676,420,4497,-22697,brushing
498835353,19,-716,710,420,4497,-22697,brushing
498847280,19,-716,710,8312,5915,-22575,brushing
498852491,33,-741,705,8312,5915,-22575,brushing
498866554,33,-741,705,14560,13667,-20842,brushing
498869933,83,-787,650,14560,13667,-20842,brushing
498885828,83,-787,650,14612,23747,-19722,brushing
498887070,95,-797,671,14612,23747,-19722,brushing
498904187,62,-906,685,14612,23747,-19722,brushing
498905123,62,-906,685,12390,36102,-16817,brushing
498921323,53,-953,705,12390,36102,-16817,brushing
498924091,53,-953,705,6510,40705,-18952,brushing
498938765,42,-877,820,6510,40705,-18952,brushing
498943364,42,-877,820,2362,43487,-19407,brushing
498955901,42,-815,879,2362,43487,-19407,brushing
498962638,42,-815,879,857,38640,-18165,brushing
498973038,47,-763,904,857,38640,-18165,brushing
498981607,47,-763,904,1697,31115,-14052,brushing
498990175,50,-747,914,1697,31115,-14052,brushing
499000880,50,-747,914,2205,13300,-11357,brushing
499007618,54,-802,853,2205,13300,-11357,brushing
499020154,54,-802,853,717,-9117,-12197,brushing
499024754,50,-791,799,717,-9117,-12197,brushing
499039122,50,-791,799,-87,-19197,-12950,brushing
499041891,45,-746,797,-87,-19197,-12950,brushing
499058396,45,-746,797,1785,-24027,-12407,brushing
499059332,64,-698,808,1785,-24027,-12407,brushing
499076448,139,-637,752,1785,-24027,-12407,brushing
499077689,139,-637,752,2502,-36610,-12827,brushing
499093584,168,-660,662,2502,-36610,-12827,brushing
499096657,168,-660,662,2887,-49542,-11427,brushing
499110720,208,-672,587,2887,-49542,-11427,brushing
499115930,208,-672,587,4340,-52185,-8470,brushing
499128163,226,-655,562,4340,-52185,-8470,brushing
499135205,226,-655,562,6230,-54215,-4095,brushing
499145300,207,-753,496,6230,-54215,-4095,brushing
499154174,207,-753,496,7210,-58030,-4935,brushing
499162437,165,-794,473,7210,-58030,-4935,brushing
499173448,165,-794,473,9677,-51240,-4970,brushing
499179574,157,-778,481,9677,-51240,-4970,brushing
499192721,157,-778,481,11427,-45272,-4287,brushing
499197015,164,-724,501,11427,-45272,-4287,brushing
499211996,164,-724,501,12582,-39235,-2835,brushing
499214154,145,-739,479,12582,-39235,-2835,brushing
499230965,145,-739,479,13685,-33652,-3902,brushing
499231595,144,-749,444,13685,-33652,-3902,brushing
499248712,115,-795,389,13685,-33652,-3902,brushing
499250259,115,-795,389,13405,-21962,-5477,brushing
499265849,86,-806,382,13405,-21962,-5477,brushing
499269533,86,-806,382,11340,-2432,-6387,brushing
499282986,73,-736,449,11340,-2432,-6387,brushing
499288502,73,-736,449,7735,15785,-6090,brushing
499300123,48,-750,521,7735,15785,-6090,brushing
499307776,48,-750,521,4795,23782,-6405,brushing
499317566,63,-726,642,4795,23782,-6405,brushing
499327051,63,-726,642,4742,26267,-7210,brushing
499334704,76,-768,692,4742,26267,-7210,brushing
499346020,76,-768,692,7245,26880,-8767,brushing
499351841,86,-825,657,7245,26880,-8767,brushing
499365294,86,-825,657,9432,26845,-11305,brushing
499368978,135,-704,727,9432,26845,-11305,brushing
499384568,135,-704,727,9870,15137,-12145,brushing
499386420,102,-851,618,9870,15137,-12145,brushing
499403535,119,-842,672,9555,14612,-17045,brushing
499420664,133,-801,639,9555,14612,-17045,brushing
499422821,133,-801,639,13982,31587,-15680,brushing
499437800,138,-752,619,13982,31587,-15680,brushing
499442095,138,-752,619,15872,38850,-16100,brushing
499455242,159,-702,618,15872,38850,-16100,brushing
499461063,159,-702,618,15067,35122,-15995,brushing
499472378,198,-648,691,15067,35122,-15995,brushing
499480336,198,-648,691,16082,37257,-14350,brushing
499489515,167,-763,620,16082,37257,-14350,brushing
499499610,167,-763,620,17657,43767,-13737,brushing
499506651,178,-697,729,17657,43767,-13737,brushing
499518577,178,-697,729,24465,64697,-10920,brushing
499524092,166,-715,676,24465,64697,-10920,brushing
499537851,166,-715,676,26932,63980,-13632,brushing
499541229,169,-649,717,26932,63980,-13632,brushing
499557123,169,-649,717,25742,46305,-12932,brushing
499558365,221,-621,710,25742,46305,-12932,brushing
499575786,269,-587,838,25672,39987,-14087,brushing
499592915,312,-581,867,25672,39987,-14087,brushing
499595379,312,-581,867,32830,61425,-5757,brushing
499610053,298,-525,884,32830,61425,-5757,brushing
499614653,298,-525,884,38657,67532,-175,brushing
499627189,300,-555,870,38657,67532,-175,brushing
499633621,300,-555,870,41650,55912,4725,brushing
499644631,318,-537,952,41650,55912,4725,brushing
499652893,318,-537,952,46952,50557,9957,brushing
499661767,307,-595,885,46952,50557,9957,brushing
499672167,307,-595,885,50400,48755,14070,brushing
499678904,287,-603,875,50400,48755,14070,brushing
499691441,287,-603,875,54442,63560,19110,brushing
499696041,272,-593,807,54442,63560,19110,brushing
499710410,272,-593,807,52272,77805,23012,brushing
499713483,190,-646,679,52272,77805,23012,brushing
499729684,190,-646,679,41895,88130,22120,brushing
499730620,135,-635,650,41895,88130,22120,brushing
499747736,42,-546,686,41895,88130,22120,brushing
499748978,42,-546,686,23887,80605,20527,brushing
499765178,41,-448,805,23887,80605,20527,brushing
499767946,41,-448,805,4077,59885,15435,brushing
499782315,68,-421,943,4077,59885,15435,brushing
499787219,68,-421,943,-8067,62335,14052,brushing
499799450,76,-396,949,-8067,62335,14052,brushing
499806493,76,-396,949,-14245,80710,16205,brushing
499816587,37,-476,889,-14245,80710,16205,brushing
499825460,37,-476,889,-21455,88445,12145,brushing
499834029,18,-552,905,-21455,88445,12145,brushing
499844734,18,-552,905,-28630,86642,1645,brushing
499851167,53,-489,945,-28630,86642,1645,brushing
499864008,53,-489,945,-34055,70612,-12162,brushing
499868303,78,-435,990,-34055,70612,-12162,brushing
499882977,78,-435,990,-37082,41125,-29190,brushing
499885745,130,-379,1027,-37082,41125,-29190,brushing
499902252,130,-379,1027,-35210,22452,-41650,brushing
499902882,203,-377,991,-35210,22452,-41650,brushing
499920000,255,-280,1011,-35210,22452,-41650,brushing
499921546,255,-280,1011,-32410,10237,-46777,brushing
499937442,288,-279,985,-32410,10237,-46777,brushing
499940820,288,-279,985,-29977,-16345,-49280,brushing
499954579,356,-298,981,-29977,-16345,-49280,brushing
499959788,356,-298,981,-24325,-29732,-46130,brushing
499971715,434,-326,954,-24325,-29732,-46130,brushing
499979062,434,-326,954,-14490,-28245,-37502,brushing
499988851,528,-246,966,-14490,-28245,-37502,brushing
499998336,528,-246,966,-1277,-16065,-22977,brushing
500006295,563,-299,913,-1277,-16065,-22977,brushing
500017305,563,-299,913,10150,-10622,-7787,brushing
500023431,535,-397,765,10150,-10622,-7787,brushing
500036578,535,-397,765,16170,-8627,3727,brushing
500040567,419,-567,699,16170,-8627,3727,brushing
500055852,419,-567,699,21542,8802,9152,brushing
500057704,432,-558,728,21542,8802,9152,brushing
500075126,434,-395,798,29662,47897,17762,brushing
500092254,411,-184,837,29662,47897,17762,brushing
500094106,411,-184,837,37327,78400,28910,brushing
500109391,353,-44,909,37327,78400,28910,brushing
500113380,353,-44,909,42000,86607,39620,brushing
500126832,314,33,915,42000,86607,39620,brushing
500132653,314,33,915,44467,78662,47705,brushing
500143969,216,-75,886,44467,78662,47705,brushing
500151621,216,-75,886,45867,73937,51992,brushing
500161105,155,-102,911,45867,73937,51992,brushing
500170894,155,-102,911,47180,86222,50925,brushing
500178242,117,-42,887,47180,86222,50925,brushing
500190168,117,-42,887,46200,99207,52500,brushing
500195683,132,69,847,46200,99207,52500,brushing
500209136,132,69,847,37065,86747,51170,brushing
500212820,20,-81,849,37065,86747,51170,brushing
500228410,20,-81,849,21665,48492,32602,brushing
500229957,-78,-320,879,21665,48492,32602,brushing
500247379,-118,-405,976,7927,27650,7315,brushing
500264507,-3,-84,1180,7927,27650,7315,brushing
500266665,-3,-84,1180,4025,39480,-7070,brushing
500281644,67,45,1246,4025,39480,-7070,brushing
500285938,67,45,1246,3535,34107,-14665,brushing
500298780,112,43,1207,3535,34107,-14665,brushing
500305211,112,43,1207,1295,-6107,-27790,brushing
500316222,122,-129,1159,1295,-6107,-27790,brushing
500324485,122,-129,1159,-875,-47687,-42507,brushing
500333359,165,-269,1079,-875,-47687,-42507,brushing
500343453,165,-269,1079,-910,-62142,-56087,brushing
500350494,182,-301,988,-910,-62142,-56087,brushing
500362726,182,-301,988,-3167,-68407,-67830,brushing
500367630,178,-292,930,-3167,-68407,-67830,brushing
500381999,178,-292,930,-6930,-70280,-73517,brushing
500385073,367,18,948,-6930,-70280,-73517,brushing
500400968,367,18,948,-8365,-50697,-62317,brushing
500402209,528,-133,884,-8365,-50697,-62317,brushing
500419326,667,-85,871,-8365,-50697,-62317,brushing
500420262,667,-85,871,-8365,-18690,-45692,brushing
500436768,770,-55,870,-8365,-18690,-45692,brushing
500439536,770,-55,870,-8032,11550,-21945,brushing
500453905,819,-23,891,-8032,11550,-21945,brushing
500458505,819,-23,891,-7997,20597,3080,brushing
500471041,707,-281,840,-7997,20597,3080,brushing
500477778,707,-281,840,-10027,2555,17447,brushing
500488178,568,-486,762,-10027,2555,17447,brushing
500497052,568,-486,762,-8872,5057,23520,brushing
500505621,530,-405,805,-8872,5057,23520,brushing
500516020,530,-405,805,-2940,40722,30082,brushing
500522756,502,-145,889,-2940,40722,30082,brushing
500535293,502,-145,889,6632,78645,40932,brushing
500539893,491,40,958,6632,78645,40932,brushing
500554567,491,40,958,16170,100065,53725,brushing
500557030,425,40,885,16170,100065,53725,brushing
500573535,425,40,885,21227,111492,62177,brushing
500574472,324,0,828,21227,111492,62177,brushing
500591588,289,26,795,21227,111492,62177,brushing
500592829,289,26,795,22120,133367,68337,brushing
500608725,143,87,849,22120,133367,68337,brushing
500612103,143,87,849,18427,145775,68932,brushing
500626166,89,233,1017,18427,145775,68932,brushing
500631071,89,233,1017,18410,160842,68687,brushing
500643303,22,383,1083,18410,160842,68687,brushing
500650344,22,383,1083,15312,140542,60532,brushing
500660439,-121,264,1041,15312,140542,60532,brushing
500669618,-121,264,1041,7157,78855,39427,brushing
500677575,-232,79,971,7157,78855,39427,brushing
500688891,-232,79,971,-3587,6300,5915,brushing
500695018,-159,112,965,-3587,6300,5915,brushing
500707859,-159,112,965,-6247,2327,-11200,brushing
500712154,-12,244,1020,-6247,2327,-11200,brushing
500727134,-12,244,1020,-6020,13580,-22487,brushing
500729291,63,394,1053,-6020,13580,-22487,brushing
500746406,149,459,1051,-5127,-4095,-31517,brushing
500763840,194,307,982,-5127,-4095,-31517,brushing
500765387,194,307,982,-6702,-37747,-37345,brushing
500780977,150,-67,903,-6702,-37747,-37345,brushing
500784661,150,-67,903,-10465,-67550,-50522,brushing
500798113,206,-124,892,-10465,-67550,-50522,brushing
500803934,206,-124,892,-12285,-59412,-61775,brushing
500815250,279,-58,893,-12285,-59412,-61775,brushing
500822903,279,-58,893,-14035,-42035,-67585,brushing
500832693,414,100,935,-14035,-42035,-67585,brushing
500842177,414,100,935,-14070,-23992,-62755,brushing
500849831,581,303,1012,-14070,-23992,-62755,brushing
500861452,581,303,1012,-12617,-18340,-45937,brushing
500866967,683,376,1040,-12617,-18340,-45937,brushing
500880421,683,376,1040,-9047,-27650,-22085,brushing
500884104,757,321,1021,-9047,-27650,-22085,brushing
500899694,757,321,1021,-4165,-30047,5005,brushing
500901546,668,9,973,-4165,-30047,5005,brushing
500918662,448,-339,859,-1190,-45045,13195,brushing
500935791,477,-393,787,-1190,-45045,13195,brushing
500937949,477,-393,787,4567,-28420,15102,brushing
500953234,491,-109,758,4567,-28420,15102,brushing
500957224,491,-109,758,10080,8067,20965,brushing
500970371,489,258,758,10080,8067,20965,brushing
500976497,489,258,758,13510,29662,34352,brushing
500987508,462,452,777,13510,29662,34352,brushing
500995466,462,452,777,15050,36610,53497,brushing
501004645,386,479,792,15050,36610,53497,brushing
501014740,386,479,792,14770,39952,71382,brushing
501022087,262,424,817,14770,39952,71382,brushing
501034013,262,424,817,13475,40547,81742,brushing
501039223,187,322,915,13475,40547,81742,brushing
501052982,187,322,915,11795,45902,86747,brushing
501056360,44,264,997,11795,45902,86747,brushing
501072254,44,264,997,8365,32952,74235,brushing
501073496,-172,-162,1007,8365,32952,74235,brushing
501090918,-404,-416,1084,8365,32952,74235,brushing
501091548,-404,-416,1084,4200,13790,39812,brushing
501108055,-381,-68,1143,4200,13790,39812,brushing
501110518,-381,-68,1143,5652,5897,-1085,brushing
501125191,-123,345,1291,5652,5897,-1085,brushing
501129791,-123,345,1291,13755,26547,-15802,brushing
501142329,-33,490,1210,13755,26547,-15802,brushing
501149066,-33,490,1210,15925,-14997,-34300,brushing
501159772,-5,261,1064,15925,-14997,-34300,brushing
501168035,-5,261,1064,12267,-69335,-53742,brushing
501176909,69,94,901,12267,-69335,-53742,brushing
501187310,69,94,901,6177,-84805,-70682,brushing
501194046,181,-8,804,6177,-84805,-70682,brushing
501206584,181,-8,804,-1540,-67567,-80955,brushing
501211184,197,-65,767,-1540,-67567,-80955,brushing
501225859,197,-65,767,-7385,-30135,-85540,brushing
501228627,332,-8,848,-7385,-30135,-85540,brushing
501244827,332,-8,848,-12757,-3255,-81707,brushing
501245763,499,271,942,-12757,-3255,-81707,brushing
501262880,639,336,1005,-12757,-3255,-81707,brushing
501264121,639,336,1005,-16065,-8330,-69055,brushing
501280322,764,309,987,-16065,-8330,-69055,brushing
501283396,764,309,987,-15522,-16572,-47267,brushing
501297459,846,255,965,-15522,-16572,-47267,brushing
501302364,846,255,965,-11830,-11847,-18882,brushing
501314594,800,61,969,-11830,-11847,-18882,brushing
501321637,800,61,969,-7735,-18287,6387,brushing
501331732,546,-348,867,-7735,-18287,6387,brushing
501340911,546,-348,867,-3132,-31710,10990,brushing
501349175,539,-398,786,-3132,-31710,10990,brushing
501359880,539,-398,786,3850,-6352,16625,brushing
501366312,576,-83,761,3850,-6352,16625,brushing
501379153,576,-83,761,10080,24727,29050,brushing
501383448,547,327,790,10080,24727,29050,brushing
501398426,547,327,790,14717,36190,49892,brushing
501400889,528,576,793,14717,36190,49892,brushing
501417395,528,576,793,16135,36470,73552,brushing
501418025,441,621,782,16135,36470,73552,brushing
501435142,310,514,857,16135,36470,73552,brushing
501436689,310,514,857,14332,37957,93065,brushing
501452279,141,329,901,14332,37957,93065,brushing
501455963,141,329,901,10517,34615,101377,brushing
501469721,-82,-65,1031,10517,34615,101377,brushing
501475237,-82,-65,1031,7472,35997,92295,brushing
501486858,-326,-289,1116,7472,35997,92295,brushing
501494205,-326,-289,1116,5040,16380,58625,brushing
501503996,-496,-423,1091,5040,16380,58625,brushing
501513480,-496,-423,1091,6090,7315,14822,brushing
501521133,-257,130,1211,6090,7315,14822,brushing
501532754,-257,130,1211,12337,34877,-4970,brushing
501538574,-47,428,1220,12337,34877,-4970,brushing
501551722,-47,428,1220,11567,10780,-22225,brushing
501555711,-45,376,1091,11567,10780,-22225,brushing
501570996,-45,376,1091,6282,-35665,-40775,brushing
501572848,85,179,994,6282,-35665,-40775,brushing
501590270,85,-42,883,-892,-53672,-57102,brushing
501607399,153,-62,830,-892,-53672,-57102,brushing
501609251,153,-62,830,-7507,-55002,-72975,brushing
501624535,191,-121,843,-7507,-55002,-72975,brushing
501628524,191,-121,843,-11375,-32025,-84630,brushing
501641671,351,229,878,-11375,-32025,-84630,brushing
501647797,351,229,878,-10185,7945,-80325,brushing
501659112,581,466,950,-10185,7945,-80325,brushing
501666765,581,466,950,-10430,12390,-66167,brushing
501676248,719,485,939,-10430,12390,-66167,brushing
501686038,719,485,939,-11742,-7052,-43260,brushing
501693386,831,337,901,-11742,-7052,-43260,brushing
501705311,831,337,901,-10885,-10377,-15260,brushing
501710522,849,114,891,-10885,-10377,-15260,brushing
501724279,849,114,891,-8925,-12635,5722,brushing
501727963,584,-308,889,-8925,-12635,5722,brushing
501743553,584,-308,889,-3920,-14857,8645,brushing
501745100,468,-427,851,-3920,-14857,8645,brushing
501762217,536,-119,821,-3920,-14857,8645,brushing
501762847,536,-119,821,3815,7612,12215,brushing
501779659,569,367,839,3815,7612,12215,brushing
501782122,569,367,839,12005,31815,27842,brushing
501796796,561,606,833,12005,31815,27842,brushing
501801090,561,606,833,18392,36610,53007,brushing
501813933,471,655,816,18392,36610,53007,brushing
501820364,471,655,816,20527,29697,76282,brushing
501831069,368,520,822,20527,29697,76282,brushing
501839637,368,520,822,19915,32077,95445,brushing
501848510,213,370,870,19915,32077,95445,brushing
501858606,213,370,870,16100,35822,101395,brushing
501865648,-5,73,951,16100,35822,101395,brushing
501877879,-5,73,951,13160,37135,86415,brushing
501882784,-267,-253,1078,13160,37135,86415,brushing
501897152,-267,-253,1078,9800,21560,47530,brushing
501900226,-557,-389,1102,9800,21560,47530,brushing
501916120,-557,-389,1102,13282,15960,4427,brushing
501917362,-359,211,1202,13282,15960,4427,brushing
501934478,-58,610,1315,13282,15960,4427,brushing
501935414,-58,610,1315,22382,50417,-4357,brushing
501951615,3,551,1125,22382,50417,-4357,brushing
501954688,3,551,1125,21245,-5985,-24640,brushing
501969057,47,198,932,21245,-5985,-24640,brushing
501973657,47,198,932,12180,-67287,-47162,brushing
501986194,123,25,808,12180,-67287,-47162,brushing
501992930,123,25,808,1487,-81742,-66482,brushing
502003332,167,-21,801,1487,-81742,-66482,brushing
502012205,167,-21,801,-8837,-76930,-80937,brushing
502020469,185,-56,785,-8837,-76930,-80937,brushing
502031480,185,-56,785,-16782,-65975,-94867,brushing
502037912,296,29,785,-16782,-65975,-94867,brushing
502050448,296,29,785,-19057,-25655,-93590,brushing
502055048,504,187,883,-19057,-25655,-93590,brushing
502069722,504,187,883,-17902,6370,-80290,brushing
502072185,696,406,929,-17902,6370,-80290,brushing
502088996,696,406,929,-15680,14752,-54460,brushing
502089626,877,517,921,-15680,14752,-54460,brushing
502106743,910,442,920,-15680,14752,-54460,brushing
502107985,910,442,920,-13737,8487,-20912,brushing
502123880,748,68,914,-13737,8487,-20912,brushing
502127260,748,68,914,-12232,-2940,7997,brushing
502141018,546,-190,873,-12232,-2940,7997,brushing
502146532,546,-190,873,-7770,-4235,19477,brushing
502158458,555,-91,846,-7770,-4235,19477,brushing
502165500,555,-91,846,-385,19705,30222,brushing
502175594,538,194,848,-385,19705,30222,brushing
502184774,538,194,848,6335,37170,43085,brushing
502192731,488,473,834,6335,37170,43085,brushing
502204047,488,473,834,10762,35875,59745,brushing
502210173,477,560,807,10762,35875,59745,brushing
502223016,477,560,807,14297,46952,79187,brushing
502227311,360,574,904,14297,46952,79187,brushing
502242291,360,574,904,15732,51642,92435,brushing
502244448,201,516,971,15732,51642,92435,brushing
502261563,12,321,1048,16660,41527,92925,brushing
502278998,-232,26,1109,16660,41527,92925,brushing
502280850,-232,26,1109,17570,22365,74427,brushing
502296135,-459,-289,1138,17570,22365,74427,brushing
502299819,-459,-289,1138,19687,-4095,36347,brushing
502313273,-442,-103,1041,19687,-4095,36347,brushing
502319094,-442,-103,1041,24377,-17990,-8890,brushing
502330715,-108,381,1085,24377,-17990,-8890,brushing
502338368,-108,381,1085,27282,2747,-24990,brushing
502347852,-20,423,980,27282,2747,-24990,brushing
502357336,-20,423,980,18760,-41177,-49997,brushing
502364989,-30,127,823,18760,-41177,-49997,brushing
502376610,-30,127,823,6807,-73587,-76387,brushing
502382126,21,-68,771,6807,-73587,-76387,brushing
502395884,21,-68,771,-3150,-59727,-98822,brushing
502399568,25,-105,752,-3150,-59727,-98822,brushing
502414853,25,-105,752,-9712,-40547,-119472,brushing
502416705,90,-44,810,-9712,-40547,-119472,brushing
502433821,196,124,828,-13667,-20177,-132405,brushing
502450950,297,357,860,-13667,-20177,-132405,brushing
502453413,297,357,860,-17045,927,-134190,brushing
502468392,382,562,962,-17045,927,-134190,brushing
502472381,382,562,962,-18427,29225,-119490,brushing
502485528,467,708,1041,-18427,29225,-119490,brushing
502491654,467,708,1041,-17167,45500,-97650,brushing
502502665,559,842,1004,-17167,45500,-97650,brushing
502510927,559,842,1004,-18812,27982,-71540,brushing
502520106,598,710,957,-18812,27982,-71540,brushing
502530201,598,710,957,-23240,14787,-43680,brushing
502537242,586,561,995,-23240,14787,-43680,brushing
502549169,586,561,995,-24937,18375,-17447,brushing
502554379,528,466,1074,-24937,18375,-17447,brushing
502568443,528,466,1074,-22277,25060,1855,brushing
502571516,467,427,1131,-22277,25060,1855,brushing
502587717,467,427,1131,-17325,18812,13562,brushing
502588959,400,412,1171,-17325,18812,13562,brushing
502606075,336,353,1167,-17325,18812,13562,brushing
502606706,336,353,1167,-11742,-4515,19915,brushing
502623211,290,281,1108,-11742,-4515,19915,brushing
502625980,290,281,1108,-6090,-28630,22942,brushing
502640653,249,203,1067,-6090,-28630,22942,brushing
502645253,249,203,1067,-1557,-37362,24290,brushing
502657789,227,166,996,-1557,-37362,24290,brushing
502664526,227,166,996,1400,-34597,22417,brushing
502674925,209,182,956,1400,-34597,22417,brushing
502683493,209,182,956,1750,-27597,19582,brushing
502692366,200,240,942,1750,-27597,19582,brushing
502702766,200,240,942,-840,-26232,17027,brushing
502709503,186,260,940,-840,-26232,17027,brushing
502722041,186,260,940,-5915,-37292,13142,brushing
502726641,168,300,961,-5915,-37292,13142,brushing
502741010,168,300,961,-10587,-52115,10832,brushing
502743778,192,307,984,-10587,-52115,10832,brushing
502760284,192,307,984,-14157,-60725,8872,brushing
502761220,194,248,965,-14157,-60725,8872,brushing
502778336,192,261,943,-14157,-60725,8872,brushing
502779578,192,261,943,-18672,-60830,6510,brushing
502795473,196,268,856,-18672,-60830,6510,brushing
502798547,196,268,856,-25655,-63805,4357,brushing
502812610,192,221,826,-25655,-63805,4357,brushing
502817820,192,221,826,-35927,-68950,2677,brushing
502830052,147,159,876,-35927,-68950,2677,brushing
502837094,147,159,876,-42840,-68722,2135,brushing
502847189,128,93,937,-42840,-68722,2135,brushing
502856062,128,93,937,-43960,-57592,2677,brushing
502864326,143,110,927,-43960,-57592,2677,brushing
502875337,143,110,927,-42350,-42735,5285,brushing
502881463,151,119,905,-42350,-42735,5285,brushing
502894610,151,119,905,-40512,-36295,8820,brushing
502898904,122,42,956,-40512,-36295,8820,brushing
502913578,122,42,956,-34580,-30152,11445,brushing
502916041,104,-1,918,-34580,-30152,11445,brushing
502932852,104,-1,918,-27597,-15260,14997,brushing
502933482,98,38,894,-27597,-15260,14997,brushing
502950293,66,76,919,-27597,-15260,14997,brushing
502952145,66,76,919,-22907,-14717,16835,brushing
502967733,35,5,962,-22907,-14717,16835,brushing
502971112,35,5,962,-18795,-30957,15592,brushing
502984870,37,115,1039,-18795,-30957,15592,brushing
502990386,37,115,1039,-8627,-28052,18427,brushing
503002006,-4,-17,1045,-8627,-28052,18427,brushing
503009659,-4,-17,1045,17,-32812,21087,brushing
503019143,-17,-137,975,17,-32812,21087,brushing
503028627,-17,-137,975,6825,-49507,11970,brushing
503036584,-54,-61,866,6825,-49507,11970,brushing
503047899,-54,-61,866,7840,-47600,9887,brushing
503053720,34,81,536,7840,-47600,9887,brushing
503067173,34,81,536,-6160,-55072,9502,brushing
503070857,105,-67,388,-6160,-55072,9502,brushing
503086142,105,-67,388,-27580,-27965,13020,brushing
503087994,143,-113,306,-27580,-27965,13020,brushing
503105416,104,-106,447,-51397,26985,22855,brushing
503122546,53,-97,710,-51397,26985,22855,brushing
503124703,53,-97,710,-68075,65117,28367,brushing
503139682,11,122,1042,-68075,65117,28367,brushing
503143672,11,122,1042,-76895,66255,26390,brushing
503157124,-66,140,1256,-76895,66255,26390,brushing
503162946,-66,140,1256,-78785,11235,18655,brushing
503174261,-149,37,1482,-78785,11235,18655,brushing
503182219,-149,37,1482,-58310,-10255,16537,brushing
503191398,-238,-81,1765,-58310,-10255,16537,brushing
503201188,-238,-81,1765,-20877,-3885,13527,brushing
503208536,-199,163,1816,-20877,-3885,13527,brushing
503220462,-199,163,1816,16030,-25760,10027,brushing
503225978,-100,241,1442,16030,-25760,10027,brushing
503239737,-100,241,1442,32690,-105840,-2695,brushing
503243115,-57,70,1053,32690,-105840,-2695,brushing
503259010,-57,70,1053,38587,-140420,-11672,brushing
503260252,-22,-141,862,38587,-140420,-11672,brushing
503277367,47,60,730,38587,-140420,-11672,brushing
503277997,47,60,730,46252,-100905,-9012,brushing
503294808,57,-14,473,46252,-100905,-9012,brushing
503297272,57,-14,473,41912,-71225,-1417,brushing
503311946,31,-320,470,41912,-71225,-1417,brushing
503316546,31,-320,470,36050,-21665,4357,brushing
503329083,49,-221,639,36050,-21665,4357,brushing
503335515,49,-221,639,32025,61862,13965,brushing
503346221,264,172,-16,32025,61862,13965,brushing
503354789,264,172,-16,-9275,48737,14892,brushing
503363663,72,-132,462,-9275,48737,14892,brushing
503374062,72,-132,462,-46462,32427,9555,brushing
503380799,-70,-276,701,-46462,32427,9555,brushing
503393031,-70,-276,701,-58380,88252,8592,brushing
503397936,3,129,470,-58380,88252,8592,brushing
503412305,3,129,470,-79642,83160,5652,brushing
503415073,-219,196,1614,-79642,83160,5652,brushing
503431578,-219,196,1614,-57925,83317,12600,brushing
503432514,-256,249,1846,-57925,83317,12600,brushing
503449631,-173,152,1701,-57925,83317,12600,brushing
503450567,-173,152,1701,-34790,-8015,2292,brushing
503466768,-289,-282,1841,-34790,-8015,2292,brushing
503469840,-289,-282,1841,2835,-63157,-11935,brushing
503483904,-167,-210,1334,2835,-63157,-11935,brushing
503488809,-167,-210,1334,35612,-71645,-25007,brushing
503501346,-142,-224,1131,35612,-71645,-25007,brushing
503508083,-142,-224,1131,51100,-71907,-39252,brushing
503518483,0,247,852,51100,-71907,-39252,brushing
503527356,0,247,852,51590,-77630,-36102,brushing
503535619,44,102,491,51590,-77630,-36102,brushing
503546629,44,102,491,39812,-70455,-34877,brushing
503552755,17,-335,568,39812,-70455,-34877,brushing
503565597,17,-335,568,46602,50785,-18060,brushing
503570197,24,-40,771,46602,50785,-18060,brushing
503584870,24,-40,771,40950,118177,1330,brushing
503587333,267,567,198,40950,118177,1330,brushing
503604144,267,567,198,-4042,25322,-1697,brushing
503604774,100,-29,317,-4042,25322,-1697,brushing
503621891,2,-339,455,-4042,25322,-1697,brushing
503623133,2,-339,455,-35577,26197,-6457,brushing
503639028,-129,-88,924,-35577,26197,-6457,brushing
503642406,-129,-88,924,-44537,112752,-1890,brushing
503656164,-37,585,1021,-44537,112752,-1890,brushing
503661679,-37,585,1021,-57015,80587,-5985,brushing
503673301,-150,352,1388,-57015,80587,-5985,brushing
503680648,-150,352,1388,-60707,-10675,-5827,brushing
503690742,-300,-21,1720,-60707,-10675,-5827,brushing
503699921,-300,-21,1720,-30345,-12232,-1977,brushing
503707880,-361,-80,2019,-30345,-12232,-1977,brushing
503719196,-361,-80,2019,22785,14385,-3850,brushing
503725017,-236,254,1819,22785,14385,-3850,brushing
503738165,-236,254,1819,57137,-51520,-16870,brushing
503742154,-167,129,1370,57137,-51520,-16870,brushing
503757439,-167,129,1370,66990,-113872,-29767,brushing
503759597,-80,-18,879,66990,-113872,-29767,brushing
503776714,-33,-126,587,59202,-118300,-36592,brushing
503793842,-27,-364,570,59202,-118300,-36592,brushing
503795694,-27,-364,570,52220,-54442,-36155,brushing
503811284,-42,-172,909,52220,-54442,-36155,brushing
503814967,-42,-172,909,59202,62737,-22802,brushing
503828420,268,536,334,59202,62737,-22802,brushing
503834240,268,536,334,41982,75512,-8575,brushing
503845556,377,389,132,41982,75512,-8575,brushing
503853514,377,389,132,-14455,-16677,-5950,brushing
503862693,170,-297,296,-14455,-16677,-5950,brushing
503872483,170,-297,296,-52850,20842,-472,brushing
503880136,-44,-286,805,-52850,20842,-472,brushing
503891757,-44,-286,805,-63560,105192,3570,brushing
503897273,-72,228,893,-63560,105192,3570,brushing
503911031,-72,228,893,-75162,61005,-6615,brushing
503914410,-220,262,1553,-75162,61005,-6615,brushing
503929999,-220,262,1553,-63700,-8697,-15645,brushing
503931852,-169,318,1260,-63700,-8697,-15645,brushing
503948968,-276,-44,1776,-42577,-43085,-15890,brushing
503966099,-326,-12,1905,-42577,-43085,-15890,brushing
503968561,-326,-12,1905,9485,-12250,-16835,brushing
503983540,-135,185,1556,9485,-12250,-16835,brushing
503987528,-135,185,1556,48370,-42805,-23012,brushing
504000676,-128,15,1301,48370,-42805,-23012,brushing
504006803,-128,15,1301,67130,-103407,-35927,brushing
504017813,-100,106,1231,67130,-103407,-35927,brushing
504026077,-100,106,1231,81445,-120732,-35490,brushing
504034950,69,86,562,81445,-120732,-35490,brushing
504045350,69,86,562,75635,-120890,-34562,brushing
504052393,111,-341,457,75635,-120890,-34562,brushing
504064319,111,-341,457,73412,-16187,-19250,brushing
504069529,127,-314,822,73412,-16187,-19250,brushing
504083594,127,-314,822,68022,97352,5145,brushing
504086666,435,493,193,68022,97352,5145,brushing
504102866,435,493,193,13160,37537,16415,brushing
504103802,402,348,124,13160,37537,16415,brushing
504121224,179,-334,305,13160,37537,16415,brushing
504121854,179,-334,305,-44747,-10325,18077,brushing
504138360,-55,-468,644,-44747,-10325,18077,brushing
504141128,-55,-468,644,-71750,64295,22732,brushing
504155498,-246,-55,1256,-71750,64295,22732,brushing
504160403,-246,-55,1256,-77245,124355,17360,brushing
504172940,-226,480,1446,-77245,124355,17360,brushing
504179371,-226,480,1446,-77035,32672,1540,brushing
504190076,-181,176,1324,-77035,32672,1540,brushing
504198644,-181,176,1324,-71260,-71470,-10850,brushing
504207213,-442,-334,1747,-71260,-71470,-10850,brushing
504217918,-442,-334,1747,-26215,-25252,-7560,brushing
504224349,-382,-36,1898,-26215,-25252,-7560,brushing
504237191,-382,-36,1898,31605,11690,-10080,brushing
504241790,-166,363,1527,31605,11690,-10080,brushing
504256159,-166,363,1527,60550,-50487,-17587,brushing
504258928,-73,304,1085,60550,-50487,-17587,brushing
504275435,-73,304,1085,62562,-113365,-25200,brushing
504276065,3,11,642,62562,-113365,-25200,brushing
504293485,106,-134,279,62562,-113365,-25200,brushing
504294727,106,-134,279,51240,-100240,-25462,brushing
504310622,161,-243,281,51240,-100240,-25462,brushing
504313695,161,-243,281,37187,-24867,-14787,brushing
504327757,118,-198,848,37187,-24867,-14787,brushing
504332967,118,-198,848,43977,106872,8785,brushing
504344894,465,565,339,43977,106872,8785,brushing
504352241,465,565,339,20632,115202,29085,brushing
504362336,489,504,448,20632,115202,29085,brushing
504371515,489,504,448,-25287,10255,44065,brushing
504379473,238,-288,544,-25287,10255,44065,brushing
504390484,238,-288,544,-54460,11305,53515,brushing
504396611,73,-386,816,-54460,11305,53515,brushing
504409758,73,-386,816,-59027,105315,64540,brushing
504414052,-90,-105,1379,-59027,105315,64540,brushing
504429031,-90,-105,1379,-54792,112717,60620,brushing
504431189,-102,367,1371,-54792,112717,60620,brushing
504448000,-102,367,1371,-54950,2222,44432,brushing
504448630,-221,187,1718,-54950,2222,44432,brushing
504465746,-295,57,1628,-54950,2222,44432,brushing
504467293,-295,57,1628,-33162,-40145,40950,brushing
504482883,-325,106,1843,-33162,-40145,40950,brushing
504486568,-325,106,1843,3342,-30555,39165,brushing
504500021,-233,221,1532,3342,-30555,39165,brushing
504505536,-233,221,1532,32410,-55037,31290,brushing
504517157,-197,79,1176,32410,-55037,31290,brushing
504524810,-197,79,1176,40372,-111440,16572,brushing
504534599,-149,-13,936,40372,-111440,16572,brushing
504544084,-149,-13,936,39112,-128957,8785,brushing
504551736,-57,-108,612,39112,-128957,8785,brushing
504563357,-57,-108,612,29190,-118335,927,brushing
504568872,36,-178,353,29190,-118335,927,brushing
504582324,36,-178,353,18707,-62895,-1802,brushing
504586313,-50,-414,563,18707,-62895,-1802,brushing
504601597,-50,-414,563,22557,35052,-332,brushing
504603449,-30,-7,767,22557,35052,-332,brushing
504620564,213,329,187,11007,55247,4410,brushing
504637693,128,2,280,11007,55247,4410,brushing
504639849,128,2,280,-28507,-3867,-6702,brushing
504655134,-16,-175,539,-28507,-3867,-6702,brushing
504659123,-16,-175,539,-53655,28332,-5127,brushing
504672270,-34,102,607,-53655,28332,-5127,brushing
504678396,-34,102,607,-67777,69440,-1487,brushing
504689407,-209,261,1508,-67777,69440,-1487,brushing
504697364,-209,261,1508,-62037,54022,2450,brushing
504706847,-373,135,1961,-62037,54022,2450,brushing
504716636,-373,135,1961,-20597,16275,1505,brushing
504723984,-326,97,1814,-20597,16275,1505,brushing
504735911,-326,97,1814,20842,-47862,-10535,brushing
504741122,-324,-3,1706,20842,-47862,-10535,brushing
504755185,-324,-3,1706,51940,-95305,-17132,brushing
504758258,-185,-126,1260,51940,-95305,-17132,brushing
504774153,-185,-126,1260,65170,-127750,-27002,brushing
504775699,-102,-11,1216,65170,-127750,-27002,brushing
504792816,-16,22,980,65170,-127750,-27002,brushing
504793446,-16,22,980,73570,-148890,-28875,brushing
504809952,65,-220,587,73570,-148890,-28875,brushing
504812720,65,-220,587,74410,-147595,-30362,brushing
504827088,95,-311,855,74410,-147595,-30362,brushing
504831687,95,-311,855,83247,-50470,-13702,brushing
504844529,346,70,298,83247,-50470,-13702,brushing
504850961,346,70,298,67795,8330,9607,brushing
504861666,377,0,-34,67795,8330,9607,brushing
504870235,377,0,-34,17622,-21805,16205,brushing
504878803,338,-317,-105,17622,-21805,16205,brushing
504889203,338,-317,-105,-34125,23975,26495,brushing
504896246,97,-513,340,-34125,23975,26495,brushing
504908478,97,-513,340,-63472,115552,28105,brushing
504913383,-203,-237,982,-63472,115552,28105,brushing
504927751,-203,-237,982,-69772,147227,25462,brushing
504930519,-233,365,1343,-69772,147227,25462,brushing
504946720,-233,365,1343,-72047,27772,9695,brushing
504947656,-324,196,1883,-72047,27772,9695,brushing
504965079,-405,-37,1955,-72047,27772,9695,brushing
504966015,-405,-37,1955,-37607,-45430,2222,brushing
504982217,-234,-101,1714,-37607,-45430,2222,brushing
504985290,-234,-101,1714,787,-88322,-3342,brushing
504999353,-215,-421,1596,787,-88322,-3342,brushing
505004258,-215,-421,1596,42612,-80185,-17080,brushing
505016490,-104,-127,1265,42612,-80185,-17080,brushing
505023531,-104,-127,1265,68407,-69965,-25165,brushing
505033931,-4,-57,944,68407,-69965,-25165,brushing
505042805,-4,-57,944,70280,-97510,-36067,brushing
505051068,49,-177,579,70280,-97510,-36067,brushing
505062078,49,-177,579,56280,-115850,-45167,brushing
505068205,5,-544,376,56280,-115850,-45167,brushing
505081048,5,-544,376,48930,-59780,-51537,brushing
505085648,-62,-798,503,48930,-59780,-51537,brushing
505100322,-62,-798,503,54775,34387,-53847,brushing
505102785,4,-281,640,54775,34387,-53847,brushing
505119596,4,-281,640,48457,33670,-60392,brushing
505120226,136,20,367,48457,33670,-60392,brushing
505137038,134,-272,250,48457,33670,-60392,brushing
505138585,134,-272,250,27160,-8032,-73115,brushing
505154480,124,-178,413,27160,-8032,-73115,brushing
505157858,124,-178,413,13160,43417,-67550,brushing
505171616,208,156,526,13160,43417,-67550,brushing
505177132,208,156,526,2800,85487,-52570,brushing
505188753,218,256,756,2800,85487,-52570,brushing
505196099,218,256,756,-6755,82967,-37975,brushing
505205889,209,251,984,-6755,82967,-37975,brushing
505215373,209,251,984,-9572,67060,-22365,brushing
505223331,227,224,1160,-9572,67060,-22365,brushing
505234647,227,224,1160,-5757,51502,-7157,brushing
505240468,224,151,1311,-5757,51502,-7157,brushing
505253616,224,151,1311,2765,40617,4497,brushing
505257605,220,90,1404,2765,40617,4497,brushing
505272889,220,90,1404,12040,28035,11585,brushing
505274742,196,54,1547,12040,28035,11585,brushing
505292164,192,-32,1602,24447,5267,14385,brushing
505309292,187,-106,1522,24447,5267,14385,brushing
505311144,187,-106,1522,37170,-13597,12547,brushing
505326428,156,-127,1393,37170,-13597,12547,brushing
505330417,156,-127,1393,46182,-26495,7385,brushing
505343870,152,-131,1289,46182,-26495,7385,brushing
505349691,152,-131,1289,51695,-36435,1487,brushing
505361008,162,-144,1170,51695,-36435,1487,brushing
505368966,162,-144,1170,54845,-41650,-4130,brushing
505378144,172,-131,1089,54845,-41650,-4130,brushing
505387934,172,-131,1089,57540,-38640,-7840,brushing
505395281,177,-118,1006,57540,-38640,-7840,brushing
505407207,177,-118,1006,60007,-25637,-8960,brushing
505412723,195,-88,899,60007,-25637,-8960,brushing
505426481,195,-88,899,59045,-7105,-7227,brushing
505429859,237,-52,787,59045,-7105,-7227,brushing
505445449,237,-52,787,49910,1382,-5582,brushing
505446995,301,-11,670,49910,1382,-5582,brushing
505464417,351,25,562,29190,-11987,-5705,brushing
505481547,383,2,452,29190,-11987,-5705,brushing
505484010,383,2,452,-507,-37100,-5635,brushing
505498684,432,-38,284,-507,-37100,-5635,brushing
505503283,432,-38,284,-35612,-45902,-1942,brushing
505516126,379,-81,438,-35612,-45902,-1942,brushing
505522253,379,-81,438,-68180,-31430,7770,brushing
505533263,263,-216,611,-68180,-31430,7770,brushing
505541526,263,-216,611,-89110,-7000,18147,brushing
505550399,160,-260,711,-89110,-7000,18147,brushing
505560799,160,-260,711,-98105,21735,26915,brushing
505567536,98,-98,909,-98105,21735,26915,brushing
505579767,98,-98,909,-93292,34335,34177,brushing
505584977,1,-17,1262,-93292,34335,34177,brushing
505599041,1,-17,1262,-69282,18847,35210,brushing
505602114,-74,-181,1530,-69282,18847,35210,brushing
505618314,-74,-181,1530,-29977,11410,26985,brushing
505619250,-73,-316,1542,-29977,11410,26985,brushing
505636672,-46,-260,1411,-29977,11410,26985,brushing
505637608,-46,-260,1411,8330,21070,15977,brushing
505653808,5,-133,1255,8330,21070,15977,brushing
505656576,5,-133,1255,32130,7910,4077,brushing
505670944,56,-95,1053,32130,7910,4077,brushing
505675848,56,-95,1053,40670,-22837,-6475,brushing
505688386,76,-89,872,40670,-22837,-6475,brushing
505695123,76,-89,872,39795,-41090,-13072,brushing
505705523,96,-85,747,39795,-41090,-13072,brushing
505714396,96,-85,747,34930,-38307,-13335,brushing
505722659,120,-80,684,34930,-38307,-13335,brushing
505733364,120,-80,684,27545,-24622,-9082,brushing
505740100,139,-70,693,27545,-24622,-9082,brushing
505752637,139,-70,693,19372,-13492,-4200,brushing
505757236,159,-75,725,19372,-13492,-4200,brushing
505771911,159,-75,725,12075,-8137,-1715,brushing
505774374,154,-141,763,12075,-8137,-1715,brushing
505791185,154,-141,763,7980,3692,-1452,brushing
505791815,137,-235,859,7980,3692,-1452,brushing
505808932,152,-240,954,7980,3692,-1452,brushing
505810175,152,-240,954,7017,20072,-2537,brushing
505826070,179,-186,1026,7017,20072,-2537,brushing
505829449,179,-186,1026,6615,30765,-4515,brushing
505843512,187,-124,1052,6615,30765,-4515,brushing
505848723,187,-124,1052,5075,26862,-7017,brushing
505860649,192,-94,1037,5075,26862,-7017,brushing
505867691,192,-94,1037,2467,16747,-7157,brushing
505877785,200,-94,1022,2467,16747,-7157,brushing
505886964,200,-94,1022,630,10010,-5442,brushing
505894922,221,-95,1001,630,10010,-5442,brushing
505906238,221,-95,1001,17,7997,-3692,brushing
505912364,229,-83,1011,17,7997,-3692,brushing
505925510,229,-83,1011,1557,7735,-1820,brushing
505929500,233,-39,1035,1557,7735,-1820,brushing
505944480,233,-39,1035,5145,5652,717,brushing
505946637,246,-2,1033,5145,5652,717,brushing
505963752,246,-2,1033,8680,-1085,2922,brushing
505964382,234,-3,1026,8680,-1085,2922,brushing
505981193,210,-21,1024,8680,-1085,2922,brushing
505983045,210,-21,1024,11952,-5950,5442,brushing
505998330,205,-20,1026,11952,-5950,5442,brushing
506002014,205,-20,1026,14315,-6790,8907,brushing
506015467,199,-35,1024,14315,-6790,8907,brushing
506021289,199,-35,1024,14402,-10447,11725,brushing
506032911,188,-61,1019,14402,-10447,11725,brushing
506040564,188,-61,1019,12302,-16502,13982,brushing
506050048,169,-103,1018,12302,-16502,13982,brushing
506059837,169,-103,1018,8995,-21105,15680,brushing
506067185,143,-135,1018,8995,-21105,15680,brushing
506078807,143,-135,1018,5792,-25235,15557,brushing
506084628,119,-182,1000,5792,-25235,15557,brushing
506098081,119,-182,1000,3710,-26337,13842,brushing
506101765,103,-249,969,3710,-26337,13842,brushing
506117355,103,-249,969,3710,-19232,8522,brushing
506118901,80,-334,976,3710,-19232,8522,brushing
506136018,65,-297,1023,6072,-2975,-140,brushing
506153451,90,-177,1044,6072,-2975,-140,brushing
506155609,90,-177,1044,8960,367,-10727,brushing
506170588,131,-126,976,8960,367,-10727,brushing
506174881,131,-126,976,9520,-17307,-22487,brushing
506187724,162,-89,845,9520,-17307,-22487,brushing
506193849,162,-89,845,7367,-31272,-30362,brushing
506205165,173,-122,755,7367,-31272,-30362,brushing
506213122,173,-122,755,4165,-29225,-33775,brushing
506222301,188,-116,755,4165,-29225,-33775,brushing
506232395,188,-116,755,3307,-10692,-31727,brushing
506239437,216,-39,791,3307,-10692,-31727,brushing
506251364,216,-39,791,4147,3010,-26215,brushing
506256573,270,34,814,4147,3010,-26215,brushing
506270637,270,34,814,4515,262,-19477,brushing
506274016,313,47,839,4515,262,-19477,brushing
506289912,313,47,839,4480,-10185,-11462,brushing
506291153,330,5,875,4480,-10185,-11462,brushing
506308270,350,-40,882,4480,-10185,-11462,brushing
506309206,350,-40,882,5845,-13177,-2240,brushing
506325713,355,-50,905,5845,-13177,-2240,brushing
506328175,355,-50,905,7210,-9887,6685,brushing
506342849,323,-72,969,7210,-9887,6685,brushing
506347449,323,-72,969,8627,-11970,14700,brushing
506359986,285,-122,1040,8627,-11970,14700,brushing
506366723,285,-122,1040,11217,-15382,20930,brushing
506377122,256,-188,1090,11217,-15382,20930,brushing
506385691,256,-188,1090,14315,-16467,24395,brushing
506394565,242,-217,1088,14315,-16467,24395,brushing
506404965,242,-217,1088,16135,-17237,24132,brushing
506411701,227,-230,1064,16135,-17237,24132,brushing
506424237,227,-230,1064,15382,-20405,21122,brushing
506428837,192,-279,1034,15382,-20405,21122,brushing
506443511,192,-279,1034,12810,-23222,15995,brushing
506446278,149,-332,1041,12810,-23222,15995,brushing
506462478,149,-332,1041,12950,-13230,11270,brushing
506463414,113,-351,1067,12950,-13230,11270,brushing
506480530,121,-263,1061,12950,-13230,11270,brushing
506481772,121,-263,1061,14140,612,6247,brushing
506497667,145,-171,1032,14140,612,6247,brushing
506501046,145,-171,1032,13930,3622,2485,brushing
506515109,169,-127,973,13930,3622,2485,brushing
506520014,169,-127,973,11532,-2835,1662,brushing
506532246,197,-150,883,11532,-2835,1662,brushing
506539289,197,-150,883,5477,-13370,1942,brushing
506549385,228,-186,881,5477,-13370,1942,brushing
506558563,228,-186,881,-35,-17045,4620,brushing
506566826,227,-185,926,-35,-17045,4620,brushing
506577531,227,-185,926,-542,-12372,9205,brushing
506583962,235,-150,911,-542,-12372,9205,brushing
506596805,235,-150,911,2642,-6860,14402,brushing
506601099,279,-149,852,2642,-6860,14402,brushing
506616079,279,-149,852,5845,-6090,16747,brushing
506618236,309,-159,839,5845,-6090,16747,brushing
506635352,309,-159,839,9747,-1452,15155,brushing
506635982,315,-219,918,9747,-1452,15155,brushing
506652794,333,-184,888,9747,-1452,15155,brushing
506654341,333,-184,888,13965,8172,9765,brushing
506669931,369,-109,857,13965,8172,9765,brushing
506673615,369,-109,857,17990,36540,15767,brushing
506687374,381,57,880,17990,36540,15767,brushing
506692889,381,57,880,20807,69212,29680,brushing
506704511,396,266,967,20807,69212,29680,brushing
506711859,396,266,967,19145,59990,42612,brushing
506721649,369,276,903,19145,59990,42612,brushing
506731133,369,276,903,14122,5075,47320,brushing
506738785,271,41,824,14122,5075,47320,brushing
506750406,271,41,824,11602,-10062,52552,brushing
506756227,145,-166,884,11602,-10062,52552,brushing
506769680,145,-166,884,11987,4882,52465,brushing
506773365,56,-179,872,11987,4882,52465,brushing
506788648,56,-179,872,11602,11480,45552,brushing
506790500,-30,-209,920,11602,11480,45552,brushing
506807922,-154,-283,919,9625,-1452,28805,brushing
506825051,-135,-335,889,9625,-1452,28805,brushing
506827208,-135,-335,889,8435,-6212,8400,brushing
506842189,-81,-162,920,8435,-6212,8400,brushing
506846178,-81,-162,920,6895,13947,-6772,brushing
506859631,56,122,995,6895,13947,-6772,brushing
506865451,56,122,995,6142,35157,-10657,brushing
506876766,98,156,1025,6142,35157,-10657,brushing
506884724,98,156,1025,3815,24570,-14385,brushing
506893903,93,-50,1056,3815,24570,-14385,brushing
506903693,93,-50,1056,3290,-945,-25602,brushing
506911040,71,-295,1070,3290,-945,-25602,brushing
506922967,71,-295,1070,7140,-12022,-42437,brushing
506928482,105,-314,1021,7140,-12022,-42437,brushing
506942242,105,-314,1021,10920,-9782,-57452,brushing
506945620,138,-209,1054,10920,-9782,-57452,brushing
506961515,138,-209,1054,11270,-28595,-73640,brushing
506962756,110,-259,1074,11270,-28595,-73640,brushing
506980178,233,-173,1072,13072,-29050,-83632,brushing
506997307,375,-37,1070,13072,-29050,-83632,brushing
506999770,375,-37,1070,15855,-8767,-82740,brushing
507014444,549,186,1071,15855,-8767,-82740,brushing
507019043,549,186,1071,16187,6965,-69440,brushing
507031885,688,263,1050,16187,6965,-69440,brushing
507038011,688,263,1050,12127,-5687,-48090,brushing
507049022,787,170,1043,12127,-5687,-48090,brushing
507057284,787,170,1043,5600,-23502,-19705,brushing
507066157,751,-9,992,5600,-23502,-19705,brushing
507076558,751,-9,992,227,-38972,5495,brushing
507083295,574,-404,1010,227,-38972,5495,brushing
507095832,574,-404,1010,-1330,-46025,15522,brushing
507100737,471,-549,935,-1330,-46025,15522,brushing
507114801,471,-549,935,227,-27860,21647,brushing
507117874,497,-411,860,227,-27860,21647,brushing
507134074,497,-411,860,962,-10657,29540,brushing
507135010,392,-340,858,962,-10657,29540,brushing
507152431,539,-62,708,962,-10657,29540,brushing
507153367,539,-62,708,2537,122,37117,brushing
507169567,480,22,707,2537,122,37117,brushing
507172640,480,22,707,5022,34125,52202,brushing
507186704,482,213,663,5022,34125,52202,brushing
507191608,482,213,663,4847,54670,63752,brushing
507204145,296,141,736,4847,54670,63752,brushing
507210882,296,141,736,1645,63717,70157,brushing
507221281,-138,-279,916,1645,63717,70157,brushing
507230154,-138,-279,916,-2415,16695,48247,brushing
507238417,-537,-707,774,-2415,16695,48247,brushing
507249427,-537,-707,774,1907,-18725,70,brushing
507255859,-150,-122,778,1907,-18725,70,brushing
507268396,-150,-122,778,13825,68232,-6562,brushing
507272995,165,650,996,13825,68232,-6562,brushing
507287670,165,650,996,20825,70280,17,brushing
507290132,98,643,1036,20825,70280,17,brushing
507306942,98,643,1036,19950,-7630,-6195,brushing
507307572,49,126,943,19950,-7630,-6195,brushing
507324689,81,-286,922,19950,-7630,-6195,brushing
507325929,81,-286,922,18182,-33495,-19197,brushing
507341825,123,-315,921,18182,-33495,-19197,brushing
507345203,123,-315,921,18375,-9870,-31342,brushing
507359267,178,-136,937,18375,-9870,-31342,brushing
507364477,178,-136,937,16170,1557,-40197,brushing
507376404,231,-92,928,16170,1557,-40197,brushing
507383751,231,-92,928,10832,-15400,-49735,brushing
507393540,275,-98,909,10832,-15400,-49735,brushing
507402720,275,-98,909,5757,-16555,-53760,brushing
507410677,318,-87,874,5757,-16555,-53760,brushing
507421993,318,-87,874,3237,3255,-52482,brushing
507428120,381,2,927,3237,3255,-52482,brushing
507441268,381,2,927,1190,17465,-48055,brushing
507445257,495,121,962,1190,17465,-48055,brushing
507460542,495,121,962,-560,12932,-39795,brushing
507462394,554,156,970,-560,12932,-39795,brushing
507479511,554,156,970,-612,7840,-26827,brushing
507480141,650,88,967,-612,7840,-26827,brushing
507496951,706,22,1007,-612,7840,-26827,brushing
507498804,706,22,1007,840,10605,-11200,brushing
507514089,662,-110,1064,840,10605,-11200,brushing
507518078,662,-110,1064,4445,18357,4917,brushing
507531226,425,-361,1141,4445,18357,4917,brushing
507537046,425,-361,1141,10482,10640,7577,brushing
507548667,482,-287,1066,10482,10640,7577,brushing
507556320,482,-287,1066,18847,19425,6440,brushing
507565804,546,-9,987,18847,19425,6440,brushing
507575594,546,-9,987,23747,33792,14665,brushing
507582942,608,244,909,23747,33792,14665,brushing
507594562,608,244,909,24167,38325,31710,brushing
507600384,625,377,860,24167,38325,31710,brushing
507613836,625,377,860,21210,33495,51800,brushing
507617521,515,305,812,21210,33495,51800,brushing
507633110,515,305,812,15872,29470,66920,brushing
507634658,460,252,792,15872,29470,66920,brushing
507651774,393,271,866,9765,37870,80097,brushing
507669209,270,178,929,9765,37870,80097,brushing
507671366,270,178,929,3797,30660,85260,brushing
507686345,132,-18,1026,3797,30660,85260,brushing
507690639,132,-18,1026,2695,29505,81007,brushing
507703481,80,-132,1067,2695,29505,81007,brushing
507709912,80,-132,1067,4672,29207,62020,brushing
507720922,-35,-163,1059,4672,29207,62020,brushing
507728880,-35,-163,1059,4340,27685,30502,brushing
507738060,-74,45,1029,4340,27685,30502,brushing
507748154,-74,45,1029,717,26617,2992,brushing
507755196,0,365,975,717,26617,2992,brushing
507767427,0,365,975,-4830,22575,-8697,brushing
507772333,102,499,984,-4830,22575,-8697,brushing
507786395,102,499,984,-11637,-647,-12862,brushing
507789774,104,281,947,-11637,-647,-12862,brushing
507805669,104,281,947,-14665,-21822,-22400,brushing
507806910,122,14,924,-14665,-21822,-22400,brushing
507824028,105,-135,906,-14665,-21822,-22400,brushing
507824964,105,-135,906,-14507,-29855,-38412,brushing
507841470,118,-169,891,-14507,-29855,-38412,brushing
507844238,118,-169,891,-12040,-31867,-55457,brushing
507858607,122,-108,892,-12040,-31867,-55457,brushing
507863206,122,-108,892,-10412,-37450,-68792,brushing
507875743,250,-46,819,-10412,-37450,-68792,brushing
507882479,250,-46,819,-9520,-40582,-74427,brushing
507893185,387,13,804,-9520,-40582,-74427,brushing
507901753,387,13,804,-6877,-16677,-66500,brushing
507910322,516,106,834,-6877,-16677,-66500,brushing
507920722,516,106,834,-3832,455,-51117,brushing
507927458,660,171,854,-3832,455,-51117,brushing
507939995,660,171,854,-1417,-3132,-30345,brushing
507944594,760,124,803,-1417,-3132,-30345,brushing
507959269,760,124,803,2205,2047,-5267,brushing
507962037,782,-1,826,2205,2047,-5267,brushing
507978543,782,-1,826,8487,11200,13335,brushing
507979173,531,-288,925,8487,11200,13335,brushing
507996289,546,-226,909,8487,11200,13335,brushing
507997530,546,-226,909,20475,28647,18497,brushing
508013731,572,109,891,20475,28647,18497,brushing
508016805,572,109,891,30187,55282,27492,brushing
508030869,531,281,902,30187,55282,27492,brushing
508036079,531,281,902,34177,59972,39550,brushing
508048006,551,459,834,34177,59972,39550,brushing
508055049,551,459,834,32900,57837,52797,brushing
508065143,560,521,827,32900,57837,52797,brushing
508074322,560,521,827,27685,62160,69177,brushing
508082585,460,446,913,27685,62160,69177,brushing
508093595,460,446,913,21420,60970,78907,brushing
508099721,342,320,1020,21420,60970,78907,brushing
508112563,342,320,1020,16345,50785,78610,brushing
508116857,216,202,1130,16345,50785,78610,brushing
508131837,216,202,1130,13807,37362,68127,brushing
508133994,69,112,1186,13807,37362,68127,brushing
508151111,69,112,1186,12040,22365,48440,brushing
508151741,-2,125,1261,12040,22365,48440,brushing
508168552,-102,190,1253,12040,22365,48440,brushing
508170404,-102,190,1253,9852,-420,24062,brushing
508185689,56,483,1158,9852,-420,24062,brushing
508189373,56,483,1158,9345,-8995,7647,brushing
508203131,148,544,1129,9345,-8995,7647,brushing
508208646,148,544,1129,5617,-28297,-210,brushing
508220269,167,269,1026,5617,-28297,-210,brushing
508227921,167,269,1026,2642,-57120,-17045,brushing
508237407,231,191,965,2642,-57120,-17045,brushing
508246890,231,191,965,1487,-56035,-35297,brushing
508254848,234,205,900,1487,-56035,-35297,brushing
508266164,234,205,900,-2432,-66622,-53007,brushing
508271985,275,234,806,-2432,-66622,-53007,brushing
508285438,275,234,806,-9170,-79870,-63192,brushing
508289122,247,139,773,-9170,-79870,-63192,brushing
508304712,247,139,773,-15120,-92277,-73202,brushing
508306259,266,15,664,-15120,-92277,-73202,brushing
508323680,345,-60,621,-18095,-73675,-78925,brushing
508340809,412,-15,667,-18095,-73675,-78925,brushing
508342967,412,-15,667,-17482,-33792,-79117,brushing
508357946,519,165,736,-17482,-33792,-79117,brushing
508362240,519,165,736,-14350,-5005,-72152,brushing
508375388,584,149,804,-14350,-5005,-72152,brushing
508381209,584,149,804,-10867,-8417,-60095,brushing
508392525,722,169,739,-10867,-8417,-60095,brushing
508400483,722,169,739,-6947,-5442,-39095,brushing
508409662,773,101,782,-6947,-5442,-39095,brushing
508419756,773,101,782,-3815,4007,-12985,brushing
508427103,524,-198,898,-3815,4007,-12985,brushing
508439030,524,-198,898,3255,595,-1522,brushing
508444240,475,-309,899,3255,595,-1522,brushing
508457999,475,-309,899,14332,15872,3517,brushing
508461377,522,-132,837,14332,15872,3517,brushing
508477272,522,-132,837,23835,36032,13265,brushing
508478512,575,112,791,23835,36032,13265,brushing
508495935,590,283,756,23835,36032,13265,brushing
508496565,590,283,756,28350,43242,28315,brushing
508513070,601,335,697,28350,43242,28315,brushing
508515533,601,335,697,29207,39865,43855,brushing
508530207,599,374,687,29207,39865,43855,brushing
508534807,599,374,687,28087,49420,61792,brushing
508547344,503,301,802,28087,49420,61792,brushing
508554080,503,301,802,24587,53742,72502,brushing
508564786,358,264,943,24587,53742,72502,brushing
508573048,358,264,943,22312,48195,71785,brushing
508581922,182,110,1142,22312,48195,71785,brushing
508592323,182,110,1142,22872,37135,58817,brushing
508599059,59,101,1279,22872,37135,58817,brushing
508611596,59,101,1279,25042,23012,35787,brushing
508616196,-85,74,1398,25042,23012,35787,brushing
508630564,-85,74,1398,26390,-6720,4480,brushing
508633637,31,293,1319,26390,-6720,4480,brushing
508649837,31,293,1319,24570,-15085,-11077,brushing
508650773,228,555,1276,24570,-15085,-11077,brushing
508667890,304,469,1151,24570,-15085,-11077,brushing
508669132,304,469,1151,14192,-46340,-19845,brushing
508685333,325,229,1030,14192,-46340,-19845,brushing
508688101,325,229,1030,647,-74567,-30152,brushing
508702469,327,96,919,647,-74567,-30152,brushing
508707374,327,96,919,-11060,-77000,-39847,brushing
508719606,290,-5,905,-11060,-77000,-39847,brushing
508726648,290,-5,905,-19355,-68845,-48387,brushing
508736742,368,177,801,-19355,-68845,-48387,brushing
508745616,368,177,801,-25375,-58117,-49490,brushing
508754184,416,81,828,-25375,-58117,-49490,brushing
508764889,416,81,828,-32077,-64470,-50102,brushing
508771320,401,-39,812,-32077,-64470,-50102,brushing
508784161,401,-39,812,-29575,-46112,-51975,brushing
508788456,501,-9,820,-29575,-46112,-51975,brushing
508803131,501,-9,820,-23415,-16835,-49315,brushing
508805594,567,167,812,-23415,-16835,-49315,brushing
508822406,567,167,812,-18672,-9100,-40040,brushing
508823036,642,258,805,-18672,-9100,-40040,brushing
508840153,695,205,753,-18672,-9100,-40040,brushing
508841700,695,205,753,-16467,-21122,-26127,brushing
508857290,710,68,697,-16467,-21122,-26127,brushing
508860974,710,68,697,-14367,-27912,-9170,brushing
508874731,642,-134,712,-14367,-27912,-9170,brushing
508879942,642,-134,712,-10675,-27982,3325,brushing
508891868,420,-390,758,-10675,-27982,3325,brushing
508899216,420,-390,758,-1015,-20002,3937,brushing
508909005,435,-358,708,-1015,-20002,3937,brushing
508918490,435,-358,708,10972,3727,1750,brushing
508926447,433,-170,684,10972,3727,1750,brushing
508937457,433,-170,684,21297,24745,3902,brushing
508943583,432,-16,673,21297,24745,3902,brushing
508956731,432,-16,673,28892,36505,9415,brushing
508960721,479,147,637,28892,36505,9415,brushing
508976005,479,147,637,32445,42770,18865,brushing
508977857,526,246,599,32445,42770,18865,brushing
508995279,528,300,570,33145,57400,32077,brushing
509012409,514,419,720,33145,57400,32077,brushing
509014261,514,419,720,31535,84402,49402,brushing
509029547,443,481,825,31535,84402,49402,brushing
509033535,443,481,825,26320,79782,60497,brushing
509046988,425,454,954,26320,79782,60497,brushing
509052809,425,454,954,21927,70122,67952,brushing
509064125,383,444,1097,21927,70122,67952,brushing
509072084,383,444,1097,16432,61652,70560,brushing
509081263,124,120,1330,16432,61652,70560,brushing
509091052,124,120,1330,12915,30572,52185,brushing
509098704,-99,-131,1463,12915,30572,52185,brushing
509110326,-99,-131,1463,16502,3342,17097,brushing
509115841,-98,24,1423,16502,3342,17097,brushing
509129599,-98,24,1423,24710,9607,-8820,brushing
509132977,237,537,1339,24710,9607,-8820,brushing
509148566,237,537,1339,23782,-3272,-16922,brushing
509150418,358,703,1213,23782,-3272,-16922,brushing
509167533,343,402,1068,13387,-61757,-28630,brushing
509184662,347,182,908,13387,-61757,-28630,brushing
509187125,347,182,908,1190,-99190,-42945,brushing
509201799,362,-51,851,1190,-99190,-42945,brushing
509206398,362,-51,851,-8732,-92085,-54110,brushing
509219241,410,5,724,-8732,-92085,-54110,brushing
509225366,410,5,724,-16275,-62667,-62247,brushing
509236378,504,64,732,-16275,-62667,-62247,brushing
509244641,504,64,732,-25357,-38797,-64085,brushing
509253515,565,128,797,-25357,-38797,-64085,brushing
509263915,565,128,797,-31237,-26320,-58922,brushing
509270957,641,220,813,-31237,-26320,-58922,brushing
509283189,641,220,813,-32042,-14420,-44992,brushing
509288094,692,220,859,-32042,-14420,-44992,brushing
509302157,692,220,859,-29155,-12057,-28822,brushing
509305231,755,148,846,-29155,-12057,-28822,brushing
509321430,755,148,846,-24465,-11970,-12985,brushing
509322672,787,65,829,-24465,-11970,-12985,brushing
509339788,726,-52,863,-24465,-11970,-12985,brushing
509340725,726,-52,863,-19792,-7455,3745,brushing
509356925,521,-223,879,-19792,-7455,3745,brushing
509359693,521,-223,879,-14717,-15225,10657,brushing
509374366,555,-148,799,-14717,-15225,10657,brushing
509378965,555,-148,799,-7437,-9432,14385,brushing
509391502,564,50,705,-7437,-9432,14385,brushing
509398238,564,50,705,-1102,8172,23642,brushing
509408638,585,250,633,-1102,8172,23642,brushing
509417512,585,250,633,2362,20160,38202,brushing
509426081,525,318,626,2362,20160,38202,brushing
509436481,525,318,626,3832,14490,51327,brushing
509443217,443,286,580,3832,14490,51327,brushing
509455754,443,286,580,5302,12950,61215,brushing
509460353,394,248,568,5302,12950,61215,brushing
509475027,394,248,568,7087,33057,70822,brushing
509477490,351,277,655,7087,33057,70822,brushing
509494301,351,277,655,7700,49105,77682,brushing
509494931,249,306,770,7700,49105,77682,brushing
509512048,154,196,932,7700,49105,77682,brushing
509513290,154,196,932,7542,39777,74812,brushing
509529185,-4,75,1042,7542,39777,74812,brushing
509532564,-4,75,1042,9572,26635,61127,brushing
509546628,-81,-18,1160,9572,26635,61127,brushing
509551838,-81,-18,1160,13790,21175,40477,brushing
509563764,-81,92,1168,13790,21175,40477,brushing
509571111,-81,92,1168,17342,15260,15242,brushing
509580900,144,418,1185,17342,15260,15242,brushing
509590079,144,418,1185,15627,11375,2520,brushing
509598341,184,480,1213,15627,11375,2520,brushing
509609352,184,480,1213,11200,-17780,-8015,brushing
509615478,184,286,1195,11200,-17780,-8015,brushing
509628627,184,286,1195,9397,-36242,-20912,brushing
509632615,181,107,1189,9397,-36242,-20912,brushing
509647594,181,107,1189,11357,-39847,-37467,brushing
509650057,225,101,1145,11357,-39847,-37467,brushing
509666868,225,101,1145,12985,-40495,-52027,brushing
509667498,245,162,1100,12985,-40495,-52027,brushing
509684310,369,232,971,12985,-40495,-52027,brushing
509686162,369,232,971,10482,-52762,-63577,brushing
509701447,460,233,903,10482,-52762,-63577,brushing
509705130,460,233,903,5057,-52185,-64925,brushing
509718888,574,176,928,5057,-52185,-64925,brushing
509724404,574,176,928,857,-40565,-59797,brushing
509736026,661,166,902,857,-40565,-59797,brushing
509743678,661,166,902,-2432,-34422,-50540,brushing
509753161,744,136,845,-2432,-34422,-50540,brushing
509762951,744,136,845,-6195,-33932,-36452,brushing
509770603,854,86,782,-6195,-33932,-36452,brushing
509781917,854,86,782,-10272,-33390,-18707,brushing
509787739,869,-20,743,-10272,-33390,-18707,brushing
509801193,869,-20,743,-12215,-21420,-840,brushing
509804876,771,-137,784,-12215,-21420,-840,brushing
509820466,771,-137,784,-12092,-13825,8680,brushing
509822319,590,-250,745,-12092,-13825,8680,brushing
509839434,612,-114,681,-11392,3745,14560,brushing
509856563,553,55,668,-11392,3745,14560,brushing
509858720,553,55,668,-13072,17605,23100,brushing
509874005,566,232,585,-13072,17605,23100,brushing
509877994,566,232,585,-15120,21665,33565,brushing
509891142,514,288,595,-15120,21665,33565,brushing
509897268,514,288,595,-17517,29732,47705,brushing
509908279,431,332,592,-17517,29732,47705,brushing
509916236,431,332,592,-18917,28822,57102,brushing
509925415,377,298,645,-18917,28822,57102,brushing
509935510,377,298,645,-17045,43102,65747,brushing
509942857,237,276,806,-17045,43102,65747,brushing
509954784,237,276,806,-13580,39707,65170,brushing
509959994,118,238,899,-13580,39707,65170,brushing
509974057,118,238,899,-6265,25025,56735,brushing
509977129,-30,101,1066,-6265,25025,56735,brushing
509993025,-30,101,1066,2905,2607,37555,brushing
509994572,-123,84,1157,2905,2607,37555,brushing
510011689,-204,27,1207,2905,2607,37555,brushing
510012320,-204,27,1207,14035,-17622,12775,brushing
510028827,-75,267,1165,14035,-17622,12775,brushing
510031595,-75,267,1165,24657,-24762,-9502,brushing
510046269,97,393,1133,24657,-24762,-9502,brushing
510050869,97,393,1133,29785,-28420,-19180,brushing
510063406,135,264,1108,29785,-28420,-19180,brushing
510069836,135,264,1108,28980,-48685,-30012,brushing
510080542,146,76,1090,28980,-48685,-30012,brushing
510089110,146,76,1090,28052,-58082,-44660,brushing
510097984,171,49,1084,28052,-58082,-44660,brushing
510108384,171,49,1084,29627,-53637,-58607,brushing
510115120,305,217,1043,29627,-53637,-58607,brushing
510127658,305,217,1043,30450,-49507,-64890,brushing
510132257,332,239,1092,30450,-49507,-64890,brushing
510146627,332,239,1092,29627,-68145,-71662,brushing
510149700,376,243,1042,29627,-68145,-71662,brushing
510165900,376,243,1042,30275,-72012,-73692,brushing
510166836,450,228,1003,30275,-72012,-73692,brushing
510183952,513,195,970,30275,-72012,-73692,brushing
510185194,513,195,970,29610,-75530,-74095,brushing
510201395,589,133,854,29610,-75530,-74095,brushing
510204468,589,133,854,27090,-80622,-73237,brushing
510218532,666,11,794,27090,-80622,-73237,brushing
510223438,666,11,794,22330,-78487,-70035,brushing
510235668,781,-57,674,22330,-78487,-70035,brushing
510242710,781,-57,674,15557,-67112,-61407,brushing
510252805,917,-44,591,15557,-67112,-61407,brushing
510261984,917,-44,591,7175,-40390,-42682,brushing
510270247,943,-67,612,7175,-40390,-42682,brushing
510280952,943,-67,612,-4252,-26320,-20685,brushing
510287384,765,-265,734,-4252,-26320,-20685,brushing
510300227,765,-265,734,-10605,-24850,-7735,brushing
510304521,681,-347,815,-10605,-24850,-7735,brushing
510319500,681,-347,815,-9100,-10167,647,brushing
510321963,640,-295,818,-9100,-10167,647,brushing
510338775,640,-295,818,-3990,10885,7367,brushing
510339405,638,-118,823,-3990,10885,7367,brushing
510356217,616,80,824,-3990,10885,7367,brushing
510357764,616,80,824,1295,26652,18270,brushing
510373659,591,212,747,1295,26652,18270,brushing
510377037,591,212,747,2660,19040,28787,brushing
510390795,608,257,635,2660,19040,28787,brushing
510396311,608,257,635,385,17097,42420,brushing
510407932,518,197,657,385,17097,42420,brushing
510415586,518,197,657,-5285,24762,54670,brushing
510425375,381,105,695,-5285,24762,54670,brushing
510434555,381,105,695,-12810,15680,55492,brushing
510442512,205,-52,725,-12810,15680,55492,brushing
510453828,205,-52,725,-17272,9170,45027,brushing
510459649,29,-219,912,-17272,9170,45027,brushing
510473102,29,-219,912,-15592,7017,23747,brushing
510477090,-171,-288,1029,-15592,7017,23747,brushing
510492375,-171,-288,1029,-6090,11480,-4217,brushing
510494227,-15,76,993,-6090,11480,-4217,brushing
510511344,209,448,1053,3535,35595,-9835,brushing
510528779,212,377,1075,3535,35595,-9835,brushing
510530631,212,377,1075,5267,4235,-14455,brushing
510545916,214,106,1072,5267,4235,-14455,brushing
510549907,214,106,1072,6510,-32287,-23100,brushing
510563054,227,-46,1088,6510,-32287,-23100,brushing
510568874,227,-46,1088,11777,-36820,-33040,brushing
510580190,271,-3,1078,11777,-36820,-33040,brushing
510588148,271,-3,1078,17640,-36540,-42525,brushing
510597632,314,48,1074,17640,-36540,-42525,brushing
510607422,314,48,1074,21297,-51870,-51467,brushing
510614769,348,60,1023,21297,-51870,-51467,brushing
510626696,348,60,1023,23747,-68057,-57575,brushing
510631906,404,49,980,23747,-68057,-57575,brushing
510645665,404,49,980,24430,-74602,-59535,brushing
510649349,480,126,898,24430,-74602,-59535,brushing
510664939,480,126,898,22907,-79502,-57400,brushing
510666486,544,40,804,22907,-79502,-57400,brushing
510683603,566,-65,755,22907,-79502,-57400,brushing
510684233,566,-65,755,20212,-73097,-53620,brushing
510701045,658,-107,710,20212,-73097,-53620,brushing
510703203,658,-107,710,15960,-57277,-47512,brushing
510718183,624,-168,805,15960,-57277,-47512,brushing
510722478,624,-168,805,10902,-51257,-41562,brushing
510735320,676,-156,798,10902,-51257,-41562,brushing
510741751,676,-156,798,9782,-44852,-33267,brushing
510752455,663,-195,852,9782,-44852,-33267,brushing
510761023,663,-195,852,10535,-41475,-24307,brushing
510769896,614,-249,862,10535,-41475,-24307,brushing
510779992,614,-249,862,14122,-36662,-16467,brushing
510787033,669,-168,821,14122,-36662,-16467,brushing
510799265,669,-168,821,16537,-29242,-4830,brushing
510804170,693,-166,756,16537,-29242,-4830,brushing
510818538,693,-166,756,16362,-26320,8225,brushing
510821611,698,-302,701,16362,-26320,8225,brushing
510837505,698,-302,701,15575,-13002,17237,brushing
510838747,621,-513,700,15575,-13002,17237,brushing
510855863,668,-508,648,15575,-13002,17237,brushing
510856799,668,-508,648,16555,13982,19320,brushing
510872999,714,-319,595,16555,13982,19320,brushing
510876073,714,-319,595,15977,49052,22050,brushing
510890441,757,-100,522,15977,49052,22050,brushing
510895040,757,-100,522,9747,75652,29295,brushing
510907578,725,27,515,9747,75652,29295,brushing
510914314,725,27,515,-3237,88882,37817,brushing
510924713,682,248,536,-3237,88882,37817,brushing
510933586,682,248,536,-18847,93397,48090,brushing
510942154,601,404,658,-18847,93397,48090,brushing
510952555,601,404,658,-33057,88830,60025,brushing
510959291,405,414,898,-33057,88830,60025,brushing
510971828,405,414,898,-39375,65012,63892,brushing
510976427,226,290,1102,-39375,65012,63892,brushing
510991101,226,290,1102,-35192,39445,59045,brushing
510993563,43,106,1250,-35192,39445,59045,brushing
511010374,43,106,1250,-22837,9502,40477,brushing
511011004,-154,-154,1381,-22837,9502,40477,brushing
511028121,-205,-204,1323,-22837,9502,40477,brushing
511029362,-205,-204,1323,-3220,-14262,9397,brushing
511045258,104,217,1049,-3220,-14262,9397,brushing
511048636,104,217,1049,13895,-11305,-13527,brushing
511062698,285,417,921,13895,-11305,-13527,brushing
511067908,285,417,921,15522,-17010,-18130,brushing
511079835,310,229,817,15522,-17010,-18130,brushing
511086876,310,229,817,7840,-45290,-25322,brushing
511096972,283,-47,826,7840,-45290,-25322,brushing
511106151,283,-47,826,3010,-43557,-34055,brushing
511114109,270,-170,891,3010,-43557,-34055,brushing
511125423,270,-170,891,3482,-27615,-46147,brushing
511131550,304,-128,945,3482,-27615,-46147,brushing
511144697,304,-128,945,5040,-18077,-56227,brushing
511148687,379,35,985,5040,-18077,-56227,brushing
511163666,379,35,985,4532,-26530,-60532,brushing
511165824,446,149,1015,4532,-26530,-60532,brushing
511182940,446,149,1015,2765,-44222,-61057,brushing
511183570,459,67,994,2765,-44222,-61057,brushing
511200382,500,28,996,2765,-44222,-61057,brushing
511202234,500,28,996,3360,-43802,-60305,brushing
511217518,620,172,939,3360,-43802,-60305,brushing
511221201,620,172,939,2327,-32620,-52027,brushing
511234653,631,91,928,2327,-32620,-52027,brushing
511240474,631,91,928,-2537,-41562,-46567,brushing
511252096,682,83,998,-2537,-41562,-46567,brushing
511259748,682,83,998,-6282,-40915,-35997,brushing
511269231,776,143,968,-6282,-40915,-35997,brushing
511278716,776,143,968,-10150,-43715,-21770,brushing
511286368,793,111,993,-10150,-43715,-21770,brushing
511297988,793,111,993,-14245,-54092,-4847,brushing
511303809,751,37,1019,-14245,-54092,-4847,brushing
511317262,751,37,1019,-17675,-66482,11567,brushing
511320946,698,-59,1015,-17675,-66482,11567,brushing
511336536,698,-59,1015,-20982,-80202,23240,brushing
511338083,595,-166,997,-20982,-80202,23240,brushing
511355199,533,-200,950,-24675,-91647,28910,brushing
511372633,480,-245,864,-24675,-91647,28910,brushing
511374790,480,-245,864,-29242,-100030,31167,brushing
511389769,444,-319,819,-29242,-100030,31167,brushing
511394064,444,-319,819,-34300,-97230,31517,brushing
511406906,425,-363,746,-34300,-97230,31517,brushing
511413033,425,-363,746,-40302,-87237,28420,brushing
511424348,412,-378,703,-40302,-87237,28420,brushing
511432306,412,-378,703,-45850,-72537,22470,brushing
511441484,380,-369,605,-45850,-72537,22470,brushing
511451579,380,-369,605,-50907,-47005,19372,brushing
511458620,375,-356,582,-50907,-47005,19372,brushing
511470851,375,-356,582,-53812,-6790,20842,brushing
511475756,371,-261,566,-53812,-6790,20842,brushing
511489820,371,-261,566,-55825,29802,24115,brushing
511493199,308,-163,777,-55825,29802,24115,brushing
511509094,308,-163,777,-58082,28665,26285,brushing
511510336,271,-42,568,-58082,28665,26285,brushing
511527452,232,-256,548,-58082,28665,26285,brushing
511528389,232,-256,548,-67480,-8120,25427,brushing
511544894,119,-504,548,-67480,-8120,25427,brushing
511547357,119,-504,548,-71942,2747,25480,brushing
511562031,89,-529,564,-71942,2747,25480,brushing
511566631,89,-529,564,-73447,46007,19547,brushing
511579169,81,-460,650,-73447,46007,19547,brushing
511585906,81,-460,650,-73342,83545,13247,brushing
511596306,60,-371,758,-73342,83545,13247,brushing
511604874,60,-371,758,-72327,101080,7630,brushing
511613747,93,-186,951,-72327,101080,7630,brushing
511624147,93,-186,951,-65975,112927,8820,brushing
511630883,71,50,1207,-65975,112927,8820,brushing
511643420,71,50,1207,-59167,78907,9835,brushing
511648020,85,13,950,-59167,78907,9835,brushing
511662694,85,13,950,-51450,39305,11130,brushing
511665462,12,-34,1440,-51450,39305,11130,brushing
511681662,12,-34,1440,-27982,46742,20860,brushing
511682598,40,161,1478,-27982,46742,20860,brushing
511699715,-4,76,1477,-27982,46742,20860,brushing
511700957,-4,76,1477,-6842,7402,23100,brushing
511717157,7,19,1359,-6842,7402,23100,brushing
511720231,7,19,1359,8120,-42105,20405,brushing
511734294,-3,-70,1205,8120,-42105,20405,brushing
511739504,-3,-70,1205,16397,-83475,15102,brushing
511751431,-23,-136,1121,16397,-83475,15102,brushing
511758473,-23,-136,1121,20965,-112245,7420,brushing
511768873,-26,-235,988,20965,-112245,7420,brushing
511777746,-26,-235,988,24832,-115185,140,brushing
511786009,17,-249,883,24832,-115185,140,brushing
511797019,17,-249,883,28962,-82040,402,brushing
511803145,101,-131,680,28962,-82040,402,brushing
511816292,101,-131,680,27282,-49122,4060,brushing
511820587,24,-315,807,27282,-49122,4060,brushing
511835260,24,-315,807,32532,-5215,5442,brushing
511837723,86,-244,784,32532,-5215,5442,brushing
511854532,86,-244,784,22715,15295,11322,brushing
511855162,274,-30,421,22715,15295,11322,brushing
511872278,224,-343,440,22715,15295,11322,brushing
511873824,224,-343,440,-3290,-9607,10255,brushing
511889414,241,-567,489,-3290,-9607,10255,brushing
511892793,241,-567,489,-25690,19477,10272,brushing
511906551,184,-532,692,-25690,19477,10272,brushing
511912067,184,-532,692,-37082,83440,6177,brushing
511923994,162,-229,855,-37082,83440,6177,brushing
511931342,162,-229,855,-44362,114152,1155,brushing
511941132,134,79,1120,-44362,114152,1155,brushing
511950616,134,79,1120,-49140,95725,577,brushing
511958269,74,358,1479,-49140,95725,577,brushing
511969586,74,358,1479,-48387,24290,3045,brushing
511975407,95,203,1029,-48387,24290,3045,brushing
511988860,95,203,1029,-52570,-45202,1680,brushing
511992849,4,-19,1070,-52570,-45202,1680,brushing
512008133,4,-19,1070,-32865,-21262,11847,brushing
512009985,-139,-62,1707,-32865,-21262,11847,brushing
512027101,-108,47,1483,4952,-14367,12880,brushing
512044535,-72,-75,1217,4952,-14367,12880,brushing
512046388,-72,-75,1217,25060,-81427,-175,brushing
512061673,-55,-295,932,25060,-81427,-175,brushing
512065662,-55,-295,932,33985,-122657,-11567,brushing
512078809,0,-228,854,33985,-122657,-11567,brushing
512084936,0,-228,854,44117,-97527,-13055,brushing
512096252,145,-227,405,44117,-97527,-13055,brushing
512103905,145,-227,405,37852,-67462,-10220,brushing
512113389,73,-539,600,37852,-67462,-10220,brushing
512123178,73,-539,600,32217,-9205,-8837,brushing
512130525,117,-522,567,32217,-9205,-8837,brushing
512142451,117,-522,567,26915,68355,-1802,brushing
512147967,336,-119,406,26915,68355,-1802,brushing
512161725,336,-119,406,-2327,77262,5547,brushing
512165104,319,-105,486,-2327,77262,5547,brushing
512180694,319,-105,486,-34422,62090,9502,brushing
512182241,207,-354,674,-34422,62090,9502,brushing
512199662,102,-331,890,-48002,102690,13440,brushing
512216791,61,7,934,-48002,102690,13440,brushing
512219254,61,7,934,-56577,129272,13545,brushing
512233929,-55,215,1303,-56577,129272,13545,brushing
512238529,-55,215,1303,-67270,83947,8855,brushing
512251371,-154,133,1657,-67270,83947,8855,brushing
512257497,-154,133,1657,-55282,43732,13335,brushing
512268508,-278,96,2093,-55282,43732,13335,brushing
512276771,-278,96,2093,-10640,29522,15995,brushing
512285644,-182,227,1857,-10640,29522,15995,brushing
512296045,-182,227,1857,25935,-35805,8487,brushing
512302781,-129,26,1394,25935,-35805,8487,brushing
512315318,-129,26,1394,39270,-105892,-5967,brushing
512320223,-75,-167,1016,39270,-105892,-5967,brushing
512334286,-75,-167,1016,41370,-118772,-15330,brushing
512337360,-18,-84,966,41370,-118772,-15330,brushing
512353559,-18,-84,966,38727,-114047,-15592,brushing
512354496,84,-48,621,38727,-114047,-15592,brushing
512371917,108,-242,416,38727,-114047,-15592,brushing
512372854,108,-242,416,24570,-108447,-16870,brushing
512389054,65,-526,567,24570,-108447,-16870,brushing
512392128,65,-526,567,14105,-47477,-13247,brushing
512406192,30,-486,702,14105,-47477,-13247,brushing
512411097,30,-486,702,15785,38255,-10640,brushing
512423634,163,-139,533,15785,38255,-10640,brushing
512430370,163,-139,533,5180,65047,-10692,brushing
512440770,196,-15,555,5180,65047,-10692,brushing
512449644,196,-15,555,-17377,41527,-12652,brushing
512457908,162,-95,565,-17377,41527,-12652,brushing
512468918,162,-95,565,-35700,38395,-9345,brushing
512475350,78,-185,694,-35700,38395,-9345,brushing
512487887,78,-185,694,-41755,72502,-4462,brushing
512492487,41,-104,795,-41755,72502,-4462,brushing
512507161,41,-104,795,-46147,84997,-1662,brushing
512509624,4,0,866,-46147,84997,-1662,brushing
512526434,4,0,866,-47092,56227,-3727,brushing
512527065,-95,-20,1364,-47092,56227,-3727,brushing
512544180,-136,10,1505,-47092,56227,-3727,brushing
512545421,-136,10,1505,-23625,41265,1225,brushing
512561315,-85,-35,1306,-23625,41265,1225,brushing
512564694,-85,-35,1306,-1470,-3412,-2450,brushing
512578757,-143,-92,1382,-1470,-3412,-2450,brushing
512583967,-143,-92,1382,17955,-32445,-5197,brushing
512595894,-90,-96,1239,17955,-32445,-5197,brushing
512603241,-90,-96,1239,33302,-49297,-7997,brushing
512613030,-29,-91,1110,33302,-49297,-7997,brushing
512622209,-29,-91,1110,41492,-61565,-11147,brushing
512630168,-35,-99,1184,41492,-61565,-11147,brushing
512641483,-35,-99,1184,50400,-60935,-9520,brushing
512647610,48,81,1057,50400,-60935,-9520,brushing
512660756,48,81,1057,51625,-72082,-5355,brushing
512664745,105,-114,737,51625,-72082,-5355,brushing
512679724,105,-114,737,46707,-62895,-7980,brushing
512681882,-15,-392,1096,46707,-62895,-7980,brushing
512698999,-15,-392,1096,52955,-3255,-2380,brushing
512699629,97,-186,793,52955,-3255,-2380,brushing
512716441,189,-155,547,52955,-3255,-2380,brushing
512718292,189,-155,547,36610,-1382,-6020,brushing
512733578,245,-288,419,36610,-1382,-6020,brushing
512737567,245,-288,419,6387,5302,-6107,brushing
512750715,252,-257,545,6387,5302,-6107,brushing
512756536,252,-257,545,-22330,47267,-1925,brushing
512768156,184,-124,745,-22330,47267,-1925,brushing
512775810,184,-124,745,-41580,80972,3850,brushing
512785294,123,-8,937,-41580,80972,3850,brushing
512795084,123,-8,937,-56822,77752,8295,brushing
512802430,109,168,922,-56822,77752,8295,brushing
512814052,109,168,922,-72502,39882,12110,brushing
512819872,-9,76,1259,-72502,39882,12110,brushing
512833326,-9,76,1259,-63560,27685,23187,brushing
512837009,-172,-42,1746,-63560,27685,23187,brushing
512852599,-172,-42,1746,-24150,21000,27755,brushing
512854146,-215,-20,2012,-24150,21000,27755,brushing
512871263,-121,-28,1737,20195,-27755,18165,brushing
512888696,-64,-105,1314,20195,-27755,18165,brushing
512890853,-64,-105,1314,45430,-91297,927,brushing
512905832,44,-42,901,45430,-91297,927,brushing
512910126,44,-42,901,48107,-124722,-10115,brushing
512922969,87,-75,636,48107,-124722,-10115,brushing
512929400,87,-75,636,36015,-126122,-14315,brushing
512940410,78,-282,528,36015,-126122,-14315,brushing
512948367,78,-282,528,27492,-70875,-10500,brushing
512957546,-18,-367,793,27492,-70875,-10500,brushing
512967641,-18,-367,793,32375,20562,542,brushing
512974683,185,116,354,32375,20562,542,brushing
512986915,185,116,354,12635,31027,11917,brushing
512992125,257,67,94,12635,31027,11917,brushing
513006189,257,67,94,-30397,-15225,7875,brushing
513009262,89,-392,190,-30397,-15225,7875,brushing
513025157,89,-392,190,-53672,42140,12757,brushing
513026399,-24,-433,525,-53672,42140,12757,brushing
513043820,-103,-137,887,-53672,42140,12757,brushing
513044451,-103,-137,887,-55842,116480,15767,brushing
513060957,-48,223,895,-55842,116480,15767,brushing
513063725,-48,223,895,-62930,84070,11480,brushing
513078093,-205,98,1535,-62930,84070,11480,brushing
513082694,-205,98,1535,-56087,18847,10605,brushing
513095230,-236,-15,1749,-56087,18847,10605,brushing
513101967,-236,-15,1749,-17325,4970,19740,brushing
513112673,-273,-14,1984,-17325,4970,19740,brushing
513121241,-273,-14,1984,36715,-12985,22067,brushing
513129809,-154,95,1609,36715,-12985,22067,brushing
513140515,-154,95,1609,71382,-78295,17115,brushing
513146946,-108,-82,1162,71382,-78295,17115,brushing
513159483,-108,-82,1162,83632,-130480,9257,brushing
513164388,-32,-102,811,83632,-130480,9257,brushing
513178756,-32,-102,811,80622,-146352,4252,brushing
513181523,18,-186,519,80622,-146352,4252,brushing
513198028,18,-186,519,69632,-112910,2082,brushing
513198658,77,-424,314,69632,-112910,2082,brushing
513216080,30,-576,551,69632,-112910,2082,brushing
513217321,30,-576,551,62527,-17850,4725,brushing
513233217,154,-118,571,62527,-17850,4725,brushing
513236290,154,-118,571,56595,70997,13335,brushing
513250354,275,112,322,56595,70997,13335,brushing
513255564,275,112,322,21227,40565,13545,brushing
513267796,109,-318,536,21227,40565,13545,brushing
513274837,109,-318,536,-9030,21245,11112,brushing
513284931,55,-403,823,-9030,21245,11112,brushing
513293806,55,-403,823,-16835,87325,13475,brushing
513302069,63,-82,928,-16835,87325,13475,brushing
513313080,63,-82,928,-24692,91350,11060,brushing
513319206,63,88,1468,-24692,91350,11060,brushing
513332354,63,88,1468,-15837,48825,12547,brushing
513336649,-30,56,1823,-15837,48825,12547,brushing
513351628,-30,56,1823,6142,-4042,14262,brushing
513353785,57,-112,1557,6142,-4042,14262,brushing
513370596,57,-112,1557,32462,-41562,12197,brushing
513371226,-14,-185,1778,32462,-41562,12197,brushing
513388343,144,-187,1368,32462,-41562,12197,brushing
513389890,144,-187,1368,56420,-65170,14105,brushing
513405480,196,-214,1100,56420,-65170,14105,brushing
513409163,196,-214,1100,62475,-94045,12040,brushing
513422616,292,-226,801,62475,-94045,12040,brushing
513428131,292,-226,801,54092,-115290,14227,brushing
513440058,320,-388,595,54092,-115290,14227,brushing
513447404,320,-388,595,40022,-106085,15312,brushing
513457194,371,-506,455,40022,-106085,15312,brushing
513466678,371,-506,455,27090,-48930,19250,brushing
513474331,271,-576,687,27090,-48930,19250,brushing
513485952,271,-576,687,23940,29015,21892,brushing
513491468,221,-365,764,23940,29015,21892,brushing
513504921,221,-365,764,20807,79432,27842,brushing
513508911,329,10,550,20807,79432,27842,brushing
513524196,329,10,550,-4462,53112,29680,brushing
513526049,317,34,345,-4462,53112,29680,brushing
513543166,230,-252,385,-35245,35612,32077,brushing
513560600,152,-256,564,-35245,35612,32077,brushing
513562452,152,-256,564,-52937,97825,39550,brushing
513577735,64,-13,946,-52937,97825,39550,brushing
513581724,64,-13,946,-63280,148960,44782,brushing
513594871,40,219,1168,-63280,148960,44782,brushing
513600998,40,219,1168,-72100,116532,46865,brushing
513612314,-90,216,1608,-72100,116532,46865,brushing
513620271,-90,216,1608,-63070,53252,50925,brushing
513629449,-163,-78,1781,-63070,53252,50925,brushing
513639237,-163,-78,1781,-36907,15155,51485,brushing
513646585,-221,-10,2081,-36907,15155,51485,brushing
513658511,-221,-10,2081,2975,-9572,53200,brushing
513663722,-127,34,1791,2975,-9572,53200,brushing
513677784,-127,34,1791,28962,-78085,43102,brushing
513681162,-41,-98,1335,28962,-78085,43102,brushing
513697058,-41,-98,1335,39672,-122832,33565,brushing
513698299,30,-117,1081,39672,-122832,33565,brushing
513715416,121,-82,797,39672,-122832,33565,brushing
513716046,121,-82,797,43277,-135992,28910,brushing
513732858,164,-235,494,43277,-135992,28910,brushing
513735321,164,-235,494,38080,-126945,26320,brushing
513749996,110,-440,605,38080,-126945,26320,brushing
513754596,110,-440,605,37590,-62632,28875,brushing
513767133,166,-203,602,37590,-62632,28875,brushing
513773565,166,-203,602,38745,10727,39217,brushing
513784575,241,-84,226,38745,10727,39217,brushing
513792837,241,-84,226,17132,10237,40635,brushing
513801711,237,-264,207,17132,10237,40635,brushing
513812111,237,-264,207,-11147,19617,42927,brushing
513818847,187,-343,421,-11147,19617,42927,brushing
513831079,187,-343,421,-27335,77262,48230,brushing
513835984,119,-255,755,-27335,77262,48230,brushing
513850353,119,-255,755,-33775,118702,52797,brushing
513853426,93,19,1036,-33775,118702,52797,brushing
513869627,93,19,1036,-40740,84210,55142,brushing
513870563,100,110,1271,-40740,84210,55142,brushing
513887679,-72,0,1755,-40740,84210,55142,brushing
513888920,-72,0,1755,-27912,42175,60182,brushing
513905121,-12,-65,1580,-27912,42175,60182,brushing
513907889,-12,-65,1580,-7385,-3097,58082,brushing
513922258,-66,-61,1688,-7385,-3097,58082,brushing
513927163,-66,-61,1688,18235,-32812,58660,brushing
513939395,37,-117,1288,18235,-32812,58660,brushing
513946437,37,-117,1288,32322,-77875,50645,brushing
513956837,110,-111,1016,32322,-77875,50645,brushing
513965711,110,-111,1016,33372,-101255,46445,brushing
513973974,201,-65,852,33372,-101255,46445,brushing
513984679,201,-65,852,27720,-107380,48965,brushing
513991110,242,-152,687,27720,-107380,48965,brushing
514003953,242,-152,687,20825,-85400,54267,brushing
514008552,235,-223,619,20825,-85400,54267,brushing
514023226,235,-223,619,15452,-39322,64837,brushing
514025690,208,-285,587,15452,-39322,64837,brushing
514042195,208,-285,587,10465,2065,71120,brushing
514042825,144,-340,721,10465,2065,71120,brushing
514059942,176,-222,605,10465,2065,71120,brushing
514061489,176,-222,605,6877,30555,74497,brushing
514077385,159,-243,595,6877,30555,74497,brushing
514080763,159,-243,595,-4200,37677,71977,brushing
514094522,142,-202,676,-4200,37677,71977,brushing
514100038,142,-202,676,-12425,60900,74725,brushing
514111659,157,-130,749,-12425,60900,74725,brushing
514119006,157,-130,749,-18357,81952,77857,brushing
514129101,157,-76,771,-18357,81952,77857,brushing
514138280,157,-76,771,-27352,85225,79275,brushing
514146237,130,-22,757,-27352,85225,79275,brushing
514157553,130,-22,757,-43225,67707,76597,brushing
514163373,91,-141,651,-43225,67707,76597,brushing
514176521,91,-141,651,-59797,61582,72065,brushing
514180510,22,27,994,-59797,61582,72065,brushing
514195795,22,27,994,-62702,71505,76090,brushing
514197952,-63,116,1243,-62702,71505,76090,brushing
514215069,-124,132,1436,-55160,52010,72695,brushing
514232198,-153,191,1530,-55160,52010,72695,brushing
514234356,-153,191,1530,-39235,22627,69877,brushing
514249640,-153,151,1468,-39235,22627,69877,brushing
514253325,-153,151,1468,-20772,-17587,64102,brushing
514266777,-115,107,1270,-20772,-17587,64102,brushing
514272598,-115,107,1270,-7385,-50295,56140,brushing
514283913,-81,49,1088,-7385,-50295,56140,brushing
514291872,-81,49,1088,-840,-68722,49000,brushing
514301357,-54,76,1013,-840,-68722,49000,brushing
514310840,-54,76,1013,1347,-77612,43225,brushing
514318493,-53,-23,792,1347,-77612,43225,brushing
514330115,-53,-23,792,-4287,-82757,35980,brushing
514335630,-88,-226,722,-4287,-82757,35980,brushing
514349389,-88,-226,722,-6562,-43435,33512,brushing
514352767,-134,-263,824,-6562,-43435,33512,brushing
514368662,-134,-263,824,-6772,8417,33372,brushing
514370208,-134,-143,850,-6772,8417,33372,brushing
514387325,-104,28,793,-12495,31482,34177,brushing
514404453,-99,49,703,-12495,31482,34177,brushing
514406915,-99,49,703,-31272,20160,35805,brushing
514421894,-187,-106,818,-31272,20160,35805,brushing
514426189,-187,-106,818,-49105,19827,38377,brushing
514439031,-245,-183,908,-49105,19827,38377,brushing
514445156,-245,-183,908,-58257,42490,41457,brushing
514456168,-279,-191,964,-58257,42490,41457,brushing
514464431,-279,-191,964,-62772,54705,39830,brushing
514473610,-290,-103,985,-62772,54705,39830,brushing
514483704,-290,-103,985,-68757,39130,37065,brushing
514490746,-309,-64,1117,-68757,39130,37065,brushing
514502977,-309,-64,1117,-63980,16117,35857,brushing
514507883,-423,-96,1417,-63980,16117,35857,brushing
514521947,-423,-96,1417,-43767,-9485,33372,brushing
514525020,-394,-159,1140,-43767,-9485,33372,brushing
514541220,-394,-159,1140,-23887,-31430,27615,brushing
514542462,-418,-126,1217,-23887,-31430,27615,brushing
514559578,-423,-26,1191,-23887,-31430,27615,brushing
514560515,-423,-26,1191,-507,-45885,28857,brushing
514576715,-438,-107,996,-507,-45885,28857,brushing
514579484,-438,-107,996,19005,-70052,25392,brushing
514594157,-410,-119,864,19005,-70052,25392,brushing
514598757,-410,-119,864,34160,-79135,23397,brushing
514611294,-397,-174,802,34160,-79135,23397,brushing
514618031,-397,-174,802,47775,-72240,20807,brushing
514628431,-374,-67,895,47775,-72240,20807,brushing
514637000,-374,-67,895,61477,-52797,21980,brushing
514645568,-297,-33,585,61477,-52797,21980,brushing
514656273,-297,-33,585,65432,-48247,20352,brushing
514663009,-329,-156,763,65432,-48247,20352,brushing
514675546,-329,-156,763,71365,-9730,21420,brushing
514680145,-267,0,628,71365,-9730,21420,brushing
514694819,-267,0,628,59395,-3955,17535,brushing
514697282,-185,-134,292,59395,-3955,17535,brushing
514713788,-185,-134,292,33075,8645,7437,brushing
514714418,-165,-273,348,33075,8645,7437,brushing
514731840,-166,-171,586,33075,8645,7437,brushing
514733081,-166,-171,586,10570,59430,2362,brushing
514748976,-184,-3,820,10570,59430,2362,brushing
514752354,-184,-3,820,-2100,94430,-5197,brushing
514766112,-99,262,792,-2100,94430,-5197,brushing
514771322,-99,262,792,-18795,79432,-12215,brushing
514783554,-197,246,1391,-18795,79432,-12215,brushing
514790595,-197,246,1391,-20842,64557,-10500,brushing
514800691,-201,185,1363,-20842,64557,-10500,brushing
514809869,-201,185,1363,-10955,45990,-10237,brushing
514817827,-341,209,1871,-10955,45990,-10237,brushing
514828837,-341,209,1871,17342,21805,-5022,brushing
514834963,-269,278,1771,17342,21805,-5022,brushing
514848111,-269,278,1771,41527,-48737,-8627,brushing
514852405,-231,93,1461,41527,-48737,-8627,brushing
514867385,-231,93,1461,56227,-98665,-12985,brushing
514869542,-128,-1,1118,56227,-98665,-12985,brushing
514886354,-128,-1,1118,59972,-121082,-16905,brushing
514886984,-43,-57,820,59972,-121082,-16905,brushing
514904101,2,-171,574,59972,-121082,-16905,brushing
514905647,2,-171,574,56175,-120610,-23257,brushing
514921237,-35,-355,729,56175,-120610,-23257,brushing
514924921,-35,-355,729,59010,-64697,-23677,brushing
514938374,-71,-185,937,59010,-64697,-23677,brushing
514943890,-71,-185,937,74760,24447,-15837,brushing
514955512,97,243,648,74760,24447,-15837,brushing
514963165,97,243,648,70805,31605,-8610,brushing
514972954,149,80,412,70805,31605,-8610,brushing
514982438,149,80,412,38272,-18130,-15050,brushing
514990091,80,-324,441,38272,-18130,-15050,brushing
515001712,80,-324,441,7945,20300,-18095,brushing
515007227,40,-338,712,7945,20300,-18095,brushing
515020680,40,-338,712,-11480,90562,-22365,brushing
515024364,-11,-104,1015,-11480,90562,-22365,brushing
515039953,-11,-104,1015,-34475,83475,-32777,brushing
515041805,37,180,1080,-34475,83475,-32777,brushing
515058922,-164,5,1741,-44065,42350,-38080,brushing
515076051,-68,-10,1520,-44065,42350,-38080,brushing
515078209,-68,-10,1520,-37625,13300,-43715,brushing
515093494,-228,-7,2005,-37625,13300,-43715,brushing
515097484,-228,-7,2005,-13597,7507,-45587,brushing
515110631,-34,110,1651,-13597,7507,-45587,brushing
515116757,-34,110,1651,9432,-36977,-50417,brushing
515127767,7,-39,1268,9432,-36977,-50417,brushing
515135725,7,-39,1268,16362,-86100,-58730,brushing
515144904,91,-42,982,16362,-86100,-58730,brushing
515154999,91,-42,982,11602,-110460,-59955,brushing
515162346,147,-98,665,11602,-110460,-59955,brushing
515174273,147,-98,665,-735,-115832,-59430,brushing
515179483,152,-334,468,-735,-115832,-59430,brushing
515193547,152,-334,468,-1400,-57750,-53340,brushing
515196620,-17,-452,829,-1400,-57750,-53340,brushing
515212515,-17,-452,829,15697,35840,-35647,brushing
515214061,88,89,713,15697,35840,-35647,brushing
515231177,257,129,151,15697,35840,-35647,brushing
515231807,257,129,151,4567,6002,-27055,brushing
515248315,132,-385,47,4567,6002,-27055,brushing
515251083,132,-385,47,-29820,-38377,-25830,brushing
515265450,37,-484,222,-29820,-38377,-25830,brushing
515270050,37,-484,222,-51677,34545,-17290,brushing
515282892,-61,-295,507,-51677,34545,-17290,brushing
515289324,-61,-295,507,-58520,119752,-10377,brushing
515300030,-148,24,860,-58520,119752,-10377,brushing
515308598,-148,24,860,-62755,128590,-8277,brushing
515317167,-209,257,1197,-62755,128590,-8277,brushing
515327567,-209,257,1197,-56962,70245,-7647,brushing
515334609,-363,8,1737,-56962,70245,-7647,brushing
515346840,-363,8,1737,-26582,31080,-8977,brushing
515351745,-291,-20,1491,-26582,31080,-8977,brushing
515366114,-291,-20,1491,6230,9432,-11882,brushing
515368881,-335,39,1897,6230,9432,-11882,brushing
515385386,-335,39,1897,42962,-23047,-12862,brushing
515386016,-255,128,1621,42962,-23047,-12862,brushing
515403438,-151,-12,1177,42962,-23047,-12862,brushing
515404374,-151,-12,1177,59955,-79852,-22890,brushing
515420574,-93,-21,1005,59955,-79852,-22890,brushing
515423647,-93,-21,1005,60602,-94867,-27877,brushing
515437711,-30,3,846,60602,-94867,-27877,brushing
515442922,-30,3,846,54162,-86712,-26512,brushing
515454849,-35,-223,685,54162,-86712,-26512,brushing
515461891,-35,-223,685,43417,-59552,-26792,brushing
515472292,-89,-212,990,43417,-59552,-26792,brushing
515481166,-89,-212,990,46007,16800,-15802,brushing
515489428,60,129,578,46007,16800,-15802,brushing
515500439,60,129,578,26985,13877,-10587,brushing
515506565,60,-148,305,26985,13877,-10587,brushing
515519407,60,-148,305,-9012,-9100,-17115,brushing
515524006,-13,-428,340,-9012,-9100,-17115,brushing
515538680,-13,-428,340,-31937,55737,-14945,brushing
515541143,-79,-357,588,-31937,55737,-14945,brushing
515557954,-79,-357,588,-38972,119157,-16170,brushing
515558585,-126,-96,842,-38972,119157,-16170,brushing
515575701,-81,293,978,-38972,119157,-16170,brushing
515576942,-81,293,978,-47232,104212,-17640,brushing
515592837,-238,149,1707,-47232,104212,-17640,brushing
515596216,-238,149,1707,-38867,47775,-16135,brushing
515609975,-244,93,1506,-38867,47775,-16135,brushing
515615491,-244,93,1506,-9345,8697,-15120,brushing
515627112,-234,24,1666,-9345,8697,-15120,brushing
515634765,-234,24,1666,23747,-25445,-15575,brushing
515644554,-227,69,1619,23747,-25445,-15575,brushing
515653733,-227,69,1619,57837,-70752,-18707,brushing
515661691,-108,-61,1082,57837,-70752,-18707,brushing
515673006,-108,-61,1082,71977,-110320,-30012,brushing
515678827,-63,-173,778,71977,-110320,-30012,brushing
515692280,-63,-173,778,76352,-105280,-35735,brushing
515696269,7,113,889,76352,-105280,-35735,brushing
515711553,7,113,889,76790,-83825,-28140,brushing
515713406,69,-73,487,76790,-83825,-28140,brushing
515730522,56,-215,730,73745,-46200,-28105,brushing
515747956,236,171,371,73745,-46200,-28105,brushing
515749809,236,171,371,69930,23275,-10255,brushing
515765094,280,-135,158,69930,23275,-10255,brushing
515769083,280,-135,158,31482,-15347,-16712,brushing
515782230,157,-524,274,31482,-15347,-16712,brushing
515788051,157,-524,274,-3517,14822,-24202,brushing
515799672,124,-350,648,-3517,14822,-24202,brushing
515807325,124,-350,648,-18900,96845,-28612,brushing
515816809,112,75,824,-18900,96845,-28612,brushing
515826599,112,75,824,-32497,100502,-35140,brushing
515833947,61,334,1330,-32497,100502,-35140,brushing
515845873,61,334,1330,-34230,43627,-36785,brushing
515851084,-30,256,1738,-34230,43627,-36785,brushing
515864841,-30,256,1738,-19092,-1067,-36837,brushing
515868525,74,182,1562,-19092,-1067,-36837,brushing
515884114,74,182,1562,11130,-24097,-40617,brushing
515885660,-106,25,2088,11130,-24097,-40617,brushing
515902778,90,216,1609,11130,-24097,-40617,brushing
515903408,90,216,1609,48877,-41772,-44327,brushing
515920220,119,-2,1242,48877,-41772,-44327,brushing
515922683,119,-2,1242,60357,-101552,-58887,brushing
515937357,134,-113,1075,60357,-101552,-58887,brushing
515941651,134,-113,1075,57627,-116917,-72502,brushing
515954494,188,31,669,57627,-116917,-72502,brushing
515960925,188,31,669,46742,-94080,-73885,brushing
515971936,223,-62,500,46742,-94080,-73885,brushing
515980199,223,-62,500,23852,-81235,-77350,brushing
515989073,207,-252,433,23852,-81235,-77350,brushing
515999473,207,-252,433,7717,-26827,-73255,brushing
516006210,211,-346,586,7717,-26827,-73255,brushing
516018441,211,-346,586,875,42420,-67322,brushing
516023652,253,-122,690,875,42420,-67322,brushing
516037715,253,-122,690,-11970,60550,-60830,brushing
516040789,353,109,592,-11970,60550,-60830,brushing
516056989,353,109,592,-42822,7000,-59605,brushing
516057926,357,-164,538,-42822,7000,-59605,brushing
516075348,162,-447,740,-42822,7000,-59605,brushing
516075978,162,-447,740,-66395,13685,-58275,brushing
516092484,71,-257,974,-66395,13685,-58275,brushing
516095252,71,-257,974,-73412,72957,-55247,brushing
516109621,62,-47,1011,-73412,72957,-55247,brushing
516114526,62,-47,1011,-76982,79660,-57032,brushing
516126758,-173,47,1741,-76982,79660,-57032,brushing
516133799,-173,47,1741,-56525,68337,-54372,brushing
516144199,-122,181,1723,-56525,68337,-54372,brushing
516152768,-122,181,1723,-29680,12827,-57260,brushing
516161336,13,101,1098,-29680,12827,-57260,brushing
516172041,13,101,1098,-22120,-56542,-65502,brushing
516178473,-186,-162,1555,-22120,-56542,-65502,brushing
516191315,-186,-162,1555,2170,-46375,-64365,brushing
516195915,-85,-79,1246,2170,-46375,-64365,brushing
516210590,-85,-79,1246,19967,-37152,-65310,brushing
516213052,41,92,1016,19967,-37152,-65310,brushing
516229864,41,92,1016,24570,-59552,-64592,brushing
516230494,41,-26,912,24570,-59552,-64592,brushing
516247611,35,-18,850,24570,-59552,-64592,brushing
516248852,35,-18,850,27825,-64785,-60777,brushing
516264748,111,-177,531,27825,-64785,-60777,brushing
516268126,111,-177,531,22050,-61652,-58537,brushing
516282190,3,-331,831,22050,-61652,-58537,brushing
516287400,3,-331,831,26302,-11340,-52762,brushing
516299326,71,-15,785,26302,-11340,-52762,brushing
516306674,71,-15,785,28087,19635,-43592,brushing
516316463,206,78,386,28087,19635,-43592,brushing
516325642,206,78,386,1522,-39130,-49297,brushing
516333599,58,-367,418,1522,-39130,-49297,brushing
516344915,58,-367,418,-24867,-46952,-55510,brushing
516351042,-4,-371,638,-24867,-46952,-55510,brushing
516364189,-4,-371,638,-34422,1522,-54040,brushing
516368179,-50,-285,949,-34422,1522,-54040,brushing
516383463,-50,-285,949,-32427,27807,-55842,brushing
516385315,-57,-106,1214,-32427,27807,-55842,brushing
516402430,-57,-106,1214,-24430,16292,-57032,brushing
516403061,22,25,1241,-24430,16292,-57032,brushing
516419871,20,14,1501,-24430,16292,-57032,brushing
516421724,20,14,1501,-9222,-6125,-57942,brushing
516437008,9,121,1570,-9222,-6125,-57942,brushing
516440997,9,121,1570,14892,-16432,-53060,brushing
516454450,40,36,1402,14892,-16432,-53060,brushing
516459965,40,36,1402,28717,-60462,-52010,brushing
516471587,39,-183,1194,28717,-60462,-52010,brushing
516479238,39,-183,1194,29715,-95025,-56017,brushing
516488723,65,-253,1079,29715,-95025,-56017,brushing
516498512,65,-253,1079,25637,-105945,-57452,brushing
516506164,96,-295,1004,25637,-105945,-57452,brushing
516517784,96,-295,1004,21945,-102637,-55965,brushing
516523300,128,-269,961,21945,-102637,-55965,brushing
516536753,128,-269,961,19040,-93730,-49350,brushing
516540436,172,-251,829,19040,-93730,-49350,brushing
516556026,172,-251,829,14175,-79152,-40022,brushing
516557879,189,-334,724,14175,-79152,-40022,brushing
516574996,172,-389,757,11462,-38272,-27405,brushing
516592125,181,-317,677,11462,-38272,-27405,brushing
516594588,181,-317,677,6685,0,-15557,brushing
516609566,212,-336,498,6685,0,-15557,brushing
516613555,212,-336,498,-8085,5652,-8452,brushing
516626702,217,-453,493,-8085,5652,-8452,brushing
516632828,217,-453,493,-27300,12302,-3762,brushing
516643838,196,-494,571,-27300,12302,-3762,brushing
516652101,196,-494,571,-41212,42735,1715,brushing
516660974,106,-389,837,-41212,42735,1715,brushing
516671069,106,-389,837,-49455,49682,3920,brushing
516678417,51,-153,929,-49455,49682,3920,brushing
516690342,51,-153,929,-52727,-8487,2012,brushing
516695552,-32,-421,1288,-52727,-8487,2012,brushing
516709616,-32,-421,1288,-29837,-29750,-997,brushing
516712690,-112,-603,1571,-29837,-29750,-997,brushing
516728585,-112,-603,1571,12547,1015,-1225,brushing
516729827,-57,-271,1552,12547,1015,-1225,brushing
516747249,-14,-184,1301,12547,1015,-1225,brushing
516747879,-14,-184,1301,42752,-31360,-8137,brushing
516764385,22,-289,1001,42752,-31360,-8137,brushing
516767153,22,-289,1001,52955,-89582,-20177,brushing
516781522,68,-313,888,52955,-89582,-20177,brushing
516786121,68,-313,888,55492,-98612,-25672,brushing
516798964,193,-119,524,55492,-98612,-25672,brushing
516805395,193,-119,524,48562,-88095,-21927,brushing
516816101,200,-332,437,48562,-88095,-21927,brushing
516824669,200,-332,437,35927,-56052,-16660,brushing
516833237,148,-506,592,35927,-56052,-16660,brushing
516843943,148,-506,592,29365,15085,-3412,brushing
516850374,312,-220,126,29365,15085,-3412,brushing
516862912,312,-220,126,-1015,15627,-35,brushing
516867817,250,-485,167,-1015,15627,-35,brushing
516882186,250,-485,167,-33915,34702,3430,brushing
516884955,233,-541,245,-33915,34702,3430,brushing
516901461,233,-541,245,-59185,89687,12005,brushing
516902091,186,-387,534,-59185,89687,12005,brushing
516919512,43,-231,933,-59185,89687,12005,brushing
516920448,43,-231,933,-78137,102637,13527,brushing
516936648,26,-104,1044,-78137,102637,13527,brushing
516939722,26,-104,1044,-94167,55632,10517,brushing
516953785,-206,-354,1809,-94167,55632,10517,brushing
516958996,-206,-354,1809,-76107,54705,16537,brushing
516970922,28,-56,1259,-76107,54705,16537,brushing
516977965,28,-56,1259,-60235,30520,18060,brushing
516988365,-288,-654,2025,-60235,30520,18060,brushing
516997237,-288,-654,2025,-15872,43102,13912,brushing
517005501,-56,-56,1668,-15872,43102,13912,brushing
517016512,-56,-56,1668,19145,10710,10885,brushing
517022638,6,-86,1394,19145,10710,10885,brushing
517035785,6,-86,1394,35875,-58922,2240,brushing
517039775,21,-205,993,35875,-58922,2240,brushing
517054753,21,-205,993,37415,-83737,35,brushing
517057216,63,-315,553,37415,-83737,35,brushing
517074028,63,-315,553,27177,-64872,-525,brushing
517074658,43,-380,394,27177,-64872,-525,brushing
517091469,-11,-471,619,27177,-64872,-525,brushing
517093017,-11,-471,619,21402,-7840,4707,brushing
517108912,-27,-393,757,21402,-7840,4707,brushing
517112291,-27,-393,757,30765,70420,10850,brushing
517126049,101,208,822,30765,70420,10850,brushing
517131565,101,208,822,32182,87972,24552,brushing
517143185,301,297,311,32182,87972,24552,brushing
517150838,301,297,311,-577,-22680,17780,brushing
517160322,160,-389,297,-577,-22680,17780,brushing
517169807,160,-389,297,-29417,-31115,13492,brushing
517177764,86,-590,474,-29417,-31115,13492,brushing
517189080,86,-590,474,-40915,70735,16625,brushing
517194901,1,-392,703,-40915,70735,16625,brushing
517208354,1,-392,703,-51817,99452,9887,brushing
517212038,-68,-116,1183,-51817,99452,9887,brushing
517227323,-68,-116,1183,-45377,77455,4742,brushing
517229175,-167,-28,1793,-45377,77455,4742,brushing
517246596,-7,208,1344,-27300,245,-3657,brushing
517263726,-145,-304,1794,-27300,245,-3657,brushing
517265883,-145,-304,1794,-13667,-77840,-12950,brushing
517280863,-180,-422,1626,-13667,-77840,-12950,brushing
517284852,-180,-422,1626,26110,-29820,-14332,brushing
517298305,1,-14,1293,26110,-29820,-14332,brushing
517304126,1,-14,1293,44940,-26582,-17395,brushing
517315442,-37,-139,1126,44940,-26582,-17395,brushing
517323400,-37,-139,1126,46357,-68687,-27965,brushing
517332579,-12,-170,1011,46357,-68687,-27965,brushing
517342368,-12,-170,1011,47915,-77892,-30870,brushing
517349715,-15,-75,982,47915,-77892,-30870,brushing
517361642,-15,-75,982,47740,-73587,-32602,brushing
517367157,49,-118,689,47740,-73587,-32602,brushing
517380915,49,-118,689,38430,-67970,-38062,brushing
517384295,20,-300,665,38430,-67970,-38062,brushing
517399884,20,-300,665,36907,-6650,-38465,brushing
517401431,-12,-423,797,36907,-6650,-38465,brushing
517418547,96,-187,746,36907,-6650,-38465,brushing
517419177,96,-187,746,43785,74917,-34440,brushing
517435989,287,205,487,43785,74917,-34440,brushing
517438451,287,205,487,25935,67217,-31272,brushing
517453125,343,82,301,25935,67217,-31272,brushing
517457420,343,82,301,-21980,-33652,-33897,brushing
517470263,257,-454,437,-21980,-33652,-33897,brushing
517476694,257,-454,437,-60270,-42490,-28875,brushing
517487705,183,-600,641,-60270,-42490,-28875,brushing
517495968,183,-600,641,-76125,43085,-20755,brushing
517504841,24,-245,987,-76125,43085,-20755,brushing
517515241,24,-245,987,-78260,79555,-15417,brushing
517521977,-64,-84,1275,-78260,79555,-15417,brushing
517534210,-64,-84,1275,-64382,35087,-15557,brushing
517539115,-173,-91,1653,-64382,35087,-15557,brushing
517553483,-173,-91,1653,-35035,-29890,-22295,brushing
517556557,-257,-276,1752,-35035,-29890,-22295,brushing
517572756,-257,-276,1752,12565,-39935,-34842,brushing
517573693,-217,-420,1654,12565,-39935,-34842,brushing
517590809,-57,-11,1315,12565,-39935,-34842,brushing
517591746,-57,-11,1315,46637,-45377,-44905,brushing
517607946,26,-51,1018,46637,-45377,-44905,brushing
517611020,26,-51,1018,57697,-88375,-53340,brushing
517625389,68,-76,862,57697,-88375,-53340,brushing
517630293,68,-76,862,57575,-92400,-52850,brushing
517642526,90,-107,803,57575,-92400,-52850,brushing
517649262,90,-107,803,56017,-60935,-43942,brushing
517659662,127,-203,595,56017,-60935,-43942,brushing
517668536,127,-203,595,46095,-31972,-38937,brushing
517676798,137,-382,619,46095,-31972,-38937,brushing
517687808,137,-382,619,35962,28367,-29995,brushing
517694238,240,-300,453,35962,28367,-29995,brushing
517706776,240,-300,453,9660,60620,-23537,brushing
517711375,259,-93,304,9660,60620,-23537,brushing
517726049,259,-93,304,-28315,39497,-23922,brushing
517728512,194,-270,405,-28315,39497,-23922,brushing
517745324,194,-270,405,-54320,58502,-21787,brushing
517745954,95,-270,567,-54320,58502,-21787,brushing
517763070,-8,-185,854,-54320,58502,-21787,brushing
517764311,-8,-185,854,-66745,82390,-20965,brushing
517780206,-28,21,846,-66745,82390,-20965,brushing
517783586,-28,21,846,-78365,41825,-24972,brushing
517797344,-99,-135,1010,-78365,41825,-24972,brushing
517802859,-99,-135,1010,-79012,-1907,-22942,brushing
517814480,-237,-588,1486,-79012,-1907,-22942,brushing
517821827,-237,-588,1486,-49210,27142,-26180,brushing
517831921,-255,-479,1777,-49210,27142,-26180,brushing
517841100,-255,-479,1777,2345,64522,-33320,brushing
517849058,-117,-53,1649,2345,64522,-33320,brushing
517860373,-117,-53,1649,37712,-455,-46305,brushing
517866194,-34,-60,1339,37712,-455,-46305,brushing
517879342,-34,-60,1339,55125,-80010,-53935,brushing
517883331,30,-169,1068,55125,-80010,-53935,brushing
517898616,30,-169,1068,63962,-81690,-48510,brushing
517900774,94,-106,889,63962,-81690,-48510,brushing
517917890,154,-142,686,61600,-53865,-37152,brushing
517935018,139,-372,685,61600,-53865,-37152,brushing
517936871,139,-372,685,50277,-28840,-29995,brushing
517952459,215,-377,577,50277,-28840,-29995,brushing
517956143,215,-377,577,33022,-7665,-25690,brushing
517969595,318,-431,583,33022,-7665,-25690,brushing
517975415,318,-431,583,10447,8977,-23152,brushing
517986731,280,-491,752,10447,8977,-23152,brushing
517994384,280,-491,752,-4445,41597,-18410,brushing
518003868,237,-403,918,-4445,41597,-18410,brushing
518013659,237,-403,918,-8067,67865,-12285,brushing
518021311,175,-331,1081,-8067,67865,-12285,brushing
518032932,175,-331,1081,-5477,58852,-10762,brushing
518038448,186,-256,1112,-5477,58852,-10762,brushing
518051900,186,-256,1112,-437,32095,-7700,brushing
518055585,228,-249,1036,-437,32095,-7700,brushing
518071175,228,-249,1036,6580,18305,490,brushing
518072722,263,-278,927,6580,18305,490,brushing
518090143,335,-175,789,13632,27492,13370,brushing
518107272,407,47,770,13632,27492,13370,brushing
518109430,407,47,770,18970,56612,34142,brushing
518124410,400,248,829,18970,56612,34142,brushing
518128704,400,248,829,22067,74095,58695,brushing
518141852,328,344,845,22067,74095,58695,brushing
518147977,328,344,845,24710,70630,80587,brushing
518158989,281,317,963,24710,70630,80587,brushing
518167252,281,317,963,27772,77350,102480,brushing
518176126,145,148,1031,27772,77350,102480,brushing
518186222,145,148,1031,29417,73640,108412,brushing
518193263,-2,37,1109,29417,73640,108412,brushing
518205494,-2,37,1109,29767,61197,100292,brushing
518210704,-187,-190,1140,29767,61197,100292,brushing
518224768,-187,-190,1140,29190,40915,76335,brushing
518227841,-283,-220,1096,29190,40915,76335,brushing
518243736,-283,-220,1096,28437,20002,43365,brushing
518244978,-271,-118,1058,28437,20002,43365,brushing
518262094,-114,285,1043,28437,20002,43365,brushing
518263030,-114,285,1043,27527,23047,18847,brushing
518279536,-82,430,1027,27527,23047,18847,brushing
518282304,-82,430,1027,25515,18217,7595,brushing
518296673,-99,223,1036,25515,18217,7595,brushing
518301273,-99,223,1036,23345,-770,-4865,brushing
518313809,-62,124,1034,23345,-770,-4865,brushing
518320546,-62,124,1034,24517,-4637,-18270,brushing
518330947,-5,96,1058,24517,-4637,-18270,brushing
518339820,-5,96,1058,26302,-16135,-31430,brushing
518348389,43,34,1052,26302,-16135,-31430,brushing
518358789,43,34,1052,26775,-32830,-45500,brushing
518365525,96,-5,1080,26775,-32830,-45500,brushing
518378061,96,-5,1080,25690,-54197,-59815,brushing
518382662,150,41,1054,25690,-54197,-59815,brushing
518397030,150,41,1054,23730,-67952,-68530,brushing
518399798,207,-36,995,23730,-67952,-68530,brushing
518416305,207,-36,995,21857,-63437,-74987,brushing
518416935,320,-81,929,21857,-63437,-74987,brushing
518434357,482,-3,938,21857,-63437,-74987,brushing
518435598,482,-3,938,18655,-32305,-68127,brushing
518451494,666,23,938,18655,-32305,-68127,brushing
518454568,666,23,938,10150,-26355,-54320,brushing
518468630,776,-20,916,10150,-26355,-54320,brushing
518473841,776,-20,916,2397,-33670,-34440,brushing
518485768,814,-55,906,2397,-33670,-34440,brushing
518493115,814,-55,906,1015,-29400,-7735,brushing
518503209,840,-53,925,1015,-29400,-7735,brushing
518512083,840,-53,925,5390,-16240,24867,brushing
518520346,593,-376,940,5390,-16240,24867,brushing
518531357,593,-376,940,13492,-18445,42297,brushing
518537483,575,-476,855,13492,-18445,42297,brushing
518550325,575,-476,855,23397,4865,54757,brushing
518554621,522,-358,814,23397,4865,54757,brushing
518569599,522,-358,814,32462,32567,66500,brushing
518572061,544,-82,766,32462,32567,66500,brushing
518588871,544,-82,766,37765,55230,84227,brushing
518589502,554,199,759,37765,55230,84227,brushing
518606314,501,317,798,37765,55230,84227,brushing
518607860,501,317,798,39497,67847,103215,brushing
518623451,404,376,893,39497,67847,103215,brushing
518627134,404,376,893,37292,73080,119507,brushing
518640893,226,297,1021,37292,73080,119507,brushing
518646409,226,297,1021,31692,52465,123340,brushing
518658030,37,34,1124,31692,52465,123340,brushing
518665682,37,34,1124,29347,36242,113732,brushing
518675166,-139,-95,1252,29347,36242,113732,brushing
518684650,-139,-95,1252,29977,22365,92575,brushing
518692303,-314,-268,1305,29977,22365,92575,brushing
518703923,-314,-268,1305,34002,927,56245,brushing
518709744,-259,-112,1240,34002,927,56245,brushing
518723197,-259,-112,1240,40092,9415,27895,brushing
518726881,7,278,1140,40092,9415,27895,brushing
518742165,7,278,1140,39812,9747,17832,brushing
518744018,111,324,1022,39812,9747,17832,brushing
518761134,124,86,897,30502,-24027,6545,brushing
518778568,147,-120,802,30502,-24027,6545,brushing
518780726,147,-120,802,18987,-51257,-9030,brushing
518795705,170,-213,782,18987,-51257,-9030,brushing
518799694,170,-213,782,9747,-54110,-23817,brushing
518812840,255,-175,793,9747,-54110,-23817,brushing
518818966,255,-175,793,5197,-40985,-33460,brushing
518830281,365,-127,837,5197,-40985,-33460,brushing
518838238,365,-127,837,6160,-22417,-37100,brushing
518847417,465,-93,853,6160,-22417,-37100,brushing
518857206,465,-93,853,8522,-14822,-36102,brushing
518864554,578,-8,825,8522,-14822,-36102,brushing
518876481,578,-8,825,9835,-18375,-27300,brushing
518881691,766,31,730,9835,-18375,-27300,brushing
518895754,766,31,730,9975,-15942,-8820,brushing
518899132,842,-12,675,9975,-15942,-8820,brushing
518914722,842,-12,675,9905,-4305,13685,brushing
518916269,803,-117,631,9905,-4305,13685,brushing
518933386,635,-367,716,9905,-4305,13685,brushing
518934016,635,-367,716,10850,8417,29890,brushing
518950524,641,-335,706,10850,8417,29890,brushing
518953292,641,-335,706,16695,30257,38447,brushing
518967965,660,-122,721,16695,30257,38447,brushing
518972260,660,-122,721,23607,52745,48965,brushing
518985102,631,65,757,23607,52745,48965,brushing
518991533,631,65,757,29032,64872,63367,brushing
519002238,586,216,762,29032,64872,63367,brushing
519010807,586,216,762,33250,65187,77105,brushing
519019375,659,381,742,33250,65187,77105,brushing
519029775,659,381,742,36067,80902,96775,brushing
519036817,545,419,909,36067,80902,96775,brushing
519049049,545,419,909,36382,79485,110582,brushing
519053955,400,413,1001,36382,79485,110582,brushing
519068325,400,413,1001,36102,57820,112752,brushing
519071093,200,186,1161,36102,57820,112752,brushing
519087294,200,186,1161,38325,33915,97807,brushing
519088230,-29,-63,1274,38325,33915,97807,brushing
519105652,-136,-183,1325,38325,33915,97807,brushing
519106588,-136,-183,1325,43365,13737,66535,brushing
519122788,-124,-10,1303,43365,13737,66535,brushing
519125862,-124,-10,1303,48947,1085,29575,brushing
519139926,157,372,1166,48947,1085,29575,brushing
519144831,157,372,1166,52150,6072,9327,brushing
519157063,241,446,1082,52150,6072,9327,brushing
519164104,241,446,1082,46707,-16170,-3185,brushing
519174505,290,207,957,46707,-16170,-3185,brushing
519183378,290,207,957,37782,-48825,-19337,brushing
519191642,294,-59,828,37782,-48825,-19337,brushing
519202347,294,-59,828,29137,-58555,-40110,brushing
519208779,336,-132,751,29137,-58555,-40110,brushing
519221621,336,-132,751,20195,-50995,-57487,brushing
519225914,399,-108,698,20195,-50995,-57487,brushing
519240894,399,-108,698,11515,-37642,-69982,brushing
519243357,475,-43,674,11515,-37642,-69982,brushing
519259862,475,-43,674,5477,-14157,-73202,brushing
519260492,529,17,734,5477,-14157,-73202,brushing
519277609,625,121,762,5477,-14157,-73202,brushing
519279155,625,121,762,3255,1067,-69790,brushing
519295052,709,163,803,3255,1067,-69790,brushing
519298431,709,163,803,1960,-4760,-61180,brushing
519312189,830,112,793,1960,-4760,-61180,brushing
519317399,830,112,793,980,-14157,-44712,brushing
519329326,908,74,832,980,-14157,-44712,brushing
519336673,908,74,832,1102,-22207,-22522,brushing
519346461,915,-35,861,1102,-22207,-22522,brushing
519355945,915,-35,861,5757,-28717,-1347,brushing
519363903,881,-216,821,5757,-28717,-1347,brushing
519374914,881,-216,821,13107,-28787,16065,brushing
519381040,757,-392,826,13107,-28787,16065,brushing
519394189,757,-392,826,21945,-27037,25515,brushing
519398178,769,-373,726,21945,-27037,25515,brushing
519413462,769,-373,726,29540,-16730,33355,brushing
519415313,765,-307,633,29540,-16730,33355,brushing
519432428,765,-307,633,36032,7210,43505,brushing
519433059,790,-156,558,36032,7210,43505,brushing
519449869,739,7,524,36032,7210,43505,brushing
519451722,739,7,524,39602,29750,56367,brushing
519467007,707,170,488,39602,29750,56367,brushing
519470996,707,170,488,40722,43715,68512,brushing
519484143,598,266,540,40722,43715,68512,brushing
519489964,598,266,540,40512,55457,81270,brushing
519501281,529,249,639,40512,55457,81270,brushing
519509238,529,249,639,42997,60865,88882,brushing
519518723,482,206,757,42997,60865,88882,brushing
519528512,482,206,757,48475,61897,91840,brushing
519535861,408,149,820,48475,61897,91840,brushing
519547481,408,149,820,55212,49227,84385,brushing
519552996,388,29,920,55212,49227,84385,brushing
519566755,388,29,920,64645,43417,72835,brushing
519570132,310,-66,1031,64645,43417,72835,brushing
519586027,310,-66,1031,75197,22120,51170,brushing
519587575,262,-196,1041,75197,22120,51170,brushing
519604691,312,-267,994,87587,11287,25025,brushing
519621820,489,1,884,87587,11287,25025,brushing
519624283,489,1,884,99207,30135,9625,brushing
519638957,657,220,821,99207,30135,9625,brushing
519643557,657,220,821,101395,38342,5162,brushing
519656399,728,265,803,101395,38342,5162,brushing
519662526,728,265,803,95760,13860,-1540,brushing
519673536,752,168,783,95760,13860,-1540,brushing
519681799,752,168,783,88515,-17150,-11777,brushing
519690672,769,41,739,88515,-17150,-11777,brushing
519701072,769,41,739,83247,-31727,-23625,brushing
519708114,790,-29,691,83247,-31727,-23625,brushing
519720040,790,-29,691,80342,-25322,-30852,brushing
519725250,836,-19,648,80342,-25322,-30852,brushing
519739314,836,-19,648,77735,-11130,-32007,brushing
519742387,896,45,644,77735,-11130,-32007,brushing
519758587,896,45,644,74480,-7682,-28700,brushing
519759523,902,58,659,74480,-7682,-28700,brushing
519776945,862,29,655,74480,-7682,-28700,brushing
519777575,862,29,655,71312,-18532,-27037,brushing
519794081,836,3,630,71312,-18532,-27037,brushing
519796849,836,3,630,70490,-28927,-26197,brushing
519811218,827,3,563,70490,-28927,-26197,brushing
519816122,827,3,563,72135,-29942,-24202,brushing
519828354,824,21,513,72135,-29942,-24202,brushing
519835395,824,21,513,73465,-27597,-20825,brushing
519845796,862,41,458,73465,-27597,-20825,brushing
519854364,862,41,458,73132,-29225,-16642,brushing
519862931,880,34,425,73132,-29225,-16642,brushing
519873637,880,34,425,70857,-36015,-13230,brushing
519880068,906,-5,381,70857,-36015,-13230,brushing
519892910,906,-5,381,69527,-38325,-10167,brushing
519897510,936,-45,320,69527,-38325,-10167,brushing
519911878,936,-45,320,68827,-28752,-5477,brushing
519914646,945,-73,246,68827,-28752,-5477,brushing
519931152,945,-73,246,65362,-16555,-1102,brushing
519931783,970,-72,188,65362,-16555,-1102,brushing
519948898,985,-77,186,65362,-16555,-1102,brushing
519950445,985,-77,186,57417,-10307,1785,brushing
519966340,971,-69,299,57417,-10307,1785,brushing
519969413,971,-69,299,47582,-11515,2537,brushing
519983476,973,-83,362,47582,-11515,2537,brushing
519988686,973,-83,362,42647,-15137,2152,brushing
520000612,991,-114,386,42647,-15137,2152,brushing
520007959,991,-114,386,41842,-9957,2012,brushing
520017748,1008,-111,417,41842,-9957,2012,brushing
520026927,1008,-111,417,43085,1452,1697,brushing
520035190,1004,-37,446,43085,1452,1697,brushing
520046200,1004,-37,446,43750,6352,2205,brushing
520052326,991,30,468,43750,6352,2205,brushing
520065474,991,30,468,42840,385,4095,brushing
520069463,986,75,466,42840,385,4095,brushing
520084747,986,75,466,41125,-13632,5495,brushing
520086904,973,100,437,41125,-13632,5495,brushing
520103715,973,100,437,39637,-29190,7052,brushing
520104345,945,94,391,39637,-29190,7052,brushing
520121156,929,66,338,39637,-29190,7052,brushing
520123009,929,66,338,39427,-39970,8960,brushing
520138599,912,23,287,39427,-39970,8960,brushing
520142283,912,23,287,40967,-44712,9660,brushing
520155735,911,-17,226,40967,-44712,9660,brushing
520161252,911,-17,226,43942,-43610,9100,brushing
520172872,914,-43,161,43942,-43610,9100,brushing
520180525,914,-43,161,46935,-37905,7787,brushing
520190009,938,-52,108,46935,-37905,7787,brushing
520199799,938,-52,108,48545,-28927,7350,brushing
520207451,955,-51,63,48545,-28927,7350,brushing
520219072,955,-51,63,47635,-20055,6772,brushing
520224587,966,-55,33,47635,-20055,6772,brushing
520238040,966,-55,33,44327,-12582,5775,brushing
520241724,968,-63,19,44327,-12582,5775,brushing
520257313,968,-63,19,39340,-7280,4182,brushing
520259165,981,-74,19,39340,-7280,4182,brushing
520276281,992,-96,40,34597,1592,4445,brushing
520293410,1034,-85,85,34597,1592,4445,brushing
520295567,1034,-85,85,30030,15697,8050,brushing
520310851,1073,-56,157,30030,15697,8050,brushing
520314840,1073,-56,157,22925,23450,12197,brushing
520327988,1086,-30,215,22925,23450,12197,brushing
520334114,1086,-30,215,12022,16485,13545,brushing
520345124,1024,-43,283,12022,16485,13545,brushing
520353388,1024,-43,283,315,1102,12320,brushing
520362262,978,-80,340,315,1102,12320,brushing
520372357,978,-80,340,-6300,-12477,8050,brushing
520379704,935,-144,366,-6300,-12477,8050,brushing
520391631,935,-144,366,-6160,-17080,875,brushing
520396841,889,-137,386,-6160,-17080,875,brushing
520410905,889,-137,386,-490,-15172,-5057,brushing
520413978,865,-85,335,-490,-15172,-5057,brushing
520429874,865,-85,335,5110,-19530,-9870,brushing
520431420,859,-75,252,5110,-19530,-9870,brushing
520448536,858,-84,180,5110,-19530,-9870,brushing
520449166,858,-84,180,10132,-21297,-13002,brushing
520465673,853,-97,125,10132,-21297,-13002,brushing
520468441,853,-97,125,15207,-19600,-15592,brushing
520482810,858,-110,74,15207,-19600,-15592,brushing
520487409,858,-110,74,19372,-21157,-20055,brushing
520500252,864,-113,45,19372,-21157,-20055,brushing
520506683,864,-113,45,23187,-19775,-23590,brushing
520517389,861,-98,45,23187,-19775,-23590,brushing
520525957,861,-98,45,26915,-13212,-25025,brushing
520534525,848,-66,72,26915,-13212,-25025,brushing
520545230,848,-66,72,29627,-9082,-25900,brushing
520551661,848,-35,99,29627,-9082,-25900,brushing
520564198,848,-35,99,32060,-7017,-27055,brushing
520569104,858,-6,119,32060,-7017,-27055,brushing
520583472,858,-6,119,33985,-6457,-29032,brushing
520586240,865,0,127,33985,-6457,-29032,brushing
520602746,865,0,127,34317,-8470,-32480,brushing
520603376,874,-3,122,34317,-8470,-32480,brushing
520620796,887,-6,115,34317,-8470,-32480,brushing
520621733,887,-6,115,32252,-10307,-36592,brushing
520637933,919,-15,102,32252,-10307,-36592,brushing
520641007,919,-15,102,28455,-9852,-39847,brushing
520655070,977,-20,92,28455,-9852,-39847,brushing
520660280,977,-20,92,24517,-4935,-42437,brushing
520672512,1029,-20,74,24517,-4935,-42437,brushing
520679249,1029,-20,74,20860,1872,-44887,brushing
520689649,1111,31,64,20860,1872,-44887,brushing
520698523,1111,31,64,17010,4777,-48125,brushing
520706786,1187,92,48,17010,4777,-48125,brushing
520717796,1187,92,48,13947,3447,-46077,brushing
520723922,1247,133,11,13947,3447,-46077,brushing
520737070,1247,133,11,10377,1505,-40022,brushing
520741364,1298,180,-53,10377,1505,-40022,brushing
520756037,1298,180,-53,6230,2660,-31325,brushing
520758499,1347,182,-133,6230,2660,-31325,brushing
520775311,1347,182,-133,1067,8470,-21805,brushing
520775941,1386,202,-169,1067,8470,-21805,brushing
520793057,1403,225,-141,1067,8470,-21805,brushing
520794604,1403,225,-141,-5180,11795,-11532,brushing
520810195,1375,175,-126,-5180,11795,-11532,brushing
520813574,1375,175,-126,-12897,3185,-3465,brushing
520827331,1357,149,-94,-12897,3185,-3465,brushing
520832847,1357,149,-94,-19932,-192,4410,brushing
520844468,1353,101,-93,-19932,-192,4410,brushing
520852122,1353,101,-93,-28857,-4830,10920,brushing
520861911,1335,88,-83,-28857,-4830,10920,brushing
520871090,1335,88,-83,-37520,-3377,16502,brushing
520879047,1304,87,-38,-37520,-3377,16502,brushing
520890364,1304,87,-38,-45202,7945,23257,brushing
520896184,1272,129,38,-45202,7945,23257,brushing
520909638,1272,129,38,-53130,11392,28402,brushing
520913627,1232,174,157,-53130,11392,28402,brushing
520928911,1232,174,157,-59535,4655,31937,brushing
520930764,1185,141,201,-59535,4655,31937,brushing
520947880,1099,90,201,-65607,2555,34335,brushing
520965315,1057,177,203,-65607,2555,34335,brushing
520967166,1057,177,203,-72887,6615,37415,brushing
520982451,1009,213,180,-72887,6615,37415,brushing
520986439,1009,213,180,-82897,3885,41842,brushing
520999587,926,219,179,-82897,3885,41842,brushing
521005408,926,219,179,-94745,-4585,43680,brushing
521016724,907,196,183,-94745,-4585,43680,brushing
521024681,907,196,183,-105367,-14087,43697,brushing
521034165,892,149,174,-105367,-14087,43697,brushing
521043955,892,149,174,-112647,-12092,45027,brushing
521051302,832,64,225,-112647,-12092,45027,brushing
521063228,832,64,225,-117880,-17342,42227,brushing
521068438,762,11,257,-117880,-17342,42227,brushing
521082196,762,11,257,-120032,-35035,36715,brushing
521085575,735,-92,274,-120032,-35035,36715,brushing
521101470,735,-92,274,-120382,-45115,30030,brushing
521103016,753,-182,190,-120382,-45115,30030,brushing
521120133,731,-276,148,-120382,-45115,30030,brushing
521120763,731,-276,148,-122675,-39882,24570,brushing
521137270,627,-350,254,-122675,-39882,24570,brushing
521139733,627,-350,254,-121240,-10762,25690,brushing
521154712,570,-329,392,-121240,-10762,25690,brushing
521159006,570,-329,392,-110652,40880,26740,brushing
521171848,587,-186,528,-110652,40880,26740,brushing
521178280,587,-186,528,-93432,92732,23397,brushing
521188985,564,26,611,-93432,92732,23397,brushing
521197248,564,26,611,-77595,114205,19425,brushing
521206121,549,112,625,-77595,114205,19425,brushing
521216522,549,112,625,-64697,104195,17867,brushing
521223563,531,82,599,-64697,104195,17867,brushing
521235796,531,82,599,-54232,96845,15750,brushing
521240700,545,-4,567,-54232,96845,15750,brushing
521254763,545,-4,567,-48020,104212,9922,brushing
521257835,546,-27,591,-48020,104212,9922,brushing
521274037,546,-27,591,-43172,118982,2030,brushing
521274973,545,25,674,-43172,118982,2030,brushing
521292395,592,113,771,-43172,118982,2030,brushing
521293331,592,113,771,-39007,121940,-6282,brushing
521309532,631,173,830,-39007,121940,-6282,brushing
521312299,631,173,830,-34597,109742,-15715,brushing
521326668,663,234,915,-34597,109742,-15715,brushing
521331573,663,234,915,-30905,87027,-24937,brushing
521344111,693,305,907,-30905,87027,-24937,brushing
521350847,693,305,907,-28542,61915,-30310,brushing
521361247,680,381,948,-28542,61915,-30310,brushing
521369815,680,381,948,-27597,41615,-32602,brushing
521378384,633,443,1000,-27597,41615,-32602,brushing
521389089,633,443,1000,-27037,12967,-36365,brushing
521395520,615,485,1022,-27037,12967,-36365,brushing
521408363,615,485,1022,-26250,-22155,-39462,brushing
521412962,593,448,941,-26250,-22155,-39462,brushing
521427637,593,448,941,-26512,-48632,-39182,brushing
521430100,565,392,866,-26512,-48632,-39182,brushing
521446606,565,392,866,-26512,-66570,-36662,brushing
521447236,567,314,842,-26512,-66570,-36662,brushing
521464353,560,151,826,-26512,-66570,-36662,brushing
521465900,560,151,826,-24465,-83650,-38482,brushing
521481796,619,74,766,-24465,-83650,-38482,brushing
521485175,619,74,766,-20667,-91122,-43120,brushing
521498933,707,7,760,-20667,-91122,-43120,brushing
521504144,707,7,760,-15802,-89092,-48510,brushing
521516069,805,-27,738,-15802,-89092,-48510,brushing
521523417,805,-27,738,-8505,-76545,-51467,brushing
521533511,858,59,632,-8505,-76545,-51467,brushing
521542691,858,59,632,-1767,-59920,-46532,brushing
521550649,938,167,568,-1767,-59920,-46532,brushing
521561659,938,167,568,2205,-49892,-33810,brushing
521567786,1006,206,509,2205,-49892,-33810,brushing
521580933,1006,206,509,4305,-46095,-16205,brushing
521584922,1021,188,449,4305,-46095,-16205,brushing
521600207,1021,188,449,4567,-40040,4165,brushing
521602365,1063,118,289,4567,-40040,4165,brushing
521619176,1063,118,289,1067,-33967,19390,brushing
521619806,930,-259,335,1067,-33967,19390,brushing
521636617,818,-466,298,1067,-33967,19390,brushing
521638469,818,-466,298,1172,-19215,19740,brushing
521653753,813,-393,216,1172,-19215,19740,brushing
521657742,813,-393,216,3500,34230,17972,brushing
521671195,869,5,214,3500,34230,17972,brushing
521676710,869,5,214,1890,96005,25252,brushing
521688332,811,350,397,1890,96005,25252,brushing
521695984,811,350,397,-1995,119017,38360,brushing
521705468,783,647,458,-1995,119017,38360,brushing
521715257,783,647,458,-7735,112367,55160,brushing
521722911,729,734,607,-7735,112367,55160,brushing
521734532,729,734,607,-14822,95445,70822,brushing
521740048,537,566,881,-14822,95445,70822,brushing
521753501,537,566,881,-18182,59587,70350,brushing
521757185,309,193,1126,-18182,59587,70350,brushing
521772775,309,193,1126,-14735,20860,47740,brushing
521774627,91,-74,1305,-14735,20860,47740,brushing
521791743,-20,-118,1388,-2625,612,10465,brushing
521808871,338,482,1085,-2625,612,10465,brushing
521811334,338,482,1085,10167,12845,-11865,brushing
521826008,562,651,1025,10167,12845,-11865,brushing
521830303,562,651,1025,5442,-1312,-18532,brushing
521843450,483,418,1003,5442,-1312,-18532,brushing
521849575,483,418,1003,-3832,-63105,-33495,brushing
521860586,512,164,762,-3832,-63105,-33495,brushing
521868849,512,164,762,-11602,-89792,-48755,brushing
521877723,576,-145,720,-11602,-89792,-48755,brushing
521887818,576,-145,720,-20527,-93467,-68110,brushing
521895165,811,-198,503,-20527,-93467,-68110,brushing
521907092,811,-198,503,-22470,-30835,-66885,brushing
521912301,1079,-67,438,-22470,-30835,-66885,brushing
521926365,1079,-67,438,-24220,40425,-49910,brushing
521929438,1220,205,565,-24220,40425,-49910,brushing
521945333,1220,205,565,-28542,48685,-25042,brushing
521946575,1344,450,444,-28542,48685,-25042,brushing
521963998,1186,231,685,-28542,48685,-25042,brushing
521964628,1186,231,685,-38080,24622,6912,brushing
521981133,863,-58,801,-38080,24622,6912,brushing
521983901,863,-58,801,-33512,245,28665,brushing
521998270,828,-79,692,-33512,245,28665,brushing
522002869,828,-79,692,-19757,18812,46707,brushing
522015712,749,10,658,-19757,18812,46707,brushing
522022143,749,10,658,-8277,32322,57925,brushing
522032847,686,110,534,-8277,32322,57925,brushing
522041416,686,110,534,1190,35017,65940,brushing
522049985,729,264,297,1190,35017,65940,brushing
522060691,729,264,297,6247,58117,80482,brushing
522067121,773,389,233,6247,58117,80482,brushing
522079659,773,389,233,3255,90895,97160,brushing
522084564,600,391,478,3255,90895,97160,brushing
522098933,600,391,478,-2222,84140,100940,brushing
522101701,439,369,610,-2222,84140,100940,brushing
522118207,439,369,610,-5792,70017,95917,brushing
522118837,376,311,761,-5792,70017,95917,brushing
522136258,212,159,1052,-5792,70017,95917,brushing
522137195,212,159,1052,-6825,65835,81357,brushing
522153395,86,122,1231,-6825,65835,81357,brushing
522156468,86,122,1231,-490,55632,55247,brushing
522170531,47,227,1382,-490,55632,55247,brushing
522175740,47,227,1382,10570,38500,24360,brushing
522187972,243,583,1195,10570,38500,24360,brushing
522195014,243,583,1195,19232,25532,7595,brushing
522205108,411,689,1060,19232,25532,7595,brushing
522213981,411,689,1060,15907,-3815,-4147,brushing
522222245,465,566,954,15907,-3815,-4147,brushing
522233256,465,566,954,5985,-47635,-19337,brushing
522239382,469,371,818,5985,-47635,-19337,brushing
522252530,469,371,818,-4777,-78522,-34090,brushing
522256824,487,201,738,-4777,-78522,-34090,brushing
522271803,487,201,738,-15225,-84980,-47250,brushing
522273961,521,129,713,-15225,-84980,-47250,brushing
522290773,521,129,713,-23380,-80710,-57417,brushing
522291403,630,-3,701,-23380,-80710,-57417,brushing
522308520,798,-53,648,-23380,-80710,-57417,brushing
522310066,798,-53,648,-29120,-64960,-64102,brushing
522325656,939,72,659,-29120,-64960,-64102,brushing
522329341,939,72,659,-30625,-29120,-55930,brushing
522342793,1093,156,544,-30625,-29120,-55930,brushing
522348309,1093,156,544,-31850,-19635,-41632,brushing
522359930,1138,47,489,-31850,-19635,-41632,brushing
522367582,1138,47,489,-34755,-18270,-21980,brushing
522377371,1097,-78,493,-34755,-18270,-21980,brushing
522386855,1097,-78,493,-35840,-10832,770,brushing
522394507,715,-485,810,-35840,-10832,770,brushing
522405823,715,-485,810,-22172,-6142,6195,brushing
522411643,700,-356,671,-22172,-6142,6195,brushing
522425097,700,-356,671,-3850,28385,14490,brushing
522429086,789,-74,585,-3850,28385,14490,brushing
522444371,789,-74,585,8487,53007,28035,brushing
522446223,709,206,562,8487,53007,28035,brushing
522463340,765,416,456,18287,62650,45272,brushing
522480774,670,461,546,18287,62650,45272,brushing
522482626,670,461,546,23047,62475,62860,brushing
522497910,623,485,474,23047,62475,62860,brushing
522501900,623,485,474,28735,66762,77280,brushing
522515049,510,429,668,28735,66762,77280,brushing
522521175,510,429,668,28140,70647,83597,brushing
522532186,351,386,789,28140,70647,83597,brushing
522540143,351,386,789,27667,50522,76405,brushing
522549627,284,248,863,27667,50522,76405,brushing
522559415,284,248,863,25707,41772,58590,brushing
522566763,98,111,1091,25707,41772,58590,brushing
522578689,98,111,1091,26232,27370,23887,brushing
522583900,61,221,1105,26232,27370,23887,brushing
522597659,61,221,1105,28787,34212,-4795,brushing
522601037,335,674,925,28787,34212,-4795,brushing
522616932,335,674,925,17972,29505,-18252,brushing
522618480,484,815,948,17972,29505,-18252,brushing
522635596,453,577,1032,17972,29505,-18252,brushing
522636226,453,577,1032,1452,-17797,-33915,brushing
522652732,449,346,980,1452,-17797,-33915,brushing
522655500,449,346,980,-7490,-56857,-51607,brushing
522670174,532,253,853,-7490,-56857,-51607,brushing
522674468,532,253,853,-11077,-56420,-63035,brushing
522687310,566,180,871,-11077,-56420,-63035,brushing
522693742,566,180,871,-13650,-51222,-72467,brushing
522704447,676,234,806,-13650,-51222,-72467,brushing
522713015,676,234,806,-12600,-44782,-74567,brushing
522721888,758,176,808,-12600,-44782,-74567,brushing
522731983,758,176,808,-9275,-39777,-71960,brushing
522739026,859,205,739,-9275,-39777,-71960,brushing
522751258,859,205,739,-3972,-32182,-63175,brushing
522756163,981,264,564,-3972,-32182,-63175,brushing
522770531,981,264,564,-1907,-24220,-46550,brushing
522773300,1010,238,505,-1907,-24220,-46550,brushing
522789805,1010,238,505,-4865,-19250,-22452,brushing
522790741,1004,225,424,-4865,-19250,-22452,brushing
522807857,920,139,502,-4865,-19250,-22452,brushing
522808794,920,139,502,-9485,-18462,3727,brushing
522824994,843,59,389,-9485,-18462,3727,brushing
522828068,843,59,389,-3675,11165,29627,brushing
522842438,767,175,405,-3675,11165,29627,brushing
522847343,767,175,405,-437,59535,55125,brushing
522859575,605,95,651,-437,59535,55125,brushing
522866311,605,95,651,4147,52115,65572,brushing
522876712,511,80,759,4147,52115,65572,brushing
522885585,511,80,759,12512,30905,66307,brushing
522893848,443,-74,894,12512,30905,66307,brushing
522904859,443,-74,894,24692,-15365,47845,brushing
522911290,372,-224,911,24692,-15365,47845,brushing
522923827,372,-224,911,46007,-52,32025,brushing
522928427,294,-308,828,46007,-52,32025,brushing
522943101,294,-308,828,60672,42192,13790,brushing
522945563,696,492,687,60672,42192,13790,brushing
522962374,696,492,687,51537,9065,11095,brushing
522963004,644,492,844,51537,9065,11095,brushing
522980120,555,317,600,51537,9065,11095,brushing
522981668,555,317,600,45535,-61425,-507,brushing
522997257,604,400,681,45535,-61425,-507,brushing
523000636,604,400,681,39270,-43417,245,brushing
523014699,637,468,722,39270,-43417,245,brushing
523019909,637,468,722,36452,-36977,2310,brushing
523031836,686,421,714,36452,-36977,2310,brushing
523039183,686,421,714,33740,-45920,840,brushing
523048973,701,341,742,33740,-45920,840,brushing
523058152,701,341,742,32952,-46777,1260,brushing
523066110,720,298,675,32952,-46777,1260,brushing
523077425,720,298,675,32112,-38395,2275,brushing
523083552,744,217,629,32112,-38395,2275,brushing
523096700,744,217,629,26915,-44520,-2625,brushing
523100689,739,36,583,26915,-44520,-2625,brushing
523115973,739,36,583,21997,-26862,-7122,brushing
523117826,769,95,561,21997,-26862,-7122,brushing
523134942,769,95,561,14017,-17482,-10307,brushing
523135572,762,154,756,14017,-17482,-10307,brushing
523152383,724,146,806,14017,-17482,-10307,brushing
523154236,724,146,806,12302,-31850,-17535,brushing
523169520,724,91,769,12302,-31850,-17535,brushing
523173510,724,91,769,13265,-37940,-24290,brushing
523186963,649,41,786,13265,-37940,-24290,brushing
523192479,649,41,786,13335,-29732,-30205,brushing
523204101,550,13,817,13335,-29732,-30205,brushing
523211753,550,13,817,12705,-34300,-43067,brushing
523221237,510,10,696,12705,-34300,-43067,brushing
523231027,510,10,696,12722,-39707,-57785,brushing
523238374,562,137,534,12722,-39707,-57785,brushing
523250301,562,137,534,14035,5967,-53042,brushing
523255816,689,396,464,14035,5967,-53042,brushing
523269270,689,396,464,6265,37222,-41177,brushing
523272953,760,526,443,6265,37222,-41177,brushing
523288543,760,526,443,-8715,18305,-35297,brushing
523290089,815,477,482,-8715,18305,-35297,brushing
523307511,841,327,579,-19267,3955,-27982,brushing
523324640,812,184,716,-19267,3955,-27982,brushing
523326797,812,184,716,-21980,4725,-21682,brushing
523341775,774,82,830,-21980,4725,-21682,brushing
523346069,774,82,830,-16572,35,-21735,brushing
523359216,759,73,831,-16572,35,-21735,brushing
523365342,759,73,831,-6632,-2292,-23922,brushing
523376353,774,152,805,-6632,-2292,-23922,brushing
523384616,774,152,805,3692,4392,-23065,brushing
523393490,777,237,736,3692,4392,-23065,brushing
523403585,777,237,736,10360,12915,-19320,brushing
523410626,820,415,671,10360,12915,-19320,brushing
523422858,820,415,671,11935,20720,-9100,brushing
523428068,842,477,603,11935,20720,-9100,brushing
523442131,842,477,603,7227,9432,-2152,brushing
523445205,776,284,552,7227,9432,-2152,brushing
523461100,776,284,552,980,1277,-507,brushing
523462342,760,199,541,980,1277,-507,brushing
523479763,788,248,590,980,1277,-507,brushing
523480394,788,248,590,-1155,19495,5792,brushing
523496900,860,302,578,-1155,19495,5792,brushing
523499668,860,302,578,-752,37380,14262,brushing
523514037,899,401,561,-752,37380,14262,brushing
523518637,899,401,561,-1522,52867,27055,brushing
523531174,861,428,575,-1522,52867,27055,brushing
523537911,861,428,575,-5355,49647,37380,brushing
523548616,725,289,667,-5355,49647,37380,brushing
523557185,725,289,667,-7717,34475,40670,brushing
523565754,581,208,718,-7717,34475,40670,brushing
523576459,581,208,718,-4305,25392,36715,brushing
523582891,521,209,683,-4305,25392,36715,brushing
523595428,521,209,683,542,30765,31272,brushing
523600028,486,236,745,542,30765,31272,brushing
523614702,486,236,745,4585,27037,21385,brushing
523617469,420,221,769,4585,27037,21385,brushing
523633974,420,221,769,10710,20457,7577,brushing
523634604,538,338,673,10710,20457,7577,brushing
523651721,652,481,650,10710,20457,7577,brushing
523652963,652,481,650,15032,32375,5267,brushing
523669163,717,580,623,15032,32375,5267,brushing
523672237,717,580,623,13142,27510,8277,brushing
523686300,679,418,663,13142,27510,8277,brushing
523691511,679,418,663,6860,7000,9677,brushing
523703438,660,277,690,6860,7000,9677,brushing
523710480,660,277,690,3010,-5547,6545,brushing
523720574,631,164,703,3010,-5547,6545,brushing
523729753,631,164,703,1942,-2222,700,brushing
523738016,539,48,747,1942,-2222,700,brushing
523749027,539,48,747,1977,-4917,-13947,brushing
523755153,490,-23,753,1977,-4917,-13947,brushing
523768302,490,-23,753,4392,-682,-31325,brushing
523772291,534,39,747,4392,-682,-31325,brushing
523787270,534,39,747,8662,22155,-41877,brushing
523789732,552,173,724,8662,22155,-41877,brushing
523806543,552,173,724,10657,26897,-52115,brushing
523807173,540,318,751,10657,26897,-52115,brushing
523823984,482,269,755,10657,26897,-52115,brushing
523825836,482,269,755,10587,-8190,-67550,brushing
523841120,481,240,702,10587,-8190,-67550,brushing
523844805,481,240,702,11725,-39567,-84105,brushing
523858563,611,447,647,11725,-39567,-84105,brushing
523864080,611,447,647,18882,-12792,-82005,brushing
523875701,810,677,483,18882,-12792,-82005,brushing
523883354,810,677,483,21875,11917,-70350,brushing
523892838,1066,941,373,21875,11917,-70350,brushing
523902322,1066,941,373,16100,14910,-44940,brushing
523909974,1173,891,373,16100,14910,-44940,brushing
523921595,1173,891,373,4112,-8767,-18165,brushing
523927416,1017,389,458,4112,-8767,-18165,brushing
523940868,1017,389,458,-5110,-35262,-8190,brushing
523944553,845,78,444,-5110,-35262,-8190,brushing
523959836,845,78,444,-5215,-4375,-70,brushing
523961689,836,179,447,-5215,-4375,-70,brushing
523979110,871,440,483,-4707,39235,13335,brushing
523996240,837,577,479,-4707,39235,13335,brushing
523998397,837,577,479,-7910,47722,26582,brushing
524013377,787,543,490,-7910,47722,26582,brushing
524017367,787,543,490,-12617,42630,38710,brushing
524030515,752,606,533,-12617,42630,38710,brushing
524036642,752,606,533,-13527,45570,50312,brushing
524047957,678,504,609,-13527,45570,50312,brushing
524055915,678,504,609,-11952,42787,57102,brushing
524065094,502,269,810,-11952,42787,57102,brushing
524075189,502,269,810,-3570,14507,45797,brushing
524082231,463,285,702,-3570,14507,45797,brushing
524094157,463,285,702,9625,23450,38500,brushing
524099367,498,352,659,9625,23450,38500,brushing
524113430,498,352,659,18060,28647,28682,brushing
524116810,521,426,596,18060,28647,28682,brushing
524132705,521,426,596,21857,27090,21315,brushing
524133947,561,501,533,21857,27090,21315,brushing
524151062,570,488,540,21857,27090,21315,brushing
524151692,570,488,540,20895,19915,15330,brushing
524168504,593,442,551,20895,19915,15330,brushing
524170967,593,442,551,17972,10885,8802,brushing
524185642,628,399,603,17972,10885,8802,brushing
524190241,628,399,603,15382,10290,3377,brushing
524202779,635,322,657,15382,10290,3377,brushing
524209209,635,322,657,13650,7787,-5022,brushing
524219915,608,236,717,13650,7787,-5022,brushing
524228483,608,236,717,14350,7595,-17377,brushing
524237357,579,230,726,14350,7595,-17377,brushing
524247756,579,230,726,17657,11410,-30205,brushing
524254492,603,439,683,17657,11410,-30205,brushing
524266725,603,439,683,19932,13160,-35840,brushing
524271629,592,517,729,19932,13160,-35840,brushing
524285999,592,517,729,19285,-19005,-46690,brushing
524288766,480,306,700,19285,-19005,-46690,brushing
524305272,480,306,700,20037,-48072,-64855,brushing
524306208,557,314,562,20037,-48072,-64855,brushing
524323326,733,586,452,20037,-48072,-64855,brushing
524324262,733,586,452,23905,-8977,-62440,brushing
524340463,1025,965,271,23905,-8977,-62440,brushing
524343536,1025,965,271,22872,23975,-48212,brushing
524357905,1267,1170,225,22872,23975,-48212,brushing
524362810,1267,1170,225,9957,20352,-20177,brushing
524375042,1284,942,301,9957,20352,-20177,brushing
524381779,1284,942,301,-9677,-24815,7122,brushing
524392180,1056,450,371,-9677,-24815,7122,brushing
524401053,1056,450,371,-20650,-49210,21980,brushing
524409317,949,408,426,-20650,-49210,21980,brushing
524420327,949,408,426,-21280,-8435,44432,brushing
524426757,993,731,395,-21280,-8435,44432,brushing
524439599,993,731,395,-25147,13020,69055,brushing
524443894,822,543,565,-25147,13020,69055,brushing
524458568,822,543,565,-27755,-19810,73517,brushing
524461031,675,421,575,-27755,-19810,73517,brushing
524477842,675,421,575,-24745,-28945,74497,brushing
524478472,552,233,569,-24745,-28945,74497,brushing
524495589,386,86,624,-24745,-28945,74497,brushing
524497136,386,86,624,-18725,-21052,65677,brushing
524512726,255,-89,706,-18725,-21052,65677,brushing
524516104,255,-89,706,-8120,-7402,43785,brushing
524529862,224,-193,706,-8120,-7402,43785,brushing
524535377,224,-193,706,6475,-7210,7087,brushing
524546998,366,131,604,6475,-7210,7087,brushing
524554651,366,131,604,22960,19442,-15295,brushing
524564440,467,508,546,22960,19442,-15295,brushing
524573619,467,508,546,31255,35437,-22050,brushing
524581577,477,605,572,31255,35437,-22050,brushing
524592892,477,605,572,33197,542,-32270,brushing
524598714,435,374,622,33197,542,-32270,brushing
524612167,435,374,622,37660,-34090,-49105,brushing
524616157,457,220,551,37660,-34090,-49105,brushing
524631136,457,220,551,44345,-20685,-58765,brushing
524633294,522,250,441,44345,-20685,-58765,brushing
524650410,605,394,391,46970,14315,-60392,brushing
524667844,759,581,327,46970,14315,-60392,brushing
524669696,759,581,327,48107,38115,-55037,brushing
524684980,894,798,328,48107,38115,-55037,brushing
524688969,894,798,328,45412,41527,-41422,brushing
524702116,1009,821,335,45412,41527,-41422,brushing
524707937,1009,821,335,42525,21875,-21770,brushing
524719254,1019,704,412,42525,21875,-21770,brushing
524727211,1019,704,412,42052,8225,630,brushing
524736696,1020,604,369,42052,8225,630,brushing
524746487,1020,604,369,42577,7297,20895,brushing
524753834,1064,520,298,42577,7297,20895,brushing
524765454,1064,520,298,40215,15890,33320,brushing
524770969,1118,571,287,40215,15890,33320,brushing
524784728,1118,571,287,31797,19512,43242,brushing
524788106,1116,627,279,31797,19512,43242,brushing
524804001,1116,627,279,19127,16800,53007,brushing
524805548,1048,632,298,19127,16800,53007,brushing
524822664,1028,582,265,4672,6702,59465,brushing
524839793,975,560,340,4672,6702,59465,brushing
524842256,975,560,340,-8435,5075,64155,brushing
524857235,866,470,447,-8435,5075,64155,brushing
524861529,866,470,447,-17622,-1785,63262,brushing
524874372,743,361,462,-17622,-1785,63262,brushing
524880499,743,361,462,-21507,-10307,56472,brushing
524891510,627,246,539,-21507,-10307,56472,brushing
524899773,627,246,539,-21542,-15470,43662,brushing
524908648,567,75,538,-21542,-15470,43662,brushing
524919047,567,75,538,-16625,-22295,22715,brushing
524926089,525,-159,526,-16625,-22295,22715,brushing
524938015,525,-159,526,-8067,-12040,-5215,brushing
524943225,598,-142,425,-8067,-12040,-5215,brushing
524957289,598,-142,425,1505,34072,-22540,brushing
524960362,636,96,432,1505,34072,-22540,brushing
524976562,636,96,432,8697,66972,-32865,brushing
524977498,625,256,450,8697,66972,-32865,brushing
524994919,587,296,459,8697,66972,-32865,brushing
524995549,587,296,459,11357,54740,-46707,brushing
525012056,644,432,402,11357,54740,-46707,brushing
525014824,644,432,402,11935,30590,-58135,brushing
525029193,768,500,359,11935,30590,-58135,brushing
525034098,768,500,359,11847,26145,-61110,brushing
525046329,855,667,248,11847,26145,-61110,brushing
525053371,855,667,248,12932,60480,-49962,brushing
525063772,940,970,249,12932,60480,-49962,brushing
525072340,940,970,249,9065,86730,-29260,brushing
525080908,1048,1212,264,9065,86730,-29260,brushing
525091614,1048,1212,264,-770,70770,-4515,brushing
525098046,1011,937,389,-770,70770,-4515,brushing
525110888,1011,937,389,-12985,9362,3325,brushing
525115488,909,580,329,-12985,9362,3325,brushing
525129857,909,580,329,-18357,-5565,10045,brushing
525132625,866,618,356,-18357,-5565,10045,brushing
525149129,866,618,356,-16152,31325,32550,brushing
525149760,1000,1113,312,-16152,31325,32550,brushing
525167181,978,1030,445,-16152,31325,32550,brushing
525168422,978,1030,445,-19267,35105,63367,brushing
525184317,743,414,477,-19267,35105,63367,brushing
525187390,743,414,477,-25655,-44187,61302,brushing
525201453,618,172,387,-25655,-44187,61302,brushing
525206663,618,172,387,-21122,-67042,53025,brushing
525218589,640,78,348,-21122,-67042,53025,brushing
525225936,640,78,348,-13002,-16170,54040,brushing
525236031,454,-391,547,-13002,-16170,54040,brushing
525245209,454,-391,547,-2782,-20265,19547,brushing
525253168,435,-594,363,-2782,-20265,19547,brushing
525264178,435,-594,363,9467,4602,-20457,brushing
525270305,613,-61,75,9467,4602,-20457,brushing
525283452,613,-61,75,13160,81952,-29697,brushing
525287441,718,354,77,13160,81952,-29697,brushing
525302726,718,354,77,6300,107380,-34912,brushing
525304883,728,485,244,6300,107380,-34912,brushing
525321694,728,485,244,-1260,64015,-51082,brushing
525322324,564,255,537,-1260,64015,-51082,brushing
525339136,583,320,346,-1260,64015,-51082,brushing
525340987,583,320,346,-1032,19127,-75285,brushing
525356578,723,764,297,-1032,19127,-75285,brushing
525360262,723,764,297,2940,69317,-66867,brushing
525373715,941,1424,284,2940,69317,-66867,brushing
525379229,941,1424,284,3850,112332,-39025,brushing
525390850,1230,1888,298,3850,112332,-39025,brushing
525398503,1230,1888,298,-4585,88462,1557,brushing
525407987,1178,1297,534,-4585,88462,1557,brushing
525417778,1178,1297,534,-18847,-23782,20405,brushing
525425429,967,706,376,-18847,-23782,20405,brushing
525436746,967,706,376,-24115,-62370,30537,brushing
525442566,988,726,231,-24115,-62370,30537,brushing
525456019,988,726,231,-26057,-9152,57522,brushing
525459702,984,706,329,-26057,-9152,57522,brushing
525475291,984,706,329,-32567,-8260,67742,brushing
525476838,755,381,376,-32567,-8260,67742,brushing
525494260,667,338,251,-36347,-38167,57225,brushing
525511389,723,387,274,-36347,-38167,57225,brushing
525513546,723,387,274,-35035,-10255,59377,brushing
525528525,630,238,351,-35035,-10255,59377,brushing
525532820,630,238,351,-30485,3745,54460,brushing
525545968,538,-142,371,-30485,3745,54460,brushing
525552094,538,-142,371,-22995,-4287,32322,brushing
525563105,500,-516,303,-22995,-4287,32322,brushing
525571062,500,-516,303,-13702,3342,-4480,brushing
525580241,626,-82,68,-13702,3342,-4480,brushing
525590336,626,-82,68,-9187,71890,-20580,brushing
525597378,725,371,47,-9187,71890,-20580,brushing
525609610,725,371,47,-17045,100695,-28245,brushing
525614820,721,416,88,-17045,100695,-28245,brushing
525628579,721,416,88,-31010,72205,-45220,brushing
525631957,627,287,296,-31010,72205,-45220,brushing
525647852,627,287,296,-33775,73465,-55702,brushing
525649094,701,598,416,-33775,73465,-55702,brushing
525666516,749,987,507,-33775,73465,-55702,brushing
525667146,749,987,507,-26967,104037,-45377,brushing
525683652,832,1265,534,-26967,104037,-45377,brushing
525686115,832,1265,534,-21525,85190,-32235,brushing
525700789,945,1435,498,-21525,85190,-32235,brushing
525705388,945,1435,498,-18777,52150,-7910,brushing
525717925,945,1225,545,-18777,52150,-7910,brushing
525724662,945,1225,545,-18672,6685,15050,brushing
525735367,821,749,434,-18672,6685,15050,brushing
525743630,821,749,434,-18900,-38395,20282,brushing
525752503,776,665,285,-18900,-38395,20282,brushing
525762903,776,665,285,-18795,-18165,29925,brushing
525769641,819,893,224,-18795,-18165,29925,brushing
525782177,819,893,224,-21875,5162,46550,brushing
525786778,858,1060,212,-21875,5162,46550,brushing
525801451,858,1060,212,-27580,-6545,61512,brushing
525804219,712,599,384,-27580,-6545,61512,brushing
525820419,712,599,384,-28665,-48457,53725,brushing
525821355,542,233,320,-28665,-48457,53725,brushing
525838472,517,-28,188,-28665,-48457,53725,brushing
525839713,517,-28,188,-23397,-40565,41177,brushing
525855914,473,-171,274,-23397,-40565,41177,brushing
525858987,473,-171,274,-17570,1872,23642,brushing
525873052,545,-28,256,-17570,1872,23642,brushing
525877957,545,-28,256,-9835,36785,630,brushing
525890189,640,309,359,-9835,36785,630,brushing
525897230,640,309,359,-3902,56227,-12407,brushing
525907324,694,393,371,-3902,56227,-12407,brushing
525916503,694,393,371,910,47145,-23905,brushing
525924767,706,411,368,910,47145,-23905,brushing
525935473,706,411,368,2800,39147,-31622,brushing
525941905,667,361,357,2800,39147,-31622,brushing
525954748,667,361,357,3605,32445,-41615,brushing
525959041,712,444,295,3605,32445,-41615,brushing
525974021,712,444,295,4620,55947,-42857,brushing
525976177,796,830,247,4620,55947,-42857,brushing
525993294,796,830,247,-385,61022,-33582,brushing
525993924,837,1118,298,-385,61022,-33582,brushing
526010736,921,1331,280,-385,61022,-33582,brushing
526012283,921,1331,280,-7035,42892,-16747,brushing
526027873,962,1339,426,-7035,42892,-16747,brushing
526031557,962,1339,426,-13632,26355,9590,brushing
526045314,829,911,479,-13632,26355,9590,brushing
526050829,829,911,479,-16940,-24972,20125,brushing
526062449,742,679,358,-16940,-24972,20125,brushing
526069796,742,679,358,-14700,-32742,25322,brushing
526079585,773,871,282,-14700,-32742,25322,brushing
526089070,773,871,282,-12075,2362,41982,brushing
526096723,854,1167,260,-12075,2362,41982,brushing
526108344,854,1167,260,-13562,10360,64995,brushing
526114165,760,921,388,-13562,10360,64995,brushing
526127313,760,921,388,-14997,-27317,71802,brushing
526131302,625,489,355,-14997,-27317,71802,brushing
526146586,625,489,355,-13352,-54530,63577,brushing
526148437,596,182,227,-13352,-54530,63577,brushing
526165858,588,23,273,-9922,-32410,52762,brushing
526182988,554,-168,361,-9922,-32410,52762,brushing
526184839,554,-168,361,-3797,-7297,33145,brushing
526200124,538,-314,386,-3797,-7297,33145,brushing
526204113,538,-314,386,5337,-3447,-35,brushing
526217260,636,79,338,5337,-3447,-35,brushing
526223386,636,79,338,14910,26057,-20107,brushing
526234702,698,422,326,14910,26057,-20107,brushing
526242660,698,422,326,19180,30975,-29662,brushing
526251838,653,312,397,19180,30975,-29662,brushing
526261627,653,312,397,21997,9537,-41667,brushing
526268974,672,419,373,21997,9537,-41667,brushing
526280901,672,419,373,28210,21647,-45290,brushing
526286417,792,619,304,28210,21647,-45290,brushing
526300174,792,619,304,27527,23607,-44572,brushing
526303553,780,641,239,27527,23607,-44572,brushing
526319142,780,641,239,22557,26967,-41352,brushing
526320689,825,936,196,22557,26967,-41352,brushing
526337805,941,1350,177,22557,26967,-41352,brushing
526338435,941,1350,177,14997,39795,-21997,brushing
526355247,970,1549,359,14997,39795,-21997,brushing
526357710,970,1549,359,7717,28420,11340,brushing
526372383,877,1119,446,7717,28420,11340,brushing
526376983,877,1119,446,3570,-36452,31972,brushing
526389521,773,666,312,3570,-36452,31972,brushing
526395952,773,666,312,4952,-73570,38185,brushing
526406964,840,721,191,4952,-73570,38185,brushing
526415227,840,721,191,8365,-36680,54215,brushing
526424101,889,808,287,8365,-36680,54215,brushing
526434500,889,808,287,7297,-12915,72135,brushing
526441236,761,537,428,7297,-12915,72135,brushing
526453468,761,537,428,7035,-53760,66377,brushing
526458678,704,320,280,7035,-53760,66377,brushing
526472742,704,320,280,7630,-64907,59167,brushing
526475815,698,205,277,7630,-64907,59167,brushing
526492016,698,205,277,11777,-47915,51905,brushing
526492953,674,61,335,11777,-47915,51905,brushing
526510069,611,-194,402,11777,-47915,51905,brushing
526511005,611,-194,402,18900,-40845,33285,brushing
526527511,624,-289,349,18900,-40845,33285,brushing
526530280,624,-289,349,28735,-42175,2747,brushing
526544649,726,-63,213,28735,-42175,2747,brushing
526549554,726,-63,213,36435,-9065,-15750,brushing
526561785,796,254,178,36435,-9065,-15750,brushing
526568522,796,254,178,34405,16502,-25585,brushing
526578922,769,339,234,34405,16502,-25585,brushing
526587796,769,339,234,26705,4480,-36277,brushing
526596365,808,453,193,26705,4480,-36277,brushing
526607070,808,453,193,21822,9590,-39252,brushing
526613501,860,607,250,21822,9590,-39252,brushing
526626343,860,607,250,16450,10710,-37257,brushing
526630638,904,716,194,16450,10710,-37257,brushing
526645311,904,716,194,10325,9905,-30012,brushing
526647775,933,862,230,10325,9905,-30012,brushing
526664586,933,862,230,4830,8452,-15155,brushing
526665216,950,1073,300,4830,8452,-15155,brushing
526682333,952,1204,375,4830,8452,-15155,brushing
526683880,952,1204,375,2800,1120,9030,brushing
526699470,890,929,315,2800,1120,9030,brushing
526702849,890,929,315,1277,-39217,24010,brushing
526716912,872,747,215,1277,-39217,24010,brushing
526722123,872,747,215,315,-51677,35420,brushing
526734051,978,882,116,315,-51677,35420,brushing
526741398,978,882,116,-2152,-29242,56175,brushing
526751187,923,633,385,-2152,-29242,56175,brushing
526760366,923,633,385,-6387,-35420,68232,brushing
526768324,765,248,402,-6387,-35420,68232,brushing
526779639,765,248,402,-4935,-80535,53480,brushing
526785766,744,-7,277,-4935,-80535,53480,brushing
526798913,744,-7,277,-507,-66500,40845,brushing
526802902,670,-293,411,-507,-66500,40845,brushing
526817883,670,-293,411,8470,-47985,13002,brushing
526820040,632,-598,420,8470,-47985,13002,brushing
526837157,700,-351,222,19040,-24202,-23887,brushing
526854591,774,156,193,19040,-24202,-23887,brushing
526856443,774,156,193,22610,27142,-37572,brushing
526871726,793,359,364,22610,27142,-37572,brushing
526875410,793,359,364,19565,27300,-45465,brushing
526888862,823,516,390,19565,27300,-45465,brushing
526894683,823,516,390,19197,1015,-50925,brushing
526906305,878,575,333,19197,1015,-50925,brushing
526913957,878,575,333,18900,-17797,-50995,brushing
526923441,878,543,272,18900,-17797,-50995,brushing
526933230,878,543,272,17220,-23082,-48387,brushing
526940576,916,766,256,17220,-23082,-48387,brushing
526952197,916,766,256,14805,-1890,-32392,brushing
526957713,1017,1128,239,14805,-1890,-32392,brushing
526971472,1017,1128,239,11410,6020,-3202,brushing
526975156,1065,1343,265,11410,6020,-3202,brushing
526990747,1065,1343,265,3045,-33705,23275,brushing
526992294,983,910,309,3045,-33705,23275,brushing
527009410,890,532,178,-3360,-79362,30975,brushing
527026844,920,588,70,-3360,-79362,30975,brushing
527029002,920,588,70,-5512,-48597,45640,brushing
527043982,907,540,299,-5512,-48597,45640,brushing
527048277,907,540,299,-9257,-6212,65257,brushing
527061118,787,274,340,-9257,-6212,65257,brushing
527067243,787,274,340,-11567,-41335,58625,brushing
527078559,708,36,231,-11567,-41335,58625,brushing
527086516,708,36,231,-11200,-49647,48615,brushing
527095696,688,-116,266,-11200,-49647,48615,brushing
527105789,688,-116,266,-7682,-28717,36172,brushing
527112831,646,-276,334,-7682,-28717,36172,brushing
527125062,646,-276,334,140,-8960,14157,brushing
527129967,631,-408,397,140,-8960,14157,brushing
527144031,631,-408,397,12320,7052,-12600,brushing
527147409,731,-168,360,12320,7052,-12600,brushing
527163304,731,-168,360,23012,39095,-22662,brushing
527164546,808,175,349,23012,39095,-22662,brushing
527181663,829,321,345,23012,39095,-22662,brushing
527182599,829,321,345,26792,32760,-29907,brushing
527199105,800,282,371,26792,32760,-29907,brushing
527201568,800,282,371,26600,6107,-37012,brushing
527216241,846,334,327,26600,6107,-37012,brushing
527220841,846,334,327,27317,-3360,-40740,brushing
527233378,924,405,290,27317,-3360,-40740,brushing
527240115,924,405,290,27177,280,-40127,brushing
527250515,926,494,238,27177,280,-40127,brushing
527259083,926,494,238,25620,8925,-35892,brushing
527267957,957,726,242,25620,8925,-35892,brushing
527278357,957,726,242,22470,21507,-23170,brushing
527285093,1023,1066,212,22470,21507,-23170,brushing
527297630,1023,1066,212,19530,23152,2292,brushing
527302229,1052,1211,250,19530,23152,2292,brushing
527316598,1052,1211,250,13510,-11585,27580,brushing
527319365,950,765,358,13510,-11585,27580,brushing
527335870,950,765,358,11200,-64120,31885,brushing
527336806,825,318,253,11200,-64120,31885,brushing
527353922,829,305,168,11200,-64120,31885,brushing
527355163,829,305,168,15925,-41247,37607,brushing
527371058,941,646,124,15925,-41247,37607,brushing
527374436,941,646,124,20842,16992,55300,brushing
527388499,993,714,217,20842,16992,55300,brushing
527393405,993,714,217,18147,21052,71312,brushing
527405637,865,147,300,18147,21052,71312,brushing
527412678,865,147,300,12215,-49192,58275,brushing
527422772,774,-217,130,12215,-49192,58275,brushing
527431952,774,-217,130,12215,-49542,42455,brushing
527439910,801,-273,141,12215,-49542,42455,brushing
527450921,801,-273,141,14227,7770,30205,brushing
527457353,824,-252,315,14227,7770,30205,brushing
527470196,824,-252,315,20387,40950,12267,brushing
527474490,904,28,385,20387,40950,12267,brushing
527489470,904,28,385,25112,49140,1242,brushing
527491627,937,240,422,25112,49140,1242,brushing
527508743,937,240,422,26250,22662,-9432,brushing
527509374,923,292,422,26250,22662,-9432,brushing
527526185,889,312,414,26250,22662,-9432,brushing
527527732,889,312,414,27317,1767,-17272,brushing
527543322,844,315,388,27317,1767,-17272,brushing
527547006,844,315,388,28210,-13597,-24202,brushing
527560459,789,182,279,28210,-13597,-24202,brushing
527566280,789,182,279,26407,-45132,-40372,brushing
527577900,825,296,2,26407,-45132,-40372,brushing
527585248,825,296,2,25252,-25235,-47232,brushing
527595038,910,772,-37,25252,-25235,-47232,brushing
527604523,910,772,-37,20492,26005,-31010,brushing
527612174,1013,1206,-76,20492,26005,-31010,brushing
527623796,1013,1206,-76,11655,31902,-3815,brushing
527629617,1059,1246,1,11655,31902,-3815,brushing
527642764,1059,1246,1,-2275,-22767,16677,brushing
527646752,1056,741,40,-2275,-22767,16677,brushing
527662037,1056,741,40,-9835,-55265,27720,brushing
527663889,1046,528,-33,-9835,-55265,27720,brushing
527681005,1137,624,-20,-13177,-8347,52167,brushing
527698440,1071,376,268,-13177,-8347,52167,brushing
527700292,1071,376,268,-21315,11322,71277,brushing
527715578,928,-122,328,-21315,11322,71277,brushing
527719567,928,-122,328,-27300,-48755,55282,brushing
527732715,799,-378,386,-27300,-48755,55282,brushing
527738840,799,-378,386,-21700,-37782,40162,brushing
527750155,807,-454,449,-21700,-37782,40162,brushing
527758113,807,-454,449,-10342,-5442,18795,brushing
527767291,776,-427,550,-10342,-5442,18795,brushing
527777080,776,-427,550,4270,3447,-8575,brushing
527784427,843,37,480,4270,3447,-8575,brushing
527796354,843,37,480,18812,16590,-16642,brushing
527801564,885,254,426,18812,16590,-16642,brushing
527815628,885,254,426,27510,2292,-20352,brushing
527819006,855,254,347,27510,2292,-20352,brushing
527834596,855,254,347,30835,-17465,-27090,brushing
527836143,813,154,226,30835,-17465,-27090,brushing
527853258,798,16,65,30835,-17465,-27090,brushing
527853888,798,16,65,29522,-35017,-41492,brushing
527870394,831,240,-125,29522,-35017,-41492,brushing
527873163,831,240,-125,26145,-8645,-48440,brushing
527887836,904,646,-125,26145,-8645,-48440,brushing
527892131,904,646,-125,18707,35840,-39130,brushing
527904973,985,1024,-123,18707,35840,-39130,brushing
527911405,985,1024,-123,8067,39830,-20247,brushing
527922110,994,1117,-16,8067,39830,-20247,brushing
527930679,994,1117,-16,-4235,13982,4130,brushing
527939553,962,662,114,-4235,13982,4130,brushing
527949647,962,662,114,-10902,-31517,13475,brushing
527956690,904,387,80,-10902,-31517,13475,brushing
527968922,904,387,80,-9765,-5670,27597,brushing
527973827,959,493,155,-9765,-5670,27597,brushing
527988196,959,493,155,-4200,36067,48107,brushing
527990965,978,569,359,-4200,36067,48107,brushing
528007470,978,569,359,1855,18987,57400,brushing
528008407,964,394,487,1855,18987,57400,brushing
528025523,940,136,384,1855,18987,57400,brushing
528026459,940,136,384,9187,-25637,53060,brushing
528042660,949,-38,343,9187,-25637,53060,brushing
528045732,949,-38,343,16800,-25550,48335,brushing
528059796,922,-198,394,16800,-25550,48335,brushing
528065006,922,-198,394,22400,-9590,36785,brushing
528077238,885,-384,461,22400,-9590,36785,brushing
528083975,885,-384,461,27982,-20212,8820,brushing
528094374,937,-198,254,27982,-20212,8820,brushing
528103247,937,-198,254,32690,-3010,-9065,brushing
528111511,979,134,156,32690,-3010,-9065,brushing
528122522,979,134,156,30205,15610,-14367,brushing
528128953,927,216,184,30205,15610,-14367,brushing
528141489,927,216,184,24307,-4707,-24132,brushing
528146089,885,132,135,24307,-4707,-24132,brushing
528160762,885,132,135,21367,-18060,-35577,brushing
528163224,844,161,156,21367,-18060,-35577,brushing
528180035,844,161,156,22260,-5845,-39760,brushing
528180665,882,357,-67,22260,-5845,-39760,brushing
528197780,941,736,-194,22260,-5845,-39760,brushing
528199022,941,736,-194,17517,14087,-33390,brushing
528214918,1016,1004,-153,17517,14087,-33390,brushing
528218297,1016,1004,-153,8085,23905,-11532,brushing
528232054,1027,872,-39,8085,23905,-11532,brushing
528237570,1027,872,-39,-2275,-4007,9275,brushing
528249497,934,407,70,-2275,-4007,9275,brushing
528256844,934,407,70,-5197,-38307,15820,brushing
528266634,868,202,33,-5197,-38307,15820,brushing
528275812,868,202,33,-787,-14805,20982,brushing
528283769,889,395,3,-787,-14805,20982,brushing
528295086,889,395,3,3605,30747,33547,brushing
528300907,954,583,91,3605,30747,33547,brushing
528314360,954,583,91,4707,30485,45955,brushing
528318349,951,469,267,4707,30485,45955,brushing
528333328,951,469,267,6615,-16502,46165,brushing
528335486,940,123,277,6615,-16502,46165,brushing
528352603,955,-21,144,12425,-34282,39795,brushing
528370037,980,-133,193,12425,-34282,39795,brushing
528371890,980,-133,193,15732,-9415,34807,brushing
528387174,955,-213,260,15732,-9415,34807,brushing
528390859,955,-213,260,17447,-472,19967,brushing
528404311,965,-204,253,17447,-472,19967,brushing
528410132,965,-204,253,18812,-752,1470,brushing
528421448,1018,-54,162,18812,-752,1470,brushing
528429405,1018,-54,162,18830,11882,-9957,brushing
528438890,1050,140,116,18830,11882,-9957,brushing
528448679,1050,140,116,14385,17745,-15540,brushing
528456027,1012,179,161,14385,17745,-15540,brushing
528467647,1012,179,161,10045,2852,-22067,brushing
528473163,929,65,209,10045,2852,-22067,brushing
528486921,929,65,209,9695,-13072,-33757,brushing
528490606,847,-4,230,9695,-13072,-33757,brushing
528506195,847,-4,230,13562,-18812,-48195,brushing
528507741,798,-7,239,13562,-18812,-48195,brushing
528524858,779,226,130,22697,-5285,-57662,brushing
528541988,841,540,-136,22697,-5285,-57662,brushing
528544451,841,540,-136,26985,7717,-58135,brushing
528559429,941,836,-214,26985,7717,-58135,brushing
528563723,941,836,-214,21367,15540,-44485,brushing
528576566,1058,1075,-302,21367,15540,-44485,brushing
528582692,1058,1075,-302,11795,16572,-18252,brushing
528593702,1126,987,-153,11795,16572,-18252,brushing
528601965,1126,987,-153,-2362,-13807,7840,brushing
528611144,1106,515,-100,-2362,-13807,7840,brushing
528621238,1106,515,-100,-9152,-41230,21070,brushing
528628280,1048,326,-156,-9152,-41230,21070,brushing
528640511,1048,326,-156,-12250,-8225,36190,brushing
528645417,1022,224,93,-12250,-8225,36190,brushing
528659479,1022,224,93,-12827,-2800,39305,brushing
528662552,977,110,209,-12827,-2800,39305,brushing
528678752,977,110,209,-8907,-14472,33950,brushing
528679994,962,83,188,-8907,-14472,33950,brushing
528697111,963,-15,192,-8907,-14472,33950,brushing
528698048,963,-15,192,-5565,-14822,29155,brushing
528714248,938,-77,208,-5565,-14822,29155,brushing
528717017,938,-77,208,-1627,-7875,20772,brushing
528731690,916,-167,252,-1627,-7875,20772,brushing
528736290,916,-167,252,2555,-5722,7070,brushing
528748828,928,-125,176,2555,-5722,7070,brushing
528755565,928,-125,176,7000,5127,-6300,brushing
528765964,985,53,157,7000,5127,-6300,brushing
528774838,985,53,157,9275,23957,-13860,brushing
528783407,1003,219,138,9275,23957,-13860,brushing
528793806,1003,219,138,8015,25305,-17605,brushing
528800543,970,268,201,8015,25305,-17605,brushing
528813080,970,268,201,6457,7472,-22032,brushing
528817680,919,166,225,6457,7472,-22032,brushing
528832354,919,166,225,8190,-6405,-29785,brushing
528834816,898,132,122,8190,-6405,-29785,brushing
528851322,898,132,122,10657,5302,-33950,brushing
528852258,901,268,34,10657,5302,-33950,brushing
528869375,917,408,29,10657,5302,-33950,brushing
528870616,917,408,29,11007,19600,-32235,brushing
528886512,935,519,-30,11007,19600,-32235,brushing
528889891,935,519,-30,9047,13982,-29400,brushing
528903955,959,628,-54,9047,13982,-29400,brushing
528909165,959,628,-54,5197,8470,-20632,brushing
528921091,970,775,-90,5197,8470,-20632,brushing
528928133,970,775,-90,1242,4882,-4462,brushing
528938227,966,722,39,1242,4882,-4462,brushing
528947407,966,722,39,-1295,-16835,9852,brushing
528955364,950,486,24,-1295,-16835,9852,brushing
528966679,950,486,24,245,-31360,17797,brushing
528972805,957,417,-10,245,-31360,17797,brushing
528985647,957,417,-10,2712,-14280,27370,brushing
528989942,1022,546,-63,2712,-14280,27370,brushing
529004921,1022,546,-63,1505,-2765,39637,brushing
529007080,1015,447,111,1505,-2765,39637,brushing
529024196,1015,447,111,-297,-31517,38360,brushing
529024826,964,177,151,-297,-31517,38360,brushing
529041637,927,27,115,-297,-31517,38360,brushing
529043184,927,27,115,402,-38272,32585,brushing
529058774,857,-260,285,402,-38272,32585,brushing
529062458,857,-260,285,1242,-31902,18602,brushing
529076216,787,-475,307,1242,-31902,18602,brushing
529081732,787,-475,307,7577,-28875,-10937,brushing
529093354,836,-166,182,7577,-28875,-10937,brushing
529101006,836,-166,182,13842,4970,-30275,brushing
529110490,888,204,101,13842,4970,-30275,brushing
529119974,888,204,101,13107,17570,-37940,brushing
529127627,859,330,208,13107,17570,-37940,brushing
529139247,859,330,208,10867,-2030,-43190,brushing
529145068,818,191,304,10867,-2030,-43190,brushing
529158522,818,191,304,14052,-33110,-56070,brushing
529162205,799,94,285,14052,-33110,-56070,brushing
529177490,799,94,285,21682,-31815,-66797,brushing
529179342,832,187,167,21682,-31815,-66797,brushing
529196764,901,505,-75,28630,-7840,-70000,brushing
529213893,979,1007,-200,28630,-7840,-70000,brushing
529216051,979,1007,-200,26075,18672,-55737,brushing
529231031,1122,1214,-213,26075,18672,-55737,brushing
529235326,1122,1214,-213,14542,1172,-32760,brushing
529248167,1079,865,-1,14542,1172,-32760,brushing
529254293,1079,865,-1,1907,-50417,-15470,brushing
529265609,982,311,12,1907,-50417,-15470,brushing
529273567,982,311,12,-227,-88882,-17255,brushing
529282746,883,192,-84,-227,-88882,-17255,brushing
529292841,883,192,-84,3500,-53987,-16380,brushing
529299883,958,494,-111,3500,-53987,-16380,brushing
529311810,958,494,-111,4515,-23275,-8575,brushing
529317325,1063,740,-155,4515,-23275,-8575,brushing
529331083,1063,740,-155,-805,-37555,3447,brushing
529334462,1080,670,-63,-805,-37555,3447,brushing
529350357,1080,670,-63,-6685,-74322,10675,brushing
529351599,1051,374,-13,-6685,-74322,10675,brushing
529368715,1023,153,-119,-6685,-74322,10675,brushing
529369346,1023,153,-119,-9642,-81777,12810,brushing
529386157,998,19,-13,-9642,-81777,12810,brushing
529388620,998,19,-13,-11515,-42297,15277,brushing
529403293,931,-204,198,-11515,-42297,15277,brushing
529407892,931,-204,198,-11777,-31937,945,brushing
529420429,748,-547,447,-11777,-31937,945,brushing
529427166,748,-547,447,-6160,-64417,-37012,brushing
529437871,750,-218,240,-6160,-64417,-37012,brushing
529446134,750,-218,240,6510,-33092,-58782,brushing
529455008,793,233,278,6510,-33092,-58782,brushing
529465408,793,233,278,9957,-11952,-67480,brushing
529472144,794,216,354,9957,-11952,-67480,brushing
529484681,794,216,354,10552,-61565,-91017,brushing
529489281,779,182,152,10552,-61565,-91017,brushing
529503649,779,182,152,14735,-49227,-98927,brushing
529506723,804,765,-107,14735,-49227,-98927,brushing
529522922,804,765,-107,12530,8277,-74550,brushing
529523860,1039,1399,-180,12530,8277,-74550,brushing
529540976,1236,1567,-112,12530,8277,-74550,brushing
529542218,1236,1567,-112,1102,8347,-39987,brushing
529558418,1185,791,135,1102,8347,-39987,brushing
529561186,1185,791,135,-13527,-73132,-23625,brushing
529575554,1022,266,-16,-13527,-73132,-23625,brushing
529580459,1022,266,-16,-15837,-118230,-28787,brushing
529592691,955,369,-142,-15837,-118230,-28787,brushing
529599734,955,369,-142,-15785,-55667,-23747,brushing
529609828,1020,740,-79,-15785,-55667,-23747,brushing
529619007,1020,740,-79,-22225,-9117,-9590,brushing
529627270,1076,1059,-99,-22225,-9117,-9590,brushing
529637975,1076,1059,-99,-35332,-8995,13807,brushing
529644407,1117,1083,-44,-35332,-8995,13807,brushing
529657248,1117,1083,-44,-53830,-38517,36207,brushing
529661543,890,243,434,-53830,-38517,36207,brushing
529676522,890,243,434,-55650,-97405,19792,brushing
529678985,565,-528,592,-55650,-97405,19792,brushing
529695491,565,-528,592,-36015,-101657,-22032,brushing
529696122,359,-1125,782,-36015,-101657,-22032,brushing
529713238,503,-357,365,-36015,-101657,-22032,brushing
529714785,503,-357,365,-5285,-33355,-64855,brushing
529730375,713,589,305,-5285,-33355,-64855,brushing
529734058,713,589,305,10167,75862,-59517,brushing
529747816,826,842,412,10167,75862,-59517,brushing
529753331,826,842,412,9082,24815,-64540,brushing
529764953,681,342,397,9082,24815,-64540,brushing
529772300,681,342,397,4305,-72030,-84892,brushing
529782089,629,14,308,4305,-72030,-84892,brushing
529791574,629,14,308,9642,-76160,-105507,brushing
529799531,715,701,-44,9642,-76160,-105507,brushing
529810847,715,701,-44,11602,28892,-83177,brushing
529816667,889,1519,-46,11602,28892,-83177,brushing
529829815,889,1519,-46,2257,54775,-49542,brushing
529833805,1094,1957,-100,2257,54775,-49542,brushing
529849090,1094,1957,-100,-18952,-9432,-13230,brushing
529850942,992,1192,310,-18952,-9432,-13230,brushing
529868363,805,460,243,-28595,-111510,-14140,brushing
529885492,693,416,165,-28595,-111510,-14140,brushing
529887650,693,416,165,-24780,-77560,-6912,brushing
529902630,837,1065,95,-24780,-77560,-6912,brushing
529906619,837,1065,95,-20422,16082,20090,brushing
529920072,949,1329,280,-20422,16082,20090,brushing
529925893,949,1329,280,-26477,25217,50505,brushing
529937209,782,801,407,-26477,25217,50505,brushing
529945168,782,801,407,-39007,-66710,52255,brushing
529954347,518,31,500,-39007,-66710,52255,brushing
529964137,518,31,500,-37135,-121205,28857,brushing
529971484,277,-900,740,-37135,-121205,28857,brushing
529983410,277,-900,740,-16257,-113960,-22925,brushing
529988925,249,-864,514,-16257,-113960,-22925,brushing
530002684,249,-864,514,10150,3692,-53777,brushing
530006062,481,220,356,10150,3692,-53777,brushing
530021651,481,220,356,19862,91052,-50470,brushing
530023198,681,885,517,19862,91052,-50470,brushing
530040620,631,705,595,18935,13790,-60637,brushing
530057748,459,207,601,18935,13790,-60637,brushing
530060211,459,207,601,18847,-68740,-83457,brushing
530074884,473,50,433,18847,-68740,-83457,brushing
530079179,473,50,433,25182,-77997,-109585,brushing
530092022,521,688,253,25182,-77997,-109585,brushing
530098452,521,688,253,31850,1365,-104947,brushing
530109463,681,1469,191,31850,1365,-104947,brushing
530117726,681,1469,191,27947,39742,-82880,brushing
530126599,935,2083,70,27947,39742,-82880,brushing
530137000,935,2083,70,13632,15802,-39515,brushing
530143737,962,1723,375,13632,15802,-39515,brushing
530155969,962,1723,375,-2467,-70997,-12565,brushing
530160874,837,822,475,-2467,-70997,-12565,brushing
530175243,837,822,475,-3885,-114432,-7105,brushing
530178317,656,400,472,-3885,-114432,-7105,brushing
530194517,656,400,472,-752,-84017,-6790,brushing
530195453,592,365,492,-752,-84017,-6790,brushing
530212568,613,637,448,-752,-84017,-6790,brushing
530213505,613,637,448,1995,-40845,-4742,brushing
530230011,632,845,523,1995,-40845,-4742,brushing
530232779,632,845,523,-1365,-32392,-350,brushing
530247146,576,722,519,-1365,-32392,-350,brushing
530252051,576,722,519,-7822,-75372,-2852,brushing
530264283,510,504,498,-7822,-75372,-2852,brushing
530271019,510,504,498,-10762,-100555,-10255,brushing
530281420,530,495,468,-10762,-100555,-10255,brushing
530290293,530,495,468,-10185,-81847,-14332,brushing
530298863,592,659,514,-10185,-81847,-14332,brushing
530309568,592,659,514,-14437,-73377,-15977,brushing
530315999,631,770,577,-14437,-73377,-15977,brushing
530328841,631,770,577,-22575,-99872,-19775,brushing
530333134,657,714,595,-22575,-99872,-19775,brushing
530347809,657,714,595,-30537,-120067,-24395,brushing
530350577,675,622,608,-30537,-120067,-24395,brushing
530367084,675,622,608,-35997,-118405,-29347,brushing
530367714,711,582,625,-35997,-118405,-29347,brushing
530384830,697,577,673,-35997,-118405,-29347,brushing
530386377,697,577,673,-42525,-116917,-34667,brushing
530402273,699,592,618,-42525,-116917,-34667,brushing
530405346,699,592,618,-48737,-115675,-38237,brushing
530419410,729,642,540,-48737,-115675,-38237,brushing
530424619,729,642,540,-57225,-112735,-38780,brushing
530436545,775,513,621,-57225,-112735,-38780,brushing
530443892,775,513,621,-69912,-117320,-40355,brushing
530453681,674,621,650,-69912,-117320,-40355,brushing
530463165,674,621,650,-80255,-122097,-38867,brushing
530471123,692,609,639,-80255,-122097,-38867,brushing
530482134,692,609,639,-87465,-129745,-36785,brushing
530488260,622,632,530,-87465,-129745,-36785,brushing
530501407,622,632,530,-95655,-118335,-26547,brushing
530505396,546,634,639,-95655,-118335,-26547,brushing
530520680,546,634,639,-100835,-114397,-18077,brushing
530522837,476,616,659,-100835,-114397,-18077,brushing
530539648,476,616,659,-104825,-126700,-11865,brushing
530540278,376,558,640,-104825,-126700,-11865,brushing
530557088,293,394,647,-104825,-126700,-11865,brushing
530558940,293,394,647,-109322,-135992,-4200,brushing
530574530,194,137,799,-109322,-135992,-4200,brushing
530578214,194,137,799,-110512,-132737,-525,brushing
530591666,132,-40,688,-110512,-132737,-525,brushing
530597487,132,-40,688,-110355,-109952,-3622,brushing
530608803,105,-79,628,-110355,-109952,-3622,brushing
530616457,105,-79,628,-119227,-109480,-16660,brushing
530625941,6,-381,746,-119227,-109480,-16660,brushing
530635731,6,-381,746,-129640,-145407,-42262,brushing
530643385,-68,-720,808,-129640,-145407,-42262,brushing
530655006,-68,-720,808,-132702,-152425,-72800,brushing
530660522,-132,-909,937,-132702,-152425,-72800,brushing
530673975,-132,-909,937,-126962,-96495,-95707,brushing
530677658,-118,-563,1099,-126962,-96495,-95707,brushing
530693249,-118,-563,1099,-117617,-66010,-115885,brushing
530695100,-103,-370,1117,-117617,-66010,-115885,brushing
530712217,-80,186,1189,-105000,-62160,-121835,brushing
530729346,22,540,1348,-105000,-62160,-121835,brushing
530731808,22,540,1348,-84087,-32812,-100625,brushing
530746786,126,700,1255,-84087,-32812,-100625,brushing
530750775,126,700,1255,-62842,-39217,-74095,brushing
530763923,162,723,1251,-62842,-39217,-74095,brushing
530770049,162,723,1251,-43802,-41492,-38395,brushing
530781059,171,378,1087,-43802,-41492,-38395,brushing
530789322,171,378,1087,-30905,-58432,-12040,brushing
530798502,123,-11,919,-30905,-58432,-12040,brushing
530808597,123,-11,919,-22750,-48405,4305,brushing
530815638,101,-66,810,-22750,-48405,4305,brushing
530827565,101,-66,810,-16817,647,21350,brushing
530832775,111,143,683,-16817,647,21350,brushing
530846838,111,143,683,-19915,25340,37870,brushing
530849911,53,177,712,-19915,25340,37870,brushing
530866112,53,177,712,-31115,-16677,39410,brushing
530867354,-64,-127,640,-31115,-16677,39410,brushing
530884470,-192,-481,551,-31115,-16677,39410,brushing
530885100,-192,-481,551,-39410,-32532,32305,brushing
530901607,-290,-704,503,-39410,-32532,32305,brushing
530904375,-290,-704,503,-50645,-19915,14420,brushing
530919048,-367,-766,505,-50645,-19915,14420,brushing
530923648,-367,-766,505,-64662,-23327,-14787,brushing
530936186,-362,-508,788,-64662,-23327,-14787,brushing
530942923,-362,-508,788,-69860,-402,-33950,brushing
530953323,-368,-320,940,-69860,-402,-33950,brushing
530961892,-368,-320,940,-66885,5407,-47915,brushing
530970461,-448,-271,1182,-66885,5407,-47915,brushing
530981167,-448,-271,1182,-58012,-17202,-59062,brushing
530987903,-406,-90,1219,-58012,-17202,-59062,brushing
531000441,-406,-90,1219,-41370,-26617,-60655,brushing
531005041,-331,99,1304,-41370,-26617,-60655,brushing
531019410,-331,99,1304,-19302,-22505,-52412,brushing
531022177,-284,252,1345,-19302,-22505,-52412,brushing
531038683,-284,252,1345,4987,-13422,-34650,brushing
531039620,-185,490,1360,4987,-13422,-34650,brushing
531056736,-62,692,1305,4987,-13422,-34650,brushing
531057978,-62,692,1305,25077,-9975,-6860,brushing
531073873,-42,332,1195,25077,-9975,-6860,brushing
531076947,-42,332,1195,34107,-41510,18287,brushing
531091010,-146,-141,1043,34107,-41510,18287,brushing
531096220,-146,-141,1043,38657,-66045,27002,brushing
531108452,-185,-227,947,38657,-66045,27002,brushing
531115493,-185,-227,947,45727,-27317,32847,brushing
531125587,-138,115,895,45727,-27317,32847,brushing
531134767,-138,115,895,51292,23345,48860,brushing
531142725,-71,379,828,51292,23345,48860,brushing
531153734,-71,379,828,41965,-35,59972,brushing
531160166,-136,1,701,41965,-35,59972,brushing
531173008,-136,1,701,26145,-61145,52640,brushing
531177303,-219,-513,545,26145,-61145,52640,brushing
531192282,-219,-513,545,13842,-42087,39812,brushing
531194439,-206,-784,433,13842,-42087,39812,brushing
531211251,-206,-784,433,-3430,-262,17710,brushing
531211881,-240,-793,443,-3430,-262,17710,brushing
531228999,-224,-503,586,-3430,-262,17710,brushing
531230546,-224,-503,586,-20405,25252,-6790,brushing
531246136,-228,-163,746,-20405,25252,-6790,brushing
531249820,-228,-163,746,-33127,34212,-21717,brushing
531263273,-279,-59,961,-33127,34212,-21717,brushing
531269094,-279,-59,961,-40705,4217,-33460,brushing
531280715,-339,-212,1110,-40705,4217,-33460,brushing
531288062,-339,-212,1110,-35595,-16275,-43487,brushing
531297851,-327,-50,1267,-35595,-16275,-43487,brushing
531307336,-327,-50,1267,-19162,-7017,-44537,brushing
531314989,-256,135,1269,-19162,-7017,-44537,brushing
531326610,-256,135,1269,-1400,-11830,-41982,brushing
531332126,-236,215,1356,-1400,-11830,-41982,brushing
531345579,-236,215,1356,14577,-35577,-35927,brushing
531349568,-174,211,1245,14577,-35577,-35927,brushing
531364852,-174,211,1245,28000,-37362,-21560,brushing
531366704,-68,214,1130,28000,-37362,-21560,brushing
531383820,-6,88,1035,33180,-24377,-3325,brushing
531401254,-27,-47,937,33180,-24377,-3325,brushing
531403106,-27,-47,937,30905,-22330,7752,brushing
531418390,0,-65,838,30905,-22330,7752,brushing
531422379,0,-65,838,27685,5582,21350,brushing
531435526,24,65,767,27685,5582,21350,brushing
531441652,24,65,767,21577,42700,37677,brushing
531452968,17,155,799,21577,42700,37677,brushing
531460925,17,155,799,9397,44187,50505,brushing
531470104,-80,-123,794,9397,44187,50505,brushing
531479894,-80,-123,794,-4917,140,45710,brushing
531487241,-226,-516,732,-4917,140,45710,brushing
531499168,-226,-516,732,-11707,9205,34212,brushing
531504378,-289,-664,704,-11707,9205,34212,brushing
531518442,-289,-664,704,-18865,28630,12285,brushing
531521820,-350,-603,813,-18865,28630,12285,brushing
531537716,-350,-603,813,-22872,18690,-12687,brushing
531538958,-306,-296,983,-22872,18690,-12687,brushing
531556074,-257,-136,1113,-22872,18690,-12687,brushing
531556704,-257,-136,1113,-23082,-4567,-29592,brushing
531573515,-294,-204,1067,-23082,-4567,-29592,brushing
531575979,-294,-204,1067,-20720,-40372,-43872,brushing
531590653,-285,-241,1035,-20720,-40372,-43872,brushing
531595252,-285,-241,1035,-17027,-51117,-53865,brushing
531607788,-220,-112,1056,-17027,-51117,-53865,brushing
531614526,-220,-112,1056,-11270,-36820,-55457,brushing
531625231,-174,167,1072,-11270,-36820,-55457,brushing
531633493,-174,167,1072,-4270,-27405,-46322,brushing
531642366,-118,290,1069,-4270,-27405,-46322,brushing
531652767,-118,290,1069,3062,-17867,-27107,brushing
531659504,-34,409,1076,3062,-17867,-27107,brushing
531672041,-34,409,1076,10535,385,980,brushing
531676947,-19,172,1111,10535,385,980,brushing
531691315,-19,172,1111,13405,-17360,15470,brushing
531694083,-98,-217,996,13405,-17360,15470,brushing
531710283,-98,-217,996,18182,175,22312,brushing
531711219,-104,-290,955,18182,175,22312,brushing
531728641,-80,43,921,18182,175,22312,brushing
531729578,-80,43,921,23975,51590,33932,brushing
531745778,-39,380,916,23975,51590,33932,brushing
531748852,-39,380,916,22435,68162,52115,brushing
531762915,-118,84,855,22435,68162,52115,brushing
531767821,-118,84,855,9187,-6370,54057,brushing
531780052,-300,-530,673,9187,-6370,54057,brushing
531787095,-300,-530,673,2257,-34300,46095,brushing
531797494,-358,-727,637,2257,-34300,46095,brushing
531806368,-358,-727,637,-612,16555,33302,brushing
531814631,-352,-687,646,-612,16555,33302,brushing
531825642,-352,-687,646,-8470,22190,9485,brushing
531831768,-327,-460,708,-8470,22190,9485,brushing
531844610,-327,-460,708,-16065,11095,-9747,brushing
531849209,-259,-152,883,-16065,11095,-9747,brushing
531863884,-259,-152,883,-19985,-1260,-19950,brushing
531866347,-320,-133,1011,-19985,-1260,-19950,brushing
531883157,-320,-133,1011,-17360,-16327,-26670,brushing
531883788,-353,-187,1040,-17360,-16327,-26670,brushing
531900904,-330,-113,1129,-17360,-16327,-26670,brushing
531902145,-330,-113,1129,-12355,-21472,-32777,brushing
531918041,-317,-85,1192,-12355,-21472,-32777,brushing
531921420,-317,-85,1192,-5372,-26810,-36137,brushing
531935177,-313,1,1243,-5372,-26810,-36137,brushing
531940692,-313,1,1243,4410,-34527,-37030,brushing
531952313,-279,125,1225,4410,-34527,-37030,brushing
531959660,-279,125,1225,16485,-32217,-29697,brushing
531969754,-199,213,1180,16485,-32217,-29697,brushing
531978932,-199,213,1180,27195,-16327,-12460,brushing
531986891,-119,340,1106,27195,-16327,-12460,brushing
531998207,-119,340,1106,31482,-7455,8680,brushing
532004028,-126,36,997,31482,-7455,8680,brushing
532017480,-126,36,997,28035,-18410,17850,brushing
532021469,-167,-213,859,28035,-18410,17850,brushing
532036448,-167,-213,859,25970,25322,27667,brushing
532038605,-133,-109,800,25970,25322,27667,brushing
532055721,-98,135,775,22225,75565,42122,brushing
532073156,-114,99,830,22225,75565,42122,brushing
532075008,-114,99,830,11112,69895,50155,brushing
532090294,-230,-228,802,11112,69895,50155,brushing
532094283,-230,-228,802,-3395,18777,39620,brushing
532107430,-317,-473,793,-3395,18777,39620,brushing
532113252,-317,-473,793,-12425,24815,25847,brushing
532124568,-323,-414,936,-12425,24815,25847,brushing
532132525,-323,-414,936,-19792,29312,3640,brushing
532142009,-289,-121,1026,-19792,29312,3640,brushing
532151799,-289,-121,1026,-21192,7612,-13615,brushing
532159146,-178,179,1144,-21192,7612,-13615,brushing
532170767,-178,179,1144,-21070,-28542,-20440,brushing
532176282,-140,224,1096,-21070,-28542,-20440,brushing
532190039,-140,224,1096,-19460,-67690,-20562,brushing
532193722,-140,109,1051,-19460,-67690,-20562,brushing
532209311,-140,109,1051,-16922,-85277,-17360,brushing
532210858,-133,-26,951,-16922,-85277,-17360,brushing
532227974,-156,-97,921,-16922,-85277,-17360,brushing
532228604,-156,-97,921,-15557,-81252,-13142,brushing
532245417,-194,-185,912,-15557,-81252,-13142,brushing
532247575,-194,-185,912,-15627,-78697,-12495,brushing
532262554,-222,-204,901,-15627,-78697,-12495,brushing
532266848,-222,-204,901,-14052,-69930,-12582,brushing
532279691,-203,-158,948,-14052,-69930,-12582,brushing
532286123,-203,-158,948,-9817,-49000,-7980,brushing
532297133,-194,-125,978,-9817,-49000,-7980,brushing
532305090,-194,-125,978,-5302,-38272,-3202,brushing
532314269,-183,-144,973,-5302,-38272,-3202,brushing
532324364,-183,-144,973,-4200,-38972,-122,brushing
532331406,-205,-238,977,-4200,-38972,-122,brushing
532343637,-205,-238,977,-5040,-44135,-1470,brushing
532348542,-228,-353,946,-5040,-44135,-1470,brushing
532362911,-228,-353,946,-5495,-34107,-3675,brushing
532365985,-230,-396,927,-5495,-34107,-3675,brushing
532381880,-230,-396,927,-7437,-24675,-7892,brushing
532383123,-249,-348,939,-7437,-24675,-7892,brushing
532400238,-250,-259,963,-7437,-24675,-7892,brushing
532401175,-250,-259,963,-9415,-25322,-11970,brushing
532417681,-256,-210,991,-9415,-25322,-11970,brushing
532420448,-256,-210,991,-10010,-32007,-13685,brushing
532434816,-288,-236,1006,-10010,-32007,-13685,brushing
532439416,-288,-236,1006,-8627,-45552,-15645,brushing
532451954,-286,-241,1005,-8627,-45552,-15645,brushing
532458691,-286,-241,1005,-5687,-55965,-17132,brushing
532469091,-263,-212,996,-5687,-55965,-17132,brushing
532477964,-263,-212,996,-1190,-61722,-16695,brushing
532486533,-260,-181,986,-1190,-61722,-16695,brushing
532497238,-260,-181,986,4812,-62475,-12810,brushing
532503670,-275,-233,963,4812,-62475,-12810,brushing
532516207,-275,-233,963,8697,-69685,-9537,brushing
532520807,-283,-275,933,8697,-69685,-9537,brushing
532535480,-283,-275,933,11322,-67847,-5687,brushing
532538247,-268,-287,946,11322,-67847,-5687,brushing
532554753,-268,-287,946,14420,-66325,-2240,brushing
532555383,-286,-312,944,14420,-66325,-2240,brushing
532572500,-263,-361,901,14420,-66325,-2240,brushing
532573742,-263,-361,901,18025,-71680,-402,brushing
532589638,-262,-342,890,18025,-71680,-402,brushing
532593015,-262,-342,890,20247,-78190,-630,brushing
532607080,-266,-446,878,20247,-78190,-630,brushing
532612290,-266,-446,878,23135,-89250,-175,brushing
532624217,-230,-462,755,23135,-89250,-175,brushing
532631259,-230,-462,755,25182,-98630,-5145,brushing
532641354,-229,-455,730,25182,-98630,-5145,brushing
532650532,-229,-455,730,27247,-99417,-5197,brushing
532658795,-212,-471,614,27247,-99417,-5197,brushing
532669805,-212,-471,614,26582,-108080,-8907,brushing
532675931,-216,-501,536,26582,-108080,-8907,brushing
532689080,-216,-501,536,25795,-107730,-10237,brushing
532693069,-208,-594,496,25795,-107730,-10237,brushing
532708048,-208,-594,496,27317,-96915,-13142,brushing
532710206,-232,-736,441,27317,-96915,-13142,brushing
532727322,-232,-736,441,32427,-75390,-19337,brushing
532727953,-192,-764,340,32427,-75390,-19337,brushing
532744765,-111,-628,342,32427,-75390,-19337,brushing
532746617,-111,-628,342,38010,-32865,-20842,brushing
532761901,-111,-484,397,38010,-32865,-20842,brushing
532765586,-111,-484,397,40022,-9835,-17587,brushing
532779344,-111,-572,549,40022,-9835,-17587,brushing
532784859,-111,-572,549,40582,-4690,-12845,brushing
532796480,-66,-605,575,40582,-4690,-12845,brushing
532804132,-66,-605,575,43890,-945,-14385,brushing
532813616,10,-620,663,43890,-945,-14385,brushing
532823404,10,-620,663,48877,29330,-9502,brushing
532831057,-20,-646,733,48877,29330,-9502,brushing
532842373,-20,-646,733,50890,40127,-8680,brushing
532848194,-90,-759,759,50890,40127,-8680,brushing
532861647,-90,-759,759,51922,58817,-11165,brushing
532865331,-21,-739,806,51922,58817,-11165,brushing
532880921,-21,-739,806,58730,106330,-7297,brushing
532882468,16,-638,875,58730,106330,-7297,brushing
532899890,-2,-591,846,65555,123620,-3062,brushing
532917019,78,-452,818,65555,123620,-3062,brushing
532919177,78,-452,818,67200,126840,-612,brushing
532934157,79,-439,794,67200,126840,-612,brushing
532938451,79,-439,794,62422,120417,280,brushing
532951599,81,-363,805,62422,120417,280,brushing
532957725,81,-363,805,55597,112455,2240,brushing
532968736,63,-398,856,55597,112455,2240,brushing
532976694,63,-398,856,51590,112122,4445,brushing
532985872,128,-125,874,51590,112122,4445,brushing
532995967,128,-125,874,52832,130917,17307,brushing
533003314,130,-121,960,52832,130917,17307,brushing
533015240,130,-121,960,50942,120785,23520,brushing
533020450,152,3,992,50942,120785,23520,brushing
533034208,152,3,992,49455,120837,36365,brushing
533037587,168,-47,1020,49455,120837,36365,brushing
533053483,168,-47,1020,47810,112630,41912,brushing
533054724,136,-93,1085,47810,112630,41912,brushing
533072145,216,35,1133,47810,112630,41912,brushing
533072775,216,35,1133,50032,123567,55020,brushing
533089281,102,-149,1114,50032,123567,55020,brushing
533092049,102,-149,1114,48002,99225,53007,brushing
533106418,114,-147,1114,48002,99225,53007,brushing
533111016,114,-147,1114,46760,86992,51047,brushing
533123859,103,-111,1098,46760,86992,51047,brushing
533130290,103,-111,1098,45955,77752,45920,brushing
533140996,129,23,1090,45955,77752,45920,brushing
533149565,129,23,1090,42945,79275,47880,brushing
533158133,110,-10,1042,42945,79275,47880,brushing
533168838,110,-10,1042,38937,83142,47460,brushing
533175574,112,-21,1008,38937,83142,47460,brushing
533187806,112,-21,1008,34702,105437,49752,brushing
533192711,76,10,1044,34702,105437,49752,brushing
533207080,76,10,1044,24797,108605,44712,brushing
533209848,-45,-194,1059,24797,108605,44712,brushing
533226353,-45,-194,1059,12512,102550,26810,brushing
533226984,-141,-354,1071,12512,102550,26810,brushing
533244406,-67,-287,928,12512,102550,26810,brushing
533245342,-67,-287,928,2695,123585,8540,brushing
533261542,42,-68,909,2695,123585,8540,brushing
533264616,42,-68,909,-8102,155277,-4060,brushing
533278679,67,258,1033,-8102,155277,-4060,brushing
533283890,67,258,1033,-17797,148522,-19057,brushing
533296121,89,425,1081,-17797,148522,-19057,brushing
533302858,89,425,1081,-25375,92505,-35402,brushing
533313258,82,467,1089,-25375,92505,-35402,brushing
533322131,82,467,1089,-27772,30485,-47460,brushing
533330394,91,438,1044,-27772,30485,-47460,brushing
533341404,91,438,1044,-25690,3797,-49682,brushing
533347531,136,399,971,-25690,3797,-49682,brushing
533360679,136,399,971,-21455,8400,-43907,brushing
533364973,148,320,848,-21455,8400,-43907,brushing
533379647,148,320,848,-18865,25287,-36277,brushing
533382109,156,396,869,-18865,25287,-36277,brushing
533398920,156,396,869,-18445,24272,-28175,brushing
533399551,183,417,850,-18445,24272,-28175,brushing
533416668,171,368,736,-18445,24272,-28175,brushing
533418215,171,368,736,-18830,7892,-24097,brushing
533433806,187,259,714,-18830,7892,-24097,brushing
533437185,187,259,714,-16975,22872,-15120,brushing
533450942,227,292,688,-16975,22872,-15120,brushing
533456458,227,292,688,-10412,63927,-1802,brushing
533468385,326,623,749,-10412,63927,-1802,brushing
533475732,326,623,749,-6160,102707,20947,brushing
533485522,380,825,887,-6160,102707,20947,brushing
533495006,380,825,887,-7630,68512,38920,brushing
533502659,319,618,897,-7630,68512,38920,brushing
533513975,319,618,897,-7647,17535,47757,brushing
533519795,183,379,983,-7647,17535,47757,brushing
533533249,183,379,983,332,22452,56420,brushing
533537237,118,350,938,332,22452,56420,brushing
533552523,118,350,938,8505,51520,63700,brushing
533554375,124,502,911,8505,51520,63700,brushing
533571491,129,613,881,8347,57662,67865,brushing
533588925,107,514,837,8347,57662,67865,brushing
533590777,107,514,837,227,30922,63997,brushing
533606061,24,267,802,227,30922,63997,brushing
533610050,24,267,802,-8942,11077,53042,brushing
533623197,-39,150,804,-8942,11077,53042,brushing
533629018,-39,150,804,-13562,25637,38167,brushing
533640334,-57,192,800,-13562,25637,38167,brushing
533648291,-57,192,800,-16765,45780,19792,brushing
533657775,-59,315,808,-16765,45780,19792,brushing
533667565,-59,315,808,-22522,43522,-122,brushing
533674911,-93,347,820,-22522,43522,-122,brushing
533686838,-93,347,820,-28577,28157,-20125,brushing
533692048,-137,323,812,-28577,28157,-20125,brushing
533705806,-137,323,812,-31832,21735,-38517,brushing
533709490,-172,289,781,-31832,21735,-38517,brushing
533725080,-172,289,781,-30940,36645,-51590,brushing
533726627,-167,408,818,-30940,36645,-51590,brushing
533743744,-105,632,856,-30940,36645,-51590,brushing
533744374,-105,632,856,-26425,54495,-57417,brushing
533761186,-32,822,978,-26425,54495,-57417,brushing
533763648,-32,822,978,-20930,46427,-56647,brushing
533778322,22,752,1014,-20930,46427,-56647,brushing
533782616,22,752,1014,-13422,13545,-53830,brushing
533795458,111,663,963,-13422,13545,-53830,brushing
533801890,111,663,963,-5022,-3675,-48825,brushing
533812901,177,667,925,-5022,-3675,-48825,brushing
533821165,177,667,925,3955,3395,-38027,brushing
533830038,250,820,894,3955,3395,-38027,brushing
533840133,250,820,894,9852,10920,-19880,brushing
533847174,327,908,840,9852,10920,-19880,brushing
533859406,327,908,840,11235,11007,3360,brushing
533864311,364,903,781,11235,11007,3360,brushing
533878680,364,903,781,8645,9572,26022,brushing
533881753,315,750,732,8645,9572,26022,brushing
533897953,315,750,732,5267,16257,44012,brushing
533898890,247,659,702,5267,16257,44012,brushing
533916006,260,807,680,5267,16257,44012,brushing
533916942,260,807,680,4270,36540,62072,brushing
533933447,300,927,687,4270,36540,62072,brushing
533936215,300,927,687,3185,48335,82705,brushing
533950584,207,799,691,3185,48335,82705,brushing
533955489,207,799,691,-1855,20650,93730,brushing
533967721,39,486,672,-1855,20650,93730,brushing
533974458,39,486,672,-3867,962,93922,brushing
533984857,-37,374,662,-3867,962,93922,brushing
533993732,-37,374,662,-1575,24920,89897,brushing
534002300,-73,413,726,-1575,24920,89897,brushing
534013006,-73,413,726,-1435,41650,78522,brushing
534019438,-145,375,726,-1435,41650,78522,brushing
534031975,-145,375,726,-7175,23502,53410,brushing
534036575,-237,257,684,-7175,23502,53410,brushing
534051249,-237,257,684,-13580,13615,23677,brushing
534054017,-266,382,729,-13580,13615,23677,brushing
534070522,-266,382,729,-19757,17010,-1855,brushing
534071152,-264,593,784,-19757,17010,-1855,brushing
534088269,-253,691,812,-19757,17010,-1855,brushing
534089816,-253,691,812,-24290,35,-25007,brushing
534105712,-217,770,854,-24290,35,-25007,brushing
534108785,-217,770,854,-26512,-23765,-44152,brushing
534122848,-177,726,837,-26512,-23765,-44152,brushing
534128058,-177,726,837,-24220,-40180,-57907,brushing
534139984,-128,605,776,-24220,-40180,-57907,brushing
534147331,-128,605,776,-20510,-36050,-68670,brushing
534157121,-147,487,780,-20510,-36050,-68670,brushing
534166606,-147,487,780,-18935,-43575,-82425,brushing
534174563,-134,507,773,-18935,-43575,-82425,brushing
534185574,-134,507,773,-16030,-48615,-94220,brushing
534191700,-29,467,756,-16030,-48615,-94220,brushing
534204848,-29,467,756,-9625,-25637,-98315,brushing
534208837,16,566,759,-9625,-25637,-98315,brushing
534224122,16,566,759,-3412,2765,-92330,brushing
534226280,87,777,760,-3412,2765,-92330,brushing
534243090,87,777,760,-2082,13632,-77087,brushing
534243720,210,961,784,-2082,13632,-77087,brushing
534260532,336,1119,829,-2082,13632,-77087,brushing
534262383,336,1119,829,-3762,23222,-50277,brushing
534277974,410,1207,885,-3762,23222,-50277,brushing
534281658,410,1207,885,-4497,38377,-13072,brushing
534295111,425,1163,953,-4497,38377,-13072,brushing
534300931,425,1163,953,-1802,57960,28840,brushing
534312247,364,987,989,-1802,57960,28840,brushing
534319899,364,987,989,805,61057,60567,brushing
534329690,229,812,996,805,61057,60567,brushing
534339174,229,812,996,3010,49070,79485,brushing
534346827,103,675,940,3010,49070,79485,brushing
534358448,103,675,940,5127,39812,88095,brushing
534363963,21,592,863,5127,39812,88095,brushing
534377417,21,592,863,5250,32777,88497,brushing
534381100,-52,516,785,5250,32777,88497,brushing
534396690,-52,516,785,2240,22155,80307,brushing
534398542,-113,445,689,2240,22155,80307,brushing
534415658,-113,621,645,-1662,17010,68215,brushing
534432787,-63,752,566,-1662,17010,68215,brushing
534434945,-63,752,566,-11567,-9992,58887,brushing
534450229,-98,12,341,-11567,-9992,58887,brushing
534454219,-98,12,341,-31745,-95760,26547,brushing
534467366,-213,-246,377,-31745,-95760,26547,brushing
534473492,-213,-246,377,-42472,-93852,-8662,brushing
534484502,-142,49,503,-42472,-93852,-8662,brushing
534492764,-142,49,503,-43470,-18742,-29802,brushing
534501638,-110,479,632,-43470,-18742,-29802,brushing
534511733,-110,479,632,-49455,-16660,-46270,brushing
534519080,-122,565,774,-49455,-16660,-46270,brushing
534531007,-122,565,774,-59377,-87762,-68005,brushing
534536217,-129,465,652,-59377,-87762,-68005,brushing
534550281,-129,465,652,-58817,-88812,-73132,brushing
534553354,-153,798,769,-58817,-88812,-73132,brushing
534569249,-153,798,769,-46182,-15470,-48685,brushing
534570491,-65,1154,830,-46182,-15470,-48685,brushing
534587912,12,1490,1039,-46182,-15470,-48685,brushing
534588542,12,1490,1039,-27090,45115,-11060,brushing
534605051,34,1152,1135,-27090,45115,-11060,brushing
534607819,34,1152,1135,-8365,37520,20055,brushing
534622188,-74,669,1051,-8365,37520,20055,brushing
534626788,-74,669,1051,7962,-9957,25480,brushing
534639631,-124,481,888,7962,-9957,25480,brushing
534646061,-124,481,888,27212,7140,28052,brushing
534656766,-57,848,725,27212,7140,28052,brushing
534665334,-57,848,725,43645,71347,46655,brushing
534673902,75,1231,626,43645,71347,46655,brushing
534684608,75,1231,626,40775,73797,67270,brushing
534691345,64,886,584,40775,73797,67270,brushing
534703576,64,886,584,22190,-12057,59990,brushing
534708480,-70,243,394,22190,-12057,59990,brushing
534722849,-70,243,394,4392,-32375,40180,brushing
534725617,-146,-277,421,4392,-32375,40180,brushing
534742123,-146,-277,421,-12862,-31202,-210,brushing
534742753,-212,-309,323,-12862,-31202,-210,brushing
534760174,-127,286,559,-12862,-31202,-210,brushing
534761415,-127,286,559,-21822,36102,-23975,brushing
534777310,-74,921,739,-21822,36102,-23975,brushing
534780384,-74,921,739,-28245,57015,-34755,brushing
534794447,-104,857,899,-28245,57015,-34755,brushing
534799657,-104,857,899,-32847,7070,-38517,brushing
534811889,-160,499,917,-32847,7070,-38517,brushing
534818930,-160,499,917,-35035,-52867,-53935,brushing
534829025,-190,317,966,-35035,-52867,-53935,brushing
534837900,-190,317,966,-31727,-72817,-70087,brushing
534846163,-142,660,832,-31727,-72817,-70087,brushing
534857173,-142,660,832,-21735,-47635,-67007,brushing
534863300,-109,1031,853,-21735,-47635,-67007,brushing
534876447,-109,1031,853,-8277,2205,-42630,brushing
534880741,-16,1365,901,-8277,2205,-42630,brushing
534895415,-16,1365,901,7052,36365,-2222,brushing
534897878,63,1402,935,7052,36365,-2222,brushing
534914690,63,1402,935,14822,12337,24937,brushing
534915320,3,922,869,14822,12337,24937,brushing
534932437,-84,771,766,14822,12337,24937,brushing
534933984,-84,771,766,23887,15680,41405,brushing
534949574,-32,876,731,23887,15680,41405,brushing
534952953,-32,876,731,30397,52482,58695,brushing
534966711,-79,564,630,30397,52482,58695,brushing
534972226,-79,564,630,24360,11112,53952,brushing
534983848,-168,211,514,24360,11112,53952,brushing
534991499,-168,211,514,18392,5215,40810,brushing
535001289,-173,62,476,18392,5215,40810,brushing
535010774,-173,62,476,3062,-4392,11830,brushing
535018426,-228,26,340,3062,-4392,11830,brushing
535029742,-228,26,340,-11357,-1802,-15592,brushing
535035563,-162,452,556,-11357,-1802,-15592,brushing
535049016,-162,452,556,-17447,33897,-24167,brushing
535052700,-89,1002,866,-17447,33897,-24167,brushing
535068289,-89,1002,866,-18007,350,-24517,brushing
535070140,-121,1048,1093,-18007,350,-24517,brushing
535087255,-176,818,1132,-11987,-65607,-28875,brushing
535104385,-188,655,1107,-11987,-65607,-28875,brushing
535106542,-188,655,1107,-2432,-103215,-36837,brushing
535121826,-169,698,1032,-2432,-103215,-36837,brushing
535125816,-169,698,1032,5915,-122832,-44397,brushing
535138965,-139,781,963,5915,-122832,-44397,brushing
535144785,-139,781,963,9852,-139772,-48072,brushing
535156100,-82,837,852,9852,-139772,-48072,brushing
535164058,-82,837,852,11007,-139212,-39970,brushing
535173237,-45,782,727,11007,-139212,-39970,brushing
535183332,-45,782,727,7910,-125090,-24920,brushing
535190679,-65,634,745,7910,-125090,-24920,brushing
535202300,-65,634,745,3797,-117722,-14857,brushing
535207816,-107,520,830,3797,-117722,-14857,brushing
535221575,-107,520,830,3710,-117547,-12215,brushing
535224953,-164,395,894,3710,-117547,-12215,brushing
535240848,-164,395,894,8767,-121625,-16117,brushing
535242394,-188,330,908,8767,-121625,-16117,brushing
535259511,-161,293,815,8767,-121625,-16117,brushing
535260141,-161,293,815,15085,-125510,-22417,brushing
535276647,-93,412,806,15085,-125510,-22417,brushing
535279110,-93,412,806,21822,-103320,-21000,brushing
535294089,-42,463,728,21822,-103320,-21000,brushing
535298384,-42,463,728,26810,-79975,-12932,brushing
535311225,-35,424,702,26810,-79975,-12932,brushing
535317657,-35,424,702,25602,-75985,-5495,brushing
535328363,-63,232,720,25602,-75985,-5495,brushing
535336626,-63,232,720,22225,-85330,-5810,brushing
535345500,-35,170,660,22225,-85330,-5810,brushing
535355900,-35,170,660,18602,-73010,-7595,brushing
535362942,-52,144,691,18602,-73010,-7595,brushing
535375174,-52,144,691,13212,-64190,-9730,brushing
535380079,-74,125,666,13212,-64190,-9730,brushing
535394143,-74,125,666,8522,-50802,-11112,brushing
535397215,-77,121,649,8522,-50802,-11112,brushing
535413415,-77,121,649,5407,-37572,-12635,brushing
535414351,-105,86,759,5407,-37572,-12635,brushing
535431774,-111,48,838,5407,-37572,-12635,brushing
535432710,-111,48,838,11515,-22365,-15505,brushing
535448911,-73,74,682,11515,-22365,-15505,brushing
535451680,-73,74,682,23677,-2940,-21682,brushing
535466049,-99,133,693,23677,-2940,-21682,brushing
535470954,-99,133,693,26775,11900,-27142,brushing
535483186,-145,126,746,26775,11900,-27142,brushing
535490227,-145,126,746,27107,28035,-28700,brushing
535500627,-126,88,775,27107,28035,-28700,brushing
535509196,-126,88,775,28857,57942,-28735,brushing
535517764,-58,175,846,28857,57942,-28735,brushing
535528469,-58,175,846,33775,88340,-30012,brushing
535534900,22,352,913,33775,88340,-30012,brushing
535547743,22,352,913,41930,104125,-26477,brushing
535552343,74,442,966,41930,104125,-26477,brushing
535567017,74,442,966,50260,97107,-21052,brushing
535569480,134,587,1060,50260,97107,-21052,brushing
535585985,134,587,1060,57295,86870,-11777,brushing
535586615,114,453,1122,57295,86870,-11777,brushing
535603731,123,366,997,57295,86870,-11777,brushing
535605278,123,366,997,62580,83072,-8697,brushing
535621174,152,382,943,62580,83072,-8697,brushing
535624552,152,382,943,66500,96285,-1382,brushing
535638311,154,458,943,66500,96285,-1382,brushing
535643522,154,458,943,62492,87395,2922,brushing
535655448,93,328,968,62492,87395,2922,brushing
535662795,93,328,968,54565,68110,1820,brushing
535672889,58,325,956,54565,68110,1820,brushing
535682067,58,325,956,50732,69212,210,brushing
535690025,171,615,930,50732,69212,210,brushing
535701035,171,615,930,51572,97545,14262,brushing
535707161,265,786,975,51572,97545,14262,brushing
535720308,265,786,975,47967,82530,25917,brushing
535724298,241,714,954,47967,82530,25917,brushing
535739583,241,714,954,44957,60007,30905,brushing
535741740,267,514,949,44957,60007,30905,brushing
535758856,161,340,922,44152,59972,33617,brushing
535775984,91,355,902,44152,59972,33617,brushing
535777836,91,355,902,41160,58065,28822,brushing
535793427,137,494,878,41160,58065,28822,brushing
535797110,137,494,878,36960,53305,25165,brushing
535810563,165,634,829,36960,53305,25165,brushing
535816384,165,634,829,30555,48510,23695,brushing
535827700,158,701,828,30555,48510,23695,brushing
535835353,158,701,828,23712,45885,23240,brushing
535844837,151,702,822,23712,45885,23240,brushing
535854627,151,702,822,17080,45185,23957,brushing
535862280,182,800,838,17080,45185,23957,brushing
535873900,182,800,838,10167,47110,26635,brushing
535879416,130,682,869,10167,47110,26635,brushing
535892869,130,682,869,1820,40635,20440,brushing
535896553,-18,413,833,1820,40635,20440,brushing
535912143,-18,413,833,-5477,39025,5547,brushing
535913995,-92,352,805,-5477,39025,5547,brushing
535931112,-14,639,823,-11672,42297,-12005,brushing
535948241,86,777,772,-11672,42297,-12005,brushing
535950704,86,777,772,-20702,28262,-27545,brushing
535965378,61,790,811,-20702,28262,-27545,brushing
535969673,61,790,811,-30782,-10342,-48002,brushing
535982820,-3,750,812,-30782,-10342,-48002,brushing
535988947,-3,750,812,-33005,-42927,-58380,brushing
535999957,40,623,812,-33005,-42927,-58380,brushing
536008221,40,623,812,-29715,-50347,-65572,brushing
536017094,65,691,748,-29715,-50347,-65572,brushing
536027189,65,691,748,-25392,-53287,-68425,brushing
536034536,143,683,690,-25392,-53287,-68425,brushing
536046462,143,683,690,-22050,-49385,-66027,brushing
536051673,225,779,663,-22050,-49385,-66027,brushing
536065736,225,779,663,-19827,-49455,-57890,brushing
536068810,291,714,701,-19827,-49455,-57890,brushing
536084705,291,714,701,-14280,-41475,-45097,brushing
536085947,390,775,676,-14280,-41475,-45097,brushing
536103368,454,807,700,-14280,-41475,-45097,brushing
536103997,454,807,700,-7332,-29627,-23782,brushing
536120503,350,522,705,-7332,-29627,-23782,brushing
536123272,350,522,705,-2590,-37852,-7315,brushing
536137640,259,336,642,-2590,-37852,-7315,brushing
536142545,259,336,642,2432,-42385,-595,brushing
536155083,270,357,664,2432,-42385,-595,brushing
536161515,270,357,664,11585,-5897,10185,brushing
536172220,250,535,665,11585,-5897,10185,brushing
536180788,250,535,665,20772,30082,25095,brushing
536189357,331,819,656,20772,30082,25095,brushing
536200061,331,819,656,28122,61827,50050,brushing
536206493,416,1019,683,28122,61827,50050,brushing
536219030,416,1019,683,28612,69510,76895,brushing
536223934,299,885,694,28612,69510,76895,brushing
536238304,299,885,694,20982,39515,86677,brushing
536241073,129,549,647,20982,39515,86677,brushing
536257579,129,549,647,14525,32602,80972,brushing
536258209,-21,246,710,14525,32602,80972,brushing
536275631,-147,312,746,14525,32602,80972,brushing
536276567,-147,312,746,15015,72012,66850,brushing
536292768,-174,641,723,15015,72012,66850,brushing
536295840,-174,641,723,13107,101640,51940,brushing
536309904,-217,883,819,13107,101640,51940,brushing
536315114,-217,883,819,2100,62072,30642,brushing
536327041,-192,910,853,2100,62072,30642,brushing
536334388,-192,910,853,-4882,7945,8645,brushing
536344483,-83,852,883,-4882,7945,8645,brushing
536353356,-83,852,883,-4812,-7245,-4795,brushing
536361619,-59,747,877,-4812,-7245,-4795,brushing
536372629,-59,747,877,-2170,-13247,-17202,brushing
536378754,-49,594,828,-2170,-13247,-17202,brushing
536391901,-49,594,828,-3500,-35997,-36942,brushing
536396195,-66,436,700,-3500,-35997,-36942,brushing
536410869,-66,436,700,-9782,-61372,-62615,brushing
536413332,8,550,588,-9782,-61372,-62615,brushing
536430142,8,550,588,-15662,-65870,-75407,brushing
536430772,107,715,681,-15662,-65870,-75407,brushing
536447584,139,822,741,-15662,-65870,-75407,brushing
536449435,139,822,741,-13912,-53812,-73797,brushing
536465025,206,834,714,-13912,-53812,-73797,brushing
536468403,206,834,714,-8330,-38342,-63402,brushing
536482161,376,916,644,-8330,-38342,-63402,brushing
536487676,376,916,644,-4165,-22837,-48055,brushing
536499297,555,961,612,-4165,-22837,-48055,brushing
536506949,555,961,612,-3255,-11445,-24552,brushing
536516739,616,868,601,-3255,-11445,-24552,brushing
536526223,616,868,601,-7752,-22312,-822,brushing
536533876,441,485,680,-7752,-22312,-822,brushing
536545193,441,485,680,-10045,-44047,9082,brushing
536551014,301,293,663,-10045,-44047,9082,brushing
536564467,301,293,663,-4077,-17342,18112,brushing
536568457,288,352,621,-4077,-17342,18112,brushing
536583742,288,352,621,1662,28122,30467,brushing
536585594,311,616,623,1662,28122,30467,brushing
536602711,319,761,610,5512,48492,47547,brushing
536619839,241,679,601,5512,48492,47547,brushing
536621997,241,679,601,7000,41300,57680,brushing
536637282,233,772,617,7000,41300,57680,brushing
536641270,233,772,617,15295,78102,74112,brushing
536654417,137,866,719,15295,78102,74112,brushing
536660544,137,866,719,20317,111177,89897,brushing
536671555,-93,717,731,20317,111177,89897,brushing
536679512,-93,717,731,17290,72520,77175,brushing
536688997,-445,224,713,17290,72520,77175,brushing
536698787,-445,224,713,11445,-6912,32445,brushing
536706134,-380,589,540,11445,-6912,32445,brushing
536718060,-380,589,540,16765,39060,15032,brushing
536723270,-45,1066,558,16765,39060,15032,brushing
536737029,-45,1066,558,12477,83755,16082,brushing
536740408,1,1219,700,12477,83755,16082,brushing
536756302,1,1219,700,-1977,13247,-1417,brushing
536757849,-45,831,670,-1977,13247,-1417,brushing
536774966,-36,490,644,-1977,13247,-1417,brushing
536775596,-36,490,644,-15067,-45115,-28647,brushing
536792103,-83,414,704,-15067,-45115,-28647,brushing
536794566,-83,414,704,-21262,-37835,-51327,brushing
536809545,-37,706,686,-21262,-37835,-51327,brushing
536813839,-37,706,686,-21560,-18690,-68197,brushing
536826681,122,977,812,-21560,-18690,-68197,brushing
536833114,122,977,812,-17710,5617,-65835,brushing
536843819,238,1131,829,-17710,5617,-65835,brushing
536852388,238,1131,829,-12145,6930,-54932,brushing
536860957,364,988,746,-12145,6930,-54932,brushing
536871357,364,988,746,-11200,-8820,-42595,brushing
536878399,463,815,637,-11200,-8820,-42595,brushing
536890631,463,815,637,-14787,-6002,-28525,brushing
536895534,532,701,605,-14787,-6002,-28525,brushing
536909902,532,701,605,-19180,7385,-14210,brushing
536912670,557,592,620,-19180,7385,-14210,brushing
536929175,557,592,620,-22977,28140,2362,brushing
536930112,476,426,593,-22977,28140,2362,brushing
536947228,313,319,553,-22977,28140,2362,brushing
536948164,313,319,553,-24727,53830,13755,brushing
536964365,318,552,541,-24727,53830,13755,brushing
536967438,318,552,541,-20510,94342,22907,brushing
536981806,300,617,607,-20510,94342,22907,brushing
536986711,300,617,607,-15260,113802,33845,brushing
536998944,161,421,623,-15260,113802,33845,brushing
537005680,161,421,623,-7332,105822,29925,brushing
537016080,129,537,379,-7332,105822,29925,brushing
537024954,129,537,379,-945,124477,24937,brushing
537033217,-30,660,235,-945,124477,24937,brushing
537044228,-30,660,235,3237,133612,16712,brushing
537050659,28,1138,-177,3237,133612,16712,brushing
537063196,28,1138,-177,5005,223230,33372,brushing
537067796,324,2036,76,5005,223230,33372,brushing
537082470,324,2036,76,-11042,187635,66605,brushing
537084933,102,1819,138,-11042,187635,66605,brushing
537101746,102,1819,138,-25707,62125,71347,brushing
537102376,-142,1163,225,-25707,62125,71347,brushing
537119491,-343,450,322,-25707,62125,71347,brushing
537120732,-343,450,322,-31885,-12302,44660,brushing
537136628,-581,147,367,-31885,-12302,44660,brushing
537140006,-581,147,367,-25742,-11165,-560,brushing
537153764,-524,736,348,-25742,-11165,-560,brushing
537159280,-524,736,348,-10622,43505,-39287,brushing
537171206,-239,1431,381,-10622,43505,-39287,brushing
537178553,-239,1431,381,-577,64785,-48475,brushing
537188342,-171,1508,443,-577,64785,-48475,brushing
537197521,-171,1508,443,3395,-5232,-54442,brushing
537205478,-156,1164,439,3395,-5232,-54442,brushing
537216794,-156,1164,439,8575,-58047,-64400,brushing
537222920,-94,856,380,8575,-58047,-64400,brushing
537236068,-94,856,380,15330,-52132,-73080,brushing
537240056,-27,869,383,15330,-52132,-73080,brushing
537255035,-27,869,383,20352,-44292,-78890,brushing
537257192,88,917,403,20352,-44292,-78890,brushing
537274310,190,963,395,22487,-50592,-81585,brushing
537291743,309,1054,281,22487,-50592,-81585,brushing
537293596,309,1054,281,22837,-38605,-74637,brushing
537308881,477,1270,263,22837,-38605,-74637,brushing
537312869,477,1270,263,16187,-15785,-55860,brushing
537326017,611,1288,327,16187,-15785,-55860,brushing
537331837,611,1288,327,4812,-23082,-29312,brushing
537343458,620,1103,403,4812,-23082,-29312,brushing
537351110,620,1103,403,-4392,-35297,-472,brushing
537360594,411,689,504,-4392,-35297,-472,brushing
537370384,411,689,504,-8802,-54250,14822,brushing
537377731,289,498,457,-8802,-54250,14822,brushing
537389353,289,498,457,-3290,-36750,22820,brushing
537394869,343,663,375,-3290,-36750,22820,brushing
537408628,343,663,375,2152,-5967,37572,brushing
537412311,348,988,249,2152,-5967,37572,brushing
537427900,348,988,249,1522,5197,59080,brushing
537429447,266,1114,198,1522,5197,59080,brushing
537446563,170,1070,127,-665,490,76335,brushing
537463692,118,1137,173,-665,490,76335,brushing
537466155,118,1137,173,-2205,26285,93292,brushing
537481134,-41,1078,223,-2205,26285,93292,brushing
537485428,-41,1078,223,-5512,19705,98052,brushing
537498271,-218,825,313,-5512,19705,98052,brushing
537504397,-218,825,313,-8190,9065,88077,brushing
537515407,-503,486,445,-8190,9065,88077,brushing
537523670,-503,486,445,-8365,-9905,55177,brushing
537532848,-721,229,500,-8365,-9905,55177,brushing
537542943,-721,229,500,-1487,-20877,3727,brushing
537549985,-507,800,340,-1487,-20877,3727,brushing
537562217,-507,800,340,10622,41632,-20142,brushing
537567122,-121,1444,399,10622,41632,-20142,brushing
537581186,-121,1444,399,13702,31167,-23502,brushing
537584259,-77,1305,479,13702,31167,-23502,brushing
537600460,-77,1305,479,14157,-47687,-36067,brushing
537601702,-120,825,420,14157,-47687,-36067,brushing
537618818,-135,535,412,14157,-47687,-36067,brushing
537619754,-135,535,412,17972,-73482,-57575,brushing
537635954,-95,611,369,17972,-73482,-57575,brushing
537638722,-95,611,369,25585,-55230,-74725,brushing
537653397,-76,747,345,25585,-55230,-74725,brushing
537657996,-76,747,345,33022,-33740,-83335,brushing
537670533,148,1065,217,33022,-33740,-83335,brushing
537677270,148,1065,217,38447,1102,-77280,brushing
537687670,260,1318,218,38447,1102,-77280,brushing
537696238,260,1318,218,34562,4340,-60707,brushing
537704806,338,1317,384,34562,4340,-60707,brushing
537715511,338,1317,384,31115,-30012,-42367,brushing
537722248,327,1062,360,31115,-30012,-42367,brushing
537734785,327,1062,360,29837,-56367,-29207,brushing
537739385,316,985,289,29837,-56367,-29207,brushing
537754059,316,985,289,25917,-56945,-13160,brushing
537756522,378,945,309,25917,-56945,-13160,brushing
537773027,378,945,309,18917,-58222,1557,brushing
537773963,358,897,259,18917,-58222,1557,brushing
537791080,266,685,380,18917,-58222,1557,brushing
537792322,266,685,380,11445,-64102,10360,brushing
537808217,281,988,384,11445,-64102,10360,brushing
537811596,281,988,384,20247,2240,29102,brushing
537825354,364,1203,358,20247,2240,29102,brushing
537830564,364,1203,358,11112,39672,52955,brushing
537842795,188,987,546,11112,39672,52955,brushing
537849836,188,987,546,-4742,-63192,45692,brushing
537859931,65,613,515,-4742,-63192,45692,brushing
537869110,65,613,515,-4865,-75897,40302,brushing
537877068,151,668,426,-4865,-75897,40302,brushing
537888079,151,668,426,-2380,-11130,46830,brushing
537894205,142,767,585,-2380,-11130,46830,brushing
537907353,142,767,585,-507,22505,50960,brushing
537911648,136,885,682,-507,22505,50960,brushing
537926627,136,885,682,5337,45920,59132,brushing
537928785,179,1073,593,5337,45920,59132,brushing
537945597,179,1073,593,3132,25777,63017,brushing
537946227,191,999,567,3132,25777,63017,brushing
537963342,183,860,483,3132,25777,63017,brushing
537964889,183,860,483,140,1592,63892,brushing
537980479,210,765,431,140,1592,63892,brushing
537984163,210,765,431,-2485,5145,65642,brushing
537997616,172,729,458,-2485,5145,65642,brushing
538003132,172,729,458,-4865,3132,62405,brushing
538014753,147,706,471,-4865,3132,62405,brushing
538022405,147,706,471,-5967,-4935,55020,brushing
538032194,-43,260,332,-5967,-4935,55020,brushing
538041678,-43,260,332,-12460,-36820,25515,brushing
538049331,58,453,283,-12460,-36820,25515,brushing
538060647,58,453,283,-12145,-1662,13002,brushing
538066468,131,862,565,-12145,-1662,13002,brushing
538079921,131,862,565,-6650,28630,12600,brushing
538083606,66,1033,622,-6650,28630,12600,brushing
538099195,66,1033,622,-5600,-18585,1995,brushing
538101047,-31,916,602,-5600,-18585,1995,brushing
538118164,-87,766,641,-11060,-82425,-19495,brushing
538135292,-76,574,636,-11060,-82425,-19495,brushing
538137450,-76,574,636,-12302,-122867,-45972,brushing
538152428,2,527,626,-12302,-122867,-45972,brushing
538156723,2,527,626,-9432,-113750,-65747,brushing
538169869,55,640,605,-9432,-113750,-65747,brushing
538175689,55,640,605,-2992,-67462,-73150,brushing
538187005,62,848,646,-2992,-67462,-73150,brushing
538194963,62,848,646,4410,-24395,-70070,brushing
538204141,173,1075,569,4410,-24395,-70070,brushing
538214236,173,1075,569,7420,-9275,-61302,brushing
538221278,349,1114,543,7420,-9275,-61302,brushing
538233510,349,1114,543,6440,-3290,-45780,brushing
538238720,447,1039,503,6440,-3290,-45780,brushing
538252478,447,1039,503,3850,10080,-24955,brushing
538255856,522,1006,493,3850,10080,-24955,brushing
538271751,522,1006,493,-1295,15435,-3955,brushing
538272992,529,905,458,-1295,15435,-3955,brushing
538290413,474,836,429,-1295,15435,-3955,brushing
538291043,474,836,429,-7385,18462,13720,brushing
538307549,382,837,460,-7385,18462,13720,brushing
538310012,382,837,460,-14332,21542,27895,brushing
538324685,293,867,496,-14332,21542,27895,brushing
538329284,293,867,496,-19232,22540,41002,brushing
538341821,223,891,536,-19232,22540,41002,brushing
538348558,223,891,536,-20807,19565,52745,brushing
538359263,195,939,554,-20807,19565,52745,brushing
538367526,195,939,554,-20125,11970,59920,brushing
538376399,23,448,459,-20125,11970,59920,brushing
538386799,23,448,459,-25777,-23677,42735,brushing
538393536,-100,427,115,-25777,-23677,42735,brushing
538406073,-100,427,115,-26897,9887,27807,brushing
538410672,218,923,666,-26897,9887,27807,brushing
538425041,218,923,666,-17465,74147,41965,brushing
538428114,201,1281,619,-17465,74147,41965,brushing
538444314,201,1281,619,-12950,29872,46375,brushing
538445250,66,1138,677,-12950,29872,46375,brushing
538462366,-52,838,681,-12950,29872,46375,brushing
538463608,-52,838,681,-8557,-7507,45430,brushing
538479809,-95,584,583,-8557,-7507,45430,brushing
538482576,-95,584,583,-1277,-20055,30310,brushing
538496944,-115,582,537,-1277,-20055,30310,brushing
538501850,-115,582,537,4182,-13807,12775,brushing
538514082,-95,690,529,4182,-13807,12775,brushing
538521124,-95,690,529,8137,-3535,-4112,brushing
538531219,-38,878,511,8137,-3535,-4112,brushing
538540093,-38,878,511,10237,-1662,-16520,brushing
538548662,53,948,474,10237,-1662,-16520,brushing
538559366,53,948,474,10797,-2677,-23345,brushing
538565797,100,968,477,10797,-2677,-23345,brushing
538578639,100,968,477,11322,1417,-24465,brushing
538582933,124,917,458,11322,1417,-24465,brushing
538597608,124,917,458,8995,1015,-27247,brushing
538600071,96,777,454,8995,1015,-27247,brushing
538616883,96,777,454,5582,2065,-34720,brushing
538617513,51,645,501,5582,2065,-34720,brushing
538634631,51,616,476,5582,2065,-34720,brushing
538636177,51,616,476,3692,8470,-45587,brushing
538651768,47,607,508,3692,8470,-45587,brushing
538655146,47,607,508,2887,10885,-57207,brushing
538668904,97,672,503,2887,10885,-57207,brushing
538674421,97,672,503,2905,7910,-68145,brushing
538686346,134,801,536,2905,7910,-68145,brushing
538693692,134,801,536,5040,15645,-70910,brushing
538703481,191,935,554,5040,15645,-70910,brushing
538712966,191,935,554,7717,21700,-63665,brushing
538720619,306,1016,567,7717,21700,-63665,brushing
538731934,306,1016,567,7980,17395,-51905,brushing
538738060,366,1046,599,7980,17395,-51905,brushing
538751207,366,1046,599,7840,6807,-35595,brushing
538755197,414,1095,580,7840,6807,-35595,brushing
538770482,414,1095,580,6072,-5057,-15347,brushing
538772334,467,1114,481,6072,-5057,-15347,brushing
538789450,442,1011,411,175,-19512,5687,brushing
538806885,352,833,374,175,-19512,5687,brushing
538808737,352,833,374,-7192,-25865,23310,brushing
538824021,275,765,357,-7192,-25865,23310,brushing
538828011,275,765,357,-12617,-18217,36452,brushing
538841158,231,800,350,-12617,-18217,36452,brushing
538846979,231,800,350,-16800,-7332,46462,brushing
538858600,193,906,375,-16800,-7332,46462,brushing
538866253,193,906,375,-19075,2677,55737,brushing
538875737,164,1055,426,-19075,2677,55737,brushing
538885527,164,1055,426,-18690,6422,65712,brushing
538892874,168,1125,449,-18690,6422,65712,brushing
538904800,168,1125,449,-17517,-5670,74235,brushing
538910010,86,853,479,-17517,-5670,74235,brushing
538923768,86,853,479,-17762,-32095,68512,brushing
538927451,-122,581,407,-17762,-32095,68512,brushing
538943041,-122,581,407,-14175,-17342,53322,brushing
538944587,-175,545,445,-14175,-17342,53322,brushing
538961704,-146,837,638,-14175,-17342,53322,brushing
538962334,-146,837,638,-5215,23170,39550,brushing
538979145,-133,1011,616,-5215,23170,39550,brushing
538981301,-133,1011,616,3412,16817,25060,brushing
538996280,-129,893,583,3412,16817,25060,brushing
539000574,-129,893,583,8137,-18532,9852,brushing
539013416,-93,809,529,8137,-18532,9852,brushing
539019847,-93,809,529,14245,-22680,-3727,brushing
539030857,-17,811,451,14245,-22680,-3727,brushing
539039121,-17,811,451,17517,-12530,-15365,brushing
539047995,46,814,403,17517,-12530,-15365,brushing
539058090,46,814,403,14927,-9730,-26932,brushing
539065132,40,772,374,14927,-9730,-26932,brushing
539077363,40,772,374,11182,5215,-34895,brushing
539082268,57,812,414,11182,5215,-34895,brushing
539096637,57,812,414,8557,17762,-42525,brushing
539099710,45,771,416,8557,17762,-42525,brushing
539115911,45,771,416,4760,15802,-53007,brushing
539116848,35,729,415,4760,15802,-53007,brushing
539133964,27,715,451,4760,15802,-53007,brushing
539134901,27,715,451,2100,10780,-64312,brushing
539151407,88,808,492,2100,10780,-64312,brushing
539154174,88,808,492,3430,12757,-71330,brushing
539168543,128,821,535,3430,12757,-71330,brushing
539173448,128,821,535,7752,18760,-72607,brushing
539185679,75,832,501,7752,18760,-72607,brushing
539192416,75,832,501,10710,12005,-73552,brushing
539202816,100,935,495,10710,12005,-73552,brushing
539211690,100,935,495,13212,12652,-68442,brushing
539220258,210,1036,511,13212,12652,-68442,brushing
539230964,210,1036,511,15365,16170,-56980,brushing
539237396,312,1074,539,15365,16170,-56980,brushing
539249933,312,1074,539,17570,15400,-40267,brushing
539254533,381,1059,563,17570,15400,-40267,brushing
539269207,381,1059,563,18025,7472,-21910,brushing
539271975,424,1014,539,18025,7472,-21910,brushing
539288481,424,1014,539,14787,-997,-1242,brushing
539289111,444,1032,495,14787,-997,-1242,brushing
539306227,429,972,455,14787,-997,-1242,brushing
539307469,429,972,455,7630,-13300,19600,brushing
539323364,342,866,428,7630,-13300,19600,brushing
539326743,342,866,428,-1505,-28245,36417,brushing
539340806,285,805,377,-1505,-28245,36417,brushing
539346016,285,805,377,-9170,-30730,49070,brushing
539357943,239,858,359,-9170,-30730,49070,brushing
539364984,239,858,359,-14420,-24167,60690,brushing
539375079,209,986,335,-14420,-24167,60690,brushing
539384258,209,986,335,-17692,-19110,71837,brushing
539392216,168,1023,371,-17692,-19110,71837,brushing
539403532,168,1023,371,-19477,-23117,81217,brushing
539409658,-14,759,445,-19477,-23117,81217,brushing
539422806,-14,759,445,-19775,-39550,73937,brushing
539426795,-216,608,411,-19775,-39550,73937,brushing
539441774,-216,608,411,-14927,-22032,58747,brushing
539443932,-231,672,429,-14927,-22032,58747,brushing
539461049,-231,672,429,-9397,2485,40792,brushing
539461679,-253,806,492,-9397,2485,40792,brushing
539478490,-270,907,492,-9397,2485,40792,brushing
539480342,-270,907,492,-5320,-927,21647,brushing
539495627,-263,827,522,-5320,-927,21647,brushing
539499310,-263,827,522,-210,-13055,1330,brushing
539512763,-216,803,517,-210,-13055,1330,brushing
539518584,-216,803,517,8452,-5600,-17097,brushing
539530205,-146,823,505,8452,-5600,-17097,brushing
539537857,-146,823,505,16677,3955,-33810,brushing
539547341,-107,768,426,16677,3955,-33810,brushing
539556826,-107,768,426,19232,3692,-51450,brushing
539564478,-55,770,416,19232,3692,-51450,brushing
539576099,-55,770,416,19687,13772,-64802,brushing
539581615,25,842,380,19687,13772,-64802,brushing
539595373,25,842,380,19110,29785,-71907,brushing
539599057,84,860,386,19110,29785,-71907,brushing
539614647,84,860,386,15907,27982,-76317,brushing
539616194,118,882,480,15907,27982,-76317,brushing
539633310,294,1090,554,16677,36382,-71855,brushing
539650744,516,1269,551,16677,36382,-71855,brushing
539652902,516,1269,551,17377,46742,-53917,brushing
539667881,618,1342,510,17377,46742,-53917,brushing
539672176,618,1342,510,8400,25602,-30030,brushing
539685017,561,1154,521,8400,25602,-30030,brushing
539691143,561,1154,521,-6002,-19705,-8417,brushing
539702458,411,891,504,-6002,-19705,-8417,brushing
539710416,411,891,504,-14787,-34230,12145,brushing
539719594,337,888,447,-14787,-34230,12145,brushing
539729690,337,888,447,-17972,-13177,34545,brushing
539736732,325,1043,459,-17972,-13177,34545,brushing
539748963,325,1043,459,-22085,-10570,55597,brushing
539753869,248,987,413,-22085,-10570,55597,brushing
539767932,248,987,413,-26442,-35752,67480,brushing
539771311,176,841,348,-26442,-35752,67480,brushing
539787207,176,841,348,-25917,-31535,77017,brushing
539788449,134,775,341,-25917,-31535,77017,brushing
539805565,92,723,320,-25917,-31535,77017,brushing
539806500,92,723,320,-22452,-21752,81602,brushing
539823006,18,636,301,-22452,-21752,81602,brushing
539825468,18,636,301,-20177,-23135,78785,brushing
539840142,-110,522,206,-20177,-23135,78785,brushing
539844742,-110,522,206,-22260,-41912,60637,brushing
539857279,-93,611,416,-22260,-41912,60637,brushing
539864015,-93,611,416,-15435,-19040,46340,brushing
539874415,-104,926,641,-15435,-19040,46340,brushing
539883289,-104,926,641,-595,-9397,38465,brushing
539891857,-142,919,605,-595,-9397,38465,brushing
539902257,-142,919,605,12442,-32812,25777,brushing
539908994,-117,850,585,12442,-32812,25777,brushing
539921531,-117,850,585,21717,-39917,11847,brushing
539926131,-84,860,574,21717,-39917,11847,brushing
539940805,-84,860,574,28630,-33040,612,brushing
539943573,-4,918,549,28630,-33040,612,brushing
539959774,-4,918,549,31465,-26845,-7402,brushing
539960711,52,894,496,31465,-26845,-7402,brushing
539977827,133,905,442,31465,-26845,-7402,brushing
539979069,133,905,442,29592,-14717,-12425,brushing
539995270,174,842,415,29592,-14717,-12425,brushing
539998343,174,842,415,23030,-227,-16257,brushing
540012406,182,832,432,23030,-227,-16257,brushing
540017616,182,832,432,14525,11602,-20090,brushing
540029542,173,838,484,14525,11602,-20090,brushing
540036585,173,838,484,7542,17482,-24010,brushing
540046984,139,841,562,7542,17482,-24010,brushing
540055858,139,841,562,5250,15610,-27877,brushing
540064121,103,796,601,5250,15610,-27877,brushing
540075132,103,796,601,6387,13177,-33687,brushing
540081258,40,678,581,6387,13177,-33687,brushing
540094406,40,678,581,7472,10920,-44082,brushing
540098395,6,603,550,7472,10920,-44082,brushing
540113374,6,603,550,8172,15960,-55895,brushing
540115837,19,611,490,8172,15960,-55895,brushing
540132648,19,611,490,6895,6720,-69597,brushing
540133278,-10,629,514,6895,6720,-69597,brushing
540150089,65,740,436,6895,6720,-69597,brushing
540151942,65,740,436,9607,10080,-77052,brushing
540167532,239,991,292,9607,10080,-77052,brushing
540170910,239,991,292,13317,45395,-71907,brushing
540184668,362,1193,291,13317,45395,-71907,brushing
540190184,362,1193,291,9800,56840,-56752,brushing
540201806,393,1169,424,9800,56840,-56752,brushing
540209458,393,1169,424,1697,21665,-42717,brushing
540219248,352,972,431,1697,21665,-42717,brushing
540228732,352,972,431,-2835,-3132,-29417,brushing
540236385,346,870,450,-2835,-3132,-29417,brushing
540247701,346,870,450,-4567,-7507,-16485,brushing
540253522,294,875,511,-4567,-7507,-16485,brushing
540266975,294,875,511,-7070,-30520,-7542,brushing
540270964,224,829,542,-7070,-30520,-7542,brushing
540286248,224,829,542,-8907,-61075,-3692,brushing
540288101,156,707,560,-8907,-61075,-3692,brushing
540305217,119,790,516,-6650,-66657,-927,brushing
540322346,79,919,501,-6650,-66657,-927,brushing
540324503,79,919,501,-2345,-47915,8610,brushing
540339787,50,1015,464,-2345,-47915,8610,brushing
540343776,50,1015,464,822,-30170,22295,brushing
540356923,22,1001,461,822,-30170,22295,brushing
540363048,22,1001,461,2502,-18742,34212,brushing
540374059,-11,883,452,2502,-18742,34212,brushing
540382016,-11,883,452,2380,-19145,36522,brushing
540391501,-25,677,416,2380,-19145,36522,brushing
540401289,-25,677,416,-1505,-37817,23065,brushing
540408637,-58,566,426,-1505,-37817,23065,brushing
540420564,-58,566,426,-6020,-40582,6282,brushing
540425774,-138,622,399,-6020,-40582,6282,brushing
540439838,-138,622,399,-11515,-27317,-4252,brushing
540443217,-142,1045,414,-11515,-27317,-4252,brushing
540458807,-142,1045,414,-8802,17990,4357,brushing
540460353,-168,940,482,-8802,17990,4357,brushing
540477470,-159,1094,572,-8802,17990,4357,brushing
540478100,-159,1094,572,1172,77472,13370,brushing
540494912,-163,898,649,1172,77472,13370,brushing
540497374,-163,898,649,8295,61005,6072,brushing
540512048,-97,678,515,8295,61005,6072,brushing
540516342,-97,678,515,14647,32130,-13790,brushing
540529185,-45,680,481,14647,32130,-13790,brushing
540535616,-45,680,481,21105,41632,-28892,brushing
540546322,14,886,441,21105,41632,-28892,brushing
540554890,14,886,441,26600,56665,-33407,brushing
540563764,64,1003,473,26600,56665,-33407,brushing
540574163,64,1003,473,31237,58275,-31955,brushing
540580900,38,997,518,31237,58275,-31955,brushing
540593132,38,997,518,35472,41510,-31097,brushing
540598037,86,1154,488,35472,41510,-31097,brushing
540612406,86,1154,488,31867,-10692,-33075,brushing
540615479,240,1031,369,31867,-10692,-33075,brushing
540631680,240,1031,369,23625,-51677,-36662,brushing
540632615,177,689,283,23625,-51677,-36662,brushing
540649732,249,883,346,23625,-51677,-36662,brushing
540650668,249,883,346,20755,-9222,-27737,brushing
540666868,304,1025,447,20755,-9222,-27737,brushing
540669942,304,1025,447,16817,5302,-15610,brushing
540684311,334,1016,460,16817,5302,-15610,brushing
540689215,334,1016,460,10675,-15207,-5075,brushing
540701447,345,985,474,10675,-15207,-5075,brushing
540708488,345,985,474,6072,-25410,7612,brushing
540718583,338,986,463,6072,-25410,7612,brushing
540727457,338,986,463,2257,-23275,23677,brushing
540736025,315,985,435,2257,-23275,23677,brushing
540746730,315,985,435,-3587,-24360,40460,brushing
540753162,265,915,446,-3587,-24360,40460,brushing
540766005,265,915,446,-6790,-21070,55107,brushing
540770300,214,942,483,-6790,-21070,55107,brushing
540784974,214,942,483,-3517,-6440,71295,brushing
540787437,245,1138,481,-3517,-6440,71295,brushing
540804247,245,1138,481,-3045,-17377,85610,brushing
540804877,184,1086,418,-3045,-17377,85610,brushing
540821993,-2,663,331,-3045,-17377,85610,brushing
540823541,-2,663,331,-9205,-62947,83422,brushing
540839132,-129,371,351,-9205,-62947,83422,brushing
540842510,-129,371,351,-7927,-44782,73062,brushing
540856574,-196,446,417,-7927,-44782,73062,brushing
540861783,-196,446,417,-4375,-5180,56752,brushing
540873710,-189,541,307,-4375,-5180,56752,brushing
540881057,-189,541,307,-7840,-10412,29732,brushing
540890847,-131,639,428,-7840,-10412,29732,brushing
540900330,-131,639,428,-8942,-13860,6020,brushing
540908288,-91,761,519,-8942,-13860,6020,brushing
540919299,-91,761,519,-3482,-12880,-12057,brushing
540925425,-61,877,528,-3482,-12880,-12057,brushing
540938574,-61,877,528,3237,-13002,-22645,brushing
540942563,-24,890,503,3237,-13002,-22645,brushing
540957847,-24,890,503,5285,-19512,-34702,brushing
540959699,-64,853,472,5285,-19512,-34702,brushing
540977120,-28,914,475,10027,682,-40092,brushing
540994250,27,913,411,10027,682,-40092,brushing
540996102,27,913,411,12565,19075,-42857,brushing
541011386,-9,862,420,12565,19075,-42857,brushing
541015375,-9,862,420,7612,3815,-51625,brushing
541028827,8,817,581,7612,3815,-51625,brushing
541034649,8,817,581,10027,4497,-58257,brushing
541045965,91,904,653,10027,4497,-58257,brushing
541053617,91,904,653,21455,26022,-58012,brushing
541063101,127,976,669,21455,26022,-58012,brushing
541072890,127,976,669,30800,17027,-57050,brushing
541080543,111,1011,661,30800,17027,-57050,brushing
541092163,111,1011,661,37240,-13230,-56770,brushing
541097679,138,950,598,37240,-13230,-56770,brushing
541111437,138,950,598,40775,-38430,-56490,brushing
541114816,151,978,511,40775,-38430,-56490,brushing
541130406,151,978,511,38867,-57435,-54460,brushing
541132258,220,890,403,38867,-57435,-54460,brushing
541149374,199,742,359,31395,-70262,-54565,brushing
541166503,115,662,415,31395,-70262,-54565,brushing
541168966,115,662,415,24780,-74095,-54792,brushing
541183946,30,483,482,24780,-74095,-54792,brushing
541188240,30,483,482,23467,-73255,-59220,brushing
541201083,-95,399,539,23467,-73255,-59220,brushing
541207210,-95,399,539,25200,-74532,-71417,brushing
541218221,-137,489,474,25200,-74532,-71417,brushing
541226484,-137,489,474,28070,-63542,-82530,brushing
541235357,-95,642,457,28070,-63542,-82530,brushing
541245757,-95,642,457,29155,-42630,-85645,brushing
541252799,-54,767,394,29155,-42630,-85645,brushing
541264726,-54,767,394,21525,-53182,-89215,brushing
541269935,-21,785,380,21525,-53182,-89215,brushing
541283999,-21,785,380,9835,-66412,-91980,brushing
541287073,5,680,301,9835,-66412,-91980,brushing
541303274,5,680,301,-1190,-47670,-94990,brushing
541304209,-37,421,329,-1190,-47670,-94990,brushing
541321631,-75,472,432,-1190,-47670,-94990,brushing
541322567,-75,472,432,-1575,23695,-93835,brushing
541338768,-97,665,488,-1575,23695,-93835,brushing
541341535,-97,665,488,595,64732,-91262,brushing
541355904,-111,737,510,595,64732,-91262,brushing
541360809,-111,737,510,-385,54810,-92995,brushing
541373346,-156,741,507,-385,54810,-92995,brushing
541380083,-156,741,507,-2432,32760,-95795,brushing
541390482,-178,777,493,-2432,32760,-95795,brushing
541399050,-178,777,493,-3202,21157,-96600,brushing
541407618,-190,786,483,-3202,21157,-96600,brushing
541418324,-190,786,483,-1680,26425,-92750,brushing
541425061,-199,749,468,-1680,26425,-92750,brushing
541437596,-199,749,468,3150,51870,-85802,brushing
541442196,-181,733,454,3150,51870,-85802,brushing
541456869,-181,733,454,8977,80815,-79765,brushing
541459332,-160,759,457,8977,80815,-79765,brushing
541475837,-160,759,457,12740,90002,-78627,brushing
541476467,-142,829,457,12740,90002,-78627,brushing
541493889,-158,939,474,12740,90002,-78627,brushing
541495131,-158,939,474,12320,69492,-80955,brushing
541511026,-192,1063,495,12320,69492,-80955,brushing
541514405,-192,1063,495,10780,33425,-79625,brushing
541528164,-261,1019,484,10780,33425,-79625,brushing
541533374,-261,1019,484,7630,857,-74550,brushing
541545606,-299,930,454,7630,857,-74550,brushing
541552648,-299,930,454,4357,-12915,-71400,brushing
541562742,-319,843,441,4357,-12915,-71400,brushing
541571921,-319,843,441,3377,1330,-64260,brushing
541579879,-345,790,461,3377,1330,-64260,brushing
541591196,-345,790,461,4287,30730,-56875,brushing
541597017,-382,798,513,4287,30730,-56875,brushing
541610165,-382,798,513,4970,49052,-50855,brushing
541614459,-421,839,546,4970,49052,-50855,brushing
541629438,-421,839,546,5040,48352,-46182,brushing
541631596,-443,875,552,5040,48352,-46182,brushing
541648712,-462,875,524,4217,35840,-41807,brushing
541666146,-452,829,465,4217,35840,-41807,brushing
541667693,-452,829,465,1942,21350,-38692,brushing
541683282,-471,813,459,1942,21350,-38692,brushing
541686966,-471,813,459,-2012,13300,-36575,brushing
541700418,-499,808,491,-2012,13300,-36575,brushing
541706239,-499,808,491,-3955,11515,-33320,brushing
541717861,-512,815,491,-3955,11515,-33320,brushing
541725514,-512,815,491,-3657,13790,-28227,brushing
541734999,-519,833,459,-3657,13790,-28227,brushing
541744483,-519,833,459,-4445,17167,-22557,brushing
541752136,-528,835,412,-4445,17167,-22557,brushing
541763757,-528,835,412,-7560,17692,-17937,brushing
541769273,-528,875,420,-7560,17692,-17937,brushing
541783031,-528,875,420,-9047,19390,-10027,brushing
541786715,-532,929,418,-9047,19390,-10027,brushing
541801999,-532,929,418,-9065,19757,-1260,brushing
541803852,-548,932,449,-9065,19757,-1260,brushing
541820968,-558,874,491,-7822,11830,3150,brushing
541838402,-503,852,458,-7822,11830,3150,brushing
541840560,-503,852,458,-3762,7420,6247,brushing
541855540,-458,878,375,-3762,7420,6247,brushing
541859834,-458,878,375,-2905,1645,7857,brushing
541872677,-486,757,355,-2905,1645,7857,brushing
541878804,-486,757,355,-6125,-10535,4550,brushing
541890120,-519,752,419,-6125,-10535,4550,brushing
541898079,-519,752,419,-4392,2170,5810,brushing
541907258,-514,841,440,-4392,2170,5810,brushing
541917353,-514,841,440,-332,16800,9397,brushing
541924395,-490,942,431,-332,16800,9397,brushing
541936626,-490,942,431,997,7840,12582,brushing
541941530,-503,929,447,997,7840,12582,brushing
541955594,-503,929,447,2432,-6265,14735,brushing
541958973,-506,889,462,2432,-6265,14735,brushing
541974868,-506,889,462,5792,-12320,16695,brushing
541976110,-478,879,447,5792,-12320,16695,brushing
541993227,-468,866,435,5792,-12320,16695,brushing
541994163,-468,866,435,9240,-13860,19617,brushing
542010669,-476,873,427,9240,-13860,19617,brushing
542013131,-476,873,427,12092,-13125,22697,brushing
542027805,-457,856,403,12092,-13125,22697,brushing
542032404,-457,856,403,13685,-10867,25637,brushing
542044941,-444,852,390,13685,-10867,25637,brushing
542051678,-444,852,390,12600,-14752,24342,brushing
542062384,-445,858,395,12600,-14752,24342,brushing
542070952,-445,858,395,10762,-23205,22872,brushing
542079520,-429,873,385,10762,-23205,22872,brushing
542089920,-429,873,385,8732,-32655,22872,brushing
542096657,-400,854,367,8732,-32655,22872,brushing
542109194,-400,854,367,5635,-42105,24605,brushing
542113794,-395,815,356,5635,-42105,24605,brushing
542128468,-395,815,356,2082,-48947,23887,brushing
542131236,-383,795,336,2082,-48947,23887,brushing
542147437,-383,795,336,-1802,-52675,23537,brushing
542148374,-371,767,331,-1802,-52675,23537,brushing
542165491,-363,716,343,-1802,-52675,23537,brushing
542166732,-363,716,343,-5302,-52272,24675,brushing
542182933,-369,698,365,-5302,-52272,24675,brushing
542186007,-369,698,365,-6965,-42542,24797,brushing
542200070,-356,702,349,-6965,-42542,24797,brushing
542204976,-356,702,349,-7910,-26547,24972,brushing
542217207,-349,722,320,-7910,-26547,24972,brushing
542224249,-349,722,320,-9572,-7140,25707,brushing
542234649,-342,774,310,-9572,-7140,25707,brushing
542243523,-342,774,310,-12967,8400,25847,brushing
542251785,-340,842,312,-12967,8400,25847,brushing
542262796,-340,842,312,-16852,14035,25865,brushing
542268923,-337,890,330,-16852,14035,25865,brushing
542281765,-337,890,330,-20142,10640,26757,brushing
542286059,-368,895,397,-20142,10640,26757,brushing
542301037,-368,895,397,-21245,-2310,25200,brushing
542303500,-381,920,381,-21245,-2310,25200,brushing
542320311,-381,920,381,-22417,-17640,23800,brushing
542320941,-366,836,359,-22417,-17640,23800,brushing
542337752,-404,727,360,-22417,-17640,23800,brushing
542339298,-404,727,360,-22452,-19792,22137,brushing
542355194,-424,752,433,-22452,-19792,22137,brushing
542358573,-424,752,433,-19337,-10272,19705,brushing
542372331,-430,745,475,-19337,-10272,19705,brushing
542377847,-430,745,475,-15225,-7175,17780,brushing
542389468,-428,711,485,-15225,-7175,17780,brushing
542397120,-428,711,485,-12057,-8487,9625,brushing
542406605,-431,670,447,-12057,-8487,9625,brushing
542416090,-431,670,447,-8697,-1452,2747,brushing
542424048,-407,689,419,-8697,-1452,2747,brushing
542435364,-407,689,419,-4375,17255,2520,brushing
542441184,-397,721,424,-4375,17255,2520,brushing
542454637,-397,721,424,-1120,31412,3500,brushing
542458321,-389,791,450,-1120,31412,3500,brushing
542473605,-389,791,450,-17,28997,1522,brushing
542475763,-379,841,449,-17,28997,1522,brushing
542492879,-371,848,416,-1155,12582,-2310,brushing
542510008,-374,767,363,-1155,12582,-2310,brushing
542512166,-374,767,363,-3517,-1172,-4200,brushing
542527145,-362,706,288,-3517,-1172,-4200,brushing
542531439,-362,706,288,-4987,5110,-3727,brushing
542544587,-364,659,281,-4987,5110,-3727,brushing
542550407,-364,659,281,-7612,21717,-5740,brushing
542561722,-415,687,335,-7612,21717,-5740,brushing
542569679,-415,687,335,-5757,42980,-8785,brushing
542578858,-412,805,366,-5757,42980,-8785,brushing
542588953,-412,805,366,-3657,51642,-11567,brushing
542596301,-442,921,384,-3657,51642,-11567,brushing
542607922,-442,921,384,-1365,47215,-12337,brushing
542613438,-507,1002,363,-1365,47215,-12337,brushing
542627196,-507,1002,363,245,39375,-6632,brushing
542630574,-523,1071,331,245,39375,-6632,brushing
542646469,-523,1071,331,-3325,15400,-892,brushing
542647711,-519,1104,313,-3325,15400,-892,brushing
542665133,-522,1065,284,-12547,-20825,2292,brushing
542682262,-457,1016,228,-12547,-20825,2292,brushing
542684725,-457,1016,228,-23817,-43540,9450,brushing
542699398,-434,917,239,-23817,-43540,9450,brushing
542703998,-434,917,239,-35665,-44170,17972,brushing
542716840,-437,847,309,-35665,-44170,17972,brushing
542722966,-437,847,309,-42945,-32515,21875,brushing
542733976,-449,816,445,-42945,-32515,21875,brushing
542742240,-449,816,445,-40845,-26792,20877,brushing
542751113,-486,782,612,-40845,-26792,20877,brushing
542761512,-486,782,612,-24290,-29190,15330,brushing
542768249,-506,698,635,-24290,-29190,15330,brushing
542780786,-506,698,635,2765,-29487,7437,brushing
542785691,-482,579,543,2765,-29487,7437,brushing
542799754,-482,579,543,30327,-16852,-4865,brushing
542802828,-460,576,498,30327,-16852,-4865,brushing
542819028,-460,576,498,55685,8260,-15365,brushing
542819964,-379,645,408,55685,8260,-15365,brushing
542837385,-334,846,423,55685,8260,-15365,brushing
542838322,-334,846,423,70612,29032,-19302,brushing
542854522,-302,1110,426,70612,29032,-19302,brushing
542857290,-302,1110,426,72747,25235,-13632,brushing
542871659,-244,1209,240,72747,25235,-13632,brushing
542876564,-244,1209,240,56752,-2257,-1872,brushing
542888796,-244,1162,96,56752,-2257,-1872,brushing
542895837,-244,1162,96,25637,-36872,7385,brushing
542906237,-280,1024,0,25637,-36872,7385,brushing
542915111,-280,1024,0,-6195,-52272,17675,brushing
542923374,-310,873,87,-6195,-52272,17675,brushing
542934080,-310,873,87,-28052,-45727,21997,brushing
542940511,-402,783,322,-28052,-45727,21997,brushing
542953353,-402,783,322,-29855,-33127,19827,brushing
542957953,-457,688,422,-29855,-33127,19827,brushing
542972628,-457,688,422,-21000,-24097,14385,brushing
542975090,-460,630,432,-21000,-24097,14385,brushing
542991597,-460,630,432,-7647,-23467,4795,brushing
542992227,-501,586,478,-7647,-23467,4795,brushing
543009342,-473,634,532,-7647,-23467,4795,brushing
543010889,-473,634,532,10710,-30450,-10272,brushing
543026784,-476,626,528,10710,-30450,-10272,brushing
543030162,-476,626,528,32707,-28332,-20317,brushing
543043920,-447,710,511,32707,-28332,-20317,brushing
543049131,-447,710,511,54215,-11952,-27090,brushing
543061058,-392,936,554,54215,-11952,-27090,brushing
543068405,-392,936,554,67462,-7892,-25795,brushing
543078499,-320,1109,597,67462,-7892,-25795,brushing
543087679,-320,1109,597,67462,-34370,-19617,brushing
543095636,-269,1097,400,67462,-34370,-19617,brushing
543106952,-269,1097,400,51975,-57120,-9537,brushing
543112774,-249,943,165,51975,-57120,-9537,brushing
543125921,-249,943,165,27160,-42437,1995,brushing
543129911,-234,812,121,27160,-42437,1995,brushing
543145196,-234,812,121,5320,-12057,10430,brushing
543147354,-253,778,220,5320,-12057,10430,brushing
543164470,-297,732,334,-7437,1802,13965,brushing
543181600,-362,672,458,-7437,1802,13965,brushing
543183452,-362,672,458,-10482,-2432,9222,brushing
543199041,-393,663,563,-10482,-2432,9222,brushing
543202725,-393,663,563,-2800,-10115,-525,brushing
543216177,-403,687,653,-2800,-10115,-525,brushing
543221998,-403,687,653,11812,-15575,-9065,brushing
543233314,-385,722,664,11812,-15575,-9065,brushing
543241272,-385,722,664,28297,-22155,-15907,brushing
543250755,-319,702,577,28297,-22155,-15907,brushing
543260238,-319,702,577,38517,-24675,-20475,brushing
543267890,-246,740,514,38517,-24675,-20475,brushing
543279511,-246,740,514,39987,-20020,-19232,brushing
543285026,-199,803,481,39987,-20020,-19232,brushing
543298784,-199,803,481,33845,-18462,-16397,brushing
543302163,-184,835,438,33845,-18462,-16397,brushing
543318058,-184,835,438,23835,-18427,-13020,brushing
543319604,-178,813,385,23835,-18427,-13020,brushing
543336721,-178,805,366,12722,-11550,-9555,brushing
543353850,-182,808,405,12722,-11550,-9555,brushing
543356312,-182,808,405,3780,-4112,-5075,brushing
543371291,-177,778,461,3780,-4112,-5075,brushing
543375586,-177,778,461,-332,-787,-2730,brushing
543388427,-171,749,496,-332,-787,-2730,brushing
543394554,-171,749,496,577,2940,-2030,brushing
543405564,-172,739,502,577,2940,-2030,brushing
543413827,-172,739,502,3832,7630,-2590,brushing
543423006,-173,758,499,3832,7630,-2590,brushing
543433101,-173,758,499,6597,6527,-4445,brushing
543440143,-191,802,513,6597,6527,-4445,brushing
543452374,-191,802,513,9047,-3115,-5390,brushing
543457279,-212,800,543,9047,-3115,-5390,brushing
543471342,-212,800,543,11130,-17377,-6685,brushing
543474415,-219,863,515,11130,-17377,-6685,brushing
543490616,-219,863,515,10692,-28035,-2432,brushing
543491858,-238,862,473,10692,-28035,-2432,brushing
543508974,-235,819,387,10692,-28035,-2432,brushing
543509910,-235,819,387,3832,-45185,175,brushing
543526112,-440,684,637,3832,-45185,175,brushing
543528879,-440,684,637,-8242,-62352,-945,brushing
543543553,-466,567,514,-8242,-62352,-945,brushing
543548153,-466,567,514,-16467,-84332,-9782,brushing
543560690,-378,621,482,-16467,-84332,-9782,brushing
543567427,-378,621,482,-23327,-76020,-10937,brushing
543577827,-495,562,538,-23327,-76020,-10937,brushing
543586395,-495,562,538,-26740,-46200,-12547,brushing
543594964,-528,510,678,-26740,-46200,-12547,brushing
543605668,-528,510,678,-17552,-13300,-13982,brushing
543612406,-560,624,757,-17552,-13300,-13982,brushing
543624942,-560,624,757,-3430,2555,-17535,brushing
543629542,-524,677,752,-3430,2555,-17535,brushing
543644216,-524,677,752,9800,-2922,-23992,brushing
543646679,-509,695,715,9800,-2922,-23992,brushing
543663185,-509,695,715,22015,-892,-25707,brushing
543664121,-449,760,648,22015,-892,-25707,brushing
543681238,-394,854,603,22015,-892,-25707,brushing
543682480,-394,854,603,28630,3115,-23870,brushing
543698375,-339,955,610,28630,3115,-23870,brushing
543701753,-339,955,610,28420,3290,-17080,brushing
543715816,-258,1019,530,28420,3290,-17080,brushing
543721026,-258,1019,530,20982,297,-4252,brushing
543732952,-230,994,461,20982,297,-4252,brushing
543739994,-230,994,461,6545,-10535,8767,brushing
543750089,-228,898,490,6545,-10535,8767,brushing
543759268,-228,898,490,-5810,-21507,20632,brushing
543767226,-257,732,532,-5810,-21507,20632,brushing
543778542,-257,732,532,-11217,-27037,24937,brushing
543784668,-317,524,567,-11217,-27037,24937,brushing
543797510,-317,524,567,-5792,-12967,17237,brushing
543801804,-383,396,634,-5792,-12967,17237,brushing
543816784,-383,396,634,9852,10097,1802,brushing
543818941,-402,387,679,9852,10097,1802,brushing
543836056,-402,387,679,26810,24517,-12250,brushing
543836686,-383,406,650,26810,24517,-12250,brushing
543853497,-424,427,739,26810,24517,-12250,brushing
543855349,-424,427,739,44012,45972,-21035,brushing
543870635,-442,410,663,44012,45972,-21035,brushing
543874319,-442,410,663,60952,69195,-28595,brushing
543888077,-398,384,476,60952,69195,-28595,brushing
543893592,-398,384,476,73062,107310,-33267,brushing
543905212,-376,459,390,73062,107310,-33267,brushing
543912866,-376,459,390,78855,169347,-28630,brushing
543922350,-368,650,328,78855,169347,-28630,brushing
543931834,-368,650,328,78890,214217,-20685,brushing
543939486,-394,801,209,78890,214217,-20685,brushing
543951108,-394,801,209,71680,216055,-19337,brushing
543956929,-417,869,103,71680,216055,-19337,brushing
543970383,-417,869,103,60987,197050,-23030,brushing
543974068,-413,931,54,60987,197050,-23030,brushing
543989658,-413,931,54,50417,178535,-24797,brushing
543991205,-396,988,46,50417,178535,-24797,brushing
544008628,-358,975,33,39830,155697,-26932,brushing
544025756,-310,956,-24,39830,155697,-26932,brushing
544027913,-310,956,-24,29487,136780,-29942,brushing
544042892,-282,956,-87,29487,136780,-29942,brushing
544047187,-282,956,-87,19285,135590,-27440,brushing
544060030,-226,1039,-110,19285,135590,-27440,brushing
544066156,-226,1039,-110,7385,133315,-25970,brushing
544077473,-183,1128,-44,7385,133315,-25970,brushing
544085430,-183,1128,-44,-4270,121012,-23327,brushing
544094610,-166,1170,56,-4270,121012,-23327,brushing
544104705,-166,1170,56,-12197,93310,-18882,brushing
544111746,-149,1164,105,-12197,93310,-18882,brushing
544123977,-149,1164,105,-17972,56857,-14280,brushing
544129188,-114,1093,129,-17972,56857,-14280,brushing
544142946,-114,1093,129,-21227,30485,-9905,brushing
544146324,-70,1065,163,-21227,30485,-9905,brushing
544162219,-70,1065,163,-23135,11462,-7437,brushing
544163460,-70,1068,205,-23135,11462,-7437,brushing
544180882,-110,1001,178,-23135,11462,-7437,brushing
544181512,-110,1001,178,-23117,-2677,-4322,brushing
544198018,-148,1027,131,-23117,-2677,-4322,brushing
544200481,-148,1027,131,-24360,-5040,-2257,brushing
544215154,-255,1109,148,-24360,-5040,-2257,brushing
544219754,-255,1109,148,-27772,-6737,1277,brushing
544232291,-394,1186,209,-27772,-6737,1277,brushing
544239028,-394,1186,209,-29942,-18655,4007,brushing
544249733,-448,1250,249,-29942,-18655,4007,brushing
544257996,-448,1250,249,-31412,-55387,5355,brushing
544266869,-492,1266,292,-31412,-55387,5355,brushing
544277270,-492,1266,292,-32480,-112070,6142,brushing
544284006,-534,1180,292,-32480,-112070,6142,brushing
544296543,-534,1180,292,-31430,-159687,6877,brushing
544301142,-558,917,209,-31430,-159687,6877,brushing
544315510,-558,917,209,-28332,-160860,5460,brushing
544318584,-569,688,153,-28332,-160860,5460,brushing
544334784,-569,688,153,-23030,-105350,5232,brushing
544335720,-595,692,214,-23030,-105350,5232,brushing
544352837,-637,902,323,-23030,-105350,5232,brushing
544354078,-637,902,323,-15802,-42122,8277,brushing
544370279,-647,1175,369,-15802,-42122,8277,brushing
544373353,-647,1175,369,-8522,-17360,12985,brushing
544387415,-655,1410,385,-8522,-17360,12985,brushing
544392319,-655,1410,385,-3342,-28945,22015,brushing
544404552,-647,1492,399,-3342,-28945,22015,brushing
544411593,-647,1492,399,280,-59745,34282,brushing
544421689,-636,1370,430,280,-59745,34282,brushing
544430868,-636,1370,430,6352,-84315,44835,brushing
544439131,-593,1226,414,6352,-84315,44835,brushing
544450141,-593,1226,414,16485,-75670,55545,brushing
544456266,-521,1157,395,16485,-75670,55545,brushing
544469108,-521,1157,395,27282,-50837,65082,brushing
544473403,-450,1196,410,27282,-50837,65082,brushing
544488383,-450,1196,410,36172,-34895,72485,brushing
544490846,-369,1226,432,36172,-34895,72485,brushing
544507657,-369,1226,432,43592,-29960,78680,brushing
544508288,-284,1256,410,43592,-29960,78680,brushing
544525099,-198,1297,379,43592,-29960,78680,brushing
544526645,-198,1297,379,47565,-34230,86782,brushing
544542541,-132,1220,355,47565,-34230,86782,brushing
544545920,-132,1220,355,48352,-50732,95900,brushing
544559679,-81,1095,308,48352,-50732,95900,brushing
544565195,-81,1095,308,47547,-67637,98892,brushing
544576816,-28,1028,239,47547,-67637,98892,brushing
544584469,-28,1028,239,45132,-78330,100817,brushing
544594259,27,978,178,45132,-78330,100817,brushing
544603438,27,978,178,40582,-84542,108237,brushing
544611396,70,897,198,40582,-84542,108237,brushing
544622712,70,897,198,34702,-91472,115412,brushing
544628531,79,790,213,34702,-91472,115412,brushing
544641984,79,790,213,29277,-98227,118440,brushing
544645973,88,746,201,29277,-98227,118440,brushing
544661258,88,746,201,25147,-99522,124407,brushing
544663110,91,611,162,25147,-99522,124407,brushing
544680227,91,538,187,21262,-96250,120417,brushing
544697662,134,596,208,21262,-96250,120417,brushing
544699514,134,596,208,16030,-110915,107450,brushing
544714799,144,506,198,16030,-110915,107450,brushing
544718788,144,506,198,12040,-125510,106102,brushing
544731936,175,423,205,12040,-125510,106102,brushing
544737756,175,423,205,10150,-117145,105752,brushing
544749073,222,408,241,10150,-117145,105752,brushing
544757031,222,408,241,9100,-97720,105087,brushing
544766515,257,429,292,9100,-97720,105087,brushing
544776305,257,429,292,6982,-81672,101342,brushing
544783652,308,461,320,6982,-81672,101342,brushing
544795578,308,461,320,1715,-77087,96337,brushing
544800788,324,515,305,1715,-77087,96337,brushing
544814851,324,515,305,-8802,-97912,87745,brushing
544818230,294,471,405,-8802,-97912,87745,brushing
544833819,294,471,405,-15452,-138442,73115,brushing
544835366,261,343,461,-15452,-138442,73115,brushing
544852481,272,237,526,-15452,-138442,73115,brushing
544853112,272,237,526,-16205,-150762,55982,brushing
544869922,300,301,612,-16205,-150762,55982,brushing
544872386,300,301,612,-7980,-101167,50557,brushing
544887059,332,464,640,-7980,-101167,50557,brushing
544891354,332,464,640,1785,-17272,57207,brushing
544904196,359,658,702,1785,-17272,57207,brushing
544910627,359,658,702,5320,54355,68337,brushing
544921638,277,842,838,5320,54355,68337,brushing
544929900,277,842,838,-4060,36610,67602,brushing
544938775,218,819,464,-4060,36610,67602,brushing
544949175,218,819,464,-37065,-109672,36890,brushing
544955912,163,144,682,-37065,-109672,36890,brushing
544968143,163,144,682,-60042,-212152,-2222,brushing
544973048,42,-211,1010,-60042,-212152,-2222,brushing
544987418,42,-211,1010,-53637,-196752,-26810,brushing
544990491,76,-255,987,-53637,-196752,-26810,brushing
545006691,76,-255,987,-42962,-133630,-45080,brushing
545007628,208,-39,849,-42962,-133630,-45080,brushing
545024744,287,192,820,-42962,-133630,-45080,brushing
545025681,287,192,820,-44660,-94237,-55055,brushing
545042187,337,286,927,-44660,-94237,-55055,brushing
545044955,337,286,927,-52185,-86275,-57750,brushing
545059323,370,361,901,-52185,-86275,-57750,brushing
545064228,370,361,901,-56612,-82582,-51310,brushing
545076460,359,461,1072,-56612,-82582,-51310,brushing
545083502,359,461,1072,-48720,-31325,-27142,brushing
545093901,314,683,1373,-48720,-31325,-27142,brushing
545102471,314,683,1373,-26775,12845,5810,brushing
545111039,292,762,1470,-26775,12845,5810,brushing
545121745,292,762,1470,875,385,29172,brushing
545128176,234,520,1348,875,385,29172,brushing
545141019,234,520,1348,21070,-55090,32812,brushing
545145313,185,157,1055,21070,-55090,32812,brushing
545159987,185,157,1055,33145,-75862,27387,brushing
545162755,164,-76,784,33145,-75862,27387,brushing
545179260,164,-76,784,41177,-30747,27632,brushing
545179890,211,79,619,41177,-30747,27632,brushing
545197007,284,462,745,41177,-30747,27632,brushing
545198555,284,462,745,49052,59325,44747,brushing
545214449,355,834,774,49052,59325,44747,brushing
545217828,355,834,774,47915,76615,67970,brushing
545231586,239,452,314,47915,76615,67970,brushing
545236795,239,452,314,16660,-68267,51625,brushing
545248722,86,-466,261,16660,-68267,51625,brushing
545256069,86,-466,261,-15960,-133980,17587,brushing
545265858,213,-555,305,-15960,-133980,17587,brushing
545275343,213,-555,305,-29592,-26687,7227,brushing
545283301,269,-20,559,-29592,-26687,7227,brushing
545294311,269,-20,559,-44292,37695,367,brushing
545300437,216,209,746,-44292,37695,367,brushing
545313584,216,209,746,-61197,5390,-16240,brushing
545317573,155,99,972,-61197,5390,-16240,brushing
545332858,155,99,972,-66010,-14700,-28560,brushing
545335016,122,49,1154,-66010,-14700,-28560,brushing
545352132,124,167,1197,-60025,-21542,-36435,brushing
545369261,131,450,1508,-60025,-21542,-36435,brushing
545371113,131,450,1508,-38727,14822,-27440,brushing
545386703,155,666,1534,-38727,14822,-27440,brushing
545390387,155,666,1534,-9292,30240,-12162,brushing
545403838,177,640,1481,-9292,30240,-12162,brushing
545409659,177,640,1481,18165,11252,682,brushing
545420975,135,321,1239,18165,11252,682,brushing
545428628,135,321,1239,35665,-26040,-385,brushing
545438112,109,53,1031,35665,-26040,-385,brushing
545447902,109,53,1031,48265,-20510,-5197,brushing
545455555,172,199,813,48265,-20510,-5197,brushing
545467176,172,199,813,50627,-7945,-5442,brushing
545472691,260,454,619,50627,-7945,-5442,brushing
545486449,260,454,619,37327,-29085,-717,brushing
545489827,309,473,503,37327,-29085,-717,brushing
545505417,309,473,503,17570,-40442,6282,brushing
545507269,288,304,440,17570,-40442,6282,brushing
545524385,213,170,456,297,-10937,14402,brushing
545541513,122,82,545,297,-10937,14402,brushing
545543975,122,82,545,-13650,35035,18987,brushing
545558955,38,95,752,-13650,35035,18987,brushing
545563249,38,95,752,-25585,56910,13965,brushing
545576091,-47,92,1075,-25585,56910,13965,brushing
545582217,-47,92,1075,-29137,41790,1172,brushing
545593227,-73,-12,1265,-29137,41790,1172,brushing
545601491,-73,-12,1265,-20317,31972,-16047,brushing
545610670,-66,95,1402,-20317,31972,-16047,brushing
545620764,-66,95,1402,-4392,26180,-30730,brushing
545627806,-16,254,1422,-4392,26180,-30730,brushing
545640037,-16,254,1422,10395,-4795,-43207,brushing
545644942,54,276,1299,10395,-4795,-43207,brushing
545659005,54,276,1299,19022,-39865,-50645,brushing
545662079,143,287,1174,19022,-39865,-50645,brushing
545678280,143,287,1174,24430,-49647,-49262,brushing
545679522,219,265,1094,24430,-49647,-49262,brushing
545696638,297,254,976,24430,-49647,-49262,brushing
545697575,297,254,976,27282,-47390,-41877,brushing
545713775,406,267,880,27282,-47390,-41877,brushing
545716543,406,267,880,28612,-32620,-27562,brushing
545731217,501,288,838,28612,-32620,-27562,brushing
545735817,501,288,838,29977,-7805,-6177,brushing
545748354,631,353,783,29977,-7805,-6177,brushing
545755090,631,353,783,29995,7665,15767,brushing
545765491,656,308,739,29995,7665,15767,brushing
545774364,656,308,739,25585,2450,30082,brushing
545782932,501,112,688,25585,2450,30082,brushing
545793333,501,112,688,21665,7595,38395,brushing
545800070,432,87,671,21665,7595,38395,brushing
545812607,432,87,671,18847,25532,42682,brushing
545817206,366,101,705,18847,25532,42682,brushing
545831880,366,101,705,17097,35927,39672,brushing
545834343,259,169,769,17097,35927,39672,brushing
545850849,259,169,769,19775,40075,34055,brushing
545851785,157,278,842,19775,40075,34055,brushing
545868901,86,377,877,19775,40075,34055,brushing
545870143,86,377,877,27160,30520,26267,brushing
545886038,19,371,898,27160,30520,26267,brushing
545889416,19,371,898,37432,11322,18567,brushing
545903479,-27,247,892,37432,11322,18567,brushing
545908384,-27,247,892,50295,-2957,7385,brushing
545920616,-74,84,974,50295,-2957,7385,brushing
545927658,-74,84,974,71487,9835,-7157,brushing
545937753,-57,121,914,71487,9835,-7157,brushing
545946932,-57,121,914,97422,37590,-21595,brushing
545954891,15,213,821,97422,37590,-21595,brushing
545966207,15,213,821,118562,43330,-37817,brushing
545972333,83,147,650,118562,43330,-37817,brushing
545985175,83,147,650,132650,45710,-58485,brushing
545989469,119,5,506,132650,45710,-58485,brushing
546004448,119,5,506,146317,81602,-78347,brushing
546006605,142,-168,279,146317,81602,-78347,brushing
546023721,142,-168,279,155435,150132,-98962,brushing
546024351,169,-261,0,155435,150132,-98962,brushing
546041163,213,-318,-322,155435,150132,-98962,brushing
546042709,213,-318,-322,150552,223020,-121835,brushing
546058300,277,-413,-598,150552,223020,-121835,brushing
546061984,277,-413,-598,132510,304640,-148715,brushing
546075742,206,-399,-773,132510,304640,-148715,brushing
546081257,206,-399,-773,108587,400995,-180897,brushing
546092878,45,-247,-819,108587,400995,-180897,brushing
546100531,45,-247,-819,79800,476945,-224805,brushing
546110015,-141,331,-641,79800,476945,-224805,brushing
546119499,-141,331,-641,43417,470645,-277952,brushing
546127152,-298,1105,-252,43417,470645,-277952,brushing
546138774,-298,1105,-252,805,352992,-317362,brushing
546144595,-310,2800,43,805,352992,-317362,brushing
546158048,-310,2800,43,-38885,122255,-323627,brushing
546161733,132,3997,354,-38885,122255,-323627,brushing
546177017,132,3997,354,-92120,-217315,-262570,brushing
546178869,429,3811,275,-92120,-217315,-262570,brushing
546195985,183,2988,533,-150535,-465692,-194267,brushing
546213419,-787,1398,1537,-150535,-465692,-194267,brushing
546215577,-787,1398,1537,-166530,-538177,-121800,brushing
546230555,-1143,567,2089,-166530,-538177,-121800,brushing
546234545,-1143,567,2089,-71400,-351032,-78155,brushing
546247693,-358,584,1561,-71400,-351032,-78155,brushing
546253818,-358,584,1561,60200,37135,-7490,brushing
546265133,198,1198,999,60200,37135,-7490,brushing
546273090,198,1198,999,118825,252262,36085,brushing
546282269,314,1790,687,118825,252262,36085,brushing
546292364,314,1790,687,118895,219135,58012,brushing
546299405,263,2054,535,118895,219135,58012,brushing
546311332,263,2054,535,95200,65187,77630,brushing
546316847,233,1962,424,95200,65187,77630,brushing
546330606,233,1962,424,66972,-113155,81672,brushing
546333984,229,1621,335,66972,-113155,81672,brushing
546349880,229,1621,335,45027,-235025,82232,brushing
546351121,186,1199,256,45027,-235025,82232,brushing
546368544,197,916,204,45027,-235025,82232,brushing
546369174,197,916,204,30292,-270515,80622,brushing
546385681,231,732,218,30292,-270515,80622,brushing
546388143,231,732,218,21560,-236845,85225,brushing
546402816,262,611,275,21560,-236845,85225,brushing
546407416,262,611,275,16380,-168507,97020,brushing
546419953,341,703,387,16380,-168507,97020,brushing
546426690,341,703,387,11620,-107642,106085,brushing
546437396,391,780,415,11620,-107642,106085,brushing
546445658,391,780,415,5372,-78750,120802,brushing
546454532,378,772,423,5372,-78750,120802,brushing
546464932,378,772,423,-3622,-76002,131005,brushing
546471669,341,714,374,-3622,-76002,131005,brushing
546484205,341,714,374,-13807,-84892,137357,brushing
546489111,305,635,325,-13807,-84892,137357,brushing
546503479,305,635,325,-23485,-94430,140210,brushing
546506247,276,547,340,-23485,-94430,140210,brushing
546522448,276,547,340,-30537,-97142,144130,brushing
546523384,224,386,413,-30537,-97142,144130,brushing
546540806,194,329,460,-30537,-97142,144130,brushing
546541742,194,329,460,-33075,-87447,142572,brushing
546557943,176,236,470,-33075,-87447,142572,brushing
546561016,176,236,470,-32900,-66815,142800,brushing
546575079,164,157,496,-32900,-66815,142800,brushing
546579985,164,157,496,-34702,-48422,136185,brushing
546592217,147,75,537,-34702,-48422,136185,brushing
546599260,147,75,537,-36907,-35962,124687,brushing
546609660,116,15,635,-36907,-35962,124687,brushing
546618532,116,15,635,-36365,-20597,109165,brushing
546626795,64,30,777,-36365,-20597,109165,brushing
546637805,64,30,777,-31062,-17045,89880,brushing
546643930,62,30,784,-31062,-17045,89880,brushing
546656773,62,30,784,-26110,-20702,68582,brushing
546661373,54,-15,782,-26110,-20702,68582,brushing
546676047,54,-15,782,-20755,-27510,40512,brushing
546678511,52,-40,838,-20755,-27510,40512,brushing
546695322,52,-40,838,-13720,-24325,15172,brushing
546695952,54,74,964,-13720,-24325,15172,brushing
546713068,54,241,933,-13720,-24325,15172,brushing
546714310,54,241,933,-5127,-19337,-1872,brushing
546730205,80,396,869,-5127,-19337,-1872,brushing
546733583,80,396,869,-1137,-18340,-13142,brushing
546747342,166,478,803,-1137,-18340,-13142,brushing
546752857,166,478,803,-857,-25427,-20090,brushing
546764479,216,517,871,-857,-25427,-20090,brushing
546772132,216,517,871,-2817,-34545,-23380,brushing
546781921,226,443,911,-2817,-34545,-23380,brushing
546791100,226,443,911,-1522,-40617,-25952,brushing
546799057,258,396,932,-1522,-40617,-25952,brushing
546810373,258,396,932,962,-46497,-27387,brushing
546816194,254,257,949,962,-46497,-27387,brushing
546829648,254,257,949,3307,-55772,-32830,brushing
546833636,276,223,882,3307,-55772,-32830,brushing
546848616,276,223,882,3412,-51887,-34492,brushing
546850774,319,241,890,3412,-51887,-34492,brushing
546867890,405,304,873,280,-47670,-31605,brushing
546885020,497,301,767,280,-47670,-31605,brushing
546887177,497,301,767,-9537,-52360,-29155,brushing
546902462,528,357,739,-9537,-52360,-29155,brushing
546906451,528,357,739,-23222,-56472,-21140,brushing
546919599,503,420,837,-23222,-56472,-21140,brushing
546925420,503,420,837,-33530,-50802,-3885,brushing
546936736,487,563,946,-33530,-50802,-3885,brushing
546944694,487,563,946,-37082,-53252,16905,brushing
546954178,482,531,999,-37082,-53252,16905,brushing
546963968,482,531,999,-36260,-68005,35490,brushing
546971315,425,357,1013,-36260,-68005,35490,brushing
546982936,425,357,1013,-28980,-62457,52150,brushing
546988451,375,237,1036,-28980,-62457,52150,brushing
547002209,375,237,1036,-18602,-43400,65415,brushing
547005588,316,171,1006,-18602,-43400,65415,brushing
547021484,316,171,1006,-12232,-50190,67095,brushing
547023030,241,103,982,-12232,-50190,67095,brushing
547040146,162,-39,920,-12232,-50190,67095,brushing
547040776,162,-39,920,-10115,-72905,60182,brushing
547057282,71,-160,823,-10115,-72905,60182,brushing
547059745,71,-160,823,-10780,-78242,49507,brushing
547074724,-35,-251,841,-10780,-78242,49507,brushing
547079017,-35,-251,841,-14455,-67707,33425,brushing
547091860,-50,-182,900,-14455,-67707,33425,brushing
547098291,-50,-182,900,-16572,-41370,17115,brushing
547108996,42,34,974,-16572,-41370,17115,brushing
547117259,42,34,974,-16415,-14822,7875,brushing
547126438,83,114,991,-16415,-14822,7875,brushing
547136532,83,114,991,-15662,-3377,4007,brushing
547143575,136,248,1107,-15662,-3377,4007,brushing
547155807,136,248,1107,-12075,-4480,5320,brushing
547160712,232,226,1097,-12075,-4480,5320,brushing
547175080,232,226,1097,-12967,-36365,1172,brushing
547177848,326,24,829,-12967,-36365,1172,brushing
547194048,326,24,829,-18812,-52237,-1470,brushing
547195290,341,-162,786,-18812,-52237,-1470,brushing
547212407,419,-227,686,-18812,-52237,-1470,brushing
547213343,419,-227,686,-20352,-17570,1820,brushing
547229543,412,-133,683,-20352,-17570,1820,brushing
547232617,412,-133,683,-23590,29557,11112,brushing
547246986,365,53,756,-23590,29557,11112,brushing
547251586,365,53,756,-31587,30852,18077,brushing
547264122,309,160,882,-31587,30852,18077,brushing
547270859,309,160,882,-38797,-9975,23870,brushing
547281259,294,189,995,-38797,-9975,23870,brushing
547290133,294,189,995,-39252,-48370,29295,brushing
547298396,232,165,1121,-39252,-48370,29295,brushing
547309407,232,165,1121,-29942,-70122,33075,brushing
547315838,162,58,1167,-29942,-70122,33075,brushing
547328375,162,58,1167,-12390,-66745,35875,brushing
547332974,78,6,1151,-12390,-66745,35875,brushing
547347649,78,6,1151,3552,-61040,39357,brushing
547350111,5,19,1192,3552,-61040,39357,brushing
547366922,5,19,1192,14402,-78715,39042,brushing
547367552,-3,-25,1139,14402,-78715,39042,brushing
547384668,15,-189,1040,14402,-78715,39042,brushing
547385910,15,-189,1040,18515,-107117,29960,brushing
547401806,63,-249,988,18515,-107117,29960,brushing
547405185,63,-249,988,19652,-111457,16712,brushing
547418942,259,-236,470,19652,-111457,16712,brushing
547424458,259,-236,470,10220,-126350,4585,brushing
547436385,148,-525,714,10220,-126350,4585,brushing
547443427,148,-525,714,-16730,-97772,-4305,brushing
547453522,-19,-522,807,-16730,-97772,-4305,brushing
547462701,-19,-522,807,-11165,42437,8050,brushing
547470659,-31,-234,995,-11165,42437,8050,brushing
547481974,-31,-234,995,-5372,137462,20965,brushing
547488101,-36,0,1028,-5372,137462,20965,brushing
547500943,-36,0,1028,-10237,117705,18830,brushing
547505237,-108,27,1134,-10237,117705,18830,brushing
547520217,-108,27,1134,-17692,44642,3360,brushing
547522375,-122,-218,1134,-17692,44642,3360,brushing
547539491,-68,-237,1134,-15487,18812,-12582,brushing
547556925,-7,-26,1214,-15487,18812,-12582,brushing
547558777,-7,-26,1214,-6440,28892,-19285,brushing
547574061,52,191,1191,-6440,28892,-19285,brushing
547577744,52,191,1191,227,2992,-24465,brushing
547591197,95,186,1089,227,2992,-24465,brushing
547597018,95,186,1089,1645,-51625,-28630,brushing
547608640,181,-58,887,1645,-51625,-28630,brushing
547616292,181,-58,887,420,-77595,-30537,brushing
547625777,220,-236,744,420,-77595,-30537,brushing
547635260,220,-236,744,-612,-56105,-28595,brushing
547642913,233,-214,699,-612,-56105,-28595,brushing
547654534,233,-214,699,-3080,-26197,-23047,brushing
547660049,235,-195,696,-3080,-26197,-23047,brushing
547673807,235,-195,696,-8400,-12740,-19092,brushing
547677491,212,-181,724,-8400,-12740,-19092,brushing
547693081,212,-181,724,-11672,-52,-14857,brushing
547694628,182,-145,839,-11672,-52,-14857,brushing
547711744,163,-79,932,-10762,5180,-10500,brushing
547729177,150,-57,1043,-10762,5180,-10500,brushing
547731335,150,-57,1043,-7717,-12757,-8697,brushing
547746314,172,-94,1053,-7717,-12757,-8697,brushing
547750609,172,-94,1053,-2992,-38745,-8225,brushing
547763450,195,-113,1031,-2992,-38745,-8225,brushing
547769575,195,-113,1031,2117,-53287,-4935,brushing
547780891,223,-131,986,2117,-53287,-4935,brushing
547788849,223,-131,986,7157,-53217,1505,brushing
547798028,220,-141,952,7157,-53217,1505,brushing
547808122,220,-141,952,11182,-42700,11707,brushing
547815165,203,-157,977,11182,-42700,11707,brushing
547827092,203,-157,977,15575,-29330,22872,brushing
547832302,184,-97,1021,15575,-29330,22872,brushing
547846365,184,-97,1021,21192,-28577,30555,brushing
547849744,151,-203,1027,21192,-28577,30555,brushing
547865638,151,-203,1027,28035,-26040,31377,brushing
547866880,95,-408,1023,28035,-26040,31377,brushing
547883996,64,-463,970,28035,-26040,31377,brushing
547884932,64,-463,970,35140,-14192,26040,brushing
547901133,72,-364,971,35140,-14192,26040,brushing
547903901,72,-364,971,39340,1715,19722,brushing
547918575,169,-91,911,39340,1715,19722,brushing
547923175,169,-91,911,37537,-7455,14385,brushing
547935712,211,-132,644,37537,-7455,14385,brushing
547942448,211,-132,644,19565,-41632,13125,brushing
547952848,-19,-462,1073,19565,-41632,13125,brushing
547961415,-19,-462,1073,23817,24605,19705,brushing
547970289,16,-154,1034,23817,24605,19705,brushing
547980690,16,-154,1034,30940,66412,24097,brushing
547987425,4,-130,1076,30940,66412,24097,brushing
547999963,4,-130,1076,25340,29820,13475,brushing
548004563,-13,-146,1010,25340,29820,13475,brushing
548018932,-13,-146,1010,13247,-33757,-3570,brushing
548021700,-7,-412,934,13247,-33757,-3570,brushing
548038206,-7,-412,934,3850,-44222,-17412,brushing
548039142,17,-384,913,3850,-44222,-17412,brushing
548056258,13,-342,921,3850,-44222,-17412,brushing
548057499,13,-342,921,-5232,-34107,-26967,brushing
548073394,35,-271,940,-5232,-34107,-26967,brushing
548076773,35,-271,940,-15120,-39392,-36557,brushing
548090837,30,-322,956,-15120,-39392,-36557,brushing
548095743,30,-322,956,-25375,-63402,-48072,brushing
548107975,84,-371,924,-25375,-63402,-48072,brushing
548115017,84,-371,924,-32655,-75302,-58432,brushing
548125111,129,-309,1011,-32655,-75302,-58432,brushing
548134289,129,-309,1011,-33617,-64505,-58905,brushing
548142247,194,-179,997,-33617,-64505,-58905,brushing
548153258,194,-179,997,-30782,-55895,-51747,brushing
548159690,280,-73,1056,-30782,-55895,-51747,brushing
548172532,280,-73,1056,-25900,-58082,-38640,brushing
548176826,414,-60,1076,-25900,-58082,-38640,brushing
548191805,414,-60,1076,-18252,-70105,-22452,brushing
548193962,464,-224,929,-18252,-70105,-22452,brushing
548210774,464,-224,929,-13212,-80447,-12145,brushing
548211404,431,-594,724,-13212,-80447,-12145,brushing
548228520,354,-685,693,-13212,-80447,-12145,brushing
548230066,354,-685,693,-10202,-67060,-10307,brushing
548245657,334,-560,765,-10202,-67060,-10307,brushing
548249341,334,-560,765,-3360,-33775,-4602,brushing
548262793,349,-280,844,-3360,-33775,-4602,brushing
548268309,349,-280,844,5810,-11060,5705,brushing
548279931,330,-128,923,5810,-11060,5705,brushing
548287584,330,-128,923,15120,-12880,19565,brushing
548297373,280,-216,919,15120,-12880,19565,brushing
548306856,280,-216,919,26460,-10710,33075,brushing
548314509,214,-233,938,26460,-10710,33075,brushing
548325825,214,-233,938,38220,735,44257,brushing
548331646,106,-423,889,38220,735,44257,brushing
548345099,106,-423,889,43820,437,43382,brushing
548349088,114,-416,891,43820,437,43382,brushing
548364373,114,-416,891,46917,70,40232,brushing
548366226,90,-424,874,46917,70,40232,brushing
548383342,32,-502,853,45955,2292,34545,brushing
548400472,-44,-610,812,45955,2292,34545,brushing
548402629,-44,-610,812,40827,19250,26635,brushing
548417914,-84,-532,851,40827,19250,26635,brushing
548421904,-84,-532,851,30485,37607,14822,brushing
548435052,-97,-403,938,30485,37607,14822,brushing
548440874,-97,-403,938,14665,26320,2642,brushing
548452189,-79,-391,1111,14665,26320,2642,brushing
548460146,-79,-391,1111,3115,10482,-7385,brushing
548469325,-34,-591,1036,3115,10482,-7385,brushing
548479419,-34,-591,1036,-1260,28070,-16397,brushing
548486767,40,-540,813,-1260,28070,-16397,brushing
548498388,40,-540,813,-12705,41510,-27895,brushing
548503904,45,-392,798,-12705,41510,-27895,brushing
548517662,45,-392,798,-33425,910,-42945,brushing
548521041,39,-383,822,-33425,910,-42945,brushing
548536936,39,-383,822,-47005,-20877,-51380,brushing
548538177,124,-310,933,-47005,-20877,-51380,brushing
548555600,172,-323,934,-47005,-20877,-51380,brushing
548556230,172,-323,934,-45185,11410,-44730,brushing
548572736,274,-155,1002,-45185,11410,-44730,brushing
548575199,274,-155,1002,-39620,42962,-32987,brushing
548589873,396,-82,1108,-39620,42962,-32987,brushing
548594473,396,-82,1108,-33162,54267,-18130,brushing
548607315,463,-2,1207,-33162,54267,-18130,brushing
548613747,463,-2,1207,-25007,21770,-1767,brushing
548624451,493,-229,1153,-25007,21770,-1767,brushing
548632714,493,-229,1153,-14700,-18550,11375,brushing
548641587,406,-562,909,-14700,-18550,11375,brushing
548651987,406,-562,909,-7262,-34072,17255,brushing
548658724,343,-721,737,-7262,-34072,17255,brushing
548671260,343,-721,737,-3237,-16712,18777,brushing
548676165,348,-661,663,-3237,-16712,18777,brushing
548690228,348,-661,663,-280,18025,22347,brushing
548693301,302,-479,710,-280,18025,22347,brushing
548709502,302,-479,710,5075,47390,28595,brushing
548710438,253,-289,790,5075,47390,28595,brushing
548727554,291,-72,814,5075,47390,28595,brushing
548728796,291,-72,814,13335,65222,36907,brushing
548744997,232,72,893,13335,65222,36907,brushing
548747765,232,72,893,19792,73360,46987,brushing
548762133,144,184,977,19792,73360,46987,brushing
548767038,144,184,977,27877,76895,59430,brushing
548779269,1,176,1021,27877,76895,59430,brushing
548786311,1,176,1021,34195,59062,64785,brushing
548796712,-88,5,1048,34195,59062,64785,brushing
548805280,-88,5,1048,39462,34615,61897,brushing
548813848,-208,-313,963,39462,34615,61897,brushing
548824554,-208,-313,963,38237,8365,42332,brushing
548830985,-290,-476,866,38237,8365,42332,brushing
548843827,-290,-476,866,29242,-12215,12810,brushing
548848121,-282,-366,1000,29242,-12215,12810,brushing
548863101,-282,-366,1000,26145,-1102,-4812,brushing
548865563,-135,-125,1157,26145,-1102,-4812,brushing
548882069,-135,-125,1157,26162,11567,-12110,brushing
548882699,-69,-121,1066,26162,11567,-12110,brushing
548899815,-63,-303,1091,26162,11567,-12110,brushing
548901362,-63,-303,1091,21087,3517,-21980,brushing
548917257,-99,-386,989,21087,3517,-21980,brushing
548920636,-99,-386,989,11497,-31762,-43312,brushing
548934393,30,-83,867,11497,-31762,-43312,brushing
548939603,30,-83,867,-2432,-66605,-60602,brushing
548951529,174,-221,886,-2432,-66605,-60602,brushing
548958876,174,-221,886,-13037,-53007,-61022,brushing
548968666,222,-167,974,-13037,-53007,-61022,brushing
548978150,222,-167,974,-12407,5845,-49665,brushing
548986108,306,23,1096,-12407,5845,-49665,brushing
548997118,306,23,1096,-8382,35227,-32742,brushing
549003245,435,39,1051,-8382,35227,-32742,brushing
549016392,435,39,1051,-11655,12145,-20055,brushing
549020382,499,-65,1059,-11655,12145,-20055,brushing
549035665,499,-65,1059,-14665,-15015,-6737,brushing
549037517,573,-140,1062,-14665,-15015,-6737,brushing
549054939,495,-438,975,-13807,-35017,4812,brushing
549072068,368,-562,902,-13807,-35017,4812,brushing
549073920,368,-562,902,-11847,-48527,6055,brushing
549089205,391,-443,865,-11847,-48527,6055,brushing
549093195,391,-443,865,-6475,-35682,8382,brushing
549106648,357,-248,833,-6475,-35682,8382,brushing
549112469,357,-248,833,-542,-14630,16677,brushing
549123785,319,-106,823,-542,-14630,16677,brushing
549131437,319,-106,823,7175,8032,29977,brushing
549140921,290,-35,825,7175,8032,29977,brushing
549150712,290,-35,825,16625,33582,45167,brushing
549158059,197,-116,758,16625,33582,45167,brushing
549169984,197,-116,758,22697,47880,50715,brushing
549175500,91,-228,775,22697,47880,50715,brushing
549188953,91,-228,775,26845,57767,47145,brushing
549192637,44,-172,823,26845,57767,47145,brushing
549208227,44,-172,823,29960,64837,43382,brushing
549209774,13,-36,930,29960,64837,43382,brushing
549227196,-6,70,1029,32515,58572,40197,brushing
549244326,-62,-3,1094,32515,58572,40197,brushing
549246483,-62,-3,1094,34090,31167,32007,brushing
549261462,-95,-55,1125,34090,31167,32007,brushing
549265756,-95,-55,1125,35787,5740,20807,brushing
549278598,-136,-117,1094,35787,5740,20807,brushing
549285030,-136,-117,1094,33355,-13965,6877,brushing
549296041,-143,-134,1076,33355,-13965,6877,brushing
549304305,-143,-134,1076,26320,-21892,-5827,brushing
549313178,-103,-137,1123,26320,-21892,-5827,brushing
549323273,-103,-137,1123,19040,-16922,-16572,brushing
549330316,-80,-174,1101,19040,-16922,-16572,brushing
549342546,-80,-174,1101,13247,-10692,-28647,brushing
549347452,-61,-186,1038,13247,-10692,-28647,brushing
549361820,-61,-186,1038,5967,-16992,-44047,brushing
549364894,-30,-212,974,5967,-16992,-44047,brushing
549380789,-30,-212,974,-6685,-51222,-65940,brushing
549382031,15,-99,923,-6685,-51222,-65940,brushing
549399147,162,43,956,-6685,-51222,-65940,brushing
549400083,162,43,956,-18392,-72957,-76300,brushing
549416589,267,-147,1016,-18392,-72957,-76300,brushing
549419357,267,-147,1016,-18357,-37537,-71767,brushing
549433725,361,-17,968,-18357,-37537,-71767,brushing
549438325,361,-17,968,-13650,4847,-60130,brushing
549450862,484,-28,969,-13650,4847,-60130,brushing
549457598,484,-28,969,-14910,12757,-48755,brushing
549467999,606,-157,913,-14910,12757,-48755,brushing
549476872,606,-157,913,-21437,752,-36750,brushing
549485441,638,-314,923,-21437,752,-36750,brushing
549495840,638,-314,923,-26092,-9957,-26635,brushing
549502577,635,-419,923,-26092,-9957,-26635,brushing
549515114,635,-419,923,-25480,-7175,-16415,brushing
549519714,584,-518,869,-25480,-7175,-16415,brushing
549534388,584,-518,869,-25130,-5442,-10780,brushing
549537156,520,-447,902,-25130,-5442,-10780,brushing
549553663,520,-447,902,-19267,11847,787,brushing
549554293,486,-355,948,-19267,11847,787,brushing
549571408,409,-350,874,-19267,11847,787,brushing
549572650,409,-350,874,-10657,34475,14087,brushing
549588545,350,-355,936,-10657,34475,14087,brushing
549591923,350,-355,936,-612,67392,23222,brushing
549605987,317,-294,806,-612,67392,23222,brushing
549611198,317,-294,806,9240,113522,31797,brushing
549623124,131,-142,790,9240,113522,31797,brushing
549630166,131,-142,790,10902,129010,30450,brushing
549640261,109,270,931,10902,129010,30450,brushing
549649439,109,270,931,11865,129605,34667,brushing
549657702,15,556,999,11865,129605,34667,brushing
549668713,15,556,999,10797,95900,38255,brushing
549674839,-33,658,959,10797,95900,38255,brushing
549687681,-33,658,959,5635,53357,43732,brushing
549691975,-150,476,888,5635,53357,43732,brushing
549706954,-150,476,888,-3727,9677,35315,brushing
549709111,-306,73,937,-3727,9677,35315,brushing
549726227,-306,73,937,-11462,-23030,9257,brushing
549726857,-440,-345,918,-11462,-23030,9257,brushing
549743669,-418,-282,1062,-11462,-23030,9257,brushing
549745216,-418,-282,1062,-11620,-20037,-25130,brushing
549760806,-251,19,1133,-11620,-20037,-25130,brushing
549764491,-251,19,1133,-420,25830,-43802,brushing
549777944,-106,358,1156,-420,25830,-43802,brushing
549783765,-106,358,1156,9940,35175,-54057,brushing
549795386,54,450,1055,9940,35175,-54057,brushing
549803038,54,450,1055,12687,-332,-60025,brushing
549812523,46,149,980,12687,-332,-60025,brushing
549822006,46,149,980,7000,-50505,-72887,brushing
549829660,103,40,958,7000,-50505,-72887,brushing
549841281,103,40,958,1645,-68950,-82355,brushing
549847101,203,-81,991,1645,-68950,-82355,brushing
549860555,203,-81,991,-332,-57855,-84892,brushing
549864238,303,-81,997,-332,-57855,-84892,brushing
549879523,303,-81,997,-560,-29662,-76632,brushing
549881374,444,116,1066,-560,-29662,-76632,brushing
549898491,553,127,1107,-1137,-25515,-61145,brushing
549915925,664,108,991,-1137,-25515,-61145,brushing
549918083,664,108,991,-1417,-42700,-42980,brushing
549933062,705,-67,948,-1417,-42700,-42980,brushing
549937356,705,-67,948,-367,-39007,-18725,brushing
549950198,490,-401,808,-367,-39007,-18725,brushing
549956324,490,-401,808,-1697,-46760,-8505,brushing
549967640,456,-483,728,-1697,-46760,-8505,brushing
549975598,456,-483,728,122,-26407,-2327,brushing
549984778,445,-241,633,122,-26407,-2327,brushing
549994872,445,-241,633,1435,13702,8942,brushing
550001915,443,63,691,1435,13702,8942,brushing
550013841,443,63,691,3220,50837,30485,brushing
550019356,359,263,628,3220,50837,30485,brushing
550033114,359,263,628,1592,59745,47985,brushing
550036493,294,349,759,1592,59745,47985,brushing
550052388,294,349,759,3465,76667,67182,brushing
550053630,192,334,825,3465,76667,67182,brushing
550071052,35,281,967,3465,76667,67182,brushing
550071682,35,281,967,3867,78680,77910,brushing
550088189,-162,81,1090,3867,78680,77910,brushing
550090651,-162,81,1090,4497,61617,73412,brushing
550105325,-371,-149,1182,4497,61617,73412,brushing
550109925,-371,-149,1182,4865,20002,47862,brushing
550122463,-499,-322,1237,4865,20002,47862,brushing
550129199,-499,-322,1237,10885,-5267,11410,brushing
550139905,-325,101,1344,10885,-5267,11410,brushing
550148169,-325,101,1344,24132,16047,-9677,brushing
550157042,-99,427,1301,24132,16047,-9677,brushing
550167442,-99,427,1301,31517,7315,-20387,brushing
550174178,-3,452,1194,31517,7315,-20387,brushing
550186715,-3,452,1194,28437,-51887,-33530,brushing
550191619,45,183,983,28437,-51887,-33530,brushing
550205989,45,183,983,19302,-91630,-48177,brushing
550208756,97,-50,853,19302,-91630,-48177,brushing
550224956,97,-50,853,9030,-88095,-61670,brushing
550225892,104,-221,777,9030,-88095,-61670,brushing
550243314,210,-223,845,9030,-88095,-61670,brushing
550244250,210,-223,845,1645,-50487,-67865,brushing
550260451,308,117,912,1645,-50487,-67865,brushing
550263524,308,117,912,-1960,-5617,-65730,brushing
550277587,495,243,945,-1960,-5617,-65730,brushing
550282491,495,243,945,-6055,11725,-50837,brushing
550294723,576,244,969,-6055,11725,-50837,brushing
550301764,576,244,969,-10605,-4427,-34055,brushing
550312164,625,158,955,-10605,-4427,-34055,brushing
550321037,625,158,955,-10727,-9555,-12810,brushing
550329301,684,33,1018,-10727,-9555,-12810,brushing
550340311,684,33,1018,-7070,-5390,9502,brushing
550346437,468,-280,1033,-7070,-5390,9502,brushing
550359279,468,-280,1033,-3570,-25585,12512,brushing
550363878,305,-452,934,-3570,-25585,12512,brushing
550378553,305,-452,934,4865,-12495,12967,brushing
550381016,406,-233,870,4865,-12495,12967,brushing
550397826,406,-233,870,12740,20037,24132,brushing
550398456,424,125,833,12740,20037,24132,brushing
550415574,440,369,818,12740,20037,24132,brushing
550417121,440,369,818,17535,30397,42350,brushing
550432711,335,345,770,17535,30397,42350,brushing
550436090,335,345,770,18462,20947,60252,brushing
550449848,267,280,747,18462,20947,60252,brushing
550455363,267,280,747,18812,20440,72817,brushing
550466984,176,129,781,18812,20440,72817,brushing
550474637,176,129,781,19022,44817,81987,brushing
550484426,61,223,875,19022,44817,81987,brushing
550493606,61,223,875,14647,48720,82250,brushing
550501564,-16,213,974,14647,48720,82250,brushing
550512880,-16,213,974,11270,42927,75232,brushing
550518701,-197,-11,1118,11270,42927,75232,brushing
550532154,-197,-11,1118,8347,21280,51135,brushing
550536143,-381,-231,1194,8347,21280,51135,brushing
550551427,-381,-231,1194,9800,-6072,13475,brushing
550553279,-365,-103,1283,9800,-6072,13475,brushing
550570395,-170,230,1345,20037,6930,-7665,brushing
550587829,-47,417,1227,20037,6930,-7665,brushing
550589681,-47,417,1227,26162,-9817,-22487,brushing
550604966,77,352,1028,26162,-9817,-22487,brushing
550608955,77,352,1028,24237,-54985,-33740,brushing
550622103,151,65,854,24237,-54985,-33740,brushing
550628228,151,65,854,13860,-87867,-47092,brushing
550639543,163,-209,770,13860,-87867,-47092,brushing
550647196,163,-209,770,2712,-85925,-60602,brushing
550656680,155,-314,719,2712,-85925,-60602,brushing
550666470,155,-314,719,-3990,-39952,-68582,brushing
550673817,306,-167,832,-3990,-39952,-68582,brushing
550685744,306,-167,832,-5985,20702,-63700,brushing
550690953,478,204,890,-5985,20702,-63700,brushing
550704712,478,204,890,-9240,36172,-51187,brushing
550708395,595,309,910,-9240,36172,-51187,brushing
550723985,595,309,910,-11060,20825,-33792,brushing
550725532,677,295,971,-11060,20825,-33792,brushing
550742648,728,220,961,-11060,20825,-33792,brushing
550743278,728,220,961,-8312,15872,-7472,brushing
550760090,530,-49,980,-8312,15872,-7472,brushing
550762247,530,-49,980,-5757,6212,12827,brushing
550777226,386,-187,923,-5757,6212,12827,brushing
550781521,386,-187,923,-1347,-5897,19127,brushing
550794363,390,-138,929,-1347,-5897,19127,brushing
550800794,390,-138,929,6527,13107,27300,brushing
550811498,363,86,866,6527,13107,27300,brushing
550820067,363,86,866,13317,24990,35752,brushing
550828941,371,195,880,13317,24990,35752,brushing
550839036,371,195,880,19460,31570,47845,brushing
550846078,342,340,839,19460,31570,47845,brushing
550858311,342,340,839,21980,21315,58485,brushing
550863216,307,284,741,21980,21315,58485,brushing
550877584,307,284,741,24797,33110,70210,brushing
550880657,277,248,774,24797,33110,70210,brushing
550896552,277,248,774,23030,49892,76877,brushing
550897794,197,238,798,23030,49892,76877,brushing
550914911,111,230,834,23030,49892,76877,brushing
550915848,111,230,834,18200,48877,76685,brushing
550932049,-15,78,975,18200,48877,76685,brushing
550935123,-15,78,975,11007,36942,66745,brushing
550949491,-184,-77,1139,11007,36942,66745,brushing
550954396,-184,-77,1139,7927,19180,43067,brushing
550966627,-293,-120,1239,7927,19180,43067,brushing
550973363,-293,-120,1239,11690,7000,11742,brushing
550983762,-253,98,1265,11690,7000,11742,brushing
550992636,-253,98,1265,21560,5285,-13772,brushing
551001205,-119,290,1261,21560,5285,-13772,brushing
551011911,-119,290,1261,32427,3885,-28490,brushing
551018343,-22,403,1144,32427,3885,-28490,brushing
551031185,-22,403,1144,37572,-21717,-42192,brushing
551035480,72,352,925,37572,-21717,-42192,brushing
551050154,72,352,925,34492,-46882,-55422,brushing
551052922,122,150,795,34492,-46882,-55422,brushing
551069429,122,150,795,27335,-47810,-67235,brushing
551070059,172,43,720,27335,-47810,-67235,brushing
551087175,229,-54,655,27335,-47810,-67235,brushing
551088722,229,-54,655,17657,-35070,-78032,brushing
551104617,324,-33,741,17657,-35070,-78032,brushing
551107691,324,-33,741,12600,5722,-81130,brushing
551121754,432,212,773,12600,5722,-81130,brushing
551126963,432,212,773,8505,42665,-77402,brushing
551138890,515,282,886,8505,42665,-77402,brushing
551146237,515,282,886,6492,52185,-67392,brushing
551156332,618,343,959,6492,52185,-67392,brushing
551165510,618,343,959,5967,55037,-46882,brushing
551173469,757,421,935,5967,55037,-46882,brushing
551184480,757,421,935,4602,47250,-20807,brushing
551190606,823,293,1072,4602,47250,-20807,brushing
551203753,823,293,1072,1995,25112,1627,brushing
551208046,578,10,1015,1995,25112,1627,brushing
551223026,578,10,1015,3342,8995,13055,brushing
551225184,543,-72,983,3342,8995,13055,brushing
551242301,568,50,1003,8400,27510,27580,brushing
551259734,551,182,993,8400,27510,27580,brushing
551261282,551,182,993,14507,36085,42962,brushing
551276871,502,304,905,14507,36085,42962,brushing
551280555,502,304,905,19460,30187,57697,brushing
551294007,499,416,917,19460,30187,57697,brushing
551299828,499,416,917,24885,22925,76702,brushing
551311449,405,431,899,24885,22925,76702,brushing
551319101,405,431,899,31412,24010,91595,brushing
551328585,282,381,933,31412,24010,91595,brushing
551338375,282,381,933,37537,23852,102235,brushing
551345722,149,349,969,37537,23852,102235,brushing
551357342,149,349,969,41895,12372,101797,brushing
551363164,24,154,999,41895,12372,101797,brushing
551376616,24,154,999,43662,-2030,86992,brushing
551380301,-149,-81,992,43662,-2030,86992,brushing
551395889,-149,-81,992,42892,-28035,54110,brushing
551397436,-243,-161,972,42892,-28035,54110,brushing
551414858,-173,-10,896,47092,-22872,22522,brushing
551431987,19,291,915,47092,-22872,22522,brushing
551434144,19,291,915,54897,18690,6492,brushing
551449123,147,491,917,54897,18690,6492,brushing
551453418,147,491,917,58712,26915,-5110,brushing
551466566,207,401,866,58712,26915,-5110,brushing
551472691,207,401,866,57960,-3920,-19530,brushing
551483702,265,261,807,57960,-3920,-19530,brushing
551491659,265,261,807,53812,-31815,-37537,brushing
551500837,395,96,768,53812,-31815,-37537,brushing
551510932,395,96,768,48527,-38342,-52062,brushing
551517974,426,-50,721,48527,-38342,-52062,brushing
551530206,426,-50,721,44047,-30082,-65240,brushing
551535416,547,-35,683,44047,-30082,-65240,brushing
551549479,547,-35,683,41982,-70,-67427,brushing
551552553,723,214,670,41982,-70,-67427,brushing
551568447,723,214,670,39042,14665,-60882,brushing
551569689,885,363,679,39042,14665,-60882,brushing
551587111,1022,501,599,39042,14665,-60882,brushing
551587741,1022,501,599,34562,10377,-44940,brushing
551604247,1060,436,655,34562,10377,-44940,brushing
551607015,1060,436,655,27580,5652,-19617,brushing
551621385,1001,379,660,27580,5652,-19617,brushing
551626290,1001,379,660,22872,2310,5652,brushing
551638828,856,123,717,22872,2310,5652,brushing
551645260,856,123,717,21297,1067,21665,brushing
551655965,769,60,706,21297,1067,21665,brushing
551664533,769,60,706,24202,6982,29557,brushing
551673101,783,152,689,24202,6982,29557,brushing
551683806,783,152,689,29382,29855,40197,brushing
551690543,776,333,684,29382,29855,40197,brushing
551702775,776,333,684,32795,43207,52290,brushing
551707679,730,456,716,32795,43207,52290,brushing
551722048,730,456,716,35385,38342,62002,brushing
551724816,673,479,716,35385,38342,62002,brushing
551741322,673,479,716,38097,30520,68442,brushing
551742258,631,490,683,38097,30520,68442,brushing
551759375,603,530,726,38097,30520,68442,brushing
551760616,603,530,726,38902,33022,75127,brushing
551776512,498,455,681,38902,33022,75127,brushing
551779586,498,455,681,34265,25777,75022,brushing
551793649,431,298,768,34265,25777,75022,brushing
551798860,431,298,768,30292,20527,70455,brushing
551811091,349,249,808,30292,20527,70455,brushing
551818133,349,249,808,27545,14840,56525,brushing
551828227,262,172,913,27545,14840,56525,brushing
551837101,262,172,913,28612,2030,36522,brushing
551845364,157,81,929,28612,2030,36522,brushing
551856375,157,81,929,32060,-17657,7630,brushing
